Thana,District,Month,Year,Time,Junction_Type,Traffic_Control,Movement,Divider,Weather,Light,Road_Geometry,Surface_Condition,Surface_Type,Surface_Quality,Road_Class,Road_Feature,Location_Type,Vehicle_Type,Vehicle_Movement,Vehicle_Loading,Vehicle_Defect,Vehicle_Driver_Age,Vehicle_Alcohol,Vehicle_Seat_Belt,Accident_Severity
1,47,1,2001,4,2,2,2,2,1,2,1,1,1,1,2,1,2,6,6,1,1,32,2,2,0
4,47,1,2001,2,1,1,2,2,1,1,3,1,1,1,3,1,1,14,6,1,1,42,2,2,0
12,47,1,2001,3,1,1,2,2,1,1,1,1,1,1,1,1,2,9,6,1,1,25,2,2,1
1,39,1,2001,3,1,1,2,2,1,1,1,1,1,1,1,1,2,9,6,1,1,35,2,2,0
1,48,1,2001,2,1,1,2,2,1,1,1,1,1,1,3,1,2,14,6,1,1,33,2,2,0
6,48,1,2001,3,1,1,2,2,1,1,1,1,1,1,3,1,2,14,6,1,1,33,2,2,0
7,50,1,2001,4,1,1,2,2,4,4,1,1,1,1,2,1,2,12,6,1,1,26,2,2,1
9,50,1,2001,3,1,1,2,2,1,1,1,1,1,1,3,1,2,14,6,1,1,33,2,2,1
11,50,1,2001,2,1,1,2,2,1,1,1,1,1,1,2,1,2,14,6,1,1,33,2,2,0
11,50,1,2001,4,1,1,2,2,1,4,1,1,1,1,2,1,2,14,6,1,1,33,2,2,1
13,50,1,2001,2,1,1,2,2,1,1,1,1,1,1,2,1,1,9,6,1,1,33,2,2,1
9,52,1,2001,3,1,1,2,2,1,1,1,1,1,1,3,1,2,9,6,1,1,33,2,2,0
2,46,1,2001,4,1,1,2,2,1,2,1,1,1,1,1,1,2,9,6,1,1,33,2,2,0
5,46,1,2001,2,1,1,2,2,1,1,1,1,1,1,1,1,2,8,6,1,1,33,2,2,0
1,35,1,2001,2,1,1,2,2,1,1,1,1,1,1,2,1,2,14,6,1,1,33,2,2,1
2,35,1,2001,3,1,1,2,2,1,1,1,1,1,1,2,1,2,9,6,1,1,33,2,2,0
5,44,1,2001,2,1,1,2,2,1,1,1,1,1,1,1,1,2,14,6,1,1,40,2,2,0
1,45,1,2001,2,1,1,2,2,1,1,1,1,1,1,1,1,2,14,6,1,1,33,2,2,0
1,48,1,2001,1,1,1,2,2,4,2,1,1,1,1,1,1,2,10,6,1,1,25,2,2,0
1,50,2,2001,2,1,1,2,2,1,1,1,1,1,1,1,1,1,6,6,1,1,33,2,2,2
11,50,1,2001,2,1,1,2,2,1,1,1,1,1,1,2,1,2,14,6,1,1,33,2,2,0
1,35,2,2001,2,1,1,2,2,1,1,2,1,1,1,2,1,2,9,6,1,1,33,2,2,3
2,35,2,2001,3,1,1,2,2,1,1,1,1,1,1,3,1,2,9,6,1,1,24,2,2,1
7,38,2,2001,2,1,1,2,2,1,1,1,1,1,1,3,1,2,6,6,1,1,33,2,2,1
1,48,3,2001,3,1,1,2,2,1,1,1,1,1,1,1,1,2,6,6,1,1,25,2,2,3
1,35,3,2001,2,1,1,2,2,1,1,1,1,1,1,3,1,2,10,6,1,1,33,2,2,3
1,35,3,2001,3,1,1,2,2,1,1,1,1,1,1,2,1,2,14,6,1,1,39,2,2,1
1,47,3,2001,3,1,1,2,2,1,1,1,1,1,1,1,1,1,14,6,1,1,40,2,2,1
2,47,3,2001,2,1,1,2,2,1,1,1,1,1,1,3,1,2,14,6,1,1,33,2,2,0
2,45,3,2001,2,1,1,2,2,1,1,1,1,1,1,1,1,2,12,6,1,1,33,2,2,0
4,44,2,2001,1,1,1,2,2,1,4,2,1,1,2,3,1,2,14,6,1,1,30,2,2,0
6,51,3,2001,4,1,1,2,2,1,2,1,1,1,1,3,1,2,6,6,1,1,25,2,2,0
1,40,4,2001,4,1,1,2,2,1,4,2,1,1,1,1,1,2,14,10,1,1,33,2,2,0
1,36,4,2001,4,1,1,2,2,1,4,1,1,1,1,3,1,2,4,6,1,1,33,2,2,1
5,41,2,2001,2,1,1,2,2,1,1,1,1,1,1,1,1,2,9,6,1,1,33,2,2,0
5,41,3,2001,1,1,1,2,2,1,4,1,1,1,1,1,1,2,7,6,1,1,33,2,2,2
1,47,4,2001,3,1,1,2,2,1,1,1,1,1,1,1,1,1,9,6,1,1,40,2,2,1
9,47,4,2001,3,1,2,2,2,1,1,1,1,1,1,1,1,2,9,6,1,1,33,2,2,1
12,47,4,2001,2,1,1,2,2,1,2,1,1,1,1,1,1,2,14,6,1,1,33,2,2,3
1,51,3,2001,2,1,1,2,2,1,1,1,1,1,1,2,1,2,9,6,1,1,33,2,2,0
4,51,4,2001,3,1,1,2,2,1,1,3,1,2,2,1,1,2,14,6,1,1,33,2,2,1
8,51,3,2001,1,1,2,2,1,1,4,1,1,1,1,2,1,2,14,6,1,1,33,2,2,1
3,45,4,2001,4,1,1,2,2,1,4,1,1,1,1,3,1,2,6,6,1,1,33,2,2,1
1,35,4,2001,3,1,1,2,2,1,2,1,1,1,1,2,1,2,9,6,1,1,33,2,2,0
6,40,5,2001,2,1,1,2,2,1,1,1,1,1,1,1,1,2,12,6,1,1,33,2,2,2
6,40,5,2001,3,1,1,2,2,1,1,1,1,1,1,1,1,2,14,6,1,1,33,2,2,0
7,40,5,2001,3,1,1,2,2,1,1,2,1,1,2,3,1,2,14,6,1,1,33,2,2,0
1,44,3,2001,3,1,1,2,2,1,1,2,1,1,1,2,1,1,14,6,1,1,33,2,2,0
6,44,3,2001,3,1,1,2,2,1,1,1,1,1,1,1,1,2,5,5,1,1,33,2,2,2
1,50,5,2001,4,1,1,2,2,1,3,1,1,1,1,1,1,2,9,6,1,1,33,2,2,0
1,47,5,2001,3,1,1,2,2,1,1,1,1,1,1,1,1,2,10,6,1,1,33,2,2,0
7,47,5,2001,2,1,1,2,2,1,1,1,1,1,1,1,1,1,12,6,1,1,33,2,2,1
9,47,5,2001,1,1,1,2,2,1,4,1,1,1,1,1,1,2,9,6,1,1,33,2,2,0
3,39,5,2001,3,1,1,2,2,1,1,1,1,1,1,1,1,2,9,6,1,1,33,2,2,0
2,43,5,2001,1,1,1,2,2,2,2,1,1,1,1,1,1,2,12,6,1,1,25,2,2,0
5,37,5,2001,2,1,1,2,2,1,1,1,1,1,1,3,1,2,14,6,1,1,33,2,2,0
1,45,5,2001,4,1,1,2,2,1,2,1,1,1,1,1,1,2,9,6,1,1,33,2,2,0
3,36,5,2001,3,1,1,2,2,1,1,1,1,1,1,3,1,2,7,6,1,1,21,2,2,0
1,38,5,2001,2,1,1,2,2,1,1,1,1,1,1,1,1,2,9,6,1,1,40,2,2,1
5,38,2,2001,2,1,1,2,2,1,1,2,1,2,1,3,1,2,4,6,1,1,33,2,2,0
6,38,5,2001,1,1,1,2,2,1,4,2,1,1,1,1,1,2,10,10,1,1,30,2,2,0
1,38,6,2001,4,1,1,2,2,1,2,1,1,1,1,3,1,2,6,6,1,1,28,2,2,1
1,50,7,2001,2,1,1,2,2,1,1,1,1,1,1,1,1,1,14,5,1,1,33,2,2,1
10,50,7,2001,4,1,1,2,2,1,3,1,1,1,1,1,1,2,6,6,1,1,33,2,2,0
1,40,8,2001,3,1,1,2,2,1,1,2,1,1,1,3,1,2,5,6,1,1,33,2,2,0
3,40,8,2001,2,1,1,2,2,1,1,1,1,1,1,1,1,2,9,6,1,1,33,2,2,0
3,40,8,2001,3,1,1,2,2,1,1,1,1,1,1,1,1,2,9,6,1,1,33,2,2,0
1,45,6,2001,4,1,1,2,2,1,4,1,1,1,1,3,1,1,8,6,1,1,33,2,2,0
2,45,6,2001,2,1,1,2,2,1,1,1,1,1,1,1,1,2,14,6,1,1,40,2,2,1
6,45,6,2001,2,1,1,2,2,2,1,1,2,1,1,1,1,2,9,6,1,1,33,2,2,1
1,35,5,2001,2,1,1,2,2,1,2,2,1,1,1,2,1,2,14,6,1,1,25,2,2,1
1,35,5,2001,2,1,1,2,2,1,1,1,1,1,1,2,1,2,7,6,1,1,33,2,2,1
2,35,5,2001,3,1,1,2,2,1,1,1,1,1,1,3,1,2,14,6,1,1,33,2,2,0
4,35,5,2001,2,1,1,2,2,2,1,1,2,1,1,1,2,2,9,6,1,1,33,2,2,3
1,35,6,2001,3,1,1,2,2,1,1,1,1,1,1,2,1,2,9,6,1,1,33,2,2,0
1,39,7,2001,2,1,1,2,2,1,1,1,1,1,1,1,1,2,9,6,1,1,33,2,2,0
1,47,7,2001,2,1,1,2,2,1,1,1,1,1,1,1,3,2,14,6,1,1,33,2,2,0
8,47,7,2001,3,1,1,2,2,1,1,1,1,1,1,3,1,2,10,6,1,1,33,2,2,1
8,47,7,2001,2,1,1,2,2,1,1,1,1,1,1,1,1,2,14,6,1,1,33,2,2,1
9,47,7,2001,2,1,1,2,2,1,1,1,1,1,1,1,1,1,13,6,1,1,33,2,2,0
12,50,8,2001,4,1,1,2,2,1,4,1,1,1,1,1,1,1,14,6,1,1,45,2,2,0
1,43,8,2001,4,1,1,2,2,1,4,1,1,1,1,3,1,2,14,6,1,1,33,2,2,0
5,47,8,2001,3,1,1,2,2,1,2,1,1,1,1,1,1,2,9,6,1,1,33,2,2,1
5,47,8,2001,3,1,1,2,2,1,1,1,1,1,1,1,1,2,9,6,1,1,32,2,2,1
2,45,7,2001,4,1,1,2,2,1,2,1,1,1,1,3,1,2,14,6,1,1,33,2,2,1
1,35,8,2001,2,1,1,2,2,1,1,1,1,1,1,2,1,1,8,6,1,1,33,2,2,2
4,35,9,2001,4,1,1,2,2,1,4,1,1,1,1,1,1,2,14,6,1,1,33,2,2,2
5,41,4,2001,1,1,1,2,1,1,4,1,1,1,1,2,1,1,14,6,1,1,33,2,2,0
2,35,10,2001,2,1,1,2,2,1,1,1,1,1,1,3,1,2,14,6,1,1,33,2,2,0
1,38,10,2001,3,1,1,2,2,1,1,1,1,1,1,1,1,2,9,6,1,1,33,2,2,0
1,45,10,2001,3,1,1,2,2,1,1,1,1,1,1,2,1,2,8,6,1,1,25,2,2,0
2,36,10,2001,3,1,1,2,2,1,1,1,1,1,1,1,1,2,7,6,1,1,33,2,2,1
1,38,11,2001,3,1,1,2,2,1,1,1,1,1,1,1,1,2,9,6,1,1,33,2,2,0
1,45,11,2001,2,1,1,2,2,1,1,1,1,1,1,1,1,2,9,6,1,1,33,2,2,1
6,45,11,2001,3,1,1,2,2,1,1,1,1,1,1,1,1,2,8,6,1,1,33,2,2,0
8,47,11,2001,2,1,1,2,2,1,1,1,1,1,1,1,1,2,14,6,1,1,33,2,2,0
8,47,11,2001,3,1,1,2,2,1,2,1,1,1,1,1,1,2,9,6,1,1,33,2,2,0
9,47,11,2001,3,1,1,2,2,1,1,1,1,1,1,1,1,2,9,6,1,1,33,2,2,0
1,38,12,2001,4,1,1,2,2,1,4,1,1,1,1,1,1,2,9,6,1,1,45,2,2,0
1,38,12,2001,3,1,1,2,2,1,1,1,1,1,1,1,1,2,9,6,1,1,33,2,2,0
3,38,12,2001,2,1,1,2,2,4,1,1,1,1,1,3,1,2,9,6,1,1,35,2,2,0
6,38,12,2001,3,1,1,2,2,1,1,1,1,1,1,1,1,2,14,6,1,1,33,2,2,1
1,36,12,2001,2,1,1,2,2,1,1,1,1,1,1,3,1,2,9,6,1,1,33,2,2,0
4,36,12,2001,2,1,1,2,2,1,1,2,1,1,1,1,1,2,14,6,1,1,33,2,2,0
3,39,11,2001,3,1,1,2,2,1,1,1,1,1,1,1,1,2,9,6,1,1,33,2,2,0
3,39,11,2001,4,1,1,2,2,1,4,1,1,1,1,1,1,2,9,6,1,1,33,2,2,0
4,35,10,2001,3,1,1,2,2,1,2,1,1,1,1,2,1,2,9,6,1,1,33,2,2,0
1,35,12,2001,3,1,1,2,2,1,1,1,1,1,1,2,1,2,9,6,1,1,27,2,2,0
1,49,6,2001,4,1,1,2,2,1,2,1,1,1,1,2,1,2,6,6,1,1,33,2,2,0
2,49,7,2001,3,1,1,2,2,1,1,1,1,1,1,3,1,2,14,6,1,1,33,2,2,0
3,40,11,2001,3,1,1,2,2,1,1,1,1,1,1,1,1,2,9,6,1,1,33,2,2,1
3,40,10,2001,4,1,1,2,2,1,4,2,1,1,1,1,1,2,14,6,1,1,33,2,2,1
6,40,12,2001,2,1,1,2,2,1,2,1,1,1,1,1,1,2,9,6,1,1,33,2,2,1
1,52,12,2001,3,1,1,2,2,1,2,1,1,1,1,3,1,2,9,6,1,1,33,2,2,0
1,50,10,2001,2,1,1,2,2,1,1,1,1,1,1,1,1,1,8,6,1,1,33,2,2,0
1,50,11,2001,3,1,1,2,2,1,1,1,1,1,1,1,1,1,9,6,1,1,33,2,2,0
1,50,11,2001,2,1,1,2,2,1,1,1,1,1,1,1,1,1,14,6,1,1,33,2,2,1
9,50,11,2001,2,1,1,2,2,1,1,1,1,1,1,3,1,2,19,6,1,1,33,2,2,3
1,50,12,2001,4,1,1,2,2,1,3,1,1,1,1,1,1,2,7,6,1,1,33,2,2,0
1,50,12,2001,3,1,1,2,2,1,1,1,1,1,1,1,1,2,8,6,1,1,24,2,2,0
4,45,12,2001,2,1,1,2,2,1,1,1,1,1,1,3,1,2,8,6,1,1,33,2,2,1
3,46,5,2001,2,1,1,2,2,1,1,1,1,1,1,3,1,2,14,6,1,1,33,2,2,0
5,46,3,2001,2,1,1,2,2,1,1,1,1,1,1,1,1,2,9,6,1,1,33,2,2,0
5,46,10,2001,3,1,1,2,2,1,1,1,1,1,1,1,1,2,7,6,1,1,33,2,2,2
6,47,12,2001,3,1,1,2,2,1,1,1,1,1,1,3,1,2,9,6,1,1,33,2,2,0
7,47,12,2001,2,1,1,2,2,1,1,1,1,1,1,1,1,2,8,6,1,1,33,2,2,0
12,47,12,2001,2,1,1,2,2,1,2,1,1,1,1,1,1,1,12,6,1,1,33,2,2,0
4,51,12,2001,3,1,1,2,2,1,1,3,1,1,2,2,1,2,14,6,1,1,33,2,2,2
7,51,6,2001,2,1,1,2,2,1,1,1,1,1,1,3,1,2,14,6,1,1,33,2,2,1
9,51,5,2001,4,1,1,2,2,1,4,1,1,1,1,3,1,2,14,6,1,1,33,2,2,0
2,44,4,2001,3,1,1,2,2,1,1,1,1,1,1,1,1,2,7,6,1,1,33,2,2,1
4,44,5,2001,2,1,1,2,2,1,2,1,1,1,1,2,1,2,14,6,1,1,33,2,2,0
7,44,4,2001,3,1,1,2,2,1,2,1,1,1,1,3,1,2,14,6,1,1,33,2,2,0
21,42,1,2001,3,1,1,2,1,1,1,1,1,1,1,5,1,1,14,6,1,2,33,2,2,0
21,42,2,2001,4,3,1,2,2,1,3,1,1,1,1,5,1,1,14,6,1,1,33,2,2,0
3,42,1,2001,2,1,1,2,1,1,1,1,1,1,1,5,1,1,6,6,1,1,33,2,2,0
4,42,1,2001,2,1,1,1,2,1,1,1,1,1,1,5,1,1,14,6,1,2,33,1,2,0
4,42,2,2001,3,1,1,2,1,1,1,1,1,1,1,5,1,1,9,6,1,2,33,2,2,0
14,42,1,2001,4,2,4,2,1,1,3,1,1,1,1,5,1,1,14,6,1,2,33,1,2,0
9,42,1,2001,3,5,6,2,1,1,1,1,1,1,1,5,1,1,5,6,1,2,33,2,2,1
9,42,2,2001,4,1,1,2,2,1,3,1,1,1,1,5,1,1,10,6,1,1,40,2,2,1
16,42,3,2001,4,2,5,1,1,1,3,1,1,1,1,5,1,1,14,6,1,2,33,2,2,1
18,42,1,2001,3,1,1,2,1,1,1,1,1,1,1,5,1,1,7,6,1,2,33,1,2,1
18,42,3,2001,2,1,2,1,1,1,1,1,1,1,1,5,1,1,14,6,1,1,35,2,2,1
18,42,3,2001,4,6,4,2,1,1,3,1,1,1,1,5,1,1,7,6,1,2,25,2,2,1
21,42,3,2001,4,1,1,2,2,1,3,1,1,1,1,5,1,1,8,6,2,2,33,2,2,1
21,42,3,2001,3,1,4,2,1,1,2,1,1,1,1,5,1,1,14,6,1,2,33,2,2,0
21,42,3,2001,2,1,1,2,1,1,1,1,1,1,1,5,1,1,9,6,1,2,33,2,2,0
21,42,4,2001,2,1,1,2,1,1,1,1,1,1,1,5,1,1,14,6,1,2,33,2,2,0
14,42,2,2001,3,3,4,2,1,1,1,1,1,1,1,5,1,1,9,6,1,1,23,2,2,0
14,42,3,2001,4,3,4,2,1,1,3,1,1,1,1,5,1,1,14,6,1,2,33,2,2,1
14,42,3,2001,2,1,2,2,1,1,1,1,1,1,1,5,1,1,9,6,1,2,33,2,2,1
2,42,4,2001,3,1,1,1,1,1,1,1,1,1,1,5,1,1,4,6,1,1,33,1,0,1
6,42,1,2001,3,1,1,2,2,1,1,1,1,1,1,5,1,1,9,6,1,2,33,1,2,0
6,42,1,2001,2,1,1,1,1,1,1,1,1,1,1,5,1,1,9,6,1,2,33,1,2,0
9,42,3,2001,3,1,1,2,1,1,2,1,1,1,1,5,1,1,8,6,1,2,33,1,2,0
15,42,1,2001,2,1,1,1,1,1,1,1,1,1,1,5,1,1,8,6,1,1,33,2,2,0
10,42,1,2001,4,1,1,2,1,1,3,1,1,1,1,5,1,1,14,6,1,1,33,2,2,0
10,42,1,2001,3,3,8,2,1,1,1,1,1,1,1,5,1,1,6,6,2,2,25,2,2,1
3,42,5,2001,1,1,1,2,1,1,3,1,1,1,1,5,1,1,6,5,1,1,33,2,2,3
12,42,3,2001,3,1,1,2,1,1,1,1,1,1,1,5,1,1,16,6,1,2,33,2,2,0
12,42,4,2001,2,3,4,2,2,1,2,1,1,1,1,5,1,1,14,6,1,2,35,2,2,0
12,42,4,2001,3,3,1,2,2,1,1,1,1,1,1,5,1,1,7,6,1,2,33,1,0,1
16,42,4,2001,2,2,4,2,1,1,1,1,1,1,1,5,1,1,9,6,1,7,33,2,2,0
16,42,4,2001,3,3,5,2,1,1,1,1,1,1,1,5,1,1,6,6,1,1,33,1,2,0
11,42,3,2001,2,1,1,2,1,1,1,1,1,1,1,5,1,1,9,6,1,2,33,2,2,1
11,42,4,2001,2,1,1,2,1,1,2,1,1,1,1,5,1,1,14,6,1,2,33,2,2,0
16,42,6,2001,4,7,5,2,1,1,3,1,1,1,1,5,1,1,10,6,1,1,33,1,2,1
16,42,6,2001,1,1,5,2,1,1,3,1,1,1,1,5,1,1,9,6,1,7,33,1,2,1
21,42,6,2001,2,1,1,2,1,1,1,1,1,1,1,5,1,1,14,6,1,2,33,1,2,0
1,42,3,2001,2,1,1,2,1,1,1,1,1,1,1,5,1,1,8,6,1,1,33,2,2,0
1,42,4,2001,2,3,6,2,1,1,2,1,1,1,1,5,1,1,19,6,1,2,33,2,2,0
1,42,5,2001,2,6,4,2,1,1,1,1,1,1,1,5,1,1,16,1,1,1,33,2,2,1
5,42,6,2001,4,1,1,2,2,1,3,1,1,1,1,5,1,1,14,7,1,1,33,2,2,1
5,42,6,2001,4,3,4,2,2,1,3,1,1,1,1,5,1,1,14,6,1,2,25,2,2,1
1,42,6,2001,2,2,6,2,1,1,1,1,1,1,1,5,1,1,14,6,2,7,33,2,2,1
14,42,5,2001,2,3,4,2,1,1,1,1,1,1,1,5,1,1,14,6,1,2,33,1,0,0
14,42,6,2001,4,1,1,2,1,1,3,1,1,1,1,5,1,1,14,6,2,7,28,1,2,0
14,42,7,2001,1,3,1,2,1,1,3,1,1,1,1,5,1,1,9,6,2,7,33,1,2,0
12,42,5,2001,4,1,1,2,1,1,3,1,1,1,1,5,1,1,14,6,1,2,33,1,0,0
12,42,7,2001,2,6,4,2,1,1,1,1,1,1,1,5,1,1,9,6,2,7,33,1,2,0
12,42,8,2001,2,1,1,2,1,1,2,1,1,1,1,5,1,1,19,6,1,2,33,1,2,0
17,42,2,2001,3,2,1,2,1,1,2,1,1,1,1,5,1,1,5,6,1,7,33,1,2,1
17,42,7,2001,1,1,1,2,1,1,2,1,1,1,1,5,1,1,8,6,1,2,33,1,2,1
6,42,3,2001,2,1,1,2,1,1,1,1,1,1,1,5,1,1,14,6,1,2,33,1,2,1
6,42,4,2001,4,1,1,2,2,1,4,1,1,1,1,5,1,1,14,6,1,2,33,1,2,0
6,42,5,2001,5,1,1,2,2,1,1,1,1,1,1,5,1,1,2,6,1,2,33,1,2,0
6,42,6,2001,4,1,1,2,1,1,3,1,1,1,1,5,1,1,14,6,1,2,33,2,2,0
16,42,9,2001,3,2,5,2,1,1,1,1,1,1,1,5,1,1,16,6,1,2,33,1,0,0
16,42,10,2001,2,7,5,2,1,1,2,1,1,1,1,5,1,1,19,6,1,2,33,1,2,1
2,42,5,2001,1,2,4,2,1,1,2,1,1,1,1,5,1,1,14,6,1,7,33,1,2,1
2,42,7,2001,2,1,1,2,1,1,1,1,1,1,1,5,1,1,6,6,1,7,20,2,2,1
2,42,7,2001,4,1,1,2,1,1,2,1,1,1,1,5,1,1,9,6,1,7,33,1,2,0
21,42,7,2001,1,1,1,2,2,1,4,1,1,1,1,5,1,1,14,6,1,2,33,1,2,1
21,42,8,2001,2,1,1,2,2,1,1,1,1,1,1,5,1,1,8,6,2,2,33,2,2,0
21,42,9,2001,4,1,1,2,2,1,3,1,1,1,1,5,1,1,14,6,2,7,33,1,2,1
21,42,9,2001,1,1,1,2,2,1,2,1,1,1,1,5,1,1,14,6,1,7,33,1,2,1
9,42,10,2001,1,1,1,2,1,1,2,1,1,1,1,5,1,1,14,6,1,2,33,1,2,0
14,42,8,2001,2,3,1,2,1,1,1,1,1,1,1,5,1,1,13,6,1,2,33,1,2,0
14,42,8,2001,1,1,1,2,1,1,3,1,1,1,1,5,1,1,14,6,1,2,35,1,2,1
14,42,8,2001,2,3,4,2,1,1,1,1,1,1,1,5,1,1,9,6,1,2,33,1,0,1
14,42,8,2001,3,3,4,2,1,1,1,2,1,1,1,5,1,1,10,6,1,2,33,2,2,1
14,42,9,2001,4,1,4,2,1,1,2,1,1,1,1,5,1,1,14,6,1,2,33,1,2,1
1,42,9,2001,3,1,1,2,1,1,1,1,1,1,1,5,1,1,10,6,1,2,33,1,2,1
5,42,11,2001,2,1,1,2,2,1,1,1,1,1,1,5,1,1,14,6,1,7,33,2,2,0
21,42,12,2001,2,1,1,2,2,1,1,1,1,1,1,5,1,1,14,6,1,2,33,1,2,1
10,42,5,2001,4,1,1,2,1,1,1,1,1,1,1,5,1,1,14,6,1,2,33,1,2,1
10,42,8,2001,3,3,6,2,1,1,1,1,1,1,1,5,1,1,8,6,1,2,33,2,2,0
10,42,9,2001,4,1,1,2,1,1,3,1,1,1,1,5,1,1,10,6,1,2,33,1,2,1
7,42,7,2001,2,1,1,2,1,1,1,1,1,1,1,5,1,1,6,6,2,1,33,2,2,1
17,42,9,2001,1,1,1,2,1,1,3,1,1,1,1,5,1,1,7,6,1,2,33,2,2,0
17,42,11,2001,2,1,1,2,2,1,1,1,1,1,1,5,1,1,10,6,1,1,33,2,2,0
17,42,12,2001,4,1,1,2,1,1,3,1,1,1,1,5,1,1,9,6,1,2,33,2,2,1
11,42,6,2001,1,1,1,2,1,1,3,1,1,1,1,5,1,1,14,6,1,1,33,1,2,1
11,42,6,2001,2,3,2,2,1,1,1,1,1,1,1,5,1,1,8,6,1,2,30,2,2,0
11,42,7,2001,3,5,6,2,1,1,1,1,1,1,1,5,1,1,8,6,1,1,33,1,2,0
11,42,7,2001,2,1,1,2,1,1,1,1,1,1,1,5,1,1,7,6,1,2,33,1,2,0
11,42,9,2001,3,1,1,2,1,1,1,1,1,1,1,5,1,1,6,6,1,2,33,2,2,1
11,42,9,2001,2,1,1,2,1,1,1,1,1,1,1,5,1,1,19,6,1,2,33,1,2,1
11,42,10,2001,2,1,1,2,1,1,2,1,1,1,1,5,1,1,14,6,1,1,33,2,2,0
11,42,11,2001,2,1,1,2,1,1,1,1,1,1,1,5,1,1,14,6,1,2,33,1,2,1
22,42,8,2001,3,1,5,2,1,1,1,1,1,1,1,5,1,1,10,6,1,1,33,1,0,0
22,42,8,2001,4,1,5,1,1,1,3,1,1,1,1,5,1,1,14,6,1,2,33,1,0,0
15,42,5,2001,3,1,1,2,1,1,1,1,1,1,1,5,1,1,8,6,1,7,28,1,2,0
4,42,6,2001,2,2,8,2,1,1,2,1,1,1,1,5,1,1,8,6,1,2,33,1,2,1
4,42,7,2001,2,1,1,2,1,1,1,1,1,1,1,5,1,1,9,6,2,2,33,2,2,0
4,42,8,2001,3,1,8,1,1,1,1,1,1,1,1,5,1,1,9,6,2,2,35,2,2,1
4,42,9,2001,2,1,1,2,1,1,1,1,1,1,1,5,1,1,9,6,1,2,33,1,2,1
4,42,10,2001,1,1,1,2,2,1,3,1,1,1,1,5,1,1,14,6,2,2,33,2,2,0
1,54,1,2001,2,1,3,2,2,1,1,1,1,1,1,3,1,2,9,6,1,1,30,2,2,0
5,54,1,2001,3,1,1,2,2,1,1,1,1,3,1,4,1,2,19,4,1,1,33,2,2,0
2,54,1,2001,3,1,1,2,2,1,1,1,1,1,1,1,1,2,8,6,1,1,38,2,2,1
7,54,1,2001,3,1,1,2,2,1,1,1,1,1,1,3,1,2,7,6,1,1,25,2,2,3
3,54,1,2001,3,1,1,2,2,1,1,1,1,1,1,3,1,2,8,6,1,2,33,2,2,3
8,56,2,2001,4,7,1,2,2,1,4,2,1,1,1,4,1,2,17,4,1,7,33,1,0,0
6,55,1,2001,3,3,1,2,2,1,1,1,1,1,1,3,1,2,4,6,1,2,33,1,2,0
9,54,2,2001,2,1,8,2,2,1,2,1,1,1,1,1,1,2,14,6,1,1,33,1,0,0
1,55,3,2001,2,1,4,2,2,1,1,1,1,1,1,5,1,1,7,6,1,1,27,2,2,3
1,55,3,2001,3,1,1,2,2,1,1,1,1,1,1,1,1,1,14,6,1,1,35,2,2,1
8,54,3,2001,2,1,1,2,2,1,1,1,1,3,1,4,1,1,19,6,1,2,33,2,2,0
1,56,4,2001,2,3,1,2,2,1,1,2,1,1,1,5,1,1,17,1,1,1,35,2,2,1
1,55,4,2001,1,2,1,2,2,1,3,1,1,1,1,5,1,1,13,1,1,1,35,1,2,0
1,54,4,2001,3,1,1,2,2,1,1,3,1,1,1,5,1,1,14,5,1,2,33,2,2,0
3,53,5,2001,4,7,1,2,2,1,2,1,1,1,1,4,1,2,13,6,1,1,33,1,0,1
8,56,6,2001,2,3,1,2,2,1,1,3,1,1,1,4,1,2,13,6,1,1,32,2,2,0
9,54,6,2001,2,1,1,2,2,1,1,2,1,1,1,1,3,2,14,5,1,2,33,1,2,0
13,54,6,2001,3,1,1,2,2,2,1,2,2,1,1,3,1,2,14,6,1,1,33,2,2,1
12,54,7,2001,2,1,1,2,2,1,1,1,1,1,2,1,1,1,8,5,1,1,35,2,2,0
2,55,7,2001,3,7,8,1,2,1,1,3,1,1,1,4,1,1,13,11,1,1,35,2,2,0
1,55,8,2001,2,1,1,2,2,1,1,2,1,1,2,1,1,1,8,6,1,7,30,2,2,0
1,54,8,2001,2,3,1,2,2,1,1,1,1,1,1,1,1,2,13,6,1,1,28,2,2,1
6,54,8,2001,3,1,1,2,2,1,1,1,1,1,1,3,1,2,9,6,1,2,33,1,0,1
12,54,8,2001,2,1,1,2,2,1,1,1,1,1,1,3,1,2,8,5,1,2,33,1,0,0
6,55,9,2001,3,1,1,2,2,1,1,1,1,1,1,4,2,2,14,6,1,1,33,2,2,0
1,54,9,2001,3,1,1,2,2,1,1,1,1,1,1,1,1,1,14,6,1,2,33,1,0,0
12,54,9,2001,3,1,1,2,2,1,1,1,1,1,1,3,1,2,8,6,1,1,30,2,2,3
1,54,10,2001,1,1,1,2,2,1,1,5,1,1,1,4,1,2,6,6,1,2,35,2,2,1
5,54,10,2001,2,3,1,2,2,1,1,3,1,1,1,4,4,2,13,7,1,2,33,1,0,1
3,53,11,2001,3,7,1,2,2,1,1,1,1,1,1,2,1,2,6,9,2,6,30,1,0,1