Thana,District,Month,Year,Time,Junction_Type,Traffic_Control,Movement,Divider,Weather,Light,Road_Geometry,Surface_Condition,Surface_Type,Surface_Quality,Road_Class,Road_Feature,Location_Type,Vehicle_Type,Vehicle_Movement,Vehicle_Loading,Vehicle_Defect,Vehicle_Driver_Age,Vehicle_Alcohol,Vehicle_Seat_Belt,Accident_Severity
1,63,12,2001,2,1,1,2,2,1,1,1,1,1,1,2,1,2,11,6,1,1,33,2,2,2
6,63,10,2001,3,1,1,2,2,1,1,1,1,1,1,2,1,2,9,6,1,1,33,2,2,0
1,57,10,2001,2,1,2,2,2,1,1,1,1,1,1,2,1,2,11,6,1,1,35,2,2,0
8,57,11,2001,4,1,1,2,2,1,4,1,1,1,1,2,1,2,14,6,1,1,33,2,2,0
7,64,10,2001,3,1,4,2,2,1,1,1,1,1,1,5,1,1,19,11,1,1,33,2,2,2
5,64,2,2001,3,1,1,2,2,1,1,1,1,1,1,5,1,1,14,6,1,1,43,2,2,0
5,64,3,2001,4,1,1,2,2,1,1,1,1,1,1,5,1,1,14,6,1,1,49,2,2,1
5,64,3,2001,2,1,1,2,2,1,1,1,1,1,1,5,1,1,9,6,1,1,33,2,2,0
5,64,10,2001,4,1,1,2,2,1,3,1,1,1,1,5,1,1,14,6,1,1,33,2,2,0
5,64,12,2001,3,1,1,2,2,1,1,1,1,1,1,5,1,1,7,9,1,1,33,2,2,3
11,64,5,2001,3,1,1,2,2,1,1,1,2,1,1,5,1,1,5,6,1,1,21,2,2,0
1,47,1,2001,3,1,1,2,2,4,2,1,1,1,1,1,1,2,8,6,1,1,34,2,2,1
9,51,1,2001,2,1,1,2,2,1,1,1,1,1,1,2,1,2,14,6,1,1,33,2,2,0
5,50,1,2001,4,1,1,2,2,1,2,2,1,1,1,2,1,2,9,6,1,1,30,2,2,1
1,38,1,2001,4,1,1,2,2,1,2,1,1,1,1,1,1,2,10,6,1,1,42,2,2,1
5,46,1,2001,4,1,1,2,2,1,4,1,1,1,1,3,1,2,8,6,1,1,35,2,2,0
1,45,2,2001,3,1,1,2,2,1,1,2,1,1,1,2,1,2,8,6,1,1,33,2,2,1
3,40,3,2001,2,1,1,2,2,1,1,1,1,1,1,1,1,2,7,6,1,1,33,2,2,0
1,47,3,2001,3,1,1,2,2,1,1,1,1,1,1,1,1,1,14,6,1,1,40,2,2,0
5,45,3,2001,2,1,1,2,2,1,1,1,1,1,1,1,2,2,14,6,1,1,35,2,2,1
2,43,3,2001,2,1,1,2,2,1,1,1,1,1,1,1,1,2,9,6,1,1,33,2,2,1
1,35,10,2001,3,1,1,2,2,1,1,1,1,1,1,1,1,2,9,6,1,1,33,2,2,1
5,46,12,2001,3,1,1,2,2,1,2,1,1,1,1,1,1,2,14,6,1,1,33,2,2,0
3,53,1,2001,2,7,1,2,2,1,1,2,1,1,1,3,1,2,14,6,1,5,32,2,2,0
1,56,2,2001,3,7,1,2,2,1,1,1,2,1,3,1,1,1,7,6,1,1,33,2,2,1
1,55,2,2001,2,2,1,2,2,4,2,1,1,1,1,3,1,2,8,6,1,1,33,2,2,0
12,54,2,2001,3,1,1,2,2,1,1,1,1,1,1,3,1,2,14,6,1,2,33,1,0,0
12,54,3,2001,4,1,1,2,2,1,4,1,1,1,1,1,1,2,9,6,1,1,35,2,2,0
1,54,3,2001,3,4,1,2,1,2,1,1,1,1,1,5,1,1,9,6,1,7,33,2,2,0
3,56,3,2001,2,1,8,2,2,1,1,1,1,1,1,1,1,2,9,4,1,7,33,1,0,0
1,55,4,2001,4,1,1,2,2,1,3,1,1,1,1,1,1,1,14,6,1,1,30,1,2,0
12,54,4,2001,3,1,1,2,2,1,1,1,1,1,1,1,1,2,13,6,1,1,28,2,2,0
7,56,4,2001,4,1,1,2,2,2,4,1,2,1,1,1,1,2,14,6,1,1,35,2,2,0
10,54,5,2001,2,1,1,2,2,1,1,1,1,1,1,3,1,2,9,6,1,1,35,2,2,0
1,55,6,2001,1,1,1,2,2,1,4,1,1,1,1,4,1,2,13,6,1,2,33,2,2,3
3,56,7,2001,3,7,8,2,2,2,1,2,2,1,1,1,1,2,14,2,2,7,33,2,2,0
1,55,7,2001,3,1,1,2,2,1,1,1,1,1,1,1,1,2,7,11,1,7,33,1,2,1
1,56,9,2001,2,7,1,1,2,1,1,1,1,1,1,4,1,2,19,5,1,7,25,2,2,1
3,54,10,2001,2,7,1,2,2,1,1,1,1,1,1,3,1,2,7,6,1,7,33,2,2,1
4,59,3,2001,3,7,1,2,2,1,1,1,1,1,1,4,1,2,9,6,1,1,33,2,2,3
5,59,1,2001,4,1,1,2,2,1,2,1,1,1,1,2,1,2,12,6,1,1,32,2,2,1
1,57,3,2001,2,1,1,1,2,1,1,1,1,1,1,5,1,1,6,6,1,1,18,2,2,2
1,65,3,2001,4,1,1,2,2,1,3,1,1,1,1,1,1,1,14,6,1,1,33,2,2,1
7,63,1,2001,2,1,1,1,2,1,1,1,1,1,1,1,1,2,9,11,1,7,42,2,2,0
7,63,1,2001,2,1,1,1,2,1,1,1,1,1,1,1,1,2,9,11,1,1,50,2,2,0
8,63,4,2001,4,1,1,2,2,1,2,1,1,1,1,1,1,2,9,6,1,1,35,2,2,3
10,63,1,2001,4,1,1,2,2,1,2,1,1,1,1,5,1,2,11,6,1,1,25,2,2,1
10,63,1,2001,3,1,1,2,2,1,1,1,1,1,1,5,1,1,6,6,1,1,28,2,2,1
14,63,1,2001,4,1,1,2,2,1,4,1,1,1,1,1,1,2,14,6,1,1,33,2,2,0
14,63,1,2001,1,1,1,2,2,1,3,1,1,1,1,1,1,2,14,5,2,1,33,1,2,0
14,63,3,2001,2,1,1,1,2,1,1,1,1,1,1,1,1,2,14,6,1,1,35,1,2,0
14,63,3,2001,2,1,1,1,2,1,1,1,1,1,1,1,1,2,8,6,1,1,32,1,2,0
14,63,3,2001,3,1,1,2,2,1,1,1,1,1,1,1,1,2,9,6,1,1,42,2,2,1
2,67,3,2001,3,1,1,2,2,1,1,1,1,1,1,4,1,2,14,6,1,1,33,1,2,0
7,67,2,2001,4,4,1,2,2,1,2,2,1,1,2,1,1,2,14,4,2,1,40,2,2,0
14,63,4,2001,2,1,1,2,2,1,1,1,1,1,1,1,1,2,14,4,1,3,33,1,2,3
14,63,4,2001,4,1,1,2,2,1,4,1,1,1,1,1,1,1,9,6,1,1,38,2,2,0
14,63,4,2001,3,1,1,2,2,1,1,1,1,1,1,1,1,2,9,6,1,1,33,2,2,3
1,67,3,2001,2,7,1,2,2,1,1,1,1,1,1,1,1,1,5,2,1,1,45,2,2,1
12,64,5,2001,2,1,4,2,2,1,1,1,1,1,1,5,1,1,8,6,1,1,33,1,2,3
5,63,5,2001,2,1,1,2,2,1,1,1,1,1,1,1,1,2,14,6,1,1,33,2,2,0
2,65,5,2001,3,3,1,2,2,1,1,1,1,1,1,1,1,2,14,6,1,1,33,2,2,0
6,65,5,2001,3,1,1,2,2,2,1,2,2,1,1,2,1,2,10,2,1,1,33,2,2,1
1,65,7,2001,3,1,2,2,2,1,1,1,1,1,1,1,1,2,9,6,1,1,35,2,2,0
14,63,5,2001,2,1,1,2,2,1,1,1,1,1,1,1,1,2,9,6,1,1,32,2,2,0
14,63,5,2001,2,3,2,2,2,1,1,1,1,1,1,1,1,2,14,11,2,1,33,1,2,3
14,63,6,2001,4,1,1,1,2,1,4,1,1,1,1,1,1,2,14,6,1,1,33,1,2,0
14,63,7,2001,2,3,1,2,2,1,1,1,1,1,1,1,1,2,15,6,1,1,38,2,2,1
6,63,6,2001,2,1,1,2,2,1,1,1,1,1,1,1,1,2,14,6,1,1,50,2,2,3
6,63,8,2001,4,1,1,2,2,1,2,1,1,1,1,1,1,2,5,6,1,1,33,2,2,0
6,63,7,2001,1,1,1,2,2,1,2,1,1,1,1,1,1,2,9,6,1,1,45,2,2,0
8,63,8,2001,2,1,1,2,2,2,1,1,2,1,1,1,1,2,9,5,1,1,42,2,2,0
13,63,9,2001,4,1,1,2,2,1,2,1,1,1,1,1,1,2,14,6,1,1,33,2,2,0
8,63,11,2001,1,1,1,2,2,2,2,1,2,1,1,1,1,2,9,2,1,1,38,2,2,0
8,63,10,2001,2,1,1,2,2,1,1,1,2,1,1,1,1,2,14,2,1,1,33,2,2,3
3,63,8,2001,4,1,1,2,2,1,3,1,1,1,1,2,1,2,14,6,1,1,33,2,2,0
4,59,12,2001,2,1,1,2,2,4,2,1,1,1,1,2,1,1,7,6,1,1,33,2,2,0
3,57,7,2001,4,1,1,2,2,1,4,1,1,1,1,1,1,2,14,6,1,7,45,2,2,0
2,57,6,2001,3,1,1,2,2,1,1,1,1,1,1,2,1,2,6,11,2,7,42,2,2,1
1,61,9,2001,1,1,1,2,2,1,4,1,1,1,1,1,1,2,14,6,1,1,35,1,2,1
1,61,9,2001,1,3,1,2,1,1,1,1,1,1,1,1,1,2,9,6,1,1,40,1,2,0
1,61,11,2001,2,1,1,2,2,1,2,1,1,1,1,1,1,2,14,6,1,1,34,2,2,1
1,61,11,2001,1,1,1,2,2,1,2,1,1,1,1,1,1,2,14,1,1,1,30,1,2,1
1,68,11,2001,3,1,4,2,2,2,1,2,2,1,1,2,1,1,14,6,1,1,25,2,2,2
3,68,12,2001,3,4,1,2,2,1,2,4,1,1,1,2,1,2,14,1,1,1,65,2,2,0
8,63,12,2001,1,1,2,2,2,4,2,1,1,1,1,1,1,2,14,2,1,1,32,2,2,0
5,64,8,2001,2,1,1,2,2,1,1,1,1,1,1,5,1,1,9,6,1,1,33,2,2,3
5,64,11,2001,3,1,1,2,2,1,1,1,1,1,1,5,1,1,14,6,1,1,33,2,2,2
10,64,9,2001,4,1,1,2,2,1,3,1,1,1,1,5,1,1,9,6,1,1,46,2,2,1
10,64,11,2001,3,1,1,2,2,1,2,1,1,1,1,5,1,1,9,6,1,1,39,2,2,1
11,64,10,2001,2,1,1,2,2,1,1,1,1,1,1,5,1,1,12,4,1,1,25,2,2,1
13,63,1,2001,3,1,1,2,2,1,1,4,1,1,2,2,1,2,14,6,1,1,33,1,2,3
8,56,2,2001,2,2,2,2,2,3,3,5,3,3,2,4,4,2,13,6,1,1,30,2,2,1
1,55,3,2001,3,7,1,2,2,1,1,1,1,1,1,1,1,2,14,5,1,1,25,2,2,3
1,55,4,2001,3,7,1,2,2,1,1,1,1,1,1,1,1,2,14,1,2,1,35,1,2,3
1,54,6,2001,1,1,8,2,2,2,3,1,2,1,1,5,1,1,6,6,1,7,32,2,2,1
5,56,12,2001,1,2,8,2,2,4,2,1,1,1,1,2,1,2,17,10,1,2,33,1,0,0
1,65,4,2001,3,7,4,2,2,1,1,1,1,1,1,1,1,2,5,6,1,1,30,2,2,0
14,63,5,2001,3,1,1,2,2,1,1,1,1,1,1,1,1,2,12,6,1,1,33,2,2,3
14,63,7,2001,3,1,1,2,2,1,1,1,1,1,1,1,1,2,14,6,1,1,35,2,2,1
3,64,10,2001,4,1,4,2,2,1,3,1,1,1,1,5,1,1,14,6,1,6,33,1,2,0
3,57,8,2001,4,1,1,2,2,1,4,1,1,1,1,1,1,2,14,10,1,1,48,2,2,3
8,57,8,2001,3,1,4,2,2,1,1,1,1,1,1,1,1,2,9,6,1,1,35,2,2,1
3,61,11,2001,2,1,1,2,2,1,1,2,1,1,1,2,1,2,9,6,1,1,35,2,2,0
3,63,11,2001,4,1,2,2,2,1,2,1,1,1,1,2,2,1,14,9,1,6,32,2,2,1
3,63,12,2001,2,1,2,2,2,1,1,1,1,1,1,2,1,2,9,6,1,1,30,2,2,0
6,63,10,2001,1,1,1,2,2,1,2,1,1,1,1,2,1,2,9,6,1,1,33,2,2,0
6,63,8,2001,3,1,1,2,2,1,1,1,1,1,1,2,1,2,9,5,1,1,32,2,2,0
8,63,12,2001,2,1,2,2,2,1,1,1,1,1,1,1,1,2,14,6,1,1,35,2,2,3
1,66,12,2001,4,3,1,2,2,1,3,1,1,1,1,2,1,1,11,6,1,1,33,2,2,0
5,64,2,2001,2,1,1,2,2,1,1,1,1,1,1,5,1,1,12,9,1,1,42,2,2,1
5,64,12,2001,3,1,1,2,2,1,1,1,1,1,1,5,1,1,12,6,1,1,33,2,2,1
11,64,3,2001,3,1,1,2,1,1,1,1,1,1,1,5,1,1,1,6,1,1,30,2,2,1
11,64,10,2001,3,1,1,2,2,1,1,1,1,1,1,5,1,1,5,5,1,1,30,2,2,1
2,46,1,2001,2,1,1,2,2,1,1,1,1,1,1,1,1,2,14,6,1,1,35,2,2,1
1,35,1,2001,3,1,1,2,2,1,1,1,1,1,1,2,1,2,9,6,1,1,33,2,2,0
1,47,2,2001,3,1,1,2,2,1,1,1,1,1,1,1,1,1,9,6,1,1,35,2,2,0
5,44,2,2001,2,1,1,2,2,1,2,1,1,1,1,1,1,2,8,6,1,1,33,2,2,0
2,50,3,2001,4,1,1,2,2,1,2,1,1,1,1,1,1,2,9,6,1,1,30,2,2,0
5,41,3,2001,2,1,1,2,2,1,1,1,1,1,1,1,1,2,7,6,1,1,33,2,2,1
5,41,3,2001,1,1,1,2,2,1,2,1,1,1,1,2,1,2,7,6,1,1,35,2,2,0
4,38,4,2001,3,1,1,2,2,1,1,2,1,1,1,3,1,2,14,6,1,1,35,2,2,0
6,38,4,2001,3,1,1,2,2,1,1,1,1,1,1,1,1,2,9,6,1,1,35,2,2,0
6,40,5,2001,3,1,1,2,2,1,1,1,1,1,1,1,1,2,10,6,1,1,33,2,2,1
3,44,3,2001,3,1,1,2,2,3,1,2,1,1,2,2,2,2,9,6,1,1,33,2,2,0
2,50,5,2001,2,1,1,2,2,1,1,1,1,1,1,1,1,2,9,6,1,1,27,2,2,0
1,47,5,2001,3,1,1,2,2,1,1,1,1,1,1,1,1,2,14,6,1,1,40,2,2,1
2,43,5,2001,1,1,1,2,2,1,2,1,1,1,1,1,1,2,9,6,1,1,33,2,2,3
1,38,5,2001,3,1,1,2,2,2,1,1,2,1,1,1,1,2,14,6,1,1,45,2,2,3
6,38,5,2001,1,1,1,2,2,1,4,1,1,1,1,1,1,2,9,6,1,1,33,2,2,0
7,38,6,2001,2,1,1,2,2,1,1,1,1,1,1,1,1,2,14,6,1,1,35,2,2,0
7,38,6,2001,3,1,1,2,2,2,1,2,2,1,1,1,1,2,14,6,1,1,33,2,2,3
13,50,6,2001,3,1,1,2,2,1,1,1,1,1,1,1,1,2,9,6,1,1,31,2,2,0
1,50,7,2001,2,1,1,2,2,1,1,2,1,1,1,1,1,2,8,4,1,1,35,2,2,1
13,50,7,2001,4,1,1,2,2,2,2,2,2,1,1,1,1,2,9,6,1,1,33,2,2,1
2,43,7,2001,4,1,1,2,2,1,2,1,1,1,1,1,1,2,14,6,1,1,33,2,2,3
2,43,8,2001,2,1,1,2,2,1,1,1,1,1,1,1,1,2,9,6,1,1,35,2,2,1
2,43,8,2001,2,1,1,2,2,1,1,1,1,1,1,1,1,2,9,6,1,1,33,2,2,0
1,35,7,2001,2,1,1,2,2,2,1,2,2,1,1,2,1,2,9,6,1,1,33,2,2,1
1,45,7,2001,3,1,1,2,2,1,1,1,1,1,1,1,1,2,9,6,1,1,33,2,2,1
3,39,9,2001,4,1,1,2,2,1,2,1,1,1,1,1,1,2,9,6,1,1,33,2,2,0
5,41,4,2001,3,1,1,2,2,1,1,1,1,1,1,1,1,1,4,6,1,1,33,2,2,1
2,45,9,2001,3,1,1,2,2,1,1,1,1,1,1,1,1,2,9,6,1,1,33,2,2,1
2,43,11,2001,1,1,1,2,2,4,4,2,1,1,1,1,1,2,9,6,1,1,45,2,2,0
2,35,12,2001,2,1,1,2,2,1,1,1,1,1,1,3,1,2,8,6,1,1,33,2,2,1
1,40,10,2001,4,1,1,2,2,1,4,1,1,1,1,1,1,2,9,6,1,1,33,2,2,0
1,52,11,2001,3,1,1,2,2,1,1,1,1,1,1,2,1,2,9,6,1,1,33,2,2,0
9,50,11,2001,2,1,1,2,2,1,1,1,1,1,2,2,1,2,9,6,1,1,33,2,2,0
1,48,12,2001,4,1,1,2,2,1,4,1,1,1,1,1,1,2,14,6,1,1,35,2,2,0
1,48,12,2001,2,1,1,2,2,1,1,1,1,1,1,1,1,2,10,6,1,1,33,2,2,1
1,40,11,2001,1,1,1,2,2,1,2,1,1,1,1,1,1,2,7,6,1,1,33,2,2,3
1,4,1,2001,3,1,1,2,2,1,1,1,1,1,1,2,1,2,8,6,1,1,33,2,2,0
3,15,1,2001,2,1,1,2,2,1,1,2,1,1,1,1,1,2,9,2,1,1,33,2,2,0
5,12,3,2001,4,1,1,2,2,1,4,1,1,1,1,3,1,2,14,6,1,1,33,2,2,0
5,12,3,2001,2,1,1,2,2,1,1,2,1,1,1,3,1,2,14,2,1,1,33,2,2,0
4,15,3,2001,2,1,1,2,2,1,1,1,1,1,1,3,1,2,8,6,1,1,25,2,2,3
5,13,6,2001,3,1,1,2,2,1,1,1,1,1,1,2,1,2,9,6,1,1,33,1,2,0
5,13,7,2001,3,7,1,2,2,1,1,2,1,1,1,2,1,2,8,6,1,1,45,2,2,0
1,4,7,2001,2,1,1,2,2,1,1,1,1,1,1,2,1,2,7,6,1,1,32,2,2,1
9,3,6,2001,3,7,1,2,2,1,1,2,1,1,1,3,1,2,4,1,1,1,25,2,2,1
2,14,8,2001,2,1,1,2,2,1,1,2,1,1,1,1,1,2,14,6,1,1,50,2,2,0
3,10,3,2001,2,1,1,2,2,1,4,1,1,1,1,2,1,2,13,6,2,1,33,1,2,0
4,12,11,2001,2,1,8,2,2,1,1,1,1,1,1,3,1,2,8,11,1,1,38,2,2,0
3,2,9,2001,4,1,1,2,2,1,1,1,1,1,1,3,1,2,7,6,1,1,40,1,2,1
6,11,9,2001,3,1,1,2,2,1,1,1,1,1,1,2,1,2,9,6,1,1,33,2,2,1
1,1,11,2001,3,1,1,2,2,1,1,1,1,1,1,3,1,1,11,6,1,1,38,2,2,1
3,15,12,2001,3,1,1,2,2,1,1,1,1,1,1,1,1,2,9,6,1,1,32,2,2,0
5,15,12,2001,3,1,1,2,2,1,1,1,1,1,1,1,1,2,14,6,1,1,42,2,2,0
1,15,6,2001,1,1,1,2,2,1,2,1,1,1,1,1,1,2,14,10,1,1,38,2,2,1
1,15,7,2001,1,1,1,2,2,1,2,3,1,1,1,1,1,2,14,10,1,1,33,2,2,3
1,14,9,2001,3,1,1,2,2,1,1,1,1,1,1,1,1,1,9,6,1,1,33,2,2,1
5,13,9,2001,4,1,1,2,2,1,4,1,1,1,1,2,1,2,14,11,1,1,35,2,2,0
1,6,8,2001,3,1,1,2,1,1,1,1,1,1,1,1,1,2,9,6,1,1,33,2,2,0
8,17,9,2001,2,1,1,2,2,1,1,1,1,1,1,1,1,2,16,5,1,1,35,2,2,3
12,54,6,2001,3,1,1,2,2,1,1,1,1,1,1,1,1,2,14,5,1,1,40,2,2,1
3,29,6,2001,2,1,1,1,2,2,2,1,2,1,1,1,1,1,9,6,1,1,33,2,2,0
9,24,8,2001,2,1,4,2,2,1,2,1,1,1,1,2,1,2,14,6,1,1,33,1,2,0
3,8,9,2001,1,1,1,2,2,1,4,1,1,1,1,1,1,2,9,5,1,1,33,2,2,0
9,3,12,2001,3,1,1,2,2,1,1,1,1,1,1,3,1,2,14,6,1,1,32,2,2,3
6,40,1,2001,2,1,1,2,2,1,1,1,1,1,1,1,1,2,9,6,1,1,37,2,2,1
5,44,1,2001,4,1,1,2,2,1,4,1,1,1,1,1,1,2,8,6,1,1,31,2,2,0
2,43,2,2001,2,1,1,2,2,4,2,1,1,1,1,1,1,2,14,6,1,1,30,2,2,1
1,46,2,2001,2,1,1,2,2,1,2,1,1,1,1,1,1,1,14,6,1,1,33,2,2,0
2,44,2,2001,2,1,1,2,2,1,1,1,1,1,1,1,1,2,8,6,1,1,33,2,2,0
4,51,3,2001,2,1,1,2,2,1,1,1,1,1,1,1,1,2,9,6,1,1,33,2,2,1
7,44,3,2001,3,1,1,2,2,1,1,1,1,1,1,1,1,2,9,6,1,1,33,2,2,1
2,43,5,2001,2,1,1,2,2,1,1,1,1,1,1,1,1,2,10,6,1,1,33,2,2,0
13,47,7,2001,3,1,1,2,2,2,1,2,2,1,1,3,1,2,14,6,1,1,23,2,2,1
2,43,9,2001,3,1,1,2,2,1,1,1,1,1,1,1,1,2,9,6,1,1,42,2,2,1
3,43,9,2001,3,1,1,2,2,1,1,2,1,1,1,1,1,2,9,6,1,1,33,2,2,0
3,38,11,2001,4,1,1,2,2,1,4,1,1,1,1,1,1,2,14,10,1,1,33,2,2,0
1,46,11,2001,3,1,1,2,2,1,1,1,1,1,1,1,1,2,9,6,1,1,33,2,2,0
11,42,10,2001,3,1,1,2,1,1,1,1,1,1,1,5,1,1,14,6,1,2,33,1,2,1
12,54,1,2001,4,1,1,2,2,4,4,1,1,1,1,3,1,2,13,5,1,1,33,2,2,0
12,54,1,2001,4,1,1,2,2,1,4,1,1,1,1,3,1,2,14,6,1,1,33,2,2,0
1,56,2,2001,4,1,4,1,1,3,1,1,1,1,1,5,1,1,14,11,1,7,32,2,2,3
12,54,3,2001,4,1,1,2,2,1,4,1,1,1,1,4,1,2,14,6,1,1,40,2,2,3
1,55,4,2001,4,1,1,2,2,1,4,3,1,1,1,1,1,2,14,11,2,7,33,2,2,0
1,56,9,2001,3,1,1,2,2,1,1,1,1,1,1,2,1,2,12,6,2,6,33,2,2,3
12,54,9,2001,3,1,1,2,2,1,1,4,1,1,1,1,2,2,14,1,1,2,40,2,2,1
13,54,11,2001,2,1,1,2,2,4,1,2,1,1,1,1,1,2,9,1,1,1,35,2,2,0
4,4,2,2001,2,7,1,2,2,4,2,1,1,1,1,3,1,2,9,6,1,2,59,2,2,0
4,3,9,2001,4,7,1,2,2,1,2,2,1,1,1,1,1,2,14,2,1,1,33,1,2,1
5,12,9,2001,2,1,1,2,2,1,1,2,1,1,1,3,1,2,14,3,1,1,33,2,2,0
1,32,12,2001,2,1,1,1,2,1,1,2,1,1,1,3,2,2,8,6,1,2,35,2,2,0
3,21,12,2001,3,1,1,2,2,1,1,1,1,1,1,1,1,2,9,5,1,1,50,2,2,0
1,21,12,2001,1,1,1,2,2,4,4,2,1,1,1,1,1,2,14,6,1,1,30,2,2,0
1,21,9,2001,3,1,1,2,2,1,1,1,1,1,1,1,1,1,9,6,1,1,42,2,2,0
1,30,9,2001,3,7,8,2,2,2,1,1,1,2,1,3,1,2,4,9,1,1,24,2,2,1
1,34,4,2001,3,7,2,1,2,1,1,1,1,1,1,1,1,1,7,6,1,7,23,2,2,1
1,34,5,2001,2,1,2,2,2,1,1,1,1,1,1,2,1,1,14,6,1,1,25,2,2,0
1,34,5,2001,3,1,4,2,2,1,1,1,1,1,1,1,1,1,8,1,1,1,42,2,2,0
1,24,6,2001,3,1,1,2,2,1,1,1,1,1,1,1,1,2,7,6,1,1,33,1,2,0
1,24,7,2001,4,1,1,2,2,1,1,1,1,1,1,1,1,1,14,4,1,1,42,1,2,1
2,24,6,2001,2,1,1,2,1,1,1,1,1,1,1,1,1,2,13,1,1,1,45,1,2,1
2,26,9,2001,2,1,2,2,2,1,1,1,1,1,1,5,1,1,14,6,1,1,45,2,2,1
4,26,8,2001,2,1,1,2,2,1,1,1,1,1,1,1,1,1,14,2,1,1,33,1,2,1
3,21,8,2001,2,1,1,2,2,1,1,1,1,1,1,2,1,2,8,6,1,1,42,1,2,0
1,23,9,2001,2,7,1,2,2,1,1,2,1,1,2,4,1,2,4,3,1,1,45,2,1,1
3,22,6,2001,4,1,2,2,1,1,1,1,1,1,1,4,1,2,14,5,2,1,32,1,2,0
1,28,5,2001,2,7,1,2,2,1,1,1,1,1,1,5,1,1,2,7,1,7,33,1,2,0
1,54,12,2001,4,1,1,2,2,1,3,1,1,1,1,1,1,2,5,11,1,1,33,1,0,0
1,55,1,2001,3,1,1,2,2,1,1,1,1,1,1,1,1,2,13,6,1,1,32,2,2,3
1,55,6,2001,3,1,1,2,2,1,1,1,1,1,1,2,1,2,14,6,1,1,38,2,2,0
8,54,2,2001,2,1,8,2,2,2,1,4,2,1,2,4,1,2,14,5,1,2,33,1,0,0
10,42,11,2001,2,1,1,2,1,1,1,1,1,1,1,5,1,1,8,6,1,2,33,2,2,2
14,42,9,2001,3,1,1,2,1,1,1,1,1,1,1,5,1,1,19,6,2,2,33,2,2,2
9,42,8,2001,2,3,6,2,1,1,1,1,1,1,1,5,1,1,8,6,2,1,33,2,2,2
21,42,1,2001,3,1,1,2,1,1,1,1,1,1,1,5,1,1,19,6,1,1,45,2,2,0
2,43,11,2001,3,1,1,2,2,1,1,1,1,1,1,1,2,1,9,6,1,1,35,2,2,1
2,50,7,2001,2,1,1,2,2,1,4,1,1,1,1,1,1,2,12,10,1,1,33,2,2,1
2,44,3,2001,4,1,1,2,2,1,4,1,1,1,1,1,1,2,12,6,1,1,33,2,2,0
12,47,1,2001,4,1,2,1,2,4,4,1,1,1,1,1,2,2,14,6,1,1,35,2,2,0
4,44,1,2001,2,1,1,2,2,1,2,1,1,1,1,2,1,1,6,6,1,1,30,2,2,0
3,46,3,2001,2,1,1,2,2,1,1,1,1,1,1,3,1,2,7,6,1,1,30,2,2,0
3,38,3,2001,2,1,1,2,2,1,1,1,1,1,1,1,1,2,9,6,1,1,35,2,2,3
16,42,1,2002,4,1,5,1,1,1,3,1,1,1,1,5,1,1,14,6,1,2,33,1,2,0
16,42,3,2002,3,1,1,2,1,1,2,1,1,1,1,5,1,1,10,6,1,1,33,2,2,0
16,42,3,2002,4,1,1,2,1,1,3,1,1,1,1,5,1,1,8,6,1,1,33,2,2,1
11,42,3,2002,4,3,1,2,1,1,3,2,1,1,2,5,1,1,13,6,1,1,40,1,2,1
10,42,1,2002,4,7,8,2,1,1,3,1,1,1,1,5,1,1,8,6,1,1,33,1,2,1
10,42,3,2002,1,2,6,2,1,1,3,1,1,1,1,5,1,1,14,6,1,2,33,1,0,0
10,42,4,2002,2,7,6,2,1,1,1,1,1,1,1,5,1,1,14,6,1,1,28,1,0,1
10,42,4,2002,4,3,6,1,1,1,3,1,1,1,1,5,1,1,14,6,1,1,20,2,2,3
16,42,4,2002,4,1,1,2,1,1,3,1,1,1,1,5,1,1,10,6,1,1,33,1,2,1
16,42,4,2002,4,1,5,2,1,1,3,1,1,1,1,5,1,1,14,6,1,2,33,2,2,2
4,42,2,2002,4,3,4,1,1,1,3,1,1,1,1,5,1,1,19,6,1,2,33,1,0,0
4,42,5,2002,2,1,1,1,1,1,2,1,1,1,1,5,1,1,5,6,1,2,33,1,2,2
3,42,1,2002,3,1,1,2,1,1,1,1,1,1,1,5,1,1,14,6,1,1,33,1,2,3
2,42,1,2002,3,2,6,2,1,1,1,1,1,1,1,5,1,1,6,6,1,2,33,2,2,0
2,42,2,2002,3,4,6,2,1,1,2,1,1,1,1,5,1,1,9,6,1,2,30,2,2,0
2,42,2,2002,3,1,1,2,1,1,1,1,1,1,1,5,1,1,9,6,1,2,33,1,2,1
18,42,1,2002,1,2,4,2,1,1,2,1,1,1,1,5,1,1,14,6,1,2,33,1,2,1
18,42,4,2002,2,1,1,2,2,1,1,1,1,1,1,5,1,1,5,6,1,2,33,2,2,0
18,42,4,2002,1,1,2,2,1,1,3,1,1,1,1,5,1,1,14,6,1,2,33,2,2,0
1,42,1,2002,4,1,4,2,1,1,3,1,1,1,1,5,1,1,5,6,1,2,33,2,2,1
1,42,2,2002,2,2,5,2,1,1,2,1,1,1,1,5,1,1,9,5,1,2,33,2,2,2
19,42,4,2002,4,1,1,2,1,1,4,1,1,1,1,5,1,1,14,6,1,2,33,1,0,0
4,42,5,2002,2,1,1,2,1,1,2,1,1,1,1,5,1,1,5,6,1,1,33,2,2,3
4,42,5,2002,4,1,1,1,1,1,3,1,1,1,1,5,1,1,9,6,1,2,35,1,2,1