Thana,District,Month,Year,Time,Junction_Type,Traffic_Control,Movement,Divider,Weather,Light,Road_Geometry,Surface_Condition,Surface_Type,Surface_Quality,Road_Class,Road_Feature,Location_Type,Vehicle_Type,Vehicle_Movement,Vehicle_Loading,Vehicle_Defect,Vehicle_Driver_Age,Vehicle_Alcohol,Vehicle_Seat_Belt,Accident_Severity
9,42,5,2002,3,7,4,2,1,1,1,1,1,1,1,5,1,1,10,6,1,2,33,1,2,2
16,42,5,2002,2,1,1,1,1,1,1,1,1,1,1,5,1,1,8,6,1,2,33,1,2,2
16,42,5,2002,4,1,2,2,1,1,3,1,1,1,1,5,1,1,14,6,1,1,33,1,2,1
16,42,5,2002,4,1,1,2,1,1,1,1,1,1,1,5,1,1,8,6,1,2,33,1,2,2
16,42,5,2002,4,2,2,2,1,1,3,1,1,1,1,5,1,1,12,6,1,1,33,2,2,2
10,42,6,2002,1,2,6,2,1,1,3,1,1,1,1,5,1,1,9,6,1,1,33,2,2,1
12,42,1,2002,2,1,2,2,1,1,1,1,1,1,1,5,1,1,8,6,1,2,33,2,2,1
12,42,2,2002,3,1,1,2,1,1,1,1,1,1,1,5,1,1,8,6,1,2,33,1,2,0
12,42,2,2002,3,1,1,2,1,1,1,1,1,1,1,5,1,1,19,6,1,1,33,2,2,2
14,42,1,2002,3,3,1,2,1,1,1,1,1,1,1,5,1,1,19,6,1,2,33,2,2,0
14,42,2,2002,1,1,1,2,1,1,3,1,1,1,1,5,1,1,10,6,1,2,33,2,2,1
14,42,2,2002,4,3,1,2,1,1,3,1,1,1,1,5,1,1,14,6,1,1,25,2,2,1
14,42,3,2002,2,1,1,2,1,1,1,1,1,1,1,5,1,1,8,6,1,1,33,1,2,0
8,42,4,2002,3,1,4,2,1,1,1,1,1,1,1,5,1,1,8,6,1,2,33,2,2,1
8,42,5,2002,2,1,1,2,1,1,1,1,1,1,1,5,1,1,9,6,1,2,33,2,2,0
8,42,5,2002,3,1,1,2,1,1,1,1,1,1,1,5,1,1,10,6,1,2,33,2,2,1
8,42,6,2002,4,3,1,2,1,1,3,1,1,1,1,5,1,1,10,6,1,1,33,2,2,1
11,42,7,2002,5,2,6,2,1,1,1,1,1,1,1,5,1,1,10,5,1,1,33,1,2,2
11,42,7,2002,2,4,2,2,1,2,1,1,1,1,1,5,1,1,8,6,1,1,33,1,2,1
11,42,7,2002,4,1,1,1,2,1,3,1,1,1,1,5,1,1,8,6,1,2,33,2,2,1
11,42,8,2002,1,1,1,1,1,1,2,1,1,1,1,5,1,1,8,2,1,1,35,2,2,3
11,42,10,2002,2,7,8,1,1,1,1,1,1,1,1,5,1,1,8,5,1,1,33,2,2,1
11,42,10,2002,4,1,1,2,2,1,3,1,1,1,1,5,1,1,14,6,1,1,35,2,2,0
5,42,9,2002,3,3,4,2,1,1,1,1,1,1,1,5,1,1,14,6,1,1,33,2,2,1
7,42,4,2002,2,7,8,2,2,1,1,1,1,1,1,5,1,1,14,6,1,2,33,1,0,1
7,42,5,2002,2,1,1,2,2,2,1,1,2,1,1,5,1,1,7,5,1,2,30,2,2,1
8,42,7,2002,4,3,1,2,2,1,3,1,1,1,1,5,1,1,8,6,1,1,33,2,2,2
8,42,8,2002,3,2,4,2,1,1,1,1,1,1,1,5,1,1,9,6,1,1,33,2,2,1
8,42,8,2002,1,3,4,2,1,1,3,1,1,1,1,5,1,1,10,6,1,1,33,2,2,1
8,42,10,2002,2,3,4,2,1,1,1,1,1,1,1,5,1,1,8,6,1,1,33,1,2,1
8,42,11,2002,4,4,6,2,1,1,3,1,1,1,1,5,1,1,19,6,1,2,33,2,2,2
1,42,4,2002,2,5,6,2,1,1,1,1,1,1,1,5,1,1,8,6,1,1,33,2,2,2
1,42,7,2002,2,1,1,2,1,1,1,1,1,1,1,5,1,1,5,6,1,1,33,2,2,1
1,42,7,2002,3,3,4,2,1,1,1,1,1,1,1,5,1,1,8,6,1,2,33,2,2,1
1,42,8,2002,3,3,6,2,1,1,3,1,1,1,1,5,1,1,8,6,1,1,35,2,2,1
1,42,9,2002,2,1,1,2,1,1,1,1,1,1,1,5,1,1,10,6,1,1,33,2,2,1
1,42,10,2002,3,2,6,2,1,1,1,1,1,1,1,5,1,1,9,6,1,1,33,2,2,0
1,42,10,2002,1,6,2,2,1,1,3,1,1,1,1,5,1,1,9,6,1,1,33,2,2,2
18,42,8,2002,2,1,1,1,1,1,1,1,1,1,1,5,1,1,11,6,1,1,33,1,2,2
18,42,8,2002,4,1,1,1,1,1,3,1,1,1,1,5,1,1,13,6,1,1,33,2,2,0
3,42,7,2002,3,1,1,2,1,1,1,1,1,1,1,5,1,1,7,6,1,1,30,2,2,1
4,42,6,2002,1,1,1,2,2,1,3,1,1,1,1,5,1,1,14,6,1,2,33,2,2,0
4,42,10,2002,3,1,1,2,1,1,1,1,1,1,1,5,1,1,9,6,1,2,33,2,2,0
4,42,10,2002,3,1,1,2,2,1,1,1,1,1,1,5,1,1,9,6,1,2,33,2,2,0
21,42,1,2002,3,1,1,2,1,1,1,1,1,1,1,5,1,1,10,6,1,1,33,2,2,1
21,42,2,2002,3,1,4,2,1,1,1,1,1,1,1,5,1,1,10,6,1,1,33,2,2,1
21,42,2,2002,2,1,1,2,2,1,1,1,1,1,1,5,1,1,9,6,1,1,33,2,2,0
21,42,3,2002,3,1,1,2,1,1,1,1,1,1,1,5,1,1,14,6,1,1,33,2,2,0
6,42,1,2002,4,3,1,2,2,1,1,1,1,1,1,5,1,1,8,6,1,1,33,2,2,0
6,42,1,2002,1,5,1,2,1,1,3,1,1,1,1,5,1,1,9,6,1,2,33,1,2,1
6,42,1,2002,4,7,1,2,1,1,2,1,1,1,1,5,1,1,14,6,1,2,33,1,2,0
6,42,3,2002,3,2,6,2,1,1,1,1,1,1,1,5,1,1,9,6,1,1,33,1,2,1
6,42,6,2002,1,7,2,1,1,1,1,1,1,1,1,5,1,1,7,6,1,2,33,2,2,0
6,42,7,2002,1,1,1,2,1,1,1,1,1,1,1,5,1,1,8,6,1,1,33,1,2,0
6,42,10,2002,3,1,1,1,1,1,1,1,1,1,1,5,1,1,8,6,1,1,33,2,2,0
11,42,12,2002,3,7,1,1,1,1,1,1,1,1,1,5,1,1,8,6,1,2,25,2,2,1
11,42,12,2002,3,1,1,1,1,1,1,1,1,1,1,5,1,1,10,6,1,1,33,2,2,1
15,42,5,2002,2,1,1,2,1,1,1,1,1,1,1,5,1,1,9,6,1,2,33,2,2,1
2,42,3,2002,3,1,1,2,2,1,1,1,1,1,1,5,1,1,9,5,1,1,33,2,2,2
2,42,3,2002,2,1,1,1,2,1,1,1,1,1,1,5,1,1,9,6,1,1,33,2,2,2
2,42,3,2002,2,5,6,2,1,1,1,1,1,1,1,5,1,1,9,6,2,7,33,2,2,3
2,42,3,2002,3,5,4,2,2,1,1,1,1,1,1,5,1,1,12,6,1,1,33,2,2,2
2,42,3,2002,3,7,1,1,2,1,1,1,1,1,1,5,1,1,9,6,1,1,33,2,2,2
2,42,4,2002,3,5,6,2,1,1,1,1,1,1,1,5,1,1,9,5,1,1,33,2,2,2
2,42,5,2002,3,5,8,1,2,1,1,2,1,1,1,5,1,1,9,6,1,1,33,2,2,0
2,42,7,2002,2,2,1,2,1,1,1,1,1,1,1,5,1,1,8,6,1,2,33,1,2,1
2,42,9,2002,2,3,4,2,1,1,1,1,1,1,1,5,1,1,8,6,1,2,33,2,2,1
2,42,10,2002,2,3,6,2,1,1,1,1,1,1,1,5,1,1,8,6,1,1,33,2,2,1
9,42,7,2002,3,1,1,2,1,1,1,1,1,1,1,5,1,1,8,6,1,2,36,2,2,1
9,42,9,2002,4,3,6,2,2,1,3,1,1,1,1,5,1,1,14,6,1,1,33,2,2,1
9,42,9,2002,4,7,6,2,1,1,3,1,1,1,1,5,1,1,8,6,1,2,33,2,2,0
9,42,10,2002,3,3,6,2,1,1,1,1,1,1,1,5,1,1,19,6,1,2,33,2,2,1
9,42,10,2002,2,1,1,2,1,1,1,1,1,1,1,5,1,1,9,6,1,2,33,2,2,1
9,42,11,2002,3,3,6,2,1,1,1,1,1,1,1,5,1,1,9,6,2,1,33,2,2,1
9,42,12,2002,2,3,6,2,1,1,1,1,1,1,1,5,1,1,13,6,1,2,33,2,2,1
9,42,12,2002,4,3,6,2,1,1,2,1,1,1,1,5,1,1,8,6,2,1,33,2,2,0
9,42,12,2002,1,1,1,2,1,1,2,1,1,1,1,5,1,1,8,6,1,1,33,2,2,1
21,42,11,2002,3,1,1,2,2,1,1,1,1,1,1,5,1,1,14,6,1,1,33,2,2,2
4,42,11,2002,3,1,2,1,1,1,1,1,1,1,1,5,1,1,8,5,1,2,33,2,2,2
3,42,12,2002,1,2,1,2,2,1,1,1,1,1,1,5,1,1,14,6,1,2,33,2,2,1
15,42,12,2002,2,3,1,2,2,1,1,1,1,1,1,5,1,1,8,6,1,1,33,2,2,0
7,42,12,2002,2,1,1,1,2,1,2,1,1,1,1,5,1,1,14,6,1,2,33,1,2,0
1,42,11,2002,2,1,1,2,1,1,1,1,1,1,1,5,1,1,12,6,1,1,33,2,2,1
1,42,11,2002,4,5,6,2,1,1,3,1,1,1,1,5,1,1,10,6,1,1,33,2,2,2
1,42,12,2002,4,1,1,2,1,1,2,1,1,1,1,5,1,1,9,6,1,1,33,2,2,1
9,42,9,2002,4,1,1,2,1,1,3,1,1,1,1,5,1,1,10,6,1,1,33,2,2,1
9,42,9,2002,2,1,1,2,1,1,1,1,1,1,1,5,1,1,10,6,1,2,33,2,2,1
9,42,10,2002,2,1,1,2,1,1,1,1,1,1,1,5,1,1,9,6,1,2,33,2,2,0
9,42,10,2002,2,1,1,2,1,1,1,1,1,1,1,5,1,1,8,6,1,2,33,2,2,2
9,42,10,2002,2,3,4,2,1,1,1,1,1,1,1,5,1,1,8,6,1,1,33,2,2,1
9,42,2,2002,1,1,1,2,1,1,2,1,1,1,1,5,1,1,9,6,1,1,33,2,2,1
9,42,2,2002,1,3,6,2,1,1,3,1,1,1,1,5,1,1,14,6,1,1,33,2,2,0
9,42,3,2002,4,5,6,2,1,1,3,1,1,1,1,5,1,1,8,6,1,1,33,2,2,0
9,42,3,2002,2,3,4,2,1,1,1,1,1,1,1,5,1,1,10,6,1,2,33,2,2,0
9,42,4,2002,1,1,1,2,1,1,3,1,1,1,1,5,1,1,14,6,1,1,33,2,2,0
9,42,12,2002,2,1,1,2,1,1,1,1,1,1,1,5,1,1,8,6,1,1,25,2,2,0
9,42,12,2002,3,1,1,2,1,1,1,1,1,1,1,5,1,1,8,6,1,1,33,2,2,1
9,42,12,2002,4,1,1,2,1,1,3,1,1,1,1,5,1,1,8,6,1,1,33,2,2,1
16,42,7,2002,1,1,1,2,1,1,3,1,1,1,1,5,1,1,12,6,1,1,33,2,2,2
16,42,7,2002,1,1,1,2,1,1,2,1,1,1,1,5,1,1,10,6,1,2,33,2,2,1
16,42,9,2002,1,1,1,2,1,1,3,1,1,1,1,5,1,1,14,6,1,2,33,1,2,0
16,42,9,2002,2,3,6,2,1,1,1,1,1,1,1,5,1,1,10,6,1,1,33,2,2,1
16,42,10,2002,4,1,1,2,1,1,3,1,1,1,1,5,1,1,14,6,1,2,33,2,2,0
16,42,10,2002,2,1,1,2,1,1,1,1,1,1,1,5,1,1,9,6,1,1,33,2,2,2
16,42,10,2002,1,1,1,2,1,1,3,1,1,1,1,5,2,1,14,6,1,1,33,2,2,0
22,42,12,2002,4,1,1,2,1,1,3,1,1,1,1,5,1,1,14,6,1,1,33,2,2,0
22,42,12,2002,2,1,1,2,1,1,2,1,1,1,1,5,1,1,14,5,1,1,33,2,2,1
12,42,9,2002,2,1,1,2,2,1,1,1,1,1,1,5,1,1,10,6,1,1,33,2,2,2
12,42,10,2002,2,5,6,2,1,1,1,1,1,1,1,5,1,1,10,6,1,1,33,2,2,0
12,42,10,2002,2,3,6,2,1,1,1,1,1,1,1,5,1,1,8,6,1,1,33,2,2,1
17,42,2,2002,2,1,1,2,1,1,1,1,1,1,1,5,1,1,12,5,1,1,33,2,2,0
17,42,4,2002,4,1,1,2,1,1,3,1,1,1,1,5,1,1,14,6,1,1,33,2,2,0
17,42,8,2002,2,3,4,2,1,1,1,1,1,1,1,5,1,1,8,6,1,1,33,2,2,1
17,42,9,2002,2,1,4,2,1,1,1,1,1,1,1,5,1,1,12,6,1,1,33,2,2,1
17,42,10,2002,3,1,1,2,1,1,1,1,1,1,1,5,1,1,8,6,1,1,33,2,2,0
17,42,11,2002,2,1,1,2,1,1,2,1,1,1,1,5,1,1,8,6,1,1,33,2,2,1
14,42,4,2002,3,3,4,2,1,1,1,1,1,1,1,5,1,1,15,6,1,2,33,2,2,1
14,42,4,2002,4,1,4,2,1,1,1,1,1,1,1,5,1,1,7,6,1,1,33,2,2,1
14,42,4,2002,3,3,4,2,1,1,1,1,1,1,1,5,1,1,14,3,1,1,33,2,2,0
14,42,4,2002,2,3,4,2,1,1,1,1,1,1,1,5,1,1,9,6,1,1,33,2,2,0
14,42,5,2002,3,1,1,2,1,1,1,1,1,1,1,5,1,1,10,6,1,1,33,2,2,1
14,42,9,2002,4,6,1,2,2,1,3,1,1,1,1,5,1,1,14,6,1,1,33,2,2,1
14,42,10,2002,4,1,4,2,1,1,3,1,1,1,1,5,1,1,8,6,1,2,33,2,2,0
14,42,10,2002,4,3,4,2,1,1,3,1,1,1,1,5,1,1,9,6,1,2,55,2,2,0
14,42,12,2002,2,1,1,2,2,1,2,1,1,1,1,2,1,2,8,6,1,2,33,2,2,0
1,64,1,2002,3,1,1,2,2,1,1,1,1,1,1,5,1,1,5,6,1,1,33,2,2,3
1,61,1,2002,2,1,1,2,2,1,1,1,1,1,1,2,1,2,9,1,1,1,30,1,2,1
1,57,1,2002,2,1,1,2,2,4,2,1,1,1,1,2,1,2,6,6,1,1,22,2,2,0
1,61,3,2002,3,1,1,2,2,1,1,1,1,1,1,1,1,2,9,1,1,1,40,1,2,1
1,63,3,2002,4,1,1,2,2,1,1,1,1,1,1,4,1,2,11,6,1,1,33,2,2,1
5,65,3,2002,3,1,1,2,2,1,1,1,1,1,1,2,1,2,11,6,1,1,25,2,2,0
7,65,3,2002,2,1,2,2,2,1,1,1,1,1,1,1,1,2,14,6,1,1,35,2,2,2
1,57,3,2002,3,1,1,2,2,1,1,1,1,1,1,2,1,2,6,6,2,1,33,2,2,1
6,57,3,2002,2,1,1,2,2,1,1,1,1,1,1,2,1,2,12,6,1,1,35,2,2,1
1,61,4,2002,3,1,1,2,2,1,1,1,1,1,1,1,1,2,14,1,1,1,35,1,2,0
1,61,4,2002,3,1,1,2,2,1,1,1,1,1,1,1,1,2,7,1,1,1,40,1,2,0
4,63,2,2002,2,1,1,2,2,4,2,2,1,1,1,1,1,2,8,6,1,1,39,2,2,3
6,63,1,2002,4,1,1,2,2,1,4,1,1,1,1,2,1,2,9,6,1,1,34,2,2,0
6,63,4,2002,4,1,1,2,2,1,2,1,1,1,1,2,1,2,7,6,1,1,33,2,2,0
11,64,3,2002,2,1,1,2,2,1,1,1,1,1,1,5,1,1,12,6,1,1,42,2,2,0
5,65,4,2002,3,1,1,2,2,1,1,1,1,1,1,1,1,2,9,6,1,1,40,2,2,0
1,58,1,2002,3,1,1,2,2,1,1,1,1,1,1,2,1,2,14,6,1,1,45,2,2,0
1,58,1,2002,4,1,1,2,2,1,2,1,1,1,1,2,1,1,7,6,1,1,30,2,2,1
1,58,2,2002,4,1,1,2,2,1,4,1,1,1,1,2,1,2,9,6,1,1,40,2,2,0
1,58,3,2002,4,1,1,2,2,1,4,1,1,1,1,1,1,2,4,6,1,1,23,2,2,0
1,58,4,2002,2,1,1,2,2,1,1,1,1,1,1,2,1,2,17,6,1,1,45,2,2,0
1,58,5,2002,2,1,1,2,2,2,1,1,2,1,1,2,1,2,9,6,1,1,33,2,2,0
3,58,4,2002,2,1,1,2,2,1,1,1,1,1,1,2,1,2,9,6,1,1,33,2,2,2
5,58,1,2002,2,1,1,2,2,1,1,1,1,1,1,1,1,2,14,6,1,1,33,1,2,0
6,58,5,2002,1,1,2,2,1,1,4,1,1,1,1,1,1,1,14,6,1,1,30,2,2,0
7,58,1,2002,3,1,1,2,2,1,2,1,1,1,1,1,1,2,9,6,1,1,45,2,2,1
7,58,5,2002,2,1,1,2,2,1,1,2,1,1,1,1,1,2,11,2,1,1,33,2,2,2
8,58,1,2002,3,1,1,2,2,1,1,1,1,1,1,2,1,2,15,6,1,1,33,2,2,3
8,58,5,2002,4,1,1,2,2,1,4,1,1,1,1,2,1,2,7,6,1,1,33,1,2,0
10,58,4,2002,3,1,1,2,2,1,1,1,1,1,1,2,1,2,9,6,1,1,40,2,2,0
12,58,4,2002,3,1,1,2,2,1,1,1,1,1,1,2,1,2,4,6,1,1,40,2,2,1
7,59,5,2002,3,1,1,2,2,1,1,1,1,1,1,2,1,2,10,6,1,1,33,2,2,1
14,63,2,2002,3,1,1,2,2,1,1,1,1,1,1,1,1,2,13,6,1,1,33,2,2,3
1,61,8,2002,2,1,1,2,2,1,1,1,1,1,1,1,1,2,9,1,1,1,35,1,2,1
4,62,3,2002,3,1,8,2,2,1,1,1,1,1,1,2,1,2,4,6,1,1,35,2,1,3
4,62,8,2002,3,1,1,2,2,1,1,1,1,1,1,2,1,2,14,5,1,1,33,1,2,0
4,62,10,2002,3,1,8,2,2,1,1,1,1,1,1,2,1,2,12,5,1,1,28,2,2,0
1,61,10,2002,3,1,1,2,2,1,1,1,1,1,1,1,1,2,9,6,1,1,33,2,2,0
1,62,10,2002,2,1,8,2,2,1,1,1,1,1,1,4,1,2,14,5,1,1,40,1,2,1
11,63,8,2002,4,1,1,2,2,1,3,1,1,1,1,2,1,2,10,6,1,2,33,1,0,0
1,65,10,2002,3,1,1,2,2,1,1,3,1,1,1,1,1,2,9,6,1,1,35,1,2,0
7,65,10,2002,3,1,1,2,2,1,1,1,1,1,1,1,1,2,11,6,1,1,33,1,2,0
5,64,6,2002,4,1,1,2,2,1,3,1,1,1,1,5,1,1,12,6,1,1,41,2,2,0
6,64,1,2002,4,2,6,2,2,1,3,1,1,1,1,5,1,1,14,6,1,1,42,2,2,1
6,64,2,2002,4,1,6,2,2,1,3,1,1,1,1,5,1,1,9,6,1,1,33,2,2,1
6,64,3,2002,4,1,1,2,2,1,3,1,1,1,1,5,1,1,7,6,1,1,33,2,2,1
6,64,6,2002,3,1,8,2,2,1,1,1,1,1,1,5,1,1,7,5,1,1,28,2,2,3
6,64,10,2002,4,1,1,2,2,1,2,1,1,1,1,5,1,1,14,6,1,1,42,2,2,0
7,64,9,2002,4,1,1,2,2,2,3,1,2,1,1,5,1,1,6,6,1,1,33,2,2,0
11,64,7,2002,1,3,1,2,2,1,1,1,1,1,1,5,1,1,10,6,1,1,33,2,2,0
2,64,2,2002,3,1,1,2,2,1,1,1,1,1,1,5,1,1,14,6,1,1,35,1,2,0
2,64,5,2002,3,1,1,2,2,1,1,1,1,1,1,5,1,1,8,6,1,1,33,2,2,1
2,64,6,2002,1,1,1,2,2,1,3,1,1,1,1,5,1,1,8,6,1,1,33,2,2,3
2,64,8,2002,1,1,1,2,2,1,3,1,1,1,1,5,1,1,10,6,1,1,33,1,2,1
2,64,10,2002,4,2,4,2,2,1,3,1,1,1,1,5,1,1,14,6,1,1,33,2,2,1
4,64,7,2002,2,3,6,2,2,1,1,1,1,1,1,5,1,1,14,2,1,1,35,1,2,0
4,64,9,2002,1,2,6,2,1,1,3,1,1,1,1,5,1,1,14,6,1,1,30,2,2,0
4,64,12,2002,4,3,1,2,2,1,1,1,1,1,1,5,1,1,9,6,1,1,35,1,2,1
8,64,1,2002,4,2,1,2,2,1,2,1,1,1,1,5,1,1,9,6,1,1,33,2,2,0
9,64,7,2002,3,1,1,2,2,1,1,1,1,1,1,5,1,1,14,6,1,1,33,2,2,1
9,64,12,2002,2,1,1,2,2,1,1,1,1,1,1,5,1,1,9,6,1,1,30,2,2,0
4,44,3,2002,3,1,1,1,1,1,1,1,1,1,2,1,1,1,14,6,1,1,33,2,2,1
11,47,8,2002,2,1,1,2,2,1,4,1,1,1,1,3,1,2,14,6,1,1,33,2,2,0
7,51,7,2002,4,1,1,2,2,1,4,1,1,1,1,3,1,2,6,6,1,1,33,2,2,1
12,51,7,2002,4,1,1,2,2,1,4,1,1,1,1,3,1,2,6,6,1,1,33,2,2,0
5,41,1,2002,3,1,1,2,2,1,1,1,1,1,1,1,1,2,14,6,1,1,33,2,2,0
5,41,1,2002,3,1,1,2,2,1,1,1,1,1,1,1,1,2,8,6,1,1,33,2,2,0
5,41,6,2002,3,1,1,2,2,1,1,1,1,1,1,1,1,2,9,6,1,1,33,2,2,0
5,41,9,2002,4,1,1,2,2,1,3,1,1,1,1,2,1,2,19,6,1,1,33,2,2,0
1,47,8,2002,3,1,1,2,2,1,1,1,1,1,1,1,1,2,8,6,1,1,33,2,2,1
2,47,10,2002,3,1,1,2,2,1,1,1,1,1,1,1,1,2,9,6,1,1,37,2,2,0
2,47,12,2002,3,1,1,2,2,1,1,1,1,1,1,1,1,2,8,6,1,1,32,2,2,0
6,47,12,2002,4,1,1,2,2,1,2,1,1,1,1,3,1,2,14,6,1,1,33,2,2,0
11,47,9,2002,3,1,1,2,2,1,1,1,1,1,1,3,1,2,7,6,1,1,33,2,2,1
12,47,8,2002,3,1,1,2,2,1,1,1,1,1,1,1,1,2,14,6,1,1,33,2,2,0
12,47,11,2002,2,1,1,2,2,1,2,1,1,1,1,1,1,2,9,6,1,1,33,2,2,3
1,50,11,2002,3,1,1,2,2,1,1,1,1,1,1,1,1,2,9,6,1,1,55,2,2,0
2,50,12,2002,3,1,1,2,2,1,1,1,1,1,1,1,1,2,9,6,1,1,38,2,2,0
7,50,8,2002,3,1,1,2,2,1,1,1,1,1,1,3,1,2,7,6,1,1,33,2,2,0
13,50,9,2002,4,1,1,2,1,1,2,1,1,1,1,2,1,2,9,6,1,1,33,2,2,0
13,50,12,2002,3,1,1,2,2,1,1,1,1,1,1,1,1,2,9,6,1,1,33,2,2,0
6,52,10,2002,3,1,1,2,2,1,1,1,1,1,1,3,1,2,14,6,1,1,28,2,2,1
1,40,11,2002,2,1,1,2,2,1,1,1,1,1,1,1,1,2,9,6,1,1,33,2,2,1
1,40,11,2002,3,1,1,2,2,1,1,1,1,1,1,1,1,2,14,6,1,1,33,2,2,0
5,40,12,2002,2,1,1,2,2,1,1,1,1,1,1,1,1,2,9,6,1,1,33,2,2,1
3,51,11,2002,3,1,1,2,2,1,1,1,1,1,1,2,1,2,8,6,1,1,35,2,2,1
4,51,12,2002,3,1,1,2,2,1,1,1,1,1,1,2,1,2,8,6,1,1,33,2,2,1
12,51,12,2002,2,1,1,2,2,1,1,1,1,1,1,3,1,2,14,6,1,1,33,2,2,0
1,45,9,2002,2,1,1,2,2,1,1,1,1,1,1,1,1,2,9,6,1,1,33,2,2,0
1,45,10,2002,4,1,1,2,2,1,4,1,1,1,1,1,1,2,9,6,1,1,33,2,2,0
4,45,7,2002,4,1,1,2,2,1,4,1,1,1,1,3,1,2,9,6,1,1,33,2,2,1
4,45,9,2002,3,1,1,2,2,1,2,1,1,1,1,3,1,2,14,6,1,1,32,2,2,0
4,45,10,2002,2,1,1,2,2,1,1,1,1,1,1,3,1,2,14,6,1,1,30,2,2,0
6,45,11,2002,2,1,1,2,2,4,2,1,1,1,1,3,1,2,8,6,1,1,33,2,2,0
6,45,12,2002,4,1,1,2,2,1,4,1,1,1,1,1,1,2,9,6,1,1,33,2,2,0
4,44,9,2002,3,1,1,2,2,1,1,1,1,1,1,3,1,2,9,6,1,1,33,2,2,0
5,44,9,2002,3,1,1,2,2,1,1,1,1,1,1,1,1,2,12,6,1,1,33,2,2,1
7,44,8,2002,3,1,1,2,2,1,1,1,1,1,1,1,1,2,14,6,1,1,22,2,2,0
2,43,9,2002,4,1,1,2,2,1,1,1,1,1,1,1,1,2,9,6,1,1,33,2,2,3
2,43,12,2002,4,1,1,2,2,1,4,1,1,1,1,1,1,2,14,6,1,1,33,2,2,1
4,43,9,2002,2,1,1,2,2,1,1,1,1,1,1,1,1,2,12,6,1,1,33,2,2,1
6,43,11,2002,2,1,1,2,2,1,1,1,1,1,1,3,1,2,6,6,1,1,33,2,2,1
1,38,8,2002,1,1,1,2,2,1,1,1,1,1,1,1,1,2,9,6,1,1,33,2,2,1
1,38,9,2002,1,1,1,2,2,1,4,1,1,1,1,1,1,2,14,6,1,1,33,2,2,0
1,38,10,2002,2,1,1,2,2,1,1,1,1,1,1,1,1,1,9,6,1,1,33,2,2,0
1,38,11,2002,3,1,1,2,2,1,1,1,1,1,1,1,1,2,14,6,1,1,33,2,2,3
1,38,11,2002,3,1,1,2,2,1,1,1,1,1,1,1,1,2,14,6,1,1,33,2,2,2
1,38,11,2002,3,1,1,2,2,1,1,1,1,1,1,1,1,2,9,6,1,1,33,2,2,0
3,38,7,2002,3,1,1,2,2,1,1,1,1,1,1,1,1,2,9,6,1,1,33,2,2,0
6,38,12,2002,1,1,1,2,2,1,4,1,1,1,1,1,1,2,10,6,1,1,33,2,2,3
7,38,8,2002,4,1,1,2,2,1,2,1,1,1,1,1,1,2,14,6,1,1,33,2,2,0
1,38,7,2002,3,1,1,2,2,1,1,1,1,1,1,1,1,2,9,6,1,1,33,2,2,1
1,38,7,2002,4,1,1,2,2,1,4,1,1,1,1,1,1,2,14,6,1,1,33,2,2,1
3,37,8,2002,2,1,1,2,2,1,1,1,1,1,1,3,1,2,14,6,1,1,33,2,2,1
6,37,12,2002,2,1,1,2,2,1,1,1,1,1,1,3,1,2,14,6,1,1,33,2,2,1
1,41,10,2002,2,1,1,2,2,1,1,1,1,1,1,1,1,2,14,6,1,1,33,2,2,1
3,41,10,2002,4,1,1,2,2,1,4,1,1,1,1,1,1,2,14,6,1,1,33,2,2,0
3,41,10,2002,2,1,1,2,2,1,1,1,1,1,1,1,1,2,9,6,1,1,33,2,2,0
3,41,11,2002,2,1,1,2,2,1,1,1,1,1,1,1,1,2,8,6,1,1,33,2,2,0
3,41,11,2002,2,1,1,2,2,1,1,1,1,1,1,1,2,2,10,6,1,1,33,2,2,0
5,41,12,2002,4,1,1,2,2,1,3,1,1,1,1,1,1,2,10,6,1,1,33,2,2,0
1,35,10,2002,4,1,1,2,2,1,4,1,1,1,1,1,1,2,14,6,1,1,33,2,2,0
1,35,10,2002,3,1,1,2,2,2,2,1,1,1,1,1,1,2,7,6,1,1,33,2,2,1
1,35,12,2002,3,1,1,2,2,1,1,1,1,1,1,2,1,2,12,6,1,1,33,2,2,1
1,35,12,2002,2,1,1,2,2,1,1,1,1,1,1,1,1,2,9,6,1,1,33,2,2,1
1,35,12,2002,2,1,1,2,2,1,1,1,1,1,1,2,1,2,8,6,1,1,33,2,2,1
4,35,12,2002,3,1,1,2,2,1,1,1,1,1,1,1,1,2,8,6,1,1,33,2,2,0
5,35,12,2002,3,1,1,2,2,1,1,1,1,1,1,3,1,2,9,6,1,1,33,2,2,0
1,36,12,2002,2,1,1,2,2,1,1,1,1,1,1,3,1,2,9,6,1,1,33,2,2,0
1,39,11,2002,2,1,1,2,2,1,1,1,1,1,1,1,1,2,8,6,1,1,33,2,2,0
3,39,7,2002,1,1,1,2,2,1,2,1,1,1,1,1,1,2,12,6,1,1,33,2,2,0
4,39,11,2002,2,1,1,2,2,1,1,1,1,1,1,3,1,2,8,6,1,1,33,2,2,0
7,44,11,2002,4,1,1,2,2,1,4,1,1,1,1,1,1,2,7,6,1,1,33,2,2,0