Thana,District,Month,Year,Time,Junction_Type,Traffic_Control,Movement,Divider,Weather,Light,Road_Geometry,Surface_Condition,Surface_Type,Surface_Quality,Road_Class,Road_Feature,Location_Type,Vehicle_Type,Vehicle_Movement,Vehicle_Loading,Vehicle_Defect,Vehicle_Driver_Age,Vehicle_Alcohol,Vehicle_Seat_Belt,Accident_Severity
7,44,12,2002,4,1,1,2,2,1,4,1,1,1,1,1,1,2,9,6,1,1,33,2,2,0
7,44,12,2002,3,1,1,2,2,1,1,1,1,1,1,1,1,2,9,6,1,1,33,2,2,0
7,44,12,2002,3,1,1,2,2,1,1,1,1,1,1,1,1,1,12,6,1,1,33,2,2,0
7,44,12,2002,3,1,1,2,2,1,1,1,1,1,1,1,1,2,5,6,1,1,33,2,2,0
6,48,6,2002,4,1,1,2,2,1,4,1,1,1,1,3,1,2,8,6,1,1,35,2,2,0
1,49,10,2002,4,1,1,2,2,1,4,1,1,1,1,2,1,2,19,6,1,1,33,2,2,0
2,49,11,2002,3,1,1,2,2,1,1,1,1,1,1,3,1,2,8,10,1,1,33,2,2,1
2,43,1,2002,2,1,1,2,2,1,1,1,1,1,1,1,1,2,8,6,1,1,33,2,2,1
1,51,1,2002,3,1,1,2,2,1,1,1,1,1,1,1,1,2,17,6,1,1,33,2,2,0
8,51,1,2002,3,1,1,2,2,1,1,1,1,1,1,3,1,2,17,6,1,1,33,2,2,0
8,51,1,2002,4,1,1,2,2,1,4,2,1,1,1,3,1,2,14,6,1,1,33,2,2,0
8,51,1,2002,3,1,1,2,2,1,1,1,1,1,2,2,1,2,9,6,1,1,33,2,2,0
2,46,1,2002,3,1,1,2,2,1,1,1,1,1,1,1,1,2,13,6,1,1,33,2,2,1
5,46,1,2002,4,1,1,2,2,1,2,1,1,1,1,3,1,2,14,6,1,1,33,2,2,0
1,50,1,2002,4,1,1,2,2,1,3,1,1,1,1,1,1,1,12,6,1,1,33,2,2,0
2,50,1,2002,2,1,1,2,2,1,1,1,1,1,1,1,1,2,9,6,1,1,33,2,2,0
2,50,1,2002,1,1,1,2,2,4,4,1,1,1,1,1,1,2,7,6,1,1,26,2,2,0
11,50,1,2002,3,1,1,2,2,1,1,1,1,1,1,2,1,2,9,6,1,1,32,2,2,1
12,50,1,2002,3,1,1,2,2,1,1,1,1,1,1,1,1,2,9,6,1,1,30,2,2,1
4,35,1,2002,2,1,1,2,2,1,1,1,1,1,1,3,1,2,9,6,1,1,33,2,2,0
5,35,1,2002,3,1,1,2,2,1,1,1,1,1,1,3,1,2,6,6,1,1,33,2,2,1
1,45,1,2002,4,1,1,2,2,1,2,1,1,1,1,3,1,2,6,6,1,1,33,2,2,0
1,43,2,2002,4,1,1,2,2,1,2,1,1,1,1,3,1,2,11,6,1,1,33,2,2,1
11,50,2,2002,2,1,1,2,2,1,1,1,1,1,1,2,1,2,9,6,1,1,33,2,2,3
4,37,2,2002,2,1,1,2,2,1,1,1,1,1,1,3,1,2,12,6,1,1,33,2,2,1
1,47,2,2002,2,1,1,2,2,1,1,1,1,1,1,1,1,1,14,6,1,1,35,2,2,0
5,47,2,2002,4,1,1,2,2,1,4,1,1,1,1,1,1,2,9,6,1,1,33,2,2,3
8,47,2,2002,3,1,1,2,2,1,1,1,1,1,1,1,1,1,9,6,1,1,33,2,2,0
9,47,2,2002,3,1,1,2,2,1,1,1,1,1,1,1,1,2,14,6,1,1,33,2,2,1
1,45,2,2002,4,1,1,2,2,1,2,1,1,1,1,3,1,2,8,6,1,1,33,2,2,0
2,45,2,2002,3,1,1,2,2,1,1,1,1,1,1,1,1,2,6,6,1,1,40,2,2,3
6,40,2,2002,3,1,1,2,2,1,1,1,1,1,1,1,1,2,9,6,1,1,33,2,2,0
1,51,1,2002,3,1,1,2,2,1,1,1,1,1,1,3,1,2,9,6,1,1,33,2,2,1
8,51,2,2002,4,1,1,2,2,1,2,1,1,1,1,3,1,2,16,6,1,1,33,2,2,0
1,50,3,2002,2,1,1,2,2,1,1,1,1,1,1,1,2,2,9,6,1,1,33,2,2,1
11,50,2,2002,2,1,1,2,2,1,1,1,1,1,1,2,1,2,9,6,1,1,33,2,2,1
6,45,3,2002,2,1,1,2,2,1,1,1,1,1,1,1,1,2,9,6,1,1,33,2,2,1
1,46,2,2002,3,1,1,2,2,1,1,1,1,1,1,3,1,2,14,6,1,1,33,2,2,0
1,46,2,2002,4,1,1,2,2,1,4,1,1,1,1,2,1,2,14,6,1,1,33,2,2,0
1,47,3,2002,1,1,1,2,2,1,4,1,1,1,1,1,1,2,9,6,1,1,33,2,2,1
4,39,3,2002,2,1,1,2,2,1,1,1,1,1,1,3,1,2,8,6,1,1,33,2,2,0
6,52,3,2002,4,1,1,2,2,1,4,1,1,1,1,3,2,2,10,6,1,1,33,2,2,1
1,35,3,2002,2,1,1,2,2,1,2,1,1,1,1,2,1,2,14,6,1,1,33,2,2,3
1,35,3,2002,2,1,1,2,2,1,1,1,1,1,1,2,1,2,9,6,1,1,33,2,2,0
1,48,3,2002,2,1,1,2,2,1,2,1,1,1,1,1,1,2,9,6,1,1,33,2,2,1
1,38,3,2002,4,1,1,2,2,1,4,1,1,1,1,1,1,2,9,6,1,1,33,2,2,0
4,38,3,2002,3,1,1,2,2,1,1,1,1,1,1,3,1,2,14,6,1,1,33,2,2,0
4,51,2,2002,3,1,1,2,2,1,1,1,1,1,1,1,1,2,14,6,1,1,33,2,2,0
2,36,4,2002,4,1,1,2,2,1,4,1,1,1,1,3,1,2,14,6,1,1,40,2,2,1
5,37,4,2002,2,1,1,2,2,1,1,1,1,1,2,3,1,2,14,6,1,1,33,2,2,0
1,38,4,2002,2,1,1,2,2,1,1,1,1,1,1,1,1,2,9,6,1,1,33,2,2,0
6,38,4,2002,2,1,1,2,2,1,1,1,1,1,1,1,1,2,12,6,1,1,27,2,2,0
7,38,4,2002,3,1,1,2,2,1,1,1,1,1,1,1,1,2,5,6,1,1,33,2,2,0
1,47,4,2002,2,1,1,2,2,1,1,1,1,1,1,1,1,2,9,6,1,1,33,2,2,1
1,47,4,2002,4,1,1,2,2,1,3,1,1,1,1,1,1,2,9,6,1,1,33,2,2,1
8,47,4,2002,4,1,1,2,2,1,4,1,1,1,1,1,1,2,6,6,1,1,33,2,2,1
9,47,4,2002,3,1,1,2,2,1,1,1,1,1,1,1,1,2,14,6,1,1,35,2,2,1
5,35,4,2002,3,1,1,2,2,1,1,1,1,1,1,3,1,2,8,6,1,1,33,2,2,0
1,45,4,2002,4,1,1,2,2,1,4,1,1,1,1,1,1,1,8,6,1,1,33,2,2,0
1,50,4,2002,2,1,1,2,1,1,1,1,1,1,1,1,1,2,19,6,1,1,33,2,2,0
6,50,4,2002,4,1,1,2,2,1,2,1,1,1,1,3,1,2,14,6,1,1,33,2,2,1
5,49,4,2002,2,1,1,2,2,1,1,1,1,1,1,3,1,2,14,6,1,1,33,2,2,0
2,43,4,2002,3,1,1,2,2,1,1,1,1,1,1,1,1,2,9,6,1,1,35,2,2,1
1,40,4,2002,2,1,1,2,2,1,1,1,1,1,1,1,1,2,9,6,1,1,38,2,2,0
1,40,5,2002,1,1,1,2,2,1,2,1,1,1,1,1,1,2,14,6,1,1,33,2,2,0
3,40,5,2002,2,1,1,2,2,1,1,1,1,1,1,3,1,2,14,6,1,1,33,2,2,2
1,47,4,2002,4,1,1,2,2,1,2,1,1,1,1,3,1,1,14,6,1,1,38,2,2,0
10,47,5,2002,3,1,1,2,2,1,1,1,1,1,1,3,1,2,9,6,1,1,33,2,2,1
1,38,5,2002,3,1,1,2,2,1,1,1,1,1,1,1,1,1,9,6,1,1,33,2,2,0
3,38,5,2002,4,1,1,2,2,2,4,1,2,1,1,1,1,2,9,6,1,1,33,2,2,1
7,38,5,2002,2,1,1,2,2,1,1,1,1,1,1,1,1,1,9,6,1,1,33,2,2,1
1,35,5,2002,3,1,1,2,2,1,1,1,1,1,1,1,1,1,12,6,1,1,33,2,2,3
1,35,5,2002,1,1,1,2,2,1,2,1,1,1,1,1,1,1,12,6,1,1,33,2,2,0
1,50,5,2002,3,1,1,2,2,1,1,1,1,1,1,1,1,2,10,6,1,1,33,2,2,0
2,50,4,2002,3,1,1,2,2,1,1,1,1,1,1,1,1,2,9,6,1,1,33,2,2,1
5,50,5,2002,4,1,1,2,2,1,2,1,1,1,1,3,1,2,9,6,1,1,33,2,2,0
1,51,2,2002,3,1,1,2,2,1,1,1,1,1,1,2,1,2,9,6,1,1,35,2,2,1
6,51,5,2002,3,1,1,2,2,1,1,1,1,1,1,3,1,2,15,6,1,1,33,2,2,1
8,51,5,2002,3,1,1,2,2,1,1,1,1,1,1,2,1,2,7,6,1,1,33,2,2,0
1,38,6,2002,3,1,1,2,2,1,1,1,1,1,1,1,1,2,4,6,1,1,33,2,2,0
1,46,4,2002,2,1,1,2,2,1,1,1,1,1,1,1,1,1,8,6,1,1,33,2,2,1
2,46,4,2002,4,1,1,2,2,1,2,1,1,1,1,1,1,2,14,6,1,1,33,2,2,0
5,46,4,2002,3,1,1,2,2,1,1,1,1,1,1,3,1,2,14,6,1,1,33,2,2,0
2,46,5,2002,4,1,1,2,2,1,1,1,1,1,3,1,1,2,9,6,1,1,33,2,2,0
5,40,6,2002,3,1,1,2,1,1,1,1,1,1,1,1,1,2,14,6,1,1,33,2,2,1
1,47,6,2002,3,1,1,2,2,1,1,1,1,1,1,1,1,1,9,6,1,1,33,2,2,1
7,44,5,2002,2,1,1,2,2,1,1,1,1,1,1,1,1,2,13,6,1,1,33,2,2,3
5,44,6,2002,2,1,1,2,2,1,2,1,1,1,1,3,1,2,14,6,1,1,30,2,2,1
5,44,6,2002,3,1,1,2,2,1,1,1,1,1,1,3,1,2,8,6,1,1,30,2,2,0
1,40,7,2002,2,1,1,2,2,1,1,1,1,1,1,1,1,2,10,6,1,1,33,2,2,3
3,40,7,2002,2,1,1,2,2,1,1,1,1,1,1,1,1,2,9,6,1,1,33,2,2,0
5,40,7,2002,2,1,1,2,2,2,1,1,2,1,1,1,1,2,8,6,1,1,33,2,2,1
6,40,7,2002,3,1,1,2,2,1,1,1,1,1,1,3,1,2,9,6,1,1,33,2,2,1
1,46,7,2002,3,1,1,2,2,1,1,1,1,1,1,1,1,2,14,6,1,1,33,2,2,0
1,46,10,2002,3,1,1,2,2,1,1,1,1,1,1,1,1,2,14,6,1,1,33,2,2,0
2,46,12,2002,4,1,1,2,2,1,4,1,1,1,1,1,1,2,14,6,1,1,33,2,2,1
3,46,12,2002,1,1,1,2,2,1,3,1,1,1,1,3,1,2,14,6,1,1,33,2,2,0
4,48,1,2002,3,1,1,2,2,1,1,1,1,1,1,3,1,2,14,6,1,1,33,2,2,0
1,52,11,2002,3,1,1,2,2,1,1,1,1,1,1,2,1,2,6,6,1,1,33,2,2,0
1,47,5,2002,3,1,1,2,2,1,1,1,1,1,2,3,1,2,9,6,1,1,33,2,2,1
6,47,12,2002,4,1,1,2,2,1,2,1,1,1,1,3,1,2,14,6,1,1,33,2,2,0
2,47,10,2002,3,1,1,2,2,1,1,1,1,1,1,1,1,2,9,6,1,1,33,2,2,0
2,47,12,2002,3,1,1,2,2,1,1,1,1,1,1,1,1,2,8,6,1,1,33,2,2,0
5,46,7,2002,3,1,1,2,2,1,1,1,1,1,1,3,1,2,4,6,1,1,33,2,2,0
5,46,11,2002,3,1,1,2,2,1,1,1,1,1,1,1,1,2,9,6,1,1,33,2,2,0
4,41,3,2002,3,1,1,2,2,1,1,1,1,1,1,3,1,2,9,6,1,1,33,2,2,1
3,51,8,2002,3,1,1,2,2,1,1,1,1,1,1,1,1,2,8,6,1,1,33,2,2,0
4,51,6,2002,3,1,1,2,2,1,1,1,1,1,1,1,1,2,14,6,1,1,33,2,2,2
7,56,1,2002,3,1,1,2,2,1,1,1,1,1,1,4,1,2,17,6,1,1,28,2,2,0
11,54,1,2002,2,1,2,2,2,1,1,1,1,1,1,3,1,2,17,6,2,7,22,2,2,1
3,54,1,2002,3,2,8,2,2,1,1,4,1,1,1,3,1,2,7,6,1,2,33,2,2,0
9,54,2,2002,3,3,1,2,2,1,1,2,1,1,1,1,3,2,14,2,2,7,33,1,0,1
7,53,2,2002,3,7,1,2,2,1,1,1,1,1,1,3,1,2,7,6,1,7,25,2,2,0
1,56,2,2002,3,7,1,2,2,1,1,1,1,1,2,4,1,2,9,6,1,2,33,1,0,0
1,54,3,2002,3,1,1,2,2,1,1,2,1,1,1,3,1,1,8,6,1,1,45,2,1,0
5,54,3,2002,4,1,1,2,2,1,4,1,1,1,3,3,1,2,14,5,1,7,33,2,2,0
10,54,3,2002,2,1,1,2,2,1,1,2,1,1,1,4,4,2,4,1,1,1,40,2,2,1
7,54,3,2002,4,1,1,2,2,3,4,1,2,1,2,3,1,2,5,6,1,1,33,1,2,0
1,56,3,2002,1,3,1,2,2,1,2,2,1,1,1,2,1,1,17,6,1,2,33,1,0,0
8,56,3,2002,3,1,1,2,2,1,1,1,1,1,1,3,1,2,6,6,1,2,35,1,0,0
2,55,3,2002,3,7,1,2,2,1,1,1,1,1,1,3,1,2,19,6,1,2,33,1,0,0
1,54,4,2002,3,1,1,2,2,2,1,2,2,1,1,1,1,1,9,1,2,7,33,1,2,0
13,54,4,2002,2,1,1,2,2,2,1,1,2,1,3,1,1,2,9,5,1,2,33,1,2,0
8,56,4,2002,4,1,1,2,2,1,2,2,1,2,2,4,1,2,10,6,1,2,40,2,2,3
3,54,5,2002,4,7,1,2,2,1,4,1,1,1,1,3,1,2,10,6,1,1,33,2,2,1
3,56,5,2002,1,1,1,2,2,2,4,1,2,1,2,1,1,2,14,5,1,7,33,1,2,0
6,55,5,2002,3,1,2,2,2,1,1,1,1,1,1,1,1,1,11,6,1,7,33,1,2,0
5,55,5,2002,3,4,8,2,2,1,1,2,1,1,1,4,1,2,11,1,1,1,33,2,2,3
6,55,6,2002,2,1,1,2,2,2,1,1,2,1,1,1,1,2,10,6,1,1,29,2,2,0
4,56,6,2002,3,1,1,2,2,1,1,1,1,1,1,3,1,2,11,6,1,1,33,2,2,0
9,54,6,2002,3,1,1,2,2,1,1,1,1,1,1,1,1,2,6,6,1,7,25,2,2,0
1,55,7,2002,2,3,1,2,2,1,1,1,1,1,1,1,1,2,8,2,1,1,30,2,2,0
4,55,7,2002,2,1,1,2,2,1,1,1,1,1,1,4,1,2,7,11,1,1,20,2,2,0
1,54,7,2002,2,1,1,2,2,1,1,1,1,1,1,1,1,2,5,6,1,2,35,2,2,3
9,56,8,2002,2,1,1,2,2,1,1,1,1,1,1,3,1,1,9,6,1,1,44,1,2,0
1,53,9,2002,2,7,1,2,2,1,1,1,1,1,1,2,1,2,4,6,1,1,33,1,2,0
1,54,11,2002,2,1,1,2,2,1,1,1,1,1,1,5,2,1,6,6,1,2,33,2,2,1
1,56,11,2002,1,4,2,2,1,3,1,1,1,1,1,3,1,1,2,6,1,2,45,1,0,0
1,54,11,2002,2,1,1,2,2,1,1,1,1,1,1,4,1,2,8,5,1,1,40,2,2,2
1,54,10,2002,3,2,8,2,2,1,1,1,1,1,1,1,3,2,4,4,1,2,33,1,0,0
3,54,11,2002,3,1,1,2,2,1,1,1,1,1,1,3,1,2,8,6,1,1,33,2,2,0
1,53,11,2002,2,7,1,2,2,1,1,1,1,1,1,5,1,1,11,6,1,7,23,2,2,0
1,54,12,2002,4,7,4,2,2,1,3,1,1,1,1,5,1,1,7,6,1,1,26,2,2,1
1,54,12,2002,3,7,1,2,2,1,1,1,1,1,1,1,2,2,19,6,1,2,33,2,2,1
1,54,12,2002,3,1,1,2,1,1,1,1,1,1,1,3,3,2,8,4,1,1,20,1,2,0
1,54,12,2002,4,1,1,2,2,1,4,1,1,1,1,1,1,2,14,6,1,2,33,1,0,0
3,28,1,2002,4,1,1,2,2,1,4,1,1,1,1,1,1,1,9,6,1,1,33,2,2,0
4,28,1,2002,3,1,1,2,2,2,1,2,2,1,1,1,1,1,5,6,1,1,36,2,2,1
5,28,1,2002,2,1,1,2,2,1,1,1,1,1,3,5,1,1,9,6,1,1,42,2,2,1
2,28,2,2002,3,3,1,2,1,1,1,1,1,1,1,1,1,1,11,6,1,1,33,2,2,0
3,21,1,2002,1,1,1,1,2,4,2,1,1,1,1,1,1,2,14,6,2,1,35,1,2,0
1,24,2,2002,3,1,1,2,2,1,1,1,1,1,1,1,1,2,7,1,1,1,33,1,2,0
1,24,2,2002,2,1,1,2,1,1,1,1,1,1,1,1,1,1,11,6,1,1,33,1,2,3
1,24,2,2002,2,1,1,2,2,1,1,1,1,2,1,4,1,2,13,6,1,1,33,1,2,0
1,28,2,2002,2,1,1,2,2,1,1,1,1,2,1,3,1,2,14,6,1,1,33,2,2,0
5,24,2,2002,4,4,1,2,2,1,1,1,1,1,1,2,1,2,9,6,1,7,33,1,2,0
8,24,2,2002,3,1,1,2,2,1,1,1,1,1,1,1,1,2,9,6,1,1,33,1,2,0
2,18,2,2002,3,1,1,2,2,1,1,1,1,1,1,4,1,2,17,5,1,7,25,2,2,0
3,29,2,2002,3,1,1,2,2,1,1,1,1,1,1,1,1,1,14,6,1,1,25,2,2,0
5,28,3,2002,2,1,4,2,2,1,1,1,1,1,1,5,1,1,9,6,1,1,33,2,2,1
4,28,3,2002,4,6,4,1,2,1,1,1,1,1,1,1,1,1,14,6,1,1,33,1,1,0
1,24,3,2002,3,1,1,2,2,1,1,1,1,1,1,1,1,2,14,6,1,1,33,1,2,0
1,24,3,2002,5,7,1,2,2,1,1,1,1,1,1,5,1,1,9,5,1,1,32,2,2,0
1,18,3,2002,2,1,1,2,2,1,1,1,1,1,1,1,1,2,9,6,1,1,33,1,2,0
2,18,3,2002,3,1,2,2,2,1,1,1,1,1,1,4,1,2,14,5,1,1,33,2,2,0
4,28,4,2002,3,3,8,2,2,1,1,1,1,1,1,1,1,1,14,6,1,1,35,2,2,0
1,22,4,2002,3,3,2,2,2,1,1,1,1,1,1,1,1,2,9,6,1,1,33,2,2,0
4,32,1,2002,4,7,1,2,2,2,4,1,2,1,1,3,2,2,8,6,1,1,22,2,2,1
2,24,4,2002,2,1,1,2,2,1,1,1,1,1,1,1,1,1,9,5,1,1,40,1,2,0
6,25,4,2002,2,1,1,2,2,1,1,1,1,1,1,3,1,2,9,6,1,1,40,2,2,3
1,25,4,2002,3,7,3,2,2,1,1,1,1,1,1,3,1,2,14,6,1,1,33,1,2,0
1,21,4,2002,4,1,1,2,1,1,1,1,1,1,1,1,1,2,9,11,1,1,50,2,2,0
1,21,4,2002,1,7,8,2,2,1,1,1,1,1,1,1,1,2,14,6,1,1,33,1,2,0
2,21,4,2002,2,1,8,2,2,1,1,1,1,1,1,4,1,2,4,11,1,1,28,1,2,1
5,28,5,2002,3,1,8,2,2,1,1,1,1,1,1,5,1,1,14,6,1,1,33,2,2,1
3,28,5,2002,3,7,1,2,2,1,1,1,1,1,1,5,1,1,14,6,2,7,33,1,2,0
4,18,4,2002,2,7,1,2,2,1,2,1,1,1,1,2,1,1,14,6,1,1,33,1,2,0
2,18,4,2002,2,1,1,1,2,1,1,1,1,1,1,3,1,1,14,11,1,1,38,2,2,0
1,26,3,2002,4,4,8,2,2,1,4,1,1,1,1,2,1,2,9,5,1,7,33,1,2,1
1,21,5,2002,3,1,1,1,2,1,1,1,1,1,1,3,1,2,6,6,1,7,33,1,2,1
3,18,5,2002,3,1,1,2,1,1,1,1,1,2,2,3,1,2,10,6,1,1,33,2,2,0
1,24,6,2002,3,1,1,2,2,1,1,2,1,1,1,1,1,2,9,6,1,1,33,2,2,1
1,19,7,2002,3,3,1,2,2,1,1,1,1,1,1,2,1,2,2,6,1,1,33,2,2,0
1,20,6,2002,3,1,1,2,2,1,2,1,1,1,1,2,1,2,9,6,1,1,32,1,2,3
1,24,7,2002,3,4,1,2,2,1,1,2,1,1,1,1,1,2,9,6,1,1,33,2,2,0
3,25,7,2002,5,1,1,2,2,1,1,1,1,1,1,3,1,2,9,6,1,1,33,1,2,0
3,25,6,2002,3,7,8,1,2,1,1,1,1,1,1,3,1,2,9,6,1,1,34,1,2,0
3,25,5,2002,2,7,1,1,2,1,2,1,1,1,1,3,1,2,14,6,1,1,33,2,2,0
3,28,8,2002,2,1,1,2,2,1,2,1,1,1,1,5,1,1,14,6,1,1,33,2,2,1
1,24,1,2002,3,1,1,2,2,1,1,1,1,1,1,1,1,1,14,6,1,1,33,1,2,0
1,24,2,2002,2,1,1,2,2,1,1,1,1,2,1,3,1,2,14,6,1,1,33,2,2,0
1,21,7,2002,4,1,1,2,2,1,4,1,1,1,1,2,1,2,5,6,1,1,33,2,2,0
1,24,8,2002,2,2,1,2,2,1,1,1,1,1,1,1,1,2,9,6,1,1,35,1,2,0
9,24,8,2002,2,7,1,2,2,1,1,1,1,1,1,1,1,2,8,5,1,7,30,2,2,0
6,21,5,2002,3,3,1,2,2,1,1,2,1,1,1,1,2,2,9,6,1,1,33,2,2,0
6,21,6,2002,2,1,1,2,2,1,1,1,1,1,1,4,1,2,7,6,2,1,32,2,2,0
1,22,9,2002,4,7,8,1,2,1,2,1,1,1,1,3,1,2,4,6,1,1,33,2,2,0
1,24,9,2002,3,3,1,1,2,1,1,1,1,1,1,1,1,1,9,5,1,1,33,1,2,0
3,21,9,2002,2,1,1,2,2,2,1,1,2,1,1,1,2,2,14,6,1,1,28,2,2,0
4,21,9,2002,4,1,1,1,2,1,3,1,1,1,1,3,1,1,8,11,1,1,33,2,2,0
2,28,10,2002,3,7,1,1,2,1,1,1,1,1,1,1,1,1,5,6,1,1,33,1,2,1
1,28,10,2002,3,7,2,2,1,1,1,1,1,1,1,5,1,1,16,6,1,1,33,1,2,0
1,27,11,2002,2,3,8,1,2,4,2,1,1,1,1,3,1,2,11,6,1,7,43,1,1,0
2,27,10,2002,3,1,1,2,2,1,1,1,1,1,1,2,1,2,9,5,1,7,33,2,2,0
4,28,11,2002,4,1,1,2,2,1,3,1,1,1,1,5,1,1,9,6,1,1,35,2,1,3
9,24,11,2002,1,1,8,2,1,1,1,1,1,1,1,1,1,1,14,8,1,1,33,2,2,1
7,18,7,2002,3,5,8,2,2,1,1,2,1,1,1,4,1,2,9,1,1,7,38,2,2,1
1,24,12,2002,3,1,6,1,2,1,1,1,1,1,1,1,1,1,9,10,1,1,33,1,2,1
1,24,12,2002,2,1,1,2,2,1,1,1,1,1,1,1,1,2,9,6,1,1,33,2,2,0
1,25,2,2002,2,1,1,2,2,1,1,1,1,1,2,2,1,2,14,6,1,1,33,2,2,1
1,25,12,2002,2,1,1,2,2,1,1,1,1,1,1,2,1,2,12,6,1,1,33,1,2,0
1,25,10,2002,2,1,1,2,2,1,1,1,1,1,1,3,1,2,12,6,1,1,33,1,2,1
4,25,12,2002,2,7,1,2,2,1,1,1,1,1,1,2,1,2,8,6,2,1,32,1,2,0
1,32,5,2002,3,1,1,1,2,1,1,2,1,1,1,1,1,2,9,3,1,7,33,2,2,0
1,32,9,2002,2,1,1,1,2,1,1,2,1,1,1,3,1,2,9,3,1,7,50,2,2,0
3,29,7,2002,2,1,1,2,2,1,1,1,1,1,1,1,1,2,9,6,1,1,33,2,2,0
1,29,5,2002,3,7,1,1,2,1,1,4,1,1,1,2,1,2,14,1,1,7,45,2,2,1
1,29,7,2002,2,1,8,2,2,1,1,1,1,1,1,2,1,2,8,11,1,1,33,2,2,0
2,19,12,2002,3,3,1,2,2,1,1,1,1,1,1,2,1,2,17,11,1,1,43,2,2,0
1,21,12,2002,3,1,1,2,2,1,1,1,1,1,1,2,2,2,9,6,1,1,38,2,2,0
1,21,12,2002,2,7,1,2,2,1,1,1,1,1,1,1,1,2,14,6,1,1,35,2,2,0
2,21,12,2002,3,1,1,2,2,1,1,1,1,1,1,4,1,1,4,5,1,7,33,2,2,1
1,33,1,2002,2,1,1,2,2,1,1,1,1,1,1,3,1,2,9,6,1,3,40,2,2,0
5,33,3,2002,3,1,8,2,2,1,1,1,1,1,1,2,1,2,9,6,1,1,33,2,2,0
3,33,7,2002,2,5,1,2,2,2,1,2,2,1,1,3,1,2,9,2,1,1,40,2,2,0
3,33,10,2002,3,1,1,2,2,1,1,1,1,1,2,3,1,2,4,6,1,1,50,2,2,0
5,33,10,2002,2,1,1,2,2,1,1,1,1,1,1,4,1,2,4,6,1,1,50,2,2,1
1,33,10,2002,4,1,1,2,1,1,2,1,1,1,1,3,1,2,5,5,1,6,33,2,2,0
3,13,1,2002,2,7,1,2,2,1,1,1,1,1,1,4,1,2,14,6,1,1,33,1,2,0
5,12,1,2002,2,7,1,2,2,1,1,1,1,1,1,3,1,2,14,6,1,1,33,2,2,0
1,12,1,2002,2,1,1,2,2,4,2,1,2,1,1,3,1,1,13,6,1,1,33,1,2,0
3,5,1,2002,1,1,1,2,2,4,4,1,1,1,1,1,1,2,14,10,1,1,33,2,2,2
3,14,1,2002,3,3,1,2,2,1,1,1,1,1,1,5,1,1,14,6,1,1,33,1,2,0
3,14,1,2002,3,3,1,1,2,1,1,1,1,1,1,5,1,1,14,6,1,1,33,2,2,0
1,14,1,2002,4,4,1,2,2,1,3,1,1,1,1,5,1,1,5,6,1,1,22,2,2,1
1,14,1,2002,3,1,1,2,2,1,1,1,1,1,1,5,1,1,9,6,1,1,33,2,2,0
1,14,1,2002,3,1,1,2,1,1,1,1,1,1,1,5,1,1,9,5,1,1,35,2,2,0
8,5,1,2002,3,7,8,2,2,1,1,1,1,1,1,1,1,2,14,7,1,7,33,2,2,0
1,1,1,2002,3,1,1,2,2,1,1,1,1,1,1,1,1,1,14,4,1,1,28,2,2,0
6,15,1,2002,4,1,1,2,2,1,2,1,1,1,1,1,1,2,9,6,1,1,33,2,2,0
6,13,2,2002,3,3,1,2,2,1,1,1,1,1,1,2,1,2,9,6,1,1,33,2,2,1
6,13,4,2002,2,1,1,2,2,1,1,1,1,1,1,2,1,2,7,6,1,1,33,2,2,1
6,13,5,2002,4,1,1,2,2,1,1,1,1,1,1,2,1,2,7,6,1,1,33,1,2,1
3,13,5,2002,2,1,1,2,2,1,1,1,1,1,1,3,1,2,9,6,1,1,33,2,2,1
8,13,5,2002,4,1,1,2,2,1,2,2,1,1,1,1,1,2,4,6,1,1,24,2,2,1
5,13,2,2002,3,1,1,2,2,1,1,1,1,1,1,2,1,2,16,1,1,1,33,2,2,0
1,15,2,2002,2,3,1,2,2,1,2,1,1,1,1,1,1,2,14,5,1,1,33,2,2,0
1,13,3,2002,2,1,1,2,2,1,1,1,1,2,1,4,1,2,17,6,1,1,32,2,2,1
7,13,2,2002,2,2,4,2,2,1,1,1,1,1,1,2,1,2,17,6,1,1,28,2,2,2
7,13,3,2002,2,1,1,2,2,1,1,1,1,1,1,3,1,2,14,6,1,1,33,2,2,3
5,15,2,2002,4,1,1,2,2,1,2,1,1,1,1,4,1,2,17,6,1,1,33,2,2,0
1,2,1,2002,4,1,1,2,2,1,1,1,1,1,1,4,1,2,14,6,1,1,33,1,2,0
5,8,3,2002,3,1,1,2,2,1,1,1,1,1,1,3,1,1,14,6,1,1,33,2,2,0
1,15,4,2002,2,1,1,2,2,1,1,1,1,1,1,1,1,2,9,6,1,1,33,2,2,0
6,15,5,2002,2,1,1,2,2,1,1,1,1,1,1,1,1,2,13,6,1,1,33,2,2,0
6,15,5,2002,4,1,1,2,2,1,2,1,1,1,1,1,1,2,10,6,1,1,33,2,2,3
3,15,4,2002,2,1,1,2,2,1,1,1,1,1,1,1,1,2,14,6,1,1,51,2,2,0
1,12,3,2002,2,1,1,2,2,1,1,1,1,1,1,3,1,1,8,6,1,1,33,2,2,1
1,12,5,2002,3,1,1,2,2,1,1,1,1,1,1,3,1,2,14,6,1,1,38,2,2,0
5,12,2,2002,4,1,1,2,2,1,1,1,1,1,1,3,1,2,14,6,1,1,33,2,2,0
5,12,3,2002,2,1,1,2,2,1,2,2,1,1,1,3,1,2,14,6,1,1,33,2,2,0