Thana,District,Month,Year,Time,Junction_Type,Traffic_Control,Movement,Divider,Weather,Light,Road_Geometry,Surface_Condition,Surface_Type,Surface_Quality,Road_Class,Road_Feature,Location_Type,Vehicle_Type,Vehicle_Movement,Vehicle_Loading,Vehicle_Defect,Vehicle_Driver_Age,Vehicle_Alcohol,Vehicle_Seat_Belt,Accident_Severity
4,17,1,2002,3,1,1,2,2,1,1,1,1,1,1,5,1,1,14,6,2,1,25,2,2,0
5,9,1,2002,3,1,1,2,2,1,1,2,1,1,1,2,1,2,13,6,1,1,45,2,2,0
8,17,1,2002,3,1,1,2,2,1,1,1,1,1,1,4,1,1,13,6,1,1,31,2,2,3
3,8,3,2002,2,1,1,2,2,1,1,1,1,1,1,1,1,2,14,6,2,1,33,2,2,0
5,8,3,2002,2,1,1,2,2,1,2,1,1,1,1,1,1,2,7,6,1,1,33,2,2,0
1,3,4,2002,2,3,1,2,2,1,1,1,1,1,1,2,1,2,14,6,2,1,33,1,2,0
1,3,2,2002,2,1,1,2,2,1,1,1,1,1,1,5,1,2,9,6,1,1,33,1,2,0
3,3,1,2002,3,1,1,2,2,1,1,1,1,1,1,2,1,2,9,6,1,1,33,1,2,1
6,3,3,2002,4,1,2,2,2,1,2,1,1,1,1,1,1,2,9,6,1,1,33,1,2,0
8,3,3,2002,2,3,1,2,2,3,1,2,2,1,1,2,1,2,9,6,1,1,33,2,2,0
9,3,2,2002,3,1,1,2,2,1,1,1,1,1,1,2,1,2,8,6,1,1,33,2,2,0
9,3,2,2002,2,1,1,2,2,1,1,1,1,1,1,3,1,2,4,6,1,1,25,2,2,0
13,3,1,2002,3,1,1,2,2,1,1,1,1,1,1,3,1,2,8,6,1,1,33,2,2,0
1,4,5,2002,4,1,1,2,2,1,2,1,1,1,1,2,1,2,14,6,1,1,33,1,2,3
1,4,6,2002,3,1,1,2,2,1,1,1,1,1,1,5,1,2,14,6,1,1,45,2,2,1
4,4,2,2002,4,1,1,2,2,1,2,1,1,1,1,3,1,2,14,6,1,1,32,2,2,1
5,4,5,2002,3,1,1,2,2,1,1,1,1,1,1,4,1,2,14,6,1,1,33,2,2,3
6,4,3,2002,2,1,1,2,2,1,2,1,1,1,1,1,1,1,14,6,1,1,33,2,2,0
1,14,5,2002,2,1,1,2,2,1,1,1,1,1,1,5,1,2,14,6,1,1,33,2,2,1
1,15,6,2002,3,5,4,2,2,1,1,2,1,1,1,1,1,1,8,6,1,1,33,2,2,0
5,15,1,2002,3,1,1,2,2,1,1,1,1,1,1,3,1,2,14,6,1,1,33,2,2,0
3,1,7,2002,3,1,1,2,2,1,1,1,1,1,1,1,1,2,14,6,1,1,33,2,2,0
5,1,7,2002,3,1,1,2,2,1,1,1,1,1,1,4,1,2,4,6,1,1,25,2,1,3
2,7,7,2002,3,1,1,2,2,1,1,1,1,1,1,3,1,2,7,6,1,1,40,2,2,1
4,8,7,2002,2,1,1,2,2,1,2,1,1,1,1,1,1,1,14,6,1,1,38,2,2,0
4,8,7,2002,4,1,1,2,2,1,2,1,1,1,1,2,1,1,14,6,1,1,33,1,2,0
1,14,7,2002,4,1,2,2,2,1,2,1,1,1,1,2,1,2,9,6,1,1,40,1,2,1
4,14,7,2002,2,1,1,2,2,1,1,1,1,1,1,2,1,1,9,6,1,1,35,2,2,0
1,14,2,2002,3,1,1,2,2,1,1,1,1,1,1,5,1,1,8,6,1,1,33,2,2,0
1,14,3,2002,4,2,6,1,1,1,2,1,1,1,1,5,1,1,14,6,1,1,40,2,2,0
1,14,3,2002,3,1,1,2,1,1,1,1,1,1,1,5,1,1,9,1,1,1,30,2,2,0
1,14,4,2002,2,1,1,1,1,1,1,1,1,1,1,5,1,1,8,6,1,1,38,1,2,1
3,14,3,2002,4,2,1,2,2,1,2,1,1,1,1,5,4,1,9,6,1,1,33,2,2,0
2,14,4,2002,2,3,1,2,2,1,1,1,1,1,1,5,1,1,9,6,1,1,33,2,2,0
4,14,6,2002,4,1,1,2,2,1,1,2,1,1,1,5,1,1,4,2,1,1,28,2,2,3
5,13,7,2002,2,1,1,2,2,1,1,1,1,1,1,2,1,2,14,6,1,1,30,2,2,1
8,13,7,2002,3,3,1,2,2,1,1,1,1,1,1,1,1,2,9,6,1,1,33,1,2,0
5,12,8,2002,3,1,1,2,2,1,1,2,1,1,1,3,1,2,10,6,1,1,33,2,2,0
3,14,8,2002,1,4,1,2,1,1,1,2,1,1,1,5,1,1,14,3,1,1,25,2,2,1
2,14,8,2002,2,3,1,2,2,1,1,2,1,1,1,1,1,1,9,6,1,1,2,2,2,0
9,13,8,2002,4,3,1,2,2,1,2,1,1,1,1,3,1,2,4,6,1,1,33,2,2,1
9,13,8,2002,4,1,1,2,2,1,2,1,1,1,1,3,1,2,8,6,1,1,33,2,2,1
2,13,8,2002,2,1,1,2,2,2,1,1,2,1,1,3,1,2,14,6,1,1,35,2,2,0
1,2,5,2002,3,1,1,2,2,1,1,1,1,1,1,1,1,2,14,6,1,1,34,2,2,0
1,2,6,2002,3,1,1,1,1,1,1,1,1,1,1,3,1,1,8,6,1,1,33,2,2,0
1,2,6,2002,3,1,1,2,2,1,1,1,1,1,1,1,1,2,6,2,1,1,33,2,2,0
3,4,8,2002,4,1,1,2,2,2,2,1,2,1,1,3,1,2,8,6,1,1,33,2,2,0
13,3,8,2002,3,1,1,2,2,1,1,1,1,1,1,3,1,2,14,6,1,1,33,2,2,0
1,3,8,2002,2,1,1,2,2,1,1,1,1,1,1,5,1,1,4,6,1,1,20,2,2,3
1,2,4,2002,2,1,1,2,2,1,1,1,1,1,1,1,1,2,8,6,1,1,40,2,2,0
5,2,4,2002,2,1,1,2,2,1,1,1,1,1,1,3,1,2,19,6,1,1,33,2,2,0
4,2,7,2002,3,1,1,2,2,1,1,1,2,1,1,3,1,2,8,6,2,1,33,2,2,0
12,3,6,2002,4,1,1,2,2,1,4,1,1,1,1,2,1,2,14,6,1,1,45,2,2,0
1,3,7,2002,4,1,1,2,2,1,2,1,1,1,1,5,1,2,10,6,1,1,33,1,2,3
3,2,9,2002,2,1,1,2,2,1,1,1,1,1,1,3,1,2,17,6,1,1,25,2,2,1
1,8,9,2002,4,1,2,2,1,2,1,1,1,1,1,2,1,2,14,6,1,1,33,2,2,0
1,15,8,2002,3,1,1,2,2,1,1,1,1,1,1,1,1,2,10,6,1,1,33,2,2,1
6,15,8,2002,2,1,1,2,2,1,1,1,1,1,1,1,1,2,14,6,1,1,33,2,2,1
1,15,9,2002,2,1,1,2,2,1,1,1,1,1,1,1,1,1,17,6,1,1,22,2,2,3
6,15,10,2002,2,1,1,2,2,1,1,1,1,1,1,1,1,1,13,6,1,1,33,2,2,1
1,12,10,2002,4,1,1,2,2,1,4,2,1,1,1,2,1,1,6,1,1,1,33,2,2,0
4,12,10,2002,3,1,1,2,2,1,1,2,1,1,1,3,1,2,14,11,1,1,30,2,2,0
4,7,10,2002,2,1,1,2,2,1,1,1,1,1,1,3,1,2,13,6,1,1,32,1,2,0
3,15,10,2002,2,1,1,2,2,1,1,1,1,1,1,3,1,2,8,6,1,1,33,2,2,1
5,15,9,2002,3,1,1,2,2,1,1,1,1,1,1,3,1,2,9,1,1,1,33,2,2,1
6,15,7,2002,3,1,1,2,2,1,1,2,1,1,1,1,1,2,9,6,1,1,33,2,2,0
11,3,9,2002,3,1,1,2,2,1,1,1,1,1,1,3,1,2,14,6,1,1,48,2,2,0
4,13,9,2002,3,1,1,2,2,1,1,1,2,3,2,3,1,2,12,6,1,1,33,2,2,2
8,13,10,2002,3,1,1,2,2,1,1,2,1,1,1,1,1,2,14,6,1,1,33,1,2,0
3,12,11,2002,3,1,1,2,2,1,1,1,1,1,1,3,1,2,8,6,1,1,35,2,2,0
5,3,10,2002,2,1,1,2,2,1,1,1,1,1,1,3,1,2,17,6,1,2,33,2,2,1
4,8,10,2002,2,1,1,2,2,1,2,1,1,1,1,2,1,2,7,6,1,1,33,1,2,0
1,3,10,2002,4,1,1,2,2,1,2,1,1,1,1,2,1,2,8,6,2,1,33,2,2,0
3,8,10,2002,3,1,1,2,2,1,1,1,1,1,1,1,1,2,12,6,1,1,38,2,2,1
2,14,11,2002,3,3,1,2,2,1,1,1,1,1,1,5,1,2,9,6,1,1,33,2,2,0
5,13,11,2002,2,1,1,2,2,1,1,1,1,1,1,3,1,2,14,6,1,1,33,2,2,0
5,13,11,2002,3,1,1,2,2,1,1,1,1,1,1,2,1,2,8,6,1,1,33,2,2,0
3,13,11,2002,3,1,1,2,2,1,1,1,1,1,1,3,1,2,14,6,2,1,33,1,2,0
5,10,6,2002,2,1,1,2,2,1,3,2,1,1,1,3,1,2,7,6,1,1,33,2,2,0
1,10,5,2002,2,1,1,2,1,1,1,1,1,1,1,3,1,2,14,6,1,1,40,2,2,0
1,10,11,2002,3,1,1,2,2,1,1,1,1,1,1,2,1,2,8,6,1,1,40,2,0,0
5,13,11,2002,4,1,1,2,2,1,2,2,1,1,1,2,1,2,8,6,1,1,37,1,2,0
3,10,6,2002,3,1,1,2,2,1,1,1,1,1,1,2,1,2,14,6,1,1,33,2,2,0
5,13,11,2002,5,1,1,2,2,1,2,2,1,2,1,2,1,2,9,6,1,1,27,1,2,2
11,9,9,2002,1,1,1,2,2,2,4,4,2,1,1,1,1,2,14,6,1,1,33,1,2,1
7,9,5,2002,4,3,1,2,2,4,4,1,1,1,1,1,1,2,13,6,1,1,33,1,2,0
1,17,10,2002,2,3,2,2,2,1,1,1,1,1,1,1,1,2,9,6,1,1,33,2,2,0
7,17,9,2002,2,5,4,2,1,1,1,2,1,1,1,1,1,1,14,6,1,1,35,1,2,0
1,17,5,2002,2,2,1,2,2,1,1,2,1,1,1,5,1,1,14,1,1,1,35,2,2,0
1,17,5,2002,3,3,1,2,2,1,1,1,1,1,1,1,1,2,9,6,1,1,33,2,2,0
9,17,9,2002,2,1,1,2,1,1,1,1,1,1,1,1,1,2,8,6,1,1,33,1,2,0
1,17,7,2002,4,1,1,2,2,1,2,1,1,1,1,1,4,2,8,6,1,1,25,2,2,0
5,17,5,2002,3,1,1,2,2,2,1,1,2,1,1,4,1,2,8,6,2,1,25,2,2,0
8,17,3,2002,3,1,1,2,2,1,1,1,1,1,1,1,2,2,17,6,2,1,32,1,2,0
8,17,10,2002,4,1,1,2,2,1,4,1,1,1,1,1,1,2,9,6,1,1,33,1,2,0
10,17,3,2002,2,1,1,2,2,1,1,1,1,1,1,1,1,2,9,6,1,1,33,2,2,0
10,17,3,2002,2,1,1,2,2,1,1,1,1,1,1,1,2,1,14,6,1,1,33,2,2,0
10,17,4,2002,2,1,1,2,2,1,1,1,1,1,1,1,1,2,16,6,1,1,33,2,2,0
10,17,8,2002,3,1,1,1,2,1,1,1,1,1,1,1,1,2,9,6,1,1,35,2,2,3
3,17,7,2002,1,1,1,1,2,1,1,1,1,1,1,1,1,2,10,6,1,1,30,2,2,1
3,17,8,2002,2,1,1,1,2,1,1,1,1,1,1,1,1,2,14,6,1,1,33,2,2,0
3,17,10,2002,3,1,1,2,2,1,2,1,1,1,1,3,1,2,8,6,1,1,32,2,2,1
1,2,12,2002,2,2,1,2,2,1,1,1,1,1,1,3,1,2,8,6,1,1,33,2,2,0
7,3,11,2002,3,1,1,2,2,1,1,1,1,1,1,2,1,1,8,6,1,7,35,2,2,1
1,3,11,2002,2,1,1,2,2,1,1,1,1,1,1,1,1,2,8,6,1,1,33,2,2,0
4,3,11,2002,3,3,1,2,2,1,1,1,1,1,1,1,1,1,9,1,1,1,33,2,2,0
2,9,8,2002,3,1,1,2,2,1,1,1,1,1,1,2,1,2,14,6,1,1,33,1,2,0
9,9,3,2002,2,1,1,2,2,1,1,1,1,1,1,3,1,2,14,6,1,1,33,2,2,0
7,7,12,2002,3,1,1,2,2,1,1,1,1,1,1,3,1,1,14,6,1,1,33,1,2,0
4,9,8,2002,3,1,1,2,2,1,1,1,1,1,1,3,1,2,9,6,1,1,33,2,2,0
3,8,12,2002,4,3,1,2,2,4,2,2,1,1,1,2,1,2,19,6,1,1,33,2,2,0
3,8,12,2002,2,3,1,2,2,1,2,1,1,1,1,1,1,1,7,5,1,1,35,1,2,3
2,13,12,2002,3,3,1,2,1,1,1,1,1,1,1,3,1,2,14,5,1,1,38,2,2,0
2,9,3,2002,3,3,1,2,2,1,1,1,1,1,1,2,1,2,14,6,1,1,33,2,2,1
6,5,2,2002,2,1,1,2,2,4,2,1,1,1,1,1,1,2,7,6,1,1,30,2,2,0
6,5,5,2002,2,1,1,2,2,1,1,1,1,1,2,1,1,2,14,5,1,1,33,2,2,0
6,5,8,2002,3,1,1,2,2,1,1,1,1,1,1,1,1,2,9,6,1,1,40,2,2,0
6,5,9,2002,1,1,1,2,2,1,3,1,1,1,1,1,1,2,7,6,1,1,28,2,1,0
5,5,6,2002,2,1,1,2,1,1,1,1,1,1,1,1,1,2,14,6,1,1,33,2,2,1
5,5,9,2002,2,3,1,2,1,1,1,1,1,1,1,1,1,2,7,6,1,1,33,2,2,0
5,5,12,2002,3,1,1,2,2,1,1,1,1,1,1,3,1,2,14,6,1,1,3,2,2,1
7,3,12,2002,1,1,1,2,2,1,4,1,1,1,1,2,1,2,14,6,1,1,33,2,2,0
7,3,12,2002,2,1,1,2,2,4,1,1,1,1,1,1,1,2,14,6,1,1,33,2,2,0
3,5,3,2002,3,1,1,2,2,1,1,1,2,1,1,2,1,2,7,6,1,1,33,2,2,3
3,5,8,2002,2,1,1,2,2,1,1,1,1,1,1,1,1,2,8,6,1,1,33,2,2,1
1,3,12,2002,2,2,1,2,2,1,1,1,1,1,1,3,1,2,9,6,1,1,40,2,2,0
1,5,3,2002,3,1,1,2,2,1,1,1,1,1,1,1,1,2,14,6,1,1,45,2,2,0
1,5,3,2002,2,1,1,2,2,1,1,1,1,1,1,1,1,1,9,6,1,1,33,1,2,0
1,5,5,2002,2,1,1,2,2,1,1,1,1,1,1,5,1,1,13,6,1,1,30,2,2,1
1,5,10,2002,2,1,1,2,2,1,2,1,1,1,1,1,1,2,14,6,1,1,33,2,2,0
1,5,10,2002,2,1,1,2,2,1,1,1,1,1,1,2,1,1,12,6,1,1,33,2,2,3
3,10,12,2002,2,1,1,2,2,1,1,1,1,1,1,2,1,2,4,6,1,1,33,2,2,0
1,4,12,2002,3,1,4,2,2,1,1,1,1,1,1,5,1,1,14,6,1,1,40,1,2,2
8,5,3,2002,3,1,1,2,2,1,1,1,1,1,1,1,1,2,10,6,1,1,33,2,2,0
8,5,6,2002,3,1,1,2,1,1,1,1,1,1,1,4,2,2,14,6,1,1,33,2,2,1
8,5,7,2002,1,1,1,2,2,1,4,1,1,1,1,1,1,2,14,6,1,1,33,2,2,0
8,5,7,2002,2,1,1,2,2,1,1,1,1,1,1,1,1,2,13,1,1,1,33,2,2,0
8,5,10,2002,4,1,1,2,2,1,1,1,1,1,1,1,1,2,9,2,1,1,33,2,2,0
8,5,10,2002,4,1,1,2,2,1,4,1,2,1,1,1,1,2,14,6,1,1,33,2,2,2
8,5,11,2002,2,1,1,2,2,4,1,4,2,1,1,1,1,2,14,6,1,1,33,2,2,2
8,5,12,2002,3,1,1,2,2,1,1,1,1,1,1,1,1,2,9,6,1,1,33,2,2,1
8,5,12,2002,3,1,1,2,2,1,1,1,1,1,1,1,1,2,14,6,1,1,33,2,2,0
1,15,12,2002,3,1,1,2,2,1,2,1,1,1,1,1,1,2,14,6,1,1,27,2,2,0
6,15,12,2002,3,1,1,2,2,1,1,1,1,1,1,1,1,2,9,6,1,1,33,2,2,2
3,15,12,2002,3,1,1,2,2,1,1,1,1,1,1,3,1,2,8,6,1,1,33,2,2,0
1,15,11,2002,3,1,1,2,2,1,1,1,1,1,1,1,1,1,13,6,1,1,40,2,2,3
6,15,11,2002,4,1,1,1,2,1,2,2,5,1,1,4,1,2,9,5,1,1,33,2,2,0
2,15,11,2002,3,3,1,2,2,1,1,1,1,1,1,3,1,2,10,2,1,1,33,2,2,1
5,15,11,2002,2,1,1,2,2,1,1,1,1,1,1,3,1,2,14,6,1,1,40,2,2,0
10,9,10,2002,2,1,1,2,2,1,1,1,1,1,1,1,1,2,9,4,1,6,38,2,2,1
10,9,11,2002,2,1,1,2,2,4,1,2,1,1,1,3,4,2,14,6,1,1,33,2,2,0
10,9,4,2002,1,1,1,2,2,1,2,1,1,1,1,1,1,2,14,6,1,1,52,2,2,0
10,9,9,2002,4,1,1,2,2,1,4,1,1,1,1,1,1,2,10,6,1,1,33,2,2,0
6,9,9,2002,2,1,1,2,2,1,1,1,1,1,1,2,1,2,14,6,1,1,33,2,2,0
6,9,11,2002,2,1,1,2,2,1,1,1,1,1,1,2,1,2,14,6,1,1,33,1,2,1
2,6,1,2002,3,1,1,2,2,1,1,1,1,1,1,1,1,2,12,6,1,1,33,2,2,1
10,16,4,2002,1,1,1,2,1,4,1,1,1,1,1,3,2,1,14,4,1,3,33,2,2,0
10,16,6,2002,3,2,1,2,2,1,1,1,1,1,1,1,1,2,14,6,1,1,45,2,2,3
10,16,6,2002,3,2,3,2,2,1,1,1,1,1,1,1,3,2,9,4,1,7,33,2,2,0
10,16,7,2002,2,1,5,2,2,1,1,1,1,1,1,1,1,2,14,1,1,1,33,2,2,3
10,16,10,2002,4,1,1,2,2,1,1,1,1,1,1,1,1,2,2,6,1,1,33,2,2,0
5,16,3,2002,2,1,1,2,2,1,1,1,1,1,1,3,1,2,8,6,1,1,36,2,2,0
4,16,10,2002,3,1,1,2,2,1,1,1,1,1,1,3,1,2,9,6,1,1,33,2,2,1
2,16,5,2002,3,3,1,2,2,1,1,1,1,1,2,3,4,2,11,6,1,1,33,2,2,1
9,16,4,2002,2,1,1,2,2,1,1,1,1,1,1,1,1,2,6,6,1,1,33,2,2,0
9,16,10,2002,4,1,1,2,2,1,3,1,1,1,1,5,1,1,14,6,1,1,38,2,2,0
6,16,2,2002,2,1,1,2,2,1,2,1,1,1,1,1,1,2,14,10,1,1,33,2,2,0
11,16,3,2002,2,1,1,2,2,1,2,1,1,1,1,1,1,2,14,6,1,1,33,1,2,0
11,16,8,2002,3,1,1,2,2,1,3,1,1,1,1,1,1,2,10,6,1,1,33,2,2,0
11,16,11,2002,4,1,1,2,2,1,4,1,1,1,1,1,1,2,14,6,1,1,33,2,2,0
11,16,11,2002,1,1,1,2,2,4,2,1,2,1,1,1,1,2,14,6,1,1,33,2,2,0
11,16,12,2002,3,1,1,2,2,1,1,2,1,1,1,1,1,2,9,6,1,1,33,2,2,0
11,16,12,2002,3,1,1,2,2,1,1,1,1,1,1,1,1,2,19,5,1,1,33,2,2,0
10,9,1,2002,2,3,1,2,2,1,1,1,1,1,1,1,1,1,4,5,1,1,42,2,2,0
4,11,7,2002,3,1,8,2,2,1,1,1,5,1,1,4,1,2,8,6,1,1,33,2,2,0
7,11,9,2002,3,1,1,2,2,1,1,2,1,1,1,2,1,2,9,6,1,1,30,2,2,0
2,11,8,2002,3,1,8,2,2,1,1,1,1,1,1,3,1,2,14,5,2,1,35,2,2,0
6,11,10,2002,3,1,1,2,2,1,1,1,1,1,1,1,1,2,9,6,1,1,33,2,2,0
6,11,7,2002,4,1,1,2,2,1,4,1,1,1,1,1,1,2,7,6,1,1,30,2,2,0
5,11,9,2002,2,1,1,2,2,1,2,1,1,1,1,1,1,2,14,6,1,1,33,1,2,0
5,11,11,2002,2,1,2,2,2,1,1,1,1,1,1,1,1,2,10,6,1,1,33,2,2,0
3,8,11,2002,1,1,1,2,2,1,2,2,1,1,1,1,1,1,9,2,1,1,35,2,2,3
1,11,3,2002,2,1,1,1,2,1,1,1,1,1,1,1,1,2,14,6,1,1,33,2,2,0
1,11,1,2002,3,1,1,2,2,1,1,3,1,1,1,5,1,1,13,9,1,3,38,2,2,0
1,11,4,2002,3,1,8,2,2,1,1,1,1,1,1,5,1,2,9,5,1,1,33,2,2,0
1,11,12,2002,3,1,8,2,2,4,1,1,1,1,1,2,1,1,9,6,1,7,33,1,2,0
1,11,8,2002,4,1,2,2,2,1,1,1,1,1,1,5,1,1,9,6,1,1,35,2,2,0
1,11,8,2002,3,1,1,1,2,1,1,1,1,1,1,2,1,1,14,6,1,1,33,2,2,0
22,42,4,2002,2,1,8,2,1,1,1,1,1,1,1,5,1,1,10,6,1,2,33,1,2,2
16,42,4,2002,3,1,1,2,1,1,1,1,1,1,1,5,1,1,5,6,1,1,33,2,2,1
2,42,1,2002,4,1,1,2,1,1,3,1,1,1,1,5,1,1,14,6,1,2,33,1,2,0
18,42,1,2002,1,3,4,2,1,1,3,1,1,1,1,5,1,1,14,6,1,1,20,1,2,1
19,42,3,2002,3,3,1,2,2,1,1,1,1,1,1,5,1,1,6,6,1,1,25,2,2,1
14,42,2,2002,1,1,1,2,2,1,3,1,1,1,1,5,1,1,14,6,1,2,33,1,2,1
9,42,6,2002,3,3,4,1,1,1,3,1,1,1,1,5,1,1,14,6,1,1,33,2,2,2
9,42,6,2002,4,1,1,2,1,1,3,1,1,1,1,5,1,1,10,6,1,1,31,2,2,2
11,42,6,2002,2,3,2,2,2,1,1,1,1,1,1,5,1,1,8,2,1,2,40,1,2,1
10,42,10,2002,3,7,8,2,2,1,1,1,1,1,1,5,1,1,19,6,1,1,30,2,2,1
1,42,5,2002,2,2,2,1,1,1,1,1,1,1,1,5,1,1,9,6,1,1,33,2,2,1
1,42,7,2002,2,2,4,2,2,1,1,1,1,1,1,5,1,1,7,6,1,1,33,2,2,2
1,42,7,2002,3,4,6,2,1,1,1,1,1,1,1,5,1,1,8,6,1,1,33,2,2,2
18,42,8,2002,3,2,1,2,1,1,1,1,1,1,1,5,1,1,14,6,1,1,40,2,2,3
3,42,10,2002,3,1,1,2,1,1,1,1,1,1,1,5,1,1,8,6,1,1,29,2,2,3
6,42,7,2002,4,1,1,2,2,1,3,1,1,1,1,5,1,1,8,6,1,1,33,1,2,1
13,42,5,2002,3,1,1,2,1,1,1,1,1,1,1,5,1,1,9,6,1,2,33,2,2,1
9,42,7,2002,1,1,1,2,1,1,3,1,1,1,1,5,1,1,13,6,1,2,33,2,2,2
9,42,12,2002,2,1,1,2,1,1,2,1,1,1,1,5,1,1,14,6,1,2,33,2,2,1
21,42,11,2002,3,1,1,2,2,1,1,1,1,1,1,5,1,1,8,6,1,1,33,2,2,0
1,42,12,2002,1,1,1,2,1,1,3,1,1,1,1,5,1,1,14,6,1,1,33,2,2,1
9,42,8,2002,2,3,6,2,1,1,1,1,1,1,1,5,1,1,8,6,1,1,30,2,2,1
12,42,5,2002,2,1,1,1,1,1,1,1,1,1,1,5,1,1,14,6,1,1,33,2,2,0
17,42,1,2002,3,1,1,2,1,1,1,1,1,1,1,5,1,1,10,6,1,1,32,2,2,1
7,44,7,2002,1,1,1,2,2,1,4,1,1,1,1,1,1,2,14,6,1,1,33,2,2,0
1,41,5,2002,3,1,1,2,2,1,1,1,1,1,1,1,1,2,9,6,1,1,32,2,2,1
1,41,7,2002,1,1,1,2,2,1,4,1,1,1,1,1,1,2,9,6,1,1,33,2,2,0
1,41,8,2002,2,1,1,1,1,1,1,1,1,1,1,1,1,2,9,6,1,1,33,2,2,0
3,41,6,2002,2,1,1,2,2,1,1,1,1,1,1,1,1,2,14,6,1,1,33,2,2,1
4,41,3,2002,3,1,1,2,2,1,1,1,1,1,1,3,1,2,10,6,1,1,33,2,2,1
5,41,2,2002,4,1,1,2,2,1,4,1,1,1,1,1,1,2,9,6,1,1,40,2,2,0
1,47,8,2002,3,1,1,2,2,1,1,1,1,1,1,1,1,2,9,6,1,1,26,2,2,0
8,47,11,2002,2,1,1,2,2,1,1,1,1,1,1,1,1,2,14,6,1,1,33,2,2,0
1,50,7,2002,4,1,1,2,2,2,4,1,2,1,1,1,3,2,9,6,1,1,37,2,2,0
1,50,9,2002,2,1,1,2,2,1,1,1,1,1,1,1,1,2,9,6,1,1,33,2,2,0
2,50,11,2002,4,1,1,2,2,1,4,1,1,1,1,1,1,2,7,6,1,1,33,2,2,3
2,50,12,2002,2,1,1,2,2,1,1,1,1,1,1,1,1,2,9,6,1,1,40,2,2,0
12,50,12,2002,2,1,1,2,2,4,2,1,1,1,1,1,1,2,14,6,1,1,33,2,2,0
13,50,8,2002,2,1,1,2,2,1,1,1,1,1,1,3,1,2,9,6,1,1,33,2,2,0
13,50,9,2002,4,1,1,2,2,1,4,1,1,1,1,1,1,2,9,6,1,1,33,2,2,1
13,50,9,2002,2,1,1,2,2,1,1,1,1,1,1,1,1,2,9,6,1,1,33,2,2,0
1,40,8,2002,2,1,1,2,2,2,1,2,2,1,1,1,1,2,14,6,1,1,40,2,2,3
1,40,9,2002,3,1,1,2,2,1,1,1,1,1,1,1,1,2,14,6,1,1,33,2,2,1
1,40,9,2002,2,1,1,2,2,1,1,1,1,1,1,1,1,2,8,6,1,1,33,2,2,1
3,40,9,2002,4,1,1,2,2,1,4,1,1,1,1,1,1,2,9,6,1,1,33,2,2,1
5,40,9,2002,2,1,1,2,2,1,1,1,1,1,1,1,1,2,9,6,1,1,37,2,2,1
1,51,12,2002,2,1,1,2,2,4,1,2,1,1,1,2,1,2,9,6,1,1,33,2,2,1
1,45,12,2002,2,1,1,2,2,1,1,1,1,1,1,1,1,2,9,6,1,1,42,2,2,0
1,45,12,2002,3,1,1,2,2,1,1,1,1,1,1,3,1,2,5,6,1,1,33,2,2,0
2,44,10,2002,3,1,1,2,2,1,1,1,1,1,1,1,1,2,14,6,1,1,33,2,2,0
3,44,8,2002,1,1,1,2,2,1,4,1,1,1,1,1,1,2,14,6,1,1,33,2,2,0
3,44,9,2002,3,1,1,2,2,1,1,1,1,1,1,1,1,2,10,6,1,1,33,2,2,0
3,38,9,2002,1,1,1,2,2,2,1,2,2,1,1,1,1,2,14,6,1,1,33,2,2,0
3,38,9,2002,3,1,1,2,2,1,1,2,1,1,1,1,1,2,14,6,1,1,33,2,2,0
6,38,8,2002,4,1,1,2,2,1,4,1,1,1,1,1,1,2,9,6,1,1,33,2,2,0
6,38,12,2002,4,1,1,2,2,1,2,1,1,1,1,1,1,2,9,6,1,1,50,2,2,3
1,41,11,2002,4,1,1,2,2,1,4,1,1,1,1,1,1,2,14,6,1,1,33,2,2,0
1,35,8,2002,3,1,1,2,2,2,1,2,2,1,1,2,1,2,14,6,1,1,33,2,2,0
1,39,12,2002,1,1,1,2,2,1,2,1,1,1,1,3,1,2,9,6,1,1,33,2,2,0
3,44,11,2002,1,1,1,2,2,2,2,1,2,1,1,1,3,2,14,6,1,1,33,2,2,0
3,44,11,2002,2,1,1,2,2,1,1,1,1,1,1,1,1,2,14,6,1,1,33,2,2,0
4,44,11,2002,2,1,1,2,2,1,1,1,1,1,1,2,1,2,14,6,1,1,33,2,2,0
5,44,11,2002,1,1,1,2,2,4,4,1,1,1,1,1,1,2,14,6,1,1,33,2,2,3
7,44,12,2002,3,1,1,2,2,1,1,1,1,1,1,3,1,1,6,6,1,1,33,2,2,0
8,47,1,2002,2,1,1,2,2,4,2,1,1,1,1,1,1,2,14,6,1,1,33,2,2,0
2,43,1,2002,3,1,1,2,2,1,1,1,1,1,1,1,1,2,9,6,1,1,33,2,2,1
3,39,1,2002,2,1,1,2,2,2,1,1,2,1,1,1,1,2,14,6,1,1,33,2,2,0
1,46,1,2002,3,1,1,2,2,1,1,1,1,1,1,2,1,2,14,6,1,1,35,2,2,0
12,50,1,2002,2,1,1,2,2,1,1,1,1,1,1,1,1,2,9,6,1,1,33,2,2,0
1,40,1,2002,2,1,1,2,2,1,1,2,1,1,1,1,1,2,8,6,1,1,33,2,2,1
1,47,2,2002,1,1,1,2,2,1,4,1,1,1,1,1,1,2,14,6,1,1,33,2,2,0
5,44,2,2002,1,1,1,2,2,1,4,1,1,1,1,1,1,2,14,6,1,1,33,2,2,3