Thana,District,Month,Year,Time,Junction_Type,Traffic_Control,Movement,Divider,Weather,Light,Road_Geometry,Surface_Condition,Surface_Type,Surface_Quality,Road_Class,Road_Feature,Location_Type,Vehicle_Type,Vehicle_Movement,Vehicle_Loading,Vehicle_Defect,Vehicle_Driver_Age,Vehicle_Alcohol,Vehicle_Seat_Belt,Accident_Severity
12,51,1,2002,2,1,1,2,2,1,1,1,1,1,1,2,1,2,9,6,1,1,33,2,2,1
9,47,5,2002,3,1,1,2,2,1,1,1,1,1,1,1,1,2,9,6,1,1,33,2,2,0
1,38,6,2002,1,1,1,2,2,1,4,1,1,1,1,1,1,2,14,6,1,1,33,2,2,1
6,46,5,2002,2,1,1,2,2,1,1,1,1,1,1,1,1,1,9,6,1,1,33,2,2,1
1,47,6,2002,3,1,1,2,2,1,1,1,1,1,1,1,1,2,14,6,1,1,33,2,2,1
9,47,6,2002,3,1,1,2,2,1,1,1,1,1,1,1,1,2,8,6,1,1,33,2,2,0
9,47,6,2002,2,1,1,2,2,2,1,1,2,1,1,1,1,2,9,6,1,1,33,2,2,0
2,43,7,2002,3,1,1,2,2,2,1,1,2,1,1,1,1,2,9,6,1,1,33,2,2,0
1,40,12,2002,2,1,1,2,2,1,1,1,1,1,1,1,1,2,14,6,1,1,33,2,2,0
5,46,7,2002,3,1,1,2,2,1,1,1,1,1,1,3,1,2,8,6,1,1,33,2,2,0
1,2,6,2002,2,2,1,2,2,1,1,1,1,1,1,1,1,2,14,6,1,1,32,2,2,0
3,8,8,2002,2,1,1,2,2,1,2,1,1,1,1,1,1,2,14,6,1,1,33,2,2,1
6,5,5,2002,1,1,1,2,2,1,4,1,1,1,1,1,1,2,7,5,1,1,33,2,2,1
5,12,12,2002,3,1,3,2,2,1,1,1,1,1,1,3,1,2,14,6,1,1,33,2,2,0
1,5,2,2002,4,1,1,2,2,1,3,1,1,1,1,5,1,1,14,4,1,1,35,2,2,1
1,5,3,2002,1,2,1,2,2,1,3,1,1,1,1,5,1,1,13,5,1,1,33,2,2,3
1,5,5,2002,4,2,1,2,2,1,1,1,1,1,1,1,1,1,8,5,1,1,35,2,2,0
1,10,12,2002,4,1,1,2,2,1,2,1,2,1,1,2,1,2,13,6,1,1,45,2,2,0
1,4,12,2002,3,1,1,2,2,4,2,1,1,1,1,3,1,2,8,9,1,1,51,2,2,0
4,14,12,2002,4,1,1,2,2,1,1,1,1,1,1,5,1,1,17,5,1,1,40,2,2,0
3,15,11,2002,1,1,1,2,2,1,4,1,1,1,1,1,1,2,14,10,1,1,35,2,2,0
10,9,3,2002,1,1,1,2,2,1,4,1,1,1,1,1,1,2,14,6,1,1,33,2,2,0
10,9,4,2002,1,1,1,2,2,1,4,1,1,1,1,1,1,2,14,11,1,1,35,2,1,0
7,17,11,2002,2,1,1,2,2,1,1,1,1,1,1,1,1,2,14,5,1,1,38,2,2,0
6,16,8,2002,4,1,1,1,2,1,4,1,1,1,1,1,1,2,14,2,2,3,33,1,2,1
4,11,6,2002,3,1,1,2,2,1,1,1,5,1,1,4,1,2,14,7,1,1,33,2,2,0
1,11,4,2002,2,2,1,2,2,1,1,1,1,1,1,2,1,1,13,6,1,1,40,1,2,1
1,47,9,2002,2,1,1,2,2,1,1,1,1,1,1,1,1,2,10,6,1,1,33,2,2,3
6,45,6,2002,3,1,1,2,2,1,1,2,1,1,3,1,1,2,16,6,1,1,55,2,2,0
6,65,9,2002,2,1,1,2,2,1,1,1,1,1,1,2,1,2,12,6,1,1,28,2,2,1
5,64,6,2002,4,1,1,2,2,1,3,1,1,1,1,5,1,1,14,6,1,1,45,2,2,2
5,64,6,2002,3,1,3,2,1,1,1,1,1,1,1,5,1,1,14,6,1,1,42,2,2,2
2,64,6,2002,2,1,1,2,2,1,3,1,1,1,1,5,1,1,14,6,1,1,33,2,2,3
4,64,12,2002,3,1,1,2,2,1,1,1,1,1,1,5,1,1,14,2,1,1,52,2,2,1
14,42,7,2002,2,1,1,2,2,1,1,1,1,1,1,2,1,2,9,6,1,2,33,2,2,1
1,61,4,2002,2,1,1,2,2,1,1,1,1,1,1,1,1,2,9,6,1,1,33,2,2,0
1,61,4,2002,3,1,1,2,2,2,1,4,2,1,1,1,1,2,8,6,1,1,33,2,2,0
10,9,10,2002,1,1,8,2,1,2,1,1,1,2,1,1,2,1,9,10,2,1,57,2,2,0
4,22,1,2003,3,1,1,2,2,1,1,1,1,1,1,1,2,1,12,6,2,7,35,1,2,0
1,22,2,2003,3,1,8,1,2,2,1,1,2,1,1,1,1,2,9,11,1,1,33,2,2,0
1,24,1,2003,3,1,1,1,2,1,1,1,1,1,1,1,1,2,16,6,2,6,33,1,2,1
1,24,2,2003,2,2,8,2,2,1,1,1,1,1,1,1,1,2,9,6,1,1,33,1,2,0
1,24,2,2003,2,3,1,2,2,1,1,1,1,1,1,2,1,2,14,4,2,6,33,1,2,0
3,24,2,2003,2,1,2,2,2,1,1,1,1,1,1,3,1,2,9,6,1,1,33,1,2,1
7,24,1,2003,3,1,1,1,1,1,1,1,1,1,1,1,1,2,14,4,1,1,33,2,2,1
2,19,1,2003,2,1,1,2,2,1,1,1,1,1,1,4,1,2,14,6,2,1,33,1,2,0
1,18,1,2003,3,1,1,2,2,1,1,1,1,1,2,1,1,1,17,6,1,1,50,2,2,0
7,18,2,2003,1,1,1,1,2,1,3,1,1,1,1,1,1,2,14,11,1,1,33,2,2,1
1,24,3,2003,2,1,1,2,2,1,1,1,1,1,1,1,1,2,14,6,1,7,33,1,2,1
1,24,3,2003,3,1,1,2,2,1,1,2,1,1,1,1,1,2,14,6,1,7,33,2,2,0
4,24,3,2003,4,1,1,2,2,1,2,1,1,1,2,2,1,2,14,5,2,7,33,1,2,0
2,24,3,2003,2,1,1,2,2,1,1,1,1,1,1,1,1,2,16,6,1,6,33,1,2,2
2,24,3,2003,3,1,1,1,2,1,1,1,1,1,1,1,1,1,9,6,2,6,33,1,2,1
3,20,2,2003,3,1,1,2,2,1,1,1,1,1,1,4,1,2,14,6,1,6,45,1,2,0
1,25,3,2003,3,7,7,2,2,1,1,1,1,1,1,2,1,2,14,6,1,6,33,2,2,1
4,26,5,2003,2,7,8,2,2,1,2,2,1,1,1,2,1,2,12,2,1,6,33,1,2,0
2,24,6,2003,3,1,1,2,2,1,1,1,1,1,1,1,1,2,14,6,2,1,32,2,2,0
4,20,5,2003,3,4,1,2,2,2,1,2,2,1,1,4,1,2,14,2,1,1,33,1,2,0
1,21,5,2003,3,1,1,2,2,1,1,1,1,1,1,4,1,2,6,5,1,1,33,1,2,0
3,21,5,2003,2,4,1,2,2,1,1,2,1,1,1,4,1,2,14,2,2,3,38,2,2,1
6,18,6,2003,4,1,6,2,2,1,2,1,1,1,1,2,1,2,10,6,1,1,33,2,2,1
3,22,7,2003,5,7,1,1,2,1,2,2,1,1,1,4,1,2,9,6,1,7,33,2,2,0
9,24,7,2003,2,7,1,1,2,1,1,1,1,1,1,1,1,1,14,6,2,7,33,1,2,0
1,24,7,2003,1,1,1,2,2,1,1,1,1,1,1,1,1,1,14,6,1,7,33,1,2,0
3,24,7,2003,4,4,1,1,2,1,2,1,1,1,1,1,1,2,7,6,1,7,40,2,2,0
1,25,7,2003,3,7,1,1,2,1,1,1,1,1,1,1,1,1,9,6,1,7,33,1,2,0
1,21,8,2003,2,1,1,2,2,2,1,1,2,1,1,1,1,1,8,6,1,1,38,1,2,0
3,20,8,2003,2,1,1,2,2,1,1,1,1,1,1,2,1,2,14,6,1,1,29,1,2,0
9,24,9,2003,3,3,1,1,2,1,1,1,1,1,1,1,1,1,14,11,1,7,33,1,2,0
6,21,6,2003,1,7,1,2,2,2,2,1,2,1,1,1,1,2,14,6,1,1,33,2,2,0
3,21,6,2003,2,1,1,1,2,1,1,2,1,1,1,1,1,1,14,6,1,7,36,1,2,0
1,29,2,2003,4,1,1,1,1,1,2,1,1,1,1,2,1,2,9,5,1,7,35,2,2,0
1,29,5,2003,2,7,1,1,2,1,1,1,1,1,1,2,1,2,12,6,1,1,30,2,2,1
1,29,2,2003,1,7,1,2,2,1,1,1,1,1,1,2,1,2,8,6,1,1,38,1,2,0
2,29,4,2003,3,1,1,1,2,1,2,1,1,1,1,4,3,2,9,5,1,1,33,2,2,0
7,25,5,2003,3,1,1,2,2,1,1,1,1,1,1,2,1,2,9,6,1,1,33,1,2,0
1,25,6,2003,2,1,1,1,2,1,1,1,1,1,1,2,1,1,9,11,1,7,33,1,2,1
1,25,6,2003,4,1,1,1,2,1,1,1,1,1,1,4,1,2,14,6,2,7,33,1,2,0
7,25,6,2003,2,4,1,2,2,1,2,1,1,1,1,2,1,2,14,6,1,1,45,2,2,0
1,19,11,2003,2,1,1,2,2,1,1,1,1,1,1,4,1,2,14,6,1,7,30,1,2,1
1,20,6,2003,3,1,1,1,2,1,1,1,1,1,1,2,1,1,9,11,1,1,42,2,2,0
2,18,11,2003,2,7,1,1,1,1,1,3,1,1,1,2,1,2,8,11,1,7,33,2,2,1
4,21,11,2003,2,1,1,2,2,1,4,1,1,1,1,4,1,2,14,6,1,1,33,1,2,0
5,21,11,2003,1,1,1,2,2,1,2,4,1,1,1,4,1,2,14,11,1,1,35,2,2,0
3,24,11,2003,3,1,1,2,2,1,1,1,1,1,2,2,1,2,9,6,1,1,33,2,2,0
5,24,11,2003,1,1,2,2,1,1,1,1,1,1,1,2,2,1,14,6,2,7,33,1,2,0
1,24,11,2003,1,3,1,2,2,1,2,1,1,1,1,1,1,1,9,4,1,1,33,2,2,0
1,24,11,2003,2,1,1,2,2,1,1,1,1,1,1,1,1,1,14,6,2,7,33,1,2,0
2,25,12,2003,2,1,1,2,2,1,1,1,1,1,1,4,1,2,4,6,1,7,28,2,2,1
1,24,12,2003,3,1,1,1,2,4,1,1,1,1,1,1,1,1,14,6,1,7,33,1,2,0
1,24,10,2003,2,1,5,2,2,1,1,1,1,1,1,1,1,1,14,6,2,7,33,1,2,1
3,24,12,2003,4,1,4,2,2,1,2,1,1,1,1,2,1,2,14,6,1,7,33,1,2,0
4,24,12,2003,2,1,1,2,2,1,1,1,1,1,1,4,1,2,14,6,2,7,33,1,2,0
3,20,7,2003,4,1,1,2,2,1,4,1,1,1,1,4,1,2,16,6,1,1,42,2,2,0
6,21,12,2003,3,1,1,2,2,1,1,1,1,1,1,1,1,2,14,6,1,1,36,1,2,1
5,13,1,2003,2,2,1,2,1,1,2,1,1,1,1,2,1,2,14,6,1,1,23,2,2,0
4,4,1,2003,2,1,1,2,2,4,2,2,1,1,3,3,1,2,14,6,1,1,33,2,2,1
3,4,1,2003,2,1,1,2,2,1,2,1,1,1,1,3,1,2,9,6,1,1,35,2,2,0
3,3,1,2003,4,1,2,2,2,4,2,1,4,1,1,3,1,2,17,6,1,1,35,2,2,0
4,8,2,2003,3,1,1,1,2,1,1,1,1,1,1,4,1,2,9,6,1,1,33,1,2,1
1,8,2,2003,3,1,1,2,2,1,1,1,1,1,1,1,1,2,9,6,1,1,33,1,2,1
1,2,2,2003,1,1,1,2,2,1,1,1,1,1,1,1,1,2,9,6,1,1,33,2,2,0
1,14,2,2003,3,2,4,2,1,1,1,1,1,1,1,1,1,1,14,6,2,1,45,2,2,0
1,15,1,2003,3,1,1,1,2,1,1,1,1,1,1,1,1,2,7,6,1,1,33,2,2,0
6,15,1,2003,3,1,2,2,2,1,1,1,1,1,1,1,1,2,9,11,1,1,33,2,2,0
6,15,1,2003,3,1,1,2,2,1,1,1,1,1,1,1,1,2,10,11,1,1,33,2,2,0
3,14,1,2003,3,2,1,2,2,1,1,1,1,1,1,1,1,2,9,2,1,1,33,2,2,1
1,15,2,2003,4,1,1,2,2,1,2,1,1,1,1,1,1,1,9,6,1,1,33,2,2,1
1,15,2,2003,2,2,1,2,1,1,1,1,1,1,1,1,1,1,14,4,1,1,33,2,2,0
4,9,3,2003,2,1,1,2,2,1,2,2,1,1,1,2,1,1,14,5,1,1,33,2,2,0
11,9,2,2003,4,1,1,2,2,1,2,1,1,1,1,1,1,2,9,6,1,1,33,2,2,0
11,9,3,2003,3,1,1,2,2,1,1,1,1,1,1,2,1,2,9,6,1,1,33,2,2,0
5,10,2,2003,3,1,1,2,2,1,1,1,1,1,1,4,1,1,6,6,1,1,33,2,2,0
5,6,2,2003,3,1,1,2,2,1,1,1,1,1,1,4,1,2,14,6,1,1,45,2,2,0
4,8,3,2003,3,1,1,2,2,1,1,1,1,1,1,2,1,2,4,5,2,1,32,2,2,1
3,12,3,2003,4,1,1,2,2,1,2,1,1,1,1,3,1,2,14,6,1,1,33,2,2,0
4,12,3,2003,2,1,1,1,2,1,1,1,1,1,1,3,1,2,12,5,1,1,42,2,2,3
1,17,1,2003,3,1,1,2,2,1,2,1,1,1,1,1,4,2,8,6,1,1,33,2,2,0
1,17,2,2003,2,1,8,2,2,1,1,1,1,1,1,3,1,2,9,5,1,1,33,2,2,0
1,17,2,2003,3,1,3,2,2,1,1,1,1,1,1,1,1,1,9,6,1,1,33,2,2,1
8,17,1,2003,2,1,1,2,2,1,1,1,1,1,1,1,1,2,14,6,1,1,33,2,2,0
8,17,1,2003,2,1,1,2,2,1,1,1,1,1,1,1,1,2,9,6,1,1,27,2,2,0
3,4,3,2003,4,1,1,2,2,1,2,1,1,1,1,3,1,1,14,6,1,1,33,2,2,0
5,6,4,2003,4,1,1,2,2,1,1,1,1,1,1,1,1,2,14,6,1,1,33,2,2,0
1,4,3,2003,3,1,1,2,2,1,1,1,1,1,1,3,1,2,8,4,1,1,32,1,2,0
4,8,5,2003,3,1,3,2,2,1,1,1,1,1,1,2,1,2,9,5,1,1,34,2,2,0
4,1,5,2003,4,1,1,2,2,1,2,1,1,1,1,3,1,2,14,6,2,1,28,2,2,0
3,8,5,2003,3,1,1,2,2,1,1,2,1,1,1,2,1,2,14,6,1,1,33,2,2,0
1,1,4,2003,1,1,1,2,2,2,1,1,1,1,1,1,1,2,14,5,1,1,35,1,2,0
1,2,5,2003,2,1,1,2,2,1,1,1,1,1,1,1,1,2,14,6,1,1,33,2,2,0
2,14,4,2003,3,1,1,2,2,1,1,1,1,1,1,5,1,1,14,6,1,1,33,2,2,0
1,3,3,2003,3,1,1,2,2,1,1,2,1,1,1,5,1,1,14,1,1,1,33,2,2,0
1,7,4,2003,2,1,1,2,2,1,1,1,1,1,1,1,1,1,13,6,1,1,33,1,2,0
3,8,4,2003,4,1,1,2,2,1,4,1,1,1,1,1,1,2,8,6,1,1,32,2,2,1
3,8,4,2003,4,1,1,2,1,4,1,1,1,1,1,1,2,1,2,6,1,1,33,2,2,0
5,13,4,2003,2,1,1,2,1,1,1,1,1,1,1,2,1,2,13,6,1,1,33,2,2,3
7,13,4,2003,2,1,1,2,2,1,1,1,1,1,2,2,1,2,9,6,1,1,33,2,2,0
3,15,3,2003,4,1,1,2,2,1,1,1,1,1,1,1,1,1,13,6,1,1,33,2,2,0
3,15,3,2003,2,1,1,2,2,1,1,1,1,1,1,3,1,2,8,6,1,1,28,2,2,0
4,12,6,2003,4,1,1,1,2,2,2,1,2,1,2,4,1,2,17,6,1,1,33,2,2,0
5,12,6,2003,3,1,1,2,2,1,1,1,1,1,1,1,1,2,8,5,1,1,33,1,2,0
1,8,6,2003,3,1,1,2,2,1,1,1,1,1,1,2,1,1,8,6,1,1,40,2,2,0
3,8,6,2003,4,1,7,2,2,1,2,1,1,1,1,1,1,2,8,2,2,1,33,2,2,0
3,14,6,2003,2,1,1,2,2,1,3,1,1,1,1,5,1,1,4,4,1,1,28,2,2,1
1,10,5,2003,1,1,1,1,2,1,1,1,1,1,1,2,1,1,12,11,1,7,30,2,2,0
5,13,6,2003,2,3,1,2,2,1,1,1,1,1,1,2,1,2,19,6,1,1,33,2,2,0
8,13,6,2003,1,1,1,2,2,1,2,1,1,1,1,1,1,2,14,6,1,1,33,2,2,0
1,11,6,2003,3,2,1,2,2,1,1,1,1,1,1,2,1,1,14,4,1,1,33,2,2,0
1,11,3,2003,2,1,1,2,2,1,1,1,1,1,1,2,1,2,9,6,1,1,33,2,2,0
1,11,1,2003,2,3,1,2,2,1,1,1,1,1,1,1,1,2,8,4,1,1,33,1,2,0
5,11,4,2003,3,1,1,2,2,1,1,1,1,1,1,1,1,2,14,6,1,7,38,1,2,0
4,8,7,2003,3,1,1,2,2,1,1,2,1,1,1,1,1,1,9,6,1,1,33,2,2,0
4,3,6,2003,2,1,1,2,2,1,1,1,1,1,1,1,1,2,9,6,1,1,33,2,2,0
4,3,6,2003,3,1,1,2,2,1,1,1,1,1,1,1,1,1,9,6,1,1,33,2,2,0
1,7,7,2003,3,2,1,2,2,2,1,2,2,1,1,1,1,2,14,4,1,7,33,1,2,0
9,11,6,2003,2,1,1,1,2,1,1,1,1,1,1,3,1,2,8,6,1,1,50,2,2,1
11,11,5,2003,2,1,1,2,2,1,1,1,1,1,1,2,2,2,9,6,1,1,45,1,2,0
1,17,5,2003,2,1,1,2,2,1,1,2,2,1,1,1,4,2,14,6,1,7,33,2,2,0
3,17,4,2003,4,1,1,2,2,1,4,1,1,1,1,1,1,2,19,11,1,1,25,1,2,0
5,10,6,2003,3,1,1,1,2,1,1,2,1,1,1,3,1,2,14,1,1,1,30,2,2,1
1,10,7,2003,1,1,1,2,2,1,2,1,1,1,1,2,1,1,14,11,1,7,30,2,2,1
3,10,7,2003,3,1,1,2,2,1,1,1,1,1,1,2,1,2,8,6,2,1,33,2,2,0
1,15,7,2003,2,1,1,2,2,1,1,1,1,1,1,1,1,1,9,11,1,1,40,2,2,0
1,15,7,2003,2,1,1,2,2,1,1,1,1,1,1,1,1,2,14,11,1,1,33,1,2,0
11,9,8,2003,1,1,1,2,2,1,1,1,1,1,1,1,1,1,9,6,1,1,33,2,2,1
6,9,9,2003,2,1,8,1,2,1,2,1,1,1,1,2,1,2,14,5,1,1,33,2,2,0
6,9,8,2003,2,1,1,2,2,1,1,2,1,1,1,2,1,2,14,2,1,1,33,2,2,0
10,11,9,2003,3,1,1,1,2,1,1,1,1,1,1,3,1,2,6,6,1,1,22,1,2,0
6,15,8,2003,3,7,1,2,2,1,1,1,1,1,1,1,1,2,9,11,1,7,33,2,2,0
6,15,8,2003,3,3,1,2,2,1,1,1,1,1,1,1,1,2,8,6,1,7,35,2,2,0
3,15,8,2003,4,1,1,2,2,1,1,1,1,1,1,1,1,2,16,6,1,1,40,2,2,3
5,15,8,2003,2,2,2,2,2,1,1,1,1,1,1,3,1,2,14,6,1,1,32,2,2,1
1,13,9,2003,3,1,1,2,2,1,1,1,1,1,1,3,1,1,14,6,1,1,33,2,2,0
3,15,7,2003,1,1,1,2,2,2,2,1,2,1,1,3,1,1,14,6,1,1,38,2,2,1
1,10,9,2003,2,3,1,2,2,1,1,1,1,1,1,2,1,1,8,11,1,7,30,2,2,0
5,10,8,2003,2,1,1,2,2,1,1,1,1,1,1,3,1,2,14,6,1,1,33,2,2,0
2,10,9,2003,2,1,1,1,2,1,1,1,1,1,1,3,1,2,8,6,1,1,33,2,2,0
1,2,9,2003,3,1,8,1,2,1,1,1,1,1,1,5,1,1,19,6,1,7,33,2,2,1
4,2,9,2003,1,1,2,2,1,1,1,1,1,1,3,1,2,1,8,6,1,7,45,2,2,1
9,11,7,2003,4,1,1,1,1,1,2,2,1,1,1,4,1,2,14,2,1,1,35,2,2,0
5,8,8,2003,1,4,1,2,2,1,3,4,1,1,1,1,1,2,14,4,1,1,45,2,2,3
4,8,9,2003,3,1,1,2,2,1,1,2,1,1,1,1,1,1,9,6,2,1,35,2,2,0
5,13,10,2003,3,1,1,2,2,1,1,1,1,1,1,2,1,2,8,6,1,1,35,2,2,0
10,9,7,2003,4,1,1,2,2,1,2,1,4,1,1,1,1,2,14,1,1,1,33,2,2,0
1,11,7,2003,4,2,1,2,2,2,4,1,2,1,1,2,1,1,14,5,1,1,33,2,2,1
2,14,7,2003,3,2,1,2,2,1,1,3,1,1,1,5,1,2,14,1,1,1,33,2,2,1
2,14,7,2003,2,1,1,2,2,1,1,1,1,1,1,5,1,1,14,1,1,1,33,2,2,0
4,14,7,2003,2,1,3,2,2,1,1,1,1,1,1,2,1,1,8,1,1,2,30,2,2,0
1,15,8,2003,4,1,3,2,2,1,3,1,1,1,1,1,1,2,10,6,1,1,33,1,2,1
1,15,7,2003,3,1,1,2,2,1,1,1,1,1,1,1,1,2,9,11,1,1,33,1,2,0
1,1,6,2003,4,1,1,2,2,1,1,1,1,1,1,1,1,2,14,6,1,1,33,1,2,1
2,9,5,2003,3,1,1,2,2,1,1,1,1,1,1,2,1,1,14,6,1,1,33,2,2,0
6,15,5,2003,1,1,2,2,2,1,1,1,1,1,1,1,1,2,14,4,1,7,33,2,2,2
6,15,5,2003,3,3,2,2,2,1,1,1,1,1,1,1,1,2,14,5,1,1,33,2,2,0
1,15,4,2003,2,1,1,2,2,1,1,1,1,1,1,1,1,2,2,6,1,1,33,2,2,0
6,15,4,2003,1,1,1,2,2,1,1,2,1,1,1,4,1,2,9,2,1,1,33,2,2,0
4,15,4,2003,2,1,1,1,2,1,1,2,1,1,1,3,1,2,14,6,1,1,33,2,2,0
10,17,8,2003,3,1,8,2,2,1,1,1,1,1,1,1,1,1,17,6,1,1,33,2,2,0
5,15,6,2003,2,1,1,2,2,2,1,1,2,1,1,3,1,2,10,6,1,1,32,2,2,1
1,17,7,2003,2,1,1,2,2,1,1,1,1,1,1,1,1,2,10,5,1,1,32,1,2,0
1,17,8,2003,1,1,1,2,2,1,3,1,1,1,1,1,1,2,14,5,1,1,35,1,2,1
1,17,8,2003,1,1,1,1,2,1,1,1,1,1,1,1,1,2,9,6,1,1,33,2,2,0
8,17,9,2003,1,3,1,2,2,1,1,1,1,1,1,1,1,1,14,6,1,1,36,2,2,0
10,17,9,2003,4,1,2,2,2,1,4,1,1,1,1,1,1,2,14,5,1,1,30,2,2,0
2,17,8,2003,3,1,1,2,2,1,1,1,1,2,3,3,1,2,9,6,1,1,1,1,2,0
4,14,10,2003,3,1,4,2,2,1,1,1,1,1,1,5,1,2,13,4,1,1,33,2,2,0
1,14,10,2003,4,1,1,2,1,1,1,2,1,1,1,5,1,1,9,2,1,1,33,1,2,0
1,14,10,2003,2,1,1,2,2,1,1,1,1,1,1,5,1,1,14,11,1,1,46,2,2,0
1,14,10,2003,4,1,1,2,2,1,1,1,1,1,1,5,1,1,9,11,1,1,45,2,2,0
3,14,10,2003,4,3,5,2,2,1,3,1,1,1,1,5,1,1,9,6,2,3,33,1,2,0
3,14,10,2003,2,1,5,2,1,1,1,1,1,1,1,5,1,1,14,5,1,1,35,2,2,0
3,14,10,2003,2,3,1,2,2,1,1,1,1,1,1,5,1,1,8,10,1,1,33,2,2,1
7,8,10,2003,2,1,1,2,2,1,4,1,1,1,1,3,1,2,14,6,1,1,33,1,2,0
1,12,10,2003,3,1,1,1,2,1,1,1,1,1,1,3,1,1,14,6,1,1,35,2,2,0
8,11,10,2003,1,1,1,2,2,1,1,1,1,1,2,4,1,2,8,6,1,1,42,2,2,0
3,11,10,2003,2,1,1,2,2,1,1,1,1,1,1,4,1,2,13,1,1,7,33,2,2,1
1,7,10,2003,2,1,8,2,2,1,1,1,1,1,1,3,1,1,14,6,1,1,42,2,2,1
7,7,10,2003,3,2,1,2,2,1,1,1,1,1,1,3,1,1,8,6,1,1,28,2,2,0
1,9,6,2003,3,1,1,2,2,1,1,1,1,1,1,1,1,2,7,6,1,1,33,2,2,3
1,9,8,2003,4,1,1,2,2,1,2,1,1,1,1,1,1,2,14,6,1,1,33,2,2,1
2,9,9,2003,3,3,8,2,2,1,1,1,1,1,1,2,1,1,4,1,1,1,30,2,2,0
4,9,5,2003,4,1,1,2,2,1,2,2,1,1,1,2,1,1,14,5,1,1,33,2,2,0
6,4,5,2003,2,1,1,2,1,1,1,1,1,1,1,1,1,2,10,6,1,1,35,2,2,0
6,4,7,2003,2,1,1,2,2,1,1,1,1,1,1,5,1,1,14,6,1,1,35,2,2,0
1,4,5,2003,3,1,1,2,2,1,1,1,1,1,1,5,1,2,10,6,1,1,35,2,2,3
5,13,10,2003,2,1,1,2,2,1,1,1,1,1,1,2,1,2,14,6,1,1,33,1,2,0
5,5,3,2003,3,1,1,2,2,1,1,1,1,1,1,1,1,2,6,11,1,1,33,2,2,1
5,5,3,2003,4,1,1,2,2,1,1,1,1,1,1,1,1,2,9,6,1,1,33,2,2,0
1,5,5,2003,2,2,3,2,2,1,1,1,1,1,1,1,1,1,9,6,2,7,33,2,2,0
1,5,4,2003,4,1,1,2,2,1,1,1,1,1,1,5,5,1,8,6,2,1,27,1,2,0
8,5,3,2003,1,1,2,2,1,1,1,1,1,1,1,1,2,1,9,6,1,1,33,2,2,0
5,5,8,2003,3,1,8,1,2,1,1,1,1,1,1,1,1,2,13,6,1,1,33,2,2,0
6,5,3,2003,4,1,1,2,2,2,4,1,1,1,1,1,4,2,14,5,1,1,33,2,2,1
6,5,1,2003,2,7,1,2,2,1,1,1,1,1,1,1,1,2,9,6,1,1,33,2,2,0
6,5,5,2003,3,7,1,2,2,1,1,1,5,1,3,4,1,2,9,6,1,1,33,2,2,0
3,5,3,2003,3,1,1,2,2,1,4,1,1,1,1,3,1,2,14,6,1,1,35,2,2,0
4,5,3,2003,3,1,8,1,2,1,2,1,1,1,2,3,1,2,14,6,1,1,33,2,2,0
3,3,10,2003,1,1,1,2,2,1,4,2,1,1,1,2,1,2,14,2,1,1,42,2,2,0
3,15,10,2003,2,1,1,2,2,1,1,1,1,1,1,1,1,2,14,5,1,1,45,2,2,0
3,15,10,2003,2,1,1,2,2,1,1,1,1,1,1,1,1,2,12,5,1,1,28,2,2,0
3,15,10,2003,1,1,1,2,2,1,4,1,1,1,1,1,1,2,14,6,1,1,33,2,2,0
1,15,10,2003,2,7,3,2,2,1,1,1,1,1,1,1,1,2,14,6,1,1,33,1,2,0
2,12,11,2003,3,1,1,2,2,1,1,1,1,1,1,4,1,2,14,6,1,1,33,2,2,0
7,13,11,2003,2,1,1,2,2,1,1,1,1,1,1,2,1,2,8,4,1,7,45,2,2,0
5,3,10,2003,3,1,4,2,2,4,4,2,1,1,1,3,3,2,4,6,2,1,22,1,2,0
3,14,11,2003,2,2,1,2,2,1,1,1,1,1,2,5,1,1,19,4,2,1,18,2,2,0
3,14,11,2003,2,1,1,2,2,1,1,1,1,1,1,5,1,1,14,6,1,1,32,1,2,3
4,14,11,2003,2,1,1,2,2,4,2,1,1,1,1,5,1,2,14,11,1,1,33,1,2,0
4,14,11,2003,3,7,8,2,2,1,1,1,1,1,1,2,1,1,14,6,1,1,36,2,2,0
5,1,11,2003,3,1,1,2,2,1,2,1,1,1,1,1,1,1,12,6,1,1,27,2,2,0
6,15,11,2003,2,1,8,2,2,1,1,1,1,1,1,1,1,2,8,6,1,1,33,2,2,0
1,8,4,2003,3,3,1,1,2,1,1,2,1,1,1,3,4,2,19,6,1,1,33,2,2,1
4,8,10,2003,3,1,1,2,2,1,1,1,1,1,1,2,1,2,19,6,1,1,33,1,2,1
1,4,11,2003,3,1,1,2,2,1,1,1,1,1,1,3,1,2,14,11,1,1,33,2,2,0
11,11,11,2003,3,1,1,2,2,1,1,1,1,1,1,3,1,2,14,6,1,1,36,2,2,0
10,9,11,2003,3,1,1,2,2,1,1,2,1,1,1,1,1,2,9,3,1,1,33,2,2,0
6,11,1,2003,4,1,2,1,2,1,2,1,1,1,1,3,1,2,17,6,1,1,33,2,1,0
1,14,12,2003,2,7,4,1,2,1,1,1,1,1,1,2,1,1,14,9,1,1,50,2,2,0
2,14,12,2003,4,1,1,2,2,4,2,2,5,1,1,5,1,2,14,1,1,7,42,2,2,3
2,7,12,2003,4,3,1,1,2,1,4,1,1,1,1,2,1,2,12,5,1,1,33,2,2,0