Thana,District,Month,Year,Time,Junction_Type,Traffic_Control,Movement,Divider,Weather,Light,Road_Geometry,Surface_Condition,Surface_Type,Surface_Quality,Road_Class,Road_Feature,Location_Type,Vehicle_Type,Vehicle_Movement,Vehicle_Loading,Vehicle_Defect,Vehicle_Driver_Age,Vehicle_Alcohol,Vehicle_Seat_Belt,Accident_Severity
6,11,11,2003,3,1,2,1,2,1,1,1,1,1,1,2,1,2,8,6,1,1,40,2,2,0
1,11,11,2003,2,1,1,2,2,1,1,2,1,1,1,2,1,2,14,2,1,1,42,2,2,0
11,9,10,2003,2,1,1,2,1,1,1,1,1,1,1,1,1,2,8,6,1,1,33,2,2,0
8,3,12,2003,4,4,8,2,2,1,1,1,1,1,1,2,1,2,9,6,1,1,33,2,2,0
11,9,10,2003,3,2,1,2,2,1,1,1,1,1,1,1,1,2,8,4,1,1,36,2,2,0
10,9,8,2003,3,3,1,2,1,1,1,1,1,1,1,1,1,2,7,2,1,1,33,2,2,3
1,4,12,2003,1,1,1,2,2,1,1,1,1,1,1,2,1,2,7,6,1,1,28,2,2,0
1,4,12,2003,3,1,1,2,2,1,1,2,1,1,1,1,1,1,4,6,1,1,33,2,2,0
1,12,12,2003,3,1,1,2,2,2,1,1,2,1,1,1,1,1,14,5,1,1,40,2,2,0
1,9,11,2003,2,1,1,2,1,1,1,1,1,1,1,1,1,2,13,11,1,1,33,2,2,0
2,9,10,2003,3,1,1,2,2,1,1,1,1,1,1,2,1,2,16,6,1,2,33,2,2,0
10,9,12,2003,4,1,1,2,2,1,4,1,1,1,1,1,1,1,14,4,1,1,33,1,2,0
11,9,12,2003,3,7,1,2,2,1,1,1,1,1,1,1,1,2,9,11,1,7,40,2,2,0
6,4,12,2003,4,1,1,2,2,4,4,1,1,1,1,2,1,1,7,6,1,1,28,2,2,1
7,13,12,2003,1,1,1,2,2,1,1,1,1,1,1,4,1,2,17,6,1,1,33,2,2,1
1,11,12,2003,4,1,1,2,2,1,1,1,1,1,1,2,1,2,14,6,1,1,33,2,2,0
6,11,12,2003,2,1,2,1,2,1,1,1,1,1,1,3,1,2,4,5,1,1,33,1,2,0
6,11,12,2003,3,1,1,1,2,1,1,1,1,1,1,2,1,2,14,6,1,1,33,2,2,0
9,16,9,2003,2,1,8,2,2,1,1,1,1,1,1,1,1,2,7,6,1,3,25,2,2,0
9,16,11,2003,2,7,8,2,2,1,1,1,1,1,1,1,2,2,9,6,1,1,33,1,2,0
9,16,12,2003,2,2,8,2,2,1,1,1,1,1,1,5,1,2,14,6,1,1,33,2,2,0
1,16,6,2003,2,1,1,1,1,1,1,1,1,1,1,3,1,1,13,6,1,1,33,2,2,0
10,16,3,2003,5,1,1,2,1,1,1,1,1,1,1,1,1,2,9,6,1,1,33,2,2,3
10,16,4,2003,1,1,1,2,2,1,1,1,1,1,1,1,1,2,14,6,1,1,33,2,2,1
10,16,6,2003,1,1,1,2,2,1,1,1,1,1,1,1,1,2,14,10,1,6,33,2,2,0
10,16,7,2003,1,1,1,1,1,1,1,1,1,1,1,1,1,1,14,9,1,1,33,2,2,1
10,16,7,2003,4,3,1,2,2,1,1,1,1,1,1,1,1,2,9,6,1,1,33,2,2,0
10,16,9,2003,3,1,1,2,2,1,1,1,1,1,1,1,1,2,9,6,1,1,33,2,2,0
10,16,10,2003,3,1,1,2,2,1,1,1,1,1,1,1,1,2,9,6,1,1,33,2,2,0
10,16,11,2003,2,1,1,2,2,1,1,1,1,1,1,1,1,2,9,6,1,1,33,2,2,1
10,16,11,2003,4,1,1,2,1,2,1,1,1,1,1,1,1,2,14,6,1,1,33,2,2,0
10,16,10,2003,4,1,1,2,2,1,1,1,1,1,1,1,1,1,11,6,1,1,33,2,2,3
10,16,12,2003,2,1,1,2,2,1,1,1,1,1,1,1,1,2,8,6,1,1,33,2,2,0
10,16,12,2003,1,1,1,2,2,1,1,1,1,1,1,1,1,2,9,1,1,1,33,2,2,0
10,16,12,2003,3,1,1,2,2,1,1,1,1,1,1,1,1,2,9,6,1,1,33,2,2,0
11,16,4,2003,2,1,1,2,2,1,1,1,1,1,1,1,1,2,14,10,1,1,33,2,2,0
11,16,6,2003,1,1,1,2,2,1,3,1,1,1,1,1,1,2,14,5,1,1,40,2,2,0
11,16,7,2003,3,3,3,2,2,1,1,1,1,1,1,1,1,2,15,6,1,1,33,2,2,0
11,16,8,2003,4,1,1,2,2,1,1,2,1,1,1,1,1,2,13,6,1,1,33,2,2,0
11,16,10,2003,3,7,1,2,1,1,1,1,1,1,1,1,1,2,8,5,1,7,45,2,2,1
11,16,11,2003,1,1,1,2,2,1,2,1,1,1,1,1,1,2,9,6,1,1,33,2,2,1
11,16,12,2003,4,2,1,2,1,1,1,1,1,1,1,3,1,2,9,4,1,1,45,2,2,0
6,16,8,2003,2,1,1,2,2,1,1,1,1,1,1,1,1,2,9,6,1,2,28,2,2,1
2,16,8,2003,2,7,8,2,2,1,4,1,5,1,2,3,1,2,14,11,1,1,33,2,2,1
2,33,2,2003,4,1,1,2,2,1,2,1,1,1,1,4,1,2,14,6,1,1,33,2,2,0
6,34,2,2003,2,3,1,2,2,1,1,1,1,1,1,1,1,2,9,4,1,1,38,2,2,0
1,34,1,2003,2,1,1,2,2,4,1,1,1,1,1,2,1,2,13,4,2,3,33,1,2,3
1,34,2,2003,3,1,1,2,2,1,1,1,1,1,1,3,1,2,14,5,1,1,35,2,2,0
7,30,6,2003,3,4,1,2,2,1,1,1,1,1,1,1,1,2,14,6,1,1,33,2,2,0
6,34,6,2003,2,7,1,2,2,1,1,1,1,1,1,1,1,2,10,6,1,1,32,2,2,0
2,33,7,2003,4,1,1,2,2,1,4,1,1,1,1,4,1,2,7,6,1,6,35,2,2,0
1,33,9,2003,2,1,1,2,2,1,1,1,1,1,2,2,1,2,8,11,1,1,40,2,2,3
1,33,9,2003,2,1,1,2,2,1,1,1,1,1,1,4,1,2,13,11,1,7,30,1,2,0
2,33,12,2003,3,7,8,2,2,1,1,1,1,1,1,1,1,2,5,7,2,2,33,1,2,0
3,32,11,2003,3,2,1,2,2,1,1,1,1,1,1,1,1,2,9,5,1,1,28,2,2,0
1,32,9,2003,2,1,1,2,2,1,1,1,1,1,1,1,1,2,9,5,1,1,33,2,2,0
1,32,11,2003,2,1,1,2,2,1,1,1,1,1,1,1,1,2,9,6,1,1,33,1,2,0
6,34,7,2003,3,1,1,2,2,1,1,1,1,1,1,1,1,2,7,5,1,1,51,2,2,0
1,34,9,2003,3,3,1,2,2,1,1,1,1,1,1,5,1,1,9,5,1,6,40,1,2,0
4,34,8,2003,2,1,1,2,2,1,1,1,1,1,1,1,1,2,9,5,1,1,33,2,2,0
10,34,10,2003,2,1,1,2,2,1,2,1,1,1,1,1,1,2,14,5,1,1,33,2,2,0
1,33,4,2003,4,3,1,2,2,1,2,1,1,1,1,4,1,1,7,9,1,1,33,2,2,3
1,34,5,2003,3,1,1,2,2,1,1,1,1,1,1,5,1,1,13,6,1,1,35,2,2,0
1,40,1,2003,3,1,1,2,2,1,1,1,1,1,1,1,1,1,9,6,1,1,33,2,2,0
6,40,1,2003,3,1,1,2,2,1,1,1,1,1,1,1,1,2,14,6,1,1,45,2,2,0
1,38,1,2003,4,1,1,2,2,1,2,1,1,1,1,3,1,2,14,6,1,1,35,2,2,1
7,38,1,2003,3,1,1,2,2,1,1,1,1,1,1,3,1,2,12,6,1,1,33,2,2,1
1,38,2,2003,3,1,1,2,2,1,1,1,1,1,1,1,1,2,9,6,1,1,33,2,2,0
3,38,2,2003,2,1,1,2,2,1,1,1,1,1,1,1,1,2,9,6,1,1,33,2,2,0
1,35,1,2003,3,1,1,2,2,1,1,1,1,1,1,2,1,2,14,6,1,1,28,2,2,0
5,37,2,2003,3,1,1,2,2,1,1,1,1,1,1,3,1,2,6,6,1,1,33,2,2,0
3,39,1,2003,3,1,1,2,2,1,1,1,1,1,1,1,1,2,9,6,1,1,32,2,2,0
3,39,1,2003,2,1,1,2,2,1,2,1,1,1,1,1,1,2,9,6,1,1,33,2,2,0
1,35,2,2003,4,1,1,2,2,1,4,1,1,1,1,2,1,2,14,6,1,1,33,2,2,0
1,40,2,2003,2,1,1,2,2,1,1,1,1,1,1,1,1,2,9,6,1,1,33,2,2,0
5,40,2,2003,3,1,1,2,2,1,1,1,1,1,1,1,1,2,14,6,1,1,33,2,2,0
6,37,3,2003,3,1,1,2,2,1,1,1,1,1,1,3,1,2,14,6,1,1,33,2,2,0
1,38,3,2003,3,1,1,2,2,1,4,1,1,1,1,3,1,2,14,6,1,1,33,2,2,0
1,38,3,2003,2,1,1,2,2,1,1,1,1,1,1,2,1,2,14,6,1,1,33,2,2,0
1,35,3,2003,3,1,1,2,2,1,1,1,1,1,1,1,1,1,14,6,1,1,33,2,2,0
1,35,3,2003,4,1,1,2,2,1,2,1,1,1,1,3,1,2,13,6,1,1,33,2,2,0
1,38,4,2003,3,1,1,2,2,1,1,1,1,1,1,3,3,2,9,6,1,1,30,2,2,0
1,35,3,2003,3,1,1,2,2,2,1,1,2,1,1,2,1,2,8,6,1,1,33,2,2,0
1,35,4,2003,4,1,1,2,2,1,4,1,1,1,1,1,1,2,14,6,1,1,33,2,2,0
1,36,4,2003,2,1,1,2,2,1,1,1,1,1,1,3,1,2,14,6,1,1,33,2,2,0
3,36,4,2003,2,1,1,2,2,1,1,1,1,1,1,1,1,2,9,6,1,1,33,2,2,0
1,40,4,2003,3,1,1,2,2,1,2,1,1,1,1,3,1,2,12,6,1,1,33,2,2,0
1,40,4,2003,3,1,1,2,2,1,1,1,1,1,1,1,1,1,9,6,1,1,20,2,2,1
6,40,4,2003,1,1,1,2,2,1,4,1,1,1,1,1,1,2,14,6,1,1,33,2,2,0
7,40,4,2003,2,1,1,2,2,1,1,1,1,1,1,3,1,2,2,6,1,1,33,2,2,0
3,40,5,2003,3,1,1,2,2,1,1,1,1,1,1,1,1,2,9,6,1,1,35,2,2,0
6,40,5,2003,2,1,1,2,2,1,1,1,1,1,1,1,1,2,12,6,1,1,33,2,2,0
1,38,6,2003,3,1,1,2,2,1,1,1,1,1,1,1,1,2,14,6,1,1,33,2,2,1
7,36,6,2003,4,1,1,2,2,1,4,1,1,1,3,1,1,2,9,6,1,1,45,2,2,0
1,35,5,2003,3,1,1,2,2,1,1,1,1,1,1,2,1,2,14,6,1,1,30,2,2,1
1,35,6,2003,2,1,1,2,2,1,1,1,1,1,1,2,1,2,9,6,1,1,33,2,2,0
1,40,6,2003,2,1,1,2,2,1,1,1,1,1,1,1,1,2,9,6,1,1,33,2,2,0
3,40,6,2003,3,1,1,2,2,1,2,1,1,1,1,1,1,2,13,6,1,1,33,2,2,1
3,39,5,2003,4,1,1,2,2,1,2,1,1,1,1,1,1,2,9,6,1,1,33,2,2,0
2,38,7,2003,3,1,1,2,2,1,1,1,1,1,1,3,1,2,14,6,1,1,33,2,2,1
1,35,7,2003,2,1,1,2,2,1,1,1,1,1,1,2,1,2,8,6,1,1,45,2,2,0
5,35,8,2003,3,1,1,2,2,1,1,1,1,1,1,3,1,2,8,6,1,1,33,2,2,1
1,40,7,2003,2,1,1,2,2,1,2,1,1,1,1,1,1,2,14,6,1,1,33,2,2,2
6,40,9,2003,4,1,1,2,2,1,4,1,1,1,1,1,1,2,14,6,1,1,33,2,2,0
6,40,10,2003,2,1,1,2,2,1,2,1,1,1,1,1,1,2,14,10,1,1,33,2,2,1
6,40,10,2003,3,1,1,2,2,1,1,1,1,1,1,1,1,2,9,6,1,1,33,2,2,1
6,40,11,2003,3,1,1,2,2,1,1,1,1,1,1,1,1,2,14,6,1,1,33,2,2,1
8,38,10,2003,3,1,1,2,2,1,1,1,1,1,1,3,1,2,9,6,1,1,33,2,2,0
2,38,11,2003,3,1,1,2,2,1,2,1,1,1,1,3,1,2,13,6,1,1,33,2,2,0
3,38,11,2003,3,1,1,2,2,1,1,1,1,1,1,1,1,2,12,6,1,1,33,2,2,2
1,39,8,2003,1,1,1,2,2,1,4,1,1,1,1,3,1,2,14,6,1,1,33,2,2,0
3,39,11,2003,3,1,1,2,2,1,1,1,1,1,1,1,1,2,9,6,1,1,33,2,2,0
4,37,10,2003,2,1,1,2,2,1,1,1,1,1,1,3,1,2,9,6,1,1,33,2,2,0
1,39,12,2003,3,1,1,2,2,1,1,1,1,1,1,1,1,2,10,6,1,1,33,2,2,3
3,40,12,2003,3,1,1,2,2,1,1,1,1,1,1,1,1,2,8,6,1,1,33,2,2,1
1,36,10,2003,2,1,1,2,2,1,1,1,1,1,1,1,1,2,14,6,1,1,38,2,2,0
1,36,10,2003,3,1,1,2,2,1,1,1,1,1,1,3,1,2,9,6,1,1,33,2,2,0
4,36,11,2003,2,1,1,2,2,1,1,1,1,1,1,3,1,2,4,6,1,1,33,2,2,0
1,35,12,2003,2,1,1,2,2,1,1,1,1,1,1,3,1,2,9,6,1,1,33,2,2,0
5,28,6,2003,3,2,4,1,1,1,1,1,1,1,1,5,1,1,9,4,1,1,38,1,2,0
5,28,9,2003,2,1,2,2,2,1,1,1,1,1,1,5,1,1,9,6,1,1,33,2,2,1
1,28,1,2003,3,2,4,2,2,1,1,1,1,1,1,1,1,1,14,6,1,1,33,2,2,1
2,28,9,2003,2,1,2,2,2,1,1,1,1,1,1,5,1,1,10,6,1,1,33,1,2,2
2,28,7,2003,3,1,2,1,1,1,1,1,1,1,1,5,1,1,9,6,1,1,33,2,2,3
2,28,6,2003,2,1,8,1,2,1,1,1,1,1,1,2,1,1,14,11,1,1,33,2,2,0
4,28,11,2003,3,1,1,2,2,1,1,1,1,1,1,1,1,2,9,11,1,7,35,1,2,0
1,54,1,2003,3,2,1,2,2,1,1,1,1,1,1,5,1,1,4,2,2,2,33,2,2,3
13,54,1,2003,2,1,1,2,2,1,1,1,1,1,3,1,1,1,9,5,1,2,35,1,0,0
11,54,2,2003,3,3,1,2,2,1,1,1,1,1,1,3,1,2,7,6,1,1,33,1,2,0
1,54,2,2003,3,1,1,2,1,1,1,1,1,1,1,1,1,1,5,6,1,2,33,1,0,0
13,54,2,2003,3,7,1,1,2,4,1,1,1,1,1,4,1,2,15,5,2,2,33,1,2,0
5,55,1,2003,3,7,1,1,2,1,1,1,1,1,1,2,1,2,9,6,1,7,35,1,2,1
1,55,2,2003,2,1,1,1,2,1,1,1,1,1,1,3,1,2,7,11,1,1,30,2,2,3
2,55,2,2003,3,1,1,1,2,1,1,1,1,1,1,3,1,2,7,6,1,1,25,2,2,1
7,56,2,2003,4,7,1,1,2,4,2,2,1,1,1,1,1,2,9,5,1,1,33,2,2,0
1,56,2,2003,2,7,8,2,2,1,1,1,1,1,1,3,1,2,10,6,1,7,32,2,2,3
8,56,2,2003,4,1,1,2,2,1,4,1,1,1,1,3,1,2,14,6,1,2,33,2,2,0
9,56,2,2003,3,5,1,2,2,1,1,2,1,1,1,2,1,2,10,1,1,1,33,1,2,1
1,54,1,2003,4,1,4,2,2,1,4,1,1,1,1,5,1,1,14,4,1,1,33,1,2,1
1,54,3,2003,1,7,1,2,2,1,2,1,1,1,1,1,1,2,14,5,1,1,33,1,2,0
13,54,3,2003,3,2,2,2,2,1,1,1,1,1,1,1,1,1,7,6,1,2,33,1,0,1
5,56,3,2003,4,7,8,2,2,1,4,2,1,1,1,4,1,2,5,6,1,2,33,1,0,0
1,55,3,2003,3,1,1,2,2,1,1,1,1,1,1,5,1,1,5,6,1,2,30,2,2,3
1,55,4,2003,2,1,1,2,1,4,1,1,1,1,1,3,1,2,14,6,1,2,25,2,2,1
2,55,4,2003,3,1,1,1,1,1,1,1,1,1,1,3,1,2,7,6,1,1,33,2,2,0
3,55,4,2003,1,1,2,2,2,1,2,1,1,1,1,4,1,2,14,3,1,1,33,1,2,0
5,56,4,2003,4,7,1,2,2,1,2,1,1,1,1,4,1,2,17,6,1,2,33,2,2,1
3,56,4,2003,2,7,1,2,2,1,1,2,1,1,1,1,1,2,14,2,1,1,33,2,2,1
1,56,5,2003,1,1,1,2,2,1,2,2,1,1,1,5,1,1,9,6,1,2,33,1,0,1
1,55,5,2003,2,1,1,2,2,2,1,1,2,1,1,1,1,2,12,6,1,1,33,2,2,0
1,54,5,2003,3,1,8,2,2,1,1,1,1,1,1,4,1,1,6,6,1,2,33,1,0,1
1,54,5,2003,4,7,1,2,2,1,4,1,1,1,1,3,1,2,13,6,1,7,33,1,0,0
1,54,6,2003,3,1,1,1,1,1,1,1,1,1,1,4,1,2,5,6,1,2,33,1,0,1
1,54,6,2003,3,7,4,2,2,1,3,1,1,1,1,5,1,1,7,6,1,2,18,2,2,1
1,54,6,2003,3,4,8,1,1,1,2,1,1,1,1,1,1,2,6,6,1,1,35,1,2,0
7,53,7,2003,2,1,1,2,2,1,1,1,1,1,1,3,2,2,5,6,1,1,33,1,0,0
1,55,7,2003,4,1,8,2,2,1,4,2,1,1,2,1,1,2,19,6,1,2,40,1,0,1
5,55,7,2003,4,1,1,2,2,1,4,1,1,1,1,3,1,2,14,6,1,1,32,2,2,0
1,54,7,2003,3,7,8,2,2,1,1,1,1,1,1,5,1,1,10,4,1,2,28,2,2,3
8,54,7,2003,3,2,2,2,2,1,1,4,1,1,1,4,1,2,8,4,1,1,20,1,0,1
5,56,8,2003,4,1,1,2,2,1,2,1,1,1,1,3,1,2,9,6,1,2,36,1,0,0
3,54,8,2003,2,1,1,2,2,1,1,1,1,1,1,4,1,2,4,6,1,1,28,2,2,0
7,53,8,2003,3,7,1,2,2,1,1,1,1,2,3,4,3,2,8,6,1,1,33,1,0,0
1,55,10,2003,2,1,1,2,2,1,1,1,1,1,3,1,1,2,9,5,1,1,35,2,2,3
5,56,10,2003,2,1,1,2,2,1,1,1,1,1,2,1,1,2,14,6,1,1,40,2,2,1
1,54,11,2003,2,1,4,2,2,1,1,1,1,1,1,1,1,1,13,6,1,2,33,1,0,0
7,54,11,2003,3,1,8,2,1,1,1,1,1,1,1,3,1,2,9,6,1,2,30,1,0,0
11,54,11,2003,3,1,1,2,2,1,1,1,1,1,1,3,1,2,8,6,1,2,25,1,0,0
3,55,12,2003,4,1,1,2,2,1,2,1,1,1,1,3,1,1,14,6,1,1,33,1,0,1
1,54,12,2003,4,1,1,2,2,1,3,1,1,1,1,5,1,1,14,6,1,2,33,1,0,1
1,54,12,2003,2,7,1,2,2,1,1,1,1,1,1,3,1,1,13,1,1,1,33,2,2,1
1,61,1,2003,3,7,1,2,2,1,1,1,1,1,1,1,1,1,17,6,2,1,33,1,2,0
1,61,1,2003,2,7,1,2,2,1,2,1,1,1,1,1,1,2,14,6,1,1,30,2,2,2
1,65,1,2003,2,3,1,2,2,1,1,1,1,1,1,1,1,2,14,6,1,1,33,1,0,0
7,63,1,2003,2,1,1,2,2,4,4,1,2,1,1,1,1,2,9,5,1,1,33,2,2,0
8,63,1,2003,2,7,1,2,2,1,1,2,1,1,1,1,1,2,14,5,1,2,33,2,2,0
3,61,2,2003,3,1,1,2,2,1,1,1,1,1,1,1,1,2,9,6,1,1,35,2,2,2
8,57,1,2003,4,1,1,2,2,1,4,1,1,1,1,1,1,2,14,6,1,2,33,1,0,0
2,60,1,2003,2,2,2,2,2,1,1,1,1,1,1,5,1,2,9,6,1,1,40,2,2,3
6,60,1,2003,2,7,1,2,2,1,1,1,1,1,1,2,1,2,9,6,1,1,25,2,2,0
4,59,2,2003,2,1,2,1,1,1,1,1,1,1,1,1,1,2,9,6,1,1,30,2,2,0
7,67,3,2003,3,1,1,1,2,1,1,1,1,1,1,1,1,2,7,10,1,1,27,1,0,1
1,61,3,2003,2,1,1,2,1,1,1,1,1,1,1,1,1,1,14,6,1,1,33,2,2,1
6,61,3,2003,1,7,1,2,2,1,4,1,1,1,1,3,1,2,6,11,1,2,25,2,2,1
7,58,1,2003,4,1,1,2,2,1,2,1,1,1,1,1,1,2,8,6,1,1,35,2,2,0
1,58,1,2003,4,1,2,2,2,4,2,1,1,1,1,1,1,2,14,6,1,1,25,2,2,0
1,58,1,2003,3,1,1,2,2,1,1,1,1,1,1,2,1,2,4,5,1,1,25,2,2,0
1,65,3,2003,3,2,1,2,2,1,1,4,1,1,1,2,1,1,7,1,1,1,28,2,2,1
5,58,2,2003,3,7,7,2,1,1,2,1,1,1,1,1,1,2,14,6,1,2,33,1,0,2
5,58,2,2003,1,7,1,2,2,1,2,1,1,1,1,1,1,2,14,6,1,1,33,2,2,0
8,58,3,2003,3,1,1,2,2,1,1,1,1,2,3,1,4,2,17,5,1,2,30,1,2,1
5,58,3,2003,4,7,1,2,1,1,2,1,1,1,1,1,1,2,9,6,1,1,33,1,0,0
4,63,4,2003,4,4,4,2,2,1,3,1,1,1,1,2,1,1,14,9,2,6,25,2,2,0
8,66,4,2003,2,1,2,2,2,1,1,1,1,1,1,2,1,1,17,6,1,1,33,2,2,0
1,65,4,2003,1,2,1,2,1,2,3,2,2,1,2,1,1,2,14,1,1,7,28,2,2,0
4,63,5,2003,3,1,2,2,1,1,1,2,1,1,1,1,1,2,9,6,1,2,33,1,0,2
4,63,5,2003,3,1,2,2,2,1,1,1,1,1,1,1,1,2,14,6,1,2,33,1,0,0
5,63,5,2003,3,4,1,2,2,1,1,1,1,1,1,1,1,2,7,5,1,2,33,1,2,1
6,63,5,2003,2,1,1,2,2,1,1,1,1,1,1,2,1,2,8,6,1,2,33,1,0,0
1,58,5,2003,1,3,2,2,2,1,2,1,1,1,1,1,1,2,14,6,1,1,25,2,2,0
1,60,5,2003,3,3,4,2,2,1,1,1,1,1,1,2,1,1,14,9,2,3,27,1,2,0
2,65,5,2003,4,1,1,2,2,1,2,1,1,1,1,1,1,2,7,5,1,2,33,1,2,0
4,62,5,2003,4,7,8,2,2,1,2,1,1,3,3,4,1,2,14,6,1,2,33,2,2,0
1,62,5,2003,2,1,1,1,2,1,1,1,1,1,1,1,1,1,9,5,1,2,33,1,0,1
5,58,6,2003,3,7,1,2,2,1,2,1,1,1,1,1,1,2,14,6,1,1,33,1,2,0
7,58,6,2003,1,1,1,2,2,1,4,1,1,1,1,1,1,2,14,5,1,1,36,1,2,2
6,60,6,2003,3,7,1,2,2,1,1,2,1,1,1,2,1,1,14,5,1,1,40,2,2,1
1,61,7,2003,1,7,1,2,2,2,2,1,2,1,1,3,1,2,6,2,1,2,33,2,2,0
1,57,7,2003,4,1,1,1,2,1,4,1,1,1,1,1,1,2,7,6,1,1,33,2,2,0
1,57,7,2003,1,1,1,2,2,1,4,1,1,1,1,1,1,2,6,6,1,1,33,2,2,0
1,65,7,2003,1,7,8,2,1,1,4,2,1,1,1,1,1,2,7,6,1,1,33,1,2,1
2,58,7,2003,2,7,1,2,1,1,1,1,2,1,1,1,1,2,7,6,1,2,33,1,0,0
5,63,7,2003,4,3,1,2,2,1,2,1,1,1,1,1,1,2,4,6,2,2,25,1,2,1
5,60,7,2003,3,7,1,2,2,1,1,1,1,1,1,1,1,1,14,6,1,2,33,1,0,1
1,61,8,2003,2,1,1,2,2,1,1,1,1,1,1,1,1,1,14,6,1,1,30,2,2,3
9,63,8,2003,2,3,1,2,2,1,1,1,2,1,1,1,1,1,14,6,1,2,28,1,0,2
1,58,8,2003,1,7,8,1,2,1,2,1,1,1,1,2,1,1,9,11,1,1,33,2,2,0
6,58,8,2003,3,7,1,2,2,1,1,1,1,1,1,1,1,2,10,6,1,1,33,1,2,2
7,59,8,2003,2,4,1,2,2,1,1,2,1,1,1,1,1,2,9,1,1,2,33,1,2,1
2,62,9,2003,4,1,1,2,2,1,2,1,1,1,1,4,1,2,17,6,1,2,33,1,0,1
1,61,9,2003,4,1,1,2,2,1,4,2,1,1,1,1,1,2,4,6,2,2,26,1,2,0
2,61,9,2003,1,1,1,1,1,1,1,1,1,1,1,1,1,1,14,6,1,1,30,2,2,0
3,58,9,2003,3,1,1,2,2,1,2,1,1,1,1,1,1,2,9,6,1,1,33,2,2,0
7,58,9,2003,3,3,1,2,2,1,1,1,1,1,1,1,1,2,9,6,1,1,33,2,2,0
7,58,9,2003,3,3,1,2,2,1,1,1,1,1,1,1,1,2,14,6,1,2,33,1,0,0
4,66,9,2003,2,7,1,2,2,1,1,2,1,1,1,2,1,2,11,6,2,2,33,1,2,0
5,66,10,2003,2,7,1,2,2,1,2,1,1,1,1,1,1,1,12,8,1,7,26,2,2,0
8,58,10,2003,3,7,1,2,2,1,1,2,1,1,1,2,1,2,9,5,1,2,36,1,2,0
10,63,10,2003,2,1,8,2,2,1,1,1,1,1,1,1,1,2,9,6,1,2,33,1,0,1
14,63,10,2003,3,1,8,2,1,1,1,2,1,1,1,1,1,2,14,5,1,2,33,1,0,3
1,59,11,2003,2,3,1,2,2,1,1,1,1,1,1,1,1,2,9,6,1,2,33,2,2,0
4,59,11,2003,3,3,1,2,2,1,1,1,1,1,1,2,1,2,11,6,1,2,33,2,2,0
1,58,11,2003,4,3,2,2,2,1,2,1,1,1,1,1,1,1,9,6,1,2,33,1,0,1
10,58,11,2003,2,7,1,1,2,1,1,1,1,1,1,2,1,1,16,11,1,2,28,2,2,0
8,63,11,2003,3,1,1,2,2,1,1,1,1,1,1,1,1,2,14,1,1,2,33,1,0,0
6,63,11,2003,3,7,1,1,2,1,1,1,1,1,1,1,1,2,19,6,1,7,33,1,2,0
10,63,11,2003,4,7,8,2,2,1,1,2,5,1,1,2,1,2,19,6,1,2,33,1,0,0
9,63,11,2003,3,7,1,2,2,1,1,1,1,1,1,1,1,2,7,6,1,1,30,1,2,3
4,64,3,2003,3,2,4,2,2,1,1,1,1,1,1,5,1,1,2,4,1,1,33,2,2,1
4,64,3,2003,3,2,6,2,2,1,1,1,1,1,1,5,1,1,12,6,1,1,33,2,2,1
2,64,2,2003,4,1,8,2,2,1,3,1,1,1,1,5,1,1,1,2,1,1,33,2,2,0
2,64,2,2003,3,1,1,2,2,1,1,1,1,1,1,5,1,1,5,6,1,1,25,2,2,1
6,64,3,2003,2,3,1,2,2,1,1,3,1,1,1,5,1,1,11,6,1,1,40,2,2,3
2,64,9,2003,3,2,4,2,2,1,1,1,1,1,1,5,1,1,9,6,1,1,33,2,2,0
3,64,5,2003,3,1,1,2,2,1,1,1,1,1,1,5,1,1,10,6,1,1,33,2,2,1
3,64,5,2003,4,1,3,2,2,1,1,1,1,1,1,5,1,1,8,6,1,1,33,2,2,0
4,64,8,2003,3,1,1,2,2,1,1,1,1,1,1,5,1,1,14,6,1,1,45,2,2,0
5,64,7,2003,2,3,4,2,1,1,1,1,1,1,1,5,1,1,14,6,1,1,33,2,2,0
5,64,9,2003,3,1,1,2,2,1,1,1,1,1,1,5,1,1,14,6,1,1,33,2,2,0
7,64,6,2003,4,1,1,2,2,1,3,1,1,1,1,5,1,1,14,6,1,3,25,2,2,0
8,64,4,2003,4,1,1,2,2,1,3,1,1,1,1,5,1,1,7,6,1,1,33,2,2,0
8,64,8,2003,2,1,1,2,2,1,1,1,1,1,1,5,1,1,9,6,1,1,30,2,2,1
10,64,6,2003,2,1,1,2,2,2,1,1,2,1,1,5,1,1,5,6,1,1,35,2,2,0
2,64,10,2003,3,1,1,2,1,1,1,1,1,1,1,5,1,1,7,5,1,1,22,2,2,1
12,64,10,2003,2,3,1,2,2,1,1,1,1,1,1,1,1,2,11,5,1,1,33,2,2,1
12,64,10,2003,4,2,4,2,2,1,4,2,1,1,1,3,1,2,5,6,1,1,33,2,2,0
1,64,8,2003,3,1,1,2,2,1,1,1,1,1,1,5,1,1,14,6,1,1,32,1,2,0
5,64,10,2003,3,1,1,2,2,1,1,1,1,1,3,5,1,1,9,6,1,1,35,2,2,2
2,64,11,2003,2,1,1,2,2,1,1,5,1,1,1,5,1,1,10,6,1,2,33,1,0,0
4,64,11,2003,2,1,1,2,2,1,1,1,1,1,1,5,1,1,8,6,1,1,33,2,2,0