Thana,District,Month,Year,Time,Junction_Type,Traffic_Control,Movement,Divider,Weather,Light,Road_Geometry,Surface_Condition,Surface_Type,Surface_Quality,Road_Class,Road_Feature,Location_Type,Vehicle_Type,Vehicle_Movement,Vehicle_Loading,Vehicle_Defect,Vehicle_Driver_Age,Vehicle_Alcohol,Vehicle_Seat_Belt,Accident_Severity
1,64,11,2003,2,2,6,2,2,1,1,4,1,1,1,5,1,1,9,6,1,1,33,2,2,0
3,64,11,2003,4,1,1,2,2,1,4,1,1,1,1,5,4,1,8,5,1,1,34,2,2,1
5,64,12,2003,4,1,5,2,2,1,3,1,1,1,2,5,1,1,19,6,1,1,33,2,2,3
5,46,2,2003,4,1,1,2,2,1,4,1,1,1,1,1,1,2,12,6,1,1,33,2,2,0
6,46,2,2003,2,1,1,2,2,1,1,1,1,1,1,1,1,1,9,6,1,1,33,2,2,0
1,50,2,2003,3,1,1,2,2,1,1,1,1,1,1,1,1,1,9,6,1,1,33,2,2,0
1,47,1,2003,2,1,1,2,2,1,1,1,1,1,1,1,1,2,14,6,1,1,32,2,2,1
2,47,1,2003,3,1,1,2,2,1,1,1,1,1,1,1,1,2,9,6,1,1,33,2,2,0
5,47,1,2003,3,1,1,2,2,1,1,1,1,1,1,1,1,1,9,6,1,1,33,2,2,1
8,47,1,2003,3,1,1,2,2,1,1,1,1,1,1,1,2,2,9,6,1,1,33,2,2,0
9,47,1,2003,2,1,1,2,2,4,1,2,2,1,1,1,1,2,14,6,1,1,33,2,2,0
9,47,1,2003,4,1,1,2,2,1,4,1,1,1,1,1,1,2,9,6,1,1,33,2,2,2
2,43,2,2003,4,1,1,2,2,1,2,1,1,1,1,1,1,2,7,6,1,1,45,2,2,3
2,43,2,2003,3,1,1,2,2,1,1,1,1,1,1,1,1,2,9,6,1,1,33,2,2,0
2,43,2,2003,3,1,1,2,2,1,1,1,1,1,1,1,1,2,9,6,1,1,33,2,2,0
3,43,1,2003,3,1,1,2,2,1,1,1,1,1,1,1,1,2,9,6,1,1,33,2,2,0
1,49,1,2003,2,1,1,2,2,1,1,1,1,1,1,2,1,1,8,6,1,1,33,2,2,0
1,49,2,2003,3,1,1,2,2,1,1,1,1,1,1,1,1,2,6,6,1,1,33,2,2,3
3,49,2,2003,3,1,1,2,2,1,1,1,1,1,1,3,1,2,12,6,1,1,33,2,2,0
1,48,1,2003,3,1,1,2,2,1,1,1,1,1,1,1,1,2,6,6,1,1,33,2,2,0
6,45,1,2003,2,1,1,2,2,4,2,1,1,1,1,3,1,2,9,6,1,1,45,2,2,0
3,45,2,2003,2,1,1,2,2,1,1,1,1,1,1,3,1,2,14,6,1,1,33,2,2,0
4,51,1,2003,3,1,1,2,2,1,1,1,1,1,1,3,1,2,14,6,1,1,33,2,2,0
8,51,1,2003,2,1,1,2,2,1,1,1,1,1,1,2,1,2,14,6,1,1,33,2,2,1
8,51,1,2003,4,1,1,2,2,4,4,1,1,1,2,2,1,2,8,6,1,1,45,2,2,0
1,41,2,2003,3,1,1,2,2,1,1,1,1,1,1,1,1,2,8,6,1,1,33,2,2,1
3,41,2,2003,2,1,1,2,2,1,1,1,1,1,1,1,1,2,13,6,1,1,33,2,2,0
5,41,2,2003,3,1,1,2,2,1,1,1,1,1,1,1,1,2,9,6,1,1,33,2,2,0
5,41,2,2003,3,1,1,2,2,1,1,1,1,1,1,1,1,2,9,6,1,1,33,2,2,1
5,41,3,2003,4,1,1,2,2,2,4,1,2,1,1,2,1,2,8,6,1,1,33,2,2,0
1,44,2,2003,2,1,1,2,2,1,1,1,1,1,1,2,1,1,13,6,1,1,20,2,2,1
6,44,2,2003,3,1,1,2,2,1,1,1,1,1,1,1,1,2,14,6,1,1,33,2,2,1
6,50,3,2003,2,1,1,2,2,1,1,1,1,1,1,3,1,2,12,6,1,1,33,2,2,3
13,50,3,2003,2,1,1,2,2,1,1,1,1,1,1,1,1,2,9,6,1,1,33,2,2,0
1,43,3,2003,2,1,1,2,2,1,2,1,1,1,1,3,1,2,14,6,1,1,33,2,2,0
2,43,3,2003,3,1,1,2,2,1,1,1,1,1,1,1,1,2,9,6,1,1,33,2,2,0
1,51,3,2003,2,1,1,2,2,1,1,1,1,1,1,3,1,2,12,6,1,1,35,2,2,1
6,45,3,2003,3,1,1,2,2,1,1,1,1,1,1,3,1,2,8,6,1,1,33,2,2,0
9,47,2,2003,4,1,1,2,2,1,2,1,1,1,1,1,2,2,9,6,1,1,33,2,2,1
5,47,3,2003,2,1,1,2,2,1,1,1,1,1,1,1,1,2,9,6,1,1,33,2,2,0
6,47,3,2003,3,1,1,2,2,1,1,1,1,1,1,3,1,2,14,6,1,1,33,2,2,0
1,50,4,2003,2,1,1,2,2,1,1,1,1,1,1,1,1,2,12,6,1,1,33,2,2,0
1,50,4,2003,3,1,1,2,2,1,1,1,1,1,1,1,1,2,4,6,1,1,33,2,2,0
10,50,4,2003,3,1,1,2,2,1,1,1,1,1,1,2,1,2,9,6,1,1,33,2,2,1
1,44,3,2003,2,1,1,2,2,1,2,1,1,1,1,3,1,2,10,6,1,1,33,2,2,0
7,44,4,2003,2,1,1,2,2,1,1,1,1,1,1,1,1,1,9,6,1,1,33,2,2,1
2,43,4,2003,1,1,1,2,2,1,4,1,1,1,1,1,1,2,14,6,1,1,33,2,2,3
5,43,4,2003,2,1,1,2,2,1,1,1,1,1,1,1,1,2,8,6,1,1,33,2,2,0
1,52,4,2003,3,1,1,2,2,1,1,1,1,1,1,3,1,2,7,6,1,1,33,2,2,0
4,45,3,2003,4,1,1,2,2,1,4,1,1,1,1,3,1,2,14,6,1,1,33,2,2,1
1,45,5,2003,3,1,1,2,2,1,1,1,1,1,1,1,1,1,13,6,1,1,25,2,2,1
6,45,5,2003,4,1,1,2,2,1,4,1,1,1,1,1,1,2,14,6,1,1,33,2,2,0
6,52,5,2003,3,1,1,2,2,1,1,1,1,1,1,3,1,2,12,6,1,1,33,2,2,1
2,47,5,2003,3,1,1,2,2,1,1,1,1,1,1,3,1,2,7,6,1,1,33,2,2,1
1,49,6,2003,2,1,1,2,2,1,1,1,1,1,1,2,1,2,8,6,1,1,30,2,2,1
2,49,5,2003,3,1,1,2,2,1,1,1,1,1,1,3,1,2,12,6,1,1,33,2,2,1
3,49,4,2003,3,1,1,2,2,1,1,1,1,1,1,2,1,2,9,6,1,1,33,2,2,1
3,49,6,2003,2,1,1,2,2,1,1,1,1,1,1,3,1,2,9,6,1,1,39,2,2,3
4,49,6,2003,2,1,1,2,2,1,1,1,1,1,1,3,1,2,9,6,1,1,33,2,2,0
3,45,6,2003,4,1,1,2,2,1,3,1,1,1,1,1,1,2,14,6,1,1,33,2,2,0
1,50,5,2003,3,1,1,2,2,1,1,1,1,1,1,2,1,2,9,6,1,1,33,2,2,0
2,41,4,2003,4,1,1,2,2,1,2,1,1,1,1,3,1,2,6,6,1,1,33,2,2,1
1,44,5,2003,2,1,1,2,2,1,1,1,1,1,1,1,1,2,10,6,1,4,33,2,2,1
2,44,5,2003,3,1,1,2,2,1,1,1,1,1,1,3,1,2,14,6,1,1,33,2,2,1
7,44,5,2003,2,1,1,2,2,1,1,1,1,1,1,1,1,2,9,6,1,1,33,2,2,1
7,44,3,2003,3,1,1,2,2,1,1,1,1,1,1,3,1,2,14,6,1,1,33,2,2,0
2,41,5,2003,2,1,1,2,2,1,1,1,1,1,1,3,1,2,14,6,1,1,33,2,2,1
2,41,6,2003,2,1,1,2,2,1,2,1,1,1,1,3,1,2,14,6,1,1,33,2,2,1
4,51,4,2003,3,1,1,2,2,1,1,1,1,1,1,1,1,2,9,6,1,1,35,2,2,1
12,51,5,2003,2,1,1,2,2,1,1,1,1,1,1,3,1,2,14,6,1,1,33,2,2,0
1,50,6,2003,3,1,1,2,2,1,1,1,1,1,1,1,1,1,10,6,1,1,40,2,2,0
5,47,6,2003,3,1,1,2,2,1,1,1,1,1,1,1,1,2,8,6,1,1,33,2,2,0
7,44,6,2003,3,1,1,2,2,1,1,1,1,1,1,1,1,2,8,6,1,1,33,2,2,0
10,52,7,2003,3,1,1,2,2,1,1,1,1,1,1,1,1,2,9,6,1,1,33,2,2,1
4,43,7,2003,4,1,1,2,2,1,2,1,1,1,1,1,1,2,10,6,1,1,33,2,2,1
5,43,7,2003,3,1,1,2,2,1,1,1,1,1,1,1,1,2,9,6,1,1,33,2,2,0
5,45,7,2003,4,1,1,2,2,1,2,1,1,1,1,1,1,2,8,6,1,1,33,2,2,1
1,50,7,2003,4,1,1,2,2,1,3,1,1,1,1,1,1,1,9,6,1,1,33,2,2,1
1,50,7,2003,2,1,1,2,2,1,1,1,1,1,1,1,1,1,14,6,1,1,33,2,2,0
2,50,7,2003,3,1,1,2,2,1,1,1,1,1,1,1,1,1,9,6,1,1,33,2,2,0
8,50,7,2003,3,1,1,2,2,1,1,1,1,1,1,2,1,2,8,6,1,1,33,2,2,1
13,50,7,2003,2,1,1,2,2,1,1,1,1,1,1,2,1,2,9,6,1,1,33,2,2,0
5,47,7,2003,4,1,1,2,2,1,2,1,1,1,1,1,1,2,19,6,1,1,33,2,2,0
9,47,7,2003,2,1,1,2,2,1,1,1,1,1,1,1,1,2,14,4,1,1,38,2,2,1
4,44,7,2003,3,1,1,2,2,1,1,1,1,1,1,2,1,2,14,6,1,1,33,2,2,0
6,44,7,2003,2,1,1,2,2,1,1,1,1,1,1,2,1,2,9,6,1,1,33,2,2,0
2,43,9,2003,3,1,1,2,2,1,1,1,1,1,1,1,1,2,8,6,1,1,33,2,2,1
2,43,9,2003,1,1,1,2,2,1,2,1,1,1,1,1,1,2,15,6,1,1,33,2,2,2
2,43,9,2003,2,1,1,2,2,1,1,1,1,1,1,1,1,2,13,6,1,1,33,2,2,2
1,47,9,2003,2,1,1,2,2,1,1,1,1,1,1,1,1,2,9,6,1,1,33,2,2,0
1,47,9,2003,2,1,1,2,2,1,1,1,1,1,1,1,1,1,8,6,1,1,33,2,2,1
4,47,9,2003,4,1,1,2,2,2,4,1,2,1,1,1,1,2,14,6,1,1,33,2,2,0
5,47,8,2003,4,1,1,2,2,2,4,1,2,1,2,3,1,2,14,6,1,1,33,2,2,1
1,45,8,2003,2,1,1,2,2,1,1,1,1,1,1,1,1,2,13,6,1,1,33,2,2,0
2,45,8,2003,3,1,1,2,2,1,1,1,1,1,1,1,1,2,14,6,1,1,33,2,2,1
1,48,8,2003,2,1,1,2,2,1,1,1,1,1,1,3,1,2,8,6,1,1,33,2,2,0
1,50,8,2003,3,1,1,2,2,1,2,1,1,1,1,1,1,2,12,6,1,1,33,2,2,0
2,50,8,2003,2,1,1,2,2,1,1,1,1,1,1,1,1,2,9,6,1,1,33,2,2,0
10,50,8,2003,1,1,1,2,2,1,4,1,1,1,1,1,1,2,14,6,1,1,33,2,2,1
7,50,9,2003,3,1,1,2,2,1,1,1,1,1,1,2,1,2,9,6,1,1,33,2,2,1
13,50,9,2003,3,1,1,2,2,1,1,1,1,1,1,3,1,2,9,6,1,1,33,2,2,1
1,50,10,2003,3,1,1,2,2,1,1,1,1,1,1,1,1,1,14,6,1,1,40,2,2,1
5,50,10,2003,3,1,1,2,2,1,1,1,1,1,1,3,1,2,8,6,1,1,33,2,2,0
1,45,9,2003,3,1,1,2,2,1,1,1,1,1,1,3,1,2,14,6,1,1,33,2,2,0
9,47,10,2003,3,1,1,2,2,1,1,1,1,1,1,1,1,2,9,6,1,1,33,2,2,2
1,43,10,2003,3,1,1,2,2,1,1,1,1,1,1,3,1,2,10,6,1,1,33,2,2,1
2,43,10,2003,1,1,1,2,2,1,2,1,1,1,1,1,1,2,10,6,1,1,33,2,2,0
2,43,10,2003,1,1,1,2,2,1,4,1,1,1,1,1,1,2,13,10,1,1,33,2,2,0
2,43,10,2003,1,1,1,2,2,1,4,1,1,1,1,1,1,2,14,6,1,1,33,2,2,0
2,43,10,2003,3,1,1,2,2,1,1,1,1,1,1,1,1,2,15,6,1,1,33,2,2,0
1,45,11,2003,3,1,1,2,2,1,1,1,1,1,1,3,1,2,9,6,1,1,33,2,2,0
4,45,11,2003,2,1,1,2,2,1,1,1,1,1,1,3,1,2,9,6,1,1,33,2,2,0
6,45,11,2003,3,1,1,2,2,1,2,1,1,1,1,3,1,2,14,6,1,1,33,2,2,0
6,45,11,2003,4,1,1,2,2,1,2,1,1,1,1,1,1,2,9,6,1,1,33,2,2,0
9,47,11,2003,3,1,1,2,2,1,1,1,1,1,1,1,1,2,9,6,1,1,33,2,2,0
9,47,11,2003,2,1,1,2,2,1,1,1,1,1,1,1,1,2,9,6,1,1,33,2,2,1
1,51,10,2003,2,1,1,2,2,1,1,1,1,1,1,2,1,2,14,6,1,1,33,2,2,0
1,51,10,2003,1,1,1,2,2,1,3,1,1,1,1,2,1,2,7,6,1,1,33,2,2,1
4,51,11,2003,1,1,1,2,2,1,2,1,1,1,1,1,1,2,9,6,1,1,33,2,2,0
7,51,10,2003,3,1,1,2,2,2,1,1,2,1,1,3,1,2,6,6,1,1,33,2,2,1
7,51,11,2003,2,1,1,2,2,1,1,1,1,1,1,3,1,2,9,6,1,1,33,2,2,0
1,52,10,2003,2,1,1,2,2,1,1,1,1,1,1,2,1,2,14,6,1,1,26,2,2,1
1,52,10,2003,3,1,1,2,2,1,1,1,1,1,1,3,1,2,6,6,1,1,33,2,2,0
4,44,8,2003,4,1,1,2,2,1,3,1,1,1,1,1,1,1,9,6,1,1,35,2,2,0
5,44,8,2003,4,1,1,2,2,1,3,1,1,1,1,1,1,2,9,6,1,1,33,2,2,0
1,51,12,2003,4,1,1,2,2,1,3,1,1,1,1,2,1,2,9,6,1,1,33,2,2,0
1,51,12,2003,4,1,1,2,2,1,2,1,1,1,1,2,1,2,14,6,1,1,33,2,2,0
8,47,12,2003,3,1,1,2,2,1,1,1,1,1,1,1,1,2,10,6,1,1,33,2,2,1
10,50,12,2003,4,1,1,2,2,1,3,1,1,1,1,1,1,2,7,6,1,1,33,2,2,1
10,50,12,2003,3,1,1,2,2,1,1,1,1,1,1,1,1,2,14,6,1,1,33,2,2,1
11,50,12,2003,3,1,1,2,2,1,1,1,1,1,1,2,1,2,9,6,1,1,32,2,2,0
11,50,12,2003,1,1,1,2,2,4,4,1,1,1,1,3,1,2,6,6,1,1,33,2,2,0
13,50,12,2003,3,1,1,2,2,1,1,1,1,1,1,3,1,2,9,6,1,1,33,2,2,0
8,52,12,2003,2,1,1,2,2,1,1,1,1,1,1,3,1,2,8,6,1,1,33,2,2,0
5,52,12,2003,2,1,1,2,2,1,1,1,1,1,1,3,1,2,17,6,1,1,33,2,2,0
3,41,6,2003,2,1,1,2,2,1,1,1,1,1,1,1,1,2,9,6,1,1,33,2,2,0
3,41,8,2003,3,1,1,2,2,1,1,1,1,1,1,3,1,2,12,6,1,1,33,2,2,1
3,41,8,2003,4,1,1,2,2,1,2,1,1,1,1,3,1,2,12,6,1,1,38,2,2,1
3,41,8,2003,2,1,1,2,2,1,1,1,1,1,1,3,1,2,9,6,1,1,33,2,2,0
5,41,8,2003,3,1,1,2,2,1,1,1,1,1,1,1,1,2,12,6,1,1,33,2,2,3
5,41,8,2003,2,1,1,2,2,1,1,1,1,1,1,1,1,2,12,6,1,1,33,2,2,0
5,41,11,2003,3,1,1,2,2,1,1,1,1,1,1,1,1,2,7,6,1,1,33,2,2,1
5,41,12,2003,4,1,1,2,1,1,4,1,1,1,1,1,1,2,13,6,1,1,33,2,2,0
6,44,9,2003,1,1,1,2,2,1,4,1,1,1,1,1,1,2,10,6,1,1,33,2,2,0
6,44,9,2003,3,1,1,2,2,1,1,1,1,1,1,1,1,2,10,6,1,1,33,2,2,0
2,43,12,2003,3,1,1,2,2,1,1,1,1,1,1,1,1,1,10,6,1,1,32,2,2,1
3,43,12,2003,2,1,1,2,2,1,1,1,1,1,1,1,1,2,9,6,1,1,33,2,2,1
1,48,12,2003,3,1,1,2,2,1,1,1,1,1,1,1,1,1,6,6,1,1,33,2,2,0
5,49,9,2003,2,1,1,2,2,1,1,1,1,1,1,3,1,2,14,6,1,1,25,2,2,1
2,46,12,2003,4,1,1,2,2,1,4,1,1,1,3,1,1,2,9,6,1,1,33,2,2,0
1,46,8,2003,2,1,1,2,2,1,1,1,1,1,1,2,1,2,8,6,1,1,33,2,2,0
1,44,10,2003,3,1,1,2,2,1,1,1,1,1,1,3,1,2,9,6,1,1,33,2,2,0
3,44,10,2003,3,1,1,2,2,1,1,1,1,1,1,1,1,2,9,6,1,1,33,2,2,0
4,44,10,2003,2,1,1,2,2,1,1,1,1,1,1,2,1,2,14,6,1,1,40,2,2,0
5,44,10,2003,2,1,1,2,2,1,1,1,1,1,1,1,1,2,9,6,1,1,33,2,2,1
7,44,10,2003,3,1,1,2,2,2,4,2,2,1,1,1,1,2,9,6,1,1,33,2,2,0
7,44,10,2003,3,1,1,2,2,1,1,1,1,1,1,1,1,2,8,6,1,1,33,2,2,0
7,44,10,2003,2,1,1,2,2,1,1,1,1,1,1,1,1,2,14,6,1,1,33,2,2,0
4,44,11,2003,3,1,1,2,2,1,2,1,1,1,1,2,1,2,14,6,1,1,40,2,2,3
4,44,11,2003,3,1,1,2,2,1,1,1,1,1,1,2,1,2,14,6,1,1,30,2,2,1
4,44,11,2003,2,1,1,2,2,1,1,1,1,1,1,1,1,2,9,6,1,1,33,2,2,1
5,44,11,2003,4,1,1,2,2,1,2,1,1,1,1,1,1,2,9,6,1,1,33,2,2,0
5,44,11,2003,2,1,1,2,2,1,1,1,1,1,1,1,1,2,8,6,1,1,33,2,2,0
3,41,9,2003,3,1,1,2,2,1,1,1,1,1,1,3,1,2,14,6,1,1,33,2,2,1
3,41,11,2003,1,1,1,2,2,1,2,1,1,1,1,3,1,2,7,6,1,1,33,2,2,0
5,41,7,2003,2,1,1,2,2,1,2,1,1,1,1,1,1,2,14,6,1,1,33,2,2,3
5,41,9,2003,3,1,1,2,2,1,1,1,1,1,1,1,1,2,9,6,1,1,33,2,2,3
5,41,9,2003,3,1,1,2,2,1,1,1,1,1,1,1,1,2,9,6,1,1,33,2,2,0
5,41,9,2003,2,1,1,2,2,1,1,1,1,1,1,1,1,2,9,6,1,1,33,2,2,0
5,41,9,2003,3,1,1,2,2,1,1,1,1,1,1,1,1,2,8,6,1,1,33,2,2,1
5,41,10,2003,2,1,1,2,2,1,1,1,1,1,1,1,1,2,9,6,1,1,33,2,2,2
5,41,10,2003,2,1,1,2,2,1,1,1,1,1,1,1,1,2,9,6,1,1,33,2,2,0
5,41,10,2003,3,1,1,2,2,1,1,1,1,1,1,1,1,2,9,6,1,1,33,2,2,1
5,41,11,2003,3,1,1,2,2,1,1,1,1,1,1,1,1,2,10,6,1,1,33,2,2,2
5,41,11,2003,3,1,1,2,2,1,1,1,1,1,1,1,1,2,10,6,1,1,32,2,2,1
5,41,12,2003,2,1,1,2,2,1,1,1,1,1,1,1,1,2,14,6,1,1,33,2,2,3
5,41,12,2003,1,1,1,2,2,1,2,1,1,1,1,1,1,2,9,6,1,1,33,2,2,1
4,44,12,2003,3,1,1,2,2,1,1,1,1,1,1,3,1,2,9,6,1,1,33,2,2,1
4,44,12,2003,3,1,1,2,2,1,1,1,1,1,1,3,1,2,9,6,1,1,33,2,2,1
6,44,11,2003,3,1,1,2,2,1,1,1,1,1,1,3,1,2,9,6,1,1,33,2,2,0
7,44,12,2003,1,1,1,2,2,1,4,1,1,1,1,1,1,2,10,6,1,1,33,2,2,0
10,42,1,2003,4,3,6,2,1,1,2,1,1,1,1,5,1,1,8,6,1,1,33,2,2,1
10,42,2,2003,2,1,1,2,2,1,1,1,1,1,1,5,1,1,14,6,1,1,33,2,2,0
10,42,2,2003,3,7,8,2,1,1,1,1,1,1,1,5,1,1,10,6,1,2,33,2,2,0
4,42,3,2003,3,1,2,1,1,1,1,1,1,1,1,5,1,1,9,6,1,1,33,2,2,1
4,42,3,2003,1,1,2,1,1,1,3,1,1,1,1,5,1,1,8,6,1,1,33,2,2,3
21,42,3,2003,1,1,4,2,2,1,3,1,1,1,1,5,1,1,19,6,1,2,33,1,2,0
3,42,2,2003,3,1,1,1,1,1,1,1,1,1,1,5,1,1,8,6,1,1,33,2,2,1
18,42,3,2003,3,1,2,2,1,1,1,1,1,1,1,5,1,1,14,6,1,2,33,2,2,0
9,42,3,2003,3,1,1,2,1,1,1,1,1,1,1,5,1,1,10,6,1,1,33,2,2,1
9,42,3,2003,1,3,6,2,1,1,3,1,1,1,1,5,1,1,10,6,1,7,33,2,2,1
4,42,4,2003,2,1,1,2,2,1,1,1,1,1,1,5,1,1,10,6,1,1,33,2,2,2
4,42,4,2003,4,3,1,2,2,1,3,1,1,1,1,5,1,1,10,6,1,1,33,2,2,3
21,42,4,2003,4,1,1,2,2,1,3,1,1,1,1,5,1,1,14,6,1,2,33,2,2,1
9,42,1,2003,3,3,4,2,1,1,1,1,1,1,1,5,1,1,9,6,1,1,30,2,2,1
8,42,3,2003,2,1,1,2,1,1,1,1,1,1,1,5,1,1,9,6,1,1,33,2,2,1
8,42,4,2003,3,3,1,2,1,1,1,1,1,1,1,5,1,1,8,6,2,1,33,2,2,1
8,42,4,2003,4,1,1,2,2,1,3,1,1,1,1,5,1,1,11,6,1,2,33,2,2,0
1,42,2,2003,2,1,1,2,1,1,1,1,1,1,1,5,1,1,9,6,1,7,33,2,2,2
1,42,3,2003,3,2,4,2,1,1,1,1,1,1,1,5,1,1,10,6,1,1,33,2,2,3
1,42,3,2003,3,1,1,2,1,1,1,1,1,1,1,5,1,1,14,6,1,1,33,2,2,0
1,42,2,2003,2,5,1,2,1,1,1,1,1,1,1,5,1,1,8,6,1,1,33,2,2,0
11,42,4,2003,3,1,1,1,1,1,1,1,1,1,1,5,1,1,9,6,1,1,33,1,2,1
11,42,4,2003,2,1,1,2,1,1,1,1,1,1,1,5,1,1,10,6,1,1,33,2,2,2
11,42,4,2003,3,1,1,2,1,1,1,1,1,1,1,5,1,1,10,5,1,1,33,2,2,2
11,42,4,2003,4,1,1,1,1,1,3,1,1,1,1,5,1,1,8,6,1,1,26,2,2,2
7,42,3,2003,3,7,8,1,1,1,1,1,1,1,1,5,1,1,9,6,1,1,26,2,2,1
18,42,5,2003,3,3,2,2,1,1,1,1,1,1,1,5,1,1,8,5,1,1,22,2,2,2
18,42,5,2003,2,1,2,2,2,1,1,1,1,1,1,5,1,1,8,6,1,1,28,2,2,0
18,42,5,2003,2,3,2,2,1,1,1,1,1,1,1,5,1,1,9,5,1,1,33,2,2,2
3,42,5,2003,2,1,2,1,1,1,1,1,1,1,1,5,1,1,14,6,1,1,18,2,2,3
6,42,5,2003,3,1,8,2,1,1,1,1,1,1,1,5,1,1,9,6,1,1,33,1,2,0
6,42,5,2003,4,7,4,2,1,1,3,1,1,1,1,5,1,1,14,6,1,1,33,2,2,1
5,42,2,2003,2,3,4,1,2,1,1,1,1,1,1,5,1,1,8,6,1,2,33,2,2,0
5,42,2,2003,2,7,1,1,2,1,1,1,1,1,1,5,1,1,8,6,1,1,34,2,2,1
5,42,5,2003,4,3,1,1,1,1,3,1,1,1,1,5,1,1,8,6,1,1,25,2,2,3
2,42,2,2003,4,4,4,2,1,1,3,1,1,1,1,5,1,1,10,6,1,1,33,2,2,0
2,42,2,2003,2,2,4,2,2,1,2,1,1,1,1,5,1,1,7,6,1,1,33,2,2,3
12,42,2,2003,2,1,1,2,2,1,1,1,1,1,1,5,1,1,9,6,1,2,33,2,2,1
22,42,2,2003,2,1,2,2,1,1,1,1,1,1,1,5,1,1,8,6,1,1,24,2,2,2
22,42,4,2003,4,5,2,1,1,1,3,1,1,1,1,5,1,1,9,6,1,2,33,2,2,1
22,42,6,2003,4,1,4,2,1,1,3,1,1,1,1,5,1,1,19,6,1,2,33,1,0,0
15,42,4,2003,1,1,1,2,1,1,2,1,1,1,1,5,1,1,8,6,1,1,33,1,2,1
15,42,6,2003,3,1,1,1,1,1,1,1,1,1,1,5,1,1,8,6,1,1,24,2,2,1
9,42,5,2003,4,1,1,2,1,1,3,1,1,1,1,5,1,1,10,6,1,1,33,2,2,1
9,42,5,2003,2,5,6,2,1,1,1,1,1,1,1,5,1,1,8,6,1,1,33,2,2,2
9,42,6,2003,2,1,1,2,1,1,1,1,1,1,1,5,1,1,8,6,1,1,40,2,2,3
9,42,6,2003,3,1,1,2,1,1,1,1,1,1,1,5,1,1,10,6,1,1,33,2,2,1
9,42,7,2003,4,1,1,2,2,1,3,1,1,1,1,5,1,1,10,6,1,1,33,2,2,1
9,42,7,2003,1,3,4,2,2,1,3,1,1,1,1,5,1,1,10,6,1,1,33,1,2,1
9,42,4,2003,2,1,1,2,1,1,1,1,1,1,1,5,1,1,10,6,1,1,33,2,2,2
14,42,2,2003,3,3,4,2,1,1,1,1,1,1,1,5,1,1,8,6,1,1,33,2,2,1
14,42,5,2003,2,3,4,2,1,1,1,1,1,1,1,5,1,1,8,6,1,1,33,2,2,0
14,42,5,2003,4,1,1,2,1,1,3,1,1,1,1,5,1,1,12,6,1,1,33,2,2,1
14,42,5,2003,2,1,1,2,1,1,2,1,1,1,1,5,1,1,14,6,1,2,45,2,2,0
1,42,5,2003,1,3,4,2,1,1,3,1,1,1,1,5,1,1,10,6,1,1,33,2,2,1
1,42,6,2003,3,3,6,2,1,1,1,1,1,1,1,5,1,1,9,6,1,1,33,2,2,3
1,42,6,2003,3,1,1,2,2,1,1,1,1,1,1,5,1,1,10,6,1,1,25,2,2,1
1,42,6,2003,2,1,1,2,2,1,2,1,1,1,1,5,1,1,10,6,1,1,33,2,2,1
1,42,7,2003,3,3,6,2,1,1,1,1,1,1,1,5,1,1,8,6,1,1,33,2,2,1
1,42,7,2003,4,1,4,2,1,1,3,1,1,1,1,5,1,1,12,6,1,1,33,2,2,0
17,42,2,2003,2,1,1,2,1,1,1,1,1,1,1,5,1,1,8,6,1,1,33,2,2,0
17,42,5,2003,2,1,4,2,1,1,1,1,1,1,1,5,1,1,14,6,1,1,33,2,2,1
17,42,7,2003,4,1,1,2,1,1,3,1,1,1,1,5,1,1,8,6,1,1,33,2,2,2
10,42,7,2003,2,3,6,2,1,1,1,1,1,1,1,5,1,1,10,6,1,1,33,2,2,3
7,42,7,2003,2,2,4,2,1,1,1,1,1,1,1,5,1,1,8,6,1,1,23,2,2,0
5,42,8,2003,2,2,2,2,1,1,1,1,1,1,1,5,1,1,13,6,1,1,33,2,2,1
5,42,9,2003,2,1,1,1,1,1,1,1,1,1,1,5,1,1,8,6,1,1,33,2,2,0
9,42,8,2003,4,3,4,1,1,1,3,1,1,1,1,5,1,1,15,6,1,1,35,2,2,0
9,42,8,2003,4,1,4,2,1,3,1,1,1,1,1,5,1,1,14,6,1,1,33,2,2,0
9,42,8,2003,4,1,4,2,1,1,2,1,1,1,1,5,1,1,8,6,1,1,33,2,2,1
9,42,9,2003,1,3,2,1,1,1,3,1,1,1,1,5,1,1,19,6,1,2,33,1,0,0
9,42,9,2003,4,3,4,2,1,1,3,1,1,1,1,5,1,1,10,6,1,2,33,2,2,1
9,42,11,2003,3,1,1,2,1,1,1,1,1,1,1,5,1,1,11,9,1,2,33,2,2,2
11,42,7,2003,2,7,6,2,1,1,1,1,1,1,1,5,1,1,8,6,1,1,33,1,2,1
11,42,10,2003,4,3,1,1,1,1,3,1,1,1,1,5,1,1,8,6,1,1,30,2,2,0
11,42,10,2003,2,1,1,1,1,1,1,1,1,1,1,5,1,1,8,6,1,2,33,1,0,0
11,42,10,2003,4,2,2,1,2,1,3,1,1,1,1,5,1,1,8,6,1,1,33,2,2,0
14,42,8,2003,3,3,4,2,1,1,1,1,1,1,1,5,1,1,19,6,1,2,33,1,0,0