Thana,District,Month,Year,Time,Junction_Type,Traffic_Control,Movement,Divider,Weather,Light,Road_Geometry,Surface_Condition,Surface_Type,Surface_Quality,Road_Class,Road_Feature,Location_Type,Vehicle_Type,Vehicle_Movement,Vehicle_Loading,Vehicle_Defect,Vehicle_Driver_Age,Vehicle_Alcohol,Vehicle_Seat_Belt,Accident_Severity
14,42,9,2003,3,2,4,2,1,1,1,1,1,1,1,5,1,1,9,6,1,1,33,2,2,0
16,42,6,2003,4,3,6,2,1,1,3,1,1,1,1,5,1,1,10,6,1,1,33,2,2,1
16,42,9,2003,1,1,1,2,1,1,3,1,1,1,1,5,1,1,14,6,1,2,33,1,2,0
16,42,11,2003,2,3,4,2,1,1,1,1,1,1,1,5,1,1,9,6,1,2,33,1,2,2
16,42,11,2003,2,1,1,2,1,1,1,1,1,1,1,5,1,1,9,5,1,1,33,1,2,1
16,42,12,2003,2,1,1,2,1,1,2,1,1,1,1,5,1,1,9,6,1,2,33,1,2,1
17,42,11,2003,4,1,1,2,1,1,3,1,1,1,1,5,1,1,10,6,1,1,33,1,2,1
8,42,5,2003,2,3,1,2,1,1,1,1,1,1,1,5,1,1,9,6,1,1,38,2,2,1
8,42,5,2003,3,1,1,2,1,1,1,1,1,1,1,5,1,1,12,6,1,1,33,2,2,1
8,42,5,2003,3,3,1,2,1,1,1,1,1,1,1,5,1,1,8,6,1,1,33,2,2,1
8,42,5,2003,4,1,1,2,1,1,1,1,1,1,1,5,1,1,8,6,1,1,33,2,2,1
8,42,6,2003,3,3,4,2,1,1,1,1,1,1,1,5,1,1,9,6,1,1,33,2,2,1
9,42,12,2003,1,3,6,2,1,1,3,1,1,1,1,5,1,1,14,6,1,1,33,2,2,0
9,42,12,2003,2,1,1,2,1,1,2,1,1,1,1,5,1,1,15,6,1,1,35,2,2,1
9,42,12,2003,2,7,6,2,1,1,1,1,1,1,1,5,1,1,8,6,1,1,33,1,2,1
9,42,12,2003,2,1,1,2,1,1,2,1,1,1,1,5,1,1,10,6,1,2,33,1,0,1
10,42,11,2003,2,7,8,2,2,1,1,1,1,1,1,5,1,1,10,6,1,1,33,2,2,2
11,42,12,2003,1,1,1,2,2,1,3,1,1,1,1,5,1,1,14,6,1,2,33,1,0,0
6,42,7,2003,4,1,1,2,1,1,2,1,1,1,1,5,1,1,9,6,1,2,33,1,2,0
6,42,7,2003,4,1,1,1,1,1,3,1,1,1,1,5,1,1,14,6,1,1,33,2,2,0
6,42,7,2003,1,5,6,2,1,1,2,1,1,1,1,5,1,1,14,6,1,2,33,2,2,0
6,42,7,2003,3,1,1,2,1,1,1,1,1,1,1,5,1,1,9,6,1,2,33,2,2,1
6,42,8,2003,3,5,3,2,1,1,1,1,1,1,1,5,1,1,8,6,1,2,33,1,0,0
6,42,8,2003,3,1,1,2,2,1,1,1,1,1,1,5,1,1,8,6,1,2,33,2,2,1
6,42,9,2003,1,1,1,2,1,1,3,1,1,1,1,5,1,1,14,6,1,2,33,2,2,0
6,42,10,2003,1,3,6,2,1,1,3,1,1,1,1,5,1,1,9,6,1,1,33,2,2,1
6,42,10,2003,1,1,1,2,1,1,3,1,1,1,1,5,1,1,14,6,1,2,33,2,2,0
6,42,10,2003,4,6,4,2,1,1,3,1,1,1,1,5,1,1,14,6,1,1,33,2,2,2
6,42,12,2003,3,1,1,2,2,1,1,1,1,1,1,5,1,1,14,6,1,1,33,2,2,0
6,42,12,2003,2,1,1,2,2,1,1,1,1,1,1,5,1,1,8,6,1,1,33,2,2,1
21,42,7,2003,1,1,1,2,1,1,3,1,1,1,1,5,1,1,19,6,1,2,33,1,0,0
21,42,9,2003,2,1,1,2,2,1,1,1,1,1,1,5,1,1,8,6,1,2,33,2,2,0
4,42,7,2003,2,1,3,2,1,1,1,1,1,1,1,5,1,1,8,6,1,1,33,1,2,0
18,42,6,2003,2,1,1,1,2,1,1,1,1,1,1,5,5,1,10,5,1,1,33,2,2,0
3,42,7,2003,2,3,1,2,2,1,1,1,1,1,1,5,1,1,1,6,1,2,33,1,0,1
3,42,11,2003,3,1,1,1,2,1,1,1,1,1,1,5,1,1,16,6,1,1,33,2,2,1
3,42,12,2003,2,3,1,1,1,1,3,1,1,1,1,5,1,1,4,6,1,1,25,2,2,3
7,42,6,2003,3,2,4,2,1,1,1,1,1,1,1,5,1,1,8,6,1,1,33,2,2,1
5,42,11,2003,3,2,4,2,1,1,1,1,1,1,1,5,1,1,8,6,1,1,33,2,2,1
19,42,6,2003,4,1,1,2,2,1,3,1,1,1,1,5,1,1,10,6,1,1,31,2,2,1
16,42,1,2003,4,1,1,2,1,1,3,1,1,1,1,5,1,1,9,6,1,1,33,2,2,1
16,42,2,2003,3,1,1,2,1,1,1,1,1,1,1,5,1,1,14,6,1,1,33,2,2,2
16,42,3,2003,4,1,1,2,1,1,3,1,1,1,1,5,1,1,15,6,1,1,33,1,2,2
16,42,5,2003,2,1,1,2,1,1,1,1,1,1,1,5,1,1,11,6,1,2,33,1,0,0
1,42,9,2003,3,2,4,2,1,1,1,1,1,1,1,2,1,1,8,6,1,1,30,2,2,0
1,42,9,2003,2,3,4,1,1,1,1,1,1,1,1,5,1,1,12,6,1,1,33,1,2,3
1,42,10,2003,4,2,4,1,1,1,3,1,1,1,1,5,1,1,10,6,1,1,33,2,2,1
1,42,11,2003,3,1,2,1,1,1,2,1,1,1,1,5,1,1,8,6,1,1,40,2,2,2
1,42,12,2003,4,3,2,2,2,1,4,1,1,1,1,5,1,1,10,6,1,1,29,1,2,1
1,24,1,2003,5,1,8,2,2,1,1,1,1,1,1,1,1,2,9,5,1,7,38,1,2,0
1,24,4,2003,2,1,1,2,2,1,1,1,1,1,1,1,1,1,14,6,1,1,55,1,2,1
1,19,6,2003,1,7,1,2,2,1,1,1,1,1,1,2,1,2,14,6,2,1,43,1,2,1
6,21,9,2003,3,1,1,2,2,1,1,1,1,1,1,1,1,2,12,6,1,1,40,2,2,0
3,21,9,2003,1,1,1,2,1,1,1,1,1,1,1,1,1,2,10,6,1,7,30,1,2,0
6,25,7,2003,3,1,1,1,2,1,1,1,1,1,1,4,1,2,14,6,2,7,33,1,2,0
2,29,6,2003,2,7,1,2,2,2,1,1,2,1,1,4,1,2,9,5,1,7,33,2,2,1
1,18,11,2003,2,1,1,2,2,1,1,1,1,1,1,1,1,2,14,1,2,7,38,1,2,0
3,24,11,2003,2,1,2,2,2,1,1,1,1,1,3,1,1,2,9,6,1,1,33,2,2,0
4,24,12,2003,3,1,1,2,2,1,2,1,1,1,1,1,1,1,14,6,1,5,35,2,2,0
12,9,6,2003,1,1,1,2,2,1,2,1,1,1,1,1,1,2,14,6,1,1,33,2,2,0
1,54,1,2003,2,2,4,2,2,1,1,1,1,1,1,5,1,1,14,4,1,1,35,1,2,0
11,54,1,2003,2,1,1,1,2,4,2,1,1,1,1,4,2,2,8,5,1,2,33,2,2,0
1,54,1,2003,2,2,5,2,2,1,1,1,1,1,1,5,1,1,13,6,1,1,35,2,2,1
1,54,2,2003,3,1,1,2,2,1,1,1,1,1,1,4,1,2,7,6,1,1,35,2,2,0
1,54,3,2003,3,1,1,2,2,1,1,1,1,1,1,2,1,1,8,5,1,1,36,2,2,1
9,54,3,2003,4,1,1,2,2,1,4,1,1,1,1,1,1,2,14,4,2,2,45,1,2,0
12,54,3,2003,4,7,8,2,2,1,1,2,1,1,2,3,1,2,8,6,1,6,35,2,2,0
7,56,3,2003,2,1,1,2,2,4,2,1,1,1,3,1,1,2,14,6,1,1,30,2,2,1
1,55,4,2003,3,7,1,2,2,1,1,1,2,1,1,5,1,2,9,6,1,2,33,2,2,1
1,54,4,2003,3,1,2,2,2,1,1,1,1,1,1,3,1,2,13,6,1,1,33,2,2,3
3,53,5,2003,3,1,1,2,2,1,1,1,1,1,3,1,2,1,8,6,1,1,33,2,2,0
6,55,5,2003,3,1,1,2,2,1,1,1,1,1,1,1,1,2,9,5,1,1,40,2,2,0
1,55,6,2003,3,1,1,2,2,2,1,1,2,1,1,3,1,2,8,6,1,2,33,2,2,0
1,55,6,2003,3,7,1,2,2,1,1,1,1,1,1,4,1,2,5,6,1,2,25,2,2,0
5,55,6,2003,4,1,1,2,2,1,4,1,1,1,1,3,1,2,14,6,1,1,38,2,2,0
7,54,6,2003,2,7,1,1,1,1,1,1,1,1,1,3,1,2,7,11,1,2,25,1,0,1
6,55,7,2003,1,1,1,2,1,1,1,1,1,1,2,1,1,2,10,5,1,1,33,2,2,1
1,54,7,2003,3,1,1,2,2,1,1,1,1,1,1,5,1,1,10,6,1,2,33,1,0,1
8,56,8,2003,3,1,1,2,2,2,1,1,2,1,1,4,1,2,4,6,1,1,20,2,2,0
1,54,8,2003,4,7,2,2,2,1,2,1,1,1,1,5,1,1,11,6,1,2,28,2,2,1
1,54,8,2003,3,2,1,2,2,1,1,1,1,1,1,2,1,2,8,4,1,1,33,1,2,0
12,54,8,2003,4,1,1,2,2,1,4,1,1,3,3,3,1,2,14,6,1,1,33,2,2,1
6,55,8,2003,3,1,1,2,2,1,1,1,1,1,1,1,1,2,14,6,1,2,33,2,2,0
7,54,9,2003,2,1,1,2,2,1,4,1,1,1,1,4,1,2,13,6,1,2,30,2,2,0
3,53,10,2003,4,7,1,2,2,1,4,5,1,1,1,3,2,2,6,6,1,7,33,1,2,0
1,55,11,2003,3,1,1,2,2,1,1,1,1,1,1,1,1,2,9,4,1,1,40,2,2,0
12,54,11,2003,2,1,1,2,2,1,1,1,1,1,1,3,1,2,8,5,1,1,38,2,2,0
9,54,11,2003,3,1,1,2,2,1,1,1,1,1,1,1,1,2,14,6,1,1,27,2,2,0
9,54,9,2003,2,1,1,2,2,1,1,1,1,1,1,1,1,2,14,6,1,1,33,2,2,0
3,56,11,2003,3,7,8,2,1,1,2,1,1,1,1,1,1,2,9,5,1,2,45,1,0,0
7,56,11,2003,1,7,1,2,2,4,2,1,1,1,1,1,1,2,13,6,1,2,33,1,0,1
1,54,12,2003,4,3,1,2,2,1,2,1,1,1,1,5,1,1,13,6,1,1,33,2,2,1
6,57,1,2003,3,1,1,1,2,1,1,1,1,2,1,2,1,2,6,6,1,2,33,2,2,1
2,64,1,2003,3,1,4,2,2,1,1,1,1,1,1,5,1,1,14,6,1,1,45,2,2,3
7,64,3,2003,2,1,1,2,2,1,1,4,1,1,1,5,1,1,9,6,1,1,33,2,2,0
10,64,3,2003,3,5,5,2,2,2,1,2,2,1,1,5,1,1,8,6,1,1,38,2,2,3
2,64,5,2003,3,1,8,2,2,1,1,1,1,1,1,5,1,1,14,6,1,1,45,2,2,3
2,64,5,2003,2,1,4,2,2,1,1,1,1,1,1,5,1,1,5,6,1,1,33,2,2,3
12,64,7,2003,3,1,1,2,2,1,1,1,1,1,1,5,1,1,9,6,1,1,33,2,2,0
5,64,9,2003,2,3,1,2,2,1,1,1,1,1,1,5,1,1,8,6,1,1,33,2,2,3
7,64,8,2003,4,3,1,2,2,1,4,1,1,1,1,5,1,1,14,6,1,1,33,2,2,1
2,64,10,2003,2,3,4,2,2,1,1,1,1,1,1,5,1,1,7,6,1,1,33,1,2,0
1,64,11,2003,4,2,5,2,2,1,2,1,1,1,1,5,1,2,8,1,1,1,35,2,2,0
5,64,12,2003,3,1,1,2,2,1,1,1,1,1,1,5,1,1,16,6,1,1,33,1,2,1
1,24,2,2003,3,1,1,2,2,1,1,1,1,1,1,1,1,2,14,6,1,7,33,1,2,0
1,22,3,2003,2,7,8,1,2,1,1,1,1,1,1,1,1,2,14,6,1,1,65,2,2,0
6,25,4,2003,2,1,1,2,2,1,1,1,1,1,1,4,1,2,9,6,1,6,33,2,2,0
3,53,5,2003,3,1,1,2,2,1,1,1,1,1,1,3,1,2,7,6,1,1,33,2,2,3
1,54,10,2003,4,1,1,2,2,2,1,2,1,1,1,1,1,2,14,7,1,1,31,1,0,1
1,53,12,2003,4,1,1,2,2,1,4,1,1,1,1,5,1,1,8,6,1,1,33,1,2,0
6,21,5,2003,3,1,1,2,2,1,4,2,1,1,1,4,1,2,14,5,1,1,45,1,2,3
1,18,7,2003,2,7,1,1,2,1,1,1,1,1,1,1,1,1,9,6,2,7,33,1,2,2
3,21,7,2003,1,7,1,1,2,1,1,1,1,1,1,1,1,1,16,6,1,7,33,1,2,1
2,29,1,2003,2,1,1,2,2,1,1,2,1,1,1,4,1,2,9,1,1,1,33,1,2,1
1,22,11,2003,3,1,4,2,2,1,1,1,1,1,1,1,1,1,9,6,1,6,40,2,2,0
1,12,2,2003,2,2,1,2,2,2,1,2,2,1,1,3,1,2,14,4,1,1,33,2,2,0
1,2,2,2003,2,1,1,2,2,4,2,1,1,1,1,1,1,2,14,6,1,7,38,2,2,0
1,14,2,2003,3,1,1,2,2,1,1,1,1,1,1,5,1,1,9,6,1,1,42,2,2,0
4,1,2,2003,2,1,1,2,2,4,1,1,1,1,1,3,1,2,7,6,1,1,36,2,2,0
6,13,2,2003,2,2,2,2,2,1,1,1,1,1,1,2,1,2,14,5,1,1,33,1,2,1
5,15,1,2003,3,1,1,2,2,1,1,2,1,1,1,1,1,2,9,6,1,1,28,1,2,0
6,15,2,2003,3,1,1,1,2,2,1,1,2,1,1,1,1,2,10,11,1,1,28,2,1,3
5,4,2,2003,3,1,1,2,1,1,2,1,1,1,2,3,2,1,14,2,1,1,33,1,2,3
5,4,2,2003,3,1,2,2,1,2,2,1,1,1,1,3,2,2,9,1,2,1,33,1,2,1
11,9,2,2003,2,1,1,2,1,1,1,1,1,1,2,1,2,1,9,6,1,1,50,2,2,0
10,9,1,2003,2,1,1,2,2,4,2,1,2,1,1,1,1,2,14,6,1,7,40,2,2,0
1,10,2,2003,4,2,4,2,1,2,1,1,1,1,1,3,2,1,17,5,1,1,33,1,2,0
5,10,2,2003,2,1,1,2,1,1,2,1,1,1,2,3,1,1,14,6,1,1,33,1,2,0
3,10,2,2003,3,1,1,1,2,1,1,1,1,1,1,2,1,2,13,6,1,1,33,1,2,0
1,13,3,2003,2,1,1,2,2,1,1,1,1,1,1,3,1,2,13,11,1,1,35,2,2,0
1,17,1,2003,2,1,1,2,2,1,1,1,1,1,1,1,1,2,14,6,1,6,38,2,2,0
8,13,3,2003,1,1,1,2,2,1,2,1,1,1,1,1,1,2,14,6,1,1,38,2,2,3
5,6,4,2003,3,1,1,2,2,1,1,2,1,1,1,1,1,2,4,6,1,1,25,2,2,0
7,13,5,2003,3,1,3,2,2,1,1,1,1,1,1,2,1,2,8,6,1,1,37,2,2,0
4,8,5,2003,3,1,1,1,2,1,1,1,1,1,1,2,1,2,14,6,1,1,33,1,2,1
7,7,4,2003,3,1,1,2,2,1,1,1,1,2,3,4,1,2,11,5,1,1,45,2,1,3
3,8,4,2003,1,1,1,2,2,1,4,1,1,1,1,1,1,2,13,6,1,1,35,1,2,0
7,13,4,2003,2,1,1,2,1,1,1,1,1,1,1,2,2,1,14,6,1,1,33,2,2,0
2,3,4,2003,3,1,1,2,2,1,1,1,1,1,1,3,1,2,8,5,1,1,40,2,2,0
1,15,3,2003,2,1,1,2,2,1,1,1,1,1,1,4,1,2,14,6,1,1,33,2,2,1
1,15,3,2003,4,1,1,2,2,1,1,1,1,1,1,5,1,1,12,11,1,1,25,2,2,2
5,13,6,2003,3,1,1,2,2,2,1,2,2,1,1,2,1,2,9,11,1,1,33,2,2,0
1,11,5,2003,3,1,1,1,2,1,1,2,1,1,2,3,4,2,8,1,1,3,35,2,2,1
5,11,3,2003,3,4,3,1,2,1,1,1,1,1,1,1,1,2,9,1,1,1,38,2,2,0
3,8,4,2003,1,1,1,2,2,1,2,1,1,1,1,1,1,2,8,6,1,1,33,2,2,0
10,17,6,2003,3,1,1,1,2,1,1,2,1,1,1,1,1,2,6,11,2,7,26,2,2,0
8,17,6,2003,4,1,1,2,2,1,2,1,1,1,1,1,1,2,9,6,1,1,33,2,2,0
3,17,3,2003,2,3,3,2,2,1,2,3,1,1,1,3,1,1,14,1,1,1,35,2,2,0
1,9,3,2003,2,1,1,2,2,1,1,1,1,1,1,1,1,2,14,5,1,1,33,2,2,0
10,9,7,2003,2,1,1,2,2,1,1,1,1,1,1,1,1,2,14,6,1,1,45,2,2,0
7,9,9,2003,3,1,8,2,1,1,1,2,1,1,1,1,1,2,10,3,1,1,35,2,2,0
6,11,8,2003,3,3,1,2,2,1,1,1,1,1,1,2,1,2,9,6,1,1,45,2,2,0
8,11,8,2003,4,3,1,2,1,2,4,1,2,1,1,3,1,2,8,6,1,1,33,2,2,0
3,14,8,2003,3,1,1,2,2,1,1,1,1,1,2,5,1,1,19,6,1,1,30,2,2,0
2,14,8,2003,3,1,1,2,2,1,1,1,1,1,1,5,1,1,14,4,1,1,35,2,2,3
8,13,8,2003,1,1,1,2,2,1,2,1,1,1,2,1,1,2,4,6,1,1,22,2,2,0
8,13,8,2003,2,1,1,2,2,2,1,1,2,1,1,1,1,2,14,6,1,1,30,2,2,3
8,13,9,2003,3,1,1,2,2,1,2,2,1,1,1,1,1,2,11,6,1,1,30,2,2,3
8,13,9,2003,3,1,1,2,2,2,1,2,2,1,1,1,1,2,11,1,1,1,33,2,2,1
7,3,8,2003,3,3,1,2,2,1,1,1,1,1,1,2,2,2,8,5,1,7,33,1,2,1
12,9,9,2003,4,1,1,2,2,1,4,1,1,1,1,1,1,2,14,6,1,1,33,1,2,1
1,1,6,2003,2,1,1,2,2,1,1,1,1,1,1,3,1,2,13,5,2,1,35,2,2,3
1,15,8,2003,2,1,1,2,2,1,1,1,1,1,1,1,1,2,14,4,1,1,43,2,2,0
9,3,7,2003,1,4,1,2,2,1,2,3,2,2,2,3,5,2,14,4,1,1,50,2,2,0
12,9,2,2003,2,1,1,2,2,1,2,1,1,1,1,1,1,2,9,6,1,1,35,2,2,0
12,9,6,2003,4,1,8,2,2,1,1,1,1,1,1,1,1,1,13,11,1,1,40,2,2,3
7,9,2,2003,2,1,8,2,2,1,1,1,1,1,1,1,1,1,9,11,1,1,40,1,2,1
7,9,5,2003,2,1,4,2,2,1,1,1,1,1,1,1,1,2,14,4,1,1,35,2,2,0
10,9,8,2003,3,1,1,2,2,1,1,1,1,1,1,1,1,2,8,6,1,1,40,2,2,1
1,15,5,2003,3,1,1,2,2,1,1,1,1,1,1,1,1,2,13,11,1,1,33,2,2,1
1,15,5,2003,2,3,4,2,2,1,1,1,1,1,1,1,1,1,10,6,1,1,22,2,2,2
1,15,5,2003,4,1,1,2,2,1,3,1,1,1,1,1,1,2,14,6,1,1,33,2,2,1
1,15,4,2003,2,2,1,2,2,1,1,1,1,1,1,1,1,1,2,11,1,1,25,2,2,0
3,15,6,2003,2,1,1,2,2,1,2,1,1,1,1,3,1,2,2,6,1,1,55,2,2,0
7,17,9,2003,4,1,8,2,1,1,4,1,1,1,1,1,1,2,14,6,1,1,35,2,2,0
8,17,7,2003,2,4,1,2,2,1,1,1,1,1,1,3,1,2,9,6,1,1,45,1,2,1
10,17,9,2003,2,3,2,2,2,1,1,1,1,1,1,1,1,2,14,4,1,1,33,2,2,1
2,14,10,2003,4,1,1,2,2,1,4,1,1,1,1,1,1,1,9,4,1,1,35,1,2,0
2,14,10,2003,2,1,1,2,2,1,2,1,1,1,1,5,1,1,14,4,1,1,33,1,2,0
1,14,9,2003,4,1,1,2,2,1,3,1,1,1,1,5,1,1,8,11,1,1,35,1,2,1
2,14,9,2003,2,1,1,2,2,2,1,1,2,1,1,5,1,1,14,1,1,1,33,2,2,1
2,14,8,2003,3,7,1,2,2,2,1,1,2,1,1,5,1,1,8,1,1,1,33,2,2,1
3,3,9,2003,4,1,1,2,2,2,4,1,2,1,1,2,1,2,8,4,1,1,32,2,2,0
2,3,9,2003,3,1,1,2,2,1,1,1,1,1,1,3,1,2,8,5,1,1,40,2,2,0
10,9,9,2003,3,1,2,2,2,1,1,1,1,1,1,1,1,2,14,6,1,1,40,2,2,0
7,13,10,2003,1,1,1,2,2,1,1,1,1,1,1,2,1,2,9,6,1,1,33,2,2,0
1,5,4,2003,3,1,1,2,2,1,1,1,1,1,1,1,1,2,9,11,1,1,30,2,2,0
8,5,3,2003,4,3,1,2,1,1,4,1,1,1,1,1,1,1,14,5,1,1,33,2,2,1
8,5,1,2003,4,1,1,2,1,1,4,1,1,1,1,1,1,2,14,10,1,1,33,2,2,1
5,5,4,2003,4,1,1,2,1,1,4,1,1,1,1,1,1,2,14,6,1,1,33,2,2,3
6,5,5,2003,2,3,1,2,2,1,1,1,1,1,1,1,1,2,9,6,1,1,33,2,2,1
5,3,11,2003,3,1,1,1,2,1,1,1,1,1,1,3,1,2,9,5,2,1,33,1,2,0
10,9,3,2003,2,1,1,2,2,1,1,1,1,1,1,1,1,2,13,11,1,1,38,2,2,1
3,8,11,2003,1,1,3,2,2,1,1,1,1,1,1,1,1,2,8,9,1,1,42,2,2,0
1,9,10,2003,3,3,1,2,2,2,1,1,2,1,1,1,1,2,8,6,1,7,38,2,2,0
4,14,12,2003,3,1,8,2,2,1,1,1,1,1,1,5,1,1,14,5,1,2,35,2,2,0
2,14,12,2003,4,7,1,2,2,4,2,2,5,1,1,1,1,2,17,1,1,7,45,2,2,2
3,14,12,2003,3,7,8,2,2,1,1,2,1,1,1,1,1,1,8,2,1,1,35,2,2,0
1,13,12,2003,3,1,1,2,2,1,1,1,1,1,1,3,1,2,14,6,1,1,35,2,2,0
12,9,3,2003,3,1,1,2,2,1,1,2,1,1,1,1,1,2,9,2,1,1,33,1,2,0
10,9,12,2003,3,1,1,2,2,1,1,1,1,1,1,1,1,2,14,1,1,2,29,2,2,0
1,9,10,2003,2,1,1,2,2,1,2,1,1,1,1,1,1,2,6,6,2,1,33,2,2,0
7,9,12,2003,2,7,1,2,1,1,1,2,1,1,1,1,1,2,8,1,1,7,40,2,2,0
10,9,11,2003,3,7,8,2,2,1,1,1,1,1,1,1,1,2,9,6,1,1,45,2,2,3
5,10,12,2003,2,4,1,1,2,1,1,2,1,1,1,3,1,2,2,1,1,1,30,2,2,0
11,16,7,2003,3,4,8,2,2,1,1,1,1,1,1,1,3,1,14,4,2,3,35,2,2,0
11,16,8,2003,1,1,1,2,2,1,1,1,1,1,1,1,1,2,14,6,1,1,33,1,2,0
11,16,9,2003,1,1,1,2,2,1,4,1,1,1,1,1,1,2,14,6,1,1,35,2,2,2
11,16,9,2003,1,1,1,2,2,1,4,1,1,1,1,1,1,2,9,6,1,1,45,2,2,0
11,16,11,2003,3,2,1,2,1,1,1,1,1,1,1,1,1,2,7,4,1,7,45,1,2,1
6,16,5,2003,1,1,1,2,2,1,4,1,1,1,1,1,1,2,7,6,1,1,24,2,2,0
6,16,8,2003,2,1,1,2,2,1,1,1,1,1,1,1,1,2,14,4,1,3,35,2,2,2
8,16,11,2003,4,1,1,2,1,1,2,3,1,1,1,1,1,2,14,6,1,7,33,2,2,0
6,34,2,2003,3,3,1,2,2,1,1,1,1,1,1,1,1,2,9,2,1,1,33,2,2,0
1,34,2,2003,3,3,1,2,2,1,1,1,1,1,1,5,1,1,14,2,1,3,35,2,2,3
2,30,4,2003,3,1,1,2,2,1,1,1,1,1,1,3,1,2,13,5,1,1,33,2,2,0
1,27,4,2003,3,1,8,2,2,1,1,1,1,1,1,2,1,2,6,5,2,1,30,2,2,3
2,31,5,2003,3,2,8,2,2,1,1,1,1,1,1,2,1,1,9,6,1,1,32,2,2,0
4,31,5,2003,4,1,1,2,2,1,4,1,1,1,1,3,1,2,6,6,1,1,35,2,2,0
1,33,5,2003,2,1,1,2,2,1,1,1,1,1,1,2,1,2,9,11,1,1,33,2,2,1
3,34,5,2003,3,1,1,2,2,1,1,1,1,1,1,1,1,2,9,6,1,1,30,2,2,2
1,27,12,2003,4,1,1,2,2,1,4,1,1,1,1,3,1,1,5,6,1,1,33,2,2,1
1,27,11,2003,3,1,2,2,2,1,1,1,1,1,1,4,1,2,6,6,1,1,33,2,2,0
3,34,12,2003,2,3,2,2,2,1,1,1,1,1,1,1,1,2,9,6,1,1,40,2,2,0
6,34,11,2003,2,3,1,2,2,1,1,1,1,1,1,1,1,2,6,6,1,1,33,2,2,0
6,34,8,2003,1,1,1,2,2,1,3,1,1,1,1,1,1,2,9,6,1,1,33,2,2,0
3,34,1,2003,4,1,1,2,2,1,2,1,1,1,1,1,1,2,9,6,1,1,33,2,2,3
3,34,7,2003,3,1,1,2,2,1,1,1,1,1,1,1,1,2,9,6,1,1,33,2,2,0
1,40,1,2003,2,1,1,2,2,1,1,1,1,1,1,1,1,2,14,6,1,1,33,2,2,2
1,40,1,2003,3,1,1,2,2,1,1,1,1,1,1,1,1,2,14,6,1,1,33,2,2,1
1,40,1,2003,3,1,1,2,2,1,1,1,1,1,1,1,1,1,8,6,1,1,33,2,2,1
1,40,1,2003,2,1,1,2,2,1,1,1,1,1,1,1,1,2,14,6,1,1,38,2,2,0
6,38,1,2003,3,1,1,2,2,1,1,1,1,1,1,1,1,2,9,6,1,1,48,2,2,0
1,35,2,2003,3,1,1,2,2,1,1,1,1,1,1,2,1,2,14,6,1,1,35,2,2,1
1,35,2,2003,2,1,1,2,2,1,1,1,1,1,1,2,1,2,9,6,1,1,35,2,2,1
1,38,3,2003,1,1,1,2,2,1,4,1,1,1,1,1,1,2,9,6,1,1,33,2,2,0
6,38,3,2003,1,1,1,2,2,1,4,1,1,1,1,1,1,2,8,6,1,1,33,2,2,0
1,38,4,2003,2,1,1,2,2,1,1,1,1,1,1,1,1,2,9,6,1,1,33,2,2,0
1,38,4,2003,1,1,1,2,2,1,4,1,1,1,1,1,1,2,9,6,1,1,33,2,2,0
4,36,5,2003,3,1,1,2,2,1,1,1,1,1,1,1,1,2,9,6,1,1,50,2,2,0
6,40,4,2003,1,1,1,2,2,1,2,2,1,1,1,1,1,2,14,6,1,1,33,2,2,0
6,40,4,2003,2,1,1,2,2,1,1,1,1,1,1,1,1,2,14,6,1,1,33,2,2,2
1,40,5,2003,2,1,1,2,1,1,1,1,1,1,1,1,1,2,14,6,1,1,35,2,2,1
6,40,5,2003,2,1,1,2,2,1,1,1,1,1,1,1,1,2,11,10,1,1,33,2,2,2
3,36,6,2003,3,1,1,2,2,1,1,1,1,1,1,1,1,2,14,6,1,1,42,2,2,0
1,40,6,2003,3,1,1,2,2,1,1,1,1,1,1,1,1,2,9,6,1,1,33,2,2,0
3,40,6,2003,1,1,1,2,2,1,4,1,1,1,1,1,1,2,14,6,1,1,33,2,2,1
1,38,7,2003,2,1,1,2,2,1,1,1,1,1,1,1,1,2,14,6,1,1,40,2,2,0
1,38,7,2003,3,1,1,2,2,2,1,2,2,1,1,1,1,2,9,6,1,1,29,2,2,0
1,38,7,2003,1,1,1,2,2,2,2,1,2,1,1,1,1,2,14,6,1,1,40,2,2,0
4,35,9,2003,3,1,1,2,2,1,1,1,1,1,1,1,1,2,14,6,1,1,33,2,2,1
7,40,10,2003,2,1,1,2,2,1,1,1,1,1,1,3,1,2,8,6,1,1,33,2,2,0
6,40,11,2003,1,1,1,2,2,1,4,1,1,1,1,1,1,2,9,6,1,1,33,2,2,0
1,35,11,2003,2,1,1,2,2,1,1,1,1,1,1,2,1,2,12,6,1,1,25,2,2,1
1,35,11,2003,3,1,1,2,2,1,1,1,1,1,1,1,1,2,8,6,1,1,35,2,2,0
1,38,9,2003,3,1,1,2,2,2,1,1,2,1,1,1,1,2,9,6,1,1,44,2,2,0
1,38,11,2003,2,1,1,2,2,1,1,1,1,1,1,1,1,2,14,6,1,1,33,2,2,0
3,39,10,2003,4,1,1,2,2,1,3,1,1,1,1,1,1,2,14,6,1,1,35,2,2,1
3,39,10,2003,3,1,1,2,2,1,1,1,1,1,1,1,1,2,9,6,1,1,33,2,2,0
1,38,12,2003,3,1,1,2,2,1,1,1,1,1,1,1,1,2,10,6,1,1,33,2,2,1