Thana,District,Month,Year,Time,Junction_Type,Traffic_Control,Movement,Divider,Weather,Light,Road_Geometry,Surface_Condition,Surface_Type,Surface_Quality,Road_Class,Road_Feature,Location_Type,Vehicle_Type,Vehicle_Movement,Vehicle_Loading,Vehicle_Defect,Vehicle_Driver_Age,Vehicle_Alcohol,Vehicle_Seat_Belt,Accident_Severity
6,40,12,2003,3,1,1,2,2,1,1,1,1,1,1,1,1,2,10,6,1,1,33,2,2,1
6,40,12,2003,3,1,1,2,2,1,1,1,1,1,1,1,1,2,8,6,1,1,33,2,2,1
1,36,10,2003,1,1,1,2,2,1,4,1,1,1,1,1,1,2,10,6,1,1,33,2,2,1
3,36,11,2003,2,1,1,2,2,1,1,1,1,1,1,1,1,2,7,6,1,1,38,2,2,0
1,35,10,2003,3,1,1,2,2,1,1,1,1,1,1,1,1,2,14,6,1,1,40,2,2,1
1,35,10,2003,4,1,1,2,2,1,4,1,1,1,1,2,1,2,10,6,1,1,22,2,2,1
1,35,10,2003,2,1,1,2,2,1,1,1,1,1,1,2,1,2,9,6,1,1,33,2,2,1
2,35,10,2003,4,1,1,2,2,1,4,1,1,1,1,3,1,2,14,6,1,1,33,2,2,1
5,28,6,2003,3,1,8,1,1,1,1,1,1,1,1,5,1,1,6,6,2,7,33,2,2,3
1,54,1,2003,3,1,1,2,2,1,1,2,1,1,1,4,1,1,7,1,1,1,27,2,2,0
1,53,3,2003,3,7,2,1,2,1,1,1,1,1,1,4,1,2,5,6,1,1,33,2,2,1
6,55,5,2003,1,1,1,2,2,1,4,1,1,1,1,3,1,2,9,6,1,1,40,2,2,0
12,54,5,2003,4,7,1,2,2,1,4,2,1,1,2,3,1,2,14,6,1,1,38,2,2,1
12,54,10,2003,2,1,1,2,2,1,1,1,1,1,2,2,1,2,9,5,1,1,33,2,2,3
1,55,10,2003,3,7,1,2,2,1,2,2,1,1,1,1,1,2,14,4,1,1,33,1,0,1
9,56,10,2003,2,3,1,2,2,1,1,4,1,1,1,3,1,2,9,1,1,2,44,2,2,3
3,56,11,2003,4,1,8,2,2,1,2,1,1,1,1,3,1,2,14,11,2,2,44,1,0,0
1,55,12,2003,4,1,1,2,2,1,4,1,1,1,1,1,1,2,9,6,1,1,33,2,2,0
1,54,12,2003,4,1,1,2,2,1,4,1,1,1,1,3,3,2,14,6,1,1,34,2,2,2
1,58,3,2003,4,1,2,2,2,1,2,1,1,1,1,1,1,2,14,4,1,2,33,1,0,2
1,58,1,2003,3,1,2,2,2,1,1,1,1,1,1,1,1,2,9,6,1,1,45,2,2,0
1,58,1,2003,2,1,1,2,2,1,1,1,1,1,1,2,1,1,9,6,1,1,40,1,2,0
1,58,1,2003,2,2,2,2,2,1,1,1,1,1,1,2,1,1,9,5,1,6,35,2,2,1
1,58,1,2003,4,6,1,2,1,1,2,1,1,1,1,1,5,2,14,11,1,1,42,2,2,1
14,63,3,2003,1,1,1,1,2,1,4,1,1,1,1,1,1,2,14,6,1,2,35,2,2,0
13,63,3,2003,2,7,8,1,2,1,1,1,1,1,1,1,1,2,9,11,1,7,33,1,0,0
6,63,3,2003,3,7,8,2,2,1,1,1,1,1,1,1,1,1,9,11,1,1,45,2,2,0
1,60,3,2003,2,1,2,2,2,1,1,1,1,1,1,1,1,2,14,11,1,1,35,2,2,0
1,60,3,2003,3,7,1,2,2,1,1,1,1,1,1,2,1,2,14,6,2,4,33,1,2,0
6,58,2,2003,3,4,1,2,2,1,1,1,1,1,1,1,1,1,14,11,1,1,38,2,2,0
1,58,3,2003,3,7,1,2,1,1,1,1,1,1,1,1,1,2,11,6,1,1,33,1,0,3
1,58,3,2003,3,1,2,1,1,1,1,2,1,1,1,1,1,1,9,6,1,2,33,1,0,3
7,58,3,2003,2,1,1,2,2,1,1,1,1,1,1,1,1,2,9,6,1,1,36,2,2,0
5,58,3,2003,4,7,1,2,2,1,2,1,1,1,1,1,1,2,7,6,1,1,35,2,2,0
6,58,3,2003,3,1,1,2,2,1,1,1,1,1,1,1,1,1,9,6,1,1,33,2,2,0
7,58,4,2003,3,1,1,2,2,1,1,1,1,1,1,1,2,2,14,6,1,1,31,1,2,0
8,63,4,2003,1,1,1,1,1,1,2,1,1,1,1,1,1,2,14,6,1,2,35,2,2,0
11,63,4,2003,3,1,1,2,1,1,1,1,1,1,2,1,1,2,9,6,1,3,35,2,2,0
6,60,4,2003,2,1,6,2,2,1,1,1,1,1,1,5,1,1,9,6,1,1,42,2,2,0
7,65,4,2003,2,2,2,2,2,1,1,1,1,1,1,2,4,2,14,6,1,1,33,1,2,0
1,61,4,2003,3,1,1,2,2,1,1,1,1,1,1,1,1,2,9,5,1,2,33,1,0,0
5,46,1,2003,2,1,1,2,2,1,1,1,1,1,1,1,1,2,9,6,1,1,33,2,2,0
1,50,2,2003,3,1,1,2,2,1,1,1,1,1,1,1,1,2,14,6,1,1,30,2,2,1
3,44,1,2003,3,1,1,2,2,1,1,1,1,1,1,1,1,2,8,6,1,1,33,2,2,0
12,47,1,2003,2,1,1,2,1,4,2,1,1,1,1,1,1,2,14,6,1,1,35,2,2,1
3,43,2,2003,2,1,1,2,2,1,1,1,1,1,1,1,1,2,8,6,1,1,33,2,2,0
2,43,1,2003,3,1,1,2,2,1,1,1,1,1,1,1,1,2,9,6,1,1,33,2,2,1
1,48,1,2003,3,1,1,2,2,1,1,1,1,1,1,3,1,2,12,6,1,1,33,2,2,0
1,48,2,2003,3,1,1,2,2,2,1,1,2,1,1,1,1,1,14,6,1,1,30,2,2,1
6,45,1,2003,4,1,1,2,2,1,2,1,1,1,1,1,1,2,9,6,1,1,33,2,2,1
1,52,1,2003,4,1,1,2,2,1,4,2,1,1,1,3,1,2,14,6,1,1,33,2,2,0
3,41,2,2003,3,1,1,2,2,1,1,1,1,1,1,1,1,2,9,6,1,1,26,2,2,1
4,41,2,2003,3,1,1,2,2,1,1,1,1,1,1,3,1,2,9,6,1,1,33,2,2,0
5,41,3,2003,4,1,1,2,2,2,4,1,2,1,1,1,1,1,13,6,1,1,50,2,2,0
1,50,3,2003,3,1,1,2,2,2,1,1,1,1,1,1,1,2,12,6,1,1,33,2,2,1
2,50,3,2003,2,1,1,2,2,1,1,1,1,1,1,1,1,2,14,6,1,1,33,2,2,0
7,50,3,2003,2,1,1,2,2,1,1,1,1,1,1,2,1,2,14,6,1,1,33,2,2,3
3,45,3,2003,3,1,1,2,2,1,1,1,1,1,1,3,1,2,8,6,1,1,45,2,2,1
2,47,3,2003,3,1,1,2,2,1,1,1,1,1,1,1,1,2,7,6,1,1,33,2,2,1
4,47,3,2003,2,1,1,2,2,1,2,1,1,1,1,1,1,2,14,6,1,1,33,2,2,0
8,47,4,2003,4,1,1,2,2,1,1,1,1,1,1,1,1,2,14,6,1,1,33,2,2,0
9,47,3,2003,2,1,1,2,2,1,1,1,1,1,1,1,1,2,14,6,1,1,33,2,2,3
1,50,4,2003,3,1,1,2,2,1,1,1,1,1,1,1,1,1,12,6,1,1,33,2,2,1
1,50,4,2003,2,1,1,2,2,1,1,1,1,1,1,1,1,2,9,6,1,1,33,2,2,1
1,50,4,2003,3,1,1,2,2,1,1,1,1,1,1,1,1,2,8,6,1,1,33,2,2,1
5,50,4,2003,3,1,1,2,2,1,1,1,1,1,1,2,1,2,9,6,1,1,33,2,2,0
12,50,4,2003,3,1,1,2,2,1,1,1,1,1,1,1,1,2,14,6,1,1,33,2,2,0
3,44,3,2003,3,1,1,2,2,1,1,1,1,1,1,1,1,2,9,6,1,1,33,2,2,0
4,44,3,2003,3,1,1,2,2,1,1,1,1,1,1,1,1,2,15,6,1,1,40,2,2,2
7,44,3,2003,1,1,1,2,2,2,4,1,2,1,1,1,1,2,14,6,1,1,50,2,2,2
3,44,4,2003,3,1,1,2,2,1,1,1,1,1,1,1,1,2,11,6,1,1,35,2,2,0
1,48,4,2003,2,1,1,2,2,1,2,1,1,1,1,1,1,1,9,6,1,1,31,2,2,1
1,48,4,2003,3,1,1,2,2,1,1,1,1,1,1,1,1,2,8,6,1,1,38,2,2,0
2,43,4,2003,4,1,1,2,2,1,4,1,1,1,1,1,2,2,9,6,1,1,40,2,2,0
6,45,4,2003,1,1,1,2,2,4,2,1,1,1,3,1,1,2,8,6,1,1,33,2,2,0
1,45,5,2003,3,1,1,2,2,1,1,1,1,1,1,1,1,2,14,6,1,1,40,2,2,0
6,45,5,2003,4,1,1,2,2,1,4,1,1,1,1,1,1,2,12,6,1,1,33,2,2,1
1,43,5,2003,3,1,1,2,2,1,1,3,1,1,1,3,1,2,9,6,1,1,33,2,2,0
2,43,5,2003,4,1,1,2,2,1,4,1,1,1,1,1,1,2,7,6,1,1,33,2,2,0
2,47,5,2003,3,1,1,2,2,1,1,1,1,1,1,1,1,2,9,6,1,1,33,2,2,0
9,47,5,2003,2,1,1,2,2,1,1,1,1,1,1,1,1,2,14,6,1,1,35,2,2,0
2,43,6,2003,4,1,1,2,2,2,4,1,2,1,1,1,1,2,14,6,1,1,33,2,2,1
2,43,6,2003,1,1,1,2,2,1,2,1,1,1,1,1,1,2,14,6,1,1,33,2,2,0
6,45,6,2003,2,1,1,2,2,1,1,1,1,1,1,1,1,2,10,6,1,1,35,2,2,0
2,50,5,2003,1,1,1,2,2,1,4,1,1,1,1,1,1,2,14,6,1,1,33,2,2,1
4,41,3,2003,3,1,1,2,2,1,1,1,1,1,1,3,1,2,8,6,1,1,33,2,2,1
4,44,5,2003,3,1,1,2,2,1,1,1,1,1,1,1,1,2,6,6,1,1,33,2,2,1
5,44,5,2003,1,1,1,2,2,1,2,1,1,1,1,1,1,2,14,6,1,1,42,2,2,0
7,44,5,2003,1,1,1,2,2,1,2,1,1,1,1,1,1,2,14,6,1,1,33,2,2,0
3,41,5,2003,3,1,1,2,2,1,1,1,1,1,1,1,1,2,9,6,1,1,33,2,2,1
5,41,5,2003,2,1,1,2,2,1,2,1,1,1,1,1,1,2,9,6,1,1,33,2,2,1
5,41,6,2003,1,1,1,2,2,1,4,1,1,1,1,1,1,2,14,6,1,1,33,2,2,0
1,51,5,2003,2,1,1,2,2,1,1,1,1,1,1,1,1,2,6,6,1,1,25,2,2,1
1,46,4,2003,1,1,1,2,2,1,4,1,1,1,1,1,1,2,14,6,1,1,33,2,2,0
1,50,6,2003,4,1,1,2,2,1,4,1,1,1,1,1,1,2,14,6,1,1,35,2,2,1
2,50,6,2003,3,1,1,2,2,1,1,1,1,1,1,1,1,1,11,6,1,1,33,2,2,0
10,50,6,2003,4,1,1,2,2,1,3,1,1,1,1,1,1,2,14,6,1,1,33,2,2,1
13,50,6,2003,4,1,1,2,2,1,4,1,1,1,1,1,1,2,14,6,1,1,33,2,2,0
1,47,6,2003,3,1,1,2,2,1,1,1,1,1,1,1,1,2,9,5,1,1,43,2,2,1
1,47,6,2003,2,1,1,2,2,1,1,1,1,1,1,1,1,2,9,6,1,1,35,2,2,0
2,47,6,2003,3,1,1,2,2,1,1,1,1,1,1,1,1,2,10,6,1,1,33,2,2,0
5,47,6,2003,3,1,1,2,2,2,1,1,2,1,1,3,1,2,11,6,1,1,35,2,2,1
2,45,7,2003,1,1,1,2,2,1,4,1,1,1,1,1,1,2,14,6,1,1,33,2,2,1
10,50,7,2003,3,1,1,2,2,1,1,1,1,1,1,1,1,2,9,6,1,1,33,2,2,1
12,50,7,2003,2,1,1,2,2,1,1,1,1,1,1,1,1,2,9,6,1,1,33,2,2,0
1,47,7,2003,4,1,1,2,2,1,4,1,1,1,1,1,1,2,14,6,1,1,25,2,2,1
1,47,7,2003,2,1,1,2,2,1,1,1,1,1,1,1,1,2,9,6,1,1,33,2,2,1
9,47,7,2003,3,1,1,2,2,1,1,1,1,1,1,1,1,2,9,6,1,1,33,2,2,0
9,47,7,2003,4,1,1,2,2,1,4,1,1,1,1,1,1,2,14,6,1,1,40,2,2,1
13,47,7,2003,3,1,1,2,2,1,1,1,1,1,1,1,1,2,9,6,1,1,45,2,2,3
4,44,7,2003,3,1,1,2,2,1,1,1,1,1,1,3,1,2,14,6,1,1,33,2,2,1
4,44,7,2003,2,1,1,2,2,1,1,1,1,1,1,3,1,2,14,6,1,1,33,2,2,0
5,44,7,2003,4,1,1,2,2,1,4,1,1,1,1,1,1,2,7,6,1,1,33,2,2,0
5,44,7,2003,4,1,1,2,2,1,3,1,1,1,1,1,1,2,9,6,1,1,33,2,2,0
7,44,7,2003,1,1,1,2,2,1,4,1,1,1,1,1,1,2,8,6,1,1,33,2,2,1
7,44,7,2003,2,1,1,2,2,1,1,1,1,1,1,1,1,2,8,6,1,1,35,2,2,0
7,44,7,2003,4,1,1,2,2,1,2,1,1,1,1,1,1,2,8,6,1,1,33,2,2,0
7,44,7,2003,4,1,1,2,2,1,4,1,1,1,1,1,1,2,9,6,1,1,33,2,2,0
9,47,8,2003,2,1,1,2,2,1,1,1,1,1,1,1,1,2,14,6,1,1,33,2,2,0
9,47,8,2003,1,1,1,2,2,1,1,1,1,1,1,1,1,2,9,6,1,1,33,2,2,1
2,43,9,2003,4,1,1,2,2,1,3,3,1,1,1,1,2,2,10,6,1,1,33,2,2,2
8,47,9,2003,2,1,1,2,2,1,1,1,1,1,1,1,1,2,6,6,1,1,33,2,2,1
2,50,8,2003,1,1,1,2,2,1,2,1,1,1,1,1,1,2,7,6,1,1,22,2,2,0
12,50,9,2003,2,1,1,2,2,1,1,1,1,1,1,1,1,2,9,6,1,1,33,2,2,0
2,50,10,2003,3,1,1,2,2,1,1,1,1,1,1,1,1,2,9,6,1,1,33,2,2,0
11,50,10,2003,4,1,1,2,2,1,4,1,1,1,1,3,1,2,14,6,1,1,33,2,2,0
12,50,11,2003,3,1,1,2,2,1,1,1,1,1,1,1,1,2,9,6,1,1,33,2,2,0
13,50,11,2003,2,1,1,2,2,1,2,1,1,1,1,2,1,2,12,6,1,1,33,2,2,0
1,47,10,2003,1,1,1,2,2,2,4,2,2,1,1,1,1,2,9,6,1,1,33,2,2,0
2,47,10,2003,1,1,1,2,2,1,4,1,1,1,1,1,1,2,14,6,1,1,33,2,2,0
12,47,10,2003,3,1,1,2,2,1,1,1,1,1,1,1,1,2,9,6,1,1,35,2,2,1
2,43,10,2003,1,1,1,2,2,1,2,1,1,1,3,1,1,2,14,6,1,1,30,2,2,2
2,43,10,2003,1,1,1,2,2,1,2,1,1,1,1,1,1,2,13,6,1,1,33,2,2,0
2,43,11,2003,3,1,1,2,2,1,1,1,1,1,1,1,1,2,9,6,1,1,33,2,2,0
2,43,11,2003,4,1,1,2,2,1,4,1,1,1,1,1,1,2,9,6,1,1,30,2,2,3
2,43,11,2003,3,1,1,2,2,1,2,1,1,1,1,1,1,2,9,6,1,1,33,2,2,0
5,44,8,2003,4,1,1,2,2,1,4,1,1,1,1,1,1,2,7,6,1,1,25,2,2,0
5,44,8,2003,2,1,1,2,2,2,1,1,2,1,1,1,1,2,9,6,1,1,33,2,2,0
4,51,12,2003,3,1,1,2,2,1,2,1,1,1,1,1,1,2,16,6,1,1,33,2,2,0
2,50,12,2003,3,1,1,2,2,1,1,1,1,1,1,1,1,2,9,6,1,1,33,2,2,0
2,50,12,2003,4,1,1,2,2,4,4,1,1,1,1,1,1,2,14,6,1,1,33,2,2,0
11,50,12,2003,2,1,1,2,2,1,1,1,1,1,1,2,1,2,9,6,1,1,35,2,2,1
13,50,12,2003,3,1,1,2,2,1,1,1,1,1,1,3,1,2,8,6,1,1,33,2,2,0
5,41,9,2003,3,1,1,2,2,1,1,1,1,1,1,1,1,2,9,6,1,1,33,2,2,0
5,41,11,2003,1,1,1,2,2,1,1,1,1,1,1,1,1,2,9,6,1,1,33,2,2,2
5,41,11,2003,2,1,1,2,2,1,1,1,1,1,1,1,1,2,10,6,1,1,33,2,2,1
2,43,12,2003,2,1,1,2,2,1,1,1,1,1,1,1,1,2,9,6,1,1,33,2,2,0
2,43,12,2003,4,1,1,2,2,1,4,1,1,1,1,1,1,2,9,6,1,1,32,2,2,3
1,46,4,2003,3,1,1,2,2,1,1,1,1,1,1,1,1,2,8,6,1,1,33,2,2,1
1,46,7,2003,2,1,1,2,2,1,1,1,1,1,1,1,1,2,14,6,1,1,33,2,2,0
3,44,10,2003,2,1,1,2,2,1,1,1,1,1,1,1,1,2,14,6,1,1,33,2,2,0
4,44,10,2003,4,1,1,2,2,1,2,1,1,1,1,2,1,2,9,6,1,1,42,2,2,1
5,44,10,2003,1,1,1,2,2,1,4,1,1,1,1,1,1,2,7,6,1,1,35,2,2,0
7,44,10,2003,2,1,1,2,2,1,1,1,1,1,1,1,1,2,10,6,1,1,23,2,2,3
7,44,10,2003,3,1,1,1,2,1,1,1,1,1,1,1,1,2,9,6,1,1,33,2,2,0
7,44,10,2003,1,1,1,2,2,1,4,1,1,1,1,1,1,2,9,6,1,1,33,2,2,0
5,44,11,2003,2,1,1,2,2,1,2,1,1,1,1,1,1,2,8,6,1,1,33,2,2,0
5,44,11,2003,4,1,1,2,2,1,4,1,1,1,3,1,1,2,14,6,1,1,33,2,2,0
3,44,12,2003,4,1,1,2,2,1,4,1,1,1,1,1,1,2,9,6,1,1,33,2,2,3
4,44,12,2003,3,1,1,2,2,1,1,1,1,1,1,2,1,2,14,6,1,1,33,2,2,1
9,42,2,2003,3,3,4,2,1,1,1,1,1,1,1,5,1,1,12,6,1,1,33,2,2,2
9,42,2,2003,3,3,4,2,1,1,1,1,1,1,1,5,1,1,9,6,1,1,33,2,2,2
11,42,1,2003,1,1,3,1,1,1,3,1,1,1,1,5,1,1,14,6,1,1,26,2,2,3
10,42,1,2003,2,3,4,2,1,1,1,1,1,1,1,5,1,1,8,6,1,2,33,2,2,1
10,42,2,2003,4,7,8,2,2,1,2,1,1,1,1,5,1,1,12,6,1,2,38,2,2,1
10,42,2,2003,2,7,6,2,1,1,1,1,1,1,1,5,1,1,8,6,1,1,33,2,2,1
6,42,3,2003,4,1,1,2,2,1,3,1,1,1,1,5,1,1,14,6,1,1,33,2,2,2
21,42,1,2003,3,1,1,2,2,1,1,1,1,1,1,5,1,1,4,6,1,1,17,2,2,0
10,42,3,2003,4,1,6,2,1,1,3,1,1,1,1,5,1,1,10,6,1,1,33,2,2,1
10,42,3,2003,3,7,8,2,1,1,1,1,1,1,1,5,1,1,10,6,1,2,33,2,2,1
9,42,3,2003,4,1,1,2,2,1,3,1,1,1,1,5,1,1,19,6,1,1,33,2,2,2
9,42,3,2003,3,1,4,2,1,1,1,1,1,1,1,5,1,1,12,6,1,1,33,2,2,2
9,42,3,2003,4,1,1,2,1,1,3,1,1,1,1,5,1,1,10,6,1,2,33,2,2,1
9,42,3,2003,2,5,5,2,1,1,1,1,1,1,1,5,1,1,9,6,2,7,33,2,2,2
9,42,3,2003,2,7,6,2,1,1,1,1,1,1,1,5,1,1,9,6,1,1,33,2,2,2
11,42,3,2003,1,3,4,2,1,1,3,1,1,1,1,5,1,1,7,6,1,1,35,2,2,1
11,42,3,2003,2,1,1,1,1,1,2,1,1,1,1,5,1,1,14,6,1,2,33,2,2,0
3,42,4,2003,4,3,4,2,2,1,3,1,1,1,1,5,1,1,7,6,1,1,32,2,2,2
10,42,4,2003,4,7,8,2,1,1,3,1,1,1,1,5,1,1,8,6,1,1,33,2,2,0
21,42,4,2003,1,1,1,2,1,1,2,1,1,1,1,5,1,1,14,6,1,2,33,2,2,1
6,42,4,2003,2,2,4,2,1,1,1,1,1,1,1,5,1,1,9,6,1,2,33,2,2,2
6,42,4,2003,1,1,2,2,1,1,3,1,1,1,1,5,1,1,13,6,1,1,33,1,2,0
9,42,1,2003,4,2,4,2,2,1,3,1,1,1,1,5,1,1,9,6,1,1,33,2,2,1
9,42,1,2003,3,2,4,2,2,1,1,1,1,1,1,5,1,1,9,6,1,1,33,2,2,1
9,42,1,2003,4,3,4,2,1,1,3,1,1,1,1,5,1,1,9,6,1,1,33,2,2,2
9,42,1,2003,4,2,4,2,1,1,3,1,1,1,1,5,1,1,10,6,1,1,33,2,2,1
9,42,1,2003,4,3,4,2,1,1,3,1,1,1,1,5,1,1,14,6,1,1,33,2,2,2
9,42,1,2003,2,3,4,2,2,1,1,1,1,1,1,5,1,1,9,6,1,1,33,2,2,1
9,42,1,2003,3,5,4,2,1,1,1,1,1,1,1,5,1,1,8,6,1,2,33,2,2,2
8,42,1,2003,2,1,1,2,1,1,1,1,1,1,1,5,1,1,10,6,1,7,33,2,2,1
1,42,1,2003,1,1,1,2,1,1,3,1,1,1,1,5,1,1,14,6,2,1,33,2,2,1
1,42,1,2003,3,1,1,2,1,1,1,1,1,1,1,5,1,1,8,6,1,1,33,2,2,2
1,42,3,2003,3,3,1,2,1,1,1,1,1,1,1,5,1,1,10,6,1,1,33,2,2,1
1,42,1,2003,4,2,4,1,1,1,2,1,1,1,1,5,1,1,10,6,1,1,33,2,2,1
1,42,1,2003,3,1,1,2,2,1,1,1,1,1,1,5,1,1,11,6,1,2,33,2,2,1
1,42,1,2003,4,3,4,2,1,1,3,1,1,1,1,5,1,1,14,6,2,7,33,2,2,2
1,42,1,2003,3,2,4,2,1,1,1,1,1,1,1,5,1,1,10,6,1,1,33,2,2,1
1,42,3,2003,4,5,4,2,1,1,3,1,1,1,1,5,1,1,14,6,1,1,33,2,2,3
1,42,3,2003,3,5,4,2,1,1,1,1,1,1,1,5,1,1,8,6,1,1,33,2,2,2
1,42,3,2003,3,1,1,2,1,1,1,1,1,1,1,5,1,1,9,6,1,1,33,2,2,2
11,42,4,2003,2,7,1,2,1,1,1,1,1,1,1,5,1,1,14,6,1,1,33,1,2,1
6,42,5,2003,3,1,1,2,2,1,1,1,1,1,1,5,1,1,8,6,1,2,33,2,2,2
5,42,2,2003,4,7,1,2,2,1,3,1,1,1,1,5,1,1,10,6,1,1,40,2,2,2
5,42,2,2003,2,7,1,2,2,1,1,1,1,1,1,5,1,1,13,6,1,1,50,2,2,3
21,42,5,2003,4,1,1,2,2,1,3,1,1,1,1,5,1,1,14,6,1,1,33,2,2,1
21,42,5,2003,3,7,4,2,2,1,1,1,1,1,1,5,1,1,8,6,1,1,33,2,2,1
2,42,1,2003,4,2,4,2,1,1,3,1,1,1,1,5,1,1,9,6,1,1,33,2,2,0
10,42,5,2003,1,7,4,2,1,1,3,1,1,1,1,5,1,1,5,6,1,1,33,2,2,1
12,42,1,2003,1,1,1,2,1,1,2,1,1,1,1,5,1,1,14,6,1,1,33,1,2,0
12,42,2,2003,4,3,1,2,1,1,3,1,1,1,1,5,1,1,11,6,1,1,33,2,2,3
22,42,4,2003,2,7,4,2,1,1,1,1,1,1,1,5,1,1,8,6,1,1,33,2,2,1
22,42,4,2003,4,1,1,2,1,1,3,1,1,1,1,5,1,1,8,6,1,1,33,2,2,0
22,42,5,2003,3,3,4,2,1,1,1,1,1,1,1,5,1,1,9,5,1,2,33,2,2,2
22,42,5,2003,2,1,4,2,1,1,2,1,1,1,1,5,1,1,10,6,1,1,33,2,2,2
15,42,4,2003,4,7,2,2,1,1,3,1,1,1,1,5,1,1,8,6,1,2,35,2,2,2
15,42,4,2003,4,1,1,1,1,1,2,1,1,1,1,5,1,1,9,6,1,1,40,2,2,2
12,42,7,2003,2,1,2,2,1,2,1,1,2,1,1,5,1,1,8,6,1,1,33,2,2,0
12,42,7,2003,1,3,6,2,1,1,3,1,1,1,1,5,1,1,14,6,1,1,33,2,2,3
9,42,5,2003,3,3,4,2,1,1,1,1,1,1,1,5,1,1,10,6,1,1,33,2,2,1
9,42,5,2003,3,5,4,2,1,1,1,1,1,1,1,5,1,1,8,6,2,1,33,2,2,1
9,42,5,2003,4,3,6,2,1,1,3,1,1,1,1,5,1,1,14,7,1,2,33,2,2,2
9,42,5,2003,2,1,1,2,1,1,1,1,5,1,1,5,1,1,9,6,1,1,33,2,2,1
9,42,5,2003,2,3,4,2,1,1,1,1,1,1,1,5,1,1,8,6,1,1,33,2,2,2
9,42,6,2003,1,3,6,2,1,1,2,1,1,1,1,5,1,1,12,6,1,2,33,2,2,2
9,42,6,2003,1,5,4,2,1,1,3,1,1,1,1,5,1,1,14,6,1,1,33,2,2,2
9,42,6,2003,4,3,4,2,1,1,3,1,1,1,1,5,1,1,7,6,1,1,33,2,2,2
9,42,6,2003,3,1,1,2,1,1,1,1,1,1,1,5,1,1,7,6,1,1,33,2,2,2
9,42,6,2003,3,5,4,1,1,1,1,1,1,1,1,5,1,1,8,5,1,1,33,2,2,2
9,42,7,2003,4,3,6,2,1,1,3,1,1,1,1,5,1,1,14,6,1,1,33,2,2,1
9,42,7,2003,3,1,1,2,1,1,1,1,1,1,1,5,1,1,10,6,1,1,32,2,2,2
9,42,7,2003,3,1,1,2,1,1,1,1,1,1,1,5,1,1,10,6,1,1,33,2,2,1
9,42,4,2003,4,2,6,2,1,1,2,1,1,1,1,5,1,1,14,6,1,1,33,2,2,1
9,42,4,2003,3,2,6,2,1,1,1,1,1,1,1,5,1,1,9,6,1,1,33,2,2,0
9,42,4,2003,4,3,6,2,1,1,3,1,1,1,1,5,1,1,9,6,1,1,33,2,2,2
9,42,4,2003,2,2,6,2,1,1,1,1,1,1,1,5,1,1,8,6,1,1,25,2,2,1
9,42,4,2003,4,1,1,2,1,1,3,1,1,1,1,5,1,1,8,6,1,2,25,2,2,2
9,42,4,2003,3,5,6,2,1,1,1,1,1,1,1,5,1,1,10,6,1,1,33,2,2,2
14,42,1,2003,1,3,4,2,1,1,2,1,1,1,1,5,1,1,14,6,1,1,33,2,2,2
14,42,2,2003,1,1,1,2,1,1,2,1,1,1,1,5,1,1,9,6,1,1,33,2,2,0
14,42,2,2003,4,5,4,2,1,1,3,1,1,1,1,5,1,1,14,6,1,1,33,2,2,1
14,42,2,2003,3,1,1,2,2,1,1,1,1,1,1,2,1,2,9,6,1,1,33,1,2,0
14,42,3,2003,2,3,4,2,1,1,1,1,1,1,1,5,1,1,15,6,1,1,33,2,2,2
14,42,4,2003,3,1,1,2,2,1,1,1,1,1,1,5,1,1,9,6,1,1,33,2,2,1
14,42,4,2003,4,3,4,2,1,1,3,1,1,1,1,5,1,1,11,6,1,1,33,2,2,1
14,42,5,2003,3,6,1,2,2,1,1,1,1,1,1,5,1,1,8,6,1,1,33,2,2,1
14,42,5,2003,3,1,1,2,2,1,1,1,1,1,1,2,1,2,9,6,1,1,42,2,2,1
14,42,6,2003,2,1,1,2,1,1,1,1,1,1,1,5,1,1,9,6,1,1,33,2,2,2
14,42,6,2003,2,2,1,1,1,1,2,1,1,1,1,1,1,1,8,6,1,1,50,2,2,0
14,42,7,2003,2,1,1,2,1,1,3,1,1,1,1,1,1,1,9,6,1,1,33,2,2,1
1,42,4,2003,3,2,6,2,1,1,1,1,1,1,1,5,1,1,9,6,2,1,33,2,2,2
1,42,4,2003,2,5,6,2,1,1,1,1,1,1,1,5,1,1,9,6,1,1,35,2,2,2
1,42,5,2003,4,5,6,2,1,1,3,1,1,1,1,5,1,1,14,6,1,1,45,2,2,2
1,42,5,2003,4,1,1,2,1,1,3,1,1,1,1,5,1,1,9,6,1,1,33,2,2,2
1,42,5,2003,4,5,6,2,1,1,2,1,1,1,1,5,1,1,9,5,1,1,33,2,2,2
1,42,5,2003,1,2,6,2,1,1,3,1,1,1,1,5,1,1,10,6,1,1,33,2,2,2
1,42,6,2003,4,2,6,2,1,1,2,1,1,1,1,5,1,1,8,5,1,1,33,2,2,2
1,42,6,2003,3,1,1,2,1,1,1,1,1,1,1,5,1,1,8,6,1,1,33,2,2,2
1,42,6,2003,1,6,1,2,1,1,3,1,1,1,1,5,1,1,14,6,1,1,33,2,2,2
1,42,6,2003,1,3,6,2,1,1,3,1,1,1,1,5,1,1,14,6,1,1,33,2,2,2
1,42,6,2003,1,1,4,2,1,1,3,1,1,1,1,5,1,1,8,6,1,1,33,2,2,2