Thana,District,Month,Year,Time,Junction_Type,Traffic_Control,Movement,Divider,Weather,Light,Road_Geometry,Surface_Condition,Surface_Type,Surface_Quality,Road_Class,Road_Feature,Location_Type,Vehicle_Type,Vehicle_Movement,Vehicle_Loading,Vehicle_Defect,Vehicle_Driver_Age,Vehicle_Alcohol,Vehicle_Seat_Belt,Accident_Severity
1,42,6,2003,3,3,6,2,1,1,1,1,1,1,1,5,1,1,10,6,1,1,33,2,2,2
1,42,6,2003,1,5,6,2,1,1,2,1,1,1,1,5,1,1,14,6,2,7,33,2,2,0
1,42,7,2003,3,1,1,2,1,1,1,1,1,1,1,5,1,1,8,6,1,7,33,2,2,2
1,42,7,2003,1,5,6,2,1,1,2,1,1,1,1,5,1,1,8,6,1,1,33,2,2,2
1,42,7,2003,1,1,1,2,1,1,3,1,1,1,1,5,1,1,19,6,1,1,33,2,2,2
1,42,7,2003,4,3,6,2,1,1,3,1,1,1,1,5,1,1,9,6,1,1,33,2,2,2
1,42,7,2003,3,3,6,2,1,1,1,1,1,1,1,5,1,1,8,6,1,1,33,2,2,2
17,42,1,2003,3,1,1,2,1,1,1,1,1,1,1,5,1,1,19,5,1,1,26,2,2,2
17,42,1,2003,3,1,1,2,1,1,1,1,1,1,1,5,1,1,7,5,1,1,33,2,2,2
17,42,8,2003,4,1,1,2,1,1,3,1,1,1,1,5,1,1,9,6,1,1,33,1,0,1
17,42,8,2003,1,2,6,2,1,1,3,1,1,1,1,5,1,1,8,6,1,1,33,1,0,1
13,42,3,2003,2,1,1,1,1,1,2,1,1,1,1,5,1,1,7,5,1,1,42,2,2,2
13,42,3,2003,4,1,1,2,1,1,3,1,1,1,1,5,1,1,9,6,1,1,42,2,2,2
10,42,8,2003,1,7,4,2,1,1,2,1,1,1,1,5,1,1,5,6,1,1,33,2,2,1
9,42,8,2003,4,5,6,2,1,1,2,1,1,1,1,5,1,1,9,6,1,1,33,2,2,2
9,42,8,2003,3,1,1,2,1,1,1,1,1,1,1,5,1,1,8,6,1,1,33,2,2,2
9,42,8,2003,4,5,4,2,1,1,3,1,1,1,1,5,1,1,14,6,1,1,33,2,2,2
9,42,8,2003,4,7,4,2,1,1,3,1,1,1,1,5,1,1,9,6,1,1,33,2,2,2
9,42,9,2003,2,1,1,2,1,1,1,1,1,1,1,5,1,1,8,6,1,1,33,2,2,2
9,42,9,2003,4,1,1,2,1,1,3,1,1,1,1,5,1,1,10,6,1,1,33,2,2,2
9,42,9,2003,4,3,6,2,1,1,3,1,1,1,1,5,1,1,14,6,1,1,33,2,2,2
9,42,9,2003,2,5,6,2,1,1,2,1,1,1,1,5,1,1,10,6,1,1,33,2,2,1
9,42,9,2003,3,5,4,2,1,1,1,1,1,1,1,5,1,1,9,6,1,1,33,2,2,2
9,42,9,2003,4,1,1,2,1,1,3,1,1,1,1,5,1,1,14,6,1,1,33,2,2,2
9,42,9,2003,4,1,4,2,1,1,3,1,1,1,1,5,1,1,14,6,1,1,33,2,2,0
17,42,9,2003,3,1,1,2,1,1,1,1,1,1,1,5,1,1,9,6,1,1,33,2,2,1
17,42,9,2003,2,1,1,2,1,1,1,1,1,1,1,5,1,1,8,6,1,1,33,2,2,1
17,42,10,2003,3,1,1,2,1,1,1,1,1,1,1,5,1,1,8,6,1,1,33,2,2,1
17,42,10,2003,1,1,1,2,2,1,3,1,1,1,1,5,1,1,12,6,1,2,33,2,2,1
13,42,8,2003,3,6,1,2,1,1,1,1,1,1,1,5,1,1,10,6,1,7,33,2,2,2
10,42,10,2003,4,3,6,2,1,1,3,1,1,1,1,5,1,1,19,6,1,1,33,1,0,1
10,42,10,2003,1,7,1,2,1,1,1,1,1,1,1,5,1,1,10,6,1,1,33,2,2,1
10,42,10,2003,3,7,6,2,1,1,1,1,1,1,1,5,1,1,7,6,1,1,33,2,2,2
10,42,10,2003,3,3,6,2,1,1,1,1,1,1,1,5,1,1,10,6,1,1,33,2,2,2
9,42,10,2003,2,1,1,2,1,1,1,1,1,1,1,5,1,1,10,6,1,2,33,2,2,1
9,42,10,2003,3,3,4,2,1,1,1,1,1,1,1,5,1,1,8,6,1,2,33,2,2,2
9,42,10,2003,4,5,6,2,1,1,3,1,1,1,1,5,1,1,14,6,1,1,33,1,0,2
9,42,10,2003,4,2,6,2,1,1,3,1,1,1,1,5,1,1,14,6,1,1,33,2,2,2
9,42,10,2003,2,1,1,2,1,1,1,1,1,1,1,5,1,1,10,6,1,1,33,2,2,2
9,42,10,2003,1,1,1,2,1,1,3,1,1,1,1,5,1,1,14,6,1,1,30,2,2,1
9,42,10,2003,2,1,1,2,1,1,1,1,1,1,1,5,1,1,8,6,1,2,33,2,2,1
9,42,10,2003,3,3,6,2,1,1,1,1,1,1,1,5,1,1,19,6,1,2,33,2,2,2
9,42,10,2003,2,1,4,2,1,1,1,1,1,1,1,5,1,1,8,6,1,2,33,2,2,2
9,42,11,2003,1,5,2,1,1,1,3,1,1,1,1,5,1,1,14,6,1,1,30,2,2,2
9,42,11,2003,4,1,1,2,1,1,3,1,1,1,1,5,1,1,8,6,1,2,33,2,2,0
11,42,5,2003,2,1,1,2,1,1,1,1,1,1,1,5,1,1,8,6,1,1,33,2,2,3
11,42,7,2003,1,1,1,2,2,1,1,1,1,1,1,5,1,1,8,6,1,2,33,2,2,1
14,42,8,2003,2,1,4,2,2,1,1,1,1,1,1,5,1,1,9,6,1,2,33,2,2,2
14,42,10,2003,3,1,4,2,1,1,1,1,1,1,1,5,1,1,9,6,1,2,33,2,2,2
14,42,11,2003,3,1,1,2,1,1,1,1,1,1,1,5,1,1,8,6,1,2,33,2,2,2
14,42,12,2003,2,1,1,2,1,1,1,1,1,1,1,5,1,1,8,6,1,2,33,2,2,1
16,42,6,2003,3,3,4,2,1,1,1,1,1,1,1,5,1,1,9,6,1,2,33,2,2,2
16,42,6,2003,2,1,4,2,1,1,1,1,1,1,1,5,1,1,4,6,1,1,33,2,2,1
16,42,8,2003,3,1,1,2,1,1,1,1,1,1,1,5,1,1,9,6,1,1,33,1,2,2
16,42,11,2003,3,1,1,2,1,1,1,1,1,1,1,5,1,1,9,6,1,2,33,1,2,2
17,42,11,2003,4,1,1,2,1,1,3,1,1,1,1,5,1,1,12,6,1,2,33,2,2,1
17,42,11,2003,3,1,1,2,1,1,1,1,1,1,1,5,1,1,10,6,1,2,33,2,2,3
17,42,12,2003,3,1,1,2,1,1,1,1,1,1,1,5,1,1,10,6,1,2,33,1,2,2
17,42,12,2003,3,2,4,2,1,1,1,1,1,1,1,5,1,1,8,6,1,1,33,1,2,1
8,42,5,2003,2,2,4,2,1,1,1,1,1,1,1,5,1,1,8,6,1,1,35,2,2,1
8,42,7,2003,2,3,4,2,1,1,1,1,1,1,1,5,1,1,8,6,1,1,33,1,2,1
8,42,8,2003,3,3,4,2,1,1,1,1,1,1,1,5,1,1,8,6,1,2,33,2,2,1
8,42,10,2003,1,2,4,2,1,1,3,1,1,1,1,5,1,1,14,6,1,1,33,2,2,2
9,42,12,2003,2,3,6,2,1,1,1,1,1,1,1,5,1,1,8,6,1,1,33,2,2,2
9,42,12,2003,3,1,4,2,1,1,1,1,1,1,1,5,1,1,9,6,1,1,33,2,2,2
9,42,12,2003,2,5,4,2,1,1,1,1,1,1,1,5,1,1,9,6,1,1,33,2,2,2
9,42,12,2003,2,1,1,2,1,1,1,1,1,1,1,5,1,1,4,6,1,2,33,2,2,2
9,42,12,2003,2,2,6,2,1,1,1,1,1,1,1,5,1,1,14,6,1,1,33,2,2,2
9,42,12,2003,2,3,6,2,1,1,1,1,1,1,1,5,1,1,10,6,1,1,33,2,2,2
10,42,11,2003,3,7,6,2,1,1,1,1,1,1,1,5,1,1,10,6,1,1,33,2,2,1
10,42,11,2003,4,3,6,2,2,1,3,1,1,1,1,5,1,1,10,6,1,1,33,2,2,2
10,42,11,2003,4,7,6,2,1,1,3,1,1,1,1,5,1,1,19,6,1,1,33,2,2,2
6,42,7,2003,2,1,8,2,1,1,1,1,1,1,1,5,1,1,14,5,1,2,33,2,2,2
6,42,7,2003,4,5,6,2,1,1,3,1,1,1,1,5,1,1,9,6,1,1,33,2,2,2
6,42,8,2003,3,1,1,2,2,1,1,1,1,1,1,5,1,1,9,6,1,2,33,2,2,0
6,42,9,2003,3,5,5,2,1,1,1,1,1,1,1,5,1,1,9,6,1,1,33,2,2,2
6,42,10,2003,4,1,1,1,1,1,3,1,1,1,1,5,1,1,14,6,1,1,33,2,2,0
6,42,10,2003,4,1,1,2,2,1,4,1,1,1,1,5,1,1,14,6,1,2,33,1,0,1
6,42,11,2003,1,1,1,2,2,1,4,1,1,1,1,5,1,1,14,6,1,1,33,2,2,1
6,42,11,2003,2,1,1,2,1,1,1,1,1,1,1,1,1,1,9,6,1,1,33,2,2,1
6,42,12,2003,1,1,1,2,1,1,3,1,1,1,1,5,1,1,9,6,1,1,33,2,2,2
21,42,8,2003,4,1,1,2,1,1,3,1,1,1,1,5,1,1,14,6,1,1,33,2,2,1
21,42,11,2003,2,1,4,2,1,1,1,1,1,1,1,5,1,1,8,6,1,2,33,2,2,0
18,42,6,2003,3,7,1,2,1,1,1,1,1,1,1,5,1,1,8,5,1,1,33,2,2,1
18,42,7,2003,2,3,2,2,1,1,1,1,1,1,1,5,1,1,9,5,1,1,30,2,2,1
3,42,6,2003,3,7,1,1,1,1,2,1,1,1,1,5,1,1,6,6,1,1,23,2,2,1
5,42,12,2003,4,7,8,2,1,1,3,1,1,1,1,5,1,1,10,6,1,1,30,2,2,0
16,42,1,2003,3,1,1,2,1,1,1,1,1,1,1,5,1,1,9,6,1,1,33,2,2,2
16,42,2,2003,1,1,1,1,1,1,2,1,1,1,1,5,1,1,10,6,1,1,33,2,2,2
16,42,3,2003,4,1,1,2,1,1,3,1,1,1,1,5,1,1,14,6,1,1,33,2,2,1
1,42,8,2003,1,1,2,1,1,1,1,1,1,1,1,5,1,1,8,6,1,1,32,1,2,3
1,42,8,2003,2,2,4,1,1,1,1,1,1,1,1,5,1,1,9,6,1,1,34,2,2,3
1,42,8,2003,2,1,2,1,1,1,1,1,1,1,1,5,1,1,8,6,1,1,35,1,2,2
1,42,8,2003,2,2,4,1,1,1,1,1,1,1,1,5,1,1,8,6,1,1,32,1,2,2
1,42,9,2003,4,1,1,1,1,1,3,1,1,1,1,5,1,1,8,5,1,1,32,2,2,2
1,42,10,2003,2,2,4,1,1,1,2,1,1,1,1,5,1,1,8,5,1,1,30,1,2,1
1,42,10,2003,3,5,8,1,1,1,1,1,1,1,1,5,1,1,5,6,1,1,38,1,2,3
1,42,10,2003,3,5,4,1,1,1,2,1,1,1,1,5,1,1,5,11,1,1,35,1,2,2
1,42,10,2003,3,1,2,2,2,1,1,1,1,1,1,5,1,1,8,6,1,1,33,1,2,2
1,42,10,2003,2,1,1,1,1,1,1,1,1,1,1,5,1,1,8,6,1,1,33,2,2,1
1,42,10,2003,3,1,1,2,2,1,1,1,1,1,1,5,1,1,10,6,1,1,33,2,2,3
1,42,11,2003,4,1,2,2,2,1,2,1,1,1,1,5,1,1,7,6,1,1,33,1,2,2
1,42,11,2003,1,2,4,1,1,1,3,1,1,1,1,5,1,1,12,5,1,1,32,2,2,1
1,42,11,2003,3,1,2,1,1,1,1,1,1,1,1,5,1,1,10,6,1,1,33,2,2,2
1,42,12,2003,4,2,4,1,1,1,3,1,1,1,1,5,1,1,9,6,1,1,35,2,2,1
1,42,12,2003,3,5,4,1,1,1,1,1,1,1,1,5,1,1,9,6,1,1,33,2,2,1
5,24,8,2003,3,1,1,2,2,1,1,1,1,1,1,1,1,2,4,6,1,1,33,2,2,0
8,47,9,2003,3,1,1,2,2,1,1,1,1,1,1,1,1,2,11,6,1,1,33,2,2,0
6,52,11,2003,3,1,1,2,2,1,1,1,1,1,1,3,1,2,4,6,1,1,32,2,2,1
1,21,6,2003,3,1,1,2,2,1,4,1,2,1,1,1,1,2,14,11,1,7,33,1,2,0
8,29,4,2003,3,3,1,2,2,1,1,1,1,1,1,1,1,2,14,10,1,1,40,2,2,0
2,14,2,2003,4,1,1,1,2,2,2,1,2,1,1,1,1,2,10,10,1,1,38,2,2,3
3,8,7,2003,1,1,1,2,2,2,2,1,2,1,1,1,1,1,14,10,1,1,35,2,2,0
8,13,8,2003,4,1,1,2,2,1,4,1,1,1,1,1,1,2,14,6,2,1,35,1,2,1
3,8,8,2003,1,1,1,2,2,2,2,1,2,1,1,1,1,1,14,10,1,1,30,2,2,0
5,13,9,2003,1,1,1,2,2,4,4,1,1,1,1,1,1,2,14,10,1,1,33,2,2,0
6,5,7,2003,2,7,1,2,2,1,1,1,1,1,1,1,1,2,14,6,1,1,33,2,2,0
6,34,7,2003,1,1,1,2,2,1,2,1,1,1,1,1,1,2,9,4,1,1,33,2,2,0
1,34,8,2003,2,3,1,2,2,1,1,1,1,1,1,5,1,1,2,10,1,1,35,2,2,0
5,56,3,2003,1,7,8,2,2,1,4,2,1,1,1,1,1,2,14,6,1,2,33,2,2,0
8,54,6,2003,4,1,1,2,2,1,4,1,1,1,1,3,1,2,4,6,1,2,32,1,2,0
12,54,8,2003,4,7,1,2,2,1,4,1,1,1,1,3,1,2,5,6,1,2,20,2,2,0
6,55,10,2003,4,3,1,2,2,1,4,1,1,1,1,1,1,2,14,10,1,1,82,2,2,1
5,33,9,2003,2,3,8,2,2,1,1,1,1,1,1,1,1,2,6,9,1,1,33,2,2,0
9,56,9,2003,4,3,1,2,2,1,2,1,1,1,1,4,1,2,4,6,1,2,42,2,2,0
9,42,8,2003,2,3,6,2,1,1,1,1,1,1,1,5,1,1,9,6,1,1,33,2,2,2
1,42,8,2003,3,2,4,1,1,1,1,1,1,1,1,5,1,1,10,6,1,1,33,2,2,2
6,38,7,2003,1,1,1,2,2,1,4,1,1,1,1,1,1,2,14,8,1,1,35,2,2,0
1,39,7,2003,3,1,1,2,2,1,1,1,1,1,1,2,1,2,9,6,1,1,35,2,2,1
9,47,3,2003,3,1,1,2,2,1,1,1,1,1,1,1,1,2,6,6,1,1,30,2,2,1
3,43,5,2003,3,1,1,2,2,1,1,1,1,1,1,1,1,2,9,6,1,1,33,2,2,3
5,41,5,2003,2,1,1,2,2,1,2,1,1,1,1,1,1,2,1,6,1,1,33,2,2,1
12,47,9,2003,1,1,1,2,2,1,2,1,1,1,1,1,1,2,14,10,1,1,33,2,2,0
1,45,9,2003,1,1,1,2,2,1,4,1,1,1,1,1,1,1,12,6,1,1,33,2,2,0
2,43,10,2003,1,1,1,2,2,1,4,1,1,1,1,1,1,2,14,10,1,1,33,2,2,3
5,41,8,2003,4,1,1,2,2,1,3,1,1,1,1,1,1,2,14,10,1,1,33,2,2,3
9,63,2,2003,4,1,8,2,2,1,4,2,5,1,1,1,1,2,9,11,1,1,35,2,1,3
1,62,2,2003,4,1,1,2,1,1,3,1,1,1,1,2,1,2,9,6,1,1,33,2,2,0
4,62,2,2003,3,1,1,2,2,1,1,1,1,1,1,2,1,1,2,6,1,7,17,2,2,0
8,59,2,2003,2,1,1,2,1,1,2,1,1,1,1,4,1,2,6,2,2,7,33,2,2,0
3,61,1,2003,3,2,1,2,1,1,1,1,1,1,1,1,1,2,6,6,1,7,25,1,0,0
1,61,2,2003,1,3,1,2,1,1,2,1,1,1,1,1,1,1,14,6,1,1,33,2,2,1
2,61,2,2003,4,1,1,2,1,1,4,1,1,1,1,1,1,1,14,6,1,1,28,2,2,2
1,61,3,2003,4,1,2,2,1,1,4,1,1,1,1,2,1,2,9,2,1,1,35,2,2,0
5,58,1,2003,4,7,1,2,1,1,2,1,1,1,1,1,1,2,9,6,1,1,40,1,2,0
5,58,1,2003,4,1,1,2,2,1,4,1,1,1,1,1,1,2,8,6,1,1,33,2,2,0
7,58,1,2003,2,7,1,2,2,1,1,1,1,1,1,1,1,1,14,6,1,1,33,1,2,0
6,58,1,2003,2,1,1,2,2,1,1,1,1,1,1,4,1,1,11,6,1,1,33,2,2,2
1,58,1,2003,4,3,1,2,1,1,4,1,1,1,1,2,1,2,9,6,1,1,30,2,2,1
1,58,1,2003,4,1,2,2,2,1,2,1,1,1,1,1,1,2,14,6,1,1,42,2,2,2
4,63,3,2003,4,1,1,2,2,1,4,1,1,2,1,1,1,2,9,5,2,6,33,1,2,2
9,63,3,2003,2,7,8,2,1,1,1,1,1,1,1,1,1,1,14,11,1,1,35,2,2,3
1,58,2,2003,1,3,1,2,1,1,2,1,1,1,1,1,1,2,10,2,1,1,42,2,1,2
5,58,2,2003,3,7,1,2,1,1,1,1,1,1,1,1,1,2,14,6,1,6,33,1,0,0
1,58,3,2003,3,3,2,2,2,1,1,2,1,1,1,1,1,2,17,6,1,1,50,2,2,0
7,58,3,2003,3,1,1,2,2,1,1,1,1,1,1,1,1,2,10,6,1,1,35,2,2,1
1,62,4,2003,2,1,1,2,2,1,1,1,1,1,1,1,1,2,17,3,1,1,22,2,2,3
7,58,4,2003,4,7,1,2,2,1,4,1,1,1,1,1,1,1,15,10,1,1,33,1,0,0
2,61,4,2003,2,1,1,2,2,1,2,1,1,1,1,1,1,1,9,6,1,1,32,2,2,3
8,67,4,2003,3,7,3,2,2,1,1,2,1,1,1,2,1,2,7,4,1,1,33,2,2,0
14,63,3,2003,4,3,2,2,1,1,4,1,1,1,1,1,1,2,14,1,1,1,27,2,2,1
14,63,3,2003,2,1,1,2,2,1,1,1,1,1,1,1,1,2,8,6,1,1,34,2,2,0
9,63,4,2003,3,3,1,1,2,2,1,1,2,1,1,2,1,2,9,6,1,1,40,2,2,3
9,63,4,2003,2,1,1,2,2,1,2,1,1,1,1,2,1,2,9,6,1,1,45,2,2,1
7,60,4,2003,3,1,1,2,1,1,1,1,1,1,1,2,1,2,4,6,1,2,38,1,2,1
1,58,6,2003,1,2,2,2,2,2,2,1,2,1,1,1,1,2,14,6,1,1,40,2,2,0
2,61,7,2003,3,1,1,2,2,1,1,1,1,1,1,1,1,1,9,6,1,1,40,2,2,3
1,61,7,2003,2,5,1,1,2,1,1,2,1,1,1,1,1,2,8,6,1,1,35,2,2,1
1,62,7,2003,3,7,2,2,1,1,1,1,1,1,1,1,1,2,9,11,1,2,33,1,0,0
6,58,7,2003,3,1,1,2,2,1,1,1,1,1,1,1,1,2,9,9,1,1,40,2,2,0
5,58,7,2003,4,2,1,2,1,1,4,1,1,1,1,1,1,2,9,6,1,1,33,2,2,0
5,58,7,2003,4,1,1,2,1,1,4,1,1,1,1,1,1,2,14,1,1,1,33,2,2,0
1,58,7,2003,2,1,2,2,2,2,2,1,2,1,1,1,1,2,14,6,1,1,50,2,2,0
7,58,7,2003,1,1,1,2,1,1,1,1,1,1,1,2,1,2,7,6,1,2,33,1,2,0
10,58,7,2003,2,7,1,1,2,1,1,1,1,1,1,2,1,2,14,11,1,6,30,2,2,2
14,63,7,2003,2,1,8,2,1,2,1,1,2,1,2,1,1,2,14,5,1,2,40,1,0,1
14,63,7,2003,3,7,8,2,1,2,1,1,2,1,1,1,1,2,11,6,1,1,33,2,2,0
2,63,7,2003,2,1,1,2,2,1,1,1,1,1,2,2,3,2,5,6,1,2,40,2,2,0
6,63,7,2003,2,1,8,2,1,1,1,1,1,1,1,1,1,2,9,6,1,2,33,1,0,3
7,63,7,2003,4,1,1,1,2,4,1,2,1,1,1,1,1,2,13,6,1,1,28,1,2,0
9,63,7,2003,3,7,1,2,2,1,1,1,1,1,1,1,1,2,10,6,1,1,24,2,1,2
1,61,8,2003,3,1,1,2,1,1,1,1,1,1,1,1,1,1,9,6,1,1,35,2,2,0
3,61,8,2003,3,2,2,2,1,1,1,1,1,1,1,1,1,2,9,6,1,2,33,1,0,3
14,63,8,2003,4,1,1,2,2,1,2,1,1,1,1,1,1,2,14,9,2,1,37,2,2,0
9,63,8,2003,3,7,8,2,1,1,1,1,1,1,1,1,1,2,9,6,1,2,33,1,0,0
10,63,8,2003,4,2,8,2,1,1,4,1,1,1,1,2,1,2,14,11,1,7,33,2,0,1
8,67,8,2003,2,2,2,2,2,1,1,1,1,1,2,2,1,2,14,1,1,2,41,1,0,0
1,58,8,2003,1,3,8,2,2,1,2,1,1,1,1,1,1,2,14,8,1,1,38,2,2,1
1,58,8,2003,4,3,8,2,2,1,2,1,1,1,1,1,1,2,9,8,1,1,33,1,0,0
1,58,8,2003,2,3,2,2,2,1,2,2,1,1,1,1,1,2,9,1,1,1,52,2,2,1
7,58,8,2003,3,1,1,2,2,1,1,1,1,1,1,1,1,2,10,6,1,1,20,2,2,0
7,58,8,2003,1,1,1,2,2,2,2,1,2,1,1,1,1,2,14,6,1,5,28,2,2,0
7,58,8,2003,4,1,1,2,2,2,4,1,2,1,1,1,1,2,14,10,1,5,36,2,2,0
2,58,8,2003,2,1,1,2,2,1,1,1,1,1,3,1,1,2,9,6,1,2,33,1,0,0
4,58,8,2003,1,1,1,2,2,1,1,1,1,1,1,2,1,2,9,6,1,1,33,1,2,1
5,59,8,2003,2,1,1,2,2,1,2,1,1,1,1,2,1,2,6,4,1,2,25,1,0,0
3,57,8,2003,2,7,1,2,2,1,1,1,1,1,1,1,1,2,14,11,1,1,33,1,2,0
7,60,8,2003,3,7,1,2,2,1,1,1,1,1,1,2,1,2,9,6,1,7,33,1,2,0
1,60,8,2003,1,1,1,2,2,1,2,1,1,1,1,2,1,2,14,6,1,1,40,2,2,0
7,59,9,2003,3,7,2,2,2,1,1,1,1,1,1,1,1,2,19,8,1,2,20,1,0,3
4,62,9,2003,2,1,8,2,2,1,1,1,1,1,1,2,1,2,9,6,1,1,33,2,2,0
1,61,9,2003,2,1,1,2,2,1,2,1,1,1,1,1,1,1,14,6,1,1,41,1,0,1
14,63,9,2003,1,1,8,2,1,1,2,1,1,1,1,1,1,2,9,6,1,2,33,1,0,3
1,57,9,2003,4,7,1,1,1,4,1,1,1,1,1,2,1,1,14,11,1,7,33,1,2,0
1,58,9,2003,2,1,1,2,2,1,1,1,1,1,1,1,1,2,9,6,1,1,25,2,2,0
5,58,9,2003,1,7,2,2,2,2,3,1,2,1,1,1,2,2,9,10,1,1,35,1,2,1
6,58,9,2003,4,1,1,2,2,1,4,1,1,1,1,1,1,2,10,6,1,1,27,1,0,0
4,58,9,2003,4,1,1,2,2,1,1,1,1,1,1,2,1,2,9,1,1,2,33,1,2,3
7,58,9,2003,4,3,1,2,2,1,3,1,1,1,1,1,1,2,14,5,1,1,35,1,0,0
7,58,9,2003,1,3,1,2,2,1,2,1,1,1,1,1,1,2,14,5,1,1,33,2,2,0
7,58,9,2003,3,1,1,2,2,1,1,1,1,1,2,2,1,2,5,6,1,1,33,1,2,0
1,61,10,2003,2,1,1,2,2,1,2,1,1,1,1,1,1,1,14,6,1,1,40,2,2,3
2,61,10,2003,1,1,1,2,2,1,3,1,1,1,1,1,1,1,14,6,1,1,42,2,2,3
8,58,10,2003,2,7,1,2,2,1,1,1,1,1,1,1,1,2,14,5,1,2,33,1,2,0
6,58,10,2003,1,1,1,2,2,1,4,1,1,1,1,1,1,2,8,6,1,1,35,1,2,0
7,58,10,2003,1,2,1,2,2,1,4,1,1,1,1,1,1,2,9,6,1,1,33,2,2,1
2,58,10,2003,4,7,1,2,2,2,2,1,2,1,1,1,1,2,9,6,1,2,33,1,0,0
10,58,10,2003,3,7,8,2,1,1,1,2,1,1,1,5,1,1,10,2,1,1,32,2,1,1
13,63,10,2003,2,1,1,2,1,1,1,2,1,1,1,2,1,2,7,6,1,2,33,1,0,0
5,63,10,2003,4,2,1,2,1,1,2,1,1,1,1,2,1,2,11,6,1,2,33,1,0,0
14,63,10,2003,2,2,1,1,1,1,1,1,1,1,1,1,1,2,9,9,1,2,33,1,0,2
1,61,11,2003,3,1,1,2,2,1,2,1,1,1,1,2,1,2,14,6,1,1,28,2,2,0
1,61,11,2003,1,1,1,2,2,1,3,1,1,1,1,3,1,2,14,6,1,1,40,2,2,3
1,61,11,2003,2,1,1,2,2,1,1,1,1,1,1,1,2,1,7,6,1,1,33,2,2,1
3,61,11,2003,3,2,1,2,2,1,1,1,1,1,1,1,1,2,9,4,1,2,50,1,0,3
2,61,11,2003,3,3,1,2,1,1,1,1,1,1,1,1,1,1,8,6,1,1,28,2,2,0
1,58,11,2003,2,1,2,2,2,1,1,1,1,1,1,1,1,2,9,6,1,1,33,2,2,0
1,58,11,2003,1,1,2,2,2,1,3,1,1,1,1,1,1,2,14,6,1,1,42,2,2,2
5,58,11,2003,2,2,1,2,2,1,1,1,1,1,1,1,1,2,14,6,1,1,33,1,2,0
7,58,11,2003,1,3,1,2,2,1,4,2,1,1,1,1,1,2,14,9,1,1,38,2,2,1
6,58,11,2003,3,1,1,2,2,1,1,1,1,1,1,1,1,2,14,6,1,1,35,1,2,0
7,58,10,2003,2,7,2,2,2,1,1,1,2,1,1,1,1,2,8,1,1,1,28,1,0,0
8,63,11,2003,3,2,1,2,2,1,1,1,1,1,1,1,1,2,12,5,1,1,40,1,2,0
13,63,11,2003,2,7,1,1,2,1,2,1,1,1,1,1,1,2,12,6,1,2,33,1,0,0
2,63,11,2003,3,1,1,2,2,1,1,1,1,1,2,4,1,2,8,6,2,6,33,1,2,0
14,63,11,2003,3,1,1,2,2,1,1,1,1,1,1,1,1,2,9,2,1,2,45,1,2,0
14,63,11,2003,3,1,1,2,1,1,1,1,1,1,1,1,1,2,5,6,1,2,40,1,0,0
9,63,11,2003,4,1,1,2,1,1,2,1,1,1,1,4,1,2,5,5,1,2,33,2,2,1
9,63,11,2003,2,7,1,2,2,1,1,2,1,1,1,2,1,2,10,4,1,2,26,2,2,2
14,63,6,2003,1,2,1,1,1,4,1,1,1,1,1,1,1,2,14,6,1,1,33,1,0,0
8,63,6,2003,3,2,8,2,2,2,1,1,2,1,1,1,1,2,14,6,1,7,33,1,2,0
9,63,6,2003,3,2,1,2,2,1,1,1,1,1,1,1,1,2,19,6,1,1,33,1,0,3
9,63,6,2003,4,1,1,2,2,1,4,1,1,1,1,1,1,2,19,6,1,1,50,2,2,0
6,58,7,2003,2,1,1,2,2,2,1,2,2,1,1,1,1,2,9,6,1,7,33,1,2,0
7,63,7,2003,3,1,1,2,2,2,1,1,2,1,1,1,1,2,16,6,1,3,33,1,0,1
5,58,8,2003,3,2,1,2,1,1,1,1,1,1,1,1,1,2,9,6,1,1,33,2,2,0
2,60,8,2003,3,1,1,2,2,1,1,1,1,1,1,2,1,2,9,11,1,1,40,2,2,1
5,58,10,2003,4,7,1,2,2,1,3,1,1,1,1,1,1,2,9,6,1,1,41,1,2,1
1,60,10,2003,3,1,1,2,2,1,1,1,1,1,1,2,1,2,9,6,1,2,33,2,2,1
4,62,11,2003,3,1,1,2,2,1,1,1,1,1,1,3,1,1,12,6,1,1,28,2,2,1
1,61,11,2003,3,2,1,2,2,1,1,1,1,1,1,2,1,2,9,1,1,2,33,1,0,0
2,61,11,2003,3,1,1,2,2,1,1,1,1,1,1,1,1,1,9,6,1,1,24,2,2,0
2,58,11,2003,3,2,1,2,2,2,1,1,2,1,1,1,1,2,9,6,1,1,35,1,0,1
1,61,1,2003,1,7,1,2,2,1,4,1,1,1,1,1,1,2,14,6,1,7,35,2,2,3
7,58,1,2003,2,1,1,2,2,4,2,1,1,1,1,1,1,2,14,6,1,1,33,1,0,2
8,63,4,2003,1,7,8,2,2,2,4,1,2,1,1,1,1,2,9,6,1,1,38,2,2,0
7,58,5,2003,4,1,1,2,2,1,4,1,1,1,1,1,1,2,9,6,1,1,33,2,2,0
6,58,5,2003,1,1,1,2,2,1,2,2,1,1,1,1,1,2,14,6,1,1,33,1,2,0