Thana,District,Month,Year,Time,Junction_Type,Traffic_Control,Movement,Divider,Weather,Light,Road_Geometry,Surface_Condition,Surface_Type,Surface_Quality,Road_Class,Road_Feature,Location_Type,Vehicle_Type,Vehicle_Movement,Vehicle_Loading,Vehicle_Defect,Vehicle_Driver_Age,Vehicle_Alcohol,Vehicle_Seat_Belt,Accident_Severity
6,58,5,2003,1,1,1,2,2,1,4,1,1,1,1,1,1,2,9,6,1,1,33,1,1,0
10,58,5,2003,2,1,1,2,1,1,1,2,1,1,1,2,1,2,9,1,1,2,33,2,2,0
10,58,5,2003,2,7,8,1,2,1,1,1,1,1,1,5,1,1,14,11,1,2,33,2,2,1
6,60,5,2003,3,1,1,2,2,1,1,1,1,1,1,5,1,1,8,6,1,1,50,2,2,1
1,57,5,2003,2,1,1,2,2,1,1,1,1,1,1,2,1,1,14,1,1,2,33,2,2,1
2,65,5,2003,2,1,1,2,2,1,1,1,1,1,1,1,1,2,9,6,1,1,40,2,2,1
6,58,1,2003,3,2,4,2,2,1,1,1,1,1,1,1,1,1,8,11,1,1,33,2,2,1
9,42,11,2003,3,3,6,2,1,1,1,1,1,1,1,5,1,1,7,6,1,1,33,2,2,0
7,64,2,2003,4,1,2,2,1,1,3,1,1,1,1,5,1,1,13,6,1,1,33,2,2,3
6,64,5,2003,1,1,6,2,2,1,1,1,1,1,1,5,1,1,9,6,1,1,33,1,2,0
1,64,1,2003,4,1,6,2,2,1,3,1,1,1,1,5,1,1,14,6,1,1,33,2,2,2
10,64,4,2003,1,1,1,2,2,1,4,1,1,1,1,5,1,1,6,6,1,1,33,2,2,1
14,42,3,2003,3,1,1,2,2,1,1,1,1,1,1,2,1,2,14,6,1,1,33,2,2,1
14,42,5,2003,3,3,1,2,1,1,1,1,1,1,1,5,1,1,8,6,1,1,33,2,2,0
21,42,3,2003,3,1,1,2,2,1,1,1,1,1,1,5,1,1,9,6,1,2,33,2,2,1
9,42,7,2003,3,1,4,2,1,1,1,1,1,1,1,5,1,1,9,7,1,1,33,2,2,0
14,63,10,2003,2,3,1,1,2,1,1,1,1,1,1,1,1,1,5,9,2,2,33,2,0,0
1,62,7,2003,3,1,1,2,1,1,1,1,1,1,1,2,1,2,9,6,1,1,40,1,2,0
4,68,7,2003,2,1,1,2,2,2,1,4,1,1,1,2,1,2,10,4,1,1,30,2,2,1
5,55,12,2003,2,3,1,2,2,1,1,1,1,1,1,2,1,2,11,6,1,1,30,2,2,2
4,62,1,2003,3,1,8,2,2,1,1,1,1,1,1,2,1,2,11,11,1,6,33,2,2,3
10,63,2,2003,3,1,1,2,2,1,1,1,1,1,1,2,1,2,9,6,1,1,37,2,2,1
7,58,4,2003,3,1,1,2,2,1,1,1,1,1,1,1,1,2,9,6,1,1,33,1,0,3
1,28,5,2003,3,1,1,1,2,1,1,1,1,1,1,2,1,1,4,6,1,1,55,2,1,0
1,32,5,2004,3,3,1,2,2,1,1,2,1,1,1,1,1,2,9,3,1,7,33,2,2,0
9,29,2,2004,2,1,1,1,2,1,1,3,1,1,2,2,1,2,9,11,1,3,30,2,2,0
3,29,2,2004,4,7,1,2,2,1,2,1,1,1,1,1,1,2,14,6,1,7,33,1,2,0
4,30,1,2004,3,1,1,2,2,1,1,1,1,1,1,2,1,2,8,6,1,1,34,2,2,0
1,30,1,2004,3,3,1,2,2,1,1,1,1,1,3,1,1,1,9,5,1,1,33,2,2,1
6,30,3,2004,3,7,1,2,2,1,1,3,1,2,3,2,1,2,6,11,1,7,30,2,2,3
7,30,6,2004,3,2,1,2,2,1,1,1,1,1,1,2,1,2,9,6,1,6,25,2,2,0
1,34,3,2004,2,1,1,2,2,1,1,1,1,1,1,2,1,1,9,5,1,1,33,2,2,0
10,34,6,2004,3,1,1,2,2,1,1,1,1,1,1,4,1,2,9,6,1,1,33,2,2,1
6,34,3,2004,2,1,1,2,2,1,1,1,1,1,1,1,1,2,9,5,1,1,33,2,2,0
6,34,7,2004,1,1,1,2,2,1,2,1,1,1,1,1,1,2,14,6,1,7,33,2,2,0
6,34,8,2004,2,1,1,2,2,1,1,1,1,1,1,1,1,2,9,6,1,7,33,2,2,0
4,33,5,2004,2,7,1,2,2,1,1,2,1,1,1,4,1,2,9,1,1,1,33,2,2,0
2,33,2,2004,4,3,1,2,2,1,4,1,1,1,1,1,1,2,5,6,2,1,33,1,2,0
5,33,3,2004,2,1,1,2,2,1,1,1,1,1,1,2,1,2,14,5,1,1,33,1,2,0
5,33,10,2004,4,1,1,2,2,1,4,1,1,1,1,2,1,2,9,5,1,1,33,2,2,3
6,13,3,2004,2,1,1,2,2,1,1,1,1,1,1,2,1,2,9,5,1,1,33,2,2,1
5,13,4,2004,4,1,1,2,1,1,4,1,1,1,1,2,1,2,19,6,1,7,19,2,2,0
3,13,1,2004,2,7,1,2,2,1,1,1,1,1,1,3,1,2,8,6,2,6,33,2,2,0
2,13,1,2004,3,1,1,2,2,1,1,1,1,1,1,4,1,2,16,11,1,1,33,2,2,0
9,13,2,2004,2,1,1,1,2,1,1,1,1,1,1,4,1,2,14,6,1,1,33,2,1,0
5,13,2,2004,3,1,1,2,2,1,1,4,1,1,1,2,3,2,19,5,2,7,33,2,2,0
5,13,4,2004,4,1,1,2,1,1,4,1,1,1,1,2,1,2,19,6,1,1,19,2,2,1
8,13,6,2004,3,1,1,2,2,2,1,1,2,1,1,1,1,2,8,1,1,1,33,2,2,0
6,9,5,2004,3,1,1,2,2,1,1,1,1,1,1,2,1,2,9,6,1,1,33,2,2,0
8,13,5,2004,2,7,8,2,2,1,1,4,1,1,2,4,1,2,14,6,1,1,33,2,2,0
11,9,2,2004,3,1,1,2,2,1,1,1,1,1,1,1,1,2,8,6,1,1,22,2,2,0
7,13,7,2004,2,1,1,2,2,1,1,1,1,1,1,2,1,2,14,6,1,3,33,2,2,2
8,13,7,2004,1,1,1,2,2,1,4,1,1,1,3,1,1,1,14,6,1,1,33,2,2,0
5,13,7,2004,2,1,1,2,1,1,1,1,1,1,1,2,1,2,9,5,1,1,33,2,2,0
4,9,5,2004,2,7,1,2,2,1,1,1,1,1,1,2,1,2,7,6,1,7,30,1,2,0
7,13,8,2004,2,1,1,2,2,1,1,1,1,1,1,2,1,2,8,6,1,1,35,2,2,0
4,13,8,2004,2,1,1,1,2,1,1,1,1,1,1,3,1,2,14,6,1,1,33,2,2,0
3,13,8,2004,2,3,1,2,2,2,1,1,2,1,1,3,1,2,8,1,1,1,33,2,2,0
5,13,8,2004,1,1,1,2,2,1,1,4,1,1,1,1,1,2,9,6,1,1,33,2,2,0
7,9,5,2004,3,3,1,2,2,1,1,1,1,1,1,1,1,2,4,11,1,1,28,2,2,1
1,13,9,2004,4,3,1,2,2,1,4,1,1,1,1,3,1,1,10,6,1,1,33,2,1,1
8,13,9,2004,3,1,1,2,2,1,1,1,1,1,1,1,1,1,8,6,1,1,33,1,2,0
5,13,9,2004,4,3,1,2,2,1,2,1,1,1,1,1,1,2,9,2,1,1,40,2,2,0
10,9,10,2004,3,1,1,2,2,1,1,1,1,1,2,1,1,1,9,6,1,1,33,2,2,0
1,9,5,2004,2,1,1,2,2,1,1,1,1,1,1,1,1,1,14,6,1,1,33,2,2,1
2,6,10,2004,3,1,1,1,2,1,1,1,1,1,1,1,1,2,17,6,2,1,33,1,2,0
2,6,10,2004,3,1,1,1,2,1,1,1,1,1,1,3,1,2,14,11,2,6,33,1,2,0
8,13,11,2004,2,1,1,2,2,1,1,1,1,1,1,1,1,2,8,5,1,7,33,1,2,0
8,13,10,2004,3,7,1,2,2,1,1,1,1,1,1,1,1,1,8,6,1,1,33,1,1,0
7,9,2,2004,3,3,1,2,2,1,1,1,1,1,1,1,2,2,9,11,1,1,33,2,2,0
7,13,10,2004,4,1,1,2,2,1,2,1,1,1,1,2,1,2,14,6,1,3,32,2,2,1
6,9,11,2004,2,1,8,2,2,1,1,1,1,1,1,2,1,2,13,2,1,2,35,2,2,0
5,6,3,2004,2,3,1,2,2,1,1,1,1,1,1,1,1,2,19,6,1,1,30,2,2,0
1,9,3,2004,3,1,1,2,2,1,4,1,1,1,1,1,1,1,9,6,1,1,42,1,2,0
8,13,12,2004,1,7,1,2,2,1,1,1,1,1,1,1,2,1,9,2,2,1,33,2,2,0
6,13,12,2004,3,1,8,2,2,1,4,1,1,1,1,1,1,2,9,7,1,1,35,1,2,0
6,13,12,2004,3,1,1,2,2,1,1,1,1,1,1,2,1,2,7,1,1,1,26,2,2,1
8,13,11,2004,2,1,1,2,2,1,1,3,1,3,1,4,1,2,9,6,1,1,33,2,2,0
2,9,12,2004,4,1,1,2,2,1,1,1,1,1,1,3,1,2,8,6,1,1,33,1,2,0
11,9,11,2004,4,1,1,2,2,1,4,1,1,1,1,1,1,2,14,5,1,1,33,2,2,1
5,43,5,2004,2,1,1,2,2,1,1,1,1,1,1,1,1,1,9,6,1,1,33,2,2,0
2,43,8,2004,3,1,1,2,2,1,1,1,1,1,1,1,1,2,9,6,1,1,33,2,2,0
2,43,8,2004,4,1,1,2,2,1,4,1,1,1,1,1,1,2,8,6,1,1,33,2,2,0
8,51,10,2004,3,7,1,2,2,1,1,1,1,1,1,3,1,2,9,6,1,1,33,2,2,1
9,51,10,2004,3,1,1,2,2,1,1,1,2,1,1,2,1,2,14,6,1,1,33,2,2,1
6,40,4,2004,4,7,1,2,2,1,4,1,1,1,1,1,1,2,12,6,1,1,33,2,2,0
3,40,11,2004,2,1,4,2,1,1,1,1,1,1,1,1,1,2,14,6,1,1,33,2,2,3
6,40,10,2004,3,1,8,2,2,1,1,1,1,1,1,1,1,2,14,6,1,1,33,2,2,1
6,40,12,2004,1,1,1,2,2,1,1,1,1,1,1,1,1,2,9,6,1,1,33,2,2,0
6,40,8,2004,2,1,1,2,2,1,1,1,1,1,1,1,1,2,14,6,1,1,33,2,2,0
1,40,1,2004,3,1,1,2,2,1,1,1,1,1,1,1,1,2,14,6,1,1,33,2,2,1
5,40,1,2004,2,1,1,2,2,1,1,1,1,1,1,1,1,2,8,6,1,1,33,2,2,1
1,35,2,2004,3,1,1,2,2,1,1,1,1,1,1,2,1,2,9,6,1,1,33,2,2,0
1,35,2,2004,2,1,1,2,2,1,1,1,1,1,1,2,1,2,9,6,1,1,33,2,2,0
1,35,2,2004,2,1,1,2,2,1,1,1,1,1,1,3,1,2,14,6,1,1,33,2,2,0
11,50,1,2004,3,1,1,2,2,1,1,1,1,1,1,2,1,2,9,6,1,1,33,2,2,0
1,41,1,2004,3,1,1,2,2,1,1,1,1,1,1,1,1,2,8,6,1,1,33,2,2,0
1,41,1,2004,3,1,1,2,2,1,1,1,1,1,1,1,1,2,9,6,1,1,33,2,2,0
5,41,1,2004,4,1,1,2,2,1,2,1,1,1,1,1,1,2,9,6,1,1,33,2,2,1
5,41,2,2004,3,1,1,2,2,1,1,1,1,1,1,2,1,2,14,6,1,1,33,2,2,0
5,41,2,2004,2,1,1,2,2,1,3,1,1,1,1,1,1,2,7,6,1,1,33,2,2,0
5,41,2,2004,2,1,1,2,2,1,2,1,1,1,1,2,1,2,7,6,1,1,33,2,2,0
1,39,1,2004,2,1,1,2,2,1,1,1,1,1,1,1,1,2,9,6,1,1,33,2,2,1
1,39,2,2004,3,1,1,2,2,1,1,1,1,1,1,1,1,2,9,6,1,1,33,2,2,0
1,43,1,2004,3,1,1,2,2,1,1,1,1,1,1,3,1,2,7,6,1,1,33,2,2,1
2,43,2,2004,3,1,1,2,2,1,1,1,1,1,1,1,1,2,15,6,1,1,33,2,2,2
2,43,2,2004,3,1,1,2,2,1,1,1,1,1,1,1,1,2,9,6,1,1,33,2,2,0
4,43,2,2004,4,1,1,2,2,1,4,1,1,1,1,1,1,2,10,6,1,1,33,2,2,1
3,51,1,2004,2,1,1,2,2,1,1,1,1,1,1,3,1,2,17,6,1,1,33,2,2,0
9,51,2,2004,2,1,1,2,2,1,2,1,1,1,1,2,1,2,9,6,1,1,33,2,2,0
1,38,1,2004,3,1,1,2,2,1,1,1,1,1,1,1,1,2,9,6,1,1,33,2,2,3
6,38,1,2004,2,1,1,2,2,1,1,2,1,1,1,3,1,2,14,6,1,1,33,2,2,0
3,38,2,2004,2,1,1,2,2,1,1,1,1,1,1,1,1,2,9,6,1,1,33,2,2,0
3,38,2,2004,2,1,1,2,2,1,1,1,1,1,1,1,1,2,9,6,1,1,33,2,2,0
6,38,4,2004,2,1,1,2,2,1,1,1,1,1,1,1,1,2,14,6,1,1,45,2,2,0
4,51,3,2004,2,1,1,2,2,1,2,1,1,1,1,2,1,2,14,6,1,1,45,2,2,2
8,51,3,2004,2,1,1,2,2,1,1,1,1,1,1,2,1,2,14,6,1,1,33,2,2,1
1,51,4,2004,2,1,1,2,2,1,1,1,1,1,1,3,1,2,17,6,1,1,33,2,2,0
9,51,4,2004,2,1,1,2,2,1,1,1,1,1,1,2,1,2,13,6,1,1,33,2,2,1
12,51,3,2004,2,1,1,2,2,1,1,1,1,1,1,3,1,2,9,6,1,1,33,2,2,0
1,41,3,2004,1,1,1,2,2,1,4,1,1,1,1,1,1,2,14,6,1,1,33,2,2,1
2,41,3,2004,2,1,1,2,2,1,1,1,1,1,1,3,1,2,9,6,1,1,33,2,2,1
5,41,3,2004,3,1,1,2,2,1,1,1,1,1,1,1,1,2,8,6,1,1,33,2,2,1
5,41,3,2004,2,1,1,2,2,1,1,1,1,1,1,2,1,2,9,6,1,1,33,2,2,1
7,50,4,2004,2,1,1,2,2,1,1,1,1,1,1,2,1,2,9,6,1,1,33,2,2,1
12,50,4,2004,4,1,1,2,2,1,2,1,1,1,1,3,1,2,14,6,1,1,33,2,2,0
2,50,5,2004,2,1,1,2,2,1,1,1,1,1,1,1,1,2,8,6,1,1,36,2,2,1
5,50,4,2004,2,1,1,2,2,1,1,1,1,1,1,2,1,2,14,6,1,1,33,2,2,0
1,50,6,2004,3,1,1,2,2,1,1,1,1,1,1,1,1,2,14,6,1,1,33,2,2,0
1,50,6,2004,2,1,1,2,2,1,1,1,1,1,1,1,1,2,7,6,1,1,33,2,2,1
1,50,6,2004,3,1,1,2,2,1,1,1,1,1,1,3,1,2,14,6,1,1,33,2,2,1
7,50,6,2004,3,1,1,2,2,1,1,1,1,1,1,2,1,2,9,6,1,1,33,2,2,0
11,50,6,2004,3,1,1,2,2,1,1,1,1,1,1,2,1,2,19,6,1,1,33,2,2,1
12,50,6,2004,3,1,1,2,2,1,1,1,1,1,1,1,1,2,8,6,1,1,33,2,2,1
8,51,6,2004,1,1,4,2,1,1,1,1,1,1,1,2,1,2,9,6,1,1,33,2,2,1
12,51,6,2004,3,1,1,2,2,1,1,1,1,1,1,3,1,2,14,6,1,1,34,2,2,0
1,50,7,2004,3,1,1,2,2,1,1,1,1,1,1,1,1,2,9,6,1,1,33,2,2,0
1,50,8,2004,4,1,1,2,2,1,4,1,1,1,1,1,1,2,9,6,1,1,33,2,2,0
2,50,8,2004,1,1,1,2,2,1,2,1,1,1,1,1,1,2,6,6,1,1,33,2,2,1
8,50,9,2004,3,1,1,2,2,1,1,1,1,1,1,2,1,2,9,6,1,1,33,2,2,0
1,49,1,2004,3,1,1,2,2,1,1,1,1,1,1,3,1,2,14,6,1,1,33,2,2,0
20,49,1,2004,4,1,1,2,2,1,3,1,1,1,1,2,1,2,14,6,1,1,35,2,2,0
1,49,3,2004,4,1,1,2,2,1,4,1,1,1,1,1,1,2,14,6,1,1,33,2,2,0
1,49,3,2004,2,1,1,2,2,1,1,1,1,1,1,3,1,2,14,6,1,1,33,2,2,0
1,35,3,2004,2,1,1,2,2,1,1,1,1,1,1,2,1,2,9,6,1,1,33,2,2,1
4,35,4,2004,3,1,1,2,2,1,1,1,1,1,1,3,1,2,9,6,1,1,33,2,2,1
3,44,1,2004,4,1,1,2,2,1,4,1,1,1,1,1,1,2,14,6,1,1,33,2,2,3
4,44,1,2004,4,1,1,2,2,1,3,1,1,1,1,2,1,2,19,6,1,1,33,2,2,0
5,44,1,2004,1,1,1,2,2,4,4,1,2,1,1,1,1,2,14,6,1,1,33,2,2,1
6,44,1,2004,1,1,1,2,2,1,1,1,1,1,1,1,1,2,9,6,1,1,33,2,2,3
7,44,1,2004,2,1,1,2,2,1,1,1,1,1,1,1,1,2,9,6,1,1,33,2,2,2
7,44,1,2004,2,1,1,2,2,1,2,1,1,1,1,1,1,2,14,6,1,1,33,2,2,0
4,44,3,2004,1,1,2,2,1,2,1,1,1,1,1,3,1,2,14,6,1,1,33,2,2,0
5,44,3,2004,4,1,1,2,2,1,2,1,1,1,1,1,1,2,5,6,1,1,33,2,2,0
7,44,3,2004,3,1,1,2,2,1,1,1,1,1,1,1,1,2,9,6,1,1,33,2,2,1
3,49,3,2004,3,1,1,2,2,1,1,1,1,1,1,3,1,2,16,6,1,1,30,2,2,0
4,44,4,2004,3,1,1,2,2,1,1,1,1,1,1,2,1,2,13,6,1,1,33,2,2,1
5,44,3,2004,3,1,1,2,2,1,1,1,1,1,1,3,1,2,7,6,1,1,33,2,2,1
2,50,11,2004,2,1,1,2,2,1,1,1,1,1,1,1,1,2,9,6,1,1,33,2,2,0
9,50,11,2004,3,1,1,2,2,1,2,1,1,1,1,2,1,2,9,6,1,1,33,2,2,1
11,50,11,2004,4,1,1,2,2,1,4,1,1,1,1,2,1,2,9,6,1,1,33,2,2,0
5,41,4,2004,3,1,1,2,2,2,1,1,2,1,1,1,1,2,16,6,1,1,28,2,2,3
5,41,5,2004,2,1,1,2,2,1,1,1,1,1,1,1,1,2,8,6,1,1,33,2,2,0
5,41,5,2004,1,1,1,2,2,1,4,1,1,1,1,1,2,2,8,5,1,1,33,2,2,0
1,41,7,2004,2,1,1,2,2,1,1,1,1,1,1,1,1,2,14,6,1,1,33,2,2,3
3,41,8,2004,3,1,1,2,2,1,1,1,1,1,1,1,1,2,9,6,1,1,33,2,2,0
2,41,9,2004,2,1,1,2,2,1,1,1,1,1,1,3,1,2,9,6,1,1,33,2,2,0
5,41,10,2004,3,1,1,2,2,1,1,1,1,1,1,1,1,2,14,10,1,1,33,2,2,0
3,44,2,2004,2,1,1,2,2,1,1,1,1,1,1,2,1,2,14,6,1,1,33,2,2,0
1,46,3,2004,1,1,1,2,2,1,1,1,1,1,1,1,2,1,12,6,1,1,33,2,2,0
1,46,4,2004,3,1,1,2,2,1,1,1,1,1,1,1,1,2,14,6,1,1,38,2,2,3
1,52,3,2004,3,1,1,2,2,1,1,1,1,1,1,3,1,2,8,6,1,1,33,2,2,0
1,52,7,2004,2,1,1,2,1,1,1,1,1,1,1,1,1,2,8,6,1,1,33,2,2,0
3,52,12,2004,2,7,1,2,2,1,1,1,1,1,1,4,1,2,9,6,1,1,25,2,2,0
1,35,6,2004,3,1,1,2,2,1,1,1,1,1,1,2,1,2,9,6,1,1,33,2,2,0
5,43,11,2004,3,2,1,2,2,1,1,1,1,1,1,1,1,2,9,6,1,1,33,2,2,0
1,39,3,2004,1,1,2,2,1,1,1,1,1,1,1,1,1,2,9,6,1,1,33,2,2,0
1,39,7,2004,2,1,1,2,2,1,1,2,1,1,1,3,1,2,8,6,1,1,33,2,2,0
1,39,9,2004,2,1,1,2,2,2,1,2,2,1,1,1,1,2,9,6,1,1,23,2,2,1
1,39,11,2004,2,1,1,2,2,1,1,1,1,1,1,3,1,2,14,6,1,1,33,2,2,0
1,39,11,2004,3,1,1,2,2,1,1,1,1,1,1,1,1,2,14,6,1,1,33,2,2,3
3,39,12,2004,3,1,1,2,2,1,1,1,1,1,1,1,1,2,9,6,1,1,35,2,2,0
1,35,7,2004,3,1,1,2,2,1,1,1,1,1,1,1,1,2,8,6,1,1,27,2,2,0
8,35,8,2004,1,1,1,2,2,1,1,1,1,1,1,1,1,2,14,6,1,1,33,2,2,0
1,35,11,2004,2,1,1,2,2,1,1,2,1,1,1,1,2,2,9,6,1,1,33,2,2,0
1,35,11,2004,1,1,1,2,2,1,1,1,1,1,1,3,1,2,14,6,1,1,43,2,2,0
1,35,12,2004,3,7,1,2,2,1,1,1,1,1,1,1,1,2,9,6,1,1,33,2,2,0
1,35,12,2004,1,1,2,2,1,1,1,1,1,1,1,3,1,2,14,6,1,1,33,2,2,0
6,44,5,2004,4,1,1,2,2,1,2,1,1,1,1,3,1,2,9,6,1,1,33,2,2,3
2,44,5,2004,4,1,1,2,1,2,1,1,1,1,1,1,1,2,9,6,1,1,33,2,2,0
1,38,6,2004,3,1,1,2,2,1,1,1,1,1,1,1,1,2,12,6,1,1,33,2,2,3
1,38,7,2004,2,1,1,2,2,1,1,1,1,1,1,1,1,1,14,6,1,1,33,2,2,0
4,38,7,2004,3,1,1,2,2,1,1,1,1,1,1,1,1,2,9,6,1,1,44,2,2,0
6,38,8,2004,2,1,1,2,2,1,1,1,1,1,1,1,1,2,6,6,1,1,33,2,2,0
3,38,10,2004,3,1,1,2,2,1,1,1,1,1,1,1,1,2,9,6,1,1,33,2,2,0
6,38,11,2004,2,1,1,2,2,1,1,1,1,1,1,1,1,1,14,6,1,1,33,2,2,0
6,38,11,2004,3,1,1,2,2,1,1,1,1,1,1,1,1,2,14,6,1,1,33,2,2,0
7,38,12,2004,2,1,1,2,2,1,1,1,1,1,1,1,1,2,9,6,1,1,33,2,2,0
11,50,12,2004,3,1,1,2,2,1,1,1,1,1,1,2,1,2,9,6,1,1,33,2,2,1
3,49,10,2004,4,1,1,2,2,1,4,1,1,1,1,3,1,2,14,6,1,1,33,2,2,1
9,51,10,2004,3,1,1,2,2,1,1,1,1,1,1,2,1,2,14,6,1,1,33,2,2,1
1,51,12,2004,2,1,1,2,2,1,1,1,1,1,1,2,1,2,16,6,1,1,33,2,2,1
4,44,8,2004,3,1,1,2,2,1,1,1,1,1,1,3,1,2,9,6,1,1,33,2,2,0
4,44,9,2004,1,1,1,2,2,1,4,1,1,1,1,3,1,2,14,6,1,1,33,2,2,0
7,44,7,2004,3,1,1,2,1,1,1,1,1,1,1,1,1,2,9,6,1,1,33,2,2,3
7,44,9,2004,2,1,1,2,2,1,1,1,1,1,1,1,1,2,9,6,1,1,33,2,2,0
6,44,8,2004,4,1,1,1,1,1,3,1,1,1,1,1,1,2,9,6,1,1,33,2,2,0
6,44,9,2004,2,1,1,1,1,1,4,1,1,1,1,1,1,2,19,6,1,1,33,2,2,3
6,44,10,2004,2,1,1,1,1,1,1,1,1,1,1,1,1,2,9,6,1,1,33,2,2,1
6,44,11,2004,2,1,1,2,1,1,1,1,1,1,1,1,1,2,14,6,1,1,33,2,2,0
2,44,10,2004,1,1,1,2,2,1,4,1,1,1,1,1,1,2,10,6,1,1,33,2,2,1
5,44,8,2004,2,1,1,2,2,1,1,1,1,1,1,1,1,2,10,6,1,1,33,2,2,1
7,37,1,2004,3,1,1,2,2,1,1,1,1,1,1,1,1,2,14,6,1,1,33,2,2,1
4,36,6,2004,3,1,1,2,2,1,1,1,1,1,1,1,1,2,9,6,1,1,33,2,2,0
4,36,6,2004,2,1,1,2,2,1,1,1,1,1,1,1,1,2,9,6,1,1,33,2,2,0
3,36,11,2004,2,1,1,2,1,1,2,1,1,1,1,1,1,2,14,6,1,1,33,2,2,0
2,36,11,2004,5,1,1,2,2,1,1,1,1,1,1,1,1,2,7,6,1,1,33,2,2,0
1,46,9,2004,2,1,1,2,2,1,1,1,1,1,1,1,1,2,14,6,1,1,33,2,2,0
2,46,10,2004,4,1,1,2,2,1,1,1,1,1,1,1,1,2,10,6,1,1,33,2,2,0
1,46,11,2004,4,1,1,2,2,1,1,1,1,1,1,1,1,2,9,6,1,1,33,2,2,2
1,46,12,2004,2,1,1,2,2,1,1,1,1,1,1,1,1,2,10,6,1,1,33,2,2,0
3,41,11,2004,3,3,1,2,2,1,1,1,1,1,1,3,1,2,9,6,1,1,33,2,2,0
1,39,12,2004,1,1,1,2,2,1,1,1,1,1,1,1,1,2,9,6,1,1,33,2,2,0
1,39,7,2004,2,1,1,2,2,1,1,1,1,1,1,1,1,2,14,6,1,1,33,2,2,0
1,39,10,2004,2,1,1,2,2,1,1,1,1,1,1,1,1,2,9,6,1,1,33,2,2,0
1,39,11,2004,2,1,1,2,2,1,1,1,1,1,1,1,1,2,14,6,1,1,33,2,2,0
1,39,11,2004,3,1,1,2,2,1,1,1,1,1,1,1,1,2,14,6,1,1,33,2,2,2
1,40,3,2004,2,1,1,2,2,1,1,1,1,1,1,1,1,2,14,6,1,1,33,2,2,0
1,40,4,2004,2,1,1,2,2,1,1,1,1,1,1,1,1,2,9,6,1,1,33,2,2,1
1,40,10,2004,3,1,1,2,2,1,1,1,1,1,1,1,1,2,9,6,1,1,33,2,2,0
6,40,3,2004,2,1,1,2,2,1,1,1,1,1,1,1,1,2,14,6,1,1,33,2,2,1
6,40,4,2004,4,1,1,2,2,1,1,1,1,1,1,1,1,2,14,6,1,1,33,2,2,1
3,40,8,2004,1,1,1,2,2,1,2,1,1,1,1,1,1,2,7,10,1,1,25,2,2,0
3,40,11,2004,2,1,1,2,2,1,1,1,1,1,1,1,1,2,14,6,1,1,33,2,2,1
6,40,2,2004,3,3,1,2,2,1,1,1,1,1,1,1,1,2,9,6,1,1,33,2,2,1
1,40,12,2004,2,1,1,2,2,1,2,1,2,1,1,1,1,2,8,6,1,1,33,2,2,0
5,26,10,2004,3,7,8,2,2,1,1,2,1,1,1,2,1,2,13,3,1,1,30,2,2,3
8,26,10,2004,2,1,1,1,2,1,1,1,1,1,1,1,1,2,8,5,1,7,35,2,2,0
1,22,7,2004,1,1,1,2,2,1,1,1,1,1,1,1,1,2,14,6,2,1,33,2,2,1
4,22,8,2004,2,1,1,1,2,1,1,1,1,1,1,4,1,2,9,5,1,1,33,1,2,1
1,22,8,2004,2,1,1,2,2,1,1,1,1,1,1,1,1,1,9,6,1,1,33,2,2,0
1,22,12,2004,1,1,4,2,1,1,1,1,1,1,1,1,1,1,9,1,1,1,33,1,2,1
1,22,6,2004,3,1,1,1,2,1,1,1,1,1,1,4,1,2,9,6,1,7,33,2,2,0
10,22,11,2004,2,7,1,2,2,1,1,1,1,1,1,1,1,1,12,6,1,1,33,2,2,1
5,26,5,2004,3,2,1,2,2,1,1,1,1,1,1,1,1,1,14,2,1,1,38,1,2,0
5,26,11,2004,3,7,8,2,2,1,1,1,1,1,1,5,1,1,10,5,1,1,29,2,2,1
12,64,2,2004,3,1,1,2,2,1,1,1,1,1,2,1,1,2,14,6,1,1,30,1,2,1
1,64,1,2004,4,1,1,2,2,1,3,1,1,1,1,5,1,1,9,6,1,1,33,2,2,0
1,64,2,2004,4,1,1,2,2,1,4,1,1,1,1,5,1,1,10,6,1,1,30,2,2,2
4,64,3,2004,2,1,1,2,2,1,1,1,1,1,1,5,1,1,14,1,1,1,32,2,2,0
3,64,1,2004,4,3,1,2,2,1,3,2,1,1,1,5,1,1,3,6,1,1,33,2,2,0
6,64,2,2004,3,2,1,2,2,1,1,1,1,1,1,5,1,1,9,6,1,1,33,2,2,3
7,64,2,2004,2,1,1,2,2,1,1,1,1,1,1,5,1,1,15,8,1,1,33,2,2,0
10,64,1,2004,3,1,1,2,2,1,1,1,1,1,1,5,1,1,9,6,1,1,33,2,2,0
10,64,2,2004,3,1,1,2,2,1,1,1,1,1,1,5,1,1,9,6,1,1,42,2,2,1
6,64,3,2004,4,1,4,2,2,1,3,1,1,1,1,5,1,1,14,6,1,1,35,2,2,0
6,64,3,2004,4,1,4,2,2,1,2,1,1,1,1,5,1,1,19,6,1,1,30,2,2,0
7,64,4,2004,2,4,1,2,2,1,1,2,1,1,1,5,1,1,14,3,1,1,33,2,2,0
9,64,5,2004,4,2,1,2,2,1,1,1,1,1,1,5,1,1,14,6,1,1,28,2,2,0
2,64,8,2004,2,1,1,2,2,1,2,1,1,1,1,5,1,1,9,6,1,1,33,2,2,1
5,64,6,2004,4,1,1,2,2,2,3,2,2,1,1,1,1,1,9,6,1,1,33,2,2,2