Thana,District,Month,Year,Time,Junction_Type,Traffic_Control,Movement,Divider,Weather,Light,Road_Geometry,Surface_Condition,Surface_Type,Surface_Quality,Road_Class,Road_Feature,Location_Type,Vehicle_Type,Vehicle_Movement,Vehicle_Loading,Vehicle_Defect,Vehicle_Driver_Age,Vehicle_Alcohol,Vehicle_Seat_Belt,Accident_Severity
4,64,6,2004,2,1,1,2,2,1,1,1,1,1,1,5,1,1,14,4,2,1,20,2,2,1
4,64,9,2004,1,2,4,2,1,1,3,1,1,1,1,5,1,1,14,6,1,1,35,2,2,0
1,47,1,2004,4,1,1,2,2,1,4,1,1,1,1,1,1,2,9,6,1,1,34,2,2,0
1,47,1,2004,3,1,1,2,2,1,1,1,1,1,1,3,1,2,14,6,1,1,48,2,2,0
3,47,2,2004,4,1,1,2,2,1,2,1,1,1,1,3,1,2,14,6,1,1,33,2,2,0
3,47,3,2004,3,1,1,2,2,1,1,1,1,1,1,3,1,2,14,6,1,1,33,2,2,1
9,47,2,2004,2,1,1,2,2,1,1,1,1,1,1,1,1,2,14,6,1,1,40,2,2,0
1,45,1,2004,3,1,1,2,2,1,1,1,1,1,1,1,1,2,4,6,1,1,33,2,2,0
2,45,1,2004,3,1,1,2,2,1,1,1,1,1,1,1,1,2,9,6,1,1,33,2,2,0
4,45,1,2004,2,1,1,2,2,4,2,1,1,1,1,3,1,2,9,6,1,1,28,2,2,2
6,45,1,2004,1,1,1,2,2,4,4,1,2,1,1,1,1,2,14,6,1,1,33,2,2,0
6,45,2,2004,3,1,1,2,2,1,1,1,1,1,1,1,1,2,9,6,1,1,33,2,2,0
3,47,3,2004,3,1,1,2,2,1,1,1,1,1,1,3,1,2,14,6,1,1,33,2,2,1
5,47,4,2004,2,1,1,2,2,1,1,1,1,1,1,3,1,2,8,6,1,1,35,2,2,0
9,47,5,2004,4,1,1,2,2,1,2,1,1,1,1,1,1,2,7,6,1,1,33,2,2,0
12,47,6,2004,4,1,1,2,2,1,2,1,1,1,1,1,1,2,9,6,1,1,33,2,2,0
1,45,3,2004,2,1,1,2,2,1,1,1,1,1,1,1,1,2,9,6,1,1,33,2,2,0
6,45,3,2004,2,1,1,2,2,4,2,1,1,1,1,3,1,2,14,6,1,1,33,2,2,3
6,45,3,2004,1,1,1,2,2,1,2,1,1,1,1,1,1,2,14,6,1,1,33,2,2,1
6,45,5,2004,2,1,1,2,2,1,1,1,1,1,1,1,1,2,9,6,1,1,33,2,2,1
6,45,5,2004,2,1,1,2,2,1,1,1,1,1,1,1,1,2,9,6,1,1,33,2,2,1
6,45,7,2004,4,1,1,2,2,1,2,1,1,1,1,1,1,2,9,6,1,1,35,2,2,1
6,45,7,2004,3,1,1,2,2,1,1,1,1,1,1,1,1,2,9,6,1,1,33,2,2,1
6,45,8,2004,4,1,1,2,2,1,2,1,1,1,1,1,1,2,9,6,1,1,33,2,2,0
1,45,9,2004,3,1,1,2,2,1,1,1,1,1,1,1,1,2,9,6,1,1,33,2,2,0
6,45,9,2004,3,1,1,2,2,1,1,1,1,1,1,1,1,2,10,6,1,1,33,2,2,0
6,45,10,2004,3,1,1,2,2,1,2,1,1,1,1,1,1,2,14,6,1,1,33,2,2,0
6,45,10,2004,1,1,1,2,2,1,3,1,1,1,1,1,1,2,8,6,1,1,33,2,2,1
6,45,12,2004,2,1,1,2,2,1,1,1,1,1,1,1,1,2,9,6,1,1,33,2,2,2
6,45,12,2004,2,1,1,2,2,1,1,1,1,1,1,1,1,2,9,6,1,1,33,2,2,0
6,45,12,2004,2,1,1,2,2,1,2,1,1,1,1,1,1,2,7,6,1,1,33,2,2,0
12,47,7,2004,3,1,1,2,2,1,1,1,1,1,1,1,1,2,9,6,1,1,33,2,2,0
1,42,1,2004,3,1,1,2,2,1,1,1,1,1,1,5,1,1,7,6,1,1,30,2,2,1
1,42,3,2004,3,1,1,1,1,1,1,1,1,1,1,5,1,1,8,6,1,1,33,2,2,3
10,42,1,2004,3,1,1,2,2,1,1,1,1,1,1,5,1,1,3,6,1,1,33,2,2,2
10,42,1,2004,1,1,1,2,1,1,1,1,1,1,1,5,1,1,8,6,1,1,33,2,2,2
11,42,2,2004,2,3,1,2,1,1,2,1,1,1,1,5,1,1,9,6,1,1,33,2,2,0
9,42,3,2004,3,1,1,2,1,1,1,1,1,1,1,5,1,1,8,6,1,1,33,1,2,1
9,42,2,2004,2,7,4,2,1,1,1,1,1,1,1,5,1,1,8,6,1,1,35,2,2,1
9,42,2,2004,2,1,1,2,1,1,1,1,1,1,1,5,1,1,10,6,1,1,33,2,2,2
9,42,2,2004,4,3,6,2,1,1,3,1,1,1,1,5,1,1,14,6,1,1,33,2,2,0
22,42,4,2004,2,1,1,1,1,1,1,1,1,1,1,5,1,1,8,6,1,1,30,2,2,2
9,42,6,2004,3,5,6,2,1,1,1,1,1,1,1,5,1,1,14,6,1,1,45,1,2,0
9,42,6,2004,4,7,8,2,1,1,1,1,1,1,1,5,1,1,8,6,1,1,33,2,2,1
1,42,7,2004,3,1,1,2,1,1,1,1,1,1,1,5,1,1,9,6,1,1,33,2,2,1
1,42,5,2004,3,1,1,2,1,1,1,1,1,1,1,5,1,1,15,6,1,1,33,2,2,0
1,42,4,2004,4,1,4,1,2,1,3,1,1,1,1,5,1,1,5,6,1,1,33,2,2,1
11,42,7,2004,3,7,8,2,1,1,1,1,1,1,1,5,1,1,10,6,1,1,33,2,2,1
14,42,5,2004,3,5,4,2,1,1,1,1,1,1,1,5,1,1,9,6,1,1,33,2,2,0
14,42,5,2004,3,1,4,2,1,1,1,1,1,1,1,5,1,1,9,6,1,1,33,2,2,1
14,42,6,2004,1,1,1,2,1,1,3,1,1,1,1,5,1,1,14,6,1,1,33,2,2,0
10,42,7,2004,3,7,6,2,1,1,1,1,1,1,1,5,1,1,9,6,1,2,33,1,0,0
10,42,8,2004,2,7,8,2,1,1,1,1,1,1,1,5,1,1,6,6,1,2,30,1,0,3
9,42,9,2004,3,1,1,2,1,1,1,1,1,1,1,5,1,1,8,6,1,1,33,1,0,0
21,42,2,2004,2,1,1,2,2,1,2,1,1,1,1,5,1,1,14,6,1,1,33,1,0,0
21,42,2,2004,4,1,4,2,1,1,3,1,1,1,1,5,1,1,14,6,1,1,33,1,2,0
3,42,3,2004,2,3,4,2,2,1,1,1,1,1,1,5,1,1,14,6,1,1,35,2,2,1
3,42,4,2004,2,3,1,2,1,1,1,1,1,1,1,5,1,1,6,6,1,1,33,1,0,0
3,42,6,2004,1,1,1,2,1,1,3,1,1,1,1,5,1,1,19,6,1,1,33,1,0,0
18,42,7,2004,1,1,1,2,1,1,2,1,1,1,1,5,1,1,14,6,1,1,35,2,2,3
4,42,4,2004,2,1,4,2,2,1,1,1,1,1,1,5,1,1,7,6,1,1,33,2,2,2
6,42,4,2004,4,5,6,2,1,1,3,1,1,1,1,5,1,1,8,6,1,1,33,2,2,2
6,42,5,2004,4,1,1,2,1,1,3,1,1,1,1,5,1,1,8,6,1,2,33,2,2,0
6,42,7,2004,2,1,1,2,1,1,1,1,1,1,1,5,1,1,19,6,1,2,33,1,0,0
2,42,3,2004,2,1,1,2,1,1,1,1,1,1,1,5,1,1,9,6,1,1,33,1,2,0
2,42,3,2004,3,5,6,2,1,1,1,1,1,1,1,5,1,1,12,6,1,1,33,2,2,0
2,42,4,2004,1,1,1,2,1,1,2,1,1,1,1,5,1,1,14,6,1,1,33,1,2,0
2,42,5,2004,2,2,6,2,1,1,1,1,1,1,1,5,1,1,9,6,1,1,33,2,2,1
2,42,6,2004,1,1,1,2,1,1,2,1,1,1,1,5,1,1,14,6,1,1,33,2,2,0
2,42,6,2004,2,1,1,2,1,1,1,1,1,1,1,5,1,1,10,6,1,1,33,1,2,1
2,42,6,2004,2,2,5,2,1,1,1,1,1,1,1,5,1,1,9,6,1,1,28,2,2,1
2,42,6,2004,2,3,4,2,1,1,1,1,1,1,1,5,1,1,10,6,1,1,33,2,2,2
2,42,7,2004,4,2,6,2,1,1,3,1,1,1,1,5,1,1,5,6,1,1,25,2,2,1
2,42,7,2004,2,1,1,2,1,1,1,1,1,1,1,5,1,1,12,6,1,1,33,2,2,1
12,42,3,2004,3,3,6,2,1,1,1,1,1,1,1,5,1,1,9,5,1,1,33,2,2,2
12,42,6,2004,3,1,4,2,1,1,1,1,1,1,1,5,1,1,15,6,1,1,33,2,2,0
12,42,7,2004,1,5,6,2,1,1,2,1,1,1,1,5,1,1,10,6,1,1,33,2,2,0
12,42,7,2004,4,1,1,2,1,1,3,1,1,1,1,5,1,1,8,6,1,2,33,2,2,0
12,42,8,2004,2,1,1,2,1,1,1,1,1,1,1,5,1,1,10,6,1,1,33,2,2,0
12,42,12,2004,1,1,1,2,1,1,3,1,1,1,1,5,1,1,11,6,1,2,33,2,2,1
17,42,1,2004,2,1,1,2,1,1,1,1,1,1,1,5,1,1,8,6,1,1,33,1,2,0
17,42,4,2004,1,1,4,2,1,1,3,1,1,1,1,5,1,1,10,6,1,1,33,1,2,1
17,42,4,2004,3,1,4,2,1,1,1,1,1,1,1,5,1,1,8,6,1,2,33,2,2,1
17,42,6,2004,4,1,1,2,1,1,3,1,1,1,1,5,1,1,8,6,1,2,33,2,2,0
14,42,3,2004,4,1,1,2,2,1,3,1,1,1,1,5,1,1,10,6,1,1,22,2,2,1
14,42,8,2004,2,1,1,2,2,1,1,1,1,1,1,5,1,1,6,6,1,2,33,1,2,1
14,42,10,2004,2,2,5,2,1,1,1,1,1,1,1,5,1,1,9,6,1,1,33,2,2,0
16,42,9,2004,2,1,1,2,1,1,1,1,1,1,1,5,1,1,8,6,1,1,33,2,2,1
16,42,9,2004,1,1,1,2,1,1,2,1,1,1,1,5,1,1,10,6,1,1,33,1,2,0
16,42,12,2004,2,1,1,2,1,1,2,1,1,1,1,5,1,1,10,6,1,1,33,2,2,0
8,42,2,2004,3,2,4,2,2,1,1,1,1,1,1,5,1,1,19,6,1,1,33,2,2,1
8,42,10,2004,3,1,1,2,1,1,1,1,1,1,1,5,1,1,8,6,1,1,33,2,2,0
8,42,10,2004,3,3,1,2,1,1,3,1,1,1,1,5,1,1,10,6,1,1,33,2,2,1
8,42,11,2004,2,3,4,2,1,1,1,1,1,1,1,5,1,1,19,6,1,1,33,2,2,1
1,42,10,2004,3,1,1,2,1,1,1,1,1,1,1,5,1,1,9,6,1,1,33,2,2,2
1,42,11,2004,2,1,1,2,1,1,1,1,1,1,1,5,1,1,10,6,1,1,33,2,2,1
1,42,12,2004,3,1,1,2,1,1,1,1,1,1,1,5,1,1,10,6,1,1,33,2,2,1
9,42,12,2004,3,1,1,2,1,1,1,1,1,1,1,5,1,1,8,6,1,1,33,2,2,1
11,42,9,2004,2,5,4,2,1,1,1,1,1,1,1,5,1,1,14,5,1,1,33,2,2,2
11,42,9,2004,4,1,1,2,1,1,3,1,1,1,1,5,1,1,16,6,1,1,28,2,2,1
11,42,10,2004,2,3,2,1,1,1,2,1,1,1,1,5,1,1,8,6,1,1,32,2,2,0
2,42,11,2004,3,1,1,2,1,1,1,1,1,1,1,5,1,1,9,6,1,1,33,2,2,0
2,42,12,2004,2,1,1,2,1,1,1,1,1,1,1,5,1,1,10,6,1,1,33,2,2,3
2,42,12,2004,3,1,1,2,1,1,1,1,1,1,1,5,1,1,10,6,1,1,33,2,2,0
17,42,12,2004,2,1,1,2,1,1,1,1,1,1,1,5,1,1,19,6,1,2,33,2,2,2
11,42,11,2004,3,1,1,2,1,1,1,1,1,1,1,5,1,1,9,6,1,1,33,2,2,0
11,42,12,2004,3,1,1,2,1,1,1,1,1,1,1,5,1,1,8,6,1,1,33,2,2,0
6,42,10,2004,3,1,1,2,1,1,1,1,1,1,1,5,1,1,8,6,1,1,28,1,2,0
6,42,10,2004,2,1,1,2,1,1,1,1,1,1,1,5,1,1,14,6,1,1,33,2,2,0
6,42,12,2004,2,1,1,2,1,1,1,1,1,1,1,5,1,1,8,6,1,1,33,2,2,0
6,42,1,2004,2,1,4,2,1,1,1,1,1,1,1,5,1,1,9,6,1,1,33,2,2,0
6,42,1,2004,2,1,1,2,1,1,1,1,1,1,1,5,1,1,9,6,1,1,33,2,2,0
6,42,3,2004,2,1,1,2,2,1,1,1,1,1,1,5,1,1,14,6,1,1,33,2,2,1
6,42,3,2004,2,1,1,2,2,1,1,1,1,1,1,5,1,1,9,6,1,1,33,2,2,1
6,42,10,2004,4,1,1,2,2,1,3,1,1,1,1,5,1,1,14,6,1,2,33,1,2,0
2,19,4,2004,2,1,1,2,1,1,3,1,1,1,2,2,1,2,9,5,1,3,33,2,2,0
1,23,10,2004,4,1,1,1,2,1,2,1,1,1,1,2,1,1,14,6,1,7,33,1,2,0
1,24,1,2004,2,1,1,2,2,1,1,1,1,1,3,1,3,2,9,6,1,1,33,1,2,0
7,24,1,2004,3,1,1,1,2,1,1,1,1,1,1,4,4,2,14,6,2,1,33,2,1,0
1,24,2,2004,1,1,2,2,2,1,3,1,1,1,1,1,1,2,12,4,1,7,33,2,2,1
1,24,2,2004,2,2,1,2,2,1,1,1,1,1,1,1,1,2,8,6,1,6,33,2,2,0
9,24,2,2004,3,1,1,2,2,1,1,1,1,1,1,1,1,2,9,6,2,7,33,1,2,0
1,19,8,2004,4,1,1,2,2,1,2,1,1,1,1,2,1,1,14,6,1,7,33,2,2,0
1,21,5,2004,2,1,1,2,2,1,1,1,1,1,1,1,1,1,14,6,1,1,33,1,2,0
1,24,9,2004,3,1,1,2,2,1,1,1,1,1,1,1,1,2,9,6,1,1,33,2,2,0
2,24,7,2004,2,1,1,2,2,1,1,1,1,1,1,4,1,2,4,6,1,1,35,2,2,0
4,21,3,2004,2,1,1,2,2,1,1,1,1,1,1,3,1,2,9,6,1,5,33,2,2,0
5,21,2,2004,3,3,1,2,2,1,1,1,1,1,1,4,1,2,4,6,1,7,38,2,2,0
1,21,10,2004,2,1,1,2,2,1,4,1,1,1,1,1,1,1,14,6,1,7,35,2,2,0
6,21,10,2004,2,1,1,2,2,1,1,1,1,1,1,1,1,2,14,6,1,7,33,1,2,0
1,21,6,2004,3,4,1,2,2,1,1,1,1,1,1,1,1,1,9,6,1,7,33,2,2,1
1,24,5,2004,1,7,1,2,2,1,1,1,1,1,1,1,1,2,4,6,1,1,33,2,2,0
1,24,5,2004,3,1,1,2,2,1,1,1,1,1,1,1,1,2,8,5,1,1,34,1,2,0
4,24,5,2004,1,1,8,2,1,1,1,1,1,1,1,1,1,2,14,5,1,7,33,1,2,0
5,24,1,2004,1,1,1,2,2,1,1,1,1,1,1,1,1,2,14,6,1,7,33,1,2,1
2,28,2,2004,3,5,8,2,2,1,1,4,1,1,1,5,1,1,7,2,1,1,33,2,2,3
1,28,4,2004,2,7,1,2,2,1,2,1,1,1,1,2,1,1,7,7,1,7,35,2,2,3
1,28,1,2004,3,3,8,2,2,1,1,1,1,1,1,5,1,1,7,6,1,1,33,1,2,1
1,28,1,2004,4,7,8,2,2,1,3,1,1,1,1,5,1,1,13,6,1,7,33,2,2,0
5,28,5,2004,3,2,1,2,2,1,1,1,1,1,1,5,1,1,14,2,1,1,38,1,2,0
8,7,1,2004,3,1,1,2,2,1,1,1,1,1,2,4,1,2,19,6,2,3,25,2,2,0
10,7,1,2004,2,7,1,2,2,4,1,1,2,1,1,3,1,2,14,5,1,3,34,2,2,1
1,7,3,2004,4,7,1,2,2,1,3,1,1,1,1,1,1,1,9,6,1,1,45,1,2,0
2,2,2,2004,3,2,1,2,2,1,1,1,1,1,1,2,1,2,14,6,1,1,40,1,2,0
2,2,2,2004,2,1,1,2,2,4,1,1,1,1,1,2,1,2,14,6,1,1,33,2,2,0
4,11,1,2004,2,1,1,2,2,1,1,1,1,1,1,2,1,2,8,4,1,1,33,2,2,0
4,8,2,2004,2,1,1,2,2,1,1,1,1,1,1,1,1,2,13,6,1,1,33,2,1,1
4,8,2,2004,4,1,1,2,2,1,1,1,1,1,1,1,1,2,2,6,1,1,33,2,2,0
5,10,1,2004,3,4,1,2,2,1,1,4,1,1,1,3,1,2,8,1,1,1,37,2,2,0
3,4,2,2004,2,3,1,2,2,1,1,2,1,1,1,3,1,2,4,2,1,3,37,2,2,1
5,4,2,2004,4,2,1,2,2,1,2,1,1,1,1,3,1,2,1,11,1,1,33,2,2,0
1,4,1,2004,2,1,1,2,2,1,1,2,1,1,1,2,1,2,9,1,1,1,33,2,2,0
1,3,6,2004,3,1,1,2,2,1,1,1,1,1,1,1,1,2,8,5,1,1,33,1,2,0
1,12,5,2004,2,7,1,2,2,1,1,1,1,1,1,3,1,2,8,4,1,1,20,2,2,1
4,12,5,2004,3,7,8,1,2,1,1,1,1,1,1,3,1,2,14,8,1,1,28,2,2,1
1,10,5,2004,3,1,1,2,2,1,1,1,1,1,1,2,1,2,9,6,1,1,35,2,2,0
3,8,6,2004,3,7,1,2,2,1,1,1,1,1,1,1,1,2,14,6,1,1,33,2,2,0
3,8,6,2004,4,1,1,2,2,1,2,2,1,1,1,1,1,2,19,11,1,1,33,2,2,0
2,7,4,2004,4,7,8,1,2,1,2,1,1,1,1,3,1,2,14,6,1,1,42,2,2,0
4,7,5,2004,4,3,8,2,2,1,2,1,1,1,1,3,1,2,8,6,1,1,33,1,2,0
7,7,5,2004,3,1,1,2,2,2,1,2,1,1,1,3,1,1,9,6,1,1,30,1,2,0
12,3,4,2004,4,1,1,2,2,1,4,1,1,1,1,4,1,2,2,2,1,7,40,2,2,0
4,8,5,2004,3,1,1,1,2,1,1,1,1,1,1,1,1,1,14,6,1,1,33,1,2,0
7,8,7,2004,3,1,1,2,2,1,1,1,1,1,1,1,1,1,9,11,1,2,33,2,2,0
4,8,7,2004,2,3,1,2,1,1,1,1,1,1,1,1,1,1,14,6,1,7,33,1,2,0
3,8,7,2004,1,1,1,2,2,1,4,1,1,1,1,1,1,2,14,5,2,1,39,1,2,1
1,4,5,2004,3,1,1,2,2,1,1,1,1,1,1,3,1,2,14,4,1,1,33,2,2,0
6,4,1,2004,2,1,1,2,2,4,4,1,1,1,1,3,1,2,7,6,1,1,26,2,2,0
4,8,7,2004,3,1,1,2,2,1,1,1,1,1,1,1,1,1,9,11,1,1,33,2,2,0
1,2,9,2004,3,7,8,2,2,1,1,1,1,1,1,1,1,1,9,6,1,1,33,2,2,1
5,10,4,2004,2,1,1,2,2,1,1,1,1,1,1,3,1,2,14,6,1,1,33,1,0,0
5,2,11,2004,2,1,1,2,2,1,1,1,1,1,1,3,1,1,8,6,1,7,35,2,2,0
5,10,11,2004,2,1,1,2,1,1,1,1,1,1,1,3,1,2,13,6,1,1,33,2,2,0
5,10,9,2004,3,3,8,2,2,2,1,2,2,1,1,3,1,2,12,4,1,1,28,2,2,0
4,3,10,2004,2,1,1,2,2,1,2,2,1,1,1,1,1,2,8,1,1,1,33,2,2,0
7,17,3,2004,4,1,3,1,2,2,1,3,1,1,1,1,1,1,8,4,1,1,33,2,2,0
7,17,5,2004,4,2,1,2,2,1,1,1,1,1,1,1,1,2,12,6,1,1,33,2,1,0
7,17,4,2004,3,3,1,2,2,1,1,1,1,1,3,3,1,2,14,6,1,1,33,2,2,0
7,17,2,2004,4,1,1,2,2,1,4,2,1,1,1,1,1,2,4,6,1,1,33,2,2,0
1,17,3,2004,1,1,1,2,2,1,2,1,1,1,1,1,1,2,14,5,1,1,33,2,2,0
1,17,6,2004,2,2,1,2,2,1,1,1,1,1,1,1,1,2,14,6,1,1,33,1,2,3
1,17,1,2004,3,1,1,2,2,1,1,1,1,1,1,1,1,2,14,6,1,1,33,2,2,3
7,17,4,2004,3,1,1,1,2,1,1,1,1,2,3,2,1,2,8,6,1,1,34,2,2,0
7,17,6,2004,1,1,1,2,2,1,1,1,1,1,1,4,1,2,14,6,1,6,33,2,2,1
8,17,9,2004,4,1,1,1,1,1,4,1,1,1,3,3,1,2,14,6,1,1,33,2,2,1
10,17,3,2004,3,1,1,2,2,1,1,1,1,1,1,1,1,2,19,6,1,1,33,1,2,0
10,17,11,2004,3,7,3,2,2,1,1,1,1,1,1,1,1,2,9,6,1,1,33,2,2,1
1,17,7,2004,3,1,1,2,2,1,1,1,1,1,1,3,1,2,13,6,1,1,33,2,2,0
8,17,2,2004,3,1,1,1,2,1,1,1,1,1,1,2,1,1,9,6,1,1,38,2,2,3
1,17,1,2004,2,3,1,2,2,1,1,1,1,1,1,3,1,2,13,6,1,1,30,2,2,1
7,17,7,2004,3,1,1,2,2,1,1,1,1,1,1,1,1,2,9,6,1,1,38,2,2,0
7,17,4,2004,4,1,1,2,2,1,4,1,1,1,1,1,1,2,14,6,1,1,33,2,2,0
10,17,10,2004,3,1,1,2,2,1,1,1,1,1,1,1,1,2,9,6,1,1,45,2,2,0
8,17,4,2004,4,3,1,2,2,1,4,1,1,1,1,1,1,2,6,1,1,7,39,2,2,0
3,3,10,2004,3,7,4,2,2,2,1,1,2,1,1,2,1,2,11,2,1,1,32,2,2,3
1,3,11,2004,4,1,1,2,2,1,2,1,1,1,1,1,1,1,9,6,1,7,33,2,2,0
1,7,12,2004,3,2,1,2,2,1,1,1,1,1,1,1,1,1,8,6,1,1,33,1,2,0
7,8,10,2004,4,1,1,2,2,1,2,1,1,1,3,3,1,2,7,6,1,1,30,2,2,0
4,8,10,2004,3,1,1,1,2,1,1,1,1,1,1,1,2,1,8,6,1,1,33,2,2,1
9,3,12,2004,1,7,8,1,2,1,1,1,1,1,1,2,1,1,9,6,1,1,35,2,2,3
1,16,1,2004,1,3,1,1,2,1,1,1,1,1,1,2,1,2,8,6,1,1,33,2,2,0
2,16,3,2004,3,1,1,2,2,1,1,1,1,2,2,4,4,2,9,6,1,2,30,2,2,0
3,5,3,2004,1,1,1,1,2,1,1,1,1,1,1,1,1,2,14,5,2,1,40,2,2,0
4,12,8,2004,3,7,1,1,2,1,1,1,1,1,1,4,1,2,6,5,2,7,33,2,2,1
5,12,12,2004,1,1,1,2,2,1,2,1,1,1,1,2,1,2,14,6,1,1,33,2,2,0
3,12,11,2004,1,1,1,2,2,1,1,1,1,1,1,2,1,2,14,6,1,1,29,2,2,0
1,15,6,2004,3,1,1,2,2,1,1,1,1,1,1,1,1,2,14,1,1,1,33,2,2,1
6,15,3,2004,1,1,1,2,2,1,1,1,1,1,1,1,1,2,14,6,1,1,33,2,2,0
3,15,1,2004,1,1,1,2,1,1,4,1,1,1,1,1,1,2,14,6,1,1,33,2,2,1
3,15,1,2004,1,1,1,2,1,4,4,1,5,1,1,1,1,2,9,6,1,1,33,2,2,0
3,15,1,2004,1,1,1,2,2,1,4,1,1,1,1,1,1,2,9,6,1,1,33,2,2,1
3,15,2,2004,2,1,1,2,2,1,1,1,1,1,1,1,1,2,8,6,1,1,33,2,2,1
3,15,3,2004,1,1,1,2,2,1,4,2,1,1,1,1,1,2,19,6,1,1,33,2,2,1
5,15,7,2004,2,1,1,2,1,2,1,2,2,1,1,2,1,2,14,6,1,1,33,2,2,3
6,5,2,2004,2,1,1,2,2,1,1,1,1,1,1,1,1,2,14,6,1,1,33,2,2,0
6,5,4,2004,1,3,1,1,2,1,4,1,1,1,1,1,1,2,14,5,1,1,33,2,2,1
6,5,7,2004,2,1,1,2,2,1,1,1,1,1,1,1,1,2,14,1,1,1,33,2,2,3
6,5,7,2004,1,1,1,2,2,1,2,1,1,1,1,1,1,2,12,7,1,1,33,2,2,1
6,5,7,2004,4,1,1,2,2,1,2,1,1,1,1,1,1,2,9,6,1,1,33,2,2,1
6,5,8,2004,2,1,1,1,2,1,2,1,1,1,1,1,2,2,14,6,1,1,33,2,2,0
6,5,8,2004,1,1,1,2,2,4,1,1,1,1,1,1,1,2,14,6,1,1,33,2,2,1
6,5,9,2004,1,1,1,2,2,1,2,1,1,1,1,1,1,2,14,6,1,1,33,2,2,2
8,5,7,2004,1,3,1,2,2,1,1,1,1,1,1,1,1,2,7,6,1,1,33,2,2,0
8,5,10,2004,4,1,1,2,2,1,4,1,1,1,1,1,1,2,10,6,1,1,33,1,2,3
5,5,7,2004,1,1,1,2,2,1,4,1,1,1,1,1,1,2,9,6,1,1,33,2,2,0
5,5,7,2004,1,1,1,1,2,1,1,1,1,1,1,1,1,2,14,6,2,1,38,2,2,0
5,5,11,2004,3,3,1,2,2,1,1,1,1,1,1,1,1,2,9,11,1,3,33,2,2,0
1,5,2,2004,3,7,8,2,2,1,1,1,1,1,1,1,1,2,7,11,2,7,33,2,2,3
1,5,5,2004,4,7,8,2,2,1,1,1,1,1,1,1,1,2,4,7,1,1,33,1,1,0
1,5,5,2004,1,7,8,2,2,1,1,1,1,1,1,1,1,2,14,11,1,1,33,2,2,0
1,5,7,2004,1,1,2,2,2,1,1,1,1,1,1,1,1,1,9,6,1,1,47,2,2,3
9,16,1,2004,1,1,1,1,1,1,1,1,1,1,1,1,1,2,16,6,1,1,33,2,2,0
9,16,1,2004,1,1,1,2,2,1,1,1,1,1,1,1,1,2,14,6,1,1,40,1,2,0
9,16,9,2004,1,1,1,1,2,1,1,1,1,1,1,1,1,2,9,6,1,1,33,2,2,0
9,16,10,2004,2,1,1,2,2,1,1,1,1,1,1,1,1,2,14,6,1,1,33,2,2,0
6,16,3,2004,3,1,1,2,2,1,1,1,1,1,1,1,1,2,14,2,1,1,33,1,2,0
6,16,7,2004,2,1,1,2,2,1,1,1,1,1,1,1,1,2,14,6,1,1,33,1,2,0
10,16,4,2004,1,1,1,2,2,1,2,1,1,1,1,1,1,2,9,6,1,1,33,2,2,0
1,1,3,2004,3,7,1,2,2,1,1,1,1,1,1,1,1,1,14,6,1,1,33,2,2,0
1,1,4,2004,4,4,1,2,2,1,2,1,1,1,1,1,1,1,9,11,1,1,33,1,2,0
3,1,2,2004,4,1,1,2,2,1,4,1,1,1,1,1,1,2,9,6,1,1,33,1,2,0
3,1,2,2004,3,1,1,2,2,1,2,1,1,1,1,1,1,2,9,6,1,1,33,1,2,0
2,1,6,2004,1,1,1,2,2,1,4,1,2,1,1,2,1,2,1,6,1,1,33,2,2,0
11,16,2,2004,2,1,1,2,2,1,1,1,1,1,1,1,1,2,9,10,1,1,33,2,2,1
11,16,2,2004,3,1,1,2,2,1,1,1,1,1,1,1,1,2,14,5,1,1,33,2,2,3
6,11,2,2004,2,1,1,2,2,1,1,1,1,1,1,2,1,2,12,6,1,1,33,2,2,0
6,11,6,2004,3,1,1,2,2,1,4,1,1,1,1,2,1,2,14,6,1,1,33,2,2,3
6,11,11,2004,1,1,1,2,2,1,4,1,1,1,1,2,1,2,9,3,1,1,33,2,2,1
8,11,10,2004,3,1,1,2,2,1,1,1,1,1,1,2,1,2,14,6,1,1,33,2,2,0
9,11,5,2004,2,1,1,2,2,1,1,1,1,1,1,2,1,2,14,6,1,1,33,2,2,0
9,11,5,2004,3,1,1,2,2,1,1,1,1,1,1,2,1,2,14,6,1,1,33,2,2,0
9,11,5,2004,2,1,1,2,2,1,1,1,1,1,1,2,1,2,9,6,1,1,33,2,2,1
11,11,7,2004,2,1,1,2,2,1,1,1,1,1,1,3,1,2,8,6,1,1,33,2,2,0
3,11,12,2004,3,1,1,2,2,1,1,1,1,3,2,4,1,2,4,6,1,1,33,2,2,0
3,11,7,2004,1,1,1,2,2,1,1,1,1,1,1,2,1,2,9,6,1,1,33,2,2,0
6,8,12,2004,4,1,1,1,2,1,2,1,1,1,1,2,1,2,14,6,1,7,33,2,2,0
1,4,11,2004,2,1,1,2,2,1,1,1,1,1,1,2,1,2,9,6,1,1,33,2,2,1
1,4,5,2004,3,1,1,2,2,1,1,1,1,1,1,3,1,2,1,4,1,1,33,2,2,0
1,4,12,2004,2,1,2,2,2,1,1,1,1,1,1,3,1,2,9,11,1,1,33,2,2,1
2,4,10,2004,4,1,1,1,2,1,1,1,1,1,1,3,1,2,9,6,1,1,33,2,2,1