Thana,District,Month,Year,Time,Junction_Type,Traffic_Control,Movement,Divider,Weather,Light,Road_Geometry,Surface_Condition,Surface_Type,Surface_Quality,Road_Class,Road_Feature,Location_Type,Vehicle_Type,Vehicle_Movement,Vehicle_Loading,Vehicle_Defect,Vehicle_Driver_Age,Vehicle_Alcohol,Vehicle_Seat_Belt,Accident_Severity
2,4,12,2004,3,7,1,2,2,1,1,1,1,1,1,3,1,2,10,6,1,1,33,2,2,3
4,4,12,2004,4,1,1,2,2,1,1,1,1,1,1,3,1,1,14,6,1,1,35,2,2,0
1,15,10,2004,2,1,1,2,2,1,1,1,1,1,1,1,1,2,8,6,1,1,33,2,2,0
4,15,11,2004,3,1,1,1,1,1,1,1,1,1,1,1,3,2,14,6,1,7,33,1,2,2
5,4,12,2004,4,1,1,2,2,1,2,1,1,1,2,4,4,2,14,6,1,1,35,2,2,0
4,7,11,2004,1,1,4,2,1,1,3,1,1,1,1,3,2,2,8,4,1,7,40,2,2,0
1,11,6,2004,1,2,1,2,2,1,1,1,1,1,1,2,1,2,4,4,1,2,52,2,2,0
1,11,9,2004,2,1,3,1,2,1,1,1,1,1,1,2,1,1,8,6,1,1,40,2,2,0
1,14,1,2004,4,2,1,2,1,1,2,1,1,1,1,5,1,1,14,1,1,1,33,2,2,0
1,14,1,2004,2,3,4,2,2,1,1,1,1,1,1,5,1,1,8,11,1,1,33,2,2,0
1,14,4,2004,2,3,2,2,1,1,1,1,1,1,1,5,1,1,14,6,1,1,40,2,2,0
2,14,3,2004,4,1,1,2,2,1,2,1,1,1,1,1,1,1,8,9,1,7,33,2,2,0
1,14,6,2004,3,7,8,1,2,1,1,1,1,1,1,4,1,1,14,11,2,7,30,1,2,0
2,14,6,2004,2,1,1,2,2,1,1,1,1,1,1,2,1,1,14,6,1,7,33,2,2,0
2,14,6,2004,3,1,1,2,2,1,1,1,1,1,1,1,1,1,10,4,1,1,33,2,2,0
4,14,5,2004,4,7,4,2,2,1,4,1,1,1,1,1,1,1,9,6,1,7,33,2,2,0
4,14,6,2004,3,7,4,2,2,1,1,1,1,1,1,1,1,1,14,6,1,1,40,2,2,0
3,14,7,2004,2,3,3,2,2,1,1,1,1,1,1,1,1,1,7,8,1,1,28,2,2,3
1,14,7,2004,3,3,4,2,1,1,1,1,1,1,1,5,1,1,9,4,2,7,33,1,2,0
3,14,8,2004,2,7,1,2,2,1,1,4,1,1,1,5,1,1,8,6,1,7,33,1,2,0
2,14,8,2004,4,7,8,2,2,2,4,1,2,1,1,1,1,2,10,6,1,7,33,1,2,0
3,14,8,2004,4,7,8,2,2,1,3,1,1,1,1,1,1,1,14,6,1,7,33,1,2,3
1,14,9,2004,3,1,1,2,2,2,1,1,2,1,1,5,1,1,9,6,1,7,33,1,2,0
2,14,10,2004,2,1,1,1,2,1,1,1,1,1,1,1,3,1,9,6,1,1,33,1,2,0
1,14,11,2004,2,7,4,2,2,1,1,1,1,1,1,5,5,1,9,6,1,4,33,2,2,0
2,14,11,2004,3,2,1,1,2,1,1,1,1,1,1,1,1,2,19,4,2,7,33,2,2,0
3,14,12,2004,4,3,2,2,2,1,1,1,1,1,1,1,1,1,14,6,1,1,33,2,2,1
2,14,12,2004,2,3,8,2,2,1,1,1,1,1,1,1,1,1,7,8,1,1,33,2,2,1
1,59,1,2004,3,1,2,2,2,1,1,1,1,1,1,1,1,1,19,5,1,1,33,1,2,0
1,57,1,2004,1,2,2,1,1,1,4,1,1,1,1,1,1,1,6,6,1,4,33,1,0,0
1,58,1,2004,2,1,8,2,2,1,1,1,1,1,1,1,1,2,14,6,1,1,42,2,2,1
2,58,1,2004,2,2,1,2,2,1,1,1,1,1,1,1,1,2,9,6,1,1,33,2,2,0
8,58,1,2004,2,7,1,2,2,1,1,1,1,1,1,1,1,2,9,6,1,7,45,1,0,0
6,63,1,2004,3,7,8,2,2,1,1,1,1,1,1,1,1,2,9,6,1,7,35,2,2,3
1,61,2,2004,3,5,1,2,2,1,1,2,1,1,1,2,1,2,9,1,1,1,33,2,2,0
1,61,2,2004,3,1,1,2,2,1,1,2,1,1,3,1,1,2,10,6,1,2,33,1,2,0
1,59,2,2004,3,1,1,2,1,1,1,1,1,1,1,1,1,1,9,8,1,1,33,2,2,1
7,59,2,2004,2,3,1,2,2,1,1,1,1,1,3,2,1,2,9,6,1,1,45,2,2,0
5,59,2,2004,3,7,1,1,2,1,1,1,1,1,2,2,4,2,9,6,1,3,33,1,0,0
8,58,2,2004,3,7,1,2,1,1,1,1,1,1,1,1,1,2,14,6,1,7,33,1,2,0
8,58,2,2004,3,3,4,2,1,1,1,1,1,1,1,1,1,2,9,5,1,7,33,2,2,0
1,58,2,2004,4,1,2,2,2,1,2,1,1,1,1,1,1,2,7,6,1,1,40,2,2,2
2,58,2,2004,3,7,1,2,2,1,1,1,1,1,1,1,1,2,9,6,1,7,35,1,0,0
5,58,2,2004,3,7,1,2,2,1,1,1,1,1,1,1,1,2,4,4,1,2,33,1,2,1
8,63,2,2004,3,7,1,2,1,1,1,1,1,1,1,1,1,2,14,6,1,2,33,1,0,0
2,62,3,2004,4,1,1,2,2,1,4,1,1,1,1,4,1,2,17,11,2,1,30,2,2,0
7,63,3,2004,2,3,1,2,2,1,1,2,1,1,1,1,1,2,8,6,1,2,35,1,2,0
1,58,3,2004,4,1,1,2,2,1,4,1,1,1,1,1,1,2,9,6,1,2,33,2,2,0
1,61,4,2004,2,1,1,2,2,1,4,1,1,1,1,2,1,1,12,5,1,2,33,2,2,0
5,57,4,2004,1,1,1,2,2,1,2,1,1,1,1,2,1,2,14,11,1,1,33,1,2,0
2,62,4,2004,2,3,1,2,2,1,1,1,1,1,1,2,1,2,19,5,1,2,33,1,1,0
1,58,4,2004,4,1,1,2,2,1,1,1,1,1,1,2,1,2,17,4,1,7,33,2,2,0
1,60,4,2004,2,7,2,2,2,1,1,1,1,1,1,1,1,2,9,11,1,2,35,1,0,0
8,63,4,2004,4,2,1,2,1,1,4,1,1,1,1,1,1,2,14,6,1,2,33,1,2,3
1,57,5,2004,3,7,8,1,2,1,1,2,1,1,1,1,1,2,9,2,1,2,33,1,0,0
2,58,5,2004,3,7,1,1,2,2,1,2,2,1,1,1,1,2,14,2,1,1,33,2,2,0
1,61,5,2004,2,5,1,1,1,1,1,2,1,1,3,1,1,2,9,1,1,1,42,2,2,1
6,60,5,2004,3,1,1,2,2,1,1,1,1,1,1,5,1,2,12,6,1,1,33,2,2,0
4,63,5,2004,2,1,1,2,1,1,1,1,1,1,1,1,2,1,9,6,1,7,33,2,0,0
8,63,5,2004,4,3,2,2,1,1,1,1,1,1,1,1,1,2,9,6,1,1,55,1,2,0
2,65,5,2004,4,1,1,2,2,1,2,2,1,1,1,1,1,2,19,2,1,1,33,2,2,0
1,58,6,2004,4,1,1,2,2,1,4,1,1,1,1,1,1,2,5,11,1,1,33,1,2,3
1,60,6,2004,4,1,1,2,2,1,4,1,1,1,1,1,1,2,9,6,1,1,33,2,2,0
2,58,6,2004,2,2,1,2,2,1,1,1,1,1,1,1,1,2,16,5,1,1,35,2,2,0
7,58,6,2004,2,1,1,2,2,1,2,1,1,1,1,1,1,2,7,6,1,1,33,1,2,0
2,61,7,2004,2,1,1,2,2,1,1,1,1,1,1,3,1,2,9,6,1,2,33,1,2,0
2,58,7,2004,2,1,1,2,2,2,2,1,2,1,1,1,1,2,14,10,1,2,33,2,2,0
1,58,7,2004,3,3,2,2,2,1,1,1,1,1,1,3,1,2,9,1,1,1,33,2,2,0
6,60,7,2004,3,1,1,2,2,1,1,3,1,1,2,4,4,2,17,6,1,7,50,2,2,0
8,60,7,2004,3,1,1,2,2,1,1,1,1,1,1,3,1,2,7,6,1,1,32,2,2,0
8,60,7,2004,2,1,1,2,1,1,1,1,1,1,1,3,1,2,8,6,1,1,33,2,2,0
10,63,7,2004,3,1,1,2,1,2,1,2,2,2,2,3,1,2,7,6,1,2,33,1,0,0
2,58,8,2004,3,1,1,2,2,1,1,1,1,1,1,1,1,2,9,6,1,2,33,2,2,0
2,58,8,2004,1,1,1,2,2,1,3,1,1,1,1,1,1,2,9,6,1,2,33,2,2,0
2,58,8,2004,2,1,1,2,2,1,1,1,1,1,1,1,1,2,9,6,1,2,33,2,2,0
5,58,8,2004,2,1,1,2,2,1,1,1,1,1,1,1,2,2,14,6,1,2,33,2,2,0
2,61,9,2004,2,1,1,2,1,1,1,1,1,1,1,1,1,2,10,6,1,1,36,2,2,3
1,61,9,2004,1,7,8,1,2,1,2,1,1,1,1,1,1,1,9,11,1,1,35,2,2,3
8,63,9,2004,3,7,1,2,1,1,1,1,1,1,1,1,1,2,9,11,1,7,33,2,2,0
1,59,10,2004,2,1,1,2,2,1,1,1,1,1,1,2,1,2,17,5,2,2,33,1,2,0
2,58,10,2004,4,7,8,1,2,1,4,1,1,1,1,1,1,2,9,6,1,1,48,2,2,3
10,58,10,2004,3,1,1,1,1,1,1,1,1,1,1,2,1,2,9,11,1,2,33,2,2,2
8,63,10,2004,1,7,1,2,1,1,2,1,1,1,1,1,1,2,9,6,1,1,33,2,2,0
3,63,10,2004,2,2,2,2,2,1,2,1,1,1,1,1,1,2,14,7,1,1,33,1,2,0
13,63,11,2004,2,1,1,1,2,1,1,1,1,1,1,1,1,2,9,6,1,2,33,1,2,0
1,62,12,2004,4,1,1,2,2,1,3,1,1,1,1,2,1,1,9,6,1,1,33,2,2,1
1,62,12,2004,3,1,1,1,1,1,1,1,1,1,1,5,1,2,9,6,1,1,33,2,2,0
1,58,12,2004,2,3,4,2,2,1,2,1,1,1,1,1,1,2,9,1,1,1,33,1,2,1
1,58,12,2004,3,6,2,2,2,1,1,1,1,1,1,5,1,1,10,6,1,1,33,2,1,2
2,58,12,2004,3,1,1,2,2,1,1,1,1,1,1,4,4,2,17,4,2,7,33,2,2,0
14,63,12,2004,2,1,8,2,2,1,2,2,1,1,1,1,1,2,9,1,1,7,33,1,2,0
1,60,12,2004,3,1,1,1,2,4,2,1,1,1,1,4,1,2,13,6,1,6,33,2,2,0
5,54,1,2004,2,2,1,2,2,4,1,1,1,1,1,3,1,2,14,6,1,2,33,1,0,0
8,54,2,2004,3,1,1,2,2,1,1,1,1,1,1,1,1,2,11,6,1,1,33,1,0,0
13,54,2,2004,2,7,3,2,2,4,1,1,1,1,3,3,1,2,8,6,1,1,33,1,0,0
12,54,2,2004,4,7,1,2,2,1,2,1,1,1,1,1,1,1,13,11,1,1,40,2,2,0
3,56,2,2004,3,7,1,2,2,1,1,1,1,1,3,3,1,2,9,2,1,1,33,2,2,3
1,55,2,2004,3,1,1,2,2,1,1,1,1,1,1,1,1,2,14,5,1,1,33,1,0,2
3,53,2,2004,2,1,8,2,2,1,2,1,1,1,1,2,1,2,6,6,1,2,33,1,0,0
1,55,3,2004,3,1,1,2,2,1,1,1,1,1,1,1,1,2,8,4,1,1,33,2,2,0
1,54,3,2004,4,1,1,2,2,1,2,1,1,1,1,5,1,1,13,7,1,3,33,1,2,0
1,54,4,2004,2,2,1,2,2,1,1,1,1,1,1,1,1,2,14,4,1,2,33,1,2,0
3,56,4,2004,2,2,1,2,2,1,1,1,1,1,3,3,1,2,13,11,1,7,33,1,0,0
6,55,5,2004,3,1,1,2,2,2,1,1,2,1,1,1,1,2,14,6,2,1,33,1,0,0
1,54,5,2004,2,2,1,1,2,2,3,1,1,1,1,1,1,2,14,6,1,2,33,1,2,0
1,54,5,2004,4,2,1,2,2,1,3,3,1,1,1,5,1,1,14,6,1,1,33,2,2,0
12,54,6,2004,4,1,1,2,2,2,4,1,2,1,1,1,1,2,7,11,1,7,35,2,2,0
7,54,6,2004,2,1,1,2,2,1,1,1,1,1,1,3,1,2,9,6,1,2,30,1,1,0
11,54,6,2004,3,7,8,2,2,1,1,1,1,1,1,3,3,2,8,6,1,7,38,1,2,0
3,56,6,2004,3,2,2,2,2,1,1,3,1,1,1,3,1,2,13,4,1,7,24,2,2,0
1,55,7,2004,3,2,2,2,2,1,1,1,1,1,1,1,1,1,8,6,1,2,33,1,0,1
9,56,8,2004,3,1,1,1,2,1,1,1,1,1,1,1,1,2,14,5,2,2,44,1,0,0
6,55,8,2004,2,7,1,2,2,1,1,1,1,1,1,3,1,2,14,2,1,1,33,2,2,0
1,54,8,2004,3,1,1,2,2,1,1,1,1,1,1,1,1,2,14,6,1,1,33,2,2,0
13,54,8,2004,2,1,1,2,2,1,1,1,1,1,1,2,1,1,5,6,1,2,20,1,2,0
9,56,5,2004,2,2,1,2,2,1,1,1,1,1,1,1,1,2,4,6,1,2,33,1,1,0
5,56,9,2004,2,7,1,2,2,1,1,1,1,1,1,1,1,2,14,6,1,1,33,1,2,0
6,55,9,2004,2,1,8,2,2,1,1,1,1,1,1,1,1,1,9,11,1,7,33,2,2,0
3,55,10,2004,2,7,8,2,2,4,4,1,1,1,1,3,1,2,13,11,1,2,35,2,2,0
1,54,9,2004,4,1,2,2,2,1,3,1,1,1,1,1,1,1,14,6,2,1,55,2,2,0
1,54,9,2004,2,1,1,2,2,1,1,1,1,1,1,1,1,2,9,6,1,2,33,1,0,1
1,54,10,2004,3,7,1,2,2,1,2,1,1,1,1,1,1,2,8,6,1,2,33,2,2,1
9,54,9,2004,3,1,1,2,2,1,4,1,1,1,1,1,1,2,5,6,1,1,25,2,2,0
9,54,9,2004,2,1,1,2,2,1,4,1,1,1,1,1,1,2,14,6,1,1,40,2,2,1
12,54,9,2004,3,3,1,2,2,1,4,1,1,1,1,1,1,2,4,4,1,6,35,1,2,0
3,54,10,2004,3,1,1,2,2,1,1,1,1,1,1,3,1,2,8,6,1,1,42,2,2,0
11,54,11,2004,2,7,8,2,2,1,1,1,1,1,1,3,1,2,8,4,1,7,33,1,1,1
13,54,9,2004,2,2,2,2,2,1,1,1,1,1,1,3,1,2,7,6,1,2,33,1,0,0
5,56,12,2004,3,1,1,1,2,1,1,1,1,1,1,4,1,2,9,6,1,1,33,1,0,0
3,53,12,2004,3,2,1,2,2,1,1,1,1,1,1,1,1,2,9,6,1,7,30,2,2,0
1,54,12,2004,3,2,4,2,2,1,3,1,1,1,1,1,1,1,14,6,1,7,32,2,2,2
10,9,6,2004,3,7,1,2,2,1,1,2,1,1,1,1,1,2,14,4,1,1,33,2,2,1
10,9,6,2004,1,1,1,2,2,1,4,1,2,1,3,1,1,2,9,6,1,1,33,2,2,1
10,9,5,2004,4,7,8,2,2,1,4,1,1,1,1,1,1,2,14,4,1,1,42,2,2,0
10,9,12,2004,1,1,1,2,2,4,4,1,2,1,1,1,1,1,9,6,1,1,55,2,2,0
1,22,12,2004,1,1,1,2,1,1,1,1,1,1,1,1,1,1,14,6,1,1,33,2,2,2
2,64,3,2004,4,1,1,2,2,1,3,2,1,1,1,5,1,1,9,6,1,1,33,2,2,2
8,64,2,2004,3,6,1,2,2,1,1,1,1,1,1,5,1,1,14,4,1,1,33,2,2,3
10,64,4,2004,3,1,8,2,2,1,1,5,1,1,1,3,1,1,6,6,1,1,33,2,2,3
12,64,4,2004,2,1,1,2,2,1,1,3,1,1,1,5,1,1,8,6,1,1,33,2,2,0
10,64,4,2004,2,2,6,1,2,1,1,1,1,1,1,1,1,1,7,11,1,1,28,2,2,1
3,21,7,2004,3,1,8,2,2,1,1,1,1,1,1,1,1,2,9,1,1,7,32,2,2,0
7,24,7,2004,4,1,1,1,2,1,4,1,1,1,1,2,1,1,9,6,1,1,40,2,2,0
1,24,7,2004,1,1,1,2,1,1,4,1,1,1,1,1,1,2,14,6,2,7,33,2,2,0
1,2,10,2004,4,7,1,2,2,1,3,1,1,1,1,1,1,2,8,6,1,1,33,1,2,0
7,17,2,2004,3,1,1,2,2,1,2,1,1,1,1,1,1,2,14,6,1,1,50,2,2,0
1,17,7,2004,3,2,1,1,2,1,1,1,1,1,1,1,1,2,9,6,1,1,33,2,2,1
10,17,11,2004,1,1,1,2,2,4,2,1,1,1,1,1,1,2,14,6,1,1,30,2,2,0
5,15,6,2004,1,1,1,2,2,1,2,1,1,1,1,1,1,2,14,6,1,1,40,2,2,0
1,5,3,2004,2,1,1,2,2,1,1,1,1,1,1,1,1,2,14,4,1,1,33,1,2,0
1,1,4,2004,3,7,1,2,2,1,1,2,1,1,1,1,1,2,8,1,1,1,40,2,2,3
11,16,1,2004,4,1,1,2,2,1,4,1,1,1,1,1,1,2,14,6,1,1,33,2,2,1
11,16,5,2004,3,1,1,2,2,1,1,1,1,1,1,1,1,2,14,6,1,1,33,2,2,1
11,16,5,2004,1,1,1,2,2,1,2,1,1,1,1,1,1,1,14,5,1,1,33,2,2,0
11,16,5,2004,4,1,1,2,2,1,2,1,1,1,1,1,1,1,12,6,1,1,33,2,2,3
11,16,12,2004,2,1,1,2,2,4,1,1,1,1,1,1,1,2,14,4,1,1,32,2,2,0
11,16,12,2004,3,1,1,2,2,4,1,1,1,1,1,1,1,2,14,4,1,1,33,1,2,0
3,8,12,2004,2,2,1,2,2,1,2,1,1,1,1,1,1,2,9,5,1,7,33,2,2,3
1,4,11,2004,2,1,1,2,2,1,1,1,1,1,1,3,1,2,8,6,1,1,33,2,2,0
1,15,10,2004,3,1,1,2,2,2,1,1,2,1,1,1,1,2,7,6,1,1,40,2,2,0
3,14,1,2004,2,1,1,2,2,1,1,1,1,1,1,5,1,1,6,4,1,1,35,2,2,3
1,65,6,2004,2,1,1,1,2,1,1,2,1,1,1,1,1,2,9,6,1,2,33,1,0,0
1,58,6,2004,1,2,2,2,2,1,2,1,1,1,1,1,1,2,14,5,1,1,33,1,0,0
7,58,6,2004,3,1,1,2,2,1,1,1,2,1,1,1,1,2,9,5,2,7,50,1,2,0
14,63,6,2004,4,1,1,2,2,2,4,1,2,1,3,1,4,2,9,6,1,7,40,1,2,0
5,63,6,2004,3,1,1,2,2,2,1,1,2,1,1,2,1,2,13,6,1,2,33,2,2,3
11,63,6,2004,2,1,2,2,1,2,1,1,2,1,1,1,1,2,14,6,1,2,33,1,0,0
11,63,6,2004,3,2,2,2,2,1,1,1,1,1,1,3,1,2,5,6,1,2,33,2,2,1
5,58,7,2004,2,7,1,2,1,1,2,1,1,1,1,1,1,2,14,6,1,6,33,2,2,0
5,58,7,2004,3,7,1,2,1,1,1,1,1,1,1,1,1,2,9,6,1,6,33,2,2,0
10,58,7,2004,1,7,1,2,2,1,2,2,1,1,1,3,1,2,14,11,1,1,33,2,2,0
10,58,7,2004,4,7,1,1,2,1,4,1,1,1,1,3,1,2,9,11,1,2,33,2,2,0
2,58,7,2004,3,1,1,2,2,2,1,2,2,1,1,1,1,2,9,5,1,2,40,1,2,0
2,58,7,2004,2,1,1,2,2,2,2,1,2,1,1,1,1,2,14,5,1,1,33,2,2,2
1,58,7,2004,2,1,1,2,2,1,1,1,1,1,1,1,1,2,19,6,1,1,33,2,2,0
1,58,7,2004,3,1,1,2,2,1,1,1,1,1,1,1,1,2,19,6,1,1,33,2,2,0
1,58,7,2004,2,1,1,2,2,1,1,1,1,1,1,1,1,2,19,6,1,2,33,1,0,0
7,63,7,2004,4,1,1,2,2,2,2,2,2,1,1,1,1,2,10,6,2,7,33,1,0,2
8,63,7,2004,4,1,1,2,1,1,2,2,2,2,1,1,1,2,9,6,1,2,33,1,2,0
9,63,7,2004,3,2,1,2,1,1,1,1,1,1,1,1,1,2,14,6,1,2,33,1,2,1
9,63,6,2004,1,2,1,2,1,2,3,3,2,2,1,3,1,2,9,6,1,2,33,1,2,0
1,61,8,2004,3,1,1,2,2,1,1,1,1,1,1,1,1,2,9,5,1,1,54,2,2,1
1,61,8,2004,4,1,1,2,2,1,2,1,1,1,1,1,1,1,7,5,1,1,33,1,2,0
3,61,8,2004,3,1,1,2,1,1,1,1,1,1,1,1,1,1,9,6,1,7,33,1,2,0
3,61,8,2004,2,4,1,1,1,2,1,1,2,1,1,1,1,2,14,6,1,7,35,2,2,0
4,63,8,2004,3,1,8,2,2,2,1,1,2,1,1,1,1,2,7,6,1,2,45,2,2,1
13,63,8,2004,3,1,1,2,2,1,1,2,1,1,1,1,1,2,13,6,1,2,28,2,2,0
1,61,9,2004,2,7,2,2,2,2,2,1,2,1,1,1,1,2,8,6,1,1,33,2,2,1
1,61,9,2004,2,1,1,2,2,1,1,1,1,1,1,1,1,2,14,5,1,1,33,1,2,1
8,63,9,2004,4,3,1,2,2,1,4,1,1,1,1,1,1,2,13,6,1,1,33,1,2,1
13,63,9,2004,2,1,1,2,1,1,1,1,1,1,1,1,1,2,14,6,1,1,33,1,2,2
1,61,10,2004,1,1,1,2,2,1,4,1,1,1,1,1,1,2,14,6,1,1,32,2,2,2
1,61,10,2004,1,1,1,2,2,1,4,1,1,1,1,1,1,2,14,5,1,1,42,1,2,0
3,61,10,2004,3,1,1,2,2,1,1,1,1,1,1,1,1,2,9,6,1,1,30,1,2,0
5,65,10,2004,3,7,8,2,2,1,1,1,1,1,1,1,1,2,12,6,1,7,35,1,2,0
11,63,11,2004,3,1,8,2,2,1,1,1,1,1,1,3,1,2,19,6,1,7,35,1,2,0
1,61,11,2004,3,2,1,2,2,1,1,1,1,1,1,1,1,2,7,6,1,6,33,2,2,1
1,61,11,2004,4,1,1,2,2,1,2,1,1,1,1,1,1,2,14,6,1,1,40,2,2,3
2,61,11,2004,1,1,1,2,1,1,4,1,1,1,1,1,2,2,14,6,1,2,33,1,2,3
3,63,12,2004,4,1,1,2,2,1,2,1,1,1,1,4,1,2,14,6,1,1,40,1,2,0
3,56,1,2004,2,7,8,2,2,4,2,1,1,1,1,1,1,2,14,6,1,1,33,2,2,0
1,55,1,2004,1,1,1,2,2,4,4,1,1,1,1,1,1,1,9,6,1,1,33,1,0,0
12,54,1,2004,3,1,1,2,2,1,1,1,1,1,3,1,2,2,10,5,1,1,18,2,2,1
12,54,1,2004,4,1,1,2,2,4,2,2,1,1,1,3,1,2,10,6,1,7,33,1,0,1
9,54,2,2004,3,3,1,2,2,1,1,1,1,1,1,4,1,2,13,6,1,2,35,2,2,3
9,54,2,2004,2,1,1,2,2,1,1,1,1,1,1,1,1,2,14,6,1,2,33,2,2,0
1,56,2,2004,2,1,1,2,2,1,1,1,1,1,1,2,1,2,12,6,1,1,35,2,2,1
3,55,2,2004,2,1,1,2,2,1,1,3,1,1,1,3,1,2,13,6,1,3,33,2,2,0
1,55,3,2004,2,7,1,2,2,1,1,1,1,1,1,1,1,1,14,2,1,1,30,2,2,0
1,54,3,2004,1,7,1,2,2,1,3,1,1,1,1,1,1,2,5,6,1,1,38,2,2,0
6,55,3,2004,4,1,1,2,2,1,4,1,1,1,1,1,1,2,14,5,1,1,33,2,2,1
1,56,4,2004,2,1,1,2,2,1,1,1,1,1,1,4,1,2,11,6,1,1,50,2,2,3
6,55,5,2004,3,1,1,2,2,1,1,1,1,1,1,1,2,2,9,6,1,1,39,2,2,1
1,54,5,2004,4,7,1,2,2,1,2,1,1,1,1,1,1,2,13,6,1,1,33,2,2,0
1,54,7,2004,3,3,1,2,2,1,1,2,1,1,1,3,1,2,5,1,1,2,35,2,2,1
1,53,8,2004,2,1,1,2,2,1,1,1,1,1,1,2,1,2,6,6,1,1,25,2,2,0
1,53,8,2004,2,1,1,2,2,1,1,2,1,1,1,2,1,2,14,6,1,2,33,1,0,0
6,55,9,2004,1,1,1,2,2,1,2,1,1,1,1,3,1,2,1,1,1,1,33,2,2,0
1,54,8,2004,3,3,1,2,2,2,1,1,2,1,1,3,5,2,8,11,1,1,33,1,1,2
1,54,10,2004,4,3,1,2,2,1,4,1,1,1,1,1,1,2,2,6,1,2,25,1,0,0
7,54,10,2004,3,1,1,2,2,1,1,3,1,1,3,3,1,2,13,6,1,1,36,2,2,0
12,54,10,2004,3,1,1,2,2,1,1,1,1,1,1,2,1,2,13,6,2,6,33,1,2,1
8,54,11,2004,2,7,1,2,2,1,1,2,1,1,1,4,1,2,8,2,1,2,32,1,0,1
9,54,11,2004,2,1,1,1,2,1,1,1,1,1,1,1,1,2,14,6,1,1,33,2,2,0
3,53,12,2004,2,1,1,2,2,1,4,1,1,1,1,1,1,2,13,6,1,2,33,1,0,0
4,54,11,2004,1,1,1,1,2,1,2,1,1,1,1,4,1,2,14,6,1,1,35,2,2,0
3,15,6,2004,1,1,1,2,1,4,1,1,1,1,1,1,1,2,14,6,1,1,33,2,2,3
3,15,11,2004,1,1,1,2,1,1,4,1,1,1,1,1,1,2,7,6,1,1,33,2,2,0
3,15,12,2004,1,1,5,1,1,1,2,1,1,1,1,1,1,2,9,6,1,1,32,2,2,0
5,58,6,2004,2,1,1,2,2,1,1,1,1,1,1,1,1,2,14,10,1,5,45,2,2,3
1,61,7,2004,1,1,1,2,2,1,4,1,1,1,1,1,1,2,14,4,1,1,28,2,2,1
8,63,9,2004,1,1,1,2,1,1,2,1,1,1,1,3,1,2,14,6,1,2,33,1,2,0
3,54,5,2004,4,1,1,2,2,1,1,1,1,1,1,3,3,2,8,6,1,3,40,2,2,0
1,55,8,2004,4,1,1,2,2,1,2,1,1,1,1,4,1,2,11,6,1,2,33,1,2,1
13,54,10,2004,1,1,1,2,2,1,2,1,1,1,1,2,1,2,13,10,1,2,33,1,0,0
5,26,10,2004,4,3,1,2,2,1,4,1,1,1,1,1,1,2,9,5,1,1,33,2,2,0
1,64,2,2004,2,1,4,2,2,1,1,1,1,1,1,5,1,1,4,6,1,1,33,2,2,3
3,64,2,2004,3,5,6,2,2,1,1,1,1,1,1,5,1,1,9,5,1,1,33,2,2,3
5,64,6,2004,3,3,1,2,2,1,1,1,1,1,1,1,1,1,14,6,1,1,35,2,2,0
1,21,10,2004,1,1,1,2,2,1,1,1,1,1,1,1,1,2,14,6,1,7,38,2,2,0
4,8,10,2004,3,1,1,1,2,1,1,1,1,1,1,2,1,2,9,6,1,1,33,2,2,0
5,1,6,2004,2,1,8,2,2,1,1,1,1,1,1,1,2,1,8,4,1,1,33,2,2,3
6,54,1,2004,2,2,1,2,2,1,1,1,1,1,1,3,1,2,10,4,1,1,28,2,2,1
1,54,4,2004,4,7,8,2,2,1,3,1,1,1,1,1,1,1,7,6,1,1,32,2,2,0
1,54,5,2004,3,1,1,2,2,1,1,1,1,1,1,1,1,1,11,6,1,1,42,1,2,2
8,54,7,2004,2,1,1,2,2,1,1,2,1,1,1,4,1,2,5,10,1,1,33,1,0,0
7,58,12,2004,3,1,1,2,2,1,1,1,1,1,1,1,1,2,9,6,1,1,38,2,2,0
7,58,12,2004,2,1,1,2,2,1,1,1,1,1,1,1,1,2,11,6,1,1,33,2,2,0
11,63,12,2004,2,1,1,2,2,1,1,2,1,1,1,3,1,2,9,6,1,1,33,2,2,0
7,63,12,2004,4,1,1,2,2,4,4,4,1,1,2,1,1,2,9,2,1,7,33,1,2,0
1,61,12,2004,1,1,1,2,2,1,2,1,1,1,1,1,1,2,14,6,1,1,32,2,2,0
2,61,11,2004,2,1,1,2,1,1,1,1,1,1,1,3,1,1,9,6,1,1,35,2,2,0
3,68,12,2004,3,1,1,2,2,1,1,2,1,1,1,3,1,2,9,2,1,1,35,2,2,0
1,62,12,2004,2,3,1,2,2,1,1,1,1,1,1,1,3,1,9,5,1,3,33,2,2,3
7,59,1,2004,4,1,1,2,2,1,4,1,1,1,1,1,1,2,9,6,1,2,33,1,0,1
2,59,1,2004,4,1,1,2,1,1,2,1,1,1,1,3,4,2,17,6,1,7,36,2,2,0
1,61,1,2004,4,1,1,2,2,1,4,1,1,1,1,1,1,2,7,6,1,2,33,1,2,1
1,61,1,2004,2,1,1,2,2,1,1,1,1,1,1,1,1,2,10,6,1,1,24,2,2,0
1,60,1,2004,3,1,1,2,2,1,1,1,1,1,1,3,1,2,12,6,1,1,45,2,2,0
1,58,1,2004,1,1,2,2,2,1,2,1,1,1,1,1,1,1,14,6,1,2,25,1,2,2