Thana,District,Month,Year,Time,Junction_Type,Traffic_Control,Movement,Divider,Weather,Light,Road_Geometry,Surface_Condition,Surface_Type,Surface_Quality,Road_Class,Road_Feature,Location_Type,Vehicle_Type,Vehicle_Movement,Vehicle_Loading,Vehicle_Defect,Vehicle_Driver_Age,Vehicle_Alcohol,Vehicle_Seat_Belt,Accident_Severity
1,58,1,2004,2,3,1,2,2,1,1,1,1,1,1,5,1,1,4,2,1,1,43,2,0,0
5,58,1,2004,1,7,1,2,2,1,4,1,1,1,1,1,1,2,14,6,1,1,33,2,2,0
5,58,1,2004,2,7,1,2,2,1,1,2,1,1,1,1,1,2,9,5,1,1,35,2,2,2
5,58,1,2004,3,1,1,2,1,1,1,1,1,1,1,1,1,2,13,6,1,1,40,2,2,0
6,58,1,2004,3,1,1,2,2,1,4,1,1,1,1,1,1,2,7,6,1,2,24,1,0,1
6,58,1,2004,3,1,2,2,1,1,1,1,1,1,1,1,1,1,14,6,1,2,33,1,2,0
6,58,1,2004,1,7,1,2,1,1,4,1,1,1,1,1,1,2,9,6,1,1,33,1,2,0
7,58,1,2004,3,1,1,2,2,1,1,1,1,1,1,1,1,2,9,6,1,1,33,2,2,0
7,58,1,2004,3,7,8,2,2,1,1,2,5,1,1,2,1,2,10,4,1,1,35,2,0,1
6,63,1,2004,3,1,1,1,2,1,1,1,1,1,1,1,1,2,9,4,1,2,40,1,2,0
6,63,1,2004,3,1,1,1,2,1,1,1,1,1,1,2,1,2,11,6,1,2,33,1,2,0
4,63,1,2004,3,1,1,2,2,1,1,1,1,1,1,1,1,2,9,4,1,2,33,1,2,1
9,63,1,2004,2,7,1,2,2,1,1,1,1,1,1,1,1,2,10,5,1,1,26,1,2,3
3,68,1,2004,3,4,1,2,2,1,1,4,1,1,2,2,1,2,12,1,1,7,32,2,2,1
1,61,2,2004,2,7,8,2,1,4,2,1,1,1,1,5,1,1,8,6,1,1,20,2,2,2
1,61,2,2004,2,1,1,2,2,1,1,1,1,1,1,1,1,2,9,6,1,2,33,1,2,0
7,59,2,2004,4,1,1,2,2,1,4,1,1,1,1,1,1,2,9,6,1,1,33,2,2,1
7,58,2,2004,3,4,4,2,2,1,4,1,1,1,1,1,1,2,9,4,1,3,42,1,0,2
10,58,2,2004,3,7,1,1,2,1,1,1,1,1,1,2,1,2,9,11,1,7,35,2,2,1
1,58,2,2004,1,6,2,2,2,1,4,4,1,1,1,2,5,2,9,5,1,1,42,2,2,1
9,63,2,2004,3,2,1,2,2,1,1,1,1,1,1,1,1,2,10,6,1,1,33,1,2,0
8,63,2,2004,3,2,1,2,2,1,1,1,1,1,1,1,1,2,10,6,1,2,32,1,2,0
14,63,2,2004,3,1,8,2,2,1,1,2,1,1,1,2,1,2,14,6,1,1,33,2,2,0
2,65,3,2004,2,2,1,2,2,1,1,2,2,1,1,1,1,2,10,1,1,1,50,2,2,3
1,61,3,2004,3,1,1,2,2,1,2,1,1,1,1,1,1,2,14,6,1,1,45,2,2,1
1,61,3,2004,2,1,1,2,2,1,1,1,1,1,1,1,1,2,8,11,1,1,28,2,2,1
1,61,3,2004,2,1,1,2,2,1,1,1,1,1,1,1,1,2,14,6,1,1,35,2,2,1
1,60,3,2004,2,1,1,2,2,1,2,1,1,1,1,1,1,1,6,6,1,2,33,2,2,0
9,63,3,2004,2,1,1,2,2,1,2,4,1,1,1,1,4,2,8,6,1,1,32,2,2,3
9,63,3,2004,4,1,1,2,1,1,4,2,1,1,1,1,1,2,8,1,1,2,33,1,0,0
6,63,3,2004,2,1,1,1,2,1,1,1,1,1,1,1,1,2,14,4,1,2,30,1,2,0
6,63,3,2004,1,1,2,1,1,1,2,1,2,1,1,1,1,2,14,6,1,2,33,2,2,0
14,63,3,2004,2,3,1,2,2,1,1,1,1,1,1,1,1,2,9,6,1,2,33,2,2,0
7,58,3,2004,2,1,1,2,2,1,2,1,1,1,1,1,1,2,14,6,2,1,33,2,2,0
1,58,3,2004,1,2,2,2,2,1,2,1,1,1,1,1,1,2,14,6,1,1,42,2,2,1
1,58,3,2004,4,7,1,2,2,1,4,1,1,1,1,1,1,2,9,6,1,2,33,2,2,0
1,58,3,2004,1,7,8,2,2,1,2,1,1,1,1,1,1,1,14,6,1,1,36,2,2,2
1,61,4,2004,4,1,1,2,2,1,4,1,1,1,3,1,1,2,14,4,1,1,30,2,2,0
1,61,4,2004,2,1,1,1,1,1,1,1,1,1,1,1,1,2,14,6,1,1,45,2,2,3
2,61,4,2004,3,2,1,2,2,1,2,1,1,1,1,1,1,2,14,6,1,3,48,2,2,0
2,61,4,2004,3,1,1,2,2,1,1,1,1,1,1,1,1,2,14,5,1,3,25,2,2,0
4,59,4,2004,2,4,2,2,1,1,1,1,1,1,1,1,1,1,14,5,2,2,40,1,2,1
5,65,4,2004,4,1,1,2,2,1,4,2,2,1,1,1,1,2,9,6,1,1,33,2,2,1
1,58,4,2004,4,1,1,2,2,1,3,1,1,1,1,1,1,1,14,6,1,2,33,2,2,1
5,58,4,2004,4,1,1,2,2,1,4,1,1,1,1,1,1,2,14,6,1,2,33,2,2,0
5,58,4,2004,4,1,1,2,2,1,2,1,1,1,1,1,1,2,17,11,1,1,26,2,2,0
5,58,4,2004,1,7,1,2,2,1,4,1,1,1,1,1,1,2,14,6,1,1,33,2,2,1
2,58,4,2004,3,7,1,1,1,1,1,1,1,1,1,1,1,2,14,10,1,1,32,2,2,0
3,68,4,2004,3,1,1,2,2,1,1,4,1,2,1,4,1,2,14,2,1,2,30,2,2,0
1,60,4,2004,2,1,1,2,2,1,1,1,1,1,1,2,1,2,9,6,1,1,40,1,2,0
10,63,4,2004,3,7,1,2,2,1,1,1,1,1,1,3,3,2,9,4,1,1,30,2,2,0
1,57,5,2004,3,2,2,1,2,1,1,2,1,1,1,1,1,2,9,2,2,7,33,1,0,1
1,57,5,2004,2,1,8,2,2,1,1,1,1,1,1,1,1,2,14,4,1,1,28,1,2,1
1,61,5,2004,2,1,1,2,2,1,1,1,1,1,1,2,1,2,14,6,1,6,35,2,2,1
1,61,5,2004,1,1,1,2,2,1,2,1,1,1,3,1,1,2,14,6,1,1,51,2,2,2
1,61,5,2004,2,2,1,2,2,2,1,1,2,1,1,2,1,2,9,6,1,1,35,2,2,3
1,61,5,2004,2,1,1,2,2,1,1,1,1,1,3,1,1,2,10,6,1,2,33,1,2,1
1,61,5,2004,1,1,1,2,2,1,4,1,1,1,3,1,1,2,14,6,1,1,49,2,2,1
14,63,5,2004,2,2,1,1,2,1,2,1,1,1,3,1,1,2,9,6,1,7,33,2,2,1
9,63,5,2004,3,1,1,2,2,1,1,1,1,1,1,1,1,2,8,1,1,2,33,1,0,0
2,65,5,2004,2,1,1,2,2,1,1,1,1,1,1,1,1,2,14,6,1,2,35,2,2,0
2,59,6,2004,2,2,1,2,2,1,1,1,1,1,1,3,1,2,14,6,1,3,45,1,2,1
1,61,6,2004,3,1,1,2,2,1,1,1,1,1,1,1,1,2,14,4,1,1,25,2,2,1
1,61,6,2004,2,1,1,2,2,1,1,1,1,1,3,1,1,2,14,4,1,1,48,2,2,1
1,61,6,2004,1,1,1,2,2,2,4,1,2,1,1,1,1,2,8,10,1,3,32,2,2,0
2,61,6,2004,2,2,1,2,2,1,1,1,1,1,1,1,1,2,14,9,1,1,37,2,2,0
1,68,6,2004,3,4,1,2,2,2,1,2,2,1,1,2,1,2,11,1,1,1,36,2,2,3
1,58,6,2004,2,1,1,2,2,1,1,1,1,1,1,1,1,2,9,6,1,2,33,2,0,0
1,58,6,2004,1,1,1,1,1,1,4,1,1,1,2,1,1,1,9,6,1,2,33,1,2,1
1,58,6,2004,1,1,1,2,1,1,4,1,1,1,1,1,1,2,9,6,1,2,33,2,2,0
1,58,6,2004,1,1,1,2,2,1,2,1,1,1,1,1,1,2,9,6,1,1,33,2,2,0
1,58,6,2004,3,1,1,2,1,1,1,1,1,1,1,1,1,2,9,6,1,2,33,2,2,0
5,65,6,2004,4,2,1,2,1,1,2,1,1,1,1,1,1,1,7,6,2,1,33,2,0,1
1,58,6,2004,4,1,1,2,1,1,4,1,1,1,1,1,1,2,9,6,1,1,33,2,2,3
1,58,6,2004,4,7,8,2,2,2,4,1,2,1,1,1,1,2,13,6,1,7,25,2,2,0
11,63,6,2004,2,1,1,2,2,1,1,2,1,1,1,1,1,2,9,1,1,1,45,2,2,1
5,65,7,2004,1,7,1,2,2,2,4,2,2,1,1,1,1,2,9,4,1,2,38,2,2,0
10,58,7,2004,4,7,1,1,2,1,2,1,1,1,1,3,1,2,9,11,1,2,33,1,0,1
7,58,7,2004,3,1,1,2,2,1,1,1,1,1,1,1,3,2,14,6,1,5,33,1,2,0
1,67,7,2004,3,7,1,2,2,2,1,2,2,1,3,1,1,1,9,6,1,1,32,2,2,3
14,63,7,2004,2,1,1,2,2,1,2,1,1,1,1,1,1,1,9,6,1,1,33,2,2,2
1,58,8,2004,2,1,1,2,2,1,1,1,1,1,1,1,1,2,19,6,1,1,33,1,2,3
8,63,8,2004,4,2,1,2,2,1,2,1,1,1,1,1,1,2,14,2,1,1,33,2,2,0
1,65,8,2004,2,1,1,2,2,1,1,2,1,1,1,1,1,2,11,6,1,1,35,2,2,0
1,62,9,2004,2,1,1,2,2,1,1,1,1,1,1,2,1,2,9,1,1,1,34,1,2,0
1,58,9,2004,4,1,1,2,2,1,4,1,1,1,1,1,1,2,14,6,1,1,40,2,2,1
5,58,9,2004,2,7,1,2,1,1,2,1,1,1,1,1,1,2,14,6,1,1,35,1,2,0
8,63,9,2004,3,2,1,2,1,1,1,1,1,1,1,1,1,2,9,5,1,1,33,2,2,0
13,63,9,2004,4,1,1,2,2,1,4,1,1,1,1,1,1,2,9,6,1,2,33,2,2,0
10,63,9,2004,2,1,1,2,2,1,1,1,1,1,1,3,1,2,9,7,1,7,30,2,2,0
14,63,9,2004,2,3,1,2,2,1,2,1,2,1,1,1,1,2,14,10,1,1,25,2,2,2
1,61,10,2004,1,1,1,2,2,1,4,1,1,1,1,1,1,2,14,5,1,1,33,2,2,2
2,65,10,2004,2,1,1,2,2,1,1,1,1,1,1,1,1,2,7,6,1,1,33,1,2,0
1,65,10,2004,3,1,1,2,2,1,1,2,1,1,1,1,1,2,14,6,1,2,33,2,2,0
2,65,10,2004,2,1,1,2,2,1,1,1,1,1,1,1,1,2,5,6,1,2,33,2,2,0
1,58,10,2004,1,1,1,2,2,1,4,1,1,1,1,1,1,2,9,6,1,1,33,2,2,0
6,58,10,2004,2,1,1,2,2,1,1,1,1,1,1,1,1,2,7,6,1,1,27,1,2,0
1,57,10,2004,4,7,8,2,2,1,1,1,1,1,1,1,1,2,14,5,1,2,40,1,2,3
8,57,10,2004,2,1,1,2,2,1,1,1,1,1,1,1,1,2,7,5,1,1,33,2,2,0
14,63,10,2004,2,3,1,2,1,1,1,1,1,1,1,1,1,2,9,6,1,1,33,2,2,0
8,63,10,2004,3,2,1,2,2,1,1,1,1,1,1,1,1,2,9,6,1,1,45,2,2,0
6,63,10,2004,3,7,1,2,2,1,1,1,1,1,1,2,1,2,9,5,1,1,33,2,2,0
10,63,10,2004,4,1,1,2,2,1,4,1,1,1,1,3,1,2,9,4,1,1,30,2,2,3
1,67,11,2004,2,1,8,2,2,1,1,2,1,1,1,1,1,1,13,5,1,7,33,1,2,3
1,62,11,2004,2,1,1,2,2,1,1,1,1,1,1,2,1,2,9,6,1,2,33,1,2,1
2,62,11,2004,2,1,1,2,2,1,1,1,1,1,1,3,1,2,9,1,1,1,34,1,2,1
1,58,11,2004,3,7,2,2,2,1,1,1,1,1,1,2,1,2,10,6,1,1,33,1,2,1
1,58,11,2004,2,7,8,2,1,1,1,1,1,1,2,2,1,2,8,11,1,1,29,2,2,2
7,58,11,2004,3,1,1,2,2,1,1,1,1,1,1,1,1,2,9,6,1,1,35,2,2,0
7,58,11,2004,3,3,1,2,2,1,1,1,1,1,1,1,1,2,9,6,1,1,38,2,2,0
10,58,11,2004,3,1,1,1,2,1,1,1,1,1,1,4,1,2,9,6,1,7,46,2,2,0
6,58,11,2004,2,1,1,2,2,1,1,1,1,1,1,1,1,2,9,6,1,1,40,1,2,0
6,58,11,2004,3,1,1,2,2,2,1,1,2,1,1,1,1,1,14,6,1,6,40,2,2,1
9,58,11,2004,4,1,1,2,2,1,4,1,1,1,1,1,1,2,14,6,1,1,31,2,2,3
4,63,11,2004,2,6,1,2,1,1,1,3,1,2,2,4,4,2,14,6,1,7,33,1,2,0
1,61,11,2004,3,7,1,2,2,1,1,1,1,1,1,1,1,2,12,6,1,1,33,2,2,1
2,61,11,2004,2,1,1,2,1,1,1,1,1,1,1,4,3,2,9,6,1,1,45,2,2,1
1,61,10,2004,3,7,1,2,2,1,1,1,1,1,1,1,1,2,9,5,1,1,33,2,2,0
2,58,9,2004,3,1,1,2,2,1,1,1,1,1,1,1,1,2,9,6,1,1,45,2,2,0
5,58,6,2004,2,7,1,2,2,1,1,1,1,1,1,1,1,2,13,6,1,1,33,2,2,0
1,61,2,2004,3,1,1,2,2,1,1,1,1,1,1,1,1,1,9,6,1,1,33,1,0,0
1,61,4,2004,3,2,4,2,2,1,1,1,1,1,1,1,1,1,14,6,1,1,39,2,2,0
4,14,7,2004,3,2,4,2,2,1,1,1,1,1,1,1,1,1,14,6,1,1,40,1,2,1
2,14,9,2004,3,7,1,1,2,2,1,1,2,1,1,5,1,1,9,6,1,1,38,2,2,2
1,14,10,2004,3,1,2,1,1,1,1,1,1,1,1,5,1,1,9,6,1,1,33,2,2,2
1,14,11,2004,2,7,4,2,2,1,1,1,1,1,1,1,1,1,9,8,1,1,33,2,2,0
2,14,11,2004,4,1,1,2,2,1,4,1,1,1,1,1,1,1,14,5,1,1,38,2,2,0
3,14,1,2004,2,1,1,2,2,1,1,1,1,1,1,5,1,1,9,2,1,1,42,2,2,0
3,14,2,2004,2,3,5,2,2,1,1,2,1,1,1,1,1,1,14,3,1,1,23,2,1,0
3,14,5,2004,4,1,3,2,2,1,1,1,1,1,1,1,1,1,8,4,1,1,30,2,2,1
11,16,8,2004,1,7,8,1,2,1,4,1,1,1,1,1,2,1,9,11,1,7,33,1,2,1
11,16,10,2004,3,1,1,1,2,1,1,1,1,1,1,1,1,2,13,11,1,1,33,2,2,1
2,30,1,2004,4,3,1,2,2,1,4,1,1,1,1,2,1,2,6,4,1,1,33,2,2,0
2,30,1,2004,4,7,8,2,2,1,4,3,1,1,1,4,3,2,6,11,1,1,22,2,2,1
5,30,7,2004,3,1,1,2,2,1,1,1,1,1,1,4,1,2,9,6,1,1,33,2,2,0
4,34,6,2004,3,1,1,2,2,1,1,1,1,1,1,4,1,2,9,6,1,1,33,2,2,1
6,34,3,2004,3,1,1,2,2,1,1,1,1,1,1,1,1,2,9,6,1,1,33,2,2,1
6,34,4,2004,3,1,1,2,2,1,1,1,1,1,1,1,1,2,6,1,1,2,33,2,2,0
8,13,3,2004,2,1,1,2,2,1,2,2,1,1,1,1,1,2,14,6,1,7,33,2,2,1
10,9,7,2004,3,4,4,2,2,4,4,1,1,1,1,1,1,2,13,1,1,1,20,2,2,1
10,9,7,2004,4,1,1,2,2,2,1,1,2,1,1,1,3,2,14,6,1,1,45,2,2,2
1,9,4,2004,2,1,1,2,2,2,1,2,2,1,1,1,1,2,11,2,1,1,35,2,2,1
9,13,9,2004,2,1,1,2,1,1,2,1,2,1,1,3,1,2,8,6,1,1,40,2,2,3
7,13,11,2004,4,7,8,1,2,1,2,1,1,1,1,2,1,2,13,6,1,7,33,2,2,1
5,43,5,2004,2,1,1,2,2,1,4,1,1,1,1,1,1,2,7,6,1,1,33,2,2,0
5,43,5,2004,2,1,1,1,1,1,1,1,1,1,1,1,1,2,9,6,1,1,33,2,2,0
2,43,6,2004,3,1,1,2,1,1,1,1,1,1,3,1,4,2,9,6,1,1,33,2,2,0
1,43,7,2004,1,1,1,2,2,1,1,1,1,1,1,4,1,2,14,6,1,1,33,2,2,0
2,43,9,2004,3,1,1,2,2,1,1,1,1,1,1,1,1,2,12,3,1,1,33,2,2,2
12,51,9,2004,1,1,1,2,1,1,1,1,1,1,1,2,1,2,9,6,1,1,33,2,2,0
9,51,10,2004,3,7,1,2,2,1,1,1,1,1,1,2,1,2,8,6,1,1,33,2,2,1
1,50,1,2004,2,1,1,2,2,1,1,1,1,1,1,1,1,2,14,6,1,1,33,2,2,1
2,43,1,2004,2,1,1,2,2,1,1,1,1,1,1,1,1,2,14,6,1,1,33,2,2,2
3,38,2,2004,2,1,1,2,2,1,4,1,1,1,1,1,1,2,7,6,1,1,33,2,2,0
13,50,6,2004,3,1,1,2,2,1,1,1,1,1,1,2,1,2,9,6,1,1,33,2,2,1
13,50,9,2004,2,1,1,2,2,1,1,1,1,1,1,2,1,2,9,6,1,1,33,2,2,0
3,44,1,2004,2,1,1,2,2,1,1,1,1,1,1,3,1,2,9,6,1,1,33,2,2,0
3,44,1,2004,2,1,1,2,2,1,1,1,1,1,1,1,1,2,10,6,1,1,33,2,2,1
7,44,1,2004,2,1,1,2,2,1,1,1,1,1,1,1,1,2,10,6,1,1,33,2,2,1
1,41,9,2004,1,1,1,2,2,1,3,1,1,1,1,1,1,2,14,6,1,1,33,2,2,0
3,44,2,2004,1,1,1,2,2,1,1,1,1,1,1,1,1,2,10,6,1,1,33,2,2,0
2,44,2,2004,1,1,1,2,2,1,3,1,1,1,2,1,4,2,19,6,1,1,33,2,2,0
7,44,2,2004,2,1,1,2,2,1,1,1,1,1,1,1,1,2,14,6,1,1,33,2,2,3
2,46,2,2004,1,1,1,2,2,1,2,1,1,1,1,1,1,1,9,6,1,1,33,2,2,0
2,43,3,2004,2,1,1,2,2,1,1,1,1,1,1,1,1,2,14,6,1,1,33,2,2,3
3,43,12,2004,2,1,1,2,2,1,1,1,1,1,1,4,1,2,5,1,1,1,33,2,2,1
4,52,2,2004,2,1,1,2,2,1,1,1,1,1,1,3,4,2,1,6,1,1,33,2,2,0
1,52,8,2004,2,1,1,2,2,2,1,2,2,1,1,2,1,2,10,6,1,1,30,2,2,0
10,52,9,2004,3,1,1,2,2,1,1,2,1,1,1,2,1,2,9,6,1,1,33,2,2,3
1,35,6,2004,1,1,4,2,1,1,1,1,1,1,1,1,1,1,12,6,1,1,30,2,2,1
2,35,6,2004,4,1,1,2,2,1,4,1,1,1,1,2,1,2,14,4,1,1,29,2,2,0
1,39,6,2004,1,1,1,2,2,1,1,3,1,1,1,1,1,2,9,6,1,1,33,2,2,1
1,39,8,2004,4,7,1,2,2,1,1,1,1,1,1,2,1,2,14,6,1,1,33,2,2,3
3,39,9,2004,5,1,1,2,2,1,1,1,1,1,1,1,1,2,2,6,1,1,33,2,2,0
3,39,12,2004,1,1,1,2,2,1,4,1,1,1,1,1,1,2,6,6,1,1,40,2,2,0
7,44,5,2004,3,1,1,2,2,1,1,1,1,1,1,1,1,2,14,6,1,1,33,2,2,1
6,38,5,2004,4,1,1,2,2,1,1,1,1,1,1,1,1,2,14,6,1,1,33,2,2,0
6,38,6,2004,2,1,1,2,2,1,1,1,1,1,1,1,1,2,14,6,1,1,33,2,2,0
1,38,7,2004,2,1,1,2,2,1,1,1,1,1,1,1,1,2,9,6,1,1,33,2,2,0
6,38,7,2004,2,1,1,2,2,1,1,1,1,1,1,1,1,2,14,6,1,1,38,2,2,1
7,38,8,2004,3,1,1,2,2,1,1,1,1,1,1,1,1,2,9,6,1,1,33,2,2,0
10,50,12,2004,4,1,1,2,2,1,2,1,1,1,1,1,1,2,9,6,1,1,38,2,2,0
12,51,9,2004,2,1,1,2,2,1,1,1,1,1,1,2,1,2,9,6,1,1,33,2,2,0
4,44,7,2004,4,1,1,2,2,1,3,1,1,1,1,5,1,2,9,6,1,1,33,2,2,3
2,44,8,2004,1,1,1,2,2,1,2,1,1,1,1,3,1,2,8,6,1,1,33,2,2,0
4,44,12,2004,4,7,1,2,2,1,3,1,1,1,1,3,1,2,9,6,1,1,33,2,2,0
3,44,10,2004,2,1,1,2,2,1,1,1,1,1,1,1,1,2,12,6,1,1,33,2,2,0
3,44,11,2004,2,1,1,2,2,1,1,1,1,1,1,1,1,2,7,6,1,1,33,2,2,0
7,44,8,2004,1,1,1,2,2,1,2,1,1,1,1,1,1,2,19,6,1,1,33,2,2,0
6,44,12,2004,1,1,1,2,2,1,1,1,1,1,1,1,1,2,9,1,1,1,33,2,2,0
2,44,12,2004,3,1,1,2,2,1,1,1,1,1,1,1,1,2,9,6,1,1,33,2,2,0
2,46,9,2004,3,1,1,2,2,1,1,1,1,1,1,1,1,2,14,6,1,1,33,2,2,0
2,46,12,2004,2,1,1,2,2,1,4,1,1,1,1,1,1,2,9,6,1,1,33,2,2,0
1,39,6,2004,2,7,1,2,2,1,1,1,1,1,1,1,1,2,14,6,1,1,33,2,2,2
1,39,8,2004,2,7,1,2,2,1,2,1,1,1,1,1,1,2,14,6,1,1,33,2,2,3
1,39,10,2004,2,1,1,2,2,1,1,1,1,1,1,1,1,2,14,6,1,1,33,2,2,0
5,40,6,2004,2,1,1,2,2,1,1,1,1,1,1,1,1,2,7,6,1,1,33,2,2,0
6,40,4,2004,4,1,1,2,2,1,4,1,1,1,1,1,1,2,14,6,1,1,33,2,2,0
6,40,11,2004,1,1,1,2,2,1,4,1,1,1,1,1,1,2,9,6,1,1,33,2,2,1
3,40,11,2004,1,1,1,2,2,1,2,1,1,1,1,1,1,2,14,6,1,1,33,2,2,0
5,40,6,2004,3,1,1,2,2,1,1,1,1,1,1,1,1,2,9,6,1,1,33,2,2,0
1,40,10,2004,5,1,4,2,2,1,4,1,1,1,1,1,1,2,14,6,1,1,33,2,2,2
1,40,8,2004,2,7,1,2,2,1,1,1,1,1,1,1,1,2,9,6,1,1,33,2,2,0
1,40,8,2004,1,1,1,2,2,1,1,1,1,1,1,1,1,2,12,8,1,1,33,2,2,0
1,47,1,2004,4,1,1,2,2,1,3,1,1,1,1,1,1,1,11,6,1,1,33,2,2,2
2,47,1,2004,3,1,1,2,2,1,3,1,1,1,1,1,1,2,14,6,1,1,33,2,2,0
9,47,1,2004,2,1,1,2,2,1,1,1,1,1,1,1,1,2,14,6,1,1,33,2,2,0
9,47,1,2004,2,1,1,2,2,1,1,1,1,1,1,1,1,2,8,6,1,1,50,2,2,0
12,47,1,2004,3,1,1,2,2,1,1,1,1,1,1,1,1,2,9,6,1,1,33,2,2,0
6,45,1,2004,1,1,1,2,2,1,4,1,1,1,1,1,1,2,14,6,1,1,33,2,2,0
6,45,1,2004,2,1,1,2,2,1,1,1,1,1,1,1,1,2,9,6,1,1,33,2,2,1
1,45,2,2004,3,1,1,2,2,1,1,1,1,1,1,1,1,2,13,6,1,1,33,2,2,1
6,45,2,2004,1,1,1,2,2,1,4,1,1,1,1,1,1,2,14,6,1,1,33,2,2,1
7,47,3,2004,3,1,1,2,2,1,1,1,1,1,1,1,1,2,8,6,1,1,33,2,2,0
5,47,5,2004,3,1,1,2,2,1,1,1,1,1,1,3,1,2,8,6,1,1,33,2,2,0
9,47,5,2004,3,1,1,2,2,1,1,1,1,1,1,1,1,2,9,6,1,1,33,2,2,0
2,45,3,2004,1,1,1,2,2,4,4,1,1,1,1,1,1,2,9,6,1,1,33,2,2,0
5,45,4,2004,2,1,1,2,2,1,1,1,1,1,1,1,1,2,11,6,1,1,33,2,2,1
6,45,4,2004,2,1,1,2,2,1,1,1,1,1,1,1,1,2,17,6,1,1,33,2,2,0
6,45,5,2004,3,1,1,2,2,1,1,1,1,1,1,3,1,2,14,6,1,1,33,2,2,0
6,45,5,2004,1,1,1,2,2,1,2,1,1,1,1,1,1,2,13,6,1,1,40,2,2,0
6,45,5,2004,3,1,1,2,2,1,1,1,1,1,1,3,1,2,13,1,1,1,33,2,2,1
1,45,8,2004,1,1,1,2,2,1,4,1,1,1,3,1,1,2,8,6,1,1,33,2,2,1
6,45,8,2004,2,1,1,2,2,1,1,1,1,1,1,1,1,2,14,6,1,1,33,2,2,0
6,45,9,2004,2,1,1,2,2,1,1,1,1,1,1,1,1,2,14,6,1,1,33,2,2,1
6,45,9,2004,1,1,1,2,2,1,2,1,2,1,1,1,1,2,9,6,1,1,33,2,2,0
6,45,11,2004,1,1,1,2,2,1,1,1,1,1,1,1,1,2,14,6,1,1,33,2,2,3
1,42,1,2004,1,2,8,1,1,1,3,1,1,1,1,5,1,1,15,6,1,1,33,1,2,0
9,42,3,2004,4,1,1,2,1,1,3,1,1,1,1,5,1,1,10,6,1,1,33,2,2,1
9,42,2,2004,4,3,1,2,1,1,3,1,1,1,1,5,1,1,14,6,1,1,33,2,2,1
9,42,5,2004,3,1,1,2,1,1,1,1,1,1,1,5,1,1,8,6,1,1,33,2,2,2
1,42,5,2004,4,1,1,2,2,1,3,1,1,1,1,5,1,1,9,6,1,1,33,2,2,0
21,42,3,2004,2,1,1,2,1,1,1,1,1,1,1,5,1,1,14,6,1,1,30,2,2,1
21,42,3,2004,2,1,1,2,2,1,1,1,1,1,1,5,1,1,9,6,1,2,25,2,2,1
18,42,4,2004,1,3,4,1,1,1,2,1,1,1,1,5,1,1,10,6,1,1,33,2,2,1
6,42,4,2004,1,1,1,2,1,1,3,1,1,1,1,5,1,1,14,6,1,1,33,2,2,1
2,42,2,2004,4,3,4,1,1,1,3,1,1,1,1,5,1,1,14,6,1,1,33,2,2,1
2,42,5,2004,4,1,1,2,1,1,3,1,1,1,1,5,1,1,9,6,1,1,33,2,2,1
2,42,8,2004,4,3,4,2,1,1,3,1,1,1,1,5,1,1,19,6,1,1,33,2,2,1
9,42,10,2004,2,1,1,2,1,1,1,1,1,1,1,5,1,1,9,6,1,1,33,2,2,2
12,42,12,2004,4,5,6,2,1,1,3,1,1,1,1,5,1,1,10,6,1,1,33,2,2,2
8,42,12,2004,2,1,1,2,1,1,2,1,1,1,1,5,1,1,8,6,1,1,33,2,2,1
21,42,12,2004,3,1,1,2,1,1,1,1,1,1,1,5,1,1,14,1,1,1,33,2,2,0
21,42,12,2004,1,1,1,2,1,1,3,1,1,1,1,5,1,1,14,6,1,1,33,2,2,0
1,2,3,2004,2,1,1,2,2,1,1,2,1,1,1,3,1,2,5,6,2,1,32,2,2,0
1,2,3,2004,4,7,8,1,2,1,2,2,1,1,2,3,1,2,4,6,1,7,33,2,2,0
10,3,2,2004,2,1,8,2,2,4,2,1,1,1,1,1,2,2,14,6,1,7,50,2,2,0
3,8,2,2004,1,1,1,2,2,4,4,1,1,1,1,1,1,2,9,4,1,1,33,2,2,0
3,3,6,2004,4,1,2,2,2,1,4,1,1,1,1,3,1,1,9,6,1,1,28,2,2,0
10,3,5,2004,2,1,1,2,2,2,1,2,1,1,1,1,1,2,9,5,1,1,38,2,2,0
5,8,7,2004,2,1,1,2,2,2,1,1,2,1,1,3,2,2,9,4,1,1,45,2,2,1
7,17,3,2004,4,1,2,1,1,1,4,2,1,1,1,1,2,1,14,2,1,1,35,2,2,3
1,17,11,2004,3,1,1,2,2,1,1,1,1,1,1,1,1,2,14,6,1,1,33,2,2,0
1,2,7,2004,3,1,1,2,2,2,1,1,2,1,1,1,1,2,8,11,1,1,33,2,2,0
12,9,2,2004,4,1,1,2,2,1,2,1,1,1,1,1,1,1,14,5,1,1,33,2,2,3
6,9,5,2004,2,3,5,1,2,1,1,1,1,1,1,2,1,1,8,7,1,1,33,2,2,0
10,9,8,2004,1,7,1,1,2,2,4,2,2,1,1,1,1,2,14,2,1,1,40,2,2,0
6,3,3,2004,4,2,1,1,2,1,1,1,1,1,2,3,1,1,14,6,1,7,41,2,2,0
7,3,1,2004,2,1,1,1,2,1,1,2,1,1,1,2,1,2,17,5,1,1,33,2,1,0