Thana,District,Month,Year,Time,Junction_Type,Traffic_Control,Movement,Divider,Weather,Light,Road_Geometry,Surface_Condition,Surface_Type,Surface_Quality,Road_Class,Road_Feature,Location_Type,Vehicle_Type,Vehicle_Movement,Vehicle_Loading,Vehicle_Defect,Vehicle_Driver_Age,Vehicle_Alcohol,Vehicle_Seat_Belt,Accident_Severity
6,42,10,2004,2,1,1,2,2,1,1,1,1,1,1,5,1,1,9,5,1,1,33,2,2,0
5,24,2,2004,2,1,1,2,2,1,1,1,1,1,1,1,1,1,8,6,2,5,46,2,2,0
1,42,1,2004,1,2,2,1,1,1,3,1,1,1,1,5,1,1,14,6,1,1,33,1,2,1
1,42,1,2004,4,1,1,2,2,1,3,1,1,1,1,5,1,1,8,6,1,1,28,1,2,3
1,42,3,2004,2,5,4,1,1,1,1,1,1,1,1,5,1,1,8,6,1,1,33,2,2,3
9,42,1,2004,3,1,4,2,1,1,1,1,1,1,1,5,1,1,14,6,1,1,33,2,2,2
9,42,1,2004,2,7,4,2,1,1,1,1,1,1,1,5,1,1,8,6,1,1,33,2,2,2
9,42,1,2004,2,7,6,2,1,1,1,1,1,1,1,5,1,1,19,6,1,1,33,2,2,2
10,42,2,2004,2,3,6,2,1,1,1,1,1,1,1,5,1,1,7,6,1,1,33,2,2,2
11,42,1,2004,2,3,2,1,1,1,1,1,1,1,1,5,1,1,8,6,1,1,22,2,2,1
9,42,3,2004,3,1,1,2,1,1,1,1,1,1,1,5,1,1,8,6,1,1,33,2,2,1
9,42,3,2004,4,3,6,2,1,1,3,1,1,1,1,5,1,1,10,6,1,2,33,2,2,2
9,42,3,2004,1,1,1,2,1,1,3,1,1,1,1,5,1,1,14,6,1,1,33,2,2,1
9,42,4,2004,3,1,1,2,1,1,1,1,1,1,1,5,1,1,7,6,1,1,33,2,2,1
9,42,5,2004,4,7,6,2,1,1,3,1,1,1,1,5,1,1,14,6,1,1,33,2,2,2
9,42,5,2004,2,3,6,2,1,1,1,1,1,1,1,5,1,1,8,6,1,1,33,2,2,1
9,42,5,2004,3,3,6,2,1,1,1,1,1,1,1,5,1,1,8,6,1,1,33,2,2,2
9,42,6,2004,4,5,6,2,1,1,3,1,1,1,1,5,1,1,12,6,1,2,33,1,0,1
1,42,4,2004,3,3,4,2,1,1,1,1,1,1,1,5,1,1,10,6,1,1,33,2,2,0
1,42,4,2004,3,1,1,2,1,1,1,1,1,1,1,5,1,1,9,6,1,1,33,2,2,1
1,42,4,2004,1,7,8,2,1,1,3,1,1,1,1,5,1,1,10,6,1,2,33,2,2,1
1,42,4,2004,4,3,6,2,1,1,3,1,1,1,1,5,1,1,9,6,1,1,33,2,2,1
1,42,5,2004,2,1,4,2,1,1,1,1,1,1,1,5,1,1,9,6,1,2,33,2,2,2
1,42,5,2004,3,1,1,2,1,1,1,1,1,1,1,5,1,1,10,6,1,2,33,2,2,2
1,42,6,2004,1,5,6,2,1,1,3,1,1,1,1,5,1,1,14,6,1,1,33,2,2,0
1,42,6,2004,2,3,6,2,1,1,1,1,1,1,1,5,1,1,9,6,1,1,33,2,2,2
1,42,6,2004,2,3,6,2,1,1,1,1,1,1,1,5,1,1,9,6,1,1,33,2,2,2
1,42,7,2004,3,5,1,2,2,1,1,2,1,1,1,5,1,1,10,6,1,1,33,2,2,2
13,42,7,2004,2,1,8,1,1,1,1,1,1,1,1,5,1,1,9,6,1,1,42,2,2,2
11,42,6,2004,1,3,1,1,1,1,3,1,1,1,1,5,1,1,14,6,1,1,33,2,2,3
10,42,6,2004,4,7,6,2,1,1,3,1,1,1,1,5,1,1,10,6,1,1,33,2,2,3
9,42,7,2004,2,3,6,2,1,1,1,1,1,1,1,5,1,1,9,6,1,1,33,2,2,2
9,42,8,2004,2,7,6,2,1,1,1,1,1,1,1,5,1,1,10,6,1,1,33,2,2,2
9,42,8,2004,2,1,1,2,1,1,1,1,1,1,1,5,1,1,14,6,1,1,33,2,2,2
9,42,8,2004,3,3,6,2,1,1,1,1,1,1,1,5,1,1,8,6,1,1,33,2,2,2
9,42,8,2004,2,5,2,1,1,1,1,1,1,1,1,5,1,1,9,6,1,1,33,2,2,2
9,42,9,2004,2,1,1,2,1,1,1,1,1,1,1,5,1,1,9,6,1,1,28,2,2,3
9,42,9,2004,4,2,6,2,1,1,3,1,1,1,1,5,1,1,8,6,1,1,33,2,2,3
21,42,1,2004,2,1,1,2,1,1,3,1,1,1,1,5,1,1,14,6,1,1,33,1,2,2
2,42,6,2004,4,1,1,2,1,1,3,1,1,1,1,5,1,1,14,6,1,1,28,2,2,1
9,42,10,2004,4,5,6,2,1,1,3,1,1,1,1,5,1,1,9,6,1,1,33,2,2,1
9,42,10,2004,1,5,4,2,1,1,3,1,1,1,1,5,1,1,9,6,1,1,33,2,2,1
9,42,10,2004,3,1,1,2,1,1,1,1,1,1,1,5,1,1,9,6,1,1,33,2,2,2
9,42,10,2004,2,1,1,2,1,1,1,1,1,1,1,5,1,1,8,6,1,1,33,2,2,1
12,42,3,2004,1,1,1,2,1,1,3,1,1,1,1,5,1,1,9,6,1,1,33,2,2,1
12,42,5,2004,1,3,1,2,1,1,1,1,1,1,1,5,1,1,7,6,1,2,33,2,2,1
12,42,6,2004,1,3,6,2,1,1,3,1,1,1,1,5,1,1,19,6,1,2,33,1,0,1
12,42,6,2004,1,1,1,1,1,1,2,1,1,1,1,5,1,1,19,6,1,2,33,2,2,1
12,42,6,2004,2,1,1,2,1,1,1,1,1,1,1,5,1,1,7,6,1,2,33,2,2,2
12,42,6,2004,3,3,6,2,1,1,1,1,1,1,1,5,1,1,12,6,1,1,33,2,2,2
12,42,6,2004,3,5,6,2,1,1,3,1,1,1,1,5,1,1,10,6,1,1,33,2,2,2
12,42,8,2004,2,1,1,2,1,1,1,1,1,1,1,5,1,1,9,6,1,2,33,2,2,1
12,42,9,2004,4,3,6,2,1,1,3,1,1,1,1,5,1,1,11,6,1,1,33,2,2,2
12,42,12,2004,3,3,6,2,1,1,1,1,1,1,1,5,1,1,9,6,1,1,33,2,2,1
17,42,1,2004,2,1,1,2,1,1,1,1,1,1,1,5,1,1,10,6,1,1,33,2,2,3
17,42,7,2004,3,3,6,2,1,1,1,1,1,1,1,5,1,1,8,6,1,1,33,2,2,2
17,42,7,2004,4,1,1,2,1,1,1,1,1,1,1,5,1,1,8,6,1,1,33,2,2,1
17,42,10,2004,2,1,4,2,1,1,1,1,1,1,1,5,1,1,9,6,1,1,33,2,2,1
17,42,3,2004,3,1,1,2,1,1,1,1,1,1,1,5,1,1,8,6,1,1,33,2,2,2
14,42,10,2004,3,2,6,2,1,1,1,1,1,1,1,5,1,1,7,6,1,1,33,2,2,3
16,42,3,2004,1,1,1,2,1,1,3,1,1,1,1,5,1,1,14,6,1,1,33,1,0,1
8,42,5,2004,4,2,6,2,1,1,3,1,1,1,1,5,1,1,8,6,1,1,25,2,2,1
8,42,7,2004,2,1,1,2,1,1,1,1,1,1,1,5,1,1,14,6,1,1,33,2,2,2
8,42,8,2004,2,3,1,2,1,1,1,1,1,1,1,5,1,1,11,6,1,2,33,2,2,2
8,42,11,2004,2,3,6,2,1,1,1,1,1,1,1,5,1,1,8,6,1,1,33,2,2,2
1,42,8,2004,3,1,1,2,1,1,1,1,1,1,1,5,1,1,8,6,1,2,33,2,2,1
1,42,8,2004,2,2,6,2,1,1,1,1,1,1,1,5,1,1,9,6,1,1,35,2,2,2
1,42,7,2004,2,3,1,2,1,1,1,1,1,1,1,5,1,1,9,6,1,1,33,2,2,2
1,42,8,2004,3,1,1,2,1,1,1,1,1,1,1,5,1,1,8,6,1,2,33,2,2,2
1,42,8,2004,2,2,6,2,1,1,1,1,1,1,1,5,1,1,8,6,1,1,33,2,2,2
1,42,9,2004,3,1,1,2,1,1,1,1,1,1,1,5,1,1,8,6,1,1,33,2,2,2
1,42,9,2004,2,1,1,2,1,1,1,1,1,1,1,5,1,1,10,6,1,1,33,2,2,2
1,42,9,2004,3,2,6,2,1,1,1,1,1,1,1,5,1,1,9,6,1,1,33,2,2,2
1,42,10,2004,4,1,1,2,1,1,3,1,1,1,1,5,1,1,8,6,1,1,33,2,2,2
1,42,10,2004,2,3,6,2,1,1,1,1,1,1,1,5,1,1,10,6,1,1,33,2,2,2
1,42,12,2004,2,3,6,2,1,1,1,1,1,1,1,5,1,1,8,6,1,1,33,2,2,1
1,42,12,2004,3,3,4,2,1,1,1,1,1,1,1,5,1,1,8,6,1,1,33,2,2,2
9,42,12,2004,3,1,4,2,1,1,1,1,1,1,1,5,1,1,8,6,1,1,33,2,2,2
9,42,12,2004,2,1,4,2,1,1,1,1,1,1,1,5,1,1,7,6,1,1,33,2,2,2
17,42,12,2004,2,5,6,2,1,1,1,1,1,1,1,5,1,1,9,5,1,1,33,2,2,2
6,42,11,2004,3,1,1,2,2,1,1,1,1,1,1,5,1,1,8,6,1,1,33,2,2,0
6,42,1,2004,3,3,6,2,1,1,1,1,1,1,1,5,1,1,9,6,1,1,33,2,2,1
6,42,1,2004,2,1,1,2,1,1,1,1,1,1,1,5,1,1,9,6,1,1,33,2,2,1
22,42,1,2004,1,5,1,2,1,1,3,1,1,1,1,5,1,1,14,6,1,1,28,2,2,0
22,42,2,2004,3,1,1,2,1,1,1,1,1,1,1,5,1,1,8,6,1,1,36,2,2,0
22,42,6,2004,4,7,2,1,1,1,3,1,1,1,1,5,1,1,10,6,1,1,33,2,2,1
6,42,1,2004,2,3,6,2,1,1,1,1,1,1,1,5,1,1,8,6,1,1,33,1,0,1
6,42,1,2004,1,1,1,2,1,1,3,1,1,1,1,5,1,1,14,6,1,2,33,2,2,2
8,42,12,2004,4,2,4,2,1,1,3,1,1,1,1,5,1,1,10,6,1,1,33,2,2,1
1,42,9,2004,2,1,1,2,2,1,1,1,1,1,1,5,1,1,8,5,1,1,33,2,2,0
1,42,10,2004,2,3,6,2,1,1,1,1,1,1,1,5,1,1,8,6,1,1,33,2,2,2
9,42,11,2004,3,5,4,2,1,1,1,1,1,1,1,5,1,1,9,6,1,2,33,2,2,0
9,42,11,2004,3,3,4,2,1,1,1,1,1,1,1,5,1,1,9,6,1,1,33,2,2,2
9,42,12,2004,4,1,1,2,1,1,3,1,1,1,1,5,1,1,14,6,1,1,33,2,2,0
9,42,12,2004,2,5,3,1,1,1,1,1,1,1,1,5,1,1,8,6,1,1,33,2,2,1
2,42,11,2004,3,1,1,2,1,1,1,1,1,1,1,5,1,1,8,6,1,1,33,2,2,2
17,42,12,2004,4,3,4,2,1,1,2,1,1,1,1,5,1,1,10,6,1,1,33,2,2,2
6,42,8,2004,4,5,4,2,2,1,3,1,1,1,1,5,1,1,8,6,1,1,33,2,2,1
12,9,3,2004,3,7,1,2,2,1,1,1,1,1,1,1,1,2,8,4,1,1,33,2,2,0
2,43,8,2004,2,1,1,1,1,1,2,1,1,1,1,1,1,2,14,6,1,1,33,2,2,0
2,43,9,2004,1,1,1,1,1,1,2,1,1,1,1,1,1,2,14,6,1,1,33,2,2,0
5,40,11,2004,4,7,1,2,2,1,4,3,1,1,1,1,1,2,9,6,1,1,33,2,2,1
1,40,1,2004,2,1,1,2,2,1,1,1,1,1,1,1,1,2,9,6,1,1,38,2,2,0
1,41,1,2004,3,1,1,2,2,1,1,1,1,1,1,1,1,1,9,6,1,1,48,2,2,1
4,41,1,2004,3,1,1,2,2,1,1,1,1,1,1,3,1,2,11,6,1,1,33,2,2,3
5,41,2,2004,2,1,1,2,2,1,1,1,1,1,1,1,1,1,8,6,1,1,25,2,2,1
1,38,1,2004,2,1,1,2,2,1,1,1,1,1,1,1,1,2,14,6,1,1,33,2,2,0
1,41,3,2004,4,1,1,2,2,1,1,1,1,1,1,1,1,2,9,6,1,1,33,2,2,1
5,41,3,2004,4,1,1,2,2,1,3,1,1,1,1,1,1,2,9,6,1,1,33,2,2,1
6,44,1,2004,3,1,1,2,2,1,1,1,1,1,1,1,1,2,9,6,1,1,33,2,2,3
1,41,5,2004,4,1,1,2,2,1,4,1,1,1,1,1,1,2,14,6,1,1,33,2,2,0
1,41,9,2004,1,1,1,2,2,1,1,1,1,1,1,1,1,2,14,6,1,1,33,2,2,1
1,35,10,2004,3,1,1,2,2,1,1,1,1,1,1,1,1,2,9,9,1,1,33,2,2,0
3,44,4,2004,1,1,1,2,2,1,4,1,1,1,3,1,1,2,14,4,1,1,38,2,2,0
7,44,5,2004,1,1,1,2,2,1,4,3,1,1,1,1,2,1,9,6,1,1,33,2,2,3
1,38,7,2004,2,1,1,2,2,2,1,1,1,1,1,1,1,2,14,6,1,1,33,2,2,0
7,38,8,2004,3,1,1,2,2,1,1,1,1,1,1,1,1,2,9,6,1,1,33,2,2,1
1,38,8,2004,4,1,1,2,2,1,4,1,1,1,1,1,1,2,14,10,1,6,37,2,2,0
1,38,11,2004,1,1,1,2,2,1,4,1,1,1,1,1,1,2,9,6,1,1,33,2,2,3
1,38,11,2004,2,1,1,2,2,4,1,1,2,1,1,1,1,2,14,6,1,1,33,2,2,0
1,49,11,2004,2,1,1,2,2,1,1,1,1,1,1,2,1,2,9,6,1,1,33,2,2,0
3,44,12,2004,4,1,1,2,2,1,4,1,1,1,1,1,1,2,7,6,1,1,33,2,2,3
7,44,10,2004,3,1,1,2,2,1,4,1,1,1,1,1,1,2,14,6,1,1,33,2,2,3
6,44,8,2004,4,1,1,2,1,4,1,1,1,1,1,1,1,2,14,6,1,1,33,2,2,0
6,44,11,2004,1,1,1,1,1,1,4,1,1,1,1,1,1,1,14,10,1,1,33,2,2,1
2,44,12,2004,1,1,1,2,1,1,1,1,1,1,1,1,1,2,14,6,1,1,33,2,2,0
3,36,9,2004,1,1,1,2,2,1,4,1,1,1,1,1,1,2,14,6,1,1,33,2,2,0
3,36,10,2004,3,1,1,2,2,1,1,1,1,1,1,1,1,2,10,6,1,1,33,2,2,0
6,37,7,2004,2,1,1,2,2,1,1,1,1,1,1,5,1,2,9,6,1,1,33,2,2,0
1,46,12,2004,3,1,1,2,2,1,1,1,1,1,1,1,1,2,19,6,1,1,33,2,2,1
5,40,2,2004,3,1,1,2,2,1,1,1,1,1,1,3,1,2,7,6,1,1,33,2,2,1
6,40,6,2004,3,3,1,2,2,1,1,2,1,1,1,1,1,2,9,6,1,1,33,2,2,1
9,47,3,2004,3,1,1,2,2,1,1,1,1,1,1,1,1,2,9,6,1,1,36,2,2,0
5,47,4,2004,3,1,1,2,2,1,1,1,1,1,1,3,1,2,8,6,1,1,33,2,2,0
5,47,4,2004,3,1,1,2,2,1,1,1,1,1,1,3,1,2,9,6,1,1,33,2,2,2
5,45,10,2004,2,1,1,2,2,1,1,1,1,1,1,1,1,2,8,6,1,1,33,2,2,0
1,45,11,2004,3,1,1,2,2,1,1,1,1,1,1,1,1,2,10,6,1,1,33,2,2,1
9,42,1,2004,3,1,1,2,1,1,1,1,1,1,1,5,1,1,10,5,1,2,33,2,2,2
9,42,6,2004,2,7,8,2,1,1,1,1,1,1,1,5,1,1,8,6,1,2,33,1,0,1
9,42,10,2004,3,1,1,1,1,1,1,1,1,1,1,5,1,1,10,6,1,1,33,2,2,2
12,42,11,2004,2,1,1,2,1,1,1,1,1,1,1,5,1,1,8,6,1,1,33,2,2,2
14,42,1,2004,3,1,1,2,1,1,1,1,1,1,1,5,1,1,8,6,1,2,33,2,2,1
9,42,9,2004,2,1,1,2,1,1,1,1,1,1,1,5,1,1,8,6,1,1,33,2,2,1
6,45,12,2004,1,1,1,2,2,4,3,1,1,1,1,1,2,2,12,6,1,1,33,2,2,1
9,47,4,2004,3,1,1,2,2,1,1,1,1,1,1,1,1,2,9,6,1,1,33,2,2,0
5,64,9,2004,3,7,8,2,2,1,1,1,1,1,1,1,1,1,14,6,1,1,32,2,2,0
12,64,9,2004,1,1,1,1,2,1,4,1,1,1,1,1,1,2,8,5,2,7,30,1,2,0
2,64,9,2004,3,5,8,2,2,1,1,1,1,2,1,5,1,1,14,7,1,2,30,2,2,0
5,64,9,2004,3,7,8,2,2,1,1,1,1,1,1,1,1,1,14,6,1,1,32,2,2,0
12,64,9,2004,1,1,1,1,2,1,4,1,1,1,1,1,1,2,8,5,2,7,30,1,2,0
2,64,9,2004,3,5,8,2,2,1,1,1,1,2,1,5,1,1,14,7,1,2,30,2,2,0
3,44,8,2004,3,1,1,2,2,1,1,1,1,1,1,1,1,2,14,6,1,1,33,2,2,1
5,41,10,2004,1,1,1,2,2,1,1,1,1,1,1,1,1,2,14,6,1,1,33,2,2,0
7,44,2,2004,2,1,1,2,2,1,2,1,1,1,1,1,1,2,9,6,1,1,33,2,2,1
7,44,2,2004,2,1,1,2,2,1,2,1,1,1,1,1,1,2,9,5,1,1,33,2,2,3
5,43,10,2004,2,1,1,1,2,2,1,1,1,1,1,1,1,2,9,6,1,1,33,2,2,3
2,43,12,2004,3,1,1,2,2,1,1,1,1,1,1,1,1,2,9,6,1,1,33,2,2,1
4,35,5,2004,3,1,1,2,2,1,1,1,1,1,1,1,1,2,9,6,1,1,33,2,2,0
12,50,1,2004,3,1,1,2,2,1,1,1,1,1,1,1,1,2,9,6,1,1,33,2,2,0
2,43,4,2004,1,1,1,2,2,1,2,1,1,1,1,1,1,2,9,6,1,1,33,2,2,1
8,13,4,2004,3,1,1,2,2,1,1,2,1,1,1,1,1,2,7,6,1,1,28,1,2,0
1,66,12,2004,2,4,1,2,2,1,1,4,1,1,1,2,1,2,8,2,1,1,40,2,2,0
3,56,1,2005,2,1,1,1,1,1,2,2,1,1,1,3,1,2,14,3,1,2,33,2,2,2
3,56,1,2005,2,1,8,1,1,1,1,1,1,1,1,1,2,2,14,5,1,2,33,2,2,1
1,54,1,2005,3,1,1,1,1,1,1,1,1,1,1,4,1,1,5,6,1,1,33,1,0,0
13,54,1,2005,2,2,2,2,2,1,1,1,1,1,1,1,1,2,9,3,1,1,45,2,2,1
1,55,2,2005,4,1,1,2,2,1,4,2,1,1,1,2,1,2,14,1,1,1,40,2,2,1
2,55,2,2005,3,7,8,2,2,1,1,1,1,1,1,4,1,2,11,4,1,1,39,2,2,0
1,54,2,2005,2,1,1,2,2,1,1,1,1,1,1,5,1,1,7,5,1,2,33,1,0,1
3,56,3,2005,2,1,8,1,2,1,4,1,1,1,1,3,1,2,12,11,1,1,33,2,2,1
3,56,4,2005,2,1,1,1,1,1,1,1,1,1,1,1,1,1,14,6,1,2,33,1,0,0
8,56,4,2005,4,1,2,2,2,1,2,1,1,1,1,3,1,2,8,6,1,2,33,1,0,1
3,53,4,2005,2,1,1,2,2,1,4,1,1,1,1,4,1,2,12,6,1,2,33,1,0,0
1,53,5,2005,3,7,1,2,2,1,2,1,1,1,1,1,1,1,4,6,1,2,28,2,2,3
3,56,5,2005,1,1,8,2,2,1,4,1,1,1,1,1,1,2,14,7,1,1,33,1,2,1
1,55,6,2005,4,7,1,2,2,1,1,1,1,1,1,1,1,2,4,6,1,2,23,2,2,2
1,54,4,2005,3,1,1,2,2,1,1,1,1,1,1,1,1,2,13,6,1,1,35,2,2,0
1,54,4,2005,3,1,1,2,2,1,1,1,1,1,1,5,1,1,13,5,1,1,33,2,2,0
5,54,3,2005,4,7,1,2,2,1,2,2,1,1,1,3,1,2,13,6,1,7,33,1,2,0
6,55,5,2005,2,7,1,2,2,2,1,2,2,1,1,3,1,2,9,1,1,2,35,1,0,0
1,54,7,2005,3,2,1,2,2,1,1,1,1,1,1,1,1,2,14,6,1,2,33,2,2,0
5,56,2,2005,3,7,1,2,2,1,1,1,1,1,2,4,1,2,9,5,1,3,33,1,2,1
3,56,8,2005,3,2,2,2,2,1,1,1,1,1,1,2,1,1,13,6,1,2,33,1,0,1
1,55,8,2005,2,1,1,2,2,1,1,2,1,1,1,2,1,2,10,6,1,1,35,2,2,0
4,54,9,2005,3,1,1,2,2,1,1,1,1,1,1,4,1,2,7,6,1,1,33,2,2,0
13,54,10,2005,3,2,1,2,2,1,4,1,1,1,1,3,1,2,5,6,1,2,33,1,0,0
13,54,10,2005,4,2,1,2,2,1,4,1,1,1,1,1,1,2,13,6,1,2,33,1,0,0
1,53,10,2005,3,1,1,2,2,1,2,1,1,1,1,1,1,2,8,5,1,1,33,2,2,1
1,53,10,2005,4,7,1,2,2,1,3,1,1,1,1,2,1,1,6,6,1,2,33,2,2,0
3,53,10,2005,3,1,8,2,2,1,1,1,1,1,1,4,1,2,9,6,1,1,22,2,2,0
3,56,11,2005,2,7,8,2,2,1,1,1,1,1,1,2,1,2,6,6,2,7,33,2,2,0
3,56,11,2005,3,1,2,2,2,1,1,1,1,1,1,3,1,2,9,6,1,2,33,1,0,0
4,56,11,2005,4,7,1,2,2,1,4,1,1,1,1,4,1,2,9,6,1,2,36,2,2,0
2,55,11,2005,3,1,1,2,2,1,1,1,1,1,1,4,1,2,8,6,1,1,40,2,2,1
1,54,8,2005,2,4,1,2,2,1,1,1,1,1,1,1,1,1,10,6,1,2,33,1,0,1
8,54,9,2005,2,7,8,2,2,1,1,1,1,1,1,2,1,2,4,6,2,7,33,2,2,0
1,54,10,2005,3,7,1,2,2,1,2,1,1,1,1,5,1,1,14,6,1,2,33,1,0,0
8,54,11,2005,2,7,8,2,2,1,1,2,1,1,1,1,1,2,7,2,2,1,33,2,2,0
7,56,12,2005,3,2,6,2,2,1,1,2,1,3,3,4,1,2,14,6,1,2,33,2,1,0
3,56,12,2005,3,2,2,1,1,1,1,1,1,1,1,1,1,2,10,6,1,2,33,1,0,0
1,54,12,2005,3,7,1,2,2,1,3,1,1,1,1,2,1,1,13,6,1,2,33,1,0,1
5,30,4,2005,3,1,1,2,2,1,1,1,1,1,1,2,1,2,14,5,1,1,33,2,2,0
1,34,7,2005,2,3,1,2,2,1,1,1,1,1,1,5,1,1,14,6,1,1,48,2,2,1
6,34,2,2005,3,4,4,2,2,1,1,1,1,1,1,1,1,1,14,4,1,1,33,2,2,0
6,34,4,2005,2,1,1,2,2,1,1,1,1,1,1,1,1,2,14,4,1,1,33,1,2,0
5,34,5,2005,4,7,2,2,2,1,3,1,1,1,1,2,1,2,14,6,1,1,33,1,2,0
2,30,9,2005,3,7,1,2,2,1,1,1,1,1,1,4,1,2,9,11,1,1,30,2,2,1
2,30,11,2005,3,1,1,2,2,1,1,1,1,1,1,2,1,2,8,6,1,1,42,2,2,3
1,30,11,2005,3,1,1,2,2,1,1,1,1,1,1,1,1,2,9,6,1,1,30,2,2,0
1,30,5,2005,2,1,1,2,2,1,1,1,1,1,1,1,1,2,14,11,1,1,33,1,2,0
1,31,7,2005,4,1,1,2,2,1,2,1,1,1,1,2,1,2,9,1,1,1,33,2,2,0
2,31,7,2005,3,1,1,2,2,1,1,1,1,1,1,4,1,2,9,6,1,1,38,2,2,0
4,31,3,2005,4,7,1,2,2,1,2,1,1,1,1,4,1,2,13,9,1,1,30,2,2,0
2,27,7,2005,4,1,1,2,2,1,2,1,1,1,1,1,1,2,8,6,1,1,35,2,2,0
4,32,8,2005,3,1,1,2,2,1,2,1,1,1,1,1,1,2,8,6,1,1,45,2,2,0
10,34,11,2005,2,1,1,2,2,1,1,1,1,1,1,1,1,1,8,6,1,1,52,2,2,0
15,42,1,2005,4,3,1,1,1,1,3,1,1,1,1,5,1,1,9,6,1,1,33,2,2,0
5,42,2,2005,4,1,1,2,2,1,3,1,1,1,1,5,2,1,9,6,1,1,33,2,2,0
11,42,1,2005,2,1,1,1,1,1,2,1,1,1,1,5,1,1,10,6,1,1,33,2,2,0
6,42,1,2005,1,1,1,2,2,1,3,1,1,1,1,5,1,1,14,6,1,1,33,1,2,0
6,42,1,2005,4,1,1,2,1,1,3,1,1,1,1,5,1,1,9,6,1,1,33,2,2,0
6,42,4,2005,3,1,1,2,2,1,1,1,1,1,1,5,1,1,14,6,1,2,33,2,2,0
2,42,2,2005,3,2,6,2,1,1,1,1,1,1,1,5,1,1,8,6,1,1,33,2,2,0
2,42,3,2005,3,5,6,2,1,1,1,1,1,1,1,5,1,1,8,6,1,1,33,2,2,2
8,42,2,2005,2,5,2,2,1,1,1,1,1,1,1,5,1,1,9,6,1,1,33,2,2,0
1,42,2,2005,2,3,6,2,1,1,1,1,1,1,1,5,1,1,15,6,1,1,33,2,2,0
1,42,2,2005,3,1,1,2,1,1,1,1,1,1,1,5,1,1,10,6,1,1,33,2,2,1
1,42,2,2005,1,1,1,2,1,1,3,1,1,1,1,5,1,1,9,6,1,1,33,2,2,1
9,42,1,2005,1,1,1,2,1,1,3,1,1,1,1,5,1,1,10,6,1,1,33,2,2,0
9,42,1,2005,1,1,4,2,1,1,3,1,1,1,1,5,1,1,14,6,1,1,35,2,2,1
9,42,4,2005,4,1,1,2,1,1,2,1,1,1,1,5,1,1,15,6,1,1,33,2,2,1
9,42,4,2005,4,1,1,2,1,1,3,1,1,1,1,5,1,1,9,6,1,2,33,2,2,0
9,42,4,2005,3,1,1,2,1,1,1,1,1,1,1,5,1,1,10,6,1,1,33,2,2,1
17,42,1,2005,2,1,1,2,1,1,1,1,1,1,1,5,1,1,8,6,1,1,23,2,2,0
14,42,1,2005,2,1,1,2,1,1,1,1,1,1,1,5,1,1,9,6,1,2,33,1,0,1
16,42,2,2005,1,1,1,2,1,1,3,1,1,1,1,5,1,1,10,6,1,1,30,2,2,0
12,42,1,2005,4,1,1,2,1,1,3,1,1,1,1,5,1,1,8,6,1,2,33,2,2,0
12,42,1,2005,4,1,1,2,1,1,3,1,1,1,1,5,1,1,12,6,1,1,33,2,2,0
12,42,2,2005,2,1,1,2,1,1,1,1,1,1,1,5,1,1,8,6,1,1,33,2,2,1
12,42,2,2005,3,5,1,2,1,1,1,1,1,1,1,5,1,1,8,6,1,1,33,2,2,2
9,42,6,2005,1,3,6,2,1,1,3,1,1,1,1,5,1,1,8,6,1,1,33,2,2,1
9,42,7,2005,2,1,1,2,1,1,1,1,1,1,1,5,1,1,9,6,1,1,33,1,0,0
9,42,7,2005,1,1,4,2,1,1,2,1,1,1,1,5,1,1,14,6,1,1,33,2,2,0
21,42,1,2005,2,1,1,1,2,1,1,1,1,1,1,5,1,1,9,6,1,1,33,2,2,1
21,42,1,2005,2,1,1,2,1,1,1,1,1,1,1,5,1,1,9,6,1,1,33,2,2,1
21,42,3,2005,4,1,1,2,2,1,3,1,1,1,1,5,1,1,14,6,1,2,33,2,2,0
21,42,4,2005,3,1,1,2,1,1,1,1,1,1,1,5,1,1,14,6,1,1,33,2,2,0
11,42,4,2005,1,1,1,2,1,1,3,1,1,1,1,5,1,1,14,6,1,1,40,2,2,1
11,42,6,2005,4,1,1,2,1,1,1,1,1,1,1,5,1,1,10,6,1,1,33,2,2,1
2,42,6,2005,2,1,1,2,1,1,2,1,1,1,1,5,1,1,8,6,1,1,33,2,2,0
12,42,4,2005,1,1,1,2,1,1,2,1,1,1,1,5,1,1,7,6,1,1,33,2,2,0
12,42,5,2005,2,1,1,2,1,1,1,1,1,1,1,5,1,1,10,6,1,2,33,1,2,0
14,42,4,2005,3,1,1,2,1,1,1,1,1,1,1,5,1,1,10,6,1,1,33,2,2,1
3,42,2,2005,1,1,1,1,2,1,3,1,1,1,1,5,1,1,14,6,1,1,33,2,2,2
3,42,2,2005,4,3,8,2,2,1,3,1,1,1,1,5,1,1,13,6,1,1,33,2,2,0
3,42,2,2005,3,1,1,2,2,1,1,1,1,1,1,5,1,1,10,6,1,1,27,2,2,3
3,42,4,2005,1,3,4,2,1,1,3,1,1,1,1,5,1,1,13,6,1,1,33,2,2,1
3,42,5,2005,4,3,4,1,1,1,3,1,1,1,1,5,1,1,13,6,1,1,33,2,2,0
3,42,6,2005,1,3,1,2,1,1,4,1,1,1,1,5,1,1,14,6,1,1,33,2,2,1
22,42,1,2005,4,5,6,1,1,1,3,1,1,1,1,5,1,1,8,6,1,1,33,2,2,0