Thana,District,Month,Year,Time,Junction_Type,Traffic_Control,Movement,Divider,Weather,Light,Road_Geometry,Surface_Condition,Surface_Type,Surface_Quality,Road_Class,Road_Feature,Location_Type,Vehicle_Type,Vehicle_Movement,Vehicle_Loading,Vehicle_Defect,Vehicle_Driver_Age,Vehicle_Alcohol,Vehicle_Seat_Belt,Accident_Severity
8,42,5,2005,2,3,4,2,1,1,2,1,1,1,1,5,1,1,8,6,1,1,33,2,2,1
8,42,10,2005,4,1,1,2,1,1,3,1,1,1,1,5,1,1,19,6,1,1,33,2,2,0
1,42,6,2005,2,1,1,2,1,1,1,1,1,1,1,5,1,1,9,6,1,1,33,2,2,1
1,42,6,2005,4,1,1,2,1,1,3,1,1,1,1,5,1,1,9,6,1,1,33,2,2,1
1,42,6,2005,2,3,4,2,1,1,1,1,1,1,1,5,1,1,8,6,1,1,33,2,2,1
1,42,9,2005,2,1,1,2,1,1,1,1,1,1,1,5,1,1,9,6,1,1,33,2,2,2
1,42,10,2005,1,3,6,2,1,1,3,1,1,1,1,5,1,1,14,6,1,1,33,2,2,1
1,42,11,2005,2,1,1,2,1,1,1,1,1,1,1,5,1,1,5,6,1,1,33,2,2,1
1,42,11,2005,3,1,1,2,1,1,1,1,1,1,1,5,1,1,12,6,1,1,22,2,2,2
1,42,12,2005,4,5,6,2,1,1,3,1,1,1,1,5,1,1,10,6,1,1,33,2,2,1
10,42,2,2005,4,1,8,2,2,1,3,1,1,1,1,5,1,1,14,6,1,1,22,2,2,1
10,42,3,2005,1,1,4,1,1,1,3,1,1,1,1,5,1,1,10,6,1,1,33,2,2,1
10,42,3,2005,3,1,1,2,2,1,1,1,1,1,1,5,1,1,9,6,1,1,33,2,2,0
2,42,8,2005,1,3,5,1,1,3,1,1,1,1,1,5,1,1,14,6,1,1,33,2,2,0
2,42,9,2005,2,1,1,1,1,1,1,1,1,1,1,5,1,1,8,6,1,1,33,2,2,1
2,42,9,2005,2,1,1,1,1,1,1,1,1,1,1,5,1,1,8,6,1,1,33,2,2,0
2,42,10,2005,2,1,1,1,1,1,1,1,1,1,1,5,1,1,9,6,1,1,33,2,2,0
10,42,7,2005,1,3,5,1,1,1,3,1,1,1,1,5,1,1,14,6,1,1,33,2,2,1
10,42,7,2005,4,3,6,1,1,1,3,1,1,1,1,5,1,1,8,6,1,1,26,1,2,1
10,42,8,2005,1,3,5,1,1,1,3,1,1,1,1,5,1,1,14,6,1,1,33,2,2,0
4,42,5,2005,4,2,4,2,1,1,3,1,1,1,1,5,1,1,14,6,1,1,33,2,2,0
4,42,5,2005,3,1,1,2,2,1,1,1,1,1,1,5,1,1,9,6,1,1,33,2,2,0
6,42,7,2005,1,1,1,2,2,1,3,1,1,1,1,5,1,1,8,6,1,2,33,1,2,0
4,26,2,2005,2,1,1,2,2,1,1,1,1,1,1,3,1,2,2,6,1,7,40,2,2,0
1,26,11,2005,2,1,1,1,2,1,1,1,1,1,1,1,1,2,7,6,1,1,35,1,2,0
9,26,11,2005,4,1,8,1,2,1,4,1,1,1,1,3,1,2,14,5,1,7,30,1,2,0
1,24,8,2005,3,1,1,2,2,1,1,1,1,1,1,1,1,2,7,6,1,1,35,1,2,0
1,24,8,2005,3,7,1,2,2,1,1,1,1,1,1,1,1,2,14,6,1,1,33,1,2,0
5,24,7,2005,3,1,1,1,2,1,1,2,2,1,1,2,1,1,14,6,1,1,40,1,2,0
1,24,1,2005,3,3,1,1,2,1,1,1,1,1,1,1,1,2,14,5,1,1,28,2,2,0
1,24,10,2005,2,3,1,1,2,1,1,1,1,1,1,1,1,2,9,5,1,1,30,1,2,0
1,21,1,2005,4,1,1,2,2,1,1,1,1,1,1,1,1,1,14,6,1,1,36,1,2,0
1,21,2,2005,4,1,1,1,2,1,2,1,1,1,1,1,1,2,9,11,1,7,33,1,2,0
6,21,3,2005,3,1,1,2,2,1,1,1,1,1,1,1,1,2,9,6,1,1,35,2,2,0
1,21,11,2005,2,1,1,2,2,1,1,1,1,1,1,1,1,1,14,11,2,6,38,1,2,0
1,21,8,2005,2,1,1,1,2,1,1,1,1,1,1,1,1,1,14,4,1,1,40,1,2,0
1,21,1,2005,2,1,1,2,2,1,1,1,1,1,1,1,1,2,6,6,1,7,40,2,2,0
3,21,7,2005,2,1,1,2,2,1,1,1,1,1,1,1,1,2,14,6,1,1,33,1,2,0
5,21,7,2005,2,1,1,1,2,1,2,1,1,1,1,4,1,2,17,6,1,1,33,1,2,0
5,21,5,2005,2,1,3,1,2,1,1,1,1,1,1,4,1,2,16,6,1,7,33,1,2,0
4,21,6,2005,4,1,1,2,2,1,2,1,1,1,1,4,4,2,14,6,2,1,30,1,2,0
3,21,12,2005,1,7,1,2,2,1,1,4,1,1,1,4,1,2,9,2,1,1,35,1,2,0
1,22,8,2005,3,1,1,2,2,1,1,1,1,1,1,1,1,2,10,6,1,1,33,1,2,1
1,22,8,2005,4,1,1,2,2,1,4,1,1,1,1,1,1,2,9,6,1,1,33,2,2,1
1,22,6,2005,3,7,1,2,2,2,1,1,2,1,1,3,1,2,6,6,1,7,33,2,2,0
3,22,6,2005,3,1,1,2,2,1,1,1,1,1,1,1,1,2,19,6,1,1,50,2,2,0
1,22,11,2005,4,1,1,2,2,1,2,1,1,1,1,1,1,2,9,6,1,1,33,1,2,0
3,19,1,2005,5,1,1,2,2,1,1,1,1,1,1,3,1,2,9,2,1,7,33,2,2,0
1,19,4,2005,3,1,1,2,2,1,1,1,1,1,1,4,1,2,14,6,1,1,40,2,2,0
2,19,4,2005,2,1,1,2,2,1,1,1,1,1,1,2,1,2,9,6,1,7,33,2,2,0
3,23,9,2005,2,7,8,1,2,1,1,1,1,1,1,4,1,2,9,1,1,7,25,2,2,0
1,23,2,2005,3,7,1,2,2,1,1,1,1,1,2,3,1,2,9,6,1,1,33,2,2,0
1,18,6,2005,3,1,1,2,2,1,1,1,1,1,1,1,1,2,8,6,1,1,33,2,2,0
1,14,7,2005,2,2,1,1,1,1,1,1,1,1,1,5,1,1,9,6,1,1,27,1,2,0
1,14,7,2005,3,1,1,1,2,1,1,1,1,1,1,5,1,1,6,6,1,1,25,2,2,0
2,14,8,2005,2,1,1,1,2,1,1,1,1,1,1,5,1,2,9,6,1,1,33,2,2,1
3,14,10,2005,4,1,1,1,1,1,1,1,1,1,1,2,1,1,14,2,1,1,35,2,2,0
2,14,11,2005,2,1,1,2,2,1,1,1,1,1,1,1,1,1,9,6,2,1,35,2,2,0
1,14,12,2005,2,1,8,2,2,1,1,1,1,1,1,5,1,1,9,6,1,1,33,1,2,1
4,14,12,2005,2,1,1,2,1,1,1,1,1,1,3,5,1,1,14,1,1,1,33,2,2,0
3,14,1,2005,3,1,1,2,2,1,1,1,1,1,1,2,1,1,19,6,1,7,33,2,2,0
1,14,3,2005,1,5,4,1,1,1,3,1,1,1,1,5,1,1,9,6,1,1,33,2,2,0
3,14,4,2005,3,4,1,2,2,1,1,1,1,1,1,5,1,2,14,6,1,1,33,1,2,0
2,14,4,2005,2,1,2,2,2,1,1,2,1,1,1,1,1,1,14,6,1,1,39,2,2,0
1,14,5,2005,2,2,1,1,2,1,1,1,1,1,1,5,1,1,9,6,1,1,33,1,2,1
3,14,4,2005,3,1,4,2,1,1,1,1,1,1,1,5,1,1,14,6,1,1,30,2,2,0
1,12,6,2005,1,1,1,2,2,1,1,1,1,1,1,2,1,1,8,6,1,1,33,2,2,0
5,12,2,2005,1,1,1,2,2,1,4,1,1,1,1,3,1,2,9,6,1,1,35,2,2,0
5,15,4,2005,1,2,1,2,2,1,1,1,1,1,1,1,1,2,14,7,1,1,33,2,2,0
7,15,6,2005,4,1,1,2,2,1,1,1,1,1,3,2,1,2,14,6,1,1,40,2,2,0
6,15,6,2005,3,1,1,2,2,1,1,1,1,1,1,1,1,2,13,11,2,2,33,2,2,0
1,4,3,2005,3,1,1,2,2,1,1,1,1,1,1,4,1,2,17,11,1,1,40,2,2,0
6,4,5,2005,1,1,1,2,2,1,4,1,1,1,1,1,2,1,14,1,1,1,33,2,2,0
4,4,1,2005,4,1,1,2,2,1,1,1,1,1,1,3,1,2,9,6,1,1,33,2,2,1
5,3,2,2005,1,1,1,2,2,1,1,1,1,3,2,4,1,2,17,6,1,1,33,2,2,0
1,16,3,2005,2,7,8,2,2,1,1,1,1,1,1,2,1,2,14,6,1,1,33,2,2,0
1,16,6,2005,4,7,8,2,2,1,4,1,1,1,1,2,1,2,14,4,1,1,33,2,2,0
10,7,5,2005,2,1,1,2,2,1,1,1,1,3,2,2,1,2,8,6,1,1,39,2,2,0
10,7,5,2005,1,1,1,2,2,1,2,1,1,1,1,2,1,2,8,6,1,1,27,2,2,1
10,7,2,2005,1,1,1,2,2,1,1,1,1,1,1,2,1,2,4,11,1,1,40,2,2,1
1,9,5,2005,1,1,1,1,1,1,1,1,1,1,1,5,1,2,13,6,1,1,28,2,2,0
10,9,4,2005,2,1,1,2,2,1,1,1,1,1,1,1,1,2,9,5,1,1,33,2,2,0
6,9,6,2005,4,1,1,2,1,1,4,1,1,1,1,2,1,2,14,6,1,1,33,2,2,0
1,9,6,2005,2,1,1,2,2,1,2,1,1,1,1,3,2,1,14,6,1,1,30,2,2,0
6,9,4,2005,3,1,1,2,2,1,1,1,1,1,1,3,1,2,13,6,1,1,35,2,2,0
11,9,5,2005,4,1,1,1,1,1,1,1,1,1,1,4,1,2,9,6,1,1,33,2,2,0
11,9,1,2005,5,1,1,2,2,1,1,1,1,1,1,3,1,2,8,6,1,1,33,1,2,2
5,16,6,2005,4,1,8,2,2,1,1,1,1,1,1,2,1,2,8,6,1,1,28,1,2,0
11,16,1,2005,3,7,3,2,2,4,1,1,1,1,1,1,1,2,14,5,1,1,33,2,2,1
11,16,3,2005,2,7,8,2,2,1,1,1,1,1,1,1,1,1,9,6,1,7,33,2,2,0
3,13,3,2005,3,1,1,2,2,1,1,1,1,1,1,2,1,2,14,6,1,1,33,2,2,0
3,13,4,2005,2,1,1,2,2,1,1,1,1,1,1,2,1,2,14,6,1,1,33,2,2,0
3,13,3,2005,2,1,1,1,2,1,1,1,1,1,1,2,1,2,14,6,1,1,33,2,2,0
4,2,5,2005,1,1,1,2,2,1,1,1,1,1,1,2,1,2,17,6,1,1,29,2,2,0
2,6,2,2005,1,1,1,2,2,1,2,1,1,1,1,2,1,2,8,4,1,1,33,2,2,0
1,6,4,2005,1,1,1,2,2,1,1,1,1,1,1,1,1,2,14,6,1,1,45,2,2,0
5,2,2,2005,4,1,1,2,2,1,3,1,1,1,1,2,1,1,8,6,1,1,28,2,2,0
1,2,6,2005,1,1,1,2,2,1,2,1,1,1,1,1,1,2,14,6,1,1,33,2,2,0
1,2,5,2005,3,1,1,2,2,1,1,1,1,1,1,1,1,2,14,6,1,1,55,2,2,1
3,10,5,2005,1,1,1,2,2,1,2,1,1,1,1,2,1,2,7,6,1,1,32,2,2,1
1,10,5,2005,3,1,1,2,2,1,1,1,1,1,1,2,1,2,14,4,1,1,35,2,2,0
8,13,1,2005,4,1,1,2,2,1,3,1,1,1,1,1,1,2,13,6,1,1,33,2,2,1
8,13,3,2005,2,7,1,2,2,1,2,1,2,1,1,1,1,1,14,11,1,1,33,1,2,1
8,13,6,2005,3,1,1,2,2,1,2,1,1,1,1,2,1,2,16,5,1,1,33,2,1,1
8,13,10,2005,1,1,1,2,1,1,1,1,1,1,1,1,1,2,14,6,1,1,30,1,2,0
5,13,1,2005,1,3,1,2,1,1,1,4,1,1,1,3,1,2,14,2,1,1,33,2,2,0
5,13,3,2005,2,1,1,2,2,1,4,1,1,1,1,2,1,2,4,6,1,1,18,2,2,1
6,13,1,2005,3,1,1,1,2,1,1,2,1,1,1,4,1,2,14,6,1,1,33,1,2,1
6,13,6,2005,1,1,1,2,2,1,1,1,1,1,1,5,1,2,9,6,1,1,40,2,2,0
6,13,6,2005,2,1,1,2,2,1,1,1,1,1,1,2,1,2,9,6,1,1,33,1,2,0
6,13,7,2005,3,1,3,2,2,1,1,1,1,1,1,2,1,2,14,6,1,3,35,2,2,0
6,13,8,2005,4,1,8,1,2,1,1,1,1,1,1,1,1,2,14,6,1,3,40,2,2,1
6,13,8,2005,1,1,1,2,2,1,1,1,1,1,1,1,1,2,7,6,1,1,28,2,2,1
7,13,1,2005,3,1,1,2,2,1,1,2,1,1,1,2,1,2,11,3,1,1,33,2,2,1
9,13,11,2005,1,1,1,2,1,4,1,1,1,1,1,4,1,2,9,4,1,1,33,2,2,0
3,13,7,2005,3,1,1,2,2,1,1,2,1,1,2,1,2,1,7,1,1,1,33,2,2,1
3,13,9,2005,3,3,1,2,2,1,1,1,1,1,1,2,1,2,9,6,1,1,33,2,2,0
3,13,9,2005,3,7,1,2,2,4,1,1,2,1,1,2,1,2,10,6,1,1,33,2,2,0
3,1,2,2005,5,1,1,2,2,1,1,1,1,1,1,2,1,1,9,5,1,1,33,2,2,3
7,3,12,2005,4,1,1,2,2,1,2,2,1,1,1,2,1,2,14,6,1,1,40,2,2,0
5,3,12,2005,1,2,1,2,2,4,4,1,1,1,1,1,1,1,14,4,1,1,33,1,2,0
2,3,12,2005,3,1,1,2,2,1,1,1,1,1,1,2,1,2,14,6,1,1,30,2,2,0
1,3,11,2005,3,1,1,2,2,1,1,1,1,1,1,2,1,2,8,1,1,1,32,2,2,0
2,3,11,2005,3,1,1,2,2,1,1,3,1,1,1,2,1,2,9,6,1,1,34,2,2,0
6,3,11,2005,2,3,1,2,2,4,4,1,1,2,3,2,1,2,1,6,1,1,33,2,2,0
2,3,8,2005,3,1,1,2,2,1,1,1,1,1,1,2,1,2,17,6,1,1,32,2,2,0
7,3,7,2005,1,1,1,2,2,1,2,1,1,1,1,3,1,1,9,4,1,1,33,1,2,0
1,8,6,2005,3,1,1,1,2,1,1,1,1,1,1,2,1,1,14,6,1,1,36,2,2,0
7,8,1,2005,3,1,1,2,2,1,1,1,1,1,1,2,1,2,9,6,1,1,33,2,2,1
4,8,1,2005,3,3,1,2,2,1,1,1,1,1,1,2,1,2,9,6,1,1,37,2,2,0
4,8,1,2005,2,1,1,2,2,1,1,1,1,1,1,2,1,1,14,6,1,1,33,2,2,1
4,8,4,2005,3,1,1,2,2,1,1,1,1,1,1,2,1,2,9,6,1,1,39,2,2,0
6,16,7,2005,1,1,1,2,2,1,1,1,1,1,1,2,1,1,14,6,1,1,48,1,2,1
11,16,7,2005,1,1,1,1,2,1,2,1,2,1,1,2,1,2,14,6,1,1,33,2,2,0
1,17,2,2005,3,7,8,2,2,1,1,1,1,1,1,1,1,2,9,6,1,1,38,2,2,0
1,17,6,2005,2,1,4,2,1,1,1,1,1,1,1,1,1,2,8,6,1,7,35,2,2,0
6,17,2,2005,2,1,1,2,2,1,1,1,1,1,1,2,1,2,14,6,1,1,45,2,2,1
8,17,1,2005,3,1,1,2,2,1,1,1,1,1,1,1,1,2,9,4,1,1,40,2,2,1
3,8,10,2005,3,1,1,2,2,1,1,1,1,1,1,1,1,2,14,6,1,1,33,2,2,1
7,8,11,2005,2,1,1,2,2,1,1,1,1,1,1,2,1,2,9,6,1,1,33,2,2,0
1,16,9,2005,1,1,1,2,2,1,2,1,1,1,1,2,1,1,14,6,2,3,40,2,2,0
11,16,10,2005,1,1,1,2,2,1,4,1,1,1,1,2,1,2,14,5,2,1,33,1,2,0
6,16,9,2005,1,1,1,2,2,1,2,1,1,1,1,2,1,2,9,6,1,1,33,2,2,0
1,2,12,2005,1,1,1,2,2,1,2,1,1,1,1,3,1,2,5,6,1,1,33,2,2,1
1,2,12,2005,4,2,1,2,2,1,3,1,1,1,1,2,1,2,9,6,1,1,33,1,2,0
10,7,7,2005,3,1,1,2,2,1,1,1,2,1,1,4,1,2,8,6,1,1,28,2,2,0
11,16,8,2005,1,1,1,2,2,1,4,1,1,1,1,2,1,2,13,6,1,1,33,2,2,0
1,10,5,2005,3,1,1,2,2,1,1,1,1,1,1,2,1,2,14,5,1,1,33,2,2,0
1,10,8,2005,1,7,8,2,2,1,1,4,1,1,1,2,1,2,14,1,1,1,40,2,2,0
5,10,2,2005,1,1,8,2,2,1,1,1,1,1,1,2,1,2,4,5,1,1,34,2,2,0
4,10,7,2005,1,4,1,2,2,1,1,1,1,1,1,2,1,2,9,6,1,1,33,2,2,0
3,10,4,2005,3,1,1,2,2,1,1,1,1,1,1,2,1,2,14,5,1,1,33,2,2,0
1,9,11,2005,3,1,1,2,2,1,1,1,1,1,1,2,1,2,10,6,1,1,33,2,2,0
12,9,12,2005,1,1,1,2,2,1,3,1,1,1,1,1,1,2,14,6,1,1,33,2,2,0
1,9,9,2005,1,1,1,2,2,1,1,1,1,1,1,1,1,2,9,6,1,1,35,2,2,0
11,9,7,2005,1,2,1,2,1,1,4,1,2,1,1,2,1,2,14,6,1,1,45,2,2,0
1,12,10,2005,5,1,1,2,2,1,1,1,1,1,1,1,1,2,8,4,1,1,33,1,2,0
1,15,7,2005,3,1,1,2,2,1,1,1,1,1,1,1,1,2,9,6,1,1,33,1,2,0
3,12,3,2005,2,1,1,2,2,1,1,1,1,1,1,2,1,2,14,6,1,1,35,2,2,0
1,3,6,2005,1,7,2,2,1,1,1,1,1,1,1,2,1,2,14,6,1,1,42,2,2,0
1,3,6,2005,2,7,1,2,2,1,1,1,1,1,1,5,1,1,9,6,1,7,42,1,2,1
1,3,6,2005,2,3,1,2,2,1,1,1,1,1,1,2,1,1,9,6,1,7,33,1,2,0
1,10,11,2005,1,3,1,2,2,1,1,1,1,1,1,2,1,1,13,4,1,1,25,2,2,1
5,10,9,2005,3,1,1,2,2,1,1,1,1,1,1,3,1,2,14,6,1,1,45,2,2,0
3,17,11,2005,1,7,1,2,2,1,2,1,1,1,1,1,1,2,14,6,1,1,33,1,2,0
10,17,12,2005,1,1,1,2,2,1,1,1,1,1,1,1,1,2,14,6,1,1,33,2,2,0
7,17,11,2005,5,7,1,2,2,1,1,1,1,1,1,1,1,2,9,6,1,1,35,2,2,0
1,15,11,2005,2,1,1,2,2,1,2,1,1,3,2,4,1,2,16,6,1,7,33,2,2,0
3,15,11,2005,4,7,1,2,2,1,2,1,1,1,1,1,1,2,7,1,1,1,33,2,2,1
5,15,10,2005,4,1,1,2,2,1,2,1,1,1,1,2,1,2,9,5,1,1,33,2,2,0
5,15,10,2005,3,1,1,2,2,1,1,2,2,1,1,3,1,2,14,6,1,1,33,2,2,0
1,1,11,2005,3,1,1,2,2,1,1,1,1,1,1,2,1,2,9,6,1,1,38,2,2,0
3,1,8,2005,5,3,1,2,2,1,2,1,1,1,1,2,1,2,8,6,1,1,34,2,2,0
3,1,9,2005,2,3,1,2,2,1,1,1,1,1,1,1,1,2,8,6,1,1,48,2,2,0
11,16,11,2005,2,1,1,2,2,1,1,1,1,1,1,1,1,2,10,5,2,3,33,2,2,0
2,6,6,2005,4,2,1,2,2,1,1,1,1,1,1,4,1,2,5,6,1,1,25,2,2,0
1,4,12,2005,3,1,1,2,2,1,1,1,1,1,1,3,1,2,14,6,1,1,33,2,2,0
1,4,8,2005,3,1,1,2,2,1,1,1,1,1,1,3,1,2,8,6,1,1,33,2,2,0
2,4,7,2005,3,1,1,1,2,1,1,1,1,1,1,3,1,2,7,5,1,1,30,2,2,1
1,4,12,2005,2,2,1,2,2,1,2,1,1,1,1,3,1,2,12,5,1,1,33,2,2,1
4,4,11,2005,1,1,1,1,2,1,1,1,1,1,1,3,1,2,17,6,1,1,33,2,2,0
6,4,10,2005,2,1,1,2,2,1,1,1,1,1,1,2,1,2,8,6,1,1,33,2,2,0
1,5,1,2005,2,7,8,2,2,1,1,1,1,1,1,2,1,2,9,6,1,1,33,2,2,0
1,5,2,2005,3,1,1,2,2,1,1,1,1,1,1,2,1,1,14,6,1,1,33,2,2,0
1,15,4,2005,1,2,1,1,2,1,1,1,1,1,1,1,1,2,14,7,1,1,33,1,2,0
1,15,6,2005,2,1,1,2,2,1,1,1,1,1,1,1,1,2,9,6,1,1,33,2,2,0
1,5,3,2005,4,1,1,2,2,1,1,1,1,1,1,1,1,2,9,6,1,1,33,2,2,1
1,5,7,2005,3,1,1,1,2,1,1,1,1,1,1,2,1,2,14,6,1,1,33,2,2,0
2,5,3,2005,1,1,1,2,2,1,1,1,1,1,1,2,1,2,13,6,1,1,45,2,2,0
2,5,12,2005,3,2,8,2,2,1,1,1,1,1,1,2,1,2,8,2,1,1,45,2,2,0
3,5,5,2005,1,1,2,2,1,1,1,1,1,1,1,1,1,2,9,6,1,1,33,2,2,1
3,5,11,2005,2,1,1,1,2,1,1,1,1,1,1,2,1,2,13,6,1,1,33,2,2,0
3,5,11,2005,1,1,1,2,2,1,4,1,1,1,1,2,1,2,9,6,1,1,33,2,2,0
8,5,4,2005,1,2,3,2,2,1,3,1,1,1,1,1,1,1,12,6,1,1,33,2,2,0
8,5,5,2005,4,1,1,2,2,1,1,1,1,1,1,1,1,2,9,6,1,1,23,1,2,0
8,5,10,2005,1,1,1,2,2,1,1,1,1,1,1,1,1,2,9,1,1,1,33,1,2,0
8,5,11,2005,1,7,1,2,2,1,3,1,1,1,1,1,1,2,9,6,1,7,33,1,2,0
8,5,11,2005,3,7,1,2,2,1,1,1,1,1,1,1,1,1,14,6,2,1,33,1,2,0
5,5,1,2005,2,1,1,2,2,1,1,1,1,1,1,1,1,2,14,6,1,1,33,2,2,3
5,5,1,2005,2,1,1,2,2,1,1,1,1,1,1,1,1,2,9,6,1,1,35,2,2,0
5,5,4,2005,1,7,8,2,2,1,1,1,1,1,1,1,1,2,14,6,1,1,33,2,2,0
5,5,5,2005,3,1,1,2,2,1,1,1,1,1,1,1,1,2,9,6,1,1,45,2,2,0
5,5,5,2005,2,7,1,1,2,1,1,1,1,1,1,1,1,2,9,4,1,1,33,1,2,0
5,5,6,2005,2,1,1,2,2,1,1,1,1,1,1,1,1,2,13,6,1,1,33,2,2,1
5,5,8,2005,3,1,1,2,2,1,1,1,1,1,1,1,1,2,14,6,1,7,33,2,2,1
9,5,10,2005,3,1,8,2,2,1,2,1,2,1,1,1,4,2,9,6,1,1,33,2,2,2
5,5,11,2005,2,7,8,2,2,1,1,1,1,1,1,1,1,2,8,6,1,1,40,2,2,0
5,5,12,2005,1,7,8,2,2,1,4,1,1,1,1,1,1,2,14,6,1,1,33,2,2,0
7,5,1,2005,1,7,1,2,2,1,2,1,1,1,1,3,1,2,14,1,1,1,33,2,2,0
7,5,2,2005,1,7,1,2,2,1,1,1,1,1,1,2,1,2,14,1,1,1,33,2,2,0
4,5,4,2005,2,1,1,2,2,1,1,1,1,1,1,1,1,2,8,6,1,1,33,2,2,1
6,5,1,2005,3,1,1,2,2,1,1,2,1,1,1,1,1,2,9,6,1,1,33,2,2,0
6,5,5,2005,1,1,1,2,1,1,1,1,1,1,1,1,1,2,13,6,1,1,33,2,2,1
6,5,5,2005,4,1,4,2,1,4,1,1,1,1,1,1,2,1,14,6,1,1,33,2,2,1
6,5,9,2005,1,1,1,2,2,4,4,1,1,1,1,1,1,2,9,6,1,1,33,1,2,1
1,11,7,2005,3,2,1,2,2,1,1,1,1,1,1,5,1,1,14,11,1,1,33,2,2,0
1,11,11,2005,2,1,1,2,2,1,1,1,1,1,1,1,1,1,14,6,1,1,33,2,2,0
5,11,5,2005,1,1,1,2,2,1,1,2,1,1,1,4,1,2,8,6,1,1,33,2,2,0
5,11,12,2005,2,1,1,2,2,1,1,1,1,1,1,2,1,2,9,6,1,1,45,2,2,0
6,11,5,2005,2,1,1,2,2,1,1,1,1,1,1,2,1,2,4,8,1,1,30,2,2,1
6,11,9,2005,1,1,2,2,1,2,1,1,1,1,1,3,1,2,14,5,1,1,33,2,2,0
6,11,10,2005,1,1,1,2,2,1,1,1,1,1,1,3,1,2,14,11,1,1,33,2,2,0
6,11,11,2005,2,1,8,2,2,1,1,1,1,1,1,2,1,1,9,6,1,1,26,2,2,0
3,11,4,2005,4,3,1,1,2,1,2,1,1,1,1,2,1,2,16,11,1,1,33,2,2,0
4,11,10,2005,3,1,4,2,2,1,1,1,1,1,1,3,1,2,14,6,1,1,33,1,2,1
10,11,8,2005,1,1,1,2,2,1,1,1,1,1,1,2,1,2,8,11,1,1,33,2,2,0
11,11,9,2005,3,1,1,2,2,1,2,1,1,1,1,2,1,2,13,6,1,3,40,2,2,0
6,4,10,2005,2,1,1,2,2,1,1,1,1,1,1,2,1,2,8,6,1,1,33,2,2,0
7,15,2,2005,3,3,1,1,2,1,2,1,1,1,1,4,1,2,19,1,2,3,25,2,2,1
1,61,6,2005,1,1,1,2,1,1,1,1,1,1,1,1,1,2,6,6,1,1,26,2,2,0
2,61,6,2005,2,2,2,1,2,2,1,1,3,1,1,4,1,2,8,6,1,1,33,2,2,3
1,67,6,2005,2,1,1,2,2,1,1,4,1,1,1,1,1,2,13,4,1,2,33,2,2,0
7,63,6,2005,3,1,4,2,2,1,1,1,1,1,1,1,1,2,8,6,1,1,37,1,2,1
7,60,6,2005,2,1,1,1,2,1,1,1,1,1,1,3,1,2,6,6,1,2,33,2,2,0
7,60,6,2005,1,2,1,2,2,2,1,1,2,1,1,3,1,2,8,8,1,7,33,1,2,0
5,63,7,2005,4,1,8,1,1,1,4,1,1,1,1,4,1,2,5,6,1,2,33,1,0,0
1,60,7,2005,2,1,1,2,2,1,1,1,1,1,1,4,1,2,14,5,1,2,33,1,2,0
7,60,7,2005,2,2,2,2,2,2,1,2,2,1,1,3,1,2,9,1,1,2,33,1,0,3
7,60,7,2005,2,1,1,1,2,1,1,1,1,1,1,3,1,1,14,5,1,1,38,2,2,0
1,60,5,2005,2,3,1,2,1,1,1,1,1,1,1,1,1,2,11,6,1,1,33,2,1,3
1,61,3,2005,2,1,1,2,2,1,1,1,1,1,1,1,1,2,14,6,2,7,33,1,2,0
1,61,2,2005,1,1,2,2,1,1,1,1,1,1,1,1,1,2,14,6,1,2,30,2,2,2
1,61,3,2005,1,1,2,2,1,1,1,1,1,1,1,1,1,2,9,6,1,7,33,2,2,0
1,61,3,2005,3,1,1,2,2,1,1,1,1,1,1,1,1,2,9,6,1,1,28,2,2,0
1,61,2,2005,1,1,2,2,1,1,1,1,1,1,1,2,1,2,14,6,1,1,35,2,2,1
1,61,2,2005,2,2,4,2,2,1,1,1,1,1,1,1,1,2,8,1,1,1,29,2,2,0
2,58,5,2005,1,2,1,2,2,1,2,1,1,1,1,1,1,2,10,6,1,1,33,1,2,0
2,58,5,2005,2,1,1,2,2,1,4,1,1,1,1,1,1,2,9,6,1,7,33,2,2,0
2,58,1,2005,4,1,1,2,2,1,4,1,1,1,1,1,1,1,13,4,1,2,30,2,2,1
8,58,3,2005,3,7,8,1,2,1,1,1,1,1,1,1,1,2,9,6,2,1,33,1,2,0
8,58,1,2005,3,7,8,2,2,1,1,1,1,1,1,1,1,2,9,6,1,1,42,2,2,0
5,63,1,2005,3,2,1,2,2,1,1,1,1,1,1,2,1,2,14,6,1,1,33,1,2,0
8,63,2,2005,1,2,1,2,2,1,2,1,1,1,1,1,1,1,14,10,1,1,31,2,2,0
1,62,5,2005,3,1,2,2,2,1,1,1,1,1,1,2,1,2,4,6,1,1,32,2,2,1
1,62,4,2005,1,1,1,2,2,1,4,1,1,1,1,2,1,2,9,1,1,2,30,2,2,0
1,62,3,2005,1,1,4,2,1,1,4,1,1,1,3,3,1,2,9,6,2,7,33,2,2,0
3,65,5,2005,3,7,1,2,2,1,1,1,1,2,2,4,1,2,11,5,1,1,30,2,2,0
1,65,4,2005,2,1,1,1,2,1,1,1,2,1,1,5,1,1,11,6,1,7,28,2,2,0
2,65,4,2005,2,1,1,2,1,1,2,1,1,1,1,1,1,2,11,6,1,6,24,2,2,0
2,65,1,2005,2,3,1,2,2,1,1,1,1,1,1,1,1,2,11,10,1,7,27,2,2,1
8,66,1,2005,3,1,1,2,2,1,1,2,1,1,1,3,1,2,8,7,1,1,39,2,2,0