Thana,District,Month,Year,Time,Junction_Type,Traffic_Control,Movement,Divider,Weather,Light,Road_Geometry,Surface_Condition,Surface_Type,Surface_Quality,Road_Class,Road_Feature,Location_Type,Vehicle_Type,Vehicle_Movement,Vehicle_Loading,Vehicle_Defect,Vehicle_Driver_Age,Vehicle_Alcohol,Vehicle_Seat_Belt,Accident_Severity
2,68,5,2005,1,1,4,2,1,2,2,1,1,1,1,3,1,2,11,6,1,2,35,2,2,0
2,59,5,2005,3,1,1,2,2,1,1,2,1,1,1,2,1,2,17,6,2,6,33,2,2,0
1,59,1,2005,3,1,1,2,2,1,1,1,1,1,1,2,1,2,8,4,1,1,33,2,2,0
4,59,2,2005,2,1,2,2,2,1,1,1,1,1,1,1,1,2,14,6,1,7,33,1,2,0
4,59,1,2005,3,1,8,1,2,1,1,1,1,1,1,2,1,2,12,6,1,1,33,2,2,0
7,59,3,2005,1,1,8,1,2,1,1,1,1,1,1,1,1,2,9,1,1,2,33,1,2,2
9,63,8,2005,2,2,2,2,2,1,1,1,1,1,1,1,1,2,8,6,1,7,33,2,2,0
9,63,8,2005,3,7,1,2,2,1,1,1,1,1,1,1,1,2,14,6,1,1,33,2,2,0
8,63,8,2005,2,3,1,2,2,1,1,1,1,1,1,1,1,2,14,1,1,2,33,1,0,1
8,63,8,2005,1,7,1,2,2,1,2,1,1,1,1,1,1,2,10,6,1,2,33,1,0,0
13,63,8,2005,2,1,1,2,2,2,2,1,2,1,1,1,1,2,9,6,1,1,33,2,2,2
13,63,8,2005,2,1,1,2,2,1,2,1,1,1,1,1,1,2,9,10,1,2,33,2,2,0
9,63,10,2005,2,2,8,2,1,1,1,4,1,1,1,1,1,2,10,6,1,2,33,1,0,1
4,63,11,2005,3,2,1,2,2,1,1,1,1,1,1,1,1,2,7,6,1,2,33,1,2,1
10,63,11,2005,2,1,1,2,2,1,1,1,1,1,1,4,1,2,2,6,1,7,50,1,2,0
4,63,12,2005,1,1,4,2,1,2,1,1,1,1,1,3,1,2,14,4,1,1,29,1,2,0
5,58,8,2005,1,2,2,2,2,1,4,1,1,1,1,1,1,2,10,6,1,2,25,1,0,0
7,58,8,2005,2,1,2,2,2,2,1,1,2,1,1,1,1,2,14,6,1,3,50,2,2,1
1,58,9,2005,3,7,1,2,2,1,1,1,1,1,1,1,1,2,8,6,1,1,45,2,2,0
1,58,9,2005,2,4,1,2,2,1,1,1,1,1,1,2,1,2,17,2,1,2,33,1,0,0
12,58,9,2005,3,7,1,2,2,1,1,2,1,1,1,3,1,1,9,6,1,1,33,2,2,0
5,58,9,2005,2,7,8,2,2,1,1,2,1,1,1,1,1,2,9,6,1,2,33,1,2,0
1,58,10,2005,2,7,1,2,1,1,1,1,1,1,1,1,1,2,10,5,1,7,33,1,0,1
2,58,10,2005,3,2,2,1,1,1,1,1,1,1,1,3,1,1,10,6,1,2,33,1,0,1
4,58,10,2005,2,7,2,1,1,1,1,1,3,1,3,2,1,2,9,4,1,2,33,2,2,0
7,58,11,2005,2,7,1,2,2,1,1,1,1,1,1,1,1,2,9,6,1,1,35,2,2,1
1,58,11,2005,3,1,8,2,2,1,1,1,1,1,1,2,1,2,8,6,1,1,33,2,2,3
7,58,11,2005,3,1,1,2,2,1,1,1,1,1,1,1,1,2,8,6,1,1,44,2,2,0
7,58,11,2005,2,7,1,2,2,1,1,1,1,1,1,1,1,2,9,6,1,1,33,2,2,1
3,58,12,2005,3,1,8,2,2,1,1,1,1,1,1,3,1,2,7,6,1,1,33,2,2,3
1,61,9,2005,3,2,2,2,2,1,1,1,1,1,1,1,1,1,4,6,1,2,33,2,2,0
3,61,11,2005,1,2,2,1,1,1,1,1,1,1,1,2,1,2,9,4,1,1,41,2,2,0
3,61,12,2005,2,1,1,2,2,1,1,1,1,1,1,1,1,2,14,6,1,1,45,2,2,0
7,59,8,2005,2,1,1,2,2,1,1,1,1,1,1,4,1,2,14,6,1,2,33,1,2,1
7,60,8,2005,2,2,2,2,1,2,1,2,2,1,1,2,1,2,14,1,1,2,33,1,0,0
7,60,12,2005,2,3,1,1,2,4,1,1,1,1,1,1,1,2,10,6,1,2,33,1,0,0
7,65,9,2005,4,2,4,2,2,1,2,4,1,1,2,1,1,2,7,6,1,7,33,2,2,1
6,65,12,2005,4,2,1,2,2,1,4,4,1,3,2,1,1,2,11,6,1,7,33,2,2,0
1,51,2,2005,3,1,1,2,2,1,1,1,1,1,1,1,2,2,12,6,1,1,33,2,2,0
1,50,2,2005,2,1,1,2,2,1,1,1,1,1,1,1,1,2,14,6,1,1,33,2,2,0
1,35,1,2005,2,1,1,2,2,1,1,1,1,1,1,2,1,2,9,6,1,1,33,2,2,1
5,50,4,2005,4,1,1,2,2,1,1,1,1,1,1,1,1,1,6,6,1,1,33,2,2,0
1,51,4,2005,1,2,1,2,2,1,1,1,1,1,1,2,1,2,7,6,1,1,33,2,2,1
1,38,4,2005,2,1,1,2,2,1,1,1,1,1,3,4,1,2,2,6,1,1,33,2,2,0
1,38,4,2005,3,1,1,2,2,1,1,1,1,1,1,1,1,2,9,6,1,1,33,2,2,3
1,38,1,2005,1,7,1,2,2,1,1,1,1,1,1,1,1,2,9,6,1,1,33,2,2,0
1,38,2,2005,3,1,1,2,2,1,1,1,1,1,1,5,1,2,14,6,1,1,33,2,2,1
3,37,1,2005,1,1,1,2,1,1,1,1,1,1,1,1,1,1,14,6,1,1,33,2,2,0
3,39,2,2005,1,1,1,2,1,1,1,1,1,1,1,1,1,2,9,6,1,1,33,2,2,0
2,39,3,2005,3,1,1,2,2,1,1,1,1,1,1,4,1,2,9,6,1,1,33,2,2,0
2,35,1,2005,3,1,1,2,2,1,1,1,1,1,1,3,1,2,14,6,1,1,33,2,2,0
1,49,1,2005,1,1,1,2,1,1,1,1,1,1,1,2,1,2,1,6,1,1,33,2,2,0
12,47,1,2005,3,1,1,2,2,1,1,1,1,1,1,1,1,2,10,6,1,1,33,2,2,0
9,47,1,2005,4,1,8,2,2,1,4,1,1,1,1,1,1,2,9,6,1,1,33,2,2,0
7,47,1,2005,2,1,1,2,2,1,1,1,1,1,1,1,1,2,14,6,1,1,33,2,2,1
2,43,4,2005,2,1,1,2,2,1,1,1,1,1,1,1,1,2,9,6,1,1,33,2,2,1
4,43,4,2005,4,1,1,2,2,1,1,1,1,1,1,1,1,2,5,6,1,1,33,2,2,0
1,48,1,2005,1,1,1,2,2,1,1,1,1,1,1,3,1,1,16,6,1,1,33,2,2,0
1,48,1,2005,4,1,1,2,2,1,1,1,1,1,1,1,1,2,14,6,1,1,33,2,2,0
1,35,3,2005,2,1,1,2,2,1,1,1,1,1,1,4,1,2,9,6,1,1,33,2,2,0
2,35,4,2005,4,1,8,2,2,1,2,1,1,1,1,1,1,2,14,6,1,1,33,2,2,0
1,39,6,2005,1,1,1,2,2,1,1,1,2,1,1,5,1,2,14,6,1,1,33,2,2,0
1,38,5,2005,1,1,1,2,2,1,3,1,1,1,1,3,1,2,6,6,1,1,33,2,2,0
6,38,5,2005,3,1,4,2,1,1,1,1,1,1,1,1,1,2,9,6,1,1,33,2,2,0
8,51,5,2005,3,1,1,2,2,1,1,1,1,1,1,2,1,2,9,6,1,1,33,2,2,1
12,51,5,2005,2,7,8,2,2,1,1,2,1,1,1,2,1,2,4,6,1,1,33,2,2,0
6,51,5,2005,2,7,8,2,2,1,1,1,1,1,1,4,1,2,9,6,1,1,33,2,2,1
3,38,8,2005,3,7,1,2,2,1,1,1,1,1,1,1,1,2,9,6,1,1,33,2,2,0
3,38,8,2005,2,1,1,2,2,1,1,1,1,1,1,1,1,2,9,6,1,1,33,2,2,1
6,38,6,2005,2,1,1,1,2,1,4,1,1,1,1,1,1,2,7,6,1,1,33,2,2,0
1,38,7,2005,3,1,1,2,2,1,1,1,1,1,1,1,1,1,9,6,1,1,33,2,2,0
3,38,7,2005,2,1,1,2,2,1,1,1,1,1,1,1,1,2,9,6,1,1,33,2,2,0
3,38,11,2005,5,1,1,2,2,1,1,1,1,1,1,1,1,2,14,6,1,1,33,2,2,0
3,38,12,2005,1,7,8,2,2,1,1,1,1,1,1,1,1,2,9,6,1,1,33,2,2,0
1,44,3,2005,3,7,8,2,2,1,1,1,1,1,3,2,1,2,9,6,1,1,33,2,2,3
4,44,3,2005,3,3,1,2,2,1,1,1,1,1,1,2,1,2,13,6,1,1,33,2,2,2
4,44,3,2005,1,1,2,2,1,1,1,1,1,1,1,1,1,2,9,6,1,1,33,2,2,1
5,44,3,2005,3,1,1,2,2,1,1,1,1,1,1,2,1,2,14,6,1,1,33,2,2,1
4,44,4,2005,3,1,1,2,2,1,1,1,1,1,1,1,1,2,9,6,1,1,33,2,2,0
5,44,4,2005,2,1,1,2,2,1,2,1,1,1,1,1,1,2,9,6,1,1,33,2,2,2
4,44,6,2005,2,1,1,2,2,1,1,1,1,1,1,3,1,2,13,6,1,1,33,2,2,0
4,44,6,2005,2,7,1,2,2,1,2,2,1,1,1,4,1,2,13,6,1,1,33,2,2,0
3,44,6,2005,3,4,2,2,2,1,1,1,1,1,1,1,1,2,5,6,1,1,33,2,2,1
7,44,6,2005,4,1,1,2,2,1,4,1,1,1,1,1,1,2,14,6,1,1,33,2,2,0
5,44,5,2005,3,1,1,2,2,1,1,1,1,1,1,1,1,2,10,6,1,1,33,2,2,1
3,44,7,2005,2,1,1,2,2,1,1,1,1,1,1,1,1,2,9,6,1,1,33,2,2,0
6,44,7,2005,2,1,1,2,2,1,1,1,1,1,1,1,1,2,9,6,1,1,33,2,2,2
2,44,7,2005,4,3,2,1,1,1,1,1,1,1,1,2,1,2,10,6,1,1,33,2,2,0
7,44,7,2005,4,1,1,2,2,1,1,1,1,1,1,1,1,2,9,6,1,1,33,2,2,1
5,44,7,2005,3,3,1,2,2,1,1,1,1,1,1,1,1,2,9,6,1,1,33,2,2,1
7,44,8,2005,2,1,1,2,2,1,1,1,1,1,1,1,1,2,9,6,1,1,33,2,2,0
1,50,6,2005,2,1,1,2,2,1,1,1,1,1,1,2,1,2,9,6,1,1,33,2,2,2
11,50,6,2005,2,1,1,2,2,1,1,1,1,1,1,2,1,2,6,6,1,1,33,2,2,3
13,50,11,2005,2,1,1,2,2,1,1,1,1,1,1,1,1,2,9,6,1,1,33,2,2,0
5,50,11,2005,2,1,1,2,2,1,1,1,1,1,1,1,1,2,9,6,1,1,33,2,2,1
4,50,8,2005,3,1,1,2,2,1,1,1,1,1,1,4,1,2,9,1,1,1,33,2,2,0
9,50,10,2005,2,7,1,2,2,1,1,1,1,1,1,2,1,2,9,6,1,1,33,2,2,1
3,43,6,2005,3,4,2,2,1,1,1,1,1,1,1,2,1,2,9,6,1,1,33,2,2,1
2,43,9,2005,2,1,1,2,2,1,1,1,1,1,1,1,1,2,14,6,1,1,33,2,2,3
2,43,9,2005,3,1,1,2,2,1,1,1,1,1,1,1,1,2,9,6,1,1,33,2,2,0
4,43,11,2005,4,1,1,2,2,1,1,1,1,1,1,1,1,2,6,6,1,1,33,2,2,0
2,43,12,2005,3,7,1,1,1,1,2,1,1,1,1,1,1,2,9,6,1,1,33,2,2,0
4,35,7,2005,3,1,1,2,2,1,1,1,1,1,1,1,1,2,9,6,1,1,33,2,2,1
2,35,7,2005,3,1,1,2,2,1,1,1,1,1,1,2,1,2,9,6,1,1,33,2,2,0
4,35,9,2005,2,1,1,2,2,1,1,1,1,1,1,2,1,2,12,6,1,1,33,2,2,0
5,41,1,2005,2,1,1,2,2,1,1,1,1,1,1,4,1,2,9,6,1,1,33,2,2,0
4,41,8,2005,3,1,1,1,2,1,1,1,1,1,1,2,1,2,9,6,1,1,33,2,2,1
12,47,1,2005,3,1,1,2,2,1,1,1,1,1,1,1,1,2,14,6,1,1,33,2,2,1
8,47,5,2005,2,1,1,2,2,1,1,1,1,1,1,3,1,2,10,6,1,1,33,2,2,1
2,47,5,2005,3,1,1,2,2,1,1,1,1,1,1,1,1,2,9,6,1,1,33,2,2,0
1,47,5,2005,2,1,1,2,2,1,1,1,1,1,1,1,1,2,9,6,1,1,33,2,2,0
3,47,5,2005,2,1,1,2,2,1,1,1,1,1,1,2,1,2,10,6,1,1,33,2,2,0
1,51,7,2005,3,1,1,2,2,1,1,1,1,1,1,2,1,2,13,6,1,1,33,2,2,1
8,51,7,2005,1,1,1,2,2,1,1,1,1,1,1,2,1,2,9,6,1,1,33,2,2,0
9,51,7,2005,3,1,1,2,2,1,1,1,1,1,1,2,1,2,9,6,1,1,33,2,2,3
4,39,9,2005,1,1,1,2,1,1,1,1,1,1,1,1,1,2,8,6,1,1,33,2,2,0
6,44,2,2005,1,1,2,2,1,2,1,1,1,1,1,1,1,2,14,6,1,1,33,2,2,1
5,44,11,2005,1,1,2,2,1,1,1,1,1,1,1,1,1,2,9,6,1,1,33,2,2,0
5,44,11,2005,1,1,1,2,2,1,2,1,1,1,1,1,1,2,14,6,1,1,33,2,2,0
3,44,10,2005,1,1,1,2,2,1,4,1,1,1,1,1,1,2,7,6,1,1,33,2,2,0
3,44,9,2005,3,1,1,2,2,1,1,1,1,1,1,1,1,2,14,6,1,1,33,2,2,1
6,44,9,2005,2,1,1,2,2,1,1,1,1,1,1,1,1,2,9,6,1,1,33,2,2,1
5,45,12,2005,3,1,1,2,2,1,1,1,1,1,1,1,1,2,9,6,1,1,33,2,2,0
1,45,12,2005,2,1,1,2,2,1,1,1,1,1,1,1,1,2,14,6,1,1,33,2,2,0
1,50,12,2005,1,1,1,2,1,4,1,1,1,1,1,3,1,2,14,6,1,1,33,2,2,1
6,52,2,2005,3,1,1,2,2,1,1,1,1,1,1,2,1,2,9,6,1,1,33,2,2,3
3,52,6,2005,2,1,1,2,2,1,1,1,1,1,1,3,1,2,14,6,1,1,33,2,2,2
1,40,6,2005,1,1,1,2,2,1,1,1,1,1,1,1,1,2,14,6,1,1,33,2,2,0
1,40,7,2005,2,1,1,2,2,1,1,1,1,1,1,1,1,2,14,6,1,1,33,2,2,0
1,40,7,2005,3,1,1,2,2,1,1,1,1,1,1,1,1,2,14,6,1,1,33,2,2,0
5,40,3,2005,3,1,1,2,2,1,1,1,1,1,1,1,1,2,14,6,1,1,33,2,2,3
5,40,4,2005,3,1,1,2,2,1,1,1,1,1,1,1,1,2,9,6,1,1,33,2,2,1
5,40,5,2005,3,1,1,2,2,1,1,1,1,1,1,1,1,2,14,6,1,1,33,2,2,1
6,40,3,2005,3,1,1,2,2,1,1,1,1,1,1,1,1,2,9,6,1,1,33,2,2,2
6,40,9,2005,3,1,1,2,2,1,1,1,1,1,1,1,1,2,9,6,1,1,33,2,2,1
3,40,1,2005,4,1,1,2,2,2,2,1,1,1,1,1,1,2,1,9,1,1,33,2,2,0
3,40,11,2005,2,1,1,2,2,1,1,1,1,1,1,1,1,2,10,6,1,1,33,2,2,0
3,40,11,2005,2,1,1,2,2,1,1,1,1,1,1,1,1,2,14,6,1,1,33,2,2,0
1,49,1,2005,2,1,1,2,2,1,1,1,1,1,1,1,1,2,9,6,1,1,33,2,2,0
5,47,11,2005,2,1,1,2,2,1,1,1,1,1,1,1,1,2,14,6,1,1,33,2,2,0
5,47,11,2005,2,1,1,2,1,1,1,1,1,1,1,1,1,2,9,6,1,1,33,2,2,0
12,47,11,2005,1,1,1,2,2,1,3,2,1,1,1,1,1,2,14,6,1,1,33,2,2,0
7,47,10,2005,3,1,1,2,2,1,1,1,1,1,1,1,1,2,9,6,1,1,33,2,2,0
8,47,10,2005,1,1,1,2,2,1,1,1,1,1,1,1,1,2,9,6,1,1,33,2,2,1
7,47,9,2005,1,1,4,2,2,1,1,1,1,1,1,1,1,2,9,6,1,1,33,2,2,1
3,47,9,2005,2,1,1,2,2,1,1,1,1,1,1,2,1,2,10,6,1,1,33,2,2,0
9,47,9,2005,3,1,1,2,2,1,1,1,1,1,1,1,1,2,9,6,1,1,33,2,2,0
1,47,9,2005,1,1,1,2,2,1,1,1,1,1,1,1,1,2,9,6,1,1,33,2,2,0
7,47,8,2005,1,1,1,2,1,1,2,1,1,1,1,1,1,2,9,6,1,1,33,2,2,1
8,47,8,2005,1,1,1,2,2,1,1,1,1,1,1,1,1,2,9,6,1,1,33,2,2,0
12,47,7,2005,2,1,1,2,2,1,1,1,1,1,1,1,1,2,9,6,1,1,33,2,2,1
1,47,7,2005,2,1,1,2,2,1,1,1,1,1,1,1,1,2,6,1,1,1,33,2,2,1
12,47,6,2005,2,1,1,2,2,1,1,1,1,1,1,1,1,2,14,6,1,1,33,2,2,2
12,47,6,2005,2,1,1,2,2,1,1,1,1,1,1,1,1,2,14,6,1,1,33,2,2,1
4,39,8,2005,1,1,1,2,2,1,1,1,1,1,1,1,1,2,12,6,1,1,33,2,2,0
1,39,11,2005,2,1,1,2,2,1,3,1,1,1,1,1,1,2,9,6,1,1,33,2,2,0
1,39,12,2005,3,1,1,2,2,1,1,1,1,1,1,1,1,2,9,6,1,1,33,2,2,0
3,36,3,2005,4,1,1,2,2,1,4,1,1,1,1,1,1,2,14,6,1,1,33,2,2,0
3,36,9,2005,3,1,1,2,2,2,1,1,2,1,1,1,1,2,9,6,1,1,33,2,2,0
1,36,6,2005,3,1,1,2,2,1,1,1,1,1,1,1,1,2,14,6,1,1,33,2,2,0
1,46,6,2005,4,1,1,2,2,1,2,1,1,1,1,1,1,2,13,6,1,1,33,2,2,0
1,46,6,2005,3,1,1,2,2,1,1,1,1,1,1,1,1,2,8,6,1,1,33,2,2,0
1,46,3,2005,1,1,1,2,2,1,2,1,1,1,1,1,1,2,19,6,1,1,33,2,2,0
1,46,2,2005,2,1,1,2,2,1,1,1,1,1,1,1,1,2,14,6,1,1,33,2,2,0
5,46,1,2005,4,1,1,2,2,1,1,1,1,1,1,1,1,2,8,6,1,1,33,2,2,0
5,46,11,2005,3,1,1,2,2,1,1,1,1,1,1,1,1,2,9,6,1,1,33,2,2,1
3,41,9,2005,4,1,1,2,2,1,2,2,1,1,1,1,1,2,8,6,1,1,33,2,2,0
5,41,9,2005,4,1,1,2,2,1,1,1,1,1,1,1,1,2,9,6,1,1,33,2,2,0
3,41,10,2005,2,1,1,2,2,1,1,1,1,1,1,1,1,2,14,6,1,1,33,2,2,1
3,41,11,2005,4,1,1,2,2,1,2,2,1,1,1,1,1,2,14,6,1,1,33,2,2,0
3,41,11,2005,2,1,1,2,2,1,1,1,1,1,1,1,1,2,14,6,1,1,33,2,2,0
3,41,11,2005,3,1,1,2,2,1,1,1,1,1,1,1,1,2,10,6,1,1,33,2,2,0
6,41,12,2005,3,1,1,2,2,1,1,1,1,1,1,1,1,2,8,6,1,1,33,2,2,0
1,41,12,2005,2,1,1,2,2,1,1,1,1,1,1,1,1,2,14,6,1,1,33,2,2,1
7,41,12,2005,1,1,1,2,2,1,2,1,1,1,1,1,1,2,9,6,1,1,33,2,2,0
7,41,12,2005,2,1,1,2,2,1,1,1,1,1,1,1,1,2,9,6,1,1,33,2,2,0
7,41,12,2005,2,1,1,2,2,1,1,1,1,1,1,1,1,2,19,6,1,1,33,2,2,2
10,64,10,2005,3,1,1,2,2,1,1,1,1,1,1,1,2,1,8,6,1,1,33,2,2,1
3,64,1,2005,2,1,1,2,1,1,1,1,1,1,1,1,1,1,9,11,1,7,25,2,2,0
3,64,2,2005,4,1,1,1,2,1,3,1,1,1,1,1,1,1,14,11,1,7,26,2,2,1
3,64,3,2005,2,1,1,1,2,1,2,1,1,1,1,1,1,1,9,6,1,7,26,2,2,0
5,64,3,2005,3,1,1,1,1,1,1,1,1,1,1,1,1,1,14,2,1,1,33,1,2,0
5,64,6,2005,4,4,4,2,1,1,2,2,1,1,1,1,1,1,14,2,1,1,40,2,2,1
2,64,1,2005,3,3,1,1,2,1,1,2,1,1,1,5,1,1,14,7,1,1,33,2,2,0
2,64,7,2005,2,3,1,2,2,1,1,1,1,1,1,5,1,1,14,6,1,1,33,2,2,0
2,64,9,2005,2,3,1,1,2,1,1,1,1,1,1,5,1,1,14,6,1,1,33,2,2,0
2,64,12,2005,1,3,1,1,2,1,1,1,1,1,1,5,1,1,14,6,1,1,33,2,2,0
12,64,4,2005,3,1,1,2,2,1,1,1,1,2,1,1,1,1,8,4,1,1,27,2,2,1
9,64,1,2005,2,2,1,1,2,1,1,1,1,1,1,5,1,1,14,4,1,7,38,2,2,1
9,64,9,2005,3,1,1,2,1,1,1,1,1,1,1,5,1,1,10,4,1,1,30,2,2,1
1,64,11,2005,2,2,4,2,1,1,1,1,1,1,1,5,1,1,8,1,1,1,32,2,2,1
1,64,5,2005,3,7,8,1,2,1,1,3,1,1,1,5,1,1,19,6,2,6,30,1,2,3
6,64,1,2005,1,2,4,2,1,1,3,1,1,1,1,5,1,1,14,6,1,1,33,2,2,0
2,28,2,2005,2,7,4,1,1,1,2,1,1,1,1,5,1,1,9,5,1,1,40,1,2,0
1,54,1,2005,2,7,1,2,2,1,3,1,1,1,1,4,1,1,10,6,1,2,33,1,0,1
9,56,2,2005,2,2,1,2,2,1,1,1,1,1,1,3,1,2,14,4,1,1,28,2,2,0
1,54,2,2005,3,1,1,2,2,1,3,1,1,1,1,4,1,2,4,6,1,1,36,2,2,1
3,54,2,2005,3,7,1,2,2,1,1,1,1,1,1,3,1,2,7,6,1,1,33,2,2,0
4,55,3,2005,4,1,8,2,1,1,2,1,1,3,1,4,1,2,13,6,1,2,35,2,2,2
5,55,3,2005,3,7,8,2,2,1,1,2,1,1,1,3,1,2,16,6,1,2,45,2,2,0
1,54,3,2005,2,7,1,2,2,1,1,1,1,1,1,2,1,1,8,6,1,1,38,2,2,1
1,54,3,2005,2,1,1,2,2,1,2,1,1,1,1,2,1,2,14,11,1,7,35,2,1,0
1,54,3,2005,2,3,1,2,2,1,2,1,1,1,1,5,1,1,10,6,1,1,33,1,0,1
1,54,3,2005,4,7,4,2,2,1,3,1,1,1,1,5,1,1,14,5,1,1,33,1,0,0
9,54,3,2005,2,1,1,2,2,1,1,1,1,1,1,1,1,1,14,6,1,2,33,1,0,0
12,54,3,2005,3,1,1,2,2,1,1,1,1,1,1,3,1,1,7,6,1,2,33,1,0,0
3,53,5,2005,3,1,1,2,2,1,1,1,1,1,1,3,1,2,9,6,1,2,33,2,2,1
3,53,5,2005,3,1,1,2,2,1,1,1,1,1,1,3,1,2,14,6,1,1,33,2,2,0
3,56,6,2005,1,1,1,1,2,1,4,1,1,1,1,1,1,2,10,6,1,2,40,1,0,3
9,56,6,2005,1,2,2,2,2,1,2,1,1,1,1,4,1,2,14,6,1,2,33,1,0,0
1,55,6,2005,3,3,8,2,2,1,1,1,1,1,1,3,1,2,13,6,1,6,33,1,2,0
9,54,4,2005,3,1,1,2,2,1,1,1,1,1,1,1,1,2,14,6,1,1,30,2,2,1
12,54,4,2005,3,7,1,2,2,1,1,1,1,1,1,1,1,2,7,6,1,2,33,1,0,0
1,54,5,2005,2,7,1,2,2,1,1,1,1,1,1,1,1,2,14,5,1,1,33,1,2,0
1,54,5,2005,4,7,1,2,2,2,4,1,2,1,1,1,1,2,14,6,1,1,38,1,2,1
12,54,5,2005,3,1,1,2,2,1,1,1,1,1,1,1,1,2,13,6,1,1,39,2,2,0
8,54,5,2005,2,3,8,2,2,2,1,4,2,1,1,2,1,2,9,1,1,1,45,1,0,3
9,54,5,2005,3,7,1,2,2,1,1,2,1,1,2,2,1,2,14,2,1,1,33,2,2,1
1,54,6,2005,3,1,1,2,2,1,1,2,1,1,1,2,1,1,13,2,1,1,35,1,2,0
1,54,6,2005,2,7,1,2,2,1,1,1,1,1,1,1,1,2,8,6,1,1,35,2,2,1
12,54,6,2005,3,7,1,2,2,2,1,1,2,1,1,1,1,2,8,5,1,7,33,1,0,0
13,54,6,2005,1,2,1,2,2,1,3,1,1,1,1,1,1,2,14,4,1,1,33,1,0,0
1,55,5,2005,4,1,1,2,2,2,4,1,2,1,1,1,2,1,7,4,1,7,33,2,2,1
6,55,8,2005,2,1,1,2,2,1,1,1,1,1,1,1,1,2,9,6,1,2,33,1,0,0
12,54,7,2005,2,2,1,2,1,2,4,1,2,1,1,4,1,2,14,6,1,1,33,1,0,0
6,55,8,2005,2,1,1,2,2,1,1,1,1,1,1,1,1,2,9,6,1,2,33,1,0,0
3,53,9,2005,3,7,8,2,2,1,1,1,1,1,1,4,1,2,8,5,1,7,73,2,2,1
3,56,9,2005,3,1,2,2,1,1,4,1,1,1,1,3,1,2,16,11,1,1,35,2,2,0
13,54,9,2005,4,1,1,2,2,1,4,1,1,1,1,1,1,2,9,6,1,1,33,1,0,0
3,54,9,2005,2,1,1,2,2,1,1,1,1,1,1,4,1,2,13,6,1,2,30,2,2,0
7,56,10,2005,1,1,1,2,2,1,1,3,1,1,2,4,1,2,6,6,1,2,33,1,0,0
7,56,11,2005,1,1,1,2,2,1,4,1,1,1,1,3,1,2,13,4,1,2,25,2,2,0
1,54,9,2005,3,1,1,2,1,1,1,1,1,1,1,1,1,2,8,6,2,6,33,1,2,0
1,54,9,2005,3,1,1,2,2,1,1,1,1,1,3,1,2,1,13,5,1,1,33,2,2,0
9,54,11,2005,1,7,8,2,1,1,4,1,1,1,1,1,2,2,13,6,1,1,35,2,2,0
12,54,11,2005,3,1,1,2,2,1,1,1,1,1,1,5,1,1,8,5,1,2,33,1,2,0
3,53,12,2005,4,7,8,2,2,1,2,1,1,1,1,3,1,2,6,4,1,2,33,2,2,0
3,56,12,2005,2,1,1,2,2,1,1,1,1,1,1,1,1,2,14,6,1,1,35,1,2,1
1,55,12,2005,4,7,1,2,2,1,4,1,1,1,1,4,1,2,13,6,1,6,33,1,2,0
1,54,12,2005,1,7,1,2,2,1,4,1,1,1,1,2,1,2,6,6,1,1,40,2,2,0
1,54,12,2005,4,7,8,2,2,1,2,4,1,1,1,3,1,2,14,6,1,1,34,1,2,1
1,30,1,2005,2,1,3,2,2,1,1,1,1,1,1,1,1,1,14,5,2,1,33,1,2,0
1,30,2,2005,2,3,1,2,2,1,2,1,1,1,1,1,1,2,14,4,1,1,35,2,2,1
1,33,6,2005,3,1,1,2,2,1,1,1,1,1,1,3,1,1,2,6,1,1,33,2,2,0
4,33,6,2005,1,1,1,2,2,1,2,1,1,1,1,2,1,2,14,6,1,1,38,1,2,0
5,33,11,2005,4,1,1,2,2,1,4,1,1,1,1,2,1,2,9,5,1,1,33,1,2,2
1,34,3,2005,4,1,1,2,2,1,2,1,1,1,1,1,1,2,13,4,1,1,35,2,2,0
6,34,5,2005,3,7,1,2,2,1,1,1,1,1,1,1,1,2,9,5,1,5,35,2,2,0
6,34,5,2005,3,3,1,2,2,1,1,1,1,1,1,1,1,2,9,6,1,1,55,2,2,0
6,34,5,2005,2,1,1,2,2,1,1,1,1,1,1,1,1,2,9,6,1,7,40,2,2,0
6,34,6,2005,3,3,2,2,2,2,1,2,2,1,1,1,1,2,12,2,1,1,34,2,1,1
2,30,12,2005,3,1,1,2,2,1,1,1,1,1,1,4,1,2,8,6,1,1,38,2,2,1
1,33,6,2005,3,3,1,2,2,2,1,1,2,1,1,2,1,2,4,4,1,1,34,2,1,0
2,31,5,2005,2,4,1,2,2,1,1,1,1,1,1,2,1,2,8,6,1,1,28,2,2,0
4,34,10,2005,3,1,1,2,2,1,1,1,1,1,1,1,1,2,8,6,1,1,32,2,2,0
3,34,11,2005,1,1,1,2,2,1,2,1,1,1,1,1,1,1,14,6,1,1,33,1,2,0
1,34,11,2005,4,7,8,2,2,1,4,1,1,1,1,1,1,1,4,6,1,1,33,2,2,1
6,42,1,2005,2,3,4,2,1,1,1,1,1,1,1,5,1,1,19,5,1,2,33,2,2,2
6,42,1,2005,3,1,1,2,1,1,1,1,1,1,1,5,1,1,9,5,1,1,33,2,2,2
6,42,2,2005,3,1,1,2,1,1,1,1,1,1,1,5,1,1,10,6,1,1,33,2,2,2