Thana,District,Month,Year,Time,Junction_Type,Traffic_Control,Movement,Divider,Weather,Light,Road_Geometry,Surface_Condition,Surface_Type,Surface_Quality,Road_Class,Road_Feature,Location_Type,Vehicle_Type,Vehicle_Movement,Vehicle_Loading,Vehicle_Defect,Vehicle_Driver_Age,Vehicle_Alcohol,Vehicle_Seat_Belt,Accident_Severity
6,42,2,2005,1,1,1,2,1,1,3,1,1,1,1,5,1,1,9,6,1,2,33,1,2,1
6,42,2,2005,4,1,1,2,1,1,3,1,1,1,1,5,1,1,14,6,1,1,33,2,2,1
6,42,3,2005,1,1,1,2,1,1,2,1,1,1,1,5,1,1,14,6,1,1,33,2,2,1
6,42,3,2005,1,1,1,2,2,1,2,1,1,1,1,5,1,1,14,6,1,2,33,1,2,1
2,42,2,2005,2,1,1,2,1,1,1,1,1,1,1,5,1,1,10,6,1,1,33,2,2,1
2,42,2,2005,2,1,1,2,1,1,1,1,1,1,1,5,1,1,9,6,1,1,33,1,2,2
2,42,2,2005,1,1,1,2,1,1,3,1,1,1,1,5,1,1,14,6,1,1,33,2,2,2
2,42,3,2005,3,1,1,2,1,1,1,1,1,1,1,5,1,1,8,6,1,1,28,2,2,1
2,42,3,2005,4,1,1,2,1,1,3,1,1,1,1,5,1,1,10,6,1,1,33,2,2,1
2,42,4,2005,3,1,1,2,2,1,1,1,1,1,1,5,1,1,8,6,1,1,33,2,2,2
8,42,1,2005,2,2,6,2,1,1,2,1,1,1,1,5,1,1,8,6,1,1,35,2,2,3
8,42,2,2005,1,2,1,2,2,1,3,1,1,1,1,5,1,1,14,6,1,1,33,2,2,1
8,42,3,2005,4,1,1,2,1,1,3,1,1,1,1,5,1,1,10,5,1,1,33,2,2,1
1,42,1,2005,4,3,6,2,1,1,3,1,1,1,1,5,1,1,9,6,1,1,33,2,2,2
1,42,1,2005,3,1,1,2,1,1,1,1,1,1,1,5,1,1,9,6,1,1,33,2,2,2
1,42,2,2005,1,5,6,2,1,1,3,1,1,1,1,5,1,1,14,6,1,1,33,1,2,1
1,42,3,2005,2,5,1,2,1,1,1,1,1,1,1,5,1,1,9,6,1,1,33,2,2,0
1,42,3,2005,2,2,4,2,1,1,1,1,1,1,1,5,1,1,9,6,1,1,33,2,2,1
1,42,4,2005,3,3,6,2,1,1,1,1,1,1,1,5,1,1,9,6,1,1,33,2,2,2
1,42,4,2005,3,3,4,2,1,1,1,1,1,1,1,5,1,1,10,6,1,1,33,2,2,2
1,42,4,2005,4,1,1,2,1,1,2,1,1,1,1,5,1,1,8,6,1,1,33,2,2,2
9,42,1,2005,2,3,6,2,1,1,1,1,1,1,1,5,1,1,14,6,1,1,33,2,2,2
9,42,1,2005,2,3,6,2,1,1,1,1,1,1,1,5,1,1,9,6,1,1,33,2,2,2
9,42,2,2005,3,1,1,2,1,1,1,1,1,1,1,5,1,1,8,6,1,1,33,2,2,2
9,42,2,2005,2,3,6,1,1,1,1,1,1,1,1,5,1,1,8,6,1,1,33,2,2,1
9,42,3,2005,2,5,6,2,1,1,1,1,1,1,1,5,1,1,9,6,1,1,33,2,2,1
9,42,3,2005,3,2,6,2,1,1,1,1,1,1,1,5,1,1,14,6,1,1,33,2,2,0
9,42,3,2005,2,3,4,2,1,1,1,1,1,1,1,5,1,1,10,6,1,1,33,2,2,2
9,42,3,2005,4,2,6,2,1,1,3,1,1,1,1,5,1,1,5,6,1,1,33,2,2,2
14,42,1,2005,3,1,1,2,1,1,1,1,1,1,1,5,1,1,9,6,1,1,33,2,2,0
14,42,2,2005,4,5,4,2,1,1,3,1,1,1,1,5,1,1,14,6,1,1,33,2,2,1
14,42,2,2005,2,1,1,2,1,1,1,1,1,1,1,5,1,1,9,6,1,1,33,2,2,0
16,42,1,2005,3,1,1,2,1,1,1,1,1,1,1,5,1,1,9,6,1,2,38,2,2,1
12,42,1,2005,2,4,6,2,1,1,1,1,1,1,1,5,1,1,8,6,1,1,33,2,2,2
12,42,1,2005,2,1,1,2,1,1,1,1,1,1,1,5,1,1,8,5,1,1,33,2,2,3
12,42,1,2005,2,1,1,2,1,1,1,1,1,1,1,5,1,1,9,6,1,1,33,2,2,2
12,42,1,2005,4,1,1,1,1,1,3,1,1,1,1,5,1,1,14,6,1,1,33,2,2,1
12,42,1,2005,1,3,1,2,1,1,2,1,1,1,1,5,1,1,10,6,1,1,33,2,2,1
12,42,2,2005,4,1,1,2,1,1,3,1,1,1,1,5,1,1,10,6,1,1,33,2,2,1
9,42,5,2005,1,1,1,2,1,1,3,1,1,1,1,5,1,1,14,6,1,1,33,2,2,1
9,42,5,2005,3,5,4,2,1,1,1,1,1,1,1,5,1,1,8,6,1,1,33,2,2,1
9,42,5,2005,4,7,4,2,1,1,3,1,1,1,1,5,1,1,9,6,1,1,33,2,2,2
9,42,5,2005,2,5,6,2,1,1,1,1,1,1,1,5,1,1,9,6,1,1,35,2,2,2
9,42,5,2005,2,1,4,2,1,1,1,1,1,1,1,5,1,1,8,6,1,1,33,2,2,1
9,42,5,2005,2,3,6,2,1,1,1,1,1,1,1,5,1,1,8,6,1,1,33,2,2,1
9,42,6,2005,2,5,6,2,1,1,1,1,1,1,1,5,1,1,12,6,1,1,33,2,2,2
9,42,7,2005,4,1,1,1,1,1,1,1,1,1,1,5,1,1,9,6,1,1,33,2,2,2
21,42,2,2005,2,1,1,2,2,1,1,1,1,1,1,5,1,1,14,6,1,1,33,2,2,0
21,42,8,2005,3,1,1,2,1,1,1,1,1,1,1,5,1,1,12,6,1,1,45,1,2,2
21,42,8,2005,3,7,4,2,2,1,1,1,1,1,1,5,1,1,8,6,1,1,40,2,2,1
9,42,8,2005,4,1,1,2,1,1,3,1,1,1,1,5,1,1,14,6,1,1,33,1,2,2
9,42,8,2005,4,1,4,2,1,1,3,1,1,1,1,5,1,1,9,6,1,1,33,2,2,2
9,42,8,2005,3,1,1,2,1,1,1,1,1,1,1,5,1,1,12,6,1,1,33,2,2,1
9,42,8,2005,4,5,2,1,1,1,3,1,1,1,1,5,1,1,14,6,1,1,33,2,2,2
17,42,3,2005,2,1,1,2,2,1,1,1,1,1,1,5,1,1,8,6,1,1,33,2,2,1
17,42,5,2005,1,2,6,2,1,1,2,1,1,1,1,5,1,1,14,6,1,1,33,2,2,3
17,42,6,2005,4,1,1,2,1,1,3,1,1,1,1,5,1,1,14,6,1,1,33,2,2,1
17,42,7,2005,1,7,4,2,1,1,3,1,1,1,1,5,1,1,14,6,1,1,33,2,2,1
17,42,7,2005,4,1,1,2,1,1,3,1,1,1,1,5,1,1,14,6,1,1,33,1,2,1
17,42,6,2005,3,1,1,2,2,1,1,1,1,1,1,5,1,1,12,6,1,1,33,2,2,1
11,42,4,2005,4,1,1,2,1,1,3,1,1,1,1,5,1,1,14,6,1,1,33,2,2,1
11,42,4,2005,4,1,1,2,1,1,3,1,1,1,1,5,1,1,8,6,1,2,33,2,2,1
11,42,4,2005,1,1,1,2,1,1,3,1,1,1,1,5,1,1,14,6,1,1,33,2,2,2
11,42,4,2005,4,5,2,1,1,1,3,1,1,1,1,5,1,1,9,6,1,1,33,2,2,0
11,42,5,2005,1,1,4,2,1,1,3,1,1,1,1,5,1,1,14,6,1,1,40,2,2,1
11,42,6,2005,4,1,1,2,1,1,3,1,1,1,1,5,1,1,5,6,1,1,24,2,2,2
2,42,5,2005,1,5,8,2,1,1,1,1,1,1,1,5,1,1,12,6,1,2,33,2,2,2
2,42,6,2005,3,5,6,2,1,1,1,1,1,1,1,5,1,1,8,6,1,1,36,2,2,2
12,42,3,2005,3,3,1,2,2,1,1,1,1,1,1,5,1,1,19,6,1,1,33,1,0,1
12,42,3,2005,3,1,1,2,1,1,1,1,1,1,1,5,1,1,8,6,1,1,33,2,2,2
12,42,3,2005,4,1,8,2,2,1,3,1,1,1,1,5,1,1,10,6,1,1,33,2,2,2
12,42,3,2005,4,1,1,2,2,1,3,1,1,1,1,5,1,1,14,6,1,1,33,2,2,1
12,42,4,2005,2,5,6,2,1,1,1,1,1,1,1,5,1,1,10,6,1,1,33,1,2,2
12,42,5,2005,3,6,6,2,1,1,1,1,1,1,1,5,1,1,9,6,1,1,33,2,2,1
12,42,5,2005,4,3,1,2,2,1,2,1,1,1,1,5,1,1,19,6,1,1,33,2,2,2
12,42,5,2005,3,1,1,2,1,1,1,1,1,1,1,5,1,1,8,6,1,1,33,2,2,2
12,42,5,2005,2,3,6,2,1,1,1,1,1,1,1,5,1,1,8,6,1,1,33,2,2,2
12,42,6,2005,2,1,1,2,1,1,1,1,1,1,1,5,1,1,8,6,1,1,33,2,2,2
12,42,6,2005,2,3,3,2,1,1,1,1,1,1,1,5,1,1,12,6,1,1,20,2,2,2
12,42,6,2005,2,1,1,2,1,1,1,1,1,1,1,5,1,1,10,6,1,1,33,2,2,2
12,42,7,2005,2,5,6,2,1,1,1,1,1,1,1,5,1,1,9,6,1,2,33,2,2,2
12,42,7,2005,4,1,1,2,1,1,3,1,1,1,1,5,1,1,8,6,1,1,33,2,2,2
14,42,5,2005,2,1,1,2,1,1,1,1,1,1,1,5,1,1,8,6,1,2,33,2,2,2
14,42,5,2005,2,1,1,2,1,1,1,1,1,1,1,5,1,1,9,6,1,1,33,2,2,2
14,42,6,2005,4,1,1,2,2,1,1,1,1,1,1,5,1,1,14,6,1,1,33,2,2,2
14,42,7,2005,2,1,1,2,1,1,1,1,1,1,1,5,1,1,11,5,1,1,33,2,2,2
3,42,5,2005,4,3,4,1,2,1,3,1,1,1,1,5,1,1,9,6,1,1,33,2,2,0
22,42,3,2005,4,7,1,1,1,1,3,1,1,1,1,5,1,1,19,6,1,1,33,2,2,0
22,42,5,2005,3,3,4,2,1,1,1,1,1,1,1,5,1,1,8,6,1,2,33,2,2,0
18,42,7,2005,2,3,1,1,2,3,1,1,1,1,1,5,1,1,14,6,1,1,33,2,2,2
18,42,7,2005,1,1,1,1,1,1,3,1,1,1,1,5,1,1,14,6,1,1,35,2,2,1
8,42,7,2005,3,1,1,2,1,1,1,1,1,1,1,5,1,1,4,6,1,1,33,2,2,2
8,42,9,2005,3,1,1,2,2,1,1,1,1,1,1,5,1,1,6,6,1,1,33,2,2,2
8,42,9,2005,4,1,1,2,1,1,2,1,1,1,1,5,1,1,9,6,1,1,33,2,2,2
8,42,12,2005,4,1,1,2,1,1,3,1,1,1,1,5,1,1,14,7,1,1,33,2,2,2
1,42,5,2005,4,5,2,1,1,3,1,1,1,1,1,5,1,1,15,2,1,1,33,2,2,2
1,42,5,2005,4,1,4,2,1,1,3,1,1,1,1,1,1,1,10,6,1,1,33,2,2,1
1,42,6,2005,2,2,5,2,1,1,1,1,1,1,1,5,1,1,8,6,1,1,33,2,2,2
1,42,6,2005,4,6,1,2,1,1,3,1,1,1,1,5,1,1,8,6,1,1,33,2,2,2
1,42,7,2005,3,2,6,2,1,1,1,1,1,1,1,5,1,1,8,6,1,1,33,2,2,2
1,42,8,2005,3,1,1,2,1,1,1,1,1,1,1,5,1,1,19,6,1,1,33,2,2,1
1,42,9,2005,2,1,1,2,1,1,1,1,1,1,1,5,1,1,9,6,1,1,33,2,2,1
1,42,11,2005,1,5,6,2,1,1,3,1,1,1,1,5,1,1,14,6,1,1,33,2,2,2
1,42,12,2005,2,2,6,2,1,1,1,1,1,1,1,5,1,1,8,6,1,1,33,2,2,2
1,42,12,2005,4,3,6,2,1,1,3,1,1,1,1,5,1,1,9,6,1,1,33,2,2,2
10,42,1,2005,2,3,4,1,1,1,1,1,1,1,1,5,1,1,8,6,1,1,22,2,2,2
10,42,5,2005,3,3,6,1,1,1,1,1,1,1,1,5,1,1,10,6,1,1,33,2,2,3
2,42,9,2005,1,1,1,1,1,1,3,1,1,1,1,5,1,1,9,6,1,1,33,2,2,1
2,42,9,2005,4,1,1,1,1,1,3,1,1,1,1,5,1,1,9,5,1,1,33,2,2,2
2,42,10,2005,3,1,1,2,2,1,1,1,1,1,1,5,1,1,8,5,1,1,33,2,2,2
10,42,8,2005,1,7,2,1,1,1,3,1,1,1,1,5,1,1,14,6,1,1,28,2,2,1
10,42,8,2005,4,3,5,1,1,1,3,1,1,1,1,5,1,1,14,6,1,1,33,2,2,1
10,42,9,2005,3,3,6,1,1,1,1,1,1,1,1,5,1,1,14,6,1,1,33,2,2,1
10,42,9,2005,3,3,6,1,1,1,1,1,1,1,1,5,1,1,8,6,1,1,33,2,2,3
10,42,9,2005,2,3,4,1,1,1,1,1,1,1,1,5,1,1,8,6,1,1,35,2,2,1
10,42,10,2005,2,3,4,1,1,1,1,1,1,1,1,5,1,1,8,6,1,1,33,2,2,1
10,42,10,2005,4,1,1,1,1,1,3,1,1,1,1,5,1,1,9,6,1,1,33,2,2,2
10,42,10,2005,3,3,6,1,1,1,1,1,1,1,1,5,1,1,10,6,1,1,33,2,2,3
10,42,10,2005,1,3,4,1,1,1,3,1,1,1,1,5,1,1,10,6,1,1,33,2,2,2
10,42,11,2005,4,1,1,1,1,1,1,1,1,1,1,5,1,1,9,6,1,1,33,2,2,1
10,42,12,2005,2,3,4,1,1,1,2,1,1,1,1,5,1,1,14,6,1,1,33,2,2,1
4,42,10,2005,3,1,1,1,1,1,1,1,1,1,1,5,1,1,9,6,1,1,33,2,2,0
6,42,5,2005,2,1,1,2,2,1,1,1,1,1,1,5,1,1,8,6,1,1,33,2,2,1
6,42,5,2005,1,1,1,2,2,1,4,1,1,1,1,5,1,1,15,6,1,1,33,1,2,0
6,42,5,2005,1,1,1,2,2,1,3,1,1,1,1,5,1,1,14,6,1,1,33,2,2,0
6,42,6,2005,2,1,2,1,1,1,1,1,1,1,1,5,1,1,8,6,1,1,33,1,2,1
6,42,7,2005,1,1,1,2,2,1,3,1,1,1,1,5,1,1,14,6,1,1,33,2,2,0
7,26,1,2005,2,1,1,2,2,1,1,2,1,1,2,4,1,1,1,1,1,1,44,2,2,0
4,26,2,2005,4,1,1,2,2,1,2,1,1,1,1,1,1,1,9,11,1,1,30,2,2,0
4,26,4,2005,1,1,1,1,2,1,2,1,1,1,1,1,1,2,9,11,1,1,35,2,2,0
1,26,5,2005,3,1,1,1,2,1,2,1,1,1,1,3,1,2,6,6,2,6,35,2,2,0
4,26,6,2005,3,1,1,2,2,1,1,2,1,1,1,1,2,2,9,2,1,7,40,1,2,0
1,24,8,2005,3,3,1,2,2,2,1,1,2,1,1,1,1,2,14,6,1,7,30,1,2,1
1,24,9,2005,3,3,1,2,2,1,1,2,1,1,1,1,1,2,8,4,1,1,30,1,2,0
1,24,2,2005,3,1,8,1,1,1,1,1,1,1,1,4,1,2,14,6,1,7,40,1,2,0
1,21,3,2005,1,1,1,2,1,1,1,1,1,1,1,1,1,2,14,6,1,1,40,1,2,0
3,21,11,2005,3,1,1,2,2,1,1,1,1,1,1,1,1,2,19,6,1,7,40,1,2,0
3,21,4,2005,2,1,1,2,2,1,1,1,1,1,1,1,1,2,14,6,1,1,40,1,2,0
6,21,5,2005,1,7,8,2,2,1,4,1,1,1,1,1,1,1,19,6,1,7,33,1,2,0
3,21,5,2005,4,1,1,2,2,1,2,1,1,1,1,1,1,2,14,6,1,1,33,1,2,0
1,21,8,2005,2,4,1,2,2,1,1,1,1,1,1,1,1,2,14,2,1,1,40,1,2,0
1,21,1,2005,3,1,1,2,2,1,1,1,1,1,1,1,1,2,7,6,1,1,40,1,2,0
1,22,7,2005,2,2,4,2,2,1,1,1,1,1,1,1,1,1,14,6,1,1,33,1,2,0
3,22,7,2005,2,1,1,2,2,2,1,1,2,1,1,1,1,2,14,5,2,7,33,1,2,0
1,22,7,2005,3,1,1,1,2,2,1,1,2,1,1,1,1,2,10,6,1,1,33,2,2,2
1,22,6,2005,1,1,1,2,2,1,4,1,1,1,1,1,1,2,9,6,1,1,33,1,2,0
1,22,1,2005,2,1,1,2,2,1,1,1,1,1,1,4,1,1,9,6,1,3,33,1,2,3
1,18,3,2005,3,1,1,2,2,1,1,1,1,1,3,3,1,2,14,4,1,1,35,2,2,0
4,14,8,2005,3,1,1,2,1,1,1,1,1,1,1,1,1,1,14,2,1,7,33,1,2,1
3,14,9,2005,1,1,3,2,2,1,1,1,1,1,1,5,1,1,14,6,1,1,23,2,2,0
3,14,11,2005,3,2,1,2,2,1,1,3,1,1,1,5,1,1,14,6,1,7,45,1,2,0
2,14,12,2005,2,1,8,2,1,1,1,1,1,1,1,5,1,1,9,6,1,1,33,2,2,0
2,14,12,2005,2,2,4,1,2,1,1,1,1,1,1,5,1,1,9,5,1,1,38,2,2,0
3,14,2,2005,2,7,1,2,1,1,1,1,1,1,1,5,1,1,14,6,1,1,33,2,2,1
1,14,3,2005,3,2,1,1,1,1,1,1,1,1,1,5,1,1,14,6,1,7,33,2,2,0
3,14,5,2005,1,2,1,2,2,1,2,3,1,2,3,4,1,1,14,4,1,6,30,1,2,2
5,12,1,2005,2,1,1,2,2,1,1,2,1,1,1,3,1,2,4,1,1,7,33,2,2,0
6,15,5,2005,3,1,1,1,1,1,1,1,1,1,1,1,2,1,13,11,1,1,40,2,2,1
1,15,6,2005,2,1,1,2,2,1,1,1,1,1,1,1,1,2,9,4,1,1,35,2,2,0
1,4,3,2005,3,1,1,2,2,1,1,1,1,1,1,4,1,1,13,4,1,1,36,2,2,1
8,7,1,2005,1,1,1,2,2,1,1,2,1,1,1,2,1,2,8,6,1,1,30,2,2,0
12,9,4,2005,1,1,1,1,1,1,2,2,1,1,1,1,1,2,2,4,1,1,33,2,2,0
12,9,4,2005,2,1,1,2,2,1,2,1,1,1,1,1,1,2,14,6,1,1,30,2,2,0
1,9,2,2005,1,1,1,1,1,1,2,1,1,1,1,1,1,2,9,6,1,1,33,2,2,0
10,9,2,2005,2,1,1,2,2,1,1,1,1,1,1,1,1,2,14,6,1,1,40,2,2,3
10,9,1,2005,1,1,1,2,2,1,2,1,1,1,1,1,1,2,9,6,1,1,37,2,2,0
12,9,6,2005,3,1,1,2,2,1,1,1,1,1,1,1,1,2,10,1,2,1,24,2,2,1
6,9,6,2005,1,1,1,2,1,4,2,1,1,1,2,1,2,1,13,1,1,1,35,2,2,0
10,16,4,2005,2,7,1,2,2,1,2,1,1,1,1,1,1,1,14,6,1,1,33,2,2,0
6,13,6,2005,2,1,1,2,2,1,1,1,1,1,1,2,1,2,14,6,1,1,50,2,2,1
2,13,6,2005,4,1,1,2,2,1,1,1,1,1,1,2,1,2,8,2,1,1,33,2,2,1
6,4,4,2005,4,3,1,2,2,1,4,1,1,1,1,1,1,2,8,6,1,1,38,2,2,0
2,13,3,2005,4,3,1,2,2,1,1,1,1,1,1,2,1,2,14,6,1,1,2,2,2,2
10,9,7,2005,1,1,1,2,2,1,1,2,2,1,1,1,1,2,14,4,1,1,35,1,2,0
8,13,3,2005,1,1,4,2,2,1,1,1,1,1,1,1,1,2,9,10,1,1,40,2,2,2
8,13,3,2005,3,7,1,2,2,1,1,1,1,1,1,1,1,2,14,6,1,1,33,1,2,2
8,13,6,2005,2,1,1,2,2,2,1,2,2,1,1,1,1,2,8,6,1,1,38,2,2,1
6,13,9,2005,1,2,1,2,2,1,1,1,1,1,1,2,1,2,9,4,1,1,32,2,2,2
1,3,9,2005,2,1,1,2,2,1,1,1,1,1,1,2,1,2,14,6,1,7,33,1,2,0
4,8,6,2005,2,1,1,2,2,1,2,1,1,1,1,1,1,2,14,6,1,1,33,2,2,0
3,8,5,2005,2,1,1,2,2,1,1,2,1,1,1,1,1,2,9,6,1,1,40,2,2,0
3,8,6,2005,1,1,1,2,2,1,4,1,2,1,1,1,1,2,14,5,1,1,33,2,2,1
11,16,7,2005,3,1,1,2,2,1,1,1,1,1,1,2,1,2,8,6,1,1,45,2,2,0
9,17,2,2005,3,1,1,2,2,1,1,1,1,1,1,1,1,2,9,5,1,1,38,2,2,2
3,17,2,2005,2,1,8,2,2,1,2,1,1,1,1,1,1,2,14,6,1,1,33,2,2,1
8,17,2,2005,1,1,1,2,2,1,2,1,1,1,1,1,1,2,14,6,1,2,33,2,2,0
10,17,3,2005,4,1,1,2,2,1,2,1,1,1,1,2,1,2,9,6,1,1,33,2,2,3
1,16,9,2005,1,1,1,2,2,1,1,1,1,1,1,1,1,2,14,6,1,1,33,2,2,0
6,16,9,2005,2,1,1,1,2,2,1,1,1,1,1,2,1,2,14,6,1,1,33,2,2,0
1,16,9,2005,1,7,1,2,2,1,4,1,1,1,1,2,1,2,9,6,1,1,35,2,2,0
1,7,8,2005,1,1,1,1,2,1,1,1,1,1,1,2,1,2,8,6,1,1,33,2,2,0
10,16,8,2005,1,5,4,2,2,1,4,1,1,1,1,2,1,2,14,2,1,1,40,2,2,0
7,16,8,2005,2,1,1,2,2,1,2,1,1,1,1,1,1,2,14,6,1,1,33,1,2,0
5,10,8,2005,1,6,1,2,1,1,1,2,1,1,1,2,1,2,13,2,1,1,33,1,2,1
6,9,12,2005,2,1,1,2,2,1,1,1,1,1,1,2,1,2,8,6,1,1,33,1,2,0
12,9,9,2005,2,7,1,2,2,1,1,4,1,1,1,1,1,2,8,2,1,1,40,2,2,3
10,9,11,2005,4,1,1,2,2,1,1,1,1,1,1,1,1,2,8,9,1,1,35,2,2,0
11,9,12,2005,1,1,1,2,2,3,4,1,2,1,1,2,1,2,9,11,1,1,40,2,2,0
12,9,8,2005,2,2,1,2,2,1,1,1,1,1,1,1,1,2,10,1,1,1,45,2,1,3
1,12,9,2005,1,1,1,2,2,1,1,2,1,1,1,1,1,2,14,6,1,1,43,1,2,0
1,15,8,2005,4,1,1,2,2,1,1,1,2,1,1,1,1,2,4,6,1,1,28,2,2,0
3,8,5,2005,2,1,1,2,2,1,1,2,1,1,1,1,1,2,9,6,1,1,40,2,2,0
3,8,7,2005,1,3,8,2,2,1,1,1,1,1,1,1,1,2,14,6,1,1,48,2,2,1
3,8,7,2005,3,1,1,2,2,1,1,1,1,1,1,1,1,2,14,1,1,1,33,2,2,0
4,6,7,2005,3,1,1,1,2,1,1,2,1,1,1,1,1,2,13,6,1,1,33,2,2,0
5,6,10,2005,1,1,1,2,2,1,1,2,1,1,1,1,1,2,8,2,1,1,45,2,2,0
3,10,11,2005,4,1,1,2,2,1,4,1,1,1,1,3,1,1,14,6,1,1,45,2,2,0
1,17,10,2005,4,5,4,1,2,1,1,2,1,1,1,3,1,1,4,6,1,1,50,2,2,1
9,17,7,2005,2,1,1,2,2,1,4,2,1,1,1,1,1,2,14,2,1,1,40,2,2,0
7,17,8,2005,4,5,1,2,2,1,4,2,1,1,1,1,1,2,14,9,1,1,33,2,2,0
1,15,12,2005,1,1,1,2,2,1,4,1,1,1,1,1,1,2,17,6,1,1,33,2,2,0
1,15,12,2005,1,1,1,2,2,1,1,1,1,1,1,1,1,2,14,6,1,1,35,2,2,0
5,5,5,2005,4,1,1,2,2,1,1,1,1,1,1,1,1,2,14,6,1,1,35,2,2,2
5,5,11,2005,2,7,8,2,2,1,4,1,1,1,1,1,1,2,14,11,1,1,33,2,2,3
1,11,11,2005,1,2,1,2,2,1,1,1,1,1,1,5,1,1,8,11,1,1,33,2,2,1
6,11,3,2005,3,1,1,2,2,1,1,1,1,1,1,3,1,2,8,6,1,1,42,2,2,1
6,11,3,2005,2,1,1,2,2,1,1,2,1,1,1,3,1,2,8,6,1,1,42,2,2,0
3,15,12,2005,1,1,1,2,2,1,2,1,1,1,1,2,1,2,14,6,1,1,33,2,2,0
11,16,9,2005,3,1,1,2,2,1,2,1,1,1,1,2,1,2,13,6,1,3,40,2,2,0
5,58,6,2005,1,1,1,2,1,1,2,2,2,1,1,1,1,2,14,2,2,2,33,1,2,0
2,65,6,2005,2,1,1,2,2,1,1,1,1,1,1,1,1,2,8,6,1,1,33,1,2,0
1,62,7,2005,1,3,4,2,2,1,2,1,1,1,1,2,1,1,9,6,1,2,40,1,0,0
2,59,7,2005,2,1,1,2,2,1,1,2,1,2,2,3,1,2,17,6,2,6,33,1,2,1
1,61,5,2005,3,7,8,2,1,1,2,1,1,1,1,1,1,2,13,6,1,1,40,2,2,3
1,61,3,2005,1,1,1,2,2,1,2,1,1,1,1,1,1,2,14,6,1,1,41,2,2,1
1,61,1,2005,1,1,1,2,2,1,1,1,1,1,1,1,1,2,14,6,1,5,33,2,2,3
1,61,1,2005,2,1,1,2,2,1,1,1,1,1,1,1,1,2,8,6,1,1,35,2,2,2
1,61,1,2005,4,1,1,2,2,1,4,1,1,1,1,1,1,2,9,6,1,1,34,2,2,2
1,61,1,2005,1,1,4,2,2,1,1,1,1,1,1,1,1,2,8,1,1,1,45,2,2,3
2,58,4,2005,4,1,1,2,2,1,2,1,1,1,1,3,1,2,17,5,2,7,33,1,2,0
2,58,2,2005,2,1,1,2,2,1,1,1,1,1,1,1,1,2,7,6,1,7,33,2,2,0
7,63,4,2005,3,3,1,2,2,1,1,1,1,1,1,1,1,2,9,6,1,1,40,2,2,0
13,63,1,2005,1,7,1,2,2,4,4,2,1,1,1,1,1,2,14,2,1,1,33,1,2,0
13,63,4,2005,2,7,1,2,2,2,1,1,2,1,1,1,1,2,9,5,1,2,33,2,2,0
2,65,4,2005,4,7,1,2,2,1,3,1,1,1,1,1,1,2,9,6,2,7,33,1,2,2
8,63,11,2005,1,2,2,1,1,1,1,1,1,1,1,1,1,2,9,10,1,1,33,1,0,0
9,63,11,2005,2,7,1,2,2,1,2,1,1,1,1,1,1,2,9,11,1,7,33,1,2,0
9,63,11,2005,3,1,1,1,2,1,1,2,1,1,1,1,1,2,9,2,1,7,33,1,2,0
3,63,12,2005,4,2,2,2,2,4,4,1,1,1,1,4,1,2,14,6,1,2,33,1,0,0
1,61,12,2005,2,1,1,2,2,1,1,1,1,1,1,1,1,2,13,10,1,1,52,2,2,0
1,62,12,2005,2,3,4,2,1,1,1,1,1,1,1,2,1,2,9,4,1,1,40,2,2,0
5,45,1,2005,1,1,1,2,2,4,1,1,1,1,1,1,1,1,14,6,1,1,33,2,2,0
4,35,1,2005,1,1,1,2,2,1,1,1,1,1,1,1,2,1,12,10,1,1,22,2,2,0
13,50,3,2005,1,1,1,2,2,1,1,1,1,1,1,1,1,2,10,6,1,1,33,2,2,0
9,47,1,2005,1,1,1,2,1,1,1,1,1,1,1,1,1,2,14,6,1,1,33,2,2,0
1,38,3,2005,3,1,1,2,2,1,1,1,1,1,1,1,1,2,9,6,1,1,33,2,2,0
2,38,3,2005,2,3,1,2,2,1,1,1,1,1,1,4,1,2,14,6,1,1,33,2,2,1
6,38,2,2005,2,7,1,2,2,1,1,1,1,1,1,1,1,2,14,6,1,1,33,2,2,0
1,37,1,2005,3,6,1,2,2,2,1,2,2,1,1,1,1,2,9,6,1,1,33,2,2,1
1,39,3,2005,2,1,1,2,2,1,1,1,1,1,1,1,1,2,14,6,1,1,33,2,2,0
1,39,4,2005,1,1,1,2,2,1,1,1,1,1,1,1,1,2,14,6,1,1,33,2,2,1
12,47,1,2005,3,1,1,2,2,1,1,1,1,1,1,1,1,2,14,5,1,1,33,2,2,1
2,43,3,2005,3,1,1,2,2,1,1,1,1,1,1,1,1,2,7,6,1,1,33,2,2,1
2,43,3,2005,1,1,1,2,2,1,1,1,1,1,1,1,1,2,19,10,1,1,33,2,2,0
3,43,1,2005,4,4,4,2,2,1,4,1,1,1,1,1,1,2,11,6,1,1,33,2,2,3
1,43,2,2005,2,1,8,2,2,1,1,1,1,1,1,3,1,2,8,6,1,1,33,2,2,0
5,43,2,2005,3,1,2,2,1,1,1,1,1,1,1,1,1,1,9,6,1,1,33,2,2,1
6,45,4,2005,4,1,1,2,2,1,4,2,1,1,1,2,1,1,12,6,1,1,33,2,2,0
4,45,4,2005,2,1,1,2,2,1,1,1,1,1,1,1,1,2,12,6,1,1,33,2,2,0
6,38,5,2005,3,3,1,2,2,1,1,1,1,1,1,1,1,2,9,6,1,1,33,2,2,3