Thana,District,Month,Year,Time,Junction_Type,Traffic_Control,Movement,Divider,Weather,Light,Road_Geometry,Surface_Condition,Surface_Type,Surface_Quality,Road_Class,Road_Feature,Location_Type,Vehicle_Type,Vehicle_Movement,Vehicle_Loading,Vehicle_Defect,Vehicle_Driver_Age,Vehicle_Alcohol,Vehicle_Seat_Belt,Accident_Severity
1,45,5,2005,2,1,1,2,2,1,1,1,1,1,1,1,1,2,14,6,1,1,33,2,2,0
2,43,5,2005,2,7,1,2,2,1,1,1,1,1,1,1,1,2,9,6,1,1,33,2,2,0
2,43,5,2005,2,1,1,2,2,1,1,1,1,1,1,1,1,2,8,6,1,1,33,2,2,3
1,38,9,2005,3,1,1,2,2,1,1,1,1,1,1,1,1,2,9,6,1,1,33,2,2,0
3,38,9,2005,3,1,1,2,2,1,1,1,1,1,1,1,1,2,7,6,1,1,33,2,2,1
1,38,8,2005,2,1,1,2,2,1,1,1,1,1,1,2,1,2,8,6,1,1,33,2,2,0
3,38,7,2005,4,1,1,2,2,1,3,1,1,1,1,1,1,2,14,6,1,1,33,2,2,2
6,38,11,2005,1,1,1,2,2,1,1,1,1,1,1,1,1,2,7,6,1,1,33,2,2,1
4,44,1,2005,3,1,1,2,2,1,1,1,1,1,1,3,1,2,9,6,1,1,33,2,2,1
6,44,1,2005,1,1,1,1,1,1,1,1,1,1,1,1,1,2,14,6,1,1,33,2,2,1
5,44,1,2005,1,1,1,2,2,1,1,1,1,1,1,1,1,2,9,6,1,1,33,2,2,2
5,44,1,2005,2,1,1,2,2,1,2,1,1,1,1,1,1,2,9,6,1,1,33,2,2,3
5,44,3,2005,1,1,1,2,2,1,1,1,1,1,1,1,1,2,14,6,1,1,33,2,2,0
3,44,4,2005,2,1,1,2,2,1,1,1,1,1,1,1,1,2,9,6,1,1,33,2,2,3
7,44,4,2005,3,1,1,2,2,1,1,1,1,1,1,2,1,2,8,6,1,1,33,2,2,0
2,44,6,2005,1,1,1,2,2,1,4,1,1,1,1,1,1,2,12,6,1,1,33,2,2,3
7,44,6,2005,1,1,1,2,2,1,4,1,1,1,1,1,1,2,14,6,1,1,33,2,2,0
4,44,7,2005,1,1,1,2,2,1,4,1,1,1,1,2,1,2,12,6,1,1,33,2,2,1
5,44,7,2005,2,1,1,2,1,4,1,1,1,1,1,1,1,2,7,6,1,1,33,2,2,0
4,44,8,2005,3,1,8,2,2,1,1,1,1,1,1,3,1,2,10,6,1,1,33,2,2,3
5,44,8,2005,3,1,1,2,2,1,1,1,1,1,1,1,1,2,9,6,1,1,33,2,2,0
1,50,6,2005,3,7,1,2,2,1,1,1,1,1,1,1,1,2,9,6,1,1,33,2,2,0
4,50,11,2005,2,4,1,2,2,1,1,1,1,1,1,1,1,2,9,1,1,1,33,2,2,0
2,50,11,2005,2,1,8,2,2,1,1,1,1,1,1,1,1,2,9,6,1,1,33,2,2,0
10,50,10,2005,3,1,1,2,2,1,1,1,1,1,1,1,1,2,9,6,1,1,33,2,2,1
2,50,10,2005,2,1,1,2,2,1,1,1,1,1,1,1,1,2,9,6,1,1,33,2,2,1
2,43,6,2005,3,1,1,2,2,1,1,1,1,1,1,1,1,1,6,1,1,1,33,2,2,1
2,43,10,2005,1,7,1,2,2,1,2,1,1,1,1,1,1,1,7,6,1,1,33,2,2,3
2,43,10,2005,1,1,4,2,1,1,1,1,1,1,1,1,1,2,14,6,1,1,33,2,2,0
5,43,10,2005,1,1,1,2,2,1,1,1,1,1,1,1,1,2,12,6,1,1,33,2,2,0
2,43,9,2005,4,1,8,2,2,1,3,3,1,1,1,1,1,2,10,6,1,1,33,2,2,0
2,43,7,2005,1,1,1,2,2,1,1,1,1,1,1,1,1,2,14,6,1,1,33,2,2,0
5,43,8,2005,2,1,1,2,2,1,1,1,1,1,1,1,1,2,9,6,1,1,33,2,2,0
5,43,8,2005,3,1,1,2,2,1,1,1,1,1,1,1,1,2,9,6,1,1,33,2,2,0
2,43,8,2005,1,7,8,2,2,1,2,1,1,1,1,1,1,2,14,6,1,1,33,2,2,1
2,43,11,2005,1,1,1,2,2,1,4,1,1,1,1,1,1,2,14,6,1,1,33,2,2,1
2,43,11,2005,4,1,1,2,2,1,1,1,1,1,1,1,1,2,14,6,1,1,33,2,2,3
2,43,11,2005,3,1,8,2,2,1,1,1,1,1,1,1,1,2,9,6,1,1,33,2,2,3
5,43,12,2005,2,2,1,2,2,1,1,1,1,1,1,1,1,2,9,6,1,1,33,2,2,0
2,43,11,2005,3,7,1,2,2,1,1,5,1,1,1,1,2,2,9,6,1,1,33,2,2,2
2,43,11,2005,3,7,1,1,1,1,1,1,1,1,1,1,1,2,9,6,1,1,33,2,2,1
1,45,10,2005,2,7,1,2,2,2,1,1,1,1,1,1,1,2,13,6,1,1,33,2,2,1
6,45,7,2005,4,1,1,2,2,1,4,1,1,1,1,1,1,2,14,6,1,1,33,2,2,1
1,45,7,2005,3,7,1,2,2,1,1,1,1,1,1,1,1,2,8,6,1,1,33,2,2,1
1,45,9,2005,3,7,2,2,2,1,1,1,1,1,1,1,1,2,9,6,1,1,33,2,2,0
1,45,9,2005,3,7,1,2,2,1,1,1,1,1,1,2,1,2,14,6,1,1,33,2,2,0
4,35,11,2005,2,1,1,2,2,1,1,1,1,1,1,2,1,2,9,6,1,1,33,2,2,0
5,41,1,2005,2,1,1,2,2,1,1,1,1,1,1,1,1,2,14,6,1,1,33,2,2,0
3,41,6,2005,3,1,1,2,2,1,1,1,1,1,1,1,1,2,9,6,1,1,33,2,2,0
1,41,8,2005,4,1,1,2,2,1,4,1,1,1,1,1,1,2,13,6,1,1,33,2,2,0
3,41,8,2005,4,1,1,2,2,1,4,1,1,1,1,1,1,2,8,6,1,1,33,2,2,3
1,41,7,2005,4,7,1,2,2,1,4,1,1,1,1,1,1,2,9,6,1,1,33,2,2,1
1,41,6,2005,2,1,1,2,2,1,1,1,1,1,1,1,1,2,14,6,1,1,33,2,2,1
1,41,1,2005,1,1,1,2,2,1,4,1,1,1,1,1,1,2,14,6,1,1,33,2,2,0
1,47,3,2005,2,1,1,2,2,1,1,1,1,1,1,4,1,2,4,6,1,1,33,2,2,1
7,47,3,2005,3,1,1,2,2,1,1,1,1,1,1,3,1,2,19,6,1,1,33,2,2,0
9,47,3,2005,1,1,2,2,2,1,2,1,1,1,1,1,1,2,12,6,1,1,33,2,2,0
2,47,5,2005,2,1,1,2,2,1,1,1,1,1,1,1,1,2,14,6,1,1,33,2,2,2
2,47,5,2005,3,1,1,2,2,1,1,1,1,1,1,1,1,2,14,6,1,1,33,2,2,0
6,44,2,2005,2,1,1,2,2,1,1,1,1,1,1,1,1,2,9,6,1,1,33,2,2,1
5,44,11,2005,2,1,1,2,2,1,1,1,1,1,1,1,1,2,9,6,1,1,33,2,2,0
4,44,10,2005,3,1,1,2,2,1,1,1,1,1,1,2,1,2,9,6,1,1,33,2,2,3
5,44,9,2005,3,1,1,2,2,1,1,1,1,1,1,1,1,2,14,6,1,1,33,2,2,0
5,44,9,2005,2,1,1,2,2,1,4,1,1,1,1,1,1,2,9,6,1,1,33,2,2,1
5,44,9,2005,3,1,1,2,2,1,1,1,1,1,1,1,1,2,14,6,1,1,33,2,2,0
2,50,12,2005,1,1,1,2,2,1,2,1,1,1,1,1,1,2,14,6,1,1,33,2,2,0
1,40,5,2005,3,1,1,2,2,1,2,1,1,1,1,1,1,2,14,6,1,1,33,2,2,0
5,40,10,2005,1,1,1,2,2,1,1,1,1,1,1,1,1,2,8,6,1,1,33,2,2,2
3,40,2,2005,3,1,1,2,2,1,2,1,1,1,1,1,1,2,9,6,1,1,33,2,2,1
7,44,12,2005,4,1,1,2,2,1,1,1,1,1,1,1,1,2,11,6,1,1,33,2,2,2
5,44,12,2005,2,1,1,2,2,1,1,1,1,1,1,1,1,2,9,6,1,1,33,2,2,0
1,46,4,2005,4,1,1,2,2,1,1,1,1,1,1,1,1,2,19,6,1,1,33,2,2,0
10,64,10,2005,4,1,1,2,2,1,1,1,1,1,1,3,1,1,9,2,1,1,40,2,2,0
10,64,12,2005,2,1,1,2,2,1,1,1,1,1,1,1,1,1,7,2,1,1,48,2,2,3
3,64,6,2005,3,1,1,1,1,1,1,1,1,1,1,1,1,1,14,6,1,7,50,2,2,1
3,64,7,2005,1,1,1,1,2,1,1,1,1,1,1,1,1,1,9,11,1,7,32,2,2,1
11,64,11,2005,4,1,8,2,2,1,3,2,1,1,1,5,1,1,14,6,1,1,33,2,2,0
8,64,1,2005,3,3,4,2,2,1,3,1,1,1,2,5,1,1,19,3,2,3,33,2,2,0
5,64,1,2005,1,1,1,2,2,1,2,1,1,1,1,5,1,1,14,6,1,1,33,2,2,0
5,64,6,2005,3,1,1,1,1,1,1,1,1,1,1,1,1,1,9,1,1,1,33,2,1,0
5,64,8,2005,2,1,1,2,2,1,1,1,1,1,1,2,1,1,14,2,1,1,42,2,2,3
5,64,9,2005,3,1,1,1,2,2,2,1,2,1,1,1,1,1,14,6,1,1,33,2,2,0
2,64,3,2005,3,5,4,2,2,1,1,1,1,1,1,5,1,1,14,11,1,1,33,2,2,1
1,64,5,2005,3,7,8,1,2,1,1,1,1,1,1,5,1,1,14,6,1,6,26,2,2,3
6,64,8,2005,3,7,8,2,1,1,1,1,1,1,1,5,1,1,19,6,1,1,33,1,1,3
5,28,1,2005,2,1,4,2,2,1,1,1,1,1,1,1,1,1,5,6,1,1,30,2,2,3
10,64,5,2005,4,1,1,2,2,1,2,1,1,1,1,3,1,1,9,5,1,1,33,2,2,0
1,52,6,2005,2,1,1,2,2,1,1,1,1,1,1,2,1,2,8,6,1,1,33,2,2,1
8,57,6,2005,4,1,1,2,1,1,4,1,1,1,1,2,1,2,9,4,1,1,33,1,2,3
9,63,4,2005,2,1,1,2,1,1,1,1,1,1,1,1,1,2,9,6,1,1,33,1,2,0
1,45,4,2005,2,1,1,2,2,1,1,1,1,1,1,4,1,2,9,6,1,1,33,2,2,0
7,38,12,2005,3,7,1,2,2,1,1,1,1,1,1,1,1,2,10,6,1,1,33,2,2,0
2,43,10,2005,3,1,1,2,2,1,1,1,1,1,1,1,1,1,10,6,1,1,33,2,2,0
1,45,8,2005,4,7,1,2,2,1,1,1,1,1,1,1,1,2,10,6,1,1,33,2,2,3
1,65,11,2005,4,3,1,2,2,1,3,1,1,1,1,2,1,2,9,7,1,2,33,2,2,0
6,65,9,2005,2,3,1,2,2,1,1,2,1,1,1,2,1,2,14,6,1,7,45,1,0,0
8,67,8,2005,3,1,1,2,2,1,1,2,1,1,1,4,1,2,14,4,1,1,40,2,2,0
8,57,9,2005,4,7,2,2,1,1,3,1,1,1,1,4,1,2,14,11,1,1,33,1,2,0
8,57,12,2005,3,1,1,2,2,1,1,1,1,1,1,1,1,2,8,11,1,7,33,2,2,0
1,60,8,2005,3,1,1,2,1,1,1,1,1,1,1,1,1,2,6,4,1,7,33,2,2,0
2,61,9,2005,2,2,2,2,2,1,1,1,1,1,1,1,1,2,14,5,1,2,33,1,2,0
1,61,9,2005,2,1,1,2,2,1,2,1,1,1,1,1,1,2,14,5,1,1,35,2,2,1
3,61,10,2005,3,1,1,2,2,1,1,1,1,1,1,2,1,2,14,5,1,7,33,2,2,0
1,61,12,2005,2,1,1,2,2,1,1,1,1,1,1,1,1,2,14,6,1,2,33,2,2,0
7,58,9,2005,4,2,1,2,2,1,4,1,1,1,1,4,1,2,2,8,1,1,25,2,2,0
3,58,10,2005,2,2,1,2,2,1,1,1,1,1,1,2,1,2,9,6,1,1,45,2,2,0
7,58,11,2005,3,1,1,2,2,1,1,1,1,1,1,4,1,2,9,6,1,1,32,2,2,1
7,58,12,2005,2,1,1,1,2,2,1,1,1,1,1,4,1,2,9,5,1,1,35,2,2,0
7,58,12,2005,1,7,1,2,2,1,3,1,1,1,1,1,1,2,9,6,1,1,35,2,2,2
6,58,12,2005,4,1,1,1,2,1,2,1,1,1,1,1,1,2,10,6,1,7,33,2,1,1
1,58,12,2005,2,1,1,2,2,1,1,1,3,1,1,1,1,2,11,6,1,1,33,2,2,2
1,61,8,2005,4,1,2,2,2,1,2,1,1,1,1,5,1,1,6,5,1,7,33,2,2,0
8,63,9,2005,3,1,2,2,1,1,1,1,1,1,1,1,1,2,11,2,1,1,33,2,1,3
8,63,9,2005,4,2,1,2,2,1,1,1,1,1,1,1,1,2,14,5,1,1,38,2,2,1
11,63,9,2005,3,1,1,2,2,1,1,1,1,1,1,3,1,2,11,6,1,6,24,2,2,0
7,63,10,2005,3,1,1,2,2,1,1,1,1,1,1,1,1,2,10,6,1,2,33,1,0,0
8,63,10,2005,3,2,1,2,2,1,1,1,1,1,1,1,1,2,12,6,1,1,33,2,2,1
6,63,10,2005,5,2,8,2,2,2,1,2,2,1,2,4,1,2,9,6,1,7,33,2,1,0
13,63,11,2005,2,1,1,2,2,1,1,1,1,1,1,1,1,2,8,5,1,2,33,1,2,0
4,63,12,2005,2,1,1,2,2,1,1,1,1,1,1,3,1,2,19,4,1,1,25,1,2,0
1,58,8,2005,1,1,4,2,2,1,2,1,1,1,1,1,1,1,14,6,1,2,33,1,2,0
7,58,9,2005,3,7,1,2,2,1,1,1,1,1,1,1,1,2,8,6,1,1,33,2,2,1
1,67,2,2005,3,4,4,2,2,1,1,4,1,1,1,1,1,1,5,10,1,7,45,2,2,1
8,67,1,2005,3,5,8,2,2,1,1,4,1,1,2,1,2,2,9,6,1,2,33,2,2,3
4,59,3,2005,2,1,8,1,1,1,1,1,1,1,1,1,1,1,19,6,1,7,33,2,2,1
13,63,8,2005,4,1,1,2,2,2,4,1,2,1,1,4,1,2,9,6,1,2,33,2,2,0
4,63,8,2005,2,1,1,2,2,1,1,2,1,1,1,4,1,2,14,6,1,7,33,1,2,0
11,63,8,2005,2,1,1,2,2,1,1,2,2,1,1,4,1,2,14,2,1,1,42,2,2,1
6,63,9,2005,3,7,1,2,2,1,1,1,1,1,1,4,4,2,9,6,1,7,45,2,2,0
8,63,11,2005,1,1,1,2,2,1,2,1,1,1,1,1,1,2,14,6,1,1,33,1,0,0
1,61,6,2005,3,1,1,2,2,1,1,1,1,1,1,1,1,2,9,6,1,1,30,2,2,3
1,61,6,2005,2,1,1,2,2,1,1,1,1,1,1,1,1,1,9,6,1,1,35,2,2,0
1,61,6,2005,1,1,1,2,1,1,1,1,1,1,1,1,1,2,14,5,1,1,33,2,2,1
8,67,6,2005,2,7,1,2,2,1,2,4,1,1,1,1,1,2,11,6,1,1,31,2,1,1
2,58,6,2005,1,7,8,2,2,1,4,1,1,1,1,1,1,2,7,5,1,1,33,2,2,0
7,58,6,2005,3,1,1,2,2,1,1,1,1,1,1,4,1,2,8,6,1,1,35,2,2,0
7,58,6,2005,2,1,1,2,2,2,1,1,2,1,1,1,1,2,9,6,1,1,38,2,2,0
5,65,6,2005,1,1,4,2,1,1,1,1,1,1,1,1,1,2,13,6,1,1,33,2,2,1
9,63,6,2005,1,1,1,2,1,1,1,1,1,1,1,1,1,2,8,6,1,1,46,2,2,1
8,63,6,2005,1,1,2,2,1,1,1,1,1,1,1,4,1,2,9,6,1,1,33,2,2,0
4,59,6,2005,2,7,8,2,2,1,1,1,1,1,1,2,1,2,15,6,1,1,45,2,2,3
1,60,6,2005,3,1,1,2,1,1,1,1,1,1,1,2,1,2,8,6,1,1,45,2,2,0
7,59,7,2005,1,1,1,2,2,2,1,1,2,1,1,1,1,2,12,5,1,2,33,1,2,1
7,58,7,2005,1,3,1,2,2,1,4,2,1,1,1,1,1,2,12,10,1,1,35,2,2,0
7,58,7,2005,2,7,1,2,2,1,1,1,1,1,1,1,1,2,9,11,1,2,33,1,2,0
7,58,7,2005,2,1,1,2,2,2,1,1,2,1,1,1,1,2,14,6,1,1,42,2,2,1
4,63,7,2005,2,1,1,2,2,2,2,2,2,1,1,1,1,2,9,6,1,1,33,2,2,0
7,63,7,2005,2,2,1,2,2,1,1,2,1,1,1,1,1,2,14,2,1,2,33,1,2,3
2,60,1,2005,2,7,8,1,2,1,1,1,3,1,1,3,1,2,12,6,1,7,28,2,2,1
2,61,5,2005,3,1,1,2,2,2,1,1,2,1,1,1,1,2,14,5,1,1,42,2,2,1
2,61,5,2005,4,1,8,2,2,1,2,1,1,1,1,1,1,2,9,6,1,1,33,2,2,0
2,61,2,2005,2,7,1,2,2,1,1,1,1,1,1,1,1,2,15,5,1,1,33,1,2,1
1,61,5,2005,1,1,1,2,2,1,1,1,1,1,1,1,1,2,9,6,1,1,35,2,2,0
1,61,5,2005,1,1,1,2,2,1,1,1,1,1,1,1,1,2,14,6,1,1,35,1,2,0
1,61,3,2005,4,1,1,2,2,1,4,1,1,1,1,1,1,2,10,6,1,7,33,2,2,0
1,61,2,2005,2,3,1,1,2,1,2,1,1,1,1,1,1,2,9,6,1,1,33,2,2,0
1,61,1,2005,1,1,1,2,2,1,4,1,1,1,1,1,1,2,8,6,1,1,28,2,2,0
1,61,1,2005,2,1,1,2,1,1,1,1,1,1,1,1,1,1,9,6,1,1,33,2,2,1
1,61,1,2005,3,1,1,2,2,1,1,1,1,1,1,1,1,2,7,6,1,1,33,2,2,0
3,61,1,2005,4,3,1,2,1,1,4,5,1,1,1,4,1,2,6,4,2,7,33,2,2,3
1,58,5,2005,1,2,1,2,2,1,2,1,1,1,1,1,2,2,7,6,1,2,35,1,2,0
1,58,3,2005,4,1,1,2,2,1,1,1,1,1,1,5,1,2,8,2,1,1,22,2,2,0
6,58,4,2005,4,1,1,2,2,1,4,1,2,1,1,1,1,2,9,9,1,1,40,2,2,0
6,58,2,2005,1,1,1,2,2,1,4,1,1,1,1,1,1,1,12,6,1,1,24,1,2,0
6,58,2,2005,3,1,2,2,2,1,1,1,1,1,1,1,1,1,8,5,1,1,33,2,2,0
7,58,5,2005,3,2,2,2,2,1,1,1,1,1,1,1,1,2,9,6,1,2,32,1,2,0
7,58,5,2005,4,1,1,2,2,2,4,1,2,1,1,1,1,2,9,6,1,1,45,2,2,1
7,58,3,2005,2,1,1,2,2,1,1,1,1,1,1,1,1,2,7,4,1,1,33,2,2,0
8,58,5,2005,2,7,1,1,2,2,1,1,1,1,1,1,1,2,9,6,1,7,33,2,2,0
8,58,4,2005,3,7,2,1,2,1,1,1,1,1,1,1,1,2,11,6,1,1,50,2,1,1
4,58,4,2005,4,1,2,2,2,1,4,1,1,1,1,1,1,2,14,6,1,7,33,1,2,0
6,63,2,2005,2,7,1,2,2,1,1,1,1,1,1,1,1,1,9,4,1,1,37,2,2,0
6,63,2,2005,2,7,1,2,2,1,2,1,1,1,1,1,1,1,14,11,1,7,35,2,2,0
7,63,3,2005,2,1,1,2,2,1,4,1,1,1,1,1,1,1,7,6,1,1,33,1,2,0
7,63,2,2005,2,1,1,2,2,1,1,1,1,1,1,1,1,2,13,6,1,2,33,2,2,0
8,63,5,2005,1,2,1,2,2,1,4,1,1,1,1,1,1,2,15,4,1,2,33,1,2,1
8,63,5,2005,4,3,1,2,2,1,2,2,1,1,1,1,1,1,9,6,1,1,33,2,2,0
8,63,4,2005,1,7,1,2,2,1,1,1,1,1,1,1,1,2,14,1,1,1,33,2,2,0
8,63,4,2005,4,3,1,2,2,1,4,1,1,1,1,1,1,2,10,5,1,1,33,1,2,0
9,63,3,2005,2,1,1,2,2,1,1,1,1,1,1,1,1,2,14,6,1,2,33,2,2,3
9,63,3,2005,2,1,1,2,2,1,1,1,1,1,1,1,1,2,14,6,1,2,33,2,2,0
9,63,2,2005,4,2,1,2,2,1,4,1,1,1,1,1,1,2,14,6,1,1,30,2,2,0
9,63,1,2005,3,2,8,2,2,1,2,1,1,1,1,1,1,1,8,6,1,7,33,2,2,0
12,63,3,2005,4,1,1,1,2,1,2,1,1,1,1,3,1,2,10,6,1,6,24,2,2,1
1,65,3,2005,1,2,1,2,2,1,1,2,1,1,1,5,1,1,8,1,1,1,33,2,2,3
2,65,2,2005,2,1,1,2,2,1,1,1,2,1,1,1,1,2,12,6,1,1,24,1,2,3
2,65,1,2005,4,1,1,2,2,1,4,1,1,1,1,1,1,2,7,9,1,1,22,2,1,0
5,65,3,2005,1,1,1,2,2,1,1,1,1,1,1,1,1,2,11,6,1,7,33,1,2,0
5,65,1,2005,4,7,1,2,2,1,2,1,1,1,1,1,1,2,9,6,1,1,33,2,2,0
1,57,2,2005,1,1,1,2,2,1,4,1,1,1,1,1,1,2,14,4,1,1,40,1,2,0
1,57,1,2005,3,7,8,1,2,1,1,1,1,1,1,1,1,2,14,4,1,7,42,1,2,0
3,57,3,2005,4,1,1,2,2,1,2,1,1,1,1,1,1,2,9,6,1,1,28,2,2,0
3,57,1,2005,2,5,4,1,2,1,1,2,1,1,1,1,1,2,14,1,1,2,33,2,2,0
8,57,3,2005,1,1,1,2,1,1,4,1,1,1,1,1,1,2,9,6,1,1,33,2,2,0
1,5,3,2005,1,1,1,1,2,1,3,1,1,1,1,2,1,1,14,6,1,1,33,2,2,0
1,5,6,2005,2,1,1,2,2,1,1,1,1,1,1,1,1,2,8,6,1,1,35,2,2,0
10,16,12,2005,1,1,1,2,2,1,2,1,1,1,1,1,1,2,14,4,1,1,33,2,2,0
6,16,3,2005,2,1,1,2,1,2,1,3,2,1,1,1,1,2,14,6,1,1,33,2,2,0
2,14,2,2005,2,1,1,2,1,4,1,1,2,1,1,1,1,2,9,6,2,7,33,2,2,0
1,42,5,2005,2,2,6,2,1,1,1,1,1,1,1,5,1,1,16,6,1,1,33,2,2,2
1,55,7,2005,3,1,1,2,2,1,1,1,1,1,1,1,1,2,12,5,1,2,33,2,2,0
9,54,1,2005,3,1,1,2,2,1,1,1,1,1,1,1,2,1,5,6,1,1,33,2,2,0
1,27,8,2006,2,1,1,2,2,2,1,1,2,1,2,3,1,2,4,6,1,3,32,2,2,1
2,27,2,2006,3,7,3,2,2,1,1,1,1,1,3,2,1,2,7,5,1,1,30,2,2,0
2,27,4,2006,4,1,1,2,2,1,4,1,1,1,1,2,1,2,19,6,2,2,33,2,2,0
2,27,6,2006,3,1,1,2,2,1,1,1,1,1,3,4,1,2,13,6,1,5,30,2,2,1
2,27,7,2006,2,1,1,2,2,1,1,1,1,1,1,2,1,2,13,5,1,1,20,2,2,3
3,33,3,2006,2,1,1,2,2,1,1,1,1,1,1,4,1,2,10,5,1,3,38,2,2,1
2,31,1,2006,2,3,2,2,2,1,1,1,1,1,1,2,1,2,14,6,1,1,35,2,2,0
1,30,5,2006,4,3,1,2,2,1,4,1,1,1,1,2,1,2,4,6,1,1,33,2,1,3
4,30,1,2006,3,1,1,2,2,1,1,2,1,1,1,2,1,2,19,6,1,1,33,1,2,0
7,30,6,2006,4,1,1,2,2,1,2,1,1,1,1,1,1,2,8,6,1,1,33,2,2,0
5,34,5,2006,3,3,1,2,2,1,1,2,1,1,1,3,1,2,9,5,1,1,30,2,2,3
1,34,2,2006,3,4,1,2,2,1,1,2,1,1,1,1,1,1,13,1,1,1,37,2,2,0
1,34,3,2006,2,4,1,2,2,1,1,2,1,1,1,1,1,1,8,1,1,1,33,2,2,1
3,34,3,2006,3,1,1,2,2,1,1,1,1,1,1,3,1,2,7,6,1,1,33,2,2,1
3,34,5,2006,4,1,1,2,2,1,4,1,1,1,1,1,1,2,9,6,1,1,33,2,2,1
3,34,7,2006,4,7,8,2,2,2,4,1,1,1,1,1,1,2,7,6,1,1,33,2,2,1
10,34,1,2006,3,3,1,2,2,1,1,1,1,1,1,1,1,2,5,6,1,1,33,2,2,0
10,34,4,2006,3,1,1,2,2,1,1,1,1,1,1,1,1,2,8,5,1,1,33,2,2,0
6,34,9,2006,4,1,1,2,2,1,4,1,1,1,1,1,1,2,5,6,1,1,33,2,2,1
6,34,9,2006,2,1,1,2,2,2,1,1,1,1,1,1,1,2,19,1,1,7,30,2,2,0
4,63,3,2006,1,1,2,2,1,4,1,1,1,1,1,1,1,2,14,4,1,7,33,1,2,0
14,63,3,2006,4,1,1,2,1,2,1,1,1,1,1,1,1,2,14,6,1,1,35,2,2,3
7,63,1,2006,1,1,1,2,1,1,1,1,1,1,1,1,1,2,9,6,1,7,33,1,2,1
9,63,2,2006,1,1,1,2,2,1,1,1,1,1,1,1,1,2,9,6,1,7,33,2,2,1
9,63,2,2006,4,1,1,2,2,1,4,2,1,1,1,1,1,2,5,6,1,7,33,2,2,3
12,63,2,2006,2,2,8,2,1,1,1,1,1,1,1,4,1,2,5,6,1,1,33,2,2,3
1,59,1,2006,2,7,1,2,1,4,1,1,1,1,1,2,1,2,9,6,1,7,33,1,1,0
3,58,1,2006,2,1,1,2,2,1,1,1,1,1,2,3,1,2,6,6,1,7,33,2,2,0
1,62,2,2006,4,1,2,2,1,1,4,1,1,1,1,2,1,1,10,6,1,2,33,1,0,0
5,57,2,2006,3,3,1,2,2,1,2,1,1,1,1,4,1,2,9,6,1,1,33,1,2,1
16,58,2,2006,3,1,1,2,2,1,1,1,1,1,1,2,1,1,10,6,1,1,33,1,2,1
6,58,2,2006,1,1,1,2,2,1,4,1,1,1,1,1,1,2,14,6,1,1,33,2,2,0
1,67,5,2006,2,7,1,2,1,1,1,2,1,1,1,1,1,1,10,6,1,2,33,1,0,1
1,61,5,2006,4,2,2,2,2,1,4,1,1,1,1,4,1,1,10,6,1,2,33,1,0,0
6,61,5,2006,2,7,1,2,1,1,2,1,1,1,1,4,1,2,9,6,1,7,33,2,2,0
1,61,6,2006,3,2,2,2,1,2,1,1,1,1,1,1,2,2,9,4,1,1,35,2,2,0
3,57,7,2006,4,1,1,2,2,2,4,1,2,1,1,1,1,2,9,6,1,1,40,1,2,1
10,63,7,2006,2,1,1,2,2,1,1,1,1,1,1,4,1,2,9,6,1,6,35,1,2,3
9,63,8,2006,3,7,1,2,2,1,1,1,1,1,1,1,1,2,9,6,1,7,33,1,2,0
9,63,11,2006,3,3,1,2,2,1,1,2,1,1,1,1,1,2,11,11,1,1,33,2,2,0
9,63,12,2006,2,7,1,2,2,1,1,1,1,1,1,1,1,2,5,6,1,1,33,2,2,1
4,63,6,2006,3,2,1,2,2,1,1,1,1,1,1,1,1,2,10,6,1,1,33,1,1,1
8,58,4,2006,3,1,1,2,2,1,1,1,1,1,1,4,1,2,9,6,1,1,33,2,2,0
8,58,12,2006,2,1,1,2,2,1,2,1,1,1,1,4,1,2,14,6,1,1,33,2,2,2
6,58,11,2006,2,2,1,2,1,1,1,1,1,1,1,1,1,2,9,6,1,1,33,2,2,0
1,58,6,2006,1,7,1,2,2,1,2,1,1,1,1,1,1,2,14,11,1,1,30,2,2,0
1,58,12,2006,1,1,8,2,2,2,4,1,2,1,1,1,1,2,14,6,1,3,33,2,2,0
16,58,5,2006,1,1,1,2,2,2,4,1,2,1,1,1,1,2,9,6,1,1,33,2,2,0
3,57,12,2006,3,2,1,2,2,1,1,1,1,1,1,1,1,1,10,6,1,2,33,1,0,0
8,57,12,2006,2,7,1,1,2,1,1,1,1,1,1,1,1,2,4,5,1,7,24,1,2,0
1,60,6,2006,1,7,1,2,2,1,1,1,1,1,3,2,1,2,7,1,1,1,33,1,2,1
1,60,6,2006,1,7,1,2,2,1,1,1,1,1,1,1,1,2,8,5,1,7,33,1,2,1
3,60,12,2006,3,1,1,2,2,1,1,1,1,1,1,4,1,2,9,6,1,2,33,1,2,0
1,65,10,2006,4,1,1,2,2,1,3,1,1,1,1,4,1,1,7,6,1,2,21,1,2,0
1,66,5,2006,2,3,1,2,2,1,1,3,1,1,1,4,1,2,14,6,1,7,33,1,2,0
1,66,10,2006,2,1,8,1,2,1,1,1,1,1,1,4,1,2,9,3,1,1,40,2,2,0
1,66,11,2006,2,2,1,2,2,1,1,4,1,1,1,4,1,2,11,2,1,1,28,2,2,3
7,66,11,2006,1,2,2,2,2,1,1,3,1,1,1,4,1,2,10,6,1,2,33,1,0,0