Thana,District,Month,Year,Time,Junction_Type,Traffic_Control,Movement,Divider,Weather,Light,Road_Geometry,Surface_Condition,Surface_Type,Surface_Quality,Road_Class,Road_Feature,Location_Type,Vehicle_Type,Vehicle_Movement,Vehicle_Loading,Vehicle_Defect,Vehicle_Driver_Age,Vehicle_Alcohol,Vehicle_Seat_Belt,Accident_Severity
1,61,10,2006,4,1,4,2,1,1,4,1,1,1,1,1,1,1,9,5,1,1,35,2,2,0
6,67,11,2006,4,2,2,2,1,1,4,2,1,1,1,4,2,2,14,5,1,2,33,1,0,0
6,58,2,2006,1,1,2,2,2,1,4,1,1,1,1,1,1,2,14,6,1,1,33,2,2,0
7,58,2,2006,2,1,1,2,2,4,2,1,1,1,1,1,1,2,14,6,1,1,38,2,2,2
7,28,3,2006,3,1,1,2,2,1,1,1,1,1,1,1,1,2,12,6,1,1,33,2,2,0
8,58,12,2006,1,1,1,1,2,4,2,1,2,1,1,4,1,2,14,6,1,1,33,2,2,2
7,58,10,2006,3,1,1,2,2,1,1,1,1,1,1,1,1,2,10,6,1,1,33,2,2,0
7,58,12,2006,2,1,1,2,2,1,1,1,1,1,1,1,1,2,9,6,1,1,33,2,2,0
16,58,11,2006,5,1,1,2,2,1,1,1,1,1,1,4,1,2,9,6,1,1,45,2,2,0
5,58,2,2006,3,1,1,2,2,1,1,1,1,1,1,1,1,2,9,5,1,1,33,1,2,3
3,58,12,2006,2,1,1,2,2,1,1,1,1,1,1,4,1,2,9,5,1,6,33,2,2,0
4,59,12,2006,2,7,1,2,2,1,1,1,1,1,1,2,1,2,9,6,1,7,33,2,2,0
4,59,12,2006,2,1,1,2,2,1,1,1,1,1,1,2,1,2,9,5,2,7,33,2,2,0
1,59,4,2006,2,2,1,2,2,1,1,1,1,2,1,2,1,1,16,6,1,2,33,2,2,0
4,62,10,2006,3,1,1,2,2,1,1,1,1,1,1,1,1,2,8,5,1,1,28,1,2,0
6,60,11,2006,3,1,1,2,2,1,1,1,1,1,1,2,1,1,14,6,1,1,28,1,2,1
7,60,10,2006,3,1,1,2,2,1,1,1,1,1,1,1,1,2,9,6,1,6,33,2,2,0
7,60,11,2006,2,1,1,2,2,1,1,1,1,1,1,1,1,2,9,6,1,1,33,2,2,0
5,60,8,2006,3,1,1,2,2,1,1,1,1,1,1,4,1,2,9,1,1,7,33,2,2,1
5,60,11,2006,2,1,1,2,2,1,2,1,1,1,1,2,1,2,9,6,1,7,33,2,2,0
2,61,6,2006,3,1,1,2,1,1,1,1,1,1,1,1,1,2,9,6,1,1,36,2,2,0
3,61,6,2006,1,1,1,2,2,1,2,1,1,1,1,1,1,2,14,6,1,1,33,1,1,0
6,61,2,2006,3,1,1,2,2,1,1,1,1,1,1,4,1,2,9,6,1,1,33,2,2,1
1,61,3,2006,2,1,1,2,2,1,1,1,1,1,1,1,1,1,4,6,1,1,33,2,2,0
1,61,4,2006,3,1,1,2,2,1,1,1,1,1,1,1,1,2,14,6,1,1,33,2,2,0
4,61,4,2006,4,1,1,2,1,2,1,1,1,1,2,1,2,1,9,6,1,1,33,2,2,1
1,61,4,2006,4,1,1,2,2,1,4,1,1,1,1,1,1,2,14,5,1,1,33,2,2,0
3,61,8,2006,2,1,1,2,2,1,1,2,1,1,1,2,1,2,9,6,1,7,33,2,2,0
2,61,8,2006,2,1,1,2,1,1,1,1,1,1,1,1,2,1,14,6,1,1,33,2,2,0
1,62,12,2006,2,1,4,2,2,1,1,1,1,1,1,1,1,2,2,6,1,1,30,2,2,0
4,63,9,2006,1,1,1,2,2,1,1,2,1,1,1,1,1,2,11,6,1,1,32,2,1,2
1,7,3,2006,4,1,1,2,2,1,2,3,1,1,1,1,1,1,14,5,2,1,26,1,2,0
1,67,5,2006,2,1,1,2,2,1,1,2,1,1,1,1,1,1,10,6,1,6,33,2,2,1
1,66,2,2006,2,1,1,2,2,1,1,1,1,1,1,1,1,1,17,6,1,1,28,2,2,0
8,66,11,2006,1,1,1,2,2,1,1,3,1,1,1,1,1,2,4,6,1,1,28,2,2,0
9,63,7,2006,2,3,1,2,2,1,1,1,1,1,1,1,1,2,5,2,1,1,33,2,2,0
13,63,10,2006,4,1,1,2,2,1,4,1,1,1,1,1,1,2,4,6,1,2,32,2,2,0
7,63,6,2006,3,3,1,2,2,1,1,1,1,1,1,2,1,2,9,5,1,1,33,2,2,0
6,63,7,2006,3,1,1,2,2,1,1,1,1,1,1,1,1,2,14,11,1,7,33,2,1,2
6,63,10,2006,3,1,1,2,1,2,1,1,1,1,1,1,2,1,11,6,1,1,33,1,1,0
11,63,6,2006,3,1,1,2,2,1,1,1,1,1,1,5,1,1,14,5,1,1,33,2,2,0
11,63,7,2006,1,1,2,2,1,1,1,4,1,2,3,1,4,2,9,6,1,2,36,2,2,0
3,63,10,2006,3,2,1,2,2,1,1,1,1,1,1,5,1,1,14,6,1,1,33,2,2,3
14,63,5,2006,2,3,1,2,2,1,1,1,1,1,1,1,1,2,12,6,1,1,33,2,2,3
1,60,2,2006,3,1,1,2,2,1,1,1,1,1,1,2,1,2,8,6,1,1,40,2,2,0
8,57,1,2006,1,1,1,2,2,4,2,1,2,1,1,1,1,2,14,6,1,1,35,2,2,3
1,47,1,2006,2,1,1,2,2,1,1,1,1,1,1,1,1,2,14,6,1,1,36,2,2,0
3,47,1,2006,2,1,1,2,2,1,1,1,1,1,1,3,1,2,14,6,1,1,35,2,2,1
9,47,1,2006,2,1,1,2,2,4,2,1,1,1,1,1,1,2,8,6,1,1,33,2,2,0
9,47,2,2006,1,1,1,2,2,1,4,1,1,1,1,1,1,2,14,6,1,1,35,2,2,0
9,51,1,2006,2,1,1,2,2,1,1,1,1,1,1,2,1,2,9,6,1,1,50,2,2,1
12,51,1,2006,3,1,1,2,2,1,1,1,1,1,1,3,1,2,9,6,1,1,28,2,2,0
4,51,1,2006,2,1,1,1,1,1,1,1,1,1,3,1,1,2,1,6,2,1,40,2,2,0
9,51,1,2006,3,1,1,2,2,1,1,1,1,1,1,2,1,2,9,6,1,1,42,2,2,0
8,51,3,2006,3,1,1,2,2,1,1,1,1,1,1,2,1,2,16,6,1,7,35,2,2,0
6,51,4,2006,3,1,1,2,2,1,1,1,1,1,1,3,1,2,17,5,1,1,30,2,2,0
1,49,1,2006,2,1,1,2,2,1,1,1,1,1,1,2,1,2,1,6,1,1,33,2,2,0
1,49,2,2006,4,1,1,2,2,1,4,1,1,1,1,5,1,1,14,6,1,1,35,2,2,0
1,52,4,2006,3,1,1,2,2,1,1,1,1,1,1,4,1,1,6,5,1,1,28,2,2,1
4,49,5,2006,3,1,1,2,2,1,1,1,1,1,1,3,1,1,14,6,1,1,33,2,2,0
3,49,7,2006,3,1,1,2,2,1,1,1,1,1,1,3,1,1,9,5,1,1,42,2,2,2
2,52,5,2006,3,1,1,2,2,1,1,1,1,1,1,3,1,2,14,6,1,1,33,2,2,0
10,52,5,2006,3,1,1,2,2,1,1,1,1,1,1,2,1,1,12,6,1,1,33,2,2,1
10,52,5,2006,3,1,1,2,2,1,1,1,1,1,1,2,1,1,6,6,1,1,33,2,2,0
2,35,6,2006,3,1,1,2,2,1,1,1,1,1,1,3,1,2,1,6,1,1,33,2,2,3
1,39,2,2006,3,1,1,2,2,1,1,1,1,1,1,3,1,2,9,6,1,1,33,2,2,1
3,39,4,2006,1,1,1,2,2,4,4,1,2,1,1,3,1,2,14,10,1,1,33,2,2,0
1,39,5,2006,2,4,1,2,2,1,1,1,1,1,1,3,1,2,9,6,1,1,45,2,2,1
1,39,6,2006,2,1,1,2,2,1,2,1,1,1,1,3,1,2,7,6,1,1,28,2,2,0
1,48,1,2006,2,1,1,2,2,1,1,1,1,1,1,1,1,2,13,6,1,1,33,2,2,0
1,48,1,2006,3,1,1,2,2,1,1,1,1,1,1,3,1,2,9,6,1,1,33,2,2,0
1,48,2,2006,2,1,1,2,2,1,1,1,1,1,1,1,1,2,14,6,1,1,33,2,2,0
1,48,3,2006,2,1,1,2,2,1,1,1,1,1,1,3,1,2,19,6,1,1,33,2,2,0
1,48,4,2006,4,1,1,2,2,1,1,1,1,1,1,1,1,2,14,6,1,1,33,2,2,0
4,52,6,2006,3,1,1,2,2,1,1,1,1,1,1,3,1,2,5,6,1,1,33,2,2,0
3,36,3,2006,3,1,1,2,2,1,1,1,1,1,1,3,1,2,9,6,1,1,45,2,2,0
3,36,5,2006,3,1,1,2,2,1,1,1,1,1,1,3,1,2,9,6,1,1,33,2,2,3
1,46,1,2006,3,1,1,2,2,1,1,1,1,1,1,1,1,2,14,6,1,1,33,2,2,0
1,46,2,2006,2,1,1,2,2,1,1,1,1,1,1,1,1,2,9,6,1,1,33,2,2,0
1,46,2,2006,3,1,1,2,2,1,1,1,1,1,1,1,1,2,14,6,1,1,33,2,2,0
4,46,4,2006,2,1,1,2,2,1,1,1,1,1,1,3,1,2,12,6,1,1,27,2,2,1
3,41,1,2006,2,1,1,2,2,4,1,1,2,1,1,1,1,2,9,6,1,1,33,2,2,0
1,39,8,2006,2,2,1,2,2,1,2,1,1,1,1,2,1,2,9,6,1,1,33,2,2,0
4,39,9,2006,2,1,1,2,2,1,1,1,1,1,1,3,1,2,9,6,1,1,33,2,2,3
10,52,9,2006,2,1,1,2,2,1,1,1,1,1,1,2,1,2,9,6,1,1,28,2,2,0
5,44,1,2006,4,1,1,2,2,1,3,1,1,1,1,1,1,2,13,6,1,1,32,2,2,0
2,44,2,2006,3,1,1,2,2,1,1,1,1,1,1,1,1,2,9,6,1,1,45,2,2,2
6,44,3,2006,2,1,1,2,2,1,1,1,1,1,1,2,1,2,6,6,1,1,33,2,2,0
6,44,4,2006,2,1,1,2,2,1,2,1,1,1,1,1,1,2,7,6,1,1,33,2,2,0
6,44,4,2006,1,1,1,2,2,1,4,1,1,1,1,1,1,2,14,6,1,1,33,2,2,0
7,44,4,2006,3,1,1,2,2,1,1,1,1,1,1,1,1,2,8,6,1,1,35,2,2,1
7,44,4,2006,4,1,1,2,2,1,4,1,1,1,1,1,1,2,9,5,1,1,33,2,2,0
7,44,4,2006,2,1,1,2,2,1,1,1,1,1,1,3,1,2,8,6,1,1,33,2,2,0
4,44,4,2006,1,1,1,2,2,1,2,1,1,1,1,2,1,2,14,6,1,1,45,2,2,0
7,44,5,2006,2,1,1,2,2,1,1,1,1,1,1,3,1,2,6,6,1,1,33,2,2,0
3,44,6,2006,4,1,1,2,2,1,4,1,1,1,1,3,1,2,14,6,1,1,26,2,2,1
6,44,6,2006,1,1,1,2,2,1,2,1,1,1,1,1,1,2,12,6,1,1,33,2,2,0
1,45,1,2006,1,1,1,2,2,1,2,1,1,1,1,1,1,2,14,6,1,1,25,2,2,0
6,45,1,2006,3,1,1,2,2,1,1,1,1,1,1,1,1,2,14,6,1,1,33,2,2,1
1,45,4,2006,1,1,1,2,2,1,4,1,1,1,1,1,1,2,14,6,1,1,35,2,2,0
2,45,7,2006,2,1,1,2,2,1,1,1,1,1,1,1,1,2,11,6,1,1,32,2,2,1
6,45,7,2006,2,1,1,2,2,1,1,1,1,1,1,1,1,2,9,6,1,1,41,2,2,1
6,45,8,2006,3,1,1,2,2,1,1,1,1,1,1,1,1,2,9,5,1,1,33,2,2,0
6,45,8,2006,3,1,1,2,2,1,1,1,1,1,1,1,1,2,10,6,1,1,33,2,2,0
1,47,3,2006,1,1,1,2,2,1,3,1,1,1,1,1,1,2,7,6,1,1,25,2,2,1
2,47,3,2006,1,1,1,2,2,1,4,1,1,1,1,1,1,2,7,6,1,1,33,2,2,0
12,47,3,2006,3,1,1,2,2,1,1,1,1,1,1,1,1,2,9,6,1,1,33,2,2,0
1,47,4,2006,1,1,1,2,2,1,2,1,1,1,1,1,1,2,14,6,1,1,33,2,2,1
12,47,4,2006,3,1,1,2,2,1,1,1,1,1,1,1,1,2,9,6,1,1,33,2,2,2
8,47,4,2006,4,1,1,2,2,1,1,1,1,1,1,1,1,2,7,6,1,1,49,2,2,1
9,47,4,2006,2,1,1,2,2,1,1,1,1,1,1,1,1,2,9,6,1,1,32,2,2,1
1,47,4,2006,2,1,1,2,2,1,1,1,1,1,1,3,1,2,2,4,1,1,33,2,2,0
1,40,2,2006,2,1,1,2,2,1,1,1,1,1,1,1,1,2,14,6,1,1,33,2,2,1
6,40,4,2006,1,1,1,2,2,1,4,1,1,1,1,1,1,2,14,6,1,1,33,2,2,0
3,40,4,2006,4,1,1,2,1,1,1,1,1,1,1,1,1,2,9,6,1,1,33,2,2,2
6,40,4,2006,3,1,1,2,2,1,1,1,1,1,1,1,1,2,9,6,1,1,33,2,2,1
6,40,5,2006,4,1,1,2,2,1,4,1,1,1,1,1,1,2,9,6,1,1,33,2,2,3
1,40,5,2006,3,1,1,2,2,1,1,1,1,1,1,1,1,2,1,6,1,1,33,2,2,0
1,50,1,2006,3,1,1,2,2,1,1,1,1,1,1,2,1,2,9,6,1,1,33,2,2,0
11,50,2,2006,4,1,1,2,2,1,2,1,1,1,1,2,1,2,14,6,1,1,35,2,2,1
8,50,2,2006,4,1,1,2,2,1,1,1,1,1,1,3,1,2,14,6,1,1,33,2,2,0
2,50,2,2006,3,1,1,2,2,1,1,1,1,1,1,1,1,2,8,6,1,1,33,2,2,0
1,47,5,2006,2,1,1,2,2,1,1,1,1,1,1,1,1,2,8,6,1,1,36,2,2,0
9,47,5,2006,3,1,1,2,2,1,1,1,1,1,1,1,1,2,7,6,1,1,33,2,2,0
5,47,7,2006,3,1,1,2,2,1,1,1,1,1,1,1,1,2,14,6,1,1,33,2,2,0
4,37,9,2006,4,1,1,2,2,1,3,1,1,1,1,3,1,2,9,6,1,1,26,2,2,1
1,45,9,2006,3,1,1,2,2,1,1,1,1,1,1,2,1,2,14,6,1,1,33,2,2,1
4,44,7,2006,4,1,1,2,2,1,4,1,1,1,1,3,1,2,2,6,1,1,33,2,2,0
4,44,7,2006,2,1,1,2,2,1,1,1,1,1,1,2,1,1,10,6,1,1,33,2,2,0
1,41,2,2006,2,1,1,2,2,1,1,1,1,1,1,1,1,2,12,5,1,1,33,2,2,0
7,41,2,2006,2,1,1,2,2,1,1,1,1,1,1,2,1,2,9,6,1,1,55,2,2,0
7,41,3,2006,2,1,1,2,1,1,1,1,1,1,1,1,1,2,9,6,1,1,33,2,2,0
7,41,3,2006,4,1,1,2,2,1,1,1,1,1,1,1,1,2,9,6,1,1,25,2,2,0
4,41,3,2006,2,1,1,2,2,1,1,1,1,1,1,3,1,2,9,6,1,1,33,2,2,0
5,41,4,2006,2,1,1,2,2,1,1,1,1,1,1,1,1,2,9,6,1,1,32,2,2,1
1,46,8,2006,3,1,1,2,2,1,1,1,1,1,1,3,1,2,14,6,1,1,33,2,2,0
2,46,8,2006,2,1,1,2,2,1,1,1,1,1,1,1,1,2,8,6,1,1,33,2,2,0
2,46,9,2006,3,1,1,2,2,1,1,1,1,1,1,1,1,2,14,6,1,1,33,2,2,0
1,46,10,2006,2,1,1,2,2,1,1,1,1,1,1,1,1,2,9,6,1,1,33,2,2,0
4,46,10,2006,4,1,1,2,2,1,1,1,1,1,1,3,1,2,9,6,1,1,33,2,2,0
6,40,8,2006,1,1,1,2,2,1,4,1,1,1,1,1,1,2,9,6,1,1,33,2,2,1
1,40,8,2006,2,1,1,2,2,1,1,1,1,1,1,1,1,2,10,6,1,1,33,2,2,1
6,40,8,2006,2,1,1,2,2,1,1,1,1,1,1,1,1,2,9,6,1,1,33,2,2,1
6,40,9,2006,1,1,1,2,2,1,4,1,1,1,1,1,1,2,9,6,1,1,33,2,2,2
3,40,9,2006,1,1,1,2,2,1,2,1,1,1,1,1,1,2,14,6,1,1,28,2,2,0
6,40,10,2006,2,1,1,2,2,1,1,1,1,1,1,1,1,2,9,6,1,1,33,2,2,2
6,40,10,2006,1,1,1,2,2,1,4,1,1,1,1,1,1,2,14,6,1,1,33,2,2,2
6,40,10,2006,2,1,1,2,2,1,1,1,1,1,1,1,1,2,9,6,1,1,33,2,2,2
7,44,8,2006,3,1,1,2,2,1,1,1,1,1,1,1,1,2,9,6,1,1,33,2,2,0
7,41,5,2006,3,1,1,2,2,1,1,2,1,1,1,2,1,2,9,6,1,1,40,2,2,1
7,41,6,2006,2,3,1,2,2,1,1,1,1,1,1,2,1,1,9,4,1,1,42,2,2,1
6,51,6,2006,4,1,1,2,2,1,1,1,1,1,1,2,1,2,12,6,1,1,33,2,2,1
4,51,8,2006,2,5,1,2,2,1,1,1,1,1,1,1,1,2,14,6,1,1,28,2,2,0
3,51,8,2006,2,1,1,2,2,1,1,1,1,1,1,2,1,2,9,6,1,1,33,2,2,0
1,52,10,2006,3,1,1,2,2,1,1,1,1,1,1,3,1,2,16,6,1,1,40,2,2,0
6,52,10,2006,3,1,1,2,2,1,1,1,1,1,1,3,1,2,11,6,1,1,35,2,2,0
1,49,10,2006,3,1,1,2,2,1,1,1,1,1,1,2,1,2,9,6,1,1,60,2,2,0
3,36,9,2006,2,1,1,2,2,1,1,1,1,1,1,3,1,2,13,6,1,1,33,2,2,1
1,36,9,2006,1,1,1,2,2,1,3,1,1,1,1,2,1,2,9,6,1,1,33,2,2,2
3,36,10,2006,3,1,1,2,2,1,1,1,1,1,1,1,1,2,9,6,1,1,33,2,2,0
7,48,7,2006,3,1,1,2,2,1,1,1,1,1,1,3,1,2,3,6,1,1,33,2,2,1
2,48,10,2006,3,1,1,2,2,1,1,1,1,1,1,3,1,2,19,6,1,1,33,2,2,1
7,41,7,2006,1,1,1,2,2,1,4,1,1,1,1,2,1,2,14,6,1,1,33,2,2,0
3,41,10,2006,2,1,1,2,2,1,1,1,1,1,1,3,1,2,8,6,1,1,33,2,2,0
1,50,3,2006,3,1,1,2,2,1,1,1,1,1,1,1,1,2,9,6,1,1,26,2,2,1
2,43,1,2006,4,1,1,2,1,1,1,1,1,1,1,1,1,2,12,5,1,1,33,2,2,0
5,43,1,2006,1,1,1,2,2,1,1,1,1,1,1,3,1,2,9,6,1,1,33,2,2,1
5,43,6,2006,3,1,1,2,2,1,1,1,1,1,1,1,1,2,9,6,1,1,33,2,2,1
5,43,7,2006,2,1,1,2,2,1,1,1,1,1,1,1,1,2,9,6,1,1,33,2,2,1
5,43,8,2006,3,1,1,2,2,1,1,1,1,1,1,3,1,2,9,6,1,1,33,2,2,1
1,43,6,2006,1,1,1,2,2,1,1,1,1,1,1,3,1,2,5,5,1,1,33,2,2,1
5,43,9,2006,2,1,1,2,2,1,1,1,1,1,1,1,1,2,9,6,1,1,33,2,2,1
1,50,3,2006,3,1,1,2,2,1,1,1,1,1,1,2,1,2,9,6,1,1,30,2,2,2
12,50,4,2006,2,1,1,2,2,1,1,1,1,1,1,1,1,2,9,6,1,1,33,2,2,0
2,50,4,2006,3,1,1,2,2,1,1,1,1,1,1,1,1,2,11,6,1,1,33,2,2,1
1,50,5,2006,4,1,1,2,2,1,3,1,1,1,1,1,1,2,9,6,1,1,33,2,2,0
2,50,6,2006,3,1,1,2,2,1,1,1,1,1,1,1,1,2,14,6,1,1,45,2,2,0
10,50,6,2006,4,1,1,2,2,1,1,1,1,1,1,2,1,2,19,11,1,1,33,2,2,1
5,50,6,2006,3,1,1,2,2,1,1,1,1,1,1,3,1,2,9,6,1,1,33,2,2,0
11,50,9,2006,4,1,1,2,2,1,4,1,1,1,1,2,1,2,9,6,1,1,33,2,2,0
10,50,10,2006,2,1,1,2,2,1,1,1,1,1,1,1,1,2,7,1,1,1,33,2,2,0
1,38,3,2006,3,1,1,2,2,1,1,1,1,1,1,3,2,2,13,6,1,1,33,2,2,0
1,38,4,2006,2,1,1,2,2,1,1,1,1,1,1,1,1,2,14,6,1,1,33,2,2,1
7,38,5,2006,2,1,1,2,2,1,1,2,1,1,1,3,1,2,9,6,1,1,33,2,2,0
3,38,5,2006,3,3,1,2,2,1,1,1,1,1,1,1,1,2,14,6,1,1,33,2,2,0
3,38,5,2006,3,1,1,2,2,1,1,1,1,1,1,1,1,2,9,6,1,1,30,2,2,0
1,38,6,2006,2,1,1,2,2,1,1,1,1,1,1,1,1,2,14,6,1,1,33,2,2,0
1,38,6,2006,4,1,1,2,2,1,3,1,1,1,1,1,1,2,14,6,1,1,33,2,2,0
6,38,9,2006,1,1,1,2,2,1,1,1,1,1,1,1,1,2,9,6,1,1,33,2,2,0
3,38,11,2006,4,1,1,2,2,1,4,1,1,1,1,1,1,2,14,6,1,1,33,1,2,0
1,44,9,2006,4,1,1,2,2,1,1,1,1,1,1,5,1,2,9,6,1,1,40,2,2,1
4,37,11,2006,4,1,1,2,2,1,2,1,1,1,1,3,1,2,4,6,1,1,35,2,2,0
4,37,11,2006,3,1,1,2,2,1,2,1,1,1,1,3,1,2,9,6,1,1,35,2,2,0
8,51,1,2006,2,1,1,2,2,1,1,1,1,1,1,3,1,2,9,6,1,1,33,2,2,0
9,51,4,2006,2,1,1,2,2,1,2,1,1,1,1,3,1,2,14,6,1,1,33,2,2,1
1,45,11,2006,1,1,1,2,2,1,1,1,1,1,1,1,1,2,9,6,1,1,33,2,2,1
4,44,10,2006,3,1,1,2,2,1,1,1,1,1,1,2,1,2,14,6,1,1,33,2,2,0
5,43,11,2006,2,1,1,2,2,1,1,1,1,1,1,1,1,2,9,6,1,1,25,2,2,2
5,43,11,2006,3,1,1,2,2,1,1,1,1,1,1,1,1,2,10,6,1,1,33,2,2,1
7,44,10,2006,2,1,1,2,2,1,1,1,1,1,1,3,1,2,4,6,1,1,33,2,2,3
1,39,11,2006,2,1,1,2,2,1,1,1,1,1,1,5,1,2,14,6,1,1,32,2,2,0
1,49,10,2006,3,1,1,2,1,1,1,1,1,1,1,2,1,2,9,6,1,1,33,2,2,0
1,49,11,2006,3,1,1,2,2,1,1,1,1,1,1,3,1,2,14,6,1,1,33,2,2,0
3,48,11,2006,2,1,1,2,2,1,1,1,1,1,1,3,1,2,14,6,1,1,33,2,2,0
3,38,12,2006,3,1,1,2,2,1,1,1,1,1,1,1,1,2,17,6,1,1,40,2,2,2
5,41,11,2006,3,2,1,2,1,1,1,1,1,1,1,1,1,2,7,6,1,1,33,2,2,1
7,41,11,2006,2,1,1,2,2,1,1,1,1,1,1,1,1,2,9,6,1,1,33,2,2,0
7,41,11,2006,3,1,1,2,2,1,1,1,1,1,1,2,1,2,8,6,1,1,33,2,2,0
7,41,11,2006,2,1,1,2,2,1,1,1,1,1,1,2,1,2,19,6,1,1,33,2,2,1
5,37,12,2006,3,1,1,2,2,1,1,1,1,1,1,3,1,2,9,6,1,1,33,2,2,0
1,51,12,2006,3,1,1,2,2,1,1,1,1,1,1,2,1,2,7,6,1,1,33,2,2,1
12,51,12,2006,2,1,1,2,2,1,1,1,1,1,1,2,1,2,9,6,1,1,33,2,2,0
1,50,12,2006,3,1,1,2,2,1,1,1,1,1,1,2,1,2,14,6,1,1,33,2,2,0
5,50,12,2006,3,1,1,2,2,1,1,1,1,1,1,4,1,2,8,6,1,1,33,2,2,0
4,45,12,2006,3,1,1,2,2,1,1,1,1,1,1,3,1,2,13,6,1,1,33,2,2,0
1,41,12,2006,2,1,1,2,2,1,1,1,1,1,1,1,1,2,9,6,1,1,33,2,2,1
7,41,12,2006,1,1,4,2,2,1,2,1,1,1,1,1,1,1,14,6,1,1,32,2,2,1
7,41,12,2006,3,1,1,2,2,1,1,1,1,1,1,2,1,2,14,6,1,1,33,2,2,1
3,47,12,2006,3,1,1,2,2,1,1,1,1,1,1,3,1,2,13,6,1,1,33,2,2,0
1,47,12,2006,2,1,1,2,2,1,1,1,1,1,1,1,1,2,9,6,1,1,33,2,2,0
2,46,11,2006,4,1,1,2,2,1,1,1,1,1,1,1,1,2,13,6,1,1,33,2,2,0
2,46,12,2006,2,1,1,2,2,1,1,1,1,1,1,1,1,2,9,6,1,1,33,2,2,0
4,46,11,2006,4,1,1,2,2,1,1,1,1,1,1,3,1,2,3,6,1,1,33,2,2,0
4,46,11,2006,2,1,1,2,2,1,1,1,1,1,1,3,1,2,8,6,1,1,33,2,2,0
3,46,11,2006,2,1,1,2,2,1,1,1,1,1,1,2,1,2,19,6,1,1,33,2,2,0
1,46,10,2006,4,1,1,2,2,1,4,1,1,1,1,1,1,2,13,6,1,1,33,2,2,1
1,46,11,2006,3,1,1,2,2,1,1,1,1,1,1,1,1,2,9,6,1,1,33,2,2,0
1,46,11,2006,3,1,1,2,2,1,1,1,1,1,1,1,1,2,14,6,1,1,33,2,2,0
1,46,11,2006,3,1,1,2,2,1,1,1,1,1,1,1,1,2,9,6,1,1,33,2,2,0
1,46,5,2006,2,1,1,2,1,1,1,1,1,1,1,1,1,2,9,6,1,1,33,2,2,1
4,44,12,2006,2,1,1,2,2,1,1,1,1,1,1,1,1,2,8,6,1,1,33,2,2,0
4,39,9,2006,2,1,1,2,2,1,1,1,1,1,1,2,1,1,9,6,1,1,35,2,2,3
1,39,3,2006,3,6,1,2,2,1,1,1,1,1,1,1,1,2,14,6,1,1,33,2,2,0
1,39,5,2006,2,1,1,2,2,1,2,1,1,1,1,2,1,2,7,6,1,1,25,2,2,0
3,39,6,2006,3,1,1,2,2,1,1,2,1,1,1,1,1,2,9,2,1,1,43,2,2,0
4,39,6,2006,3,1,1,2,2,1,1,1,1,1,1,2,1,2,14,6,1,1,33,2,2,0
4,39,9,2006,3,1,1,2,2,2,1,1,2,1,1,2,1,2,14,6,1,1,28,2,2,0
4,39,3,2006,2,2,1,2,2,1,1,1,1,1,1,2,1,2,7,6,1,1,40,2,2,0
1,39,8,2006,4,1,1,2,2,1,2,1,1,1,1,1,1,2,13,10,1,1,32,2,2,0
35,1,9,2006,1,1,1,2,2,2,1,1,2,1,1,3,1,2,8,6,1,1,30,1,2,0
3,36,6,2006,4,1,1,2,2,1,4,1,1,1,1,1,1,2,7,6,1,1,33,2,2,1
6,38,1,2006,3,1,1,2,2,1,1,2,1,1,1,1,1,2,9,6,1,1,33,2,2,0
3,38,3,2006,3,1,1,2,2,1,2,1,1,1,1,2,1,2,9,6,1,1,33,2,2,0
6,38,3,2006,2,1,1,2,2,1,1,1,1,1,1,1,1,2,14,6,1,1,33,2,2,0
1,38,4,2006,3,1,1,2,2,1,1,1,1,1,1,1,1,2,9,6,1,1,38,2,2,0
7,38,5,2006,3,1,1,2,2,1,1,1,1,1,1,1,1,2,9,6,1,1,33,2,2,0
1,38,6,2006,1,1,1,2,2,1,4,1,1,1,1,1,1,2,9,6,1,1,30,1,2,0
3,38,9,2006,1,1,1,2,2,1,2,1,1,1,1,1,1,2,9,6,1,1,33,2,2,0
3,38,12,2006,4,1,1,2,2,4,3,1,1,1,1,1,1,2,6,6,1,1,33,2,2,0
3,38,11,2006,2,1,1,2,2,4,2,1,1,1,1,1,1,2,9,6,1,1,35,2,2,0
3,38,9,2006,1,1,1,2,2,1,4,1,1,1,1,1,1,2,9,6,1,1,33,1,2,0
1,47,9,2006,2,7,1,2,2,1,1,1,1,1,1,1,1,2,9,6,1,1,33,1,2,0
1,47,9,2006,4,1,1,2,2,1,2,1,1,1,1,1,1,2,9,6,1,1,33,1,2,0
9,47,9,2006,3,1,1,2,2,2,1,1,2,1,1,1,1,2,9,6,1,1,36,1,2,0
9,47,9,2006,1,1,1,2,2,1,4,1,1,1,1,1,2,2,9,6,1,1,46,2,2,0
17,42,1,2006,1,1,1,1,1,1,3,1,1,1,1,5,1,1,8,6,1,1,33,2,2,1
6,42,1,2006,1,7,1,2,1,1,2,1,1,1,1,5,1,1,14,6,1,1,33,2,2,1
6,42,1,2006,1,1,1,2,1,1,3,1,1,1,1,5,1,1,14,6,1,1,33,2,2,0
6,42,2,2006,3,1,1,2,1,1,1,1,1,1,1,5,1,1,15,6,1,1,33,2,2,2
12,42,1,2006,1,1,1,2,1,1,2,1,1,1,1,5,1,1,9,6,1,1,33,2,2,1