Thana,District,Month,Year,Time,Junction_Type,Traffic_Control,Movement,Divider,Weather,Light,Road_Geometry,Surface_Condition,Surface_Type,Surface_Quality,Road_Class,Road_Feature,Location_Type,Vehicle_Type,Vehicle_Movement,Vehicle_Loading,Vehicle_Defect,Vehicle_Driver_Age,Vehicle_Alcohol,Vehicle_Seat_Belt,Accident_Severity
17,42,4,2006,1,1,1,1,1,1,1,1,1,1,1,1,1,1,8,6,1,2,33,1,0,1
17,42,5,2006,1,1,1,1,1,1,1,1,1,1,1,5,1,1,5,6,1,2,33,1,2,1
8,42,5,2006,3,7,4,1,1,1,1,1,1,1,1,5,1,1,9,6,1,1,33,2,2,0
1,42,3,2006,2,2,1,2,1,1,1,1,1,1,1,5,1,1,9,6,1,2,26,1,2,1
1,42,4,2006,3,5,4,2,1,1,1,1,1,1,1,5,1,1,19,6,1,2,33,1,0,1
1,42,5,2006,4,1,4,1,1,1,3,1,1,1,1,5,1,1,9,6,1,2,33,1,2,0
9,42,3,2006,1,1,1,2,1,1,3,1,1,1,1,5,1,1,14,6,1,1,33,2,2,0
9,42,5,2006,3,1,1,2,1,1,1,1,1,1,1,5,1,1,12,6,1,1,33,2,2,1
6,42,4,2006,4,1,4,2,1,1,3,1,1,1,1,1,1,1,5,6,1,1,33,2,2,0
6,42,4,2006,2,4,2,2,1,1,1,1,1,1,1,5,1,1,9,6,1,1,33,2,2,0
12,42,3,2006,2,1,1,2,1,1,2,1,1,1,1,5,1,1,13,2,1,2,33,1,2,2
12,42,5,2006,2,1,4,2,1,1,1,1,1,1,1,5,1,1,9,6,1,2,33,1,2,0
12,42,6,2006,1,1,1,2,1,1,3,1,1,1,1,5,1,1,19,6,1,2,33,1,2,0
9,42,7,2006,2,1,4,1,1,1,1,1,1,1,1,5,1,1,9,6,1,2,33,1,2,0
9,42,7,2006,3,1,1,1,1,1,1,1,1,1,1,5,1,1,8,6,1,2,21,1,2,1
9,42,7,2006,3,1,1,1,1,1,1,1,1,1,1,5,1,1,9,6,1,2,33,1,2,0
11,42,3,2006,1,1,1,2,1,1,3,1,1,1,1,5,1,1,8,6,2,1,33,1,2,0
11,42,4,2006,3,1,1,2,1,1,2,1,1,1,1,5,1,1,12,6,2,7,33,2,2,1
11,42,7,2006,2,1,1,2,1,1,1,1,1,1,1,5,1,1,9,6,1,1,33,2,2,0
11,42,7,2006,1,1,4,2,1,1,3,1,1,1,1,1,1,1,14,6,2,1,28,2,2,1
3,42,1,2006,1,1,1,2,1,1,3,1,1,1,1,5,1,1,8,6,1,2,33,1,2,1
3,42,1,2006,2,1,1,2,1,1,1,1,1,1,1,1,1,1,8,6,1,2,33,1,2,0
3,42,3,2006,1,1,1,2,1,1,3,1,1,1,1,1,1,1,14,6,1,2,33,1,2,0
3,42,7,2006,1,1,1,2,1,1,3,1,1,1,1,1,1,1,14,6,1,2,33,1,2,0
3,42,7,2006,2,1,1,2,1,1,1,1,1,1,1,1,1,1,9,6,1,2,33,1,2,0
2,42,3,2006,2,1,1,1,1,1,1,1,1,1,1,5,1,1,5,6,1,2,33,1,2,0
2,42,3,2006,2,1,1,1,1,1,1,1,1,1,1,5,1,1,9,6,1,2,33,1,2,0
2,42,4,2006,2,1,1,1,1,1,1,1,1,1,1,5,1,1,14,6,1,2,33,1,2,0
18,42,2,2006,2,1,1,1,1,1,1,1,1,1,1,5,1,1,12,6,1,2,33,1,2,0
18,42,2,2006,2,3,1,1,1,1,1,1,1,1,1,5,1,1,15,6,1,2,33,1,2,0
18,42,6,2006,3,1,1,1,1,1,1,1,1,1,1,5,1,1,12,6,1,2,33,1,0,1
4,42,3,2006,3,3,4,1,1,1,1,1,1,1,1,5,1,1,13,6,1,1,33,2,2,0
21,42,1,2006,4,1,1,2,2,1,3,1,1,1,1,1,1,1,11,6,1,2,33,1,0,1
12,42,7,2006,1,6,1,2,2,1,3,1,1,1,1,5,1,1,14,6,1,2,33,1,2,0
12,42,7,2006,2,1,1,2,1,1,1,1,1,1,1,5,1,1,12,1,1,1,33,2,2,1
12,42,9,2006,2,3,4,2,1,1,1,1,1,1,1,5,1,1,9,1,1,2,29,1,2,0
27,42,11,2006,3,3,6,1,1,1,1,1,1,1,1,5,1,1,9,9,1,2,33,1,2,3
12,42,12,2006,2,1,1,2,1,1,1,3,1,1,1,5,1,1,9,6,1,1,33,2,2,0
8,42,7,2006,1,1,1,1,1,1,2,1,1,1,1,5,1,1,10,6,1,2,45,1,0,0
8,42,12,2006,3,1,1,1,1,1,2,1,1,1,1,5,1,1,10,6,1,2,18,1,0,0
29,42,11,2006,2,1,1,1,1,1,1,1,1,1,1,5,1,1,8,6,1,2,30,1,2,1
32,42,9,2006,2,3,4,1,1,1,1,1,1,1,1,5,1,1,8,6,1,2,33,1,2,2
14,42,7,2006,2,1,1,2,1,1,1,1,1,1,1,1,1,1,8,6,1,2,33,1,2,0
15,42,5,2006,4,1,1,2,2,1,1,1,1,1,1,2,1,1,7,6,1,2,33,1,2,0
15,42,7,2006,2,1,4,2,1,1,2,1,1,1,1,5,1,1,11,6,1,2,33,1,2,0
15,42,9,2006,2,1,1,2,2,1,1,1,1,1,1,5,1,1,9,6,1,2,33,1,2,0
5,42,3,2006,4,2,4,1,1,1,3,1,1,1,1,5,1,1,10,6,1,1,35,1,2,1
3,42,9,2006,4,3,4,2,1,1,3,1,1,1,1,1,1,1,14,6,1,2,33,1,2,0
3,42,11,2006,4,1,3,2,1,1,3,1,1,1,1,1,1,1,14,6,1,2,33,1,2,1
3,42,12,2006,1,3,4,2,1,1,3,1,1,1,1,1,1,1,9,6,1,2,33,1,2,1
3,42,12,2006,3,1,1,2,1,1,1,1,1,1,1,1,1,1,9,6,1,2,33,1,2,1
18,42,10,2006,1,1,1,1,1,1,3,1,1,1,1,5,1,1,10,6,1,2,33,1,0,1
18,42,10,2006,2,1,1,1,1,1,1,1,1,1,1,5,1,1,14,6,1,2,33,1,2,0
28,42,3,2006,2,2,2,2,1,1,1,1,1,1,1,5,1,1,9,6,1,2,33,1,2,0
22,42,3,2006,1,2,4,1,1,1,2,1,1,1,1,1,1,1,14,6,1,2,33,1,2,0
22,42,7,2006,2,2,4,1,1,1,1,1,1,1,1,1,1,1,9,6,1,2,33,1,2,0
22,42,10,2006,2,1,1,1,1,1,1,1,1,1,1,1,1,1,10,6,1,2,19,1,0,1
33,42,11,2006,1,4,2,1,1,1,1,1,1,1,1,1,1,1,19,6,1,2,33,1,0,0
10,42,3,2006,4,1,1,2,2,1,3,1,1,1,1,5,1,1,9,6,1,2,33,1,2,0
10,42,9,2006,2,1,1,1,1,1,1,1,1,1,1,5,1,1,9,6,1,2,33,1,2,0
1,42,12,2006,2,3,4,1,1,1,1,1,1,1,1,5,1,1,8,6,1,2,33,1,2,0
11,42,12,2006,2,1,1,1,1,1,1,1,1,1,1,5,1,1,8,6,1,2,33,1,2,0
7,42,6,2006,3,1,4,1,1,1,1,1,1,1,1,5,1,1,7,6,1,1,33,1,2,0
7,42,7,2006,4,1,1,2,2,1,3,1,1,1,1,5,1,1,8,6,1,1,33,1,2,1
23,42,7,2006,1,1,1,1,1,1,1,1,1,1,1,1,1,1,14,6,1,2,33,1,2,0
23,42,8,2006,3,3,1,1,1,1,1,1,1,1,1,1,1,1,9,6,1,2,33,2,2,0
23,42,12,2006,3,1,1,1,1,1,1,1,1,1,1,1,1,1,9,6,1,2,33,1,2,1
5,18,9,2006,3,1,1,1,2,1,1,1,1,1,1,2,1,2,14,6,1,7,33,2,2,1
1,19,3,2006,3,1,1,1,2,1,1,1,1,1,1,5,1,1,17,6,1,7,33,2,2,1
2,19,10,2006,3,1,1,2,2,1,1,1,1,1,1,2,1,2,14,6,1,7,40,2,2,0
4,26,2,2006,2,1,1,2,2,1,1,1,1,1,1,2,1,2,4,2,1,1,22,2,2,0
4,26,2,2006,2,1,1,2,2,1,1,1,1,1,2,2,1,2,4,6,1,1,22,2,2,0
4,26,4,2006,3,1,8,1,2,1,1,1,1,1,1,4,1,2,9,6,1,2,33,2,2,0
4,26,8,2006,2,1,1,2,2,1,1,1,1,1,1,2,1,2,9,6,1,1,35,2,2,0
6,26,2,2006,2,1,1,2,2,1,1,1,1,1,1,3,1,2,8,4,1,1,33,2,2,0
8,26,12,2006,3,1,1,2,2,1,1,1,1,1,1,1,1,2,14,6,1,7,33,2,2,1
7,26,3,2006,3,1,1,2,2,1,1,4,1,1,1,3,1,2,13,2,1,1,33,2,2,0
7,26,9,2006,3,1,1,2,2,1,1,1,1,1,1,3,1,2,8,5,1,1,33,2,2,0
7,25,11,2006,3,1,1,2,2,1,1,1,1,1,1,3,1,2,12,6,1,1,35,2,2,0
4,25,9,2006,2,1,1,1,2,1,1,2,1,1,1,2,1,2,14,6,1,1,40,2,2,0
5,25,9,2006,2,1,1,1,1,2,1,1,2,1,1,3,1,2,9,6,1,1,33,2,2,3
1,25,1,2006,2,1,1,2,2,1,1,1,1,1,1,2,1,2,14,6,1,1,30,2,2,0
1,25,3,2006,2,1,1,1,2,1,1,1,1,1,1,2,1,2,9,6,1,1,45,2,2,0
1,25,9,2006,3,7,1,1,2,1,1,1,1,1,1,2,1,2,9,6,1,1,33,2,2,0
1,20,1,2006,4,3,1,2,2,1,3,1,1,1,1,2,1,1,12,6,1,1,33,2,2,1
1,20,9,2006,3,1,1,2,2,1,1,1,1,1,1,2,1,2,9,6,1,1,39,2,2,0
3,20,5,2006,3,4,1,1,2,1,1,1,1,1,1,3,1,2,17,6,1,1,30,2,2,3
4,20,1,2006,3,1,1,1,2,1,1,1,1,1,1,3,1,2,9,6,1,1,45,2,2,0
4,20,5,2006,3,1,1,1,2,1,1,1,1,1,1,3,1,2,9,6,1,1,46,2,2,0
4,20,6,2006,4,1,1,1,2,1,2,1,1,1,1,3,1,2,19,1,2,1,33,2,2,0
1,24,2,2006,4,3,1,2,2,1,4,1,1,1,1,5,1,1,14,9,1,1,33,2,2,3
1,24,3,2006,3,2,1,2,2,1,1,1,1,1,1,1,1,2,12,6,1,1,23,2,2,0
1,24,4,2006,2,7,7,2,2,1,1,1,1,1,1,1,1,2,7,6,1,1,33,2,2,1
1,24,4,2006,2,2,1,2,2,1,1,1,1,1,1,1,1,1,9,6,1,1,33,2,2,0
1,24,5,2006,2,2,1,2,2,1,1,1,1,1,1,1,1,1,9,6,1,1,33,2,2,0
2,24,1,2006,3,2,4,2,2,1,1,1,1,1,1,1,1,1,14,6,1,1,33,2,2,0
3,24,4,2006,2,1,1,2,2,1,1,1,1,1,1,1,1,2,9,6,1,1,33,2,2,0
3,24,5,2006,2,1,1,1,2,1,1,1,1,1,1,3,1,2,14,6,1,1,33,2,2,1
9,24,3,2006,3,3,1,2,2,1,1,2,1,1,1,4,1,2,14,1,1,1,40,2,2,0
5,24,2,2006,2,1,1,1,1,1,1,1,1,1,1,1,2,1,14,6,1,1,33,2,2,0
5,24,5,2006,2,1,1,2,2,1,2,2,1,1,1,4,1,2,14,6,1,6,33,2,2,0
1,22,2,2006,2,1,1,1,2,1,1,1,1,1,1,1,1,2,9,6,1,1,33,2,2,1
1,22,3,2006,2,1,1,2,2,1,1,1,1,1,1,4,1,2,9,6,1,3,25,2,2,0
1,22,4,2006,2,1,1,2,2,1,1,1,1,1,1,1,1,2,9,6,1,6,33,2,2,3
1,22,5,2006,2,1,1,2,2,1,1,1,1,1,1,1,1,2,14,6,1,1,33,2,2,0
1,22,6,2006,3,1,1,2,2,1,1,1,1,1,1,1,1,1,9,5,1,7,33,2,2,0
1,22,6,2006,2,3,1,2,2,1,1,1,1,1,1,1,1,2,14,6,1,1,30,2,2,0
2,22,1,2006,2,4,8,1,2,1,1,1,1,1,1,4,1,2,13,6,1,1,35,2,2,1
1,23,10,2006,2,2,1,2,2,1,1,1,1,1,1,3,1,2,14,5,1,1,30,2,2,0
4,23,2,2006,3,7,1,2,2,1,1,2,1,1,1,4,1,2,9,6,1,1,33,2,2,0
3,23,8,2006,3,3,1,2,2,2,1,2,2,1,2,4,4,2,14,2,1,1,40,2,2,0
1,29,3,2006,4,1,1,2,2,1,1,1,1,1,1,3,1,2,12,5,1,7,42,2,2,3
1,29,5,2006,3,1,1,2,1,1,1,1,1,1,1,2,1,2,9,5,1,7,33,2,2,0
1,29,8,2006,2,1,1,2,2,1,1,1,1,1,1,2,1,2,8,6,1,7,33,2,2,0
1,29,8,2006,2,1,1,1,2,1,1,1,1,1,1,2,1,2,12,6,1,1,32,2,2,0
1,29,8,2006,3,1,1,2,2,1,1,2,1,1,1,3,1,2,8,6,1,7,32,2,2,0
2,29,7,2006,3,1,1,2,2,1,1,1,1,1,1,4,1,2,8,6,1,7,46,2,2,0
4,29,1,2006,2,1,1,2,2,1,1,1,1,1,1,2,1,2,14,6,1,1,33,2,2,0
4,29,2,2006,2,1,1,2,2,1,1,1,1,2,2,4,2,2,9,6,1,7,33,2,2,0
4,29,4,2006,3,1,1,2,2,1,1,1,1,1,1,2,1,2,9,6,1,7,33,2,2,0
5,29,2,2006,1,1,1,2,2,1,2,1,1,2,1,3,1,2,9,3,1,3,30,2,2,0
3,29,3,2006,3,1,8,2,2,1,1,1,1,1,1,1,1,2,10,6,1,7,33,2,2,0
1,21,1,2006,4,1,1,2,1,1,4,2,1,1,1,1,1,1,10,6,1,2,33,1,0,0
1,21,1,2006,2,1,1,1,2,1,1,1,1,1,1,1,1,2,9,6,1,1,33,2,2,0
1,21,2,2006,4,1,1,1,2,1,4,1,1,1,1,1,2,1,9,6,1,2,33,2,2,0
1,21,3,2006,3,1,4,1,2,1,1,1,1,1,1,1,1,2,14,6,1,6,35,1,2,0
1,21,4,2006,3,1,1,1,1,1,1,1,1,1,1,2,1,2,14,6,1,1,33,2,2,0
1,21,4,2006,2,1,1,2,2,1,1,1,1,1,1,2,1,2,19,6,1,1,33,2,2,0
1,21,5,2006,4,1,1,1,2,1,4,1,1,1,1,1,1,2,14,6,1,7,33,2,2,0
1,21,6,2006,2,1,1,2,2,1,1,1,1,1,1,1,1,2,8,6,1,1,33,2,2,0
1,21,10,2006,2,1,1,1,2,1,1,1,1,1,1,2,1,2,9,5,1,1,40,2,2,0
1,21,11,2006,4,1,1,1,2,1,2,1,1,1,1,2,1,1,13,6,1,1,33,2,2,0
3,21,8,2006,2,1,1,1,2,1,1,1,1,1,1,1,1,1,9,6,1,7,38,2,2,0
3,21,12,2006,2,3,1,1,2,1,1,1,1,1,1,1,1,2,14,6,1,7,33,2,2,0
4,21,12,2006,2,1,1,2,2,1,1,1,1,1,1,2,1,2,14,5,1,1,33,2,2,0
6,21,3,2006,4,1,1,2,2,1,4,1,1,1,2,1,1,2,14,6,1,1,33,2,2,1
6,21,3,2006,4,1,1,1,2,1,4,1,1,1,1,1,1,2,17,6,1,1,30,2,2,0
5,18,1,2006,3,1,1,2,2,1,1,1,1,1,1,2,1,2,8,6,1,1,33,2,2,0
1,19,1,2006,3,1,1,2,2,1,1,2,1,1,1,4,1,2,8,1,1,1,33,2,2,0
1,19,9,2006,4,1,1,2,2,1,2,1,1,1,1,1,1,2,9,2,1,1,45,2,2,0
5,21,5,2006,3,1,1,2,2,1,1,1,1,2,1,4,1,2,14,6,1,1,34,2,2,0
1,21,6,2006,2,1,1,2,2,2,1,1,2,1,1,2,1,2,9,6,1,1,33,2,2,0
3,29,12,2006,2,1,1,2,2,1,1,2,1,1,1,2,1,2,14,6,1,1,55,2,2,0
6,25,9,2006,2,1,1,2,2,1,1,2,1,1,1,3,1,2,14,6,1,1,40,2,2,0
6,26,2,2006,2,1,1,2,2,1,1,1,1,1,1,3,1,2,8,6,1,1,33,2,2,0
1,9,2,2006,2,1,1,2,1,1,1,1,1,1,1,5,1,1,13,6,1,7,33,2,2,0
1,9,3,2006,3,1,1,2,1,1,1,1,1,1,1,1,1,2,6,5,1,6,33,2,2,0
1,9,7,2006,1,7,8,2,2,1,4,1,1,1,1,1,5,1,7,5,1,3,33,2,2,1
1,9,5,2006,2,7,1,2,1,1,1,1,1,1,3,5,1,1,4,11,1,1,45,2,2,3
12,9,3,2006,3,7,8,2,2,1,1,1,1,1,3,1,1,2,9,2,1,7,33,2,2,0
12,9,4,2006,2,7,1,2,2,1,1,1,1,1,1,2,1,2,14,11,1,7,28,2,2,0
12,9,3,2006,4,1,1,2,2,1,2,1,1,1,1,1,1,2,9,6,1,1,33,1,2,0
12,9,7,2006,2,7,1,2,2,1,1,1,1,1,1,1,1,2,8,2,1,7,40,2,2,0
12,9,7,2006,2,1,1,2,1,1,1,1,1,1,1,1,1,1,14,6,1,1,33,2,2,0
12,9,8,2006,2,1,1,2,1,1,1,1,1,1,1,1,1,1,8,6,1,7,30,2,2,0
12,9,10,2006,3,7,1,2,2,1,1,1,2,1,1,1,1,2,9,4,1,7,42,2,2,0
10,9,7,2006,1,3,1,2,2,1,4,1,1,1,1,1,1,2,13,6,1,7,33,2,2,0
11,9,11,2006,2,3,1,2,2,1,1,2,1,1,1,4,1,2,3,2,1,7,33,2,2,0
1,2,4,2006,2,3,1,1,2,1,1,1,1,1,1,3,1,1,8,6,1,1,33,2,2,0
1,2,4,2006,3,1,1,2,1,1,1,1,1,1,1,1,1,1,14,6,1,1,33,2,2,0
5,2,8,2006,3,1,1,2,2,1,1,1,1,1,1,2,1,2,9,6,1,1,33,2,2,0
2,2,7,2006,2,1,1,2,2,1,1,1,1,1,1,4,1,2,14,6,1,1,32,1,2,0
2,2,10,2006,3,1,1,2,2,1,1,1,1,1,1,2,1,1,17,6,1,1,25,2,2,0
1,13,3,2006,3,7,8,2,2,1,1,1,1,1,1,3,4,1,17,11,1,7,23,2,2,2
1,13,12,2006,3,7,8,1,2,1,1,1,1,1,1,3,1,2,17,11,1,6,33,2,2,0
1,10,1,2006,4,3,8,1,2,4,4,1,1,1,1,3,1,2,6,6,2,1,24,2,2,0
1,10,5,2006,4,7,1,2,2,1,2,1,1,1,1,2,1,2,13,6,1,1,28,2,2,0
3,13,5,2006,1,3,1,2,2,1,2,1,1,1,1,3,1,2,14,6,1,7,33,1,2,0
8,13,2,2006,4,1,1,2,2,1,4,1,1,1,1,1,1,2,9,6,1,7,33,1,2,0
8,13,8,2006,1,1,1,2,2,1,4,1,1,1,1,1,1,2,13,11,1,7,38,2,2,3
7,13,3,2006,4,4,1,2,2,1,4,1,1,1,1,2,1,2,8,6,1,3,33,2,2,0
7,13,9,2006,2,1,8,1,2,1,1,1,1,1,1,2,1,1,13,6,1,1,33,2,0,0
5,13,6,2006,2,1,1,2,2,1,1,1,1,1,1,2,1,2,14,6,1,1,33,2,2,0
9,13,5,2006,2,3,1,2,2,1,1,1,1,1,1,3,1,2,14,1,1,1,30,2,2,3
7,3,3,2006,3,1,1,2,2,1,1,2,1,1,1,2,1,1,4,5,1,7,35,2,1,0
7,3,6,2006,4,1,1,2,2,1,3,1,1,1,1,2,1,2,14,10,1,7,33,2,2,2
7,3,6,2006,2,7,8,2,2,1,1,1,1,1,1,1,1,2,14,11,1,7,33,2,2,0
1,3,6,2006,3,7,1,2,2,1,1,1,1,1,1,2,1,2,19,11,2,7,33,1,2,0
10,3,4,2006,4,1,1,2,2,1,2,2,1,1,1,1,1,2,14,1,1,1,45,2,2,0
8,3,8,2006,3,7,3,2,2,1,1,1,1,1,1,1,1,2,8,11,1,1,42,2,2,0
12,3,8,2006,2,2,1,2,2,1,1,1,1,1,1,4,1,1,13,6,1,1,33,2,2,0
12,3,10,2006,4,1,1,2,2,1,2,1,1,1,1,4,1,2,14,5,1,7,33,2,2,0
4,3,10,2006,2,1,8,2,2,1,1,1,1,1,1,1,1,1,6,6,1,7,33,2,2,0
13,3,3,2006,2,1,4,2,1,1,1,1,1,1,2,1,1,1,13,11,1,7,33,2,2,0
13,3,4,2006,2,1,1,2,2,1,1,1,1,1,1,2,1,1,13,6,1,6,33,2,2,1
13,3,5,2006,4,7,1,2,2,1,4,1,1,1,1,3,1,2,9,7,1,1,33,1,2,0
6,3,8,2006,3,1,1,2,2,1,1,1,1,1,1,1,1,2,14,6,1,1,33,2,2,0
9,3,1,2006,3,1,1,2,2,1,1,1,1,1,1,3,1,2,18,6,1,1,33,2,2,0
11,16,1,2006,3,1,1,1,2,1,1,1,1,1,1,1,1,2,7,6,2,3,33,2,2,1
11,16,5,2006,3,1,3,1,1,1,1,1,1,1,1,1,1,1,14,6,1,1,33,2,2,0
11,16,5,2006,3,1,1,1,2,1,1,1,1,1,1,1,1,1,16,6,1,7,33,2,2,1
11,16,5,2006,3,1,1,2,1,1,1,1,1,1,1,1,1,2,9,6,1,1,33,2,2,0
11,16,6,2006,3,7,8,2,1,1,1,1,1,1,1,1,1,1,9,6,1,1,33,2,2,2
10,16,1,2006,1,1,1,2,2,1,2,3,1,1,2,1,2,1,14,11,1,1,29,2,2,0
10,16,1,2006,3,2,1,2,2,1,1,1,1,1,1,1,1,2,10,6,1,1,40,2,2,1
10,16,4,2006,1,7,1,1,2,1,4,1,1,1,1,1,2,2,9,4,1,1,33,2,2,0
10,16,8,2006,1,1,1,2,1,4,4,2,1,1,1,1,1,1,9,4,1,1,33,2,2,0
9,16,3,2006,2,2,3,2,2,1,1,1,1,1,1,1,1,1,13,6,1,1,33,2,2,0
9,16,3,2006,2,7,3,2,1,1,1,1,1,1,1,1,1,2,9,2,1,1,33,2,2,0
7,16,8,2006,2,1,1,1,2,1,1,2,1,1,1,1,1,1,14,3,1,7,45,2,2,0
1,15,5,2006,1,1,1,2,2,1,4,1,1,1,1,1,2,1,14,5,1,1,30,2,2,0
1,15,6,2006,2,1,1,2,2,1,1,1,1,1,1,1,1,1,8,6,1,7,33,2,2,0
1,15,6,2006,2,1,1,2,2,1,1,1,1,1,1,1,1,2,14,5,1,7,33,2,2,0
1,15,7,2006,3,1,1,2,2,1,1,1,1,1,1,1,1,1,14,6,1,3,37,2,2,3
3,15,1,2006,2,7,1,2,1,1,1,1,1,1,1,1,1,2,14,1,1,1,30,2,0,0
3,15,6,2006,2,7,8,2,2,1,2,2,1,1,1,1,1,2,13,4,1,7,33,2,2,0
3,15,3,2006,1,1,8,2,2,1,4,1,1,1,1,1,1,2,13,5,1,1,33,2,2,0
6,15,2,2006,2,2,1,2,2,4,1,1,1,1,1,1,1,2,14,6,1,1,45,2,2,3
6,15,5,2006,2,7,1,1,2,1,1,1,1,1,1,1,1,2,13,5,1,7,33,2,2,0
6,15,6,2006,2,7,8,2,2,1,1,1,1,1,1,1,1,2,9,11,1,1,33,2,2,0
4,15,4,2006,2,2,1,2,2,1,1,1,1,1,1,1,1,1,8,2,1,1,30,2,2,1
1,7,2,2006,4,1,1,2,2,1,2,1,1,1,1,2,1,1,9,6,1,1,33,2,2,0
1,7,4,2006,3,7,1,2,2,1,1,1,1,1,1,3,1,1,14,5,1,1,42,2,2,1
1,7,6,2006,3,7,8,2,2,1,1,1,1,1,1,5,1,1,14,11,1,1,28,2,2,0
1,7,9,2006,3,1,1,2,2,1,1,1,1,1,1,1,1,2,8,11,1,1,34,2,2,0
1,7,12,2006,2,7,3,2,2,1,1,1,1,1,1,3,1,1,14,6,1,7,40,2,2,1
8,7,6,2006,2,2,1,1,1,1,1,1,1,1,1,2,2,1,14,5,1,7,33,2,2,0
10,7,3,2006,3,1,1,2,2,1,1,1,1,1,1,3,1,2,9,5,1,1,33,2,2,0
4,7,6,2006,3,3,1,1,2,2,1,2,2,1,1,3,1,1,4,2,1,1,45,2,2,1
7,7,10,2006,3,7,1,2,2,1,1,1,1,1,1,2,1,2,8,4,1,7,32,2,2,2
5,5,1,2006,3,1,1,2,2,1,1,1,1,1,1,1,1,2,4,11,1,1,24,2,2,1
5,5,2,2006,2,1,2,2,1,1,1,1,1,1,1,1,2,2,4,5,1,1,33,2,2,0
7,17,1,2006,4,1,1,2,1,4,4,1,1,1,3,3,2,1,4,11,1,1,35,2,2,0
1,1,1,2006,2,1,1,2,2,1,1,1,1,1,1,1,1,2,8,6,1,1,30,2,2,0
1,1,3,2006,4,1,1,2,2,1,4,1,1,1,1,1,1,1,4,5,1,1,35,2,2,1
1,1,11,2006,3,1,1,2,1,1,1,1,1,1,1,1,1,2,13,5,1,1,35,2,2,0
1,4,1,2006,2,1,1,2,2,1,1,1,1,1,1,4,1,2,4,6,1,1,42,2,2,1
6,11,1,2006,3,3,1,2,2,1,1,1,1,1,1,3,1,2,14,1,1,1,38,2,2,0
6,11,2,2006,3,1,1,2,2,1,1,1,1,1,1,2,2,2,12,11,1,1,37,2,2,3
6,11,2,2006,4,2,1,2,2,1,2,1,1,1,1,1,3,2,13,5,2,7,33,1,2,0
5,11,2,2006,2,1,1,2,2,1,1,1,1,1,1,2,1,2,4,6,1,1,22,2,2,0
5,11,3,2006,4,1,1,2,2,1,2,1,1,1,1,1,1,2,13,4,1,7,33,1,2,0
12,3,11,2006,3,3,1,2,2,1,1,2,1,1,1,2,1,2,4,5,1,1,45,2,2,0
9,16,11,2006,4,3,1,2,2,4,4,1,1,1,1,2,2,2,13,6,1,7,48,1,2,0
1,15,11,2006,4,1,1,2,2,1,2,1,1,1,1,1,1,2,4,6,1,1,32,2,2,0
10,16,1,2006,3,1,5,2,1,1,1,1,1,1,1,1,1,2,12,6,1,1,33,2,2,0
6,16,3,2006,3,1,1,2,2,1,1,1,1,1,1,1,1,2,14,5,1,1,45,2,2,3
12,9,6,2006,1,1,1,2,1,2,2,1,1,1,1,1,1,2,14,6,1,1,35,2,2,0
1,17,3,2006,3,1,1,2,2,1,1,1,1,1,1,1,1,2,13,7,1,1,32,2,2,3
1,17,10,2006,3,1,2,2,1,1,1,1,1,1,1,1,1,1,14,6,1,1,38,2,2,0
7,17,12,2006,2,1,4,2,1,2,2,1,1,1,1,1,1,2,9,5,2,1,33,1,2,0
10,17,4,2006,3,7,8,1,2,1,1,1,1,1,1,3,1,2,9,6,2,7,33,2,2,0
10,17,11,2006,4,7,8,2,2,1,4,1,1,1,1,1,1,2,14,6,2,7,45,2,2,1
8,17,12,2006,2,1,1,2,2,1,1,1,1,1,1,3,1,2,14,6,2,1,32,2,2,0
3,6,12,2006,2,1,1,2,2,4,1,2,1,1,1,2,1,2,14,6,1,1,33,2,2,0
12,9,5,2006,2,7,1,2,1,1,1,2,1,1,1,1,1,1,14,6,1,7,33,1,2,0
1,11,5,2006,3,1,1,2,2,1,1,1,1,1,1,2,1,2,14,6,1,1,33,1,2,0
1,11,5,2006,3,1,1,2,2,1,1,1,1,1,1,3,3,2,14,4,1,1,32,2,2,0
1,11,8,2006,3,1,1,1,2,1,1,1,1,1,1,2,1,2,7,6,2,1,33,1,2,0
1,11,9,2006,3,1,1,2,2,1,1,1,1,1,1,2,1,2,14,6,1,1,33,1,2,0
1,11,10,2006,2,1,8,2,2,1,1,1,1,1,1,1,1,1,5,6,1,7,26,1,2,1
1,11,10,2006,4,1,1,2,2,1,2,1,1,1,1,2,1,2,9,6,1,7,33,1,2,0
1,11,11,2006,3,1,1,2,1,1,1,1,1,1,1,2,1,2,17,1,1,1,25,1,2,0
2,11,3,2006,3,7,8,1,2,1,1,1,1,1,2,3,1,2,19,6,2,7,20,1,2,0
3,11,12,2006,3,7,1,2,2,1,1,1,1,1,1,3,1,2,7,6,1,1,30,2,2,0
6,11,5,2006,2,3,1,2,2,1,1,1,1,1,1,3,1,2,14,4,1,1,35,2,2,1
6,11,5,2006,3,1,1,2,2,1,1,1,1,1,1,3,2,2,14,4,1,7,33,2,2,0
6,11,10,2006,3,7,1,2,2,1,1,1,1,1,2,4,1,2,13,6,1,7,33,1,2,0
6,11,11,2006,2,7,1,2,2,1,1,1,1,1,1,2,1,2,9,6,1,7,33,2,2,0
8,11,11,2006,3,7,1,2,2,1,1,1,1,1,1,4,1,1,14,11,2,7,33,1,2,0