Thana,District,Month,Year,Time,Junction_Type,Traffic_Control,Movement,Divider,Weather,Light,Road_Geometry,Surface_Condition,Surface_Type,Surface_Quality,Road_Class,Road_Feature,Location_Type,Vehicle_Type,Vehicle_Movement,Vehicle_Loading,Vehicle_Defect,Vehicle_Driver_Age,Vehicle_Alcohol,Vehicle_Seat_Belt,Accident_Severity
4,11,12,2006,2,3,1,2,2,1,1,1,1,1,1,2,1,2,17,11,2,1,48,2,2,1
10,7,8,2006,2,7,1,2,2,1,1,1,1,1,1,1,1,2,8,6,1,1,33,2,2,0
9,7,8,2006,2,7,8,1,2,1,1,1,1,1,1,3,1,2,6,6,1,7,33,2,2,0
1,15,8,2006,3,1,1,2,2,1,1,1,1,1,1,1,1,2,14,6,1,1,35,2,2,0
6,15,8,2006,2,5,3,2,2,1,1,1,1,1,1,1,1,2,7,4,2,1,33,1,2,1
11,3,4,2006,2,1,7,2,2,1,1,1,1,1,1,4,1,2,6,11,1,7,33,2,2,0
1,8,5,2006,2,1,1,2,2,1,1,1,1,1,1,3,1,2,9,6,1,7,33,2,2,0
1,8,8,2006,3,1,1,1,1,1,1,1,1,1,1,1,1,2,13,5,1,1,38,1,1,0
1,8,12,2006,2,1,1,1,1,1,1,1,1,1,1,1,1,2,9,6,1,1,33,1,1,0
1,8,12,2006,2,1,1,2,2,1,1,1,1,1,1,2,1,1,17,6,1,1,33,2,2,0
7,8,6,2006,4,7,8,2,2,1,4,1,1,1,1,3,1,2,7,6,1,5,33,1,2,0
7,8,6,2006,3,5,8,2,2,1,1,2,1,1,1,3,1,2,14,2,1,7,33,2,2,0
7,8,7,2006,3,1,8,2,2,1,1,1,1,1,1,3,1,2,8,8,1,1,32,2,2,0
4,8,12,2006,3,2,1,2,2,3,1,1,1,1,1,1,1,1,9,6,1,7,35,2,2,0
3,8,10,2006,3,7,1,2,1,1,1,1,1,1,1,1,1,1,14,6,1,7,25,2,2,1
3,8,12,2006,4,1,1,2,1,1,2,1,1,1,1,4,1,1,4,6,1,7,33,2,2,0
6,8,6,2006,3,1,1,1,2,1,1,1,1,1,1,1,1,2,14,6,1,7,33,2,2,1
1,5,5,2006,4,3,4,2,2,1,4,1,1,1,1,1,1,1,9,6,1,1,33,1,2,0
1,5,5,2006,3,1,1,2,2,1,1,1,1,1,1,1,1,2,1,6,1,1,33,2,2,0
1,5,5,2006,3,1,1,2,2,1,1,1,1,1,1,1,1,2,9,6,1,1,39,2,2,0
1,5,6,2006,2,1,1,2,2,1,1,1,1,1,1,1,1,2,7,10,1,1,48,2,2,0
1,5,7,2006,3,1,1,2,1,1,1,1,1,1,1,1,1,1,7,6,1,1,30,2,2,0
1,5,9,2006,3,2,1,2,2,1,1,1,5,1,1,2,1,1,1,6,1,1,33,2,2,1
1,5,11,2006,2,3,1,2,2,1,1,1,1,1,1,1,1,1,14,6,1,1,33,2,2,0
1,5,11,2006,3,1,1,2,2,1,1,1,1,1,1,1,1,1,14,4,1,2,33,2,2,0
1,5,12,2006,3,1,1,2,2,4,1,1,2,1,1,3,4,2,14,5,1,1,33,2,2,0
1,5,12,2006,2,1,1,2,2,1,1,1,1,1,1,2,1,1,8,5,1,1,33,2,2,0
5,5,5,2006,2,1,1,2,2,1,1,1,1,1,1,1,1,2,14,5,2,1,33,2,2,0
5,5,5,2006,2,1,1,2,2,1,1,1,1,1,1,1,1,2,9,5,1,1,33,1,2,1
5,5,5,2006,3,1,1,2,2,1,1,1,1,1,1,1,1,1,14,5,1,1,33,1,2,0
5,5,5,2006,3,1,1,2,2,1,1,1,1,1,1,1,1,2,14,6,1,1,33,1,2,0
5,5,6,2006,3,1,1,2,2,1,1,1,1,1,1,1,1,2,9,6,1,1,33,1,2,0
5,5,6,2006,4,1,1,2,2,1,4,1,1,1,1,1,1,2,14,5,1,1,33,1,2,0
5,5,10,2006,4,1,1,2,2,1,2,1,1,1,1,1,1,2,9,6,1,1,33,1,2,0
6,5,9,2006,3,1,1,2,2,1,1,1,1,1,1,2,1,2,9,6,1,1,53,2,2,0
7,5,10,2006,3,1,1,2,1,1,1,1,1,1,1,3,1,2,14,6,1,1,33,2,2,0
2,5,1,2006,3,1,1,2,1,1,1,2,1,1,3,1,2,1,4,1,1,1,33,2,2,0
2,5,6,2006,2,1,1,2,1,1,1,1,1,1,1,3,1,1,14,6,1,1,45,2,2,0
8,5,12,2006,2,1,3,2,2,1,1,1,1,1,1,1,1,1,14,6,1,1,33,1,2,1
5,4,2,2006,4,1,1,2,2,1,2,1,1,1,2,2,1,2,9,6,1,1,48,2,2,0
5,4,2,2006,2,1,1,2,2,1,1,1,1,1,1,2,1,2,13,6,1,1,32,2,2,0
1,2,5,2006,3,1,1,2,2,1,1,1,1,1,1,1,1,2,9,5,1,1,33,2,2,0
11,15,11,2006,3,1,1,2,2,1,1,1,1,1,1,1,1,2,9,6,1,1,33,2,2,0
5,2,7,2006,3,3,1,2,2,1,1,1,1,1,1,2,1,2,4,6,1,1,26,2,2,0
1,1,3,2006,2,1,1,2,2,1,1,1,1,1,1,1,1,1,14,6,1,1,33,2,2,1
1,1,3,2006,2,1,1,2,2,1,1,1,1,1,1,1,1,2,14,6,1,1,33,2,2,0
1,1,5,2006,3,1,1,2,2,1,1,1,1,1,1,1,1,1,14,6,1,1,40,2,2,0
3,1,4,2006,3,1,1,2,2,1,1,1,1,1,1,4,1,2,17,6,1,1,26,2,2,0
5,1,6,2006,2,1,1,2,2,1,1,1,1,1,1,1,1,2,12,5,2,1,33,2,2,0
5,1,10,2006,3,1,1,2,2,1,1,1,1,1,1,1,1,2,14,6,1,1,33,2,2,0
2,1,9,2006,3,1,1,2,2,1,1,1,1,1,2,3,1,2,8,6,1,1,35,2,2,1
2,6,1,2006,2,1,1,2,2,1,1,2,1,1,2,2,1,2,9,6,1,1,35,2,2,2
4,6,4,2006,4,1,1,2,2,1,4,2,1,1,2,1,1,2,7,6,1,1,33,2,2,0
5,6,7,2006,3,1,1,2,1,1,1,1,1,1,1,2,1,1,17,6,1,1,33,2,2,3
5,5,11,2006,3,1,1,2,2,1,1,1,1,1,1,1,1,2,9,6,1,1,33,2,2,0
6,5,5,2006,1,1,1,2,2,2,2,1,2,1,2,1,1,2,9,6,1,1,58,2,2,0
6,5,10,2006,3,1,1,2,2,1,1,1,1,1,1,1,1,2,7,6,1,1,33,2,2,0
8,5,4,2006,4,1,1,2,2,1,2,1,1,1,1,1,1,2,9,5,1,1,41,2,2,1
8,5,5,2006,4,2,1,2,2,1,4,1,1,1,1,1,1,2,4,6,1,1,33,2,2,0
2,5,9,2006,3,1,1,2,2,1,1,1,1,1,1,3,1,2,17,6,1,1,33,2,2,0
4,3,6,2006,2,7,8,2,1,1,1,2,1,1,1,1,1,2,8,1,1,1,33,2,2,0
1,3,10,2006,3,1,1,1,2,1,1,1,1,1,1,4,1,2,6,5,1,7,33,2,2,0
2,3,8,2006,2,7,8,1,2,1,1,1,1,1,1,2,1,1,6,6,1,7,30,1,2,0
13,3,9,2006,1,7,1,2,2,1,2,1,1,1,1,2,1,2,14,6,1,1,26,2,2,0
1,8,1,2006,2,1,1,2,2,1,1,1,1,1,1,2,4,1,9,6,1,1,40,2,2,0
1,8,2,2006,1,1,1,2,2,4,2,1,1,1,1,5,1,1,9,6,1,1,33,2,2,0
4,8,1,2006,1,1,1,2,2,1,4,1,1,1,1,1,1,2,9,6,1,1,33,2,2,0
3,8,9,2006,2,1,1,2,2,1,1,1,1,1,1,1,1,1,9,6,1,1,33,2,2,1
3,8,10,2006,4,1,1,2,1,1,2,1,1,1,1,1,1,1,7,6,1,1,46,2,2,0
1,2,11,2006,3,1,1,2,2,1,1,1,1,1,1,1,1,2,9,6,1,1,33,2,2,0
12,9,5,2006,1,1,1,2,2,1,2,1,1,1,1,1,1,2,9,4,1,1,33,2,2,1
10,9,2,2006,3,1,1,2,2,1,1,1,1,1,2,1,1,2,6,4,2,1,33,2,2,0
10,9,6,2006,1,1,1,2,2,1,4,1,1,1,2,1,1,2,19,6,1,1,30,2,2,1
11,9,3,2006,2,3,1,2,2,1,1,1,1,1,1,1,1,2,13,2,1,1,25,2,2,0
11,9,11,2006,1,1,1,2,2,4,4,1,1,1,1,1,1,2,14,10,1,1,30,2,2,0
2,9,12,2006,2,1,1,1,1,1,1,1,1,1,1,2,1,1,9,6,1,1,36,2,2,0
5,11,7,2006,4,1,1,2,2,1,4,1,1,1,1,3,1,2,14,6,1,1,33,2,2,1
8,11,3,2006,2,1,1,2,2,1,1,1,1,1,1,2,1,2,13,6,1,1,33,2,2,0
4,11,2,2006,3,1,1,2,2,1,1,1,1,1,1,2,1,2,19,6,2,6,33,2,2,0
5,11,1,2006,2,1,1,2,2,1,1,1,1,1,1,2,1,2,9,1,1,1,33,2,2,0
1,12,5,2006,4,1,1,2,2,1,4,2,1,1,1,3,1,2,14,2,1,1,33,2,2,1
3,12,3,2006,2,1,1,2,2,1,1,1,1,1,1,3,1,2,17,6,1,1,33,2,2,0
3,12,2,2006,2,1,1,2,2,1,1,1,1,1,1,3,1,2,14,6,1,1,33,2,2,0
8,13,1,2006,2,1,1,2,2,1,1,1,1,1,1,1,1,2,14,6,1,1,33,2,2,3
3,17,10,2006,3,1,1,2,2,1,1,1,1,1,1,1,1,2,14,2,1,1,33,2,2,0
9,17,1,2006,2,1,1,1,1,1,1,1,1,1,2,4,1,2,8,6,1,1,33,2,2,0
3,15,9,2006,3,1,1,2,2,1,1,1,1,1,1,1,1,2,4,6,1,1,33,2,2,2
5,15,3,2006,3,1,1,2,2,1,1,1,1,1,1,3,1,2,13,6,1,1,33,2,2,0
6,15,7,2006,3,1,1,2,2,1,1,1,1,1,1,3,1,2,8,6,1,1,33,2,2,1
3,15,7,2006,1,1,1,2,2,1,4,1,1,1,1,1,1,2,7,6,1,1,25,2,2,0
9,16,1,2006,2,1,1,2,2,1,1,1,1,1,1,1,1,1,13,6,1,1,33,2,2,0
6,16,11,2006,2,3,1,2,2,1,1,2,1,1,1,1,1,2,9,6,1,1,50,2,2,0
10,16,8,2006,3,1,1,2,2,1,1,1,1,1,1,1,1,2,9,3,1,1,35,2,2,0
4,14,2,2006,3,1,1,2,2,1,1,1,1,1,1,2,1,1,14,2,1,1,22,2,2,0
4,14,2,2006,4,3,1,2,1,1,3,1,1,1,3,5,1,1,13,6,1,1,33,2,2,0
4,14,3,2006,2,1,1,2,2,1,1,1,1,1,1,5,1,1,5,5,1,1,33,2,2,0
1,14,2,2006,3,1,1,2,2,1,1,1,1,1,1,2,1,1,9,6,1,4,33,2,2,0
4,14,8,2006,2,1,1,2,1,1,2,1,1,1,1,2,1,1,14,6,1,1,35,2,2,1
4,14,9,2006,2,1,1,2,2,1,1,1,1,2,1,2,1,2,13,6,1,1,45,2,2,0
2,14,10,2006,2,3,2,2,1,1,1,1,1,1,1,1,1,1,8,5,1,6,28,2,2,0
2,14,5,2006,3,1,1,2,2,1,1,2,1,1,1,1,1,1,9,6,1,1,26,2,2,0
2,14,8,2006,1,1,1,2,2,2,4,1,2,1,1,1,1,2,9,6,2,1,33,1,2,0
1,14,2,2006,3,1,1,2,1,1,1,1,1,1,1,5,1,1,14,6,1,1,34,1,2,0
1,14,6,2006,2,1,1,2,2,1,1,1,1,1,1,5,1,1,10,5,1,1,40,2,2,3
1,14,7,2006,4,3,1,2,2,1,2,1,1,1,1,2,1,1,8,6,1,1,39,2,2,1
1,14,12,2006,4,1,1,2,2,1,4,1,1,1,1,1,1,1,9,6,1,1,33,2,2,0
3,56,1,2006,4,1,2,2,2,4,2,1,1,1,1,1,1,2,14,6,1,2,33,1,2,2
3,53,1,2006,4,7,4,2,2,1,3,1,1,1,1,3,1,2,13,6,1,2,33,2,2,0
9,56,1,2006,3,1,2,1,2,1,1,1,1,1,1,1,1,2,10,6,1,2,33,1,0,1
4,55,2,2006,2,1,1,2,2,1,1,2,1,1,1,2,1,2,13,1,1,2,35,1,0,1
5,54,1,2006,2,2,2,2,2,1,1,1,1,1,1,4,1,1,17,6,2,2,33,1,0,0
13,54,1,2006,3,1,1,2,2,1,1,1,1,1,1,1,1,2,9,5,1,2,42,2,2,0
7,54,3,2006,3,7,1,2,2,1,1,1,1,1,1,3,1,2,6,1,1,2,33,1,0,0
1,54,2,2006,3,2,2,1,1,1,1,1,1,1,1,2,1,1,14,11,1,1,25,1,0,2
1,54,1,2006,2,7,1,2,1,1,1,1,1,1,3,3,1,1,13,6,1,2,33,1,0,3
1,54,1,2006,3,5,1,2,2,1,1,2,1,1,1,3,1,2,11,1,1,2,30,1,0,3
6,55,5,2006,2,1,1,2,2,1,1,1,1,1,1,4,1,2,13,6,1,1,27,2,2,1
8,56,7,2006,2,1,1,2,2,1,1,1,1,1,1,1,1,2,10,6,1,1,26,2,2,1
3,56,9,2006,1,1,1,2,1,1,2,1,1,1,1,1,1,2,14,6,1,7,33,1,2,1
3,53,9,2006,4,1,2,2,2,1,4,2,1,1,1,4,1,2,5,1,1,2,18,2,2,0
13,54,6,2006,3,2,1,2,2,1,1,1,1,1,1,1,2,1,14,6,1,2,33,1,0,0
12,54,7,2006,2,2,1,2,2,1,1,1,1,1,1,1,1,1,8,6,1,1,33,1,0,0
6,54,9,2006,4,1,1,2,2,1,4,1,1,1,1,5,1,2,14,4,1,2,33,1,0,0
3,53,11,2006,2,1,1,1,1,1,1,1,1,1,1,3,1,2,6,6,1,1,24,2,2,0
3,53,11,2006,2,3,1,2,2,1,1,1,1,1,1,4,1,2,8,6,1,1,27,2,0,0
4,55,10,2006,2,1,1,2,2,1,1,1,1,1,1,3,1,2,14,6,1,2,50,2,2,0
6,55,10,2006,3,1,1,2,2,1,1,1,1,1,1,1,1,2,12,11,1,1,33,1,0,0
7,54,10,2006,3,1,1,1,1,1,1,1,1,1,2,2,1,2,5,6,1,7,33,2,2,0
1,53,12,2006,4,7,8,2,2,1,4,1,1,1,1,2,1,1,8,6,1,2,33,1,0,2
7,55,11,2006,4,2,2,1,2,1,1,1,1,1,1,3,1,2,9,6,1,2,35,1,0,0
8,54,10,2006,3,2,1,2,2,1,1,2,1,1,1,4,1,2,13,6,1,2,35,1,0,0
2,28,8,2006,3,7,2,2,2,1,1,1,1,1,1,5,1,1,14,6,1,1,30,2,2,1
1,28,4,2006,2,2,4,2,2,1,1,1,1,1,1,3,1,1,14,3,1,1,35,2,2,0
2,28,8,2006,3,7,2,2,2,1,1,1,1,1,1,5,1,1,14,6,1,1,30,2,1,1
3,28,1,2006,2,7,8,2,2,1,1,1,1,2,1,5,1,1,7,11,2,7,25,2,2,1
4,28,8,2006,4,7,8,1,1,1,3,1,1,1,1,1,1,1,9,6,1,7,33,1,2,3
4,28,9,2006,4,4,1,2,2,1,3,1,1,1,1,1,1,1,9,1,1,1,40,1,2,1
2,31,2,2006,4,1,1,2,2,4,4,1,2,1,1,3,1,2,9,6,1,1,40,2,2,1
10,34,10,2006,2,3,1,2,2,1,2,1,1,1,1,1,1,2,14,6,1,1,33,2,2,0
7,63,1,2006,3,7,8,2,2,1,1,1,1,1,1,1,1,2,9,11,1,1,33,2,2,0
9,63,1,2006,1,1,1,2,1,1,1,1,1,1,1,3,1,2,13,1,1,1,33,2,2,0
7,63,8,2006,3,3,4,2,2,1,1,2,1,1,1,1,1,2,8,4,1,1,33,2,2,1
11,63,8,2006,2,1,1,2,2,1,1,1,1,1,1,4,1,2,9,6,1,1,45,2,2,0
14,63,6,2006,1,1,1,2,2,1,2,1,1,1,1,1,1,2,9,6,1,1,45,2,2,0
11,63,7,2006,3,2,1,1,2,2,1,1,2,1,1,1,1,2,12,6,1,1,33,2,2,0
12,47,2,2006,2,1,1,2,2,2,1,2,1,1,1,1,1,2,14,6,1,1,33,2,1,0
5,35,5,2006,2,1,1,2,2,1,1,1,1,1,1,3,1,2,9,6,1,1,33,2,2,0
9,51,3,2006,2,1,1,2,2,1,1,1,1,1,1,2,1,2,9,6,1,1,33,2,2,1
1,52,3,2006,2,1,1,2,2,1,1,1,1,1,1,5,1,1,6,6,1,1,22,2,2,1
3,49,5,2006,4,1,1,2,2,1,4,1,1,1,1,2,1,1,14,1,1,1,33,2,2,2
1,39,1,2006,3,1,1,2,2,1,1,1,1,1,1,3,1,2,9,6,1,1,30,2,2,3
1,39,5,2006,1,1,1,2,2,1,4,1,1,1,1,3,1,2,9,6,1,1,54,2,2,1
1,46,4,2006,2,1,1,2,2,1,1,1,1,1,1,1,1,2,14,6,1,1,33,2,2,0
7,41,1,2006,2,3,1,2,2,4,2,1,1,1,1,4,1,2,14,2,1,1,33,2,2,0
3,44,1,2006,1,1,1,2,2,1,4,1,1,1,1,1,1,2,14,6,1,1,33,2,2,0
7,44,2,2006,1,1,1,2,2,1,4,1,1,1,1,1,1,1,13,6,1,1,45,2,2,0
4,44,2,2006,2,1,1,2,2,1,1,1,1,1,1,2,1,2,8,6,1,1,33,2,2,0
5,44,3,2006,3,1,1,2,2,1,1,1,1,1,1,1,1,2,9,6,1,1,33,2,2,2
6,44,4,2006,2,1,1,2,2,1,2,1,1,1,1,3,1,2,14,5,1,1,33,2,2,0
5,44,4,2006,1,1,1,2,2,1,2,1,1,1,1,1,1,2,14,6,1,1,33,2,2,1
4,44,4,2006,3,1,1,2,2,1,1,1,1,1,1,2,1,2,16,6,1,1,30,2,2,1
6,44,5,2006,1,1,1,2,2,1,4,1,1,1,1,1,1,2,14,6,1,1,40,2,2,0
3,44,5,2006,2,1,1,2,2,1,1,1,1,1,1,1,1,2,14,6,1,1,40,2,2,0
6,46,7,2006,3,1,1,2,2,1,1,1,1,1,1,3,1,2,10,6,1,1,33,2,2,1
1,45,1,2006,3,1,1,2,2,1,1,1,1,1,1,1,1,2,12,6,1,1,35,2,2,1
1,45,7,2006,3,1,1,2,2,1,1,1,1,1,1,1,1,2,4,6,1,1,45,2,2,1
1,47,3,2006,3,1,1,2,2,1,1,1,1,1,1,1,1,2,14,6,1,1,30,2,2,0
1,47,3,2006,3,1,1,2,2,1,1,1,1,1,1,1,1,2,9,4,1,1,33,2,2,0
12,47,4,2006,3,1,1,2,2,1,1,1,1,1,1,1,1,2,9,5,1,1,33,2,2,1
6,40,5,2006,3,1,1,2,2,1,1,1,1,1,1,1,1,2,9,6,1,1,33,2,2,2
1,40,5,2006,2,1,1,2,2,1,1,1,1,1,1,1,1,2,12,6,1,1,30,2,2,1
3,40,5,2006,3,1,1,2,2,1,1,1,1,1,1,1,1,2,10,6,1,1,32,2,2,0
8,47,5,2006,1,1,1,2,2,1,4,1,1,1,1,1,1,2,14,6,1,1,30,2,2,1
1,47,5,2006,2,1,1,2,2,1,1,1,1,1,1,1,1,2,4,6,1,1,33,2,2,0
11,47,5,2006,3,1,1,2,2,1,1,1,1,1,1,3,1,2,9,4,1,1,38,2,2,1
9,47,5,2006,3,1,1,2,2,1,1,1,1,1,1,1,1,2,14,7,1,1,40,2,2,1
11,47,6,2006,3,1,1,2,2,1,1,1,1,1,1,3,1,2,9,1,1,1,40,2,2,0
12,47,6,2006,2,1,1,2,2,1,1,1,1,1,1,1,1,2,9,6,1,1,33,2,2,1
9,47,7,2006,3,1,1,2,2,1,1,1,1,1,1,1,1,2,9,6,1,1,34,2,2,1
1,44,7,2006,3,1,1,2,2,1,1,1,1,1,1,5,1,1,6,6,1,1,30,2,2,0
6,44,7,2006,1,1,1,2,2,1,2,1,1,1,1,1,1,2,15,6,1,1,52,2,2,0
7,44,7,2006,2,1,1,2,2,1,1,1,1,1,1,1,1,1,14,6,1,1,33,2,2,1
5,44,7,2006,4,1,1,2,2,1,3,1,1,1,1,1,1,2,12,10,1,1,33,2,2,1
7,41,3,2006,3,1,1,2,2,1,1,1,1,1,1,2,1,2,9,6,1,1,33,2,2,1
1,46,8,2006,1,1,1,2,2,1,2,1,1,1,1,1,1,2,9,6,1,1,33,2,2,0
1,46,8,2006,3,1,1,2,2,1,1,1,1,1,1,1,1,2,2,6,1,1,33,2,2,0
3,46,8,2006,2,1,1,2,2,1,1,1,1,1,1,3,1,2,14,2,1,1,50,2,2,1
1,46,10,2006,3,1,1,2,2,1,1,1,1,1,1,1,1,2,9,6,1,1,33,2,2,0
5,46,10,2006,2,1,1,2,2,1,1,1,1,1,1,1,1,2,14,6,1,1,35,2,2,1
5,46,10,2006,2,1,1,2,2,1,2,1,1,1,1,1,1,2,9,6,1,1,33,2,2,0
3,40,10,2006,1,1,1,2,2,1,4,1,1,1,1,1,1,2,14,6,1,1,35,2,2,0
6,40,10,2006,1,1,1,2,2,1,1,1,1,1,1,1,1,2,14,6,1,1,33,2,2,2
6,40,10,2006,1,1,1,2,2,1,4,1,1,1,1,1,1,2,9,6,1,1,33,2,2,0
6,40,10,2006,1,1,1,2,2,1,4,1,1,1,1,1,1,2,8,6,1,1,33,2,2,1
2,44,8,2006,2,1,1,2,2,1,2,1,1,1,1,1,1,2,14,5,1,1,33,2,2,0
1,47,10,2006,2,1,1,2,2,1,2,1,1,1,1,1,1,2,14,6,1,1,33,2,2,0
9,51,9,2006,3,1,1,2,2,1,2,1,1,1,1,2,1,2,14,6,1,1,33,2,2,2
6,51,9,2006,4,1,1,2,2,1,2,1,1,1,1,3,1,2,17,6,1,1,33,2,2,1
7,41,7,2006,2,1,1,2,2,1,1,1,1,1,1,1,1,2,9,6,1,1,30,2,2,0
7,41,7,2006,3,1,1,2,2,1,1,1,1,1,1,3,1,2,14,6,1,1,35,2,2,1
1,41,10,2006,3,1,1,2,2,1,1,1,1,1,1,1,1,2,14,6,1,1,50,2,2,0
5,43,1,2006,2,1,1,2,2,1,1,1,1,1,1,3,1,2,6,6,1,1,33,2,2,2
2,43,2,2006,2,1,1,2,2,1,1,1,1,1,1,1,1,2,8,6,1,1,33,2,2,0
2,43,3,2006,2,1,1,2,2,1,1,1,1,1,1,1,1,2,9,6,1,1,33,2,2,2
2,43,5,2006,3,1,1,2,2,1,1,1,1,1,1,1,1,2,8,6,1,1,33,2,2,0
1,43,6,2006,4,1,1,2,2,1,1,1,1,1,1,3,1,2,9,6,1,1,25,2,2,1
5,43,7,2006,2,1,1,2,2,1,1,1,1,1,1,1,1,2,12,6,1,1,33,2,2,1
2,43,8,2006,2,1,1,2,2,1,1,1,1,1,1,1,1,2,14,6,1,1,33,2,2,0
4,43,10,2006,2,1,1,2,2,1,1,1,1,1,1,1,1,2,9,6,1,1,33,2,2,1
5,50,4,2006,3,1,1,2,2,1,1,1,1,1,1,3,1,2,9,6,1,1,40,2,2,0
2,50,10,2006,4,1,1,2,2,1,1,1,1,1,1,1,1,2,9,6,1,1,33,2,2,1
1,38,7,2006,5,1,1,2,2,1,1,1,1,1,1,3,1,2,8,6,1,1,33,2,2,0
6,38,9,2006,4,1,1,2,2,1,4,1,1,1,1,1,1,2,9,6,1,1,33,2,2,0
6,38,10,2006,1,1,1,2,2,1,1,1,1,1,1,1,1,2,9,6,1,1,33,2,2,0
2,50,11,2006,2,1,1,2,2,1,1,1,1,1,1,1,1,2,9,6,1,1,33,2,2,0
1,38,11,2006,4,1,1,2,2,1,2,1,1,1,1,1,1,2,10,10,1,1,30,2,2,1
5,44,9,2006,1,1,1,2,2,1,4,1,1,1,1,1,1,2,14,2,1,1,33,2,2,1
5,44,9,2006,3,1,1,2,2,1,1,1,1,1,1,1,1,2,9,6,1,1,33,2,2,1
6,44,10,2006,4,1,1,2,2,1,4,1,1,1,1,2,1,2,5,1,1,1,33,2,2,0
7,44,10,2006,4,1,1,2,2,1,4,1,1,1,1,1,1,2,9,6,1,1,35,2,2,0
1,41,11,2006,2,1,1,2,2,1,2,1,1,1,1,1,1,2,14,6,1,1,33,2,2,2
7,41,11,2006,3,1,1,2,1,1,1,1,1,1,1,2,1,1,9,6,1,1,33,2,2,1
4,43,12,2006,2,1,1,2,2,1,1,1,1,1,1,1,1,2,9,6,1,1,33,2,2,2
2,43,12,2006,2,1,1,2,2,1,1,1,1,1,1,1,1,2,9,6,1,1,33,2,2,2
2,43,12,2006,3,1,1,2,2,1,1,1,1,1,1,1,1,2,14,6,1,1,33,2,2,0
3,51,12,2006,4,1,1,2,2,1,4,1,1,1,1,3,1,2,9,6,1,1,40,2,2,0
3,39,12,2006,3,1,1,2,2,1,1,1,1,1,1,1,1,2,14,6,1,1,45,2,2,0
12,50,12,2006,3,1,1,2,2,1,1,1,1,1,1,1,1,2,9,6,1,1,33,2,2,1
9,50,12,2006,2,1,1,2,2,1,1,1,1,1,1,2,1,2,9,6,1,1,40,2,2,3
6,40,12,2006,3,1,1,2,2,1,1,1,1,1,1,1,1,2,13,6,1,1,33,2,2,0
12,47,12,2006,2,1,1,2,2,1,1,1,1,1,1,1,1,2,14,6,1,1,45,2,2,0
9,47,12,2006,1,1,1,2,2,1,2,1,1,1,1,1,1,2,13,6,1,1,39,2,2,0
1,46,11,2006,2,1,1,2,2,1,1,1,1,1,1,1,1,2,14,6,1,1,33,2,2,0
1,46,11,2006,1,1,1,2,2,1,2,1,1,1,1,1,1,2,9,6,1,1,33,2,2,0
2,46,4,2006,1,1,1,2,2,1,3,1,1,1,1,1,1,2,7,6,1,1,45,2,2,1
3,46,4,2006,2,1,1,2,2,1,1,1,1,1,1,2,1,2,6,6,1,1,33,2,2,0
3,46,8,2006,2,1,1,2,2,1,1,1,1,1,1,2,1,2,14,6,1,1,33,2,2,2
4,35,12,2006,4,1,1,2,2,1,4,1,1,1,1,1,1,2,9,6,1,1,33,2,2,0
9,42,4,2006,1,1,4,2,1,1,3,1,1,1,1,5,1,1,12,6,1,1,33,2,2,1
6,42,4,2006,2,1,1,2,2,1,1,1,1,1,1,5,1,1,14,6,1,2,33,1,2,0
29,42,12,2006,3,1,1,1,1,1,1,1,1,1,1,5,1,1,10,6,1,2,33,1,0,2
24,42,1,2006,3,1,1,2,2,1,1,1,1,1,1,1,1,1,9,6,1,2,28,1,2,1
24,42,7,2006,4,1,1,2,2,1,3,1,1,1,1,1,1,1,10,6,1,2,33,1,0,0
6,42,12,2006,1,1,1,2,2,4,2,1,1,1,1,5,1,1,14,6,2,1,33,2,2,0
18,42,12,2006,1,3,1,1,1,1,3,1,1,1,1,5,1,1,14,6,1,2,33,1,2,1
28,42,8,2006,2,2,1,1,1,1,1,1,1,1,1,5,1,1,14,6,1,2,33,1,2,1
25,42,1,2006,4,1,1,2,2,1,3,1,1,1,1,5,1,1,9,6,1,2,33,1,2,0
25,42,5,2006,2,1,1,2,2,1,1,1,1,1,1,5,1,1,10,6,1,2,33,1,2,0
23,42,8,2006,2,3,4,1,1,1,1,1,1,1,1,1,1,1,9,6,1,2,25,1,2,1
6,5,2,2006,3,1,1,2,2,1,1,1,1,1,1,1,1,2,9,6,1,1,33,2,2,0
2,31,4,2006,4,7,7,2,2,1,2,1,1,1,1,2,1,2,6,10,1,1,40,2,2,0
4,34,6,2006,3,1,1,2,2,1,1,2,1,1,1,1,1,2,8,2,1,1,35,2,2,1
17,42,1,2006,4,2,6,1,1,1,3,1,1,1,1,5,1,1,14,6,1,1,33,2,2,2
9,42,2,2006,3,1,1,1,1,1,1,1,1,1,1,5,1,1,12,6,1,1,33,2,2,2
2,42,1,2006,3,3,1,1,1,1,1,1,1,1,1,5,1,1,9,6,1,1,33,2,2,2
12,42,1,2006,4,1,1,2,1,1,3,1,1,1,1,5,1,1,9,6,1,1,33,2,2,2
17,42,5,2006,2,1,4,1,1,1,1,1,1,1,1,5,1,1,10,6,1,2,33,1,0,2
8,42,4,2006,3,1,4,1,1,1,1,1,1,1,1,5,1,1,19,6,1,2,33,1,0,1
1,42,2,2006,2,1,4,1,1,1,1,1,1,1,1,5,1,1,15,6,1,2,33,1,2,2
1,42,2,2006,2,1,4,1,1,1,1,1,1,1,1,5,1,1,9,6,1,2,33,1,2,2