Thana,District,Month,Year,Time,Junction_Type,Traffic_Control,Movement,Divider,Weather,Light,Road_Geometry,Surface_Condition,Surface_Type,Surface_Quality,Road_Class,Road_Feature,Location_Type,Vehicle_Type,Vehicle_Movement,Vehicle_Loading,Vehicle_Defect,Vehicle_Driver_Age,Vehicle_Alcohol,Vehicle_Seat_Belt,Accident_Severity
1,42,5,2006,3,1,4,1,1,1,1,1,1,1,1,5,1,1,9,6,1,2,33,1,2,2
1,42,5,2006,4,5,4,2,1,1,3,1,1,1,1,5,1,1,9,6,1,2,33,1,2,2
9,42,2,2006,4,4,2,2,1,3,1,1,1,1,1,5,1,1,11,6,1,1,40,2,2,2
9,42,4,2006,4,1,1,2,2,1,3,1,1,1,1,5,1,1,12,6,1,1,33,2,2,2
9,42,4,2006,4,1,4,2,1,1,1,3,1,1,1,5,1,1,8,6,1,1,33,2,2,2
9,42,5,2006,4,1,4,2,1,1,3,1,1,1,1,5,1,1,7,6,1,1,40,2,2,2
9,42,5,2006,3,3,4,2,1,1,1,1,1,1,1,5,1,1,10,6,1,1,33,2,2,2
6,42,6,2006,4,1,4,2,1,1,3,1,1,1,1,5,1,1,14,6,1,1,48,1,2,2
1,42,6,2006,3,1,1,1,1,1,1,1,1,1,1,5,1,1,8,6,1,2,28,1,2,1
1,42,6,2006,2,3,1,1,1,1,1,1,1,1,1,5,1,1,11,6,1,2,33,1,0,1
1,42,6,2006,4,2,4,1,1,1,3,1,1,1,1,5,1,1,9,6,1,2,33,1,2,2
1,42,6,2006,4,1,4,1,1,1,2,1,1,1,1,5,1,1,8,6,1,2,25,1,2,2
1,42,7,2006,3,1,1,1,1,1,1,1,1,1,1,5,1,1,10,6,1,2,50,1,0,2
1,42,7,2006,3,2,1,1,1,1,1,1,1,1,1,5,1,1,11,6,1,2,33,1,2,2
12,42,2,2006,1,1,1,2,1,1,2,1,1,1,1,5,1,1,14,6,1,2,33,1,2,0
12,42,3,2006,4,1,1,2,1,1,3,1,1,1,1,5,1,1,15,6,1,2,33,1,2,0
12,42,3,2006,4,1,1,2,1,1,1,1,1,1,1,5,1,1,7,6,1,2,24,1,2,2
9,42,6,2006,2,3,4,1,1,1,1,1,1,1,1,5,1,1,8,6,1,2,33,1,2,2
9,42,8,2006,1,1,1,2,2,1,3,1,1,1,1,5,1,1,14,6,1,2,33,1,2,0
11,42,4,2006,2,3,4,2,1,1,1,1,1,1,1,5,1,1,8,6,1,1,34,2,2,1
11,42,7,2006,2,1,1,1,1,1,1,1,1,1,1,5,1,1,14,6,2,1,33,2,2,1
27,42,2,2006,2,2,1,1,1,1,1,1,1,1,1,5,1,1,7,6,1,7,28,2,2,2
2,42,3,2006,3,1,4,1,1,1,1,1,1,1,1,5,1,1,9,6,1,2,28,1,2,2
2,42,6,2006,4,1,1,1,1,1,3,1,1,1,1,5,1,1,9,6,1,2,30,1,2,1
1,42,8,2006,2,1,1,1,1,1,3,1,1,1,1,5,1,1,11,6,1,2,25,1,0,2
2,42,8,2006,3,2,4,1,1,1,1,1,1,1,1,5,1,1,8,6,1,2,33,1,2,1
1,42,9,2006,2,3,4,1,1,1,1,1,1,1,1,5,1,1,8,6,1,2,30,1,2,2
1,42,9,2006,1,1,1,1,1,1,3,1,1,1,1,5,1,1,8,6,1,2,33,1,2,1
1,42,10,2006,2,2,4,1,1,1,1,1,1,1,1,5,1,1,8,6,1,2,33,1,2,2
9,42,9,2006,4,1,1,1,1,1,3,1,1,1,1,5,1,1,15,6,1,2,33,1,2,2
21,42,2,2006,2,1,1,2,2,1,1,1,1,1,1,5,1,1,8,6,1,2,33,1,2,2
12,42,7,2006,2,3,4,1,1,1,1,1,1,1,1,5,1,1,9,6,2,1,30,1,2,1
12,42,9,2006,2,1,1,2,1,1,1,1,1,1,1,5,1,1,10,6,1,1,33,2,2,0
2,42,8,2006,2,1,1,1,1,1,1,1,1,1,1,5,1,1,9,6,1,2,33,1,2,1
8,42,9,2006,3,1,1,1,1,1,1,1,1,1,1,5,1,1,8,6,1,2,33,1,2,2
29,42,8,2006,3,1,1,1,1,1,1,1,1,1,1,5,1,1,8,6,1,2,33,1,2,1
29,42,9,2006,3,2,4,1,1,1,1,1,1,1,1,5,1,1,9,6,1,2,33,1,2,2
29,42,11,2006,3,2,4,1,1,1,1,1,1,1,1,5,1,1,8,6,1,2,33,1,2,2
24,42,7,2006,3,1,4,2,2,1,2,1,1,1,1,1,1,1,9,6,1,2,33,1,2,1
14,42,4,2006,3,2,4,1,1,1,1,1,1,1,1,1,1,1,9,6,1,2,33,1,2,3
14,42,9,2006,1,3,4,1,1,1,3,1,1,1,1,1,1,1,8,6,1,2,33,1,2,2
14,42,10,2006,2,1,4,1,1,1,1,1,1,1,1,1,1,1,9,6,1,2,33,1,2,0
14,42,11,2006,2,2,4,1,1,1,1,1,1,1,1,1,1,1,10,6,1,2,33,1,2,2
14,42,12,2006,1,1,1,1,1,1,3,1,1,1,1,1,1,1,5,6,1,2,33,1,2,0
16,42,7,2006,2,4,2,1,1,1,1,1,1,1,1,5,1,1,8,6,1,2,19,1,2,1
28,42,1,2006,2,1,1,1,1,1,1,1,1,1,1,5,1,1,9,6,1,2,33,1,2,0
28,42,4,2006,2,1,1,1,1,1,1,1,1,1,1,5,1,1,9,6,1,2,33,1,2,2
28,42,4,2006,3,2,4,1,1,1,1,1,1,1,1,5,1,1,9,6,1,2,33,1,2,2
22,42,3,2006,2,3,4,1,1,1,1,1,1,1,1,1,1,1,8,6,1,2,33,1,2,2
22,42,3,2006,2,2,4,1,1,1,1,1,1,1,1,1,1,1,8,6,1,2,33,1,2,1
22,42,6,2006,2,1,4,1,1,1,1,1,1,1,1,1,1,1,8,6,1,2,33,1,2,0
22,42,8,2006,4,1,1,1,1,1,3,1,1,1,1,1,1,1,7,6,1,2,33,1,2,2
22,42,8,2006,2,3,4,1,1,1,1,1,1,1,1,1,1,1,9,6,1,2,33,1,2,0
22,42,8,2006,2,1,1,1,1,1,1,1,1,1,1,1,1,1,19,6,1,2,28,1,2,2
22,42,12,2006,2,1,1,2,1,1,1,1,1,1,1,1,1,1,9,6,1,2,33,1,2,2
10,42,1,2006,3,1,2,1,1,1,1,1,1,1,1,5,1,1,9,6,1,2,33,1,2,2
10,42,2,2006,1,2,4,1,1,1,3,1,1,1,1,5,1,1,14,6,1,2,33,1,2,0
10,42,6,2006,1,1,1,1,1,1,3,1,1,1,1,5,1,1,9,6,1,2,33,1,2,1
10,42,6,2006,2,3,4,1,1,1,1,1,1,1,1,5,1,1,7,6,1,2,33,1,2,2
1,42,11,2006,2,2,4,1,1,1,1,1,1,1,1,5,1,1,9,6,1,2,33,1,2,1
1,42,11,2006,1,1,4,1,1,1,2,1,1,1,1,5,1,1,7,6,1,2,33,1,2,2
1,42,11,2006,2,2,4,1,1,1,1,1,1,1,1,5,1,1,19,6,1,2,33,1,2,2
9,42,11,2006,3,1,4,1,1,1,1,1,1,1,1,5,1,1,9,6,1,2,33,1,2,2
9,42,11,2006,2,3,4,1,1,1,1,1,1,1,1,5,1,1,9,6,1,2,23,1,2,2
9,42,12,2006,3,1,1,1,1,1,1,1,1,1,1,5,1,1,10,6,1,2,33,1,0,2
11,42,12,2006,4,3,4,1,1,1,3,1,1,1,1,5,1,1,9,6,1,2,33,1,2,2
23,42,6,2006,2,3,1,1,1,1,1,1,1,1,1,1,1,1,9,6,1,2,33,2,2,2
23,42,9,2006,4,1,1,1,1,1,3,1,1,1,1,1,1,1,10,6,1,2,33,1,0,1
1,42,8,2006,2,2,4,1,1,1,1,1,1,1,1,5,1,1,8,6,1,2,33,1,2,1
4,34,2,2006,1,4,2,2,2,1,4,1,1,1,1,1,1,2,14,6,1,1,45,2,2,3
14,63,3,2006,3,2,1,2,2,1,1,1,1,1,1,1,1,2,14,6,1,2,33,2,2,0
7,60,12,2006,2,1,3,2,2,1,1,1,1,1,1,2,1,2,14,6,1,1,33,2,2,0
8,63,6,2006,4,1,1,2,2,2,4,1,2,1,1,1,1,2,13,6,1,1,33,2,2,0
8,63,8,2006,2,2,1,1,1,1,1,1,1,1,1,1,1,2,15,6,1,7,33,2,2,0
7,58,10,2006,4,1,1,2,2,1,4,1,1,1,1,1,1,2,14,6,1,1,33,2,2,0
1,57,8,2006,4,1,1,2,2,1,3,1,1,1,1,1,1,2,14,6,1,1,33,2,2,1
3,57,3,2006,2,1,1,2,2,1,1,1,1,1,1,1,1,2,10,6,1,1,33,2,2,2
1,66,4,2006,3,2,1,2,2,1,1,1,1,1,1,4,1,2,7,6,1,1,28,1,2,0
9,66,10,2006,2,2,1,2,1,1,1,1,1,1,1,2,1,2,8,6,2,2,33,1,0,1
2,61,10,2006,4,7,8,2,2,1,4,1,1,1,1,1,1,2,14,11,1,2,50,2,2,0
1,59,5,2006,4,1,1,2,1,1,4,1,1,1,1,1,1,2,14,6,1,1,32,2,2,0
1,61,3,2006,2,1,1,2,2,1,2,1,1,1,1,1,1,2,9,6,1,1,36,1,2,0
1,61,3,2006,1,1,1,2,2,1,3,1,1,1,1,1,1,1,14,6,1,1,33,2,2,0
1,61,8,2006,4,1,1,2,1,1,1,1,1,1,1,4,1,1,14,6,1,1,33,2,2,0
2,65,8,2006,2,1,2,2,2,1,1,4,1,1,1,4,1,2,8,5,1,1,47,2,2,1
1,63,6,2006,3,1,1,2,2,1,1,1,1,1,1,1,1,2,6,6,1,1,35,2,2,0
8,63,6,2006,2,1,1,2,2,1,1,1,1,1,1,1,1,2,9,6,1,3,36,1,2,0
8,63,5,2006,3,3,1,2,2,1,1,1,1,1,1,1,1,2,9,6,1,1,33,2,2,0
2,35,5,2006,3,1,1,2,2,1,1,1,1,1,1,2,1,2,14,6,1,1,46,2,2,0
7,44,5,2006,2,1,1,2,2,1,1,1,1,1,1,1,1,2,10,6,1,1,33,2,2,0
9,42,1,2006,2,2,6,1,1,1,2,1,1,1,1,5,1,1,8,6,1,1,33,2,2,0
9,42,2,2006,4,1,1,1,1,1,3,1,1,1,1,5,1,1,12,6,1,1,33,2,2,1
8,42,1,2006,1,7,4,2,2,1,1,1,1,1,1,5,1,1,10,6,1,2,33,1,0,2
1,42,4,2006,2,1,1,1,1,1,1,1,1,1,1,5,1,1,12,6,1,2,33,1,2,2
1,42,5,2006,3,3,4,1,1,1,1,1,1,1,1,5,1,1,9,6,1,2,33,1,2,1
9,42,4,2006,4,2,4,2,1,1,3,1,1,1,1,5,1,1,10,6,1,1,33,2,2,2
9,42,3,2006,4,2,4,2,1,1,3,1,1,1,1,5,1,1,9,6,1,1,33,2,2,2
9,42,5,2006,4,1,4,2,1,1,1,1,1,1,1,5,1,1,9,6,1,1,33,2,2,2
1,42,6,2006,3,2,4,1,1,1,1,1,1,1,1,5,1,1,15,7,1,2,33,1,2,2
12,42,3,2006,1,3,4,2,1,1,3,1,1,1,1,1,1,1,14,6,1,2,33,1,2,1
9,42,6,2006,3,2,4,2,2,1,1,1,1,1,1,5,1,1,10,3,1,2,33,1,0,2
9,42,7,2006,3,1,4,1,1,1,1,1,1,1,1,5,1,1,12,6,1,2,33,1,2,1
2,42,5,2006,3,3,4,1,1,1,1,1,1,1,1,5,1,1,9,6,1,2,33,1,2,2
1,42,9,2006,3,2,4,1,1,1,1,1,1,1,1,5,1,1,4,6,1,2,25,1,2,2
9,42,9,2006,4,2,4,1,1,1,3,1,1,1,1,5,1,1,7,6,1,2,33,1,2,2
9,42,10,2006,4,3,4,1,1,1,3,1,1,1,1,5,1,1,14,6,1,2,33,1,2,1
18,42,2,2006,4,3,4,1,1,1,3,1,1,1,1,5,1,1,14,6,1,6,33,2,2,2
18,42,3,2006,4,3,1,1,1,1,3,1,1,1,1,5,1,1,14,6,2,6,33,1,2,2
18,42,4,2006,2,1,4,1,1,1,1,1,1,1,1,5,1,1,8,7,1,2,33,1,2,2
18,42,8,2006,3,2,4,1,1,1,1,1,1,1,1,5,1,1,15,6,1,2,32,1,2,2
12,42,10,2006,2,3,4,2,1,1,1,1,1,1,1,5,1,1,9,6,1,1,33,2,2,1
11,42,9,2006,3,1,1,1,1,1,1,1,1,1,1,5,1,1,11,6,1,2,33,1,0,1
14,42,10,2006,1,3,4,1,1,1,3,1,1,1,1,1,1,1,9,6,1,2,33,1,2,0
15,42,3,2006,3,1,1,2,2,1,1,1,1,1,1,5,1,1,13,6,1,2,33,1,2,0
15,42,8,2006,2,1,1,2,2,1,1,1,1,1,1,5,1,1,12,6,1,2,33,1,2,1
16,42,1,2006,1,3,1,1,1,1,2,1,1,1,1,5,1,1,8,6,1,2,33,1,2,1
28,42,9,2006,1,2,4,1,1,1,1,1,1,1,1,5,1,1,9,6,1,2,28,1,2,2
10,42,3,2006,3,3,1,2,1,1,1,1,1,1,1,1,1,1,14,6,1,2,33,1,2,1
10,42,7,2006,2,3,4,1,1,1,1,1,1,1,1,5,1,1,9,6,1,2,33,1,2,1
10,42,9,2006,4,3,1,1,1,1,3,1,1,1,1,5,1,1,14,6,1,2,27,1,2,2
9,42,11,2006,3,1,1,1,1,1,1,1,1,1,1,5,1,1,5,6,1,2,45,1,2,1
23,42,4,2006,3,1,1,1,1,1,1,1,1,1,1,1,1,1,9,4,1,2,28,2,2,1
1,18,10,2006,3,1,1,1,2,1,1,1,1,1,1,1,1,2,9,6,1,7,33,2,2,0
1,19,1,2006,3,1,1,1,2,1,1,1,1,1,1,4,1,2,8,1,1,1,33,2,2,0
2,19,1,2006,2,1,1,1,2,4,1,1,1,1,1,2,1,2,9,6,2,7,35,2,2,0
3,26,1,2006,3,1,1,2,2,1,1,1,1,1,1,4,1,2,6,6,1,7,33,2,2,0
4,26,4,2006,3,1,1,2,2,1,1,1,1,1,1,2,1,2,8,6,1,1,33,2,2,0
4,26,8,2006,3,1,1,2,1,1,1,1,1,1,1,1,1,2,14,1,1,1,35,2,2,0
5,26,7,2006,3,1,1,2,2,1,1,1,1,1,1,1,1,2,9,6,1,1,33,2,2,0
8,26,7,2006,2,1,1,2,2,1,1,1,1,1,1,1,1,1,8,6,1,1,33,2,2,0
2,20,6,2006,3,1,1,1,2,1,1,2,1,1,1,3,1,2,14,4,1,1,33,2,2,3
1,24,4,2006,3,3,1,1,2,1,1,1,1,1,1,1,1,2,8,6,1,1,33,2,2,0
1,24,6,2006,2,1,1,2,2,1,1,1,1,1,1,1,1,2,9,6,1,1,33,2,2,3
7,24,5,2006,4,7,1,2,1,2,2,1,1,1,2,2,1,2,14,6,2,7,33,2,2,0
1,22,4,2006,3,1,1,2,2,1,1,1,1,1,1,1,1,2,9,6,1,6,42,2,2,0
1,22,9,2006,3,1,1,2,2,1,1,1,1,1,1,1,1,2,14,6,1,1,33,2,2,0
1,22,12,2006,2,1,1,2,2,4,1,1,1,1,1,1,1,2,9,6,1,1,33,2,2,0
2,22,12,2006,2,3,1,1,2,1,1,2,1,1,1,4,1,2,14,2,1,1,30,2,2,3
1,23,12,2006,2,1,1,2,2,1,1,1,1,1,1,2,1,2,9,6,1,1,38,2,2,0
2,23,9,2006,3,3,1,2,2,1,1,1,1,1,1,4,1,2,4,6,1,1,33,2,2,0
1,29,10,2006,4,1,1,1,2,1,4,2,1,1,1,2,1,2,9,6,1,7,45,2,2,1
3,29,3,2006,1,1,1,1,2,1,2,1,1,1,1,1,1,2,14,6,1,1,40,2,2,0
3,29,10,2006,3,1,1,2,2,1,1,1,1,1,1,2,1,2,14,6,1,1,35,2,2,0
3,21,3,2006,2,1,1,1,2,1,1,1,1,1,1,1,1,2,14,6,2,7,40,2,2,0
12,9,6,2006,3,7,1,2,2,1,1,1,1,1,1,1,1,2,9,4,1,5,33,2,2,3
12,9,2,2006,3,1,1,2,2,1,1,1,1,1,3,1,1,2,14,6,1,1,35,2,2,0
12,9,3,2006,1,1,1,2,2,1,4,1,1,1,1,1,1,2,9,6,1,1,33,1,2,0
12,9,7,2006,1,1,1,2,1,1,4,1,1,1,1,1,1,2,9,6,1,3,40,1,2,0
12,9,6,2006,2,1,1,2,1,2,1,1,2,1,1,1,1,2,14,6,1,1,33,1,2,0
10,9,1,2006,2,1,1,2,2,4,1,1,1,1,2,1,1,2,9,6,1,1,48,2,2,0
6,9,6,2006,2,7,1,2,2,1,1,2,1,1,1,2,1,2,8,6,1,1,33,2,2,1
1,2,2,2006,4,1,1,2,1,2,2,1,1,1,1,1,1,2,17,6,1,1,28,2,2,0
1,2,7,2006,4,1,1,2,2,1,4,1,1,1,1,1,1,2,9,6,1,1,38,2,2,0
1,2,12,2006,2,1,1,2,2,1,1,1,1,1,1,1,1,2,9,5,1,1,33,2,2,0
1,13,7,2006,2,1,1,2,2,1,1,1,1,1,1,3,1,1,14,6,1,1,33,2,2,0
8,13,1,2006,1,3,8,1,2,1,2,1,1,1,1,1,1,2,14,8,2,7,42,1,2,2
2,13,7,2006,3,7,1,2,2,1,1,1,1,1,1,3,1,2,11,4,1,2,35,2,2,1
2,13,12,2006,3,1,1,1,2,1,1,2,1,1,1,3,1,2,1,1,1,1,33,2,2,0
9,13,3,2006,2,1,1,2,2,1,1,1,1,1,1,3,1,2,13,5,2,7,32,1,2,3
1,3,8,2006,3,1,1,2,2,1,1,1,1,1,1,2,1,2,8,5,2,6,33,2,2,0
6,3,8,2006,2,1,1,2,2,1,1,1,1,1,1,1,1,2,14,6,1,1,35,1,2,0
11,16,8,2006,3,1,1,2,1,1,1,1,1,1,1,1,2,1,9,6,1,1,38,2,2,0
11,16,8,2006,2,1,1,2,2,1,1,1,1,1,1,1,1,2,14,6,1,1,35,2,2,1
6,16,5,2006,3,7,8,2,2,1,1,4,1,1,1,1,1,2,7,6,1,7,30,2,2,0
3,15,1,2006,4,5,1,2,2,1,2,2,1,1,1,3,1,2,9,6,1,1,40,2,2,0
3,15,6,2006,1,1,1,2,2,1,2,2,1,1,1,1,1,2,14,6,1,1,35,2,2,0
3,15,4,2006,3,1,8,2,2,1,1,1,1,1,1,1,1,2,13,4,1,1,33,2,2,3
1,5,2,2006,3,1,1,2,2,1,1,1,1,1,1,1,1,1,9,6,1,1,33,1,2,2
5,5,1,2006,2,3,1,2,2,4,2,1,1,1,1,1,1,2,9,6,1,1,33,2,2,0
5,5,1,2006,2,1,8,2,2,4,2,1,1,1,1,1,1,2,9,6,1,7,30,2,2,0
7,5,2,2006,3,1,1,2,2,1,1,1,1,1,1,1,1,2,9,6,1,1,33,2,2,0
3,1,1,2006,2,1,1,2,2,1,1,1,1,1,1,1,1,1,8,6,1,1,35,2,2,0
4,8,4,2006,2,7,8,2,2,1,2,1,1,1,1,2,1,2,14,11,1,7,33,2,2,0
5,11,1,2006,2,1,1,2,2,1,1,1,1,1,2,1,1,2,8,1,1,1,42,2,2,3
11,16,10,2006,1,1,1,2,2,1,4,1,1,1,1,1,1,2,14,6,1,1,45,2,2,0
11,16,11,2006,3,1,1,1,1,1,1,1,1,1,1,1,1,2,10,6,1,1,33,2,2,3
12,16,12,2006,3,1,8,2,2,1,1,1,1,1,1,3,1,2,8,5,1,7,35,2,2,0
1,6,8,2006,2,1,1,2,2,1,1,2,1,1,1,1,2,1,4,2,2,2,35,2,1,1
12,9,12,2006,3,1,1,2,1,1,1,1,1,1,1,1,1,2,9,4,2,1,39,2,2,0
11,11,5,2006,2,1,2,2,1,1,1,1,1,1,1,3,1,2,14,6,1,7,28,2,2,0
1,15,8,2006,3,1,1,2,2,1,1,1,1,1,1,1,1,2,14,6,1,1,41,2,2,3
5,8,5,2006,4,7,1,1,2,1,4,1,1,1,1,1,1,2,14,6,1,6,33,1,2,0
4,8,9,2006,2,1,8,2,2,1,1,1,1,1,1,1,1,2,9,11,1,7,33,2,2,1
1,5,7,2006,3,1,1,2,2,1,1,1,1,1,1,1,1,2,14,6,1,1,38,2,2,0
1,5,9,2006,2,1,1,2,2,1,1,1,1,1,1,1,1,2,9,6,1,1,35,2,2,2
5,5,7,2006,2,1,1,2,2,1,1,1,1,1,1,1,1,1,9,6,1,1,33,2,2,0
5,5,8,2006,3,1,1,2,2,1,1,1,1,1,1,1,1,2,4,5,1,1,33,2,2,0
3,1,2,2006,3,1,1,2,2,1,1,1,1,1,1,1,1,2,14,5,1,1,40,2,2,0
4,14,4,2006,2,1,1,2,2,1,1,1,1,1,1,2,1,1,13,4,2,1,33,2,2,0
2,14,1,2006,2,1,1,2,2,4,2,1,2,1,1,2,1,2,14,6,1,2,33,2,2,1
7,54,1,2006,3,7,1,2,2,1,1,1,1,1,1,3,1,2,8,6,1,2,30,2,2,0
13,54,1,2006,2,1,1,2,2,1,1,1,1,1,1,1,1,2,9,6,1,2,42,1,0,0
13,54,3,2006,3,1,1,2,2,1,1,1,1,1,1,1,1,2,9,6,1,1,33,2,2,1
9,54,3,2006,1,3,1,2,2,3,4,1,2,1,1,3,1,2,14,6,1,7,30,2,2,0
1,54,2,2006,2,7,1,2,2,1,1,1,1,1,1,2,1,2,14,6,1,2,33,1,0,1
1,54,2,2006,1,1,8,2,2,1,3,1,1,1,1,2,1,2,14,10,1,2,33,1,0,2
1,54,1,2006,2,7,1,2,2,1,1,1,1,1,1,3,1,2,13,6,1,2,33,1,0,0
7,55,3,2006,3,3,1,2,2,1,1,1,1,1,1,3,1,2,14,6,1,1,22,2,2,1
3,53,3,2006,3,1,2,2,2,1,1,1,1,1,1,2,1,2,8,5,1,1,30,2,2,0
7,53,4,2006,3,1,1,2,2,1,1,1,1,1,1,3,1,2,14,6,1,2,33,1,0,1
3,55,5,2006,3,7,8,1,2,1,1,2,1,1,1,2,1,2,8,3,1,2,33,1,0,0
1,54,5,2006,3,2,1,2,2,1,1,1,1,1,1,3,1,2,14,6,1,2,33,1,0,0
12,54,3,2006,1,1,1,2,2,1,4,1,1,1,1,1,1,2,14,6,1,1,40,1,2,0
13,54,5,2006,2,1,1,2,2,1,1,1,1,1,1,1,1,2,14,5,1,1,33,2,0,2
8,56,5,2006,3,1,1,2,2,1,1,1,1,1,1,1,1,2,9,6,1,1,33,2,2,0
7,56,7,2006,4,7,1,2,2,1,4,1,1,1,1,1,1,2,9,6,1,2,33,1,0,0
3,56,7,2006,3,7,2,2,2,1,1,1,1,1,1,1,1,2,9,6,1,1,33,1,0,0
3,55,8,2006,3,7,8,2,2,1,1,1,1,1,1,4,2,2,8,6,1,2,28,2,2,0
5,55,7,2006,4,1,4,2,2,1,1,1,1,1,1,3,1,2,12,11,1,1,41,2,1,0
7,56,8,2006,3,1,2,2,2,1,1,1,1,1,1,1,1,2,9,6,1,1,45,2,2,0
3,56,8,2006,2,7,2,2,2,1,1,1,1,1,1,1,1,2,14,6,2,7,33,1,2,0
7,56,9,2006,2,1,1,2,2,1,1,1,1,1,1,1,1,2,9,11,2,2,40,2,2,0
1,53,9,2006,3,1,8,2,2,1,1,1,1,1,1,3,1,2,17,6,1,1,48,2,2,3
1,53,10,2006,3,1,2,2,2,1,1,1,1,1,1,2,1,1,6,6,1,3,33,1,0,0
1,54,4,2006,2,7,8,2,2,1,1,2,1,1,1,3,1,1,10,6,1,2,33,1,0,3
3,56,11,2006,4,1,1,2,2,1,4,1,1,1,1,1,1,2,14,6,2,7,33,1,2,1
8,54,11,2006,4,1,8,2,2,1,4,1,1,1,1,1,1,2,13,10,1,6,34,2,2,0
1,54,8,2006,3,2,1,1,2,1,1,1,1,1,1,1,1,1,6,6,1,2,33,1,0,3
1,54,9,2006,3,2,1,2,2,1,1,2,1,1,1,3,1,1,13,6,1,2,33,1,0,1
1,54,10,2006,2,1,1,2,2,1,1,1,1,1,1,1,1,2,13,5,1,1,45,2,2,0
1,54,11,2006,3,1,1,2,2,1,1,1,1,1,1,1,1,2,10,6,1,1,45,2,2,1
1,54,11,2006,2,7,1,2,2,1,1,1,1,1,1,2,1,2,5,6,1,2,33,1,0,0
8,56,12,2006,1,1,1,2,2,4,3,1,2,1,1,1,1,2,14,11,1,1,28,2,2,0
13,54,12,2006,3,7,1,2,2,1,1,2,1,1,1,1,1,2,11,2,1,1,32,2,2,0
5,55,12,2006,3,2,1,2,2,1,1,1,1,1,1,3,1,2,7,6,1,2,33,1,0,0
5,55,11,2006,3,2,2,2,2,1,1,1,1,1,1,3,1,2,14,5,1,1,38,1,2,0
5,55,11,2006,4,1,1,2,2,1,3,1,1,1,1,2,1,2,9,11,1,1,41,2,2,0
5,28,2,2006,4,7,1,2,2,1,3,1,1,1,1,5,1,1,9,11,1,1,35,2,2,2
2,28,12,2006,3,1,1,2,2,1,1,1,1,1,1,5,1,1,4,6,1,1,43,2,1,3
2,28,8,2006,1,7,2,2,2,2,2,1,2,1,1,1,1,1,9,6,1,7,33,1,2,0
3,28,8,2006,1,7,2,2,2,2,2,1,2,1,1,1,1,1,6,6,1,1,33,1,2,0
3,28,12,2006,2,1,1,2,2,4,2,1,1,1,1,1,1,1,9,6,1,1,42,2,2,1
4,28,5,2006,2,2,8,2,2,2,1,1,2,1,1,2,1,1,10,6,1,1,33,2,2,3
4,28,12,2006,3,2,1,2,2,1,1,1,1,1,1,1,1,2,12,4,1,1,33,2,2,0
9,64,2,2006,2,2,3,2,2,1,1,1,1,1,1,1,1,1,14,6,1,1,40,2,2,0
9,64,9,2006,4,7,1,2,2,1,4,1,1,1,1,5,1,1,9,6,1,1,35,2,2,0
8,64,9,2006,4,7,8,2,2,1,4,1,1,1,1,5,1,1,5,6,1,5,0,1,2,0
10,64,3,2006,4,7,8,2,2,1,3,1,1,1,1,5,1,1,9,6,1,1,32,1,2,0
10,64,12,2006,2,7,8,2,2,1,1,1,1,1,1,5,1,1,9,6,1,7,45,1,2,1
6,64,2,2006,3,7,8,2,2,1,1,1,1,1,1,5,1,1,14,6,1,7,0,2,2,1
6,64,4,2006,4,7,1,2,2,2,4,1,1,1,1,5,1,1,8,6,1,7,0,2,2,1
6,64,8,2006,3,1,1,2,2,1,1,1,1,1,1,1,1,1,9,6,1,7,0,2,2,0
6,64,9,2006,3,2,4,2,2,1,1,1,1,1,1,1,1,1,14,6,1,7,0,2,2,3
6,64,9,2006,3,1,1,2,2,1,1,1,1,1,1,1,1,1,14,6,1,7,0,2,2,2
6,64,10,2006,4,1,1,2,1,1,3,1,1,1,1,1,1,1,9,6,1,6,0,2,2,0
6,64,10,2006,2,2,4,2,1,1,1,1,1,1,1,1,1,1,14,6,1,7,0,2,2,0
12,64,6,2006,2,7,8,2,2,1,1,1,1,1,1,2,1,1,4,6,1,7,0,2,2,0
12,64,8,2006,4,1,1,2,2,1,1,1,1,1,1,2,1,1,3,6,1,7,0,2,2,0
3,64,4,2006,3,7,8,2,2,1,1,1,1,1,1,1,1,1,14,6,2,6,29,1,2,0
3,64,7,2006,2,1,1,2,2,1,1,1,1,1,1,1,1,1,9,6,1,1,0,2,2,0
3,64,11,2006,3,1,1,2,2,1,1,1,1,1,1,2,1,1,8,6,1,7,0,2,2,0
5,64,10,2006,3,1,1,2,1,1,3,1,1,1,1,1,1,1,14,6,1,7,0,2,2,0
5,64,11,2006,2,1,4,2,1,1,1,1,1,1,1,1,1,1,12,1,1,7,27,2,2,0
7,64,5,2006,1,3,8,2,2,2,4,2,2,1,1,5,1,1,14,1,1,1,0,2,2,0
7,64,12,2006,1,7,4,1,1,1,3,1,1,1,3,5,1,1,9,6,1,1,0,1,2,1
1,64,4,2006,2,2,4,2,2,1,1,1,1,1,1,5,1,1,14,6,1,1,0,2,2,0
1,64,4,2006,3,2,6,2,2,1,1,1,1,1,1,3,1,1,14,6,1,1,0,2,2,2
1,64,5,2006,3,4,1,2,2,1,1,3,1,1,1,5,1,1,4,10,1,7,0,2,2,2
1,64,5,2006,2,2,6,2,2,1,1,1,1,1,1,1,1,1,14,6,1,1,0,2,2,2
1,64,6,2006,4,3,4,2,2,1,3,1,1,1,1,3,1,1,14,6,1,7,45,2,2,0