Thana,District,Month,Year,Time,Junction_Type,Traffic_Control,Movement,Divider,Weather,Light,Road_Geometry,Surface_Condition,Surface_Type,Surface_Quality,Road_Class,Road_Feature,Location_Type,Vehicle_Type,Vehicle_Movement,Vehicle_Loading,Vehicle_Defect,Vehicle_Driver_Age,Vehicle_Alcohol,Vehicle_Seat_Belt,Accident_Severity
1,64,7,2006,4,1,2,1,1,1,3,3,1,1,1,5,1,1,8,6,1,7,0,2,2,1
11,64,4,2006,4,7,1,2,2,1,4,1,1,1,1,5,1,1,14,6,1,1,38,1,2,1
11,64,5,2006,2,7,1,1,2,1,1,1,1,1,1,5,1,1,9,6,1,1,28,1,2,3
11,64,7,2006,1,1,1,2,1,1,2,1,1,1,1,5,1,1,9,6,1,7,0,1,2,0
11,64,8,2006,3,3,1,2,1,1,1,1,1,1,1,5,1,1,14,3,1,7,26,1,2,1
11,64,12,2006,4,7,1,1,2,1,3,1,1,1,1,5,1,1,7,6,1,7,0,1,2,0
2,64,1,2006,4,3,1,2,2,1,2,2,1,1,1,3,1,1,14,1,1,7,40,2,2,0
2,64,6,2006,1,1,1,2,2,1,3,1,1,1,1,5,2,1,8,11,1,7,25,2,2,0
2,64,11,2006,1,5,1,2,1,1,3,1,1,1,1,1,1,1,14,4,1,7,0,2,2,0
2,64,6,2006,4,3,2,2,2,1,1,1,1,1,1,5,1,1,8,6,1,1,33,2,2,0
12,9,10,2006,2,1,1,2,1,1,1,1,1,1,1,2,1,1,19,5,1,2,33,2,2,0
8,56,2,2006,3,1,1,2,2,1,1,1,1,1,1,1,1,2,14,10,1,1,35,2,2,0
1,54,1,2006,2,7,2,2,2,1,1,1,1,1,1,3,1,2,9,2,1,1,45,1,2,0
6,55,3,2006,4,1,1,2,2,1,4,1,1,1,1,3,1,2,14,10,1,7,33,1,0,1
9,56,7,2006,1,1,2,2,2,1,4,1,1,1,1,1,1,2,14,10,1,2,55,1,0,0
12,54,7,2006,1,7,1,2,2,2,2,1,2,1,1,1,1,2,14,6,1,7,33,1,0,0
2,14,6,2006,2,1,1,2,2,1,1,1,1,1,1,1,1,1,9,6,1,1,26,2,2,0
4,3,6,2006,3,7,1,2,2,1,1,1,1,1,1,1,1,1,9,1,1,7,33,2,2,0
1,5,6,2006,2,1,1,2,2,1,1,1,1,1,1,1,1,2,14,10,1,1,32,2,2,0
1,5,2,2006,1,1,1,2,2,1,4,1,1,1,1,1,1,2,10,7,1,1,33,2,2,0
3,10,3,2006,4,1,1,2,2,1,4,1,1,1,1,3,1,2,4,11,1,1,36,2,2,0
1,2,6,2006,2,1,1,2,2,1,1,1,1,1,1,5,1,1,14,6,1,1,35,2,2,0
1,2,8,2006,4,1,1,2,2,1,4,1,1,1,1,2,1,2,6,6,1,1,38,2,2,0
2,42,1,2006,4,1,1,1,1,1,3,1,1,1,1,5,1,1,14,6,1,2,33,2,2,1
28,42,6,2006,1,1,1,1,1,1,3,1,1,1,1,5,1,1,14,6,1,2,33,1,2,0
3,39,10,2006,1,1,1,2,2,1,3,1,1,1,1,1,1,2,14,10,1,1,40,2,2,0
1,39,3,2006,1,1,1,2,2,1,4,1,1,1,1,1,1,2,14,10,1,1,45,2,2,0
1,39,11,2006,1,1,1,2,2,4,4,1,1,1,1,1,1,2,14,6,1,1,55,2,2,0
2,36,6,2006,3,1,1,2,2,2,1,1,2,1,1,1,1,2,14,6,1,1,33,2,2,1
1,38,3,2006,3,1,1,2,2,1,1,2,1,1,1,1,1,2,8,6,1,1,33,1,2,0
12,47,1,2006,2,1,1,2,2,1,1,1,1,1,1,1,1,2,9,5,1,1,33,2,2,1
9,66,9,2006,3,1,1,2,2,1,1,4,1,1,1,1,1,2,9,6,2,3,33,2,2,3
9,63,3,2006,1,1,1,2,2,4,4,1,1,1,1,1,1,2,14,6,1,1,33,2,2,0
7,63,2,2006,2,1,1,2,2,1,1,1,1,1,1,1,1,2,2,6,1,1,39,2,2,0
2,65,12,2006,2,1,8,2,2,4,2,1,1,1,1,1,1,2,9,6,1,7,33,2,2,0
7,65,8,2006,3,4,1,2,2,1,1,1,1,1,1,1,1,2,9,6,1,1,42,2,2,1
4,60,2,2006,2,1,1,2,1,1,1,1,1,1,1,4,1,2,4,6,1,1,45,2,2,0
6,58,6,2006,2,3,1,2,2,1,1,1,1,1,1,1,1,1,9,6,1,1,33,2,2,1
6,58,8,2006,1,1,1,2,1,1,2,1,1,1,1,1,1,2,7,6,1,1,33,2,2,0
6,58,12,2006,3,1,1,2,1,1,2,1,1,1,1,1,1,2,8,6,1,7,33,2,2,1
7,58,6,2006,3,1,1,2,2,1,1,1,1,1,1,1,1,1,9,6,1,1,33,2,2,0
1,58,11,2006,4,1,1,2,2,1,2,2,1,1,1,1,1,2,14,6,1,1,39,2,2,0
11,58,10,2006,3,1,1,2,2,1,1,1,1,1,1,4,1,2,9,6,1,1,42,2,2,0
7,58,10,2006,3,1,1,2,2,1,1,2,1,1,1,1,1,2,8,1,1,1,32,2,2,0
7,58,1,2006,3,1,1,2,2,1,1,1,1,1,1,1,1,2,9,5,1,1,35,2,2,0
3,27,2,2007,4,1,1,2,2,1,2,3,1,1,1,3,1,2,17,7,1,3,20,2,2,0
5,27,2,2007,2,7,1,2,2,1,1,2,1,1,1,2,1,2,8,11,1,1,33,2,2,0
2,27,1,2007,3,3,1,2,2,1,1,1,5,1,1,1,1,2,7,6,1,1,33,2,2,1
2,27,2,2007,3,7,2,2,2,1,1,2,1,1,1,2,1,1,7,4,1,1,33,1,2,0
2,27,3,2007,4,3,1,2,2,1,4,1,1,1,1,4,1,2,8,11,1,1,33,2,2,0
6,34,2,2007,4,1,1,2,2,1,2,1,1,1,1,1,1,2,9,6,1,1,33,2,2,0
10,34,4,2007,2,1,1,2,2,1,1,1,1,1,1,1,1,2,19,6,1,7,22,2,2,0
4,34,1,2007,2,1,1,2,2,1,1,1,1,1,1,1,1,2,9,11,1,1,38,2,2,0
1,33,3,2007,2,2,1,2,2,1,1,1,1,1,1,4,1,2,5,7,1,1,33,2,2,0
2,27,6,2007,2,1,1,2,2,1,1,2,1,1,2,3,4,2,9,2,1,1,35,1,2,0
2,27,6,2007,4,2,1,1,1,1,3,1,1,1,1,1,1,2,9,11,2,1,33,2,2,0
3,32,4,2007,2,4,1,2,2,1,1,1,1,1,1,2,1,2,9,5,1,1,33,2,2,0
1,32,7,2007,4,1,8,2,2,1,2,2,1,1,1,1,3,2,14,6,1,7,25,2,2,0
4,31,3,2007,3,7,1,2,2,1,1,1,5,2,2,3,1,2,9,5,1,1,33,2,2,0
3,30,1,2007,3,1,2,2,2,1,1,2,1,1,1,3,1,2,8,4,1,1,33,2,2,1
1,30,3,2007,4,3,1,2,2,1,3,1,1,1,1,2,1,2,9,5,1,1,33,2,2,0
5,27,12,2007,3,2,1,2,2,1,1,1,1,1,2,4,1,2,8,5,1,1,33,2,2,0
2,27,11,2007,2,7,1,2,2,1,1,1,1,1,1,2,1,2,9,6,1,7,33,2,2,0
1,27,10,2007,2,1,2,2,2,1,1,1,1,1,1,3,1,2,9,5,1,1,33,1,2,1
4,32,10,2007,3,1,1,2,2,1,1,1,1,1,1,3,1,1,10,5,1,1,33,2,2,0
9,34,12,2007,4,7,8,2,2,1,2,2,1,1,1,4,1,2,6,11,2,7,25,2,2,0
6,34,10,2007,3,1,1,2,2,1,1,1,1,1,1,1,1,2,9,6,1,1,33,2,2,0
4,34,2,2007,3,1,1,2,2,1,1,1,1,1,2,1,1,2,9,5,1,1,33,2,2,1
4,31,5,2007,2,3,1,2,2,1,1,1,3,1,2,4,2,1,8,6,1,3,35,2,2,0
1,64,4,2007,4,3,8,1,2,1,2,1,1,1,1,5,1,1,14,6,1,1,33,1,2,3
1,64,6,2007,3,2,8,1,2,1,1,1,1,1,1,5,1,1,14,6,1,6,18,1,2,3
2,64,1,2007,4,7,8,2,2,1,1,1,1,1,1,5,1,1,8,6,1,1,33,2,2,3
2,64,3,2007,2,1,8,1,2,1,1,1,1,1,1,5,1,1,9,5,1,1,33,2,2,0
3,64,2,2007,4,1,1,1,2,1,3,1,1,1,1,2,1,1,19,6,1,1,33,2,2,0
4,64,9,2007,2,1,1,2,2,1,1,1,1,1,1,5,1,1,14,5,1,1,33,2,2,0
5,64,7,2007,3,1,1,1,2,1,1,1,1,1,1,5,1,1,14,6,1,1,33,2,2,1
6,64,5,2007,4,7,1,2,2,1,4,1,1,1,1,1,1,1,6,6,1,7,33,2,2,3
7,64,1,2007,2,1,6,1,2,1,1,1,1,1,1,5,1,1,14,6,1,1,24,2,2,0
7,64,7,2007,4,7,8,2,2,1,3,1,1,1,1,5,1,1,9,6,1,1,33,2,2,0
8,64,3,2007,4,3,8,2,2,1,2,1,1,1,1,5,1,1,14,6,1,1,33,2,2,0
9,64,4,2007,2,3,1,2,2,1,1,1,1,1,1,5,1,1,14,6,1,7,50,2,2,0
10,64,1,2007,3,7,8,2,2,1,1,1,1,1,1,1,5,1,14,6,1,1,33,2,2,0
10,64,5,2007,4,1,8,2,2,1,3,1,1,1,1,5,1,1,9,6,1,1,55,1,2,1
11,64,5,2007,3,4,1,1,1,1,1,1,1,1,1,5,1,1,10,6,1,7,30,2,2,1
12,64,9,2007,2,1,1,1,2,1,1,1,1,1,1,5,1,1,14,2,1,1,40,1,2,1
3,64,9,2007,3,1,8,1,2,1,1,1,1,1,1,5,1,1,14,6,1,1,33,1,2,0
11,64,12,2007,3,1,1,2,1,1,1,1,1,1,1,5,1,1,16,6,1,1,33,1,2,0
5,64,9,2007,2,1,1,1,2,1,1,1,1,1,1,5,1,1,14,6,1,1,33,1,2,1
1,64,10,2007,2,1,8,1,2,1,1,1,1,1,1,5,1,1,9,6,1,1,33,1,2,1
4,64,5,2007,3,1,2,2,2,1,1,1,1,1,1,5,1,1,8,6,1,1,33,1,2,0
3,64,4,2007,2,1,2,2,2,1,1,1,1,1,1,5,1,1,6,10,1,1,14,2,2,0
2,64,6,2007,2,1,1,2,2,1,1,1,1,1,1,5,1,1,9,6,1,1,33,2,2,0
4,64,8,2007,3,3,1,2,2,1,1,1,1,1,1,5,1,1,14,1,1,7,33,2,2,3
4,64,3,2007,4,3,2,2,2,1,1,1,1,1,1,5,1,1,9,1,1,1,33,2,2,0
4,64,11,2007,4,1,2,2,2,1,2,1,1,1,1,5,1,1,14,6,1,1,33,2,2,0
5,64,8,2007,3,1,1,2,2,1,1,1,1,1,1,5,1,1,14,6,1,7,33,1,2,0
7,64,8,2007,3,2,4,2,2,1,1,1,1,1,1,5,1,1,14,6,1,7,33,2,2,0
3,61,2,2007,1,1,1,2,2,1,3,1,1,1,1,1,1,1,14,6,1,7,33,2,2,0
14,63,2,2007,1,1,1,2,2,1,4,1,1,1,1,1,1,2,9,10,1,7,33,2,2,1
1,62,6,2007,3,1,1,2,2,1,1,1,1,1,1,2,1,2,6,6,1,7,33,2,2,0
1,67,4,2007,4,1,1,2,1,1,4,1,1,1,1,1,1,1,14,6,2,2,33,2,2,0
5,63,4,2007,2,7,1,1,2,1,1,1,1,1,1,3,1,2,14,1,1,7,18,2,2,0
6,63,1,2007,4,1,8,2,2,4,4,1,2,1,1,2,1,2,14,5,1,7,33,1,2,0
11,58,2,2007,3,2,1,1,2,4,2,1,1,1,3,3,1,2,10,6,1,2,33,1,0,3
6,58,1,2007,2,7,1,2,2,1,1,1,1,1,1,1,1,2,7,6,2,1,33,1,2,0
6,58,1,2007,2,3,1,2,2,1,1,1,1,1,1,1,1,2,9,6,1,7,33,2,2,0
6,58,1,2007,3,2,1,2,2,1,2,1,1,1,1,1,1,2,14,6,2,1,33,1,2,1
6,58,5,2007,1,7,1,2,2,1,1,1,1,1,1,1,1,2,14,4,1,1,33,2,2,2
7,58,2,2007,2,1,1,2,1,1,1,1,1,1,1,1,1,2,8,6,1,1,33,2,2,3
6,60,1,2007,3,7,2,2,2,1,1,1,1,1,1,1,1,1,9,11,1,7,32,1,2,0
3,60,6,2007,2,1,1,2,2,1,1,1,1,1,1,3,1,2,14,5,1,1,50,2,2,0
1,60,7,2007,3,1,8,2,2,1,1,1,1,1,1,2,1,2,8,6,1,2,33,2,2,1
1,60,8,2007,3,7,8,2,2,2,1,1,2,1,1,2,1,2,7,6,1,2,33,2,2,1
7,60,5,2007,3,2,1,2,2,2,1,1,2,1,1,3,1,1,9,1,1,2,33,1,0,0
1,59,3,2007,4,1,1,2,2,1,2,1,1,1,1,2,1,2,19,6,1,7,33,2,2,0
6,59,3,2007,4,2,1,2,2,1,4,1,1,1,1,3,1,2,13,6,1,1,25,2,2,1
1,57,8,2007,4,7,4,2,2,1,1,1,1,1,1,1,1,1,8,10,1,1,33,2,2,3
3,57,2,2007,2,1,1,2,2,1,1,1,5,1,1,1,1,1,12,7,1,2,30,2,0,1
3,57,5,2007,2,2,8,2,2,1,1,5,1,1,1,1,1,2,9,6,1,2,33,1,2,1
7,63,5,2007,3,1,1,2,2,1,1,5,1,1,1,3,1,2,19,1,1,1,19,2,2,0
7,63,6,2007,2,3,3,2,1,2,2,2,2,1,1,1,1,2,10,6,1,1,33,1,0,0
7,63,7,2007,4,2,1,2,2,1,4,1,1,1,1,1,1,2,10,6,1,2,33,1,0,3
7,63,8,2007,4,1,1,1,1,1,2,1,1,1,1,1,1,2,14,6,1,2,33,1,0,0
8,63,6,2007,4,3,1,2,2,1,4,2,1,1,1,1,1,2,14,6,1,7,33,2,2,0
8,63,7,2007,3,7,4,2,2,1,2,1,1,1,1,1,1,2,9,5,1,1,33,2,2,0
8,63,8,2007,3,7,1,2,2,1,2,1,1,1,1,1,1,2,9,2,1,1,33,2,2,0
14,58,7,2007,3,7,8,2,2,1,1,1,1,1,1,2,1,2,9,8,1,1,33,2,2,0
8,57,8,2007,1,1,1,1,1,2,4,1,2,1,1,1,1,2,14,6,1,1,33,2,2,1
8,63,12,2007,1,1,1,2,2,1,2,1,1,1,1,1,1,2,9,5,1,7,45,1,2,0
4,63,10,2007,3,3,2,1,1,1,1,1,1,1,1,4,1,1,9,6,1,1,30,2,2,0
9,63,10,2007,3,1,1,2,2,1,1,1,1,1,1,1,1,2,8,6,1,1,33,2,2,0
14,63,10,2007,3,1,1,2,2,1,1,1,1,1,1,1,1,2,9,5,1,7,33,2,2,0
14,63,10,2007,2,1,1,2,2,1,1,1,1,1,1,1,1,2,14,5,1,1,33,2,2,1
14,58,11,2007,3,7,1,1,2,1,2,1,1,1,1,1,1,2,17,11,2,3,33,2,2,0
2,58,10,2007,1,1,1,2,1,1,3,2,1,1,1,1,1,1,9,6,1,1,45,2,2,0
15,58,10,2007,4,1,1,2,2,1,2,1,1,1,1,3,1,2,8,4,1,2,46,1,2,0
2,59,10,2007,1,1,8,1,2,1,2,1,1,1,1,2,1,2,14,6,1,7,30,1,2,1
3,57,10,2007,2,3,1,2,1,1,1,1,1,1,1,1,1,2,7,6,1,2,33,1,0,0
6,65,10,2007,3,2,2,2,2,1,1,1,1,1,1,1,1,1,10,6,1,2,27,1,0,0
1,61,12,2007,2,1,1,2,2,1,1,1,1,1,1,1,1,2,5,6,1,1,35,2,2,0
3,61,9,2007,3,3,1,2,2,1,1,4,1,1,1,1,1,2,9,6,1,7,33,2,2,3
4,59,12,2007,3,1,1,2,2,1,1,1,1,1,1,2,1,2,9,6,1,7,33,2,2,0
6,59,10,2007,2,1,1,2,2,1,1,1,1,1,1,3,1,2,13,2,1,1,33,2,2,0
7,59,6,2007,3,1,1,2,2,1,1,1,1,1,1,2,1,2,7,6,1,7,33,2,2,0
2,59,3,2007,4,2,3,2,2,1,2,1,1,1,1,2,1,2,12,6,1,7,33,1,2,1
4,59,3,2007,2,1,1,2,2,2,1,1,1,1,1,4,1,2,14,5,1,1,27,2,2,0
4,59,4,2007,2,1,1,2,2,1,1,1,1,1,1,2,1,2,9,6,1,1,35,2,2,0
4,59,5,2007,2,1,1,2,2,1,1,3,1,1,1,2,1,1,14,5,1,1,33,2,2,0
1,59,3,2007,3,1,8,2,2,1,1,1,1,1,1,2,1,2,4,6,1,7,33,2,2,0
5,59,4,2007,4,1,1,2,2,1,4,1,1,1,1,2,1,2,12,6,1,1,33,2,2,0
1,61,7,2007,2,4,1,2,2,1,1,1,1,1,1,1,1,1,9,6,1,1,42,2,2,0
1,61,8,2007,4,3,1,2,2,1,2,1,1,1,1,1,1,1,9,6,1,7,33,2,2,0
1,61,8,2007,3,2,1,2,1,1,1,1,1,1,1,1,1,1,14,1,1,7,33,2,2,0
1,61,11,2007,3,4,1,2,2,1,1,1,1,1,1,1,1,2,11,5,1,7,33,2,2,0
1,61,12,2007,4,4,4,2,1,1,2,1,1,1,1,1,1,1,14,6,1,1,37,1,2,0
1,58,9,2007,2,1,8,2,2,1,1,1,1,1,1,5,1,1,7,6,1,1,25,2,2,0
7,58,2,2007,2,1,1,2,2,1,1,1,1,1,1,1,1,2,6,6,2,6,33,2,2,0
7,58,2,2007,1,1,1,2,2,1,4,1,1,1,1,1,1,1,9,6,1,1,33,2,2,0
20,58,2,2007,1,1,1,1,1,1,4,1,1,1,1,1,1,1,15,10,1,1,33,2,2,0
5,58,4,2007,1,1,1,2,2,1,4,1,1,1,1,1,1,1,16,6,2,1,33,2,2,1
7,58,6,2007,1,2,2,1,2,1,1,1,1,2,1,2,1,1,15,6,1,1,33,2,2,0
3,62,3,2007,3,1,1,2,2,1,1,1,1,1,1,1,1,2,19,6,1,7,33,2,2,1
1,62,10,2007,3,3,1,2,2,1,1,1,1,1,1,5,1,1,8,1,1,1,33,2,2,3
4,62,11,2007,3,1,1,2,2,1,1,1,1,1,1,2,1,2,13,6,1,1,33,2,2,0
4,61,2,2007,2,1,1,2,2,1,1,1,1,1,1,3,1,2,9,5,1,1,32,2,2,0
4,61,5,2007,2,1,1,2,2,1,1,1,1,1,2,4,1,2,12,6,1,1,33,1,0,0
1,58,2,2007,3,3,1,2,1,1,1,1,1,1,1,1,1,1,10,6,1,1,33,2,2,0
1,58,4,2007,2,3,4,2,2,1,1,1,1,1,1,5,1,1,8,2,1,1,38,2,2,0
1,58,7,2007,4,2,1,2,1,1,1,1,1,1,1,2,1,1,10,11,1,1,30,2,2,0
3,58,9,2007,3,3,8,2,2,1,1,1,1,1,1,4,1,2,9,4,1,1,28,2,2,0
3,58,12,2007,2,1,1,2,2,1,1,1,1,1,1,4,1,2,5,6,1,3,33,2,2,0
14,58,7,2007,3,1,4,2,2,1,1,2,1,1,1,1,1,1,9,6,1,6,33,2,2,0
4,62,4,2007,2,1,1,2,2,1,1,1,1,1,1,4,1,2,5,6,1,7,33,1,2,0
1,63,3,2007,2,2,1,1,2,1,1,3,5,1,2,3,2,2,14,6,1,1,30,2,2,1
3,57,8,2007,1,1,1,2,2,2,1,1,2,1,1,1,1,2,9,6,1,1,33,1,2,0
5,60,5,2007,2,1,1,1,2,1,1,1,1,1,1,2,1,2,9,6,1,1,47,2,2,0
3,60,2,2007,2,1,1,2,2,1,1,1,1,1,1,1,1,2,9,6,1,1,33,2,2,0
7,60,10,2007,2,3,1,2,2,1,1,1,1,1,1,3,1,2,9,6,1,2,33,1,2,0
8,63,12,2007,1,1,1,2,2,1,2,1,1,1,1,1,1,2,12,6,1,7,33,1,2,0
1,66,6,2007,3,1,1,2,2,2,1,1,2,1,1,4,1,1,11,6,1,1,20,2,2,0
1,66,7,2007,3,1,1,1,1,2,1,2,2,1,1,4,1,1,1,1,1,1,11,1,2,0
1,65,2,2007,3,1,1,2,2,1,1,1,1,1,1,1,1,2,8,5,1,7,33,1,2,0
8,63,3,2007,3,1,1,2,2,1,1,3,1,2,1,1,1,2,14,6,1,7,33,2,2,0
10,63,10,2007,4,1,1,2,2,1,4,4,2,1,1,4,1,2,5,6,1,1,33,2,2,0
11,63,10,2007,3,1,1,2,2,1,1,1,1,1,1,4,1,1,17,6,1,7,33,2,2,0
11,58,7,2007,2,1,1,2,2,1,1,1,1,1,2,4,1,1,12,6,1,1,33,2,2,1
7,63,1,2007,3,1,1,2,2,1,1,1,1,1,1,1,1,2,14,6,1,1,33,2,2,0
9,63,11,2007,3,1,1,2,2,1,1,1,1,1,1,1,1,1,8,6,1,7,60,2,2,0
13,63,9,2007,4,1,1,2,2,1,1,1,1,1,1,4,1,2,19,6,2,7,33,2,2,0
7,60,2,2007,3,1,1,1,2,1,1,1,1,1,1,1,1,2,9,6,1,2,33,1,2,0
2,60,2,2007,3,1,1,1,2,2,1,1,2,1,1,3,1,2,14,6,1,2,33,2,2,0
3,57,10,2007,4,1,1,2,1,1,3,1,1,1,1,1,2,1,10,6,1,2,40,1,0,0
4,57,5,2007,2,1,1,2,2,1,1,1,1,1,1,1,1,2,1,6,1,1,33,2,2,0
1,57,2,2007,3,1,1,2,2,1,1,1,1,1,1,3,1,1,9,9,1,1,33,1,0,1
1,36,3,2007,2,1,1,2,2,1,1,1,1,1,1,2,1,2,12,6,1,1,22,2,2,1
4,47,2,2007,3,1,1,2,2,1,1,1,1,1,2,3,1,2,9,6,1,1,35,2,2,0
9,47,3,2007,4,1,1,2,2,1,4,1,1,1,1,1,1,2,14,6,1,1,35,2,2,0
9,47,3,2007,3,1,1,2,2,1,1,1,1,1,1,1,1,2,6,6,1,1,33,2,2,0
3,47,3,2007,1,1,3,2,2,1,1,1,1,1,1,2,2,2,14,6,1,1,33,2,2,0
5,47,3,2007,2,1,1,2,2,1,1,1,1,1,1,1,1,2,14,6,1,1,33,2,2,0
5,43,3,2007,2,1,1,2,2,1,1,1,1,1,1,3,1,2,9,6,1,1,33,2,2,1
4,37,3,2007,3,1,1,2,2,1,1,1,1,1,1,3,1,2,9,6,1,1,33,2,2,0
1,39,3,2007,3,1,1,2,2,1,1,1,1,1,1,3,1,2,7,6,1,1,33,2,2,1
1,39,3,2007,2,1,1,2,2,1,1,1,1,1,1,3,1,2,9,6,1,1,38,2,2,1
4,39,3,2007,3,1,1,2,2,1,1,1,1,1,1,3,1,2,9,6,1,1,35,2,2,1
3,38,3,2007,2,1,1,2,2,1,1,1,1,1,1,3,1,2,14,6,1,1,33,2,2,1
3,38,3,2007,4,1,1,2,2,1,1,1,1,1,1,1,1,2,9,6,1,1,33,2,2,2
1,45,3,2007,2,1,1,2,2,1,1,1,1,1,1,1,1,2,9,6,1,1,33,2,2,0
6,45,3,2007,1,1,1,2,2,1,1,1,1,1,1,3,1,2,8,6,1,1,33,2,2,0
8,50,3,2007,1,1,1,2,2,1,1,1,1,1,1,3,1,2,14,6,1,1,48,2,2,0
13,50,3,2007,2,1,1,2,2,1,1,1,1,1,1,3,1,2,19,6,1,1,28,2,2,0
6,44,2,2007,3,1,1,2,2,1,1,1,1,1,1,1,1,2,10,6,1,1,33,2,2,1
5,41,3,2007,2,1,1,2,2,1,1,1,1,1,1,1,1,2,9,6,1,1,33,2,2,0
5,41,3,2007,1,1,1,2,2,1,1,1,1,1,1,1,1,2,17,6,1,1,33,2,2,0
1,41,3,2007,3,1,1,2,2,1,1,1,1,1,1,3,1,2,9,6,1,1,33,2,2,2
8,51,3,2007,3,1,1,2,2,1,1,1,1,1,1,2,1,2,19,6,1,1,33,2,2,0
2,36,4,2007,3,1,1,2,2,1,1,1,1,1,1,1,1,2,17,6,1,1,33,2,2,0
1,46,4,2007,3,1,1,2,2,1,1,1,1,1,1,1,1,2,9,6,1,1,33,2,2,2
2,46,3,2007,4,1,1,2,2,1,1,1,1,1,1,1,1,2,9,6,1,1,33,2,2,1
3,38,4,2007,4,1,1,2,2,2,1,1,1,1,1,1,1,2,9,6,1,1,33,2,2,0
7,38,4,2007,2,1,1,2,2,1,1,1,1,1,1,3,1,2,14,6,1,1,20,2,2,0
4,49,4,2007,3,3,1,2,2,1,1,1,1,1,1,3,1,2,13,6,1,1,33,2,2,0
1,35,4,2007,2,1,1,2,2,1,1,1,1,1,1,1,1,2,8,6,1,1,33,2,2,0
8,51,4,2007,3,2,1,2,2,1,1,1,1,1,1,2,1,2,15,6,1,1,33,2,2,0
3,52,4,2007,3,2,2,2,1,1,1,1,1,1,1,2,1,2,8,6,1,1,33,2,2,1
13,50,4,2007,1,1,1,2,2,1,1,1,1,1,1,1,1,2,13,6,1,1,33,2,2,0
12,47,4,2007,2,1,1,2,2,1,1,1,1,1,1,1,1,2,13,6,1,1,29,2,2,0
2,47,4,2007,2,1,1,2,2,1,1,1,1,1,1,3,1,2,13,6,1,1,33,2,2,0
2,43,4,2007,3,1,1,2,2,1,1,1,1,1,1,1,1,2,9,6,1,1,33,2,2,0
5,43,4,2007,2,1,1,2,2,1,1,1,1,1,1,1,1,2,14,6,1,1,33,2,2,0
5,37,4,2007,2,1,1,2,2,1,1,1,1,1,1,3,1,2,13,6,1,1,33,2,2,0
1,45,4,2007,2,1,1,2,2,1,1,1,1,1,1,1,1,2,19,6,1,1,33,2,2,0
4,45,4,2007,1,1,1,2,2,1,1,1,1,1,1,3,1,1,14,6,1,1,40,2,2,1
5,41,4,2007,1,1,1,2,2,1,1,1,1,1,1,1,1,2,13,6,1,1,22,2,2,0
6,41,4,2007,4,1,1,2,1,1,1,1,1,1,1,1,1,2,19,6,1,1,33,2,2,0
1,50,5,2007,2,5,4,2,1,1,2,2,1,1,1,5,1,2,7,6,1,1,33,2,2,1
4,51,5,2007,2,1,1,2,2,2,1,1,2,1,1,1,1,1,12,6,1,1,33,2,2,1
1,37,5,2007,3,1,1,2,2,1,1,1,1,1,1,2,1,2,8,6,1,1,33,2,2,0
4,38,5,2007,1,1,1,2,2,1,1,1,1,1,1,3,1,2,13,6,1,1,33,2,2,0
3,38,5,2007,2,1,1,2,2,1,1,1,1,1,1,1,1,2,9,6,1,1,33,2,2,0
1,38,5,2007,2,1,1,2,2,1,1,1,1,1,1,1,1,2,9,6,1,1,33,2,2,0
8,52,5,2007,2,1,1,2,2,1,1,1,1,1,1,3,1,2,13,6,1,1,60,2,2,3
1,52,5,2007,2,7,1,2,2,1,1,1,1,1,1,3,1,2,19,6,1,1,33,2,2,0
9,47,5,2007,1,1,1,2,2,1,3,1,1,1,1,1,1,2,10,6,1,1,33,2,2,0
1,47,5,2007,2,1,1,2,2,1,1,1,1,1,1,1,1,2,9,6,1,1,33,2,2,0
3,40,6,2007,2,1,1,2,2,1,2,1,1,1,1,1,1,2,14,6,1,1,33,2,2,0
1,45,5,2007,3,1,1,2,2,1,1,1,1,1,1,1,1,2,19,6,1,1,33,2,2,2
6,44,1,2007,4,1,1,2,2,1,1,1,1,1,1,1,1,2,9,6,1,1,33,2,2,3
5,43,1,2007,5,1,1,2,2,1,1,1,1,1,1,1,1,2,9,6,1,1,33,2,2,0
5,41,1,2007,3,1,1,2,2,1,1,1,1,1,1,1,1,2,9,6,1,1,33,2,2,0
5,41,1,2007,1,1,1,2,2,1,1,1,1,1,1,1,1,2,9,6,1,1,33,2,2,1
1,41,1,2007,3,1,1,2,2,1,1,1,1,1,1,3,1,2,9,6,1,1,33,2,2,0
1,41,1,2007,3,1,1,2,2,1,1,1,1,1,1,1,1,2,9,6,1,1,33,2,2,2
8,50,1,2007,2,1,1,2,2,1,1,1,1,1,1,2,1,2,14,6,1,1,33,2,2,1
13,50,1,2007,4,1,1,2,2,1,1,1,1,1,1,2,1,2,14,6,1,1,33,2,2,0
12,47,1,2007,2,1,1,2,2,1,1,1,1,1,1,1,1,2,14,6,1,1,33,2,2,0
5,47,1,2007,3,1,1,2,2,1,1,1,1,1,1,1,1,2,8,6,1,1,33,2,2,0
5,47,1,2007,2,1,1,2,2,1,1,1,1,1,1,1,1,2,9,5,1,1,33,2,2,0
4,51,1,2007,3,1,1,2,2,1,1,1,1,1,1,1,1,2,9,6,1,1,33,2,2,0
6,52,1,2007,4,1,1,2,2,1,1,1,1,1,1,3,1,2,9,6,1,1,33,2,2,0