Thana,District,Month,Year,Time,Junction_Type,Traffic_Control,Movement,Divider,Weather,Light,Road_Geometry,Surface_Condition,Surface_Type,Surface_Quality,Road_Class,Road_Feature,Location_Type,Vehicle_Type,Vehicle_Movement,Vehicle_Loading,Vehicle_Defect,Vehicle_Driver_Age,Vehicle_Alcohol,Vehicle_Seat_Belt,Accident_Severity
4,49,1,2007,2,3,1,2,2,1,1,1,1,1,1,3,1,2,4,6,1,1,33,2,2,1
1,38,1,2007,2,1,1,2,2,1,1,1,1,1,1,1,1,2,8,6,1,1,33,2,2,0
4,38,1,2007,4,1,1,2,2,1,1,1,1,1,1,3,1,2,9,6,1,1,33,2,2,0
3,36,1,2007,3,1,1,2,2,1,1,1,1,1,1,1,1,2,9,6,1,1,33,2,2,0
6,45,2,2007,2,1,1,2,2,1,1,1,1,1,1,1,1,2,8,6,1,1,33,2,2,0
5,41,2,2007,1,1,1,2,2,1,1,1,1,1,1,1,1,2,9,6,1,1,33,2,2,0
1,41,2,2007,3,1,1,2,2,1,1,1,1,1,1,1,1,2,9,6,1,1,33,2,2,1
7,40,1,2007,3,1,1,2,2,1,1,1,1,1,1,3,1,2,9,6,1,1,33,2,2,0
6,40,1,2007,2,1,1,2,2,1,1,1,1,1,1,3,1,2,14,6,1,1,33,2,2,1
1,46,1,2007,2,1,1,2,2,1,1,1,1,1,1,1,1,2,14,6,1,1,33,2,2,0
6,46,2,2007,2,1,1,2,2,1,1,1,1,1,1,1,1,2,14,6,1,1,33,2,2,0
1,44,2,2007,2,1,1,2,2,1,1,1,1,1,1,3,1,2,9,6,1,1,33,2,2,0
7,41,7,2007,3,3,1,2,2,1,1,1,1,1,1,1,1,1,8,5,1,1,35,2,2,3
4,44,7,2007,4,1,1,1,2,1,4,1,1,1,1,2,1,2,9,6,1,1,33,2,2,0
2,44,7,2007,4,1,1,2,2,2,4,1,1,1,1,1,1,2,9,5,1,1,33,2,2,0
12,50,7,2007,3,7,1,2,2,1,1,1,1,1,1,1,1,2,9,6,1,1,30,1,2,1
12,50,7,2007,3,7,1,1,2,1,1,1,1,1,1,1,1,2,9,6,1,1,33,2,2,0
11,50,7,2007,2,7,1,1,2,1,1,1,1,1,1,2,1,2,10,6,1,1,26,1,2,0
1,52,7,2007,3,7,1,1,2,1,1,1,1,1,1,3,1,2,14,6,1,1,33,2,2,0
12,51,7,2007,3,2,1,1,2,1,1,2,1,1,1,3,1,2,9,6,1,1,33,2,2,0
9,47,7,2007,2,2,1,2,2,1,2,2,1,1,1,1,1,2,16,6,1,1,45,2,2,0
7,47,7,2007,1,7,2,2,1,1,2,1,1,1,1,1,1,2,14,11,1,7,45,2,2,0
1,47,7,2007,1,1,8,2,2,1,2,1,1,1,1,1,1,2,14,6,1,1,25,2,2,1
8,51,7,2007,2,7,1,1,2,2,1,1,2,1,1,2,1,2,8,6,1,1,42,2,2,0
1,51,7,2007,3,1,1,1,2,1,1,1,1,1,1,3,1,2,12,6,1,1,33,1,2,0
1,38,7,2007,3,3,8,1,2,1,1,1,1,1,1,1,1,2,9,6,1,1,33,2,2,0
6,37,7,2007,4,7,2,1,2,1,1,1,1,1,1,3,1,2,13,11,1,1,35,2,2,0
4,37,7,2007,2,4,1,1,2,2,1,2,2,1,2,3,4,2,8,11,1,1,33,2,2,1
3,39,7,2007,2,1,8,2,1,2,4,1,2,1,1,1,1,2,10,6,1,2,33,1,0,0
4,39,7,2007,3,2,1,2,1,1,1,1,1,1,1,2,1,2,9,11,1,1,32,2,2,1
6,44,9,2007,5,1,1,1,2,1,1,4,1,1,1,1,1,1,16,6,1,1,38,2,2,0
5,44,8,2007,2,1,1,1,2,1,3,1,1,1,1,1,1,2,9,6,1,1,33,2,2,0
4,44,8,2007,4,1,1,1,2,1,4,1,1,1,1,2,1,2,14,6,1,1,33,2,2,0
3,44,8,2007,3,1,1,2,1,1,1,1,1,1,1,1,1,2,9,10,1,1,33,2,2,0
3,44,8,2007,2,7,1,2,2,1,1,1,1,1,1,3,1,2,8,6,1,7,33,2,2,0
2,44,8,2007,1,1,1,1,2,1,3,1,1,1,1,1,1,2,9,6,1,1,33,2,2,0
5,41,8,2007,2,3,1,1,2,1,1,1,1,1,1,1,1,1,9,5,1,1,33,2,2,3
1,47,8,2007,1,7,1,2,2,1,4,1,1,1,1,1,1,2,8,11,1,1,33,1,2,2
12,47,8,2007,4,7,1,1,2,2,3,1,2,1,1,1,2,2,9,5,1,1,33,2,2,0
12,47,8,2007,1,1,1,1,1,2,3,1,2,1,1,1,2,2,14,9,2,5,27,2,2,0
2,47,8,2007,2,7,1,1,2,1,4,1,1,1,1,1,1,2,9,8,1,1,35,2,2,0
3,38,8,2007,3,3,1,1,2,1,1,1,1,1,1,1,1,2,9,6,1,7,33,2,2,0
3,38,8,2007,2,1,8,1,2,1,1,1,1,1,1,1,1,2,9,6,1,1,33,2,2,0
3,35,8,2007,2,1,8,1,2,1,1,1,1,1,1,3,1,2,9,5,1,1,30,2,2,0
7,41,9,2007,2,7,1,1,2,2,1,1,1,1,1,1,1,2,9,6,1,1,33,2,2,0
1,50,8,2007,3,1,1,2,2,1,1,1,1,1,1,5,1,2,9,11,1,5,33,2,2,0
1,50,9,2007,1,4,1,2,2,2,4,4,2,1,1,1,1,2,14,6,1,7,28,2,2,0
5,50,9,2007,3,1,1,2,2,1,1,1,1,1,1,3,1,2,8,6,1,1,32,2,2,0
8,51,9,2007,3,1,1,2,2,1,1,1,1,1,1,2,1,1,9,6,1,1,40,2,2,0
1,48,9,2007,3,1,1,1,2,2,1,1,1,1,1,1,1,2,2,4,1,1,33,2,2,0
2,48,9,2007,3,1,1,2,2,1,1,1,1,1,1,4,1,2,14,5,1,1,25,2,2,0
6,37,9,2007,3,1,4,1,2,1,1,3,1,1,1,3,1,2,9,6,1,1,40,2,2,0
3,38,9,2007,2,1,1,2,1,1,2,1,2,1,1,1,1,2,6,6,1,1,33,2,2,0
1,38,9,2007,4,7,1,1,2,1,4,1,1,1,1,1,1,2,9,6,1,1,33,2,2,1
1,45,9,2007,2,1,1,2,2,1,1,1,1,1,1,1,1,2,9,6,1,1,33,2,2,1
6,45,9,2007,4,1,1,2,2,1,2,1,1,1,1,3,1,2,19,6,1,1,32,2,2,0
7,41,10,2007,3,2,1,2,2,1,4,1,1,1,1,3,1,2,12,6,1,1,33,2,2,0
7,41,10,2007,3,3,8,2,2,1,1,1,1,1,1,2,1,2,7,6,1,1,33,2,2,2
2,35,10,2007,3,7,1,2,2,1,1,1,1,1,1,1,1,2,9,6,1,1,33,2,2,0
2,35,10,2007,2,1,8,1,1,1,1,1,1,1,1,2,1,2,9,4,1,1,33,2,2,0
2,35,10,2007,4,7,1,2,2,1,2,1,1,1,1,2,1,2,10,6,1,1,33,2,2,1
7,48,10,2007,2,1,1,2,2,1,1,2,1,1,1,3,1,2,14,2,1,1,35,2,2,0
7,48,10,2007,2,1,6,2,2,1,1,1,1,1,1,3,1,2,2,2,1,1,22,2,2,3
6,48,10,2007,3,1,1,2,2,1,1,1,1,1,2,3,1,2,14,5,1,1,47,2,2,1
1,48,10,2007,4,7,1,2,2,1,4,1,1,1,1,3,1,2,8,4,1,1,30,2,2,0
10,50,10,2007,3,7,1,2,2,1,1,2,1,1,1,3,1,2,14,6,1,1,33,2,2,0
4,50,9,2007,3,1,1,2,2,1,1,1,1,1,1,3,1,2,9,6,1,1,27,2,2,1
11,50,10,2007,2,7,1,2,2,1,1,1,1,1,1,2,1,2,9,11,1,7,45,2,2,0
11,50,10,2007,4,1,1,2,2,1,2,2,1,1,1,3,1,2,6,2,1,7,28,2,2,1
7,38,10,2007,4,1,1,2,2,1,2,1,1,1,1,2,1,1,7,6,1,1,33,2,2,0
7,41,11,2007,3,4,1,2,2,1,1,5,1,1,1,2,1,2,9,6,1,1,33,2,2,0
7,41,11,2007,1,1,4,2,2,1,2,1,1,1,1,1,1,2,12,6,1,1,33,2,2,1
1,50,11,2007,4,1,1,2,2,1,2,4,1,1,1,1,1,2,14,2,1,1,33,2,2,0
12,50,11,2007,2,1,1,2,2,1,1,1,1,1,3,1,1,2,9,6,1,1,27,2,2,1
2,50,11,2007,3,7,1,2,2,1,1,1,1,1,1,1,1,2,14,6,1,1,36,2,2,0
2,50,11,2007,2,1,1,2,2,1,1,1,1,1,1,1,2,1,14,6,1,1,33,2,2,0
4,51,11,2007,3,1,1,2,2,1,1,2,1,1,1,3,1,2,9,6,1,1,33,2,2,1
1,39,11,2007,4,6,1,2,2,4,4,1,1,1,1,1,1,2,9,6,1,1,33,2,2,0
1,39,11,2007,2,7,1,2,2,4,4,2,1,1,1,1,1,2,14,6,1,1,42,2,2,0
1,52,11,2007,2,7,1,2,2,1,1,2,5,2,2,5,1,2,6,1,1,1,33,2,2,0
1,38,11,2007,2,1,1,2,2,1,1,1,1,1,1,1,1,2,14,6,1,1,30,2,2,0
1,52,12,2007,3,1,1,2,2,1,1,1,1,1,1,3,1,2,14,6,1,1,33,2,2,0
7,41,12,2007,4,1,1,2,2,1,2,1,1,1,1,1,1,1,9,6,1,1,33,2,2,0
7,41,12,2007,4,1,1,2,2,1,4,1,1,1,1,1,1,2,19,6,1,1,33,2,2,0
7,41,12,2007,4,7,1,2,2,1,4,1,1,1,1,1,1,2,10,6,1,1,33,2,2,1
7,41,12,2007,3,1,1,2,2,1,1,1,1,1,1,2,1,2,7,6,1,1,33,2,2,1
2,39,12,2007,4,7,1,2,2,1,2,2,1,1,1,3,1,2,19,2,1,1,42,2,2,0
2,39,12,2007,4,1,1,2,2,1,1,1,1,1,1,3,1,2,19,6,1,1,36,2,2,1
2,35,12,2007,3,1,1,2,2,1,1,1,1,1,1,2,1,2,9,6,1,1,33,2,2,0
1,38,12,2007,2,1,1,2,2,1,1,1,1,1,1,1,1,2,9,6,1,1,31,2,2,0
1,38,12,2007,3,1,1,2,2,1,1,1,1,1,1,1,1,1,14,6,1,1,33,2,2,0
4,38,12,2007,3,1,1,2,2,1,1,1,1,1,1,3,1,2,4,6,1,1,45,2,2,0
4,38,12,2007,2,7,1,2,2,1,1,2,1,1,2,3,1,2,14,6,1,1,33,2,2,0
6,48,12,2007,2,1,1,2,2,1,2,1,1,1,2,3,1,2,14,6,1,1,33,2,2,1
2,48,12,2007,2,2,1,2,2,1,1,1,1,1,1,3,1,2,19,6,1,1,33,2,2,1
2,48,10,2007,3,1,1,2,2,1,1,1,1,1,1,3,1,2,4,6,1,1,33,2,2,1
3,44,10,2007,3,1,1,2,2,1,1,1,1,1,1,3,1,2,14,6,1,1,33,2,2,1
4,51,12,2007,2,1,1,2,2,2,1,1,1,3,2,3,1,2,16,11,1,1,33,2,2,0
8,51,12,2007,3,1,1,2,2,1,1,2,1,1,2,3,1,2,2,6,1,1,33,2,2,0
6,45,12,2007,2,7,1,2,2,1,1,1,1,1,1,3,1,2,14,6,1,1,33,2,2,1
6,45,12,2007,2,7,1,2,2,1,1,1,1,1,1,1,1,2,9,6,1,1,33,2,2,0
6,45,12,2007,2,7,1,2,2,1,2,1,1,1,1,1,1,2,9,6,1,1,35,2,2,3
1,50,12,2007,3,1,1,2,2,1,1,1,1,1,1,1,1,2,14,6,1,1,33,2,2,0
5,50,12,2007,3,7,3,2,2,1,1,1,1,1,1,3,1,2,14,6,1,1,33,2,2,0
13,50,12,2007,2,1,1,2,2,1,1,1,1,1,1,3,1,2,9,6,1,1,45,2,2,1
3,51,2,2007,3,1,1,2,2,1,1,1,1,1,1,4,1,2,10,6,1,2,20,1,0,0
1,47,6,2007,1,1,8,2,2,1,2,2,1,1,1,1,1,2,14,11,2,7,33,1,0,0
2,47,6,2007,3,1,1,2,2,1,1,1,1,1,1,3,1,2,9,5,1,1,33,1,1,0
9,47,6,2007,1,1,1,2,2,2,4,1,2,1,1,1,1,2,11,6,1,2,30,1,2,0
4,47,6,2007,3,1,1,2,2,2,1,2,2,1,2,2,1,2,9,6,1,1,33,2,2,0
7,51,3,2007,3,1,1,2,2,1,1,1,1,1,1,1,1,2,9,6,1,1,33,2,1,0
3,51,3,2007,3,1,1,1,2,1,1,1,1,1,1,2,1,2,9,5,1,1,44,2,2,0
3,51,3,2007,3,1,1,2,2,1,1,1,1,1,1,2,1,2,9,6,1,1,30,2,2,1
12,47,6,2007,3,1,2,2,2,2,1,1,2,1,1,1,2,2,4,5,2,1,38,2,2,0
8,47,1,2007,3,1,1,2,2,1,1,1,1,1,1,1,1,2,12,6,1,1,33,1,2,0
1,52,6,2007,3,2,1,2,2,1,1,1,1,1,1,2,1,1,9,6,1,7,45,2,2,1
9,52,6,2007,2,7,1,1,2,1,2,1,1,1,1,3,1,2,9,1,1,2,35,2,2,0
10,52,1,2007,4,2,1,1,2,1,2,1,1,1,1,3,4,2,5,4,1,7,33,2,0,0
6,52,1,2007,4,1,1,2,2,1,2,1,1,1,1,3,1,2,9,6,1,1,30,1,2,0
9,51,6,2007,2,1,1,2,2,2,1,2,2,1,1,2,1,2,9,6,1,1,45,2,2,1
4,51,1,2007,3,3,1,2,2,1,1,1,1,1,1,2,2,2,9,5,1,7,33,2,2,0
1,50,6,2007,2,1,1,2,2,2,1,2,2,1,1,1,1,2,9,5,1,1,33,2,2,3
12,50,6,2007,3,1,1,2,2,1,1,1,1,1,1,1,1,2,9,6,1,1,33,2,2,0
13,50,6,2007,3,1,1,2,2,1,1,1,1,1,1,2,1,2,8,5,1,1,33,2,2,1
7,51,2,2007,2,1,1,1,2,1,1,1,1,1,1,3,1,2,9,6,1,1,33,2,2,0
6,51,2,2007,4,1,1,1,2,1,2,1,1,1,1,4,1,2,17,6,1,2,38,2,2,0
6,45,12,2007,3,7,2,2,2,1,1,1,1,1,1,1,1,2,10,6,1,2,22,2,2,3
1,45,8,2007,2,7,1,2,2,1,4,1,1,1,1,1,1,2,9,6,1,1,33,2,2,0
6,46,2,2007,1,1,1,2,2,1,4,1,1,1,1,1,1,1,14,6,1,2,33,1,2,0
1,46,5,2007,4,1,1,2,2,1,4,1,1,1,1,1,2,1,14,6,1,7,33,1,2,0
1,46,6,2007,1,1,1,2,2,1,4,1,1,1,1,1,1,2,12,6,1,7,33,2,2,1
1,41,7,2007,2,1,1,2,2,4,2,2,2,1,1,1,1,2,9,6,1,7,33,1,2,1
3,41,4,2007,1,2,1,2,2,1,1,2,1,1,1,1,1,2,14,3,1,1,33,2,2,0
3,44,5,2007,5,2,1,2,1,1,1,4,1,1,1,1,1,1,9,6,1,1,33,2,2,0
2,44,5,2007,1,1,1,2,2,1,1,1,1,1,1,1,1,2,9,6,1,6,33,2,2,0
4,44,5,2007,1,1,1,2,2,1,4,1,1,1,1,2,1,1,5,6,1,7,45,2,2,3
4,44,5,2007,2,1,1,2,2,1,1,1,1,1,1,1,1,2,1,9,1,7,33,1,1,1
1,38,2,2007,2,1,1,2,2,1,1,1,1,1,1,1,1,2,9,6,1,1,40,2,2,1
7,38,2,2007,2,3,2,1,1,1,1,2,1,1,1,1,1,2,9,6,1,2,33,2,2,1
5,41,2,2007,2,1,2,2,2,1,1,1,1,1,1,1,1,1,9,6,1,1,33,2,2,3
6,44,6,2007,3,1,1,2,2,1,1,1,1,1,1,1,1,2,6,6,1,7,25,2,2,1
1,35,1,2007,2,7,1,1,1,1,1,2,1,1,1,3,1,1,8,6,1,1,26,2,2,0
4,39,6,2007,1,7,3,2,2,1,1,1,1,1,1,3,3,2,9,6,1,2,33,1,0,0
1,46,3,2007,1,1,1,2,2,1,1,1,1,1,1,1,1,1,14,5,1,2,33,2,2,2
1,42,1,2007,1,1,1,2,1,1,3,1,1,1,1,5,1,1,14,6,1,2,33,1,2,2
1,42,5,2007,2,1,2,2,1,1,1,1,1,1,1,5,1,1,9,6,1,2,26,2,2,1
1,42,6,2007,2,1,1,2,1,1,1,1,1,1,1,5,1,1,9,6,1,2,33,2,2,0
1,42,6,2007,3,3,4,2,1,1,1,1,1,1,1,5,1,1,10,6,1,2,33,1,0,1
2,42,3,2007,2,2,4,2,1,1,1,1,1,1,1,5,1,1,9,6,1,2,23,2,2,0
3,42,4,2007,1,1,1,2,1,1,3,1,1,1,1,5,1,1,14,6,1,2,40,1,2,0
4,42,4,2007,3,2,4,2,2,1,1,1,1,1,1,5,1,1,8,6,1,1,33,2,2,1
4,42,7,2007,3,1,1,2,2,1,1,1,1,1,1,5,1,1,3,6,1,1,34,2,2,3
4,42,7,2007,1,3,1,1,1,1,2,1,1,1,1,5,1,1,9,6,1,1,33,2,2,0
4,42,7,2007,2,3,1,2,2,1,1,1,1,1,1,5,1,1,14,6,1,1,33,2,2,1
5,42,5,2007,2,2,4,1,1,1,1,1,1,1,1,5,1,1,10,6,1,2,33,1,0,3
5,42,6,2007,1,1,4,1,1,1,2,1,1,1,1,5,1,1,9,6,1,1,30,2,2,0
5,42,7,2007,3,3,4,2,2,1,1,1,1,1,1,5,1,1,9,6,1,1,30,2,2,0
5,42,8,2007,2,1,1,1,1,1,1,1,1,1,1,5,1,1,9,6,1,1,26,2,2,1
6,42,10,2007,4,1,1,2,2,2,2,1,2,1,1,5,1,1,9,6,1,2,36,2,2,0
6,42,11,2007,2,7,1,2,2,1,2,1,1,1,1,1,1,1,14,6,1,7,33,2,2,0
8,42,5,2007,4,7,1,1,1,1,3,1,1,1,1,5,1,1,10,6,1,1,26,2,2,1
8,42,6,2007,3,1,1,2,1,1,1,1,1,1,1,5,1,1,10,6,1,1,20,2,2,1
8,42,8,2007,4,2,4,1,1,1,3,1,1,1,1,5,1,1,9,6,1,1,32,2,2,1
8,42,8,2007,4,3,1,2,1,1,3,1,1,1,1,5,1,1,9,6,1,1,33,2,2,0
9,42,3,2007,4,1,1,2,1,1,3,1,3,1,1,5,1,1,9,6,1,1,25,2,2,0
9,42,3,2007,1,3,4,2,1,1,2,1,1,1,1,5,1,1,9,6,1,1,33,2,2,0
9,42,6,2007,4,1,1,1,1,1,3,1,1,1,1,5,1,1,10,6,1,1,33,2,2,0
9,42,8,2007,2,1,1,2,1,1,1,1,1,1,1,5,1,1,10,6,1,2,33,1,0,1
9,42,8,2007,1,3,1,2,1,1,3,1,1,1,1,5,1,1,12,6,1,2,33,2,2,0
9,42,9,2007,2,1,2,2,1,1,1,1,1,1,1,5,1,1,10,6,1,2,20,1,0,1
11,42,4,2007,4,1,1,1,1,1,2,1,1,1,1,5,1,1,14,6,1,2,33,2,2,0
11,42,4,2007,3,1,1,1,1,1,1,1,1,1,1,5,1,1,9,6,1,2,33,2,2,0
11,42,4,2007,4,2,4,1,1,1,3,1,1,1,1,5,1,1,19,6,1,2,27,2,2,0
12,42,2,2007,2,1,1,1,1,1,1,1,1,1,1,5,1,1,9,6,1,2,40,2,2,1
12,42,5,2007,2,1,1,2,1,1,1,1,1,1,1,5,1,1,9,6,1,2,50,2,2,2
12,42,11,2007,4,3,1,2,1,1,1,1,1,1,1,5,1,1,7,6,1,7,33,2,2,0
12,42,11,2007,4,1,1,2,2,1,3,1,1,1,1,5,1,1,10,6,1,7,33,2,2,0
12,42,11,2007,1,1,1,2,1,1,3,1,1,1,1,5,1,1,9,6,1,7,33,2,2,2
12,42,12,2007,4,2,4,1,1,1,3,1,1,1,1,5,1,1,14,6,1,7,28,2,2,0
14,42,3,2007,2,2,4,2,1,1,1,1,1,1,1,1,1,1,10,6,1,2,55,1,0,1
15,42,2,2007,4,1,1,2,2,1,4,1,1,1,1,5,1,1,8,6,1,2,32,2,2,1
15,42,5,2007,2,1,2,2,2,1,1,1,1,1,1,5,1,1,10,6,1,2,25,1,0,1
15,42,7,2007,3,1,1,2,2,1,1,1,1,1,1,5,1,1,19,6,1,2,33,1,0,0
16,42,3,2007,2,1,1,2,1,1,1,1,1,1,1,5,1,1,9,6,1,7,27,2,2,0
16,42,4,2007,4,1,1,2,1,1,3,1,1,1,1,1,5,1,19,6,1,7,33,2,2,1
16,42,4,2007,1,1,1,2,1,1,3,1,1,1,1,5,1,1,14,6,1,7,33,2,2,1
16,42,5,2007,2,1,4,2,1,1,1,1,1,1,1,5,1,1,14,6,1,2,35,2,2,1
17,42,2,2007,2,2,4,2,1,1,1,1,1,1,1,5,1,1,10,6,1,2,33,1,0,0
17,42,4,2007,3,1,1,1,1,1,1,1,1,1,1,5,1,1,12,6,1,7,30,2,2,2
17,42,5,2007,2,1,1,2,1,1,1,1,1,1,1,5,1,1,10,6,1,1,33,2,2,1
17,42,6,2007,3,7,8,2,1,2,1,1,2,1,1,5,1,1,4,6,1,7,36,2,1,1
17,42,6,2007,2,3,2,2,1,1,1,1,1,1,1,5,1,1,8,6,1,7,30,2,2,2
18,42,2,2007,3,3,4,2,1,1,1,1,1,1,1,1,1,1,9,6,1,7,33,2,2,0
21,42,6,2007,2,1,1,2,2,1,1,1,1,1,1,5,1,1,9,6,1,7,50,2,2,0
21,42,7,2007,2,1,1,2,1,1,1,1,1,1,1,5,1,1,10,6,1,7,20,2,2,1
21,42,8,2007,2,1,1,2,1,1,1,1,1,1,1,5,1,1,9,6,1,7,25,2,2,0
21,42,9,2007,1,1,1,2,2,1,3,1,1,1,1,1,1,1,14,6,1,7,33,2,2,0
22,42,3,2007,4,3,1,2,1,1,3,3,1,1,1,3,1,1,19,6,1,1,40,2,2,0
22,42,4,2007,2,1,8,2,1,1,3,1,1,1,1,1,1,1,19,6,1,7,45,2,2,0
22,42,5,2007,2,2,2,2,1,1,1,1,1,1,1,1,1,1,7,6,1,1,30,2,2,3
22,42,5,2007,1,7,2,2,1,1,3,1,1,1,1,1,1,1,14,6,1,1,33,2,2,1
23,42,1,2007,4,1,1,2,1,1,2,1,1,1,1,1,1,1,14,6,2,2,33,1,2,0
23,42,1,2007,1,1,1,2,1,1,3,1,1,1,1,1,1,1,14,6,1,7,33,2,2,0
23,42,2,2007,1,3,1,2,2,1,1,1,1,1,1,1,1,1,14,6,1,7,33,2,2,0
23,42,12,2007,2,1,1,2,1,1,1,1,1,1,1,1,1,1,9,6,1,7,33,2,2,2
2,42,8,2007,2,1,1,2,1,1,1,1,1,1,1,5,1,1,9,6,1,7,33,2,2,0
9,42,8,2007,2,1,1,1,1,1,1,1,1,1,1,5,1,1,10,6,1,2,33,2,2,1
9,42,8,2007,1,3,1,2,1,1,3,1,1,1,1,5,1,1,12,6,1,2,33,2,2,0
9,42,9,2007,2,1,2,2,1,1,1,1,1,1,1,5,1,1,10,6,1,2,20,1,0,1
11,42,4,2007,4,1,1,1,1,1,2,1,1,1,1,5,1,1,14,6,1,1,33,2,2,0
11,42,4,2007,3,1,1,2,1,1,1,1,1,1,1,5,1,1,9,6,1,1,33,2,2,0
11,42,10,2007,2,3,4,1,1,1,1,1,1,1,1,5,1,1,14,6,1,7,33,2,2,1
11,42,12,2007,2,1,1,1,1,1,1,1,1,1,1,5,1,1,9,6,1,7,36,2,2,0
11,42,12,2007,3,1,1,2,1,1,1,1,1,1,1,5,1,1,9,6,1,7,33,2,2,0
11,42,12,2007,2,1,1,1,1,1,1,1,1,1,1,5,1,1,9,6,1,7,33,2,2,0
12,42,2,2007,2,1,1,1,1,1,1,1,1,1,1,5,1,1,9,6,1,2,40,2,2,1
12,42,5,2007,2,1,1,2,1,1,1,1,1,1,1,5,1,1,9,6,1,2,50,2,2,2
12,42,9,2007,2,1,2,2,1,1,1,1,1,1,1,5,1,1,12,6,1,7,33,2,2,3
12,42,9,2007,3,1,2,2,1,1,1,1,1,1,1,5,1,1,9,6,1,7,35,2,2,0
12,42,10,2007,4,3,1,2,1,1,3,1,1,1,1,5,1,1,9,6,1,7,33,2,2,0
14,42,3,2007,2,2,4,2,1,1,1,1,1,1,1,1,1,1,10,6,1,2,55,2,2,1
16,42,5,2007,2,1,4,2,1,1,1,1,1,1,1,5,1,1,14,6,1,7,35,2,2,1
27,42,4,2007,1,1,1,2,1,1,3,1,1,1,1,5,1,1,8,6,1,2,18,2,2,0
29,42,2,2007,2,1,4,2,2,1,1,1,1,1,1,5,1,1,9,6,1,7,30,2,2,2
29,42,4,2007,3,1,1,2,1,1,1,1,1,1,1,5,1,1,9,6,1,7,33,2,2,1
33,42,3,2007,2,1,4,1,1,1,1,1,1,1,1,5,1,1,9,6,1,7,30,2,2,0
33,42,4,2007,2,1,1,2,1,1,1,1,1,1,1,1,1,1,14,6,1,2,33,1,2,0
33,42,5,2007,2,3,1,2,1,1,2,1,1,1,1,1,1,1,9,6,1,7,33,1,2,1
33,42,5,2007,2,1,1,2,2,1,1,1,1,1,1,1,1,1,9,6,1,7,33,1,2,1
33,42,7,2007,3,1,1,1,1,1,1,1,1,1,1,1,1,1,9,6,1,2,33,1,2,0
33,42,8,2007,2,1,1,2,2,1,1,1,1,1,1,5,1,1,14,6,1,2,20,1,2,1
33,42,8,2007,3,3,4,2,1,1,1,1,1,1,1,5,1,1,14,6,1,2,33,1,2,1
33,42,9,2007,2,1,4,2,1,1,1,1,1,1,1,5,1,1,5,6,1,2,33,1,2,0
28,42,10,2007,2,1,8,2,1,1,1,1,1,1,1,5,1,1,5,2,1,7,35,1,2,1
1,21,3,2007,4,1,1,1,2,1,3,1,1,1,1,1,1,1,14,6,1,1,33,2,2,0
1,21,5,2007,2,7,8,2,2,1,1,1,1,1,1,1,1,1,12,6,1,7,23,2,2,1
1,21,5,2007,2,1,4,1,1,1,1,1,1,1,1,1,1,1,14,2,1,1,35,2,2,0
3,21,2,2007,2,1,1,2,2,1,1,1,1,1,1,3,1,2,6,6,1,1,33,2,2,0
3,21,6,2007,3,1,8,2,2,1,1,1,1,1,1,1,1,2,19,2,1,1,33,2,2,1
3,21,6,2007,3,1,1,2,2,1,1,1,1,1,1,1,1,1,14,6,1,1,33,2,2,1
3,21,8,2007,3,1,1,2,2,1,1,1,1,1,1,1,1,2,9,5,1,1,33,2,2,0
5,21,2,2007,2,1,4,1,2,1,1,1,1,1,1,3,1,2,8,6,1,1,33,2,2,0
5,21,4,2007,3,1,1,1,2,1,1,1,1,1,1,3,1,2,8,6,1,1,33,2,2,0
5,21,4,2007,3,3,1,2,1,1,1,1,1,1,1,3,1,2,14,6,1,1,33,2,2,0
4,21,8,2007,2,1,1,2,1,1,1,1,1,1,1,2,1,2,14,5,1,1,33,2,2,0
6,21,3,2007,3,1,1,2,2,1,1,1,1,1,1,4,1,2,19,6,1,1,25,2,2,0
1,19,3,2007,1,1,1,1,2,1,2,1,1,1,1,4,1,2,13,6,1,1,42,2,2,0
2,23,4,2007,3,7,8,1,2,1,1,1,1,1,2,4,1,2,8,6,1,1,33,2,2,0
5,26,4,2007,2,1,1,2,2,1,1,1,1,1,1,1,1,2,13,6,1,1,30,2,2,0
1,26,6,2007,3,1,1,1,2,1,1,1,1,1,1,2,1,2,10,6,1,2,33,1,0,0
7,26,4,2007,3,1,1,2,2,1,1,2,1,1,1,3,1,2,8,6,1,1,33,2,2,0
4,26,4,2007,1,2,1,2,2,1,4,1,1,1,1,1,1,1,12,6,1,1,40,2,2,0
4,26,6,2007,2,1,1,2,2,1,1,1,1,1,1,2,1,2,8,6,1,1,33,2,2,0
1,22,1,2007,3,1,1,1,2,1,1,1,1,1,1,1,1,2,9,10,1,1,40,2,2,1
1,22,5,2007,3,1,1,2,2,1,1,1,1,1,1,3,1,2,4,6,1,1,40,2,2,0
1,25,3,2007,1,2,2,2,1,1,1,1,1,1,1,1,1,1,9,5,1,1,33,2,2,0
7,25,3,2007,3,1,1,2,2,1,1,1,1,1,2,2,1,2,8,4,1,1,33,2,2,1
3,25,1,2007,2,7,1,2,2,1,1,1,1,1,1,2,1,2,9,5,1,1,33,2,2,0
3,25,2,2007,3,1,1,2,2,1,1,1,1,1,1,2,1,2,9,6,1,7,35,2,2,0