Thana,District,Month,Year,Time,Junction_Type,Traffic_Control,Movement,Divider,Weather,Light,Road_Geometry,Surface_Condition,Surface_Type,Surface_Quality,Road_Class,Road_Feature,Location_Type,Vehicle_Type,Vehicle_Movement,Vehicle_Loading,Vehicle_Defect,Vehicle_Driver_Age,Vehicle_Alcohol,Vehicle_Seat_Belt,Accident_Severity
4,25,2,2007,2,1,1,2,2,1,1,1,1,1,1,1,1,2,9,6,1,1,33,2,2,0
3,20,4,2007,2,1,1,2,2,1,1,1,1,1,1,4,1,2,14,6,1,1,33,2,2,1
1,20,1,2007,3,1,1,1,2,1,1,1,1,1,1,1,1,2,16,6,1,1,45,2,2,0
1,20,3,2007,2,1,1,2,2,1,1,1,1,1,1,2,1,2,9,2,1,1,33,2,2,0
2,26,11,2007,2,1,1,1,2,1,1,1,1,1,2,3,1,2,4,6,1,1,18,2,2,3
5,26,8,2007,3,1,1,2,1,1,1,1,1,1,1,1,1,1,9,6,1,1,33,2,2,0
8,24,7,2007,3,1,1,1,1,1,1,1,2,1,1,1,1,1,8,1,1,1,38,2,2,0
1,24,4,2007,3,1,1,2,2,1,1,1,1,1,1,5,1,1,10,6,1,1,33,2,2,1
1,24,5,2007,3,1,1,2,2,1,1,1,1,1,1,1,1,2,9,6,1,1,33,2,2,0
1,24,5,2007,2,1,1,2,2,1,2,1,1,1,1,1,1,2,9,6,1,1,45,2,2,0
3,21,9,2007,2,1,1,1,2,1,1,1,1,1,1,1,1,2,9,6,1,1,33,2,2,0
3,21,9,2007,3,1,1,1,2,1,1,1,1,1,1,1,1,2,14,8,1,1,33,2,2,1
3,21,10,2007,3,1,1,1,2,1,1,1,1,1,1,4,1,2,7,6,1,1,33,2,2,0
1,19,11,2007,3,2,8,1,2,1,1,1,1,1,1,3,1,2,19,6,1,7,55,2,2,0
2,19,12,2007,3,1,1,2,2,1,1,1,1,1,1,2,1,2,14,6,1,1,33,2,2,0
3,19,12,2007,3,1,8,1,2,1,2,1,1,1,1,4,1,2,19,7,2,7,30,2,2,0
4,20,12,2007,2,7,1,1,2,4,1,1,1,1,1,4,1,2,14,6,1,1,33,2,2,0
3,20,12,2007,3,1,1,1,2,1,1,1,1,1,1,3,1,2,9,6,1,1,33,2,2,0
1,29,10,2007,3,1,1,1,2,1,1,1,1,1,1,2,1,2,14,6,1,1,33,2,2,0
1,29,12,2007,3,1,1,1,2,1,1,2,1,1,1,2,1,2,9,6,1,7,38,2,2,0
1,29,12,2007,3,1,1,1,2,1,1,1,1,1,1,2,1,2,9,6,1,1,33,2,2,1
5,29,1,2007,1,1,1,2,2,1,2,1,1,1,1,1,1,2,8,6,1,1,25,2,2,0
5,29,3,2007,2,1,1,1,2,1,2,1,1,1,1,1,1,2,14,6,2,2,33,2,2,0
1,24,10,2007,2,1,1,2,1,1,1,1,1,1,1,3,1,2,9,6,1,1,33,2,2,0
2,24,12,2007,2,1,8,1,2,1,1,1,1,1,1,1,1,2,14,6,1,1,33,2,2,0
2,24,9,2007,3,7,8,2,2,1,1,1,1,1,1,3,1,2,13,6,1,1,25,2,2,0
5,18,12,2007,2,1,1,1,2,1,1,1,1,1,1,3,1,2,14,6,1,1,33,2,2,0
2,18,8,2007,3,7,1,2,2,1,1,1,1,1,1,1,1,2,10,5,1,1,30,2,2,0
1,25,8,2007,3,1,1,1,2,1,1,1,1,1,1,1,1,2,8,6,1,7,33,2,2,1
1,25,10,2007,3,1,1,2,2,1,1,1,1,1,1,1,1,2,9,1,1,1,33,2,2,0
7,25,12,2007,2,1,1,1,2,1,1,3,1,1,3,2,1,2,8,6,1,1,28,2,2,0
5,26,12,2007,3,1,1,2,2,1,1,1,1,1,1,1,1,1,14,6,1,1,33,2,2,0
2,24,7,2007,3,3,1,2,2,1,1,1,1,1,1,1,1,1,14,6,1,1,33,2,2,0
9,24,7,2007,3,4,3,2,1,2,1,2,1,1,1,1,1,1,13,2,1,1,33,2,2,0
3,24,11,2007,3,1,1,2,1,1,1,1,1,1,1,1,1,1,10,6,1,1,33,2,2,0
3,21,11,2007,3,1,1,2,2,1,2,1,1,1,1,3,1,2,14,6,1,1,35,2,2,0
3,21,10,2007,3,1,1,2,2,1,1,1,1,1,1,1,1,1,14,6,1,1,33,2,2,0
3,21,9,2007,2,1,1,2,2,2,1,1,1,1,1,1,1,2,14,7,1,1,45,2,2,0
1,24,11,2007,3,3,1,2,2,1,2,1,1,1,1,5,1,1,6,7,2,3,28,1,2,1
1,29,2,2007,3,1,1,2,2,1,1,2,1,1,1,3,1,2,6,6,1,1,32,1,2,0
8,29,12,2007,4,1,1,2,2,1,2,1,1,1,1,1,2,2,9,5,1,1,37,2,2,1
1,29,4,2007,2,1,1,2,1,1,1,1,1,1,1,2,1,1,9,6,1,1,33,2,2,0
2,21,4,2007,4,1,1,2,2,1,4,1,1,1,1,4,1,2,14,6,2,1,45,1,2,0
5,21,12,2007,3,3,3,2,2,1,1,2,1,1,1,4,1,2,9,5,1,1,33,2,2,0
3,21,2,2007,2,1,1,2,2,4,1,1,1,1,1,1,1,2,14,6,1,1,33,2,2,0
3,21,3,2007,2,1,1,1,1,1,1,1,1,1,1,1,1,1,17,6,1,1,33,2,2,0
3,29,5,2007,4,1,4,2,2,1,1,2,1,1,1,1,1,2,12,6,1,7,33,2,2,0
4,21,2,2007,2,1,1,1,2,1,1,1,1,1,1,1,1,1,9,6,1,1,40,2,0,0
4,21,7,2007,2,1,1,2,2,1,1,1,1,1,1,1,1,2,9,2,2,6,30,1,0,1
3,20,2,2007,1,1,1,1,1,4,2,2,2,1,1,2,1,2,7,6,1,1,33,2,2,3
4,20,1,2007,2,1,8,2,2,1,1,2,1,1,1,2,1,2,9,6,1,1,33,2,0,0
20,1,12,2007,2,1,1,2,1,1,1,1,1,1,1,4,1,2,8,6,1,1,33,2,2,0
4,20,10,2007,1,1,1,2,1,2,1,1,1,1,1,1,2,1,1,9,1,1,33,2,2,0
2,19,2,2007,2,1,1,2,2,1,2,1,1,1,1,2,1,2,9,6,1,1,33,2,2,0
1,18,6,2007,2,7,1,2,2,1,1,1,1,1,1,1,1,1,2,11,1,2,33,2,2,0
1,18,3,2007,2,2,2,2,1,1,1,1,1,1,1,2,1,1,14,6,1,1,33,2,2,0
7,18,6,2007,3,1,1,2,2,1,1,2,2,1,1,1,1,2,9,6,1,1,33,2,2,0
6,18,3,2007,1,1,1,2,1,1,4,1,1,1,1,1,1,2,14,5,1,2,45,2,2,1
6,18,4,2007,3,1,1,2,2,1,1,1,1,1,1,1,1,2,9,6,1,2,33,1,2,0
6,18,4,2007,2,7,1,2,1,1,1,1,1,1,1,1,1,2,14,5,1,1,33,1,0,1
6,18,5,2007,1,2,1,1,2,2,1,2,2,1,1,1,1,2,14,2,1,1,33,2,2,0
6,18,5,2007,3,7,1,1,2,1,1,2,1,1,1,4,1,2,13,1,1,1,35,2,2,1
6,18,7,2007,3,7,3,1,2,2,1,1,2,1,1,1,1,2,9,4,1,1,45,2,2,0
5,18,1,2007,3,3,8,1,2,1,1,3,1,1,1,4,1,2,4,4,2,7,33,1,2,0
1,21,9,2007,3,1,1,2,2,1,1,1,1,1,1,4,1,2,14,6,1,1,33,2,2,0
1,21,11,2007,2,1,1,2,2,1,1,1,1,1,1,1,1,2,14,6,1,1,33,2,2,0
2,20,9,2007,3,1,1,2,1,1,1,1,1,1,1,2,1,2,14,6,1,1,33,2,0,0
1,20,3,2007,4,1,1,2,1,1,3,1,1,1,1,4,1,1,5,6,1,1,33,2,2,0
2,28,4,2007,3,7,1,2,2,1,1,1,1,1,1,5,1,1,9,6,1,4,30,2,2,0
2,28,4,2007,3,5,4,2,1,1,1,1,1,1,1,1,1,1,8,11,1,1,32,2,2,3
5,28,4,2007,3,3,1,2,2,1,1,1,1,1,1,5,1,1,9,6,1,4,30,2,2,0
5,28,4,2007,3,5,4,2,1,1,1,1,1,1,1,1,1,1,8,3,1,1,32,2,2,1
1,28,1,2007,4,2,1,2,2,1,3,1,1,1,1,5,1,1,9,6,1,7,35,2,2,0
2,28,7,2007,2,1,1,2,2,1,1,1,1,1,1,1,1,1,9,5,1,7,33,2,2,3
2,28,7,2007,1,1,8,2,1,1,3,1,1,1,1,5,1,1,14,6,1,7,33,2,2,3
2,28,9,2007,3,1,1,2,2,1,1,1,1,1,1,1,1,1,8,6,1,1,33,2,2,1
4,28,12,2007,2,4,1,2,2,1,1,1,1,1,1,3,1,1,9,5,1,1,33,1,2,0
1,15,1,2007,4,4,4,2,2,1,3,2,1,1,1,1,1,1,14,1,1,1,55,2,2,0
1,15,1,2007,3,1,4,2,2,1,1,1,1,1,1,1,1,1,4,1,1,7,33,2,2,0
1,15,3,2007,4,1,1,2,2,1,4,1,1,1,1,1,1,2,4,6,1,1,20,2,2,0
6,15,2,2007,1,7,1,2,1,1,4,1,1,1,1,1,1,1,6,6,1,7,33,2,2,1
9,13,4,2007,4,7,1,2,2,1,4,1,1,1,1,3,1,1,19,6,1,7,30,2,2,0
8,13,4,2007,1,1,1,2,2,1,2,2,1,1,1,1,1,1,14,7,1,1,33,2,2,0
8,9,6,2007,3,1,1,2,2,1,1,1,1,1,1,2,1,2,17,6,1,7,33,2,2,0
12,9,5,2007,4,1,1,2,2,1,1,1,1,1,1,1,1,1,2,4,1,7,33,2,2,1
10,9,5,2007,4,3,8,2,2,1,4,1,1,1,1,1,1,2,7,1,1,5,42,2,2,1
3,12,3,2007,2,1,4,2,2,1,2,1,1,1,1,3,1,2,9,6,1,7,33,2,2,0
12,9,2,2007,1,3,8,2,2,1,3,1,1,1,1,1,1,1,7,6,1,7,33,2,2,0
11,9,2,2007,2,7,1,2,2,2,1,1,2,1,1,1,2,2,14,6,1,1,35,1,2,0
6,13,2,2007,2,1,1,2,2,1,1,2,1,1,1,2,1,2,9,6,1,7,33,2,2,0
3,13,2,2007,2,7,1,2,2,1,1,1,1,1,1,4,1,2,8,5,1,1,33,2,2,0
1,12,6,2007,3,7,1,2,2,1,1,1,1,1,1,2,1,2,14,6,1,1,35,2,2,0
1,15,6,2007,1,1,8,2,2,1,4,1,1,1,1,1,2,1,14,11,1,6,35,2,2,0
8,13,1,2007,4,3,1,2,2,1,2,1,1,1,1,1,1,2,14,7,2,7,33,2,2,0
8,13,1,2007,3,3,1,2,2,1,1,1,1,1,1,3,1,2,14,7,1,1,33,2,2,0
13,3,3,2007,3,3,1,2,2,1,1,1,1,1,1,3,1,2,8,6,1,7,33,2,2,0
1,3,3,2007,3,2,1,1,2,1,1,1,1,1,1,1,1,1,17,6,1,7,33,2,2,0
1,12,5,2007,3,4,1,2,2,1,1,1,1,1,1,2,1,1,14,6,1,1,27,2,2,0
7,16,3,2007,3,1,3,2,2,1,1,1,1,1,1,3,1,2,2,6,1,7,45,2,2,0
10,16,3,2007,3,3,1,2,2,1,1,1,1,1,1,3,1,2,9,4,1,7,38,2,2,0
4,16,3,2007,3,1,1,2,2,1,1,2,1,1,1,2,1,2,8,6,2,7,27,2,2,1
6,16,3,2007,2,2,8,2,2,1,1,1,1,1,1,1,1,1,9,6,1,7,24,1,2,0
6,16,3,2007,3,7,8,2,2,1,1,1,1,1,1,3,1,2,9,6,1,7,48,1,2,0
2,9,4,2007,4,1,8,2,2,1,4,1,1,1,1,2,1,1,14,6,1,3,33,2,2,0
4,9,5,2007,1,1,1,2,2,2,3,1,2,1,1,2,1,1,13,2,1,1,33,2,2,0
4,9,5,2007,2,1,1,1,2,1,1,1,1,1,1,4,1,2,6,6,1,7,33,2,2,0
7,9,5,2007,2,1,8,2,2,1,1,1,5,1,1,1,1,1,8,11,1,7,33,2,2,2
1,7,3,2007,2,7,8,2,2,1,1,2,1,1,1,1,1,1,9,6,1,3,30,2,2,1
1,1,3,2007,3,1,1,2,2,1,1,1,1,1,1,2,1,2,4,6,1,1,50,2,2,3
2,1,3,2007,1,7,1,2,2,1,4,1,1,1,2,2,1,2,8,6,1,3,40,2,2,0
2,2,2,2007,3,1,8,2,2,1,1,1,1,1,1,3,1,2,14,6,1,7,30,2,2,3
1,2,2,2007,2,1,1,2,2,1,1,1,1,1,1,2,1,2,8,6,1,7,33,1,2,0
10,16,2,2007,3,1,1,2,2,1,1,1,1,1,1,1,1,1,9,11,1,7,33,2,2,0
2,16,2,2007,2,1,1,2,2,1,1,1,1,1,1,4,4,2,13,6,1,1,33,2,2,0
6,16,2,2007,4,1,1,1,2,1,2,1,1,1,1,1,2,1,13,6,1,7,33,2,2,0
8,16,2,2007,2,2,1,2,2,1,1,1,1,1,1,3,1,2,8,6,1,3,33,2,2,0
1,2,1,2007,3,1,1,2,2,1,1,1,1,1,1,1,1,1,16,6,1,7,45,2,2,1
1,2,7,2007,3,1,1,2,2,2,1,1,2,1,2,2,1,2,14,6,1,7,33,1,2,0
1,2,3,2007,3,7,1,2,2,1,1,2,1,1,1,3,1,2,19,6,1,7,33,2,2,0
4,2,6,2007,2,2,1,1,2,1,1,1,1,1,1,2,1,2,17,6,1,7,28,2,2,0
2,16,1,2007,3,2,1,2,2,1,1,1,1,1,1,3,1,2,1,11,1,7,33,2,2,0
7,16,1,2007,3,1,1,1,2,1,1,1,1,1,1,1,1,1,9,5,1,7,35,2,2,0
1,7,1,2007,2,7,1,2,2,4,2,2,1,1,1,5,1,1,9,4,1,1,33,2,2,1
1,1,6,2007,1,1,2,2,2,1,2,1,1,1,1,1,1,1,14,6,1,1,45,2,2,1
1,1,6,2007,2,1,1,2,2,1,1,1,1,1,1,1,1,1,8,6,1,1,27,2,2,0
1,1,7,2007,3,1,1,2,2,1,1,1,1,1,1,3,1,2,17,6,1,1,40,2,2,0
1,1,7,2007,3,1,1,2,2,1,1,1,1,1,1,3,1,2,4,6,1,1,24,2,1,0
3,1,6,2007,3,1,1,2,1,1,1,1,1,1,1,3,1,1,8,6,1,1,33,1,2,0
9,16,4,2007,1,1,1,2,2,1,4,1,1,1,1,2,1,2,4,2,1,7,30,2,1,1
7,16,4,2007,1,1,4,2,1,1,4,1,1,1,1,3,1,2,5,5,1,7,33,2,2,0
7,16,4,2007,1,1,3,2,2,1,2,3,1,1,1,3,1,2,9,3,1,7,33,2,2,0
2,16,4,2007,3,7,1,2,2,1,1,1,1,1,1,4,1,2,13,6,1,1,33,2,2,1
9,16,4,2007,3,4,1,2,2,1,1,1,1,1,1,1,1,1,8,6,1,1,40,1,2,3
12,9,3,2007,1,1,1,2,2,1,4,1,1,1,1,1,1,1,9,11,1,7,33,1,2,0
4,2,11,2007,3,4,8,2,2,1,1,2,1,1,1,3,1,1,8,6,1,7,33,2,2,0
12,9,3,2007,2,1,8,2,2,1,1,1,1,1,1,1,1,1,14,6,1,7,33,2,2,0
12,9,10,2007,3,7,8,2,2,1,1,1,1,1,1,1,1,1,11,6,1,7,33,2,2,0
7,13,11,2007,4,7,1,1,2,1,2,1,1,1,1,2,1,1,8,6,1,7,33,2,2,1
4,12,11,2007,3,7,1,2,2,1,1,1,1,1,1,2,1,2,19,6,1,7,25,2,2,0
4,12,11,2007,3,5,1,2,2,1,4,2,1,1,1,4,1,2,19,6,1,7,33,2,2,1
3,12,3,2007,2,1,4,2,2,1,1,1,1,1,1,3,1,2,9,6,1,7,33,2,2,0
5,12,5,2007,3,4,1,2,2,1,1,1,1,1,1,2,1,1,14,6,1,1,27,2,2,0
1,12,6,2007,3,7,1,2,2,1,1,1,1,1,1,2,1,1,14,6,1,7,35,2,2,0
12,9,10,2007,3,7,3,2,2,1,1,1,1,1,1,1,1,1,11,6,1,7,33,2,2,0
9,13,8,2007,2,7,8,2,2,1,1,1,1,1,1,2,1,2,9,11,1,7,42,2,2,1
6,9,10,2007,3,2,1,1,2,1,1,1,1,1,1,2,1,1,8,11,1,7,35,2,2,0
1,9,7,2007,3,1,1,2,2,1,1,1,1,1,1,1,1,1,6,6,1,7,33,2,2,3
1,9,7,2007,2,1,1,2,2,1,1,2,2,1,1,2,1,2,9,2,1,1,33,1,2,0
1,9,9,2007,2,1,1,1,2,1,1,1,1,1,1,1,1,1,13,6,1,1,33,1,2,0
1,9,11,2007,4,1,1,2,2,1,2,1,1,1,1,2,1,2,5,6,1,7,33,1,2,0
1,3,1,2007,3,7,8,1,2,1,1,1,1,1,1,2,1,1,17,6,1,7,33,2,2,0
7,16,5,2007,3,7,1,1,2,1,1,1,1,1,1,3,1,2,2,4,1,7,33,2,2,0
1,16,8,2007,2,1,1,1,2,1,1,1,1,1,1,2,1,2,14,6,1,1,45,2,2,0
10,16,8,2007,2,1,1,2,2,1,1,1,1,1,1,1,1,1,9,6,1,7,50,2,2,0
10,16,6,2007,2,1,1,2,2,1,1,1,1,1,1,1,1,1,9,6,1,7,33,2,2,0
1,2,10,2007,2,7,1,2,2,1,2,1,1,1,1,2,1,2,9,6,1,1,45,1,2,0
1,10,8,2007,2,1,1,2,2,1,1,1,1,1,1,1,1,1,9,11,1,1,36,2,2,1
1,10,8,2007,4,1,1,2,2,2,1,1,2,1,1,3,1,1,9,5,1,7,28,2,2,0
2,10,7,2007,2,1,1,1,2,1,1,2,1,1,1,4,1,2,4,4,1,7,35,2,2,1
2,10,2,2007,4,1,1,2,2,1,1,1,1,1,1,4,1,2,2,5,1,7,18,2,2,1
1,2,9,2007,2,1,1,2,2,2,1,1,2,1,1,1,1,1,2,6,1,1,26,2,2,0
1,2,9,2007,3,1,1,1,2,1,1,1,1,1,1,3,1,2,17,6,1,7,33,2,2,0
5,13,9,2007,4,1,1,2,2,1,3,1,1,1,1,2,1,1,7,6,1,7,33,2,2,0
5,10,2,2007,3,2,1,2,2,2,1,1,2,1,1,3,4,2,17,6,2,3,22,2,2,0
1,1,9,2007,3,1,1,2,2,1,1,1,1,1,1,1,1,1,14,6,1,1,45,2,2,0
2,1,9,2007,2,3,1,2,2,1,1,1,1,1,1,2,1,1,1,2,1,1,50,2,2,1
2,7,6,2007,4,7,8,2,1,1,2,1,1,1,1,4,1,2,1,6,1,7,33,2,2,1
3,12,9,2007,4,1,4,2,2,1,3,1,1,1,1,2,1,2,19,6,1,7,33,2,2,0
12,9,10,2007,3,2,1,2,1,1,1,1,1,1,1,1,1,1,14,6,1,7,33,2,2,1
4,9,11,2007,2,7,1,1,2,1,1,1,1,1,1,2,1,1,6,6,1,7,33,2,2,1
2,9,7,2007,3,3,1,2,2,1,1,3,1,1,1,4,1,2,9,6,1,7,34,2,2,0
5,9,8,2007,4,1,1,2,2,2,3,2,2,1,2,4,1,2,5,2,1,2,33,2,2,1
2,6,6,2007,3,7,8,2,2,1,1,1,1,1,2,1,1,1,9,6,1,7,33,2,2,0
4,6,6,2007,3,1,1,2,2,1,1,1,1,1,1,1,4,1,9,6,1,7,55,2,2,0
4,6,9,2007,4,1,1,2,2,1,2,1,1,1,1,2,4,2,9,6,1,1,35,2,2,3
4,6,3,2007,3,4,1,2,2,1,1,4,1,1,1,2,1,2,19,1,1,7,20,2,2,3
5,6,1,2007,3,3,1,2,2,1,1,1,1,1,1,1,1,1,14,6,1,7,33,2,2,0
1,5,7,2007,3,7,1,1,2,1,1,1,1,1,1,2,1,1,9,6,1,7,33,2,2,0
1,5,5,2007,3,7,4,1,1,1,1,1,1,1,1,1,1,1,8,6,1,1,33,2,2,3
1,5,2,2007,2,7,1,2,2,1,1,1,1,1,1,2,1,2,8,6,1,7,27,2,2,1
4,5,4,2007,3,1,8,2,2,1,1,1,1,1,1,1,1,1,13,6,1,7,33,2,2,1
5,5,5,2007,1,1,1,2,2,1,4,1,1,1,1,1,1,1,14,6,1,4,33,2,2,2
5,5,2,2007,4,7,1,2,2,2,2,1,2,1,1,1,1,1,12,4,1,7,32,2,2,0
5,5,4,2007,2,7,1,2,2,1,1,1,1,1,1,3,1,2,14,4,1,7,33,2,2,0
5,5,8,2007,2,1,1,1,2,1,2,1,1,1,1,1,1,1,9,6,1,1,33,2,2,1
5,5,7,2007,2,1,1,2,2,1,1,1,1,1,1,1,1,1,14,6,1,7,33,2,2,0
5,5,6,2007,1,1,1,2,2,2,4,1,2,1,1,1,1,1,7,4,1,7,33,2,2,0
5,5,3,2007,2,7,1,2,2,1,1,1,1,1,1,3,1,2,14,6,1,7,33,2,2,1
7,5,3,2007,2,1,1,1,2,1,1,1,1,1,1,1,1,1,9,6,1,7,33,2,2,0
1,6,2,2007,3,1,1,2,1,1,1,1,1,1,1,1,1,1,8,6,1,1,33,2,2,0
3,6,11,2007,3,1,1,1,2,1,1,1,1,1,1,1,1,1,9,6,1,1,33,2,2,0
3,6,10,2007,3,1,1,2,2,1,1,1,1,1,1,1,1,1,14,6,1,7,30,2,2,0
5,6,11,2007,2,1,1,1,2,1,1,1,1,1,1,2,1,2,19,6,1,1,52,2,2,0
5,6,12,2007,4,1,1,2,2,1,4,1,1,1,1,1,1,1,14,6,1,1,33,2,2,0
1,9,7,2007,1,1,1,2,2,1,4,1,1,1,1,1,1,1,9,6,1,1,33,2,2,0
1,9,8,2007,3,3,1,1,1,1,1,1,1,1,1,1,1,1,9,6,1,1,33,2,2,0
1,9,12,2007,3,7,8,2,2,1,1,1,1,1,1,1,1,1,9,6,1,1,27,2,2,0
11,9,7,2007,3,7,8,2,2,1,1,1,1,1,1,1,1,1,10,7,1,1,33,2,2,1
12,9,12,2007,3,7,8,2,2,1,1,1,1,1,1,1,1,1,14,6,1,1,44,2,2,2
12,9,12,2007,2,1,1,1,2,1,1,1,1,1,1,3,1,2,12,6,1,1,35,2,2,1
10,9,12,2007,1,7,1,2,2,4,2,3,1,1,3,1,1,1,9,6,1,1,33,2,2,0
1,5,9,2007,3,7,8,2,2,1,1,1,1,1,1,1,1,1,9,7,1,1,33,2,2,0
4,5,9,2007,2,7,8,2,2,1,2,1,1,1,1,1,1,1,9,4,1,1,33,2,2,1
1,17,6,2007,2,7,8,1,2,1,1,1,1,1,1,2,1,2,14,6,1,1,37,2,2,1
1,17,1,2007,2,7,1,2,2,1,1,1,1,1,1,3,1,2,5,5,1,7,25,2,2,0
9,17,6,2007,4,7,8,2,2,1,3,1,1,1,1,1,1,1,9,6,1,7,33,2,2,0
7,17,12,2007,3,1,1,2,2,1,1,2,1,1,1,1,1,1,7,2,1,1,33,1,2,0
1,10,12,2007,2,7,8,1,2,1,1,1,1,1,1,2,1,2,9,11,1,7,32,2,2,0
4,10,12,2007,2,7,8,2,2,1,2,3,1,1,1,3,1,2,14,5,1,7,45,2,2,0
5,1,12,2007,3,7,1,2,2,1,1,1,1,1,1,1,1,1,17,6,1,1,33,2,2,1
4,1,11,2007,3,1,8,2,2,1,1,2,1,1,1,2,1,2,4,6,1,1,33,2,2,1
1,4,1,2007,4,1,1,2,2,4,4,1,1,1,1,2,1,2,8,11,1,1,32,2,2,1
1,15,10,2007,3,5,1,2,1,1,1,2,1,1,1,1,1,1,8,1,1,1,33,2,2,0
1,15,11,2007,3,1,1,2,2,1,1,1,1,1,1,1,1,1,9,11,1,1,33,2,2,0
1,15,11,2007,1,7,1,2,1,1,2,1,1,1,1,1,1,1,13,6,1,1,33,2,2,0
1,4,7,2007,1,1,1,2,2,1,2,2,1,1,1,2,1,2,8,4,1,1,32,2,2,1
1,4,2,2007,3,4,1,2,2,1,1,1,1,1,1,2,1,2,8,6,1,1,28,2,2,0
3,4,2,2007,4,7,8,2,2,4,2,1,5,1,1,2,4,2,14,11,1,7,48,2,2,0
6,4,5,2007,4,1,1,2,2,1,4,1,1,1,1,2,1,1,9,11,1,7,40,2,2,0
6,4,1,2007,2,3,8,2,2,4,1,1,2,1,1,1,1,1,8,6,1,7,33,2,2,0
8,13,12,2007,2,1,1,2,2,2,1,1,2,2,1,2,1,1,14,11,1,1,33,1,2,0
6,13,11,2007,1,7,1,2,2,1,4,1,1,1,1,2,1,2,12,6,1,1,25,1,2,0
6,13,12,2007,2,7,2,2,1,1,1,1,1,1,1,2,2,2,13,6,1,7,33,1,2,1
6,13,12,2007,2,1,1,2,2,1,1,1,1,1,1,2,1,1,4,6,1,1,24,2,2,1
1,2,12,2007,3,1,1,2,2,1,1,1,1,1,1,3,1,2,8,6,1,7,33,2,2,0
1,12,12,2007,1,3,2,1,2,1,2,1,1,1,1,2,1,2,10,2,1,1,33,1,2,0
1,1,12,2007,2,7,1,2,2,1,1,4,1,1,1,3,1,2,8,6,1,1,30,2,2,0
10,16,9,2007,1,1,1,1,2,1,4,1,1,1,1,2,1,1,14,10,1,1,30,2,2,1
10,16,9,2007,3,1,1,2,2,1,1,1,1,1,1,1,1,2,9,4,1,1,35,2,2,1
11,16,9,2007,3,1,1,2,2,1,1,1,1,1,1,1,1,1,9,2,1,1,33,2,2,0
10,16,10,2007,3,7,8,1,2,1,1,1,1,1,1,2,1,2,14,11,1,1,33,2,2,0
10,16,10,2007,1,7,8,1,2,1,4,1,1,1,1,2,1,2,14,7,1,1,33,2,2,0
10,16,10,2007,2,7,8,2,2,1,1,1,1,1,1,2,1,1,14,6,1,1,32,2,2,0
7,15,10,2007,3,7,1,2,2,1,1,2,1,1,1,4,1,2,4,6,1,7,40,2,2,1
6,15,10,2007,1,1,1,2,2,1,1,1,1,1,1,1,1,1,12,6,1,1,27,2,2,0
6,15,11,2007,3,7,2,2,2,2,1,1,2,1,1,1,1,1,13,6,1,1,33,2,2,2
6,15,11,2007,3,1,8,2,2,1,1,1,1,1,1,1,1,1,14,6,1,1,33,2,2,0
5,15,11,2007,2,7,1,2,2,1,1,1,1,1,1,4,1,2,6,6,1,7,33,2,2,1
10,16,12,2007,3,7,4,2,2,1,1,1,1,1,1,2,1,1,9,6,1,1,33,2,2,0
10,16,12,2007,4,1,4,2,2,1,2,1,1,1,1,2,1,1,13,7,1,1,30,2,2,0
10,16,12,2007,1,7,4,2,2,1,4,1,1,1,1,2,1,1,14,4,1,1,33,2,2,0
10,16,11,2007,1,1,4,2,2,1,2,1,1,1,1,2,1,1,14,6,1,1,33,2,2,2
10,16,11,2007,1,7,4,2,2,1,2,1,1,1,1,2,1,1,14,6,1,1,31,2,2,3
7,16,10,2007,3,1,1,2,2,1,1,1,1,1,1,1,1,1,7,6,1,6,35,2,2,1
10,16,10,2007,1,1,4,2,2,1,2,1,1,1,1,2,1,1,14,6,1,1,35,2,2,0
4,6,11,2007,4,1,1,1,1,4,2,1,1,1,1,1,1,1,8,6,1,1,33,2,2,3
6,17,2,2007,2,1,8,2,2,4,2,1,1,1,1,4,1,2,9,6,1,1,35,2,2,0
7,17,4,2007,1,5,4,2,2,1,2,1,1,1,1,1,1,1,14,6,1,6,33,2,2,0
2,17,12,2007,2,7,8,2,2,1,1,1,1,1,1,1,1,1,14,6,1,1,33,2,2,0
1,11,5,2007,2,7,8,2,2,1,1,1,1,1,1,2,1,1,14,11,2,7,39,2,2,0
1,11,6,2007,4,7,8,2,2,1,3,1,1,1,1,2,1,1,4,5,1,1,22,2,2,1
10,11,5,2007,3,7,8,2,2,1,1,1,1,1,1,3,1,2,14,5,1,1,33,2,2,0
2,11,3,2007,1,7,8,2,2,1,1,1,1,1,1,4,1,2,4,11,1,1,26,2,2,1
5,11,8,2007,1,7,8,2,2,1,2,1,1,1,1,2,1,1,13,5,1,1,33,2,2,0
5,11,10,2007,2,7,8,2,2,1,1,1,1,1,2,4,1,2,8,11,1,7,45,2,2,0
6,11,12,2007,2,7,8,2,2,1,1,1,1,1,1,2,1,1,17,4,1,1,33,2,2,0
6,11,6,2007,2,7,8,2,2,1,1,1,1,1,1,2,1,1,9,5,1,1,45,2,2,0
6,11,5,2007,2,7,8,2,2,1,1,1,1,1,1,2,1,1,14,6,1,1,45,2,2,0
6,11,2,2007,2,7,8,2,2,1,1,1,1,1,1,3,1,2,17,5,1,2,33,2,2,0
4,11,3,2007,2,7,8,2,2,1,1,1,1,1,1,3,1,2,14,4,1,1,35,2,2,0
4,11,5,2007,1,7,8,2,2,1,1,1,1,1,1,2,1,1,8,6,1,1,42,2,2,0