Thana,District,Month,Year,Time,Junction_Type,Traffic_Control,Movement,Divider,Weather,Light,Road_Geometry,Surface_Condition,Surface_Type,Surface_Quality,Road_Class,Road_Feature,Location_Type,Vehicle_Type,Vehicle_Movement,Vehicle_Loading,Vehicle_Defect,Vehicle_Driver_Age,Vehicle_Alcohol,Vehicle_Seat_Belt,Accident_Severity
4,11,8,2007,2,7,8,2,2,1,1,1,1,1,1,2,1,1,9,11,1,1,40,2,2,0
11,11,12,2007,2,7,8,2,2,1,1,1,1,1,1,3,1,2,8,11,1,1,33,2,2,0
4,8,3,2007,4,3,1,2,2,1,2,1,1,1,1,1,1,1,9,6,1,1,33,2,2,0
3,8,3,2007,3,2,1,2,2,1,1,1,1,1,1,1,1,1,9,6,1,1,40,2,2,1
3,8,8,2007,3,1,8,2,2,1,1,1,1,1,1,1,1,1,14,6,1,1,33,2,2,0
1,10,5,2007,2,3,8,2,2,1,1,1,1,1,1,2,1,2,9,5,1,7,33,2,2,0
1,12,10,2007,2,7,1,2,2,1,1,1,1,1,1,1,1,2,14,6,1,7,33,2,2,0
8,11,10,2007,2,1,1,2,2,1,1,1,1,1,1,2,1,1,17,4,2,1,33,2,2,1
5,8,8,2007,3,1,4,2,2,1,1,1,1,1,1,1,1,1,6,6,1,1,33,2,2,0
3,6,9,2007,3,1,1,2,2,1,1,1,1,1,1,3,1,2,14,6,1,7,33,2,2,0
3,8,11,2007,3,1,1,2,2,1,1,1,1,1,1,1,1,1,9,6,1,1,40,2,2,0
3,8,11,2007,2,1,1,2,2,1,1,1,1,1,1,1,1,1,14,6,1,1,38,2,2,0
3,8,12,2007,3,1,1,2,2,1,1,1,1,1,2,1,1,1,9,6,1,1,33,2,2,0
10,9,5,2007,2,7,1,2,2,2,1,2,2,1,1,1,1,2,14,2,2,2,33,2,2,0
1,14,3,2007,4,6,5,1,2,1,3,1,5,1,1,5,4,1,7,1,1,7,26,2,2,0
1,14,4,2007,3,1,1,1,1,1,1,2,1,1,1,4,1,2,17,6,1,7,25,2,2,0
2,14,4,2007,2,1,1,2,1,1,1,1,1,1,1,5,1,1,17,11,2,6,30,1,2,0
3,14,3,2007,4,1,1,1,2,1,3,1,1,1,1,5,1,1,11,6,2,1,24,2,2,0
2,14,6,2007,3,1,1,1,2,1,1,1,1,1,1,5,5,1,9,6,1,3,40,2,2,0
3,14,8,2007,2,1,8,1,2,1,1,1,1,1,1,5,1,1,14,6,1,7,33,2,2,0
1,14,7,2007,2,2,8,1,1,1,1,1,1,1,1,5,1,1,4,11,1,1,35,2,1,1
2,14,11,2007,4,1,1,2,2,1,1,1,1,1,1,1,1,1,9,4,2,7,33,1,2,0
4,14,11,2007,3,1,8,2,2,1,1,2,1,1,1,2,1,1,14,6,2,7,33,1,2,0
1,14,12,2007,3,4,1,2,2,1,1,1,1,1,1,1,1,1,8,6,1,2,31,2,2,0
3,56,1,2007,2,2,8,2,2,1,1,1,1,1,1,1,1,2,9,6,1,1,33,2,2,3
1,55,2,2007,2,1,1,1,2,1,1,1,1,1,1,1,4,2,4,5,1,7,33,2,2,0
6,55,2,2007,2,1,1,2,2,1,1,1,1,1,1,3,1,2,5,6,1,2,33,2,2,0
5,55,2,2007,2,7,1,2,2,1,1,1,1,1,1,3,1,2,9,5,1,1,25,2,2,0
3,53,3,2007,3,1,1,2,2,1,1,1,1,1,1,2,1,1,7,2,1,7,21,2,2,0
3,56,4,2007,2,3,2,2,2,1,1,1,1,1,1,1,1,2,13,11,2,7,32,2,2,0
1,55,5,2007,2,3,1,2,2,1,1,2,1,1,1,2,1,2,8,6,1,7,35,2,2,0
1,53,6,2007,3,1,1,2,2,1,1,1,1,1,1,3,1,2,14,4,1,1,30,2,2,1
5,56,5,2007,2,1,1,2,2,1,1,1,1,1,1,1,1,2,14,4,1,1,45,1,2,0
10,54,5,2007,4,1,8,2,2,1,2,2,1,1,1,3,1,2,9,2,1,2,33,2,2,0
3,56,7,2007,3,1,8,1,2,1,1,1,1,1,1,4,1,2,9,6,1,7,30,2,2,3
5,56,7,2007,3,3,1,2,2,1,1,1,1,1,1,1,1,2,14,6,1,1,33,2,2,0
9,54,8,2007,2,7,1,2,2,1,1,1,1,1,1,1,1,1,9,6,1,2,33,2,2,0
7,54,6,2007,3,1,1,2,2,1,1,2,1,1,1,3,1,2,6,6,1,7,33,2,2,0
8,56,5,2007,3,1,1,2,1,1,1,1,1,1,1,1,2,2,7,6,1,2,33,1,2,1
1,55,8,2007,4,1,8,2,2,1,2,1,1,1,1,3,1,2,14,1,1,1,33,2,2,1
5,55,7,2007,3,1,1,2,2,2,1,1,2,1,1,2,1,2,9,11,1,1,33,2,2,1
7,56,9,2007,3,2,3,2,2,1,1,1,1,1,1,1,1,2,14,2,1,7,33,2,2,0
1,55,9,2007,2,7,1,2,2,1,2,1,1,1,1,3,1,1,14,2,1,7,33,2,2,0
5,54,9,2007,3,1,1,2,2,1,1,1,1,1,2,3,1,2,14,7,2,1,33,2,2,2
3,53,10,2007,3,1,1,2,2,1,1,1,1,1,1,1,1,2,9,6,2,7,33,1,2,0
1,55,10,2007,3,1,1,2,2,1,1,1,1,1,1,3,1,2,9,6,1,7,41,2,2,0
3,54,12,2007,3,1,4,2,2,1,1,1,1,1,1,4,1,2,9,5,1,4,33,2,2,0
8,56,11,2007,1,2,8,1,2,1,2,1,1,1,1,4,2,2,14,6,2,7,33,1,0,0
7,56,10,2007,1,2,1,1,2,2,3,1,1,1,1,1,2,1,14,1,2,1,35,2,2,0
3,53,12,2007,2,7,1,2,2,1,1,1,1,1,1,2,1,2,4,6,1,7,25,2,2,0
9,54,11,2007,3,7,1,2,2,1,4,1,1,1,1,1,1,2,13,6,1,2,33,2,2,0
7,56,12,2007,3,2,1,2,2,1,1,1,1,1,1,1,1,2,9,6,2,7,40,2,2,0
3,54,12,2007,2,1,1,2,2,1,1,4,1,1,1,1,1,2,9,6,1,7,33,2,2,0
4,55,6,2007,4,1,8,2,2,1,1,1,1,1,1,4,2,2,14,6,1,1,33,2,2,3
3,56,11,2007,2,1,8,2,2,1,1,1,1,1,1,3,1,2,17,6,1,1,25,2,2,0
13,54,12,2007,2,1,1,2,2,1,1,1,1,1,1,1,1,2,9,6,1,2,33,2,2,0
6,54,9,2007,3,1,1,2,1,1,1,1,1,1,1,2,1,2,7,5,1,2,33,1,2,1
8,54,9,2007,4,1,1,2,2,1,4,1,1,1,1,4,1,2,8,5,1,2,43,2,2,1
8,56,9,2007,3,1,1,1,2,1,1,1,1,1,1,1,1,2,9,5,1,1,33,2,2,0
8,56,9,2007,2,1,1,2,2,2,1,1,1,1,1,1,1,2,9,6,1,7,33,2,2,0
10,54,9,2007,4,1,1,1,2,1,1,1,4,1,2,2,1,1,8,6,1,2,33,2,2,0
3,53,7,2007,3,1,1,2,2,1,1,1,1,1,1,1,1,2,8,6,2,7,33,1,2,1
1,53,4,2007,4,1,1,2,2,1,3,1,1,1,1,2,1,1,12,6,1,7,18,2,2,0
13,54,1,2007,3,1,1,2,2,1,1,1,1,1,1,1,1,2,4,6,1,2,33,2,2,0
9,54,3,2007,4,1,1,2,2,1,2,2,1,1,1,1,2,2,14,6,1,2,33,2,2,0
2,27,5,2007,1,1,1,2,2,1,2,1,1,1,1,2,1,2,14,6,1,1,38,2,2,0
4,31,6,2007,3,1,1,2,2,1,1,2,1,1,1,3,1,2,9,1,1,1,25,2,2,0
1,33,9,2007,2,4,1,2,2,1,1,1,1,1,1,1,1,2,9,6,1,1,35,2,2,0
6,34,9,2007,2,1,1,2,2,1,1,1,1,1,1,1,1,2,16,2,1,1,33,1,2,0
6,34,11,2007,3,1,1,2,2,1,1,1,1,1,1,1,1,2,8,6,1,1,40,2,2,2
12,64,2,2007,3,1,1,2,2,1,1,1,1,1,1,1,1,1,9,6,1,1,45,2,2,0
7,58,5,2007,3,1,1,2,2,1,1,1,1,1,1,1,1,1,9,6,1,1,33,2,2,0
7,58,6,2007,3,3,5,2,1,1,1,1,1,1,1,3,2,1,8,6,1,1,52,2,2,1
7,58,6,2007,2,1,1,2,2,1,1,1,1,1,1,1,1,2,3,6,1,1,33,2,2,0
7,58,7,2007,3,1,1,2,1,1,1,1,1,1,1,1,1,2,9,6,1,2,33,2,2,0
1,62,7,2007,1,1,1,2,2,1,1,2,1,1,2,1,1,1,14,6,1,7,30,2,2,0
2,61,5,2007,2,1,1,2,2,1,1,1,1,1,1,4,1,2,7,6,1,1,33,2,2,0
7,58,9,2007,2,1,1,2,2,1,1,1,1,1,1,1,1,1,14,5,1,1,40,2,2,1
7,58,9,2007,3,3,1,2,2,1,1,2,1,1,1,1,1,1,8,6,1,1,40,2,2,0
7,58,10,2007,2,1,1,2,1,1,1,1,1,1,1,1,1,2,9,5,1,2,33,1,2,0
6,58,11,2007,2,1,1,2,2,1,1,1,1,1,1,1,1,1,9,6,1,1,33,2,2,0
9,63,5,2007,1,1,1,2,2,1,4,1,1,1,1,1,1,2,14,6,1,1,33,2,2,0
9,63,7,2007,3,1,1,2,2,1,1,1,1,1,1,1,1,2,8,6,1,1,33,2,2,0
5,44,12,2007,1,1,1,2,1,1,1,1,1,1,1,1,1,2,9,6,1,1,33,1,0,0
14,63,9,2007,2,1,1,2,2,1,2,1,1,1,1,1,1,2,9,6,1,7,33,2,2,0
14,63,10,2007,3,1,1,2,2,1,1,1,1,1,1,1,1,2,14,6,1,1,33,2,2,1
1,60,4,2007,1,1,1,2,2,2,1,1,2,1,1,1,1,2,9,6,1,1,40,2,2,0
8,63,12,2007,3,1,1,2,2,1,1,1,1,1,1,4,1,2,5,6,1,7,33,2,2,0
8,63,12,2007,2,1,1,2,2,1,2,1,1,1,1,1,1,2,14,6,1,6,32,2,2,0
5,66,6,2007,3,1,2,1,1,1,1,1,1,1,1,2,1,2,9,4,1,3,33,2,2,0
11,63,10,2007,2,1,1,2,2,1,1,2,1,1,1,1,2,1,7,1,1,1,33,2,2,0
9,63,10,2007,2,1,1,2,2,1,1,1,1,1,1,1,1,2,9,6,1,1,33,2,2,0
6,47,3,2007,2,3,1,1,2,1,1,2,1,1,1,3,1,2,14,6,1,1,35,2,2,0
9,47,3,2007,1,1,1,2,2,1,1,1,1,1,1,1,1,2,14,6,1,1,29,2,2,1
9,47,3,2007,2,1,1,2,2,1,1,1,1,1,1,1,1,2,8,6,1,1,33,2,2,2
9,47,3,2007,3,1,1,2,2,1,1,1,1,1,1,1,1,2,9,6,1,1,33,2,2,0
5,47,3,2007,4,1,1,2,2,1,1,1,1,1,1,3,1,2,6,6,1,1,33,2,2,0
3,43,3,2007,1,1,1,2,2,1,1,1,1,1,1,1,1,2,9,6,1,1,35,2,2,0
4,43,3,2007,4,1,1,2,2,1,1,1,1,1,1,1,1,2,13,6,1,1,33,2,2,0
2,43,3,2007,3,1,1,2,2,1,1,1,1,1,1,1,1,2,9,6,1,1,33,2,2,0
7,38,3,2007,3,1,1,2,2,1,1,1,1,1,1,3,1,2,1,6,1,1,35,2,2,1
10,50,3,2007,2,1,1,2,2,1,1,1,1,1,1,3,1,2,14,6,1,1,33,2,2,1
2,50,3,2007,2,1,1,2,2,1,1,1,1,1,1,1,1,2,14,6,1,1,33,2,2,0
5,50,3,2007,4,1,1,2,2,1,1,1,1,1,1,3,1,2,14,6,1,1,33,2,2,1
5,41,3,2007,3,1,1,2,2,1,1,1,1,1,1,1,1,2,9,6,1,1,33,2,2,1
1,41,3,2007,2,1,1,2,2,1,1,1,1,1,1,1,1,2,9,6,1,1,33,2,2,1
7,41,3,2007,2,1,1,2,2,1,1,1,1,1,1,1,1,2,8,6,1,1,33,2,2,1
6,40,3,2007,4,1,1,2,2,1,1,1,1,1,1,1,1,2,8,6,1,1,33,2,2,1
1,46,4,2007,2,1,1,2,2,1,1,1,1,1,1,1,1,2,14,6,1,1,33,2,2,2
5,46,4,2007,3,2,1,2,2,1,1,1,1,1,1,1,1,2,14,6,1,1,33,2,2,1
1,38,4,2007,3,1,1,2,2,1,1,1,1,1,1,1,1,2,13,6,1,1,33,2,2,1
1,35,4,2007,3,1,1,2,2,1,1,1,1,1,1,1,1,2,8,6,1,1,35,2,2,0
1,52,4,2007,4,1,1,2,1,1,3,3,1,1,1,5,1,1,11,6,1,1,33,2,2,2
1,47,4,2007,1,1,1,2,2,1,1,1,1,1,1,3,1,2,14,6,1,1,35,2,2,0
3,43,4,2007,3,1,1,2,2,1,1,1,1,1,1,1,1,2,8,6,1,1,38,2,2,0
3,43,3,2007,1,1,1,2,2,1,1,1,1,1,1,1,1,2,9,6,1,1,35,2,2,0
5,41,4,2007,2,1,1,2,2,1,1,1,1,1,1,1,1,2,9,6,1,1,33,2,2,2
5,41,4,2007,2,1,1,2,2,1,1,1,1,1,1,1,1,2,9,6,1,1,33,2,2,0
1,41,4,2007,3,1,1,2,2,1,1,1,1,1,1,3,1,2,9,6,1,1,33,2,2,1
1,41,4,2007,1,1,1,2,2,1,1,1,1,1,1,1,1,2,14,6,1,1,33,2,2,1
11,50,5,2007,2,1,1,2,2,1,1,1,1,1,1,2,1,2,9,6,1,1,33,2,2,3
6,38,5,2007,3,1,1,2,2,1,1,1,1,1,1,1,1,2,9,6,1,1,33,2,2,2
1,48,5,2007,3,1,1,2,2,1,1,1,1,1,1,1,1,2,19,6,1,1,33,2,2,0
7,47,5,2007,2,1,1,2,2,1,1,1,1,1,1,1,1,2,9,6,1,1,33,2,2,0
1,47,5,2007,5,1,1,2,2,1,1,1,1,1,1,1,1,2,14,6,1,1,33,2,2,0
1,47,5,2007,2,1,1,2,2,1,1,1,1,1,1,1,1,2,9,6,1,1,32,2,2,2
1,40,4,2007,1,1,1,2,2,1,1,1,1,1,1,1,1,2,13,6,1,1,33,2,2,2
1,40,6,2007,1,1,1,2,1,1,2,1,1,1,1,1,1,2,14,6,1,1,33,2,2,3
1,40,4,2007,3,1,1,2,2,1,1,1,1,1,1,1,1,2,9,6,1,1,33,2,2,0
7,40,4,2007,2,1,1,2,2,1,1,1,1,1,1,3,1,2,9,6,1,1,33,2,2,0
6,40,6,2007,2,1,1,2,2,1,2,1,1,1,1,1,1,2,9,6,1,1,33,2,2,0
3,38,6,2007,1,1,1,2,2,1,1,1,1,1,1,1,1,2,9,6,1,1,33,2,2,0
1,38,6,2007,2,1,1,2,2,1,2,1,1,1,1,1,1,2,14,6,1,1,50,2,2,0
6,38,6,2007,3,1,1,2,2,1,1,1,1,1,1,1,1,2,14,6,1,1,33,2,2,1
1,45,5,2007,4,1,1,2,2,1,1,1,1,1,1,1,1,2,12,6,1,1,33,2,2,1
1,45,1,2007,4,1,1,2,2,1,1,1,1,1,1,1,1,2,9,6,1,1,33,2,2,1
7,44,1,2007,1,1,1,2,2,1,1,1,1,1,1,1,1,2,13,6,1,1,33,2,2,0
2,43,1,2007,2,1,1,2,2,1,1,1,1,1,1,1,1,2,9,6,1,1,33,2,2,0
5,41,1,2007,3,1,1,2,2,1,1,1,1,1,1,1,1,2,9,6,1,1,33,2,2,1
3,39,1,2007,2,1,1,2,2,1,1,1,1,1,1,1,1,2,14,6,1,1,33,2,2,0
3,39,1,2007,3,1,1,2,2,1,1,1,1,1,1,1,1,2,8,6,1,1,33,2,2,1
2,35,1,2007,4,1,1,2,2,1,1,1,1,1,1,1,1,2,4,6,1,1,33,2,2,0
6,45,2,2007,1,2,1,2,2,1,1,1,1,1,1,1,1,2,9,6,1,1,33,2,2,0
7,41,2,2007,3,1,1,2,2,1,1,1,1,1,1,3,1,2,14,6,1,1,33,2,2,1
5,44,2,2007,2,1,1,2,2,1,1,1,1,1,1,1,1,2,10,6,1,1,33,2,2,2
1,40,1,2007,3,1,1,2,2,1,1,1,1,1,1,1,1,2,7,6,1,1,33,2,2,2
3,40,2,2007,3,1,1,2,2,1,1,1,1,1,1,1,1,2,9,6,1,1,33,2,2,0
1,46,1,2007,2,1,1,2,2,1,1,1,1,1,1,1,1,2,14,6,1,1,33,2,2,0
1,46,2,2007,2,2,1,2,2,1,1,1,1,1,1,1,1,2,14,6,1,1,33,2,2,0
2,47,7,2007,3,7,1,1,2,1,1,1,1,1,1,1,1,2,9,6,1,1,35,2,2,0
8,51,7,2007,2,1,1,1,2,1,4,1,1,1,1,2,1,2,8,5,1,1,26,2,2,0
6,44,8,2007,2,7,8,2,1,1,4,1,1,1,1,1,1,2,19,11,1,1,33,2,2,3
5,44,9,2007,3,1,1,1,2,1,1,1,1,1,1,1,1,2,9,11,1,1,33,2,2,0
7,44,8,2007,2,1,1,2,1,1,1,1,1,1,1,1,1,2,7,2,1,1,42,2,2,3
5,44,8,2007,2,1,1,1,2,1,1,1,1,1,1,1,1,2,9,6,1,1,33,2,2,0
12,47,8,2007,2,7,1,1,2,1,1,2,1,1,1,1,1,2,9,2,1,7,40,2,2,0
10,50,8,2007,3,1,1,1,2,2,1,2,2,1,1,1,1,2,9,6,1,1,33,2,2,3
13,50,8,2007,2,7,1,1,2,2,1,1,2,1,1,3,1,2,9,6,1,7,33,2,2,0
2,39,8,2007,1,2,1,1,2,1,1,1,1,1,1,3,1,2,9,2,1,1,35,2,2,1
5,41,9,2007,4,1,1,1,2,1,2,1,1,1,1,1,1,2,9,6,1,1,33,2,2,1
5,50,9,2007,3,1,1,2,2,1,1,2,1,1,1,3,1,2,9,2,1,1,30,2,2,3
8,51,9,2007,3,7,1,1,2,2,1,2,2,1,1,2,1,2,8,1,1,7,33,2,2,0
6,41,10,2007,2,1,1,2,2,1,1,1,1,1,1,1,1,1,9,6,1,1,33,2,2,0
2,50,10,2007,3,7,1,2,2,1,1,2,1,1,1,3,1,2,6,6,1,1,25,2,2,1
6,38,10,2007,3,1,1,2,1,2,1,1,2,1,1,3,1,2,7,6,1,1,33,2,2,0
7,41,10,2007,3,1,1,2,2,1,2,1,1,1,1,1,1,2,9,6,1,1,33,2,2,1
1,50,11,2007,4,1,1,2,2,1,4,1,1,1,1,3,1,2,8,1,1,2,33,2,2,0
1,50,11,2007,2,2,8,2,2,1,1,1,1,1,1,1,1,1,9,4,1,1,33,2,2,0
11,50,11,2007,3,1,1,2,1,1,1,1,1,1,1,1,1,2,9,6,1,1,33,2,2,1
13,50,11,2007,3,1,1,2,2,1,1,1,1,1,1,3,1,2,9,1,1,1,30,2,2,0
1,39,11,2007,4,1,1,2,2,1,2,1,1,1,1,2,1,2,7,1,1,1,33,2,2,0
3,39,11,2007,3,1,1,2,2,1,1,1,1,1,1,1,1,2,9,6,1,1,30,2,2,2
1,38,11,2007,2,1,1,2,2,2,1,1,3,1,1,1,1,2,9,6,1,1,48,2,2,3
3,38,12,2007,2,1,1,2,2,1,4,1,2,1,1,1,1,2,9,6,1,1,33,2,2,0
8,51,6,2007,3,1,1,2,2,2,4,2,2,1,1,2,1,2,13,6,1,7,33,2,2,1
9,42,1,2007,2,1,4,2,1,1,1,1,1,1,1,5,1,1,8,6,1,1,26,2,2,2
9,42,6,2007,1,1,4,1,1,1,3,1,1,1,1,5,1,1,14,6,1,1,25,2,2,1
9,42,9,2007,1,2,4,1,1,1,3,1,1,1,1,5,1,1,14,6,1,2,27,1,2,0
12,42,11,2007,1,2,4,2,1,1,3,1,1,1,1,5,1,1,14,6,1,7,33,2,2,0
15,42,6,2007,1,1,1,2,2,1,3,1,1,1,1,5,1,1,14,6,1,1,33,2,2,1
17,42,6,2007,4,1,1,1,1,1,1,1,1,1,1,5,1,1,4,6,1,7,38,2,1,1
23,42,5,2007,3,1,1,1,1,1,1,1,1,1,1,1,1,1,10,6,1,7,33,1,0,1
9,42,9,2007,1,2,4,2,1,1,3,1,1,1,1,5,1,1,14,6,1,1,27,1,2,0
12,38,9,2007,3,1,1,2,1,1,1,1,1,1,1,1,1,1,9,6,1,7,33,2,2,0
1,22,7,2007,1,1,1,2,2,2,3,1,2,1,1,1,1,2,14,6,1,1,48,2,2,0
1,29,3,2007,2,1,1,2,1,1,1,1,1,1,1,1,1,2,4,6,2,1,33,2,2,0
2,21,11,2007,4,1,1,1,2,2,1,1,2,1,1,1,2,2,9,1,2,1,29,2,2,0
6,21,4,2007,3,1,1,2,2,1,1,1,1,1,1,1,1,2,14,6,1,1,33,1,2,0
1,21,11,2007,2,1,1,1,2,1,1,1,1,1,1,1,1,2,8,6,1,1,40,2,2,1
1,28,5,2007,1,1,4,2,1,1,2,1,1,1,1,1,2,1,9,6,1,7,35,2,2,0
2,28,10,2007,3,1,1,2,2,1,1,1,1,1,2,1,1,1,9,6,1,1,37,2,2,1
1,8,10,2007,3,1,1,2,2,1,2,1,1,1,1,2,1,1,8,4,1,1,55,2,2,1
6,55,10,2007,4,1,1,2,2,1,4,2,1,1,1,1,1,1,14,2,1,1,55,2,2,2
2,55,5,2007,4,1,1,2,2,1,1,1,1,1,1,2,1,2,5,6,1,7,28,2,2,3
10,54,11,2007,4,1,1,2,2,1,2,1,1,1,1,2,1,2,8,5,1,1,33,2,2,0
5,53,12,2007,2,1,1,2,2,1,1,1,1,1,2,4,1,2,6,6,2,1,33,2,2,0
11,11,8,2007,4,1,1,2,2,1,4,1,1,1,1,1,1,1,14,6,1,2,33,2,2,1
4,54,9,2007,4,1,1,2,2,1,1,1,1,1,1,2,1,2,8,5,1,1,27,2,2,1
3,54,4,2007,3,1,1,2,2,1,1,1,1,1,1,2,1,2,8,5,1,1,27,2,2,0
1,53,3,2007,3,7,1,2,2,1,1,1,1,1,1,2,1,2,8,6,1,7,33,2,2,1
3,32,8,2007,2,1,1,2,2,1,1,1,1,1,1,1,1,2,1,6,1,1,33,1,2,0
10,34,10,2007,3,2,1,2,2,1,1,2,1,1,1,1,1,2,9,1,1,1,49,2,2,1
2,64,4,2007,2,1,1,2,2,1,1,1,1,1,1,5,1,1,6,6,1,1,33,2,2,0
4,59,11,2007,4,1,2,2,2,1,2,1,1,1,1,2,1,2,4,5,1,7,33,2,2,0
1,61,12,2007,1,1,1,2,2,1,4,1,1,1,1,1,1,2,10,6,1,1,30,2,2,0
7,58,7,2007,1,1,1,2,2,1,4,1,1,1,1,1,1,2,14,10,1,1,40,2,2,1
3,62,6,2007,4,2,1,1,2,1,3,1,1,1,1,2,1,2,9,6,1,7,33,2,2,0
6,58,1,2007,3,2,4,2,2,1,1,1,1,1,1,1,1,2,9,10,1,1,33,2,2,0
3,57,3,2007,4,1,2,2,2,1,4,5,1,1,1,1,1,2,14,6,2,2,30,2,2,1
1,60,5,2007,2,1,1,2,2,1,1,1,1,1,1,1,1,2,8,5,1,1,25,2,2,1
8,63,11,2007,4,1,1,2,1,1,3,1,1,1,1,1,1,2,14,5,1,1,33,2,2,0
1,68,6,2007,2,3,1,2,2,1,1,1,1,1,1,1,1,1,1,2,1,1,22,2,2,2
1,41,11,2007,1,7,1,2,2,4,4,1,1,1,1,1,1,2,14,6,1,1,33,2,2,1
7,41,11,2007,1,2,1,2,2,1,3,1,1,1,1,1,1,2,14,10,1,1,33,2,2,0
1,35,11,2007,2,1,1,2,2,1,1,2,1,1,1,3,1,2,9,6,1,1,33,2,2,1
1,52,11,2007,2,3,1,2,2,1,1,1,1,1,1,3,1,2,1,6,1,1,33,2,2,0
6,38,10,2007,3,1,1,2,2,1,1,1,1,1,1,1,1,2,14,10,1,1,33,2,2,0
1,39,12,2007,5,1,1,2,2,1,1,1,1,1,1,2,1,2,6,6,1,1,33,2,2,1
6,38,12,2007,4,1,1,2,2,1,4,1,1,1,1,1,1,2,13,6,1,1,28,2,2,0
7,44,10,2007,3,1,1,2,2,1,1,1,1,1,1,1,1,2,7,10,1,1,33,2,2,1
1,42,1,2007,1,1,1,2,1,1,3,1,1,1,1,5,1,1,19,6,1,2,33,1,2,2
1,42,1,2007,2,1,1,2,1,1,1,1,1,1,2,5,1,1,19,6,1,2,33,1,2,2
1,42,4,2007,2,2,4,2,1,1,1,1,1,1,1,5,1,1,10,6,1,2,33,1,0,0
1,42,5,2007,2,2,4,1,1,1,1,1,1,1,1,5,1,1,9,6,1,2,33,2,2,2
1,42,6,2007,2,3,4,2,1,1,1,1,1,1,1,5,1,1,9,6,1,2,33,2,2,2
1,42,6,2007,4,2,4,2,1,1,3,1,1,1,1,5,1,1,10,6,1,2,30,1,0,1
1,42,7,2007,3,2,4,2,1,1,1,1,1,1,1,5,1,1,9,6,1,2,33,2,2,2
3,42,6,2007,1,1,1,1,1,1,3,1,1,1,1,1,1,1,14,6,1,2,33,1,2,1
3,42,7,2007,4,3,1,2,1,1,3,1,1,1,1,1,1,1,9,6,1,2,33,2,2,1
8,42,1,2007,3,3,4,1,1,1,1,1,1,1,1,5,1,1,10,6,1,1,33,2,2,2
8,42,3,2007,2,1,1,1,1,1,1,1,1,1,1,5,1,1,10,6,1,1,25,2,2,2
8,42,3,2007,4,1,1,1,1,1,2,1,1,1,1,5,1,1,10,6,1,1,35,2,2,2
8,42,3,2007,2,3,4,1,1,1,1,1,1,1,1,5,1,1,8,6,1,1,22,2,2,3
8,42,3,2007,1,1,4,1,1,1,3,1,1,1,1,5,1,1,10,6,1,1,33,2,2,2
8,42,4,2007,3,3,4,1,1,1,1,1,1,1,1,5,1,1,10,6,1,1,33,2,2,2
8,42,5,2007,2,1,4,2,1,1,1,1,1,1,1,5,1,1,9,6,1,1,33,2,2,2
8,42,7,2007,4,1,1,2,1,1,3,1,1,1,1,5,1,1,9,6,1,1,33,2,2,2
9,42,2,2007,4,2,4,1,1,1,3,1,1,1,1,5,1,1,14,6,1,1,33,2,2,0
9,42,2,2007,3,1,1,1,1,1,1,1,1,1,1,5,1,1,9,6,1,1,33,2,2,2
9,42,4,2007,3,1,4,1,1,1,1,1,1,1,1,5,1,1,9,6,1,1,20,2,2,0
9,42,4,2007,4,1,1,2,1,1,3,1,1,1,1,5,1,1,14,6,1,2,30,2,2,3
9,42,5,2007,2,3,4,1,1,1,1,1,1,1,1,5,1,1,5,6,1,2,38,2,2,2
9,42,5,2007,2,1,4,1,1,1,1,1,1,1,1,5,1,1,9,6,1,2,33,2,2,2
9,42,5,2007,2,3,4,1,1,1,1,1,1,1,1,5,1,1,9,6,1,2,18,2,2,2
9,42,8,2007,1,3,4,1,1,1,2,1,1,1,1,5,1,1,14,6,1,2,33,1,2,0
10,42,1,2007,1,3,4,2,1,1,3,1,1,1,1,5,1,1,9,6,1,2,33,2,2,2
11,42,3,2007,4,3,4,1,1,1,2,1,1,1,1,5,1,1,10,6,1,7,40,2,2,2
11,42,4,2007,4,3,4,1,1,1,3,1,1,1,1,5,1,1,9,6,1,2,40,2,2,2
11,42,10,2007,1,1,1,2,1,1,2,1,1,1,1,5,1,1,14,6,1,7,33,2,2,1
12,42,5,2007,4,1,1,2,1,1,1,1,1,1,1,5,1,1,19,6,1,2,33,2,2,2
12,42,8,2007,2,2,4,2,1,1,1,1,1,1,1,5,1,1,10,6,1,2,33,1,0,2
12,42,11,2007,2,1,1,2,1,1,1,1,1,1,1,5,1,1,9,6,1,7,33,2,2,0
12,42,12,2007,2,1,1,2,1,1,1,1,1,1,1,5,1,1,9,6,1,7,48,2,2,2
14,42,1,2007,4,2,4,2,1,1,3,1,1,1,1,1,1,1,9,6,1,2,33,2,2,2
14,42,5,2007,4,2,4,1,1,1,3,1,1,1,1,1,1,1,14,6,1,2,33,2,2,2
14,42,5,2007,2,1,1,2,1,1,1,1,1,1,1,1,1,1,10,6,1,2,22,1,0,2
16,42,3,2007,1,1,1,2,1,1,3,1,1,1,1,5,1,1,12,6,1,7,30,2,2,2
16,42,6,2007,1,3,4,2,1,1,2,1,1,1,1,5,1,1,14,6,1,2,33,1,2,0
17,42,1,2007,4,3,4,1,1,1,3,1,1,1,1,5,1,1,9,6,1,1,33,2,2,2
17,42,4,2007,2,1,1,2,1,1,1,1,1,1,1,5,1,1,9,6,1,7,33,2,2,2