Thana,District,Month,Year,Time,Junction_Type,Traffic_Control,Movement,Divider,Weather,Light,Road_Geometry,Surface_Condition,Surface_Type,Surface_Quality,Road_Class,Road_Feature,Location_Type,Vehicle_Type,Vehicle_Movement,Vehicle_Loading,Vehicle_Defect,Vehicle_Driver_Age,Vehicle_Alcohol,Vehicle_Seat_Belt,Accident_Severity
18,42,1,2007,2,1,1,1,1,1,1,1,1,1,1,5,1,1,10,6,1,7,28,2,2,2
21,42,6,2007,3,1,1,2,2,1,1,1,1,1,1,1,1,1,9,6,1,7,33,2,2,1
21,42,9,2007,4,6,4,2,2,1,3,1,1,1,1,5,1,1,14,6,1,2,20,1,2,2
23,42,4,2007,1,1,4,2,1,1,2,1,1,1,1,1,1,1,19,6,1,7,33,2,2,0
23,42,5,2007,1,1,1,1,1,1,3,1,1,1,1,1,1,1,10,6,1,7,33,2,2,0
25,42,4,2007,2,1,1,2,2,1,1,1,1,1,1,5,1,1,12,6,1,2,32,1,2,0
28,42,10,2007,2,7,8,2,1,1,1,1,1,1,1,5,1,1,9,6,1,2,33,2,2,1
2,42,8,2007,2,4,2,2,1,1,1,1,1,1,1,5,1,1,19,6,1,7,33,2,2,2
2,42,9,2007,2,4,2,2,1,1,1,1,1,1,1,5,1,1,9,6,1,7,33,2,2,2
9,42,4,2007,4,1,1,1,1,1,3,1,1,1,1,5,1,1,14,6,1,2,30,2,2,3
9,42,5,2007,2,3,4,1,1,1,1,1,1,1,1,5,1,1,5,6,1,1,38,2,2,2
9,42,5,2007,2,1,4,1,1,1,1,1,1,1,1,5,1,1,9,6,1,1,33,2,2,2
9,42,5,2007,2,3,4,1,1,1,1,1,1,1,1,5,1,1,9,6,1,1,18,2,2,2
10,42,1,2007,1,3,4,1,1,1,3,1,1,1,1,5,1,1,9,6,1,1,33,2,2,2
11,42,3,2007,4,3,4,1,1,1,2,1,1,1,1,5,1,1,10,6,1,7,40,2,2,2
11,42,4,2007,4,3,4,1,1,1,3,1,1,1,1,5,1,1,9,6,1,1,40,2,2,2
12,42,5,2007,4,1,1,1,1,1,1,1,1,1,1,5,1,1,19,6,1,2,33,2,2,2
12,42,10,2007,2,4,2,2,1,1,1,1,1,1,1,5,1,1,9,6,1,7,33,2,2,2
12,42,10,2007,3,1,1,2,1,1,1,1,1,1,1,5,1,1,10,6,1,7,33,2,2,2
14,42,1,2007,4,2,4,1,1,1,3,1,1,1,1,1,1,1,9,6,1,2,33,2,2,2
14,42,5,2007,4,2,4,1,1,1,3,1,1,1,1,1,1,1,14,6,1,2,33,2,2,2
14,42,5,2007,2,1,1,2,1,1,1,1,1,1,1,1,1,1,10,6,1,2,22,2,2,2
16,42,6,2007,1,3,4,2,1,1,2,1,1,1,1,5,1,1,14,6,1,7,33,2,2,0
27,42,3,2007,4,1,3,2,1,1,1,1,1,1,1,5,1,1,7,6,1,7,28,2,2,2
28,42,4,2007,2,1,4,2,1,1,1,1,1,1,1,5,1,1,10,6,1,7,33,2,2,2
28,42,9,2007,2,2,1,2,1,1,1,1,1,1,1,5,1,1,9,6,1,7,33,2,2,2
29,42,2,2007,2,1,8,1,1,1,1,1,1,1,1,5,1,1,9,6,1,7,22,2,2,2
29,42,3,2007,4,1,4,2,2,1,3,1,1,1,1,5,1,1,14,6,1,7,35,2,2,2
29,42,5,2007,3,3,4,2,1,1,1,1,1,1,1,5,1,1,9,6,1,7,33,2,2,1
29,42,5,2007,4,1,1,1,1,1,3,1,1,1,1,5,1,1,10,6,1,7,45,2,2,2
29,42,6,2007,4,4,2,2,1,1,1,1,1,1,1,5,1,1,9,6,1,7,32,2,2,0
29,42,7,2007,2,1,1,2,1,1,1,1,1,1,1,5,1,1,9,6,1,7,33,2,2,2
29,42,9,2007,3,1,1,2,1,1,1,1,1,1,1,5,1,1,4,6,1,7,33,2,2,3
33,42,4,2007,3,1,1,2,1,1,1,1,1,1,1,1,1,1,9,6,1,7,33,2,2,2
33,42,7,2007,1,7,4,2,1,1,3,1,1,1,1,5,1,1,14,6,1,2,33,1,2,3
33,42,12,2007,4,1,1,2,1,1,3,1,1,1,1,5,1,1,9,6,1,2,30,1,2,2
1,21,4,2007,2,1,1,2,2,1,2,1,1,1,1,5,1,1,14,6,1,1,33,1,2,0
1,22,7,2007,1,1,1,2,2,2,4,1,2,1,1,2,1,2,12,7,1,1,33,1,2,0
3,21,10,2007,3,1,1,2,2,1,1,1,1,1,1,1,1,2,9,6,1,1,25,2,2,0
5,28,2,2007,2,5,4,2,2,1,1,4,1,1,1,1,1,1,9,3,1,3,33,2,2,0
4,28,4,2007,2,3,1,2,2,1,1,1,1,1,1,1,1,2,12,6,1,1,33,2,2,0
2,10,11,2007,3,1,8,2,2,1,1,1,1,1,1,3,1,1,14,5,1,7,36,2,2,0
3,8,3,2007,1,1,1,2,2,1,4,1,1,1,1,1,1,1,14,10,1,1,33,2,2,2
13,54,10,2007,3,1,1,2,2,1,1,1,1,1,1,1,1,2,10,6,1,1,33,2,2,0
13,54,8,2007,4,1,1,2,2,1,2,1,1,1,1,1,1,2,9,6,1,2,33,2,2,0
12,64,10,2007,3,1,8,1,2,1,1,1,1,1,1,5,1,1,10,6,1,1,30,1,2,0
2,50,6,2007,2,1,1,2,2,1,1,1,1,1,1,1,5,2,7,4,1,1,33,2,2,1
2,50,3,2007,4,1,1,2,2,1,4,1,1,1,1,1,1,2,14,6,1,1,52,1,2,0
7,13,7,2007,1,1,1,2,2,1,2,2,1,1,1,2,2,1,4,6,1,7,33,2,2,0
4,15,4,2007,2,7,1,2,2,1,1,1,1,1,1,4,1,2,13,6,1,1,52,2,2,0
5,15,1,2007,4,1,1,2,2,1,2,1,1,1,1,2,1,1,9,6,1,6,35,2,2,1
8,9,3,2007,3,1,1,2,2,1,1,1,1,1,1,4,1,2,8,6,1,7,33,2,2,0
1,3,1,2007,2,7,1,2,2,1,1,1,1,1,1,1,1,1,9,6,1,7,35,2,2,0
8,13,5,2007,3,7,8,2,1,1,1,1,2,1,1,1,1,1,9,11,1,7,40,1,2,1
11,3,5,2007,4,1,1,2,2,1,2,1,1,1,1,4,1,2,4,4,1,1,33,2,2,1
1,16,1,2007,2,1,1,1,2,1,1,1,1,1,1,3,1,2,8,6,1,1,33,2,2,0
10,16,1,2007,2,1,1,2,2,1,1,1,1,1,1,1,1,1,9,4,2,3,45,2,2,0
10,10,4,2007,2,7,1,2,1,1,1,1,1,1,1,2,1,1,9,6,1,1,40,2,2,1
12,9,2,2007,3,1,1,2,2,1,1,1,1,1,1,1,1,1,9,11,1,1,33,1,2,0
1,9,10,2007,3,1,1,2,2,1,1,1,1,1,1,1,1,1,9,6,1,1,42,2,2,3
5,13,11,2007,4,1,8,2,2,1,2,1,1,1,1,2,1,1,9,5,1,7,45,2,2,0
1,12,11,2007,3,3,3,2,2,1,1,1,1,1,1,2,1,2,14,4,1,7,36,2,2,0
10,9,10,2007,3,4,1,2,2,1,1,4,1,1,1,1,1,1,14,6,1,1,33,2,2,0
12,9,5,2007,2,7,1,2,2,1,1,1,1,1,1,2,1,2,14,11,1,7,33,2,2,0
12,9,10,2007,4,7,1,2,2,1,4,1,1,1,3,1,1,1,14,11,1,7,38,2,2,3
1,12,10,2007,2,7,1,2,2,1,1,1,1,1,1,2,1,2,8,11,1,7,30,2,2,1
1,9,9,2007,3,1,1,2,2,1,1,1,1,1,1,1,1,1,14,6,1,1,35,2,2,0
6,2,7,2007,2,1,1,2,1,2,1,2,2,1,1,2,1,2,9,6,1,1,38,2,2,0
10,16,5,2007,3,1,1,2,2,1,1,1,1,1,1,2,1,2,9,5,1,7,33,2,2,3
9,16,8,2007,2,1,1,2,1,2,1,1,2,1,1,1,1,1,14,6,1,1,38,2,2,1
10,16,7,2007,2,1,1,2,2,1,1,1,1,1,1,1,1,1,9,6,1,7,26,2,2,0
10,16,6,2007,4,1,1,2,2,1,2,1,1,1,1,2,1,1,14,6,1,1,33,2,2,1
10,16,6,2007,1,1,1,1,1,3,4,1,1,1,1,2,1,1,9,6,1,7,33,2,2,1
10,16,6,2007,2,2,1,2,2,1,1,1,1,1,1,2,1,1,14,6,1,7,33,2,2,0
12,9,9,2007,1,1,1,2,2,1,4,1,5,1,2,2,1,2,9,6,1,7,45,2,2,3
5,5,8,2007,2,1,1,1,2,1,1,2,1,1,1,1,1,1,14,2,1,7,33,2,2,0
1,9,6,2007,4,1,1,2,2,1,4,1,1,1,1,1,1,1,9,6,1,1,42,2,2,3
1,17,6,2007,3,7,8,1,2,1,1,1,1,1,1,2,1,2,8,6,1,1,28,2,2,0
10,16,10,2007,1,7,8,2,2,1,4,1,1,1,1,2,1,1,14,5,1,1,33,2,2,1
3,15,10,2007,4,7,1,2,2,1,4,1,1,1,1,2,1,2,14,6,1,7,30,2,2,1
5,11,6,2007,2,7,8,2,2,2,1,1,2,1,1,2,1,1,9,4,1,1,38,2,2,3
3,8,10,2007,2,1,1,2,2,1,2,1,1,1,1,1,1,1,9,6,1,1,33,2,2,1
3,8,12,2007,3,7,8,2,2,1,1,1,1,1,1,1,1,1,8,4,1,1,38,2,2,0
6,54,1,2007,2,1,1,1,2,1,1,1,1,1,1,3,1,2,8,6,1,2,33,2,2,0
3,54,1,2007,2,7,1,2,2,4,2,1,5,1,1,3,2,2,8,6,1,2,33,2,2,0
3,56,1,2007,2,1,2,2,2,4,2,1,1,1,1,1,1,2,9,6,1,1,35,2,2,0
8,56,1,2007,3,1,1,2,2,1,1,1,1,1,1,3,1,2,13,6,1,1,35,2,2,0
7,54,2,2007,2,7,1,1,2,1,1,1,1,1,1,4,1,2,8,11,1,7,30,1,1,0
4,54,3,2007,3,1,1,2,2,1,1,1,1,1,1,4,1,1,8,6,1,2,35,2,2,1
2,55,3,2007,3,7,1,2,2,1,1,3,1,1,2,3,1,2,4,6,1,2,27,2,2,0
1,53,3,2007,3,1,1,2,2,1,1,1,1,1,1,3,1,2,9,6,1,7,21,2,2,1
1,53,3,2007,3,7,1,2,2,1,1,1,1,1,1,2,1,2,8,6,1,7,45,2,2,0
7,56,4,2007,4,3,1,2,2,1,3,1,1,1,1,4,1,1,5,6,1,2,32,2,2,0
1,53,4,2007,3,7,1,2,2,1,1,1,1,1,1,2,1,2,9,6,1,7,33,2,2,0
6,54,5,2007,3,1,1,2,2,1,1,1,1,1,1,3,1,2,19,4,1,2,30,2,2,1
10,54,5,2007,2,1,1,2,2,1,1,1,1,1,1,3,1,2,8,6,1,1,30,2,2,0
13,54,7,2007,3,7,1,2,2,2,1,1,2,1,1,1,2,2,14,6,1,2,33,2,2,0
7,56,9,2007,4,2,1,1,2,1,3,1,1,1,1,1,2,1,14,2,1,2,60,2,2,0
13,54,7,2007,3,7,1,2,2,2,1,1,2,1,1,1,2,2,14,6,1,2,33,2,2,0
13,54,9,2007,2,7,1,2,2,1,1,1,1,1,1,1,1,2,12,6,1,2,33,2,2,1
13,54,9,2007,3,7,1,2,2,1,1,1,1,1,1,1,1,1,10,6,1,2,33,2,2,1
1,55,10,2007,2,7,8,1,1,1,1,1,1,1,3,3,2,2,9,6,1,2,33,1,0,0
9,54,10,2007,4,1,1,2,2,1,4,1,1,1,1,1,1,2,13,6,1,1,33,2,2,0
5,53,12,2007,2,1,1,2,2,1,1,1,1,1,2,4,1,2,5,6,2,1,33,1,0,0
5,54,12,2007,3,1,1,2,2,1,1,1,1,1,1,3,1,2,13,6,1,2,33,1,0,0
4,33,11,2007,4,1,1,2,2,1,2,1,1,1,1,3,1,2,9,5,1,1,33,2,2,1
2,64,6,2007,2,3,8,1,2,1,1,1,1,1,1,5,1,1,14,6,1,1,33,2,2,2
4,64,7,2007,4,7,1,1,1,2,4,2,2,1,1,1,1,1,3,6,2,1,33,2,2,0
5,64,2,2007,2,1,1,2,2,1,2,1,2,1,2,5,1,1,14,6,1,1,33,2,2,0
5,64,6,2007,3,2,6,1,2,1,1,1,1,1,1,5,1,1,14,6,1,1,33,2,2,1
11,64,8,2007,1,4,1,2,2,2,2,2,1,1,1,5,1,1,7,6,1,7,28,1,2,0
10,64,11,2007,3,7,8,2,2,1,2,1,1,1,1,5,1,1,14,6,1,1,28,1,2,0
2,64,10,2007,3,3,8,1,2,1,1,1,1,1,1,5,1,1,14,6,1,1,33,1,2,1
1,64,2,2007,4,5,5,2,2,1,3,1,1,1,1,5,1,1,14,6,1,1,33,1,2,2
1,66,3,2007,3,7,1,2,2,1,1,1,1,1,1,2,1,2,14,5,1,1,26,2,2,0
2,61,4,2007,2,1,1,2,2,1,1,1,1,1,1,1,1,2,9,5,1,1,39,2,2,3
14,63,1,2007,2,1,1,2,2,1,2,1,1,1,1,1,1,2,14,5,1,1,35,2,2,0
14,63,1,2007,4,1,1,2,2,1,4,1,1,1,1,1,1,2,15,6,1,1,33,2,2,0
14,63,2,2007,1,1,1,2,2,1,4,1,1,1,1,1,1,2,14,11,1,7,45,2,2,3
7,63,4,2007,3,1,1,2,2,1,1,1,1,1,1,1,1,2,8,6,1,2,33,1,0,3
7,63,6,2007,3,3,2,1,2,1,1,1,1,1,1,1,1,2,9,6,1,2,37,2,2,0
14,63,8,2007,1,1,2,2,2,1,3,1,1,1,1,1,1,1,14,5,1,1,33,2,2,1
8,63,10,2007,3,7,1,2,2,1,1,1,1,1,1,1,1,2,5,6,1,1,33,2,2,1
8,63,11,2007,3,1,1,2,2,1,1,1,1,1,1,1,1,2,6,6,1,1,45,2,2,0
8,63,11,2007,3,1,1,2,2,1,1,1,1,1,1,1,1,2,14,7,1,7,33,2,2,1
14,63,10,2007,2,1,1,2,2,1,2,1,1,1,1,1,1,2,15,6,1,1,28,2,2,0
14,58,11,2007,4,1,1,2,1,1,3,1,1,1,1,1,1,2,9,6,1,2,26,2,2,0
2,59,9,2007,4,1,1,2,2,4,4,1,1,1,1,2,1,2,5,5,2,2,22,2,2,1
6,59,10,2007,2,5,1,2,2,1,1,2,1,1,1,3,1,2,10,1,2,6,33,1,2,0
1,61,12,2007,1,2,1,2,1,1,3,1,1,1,1,1,1,2,12,11,1,1,45,2,2,0
1,62,7,2007,3,3,1,2,2,2,1,1,2,1,1,2,1,1,8,6,1,7,33,2,2,0
2,61,4,2007,2,1,1,1,1,1,1,1,1,1,1,1,1,2,14,6,1,1,33,1,2,0
8,63,10,2007,3,1,1,2,2,1,1,1,1,1,1,1,1,2,9,6,1,1,33,2,2,1
10,63,9,2007,2,4,1,2,2,1,1,4,1,1,1,4,1,2,9,6,1,1,33,2,2,0
9,63,9,2007,2,1,1,2,2,1,1,1,1,1,1,1,1,2,14,6,1,1,33,2,2,0
7,41,4,2007,2,1,1,2,2,1,1,1,1,1,1,1,1,2,8,6,1,1,33,2,2,0
3,47,1,2007,2,1,1,2,2,1,1,1,1,1,1,3,1,2,4,6,1,1,33,2,2,0
5,50,11,2007,4,1,1,2,2,2,1,1,2,1,1,3,1,2,19,6,1,1,33,2,2,1
2,47,6,2007,4,1,1,2,2,2,4,1,2,1,1,1,1,1,9,1,1,7,40,1,0,1
3,51,3,2007,2,1,1,2,2,1,1,1,1,1,1,2,1,2,14,6,1,7,32,2,2,0
4,51,3,2007,2,1,1,2,2,1,1,1,1,1,1,2,1,1,8,6,1,7,33,2,2,0
2,50,7,2007,3,1,1,1,1,1,1,1,1,1,1,1,1,1,10,6,1,1,33,2,2,0
7,50,6,2007,3,1,1,2,2,1,1,1,1,1,1,3,1,2,8,6,1,1,30,2,2,0
4,49,7,2007,3,1,1,1,2,1,1,3,1,1,1,1,2,1,14,6,2,1,33,2,2,0
2,46,2,2007,2,1,1,2,2,1,1,1,1,1,1,1,1,1,14,6,1,1,33,1,2,0
1,46,6,2007,1,1,1,2,2,1,1,1,1,1,1,1,1,1,14,6,1,7,33,2,2,1
5,41,7,2007,4,1,1,1,1,2,4,2,1,1,1,1,1,1,9,6,2,1,43,1,2,1
6,38,6,2007,3,3,1,1,2,1,1,1,1,1,1,1,1,1,14,6,2,7,33,2,2,0
5,41,5,2007,2,1,1,2,2,1,1,1,1,1,1,1,1,1,14,5,2,1,33,1,0,1
1,41,5,2007,1,1,1,2,2,1,4,1,1,1,1,1,2,2,14,6,1,1,33,1,2,1
7,41,4,2007,2,7,1,2,2,1,1,1,1,1,1,1,1,1,8,6,1,7,33,1,2,1
7,41,11,2007,1,1,1,2,1,2,1,1,1,1,1,1,1,2,14,6,1,1,33,2,2,1
2,44,4,2007,4,1,1,2,2,1,4,1,1,1,1,1,1,2,10,6,2,6,36,2,2,0
2,39,1,2007,4,1,1,2,1,1,4,1,1,1,1,2,1,2,14,6,1,2,28,1,2,0
1,46,3,2007,2,1,1,2,2,1,1,1,1,1,1,1,1,1,14,6,1,2,33,2,2,2
1,42,2,2007,4,1,1,2,2,1,3,1,1,1,1,5,1,1,10,6,1,2,33,1,0,2
1,42,6,2007,3,1,4,2,1,1,1,1,1,1,1,5,1,1,9,6,1,2,33,2,2,2
8,42,1,2007,1,1,3,1,1,1,1,1,1,1,1,5,1,1,10,6,1,1,38,2,2,2
8,42,4,2007,4,3,4,1,1,1,3,1,1,1,1,5,1,1,10,6,1,1,33,2,2,2
8,42,9,2007,3,3,1,2,1,1,1,1,1,1,1,1,1,1,10,6,1,1,33,2,2,2
9,42,2,2007,3,2,4,1,1,1,1,1,1,1,1,5,1,1,9,6,1,1,19,2,2,3
9,42,3,2007,2,1,1,2,1,1,1,1,1,1,1,5,1,1,10,6,1,1,20,2,2,1
9,42,3,2007,4,1,4,2,1,3,1,1,1,1,1,5,1,1,9,6,1,1,27,2,2,2
9,42,4,2007,3,1,1,1,1,1,1,1,1,1,1,5,1,1,9,6,1,1,33,2,2,2
9,42,5,2007,1,1,1,1,1,1,3,1,1,1,1,5,1,1,14,6,1,2,33,2,2,2
9,42,5,2007,2,2,4,1,1,1,1,1,1,1,1,5,1,1,9,6,1,2,33,2,2,1
9,42,6,2007,3,3,4,1,1,1,1,1,1,1,1,5,1,1,9,6,1,1,25,2,2,2
9,42,7,2007,1,1,1,1,1,1,3,1,1,1,1,5,1,1,14,6,1,1,36,2,2,2
14,42,4,2007,3,3,1,1,1,1,1,1,1,1,1,1,1,1,10,6,1,2,33,1,0,2
16,42,5,2007,3,3,4,2,1,1,1,1,1,1,1,5,1,1,9,6,1,2,33,2,2,2
17,42,2,2007,2,1,1,1,1,1,1,1,1,1,1,5,1,1,9,6,1,7,33,2,2,2
25,42,3,2007,1,3,4,1,1,1,3,1,1,1,1,5,1,1,9,6,1,7,33,2,2,2
9,42,5,2007,1,1,1,1,1,1,3,1,1,1,1,5,1,1,14,6,1,1,33,2,2,2
9,42,5,2007,2,2,4,1,1,1,1,1,1,1,1,5,1,1,9,6,1,1,33,2,2,1
14,42,4,2007,3,3,1,1,1,1,1,1,1,1,1,1,1,1,10,6,1,2,33,1,0,2
16,42,5,2007,3,3,4,2,1,1,1,1,1,1,1,5,1,1,9,6,1,7,33,2,2,2
27,42,4,2007,3,2,4,2,1,1,1,1,1,1,1,5,1,1,9,6,1,7,31,2,2,2
28,42,6,2007,2,3,4,2,1,1,2,1,1,1,1,5,1,1,6,6,1,7,33,2,2,1
28,42,8,2007,1,1,1,2,1,1,3,1,1,1,1,5,1,1,14,6,1,7,33,2,2,2
29,42,3,2007,1,1,1,2,1,1,3,1,1,1,1,5,1,1,14,6,1,7,40,2,2,1
29,42,9,2007,3,1,1,2,1,1,1,1,1,1,1,5,1,1,10,6,1,7,33,2,2,1
33,42,5,2007,2,1,1,2,1,1,1,1,1,1,1,1,1,1,14,6,1,7,27,1,2,1
1,21,6,2007,3,7,1,1,2,1,1,1,1,1,1,1,1,1,9,6,1,1,33,2,2,0
4,21,1,2007,2,1,1,2,2,1,1,1,1,1,1,2,1,2,9,6,1,1,45,2,2,0
6,21,4,2007,2,1,4,2,1,1,1,1,1,1,1,1,1,2,14,5,1,1,33,2,2,0
5,26,4,2007,3,1,1,2,1,1,1,1,1,1,1,1,1,1,9,6,1,1,33,2,2,0
5,26,4,2007,3,1,1,2,1,1,1,1,1,1,1,1,1,1,9,6,1,1,33,2,2,3
5,26,5,2007,4,1,1,2,1,1,1,1,1,1,1,1,1,1,9,6,1,7,30,2,2,3
5,26,5,2007,2,1,1,2,1,1,1,1,1,1,1,1,1,1,12,6,1,7,33,2,2,0
1,22,7,2007,2,1,1,2,2,1,1,1,1,1,1,1,1,2,14,6,1,1,30,2,2,0
7,25,6,2007,4,1,1,2,2,2,3,1,2,1,2,2,1,2,12,6,1,1,25,2,2,0
4,25,7,2007,2,1,1,2,2,1,1,1,1,1,1,1,1,2,8,6,1,1,33,2,2,1
1,22,9,2007,4,1,1,1,1,1,2,1,1,1,1,1,1,2,9,6,1,7,33,2,2,0
1,24,5,2007,2,1,1,2,2,1,1,1,1,1,1,1,1,2,9,6,1,1,33,2,2,0
2,20,12,2007,3,7,1,1,2,1,1,1,1,1,1,3,1,2,9,6,1,1,40,2,2,1
5,29,10,2007,3,7,2,2,1,1,1,1,1,1,1,1,1,2,9,6,1,1,33,2,2,0
7,18,2,2007,2,1,7,1,2,1,1,1,1,1,1,1,1,2,14,7,1,1,33,2,2,3
6,18,1,2007,2,7,3,1,2,1,1,1,1,1,1,1,1,2,13,1,1,1,33,2,2,0
4,28,10,2007,3,1,1,1,2,1,1,1,1,1,1,1,1,1,9,6,1,1,37,2,2,2
4,28,12,2007,3,1,1,1,1,1,1,1,1,1,1,1,1,1,14,5,2,1,28,2,2,1
4,28,4,2007,2,3,1,2,2,1,1,1,1,1,1,1,2,2,9,6,1,1,45,1,2,0
1,15,2,2007,4,1,8,2,2,1,2,1,1,1,1,1,5,1,7,6,1,7,33,2,2,2
12,9,5,2007,2,1,1,2,2,1,1,1,1,1,1,4,1,2,13,11,1,7,33,1,2,0
8,13,2,2007,2,3,1,2,1,1,1,1,1,1,1,1,1,1,9,6,1,7,35,2,2,2
3,15,7,2007,1,1,8,2,1,1,4,1,1,1,1,1,1,1,9,10,1,1,45,1,2,1
8,3,5,2007,2,1,1,2,1,1,1,1,1,1,1,2,1,1,14,6,1,1,27,2,2,0
8,16,2,2007,1,1,1,2,2,4,4,2,2,1,1,3,1,2,9,10,1,1,40,2,2,0
10,16,7,2007,1,1,1,2,2,1,4,1,1,1,1,1,1,1,14,6,1,7,28,2,2,1
6,16,6,2007,1,7,1,2,2,1,3,1,1,1,1,1,1,1,14,7,1,7,35,1,2,0
3,13,8,2007,2,7,1,2,2,1,1,2,1,1,1,2,1,2,14,2,1,7,40,2,2,1
4,9,7,2007,2,1,8,2,1,1,1,1,1,1,1,2,1,1,13,2,1,1,40,2,2,1
1,6,7,2007,3,1,1,2,2,1,1,1,1,1,1,1,1,1,8,6,1,6,41,2,2,0
1,5,5,2007,4,1,1,2,2,1,2,1,1,1,1,1,1,1,9,4,1,1,33,1,2,0
1,5,7,2007,2,7,8,2,2,1,1,1,1,1,1,1,1,1,14,6,1,7,40,2,2,0
5,5,2,2007,4,1,1,2,2,1,4,1,1,1,1,1,1,1,12,6,1,7,35,2,2,1
1,9,12,2007,3,7,1,2,2,1,1,1,1,1,1,1,1,1,7,6,1,1,33,2,2,3
7,9,12,2007,3,1,1,1,2,1,1,1,1,1,1,1,1,1,8,6,1,1,35,2,2,2
1,17,3,2007,3,7,1,2,2,1,1,1,1,1,1,1,1,1,14,6,1,1,27,2,2,0
6,15,10,2007,2,1,1,1,2,1,1,1,1,1,1,1,1,1,8,5,1,7,30,2,2,0
3,15,11,2007,4,7,1,2,2,1,4,1,1,1,1,1,1,1,9,5,1,1,33,2,2,0
4,15,12,2007,1,1,1,2,2,4,3,1,1,1,1,1,1,1,8,9,1,1,42,2,2,1
5,17,12,2007,2,3,1,2,2,1,1,1,1,1,1,3,1,2,8,2,1,1,33,2,2,0
10,11,5,2007,1,7,8,2,2,1,1,1,1,1,1,3,1,2,8,4,1,1,42,2,2,1
1,8,7,2007,4,7,8,2,2,1,3,1,1,1,1,2,1,1,9,4,1,7,33,2,2,0
3,14,3,2007,3,1,1,2,2,1,1,1,1,1,1,5,1,1,14,6,1,1,33,2,2,0
4,14,5,2007,3,1,1,2,2,1,1,1,1,1,1,5,1,1,9,9,2,1,32,2,2,1
3,14,5,2007,2,2,8,2,1,1,1,1,1,1,1,5,1,1,8,2,1,1,50,2,2,1
2,14,5,2007,2,1,1,2,2,1,1,2,1,1,1,2,1,2,9,2,1,1,40,2,2,0
1,14,6,2007,3,2,5,1,1,1,1,1,1,1,1,1,5,1,9,6,1,1,33,2,2,3
1,14,7,2007,2,2,3,1,1,1,1,1,1,1,1,1,1,1,6,11,1,1,35,1,2,1
1,14,7,2007,3,1,1,1,1,1,1,1,1,1,1,5,1,1,14,6,1,1,33,1,2,1
2,14,7,2007,2,1,1,2,1,1,1,1,1,1,1,2,1,1,14,6,1,1,33,2,2,1
3,14,11,2007,3,5,5,2,2,1,1,2,1,1,1,3,4,1,9,6,1,1,45,2,2,1
6,55,1,2007,4,1,1,1,2,1,1,1,1,1,1,1,1,1,9,11,1,7,34,2,2,3
2,55,3,2007,3,7,1,2,1,1,1,1,1,1,1,3,1,2,13,6,1,1,40,2,2,3
7,55,3,2007,3,1,2,2,2,1,1,1,1,1,1,3,1,2,9,5,1,1,35,2,1,1
7,56,4,2007,4,1,1,2,1,1,3,1,1,1,1,1,1,2,11,2,1,2,42,2,2,0
6,55,6,2007,3,1,4,2,2,1,1,1,1,1,1,1,1,2,14,6,1,1,45,2,2,1
3,53,6,2007,2,1,1,2,1,2,1,4,3,1,2,3,1,2,7,5,2,1,33,2,2,1
8,54,3,2007,2,1,1,2,2,1,1,1,1,1,1,3,1,2,13,6,1,1,33,2,2,1
8,56,7,2007,1,3,8,1,2,1,4,1,1,1,1,1,1,1,13,5,1,1,28,2,2,0
7,56,9,2007,3,2,1,2,2,2,1,1,2,1,1,1,2,1,7,1,1,1,32,2,2,2
13,54,7,2007,2,7,1,2,2,1,1,1,1,1,1,3,1,2,14,6,1,2,33,2,2,0
13,54,8,2007,4,7,1,2,2,1,4,1,1,1,1,1,1,1,14,6,1,2,33,1,0,1
13,54,8,2007,3,7,1,2,2,1,1,1,1,1,1,3,1,2,9,6,1,2,33,2,2,1
13,54,9,2007,4,7,1,2,2,1,4,1,1,1,1,1,1,2,14,6,1,2,33,2,2,0
7,56,10,2007,1,2,4,2,2,1,2,1,1,1,1,1,2,1,14,6,1,2,40,2,2,0
8,56,10,2007,3,1,1,2,2,1,1,1,1,1,1,1,1,2,9,5,1,1,45,2,2,0
6,54,9,2007,4,7,1,2,2,1,1,1,1,1,1,3,2,2,7,4,1,1,27,2,2,3
6,63,1,2007,2,1,8,2,2,4,1,2,5,1,1,2,1,2,5,1,1,7,24,2,2,0
13,63,2,2007,2,3,1,2,2,1,1,1,1,1,1,1,1,2,5,6,1,1,25,2,2,0
1,38,3,2007,1,1,1,2,2,1,1,1,1,1,1,1,1,2,14,6,1,1,33,2,2,0
5,41,2,2007,3,1,1,2,2,1,1,1,1,1,1,1,1,2,9,6,1,1,33,2,2,2
2,50,7,2007,3,7,1,2,1,1,1,1,1,1,1,1,1,2,9,11,1,1,33,2,2,0
12,50,9,2007,3,1,1,1,2,1,1,2,1,1,1,1,1,2,14,6,1,1,33,2,2,0
11,64,4,2007,3,7,1,2,2,1,1,1,1,1,1,5,1,1,9,6,1,7,28,1,2,3
8,58,9,2007,3,7,8,2,2,2,1,1,3,1,2,1,1,2,14,11,2,3,33,1,2,0
2,46,4,2007,3,1,1,2,2,1,1,1,1,1,1,1,1,2,14,6,1,1,33,2,2,1
9,42,6,2007,1,1,1,2,1,1,3,1,1,1,1,5,1,1,14,6,1,1,26,2,2,1
5,24,4,2007,3,1,1,1,1,1,1,1,1,1,1,3,1,1,11,6,1,1,33,2,2,1