Thana,District,Month,Year,Time,Junction_Type,Traffic_Control,Movement,Divider,Weather,Light,Road_Geometry,Surface_Condition,Surface_Type,Surface_Quality,Road_Class,Road_Feature,Location_Type,Vehicle_Type,Vehicle_Movement,Vehicle_Loading,Vehicle_Defect,Vehicle_Driver_Age,Vehicle_Alcohol,Vehicle_Seat_Belt,Accident_Severity
1,14,6,2007,3,1,1,2,2,1,1,1,1,1,1,2,1,1,9,6,1,1,30,2,2,0
4,14,6,2007,2,1,1,1,2,1,1,1,1,1,1,1,1,2,14,6,1,1,38,2,2,3
3,14,12,2007,2,2,8,1,2,1,1,1,1,1,1,5,1,1,17,6,1,7,33,2,2,2
6,34,3,2008,2,1,1,2,2,1,2,2,1,1,1,1,1,2,14,2,1,1,33,1,2,0
4,34,4,2008,4,1,1,2,2,1,4,1,1,1,1,1,1,2,9,6,1,1,35,2,2,1
4,34,5,2008,3,1,1,2,2,1,1,1,1,1,1,1,1,2,9,4,1,1,35,2,2,0
4,34,6,2008,4,7,1,2,2,2,2,1,2,1,1,1,1,2,14,11,1,1,40,2,2,0
1,32,5,2008,2,7,1,2,2,1,1,1,1,1,1,2,1,2,6,6,1,1,45,2,2,0
2,30,10,2008,3,1,1,2,2,1,1,1,1,1,1,4,1,2,7,10,1,1,33,2,2,3
1,30,11,2008,2,1,1,2,2,1,1,1,1,1,1,1,1,2,6,6,1,1,33,2,2,1
4,31,4,2008,4,1,1,2,2,1,4,1,1,1,1,4,1,2,4,6,1,1,38,2,1,1
4,31,9,2008,2,1,1,2,2,1,1,2,1,1,1,4,1,2,9,5,1,1,38,2,2,1
1,31,10,2008,3,1,8,2,2,1,1,1,1,1,3,2,1,2,8,6,1,1,40,2,2,0
5,33,2,2008,3,1,1,2,2,1,1,1,1,1,2,2,1,2,8,4,1,1,33,2,2,0
5,33,11,2008,3,1,8,2,2,1,1,1,1,1,1,4,1,2,9,5,1,1,33,1,2,0
2,27,2,2008,4,1,1,2,2,1,2,1,1,1,1,1,1,2,3,11,1,3,45,2,2,1
2,27,2,2008,4,1,1,2,2,1,4,1,1,1,1,4,1,2,19,6,1,7,33,1,2,0
2,27,5,2008,4,1,1,2,2,2,4,1,2,1,1,1,1,2,9,6,1,1,36,1,2,0
4,27,6,2008,2,1,1,2,2,1,1,2,1,1,1,2,1,2,6,6,1,1,33,1,2,0
1,27,1,2008,3,1,2,2,2,1,1,2,1,1,1,3,1,2,6,4,1,7,33,2,2,1
1,27,3,2008,3,7,1,2,2,1,1,1,1,1,1,4,1,2,10,9,1,1,33,1,2,0
2,27,12,2008,2,1,1,2,2,1,1,1,1,1,1,2,1,2,9,5,1,1,33,2,2,0
1,30,12,2008,3,1,1,2,2,1,1,1,1,1,1,1,1,2,2,6,1,1,33,2,2,0
9,64,5,2008,3,4,8,2,2,1,1,1,1,1,1,5,1,1,14,6,1,1,25,1,2,0
8,64,5,2008,2,7,2,2,2,1,1,1,1,1,1,5,1,1,9,1,1,1,35,2,2,0
8,64,4,2008,2,2,4,2,1,1,2,1,1,1,1,1,1,1,8,4,1,7,33,1,2,0
8,64,10,2008,3,1,4,2,2,1,1,1,1,1,1,5,1,1,5,11,1,1,33,1,2,1
5,64,7,2008,3,7,1,2,2,1,1,1,1,1,1,5,1,1,14,6,1,1,28,1,2,0
5,64,11,2008,3,1,1,2,1,1,1,1,1,1,1,1,1,1,8,8,1,1,19,2,2,0
4,64,4,2008,2,7,1,1,1,1,1,1,1,1,1,5,1,1,9,11,1,1,33,2,2,0
4,64,8,2008,4,7,3,2,1,1,2,3,1,1,1,5,1,1,5,7,1,1,33,2,2,1
4,64,8,2008,3,1,2,2,1,1,1,1,1,1,1,5,1,1,14,6,1,1,33,1,2,0
6,64,8,2008,1,2,8,1,2,1,2,1,1,1,1,5,1,1,8,6,1,1,33,1,2,1
6,64,9,2008,2,7,8,2,1,1,1,1,1,1,1,5,1,1,2,6,1,1,33,2,2,1
2,64,1,2008,3,1,1,2,1,1,1,1,1,1,1,5,1,1,14,6,1,1,33,1,2,0
2,64,4,2008,3,1,8,1,2,1,1,1,1,1,1,3,1,1,14,10,1,1,33,1,2,0
2,64,5,2008,4,1,8,2,2,1,3,1,1,1,1,5,1,1,14,6,1,1,33,1,2,1
11,64,11,2008,3,2,8,1,2,1,2,1,1,1,1,5,1,1,9,6,1,1,33,1,2,0
3,64,2,2008,3,7,1,2,2,1,1,1,5,1,1,5,1,1,9,1,2,7,33,1,2,0
3,64,3,2008,2,1,8,2,2,1,1,1,5,1,1,5,1,1,7,2,1,7,33,1,2,1
3,64,12,2008,2,2,1,2,1,1,1,1,1,1,1,5,1,1,16,6,1,7,33,2,2,0
2,61,9,2008,2,1,1,2,2,1,1,1,1,1,1,1,1,1,7,6,1,1,33,2,2,0
4,58,9,2008,2,4,1,2,2,1,1,2,1,1,1,1,1,2,8,1,1,1,30,2,2,1
4,58,9,2008,2,1,1,2,2,1,1,1,1,1,1,4,1,2,5,6,1,1,33,2,2,2
14,58,1,2008,2,1,1,2,2,1,1,1,1,1,1,4,1,2,13,6,2,1,33,2,2,0
14,58,5,2008,3,2,1,2,2,1,1,1,1,1,1,1,1,1,9,6,1,1,33,1,2,3
14,58,5,2008,3,4,1,2,2,1,2,3,1,1,1,1,1,1,14,6,2,1,24,2,2,0
14,58,7,2008,1,1,4,2,2,1,1,1,1,1,1,1,1,1,15,6,1,6,35,2,2,0
1,58,4,2008,4,1,1,2,2,1,1,1,1,1,1,4,1,2,5,11,1,1,33,2,2,0
1,58,1,2008,2,1,1,2,2,1,1,1,1,1,1,1,1,1,18,6,1,1,32,2,2,0
2,58,1,2008,1,1,1,2,2,1,1,1,1,1,1,3,3,2,9,4,1,1,45,1,2,0
2,58,4,2008,2,1,1,2,2,1,1,1,1,1,1,3,1,2,9,6,1,1,33,1,2,0
2,58,4,2008,3,1,1,2,2,1,1,1,1,1,1,1,1,2,9,5,1,1,30,1,2,1
3,61,4,2008,3,1,1,2,2,1,1,1,1,1,1,1,1,1,9,4,2,7,33,2,2,0
1,65,9,2008,2,1,1,2,2,1,4,1,1,1,1,1,1,2,8,5,1,1,33,2,2,0
1,65,9,2008,2,7,1,2,2,1,4,1,1,1,1,1,1,2,8,5,1,1,33,2,2,0
11,63,1,2008,2,1,1,2,2,1,1,1,1,1,1,1,1,2,14,6,1,3,33,2,2,0
7,58,6,2008,1,1,1,2,2,1,1,1,1,1,1,2,1,1,10,6,1,2,33,1,0,0
7,58,5,2008,2,1,1,2,2,1,1,1,1,1,1,1,1,2,10,6,1,2,33,1,0,1
7,58,5,2008,3,1,1,2,2,1,1,1,1,1,1,1,1,2,14,6,1,1,33,2,2,0
1,63,8,2008,4,2,1,2,2,1,3,1,1,1,1,1,1,2,8,6,1,1,26,2,2,0
6,63,5,2008,1,7,1,2,2,1,2,1,1,1,1,2,1,2,10,6,1,2,33,1,0,1
7,63,7,2008,2,1,8,2,2,1,1,2,1,1,1,1,1,2,10,6,1,2,33,1,0,2
11,63,7,2008,4,3,1,2,2,1,1,1,1,1,1,1,1,2,11,2,1,2,35,2,2,0
14,63,9,2008,2,1,1,2,2,1,1,1,1,1,1,1,1,2,7,10,2,7,33,2,2,0
14,63,9,2008,2,1,1,2,2,1,2,1,1,1,1,1,1,2,10,6,1,2,33,1,0,0
14,63,5,2008,2,1,1,2,2,1,1,1,1,1,1,1,1,2,9,5,2,2,33,2,2,0
14,63,5,2008,3,1,1,2,2,1,1,1,1,1,1,1,1,1,14,4,2,2,33,2,2,2
14,63,4,2008,2,1,1,2,2,1,1,1,1,1,1,1,1,2,14,4,2,3,33,2,2,0
14,63,2,2008,4,1,1,2,2,1,1,1,1,1,1,1,1,2,10,6,1,7,25,2,2,0
1,62,10,2008,2,1,1,2,2,1,1,1,1,1,1,2,1,2,9,6,1,1,32,2,2,1
3,57,10,2008,1,1,1,2,2,1,3,1,1,1,1,1,1,2,9,5,1,1,33,2,2,0
8,57,2,2008,2,1,1,2,2,1,1,1,1,1,1,1,1,2,6,11,1,1,33,2,2,0
2,57,10,2008,2,1,1,2,2,1,1,1,1,1,1,4,1,2,6,1,1,1,24,2,2,1
1,57,5,2008,4,1,1,2,2,1,1,1,1,1,1,1,1,2,10,6,1,2,33,1,0,2
1,57,2,2008,3,1,1,2,2,1,1,1,1,1,1,1,1,2,17,6,1,7,33,2,2,0
1,60,4,2008,4,7,1,2,2,1,1,1,1,1,1,1,1,2,9,11,1,7,33,1,2,1
7,60,12,2008,2,1,1,2,2,1,1,1,1,1,1,4,1,2,9,6,1,1,35,2,2,0
6,60,1,2008,4,7,1,2,2,1,1,1,1,1,1,4,1,2,9,6,1,1,40,2,2,0
1,68,10,2008,2,1,1,2,2,1,1,4,2,1,2,2,1,1,12,6,1,3,33,2,2,0
3,68,1,2008,3,7,1,2,2,1,1,1,1,1,1,3,1,1,14,4,2,7,52,2,2,0
3,68,7,2008,1,1,1,2,2,1,1,1,1,1,1,3,1,2,12,4,1,1,33,2,2,1
1,65,9,2008,4,3,8,2,2,1,1,1,1,1,1,1,1,2,10,6,1,2,33,1,0,0
7,60,6,2008,2,1,1,2,2,1,1,1,1,1,1,3,1,2,5,6,2,6,33,1,2,0
1,60,1,2008,3,1,8,2,2,2,1,1,2,1,1,1,3,2,9,6,1,1,38,1,2,3
8,66,6,2008,3,4,1,2,2,1,1,2,1,1,1,1,2,1,9,1,1,1,33,2,2,3
8,66,6,2008,3,4,1,2,1,2,1,4,2,1,1,1,1,2,8,4,1,7,33,2,2,3
2,66,3,2008,2,1,1,1,1,1,1,1,1,1,1,1,1,2,9,6,1,1,35,2,2,1
1,61,3,2008,2,1,1,2,2,1,1,1,1,1,1,1,1,1,12,6,1,1,35,2,2,0
1,61,4,2008,2,1,2,1,1,1,1,1,2,1,1,2,1,1,14,6,1,1,33,1,2,0
4,6,1,2008,2,7,1,2,2,4,1,1,1,1,1,1,2,2,9,6,1,1,40,2,2,1
6,48,1,2008,3,1,1,2,2,1,1,1,1,1,1,3,1,2,4,11,1,1,33,2,2,0
3,48,1,2008,3,1,1,2,2,1,1,1,1,1,1,5,1,2,19,5,1,1,33,2,2,1
10,50,1,2008,2,1,1,2,2,1,1,1,1,1,1,1,1,2,14,6,1,1,33,2,2,0
6,50,1,2008,2,7,1,2,1,1,1,1,1,1,1,4,1,2,8,11,1,7,25,2,2,0
5,50,1,2008,3,1,1,2,2,1,1,1,1,1,1,3,1,2,13,6,1,1,42,2,2,1
13,50,1,2008,3,2,1,2,2,1,1,1,1,1,1,1,1,2,14,6,1,1,33,2,2,1
3,38,1,2008,3,1,1,1,2,1,1,1,1,1,1,1,1,2,7,6,1,1,33,2,2,1
3,39,1,2008,3,1,1,2,2,1,1,1,1,1,1,1,1,1,4,6,1,1,33,2,2,0
4,39,1,2008,4,1,1,2,2,1,2,1,1,1,1,2,1,2,19,6,1,1,33,2,2,0
4,39,1,2008,2,1,1,2,2,1,1,1,1,1,1,2,1,2,14,6,1,1,46,2,2,0
4,44,1,2008,3,1,1,2,2,1,1,1,1,1,1,2,1,2,8,5,1,1,35,2,2,0
6,44,1,2008,4,1,1,2,1,1,3,1,1,1,1,1,1,1,9,6,1,1,33,2,2,0
5,45,1,2008,4,1,1,2,2,1,2,1,1,1,1,1,1,2,14,5,1,7,33,2,2,0
1,45,1,2008,4,1,1,2,2,1,2,1,1,1,1,1,1,2,14,6,1,1,33,2,2,1
1,46,1,2008,2,1,1,2,2,1,1,1,1,1,1,1,1,2,17,6,1,1,25,2,2,0
1,46,1,2008,2,1,1,2,2,1,1,1,1,1,1,1,1,2,9,6,1,1,33,2,2,2
1,46,1,2008,2,1,1,2,2,1,1,1,1,1,1,1,1,1,4,6,1,1,33,2,2,1
1,47,1,2008,2,7,1,1,1,1,1,1,1,1,1,1,1,2,14,5,1,1,27,2,2,0
2,47,1,2008,1,1,1,2,2,1,4,1,1,1,1,1,1,2,14,5,1,1,33,2,2,0
1,47,1,2008,2,1,1,2,2,1,1,1,1,1,1,1,1,2,14,6,1,1,33,2,2,3
2,47,1,2008,3,2,1,2,2,1,4,1,1,1,1,1,1,2,14,5,1,1,28,2,2,0
6,52,1,2008,2,2,1,2,2,1,1,1,1,1,1,1,4,2,14,6,1,1,26,2,2,0
6,45,2,2008,1,1,1,2,2,1,4,1,1,1,1,1,1,1,5,2,1,1,33,2,2,0
1,45,2,2008,3,1,1,2,2,1,1,1,1,1,1,1,1,1,9,6,1,1,33,2,2,0
7,48,2,2008,3,1,1,2,2,1,1,1,1,1,1,4,1,2,9,6,1,1,33,2,2,0
12,50,2,2008,3,1,1,2,2,1,1,1,1,1,1,1,1,2,13,6,1,1,33,2,2,0
5,50,2,2008,4,1,1,2,2,1,2,1,1,1,1,1,1,2,9,6,1,1,42,2,2,1
2,52,2,2008,3,2,1,2,2,1,2,1,1,1,1,2,1,2,9,6,1,1,30,2,2,1
1,38,2,2008,1,1,1,2,2,1,4,1,1,1,1,1,1,2,9,6,1,1,33,2,2,0
3,38,2,2008,1,1,1,2,2,1,3,1,1,1,1,2,1,2,9,6,1,1,33,2,2,0
3,39,2,2008,1,1,1,2,2,1,3,1,1,1,1,1,1,2,19,6,1,1,33,2,2,1
1,47,2,2008,3,1,1,2,2,1,1,1,1,1,1,1,1,2,9,6,1,1,33,2,2,0
7,47,2,2008,3,7,1,2,2,1,1,1,1,1,1,1,1,2,9,6,1,7,34,2,2,0
6,44,2,2008,3,1,1,2,2,1,1,1,1,1,1,1,1,2,9,5,1,1,33,2,2,1
6,44,2,2008,4,1,1,2,2,1,3,1,1,1,1,2,1,2,19,6,1,1,33,2,2,0
3,46,3,2008,3,1,1,2,2,1,1,1,1,1,1,3,1,2,19,6,1,1,33,2,2,2
2,46,3,2008,2,1,1,2,2,1,1,1,1,1,1,1,1,2,14,6,1,1,33,2,2,0
9,47,3,2008,2,2,2,2,2,1,1,1,1,1,1,1,1,2,14,1,1,1,33,2,2,3
1,43,3,2008,2,1,1,2,2,1,2,1,1,1,1,4,1,2,14,5,1,1,33,2,2,1
1,51,3,2008,3,1,1,2,2,1,1,1,1,1,1,4,1,2,17,11,2,1,19,2,2,0
3,51,3,2008,3,1,1,2,2,1,1,1,1,1,1,3,1,2,6,6,1,1,20,2,2,0
4,51,3,2008,4,5,8,2,2,4,4,4,1,1,1,1,1,2,4,6,1,1,33,2,2,1
7,41,3,2008,2,7,8,2,2,1,1,1,1,1,1,2,1,2,14,6,1,1,33,2,2,1
2,45,3,2008,2,1,1,2,2,1,1,1,1,1,1,1,1,2,9,4,1,7,33,2,2,0
6,45,3,2008,1,1,1,2,2,1,2,1,1,1,1,1,1,2,9,4,1,1,33,2,2,1
6,45,3,2008,3,1,1,2,2,1,1,1,1,1,1,1,1,2,14,5,1,1,33,2,2,0
10,50,3,2008,3,1,1,2,2,1,1,1,1,3,2,3,1,2,13,7,2,1,33,2,2,0
3,50,3,2008,3,1,1,1,2,1,1,1,1,1,1,3,1,2,1,5,1,1,33,2,2,1
4,39,3,2008,2,1,1,2,2,1,1,1,1,1,1,1,1,2,3,6,1,1,33,2,2,0
4,39,3,2008,3,1,1,2,2,1,1,1,1,1,1,1,1,2,14,6,1,1,33,2,2,0
3,39,3,2008,2,1,8,2,2,1,1,1,1,1,1,3,1,2,14,6,1,1,33,2,2,0
1,39,3,2008,2,1,1,2,2,1,1,1,1,1,1,1,1,1,8,6,1,1,33,2,2,1
3,35,3,2008,3,1,1,2,2,1,1,1,1,1,3,3,1,2,14,5,1,1,40,2,2,1
6,44,4,2008,1,1,1,2,2,1,1,1,1,1,1,1,1,1,6,10,1,1,33,2,2,0
6,44,4,2008,4,2,1,2,2,1,4,1,1,1,1,1,1,2,9,6,1,1,30,2,2,0
2,44,4,2008,3,1,1,2,2,1,1,1,1,1,1,1,1,2,9,6,1,1,33,2,2,1
5,43,4,2008,3,3,1,2,2,1,1,1,1,1,1,1,1,2,9,6,1,1,33,2,2,0
1,45,4,2008,3,7,1,2,2,1,1,1,1,1,1,1,5,1,14,6,1,1,33,2,2,0
6,40,4,2008,3,3,1,2,2,1,1,1,1,1,1,1,1,2,14,6,1,1,33,2,2,3
7,41,4,2008,4,1,1,2,2,1,4,1,1,1,1,2,1,2,9,6,1,1,33,2,2,0
3,44,2,2008,3,1,1,2,2,1,1,1,1,1,1,1,1,2,13,6,1,1,33,2,2,0
7,44,3,2008,2,1,1,2,2,1,1,1,1,1,1,3,1,2,7,11,1,1,33,2,2,3
7,44,3,2008,3,2,1,2,2,1,1,1,1,1,1,1,1,2,14,6,1,1,33,2,2,0
1,48,4,2008,2,7,8,2,2,1,1,1,1,1,1,3,1,2,9,6,1,1,33,2,2,0
1,50,4,2008,4,3,1,2,2,1,4,1,1,1,1,5,1,1,14,6,1,7,33,2,2,0
10,50,4,2008,1,1,1,2,1,1,4,1,2,1,1,3,1,2,14,1,1,1,33,2,2,0
4,35,4,2008,4,7,1,2,2,1,4,1,1,1,1,3,1,1,19,6,1,1,50,2,2,0
1,39,4,2008,3,1,1,2,1,1,1,1,1,1,1,5,1,1,14,6,1,1,33,2,2,0
1,39,4,2008,1,1,8,2,1,1,4,1,1,1,1,1,1,2,10,6,1,1,35,2,2,0
2,39,4,2008,4,1,1,2,2,1,2,1,1,1,1,3,1,1,19,6,1,1,33,2,2,0
8,38,4,2008,3,7,1,2,2,1,1,1,1,1,1,3,3,2,8,8,1,1,33,2,2,1
9,47,4,2008,3,7,8,2,2,1,1,2,1,1,1,1,1,2,9,5,1,1,33,2,2,2
8,47,4,2008,2,1,3,1,1,1,1,1,1,1,1,3,1,2,9,6,1,1,45,2,2,0
12,47,5,2008,2,1,1,2,2,1,1,1,1,1,1,1,1,2,7,6,1,1,25,2,2,0
12,47,5,2008,4,1,1,2,1,1,1,1,1,1,1,1,1,2,9,4,2,1,33,2,2,0
1,47,5,2008,3,1,1,2,2,1,1,1,1,1,1,1,1,2,9,6,1,1,33,2,2,0
6,52,5,2008,4,1,1,2,2,1,2,1,1,1,1,3,1,2,12,6,1,1,26,2,2,0
10,50,5,2008,4,1,1,2,2,1,3,1,1,1,1,3,1,2,14,5,1,1,30,2,2,1
10,50,5,2008,3,3,1,2,2,1,1,1,1,1,1,3,1,1,19,6,1,1,42,2,2,0
1,48,5,2008,3,3,2,1,2,1,1,1,1,1,1,3,1,2,9,6,1,1,33,2,2,1
1,48,5,2008,2,7,1,2,2,1,3,1,1,1,1,4,1,1,19,6,1,1,33,2,2,0
3,35,5,2008,3,1,1,2,2,1,1,1,1,1,1,4,1,2,14,6,1,1,33,2,2,1
6,44,3,2008,3,1,1,2,1,1,1,3,1,1,1,1,2,2,14,5,1,1,33,2,2,1
4,44,5,2008,2,7,8,2,2,1,1,1,1,1,1,2,1,2,9,4,1,1,40,2,2,0
7,44,5,2008,2,1,1,2,2,1,1,1,1,1,1,3,1,2,14,6,1,1,22,2,2,1
7,44,5,2008,3,7,1,2,2,1,1,1,1,1,1,1,1,2,14,6,1,1,45,2,2,0
12,50,8,2008,2,1,1,2,2,1,1,1,1,1,1,1,1,2,9,6,1,1,33,2,2,1
1,51,8,2008,3,1,1,2,2,1,1,1,1,1,1,3,1,2,8,6,1,1,33,1,2,0
12,51,8,2008,3,1,8,2,2,1,1,1,1,1,1,2,1,2,17,6,2,1,33,2,2,0
8,51,8,2008,3,1,1,2,2,2,1,2,2,1,1,2,1,2,8,6,1,1,33,2,2,0
4,51,8,2008,4,1,1,2,2,2,4,1,1,1,1,1,1,2,13,6,1,1,33,2,2,0
1,47,8,2008,2,1,1,2,2,1,1,1,1,1,1,1,1,1,9,6,1,1,33,2,2,0
1,45,8,2008,4,1,1,2,2,1,1,1,1,1,1,1,1,1,7,6,1,1,33,2,2,1
1,45,8,2008,1,1,1,2,2,1,4,1,1,1,1,1,1,2,14,10,1,1,33,2,2,0
4,44,8,2008,4,1,1,2,2,1,3,1,1,1,1,2,1,2,9,6,1,1,33,2,2,0
7,44,8,2008,4,1,3,1,2,1,2,1,1,1,1,1,1,2,19,6,1,1,33,2,2,1
7,41,8,2008,3,3,2,2,2,1,1,2,1,1,1,2,1,2,14,6,1,1,33,2,2,2
1,37,9,2008,3,1,1,2,2,1,1,1,1,1,1,3,1,2,4,6,1,1,33,2,2,3
6,38,9,2008,3,1,1,2,2,1,1,1,1,1,1,4,1,2,4,6,1,1,33,2,2,0
7,38,9,2008,4,1,1,2,1,1,2,1,1,1,1,1,1,2,19,6,1,1,33,2,2,0
3,38,9,2008,4,1,1,2,1,1,2,1,1,1,1,1,1,2,19,6,1,1,33,2,2,0
6,45,9,2008,2,1,1,2,2,1,1,1,1,1,1,1,1,2,12,6,1,2,33,2,2,0
4,45,9,2008,3,1,1,2,2,1,1,1,1,1,1,3,1,2,14,6,1,1,33,2,2,3
2,45,9,2008,4,1,1,2,2,1,2,1,1,1,1,1,1,2,4,6,1,1,33,2,2,0
2,50,9,2008,1,1,1,2,1,1,4,1,1,1,1,1,1,2,9,6,1,1,33,2,2,0
9,51,9,2008,3,1,3,2,2,1,1,1,1,1,1,1,1,2,9,6,1,1,50,2,2,0
12,51,9,2008,4,1,1,2,2,1,3,1,1,1,1,3,1,2,14,6,1,1,38,2,2,1
7,44,9,2008,1,1,1,1,1,1,2,1,1,1,1,1,1,2,11,6,1,1,23,2,2,0
1,47,9,2008,3,1,1,2,2,1,1,1,1,1,1,1,1,2,10,6,1,1,30,2,2,3
2,35,7,2008,3,1,1,2,2,1,1,1,1,1,1,4,1,2,4,4,1,1,27,1,2,0
12,47,8,2008,2,1,1,2,2,1,1,1,1,1,1,3,1,2,14,6,1,1,33,2,2,0
1,47,7,2008,3,2,1,2,2,1,1,1,1,1,1,1,1,1,9,6,1,7,33,2,2,0
1,51,7,2008,3,1,1,2,2,2,1,2,2,1,1,2,1,1,4,1,1,1,40,2,2,1
4,50,7,2008,4,1,1,2,2,2,2,1,1,1,1,4,4,2,14,5,1,1,33,2,2,0
12,50,7,2008,3,1,1,2,2,1,1,2,1,1,1,1,1,2,8,2,1,1,27,2,2,1
2,50,7,2008,3,1,1,1,2,1,1,1,1,1,1,1,1,2,9,6,1,1,33,2,2,0
5,45,6,2008,2,1,1,2,2,1,1,1,1,1,1,1,1,2,11,6,1,1,33,2,2,3
1,45,6,2008,3,1,1,2,2,1,1,1,1,1,1,1,1,2,9,6,1,1,33,1,2,3
1,47,6,2008,3,1,1,2,2,1,1,1,1,1,1,5,1,1,9,6,1,1,33,2,2,0
1,47,6,2008,1,1,1,2,1,2,3,1,1,1,1,1,2,2,14,10,1,1,33,2,2,0
1,39,6,2008,1,1,1,2,2,1,1,1,1,1,1,1,1,2,14,6,1,1,33,2,2,2
1,38,6,2008,2,4,1,2,2,1,1,2,1,1,1,1,1,2,10,6,1,1,33,2,2,0
1,38,6,2008,3,1,1,2,2,1,1,1,1,1,1,1,1,2,14,6,1,1,33,2,2,0
8,51,6,2008,2,1,1,2,2,1,1,1,1,1,1,2,1,2,9,6,1,1,40,2,2,1
1,50,6,2008,3,1,1,1,1,1,1,1,1,1,1,1,1,2,14,6,1,1,33,2,2,0
11,50,6,2008,4,1,3,2,2,1,4,1,1,1,1,2,3,2,14,11,1,1,45,2,2,0
6,40,2,2008,3,1,1,2,2,1,1,1,1,1,1,1,1,2,9,6,1,1,33,2,2,1
6,40,2,2008,3,1,1,2,2,1,1,1,1,1,1,1,1,1,9,4,1,1,27,2,2,0
12,50,10,2008,3,1,1,2,2,1,1,1,1,1,1,1,1,2,9,6,1,1,33,2,2,0
8,50,10,2008,4,1,1,2,1,4,1,1,1,1,1,4,1,2,9,6,1,1,33,2,2,0
13,50,10,2008,2,1,1,2,2,1,1,1,1,1,1,2,1,2,18,10,1,1,33,2,2,0
7,44,10,2008,2,1,1,2,2,1,1,1,1,1,1,1,1,2,9,9,1,1,40,2,2,1
7,44,10,2008,4,1,1,2,2,1,4,1,1,1,1,4,1,2,5,6,1,1,33,2,2,1
7,41,10,2008,3,1,1,2,2,1,1,1,1,1,1,1,1,2,19,6,1,1,22,2,2,0
6,41,10,2008,4,1,1,2,2,1,3,1,1,1,1,1,1,2,10,4,1,1,33,2,2,0
6,48,10,2008,2,1,1,2,1,1,1,1,1,1,1,3,1,2,5,6,1,1,45,2,2,1
3,38,10,2008,2,7,1,2,2,1,1,1,1,1,1,1,2,1,7,1,1,1,30,2,2,0
3,38,10,2008,1,1,1,2,2,1,4,1,1,1,1,1,1,2,9,6,1,1,33,2,2,0
5,45,10,2008,3,1,1,2,2,1,1,1,1,1,1,1,1,2,6,6,1,1,33,2,2,1
2,45,10,2008,3,1,1,2,2,1,1,1,1,1,1,1,1,2,9,6,1,1,33,2,2,1
12,51,11,2008,3,7,1,2,2,1,1,1,1,1,1,1,1,2,17,6,1,1,33,2,2,0
1,45,11,2008,3,1,1,2,2,1,1,1,1,1,1,1,1,1,14,6,1,7,33,2,2,3
5,45,11,2008,1,1,1,2,2,1,4,1,1,1,1,1,1,2,14,6,1,1,33,2,2,0
5,45,11,2008,3,1,1,2,2,1,1,1,1,1,1,1,1,2,12,6,1,7,33,2,2,0
1,48,11,2008,4,1,4,2,2,1,2,1,1,1,1,5,1,1,13,5,1,1,33,2,2,3
1,50,11,2008,1,1,1,1,1,1,3,1,1,1,1,5,1,1,7,6,1,1,50,2,2,1
12,50,11,2008,3,1,1,2,2,1,1,1,1,1,1,1,1,2,7,6,1,1,33,2,2,0
8,50,10,2008,3,1,3,2,2,1,1,4,1,1,1,4,4,2,4,6,1,1,17,2,2,1
12,47,11,2008,3,1,1,2,2,1,1,1,1,1,1,1,1,2,14,5,1,1,42,2,2,0
8,47,11,2008,2,1,4,2,2,1,1,1,1,1,1,1,1,1,9,5,1,1,28,2,2,1
1,49,10,2008,2,1,1,2,2,1,1,1,1,1,1,4,1,1,4,5,1,1,20,2,2,1
1,49,11,2008,4,1,1,2,2,1,4,1,1,1,1,3,1,2,14,5,1,1,33,2,2,0
10,50,12,2008,2,1,1,2,2,1,1,1,1,1,1,1,1,2,14,6,1,1,33,2,2,0
4,50,12,2008,2,1,1,2,2,4,1,1,1,1,1,1,1,2,9,6,1,1,33,2,2,0
12,50,12,2008,4,1,1,2,2,4,2,1,1,1,1,1,1,2,9,6,1,1,33,2,2,0
8,50,12,2008,3,1,1,1,2,1,1,2,1,1,1,1,1,2,9,6,1,1,33,2,2,0
8,50,12,2008,3,1,1,2,2,1,1,1,1,1,1,3,1,2,14,6,1,1,33,2,2,0
7,41,12,2008,2,1,1,2,2,1,1,1,1,1,1,1,1,2,8,6,1,1,21,2,2,1
6,41,12,2008,2,3,1,2,2,1,1,2,1,1,1,1,1,1,9,6,1,1,30,2,2,2
6,41,12,2008,2,7,1,2,1,1,1,1,1,1,1,1,1,2,9,6,1,1,33,2,2,0
1,45,12,2008,3,1,1,2,1,1,1,2,1,1,1,1,5,1,14,6,1,1,33,2,2,0
13,47,10,2008,2,1,1,2,2,4,1,1,1,1,1,3,1,2,4,6,1,1,33,2,2,1
1,47,12,2008,2,3,4,2,2,4,1,1,1,1,1,1,1,2,4,2,1,1,33,2,2,0
18,38,12,2008,2,1,1,2,2,1,1,1,1,1,1,1,1,2,9,6,1,1,33,2,2,0
1,38,12,2008,3,3,1,2,2,1,1,1,1,1,1,2,1,2,14,2,1,1,55,2,2,0
1,38,12,2008,2,1,1,2,2,1,1,1,1,1,1,3,1,2,8,6,1,1,33,2,2,0
1,35,12,2008,2,1,1,2,2,1,1,1,1,1,1,1,1,2,9,6,1,1,52,2,2,0
6,37,12,2008,2,1,1,1,2,1,1,1,1,1,1,2,1,2,10,6,1,2,33,2,2,0