Thana,District,Month,Year,Time,Junction_Type,Traffic_Control,Movement,Divider,Weather,Light,Road_Geometry,Surface_Condition,Surface_Type,Surface_Quality,Road_Class,Road_Feature,Location_Type,Vehicle_Type,Vehicle_Movement,Vehicle_Loading,Vehicle_Defect,Vehicle_Driver_Age,Vehicle_Alcohol,Vehicle_Seat_Belt,Accident_Severity
6,38,11,2008,3,1,1,2,2,1,1,4,1,1,1,1,1,2,9,6,1,1,33,2,2,0
4,44,11,2008,2,1,1,2,2,1,1,1,1,1,1,1,1,1,6,5,1,1,25,2,2,0
7,44,11,2008,2,1,1,2,2,1,1,1,1,1,1,3,1,2,9,6,1,1,33,2,2,0
4,36,1,2008,3,7,1,2,2,1,1,1,1,1,1,2,1,2,14,6,1,1,33,2,2,3
4,36,2,2008,3,1,1,2,2,1,1,1,1,1,1,4,1,2,9,6,1,1,33,2,2,0
2,36,2,2008,3,2,1,2,2,1,1,1,1,1,1,1,2,1,9,4,2,1,33,2,2,0
4,36,2,2008,4,1,1,2,2,1,3,1,1,1,1,1,1,2,9,10,1,1,33,2,2,0
3,36,3,2008,4,1,1,2,2,1,1,1,1,1,1,1,1,1,9,4,1,1,33,2,2,0
2,36,4,2008,3,1,8,2,2,1,1,1,1,1,1,4,1,2,14,2,1,1,33,2,2,1
2,36,4,2008,3,1,1,2,2,1,1,1,1,1,1,4,1,2,9,6,1,1,33,2,2,0
3,36,12,2008,3,1,1,2,2,1,1,1,1,1,1,1,1,2,9,6,1,1,33,2,2,1
4,36,12,2008,3,1,1,2,2,1,1,1,1,1,1,1,1,2,16,6,1,1,33,2,2,0
2,36,8,2008,2,1,7,2,2,1,1,3,1,1,1,1,1,2,13,6,1,1,33,2,2,1
1,36,10,2008,2,1,1,2,2,1,1,1,1,1,1,1,1,2,9,6,1,1,33,2,2,1
4,36,11,2008,2,1,1,2,1,1,1,1,1,1,1,1,1,2,4,6,1,1,33,2,2,0
7,47,10,2008,3,3,1,2,2,1,1,1,1,1,1,1,1,1,14,6,1,7,33,2,2,0
1,47,9,2008,4,1,1,2,2,1,2,1,1,1,1,1,1,2,11,6,1,1,30,2,2,0
3,45,7,2008,2,1,1,2,2,1,1,1,1,1,1,3,1,2,9,6,1,1,28,1,2,0
6,45,7,2008,2,7,4,2,1,1,1,1,1,1,1,1,1,1,14,6,1,1,33,2,2,1
1,45,10,2008,3,7,1,2,2,1,1,1,1,1,1,1,1,1,9,6,1,7,33,1,2,1
1,45,10,2008,3,1,1,2,2,1,1,1,1,1,1,1,1,2,9,6,1,7,33,1,2,0
1,45,10,2008,3,1,1,2,2,1,1,1,1,1,1,1,1,1,9,6,1,1,33,1,2,1
6,45,10,2008,2,3,1,2,1,1,2,1,1,1,1,1,1,2,8,6,1,7,33,1,0,0
6,45,10,2008,2,2,1,2,1,1,1,1,1,1,1,1,1,1,9,6,1,1,33,1,2,0
5,45,1,2008,2,1,1,2,2,1,1,1,1,1,1,1,1,2,9,6,1,3,33,1,2,0
4,36,12,2008,2,1,1,2,2,1,1,5,1,1,1,1,2,2,9,6,1,1,33,2,2,0
2,49,10,2008,4,1,1,2,2,1,4,1,1,1,1,1,1,2,6,5,2,6,33,2,0,0
1,49,11,2008,4,7,8,2,2,1,2,1,1,1,1,4,1,2,14,5,2,7,33,1,0,0
1,46,3,2008,5,1,2,2,2,1,1,1,1,1,1,2,1,2,4,6,1,1,33,2,2,0
1,46,2,2008,3,1,1,2,2,1,1,1,1,1,1,1,1,2,9,6,1,1,33,2,2,0
6,37,12,2008,2,1,1,2,2,1,1,1,1,2,1,2,1,2,19,6,1,7,35,2,2,0
5,37,7,2008,4,1,1,2,2,2,1,2,2,1,2,2,1,2,8,6,1,1,30,2,2,0
3,46,5,2008,3,1,1,2,2,1,1,1,1,1,1,3,1,2,9,6,1,1,33,2,2,0
7,44,10,2008,2,3,1,1,1,1,1,1,1,1,1,1,1,2,9,1,1,1,40,2,2,1
1,35,1,2008,2,1,1,2,2,1,1,1,1,1,1,3,1,2,6,6,1,1,22,2,2,0
1,48,6,2008,3,1,1,2,2,1,1,1,2,1,2,3,1,2,9,6,1,1,33,2,2,0
13,51,8,2008,4,1,1,2,2,1,3,1,1,1,2,3,1,2,19,6,1,1,33,2,2,1
1,51,4,2008,3,1,3,2,2,1,1,1,1,1,1,2,1,1,9,6,1,1,30,2,2,0
1,39,10,2008,2,3,2,2,1,1,1,1,1,1,1,1,1,1,1,5,1,7,28,2,2,1
2,50,3,2008,4,1,1,2,2,1,1,1,1,1,1,1,1,2,9,6,1,7,42,2,2,0
7,41,10,2008,4,3,1,2,2,1,2,1,1,1,1,1,1,1,9,6,1,1,33,1,2,0
11,50,10,2008,2,1,1,2,1,1,1,1,1,1,1,2,1,2,6,6,1,1,33,1,2,0
11,50,10,2008,3,1,1,2,2,1,1,1,1,1,1,1,1,2,9,6,1,7,33,2,2,1
5,50,10,2008,3,1,1,2,2,1,1,1,1,1,1,1,1,2,9,6,1,7,33,2,2,1
1,50,10,2008,2,1,1,2,2,1,1,2,1,1,1,2,1,2,19,10,1,7,33,2,2,0
10,50,6,2008,2,3,1,2,2,1,1,1,1,1,1,1,1,1,6,2,1,1,31,1,2,1
2,50,6,2008,4,1,1,2,2,1,4,1,1,1,1,1,1,2,14,6,1,1,55,2,2,0
9,50,10,2008,2,1,1,2,2,1,1,3,1,1,1,2,5,2,9,6,2,7,38,1,2,1
3,38,3,2008,3,5,1,2,1,1,1,2,1,1,2,1,4,1,9,1,1,1,33,2,2,0
6,38,4,2008,1,1,1,1,2,1,4,2,1,1,1,1,1,2,12,1,1,1,32,2,1,1
1,38,12,2008,2,7,1,2,1,1,1,1,1,1,1,1,1,2,9,11,1,1,33,2,2,0
12,50,2,2008,3,1,1,2,2,1,1,1,1,2,2,1,1,2,6,10,2,1,33,2,2,0
12,50,9,2008,3,1,1,2,2,1,1,1,1,1,1,1,1,2,14,6,1,1,33,2,2,1
2,50,9,2008,2,1,1,2,2,1,1,1,1,1,1,2,1,2,9,6,1,1,33,2,2,0
7,17,10,2008,2,2,1,2,2,1,1,1,1,1,1,1,1,2,1,11,1,1,33,2,2,0
3,17,5,2008,3,2,7,1,2,1,1,2,1,1,1,3,1,1,7,6,1,7,22,2,2,0
3,17,11,2008,3,1,1,2,2,1,1,1,1,1,1,4,1,2,14,11,1,7,33,2,2,0
8,17,9,2008,2,7,8,1,2,1,1,2,1,1,1,4,1,2,14,6,1,1,35,1,2,0
1,17,8,2008,3,1,1,2,2,2,1,1,2,1,1,1,1,2,16,5,1,1,33,2,2,0
3,42,1,2008,3,3,3,1,1,1,1,1,1,1,1,1,1,1,9,6,1,1,28,2,2,1
3,42,2,2008,2,1,1,1,1,1,3,1,1,1,1,1,1,1,14,6,1,1,25,1,2,0
4,42,1,2008,3,3,8,1,1,1,1,1,1,1,1,5,1,1,9,11,1,1,32,2,2,0
4,42,1,2008,2,3,1,1,1,1,1,1,1,1,1,5,1,1,8,5,1,1,38,2,2,1
4,42,4,2008,1,7,8,1,1,1,1,1,1,1,1,5,1,1,14,6,1,1,42,1,2,0
4,42,4,2008,3,7,1,1,1,1,1,1,1,1,1,5,1,1,10,6,1,2,33,1,0,0
8,42,2,2008,3,3,1,1,1,1,1,1,1,1,1,5,1,1,10,6,1,1,27,2,2,1
8,42,2,2008,2,3,4,1,1,1,1,1,1,1,1,5,1,1,14,6,1,1,22,1,2,1
9,42,2,2008,1,1,1,1,1,1,2,1,1,1,1,5,1,1,7,6,1,1,40,2,2,0
9,42,4,2008,4,1,1,2,1,2,1,1,1,1,1,5,1,1,10,6,1,1,38,2,2,1
10,42,1,2008,2,1,1,2,2,1,1,1,1,1,1,5,1,1,19,6,1,1,38,2,2,3
10,42,4,2008,2,2,6,1,1,1,1,1,1,1,1,5,1,1,9,6,1,1,35,2,2,1
10,42,5,2008,2,1,1,2,2,1,1,1,1,1,1,5,1,1,9,11,1,1,33,2,2,1
10,42,5,2008,1,4,1,1,1,3,1,1,1,1,1,5,1,1,14,6,1,1,35,1,2,0
10,42,6,2008,4,1,1,1,1,1,3,1,1,1,1,5,1,1,10,6,1,1,35,1,2,2
10,42,6,2008,1,1,1,1,1,1,1,1,1,1,1,5,1,1,6,6,2,1,28,2,2,0
10,42,7,2008,1,2,6,1,1,1,3,1,1,1,1,5,1,1,8,6,2,1,32,1,2,0
11,42,3,2008,4,2,4,1,1,1,3,1,1,1,1,5,1,1,19,6,1,1,35,1,2,0
11,42,4,2008,3,4,2,1,1,1,1,1,1,1,1,5,1,1,9,6,1,1,40,2,2,0
12,42,1,2008,2,1,1,2,2,1,1,1,1,1,1,5,1,1,10,6,1,1,32,2,2,3
15,42,1,2008,4,7,8,2,1,1,2,1,1,1,1,1,1,1,5,6,1,1,22,2,2,0
15,42,2,2008,1,1,8,1,2,1,3,1,1,1,1,2,1,1,9,6,1,1,32,2,2,1
15,42,4,2008,3,7,1,1,1,1,1,1,1,1,1,2,1,1,8,2,1,1,20,2,2,3
16,42,1,2008,2,7,4,2,2,1,3,1,1,1,1,1,1,1,13,5,1,1,32,1,2,0
16,42,1,2008,2,1,4,1,1,1,1,1,1,1,1,1,1,1,19,6,1,1,32,1,2,1
16,42,4,2008,2,1,1,1,1,1,1,1,1,1,1,1,1,1,9,5,1,1,30,2,2,0
16,42,5,2008,1,2,4,1,1,1,3,1,1,1,1,1,1,1,12,6,1,7,28,2,2,0
17,42,5,2008,4,1,1,1,1,1,4,1,1,1,1,5,1,1,10,6,1,2,33,1,0,0
17,42,5,2008,3,1,4,1,1,1,1,1,1,1,1,5,1,1,7,6,1,1,32,2,2,1
17,42,6,2008,2,1,1,2,2,1,1,1,1,1,1,5,1,1,19,6,1,1,38,2,2,1
17,42,6,2008,2,1,1,2,2,1,3,1,1,1,1,5,1,1,19,6,1,1,26,2,2,3
18,42,1,2008,4,1,8,1,1,1,3,1,1,1,1,5,1,1,9,6,1,7,33,2,2,0
18,42,2,2008,2,1,1,1,1,1,1,1,1,1,1,5,1,1,14,6,1,1,38,1,2,0
21,42,1,2008,1,7,1,2,2,1,1,1,1,1,1,5,1,1,10,6,1,2,33,1,0,0
21,42,1,2008,1,7,1,2,2,1,1,1,1,1,1,1,1,1,9,6,1,1,32,2,2,0
21,42,5,2008,3,7,1,2,2,1,1,1,1,1,1,1,1,1,9,6,1,1,28,2,2,0
21,42,5,2008,4,7,1,1,2,1,3,1,1,1,1,1,1,1,14,6,1,1,38,2,2,0
21,42,6,2008,3,7,8,2,2,1,1,1,1,1,1,1,1,1,9,6,1,1,39,2,2,0
24,42,6,2008,3,1,1,2,2,1,1,1,1,1,1,1,1,1,14,6,1,2,26,2,2,0
27,42,6,2008,3,1,1,1,1,1,1,1,1,1,1,5,1,1,9,6,1,1,38,1,2,1
28,42,1,2008,3,3,2,1,2,1,2,1,1,1,1,5,1,1,2,4,1,7,28,1,2,1
28,42,2,2008,4,2,1,2,1,1,3,1,1,1,1,5,1,1,8,6,1,1,38,2,2,0
28,42,6,2008,3,3,4,1,1,1,1,2,1,1,1,5,1,1,9,6,1,1,38,2,2,2
33,42,3,2008,4,1,4,1,1,1,3,1,1,1,1,1,1,1,9,6,1,1,38,2,2,0
33,42,3,2008,3,1,1,1,1,1,1,1,1,1,1,1,1,1,9,6,1,1,28,2,2,0
33,42,4,2008,2,2,4,1,1,1,1,1,1,1,1,5,1,1,9,6,1,1,32,2,2,0
33,42,4,2008,3,2,4,1,1,1,1,1,1,1,1,1,1,1,14,6,1,1,42,2,2,0
33,42,4,2008,4,1,1,1,1,1,3,1,1,1,1,1,1,1,14,6,1,1,40,1,2,1
33,42,5,2008,4,1,1,1,1,1,3,1,1,1,1,1,1,1,14,6,1,1,35,1,2,0
32,42,2,2008,1,1,4,1,1,1,3,1,1,1,1,5,1,1,14,6,1,1,38,1,2,0
32,42,3,2008,1,2,4,1,1,1,3,1,1,1,1,5,1,1,10,6,1,2,33,1,0,0
32,42,4,2008,1,1,1,1,1,1,3,1,1,1,1,5,1,1,10,6,1,1,28,2,2,1
32,42,6,2008,2,7,4,1,1,1,1,1,1,1,1,5,1,1,9,6,1,1,40,2,2,1
32,42,10,2008,2,1,1,1,1,1,1,1,1,1,1,5,1,1,10,6,1,1,35,2,2,1
2,42,2,2008,2,7,1,2,1,1,1,1,1,1,1,5,1,1,19,6,1,1,30,1,0,1
2,42,4,2008,2,2,4,1,2,1,1,1,1,1,1,1,1,1,5,6,1,1,35,1,2,3
2,42,5,2008,3,3,1,1,1,1,1,1,1,1,1,5,1,1,5,6,1,1,35,1,2,2
1,42,5,2008,2,7,1,1,1,1,1,1,1,1,1,1,1,1,8,6,1,1,31,2,2,3
1,42,6,2008,2,2,5,1,1,1,1,1,1,1,1,5,1,1,10,6,1,1,32,2,2,2
5,42,9,2008,3,7,8,2,1,1,1,1,1,1,1,5,1,1,8,6,1,1,38,2,2,3
5,42,9,2008,3,1,8,2,2,1,1,1,1,1,1,5,1,1,7,6,1,1,38,2,2,1
7,42,1,2008,3,1,1,2,2,1,1,1,1,1,1,5,1,1,19,6,1,1,24,2,2,1
14,42,3,2008,1,2,4,1,1,1,2,1,1,1,1,1,1,1,9,6,1,1,28,2,2,0
14,42,6,2008,4,3,1,2,2,1,2,1,1,1,1,1,1,1,14,6,1,1,26,1,2,0
14,42,7,2008,2,1,2,2,1,1,1,1,1,1,1,5,1,1,10,6,1,1,22,2,2,1
22,42,4,2008,3,1,1,2,2,1,1,1,1,1,1,5,1,1,10,6,1,1,42,2,2,2
29,42,5,2008,4,2,8,1,1,1,3,1,1,1,1,5,1,1,9,6,1,1,25,2,2,0
13,42,8,2008,3,6,4,1,1,1,1,1,1,1,1,1,1,1,12,6,1,1,28,2,2,1
10,42,8,2008,2,1,4,1,1,1,3,1,1,1,1,5,1,1,16,6,1,2,49,1,2,0
10,42,10,2008,4,1,1,1,1,1,2,1,1,1,1,5,1,1,8,6,1,1,39,1,2,0
24,42,9,2008,4,1,1,2,2,1,4,1,1,1,1,2,1,2,10,6,2,1,42,1,2,1
18,42,1,2008,4,1,1,1,1,1,3,1,1,1,1,5,1,1,9,6,1,7,35,2,2,0
18,42,6,2008,3,1,1,1,1,1,1,1,1,1,1,5,1,1,14,6,1,1,38,1,2,0
18,42,7,2008,2,1,1,2,2,1,1,1,1,1,1,5,1,1,7,6,1,1,32,1,2,0
12,42,7,2008,4,1,4,1,1,1,3,1,1,1,1,5,1,1,10,6,1,1,25,2,2,1
12,42,9,2008,3,1,1,1,1,1,1,1,1,1,1,5,1,1,10,6,1,1,35,2,2,2
12,42,10,2008,1,2,4,1,1,1,3,1,1,1,1,5,1,1,14,6,1,1,42,1,2,0
9,42,8,2008,4,3,4,1,1,1,3,1,1,1,1,5,1,1,14,6,1,1,1,1,2,2
9,42,8,2008,3,1,1,1,1,1,1,1,1,1,1,5,1,1,6,6,1,1,22,2,2,0
9,42,8,2008,2,1,1,1,1,1,1,1,1,1,1,5,1,1,9,6,1,1,30,2,2,1
9,42,11,2008,4,1,1,2,2,1,3,1,1,1,1,5,1,1,14,6,1,1,35,1,2,0
3,42,5,2008,3,3,4,1,1,1,1,1,1,1,1,5,1,1,5,6,1,1,36,2,1,0
3,42,5,2008,4,3,4,1,1,1,3,1,1,1,1,5,1,1,14,6,1,1,38,1,2,1
3,42,11,2008,4,3,4,1,1,1,3,1,1,1,1,1,1,1,9,6,1,1,32,2,2,0
22,42,11,2008,2,1,1,2,1,1,2,1,1,1,1,1,1,1,10,6,1,1,36,2,1,0
22,42,6,2008,1,3,1,1,1,1,3,1,1,1,1,1,1,1,14,6,1,1,40,1,2,0
13,42,11,2008,4,1,1,1,1,1,3,1,1,1,1,1,1,1,6,1,1,1,30,2,2,0
28,42,8,2008,2,2,4,1,1,1,1,1,1,1,1,5,1,1,5,6,1,1,34,1,2,1
28,42,9,2008,3,5,6,1,1,1,1,1,1,1,1,5,1,1,9,6,1,1,32,1,2,3
28,42,10,2008,3,7,8,1,1,1,1,1,1,1,1,5,1,1,9,6,1,7,35,1,2,2
28,42,11,2008,3,5,4,1,1,1,1,1,1,1,1,5,1,1,9,6,1,1,38,2,2,3
28,42,11,2008,3,7,1,1,1,1,1,1,1,1,1,5,1,1,10,6,1,1,34,2,2,1
28,42,11,2008,4,5,5,1,1,1,1,1,1,1,1,5,1,1,9,6,1,1,36,2,2,2
18,42,8,2008,2,1,1,1,1,1,3,1,1,1,1,5,1,1,9,6,1,1,37,2,2,2
11,42,8,2008,3,1,1,1,1,1,1,1,1,1,1,5,1,1,9,6,1,1,40,2,2,1
11,42,9,2008,2,1,1,1,1,1,1,1,1,1,1,5,1,1,9,6,1,1,35,2,2,0
11,42,9,2008,1,1,1,1,1,1,1,1,1,1,1,5,1,1,9,6,1,1,38,2,2,1
26,42,8,2008,4,1,1,1,1,1,3,1,1,1,1,5,1,1,8,5,1,3,38,2,2,1
26,42,8,2008,2,2,3,1,1,1,1,1,1,1,1,5,1,1,8,5,1,1,32,2,2,3
26,42,9,2008,4,1,1,1,1,1,3,1,1,1,1,5,1,1,8,5,2,3,35,2,2,1
15,42,9,2008,4,1,1,2,2,1,2,3,1,1,1,5,1,1,9,6,1,1,42,2,2,1
1,42,7,2008,2,3,2,1,1,1,2,2,1,1,1,5,1,1,14,6,1,1,45,1,2,0
1,42,2,2008,1,1,1,1,1,1,1,1,1,1,1,5,1,1,19,6,1,7,45,2,2,1
1,42,9,2008,2,1,8,1,1,1,1,1,1,1,1,5,1,1,9,6,1,1,40,1,2,2
1,42,10,2008,3,2,8,1,1,1,1,1,1,1,1,5,1,1,9,6,1,1,24,2,2,0
1,42,11,2008,4,2,1,1,1,1,3,1,1,1,1,5,1,1,14,6,1,1,35,2,2,0
8,42,4,2008,2,3,1,1,1,1,2,1,1,1,1,5,1,1,10,6,1,1,35,2,2,0
14,42,10,2008,3,2,1,2,2,1,1,1,1,1,1,5,1,1,9,6,1,1,38,2,2,2
14,42,12,2008,4,2,8,1,1,1,3,2,1,1,1,1,1,1,9,6,1,1,40,2,2,2
14,42,12,2008,1,5,4,1,1,1,1,1,1,1,1,1,1,1,10,6,1,2,33,1,0,2
14,42,12,2008,3,2,4,1,1,1,1,1,1,1,1,1,1,1,9,6,1,1,43,2,2,2
21,42,9,2008,2,3,1,2,2,1,2,1,1,1,1,1,1,1,9,6,1,1,42,2,2,0
21,42,9,2008,2,1,4,2,2,1,1,1,1,1,1,1,1,1,9,6,1,1,32,2,2,0
16,42,7,2008,2,1,1,1,1,1,1,1,1,1,1,5,1,1,10,6,1,1,26,2,2,0
16,42,8,2008,2,1,1,1,1,1,2,1,1,1,1,5,1,1,10,6,1,1,26,2,2,0
17,42,7,2008,3,1,4,1,1,1,1,1,1,1,1,5,1,1,9,6,1,1,38,2,2,1
17,42,7,2008,1,1,4,1,1,1,2,1,1,1,1,2,1,1,14,6,1,1,42,2,2,0
33,42,8,2008,1,1,1,1,1,1,3,1,1,1,1,5,1,1,9,6,1,1,30,2,2,0
33,42,10,2008,4,1,1,1,1,1,2,1,1,1,1,1,1,1,10,6,1,2,33,1,0,0
33,42,11,2008,2,1,2,1,1,1,1,1,1,1,1,1,1,1,10,6,1,2,33,1,0,0
11,42,11,2008,2,7,8,2,2,1,1,1,1,1,1,5,1,1,10,6,1,1,45,2,2,2
4,42,7,2008,4,1,1,2,2,1,3,1,1,1,1,5,1,1,14,6,1,1,40,2,2,0
4,42,10,2008,4,1,1,1,1,1,3,1,1,1,1,5,1,1,9,6,1,1,38,2,2,1
1,20,1,2008,3,1,1,1,2,1,1,1,1,1,1,3,1,2,14,6,1,7,35,2,2,0
1,20,1,2008,2,1,1,2,1,1,1,1,1,1,1,5,1,1,14,6,1,7,32,2,2,0
1,20,6,2008,2,7,8,2,1,1,1,1,1,1,1,2,1,2,14,6,1,1,33,2,2,0
1,20,9,2008,2,1,1,2,1,1,1,1,1,1,1,2,1,2,14,6,1,7,33,2,2,0
3,20,3,2008,4,7,1,2,1,2,2,1,1,1,1,1,1,2,17,6,1,1,33,2,2,0
3,20,6,2008,3,7,1,2,1,1,1,2,1,1,1,3,1,2,14,6,1,6,33,2,2,0
3,20,6,2008,2,1,1,2,2,1,1,1,1,1,1,1,1,1,14,6,1,7,33,2,2,0
3,20,10,2008,3,7,1,2,2,1,1,1,1,1,1,1,1,2,14,6,1,1,28,2,2,0
3,20,11,2008,3,1,1,2,2,1,1,1,1,1,1,1,1,2,19,5,1,1,33,2,2,0
2,20,9,2008,1,3,1,2,2,1,1,1,1,1,1,1,1,1,14,6,2,1,33,2,2,0
1,21,4,2008,2,1,1,2,2,1,1,2,1,1,1,1,1,2,7,6,1,1,33,2,2,0
1,21,5,2008,2,1,1,2,2,1,1,1,1,1,1,3,1,2,17,6,1,1,33,2,2,0
1,21,8,2008,3,1,1,2,2,1,1,1,1,1,1,1,1,1,12,6,1,1,33,2,2,1
1,21,9,2008,3,1,1,2,2,1,1,1,1,1,1,1,1,1,9,6,1,1,33,2,2,1
2,21,3,2008,4,1,1,2,1,1,3,1,1,1,1,4,1,2,14,6,1,1,30,2,2,0
3,21,4,2008,2,1,1,2,2,1,1,1,1,1,1,2,1,2,9,6,1,1,40,2,2,0
4,21,5,2008,4,1,1,2,2,1,1,1,1,1,1,1,2,1,9,6,1,1,41,2,2,0
5,21,2,2008,2,3,1,2,2,1,1,1,1,1,1,2,1,1,14,1,1,1,40,2,2,0
5,21,9,2008,4,1,1,2,2,2,4,1,2,1,1,1,1,2,14,6,1,1,36,2,2,0
6,21,8,2008,1,1,1,2,2,1,2,1,1,1,1,1,1,2,14,6,1,1,32,2,2,0
1,23,2,2008,2,1,1,2,2,1,1,1,1,1,1,2,1,2,8,5,1,1,30,2,2,0
1,23,3,2008,3,1,1,2,2,1,1,1,1,1,1,2,1,2,9,6,1,1,22,2,2,1
1,26,1,2008,2,3,1,2,2,1,1,1,1,1,1,2,1,1,9,6,1,1,37,2,2,1
1,26,6,2008,3,1,1,2,2,1,1,1,1,1,2,1,1,2,8,6,1,1,33,2,2,0
4,26,5,2008,2,2,8,2,2,1,1,1,1,1,1,1,1,2,8,11,1,1,33,2,2,0
5,26,1,2008,2,1,1,2,2,1,1,1,1,1,1,1,1,1,14,6,1,1,28,2,2,1
5,26,11,2008,3,1,1,2,2,1,1,1,1,1,1,1,1,2,9,6,1,1,42,2,2,0
2,26,3,2008,2,7,8,2,2,1,1,2,1,2,2,2,1,2,4,11,1,1,24,2,2,0
8,26,5,2008,2,7,1,2,2,1,2,1,1,1,1,1,1,2,14,6,1,1,26,2,2,0
9,26,8,2008,2,1,1,2,2,2,1,2,1,1,1,4,1,2,6,5,1,1,40,2,2,0
1,19,2,2008,4,1,1,2,2,2,2,2,2,2,2,3,1,2,19,6,1,1,30,2,2,1
3,19,5,2008,3,1,1,2,2,1,1,1,1,1,1,2,1,2,19,6,1,1,33,2,2,0
3,22,7,2008,2,1,1,2,2,2,1,1,2,1,1,1,1,2,9,6,1,1,32,2,2,0
1,22,2,2008,2,7,1,2,2,1,1,1,1,1,1,1,1,2,14,6,1,1,34,2,2,1
1,22,5,2008,4,1,1,2,2,1,4,1,1,1,1,1,1,2,9,6,1,1,33,2,2,0
1,22,5,2008,3,1,1,2,2,1,1,1,1,1,1,1,1,2,10,6,1,1,33,2,2,0
1,22,5,2008,4,1,1,2,2,1,2,1,1,1,1,1,1,1,10,6,1,1,33,2,2,1
1,22,7,2008,4,1,1,1,2,1,1,1,1,1,1,1,1,1,9,6,1,1,33,2,2,0
1,22,8,2008,2,1,1,1,2,1,1,1,1,1,1,1,1,1,19,11,1,1,33,2,2,1
1,22,11,2008,4,1,1,1,2,1,4,1,1,1,1,3,1,2,14,6,1,1,32,2,2,1
6,18,5,2008,4,1,1,1,2,1,4,1,1,1,1,2,1,2,14,5,1,7,33,2,2,1
6,18,8,2008,3,1,1,1,2,1,1,5,1,1,1,1,1,2,8,6,1,1,34,2,2,0
6,18,8,2008,2,1,1,2,2,1,2,2,1,1,1,1,1,2,14,11,1,7,33,2,2,1
6,18,10,2008,3,1,1,1,2,1,1,1,1,1,1,1,1,2,9,6,1,7,33,2,2,0
4,18,3,2008,2,1,1,1,2,1,1,1,1,1,1,5,1,1,14,6,1,7,33,2,2,0
3,18,1,2008,3,1,1,1,2,1,1,1,1,1,1,1,1,2,19,6,1,1,50,2,2,0
5,18,3,2008,2,1,1,2,2,1,2,1,1,1,2,1,1,2,14,6,1,1,33,2,2,0
5,18,6,2008,1,1,1,2,2,1,1,1,1,1,1,2,1,2,7,7,1,1,33,2,2,0
1,18,1,2008,2,1,1,2,2,1,1,1,1,1,1,1,1,1,19,7,1,1,33,2,2,0
1,18,1,2008,1,1,1,1,2,1,2,1,1,1,1,2,1,2,14,1,1,1,33,2,2,0
1,18,3,2008,4,1,1,1,2,1,4,1,1,1,1,1,1,1,9,6,1,1,33,2,2,0
1,18,4,2008,2,1,1,1,2,1,1,1,1,1,1,1,1,2,14,6,1,1,33,2,2,0
1,18,4,2008,4,1,1,1,2,1,4,1,1,1,1,2,1,2,14,6,1,1,33,2,2,0
1,18,4,2008,2,1,1,1,2,1,1,1,1,1,1,2,1,2,9,6,1,1,50,2,2,0
1,18,5,2008,3,1,1,1,2,1,1,1,1,1,1,2,1,2,13,6,1,1,33,2,2,2
1,18,6,2008,1,1,1,1,2,1,1,1,1,1,1,2,1,2,5,6,1,1,33,2,2,1
1,18,8,2008,2,1,1,1,2,1,1,1,1,1,1,2,1,2,9,9,1,1,33,2,2,1
1,18,8,2008,3,1,1,1,2,1,1,1,1,1,1,2,1,2,14,11,1,1,33,2,2,0
1,18,10,2008,3,1,1,1,2,1,1,1,1,1,1,2,1,2,7,5,1,1,33,2,2,1
1,18,11,2008,3,1,1,1,2,1,1,1,1,1,1,2,1,2,14,6,1,1,33,2,2,0
2,1,1,2008,2,1,1,2,2,1,1,1,1,1,1,1,1,2,9,6,1,1,33,2,2,0
1,24,1,2008,2,1,1,2,1,2,2,1,1,1,1,1,1,1,16,6,1,1,33,2,2,0
1,24,6,2008,4,1,1,2,2,1,2,1,1,1,1,1,1,2,14,6,1,1,33,2,2,0
1,24,7,2008,2,1,1,2,2,1,1,1,1,1,1,1,1,2,9,6,1,1,30,2,2,0
1,24,8,2008,4,1,1,2,2,1,4,2,1,1,1,1,1,2,19,6,1,1,33,2,2,0
1,24,10,2008,3,1,1,2,2,1,1,1,1,1,1,1,1,2,11,6,1,1,33,2,2,0
1,24,11,2008,2,1,1,2,2,1,1,1,1,1,1,1,1,2,13,6,1,1,33,2,2,0
9,24,9,2008,2,1,1,2,2,1,1,1,1,1,1,1,1,1,4,6,1,1,33,2,2,0
7,24,2,2008,2,1,1,2,2,1,1,1,1,1,1,1,1,1,4,6,1,1,33,2,2,0
7,24,4,2008,4,1,1,2,2,1,2,1,1,1,1,3,1,2,12,6,1,1,33,2,2,0
8,24,4,2008,4,1,1,2,2,1,4,1,1,1,1,1,1,2,9,5,1,1,33,2,2,0
4,25,5,2008,2,1,1,2,2,1,1,1,1,1,1,4,1,2,9,6,1,1,33,2,2,0
1,25,1,2008,2,1,1,2,2,1,1,1,1,1,1,4,1,2,10,1,1,1,33,2,2,0
1,25,2,2008,2,1,1,2,2,1,1,1,1,1,1,1,1,2,8,6,1,1,33,2,2,0
5,25,11,2008,4,1,1,2,2,1,4,1,1,1,1,4,1,2,8,6,1,2,33,2,2,3
3,25,1,2008,3,1,1,1,2,1,1,1,1,1,1,4,1,2,14,6,1,1,33,2,2,3
3,25,1,2008,3,1,1,2,2,1,1,1,1,1,1,4,1,2,14,1,1,1,33,2,2,1