Thana,District,Month,Year,Time,Junction_Type,Traffic_Control,Movement,Divider,Weather,Light,Road_Geometry,Surface_Condition,Surface_Type,Surface_Quality,Road_Class,Road_Feature,Location_Type,Vehicle_Type,Vehicle_Movement,Vehicle_Loading,Vehicle_Defect,Vehicle_Driver_Age,Vehicle_Alcohol,Vehicle_Seat_Belt,Accident_Severity
3,25,9,2008,4,1,1,2,2,1,2,1,1,1,1,4,1,2,19,6,1,1,25,2,2,0
6,25,3,2008,3,1,1,1,2,1,1,1,1,1,1,4,1,2,8,6,1,1,28,2,2,0
6,25,4,2008,3,1,1,1,2,1,1,1,1,1,1,4,1,2,14,6,1,1,33,2,2,0
1,29,11,2008,4,1,1,2,2,1,2,1,1,1,1,3,1,2,6,6,1,2,33,2,2,1
2,29,11,2008,2,1,1,2,2,1,1,1,1,1,1,4,1,2,8,5,1,1,28,2,2,0
3,29,9,2008,2,1,1,1,1,1,1,1,1,1,1,1,1,2,9,6,1,7,33,2,2,0
6,29,12,2008,3,1,1,2,2,1,1,1,1,1,1,1,1,1,9,6,1,1,33,2,2,0
8,29,2,2008,2,7,1,2,2,1,3,1,1,1,1,1,1,2,7,6,1,1,33,2,2,0
8,29,7,2008,3,7,1,2,2,1,2,1,1,1,1,1,1,2,9,6,1,1,33,2,2,0
1,24,10,2008,2,1,1,2,2,1,1,1,1,1,1,1,1,2,14,6,1,1,33,2,2,0
2,24,10,2008,2,1,1,2,2,1,1,1,1,1,1,1,1,2,9,6,1,1,33,2,2,0
2,24,10,2008,4,1,1,2,2,1,3,1,1,1,1,1,1,2,14,6,1,1,25,2,2,0
2,24,11,2008,1,1,1,2,2,1,1,1,1,1,1,1,1,2,14,6,1,1,45,2,2,0
3,19,12,2008,2,2,1,2,2,1,1,1,1,1,1,2,1,2,17,6,1,1,33,2,2,0
3,20,11,2008,2,1,1,2,2,1,2,1,1,1,1,2,1,2,14,6,1,7,22,2,2,1
1,22,12,2008,1,1,1,2,2,1,4,2,1,1,1,1,1,2,10,1,1,1,37,2,2,0
1,22,12,2008,3,1,1,2,2,1,1,1,1,1,1,3,1,2,9,6,1,1,27,2,2,1
3,29,3,2008,2,7,1,2,2,1,1,1,1,1,1,1,1,2,9,6,1,1,33,2,2,1
3,29,4,2008,2,1,1,2,2,1,1,1,1,1,1,1,1,2,9,6,1,1,33,2,2,1
5,29,5,2008,3,1,1,2,2,1,1,1,1,1,1,1,1,2,4,6,1,1,27,2,1,0
5,29,12,2008,2,1,1,2,2,1,1,1,1,1,1,1,1,2,14,6,1,3,33,2,2,0
3,18,2,2008,2,1,2,2,1,2,1,2,1,1,2,1,2,1,4,6,1,1,26,2,2,0
3,18,2,2008,1,1,1,2,1,1,1,1,1,1,1,2,1,2,9,6,1,1,33,1,2,0
3,18,10,2008,3,1,1,2,2,1,1,1,1,1,1,2,1,2,1,6,1,1,45,2,2,1
1,20,2,2008,2,1,8,1,1,1,1,1,1,1,1,4,1,1,6,6,1,6,23,2,2,0
4,20,10,2008,1,1,1,2,2,1,1,1,1,1,1,3,2,1,14,6,1,1,33,2,2,0
1,24,1,2008,2,1,1,2,2,1,1,1,1,1,1,1,1,2,9,6,2,3,33,2,2,0
4,24,10,2008,4,1,1,2,1,4,1,1,1,1,1,4,1,2,19,6,2,3,32,2,2,0
1,28,6,2008,3,1,1,1,2,1,1,4,1,1,1,1,2,1,12,2,1,7,38,1,2,3
1,28,12,2008,4,1,4,1,1,1,3,1,1,1,1,5,1,1,11,6,2,7,21,1,2,3
2,28,12,2008,2,3,1,2,2,1,1,2,1,1,1,1,1,1,8,6,1,1,33,2,2,0
2,28,7,2008,3,2,1,2,2,1,1,1,1,1,1,1,2,2,9,4,1,1,49,2,2,1
3,28,2,2008,2,3,1,2,2,1,1,1,1,1,1,5,1,1,14,6,1,7,33,2,2,3
5,28,8,2008,2,3,6,2,1,1,3,1,1,1,1,1,1,1,14,6,1,1,35,1,2,0
1,3,3,2008,4,1,1,2,2,1,3,1,1,1,1,1,1,1,19,6,1,7,33,2,2,0
5,13,2,2008,1,3,8,2,2,1,2,1,1,1,1,1,1,1,6,6,1,7,33,2,2,1
2,13,2,2008,2,1,1,2,2,1,1,1,1,1,2,3,1,2,6,6,1,7,25,2,2,0
3,8,1,2008,3,1,1,2,2,1,1,1,1,1,1,1,1,1,14,6,1,7,33,2,2,0
3,8,1,2008,2,1,1,2,2,1,1,1,1,1,1,1,1,1,4,6,1,7,33,2,2,0
1,2,1,2008,4,1,1,2,2,1,4,1,1,1,1,3,1,2,5,6,1,7,33,2,2,0
2,2,1,2008,2,7,8,2,2,1,1,1,1,1,1,3,1,1,1,6,1,7,33,2,2,1
2,2,1,2008,3,1,1,2,2,1,1,1,1,1,3,3,1,1,1,6,1,7,33,2,2,0
1,1,3,2008,2,7,1,2,2,1,1,1,1,1,1,1,1,1,17,6,2,7,33,2,2,0
1,1,1,2008,3,1,1,2,2,1,2,1,1,1,1,1,1,1,14,6,1,7,40,2,2,0
1,10,9,2008,3,1,1,2,2,1,1,1,1,1,1,2,1,2,1,6,1,1,33,2,2,0
12,9,5,2008,3,1,1,2,2,1,2,1,1,1,1,5,1,2,5,6,1,1,33,2,2,0
1,15,8,2008,3,1,1,2,2,2,1,2,2,1,1,1,1,2,14,5,1,1,33,2,2,0
1,15,8,2008,3,1,1,2,2,2,1,1,2,1,1,1,1,2,12,11,1,6,33,2,2,0
5,12,3,2008,3,7,8,2,2,1,1,1,1,1,1,3,1,2,8,4,1,7,33,2,2,0
8,5,3,2008,3,1,1,2,2,1,1,1,1,1,1,1,1,2,9,6,1,1,37,2,2,0
8,5,3,2008,2,1,1,2,2,1,1,1,1,1,1,1,1,1,14,6,1,1,38,2,2,1
8,5,8,2008,2,3,1,2,2,1,1,1,1,1,1,1,1,1,9,6,1,1,39,2,2,1
2,5,4,2008,2,7,8,2,2,1,1,1,1,1,1,3,1,2,19,6,1,7,30,2,2,0
2,5,4,2008,2,3,8,2,2,1,1,2,1,1,1,3,1,2,8,6,1,7,28,2,2,1
2,5,6,2008,4,7,8,2,2,1,3,1,1,1,2,3,1,2,14,4,1,7,50,2,2,0
2,5,6,2008,2,1,1,2,2,1,2,1,1,1,1,3,1,2,8,6,1,7,33,2,2,3
5,5,6,2008,3,1,1,2,2,1,1,1,1,1,1,1,1,1,9,1,1,7,33,2,2,0
5,5,8,2008,2,1,1,2,2,1,1,3,1,1,2,1,1,1,9,6,1,7,55,2,2,0
6,5,5,2008,4,2,1,2,2,2,1,1,2,1,1,1,1,1,9,6,1,7,35,2,2,0
6,5,6,2008,3,1,1,2,2,1,2,2,1,1,1,1,1,1,9,2,1,7,27,2,2,1
4,5,4,2008,2,4,1,2,2,1,1,1,1,1,1,1,1,1,9,10,1,1,40,2,2,0
4,5,8,2008,3,7,1,2,2,1,1,1,1,1,1,1,1,2,9,6,1,1,48,2,2,0
6,5,1,2008,2,1,1,1,2,1,1,2,1,1,1,2,1,2,8,6,1,7,33,2,2,3
4,5,1,2008,3,2,1,2,2,4,1,1,1,1,1,1,1,1,8,6,1,1,45,2,2,0
1,12,9,2008,2,3,1,2,2,1,1,1,1,1,1,3,1,2,14,6,1,1,52,2,2,0
1,12,9,2008,3,1,1,2,2,2,1,1,2,1,1,3,1,2,14,6,1,1,33,2,2,0
1,12,9,2008,3,1,1,2,2,1,1,1,1,1,1,3,1,1,8,6,1,1,26,2,2,0
5,12,9,2008,2,1,1,2,2,1,1,1,1,1,1,3,1,2,14,6,1,6,29,2,2,0
11,9,1,2008,3,1,1,2,2,1,1,1,1,1,1,1,1,1,2,6,1,7,33,2,2,0
1,12,1,2008,4,1,1,2,2,4,4,1,1,1,1,4,1,2,4,6,1,7,33,2,2,0
5,12,1,2008,2,1,1,2,2,1,1,1,1,1,1,3,1,2,4,6,2,7,36,2,2,0
1,12,5,2008,3,7,8,2,2,1,1,1,1,1,1,3,2,1,17,6,1,1,33,2,2,0
5,12,5,2008,3,7,8,2,2,1,1,1,1,1,1,3,1,2,14,7,1,6,33,2,2,0
3,12,5,2008,4,1,1,2,2,1,2,2,1,1,1,3,1,1,14,2,1,1,55,2,2,0
1,4,6,2008,3,7,8,2,2,1,1,1,1,1,1,2,1,2,14,4,1,1,33,2,2,1
6,4,6,2008,2,7,1,2,2,1,1,1,1,1,1,1,1,2,14,6,1,1,33,2,2,0
3,4,4,2008,3,7,1,2,2,1,1,1,1,3,1,3,1,2,17,11,1,1,23,2,2,0
7,9,9,2008,3,7,1,2,2,1,1,1,1,1,1,4,1,2,9,6,1,7,33,2,2,0
5,9,9,2008,3,1,1,2,2,1,1,1,1,1,1,3,1,2,7,4,1,7,33,2,2,0
4,2,10,2008,3,3,1,2,2,1,1,1,1,1,1,3,1,2,17,1,2,7,32,2,2,0
3,12,10,2008,4,3,1,2,2,1,2,2,1,1,1,3,1,1,14,6,1,7,33,2,2,0
1,11,2,2008,4,1,1,2,2,1,4,1,1,1,1,2,1,2,16,4,1,7,33,2,2,0
6,11,5,2008,4,3,1,2,2,1,2,1,1,1,1,2,1,2,1,6,1,7,33,2,2,1
4,11,10,2008,4,7,1,2,2,1,2,1,1,1,1,3,1,2,19,5,2,7,42,2,2,0
1,2,4,2008,1,1,1,2,2,1,1,1,1,1,1,3,1,2,8,4,1,1,33,2,2,1
6,9,2,2008,2,2,1,2,2,1,1,2,1,1,1,4,1,2,9,6,1,7,20,2,2,3
7,9,3,2008,3,1,1,2,2,1,1,1,1,1,1,1,1,1,6,6,1,7,33,2,2,0
11,9,1,2008,1,7,1,2,2,4,4,1,5,1,1,1,1,1,9,6,1,7,33,2,2,0
8,9,3,2008,2,1,1,2,2,1,1,1,1,1,1,3,1,1,9,5,1,7,45,2,2,0
10,16,1,2008,3,7,1,2,2,1,1,1,1,1,1,2,1,1,9,6,1,1,33,2,2,0
1,12,7,2008,2,1,1,2,2,1,1,1,1,1,1,3,1,2,14,6,1,6,30,2,2,0
4,9,1,2008,3,1,1,2,2,1,1,1,1,1,1,2,1,1,4,6,1,7,25,2,2,0
3,9,1,2008,2,1,1,2,2,4,1,1,2,1,1,4,1,2,6,6,1,7,32,2,2,0
4,13,3,2008,3,7,1,2,2,1,2,1,1,1,1,3,1,2,4,6,2,7,30,2,2,1
3,9,3,2008,3,7,8,2,2,1,1,1,1,1,1,4,1,2,13,5,1,1,24,2,2,0
7,16,1,2008,1,1,1,2,2,1,4,1,1,1,1,2,1,1,9,6,1,7,33,2,2,1
11,16,9,2008,2,1,8,2,2,1,2,1,1,1,1,1,1,1,14,6,1,7,35,2,2,0
10,16,9,2008,2,7,1,2,2,1,1,1,1,1,1,2,1,2,13,6,1,7,33,2,2,1
9,16,3,2008,3,7,1,2,2,1,1,1,1,1,1,1,1,1,8,11,1,7,33,2,2,0
6,16,3,2008,2,7,8,2,2,1,2,1,1,1,1,1,1,1,14,1,2,7,50,2,2,0
10,16,3,2008,1,1,4,2,2,1,4,1,1,1,1,2,1,2,14,7,1,3,33,2,2,0
1,6,2,2008,3,1,1,2,2,1,1,1,1,1,1,5,1,2,14,6,1,7,40,2,2,1
2,6,2,2008,3,7,1,2,2,1,2,2,1,1,1,1,1,1,9,2,1,7,33,2,2,0
11,16,4,2008,4,7,8,2,2,1,4,4,1,1,1,1,1,2,14,10,1,7,33,2,2,0
11,16,3,2008,3,7,1,2,2,1,1,1,1,1,1,1,1,2,9,6,1,7,33,2,2,0
8,16,4,2008,2,7,1,2,2,1,1,1,1,1,1,1,1,2,14,11,1,7,45,2,2,0
2,16,4,2008,3,1,1,2,2,1,1,4,1,1,1,3,1,2,6,6,1,3,28,2,2,0
1,16,5,2008,2,1,1,2,2,1,1,1,1,1,1,3,1,1,14,5,1,1,46,2,2,1
10,16,5,2008,1,7,4,2,2,1,4,1,1,1,1,2,1,2,9,6,1,1,33,2,2,0
1,16,6,2008,2,3,1,2,2,1,1,1,1,1,1,5,1,1,13,6,1,7,33,2,2,0
11,16,6,2008,2,1,8,2,2,1,2,1,1,1,1,1,1,2,9,4,1,7,42,1,2,0
11,16,6,2008,3,1,8,2,2,1,1,1,1,1,1,1,1,2,9,11,1,4,33,2,2,0
1,12,7,2008,4,3,8,2,2,1,2,1,1,1,1,3,1,1,14,6,1,7,32,2,2,0
1,12,7,2008,1,3,2,1,2,1,1,3,5,1,1,2,1,2,9,6,1,7,38,2,2,0
7,13,8,2008,3,7,1,2,2,1,1,1,1,1,1,2,1,1,7,11,1,3,33,2,2,0
1,13,9,2008,2,1,1,2,2,1,1,1,1,1,1,3,1,2,14,6,1,1,33,2,2,0
8,13,9,2008,2,1,1,2,1,1,1,1,1,1,1,1,1,2,14,5,1,1,33,2,2,0
8,13,9,2008,2,1,1,2,2,1,1,1,1,1,1,1,1,2,19,6,1,1,33,2,2,0
9,16,2,2008,2,7,1,2,2,1,1,1,1,1,1,4,1,1,13,5,1,7,40,2,2,0
7,13,1,2008,2,1,1,2,2,1,1,1,1,1,1,2,1,1,8,6,1,7,33,2,2,0
7,13,1,2008,2,2,4,2,2,1,1,1,1,1,1,2,1,1,9,6,1,1,33,2,2,0
9,13,1,2008,2,7,8,2,2,4,1,1,1,1,1,2,1,1,8,6,1,7,33,2,2,0
8,13,1,2008,3,1,8,2,2,1,2,1,1,1,1,1,1,1,9,1,1,7,33,2,2,0
1,9,4,2008,3,3,4,2,2,1,1,1,1,1,1,1,1,1,6,8,1,7,33,2,2,0
1,15,4,2008,2,7,1,2,2,1,1,1,1,1,1,4,1,2,4,6,1,7,25,2,2,0
5,15,1,2008,3,1,8,2,2,1,1,1,1,1,1,3,1,2,13,5,1,7,33,2,2,0
5,15,1,2008,1,1,1,2,2,1,2,1,1,1,1,1,1,1,14,6,1,1,32,2,2,0
3,15,2,2008,3,7,1,2,2,1,1,1,1,1,1,1,1,1,9,6,1,1,32,2,2,0
3,15,7,2008,3,7,1,2,2,1,1,1,1,1,1,3,1,2,5,5,1,7,27,2,2,0
3,15,11,2008,3,1,1,2,2,1,1,1,1,1,2,1,1,2,5,6,2,1,33,2,2,0
6,7,11,2008,3,7,1,1,2,1,1,1,1,1,1,3,1,2,4,11,1,1,42,2,2,0
11,16,10,2008,1,7,1,2,2,1,2,1,1,1,1,1,1,2,7,5,1,1,33,1,2,3
1,9,7,2008,3,3,4,2,2,1,1,1,1,1,1,1,1,1,13,5,1,7,33,2,2,3
2,9,10,2008,3,3,1,2,2,1,1,3,1,1,3,3,2,1,9,4,1,7,33,2,2,0
7,9,10,2008,3,7,8,2,2,1,1,1,1,1,1,3,1,2,9,6,1,1,45,2,2,0
6,4,11,2008,2,1,1,2,2,1,1,1,1,1,1,1,1,2,11,6,1,1,40,2,1,0
6,4,10,2008,3,3,1,2,2,1,1,1,1,1,1,1,1,2,7,6,1,1,32,2,2,0
1,11,12,2008,2,1,1,1,2,1,1,1,1,1,1,2,1,1,5,6,1,7,40,2,2,1
1,11,12,2008,2,1,8,2,2,1,1,1,1,1,1,1,2,1,12,6,2,7,35,2,2,3
8,11,12,2008,3,1,1,1,2,1,1,1,1,1,2,5,1,1,8,6,1,1,28,1,2,0
6,11,12,2008,3,7,1,1,2,1,1,1,1,1,1,2,1,2,4,5,1,1,33,2,2,0
3,2,12,2008,2,3,1,2,2,1,1,2,1,3,2,3,4,2,17,2,1,1,27,2,2,0
4,15,12,2008,2,1,8,2,2,1,1,2,1,1,1,2,1,2,12,6,1,1,40,2,2,0
8,13,12,2008,4,7,1,2,2,1,3,1,1,1,1,1,1,1,9,7,1,1,33,2,2,0
8,13,12,2008,3,7,1,2,2,1,1,2,1,1,1,1,1,1,8,11,1,7,23,2,2,0
1,13,12,2008,3,2,8,2,2,1,1,1,1,1,1,3,1,2,10,5,1,1,33,2,2,1
1,12,7,2008,4,3,1,2,2,1,2,1,1,1,1,2,1,1,2,6,1,7,32,2,2,0
5,12,5,2008,3,7,8,2,2,1,1,1,1,1,1,3,1,2,14,7,1,6,33,2,2,0
3,12,5,2008,4,7,1,2,2,1,2,2,1,1,1,4,1,1,14,2,1,1,55,2,2,0
1,12,3,2008,2,7,8,2,2,1,1,1,1,1,1,2,1,1,14,4,1,7,33,2,2,0
1,12,2,2008,2,7,8,2,1,1,1,1,1,1,1,3,1,1,14,7,1,1,30,2,2,0
5,12,1,2008,2,7,1,2,2,1,1,1,1,1,1,3,1,2,5,6,1,1,36,2,2,0
1,12,1,2008,4,1,1,2,2,4,3,1,2,1,1,3,1,2,4,6,1,7,33,2,2,0
4,3,5,2008,4,1,1,2,2,1,2,1,1,1,1,4,1,2,19,6,1,7,33,2,2,1
11,16,11,2008,3,7,8,2,2,1,1,1,1,1,1,1,2,2,9,5,2,1,35,2,2,0
1,10,3,2008,2,7,1,2,2,1,1,1,1,1,1,2,1,2,9,6,1,7,42,2,2,0
1,10,4,2008,3,1,1,2,2,1,1,1,1,1,1,5,1,1,2,6,1,7,33,2,2,3
5,10,8,2008,4,7,1,2,2,1,1,1,1,1,1,3,3,2,8,6,2,1,33,2,2,0
4,10,1,2008,3,7,8,2,2,1,2,2,1,1,1,4,1,2,19,6,1,1,33,2,2,0
4,10,3,2008,2,2,1,2,2,1,1,1,1,1,1,2,1,2,8,6,1,7,33,2,2,0
3,13,11,2008,4,7,8,2,2,1,2,1,1,1,1,3,1,1,9,6,1,7,33,2,2,0
10,9,9,2008,3,7,1,2,2,1,4,3,1,1,1,1,2,2,9,4,2,7,33,2,2,0
10,9,11,2008,3,2,3,2,2,1,2,1,1,1,1,1,1,1,9,6,2,7,33,2,2,0
12,9,11,2008,4,7,1,2,2,1,4,1,1,1,1,1,1,1,14,6,1,7,33,2,2,0
12,9,10,2008,3,3,1,2,2,1,1,1,1,1,1,2,1,2,4,11,1,7,33,1,2,1
11,9,11,2008,3,7,1,2,2,1,1,1,1,1,1,5,1,2,9,5,2,7,33,2,2,0
1,5,10,2008,3,7,1,1,2,1,1,1,1,1,1,1,1,2,14,6,1,1,33,2,2,1
1,5,10,2008,4,7,1,2,2,1,1,1,1,1,1,1,1,2,14,6,1,1,45,2,2,0
1,5,11,2008,4,1,1,2,2,1,3,1,1,1,1,1,1,2,9,6,1,7,35,2,2,0
6,5,11,2008,3,7,1,2,2,1,1,1,1,1,1,1,1,2,7,6,1,1,30,2,2,0
2,5,9,2008,3,1,1,2,2,1,1,1,1,1,1,3,1,2,7,6,1,1,38,2,2,1
5,5,9,2008,2,1,1,2,2,1,1,1,1,1,1,1,1,2,9,6,1,7,33,2,2,1
5,5,11,2008,3,1,1,2,2,1,1,1,1,1,1,2,1,2,6,6,1,7,33,2,2,3
5,5,11,2008,4,1,1,2,2,1,2,1,1,1,1,1,1,2,14,6,1,7,33,2,2,0
6,5,11,2008,3,7,8,2,2,1,1,1,1,1,1,4,1,2,17,6,1,7,33,2,2,1
4,5,9,2008,4,1,8,2,2,4,3,1,1,1,1,1,1,2,14,6,1,1,33,2,2,0
4,5,10,2008,3,4,1,2,2,1,1,1,1,1,1,1,1,2,7,7,1,1,33,2,2,0
1,12,11,2008,4,1,1,2,2,1,2,1,1,1,1,1,1,2,19,6,1,1,33,2,2,0
1,12,11,2008,2,1,1,2,2,1,1,1,1,1,1,3,1,1,4,6,1,7,33,2,2,1
1,12,11,2008,3,3,8,2,2,1,1,2,5,3,3,1,2,1,17,6,2,7,33,2,2,0
12,9,10,2008,1,7,8,2,2,4,2,1,1,1,1,2,1,1,13,6,1,1,33,2,2,0
11,9,10,2008,3,7,8,2,2,1,1,1,1,1,1,1,1,2,9,6,1,1,33,2,2,0
1,1,11,2008,3,3,2,2,2,1,1,1,1,1,1,1,1,1,13,6,1,1,33,2,2,1
3,1,11,2008,3,7,1,2,2,1,1,1,1,1,1,1,1,2,9,6,1,7,45,2,2,0
3,1,11,2008,2,7,1,2,2,1,1,2,1,1,1,1,1,2,8,6,1,7,33,2,2,0
1,15,3,2008,2,7,1,2,2,2,1,1,2,1,1,1,1,1,14,6,1,7,33,2,2,0
1,15,5,2008,3,7,1,2,2,2,1,2,2,1,1,1,1,1,14,1,1,7,33,2,2,0
1,15,7,2008,3,1,1,2,2,1,1,1,1,1,1,1,1,1,14,6,1,7,33,2,2,2
6,15,5,2008,4,1,8,2,2,1,2,1,1,1,1,1,1,2,14,6,1,7,33,2,2,0
6,15,5,2008,2,1,1,2,2,1,1,1,1,1,1,1,1,1,14,6,1,1,33,2,2,0
7,15,8,2008,2,7,8,2,2,2,1,2,2,1,1,3,1,2,8,2,1,7,43,2,2,1
5,15,7,2008,2,7,1,2,2,1,1,1,1,1,1,3,2,2,7,5,1,7,25,2,2,1
3,15,9,2008,3,1,1,2,2,1,1,1,1,1,1,1,1,1,14,6,1,1,35,2,2,1
1,15,7,2008,2,7,1,2,2,2,1,1,2,1,1,1,1,2,9,11,1,3,40,2,2,0
12,3,8,2008,3,1,8,2,2,1,1,1,1,1,1,3,1,2,14,6,1,7,33,2,2,1
1,9,7,2008,2,7,1,2,2,1,1,1,1,1,1,1,1,1,8,6,1,7,33,2,2,0
7,9,6,2008,3,7,1,2,2,1,1,1,1,1,1,4,1,2,6,6,1,7,33,2,2,0
6,3,9,2008,2,7,8,2,2,1,1,1,1,1,1,3,1,2,7,4,1,1,33,2,2,0
1,16,7,2008,3,1,1,2,2,1,1,1,1,1,1,3,1,1,9,6,1,7,33,2,2,0
10,16,7,2008,1,7,4,2,2,1,2,1,1,1,1,1,1,2,7,6,1,1,32,2,2,0
11,16,8,2008,2,1,8,2,2,1,2,1,1,1,1,1,1,1,13,6,1,7,36,2,2,0
1,10,7,2008,3,3,1,2,2,1,1,1,1,1,1,2,1,1,13,5,1,3,33,2,2,0
4,3,6,2008,2,1,1,2,2,1,1,1,1,1,1,1,1,2,6,6,1,7,33,2,2,0
6,13,6,2008,3,7,1,2,2,1,1,1,1,1,1,4,1,2,17,4,1,1,33,2,2,0
1,11,7,2008,2,1,1,2,2,1,1,2,1,1,2,1,1,2,14,2,1,3,40,2,2,0
1,11,3,2008,3,1,1,2,2,1,1,1,1,1,1,1,1,1,6,6,1,7,33,2,2,1
1,11,3,2008,1,1,1,2,2,1,2,1,1,1,1,1,1,1,8,5,1,7,33,2,2,0
3,11,8,2008,2,7,8,2,2,1,1,1,1,2,1,4,4,2,17,11,2,7,33,2,2,1
5,11,7,2008,3,7,8,2,2,1,1,1,1,1,1,4,1,2,17,6,1,1,35,2,2,0
7,11,5,2008,4,1,1,2,2,1,3,1,1,1,1,4,1,1,17,6,1,7,30,2,2,2
7,11,6,2008,3,4,1,2,2,1,1,2,1,1,2,4,1,2,14,6,1,7,35,2,2,0
1,3,11,2008,2,2,1,2,2,4,2,1,1,1,1,1,1,1,14,5,1,1,45,2,2,0
1,9,4,2008,2,4,1,2,2,1,1,1,1,1,1,1,1,1,8,2,1,1,33,2,2,0
1,9,4,2008,3,1,1,2,2,1,1,1,1,1,1,1,1,1,9,6,1,1,33,2,2,0
12,9,8,2008,2,1,8,2,2,1,1,2,1,1,1,1,1,1,13,1,1,7,27,2,2,1
1,5,12,2008,2,7,8,1,2,4,1,2,1,1,1,2,1,1,9,7,1,7,33,2,2,0
5,5,12,2008,2,7,8,2,2,4,1,1,1,1,1,4,1,2,17,4,1,1,48,2,2,0
4,9,12,2008,2,1,2,2,2,1,1,1,1,1,1,1,1,1,8,6,1,7,35,2,2,0
12,9,12,2008,4,7,8,2,2,1,2,1,1,1,1,1,1,1,9,11,1,3,33,2,2,0
1,9,7,2008,3,7,1,2,2,1,1,1,1,1,1,1,1,1,8,11,1,1,33,2,2,0
3,9,6,2008,3,7,1,2,2,1,1,2,1,2,3,4,1,1,14,6,1,1,29,2,1,0
1,17,11,2008,3,1,8,2,2,1,1,1,1,1,1,4,1,1,19,6,2,7,40,2,2,1
1,17,11,2008,2,7,7,2,2,1,1,1,1,1,1,1,1,1,9,5,1,7,33,2,2,0
9,17,8,2008,2,1,8,2,2,1,1,2,1,1,1,3,4,2,8,6,2,6,25,2,1,0
7,17,6,2008,4,1,1,1,2,1,4,1,1,1,1,3,1,2,19,6,1,1,25,2,2,0
7,17,8,2008,2,3,1,2,2,1,1,2,1,1,1,1,1,1,9,6,1,1,35,2,2,0
7,17,9,2008,4,2,8,2,2,1,4,1,1,1,1,1,1,2,14,6,2,1,38,2,2,0
7,17,10,2008,2,2,8,2,2,1,1,1,1,1,1,1,1,1,11,11,1,1,33,2,2,0
3,17,5,2008,3,2,7,1,2,1,1,2,1,1,1,3,1,1,7,11,1,7,22,2,2,2
3,17,11,2008,1,7,3,2,2,1,1,1,1,1,1,4,1,2,14,11,1,7,33,2,2,0
8,17,9,2008,2,7,8,1,2,1,1,2,1,1,1,4,1,2,14,6,1,1,35,1,2,0
1,17,8,2008,3,7,1,2,2,2,1,1,2,1,1,1,1,1,16,5,1,1,33,1,2,0
2,17,10,2008,3,7,8,2,2,1,1,2,1,1,1,1,1,1,9,6,1,7,33,2,2,0
2,12,12,2008,3,1,8,2,2,1,1,2,1,1,1,5,1,1,8,6,1,1,29,2,2,1
10,16,12,2008,4,7,1,2,2,1,2,1,1,1,1,2,1,2,9,6,1,7,33,2,2,0
9,16,12,2008,1,7,8,2,2,1,2,1,1,1,1,1,1,1,9,6,1,1,30,2,2,0
11,16,12,2008,3,1,8,2,2,1,1,2,1,1,1,3,1,2,9,5,1,7,33,2,2,1
5,10,12,2008,3,7,1,2,2,1,2,1,1,1,2,4,1,2,14,4,1,7,33,2,2,1
2,6,10,2008,2,7,8,2,2,1,1,1,1,1,1,1,1,1,8,6,1,7,33,2,2,0
5,6,7,2008,4,7,1,2,2,1,4,1,1,1,1,1,1,1,14,11,1,1,48,2,2,0
5,6,9,2008,2,7,1,2,2,1,1,1,1,1,1,1,1,1,8,6,1,1,33,2,2,1
1,8,10,2008,2,1,1,2,2,1,1,1,1,1,1,2,1,1,4,6,1,7,33,2,2,3
1,8,6,2008,2,1,1,2,2,1,1,1,1,1,1,3,1,2,8,6,1,1,33,2,2,0
4,8,3,2008,3,1,8,2,2,1,1,1,1,1,1,2,1,2,14,5,1,1,33,2,2,1
6,8,2,2008,4,7,8,2,2,1,2,1,1,1,1,4,1,2,16,6,1,7,33,2,2,0
6,8,2,2008,3,2,1,2,2,1,1,1,1,1,1,4,1,1,4,6,1,1,40,2,2,0
5,8,12,2008,1,7,1,2,2,4,2,1,1,1,1,3,1,2,9,6,1,7,33,2,2,0
7,8,8,2008,4,1,1,2,2,1,4,1,1,1,1,3,1,2,4,6,1,1,35,2,1,1
3,8,5,2008,2,1,1,2,2,1,2,1,1,1,1,1,1,1,12,6,1,7,33,2,2,0
3,8,5,2008,3,1,1,2,2,1,1,1,1,1,1,1,1,1,14,11,1,1,33,2,2,0
3,8,4,2008,2,2,1,2,2,1,2,1,1,1,1,1,1,1,14,6,1,7,33,2,2,0
3,8,3,2008,4,1,1,2,2,1,2,1,1,1,1,1,1,1,16,6,1,7,33,2,2,0
3,8,2,2008,2,3,1,1,1,1,1,1,1,1,1,1,1,1,9,6,1,7,33,2,1,0
3,8,11,2008,1,7,8,2,2,4,1,1,1,1,1,3,1,2,12,6,1,1,48,2,2,0
1,12,7,2008,3,3,1,2,2,1,1,3,1,1,1,2,1,2,9,6,1,1,38,2,2,0
1,12,5,2008,3,1,1,2,2,1,1,1,1,1,1,2,1,1,19,6,1,1,33,2,2,0
4,12,1,2008,3,1,1,2,2,1,1,2,1,1,1,4,1,2,19,6,1,1,33,2,2,0
3,15,4,2008,3,1,1,2,2,1,1,1,1,1,1,1,1,1,9,5,1,1,33,1,2,0
11,9,12,2008,3,1,1,2,2,1,1,1,1,1,1,1,1,2,10,9,1,1,24,2,2,0
4,3,5,2008,3,1,1,2,2,1,1,1,1,1,1,1,1,1,8,5,1,6,33,1,2,1
9,13,12,2008,2,3,1,2,2,1,1,1,1,1,1,5,1,1,8,6,1,1,33,2,2,0