Thana,District,Month,Year,Time,Junction_Type,Traffic_Control,Movement,Divider,Weather,Light,Road_Geometry,Surface_Condition,Surface_Type,Surface_Quality,Road_Class,Road_Feature,Location_Type,Vehicle_Type,Vehicle_Movement,Vehicle_Loading,Vehicle_Defect,Vehicle_Driver_Age,Vehicle_Alcohol,Vehicle_Seat_Belt,Accident_Severity
1,10,2,2008,2,3,2,2,2,1,1,1,1,1,1,1,1,1,8,6,1,3,33,2,2,1
1,10,2,2008,4,3,1,2,2,1,2,1,1,1,1,1,1,1,14,6,1,3,50,2,2,0
5,10,8,2008,2,2,2,1,1,1,1,1,1,1,1,1,1,1,8,6,1,1,33,1,2,0
8,13,6,2008,1,1,1,2,2,1,2,2,2,1,1,1,1,2,6,6,1,1,33,2,2,0
6,5,4,2008,2,1,1,2,2,1,1,2,1,1,1,1,1,2,9,6,1,1,33,2,2,0
6,5,6,2008,1,1,1,2,2,1,4,1,1,1,1,1,1,1,9,6,1,1,33,2,2,0
6,5,6,2008,4,1,1,2,2,1,2,1,1,1,1,1,1,1,9,6,1,1,29,2,2,0
1,12,3,2008,2,2,1,2,2,1,1,1,1,1,1,2,1,2,14,6,1,1,33,2,2,0
1,4,11,2008,3,4,1,2,2,1,1,1,1,1,1,2,1,1,8,6,1,1,45,2,2,1
4,9,3,2008,2,1,1,2,2,1,1,1,1,1,1,3,1,1,9,5,1,1,22,2,2,1
1,15,12,2008,3,1,1,2,2,1,1,3,1,1,1,1,1,2,9,6,1,5,33,2,2,1
5,13,1,2008,2,3,1,2,2,1,1,1,1,1,1,2,1,1,1,6,1,1,45,2,2,0
6,15,8,2008,2,1,1,2,2,1,1,1,1,1,1,1,1,2,9,6,1,7,33,2,2,0
3,15,5,2008,4,1,1,2,2,1,4,1,1,1,1,3,1,2,8,6,1,1,33,2,2,0
2,1,12,2008,4,1,1,2,2,4,2,2,1,1,1,2,1,2,8,6,1,1,33,1,2,0
10,16,7,2008,1,1,1,2,2,1,2,1,1,1,1,1,1,2,14,4,1,1,35,2,2,0
1,16,7,2008,2,1,1,2,2,1,1,1,1,1,1,3,1,2,9,6,1,3,33,2,2,0
2,16,8,2008,3,1,1,2,2,1,1,1,5,1,2,3,1,2,9,4,1,1,33,2,2,0
2,16,8,2008,2,3,1,2,2,1,1,2,1,1,1,3,1,2,8,6,2,6,30,2,2,0
1,15,7,2008,1,1,2,2,1,1,2,1,2,1,2,1,1,1,14,11,1,7,33,1,2,0
8,13,5,2008,3,4,1,2,2,1,1,1,1,1,1,1,1,1,19,6,2,6,40,2,2,1
5,13,5,2008,2,1,1,2,2,1,1,1,1,1,1,2,1,2,9,6,1,1,33,2,2,0
2,13,3,2008,4,1,1,2,2,1,2,1,1,1,1,5,1,2,14,6,1,1,33,2,2,0
2,14,1,2008,3,1,1,1,2,1,1,1,1,1,1,5,1,1,9,6,1,1,45,2,2,0
2,14,3,2008,3,1,1,2,2,1,1,1,1,1,1,1,1,1,8,4,1,1,35,2,2,0
2,14,4,2008,2,1,8,1,2,1,1,1,1,1,1,1,1,2,8,6,1,1,30,2,2,3
1,14,4,2008,4,1,1,1,1,1,3,1,1,1,1,1,1,1,8,1,1,1,38,2,2,0
2,14,5,2008,3,2,1,2,2,1,1,1,1,1,1,1,1,2,8,6,1,1,40,2,2,1
4,14,5,2008,2,1,1,2,2,1,2,1,1,1,1,1,1,1,9,6,1,7,33,1,2,0
4,14,5,2008,2,1,1,2,2,1,3,1,1,1,2,5,1,1,14,6,2,7,33,1,2,0
2,14,6,2008,4,2,8,2,2,2,2,1,2,1,1,1,1,2,9,8,1,1,33,2,2,0
1,14,7,2008,2,3,1,2,2,1,2,2,1,1,1,5,1,1,14,6,1,7,33,1,2,0
3,14,7,2008,4,3,1,2,2,1,2,1,1,1,1,5,1,1,6,6,1,1,25,2,2,3
3,14,8,2008,3,1,1,1,2,1,1,1,1,1,1,1,1,1,9,6,1,1,30,2,2,0
2,14,10,2008,4,1,1,2,2,1,2,2,1,1,1,3,1,2,19,1,2,7,26,2,2,0
1,14,10,2008,4,7,2,1,1,1,2,1,1,1,1,5,1,1,9,6,2,7,33,1,2,0
13,54,2,2008,4,7,1,2,2,1,4,1,1,1,1,2,1,2,7,6,1,2,33,1,0,0
10,54,2,2008,2,2,2,2,2,1,1,1,1,1,1,4,1,2,13,6,1,2,33,1,0,3
13,54,2,2008,2,3,1,2,2,1,1,1,1,1,1,3,1,1,10,6,1,2,22,1,0,0
9,54,3,2008,3,7,1,2,2,1,1,1,1,1,1,1,1,2,10,6,1,2,33,1,0,1
13,54,3,2008,4,7,1,2,2,1,4,1,1,1,1,1,1,2,14,6,1,2,33,1,0,0
13,54,4,2008,2,7,1,2,2,1,1,1,1,1,1,1,1,2,9,6,1,2,33,2,2,0
3,54,4,2008,4,2,2,2,2,1,2,2,1,1,1,2,3,2,14,6,1,3,33,1,2,0
11,54,6,2008,3,1,8,2,2,1,1,1,1,1,1,4,1,2,7,1,1,1,33,2,1,0
4,54,9,2008,3,1,1,2,2,1,1,1,1,1,1,1,1,2,8,6,1,2,33,1,0,0
7,54,9,2008,2,1,1,2,2,1,1,1,1,1,1,2,1,2,14,4,1,6,33,1,2,0
3,56,2,2008,1,2,2,1,2,1,4,1,1,1,1,1,1,2,14,11,1,1,35,2,2,0
9,56,1,2008,3,2,8,1,2,1,1,1,1,1,1,1,2,1,9,6,2,7,30,1,0,0
7,56,3,2008,4,1,1,2,2,1,3,1,1,1,1,1,1,2,19,5,1,1,33,1,2,3
3,56,2,2008,4,2,4,1,1,1,3,1,1,1,1,1,1,2,17,5,2,7,40,1,0,0
8,56,3,2008,2,7,1,2,2,1,1,1,1,1,1,2,1,2,14,6,1,1,33,1,2,1
4,56,4,2008,2,2,8,2,2,1,1,2,1,1,1,4,1,2,10,6,1,2,33,1,0,1
3,56,7,2008,3,2,1,2,2,1,1,1,1,1,1,1,1,2,9,11,2,7,32,1,0,0
9,56,7,2008,4,2,2,2,2,1,3,1,1,1,1,1,1,1,9,2,1,7,30,2,2,1
6,55,4,2008,2,1,1,2,2,1,1,1,1,1,1,1,1,2,9,6,1,1,33,2,2,0
5,55,3,2008,3,2,2,1,1,1,1,1,1,1,1,3,1,2,8,4,1,2,33,1,0,0
5,55,5,2008,4,1,1,1,1,1,4,1,1,1,3,2,1,2,7,6,1,1,33,2,2,0
1,55,6,2008,2,1,8,2,2,1,1,1,1,1,1,5,1,1,7,6,1,1,33,2,2,1
3,53,2,2008,3,1,1,2,2,1,1,1,1,1,1,1,1,2,8,6,1,1,33,2,2,1
12,53,3,2008,4,1,1,2,2,1,2,1,1,1,1,2,1,2,8,6,1,2,33,2,2,0
3,53,6,2008,3,1,1,2,2,2,1,1,2,1,1,3,1,2,14,6,1,2,33,2,2,0
12,53,6,2008,3,1,1,2,2,1,1,1,1,1,1,1,1,2,8,6,1,2,33,1,0,0
3,53,5,2008,3,1,1,2,2,1,1,1,1,1,1,3,1,2,5,6,2,2,33,2,2,0
12,53,7,2008,3,1,1,2,2,1,1,1,1,1,1,1,1,2,10,5,1,2,33,1,0,1
1,53,1,2008,4,7,1,1,1,1,2,1,1,1,1,2,1,2,10,6,1,1,30,1,2,1
12,53,10,2008,3,1,1,2,2,1,1,1,1,1,1,2,1,2,8,6,2,2,33,1,2,0
7,56,10,2008,1,2,2,2,2,1,2,1,1,1,1,1,1,2,14,11,2,7,32,1,0,0
7,54,12,2008,3,1,1,2,2,1,1,1,1,1,1,2,1,2,19,6,1,2,33,1,0,0
11,54,12,2008,3,1,1,1,1,1,1,1,1,1,1,2,1,2,8,6,1,2,30,1,0,0
4,55,11,2008,3,1,2,2,2,1,1,2,1,1,1,2,1,2,9,6,1,1,33,1,2,0
4,55,11,2008,2,2,2,1,1,1,1,2,1,1,1,2,2,1,14,6,1,2,33,1,0,2
1,53,12,2008,2,1,1,2,2,1,1,1,1,1,1,2,1,2,13,6,1,2,32,2,2,3
5,55,10,2008,3,1,1,2,2,1,1,1,1,1,1,2,1,2,8,6,1,1,33,2,2,0
5,54,4,2008,4,1,1,2,2,1,4,1,1,1,1,2,1,2,13,6,1,2,38,1,2,0
3,53,10,2008,3,1,1,2,2,1,1,1,1,1,1,2,1,1,8,6,1,1,33,1,2,1
6,34,4,2008,2,1,1,2,2,1,1,1,1,1,1,1,1,2,9,2,1,1,38,2,2,1
4,34,5,2008,2,1,1,2,2,1,1,1,1,1,1,1,1,2,9,6,1,1,33,2,2,2
1,33,9,2008,2,7,8,2,2,1,1,2,1,1,2,2,1,2,8,1,1,1,37,2,2,1
2,27,1,2008,2,1,1,2,2,1,1,1,1,1,1,1,1,2,8,1,1,1,35,1,2,0
2,27,2,2008,1,1,1,2,2,4,4,1,1,1,1,2,1,2,12,11,1,7,33,2,2,0
2,27,5,2008,4,1,1,2,2,1,1,1,1,1,1,1,1,2,9,6,1,1,38,1,2,0
1,33,12,2008,4,1,1,2,2,4,4,1,1,1,3,2,1,2,9,6,1,1,33,2,2,0
2,61,9,2008,2,1,1,2,2,1,1,1,1,1,1,3,1,2,7,6,1,3,33,2,2,0
2,61,9,2008,3,1,1,2,2,1,1,1,1,1,1,4,1,2,7,5,1,1,33,2,2,0
1,48,1,2008,2,1,1,2,2,1,1,1,1,3,2,4,1,2,14,6,1,1,35,2,2,0
1,46,1,2008,1,1,1,2,2,1,4,1,1,1,1,1,1,2,12,6,1,1,33,2,2,1
1,46,1,2008,3,1,1,2,2,1,1,1,1,1,1,1,1,2,9,6,1,1,33,2,2,0
1,47,1,2008,2,1,1,2,2,1,1,1,1,1,1,4,1,2,8,6,1,1,33,2,2,0
9,47,1,2008,2,7,1,2,1,1,1,1,1,1,1,1,1,2,7,5,1,1,30,2,2,0
1,41,1,2008,1,1,1,2,2,1,2,1,1,1,1,1,1,2,9,6,1,1,33,2,2,0
6,41,1,2008,2,1,1,2,2,1,1,1,1,1,1,1,1,1,5,6,1,1,33,2,2,0
1,46,2,2008,3,1,1,2,2,1,1,1,1,1,1,1,1,2,14,6,1,1,33,2,2,1
1,46,2,2008,1,1,1,2,2,1,4,1,1,1,1,1,1,2,14,6,1,1,33,2,2,0
7,41,2,2008,2,1,1,2,2,1,1,1,1,1,1,1,1,2,14,6,1,1,55,2,2,1
6,38,2,2008,3,1,1,2,2,1,1,1,1,1,1,1,1,2,9,11,1,1,41,2,2,0
7,38,2,2008,3,2,1,1,2,1,1,1,1,1,1,1,1,2,9,6,1,1,33,2,2,0
9,47,3,2008,3,1,1,2,2,1,1,1,1,1,1,1,1,2,9,4,1,1,36,2,2,0
2,50,3,2008,4,1,1,1,2,1,3,1,1,1,1,1,1,2,14,6,1,1,35,2,2,1
1,40,4,2008,3,1,1,2,2,1,1,1,1,1,1,1,1,2,12,4,1,1,26,2,2,0
6,40,4,2008,3,3,1,2,2,1,1,1,1,1,1,1,1,2,9,6,1,1,33,2,2,1
6,40,4,2008,1,1,1,2,2,1,1,1,1,1,1,1,1,2,14,6,1,1,33,2,2,0
3,40,4,2008,2,1,1,2,2,1,1,1,1,1,1,1,1,2,9,4,1,1,37,2,2,1
1,41,4,2008,1,1,1,2,2,1,2,1,1,1,1,1,1,2,9,6,1,1,33,2,2,0
6,44,3,2008,2,2,1,2,2,1,1,1,1,1,1,3,1,1,14,6,1,1,33,2,2,1
7,44,3,2008,3,1,1,2,2,1,1,1,1,1,1,1,1,1,8,5,1,1,60,2,2,0
12,50,4,2008,2,1,1,2,2,1,1,1,1,1,1,1,1,2,14,1,1,1,33,2,2,1
1,52,4,2008,3,1,1,2,2,1,1,1,1,1,1,2,1,1,14,6,1,1,22,2,2,0
1,38,4,2008,2,1,1,2,2,1,1,1,1,1,1,1,3,1,8,6,1,1,28,2,2,0
7,38,4,2008,4,1,1,2,2,1,2,1,1,1,1,1,3,2,9,6,1,1,33,2,2,0
1,47,4,2008,2,1,1,2,2,1,1,1,1,1,1,1,1,2,9,6,1,1,35,2,2,1
8,47,4,2008,4,1,1,2,1,2,4,1,2,1,1,3,1,2,13,6,1,1,33,2,2,0
1,47,4,2008,2,1,1,2,2,1,1,2,1,1,1,1,1,2,9,6,1,1,33,2,2,0
1,47,5,2008,4,1,1,2,2,1,3,1,1,1,1,1,1,1,7,6,1,3,20,2,2,0
1,39,5,2008,3,1,1,2,2,1,1,1,1,1,1,2,2,2,8,6,1,1,30,2,2,1
1,52,5,2008,4,1,4,2,2,1,4,2,1,1,1,2,1,2,9,2,1,1,33,2,2,3
5,50,5,2008,3,1,1,2,2,1,1,1,1,1,1,2,1,2,1,6,1,1,33,2,2,0
6,38,5,2008,3,1,1,1,1,1,1,1,1,1,1,2,1,2,8,6,1,1,38,2,2,0
6,44,5,2008,2,4,1,2,2,1,1,2,1,1,1,1,1,2,15,6,1,1,33,1,2,1
3,49,8,2008,3,1,1,2,2,2,1,2,2,1,1,3,1,2,9,6,1,1,35,2,2,0
2,35,8,2008,3,1,1,2,2,2,1,2,2,1,1,4,1,2,9,4,1,2,33,2,2,1
2,47,8,2008,3,1,1,2,2,1,1,1,1,1,1,1,1,2,9,6,1,1,30,2,2,0
12,47,8,2008,1,1,1,2,2,1,2,2,1,1,1,1,1,1,9,4,1,1,33,2,2,0
8,47,8,2008,2,1,4,2,2,1,1,1,1,1,1,1,1,1,14,8,1,1,35,2,2,0
9,47,8,2008,2,2,1,2,1,1,1,1,1,1,1,1,1,2,14,2,1,1,35,2,2,1
5,41,9,2008,3,1,1,1,1,1,1,1,1,1,2,1,1,1,10,6,1,2,33,1,0,0
7,41,9,2008,3,1,1,2,2,1,2,1,1,1,1,1,1,2,9,6,1,7,33,2,2,0
7,41,9,2008,4,1,1,2,2,1,4,1,1,1,1,1,1,2,19,6,1,1,35,2,2,1
2,47,9,2008,4,7,1,2,2,1,2,1,1,1,1,1,1,2,9,6,1,1,52,2,2,0
1,47,9,2008,2,1,1,2,2,1,1,2,1,1,1,1,2,1,10,5,1,1,35,2,2,1
1,47,9,2008,4,1,1,2,2,1,2,1,1,1,1,1,1,2,14,6,1,1,45,2,2,0
1,47,9,2008,1,1,1,2,2,1,1,1,1,1,1,1,2,2,14,6,1,1,33,2,2,0
7,44,7,2008,1,1,4,1,1,1,4,1,1,1,1,1,1,2,14,6,1,1,33,2,2,0
3,38,7,2008,2,7,1,2,2,1,1,1,1,1,1,1,1,2,9,11,1,6,33,2,2,0
2,35,7,2008,2,1,1,2,1,1,1,1,1,1,1,3,1,2,10,4,1,1,28,2,2,0
1,47,7,2008,2,3,1,2,2,2,1,1,2,1,1,1,1,2,9,6,1,1,33,2,2,0
13,50,7,2008,2,1,1,2,2,2,1,2,2,1,1,1,1,2,9,1,1,1,33,2,2,0
5,47,6,2008,3,1,1,1,1,2,1,1,2,1,1,1,1,2,16,6,1,1,33,2,2,0
3,38,6,2008,2,1,1,2,2,1,1,1,1,1,1,1,1,2,9,4,1,1,33,2,2,0
4,37,6,2008,3,1,1,2,2,1,2,1,1,1,1,1,1,2,9,6,1,1,33,2,2,0
4,37,6,2008,4,1,1,2,2,1,1,1,1,1,1,1,1,1,9,6,1,1,33,2,2,0
11,47,10,2008,2,1,1,2,2,1,1,1,1,1,1,1,1,2,4,4,1,1,45,2,2,0
9,47,10,2008,2,1,1,2,2,1,1,1,1,1,1,1,1,2,9,2,1,1,33,2,2,0
9,47,10,2008,3,1,1,2,2,1,1,2,2,1,1,1,1,2,9,6,1,1,38,2,2,0
1,47,10,2008,3,3,1,2,2,1,1,1,1,1,1,1,1,2,8,6,2,1,33,2,2,1
1,47,10,2008,3,1,1,2,2,1,1,1,1,1,1,1,1,2,9,5,1,1,33,2,2,0
4,51,10,2008,2,2,1,2,2,1,1,1,1,1,1,1,1,1,9,6,1,1,29,2,2,0
6,45,10,2008,1,1,8,2,2,1,1,1,1,1,1,1,5,2,14,6,1,1,33,2,2,3
6,45,10,2008,2,1,1,2,2,1,2,1,1,1,1,1,1,2,8,6,1,1,33,2,2,0
1,47,11,2008,2,1,1,2,2,1,1,3,1,1,1,1,1,1,4,10,1,1,33,2,2,0
2,49,9,2008,3,3,1,2,2,1,1,1,1,1,1,3,1,2,4,2,1,1,30,2,2,3
5,41,12,2008,2,1,1,2,1,1,1,1,1,1,1,1,1,1,10,9,1,1,33,2,2,2
3,40,12,2008,3,1,1,2,2,4,1,1,1,1,1,4,1,2,13,5,1,1,26,2,2,1
1,45,12,2008,1,1,1,2,2,1,4,1,1,1,1,1,1,2,14,6,1,1,33,2,2,0
12,47,12,2008,3,1,1,2,2,1,1,1,1,1,1,1,1,2,9,6,1,1,40,2,2,0
1,38,12,2008,3,1,1,2,2,1,1,1,1,1,1,1,1,2,9,4,1,6,38,2,2,1
3,49,12,2008,3,1,2,2,2,1,1,2,1,1,1,1,1,2,4,2,1,1,33,2,2,0
2,44,11,2008,1,1,1,2,2,1,4,1,1,1,1,2,1,2,14,6,2,1,32,2,2,0
1,36,1,2008,4,7,7,2,2,1,1,1,1,1,1,1,1,2,9,1,1,1,45,2,2,3
1,36,2,2008,4,1,1,2,2,1,2,1,1,1,1,1,1,2,14,6,1,1,35,2,2,0
2,47,6,2008,2,1,1,2,2,1,1,1,1,1,1,1,1,2,9,6,1,1,35,2,2,0
11,47,10,2008,2,1,1,2,2,1,1,1,1,1,1,4,1,2,4,4,2,1,45,2,2,0
1,45,8,2008,2,1,1,2,2,1,1,1,1,1,1,1,1,2,9,6,1,1,1,2,2,1
5,45,1,2008,2,1,1,2,2,1,1,1,1,1,1,1,1,2,9,5,1,1,33,2,2,1
2,44,11,2008,3,1,1,2,1,1,1,1,1,1,1,1,1,2,15,6,1,2,33,2,2,0
2,44,11,2008,1,1,1,2,1,1,2,1,1,1,1,1,1,2,12,6,1,1,33,2,2,0
4,35,6,2008,3,1,1,2,2,2,1,1,2,1,1,1,1,2,9,6,1,1,42,2,2,0
16,35,6,2008,4,1,1,2,2,2,4,1,2,1,1,1,1,2,9,6,1,1,33,2,2,0
10,52,4,2008,2,1,1,2,1,1,2,2,1,1,1,2,1,2,9,1,1,1,29,1,0,0
6,41,1,2008,2,1,1,2,1,1,1,1,1,1,1,1,1,1,9,6,1,1,33,2,2,0
6,41,9,2008,3,1,1,2,2,1,1,1,1,1,1,1,1,1,9,6,1,1,33,2,2,1
2,50,7,2008,3,1,1,2,2,1,1,1,1,1,1,1,1,2,9,6,1,1,33,2,2,0
12,50,6,2008,3,1,1,2,2,2,1,1,2,1,1,1,1,2,9,6,1,1,26,1,2,0
1,39,1,2008,3,1,1,2,2,1,1,1,1,1,1,1,1,2,9,5,1,1,45,2,2,3
1,38,3,2008,2,1,1,2,2,1,1,2,1,1,1,1,1,2,9,6,1,1,50,1,2,0
1,38,12,2008,3,1,1,2,2,1,1,1,1,1,1,2,1,2,9,6,1,6,38,1,2,1
1,38,7,2008,1,1,1,2,2,1,4,1,1,1,1,1,1,2,9,6,1,1,38,2,2,0
3,39,5,2008,1,1,1,2,2,1,4,1,1,1,1,1,1,2,14,6,1,1,33,2,2,0
12,50,9,2008,3,1,1,2,2,1,1,1,1,1,1,1,1,2,9,6,1,1,33,2,2,1
9,42,2,2008,4,1,1,2,2,1,3,1,1,1,1,5,1,1,10,6,1,1,21,2,2,2
9,42,5,2008,2,3,4,1,1,1,1,1,1,1,1,5,1,1,6,6,1,1,38,2,2,0
12,42,3,2008,2,3,1,2,2,1,1,1,1,1,1,5,1,1,10,6,1,1,22,2,2,2
13,42,6,2008,2,1,2,2,1,1,1,1,1,1,1,5,1,1,12,6,1,1,36,2,2,2
24,42,1,2008,4,1,1,2,2,1,1,1,1,1,1,1,1,2,9,6,1,2,38,1,0,1
24,42,4,2008,4,1,1,2,2,1,4,1,1,1,1,1,1,1,14,6,1,1,40,2,2,0
27,42,5,2008,1,1,1,1,1,1,1,1,1,1,1,5,1,1,6,4,1,1,33,1,2,0
32,42,7,2008,2,1,1,1,1,1,1,1,1,1,1,5,1,1,9,6,1,1,20,2,2,2
29,42,4,2008,3,2,6,1,1,1,1,1,1,1,1,5,1,1,10,6,1,1,28,2,2,2
24,42,8,2008,3,1,1,2,2,1,1,2,1,1,1,2,1,2,10,6,1,1,26,2,2,1
24,42,9,2008,2,1,1,2,2,2,1,2,2,1,1,1,1,2,8,6,1,7,35,2,2,0
12,42,10,2008,1,1,1,1,1,1,3,1,1,1,1,5,1,1,10,6,1,1,32,2,2,2
15,42,11,2008,3,1,1,2,2,1,1,2,1,1,2,5,1,1,19,6,1,1,45,1,2,0
1,9,8,2008,3,1,1,2,2,1,1,2,1,1,1,1,1,2,8,6,1,1,33,2,2,0
11,9,12,2008,3,1,1,2,2,1,1,1,1,1,1,3,1,2,9,6,1,1,32,2,2,0
5,5,7,2008,2,1,1,2,2,1,1,1,1,1,1,1,1,1,9,6,1,1,33,2,2,0
6,5,2,2008,2,1,1,2,2,1,1,1,1,1,1,1,1,2,9,5,1,1,33,2,2,0
8,15,8,2008,3,1,1,2,2,2,1,1,2,1,1,1,1,2,10,6,1,1,33,2,2,1
10,9,5,2008,1,1,1,2,2,1,4,1,1,1,1,1,1,2,9,1,2,2,35,2,2,0
2,17,4,2008,3,1,1,2,1,1,2,1,1,1,1,1,2,1,12,11,1,7,35,2,2,0
1,12,11,2008,2,1,1,2,2,1,1,2,1,1,1,3,1,2,14,6,1,1,25,2,2,1
10,16,8,2008,4,1,1,2,2,1,4,1,1,1,1,2,2,2,9,6,1,6,45,2,2,0
4,55,11,2008,3,1,2,2,2,1,1,1,1,1,1,2,1,2,8,6,1,1,33,2,2,0
6,56,3,2008,2,1,1,2,2,1,1,1,1,1,1,2,2,1,9,4,1,1,33,2,2,0
7,56,12,2008,1,2,2,2,2,4,2,1,1,1,1,1,1,2,14,2,2,7,40,2,2,0
3,39,1,2008,1,1,1,2,2,1,4,1,1,1,1,1,1,2,9,6,1,1,50,2,2,1
1,46,2,2008,3,1,1,2,2,1,1,1,1,1,1,1,1,2,9,6,1,1,33,2,2,0
10,52,2,2008,3,1,1,2,2,1,1,1,1,1,1,1,1,2,1,6,1,1,33,2,2,1
5,43,3,2008,2,1,1,2,2,1,1,2,1,1,1,1,1,2,9,6,1,3,25,2,2,0
5,43,3,2008,3,1,1,2,2,1,1,1,1,1,1,4,1,2,14,6,1,1,33,2,2,1
1,51,3,2008,2,1,1,2,2,1,1,1,1,1,1,2,1,1,14,5,2,1,28,2,2,0
15,50,3,2008,3,1,1,2,2,1,1,1,1,1,1,1,1,2,14,10,1,1,35,2,2,0
2,50,3,2008,1,1,1,2,2,2,4,1,2,1,1,1,1,2,14,11,1,1,40,2,2,0
3,44,4,2008,3,1,1,2,2,1,1,1,1,1,1,1,1,2,6,6,1,1,33,2,2,1
1,45,4,2008,3,1,1,2,2,1,1,1,1,1,1,1,1,1,14,6,1,7,33,2,2,1
1,40,4,2008,1,1,1,2,2,1,3,1,1,1,1,1,1,1,14,11,1,7,33,2,2,0
1,47,5,2008,1,1,8,2,1,2,1,1,1,1,1,3,1,1,14,10,1,1,40,2,2,0
13,50,5,2008,2,1,1,2,2,1,1,1,1,1,1,2,1,2,4,7,1,1,32,2,2,0
7,44,5,2008,1,1,2,2,1,2,1,1,1,1,1,1,1,2,14,10,1,1,33,2,2,2
6,41,8,2008,4,1,1,2,2,1,4,1,1,1,1,1,1,2,14,6,1,1,35,2,2,1
7,41,8,2008,4,3,2,2,2,1,2,1,1,1,1,3,1,2,12,6,1,1,33,2,2,1
1,45,9,2008,1,1,1,2,2,1,4,1,1,1,1,1,1,2,14,6,1,1,33,2,2,0
3,39,9,2008,1,1,1,2,2,1,4,2,1,1,1,1,1,2,9,5,1,1,33,2,2,1
4,39,9,2008,4,1,1,2,2,1,2,1,1,1,1,1,1,2,9,4,1,1,33,2,2,0
4,39,9,2008,4,1,1,2,2,1,2,1,1,1,1,4,1,2,9,6,1,1,40,2,2,0
5,41,7,2008,2,1,1,2,2,1,1,1,1,1,1,1,1,2,14,7,1,1,33,2,2,3
2,47,6,2008,2,1,1,2,2,2,2,1,2,1,1,1,1,2,14,10,1,1,33,2,2,0
1,39,6,2008,1,1,2,2,1,4,4,1,1,1,1,1,1,2,19,5,1,1,33,2,2,0
7,47,10,2008,3,1,1,2,2,1,1,1,1,1,1,1,1,2,14,6,1,1,33,2,2,0
1,39,10,2008,3,1,1,2,2,1,1,1,1,1,1,1,1,1,10,6,1,1,32,2,2,1
9,47,11,2008,1,1,1,2,2,1,1,1,1,1,1,1,1,2,14,5,1,1,42,2,2,0
4,44,12,2008,3,1,4,2,2,1,1,1,1,1,1,2,1,2,7,6,1,1,33,2,2,3
7,41,12,2008,4,1,1,2,1,1,3,1,1,1,1,1,1,2,10,9,1,1,33,2,2,2
1,39,12,2008,4,1,1,2,2,1,1,2,1,1,1,1,1,1,1,11,1,1,33,2,2,0
7,44,11,2008,3,1,1,2,2,1,1,1,1,1,1,1,1,1,9,6,1,1,35,2,2,1
1,48,1,2008,2,1,1,2,2,1,1,4,1,1,1,1,1,2,14,1,1,1,32,2,2,0
6,40,3,2008,4,3,1,2,2,1,3,1,1,1,1,1,1,2,14,6,1,1,33,2,2,1
12,50,3,2008,3,1,1,2,2,1,1,1,1,1,1,1,2,2,14,10,1,2,35,1,2,0
3,39,12,2008,4,3,1,2,2,1,4,1,1,1,1,1,1,2,14,2,1,2,33,2,2,0
1,39,12,2008,4,1,1,2,2,1,2,2,1,1,1,1,1,1,1,6,1,1,13,2,2,0
5,50,7,2008,3,1,1,2,2,1,1,1,2,1,1,2,1,2,6,1,2,1,33,2,2,0
1,38,4,2008,3,1,1,2,2,2,1,1,2,1,1,1,3,2,14,5,1,1,29,2,2,0
3,42,4,2008,3,7,4,1,1,1,1,1,1,1,1,1,1,1,12,6,1,1,28,1,2,1
8,42,2,2008,3,2,1,1,1,1,1,1,1,1,1,5,1,1,9,6,1,1,33,2,2,2
9,42,3,2008,3,1,1,1,1,1,1,1,1,1,1,5,1,1,9,6,1,1,35,2,2,0
9,42,3,2008,3,2,4,1,1,1,1,1,1,1,1,5,1,1,9,6,1,1,20,2,2,2
9,42,3,2008,1,7,4,1,1,1,3,1,1,1,1,5,1,1,9,6,1,1,28,2,2,2
10,42,5,2008,3,2,6,1,1,1,1,1,1,1,1,5,1,1,7,6,1,1,28,2,2,2
11,42,3,2008,2,1,1,1,1,1,1,1,1,1,1,1,1,1,14,6,1,1,38,1,2,3
11,42,3,2008,2,3,4,1,1,1,1,1,1,1,1,1,1,1,14,6,1,1,40,1,2,2
11,42,4,2008,4,2,4,1,1,1,3,1,1,1,1,5,1,1,10,6,1,1,32,2,2,1
11,42,5,2008,3,1,4,1,1,1,1,1,1,1,1,1,1,1,14,6,1,1,28,2,2,1
11,42,6,2008,1,1,1,1,1,1,2,1,1,1,1,5,1,1,9,6,1,1,32,2,2,0
12,42,1,2008,3,2,4,1,1,1,1,1,1,1,1,5,1,1,9,6,1,1,28,2,2,1
12,42,1,2008,4,2,4,1,1,1,3,1,1,1,1,5,1,1,7,6,1,1,34,2,2,2
12,42,2,2008,4,1,1,1,1,1,3,1,1,1,1,5,1,1,9,6,1,1,32,1,2,0
12,42,2,2008,2,1,1,2,2,1,1,1,1,1,1,5,1,1,10,6,1,1,32,2,2,2
12,42,3,2008,3,3,4,1,1,1,1,1,1,1,1,5,1,1,9,6,1,1,37,2,2,0
12,42,3,2008,4,3,4,1,1,1,1,1,1,1,1,5,1,1,9,6,1,1,33,2,2,3
12,42,4,2008,2,2,4,1,1,1,1,1,1,1,1,5,1,1,5,6,1,1,33,2,2,2
12,42,5,2008,2,3,4,1,1,1,1,1,1,1,1,5,1,1,19,6,1,1,25,2,2,2
12,42,6,2008,4,3,4,1,1,1,1,1,1,1,1,5,1,1,7,6,1,1,32,2,2,2