Thana,District,Month,Year,Time,Junction_Type,Traffic_Control,Movement,Divider,Weather,Light,Road_Geometry,Surface_Condition,Surface_Type,Surface_Quality,Road_Class,Road_Feature,Location_Type,Vehicle_Type,Vehicle_Movement,Vehicle_Loading,Vehicle_Defect,Vehicle_Driver_Age,Vehicle_Alcohol,Vehicle_Seat_Belt,Accident_Severity
17,42,3,2008,3,3,4,1,1,1,1,2,1,1,1,5,1,1,10,6,1,1,38,1,2,2
17,42,6,2008,2,1,1,1,1,1,1,1,1,1,1,5,1,1,8,6,1,1,40,2,2,2
23,42,1,2008,4,4,2,1,1,1,3,1,1,1,1,1,1,1,9,6,1,1,42,2,2,3
23,42,1,2008,2,1,4,1,1,1,1,1,1,1,1,1,1,1,9,6,1,2,30,2,2,1
23,42,4,2008,2,1,1,1,1,1,3,1,1,1,1,1,1,1,10,6,1,1,26,2,2,3
23,42,6,2008,3,1,1,1,1,1,1,1,1,1,1,1,1,1,9,6,1,1,38,2,2,2
24,42,1,2008,3,7,1,2,2,1,1,1,1,1,1,1,1,1,9,6,1,3,28,1,0,3
24,42,3,2008,2,7,8,2,2,1,1,1,1,1,1,5,1,1,19,6,1,1,32,1,2,3
27,42,3,2008,1,3,5,1,1,1,3,1,1,1,1,5,1,1,14,6,2,2,33,1,2,0
28,42,4,2008,2,2,8,1,1,1,1,1,1,1,1,5,1,1,8,6,1,1,28,2,2,1
28,42,6,2008,3,3,6,1,1,1,1,1,1,1,1,5,1,1,14,6,1,1,40,2,2,0
33,42,1,2008,4,1,1,2,2,1,3,1,1,1,1,1,1,1,14,6,1,1,39,1,2,0
33,42,4,2008,2,1,4,1,1,1,1,1,1,1,1,1,1,1,9,6,1,1,28,2,2,2
32,42,3,2008,1,2,4,1,1,1,3,1,1,1,1,5,1,1,9,6,1,1,38,2,2,2
32,42,6,2008,2,2,4,1,1,1,1,1,1,1,1,5,1,1,9,6,1,1,24,2,2,1
2,42,5,2008,3,2,1,1,1,1,2,1,1,1,1,5,1,1,9,6,1,2,42,1,0,2
1,42,2,2008,3,7,4,1,1,1,1,1,1,1,1,5,1,1,8,6,1,2,28,1,0,1
19,42,2,2008,1,3,1,2,2,1,1,1,1,1,1,2,1,1,8,6,1,1,25,2,2,1
14,42,1,2008,3,1,4,1,1,1,1,1,1,1,1,1,1,1,9,6,1,1,35,2,2,3
14,42,1,2008,4,1,1,1,1,1,3,1,1,1,1,1,1,1,9,6,1,1,28,2,2,2
14,42,2,2008,4,3,1,1,1,1,3,1,1,1,1,1,1,1,7,6,1,1,32,1,2,2
14,42,3,2008,3,3,4,1,1,1,1,1,1,1,1,1,1,1,14,6,1,1,35,1,2,0
14,42,4,2008,3,1,1,1,1,1,1,1,1,1,1,1,1,1,14,6,1,1,37,1,2,2
14,42,4,2008,4,1,1,1,1,1,3,1,1,1,1,1,1,1,14,6,1,1,27,1,2,2
14,42,5,2008,3,1,1,2,2,1,1,1,1,1,1,1,1,1,12,6,1,1,37,1,2,0
29,42,6,2008,2,1,5,1,1,1,1,1,1,1,1,5,1,1,7,6,1,1,28,2,2,2
13,42,9,2008,3,1,1,1,1,1,1,1,1,1,1,1,1,1,8,6,1,1,40,2,2,1
13,42,9,2008,3,1,1,1,1,1,1,1,1,1,1,1,1,1,9,6,1,1,38,2,2,0
13,42,10,2008,2,1,1,1,1,1,3,1,1,1,1,1,1,1,9,6,1,1,40,2,2,1
10,42,8,2008,2,3,4,1,1,1,2,1,1,1,1,5,1,1,9,6,1,1,32,2,2,2
18,42,5,2008,2,1,1,2,2,1,1,1,1,1,1,5,1,1,9,6,1,1,35,2,2,1
12,42,7,2008,3,1,1,1,1,1,1,1,1,1,1,5,1,1,9,6,1,1,38,2,2,2
12,42,9,2008,2,3,4,1,1,1,1,1,1,1,1,5,1,1,10,6,1,1,33,2,2,1
12,42,10,2008,2,3,4,1,1,1,1,1,1,1,1,5,1,1,9,6,1,1,28,2,2,2
9,42,8,2008,4,1,1,1,1,1,3,1,1,1,1,5,1,1,10,6,1,1,28,2,2,2
9,42,9,2008,4,3,4,1,1,1,3,1,1,1,1,5,1,1,19,6,1,1,32,2,2,2
9,42,9,2008,3,1,4,1,1,1,1,1,1,1,1,5,1,1,9,6,1,1,25,2,2,2
9,42,9,2008,3,2,4,1,1,1,1,1,1,1,1,5,1,1,10,6,1,1,23,2,2,2
9,42,9,2008,2,1,1,1,1,1,1,1,1,1,1,5,1,1,9,6,1,1,28,2,2,2
9,42,9,2008,2,1,1,1,1,1,1,1,1,1,1,5,1,1,9,6,1,1,40,2,2,2
9,42,9,2008,4,1,1,2,2,1,3,1,1,1,1,5,1,1,14,6,1,1,42,1,2,1
9,42,11,2008,1,3,1,1,1,1,3,1,1,1,1,5,1,1,14,6,1,1,38,1,2,1
9,42,12,2008,1,3,4,1,1,1,3,1,1,1,1,5,1,1,14,6,1,1,42,1,2,2
9,42,12,2008,1,1,1,1,1,1,2,1,1,1,1,5,1,1,5,6,1,1,27,2,2,1
32,42,11,2008,2,1,1,1,1,1,1,1,1,1,1,5,1,1,14,6,1,1,25,2,2,0
32,42,11,2008,4,1,1,1,1,1,3,1,1,1,1,5,1,1,9,6,1,1,42,2,2,2
3,42,7,2008,4,3,4,1,1,1,3,1,1,1,1,1,1,1,14,6,1,1,25,2,2,2
3,42,10,2008,3,7,1,1,1,1,1,1,1,1,1,1,1,1,1,1,1,1,50,2,2,2
13,42,12,2008,3,1,1,1,1,1,1,1,1,1,1,1,1,1,7,6,1,1,38,2,2,2
18,42,10,2008,2,1,4,1,1,1,3,4,1,1,1,5,1,1,10,6,1,1,38,2,2,3
1,42,10,2008,2,3,6,1,1,1,1,1,1,1,1,5,1,1,19,6,1,3,40,2,2,2
2,42,9,2008,4,2,1,1,1,1,3,1,1,1,1,5,1,1,9,6,1,1,35,1,2,2
8,42,3,2008,2,1,1,1,1,1,1,1,1,1,1,5,1,1,10,6,1,1,32,2,2,2
8,42,12,2008,4,1,4,1,1,1,2,1,1,1,1,5,1,1,5,6,1,1,35,2,2,2
14,42,11,2008,4,2,6,1,1,1,3,1,1,1,1,1,1,1,14,6,1,1,42,1,2,2
10,42,12,2008,3,1,1,1,1,1,1,1,1,1,1,5,1,1,10,6,1,1,42,2,2,2
10,42,12,2008,3,3,6,1,1,1,1,1,1,1,1,5,1,1,10,6,1,1,40,2,2,1
17,42,10,2008,2,1,4,1,1,1,2,1,1,1,1,5,1,1,9,6,1,1,32,2,2,2
17,42,12,2008,2,1,1,1,1,1,1,1,1,1,1,5,1,1,9,6,1,1,40,2,2,2
33,42,8,2008,3,1,1,2,2,1,1,1,1,1,1,5,1,1,9,6,1,1,38,2,2,0
33,42,10,2008,4,1,1,2,2,1,3,1,1,1,1,5,1,1,14,6,1,1,35,1,2,2
33,42,10,2008,3,1,1,1,1,1,2,1,1,1,1,1,1,1,9,6,1,1,35,1,2,0
33,42,11,2008,3,1,4,1,1,1,1,1,1,1,1,1,1,1,9,6,1,1,40,2,2,2
33,42,11,2008,2,1,1,2,2,1,1,1,1,1,1,1,1,1,9,6,1,1,40,2,2,0
33,42,12,2008,4,1,4,1,1,1,3,1,1,1,1,5,1,1,9,6,1,1,27,2,2,0
33,42,12,2008,2,1,1,1,1,1,1,1,1,1,1,1,1,1,9,6,1,1,38,2,2,0
18,42,12,2008,2,1,4,1,1,1,1,1,1,1,1,5,1,1,9,6,1,1,40,2,2,2
4,42,7,2008,4,1,1,1,1,1,1,3,1,1,1,5,1,1,9,6,1,1,40,2,2,2
4,42,8,2008,3,1,4,1,1,1,1,1,1,1,1,5,1,1,9,6,1,1,40,2,2,2
4,42,12,2008,3,1,1,1,1,1,1,1,1,1,1,5,1,1,12,6,1,1,35,2,2,1
1,28,9,2008,2,2,4,2,2,1,3,1,1,1,1,5,1,1,14,11,1,1,45,2,2,0
6,11,3,2008,4,1,1,2,2,1,4,1,1,1,1,4,1,2,19,6,1,7,25,2,2,0
5,4,9,2008,3,1,1,2,2,1,1,1,1,1,1,3,1,2,14,6,1,1,34,2,2,0
4,55,11,2008,2,1,2,2,2,1,1,2,1,1,1,2,1,2,14,3,1,1,25,2,2,1
3,55,6,2008,3,3,1,2,2,1,1,1,4,1,3,1,1,1,8,4,1,2,33,1,2,0
5,2,1,2008,3,7,8,2,2,1,1,1,1,1,1,4,1,2,17,11,1,1,35,2,2,0
6,5,7,2008,3,1,1,2,2,1,1,1,1,1,1,1,1,1,13,6,1,1,33,2,2,3
1,11,9,2008,3,7,1,2,2,1,1,1,1,1,1,3,1,2,17,6,1,7,22,2,2,2
1,11,11,2008,2,7,1,2,2,1,1,1,1,1,1,2,1,1,7,6,1,7,28,2,2,1
3,13,4,2008,2,1,1,2,2,1,1,1,1,1,1,3,1,2,6,11,1,7,30,2,2,1
3,15,9,2008,3,1,1,2,2,1,1,1,1,1,1,2,1,2,7,5,1,7,27,2,2,0
7,16,2,2008,2,2,1,2,2,2,1,1,2,1,1,1,1,1,12,6,1,1,27,2,2,1
1,9,5,2008,3,7,1,2,2,1,1,1,1,1,1,1,1,1,9,6,1,1,33,2,2,0
9,9,5,2008,3,1,1,2,2,1,1,1,1,1,1,4,1,2,8,6,1,1,40,2,2,0
3,15,6,2008,1,1,1,2,2,1,4,1,1,1,1,1,1,1,14,6,1,7,33,2,2,0
3,15,4,2008,1,7,1,2,2,1,4,1,1,1,1,3,1,2,14,11,1,7,33,2,2,0
10,11,12,2008,3,7,8,2,2,1,1,1,1,1,1,4,1,2,9,11,1,1,40,2,2,1
10,11,12,2008,4,1,8,2,2,1,2,1,1,1,1,3,1,2,13,4,1,5,28,2,2,1
4,15,12,2008,2,7,1,2,2,1,1,1,1,1,1,3,1,2,14,6,1,1,32,2,2,0
1,12,8,2008,4,1,1,2,2,1,3,1,1,1,1,2,1,1,14,6,1,1,33,2,2,0
4,3,5,2008,4,1,1,1,2,2,2,2,1,1,1,1,1,1,1,6,1,1,33,2,2,1
6,3,9,2008,3,7,1,2,2,1,1,1,1,1,1,1,1,2,8,6,1,1,50,2,2,0
5,5,9,2008,2,7,1,2,2,1,1,1,1,1,1,1,1,2,14,6,1,7,25,2,2,0
5,5,10,2008,4,1,1,2,2,2,4,1,2,1,1,1,1,2,9,6,1,7,33,2,2,3
1,12,11,2008,2,1,1,2,2,1,1,1,1,1,1,2,1,1,19,6,1,7,33,2,2,1
6,15,6,2008,3,1,1,2,2,2,1,1,2,1,1,1,1,2,14,5,1,1,45,2,2,0
1,9,8,2008,4,7,1,2,2,1,3,1,1,1,1,1,1,1,14,6,1,7,40,2,2,0
1,11,2,2008,2,1,1,2,2,1,1,2,1,1,2,2,1,2,8,6,1,3,40,2,2,0
10,11,5,2008,4,7,8,2,2,1,4,1,1,1,2,1,1,2,8,6,1,7,25,2,2,3
5,11,2,2008,2,3,1,2,2,1,1,1,1,1,1,2,1,1,14,6,1,1,30,2,2,0
1,9,7,2008,2,7,8,2,2,1,2,2,1,1,1,1,1,1,14,1,1,7,35,2,2,0
1,6,6,2008,3,1,1,1,2,2,1,2,2,1,1,1,1,2,8,4,1,1,35,2,2,1
7,8,12,2008,2,7,1,2,2,4,1,1,1,1,1,3,1,2,9,4,1,1,33,1,2,0
13,54,7,2008,3,7,1,2,2,1,1,1,1,1,1,1,1,2,14,6,1,2,33,1,0,0
13,54,8,2008,3,7,1,2,2,1,1,1,1,1,1,1,1,2,9,6,1,6,33,2,2,0
13,54,8,2008,1,1,1,2,2,1,2,1,1,1,1,1,1,2,14,6,1,2,33,2,2,0
9,54,8,2008,2,7,1,2,2,1,1,1,1,1,1,1,1,2,19,6,1,2,33,2,2,0
9,54,8,2008,2,7,1,2,2,1,1,1,1,1,1,1,1,2,14,6,1,2,33,2,2,0
13,54,9,2008,1,7,1,2,2,1,4,2,1,1,1,2,1,2,14,6,1,2,33,1,2,0
9,54,9,2008,3,7,1,2,2,1,1,1,1,1,1,1,1,1,14,6,1,2,33,1,2,0
7,56,1,2008,2,2,2,1,1,1,1,5,1,1,1,1,1,2,7,2,2,7,35,1,0,0
8,56,8,2008,3,7,1,2,2,1,1,2,1,1,1,4,1,2,19,6,1,2,33,1,0,3
8,56,8,2008,3,1,1,1,2,1,1,3,1,1,2,3,1,2,14,6,1,1,22,2,2,0
7,55,1,2008,2,1,1,1,2,1,1,1,1,1,1,2,1,2,13,4,1,1,33,1,0,1
3,55,1,2008,3,7,8,2,2,4,2,1,2,1,1,5,1,2,8,6,1,1,45,1,0,0
5,55,2,2008,3,1,1,2,2,1,1,2,1,1,1,2,1,2,9,11,1,1,40,2,2,0
1,55,6,2008,3,2,8,2,2,1,2,1,1,1,1,1,1,2,14,6,1,7,33,1,0,3
3,56,10,2008,2,2,2,2,2,1,1,1,1,1,1,1,1,2,9,1,1,7,35,1,0,0
9,56,10,2008,2,3,1,1,2,1,1,2,1,1,1,4,1,1,9,1,1,2,33,1,0,0
4,55,11,2008,2,1,2,2,2,1,1,1,1,1,1,2,1,2,5,6,1,1,33,2,2,1
3,53,12,2008,2,1,1,2,2,1,1,1,1,1,1,2,1,2,9,11,1,2,33,2,2,1
5,56,12,2008,3,7,1,2,2,1,1,1,1,1,1,2,1,2,7,11,1,2,33,2,2,1
14,58,7,2008,3,3,1,2,2,1,1,1,1,1,1,3,1,1,9,6,1,1,45,2,2,0
14,58,8,2008,2,1,1,2,1,1,2,1,1,1,1,1,1,1,9,10,1,1,33,1,2,2
11,9,1,2008,2,1,1,2,2,4,1,1,2,1,1,1,1,1,14,11,1,7,33,2,2,1
6,15,1,2008,2,1,8,2,2,1,1,1,1,1,1,1,1,1,13,6,1,7,26,2,2,0
7,13,10,2008,2,1,1,1,2,1,1,1,1,1,1,2,1,2,8,6,1,7,35,2,2,0
9,54,2,2008,4,7,1,2,2,1,4,1,1,1,1,1,1,2,14,6,1,2,33,1,0,0
1,56,4,2008,2,7,2,2,2,1,1,3,1,1,2,1,1,2,19,6,1,3,35,1,0,1
11,9,4,2008,2,7,1,2,2,1,1,1,1,1,1,3,1,2,4,6,1,7,32,2,2,1
1,12,4,2008,1,1,1,2,2,1,2,1,1,1,1,2,1,1,9,6,1,1,40,2,2,0
6,15,3,2008,3,1,8,2,2,1,1,1,1,1,1,3,1,2,8,6,1,7,32,2,2,0
7,13,10,2008,2,7,1,2,2,1,1,1,1,1,1,2,1,2,14,6,2,7,33,2,2,0
1,15,5,2008,3,7,1,2,2,1,1,1,1,1,1,1,1,1,9,5,1,7,33,2,2,0
4,5,12,2008,4,7,8,2,2,4,2,1,1,1,1,1,1,2,13,7,1,1,33,2,2,0
1,17,9,2008,3,1,1,2,2,1,1,1,1,1,1,1,1,1,14,11,1,7,48,2,2,0
9,54,2,2008,2,7,1,2,2,1,4,1,1,1,1,2,1,2,14,6,1,2,33,1,0,0
9,54,2,2008,3,7,1,2,1,1,1,3,1,1,2,1,1,2,14,6,1,2,33,1,0,0
13,54,9,2008,1,7,1,2,2,1,2,1,1,1,1,1,1,1,9,6,1,2,33,1,2,2
7,56,1,2008,3,5,1,2,2,1,1,2,1,1,1,1,5,2,9,10,1,7,33,1,0,1
7,56,4,2008,2,7,1,2,2,1,1,1,1,1,1,1,1,2,9,6,1,1,57,1,2,2
1,55,10,2008,4,7,1,2,2,1,2,1,1,1,1,1,1,1,14,6,1,2,33,1,0,1
13,54,12,2008,3,1,1,2,2,1,2,1,1,1,1,1,1,2,14,6,1,1,25,2,2,0
2,64,8,2008,3,1,8,2,2,1,1,1,1,1,1,5,1,1,9,6,1,1,33,1,2,2
8,57,10,2008,2,1,8,2,2,1,1,1,1,1,1,1,1,2,7,11,1,1,28,2,2,0
9,54,1,2008,3,7,1,2,2,4,4,1,2,1,1,2,1,2,14,10,1,2,33,1,0,0
13,54,3,2008,3,7,1,2,2,1,1,1,1,1,1,1,1,2,7,6,1,2,33,1,0,1
13,54,7,2008,1,7,1,2,2,1,2,1,1,1,1,1,1,2,4,6,1,2,33,1,0,0
8,56,10,2008,2,2,2,2,2,1,1,1,1,1,1,2,1,2,9,6,1,2,28,1,0,1
5,27,9,2008,2,3,1,2,2,1,1,4,1,2,1,4,1,2,2,4,1,1,33,2,1,3
7,64,10,2008,2,2,1,1,1,1,1,1,1,1,1,5,1,1,14,9,1,1,38,2,2,1
12,64,9,2008,3,7,8,2,2,1,1,1,1,1,1,1,1,2,14,6,1,1,33,1,2,0
12,64,7,2008,3,7,2,2,2,1,1,1,1,1,1,2,1,2,7,6,1,1,33,2,2,0
8,64,8,2008,2,1,4,2,1,1,1,1,1,1,1,1,1,1,7,4,1,6,22,1,2,0
4,64,2,2008,3,2,6,2,2,1,1,1,1,1,1,5,1,1,10,11,1,1,33,2,1,1
11,64,4,2008,2,2,8,1,2,1,2,1,1,1,1,5,1,1,9,6,1,1,33,1,2,1
11,64,9,2008,3,2,8,1,2,1,1,1,1,1,1,5,1,1,9,6,1,1,33,1,2,1
11,64,8,2008,3,3,8,1,1,1,1,1,1,1,1,5,1,1,8,6,1,1,26,1,2,0
11,64,12,2008,4,1,1,1,2,1,3,1,1,1,1,5,1,1,9,6,1,1,28,1,2,0
11,64,11,2008,2,2,8,1,2,1,1,1,1,1,1,5,1,1,2,6,1,1,33,2,2,0
7,64,11,2008,2,1,1,2,2,1,1,4,1,1,1,5,1,1,14,6,1,1,33,1,2,1
7,64,12,2008,4,1,8,1,1,1,1,1,1,1,1,5,1,1,14,6,1,1,33,1,2,1
11,64,12,2008,4,1,1,2,2,1,4,1,1,1,1,5,1,1,9,11,1,1,30,2,2,0
1,57,6,2008,1,1,1,2,2,1,4,1,1,1,1,1,1,2,14,4,1,1,30,1,2,0
8,58,5,2008,2,1,1,2,2,1,1,1,1,1,1,1,1,2,9,6,1,1,33,2,2,0
2,20,7,2008,3,1,1,1,2,1,1,1,1,1,1,1,1,2,7,6,1,1,32,2,1,3
4,58,7,2008,3,1,1,2,2,1,1,1,1,1,1,1,1,2,9,6,1,1,33,2,2,0
14,58,2,2008,2,3,1,2,2,1,1,1,1,1,1,3,1,2,8,6,1,1,33,2,2,0
14,58,3,2008,1,2,1,2,2,1,4,1,1,1,1,1,1,1,9,6,1,1,42,2,2,0
14,58,5,2008,1,1,1,2,1,2,1,1,1,1,1,1,2,1,14,4,1,1,30,2,2,0
14,58,6,2008,1,1,1,2,2,1,3,1,1,1,1,1,1,2,14,6,1,1,42,2,2,0
14,58,9,2008,1,1,1,2,2,1,1,1,1,1,1,1,1,2,8,5,1,1,33,2,2,0
14,58,9,2008,3,1,1,2,2,1,1,1,1,1,1,1,1,1,10,4,1,1,33,1,2,0
14,58,9,2008,2,1,1,2,2,1,1,1,1,1,1,1,1,1,14,6,1,1,33,2,2,0
6,58,1,2008,2,1,1,2,2,1,1,1,1,1,1,1,1,2,15,2,1,2,33,2,2,0
5,58,3,2008,4,1,1,2,2,1,4,1,1,1,1,1,1,2,14,5,1,1,42,2,2,1
5,58,3,2008,2,1,1,2,2,1,1,2,1,1,1,1,1,2,14,1,1,1,35,2,2,1
5,58,3,2008,1,1,1,2,2,1,2,1,1,1,1,1,1,2,9,6,1,1,33,2,2,0
1,61,6,2008,3,1,1,2,2,1,1,1,1,1,1,1,1,1,9,6,2,1,38,1,1,1
2,61,5,2008,1,1,1,2,2,1,2,1,1,1,1,1,1,2,14,6,1,1,33,2,2,0
4,61,7,2008,3,1,1,2,2,1,1,1,2,1,1,3,1,2,9,6,1,1,42,2,2,0
6,67,4,2008,3,1,1,2,2,1,1,2,1,1,1,2,1,2,9,6,1,1,33,1,1,3
7,67,1,2008,2,1,1,2,2,2,1,2,2,1,1,1,1,2,14,1,1,1,33,2,2,1
1,65,9,2008,3,1,1,2,2,2,1,2,2,1,1,2,1,2,8,6,1,1,55,2,2,1
1,65,8,2008,4,1,1,2,2,1,1,1,1,1,1,1,1,2,8,6,2,1,33,2,2,1
1,65,3,2008,1,1,1,2,2,1,1,1,1,1,1,1,1,1,8,6,1,1,35,2,2,0
1,65,9,2008,3,1,1,2,2,2,1,2,2,1,1,2,1,2,8,6,1,1,55,2,2,1
1,65,8,2008,2,1,1,2,2,2,1,1,1,1,1,1,1,2,8,1,1,1,33,2,2,1
1,65,1,2008,3,7,1,2,2,1,1,1,1,1,1,1,1,2,9,6,1,1,45,2,2,1
6,63,4,2008,2,1,1,2,2,1,4,1,1,1,1,1,1,2,12,6,1,1,24,2,2,0
8,63,1,2008,4,1,1,2,2,1,1,1,1,1,1,1,1,2,12,5,1,1,33,1,2,1
8,63,8,2008,4,7,1,2,2,4,2,1,1,1,1,1,1,2,9,6,1,1,40,2,2,0
9,63,5,2008,4,1,1,2,2,1,4,2,1,1,1,1,1,2,8,2,1,1,33,2,2,1
9,63,5,2008,4,1,1,2,2,1,3,2,1,1,1,1,1,2,8,11,1,1,40,1,2,1
9,63,7,2008,4,1,1,2,2,1,2,2,1,1,1,1,1,2,8,6,1,1,33,2,2,0
9,63,8,2008,2,1,1,2,2,1,1,1,1,1,1,1,1,2,8,11,1,1,33,2,2,0
11,63,7,2008,4,3,1,2,2,1,1,1,1,1,1,1,1,2,11,2,1,3,35,2,1,0
13,63,8,2008,4,1,8,2,2,1,3,1,1,1,1,1,1,2,7,1,1,1,33,2,2,0
14,58,9,2008,3,1,2,2,2,1,1,1,1,1,1,2,1,2,7,6,1,1,30,2,2,0
5,58,10,2008,3,3,1,2,1,1,1,1,1,1,1,2,4,2,9,4,1,1,45,2,2,0
5,58,10,2008,1,1,1,2,1,4,4,4,4,1,1,2,1,2,9,4,1,1,33,2,2,0
7,58,2,2008,2,1,1,2,2,1,1,1,1,1,1,1,1,2,9,6,1,1,33,2,2,2
7,58,10,2008,2,1,1,2,2,1,1,1,1,1,1,1,1,2,9,5,1,1,45,2,2,0
7,58,5,2008,1,1,1,2,2,1,2,1,1,1,1,1,1,2,14,6,1,1,33,2,2,0
6,58,6,2008,3,3,1,2,2,1,1,1,1,1,1,1,1,1,9,5,1,1,32,2,2,1
1,63,3,2008,2,7,1,2,2,1,1,1,1,1,1,3,1,2,8,5,1,1,26,2,2,0
6,63,12,2008,3,7,8,2,2,1,1,1,1,1,1,2,1,2,14,11,1,1,32,2,2,0
6,63,4,2008,3,1,1,2,2,1,1,1,1,1,1,2,1,2,10,6,1,2,33,1,0,0
6,63,4,2008,4,1,1,2,2,1,4,1,1,1,1,2,1,2,12,6,1,1,28,2,2,0
6,63,4,2008,4,1,1,1,2,1,2,1,1,1,1,2,1,2,12,6,1,1,24,2,2,0
7,63,12,2008,4,1,1,2,2,1,2,2,1,1,1,3,1,2,11,11,1,1,33,2,2,0
8,63,10,2008,3,7,8,2,2,1,1,1,1,1,1,1,1,2,9,2,1,7,48,2,2,0
8,63,8,2008,4,7,1,2,2,4,2,1,1,1,1,1,1,2,9,6,1,1,33,2,2,0
8,63,7,2008,1,7,1,2,2,1,4,3,1,1,1,1,1,1,14,1,1,1,32,2,2,0
8,63,1,2008,3,1,1,2,2,1,1,1,1,1,1,1,1,2,12,5,1,1,33,1,0,0
9,63,10,2008,4,3,1,2,2,1,2,3,1,1,1,1,1,2,8,11,1,1,45,2,2,0
9,63,8,2008,2,1,1,2,2,1,1,1,1,1,1,1,1,2,8,11,1,1,33,1,0,0
9,63,5,2008,4,1,1,2,2,1,2,2,1,1,1,1,1,2,8,11,1,1,40,1,2,0
10,63,9,2008,4,1,1,2,2,1,2,3,1,1,1,2,3,2,15,6,1,3,52,2,2,0
10,63,8,2008,2,1,1,2,2,1,1,1,1,1,1,2,1,2,12,5,1,1,38,2,2,0
10,63,5,2008,4,1,1,2,2,1,2,1,1,1,1,2,1,1,14,11,1,7,35,2,2,0
10,63,4,2008,2,1,1,2,2,1,1,1,1,1,1,2,1,2,9,11,1,1,50,2,2,0
10,63,3,2008,2,1,1,2,2,1,1,2,1,1,1,2,1,2,9,2,1,1,40,2,2,0
2,62,10,2008,3,7,8,2,2,1,1,1,1,1,1,2,1,2,7,1,1,1,33,2,2,0
3,57,7,2008,1,7,1,2,2,1,1,1,1,1,1,1,1,2,10,6,1,2,33,1,0,0
8,57,1,2008,1,1,1,2,2,1,2,1,1,1,1,1,1,2,9,10,1,1,33,2,2,0
8,57,7,2008,2,1,1,2,2,1,1,1,1,1,1,1,1,2,6,1,1,1,33,2,2,0
8,57,3,2008,1,1,1,2,2,1,2,1,1,1,1,1,1,2,14,1,1,1,33,2,2,0
8,57,8,2008,3,7,2,2,2,1,1,1,1,1,1,1,1,2,6,6,1,1,30,2,2,0
8,57,1,2008,3,1,8,2,2,4,1,1,1,1,1,1,1,2,9,6,1,1,40,1,2,0
1,57,6,2008,2,1,1,2,2,1,3,1,1,1,1,1,1,1,9,6,1,1,33,2,2,1
1,57,5,2008,3,1,1,2,2,1,1,1,1,1,1,1,1,2,10,6,1,3,33,2,2,0
1,60,7,2008,2,2,1,2,2,1,1,1,1,1,1,1,1,2,14,6,1,2,33,1,0,0
8,60,1,2008,2,1,8,2,2,1,1,1,1,1,1,4,1,2,14,6,1,1,40,1,2,1
8,57,5,2008,4,1,1,2,2,1,1,1,1,1,1,1,1,2,14,11,1,1,33,2,2,1
1,61,11,2008,4,1,1,2,2,1,1,1,1,1,1,1,1,2,15,11,1,1,33,1,0,2
1,65,8,2008,2,1,1,2,2,1,1,1,1,1,1,1,1,2,8,6,1,1,33,2,2,1
5,58,9,2008,1,1,1,2,2,1,4,1,1,1,1,1,2,2,9,5,1,1,50,2,2,0
6,40,2,2008,2,7,1,2,2,1,1,3,1,2,2,4,1,2,14,6,1,1,33,2,2,3
12,50,3,2008,3,1,1,2,2,1,1,1,1,1,1,1,1,1,14,6,1,1,33,2,2,1
2,50,3,2008,2,1,1,1,2,1,1,1,1,1,1,1,1,2,9,6,1,1,42,2,2,0
7,44,4,2008,3,3,1,2,2,1,1,4,1,1,1,1,1,2,10,2,1,1,24,2,2,1
6,40,4,2008,3,1,1,2,2,1,1,1,1,1,1,1,1,2,14,6,1,1,33,2,2,3
6,40,4,2008,1,1,1,2,2,1,3,1,1,1,1,1,1,2,9,11,1,1,45,2,2,0
1,41,4,2008,1,1,1,2,2,1,2,4,1,1,1,1,1,2,12,6,1,1,33,2,2,0
7,44,9,2008,4,1,1,2,2,1,1,1,1,1,1,1,1,2,7,6,1,1,33,2,2,0
1,41,7,2008,3,1,1,2,2,1,1,1,1,1,1,1,1,2,9,6,1,1,33,2,2,0
1,47,9,2008,4,1,1,2,2,1,1,1,1,1,1,1,1,2,14,6,1,1,33,2,2,2
1,47,11,2008,1,1,8,2,2,1,1,1,1,1,1,1,1,2,8,2,1,1,50,2,2,0
2,47,11,2008,3,1,1,2,2,1,1,1,1,1,1,1,1,2,14,6,1,1,33,2,2,0
7,41,12,2008,3,1,1,2,2,1,1,1,1,1,1,5,1,2,9,6,1,1,33,2,2,0
12,47,6,2008,1,1,1,2,1,2,3,1,1,1,1,1,2,2,14,10,1,1,33,2,2,0
6,45,10,2008,4,1,2,2,1,1,3,1,1,1,1,1,5,2,14,6,1,2,33,1,2,3
7,38,10,2008,4,1,1,2,2,1,4,1,1,1,1,1,1,2,9,5,1,1,38,2,2,1
8,51,1,2008,2,1,1,2,2,4,2,1,1,1,1,3,1,2,14,7,1,1,33,2,2,0
1,38,8,2008,1,2,2,2,1,4,1,1,1,1,1,1,1,2,9,6,1,1,33,2,2,0
9,42,3,2008,2,1,1,1,1,1,1,1,1,1,1,5,1,1,9,6,1,1,26,2,2,0
9,42,6,2008,3,1,4,1,1,1,1,1,1,1,1,5,1,1,9,6,1,1,34,2,2,2
33,42,2,2008,4,2,4,1,1,1,2,1,1,1,1,5,1,1,9,6,1,1,32,2,2,3