Thana,District,Month,Year,Time,Junction_Type,Traffic_Control,Movement,Divider,Weather,Light,Road_Geometry,Surface_Condition,Surface_Type,Surface_Quality,Road_Class,Road_Feature,Location_Type,Vehicle_Type,Vehicle_Movement,Vehicle_Loading,Vehicle_Defect,Vehicle_Driver_Age,Vehicle_Alcohol,Vehicle_Seat_Belt,Accident_Severity
33,42,4,2008,2,1,1,1,1,1,1,1,1,1,1,1,1,1,10,6,1,2,33,1,0,0
32,42,6,2008,1,3,4,1,1,1,3,1,1,1,1,1,5,1,14,6,1,1,42,1,2,2
32,42,10,2008,2,1,4,1,1,1,1,1,1,1,1,5,1,1,9,6,1,1,34,2,2,1
29,42,1,2008,5,2,1,1,1,1,1,3,1,1,1,5,1,1,10,2,1,1,38,2,2,2
29,42,3,2008,2,1,4,1,1,1,1,1,1,1,1,5,1,1,8,6,1,1,38,2,2,2
9,42,6,2008,4,1,4,1,1,1,3,1,1,1,1,5,1,1,14,6,1,1,45,1,2,0
9,42,11,2008,3,1,1,1,1,1,1,1,1,1,1,5,1,1,12,6,1,1,40,2,2,1
32,42,11,2008,3,2,4,1,1,1,1,1,1,1,1,5,1,1,6,1,1,1,26,2,2,2
32,42,12,2008,2,2,4,1,1,1,1,1,1,1,1,5,1,1,10,6,1,1,28,2,2,1
8,42,10,2008,2,3,4,1,1,1,2,1,1,1,1,5,1,1,10,6,1,1,28,2,2,2
1,21,3,2008,2,1,1,2,2,1,1,1,1,1,1,1,1,2,9,6,1,1,33,2,2,1
4,21,3,2008,2,1,1,2,2,1,1,1,1,1,1,2,1,2,4,6,1,1,35,2,2,0
6,21,8,2008,1,1,1,2,2,1,4,1,1,1,1,1,1,1,14,6,1,1,30,2,2,0
1,23,4,2008,2,1,1,2,2,1,1,1,1,1,1,5,1,1,8,6,1,1,39,2,2,0
4,26,5,2008,2,1,1,1,2,1,1,1,1,1,1,1,1,2,6,11,1,1,40,2,2,0
5,26,9,2008,3,1,1,2,2,1,1,1,1,1,1,1,4,1,9,5,1,1,45,2,2,2
9,26,8,2008,3,1,1,2,2,1,1,1,1,1,1,4,1,2,8,6,1,1,33,2,2,0
3,22,9,2008,1,1,1,2,2,1,4,1,1,1,1,1,1,2,19,6,1,1,33,2,2,0
1,22,1,2008,2,2,1,2,2,1,1,1,1,1,1,1,1,1,14,6,1,1,33,2,2,0
6,18,1,2008,3,1,1,1,2,1,1,1,1,1,1,1,1,2,9,5,1,7,33,2,2,1
5,18,8,2008,3,1,1,2,2,1,1,1,1,1,1,1,1,2,9,6,1,1,33,2,2,0
1,18,1,2008,4,1,1,2,2,1,4,1,1,1,1,1,1,2,14,6,1,1,33,2,2,0
1,24,6,2008,3,1,1,2,2,1,1,1,1,1,1,2,1,2,13,5,1,1,33,2,2,0
1,24,7,2008,2,1,1,2,2,1,1,1,1,1,1,1,1,2,7,6,1,1,33,2,2,0
3,24,4,2008,2,1,1,2,2,1,1,1,1,1,1,1,1,2,9,6,1,1,33,2,2,0
3,24,6,2008,1,1,1,2,2,1,1,2,1,1,2,2,1,2,9,1,1,1,33,2,2,0
3,24,8,2008,2,1,1,2,2,1,1,1,1,1,1,1,1,2,7,6,1,1,40,2,2,0
8,24,5,2008,2,1,1,2,2,1,1,1,1,1,1,1,1,2,12,5,1,1,45,2,2,0
4,25,2,2008,2,1,1,2,2,1,1,1,1,1,1,3,1,2,7,6,1,7,30,2,2,3
1,25,7,2008,4,1,1,2,2,1,2,1,1,1,1,1,1,2,9,6,1,1,33,2,2,0
3,29,10,2008,3,7,1,2,2,1,1,1,1,1,1,1,1,2,14,11,1,1,33,1,0,1
3,29,11,2008,3,7,1,2,2,1,1,1,1,1,1,1,1,2,9,6,1,7,33,2,2,0
5,29,5,2008,1,1,1,2,2,1,1,1,1,1,1,1,1,2,14,6,1,1,35,2,2,0
8,29,12,2008,3,1,1,2,2,1,1,1,1,1,1,1,1,2,9,6,1,7,33,2,2,0
2,24,11,2008,2,1,1,2,2,1,2,1,1,1,1,1,1,2,12,6,1,1,35,2,2,0
3,29,4,2008,2,1,1,2,2,1,1,1,1,1,1,1,1,2,12,6,1,1,33,2,2,0
1,29,6,2008,1,2,1,2,2,1,1,2,1,1,1,1,1,2,8,1,1,1,38,2,2,0
8,29,6,2008,2,1,1,2,2,2,1,1,2,1,1,1,1,2,4,6,1,2,45,2,2,0
1,23,10,2008,2,1,1,2,2,1,1,1,1,1,1,4,1,2,9,5,1,1,33,2,2,1
8,5,7,2008,1,1,1,2,2,1,4,1,1,1,1,1,1,1,14,6,1,1,33,2,2,2
6,5,7,2008,3,1,1,2,2,1,1,1,1,1,1,1,1,1,9,6,1,6,33,2,2,1
4,12,5,2008,3,3,8,2,2,1,1,1,1,1,1,3,1,2,14,11,1,7,33,2,2,0
3,11,9,2008,4,7,1,2,2,1,4,1,1,1,2,3,1,2,7,10,1,1,33,2,2,2
6,9,2,2008,3,1,1,2,2,1,1,1,1,1,1,4,1,2,4,6,1,7,40,2,2,1
3,1,9,2008,3,1,1,2,2,1,1,1,1,1,1,1,1,2,9,6,1,1,35,2,2,0
3,13,1,2008,2,3,1,2,2,1,1,1,1,1,1,3,1,2,8,6,1,7,33,2,2,1
5,15,6,2008,1,1,1,2,2,1,4,1,1,1,1,1,1,1,14,6,1,1,37,2,2,0
5,15,5,2008,3,7,1,2,2,1,1,1,1,1,1,3,1,2,14,5,1,1,25,2,2,0
10,16,10,2008,2,1,1,2,2,1,2,1,1,1,1,3,1,2,14,10,1,1,32,2,2,3
1,4,9,2008,2,1,1,2,2,1,1,1,1,1,1,3,1,2,12,6,1,1,33,2,2,1
1,12,4,2008,1,1,1,2,2,1,2,1,1,1,1,2,1,2,9,3,1,1,40,2,2,0
1,3,6,2008,4,7,1,2,2,2,4,1,2,1,1,3,1,2,9,1,1,1,42,2,2,0
7,17,1,2008,3,1,1,2,2,2,1,1,2,1,1,1,1,1,19,6,2,1,25,2,2,0
1,14,3,2008,2,3,8,2,2,1,1,1,1,1,1,1,1,1,14,6,1,7,27,2,2,1
3,14,4,2008,2,2,6,2,2,1,1,1,1,1,1,5,1,1,14,6,1,1,30,2,2,0
3,14,4,2008,2,7,1,2,2,1,1,1,1,1,1,2,1,2,4,11,1,7,32,2,2,0
2,14,4,2008,3,1,1,2,2,1,1,1,1,1,1,1,1,1,19,6,1,1,32,2,2,0
3,14,5,2008,3,7,1,2,2,1,3,1,1,1,1,5,1,1,14,1,1,1,33,2,2,1
3,14,6,2008,3,1,1,2,2,1,1,1,1,1,1,1,1,2,19,6,2,1,20,2,2,0
4,14,8,2008,3,1,1,2,2,1,1,1,1,1,1,1,1,1,19,6,1,1,35,2,2,1
4,14,9,2008,2,7,1,2,2,2,1,1,2,1,1,1,1,1,12,6,1,1,29,2,1,1
2,14,10,2008,3,3,1,2,2,2,1,1,1,2,1,1,1,1,9,6,2,1,41,1,2,1
2,14,11,2008,3,3,2,2,2,1,1,1,1,1,1,1,1,1,9,6,2,7,33,1,2,0
2,14,11,2008,4,1,8,2,1,1,3,1,1,1,1,5,1,1,13,2,1,1,32,2,2,1
5,54,4,2008,4,7,8,2,2,1,4,3,1,1,1,3,1,2,17,6,1,2,25,2,2,0
7,56,8,2008,3,2,2,2,2,1,1,1,1,1,1,1,1,2,9,4,1,2,27,1,0,1
1,55,5,2008,3,2,4,2,2,1,1,1,1,1,1,1,1,2,8,6,1,1,33,2,2,1
2,27,9,2008,2,1,1,2,2,1,1,1,1,1,1,1,1,1,8,6,1,1,30,1,2,0
7,64,8,2008,3,2,6,1,1,1,1,1,1,1,1,5,1,1,10,11,1,1,35,2,2,2
11,64,8,2008,3,2,8,1,2,1,1,1,1,1,1,5,1,1,8,6,1,1,33,1,2,1
7,59,10,2008,1,3,1,2,2,1,2,1,1,1,1,2,1,2,10,6,1,1,33,2,1,3
1,61,5,2008,1,1,1,2,2,1,4,1,1,1,1,1,1,2,14,6,1,1,40,2,2,0
14,63,7,2008,3,1,1,2,2,1,1,1,1,1,1,1,1,2,15,1,1,1,33,1,0,0
2,64,11,2008,2,1,5,2,1,1,1,3,1,1,1,5,1,1,14,11,1,1,33,1,2,0
2,59,3,2008,1,1,1,2,2,1,1,3,3,3,3,3,1,2,17,6,1,2,33,1,2,0
7,59,6,2008,2,1,1,2,2,1,1,1,1,1,1,1,1,2,9,6,1,1,32,2,2,0
14,58,3,2008,3,1,1,2,2,1,1,1,1,1,1,1,1,1,9,6,1,1,33,1,2,0
14,58,5,2008,1,3,1,1,2,1,2,1,1,1,1,2,1,2,9,6,1,1,33,1,2,0
1,61,5,2008,3,1,1,2,2,2,1,1,2,1,1,1,1,2,4,6,1,1,31,2,2,0
1,67,10,2008,3,7,1,2,2,1,1,4,1,1,1,5,1,1,4,6,2,1,32,2,2,0
8,63,7,2008,2,1,1,2,2,1,4,3,1,1,1,1,1,1,14,6,1,1,32,2,2,3
13,63,8,2008,3,7,8,2,2,1,1,1,1,1,1,1,1,2,9,11,1,7,33,2,2,1
7,58,8,2008,3,1,1,2,2,1,1,1,1,1,1,1,1,2,12,1,1,1,45,2,2,0
7,58,7,2008,1,1,1,2,2,1,2,1,1,1,1,1,1,2,12,2,1,1,33,2,2,0
14,63,3,2008,2,7,1,2,2,1,4,1,1,1,2,1,1,2,9,6,1,1,33,2,2,0
8,57,10,2008,3,1,1,2,2,1,1,1,1,1,1,1,1,2,7,5,1,7,33,2,2,0
8,57,9,2008,3,7,1,2,2,4,2,1,1,1,1,1,1,2,9,6,1,1,33,2,2,0
8,57,10,2008,4,1,8,2,2,1,1,1,1,1,1,1,1,2,9,1,1,1,40,2,2,1
1,57,6,2008,2,7,1,2,2,1,1,1,1,1,1,1,1,2,9,1,1,3,35,2,2,0
1,57,11,2008,1,1,1,2,2,1,1,1,1,1,1,1,1,2,9,6,1,1,33,2,2,1
1,57,10,2008,3,1,1,2,1,1,1,1,1,1,1,1,1,2,10,6,1,1,32,2,2,1
1,61,11,2008,4,1,8,2,2,1,1,1,1,1,1,1,1,2,10,6,1,7,33,2,2,0
2,58,3,2008,3,7,1,2,2,1,1,2,1,1,1,3,3,2,14,4,2,1,42,1,2,0
1,61,2,2008,1,1,1,2,2,1,4,1,1,1,1,1,1,2,9,6,1,1,37,2,2,1
2,61,6,2008,3,1,1,2,2,1,1,1,1,1,1,1,1,2,14,1,1,1,33,2,2,0
7,63,7,2008,4,1,8,2,2,1,1,2,1,1,1,1,1,2,17,6,1,1,33,2,2,2
7,58,7,2008,2,1,1,2,2,1,1,1,1,1,1,1,1,2,9,6,1,1,38,2,2,0
7,65,12,2008,3,1,1,2,2,1,1,1,1,1,1,1,1,2,5,6,1,1,35,2,2,0
6,61,2,2008,4,1,1,1,2,1,2,1,1,1,1,3,1,2,9,6,1,1,41,2,2,0
1,65,4,2008,3,1,1,2,2,1,1,1,1,1,1,1,1,1,12,6,1,1,33,1,2,0
1,65,9,2008,3,1,1,2,2,1,1,1,1,1,1,1,1,2,7,6,1,1,33,2,2,0
12,47,1,2008,1,1,1,2,2,4,2,1,1,1,1,1,1,2,14,5,1,1,33,2,2,0
1,41,4,2008,3,1,1,2,2,1,1,1,5,1,1,1,1,2,2,6,1,1,33,2,2,1
5,44,4,2008,4,1,1,2,2,1,4,1,1,1,1,1,2,2,14,6,1,1,38,2,2,1
3,38,7,2008,3,1,1,2,2,1,1,1,1,1,1,1,1,2,13,6,1,1,28,2,2,0
2,44,10,2008,2,1,1,2,2,1,1,1,1,1,1,1,1,2,9,6,1,1,33,2,2,0
1,47,6,2008,2,1,1,2,2,1,1,1,1,1,1,1,1,2,7,6,1,1,33,2,2,1
11,42,3,2008,2,1,1,1,1,1,1,1,1,1,1,5,1,1,9,6,1,1,38,2,2,2
33,42,2,2008,2,1,1,1,1,1,1,1,1,1,1,1,1,1,9,6,1,1,38,2,2,0
12,42,8,2008,4,1,1,1,1,1,3,1,1,1,1,5,1,1,14,6,1,1,45,2,2,1
3,20,1,2008,2,3,1,2,2,1,1,1,1,1,1,1,1,2,14,6,1,7,33,2,2,0
4,26,2,2008,4,7,2,2,1,1,1,1,1,1,1,1,1,2,14,9,1,1,33,2,2,3
13,54,5,2008,3,7,1,2,2,1,1,1,1,1,1,1,1,2,9,6,1,2,33,1,0,0
7,53,1,2008,4,1,2,2,1,2,2,1,1,1,1,2,2,2,7,6,1,1,25,2,2,0
9,56,7,2008,2,3,2,2,2,1,1,4,1,1,1,1,5,2,17,11,1,3,32,1,0,0
3,34,4,2009,3,1,1,2,2,1,1,1,1,1,1,1,1,2,14,6,1,1,33,2,2,3
1,30,8,2009,3,1,1,2,2,1,1,1,1,1,1,1,1,1,8,5,1,7,45,2,2,0
10,34,6,2009,4,1,1,2,2,1,2,1,1,1,1,4,1,2,4,6,1,1,30,2,2,1
2,34,2,2009,2,3,1,2,2,1,1,1,1,1,1,4,1,2,7,6,1,1,33,2,0,3
6,34,6,2009,4,3,1,2,2,1,1,2,1,1,2,4,1,2,19,2,2,1,33,2,2,1
1,34,9,2009,3,1,1,2,2,1,1,1,1,1,1,1,1,2,7,6,1,1,33,2,2,0
1,34,12,2009,4,1,1,2,2,1,3,1,1,1,1,1,1,1,9,6,1,1,33,2,2,0
3,33,4,2009,2,1,1,2,2,1,1,1,1,1,1,4,1,2,1,10,1,1,15,2,2,0
10,34,6,2009,3,2,1,2,1,2,1,1,1,1,1,1,1,2,9,6,1,2,33,2,2,0
3,64,4,2009,2,1,1,2,1,1,1,1,1,1,1,5,1,1,10,6,1,1,33,2,2,0
2,64,3,2009,4,1,1,2,1,1,3,1,1,1,1,5,1,1,9,6,1,2,33,1,0,0
5,64,5,2009,4,1,3,1,1,1,3,1,1,1,1,1,1,1,14,6,1,7,33,1,2,0
5,64,11,2009,2,1,1,1,1,1,1,1,1,1,1,1,1,1,10,6,1,2,47,2,1,1
6,64,8,2009,1,1,1,2,2,1,1,2,1,1,1,5,1,1,7,6,1,2,24,1,0,0
4,64,9,2009,1,1,3,1,2,1,2,1,1,1,1,5,1,1,13,6,1,2,33,2,2,1
8,57,1,2009,1,1,1,2,2,1,2,1,1,1,1,1,1,2,14,3,1,6,60,2,2,0
8,57,3,2009,3,1,1,2,2,1,1,1,1,1,1,1,1,2,9,5,2,2,35,1,2,0
8,57,4,2009,4,1,1,2,2,1,4,1,1,1,1,1,1,2,9,5,1,1,31,1,2,0
6,58,1,2009,3,7,1,2,2,1,1,1,1,1,1,1,1,2,6,11,1,7,38,2,2,0
2,57,1,2009,4,7,1,2,2,1,1,1,1,1,1,4,1,2,6,11,1,1,25,2,2,1
1,57,1,2009,1,1,1,2,2,1,1,1,1,1,1,1,1,2,4,1,1,1,22,2,2,1
8,57,1,2009,1,1,1,2,2,4,2,1,1,1,1,1,1,2,14,11,1,1,33,2,2,0
2,65,2,2009,4,7,1,2,2,1,4,2,1,1,1,1,1,2,14,2,1,1,33,2,2,0
1,57,6,2009,4,7,8,2,2,1,2,1,1,1,1,4,1,2,6,6,1,1,33,2,2,0
3,57,4,2009,4,1,1,2,2,1,2,1,1,1,1,1,1,2,14,1,1,1,45,2,2,0
7,59,3,2009,4,1,1,2,2,1,3,1,1,1,1,4,1,2,19,1,1,1,33,2,2,1
2,59,2,2009,3,1,1,2,2,1,1,1,1,1,1,2,1,2,14,6,1,1,33,2,2,0
1,58,4,2009,4,7,8,2,2,1,2,1,1,1,1,5,1,2,11,11,1,7,24,2,2,0
12,58,7,2009,2,7,1,2,2,1,1,1,1,1,1,3,1,2,9,1,1,1,33,2,2,0
1,62,6,2009,4,2,1,2,2,1,4,1,1,1,1,2,1,2,6,6,1,7,35,2,2,0
2,59,8,2009,1,1,1,2,2,1,3,1,1,1,1,2,1,2,5,6,1,1,33,2,2,0
1,59,8,2009,3,7,1,2,2,1,1,1,1,1,1,2,1,2,19,1,1,7,33,1,2,1
7,59,3,2009,4,1,1,2,2,1,3,1,1,1,1,2,1,2,19,6,1,2,33,2,2,0
13,63,3,2009,4,1,8,2,2,1,1,1,1,1,1,1,1,2,4,11,1,1,33,2,2,0
6,63,7,2009,2,1,8,2,2,1,1,1,1,1,1,1,1,2,12,9,1,1,33,1,2,0
6,66,9,2009,4,1,1,2,2,1,1,2,1,2,1,4,1,2,10,6,1,2,33,1,0,0
4,66,10,2009,4,1,1,2,2,1,1,1,1,1,1,2,1,1,7,6,1,1,24,2,2,1
6,59,12,2009,3,1,8,2,2,1,1,1,1,1,2,4,1,2,17,6,1,1,30,2,2,0
9,63,5,2009,4,7,1,2,2,1,3,1,1,1,1,1,1,2,7,1,1,1,45,2,2,1
1,57,5,2009,4,1,1,1,2,1,4,1,1,1,1,1,1,2,9,6,1,2,33,2,2,0
1,57,4,2009,2,1,8,2,2,1,1,1,1,1,1,2,2,2,10,6,1,2,33,2,2,0
1,57,6,2009,2,1,1,2,1,1,1,1,1,1,1,5,1,1,2,6,1,2,33,2,2,0
4,58,5,2009,2,1,1,2,1,1,2,1,1,2,2,4,4,2,8,6,1,7,35,2,2,1
1,58,4,2009,2,1,1,2,2,1,1,1,1,1,1,2,1,2,14,6,1,1,33,2,2,1
7,63,5,2009,2,1,1,2,2,1,1,1,1,1,1,1,1,2,9,6,1,7,33,2,2,0
13,63,1,2009,3,7,1,1,2,1,3,2,1,1,1,1,1,2,7,6,1,1,28,2,2,1
1,57,4,2009,2,7,1,2,1,1,1,1,1,1,1,3,1,2,14,6,1,1,7,2,2,0
1,57,10,2009,3,1,8,2,2,1,1,1,1,1,1,1,1,2,9,5,1,7,35,2,2,0
1,62,12,2009,2,3,1,2,2,1,1,1,1,1,1,5,1,1,5,6,1,1,29,2,2,1
2,59,5,2009,3,2,1,2,2,1,1,1,1,1,1,2,1,2,14,4,1,2,33,2,2,0
2,59,2,2009,3,1,1,2,2,1,1,1,1,1,1,2,1,1,14,7,1,2,33,2,2,0
7,58,8,2009,4,1,1,2,2,1,1,1,1,1,1,1,1,1,9,6,1,2,33,2,2,0
7,58,12,2009,3,1,1,2,1,1,1,1,1,1,1,1,2,1,9,1,1,2,33,2,2,0
14,58,9,2009,3,1,1,2,2,1,1,1,1,1,1,1,1,2,14,6,1,2,33,2,2,0
13,63,5,2009,4,1,1,1,2,1,3,1,1,1,1,4,1,2,13,6,2,7,33,2,2,0
3,38,1,2009,2,7,1,2,2,1,1,1,1,1,1,1,1,2,12,6,1,7,33,2,2,0
4,38,1,2009,3,2,1,2,2,1,1,1,1,1,1,3,1,2,14,5,1,1,33,2,2,0
3,38,1,2009,3,7,1,2,2,1,1,1,1,1,1,1,1,2,11,6,1,7,33,2,2,1
7,38,1,2009,2,1,1,2,2,1,1,1,1,1,2,1,1,2,9,5,1,7,30,2,2,0
1,47,1,2009,3,1,1,2,2,1,1,1,1,1,1,1,1,2,9,5,1,7,32,2,2,1
2,45,1,2009,3,3,1,2,2,1,1,1,1,1,1,3,1,2,14,6,1,7,33,2,2,0
5,45,2,2009,3,7,1,2,1,1,1,1,1,1,1,1,1,2,14,6,1,7,33,2,2,0
3,45,2,2009,4,7,1,2,2,1,2,1,1,1,1,3,1,2,19,6,1,3,33,2,2,0
6,45,2,2009,4,2,1,2,2,1,2,1,1,1,1,1,1,2,9,6,1,1,33,2,2,1
6,51,2,2009,2,7,8,2,2,2,1,1,1,1,1,3,1,2,2,6,1,1,33,2,2,0
12,51,2,2009,3,7,1,2,2,1,1,1,1,1,1,2,1,2,14,5,1,1,38,2,2,0
11,51,2,2009,2,1,1,2,2,1,1,1,1,1,3,3,1,2,7,6,1,5,30,2,2,1
5,47,2,2009,4,1,4,2,2,1,2,1,1,1,1,3,1,2,9,6,1,3,33,2,2,0
1,38,2,2009,1,1,1,2,2,1,2,1,1,1,1,1,1,2,9,5,1,1,33,2,2,0
2,36,2,2009,3,1,1,2,2,1,1,1,1,1,1,1,1,2,9,9,1,1,33,2,2,1
4,36,2,2009,4,7,1,2,2,1,4,1,1,1,1,3,1,2,7,6,1,1,33,2,2,0
3,38,3,2009,3,1,1,2,2,1,1,1,1,1,1,1,1,2,7,6,1,3,33,2,2,0
12,47,4,2009,2,7,1,2,2,1,1,2,1,1,1,1,1,2,14,6,1,1,33,2,2,0
3,38,4,2009,2,7,1,2,2,1,1,1,1,1,1,1,1,2,6,6,1,3,33,2,2,0
3,38,4,2009,4,1,1,2,2,1,4,1,1,1,1,1,1,2,14,6,1,3,33,2,2,0
7,38,4,2009,4,7,8,2,2,1,4,1,1,1,1,3,1,2,19,6,1,3,33,2,2,0
1,44,4,2009,1,7,8,2,2,1,2,2,1,1,1,2,1,1,14,7,1,3,33,2,2,0
2,35,4,2009,3,1,1,2,2,1,1,1,1,1,1,4,1,2,8,6,1,1,33,2,2,0
4,37,4,2009,3,7,1,2,2,1,1,1,1,1,1,4,3,2,9,6,1,3,33,2,2,0
6,37,4,2009,3,3,8,2,2,1,1,2,1,1,1,4,1,2,9,6,1,3,33,2,2,0
1,49,2,2009,2,1,1,2,2,1,1,1,1,1,1,2,1,1,9,6,1,3,33,2,2,0
1,45,5,2009,2,7,1,2,2,1,1,1,1,1,1,1,1,1,9,6,1,7,33,2,2,0
2,45,5,2009,2,1,1,2,2,1,1,1,1,1,1,1,1,1,15,6,1,3,33,2,2,1
3,45,5,2009,3,1,1,2,2,1,1,1,1,1,1,2,1,1,9,6,1,7,33,2,2,1
1,38,5,2009,3,7,1,2,2,1,1,1,1,1,1,1,1,2,14,6,1,3,33,2,2,0
1,45,6,2009,1,1,1,2,2,1,3,1,1,1,1,1,1,1,9,6,1,7,33,2,2,0
5,45,6,2009,4,1,1,2,2,1,2,1,1,1,1,1,1,2,12,6,1,7,33,2,2,0
4,45,6,2009,3,1,1,2,2,1,1,1,1,1,1,3,1,2,12,6,1,1,33,2,2,2
6,44,6,2009,2,1,1,2,2,1,1,1,1,1,1,2,1,2,9,1,1,1,33,2,2,0
3,38,6,2009,3,7,1,2,2,1,1,1,1,1,1,1,1,2,9,6,1,3,33,2,2,2
6,38,6,2009,2,1,1,2,2,1,1,1,1,1,1,1,1,2,9,6,1,1,33,2,2,1
1,49,6,2009,3,1,1,2,2,1,1,1,1,1,1,2,1,2,14,5,1,1,45,2,2,0
1,47,7,2009,3,1,1,2,2,1,4,1,2,1,1,1,1,1,12,6,1,1,40,2,2,0
1,47,7,2009,2,2,4,2,2,1,1,1,1,1,1,1,1,1,9,6,1,1,33,2,2,0
13,47,7,2009,3,1,1,2,2,1,1,1,1,1,1,1,1,2,9,6,1,1,33,2,2,0
4,47,7,2009,3,1,1,2,2,1,1,1,1,1,1,3,1,2,9,6,1,1,40,2,2,0
1,38,7,2009,2,7,8,2,2,1,2,1,1,1,1,1,1,1,7,6,1,1,33,2,2,1
1,45,7,2009,2,7,1,2,2,1,1,1,1,1,1,1,1,2,9,6,1,7,33,2,2,0
1,45,7,2009,4,7,1,2,2,1,3,1,1,1,1,1,1,1,14,6,1,1,33,2,2,0
3,45,7,2009,3,1,1,2,2,1,2,2,1,1,1,4,1,2,19,6,1,7,33,2,2,0
1,43,7,2009,2,1,1,2,2,1,1,1,1,1,1,5,1,1,6,6,1,1,33,2,2,0
6,43,6,2009,2,1,1,2,2,1,1,1,1,1,1,2,1,2,9,6,1,1,33,2,2,0
1,41,2,2009,2,1,1,2,2,1,1,1,1,1,1,1,1,2,14,6,1,3,33,2,2,2
3,41,5,2009,3,7,1,2,2,1,1,1,1,1,1,2,1,2,4,6,1,1,40,2,2,0
6,41,6,2009,4,1,1,2,2,1,2,1,1,1,1,1,1,2,2,6,1,1,35,2,2,0
4,45,8,2009,2,1,1,2,2,1,1,1,1,1,1,3,1,2,15,6,1,1,33,2,2,0
1,40,2,2009,2,1,1,2,2,1,1,1,1,1,1,1,1,1,14,6,1,3,33,2,2,0
6,40,2,2009,2,3,1,2,2,1,1,1,1,1,1,2,1,2,10,6,1,1,25,2,2,0
6,40,2,2009,3,1,1,2,2,1,1,1,1,1,1,1,1,2,10,6,1,1,27,2,2,1
6,40,7,2009,3,1,1,2,2,1,1,1,1,1,1,4,1,2,13,6,1,1,26,2,2,0
6,40,7,2009,2,7,8,2,2,1,2,1,1,1,1,1,1,2,12,6,1,1,33,2,2,0
1,40,8,2009,3,1,1,2,2,1,1,1,1,1,1,1,1,1,15,6,1,3,33,2,2,1
6,40,8,2009,1,7,1,2,2,1,4,1,1,1,1,1,1,2,13,6,1,1,38,2,2,0
1,47,8,2009,4,1,1,2,2,2,4,2,2,1,1,1,1,2,9,6,1,1,33,2,2,1
3,38,9,2009,4,1,1,2,2,1,4,1,1,1,1,1,2,2,19,6,1,1,33,2,2,0
2,50,6,2009,4,1,1,2,2,1,2,1,1,1,1,1,1,1,14,6,1,1,33,2,2,0
1,50,6,2009,2,1,1,2,2,1,1,1,1,1,1,2,1,2,9,6,1,1,33,2,2,0
8,50,7,2009,2,1,1,2,2,1,1,1,1,1,1,4,1,2,9,6,1,1,33,2,2,1
5,50,7,2009,3,1,1,2,2,1,1,1,1,1,1,1,1,2,9,6,1,1,33,2,2,0
7,41,8,2009,2,3,4,2,2,1,2,2,1,1,1,1,1,1,14,6,1,1,33,2,2,0
9,51,9,2009,4,1,1,2,2,1,1,1,1,1,1,2,1,2,9,5,1,1,33,2,2,0
1,40,9,2009,4,1,1,2,2,1,3,1,1,1,1,1,1,1,9,6,1,1,33,2,2,0
3,38,10,2009,3,1,1,2,2,1,1,1,1,1,1,1,1,2,9,6,1,1,33,2,2,0
3,38,10,2009,3,1,1,2,2,1,1,1,1,1,1,1,1,2,9,6,1,1,33,2,2,0
2,50,10,2009,2,1,1,2,2,1,1,1,1,1,1,1,1,2,9,6,1,1,33,2,2,0
4,38,11,2009,3,3,1,2,2,1,1,1,1,1,1,5,1,1,9,5,1,3,33,2,2,1
3,38,11,2009,3,1,1,2,2,1,1,1,1,1,1,1,1,2,8,6,1,1,33,2,2,0
4,37,11,2009,3,1,1,2,2,1,1,1,1,1,1,3,1,2,9,6,1,1,30,2,2,0
1,45,11,2009,3,1,1,2,2,1,1,1,1,1,1,1,1,2,12,6,1,3,33,2,2,0
6,40,11,2009,4,1,1,2,2,1,2,1,1,1,1,1,1,2,19,6,1,1,45,2,2,0
1,46,2,2009,4,1,1,2,2,1,3,1,1,1,1,2,1,1,9,6,1,6,33,2,2,0
3,46,10,2009,1,1,1,2,2,1,4,2,1,1,1,3,1,2,14,6,1,1,33,2,2,1
5,46,10,2009,2,1,1,2,2,1,2,1,1,1,1,3,1,2,14,6,1,1,33,2,2,0
6,46,3,2009,3,1,4,2,2,1,1,1,1,1,1,1,1,1,9,6,1,3,33,2,2,1
7,44,11,2009,2,1,1,2,2,1,2,1,1,1,1,1,3,2,14,6,1,3,33,2,2,0
2,50,11,2009,4,1,1,2,2,1,4,1,1,1,1,1,1,2,9,6,1,1,33,2,2,0
7,41,11,2009,3,1,1,2,2,1,1,1,1,1,1,1,1,1,9,6,1,1,33,2,2,0
4,43,10,2009,4,1,1,2,2,1,4,1,1,1,1,3,1,2,13,7,1,3,43,2,2,1
12,50,12,2009,4,1,1,2,2,1,2,1,1,1,1,1,1,2,7,6,1,1,30,2,2,0
1,47,12,2009,3,1,1,2,2,1,1,5,1,1,1,2,1,2,14,5,1,1,33,2,2,0
3,47,12,2009,2,1,1,2,2,1,1,1,1,1,1,2,1,2,14,6,1,1,33,2,2,1
3,43,12,2009,4,2,1,2,2,1,2,1,1,1,1,1,1,2,9,6,1,3,33,2,2,0
4,42,2,2009,4,1,1,1,1,1,3,1,1,1,1,5,1,1,9,6,1,1,30,2,2,0
11,42,2,2009,3,7,4,1,1,1,1,1,1,1,1,5,1,1,9,6,1,1,45,2,2,2