Thana,District,Month,Year,Time,Junction_Type,Traffic_Control,Movement,Divider,Weather,Light,Road_Geometry,Surface_Condition,Surface_Type,Surface_Quality,Road_Class,Road_Feature,Location_Type,Vehicle_Type,Vehicle_Movement,Vehicle_Loading,Vehicle_Defect,Vehicle_Driver_Age,Vehicle_Alcohol,Vehicle_Seat_Belt,Accident_Severity
17,42,1,2009,4,1,1,2,2,1,3,1,1,1,1,5,1,1,10,6,1,1,38,2,2,3
28,42,1,2009,4,1,8,1,1,1,3,1,1,1,1,1,1,1,9,6,1,7,30,1,1,1
28,42,2,2009,4,3,4,1,1,1,3,1,1,1,1,5,1,1,10,6,1,1,38,2,1,3
28,42,3,2009,2,2,4,1,1,1,1,1,1,1,1,5,1,1,9,6,1,1,42,2,2,1
18,42,1,2009,2,6,4,1,1,1,2,1,1,1,1,5,1,1,9,6,1,1,55,2,2,2
32,42,1,2009,1,7,4,1,1,1,2,1,1,1,1,5,1,1,14,6,1,1,40,1,2,0
15,42,2,2009,1,1,1,1,1,1,1,1,1,1,1,5,1,1,8,6,1,1,42,2,2,1
15,42,4,2009,4,1,1,1,1,1,3,1,1,1,1,5,1,1,19,6,1,1,20,2,2,1
14,42,1,2009,5,2,4,1,1,1,1,1,1,1,1,1,1,1,9,6,1,1,45,2,2,0
14,42,2,2009,2,2,4,1,1,1,2,1,1,1,1,1,1,1,9,6,1,7,30,1,2,1
14,42,3,2009,4,1,4,1,1,1,3,1,1,1,1,1,1,1,14,6,1,1,52,1,2,0
14,42,4,2009,3,1,1,1,1,1,1,1,1,1,1,1,1,1,10,6,1,1,38,2,2,0
33,42,2,2009,1,1,1,1,1,1,3,1,1,1,1,1,1,1,14,6,1,1,45,1,2,0
33,42,4,2009,3,1,1,1,1,1,1,1,1,1,1,1,1,1,15,1,1,1,45,2,2,0
1,42,4,2009,2,1,1,1,1,1,1,1,1,1,1,5,1,1,9,6,1,1,40,2,2,1
2,42,5,2009,2,1,1,2,2,1,1,3,1,1,1,5,1,1,19,6,1,1,32,2,2,3
34,42,1,2009,2,1,1,1,1,1,1,1,1,1,1,1,1,1,9,6,1,1,42,2,2,0
29,42,4,2009,2,3,4,2,2,1,1,1,1,1,1,5,1,1,9,6,1,1,42,2,2,1
11,42,4,2009,3,3,1,2,2,1,1,1,1,1,1,5,1,1,7,6,1,1,32,2,2,0
11,42,5,2009,1,1,2,1,1,1,1,1,1,1,1,2,1,1,9,6,1,1,45,2,2,0
7,42,1,2009,2,2,5,2,2,1,1,1,1,1,1,2,1,1,9,6,1,1,30,2,2,0
28,42,5,2009,3,1,1,1,1,1,1,1,1,1,1,5,1,1,9,6,1,1,32,2,2,3
21,42,5,2009,3,1,1,2,2,1,1,1,1,1,1,1,1,1,9,6,1,3,35,2,2,0
8,42,5,2009,2,1,1,1,1,1,1,1,1,1,1,5,1,1,9,6,1,1,20,2,2,2
8,42,6,2009,1,2,1,2,1,1,3,1,1,1,1,5,1,1,14,6,1,1,42,1,2,0
18,42,3,2009,2,1,2,2,1,1,2,1,1,1,1,5,1,1,9,6,1,1,42,2,2,2
32,42,4,2009,1,3,1,1,1,1,2,1,1,1,1,5,1,1,14,6,1,1,38,1,2,0
32,42,5,2009,1,3,1,1,1,1,1,1,1,1,1,5,1,1,14,6,1,1,38,2,2,1
32,42,6,2009,1,1,1,1,1,1,3,1,1,1,1,5,1,1,14,6,1,1,40,2,2,0
26,42,6,2009,2,7,1,2,2,1,2,1,1,1,1,5,1,1,9,6,1,1,36,2,2,0
28,42,7,2009,3,5,4,2,2,1,1,1,1,1,1,5,1,1,9,6,1,1,30,2,2,2
5,42,6,2009,2,1,1,1,1,1,1,1,1,1,1,5,1,1,7,6,1,1,40,2,2,2
27,42,6,2009,4,2,5,2,1,1,3,1,1,1,1,5,1,1,8,5,1,1,40,2,2,3
3,42,3,2009,2,3,4,1,1,1,2,1,1,1,1,1,1,1,13,6,1,1,30,1,2,0
3,42,6,2009,2,1,4,1,1,1,2,1,1,1,1,1,1,1,15,6,1,1,40,2,2,0
12,42,2,2009,4,1,2,1,1,1,1,1,1,1,1,5,1,1,12,6,1,1,35,2,2,2
12,42,2,2009,3,1,1,1,1,1,3,1,1,1,1,1,1,1,14,6,1,1,42,1,2,2
12,42,5,2009,3,1,8,1,1,1,2,1,2,1,1,1,1,1,14,6,1,3,45,2,2,0
33,42,5,2009,3,1,1,2,2,1,1,1,1,1,1,1,1,1,9,6,1,1,35,2,1,1
21,42,7,2009,2,1,1,2,2,1,1,1,1,1,1,3,1,1,14,6,1,1,42,2,2,1
11,42,7,2009,3,1,1,1,1,1,1,1,1,1,1,3,1,1,8,6,1,1,34,2,2,3
12,42,7,2009,1,1,1,1,1,1,3,1,1,1,1,5,1,1,8,6,1,7,38,2,2,0
3,42,7,2009,1,1,8,1,1,1,4,1,1,1,1,1,1,1,14,6,1,7,42,1,2,0
5,42,7,2009,2,1,1,2,2,1,1,1,1,1,1,5,1,1,9,6,1,1,42,2,2,1
32,42,8,2009,3,1,1,1,1,1,1,1,1,1,1,5,1,1,14,6,1,1,28,2,2,0
33,42,8,2009,2,3,1,1,1,1,3,1,1,1,1,1,1,1,19,6,1,1,35,2,2,0
7,42,8,2009,3,1,1,1,1,1,1,1,1,1,1,5,1,1,8,5,1,1,25,2,2,1
9,42,8,2009,4,1,1,1,1,1,3,1,1,1,1,5,1,1,10,6,1,1,37,2,2,1
22,42,8,2009,4,2,4,1,1,1,4,1,1,1,1,1,1,1,14,6,1,1,40,2,2,0
4,42,5,2009,1,3,1,2,2,1,2,1,1,1,1,5,1,1,14,6,1,1,37,1,2,0
37,42,8,2009,4,1,1,2,1,1,3,1,1,1,1,5,1,1,14,6,1,2,33,1,0,0
23,42,5,2009,3,3,4,1,1,1,1,1,1,1,1,1,1,1,14,6,1,7,37,1,2,0
7,42,9,2009,4,1,4,1,1,1,3,1,1,1,1,5,1,1,8,6,1,1,22,1,2,1
12,42,9,2009,2,2,4,1,1,1,1,1,1,1,1,1,1,1,12,6,1,1,35,2,2,2
34,42,9,2009,2,1,2,1,1,1,1,1,1,1,1,1,1,1,9,6,1,1,33,2,2,1
8,42,9,2009,4,3,1,2,2,1,2,1,1,1,1,5,1,1,10,6,1,1,23,2,2,1
12,42,10,2009,2,1,7,1,1,1,1,1,1,1,1,5,1,1,10,6,1,1,42,2,2,2
12,42,11,2009,1,1,6,2,1,1,3,1,1,1,1,1,1,1,14,5,1,1,40,2,2,0
15,42,10,2009,4,3,1,2,2,1,3,1,1,1,1,5,1,1,10,6,1,1,32,2,2,0
21,42,10,2009,3,1,4,2,2,1,4,1,1,1,3,1,1,1,14,6,1,1,38,1,2,0
24,42,10,2009,3,1,1,2,2,1,1,2,1,1,1,1,1,1,9,6,1,1,35,2,2,0
28,42,10,2009,5,2,4,1,1,1,1,1,1,1,1,5,1,1,9,6,1,1,42,2,2,2
28,42,10,2009,3,1,5,1,1,1,1,1,1,1,1,5,1,1,9,6,1,1,40,2,2,0
33,42,11,2009,3,3,4,1,1,1,1,1,1,1,1,5,1,1,9,6,1,1,35,2,2,0
9,42,12,2009,4,1,1,1,1,1,3,1,1,1,1,5,1,1,10,6,1,1,28,2,2,1
2,42,12,2009,4,3,1,1,1,1,3,2,1,1,1,5,1,1,9,6,1,1,41,2,2,0
33,42,12,2009,3,1,8,1,1,1,1,1,1,1,1,1,1,1,9,6,1,1,40,2,2,0
28,42,12,2009,3,1,4,1,1,1,1,1,1,1,1,5,1,1,9,6,1,1,38,2,2,1
14,42,12,2009,3,2,4,1,1,1,1,1,1,1,1,1,1,1,7,6,1,1,22,2,2,1
1,24,3,2009,3,1,1,2,2,1,1,1,1,1,1,1,1,2,13,6,1,1,53,1,2,0
7,24,3,2009,3,3,1,2,2,1,1,1,1,1,1,1,1,2,14,6,1,1,33,1,2,0
1,21,7,2009,3,1,1,2,2,1,1,1,1,1,1,1,1,2,9,6,1,1,33,1,2,0
3,21,7,2009,3,3,1,2,2,1,1,1,1,1,1,4,1,2,13,1,1,1,33,1,2,1
3,20,4,2009,3,3,1,2,2,1,1,1,1,1,1,3,1,2,12,6,1,1,33,1,2,1
1,23,3,2009,3,1,1,2,2,1,1,2,1,1,1,4,1,2,9,6,1,1,45,1,2,0
18,3,12,2009,4,1,1,2,2,1,2,1,1,1,1,1,1,2,9,6,1,1,40,1,2,0
7,18,12,2009,3,1,1,2,2,1,1,1,1,1,1,2,1,1,9,6,1,1,33,1,2,0
1,25,10,2009,2,1,1,2,2,1,1,1,1,1,1,2,1,2,19,6,1,1,33,1,2,0
6,25,6,2009,4,1,1,2,2,1,2,1,1,1,1,2,1,2,9,6,1,1,33,1,2,1
8,25,9,2009,3,1,1,2,2,1,1,1,1,1,1,1,1,2,16,6,1,1,33,1,2,1
4,26,1,2009,2,1,1,2,2,1,1,1,1,1,1,2,1,2,9,6,1,1,35,1,2,0
4,26,7,2009,1,1,1,2,2,2,3,1,2,1,1,2,1,2,13,6,1,1,33,1,2,0
4,26,10,2009,3,3,1,2,2,1,1,1,1,1,1,2,1,2,13,6,1,1,33,1,2,0
4,26,12,2009,3,1,1,2,2,1,1,1,1,1,1,2,1,2,9,6,1,1,33,1,2,0
1,29,10,2009,2,1,1,2,2,1,1,1,1,1,1,4,1,2,9,6,1,1,45,1,2,0
3,29,1,2009,3,2,1,2,2,1,1,1,1,1,1,1,1,2,12,2,1,1,28,1,2,1
3,29,9,2009,3,1,1,2,2,1,1,1,1,1,1,2,1,2,6,6,1,1,33,1,2,1
2,29,6,2009,3,4,1,2,2,1,1,2,1,1,1,2,1,2,8,6,1,1,33,1,2,0
2,29,8,2009,3,2,1,2,2,1,1,1,1,1,1,2,1,2,8,6,1,1,30,1,2,1
4,29,1,2009,2,1,1,2,2,1,1,1,1,1,1,1,1,2,10,6,1,1,33,1,2,0
5,29,3,2009,3,1,1,2,2,1,1,1,1,1,1,1,1,2,14,6,1,1,33,1,2,0
5,29,4,2009,4,1,1,2,2,1,4,1,1,1,1,1,1,2,9,6,1,1,33,1,2,0
1,18,12,2009,4,1,1,1,1,2,1,1,1,1,1,1,1,1,3,6,2,1,40,2,2,0
3,20,12,2009,4,1,1,2,2,4,2,1,2,1,1,2,1,2,14,6,1,1,33,2,2,1
2,24,10,2009,4,1,1,2,1,1,3,1,1,1,1,1,1,2,14,6,1,1,33,2,2,0
8,24,12,2009,1,1,1,2,1,2,1,1,1,1,1,1,2,1,14,6,1,7,33,2,2,0
6,21,3,2009,2,1,1,2,2,1,2,1,1,1,1,1,1,2,14,6,1,1,26,2,2,0
1,21,4,2009,2,3,1,2,2,1,1,1,1,1,1,1,1,1,8,5,1,1,38,2,2,1
1,21,9,2009,4,1,1,2,2,2,4,1,1,1,1,1,1,2,14,6,1,1,36,2,2,0
4,55,1,2009,2,1,1,2,2,1,1,1,1,1,1,3,1,2,6,6,1,2,33,1,0,0
5,55,1,2009,2,1,1,2,2,1,2,4,1,1,1,4,1,2,14,6,1,1,33,1,0,1
5,55,1,2009,4,1,1,2,2,4,2,1,1,1,1,1,1,2,5,10,1,2,33,1,0,1
6,56,4,2009,3,2,2,1,1,1,1,1,1,1,1,2,1,1,19,6,1,2,33,1,0,2
9,56,8,2009,1,2,1,2,2,1,4,1,1,1,1,1,1,2,4,6,1,2,33,1,0,0
1,55,3,2009,2,3,1,2,2,1,1,2,1,1,1,1,1,2,12,6,1,2,33,1,0,0
3,53,2,2009,3,1,1,2,2,1,1,1,1,1,1,2,2,2,9,6,1,2,33,1,0,1
7,56,6,2009,3,1,2,2,1,1,1,1,1,1,1,4,1,2,6,6,1,2,33,1,0,0
1,53,9,2009,3,1,1,2,2,1,1,1,1,1,1,2,1,2,8,6,1,2,33,1,0,0
3,53,6,2009,3,1,1,2,2,1,1,1,1,1,1,2,1,2,7,6,1,2,33,2,2,0
3,53,6,2009,3,1,1,2,2,2,1,1,2,1,1,2,1,2,8,6,1,2,33,1,2,0
3,53,2,2009,2,1,1,2,2,1,2,1,1,1,1,3,1,2,14,6,1,1,33,2,2,0
4,55,10,2009,3,4,2,2,2,1,2,1,1,1,1,3,1,2,8,6,1,2,33,1,0,1
1,54,1,2009,2,7,8,2,2,1,1,1,1,1,1,5,1,1,13,6,1,2,33,1,0,0
1,54,1,2009,4,7,2,2,1,1,2,1,1,1,1,5,1,1,5,6,1,2,33,1,0,1
1,54,3,2009,2,7,1,2,2,1,3,1,1,1,1,5,1,1,9,2,1,1,33,1,0,0
1,54,8,2009,3,1,1,2,2,1,1,1,1,1,1,2,1,2,8,6,1,2,33,1,2,0
12,54,3,2009,3,2,2,2,2,1,1,1,1,1,1,1,1,2,7,6,1,2,33,1,0,0
13,54,3,2009,2,1,1,1,2,1,1,2,1,1,1,1,2,1,9,5,1,1,35,2,2,1
1,54,10,2009,2,1,1,2,2,1,4,1,1,1,1,1,1,2,14,6,1,2,33,1,0,0
8,54,2,2009,4,2,2,1,1,1,1,1,1,1,1,4,1,1,17,6,1,2,28,1,0,1
8,54,3,2009,3,2,2,1,1,1,1,1,1,1,1,3,1,2,14,6,1,2,30,1,0,0
8,54,11,2009,3,1,1,2,2,1,1,1,1,1,1,4,1,2,9,4,1,2,30,2,2,0
1,54,10,2009,4,3,1,2,2,1,2,1,1,1,1,1,1,1,14,6,1,2,33,1,0,0
4,55,12,2009,3,2,1,1,2,1,1,1,1,1,1,4,1,2,9,6,1,1,40,2,2,0
5,54,12,2009,4,3,3,2,2,1,1,2,5,1,1,4,1,2,17,6,2,2,33,1,0,0
13,54,9,2009,4,7,2,2,1,1,2,1,1,1,1,1,1,2,13,2,1,7,33,1,2,0
5,5,1,2009,3,7,8,2,2,1,1,1,1,1,1,1,1,1,12,6,1,6,33,2,2,0
7,5,1,2009,3,1,1,2,2,1,1,1,1,1,1,4,1,2,19,6,2,6,25,2,2,0
6,5,2,2009,1,7,8,2,2,1,2,1,1,1,1,1,1,2,14,11,2,1,33,2,2,0
1,5,5,2009,4,7,1,2,2,1,4,1,1,1,1,3,1,2,13,6,1,1,29,2,2,0
1,5,5,2009,2,3,1,2,2,1,1,1,1,1,1,5,1,1,14,8,1,1,33,1,2,1
6,5,5,2009,3,7,1,2,2,2,1,1,2,1,1,1,1,1,13,6,1,7,33,2,2,0
11,9,4,2009,3,1,1,2,1,1,1,1,1,1,3,3,2,2,13,6,1,7,33,2,2,0
11,9,1,2009,2,1,1,2,2,4,1,1,1,1,1,3,1,2,8,6,1,7,33,2,2,1
12,9,6,2009,4,7,8,2,2,1,3,1,1,1,1,1,1,1,9,11,1,7,33,2,2,0
8,9,6,2009,3,7,8,2,2,1,1,1,1,1,1,3,3,2,13,11,1,7,40,2,2,0
2,9,8,2009,4,7,1,2,2,1,4,1,5,1,1,2,1,2,14,6,1,1,33,2,2,0
9,9,7,2009,2,1,1,2,2,1,1,1,1,1,1,3,1,2,9,6,1,7,38,2,1,0
10,9,7,2009,2,7,1,2,2,1,1,1,1,1,1,1,1,1,12,6,1,1,33,2,2,0
10,9,8,2009,4,7,8,2,2,1,3,1,5,1,1,1,1,1,14,10,1,7,33,2,2,0
10,9,8,2009,3,1,1,2,2,1,1,1,1,1,1,1,1,1,8,6,2,1,42,2,2,0
11,9,6,2009,3,7,8,2,2,1,1,1,1,1,1,2,1,2,14,6,1,1,33,2,2,0
12,9,4,2009,1,1,1,2,2,4,2,1,1,1,1,1,1,2,14,11,1,1,35,2,2,0
12,9,4,2009,2,1,1,2,2,1,1,1,1,1,1,1,1,1,9,11,1,1,34,2,2,0
12,9,3,2009,3,4,1,2,2,1,1,2,1,1,2,1,1,2,6,3,2,1,33,2,2,0
12,9,3,2009,2,1,1,2,2,1,1,1,1,1,1,1,1,1,14,11,1,7,40,2,2,1
12,9,4,2009,4,3,1,2,2,1,2,1,1,1,1,2,1,2,13,6,1,1,33,2,2,0
6,9,5,2009,1,1,8,2,2,2,3,1,2,1,1,2,1,2,12,11,2,7,40,2,2,0
10,9,1,2009,3,7,8,1,2,1,1,1,1,1,1,3,1,1,14,6,1,7,30,2,2,0
10,9,5,2009,1,1,1,2,2,1,2,1,1,1,1,1,1,1,13,10,1,7,35,2,2,3
8,13,5,2009,1,7,1,2,2,1,2,1,1,1,1,1,5,1,14,1,1,7,40,2,1,0
7,13,5,2009,2,7,8,2,2,1,1,1,1,1,1,3,1,2,8,6,1,7,33,2,2,0
8,13,1,2009,3,7,1,2,2,1,1,2,1,2,3,1,1,1,9,5,1,1,35,2,2,3
9,13,4,2009,4,7,8,2,2,1,2,1,1,1,1,3,1,2,5,6,1,3,33,2,2,0
9,13,3,2009,3,7,8,2,2,1,2,1,1,1,2,3,1,2,8,6,1,1,33,2,2,0
10,16,3,2009,2,7,1,2,2,1,1,1,1,1,1,2,1,2,13,10,1,7,33,2,2,2
10,16,3,2009,1,7,1,2,2,1,2,1,1,1,1,2,1,2,14,6,1,7,33,2,2,0
10,16,3,2009,4,7,1,2,2,1,3,1,1,1,1,1,1,2,14,10,1,1,33,2,2,0
6,16,3,2009,2,2,8,2,2,1,1,1,1,1,1,1,1,1,14,6,1,1,33,2,2,0
10,16,4,2009,3,2,4,2,2,1,1,1,1,1,1,1,1,1,9,6,1,1,38,1,2,0
10,16,4,2009,3,7,1,2,2,1,1,2,1,1,1,1,1,2,7,6,1,1,33,2,2,1
11,16,7,2009,1,7,8,2,2,1,4,1,1,1,2,1,1,1,14,6,1,7,42,2,2,0
1,16,7,2009,3,2,1,2,2,1,1,1,1,1,1,3,1,2,9,6,1,7,29,2,2,1
6,16,2,2009,3,3,1,2,2,1,1,4,1,1,2,3,1,2,14,2,1,1,30,2,2,0
1,16,2,2009,3,1,1,2,2,1,1,1,1,1,1,3,1,1,4,11,1,1,52,2,2,3
7,16,1,2009,2,7,7,2,2,4,2,1,5,1,1,1,1,2,19,6,1,3,33,2,2,0
10,16,1,2009,3,7,1,2,2,1,1,1,1,1,1,2,1,2,9,5,1,7,33,2,2,0
10,16,6,2009,3,7,1,2,2,1,1,1,1,1,1,3,1,2,13,6,1,3,33,2,2,1
11,16,5,2009,3,7,8,2,2,1,1,1,1,1,1,1,1,1,9,6,1,1,42,2,2,0
10,16,5,2009,1,7,1,2,2,1,4,1,1,1,1,2,1,2,14,7,1,1,35,2,2,0
10,16,5,2009,1,7,1,2,2,1,4,1,1,1,1,2,2,2,9,6,1,3,40,2,2,0
1,11,4,2009,3,1,1,2,2,1,1,1,1,1,1,2,1,1,8,6,1,3,35,1,2,0
1,11,6,2009,2,1,1,2,2,1,1,1,1,1,1,2,1,2,6,6,1,1,33,2,2,0
10,11,1,2009,2,1,1,2,2,1,1,2,1,1,1,3,1,2,8,2,1,1,28,2,2,1
10,11,1,2009,2,7,1,2,2,1,1,1,1,1,1,3,1,2,19,11,1,7,33,2,2,3
10,11,5,2009,2,7,8,2,2,1,2,1,1,1,2,3,1,2,19,3,1,7,33,2,2,0
10,11,1,2009,4,1,1,2,2,1,3,1,1,1,1,3,1,2,14,6,1,1,28,2,2,0
6,11,1,2009,3,7,8,2,2,1,1,1,1,1,1,2,1,2,17,6,1,1,30,2,2,0
6,11,4,2009,2,7,8,2,2,1,1,1,1,1,1,2,1,2,9,5,1,1,40,2,2,0
6,11,5,2009,2,7,8,2,2,3,2,1,1,1,1,3,3,2,14,7,1,1,40,2,2,2
8,11,2,2009,1,7,1,2,2,1,1,1,1,1,1,3,1,2,4,11,1,1,30,2,2,1
10,3,1,2009,4,7,1,2,2,4,2,1,1,1,1,3,1,2,13,5,1,1,24,2,2,0
10,3,1,2009,3,7,1,2,2,1,1,2,1,1,1,3,1,2,9,6,1,1,38,2,1,0
10,3,2,2009,3,7,8,1,2,1,1,1,1,1,1,1,1,1,16,6,1,1,45,2,2,1
1,3,2,2009,2,2,4,2,2,1,1,1,1,1,1,5,1,2,14,6,1,1,65,2,2,1
2,3,5,2009,3,1,1,2,2,1,1,1,1,1,1,3,1,2,17,11,1,1,25,2,2,0
4,3,5,2009,2,7,3,1,2,1,1,1,2,1,1,1,1,1,8,6,1,2,33,2,2,0
3,3,4,2009,4,7,8,2,2,1,4,3,1,1,1,3,1,1,14,6,1,7,40,1,2,0
13,3,4,2009,3,1,1,2,2,1,1,1,1,1,1,2,1,2,16,11,1,3,60,2,2,0
13,3,4,2009,2,1,1,2,2,1,1,1,1,1,2,2,1,2,14,11,1,3,33,2,2,1
11,3,6,2009,3,7,1,2,2,1,1,1,1,1,1,4,1,2,4,6,2,7,33,2,2,0
8,3,7,2009,3,7,1,2,2,1,1,1,1,1,1,2,1,2,14,6,1,1,33,2,2,0
5,3,8,2009,3,3,1,2,2,1,1,1,1,1,1,3,1,1,8,5,1,1,33,2,2,0
1,17,6,2009,2,3,1,2,2,1,1,1,1,1,1,1,1,2,8,5,1,1,45,2,2,0
9,17,3,2009,2,1,1,2,2,1,1,1,1,1,1,4,1,2,19,6,2,6,22,2,2,0
7,17,5,2009,4,5,8,2,2,1,4,1,1,1,1,1,1,1,19,6,2,1,33,2,2,0
5,17,4,2009,2,7,1,2,2,1,1,1,1,1,1,3,1,2,14,6,1,7,42,2,2,0
5,17,6,2009,3,1,1,2,2,1,1,1,1,1,1,4,1,1,4,6,1,1,30,2,2,0
6,17,4,2009,4,7,1,2,2,1,2,1,1,1,1,4,1,2,13,6,1,1,23,2,2,0
10,17,1,2009,3,7,8,2,2,1,1,1,1,1,1,1,1,1,9,6,1,7,33,2,2,0
10,17,1,2009,2,7,8,2,2,4,1,1,2,1,1,1,1,2,19,6,1,1,33,2,2,2
4,2,6,2009,3,3,1,2,2,1,1,1,1,1,1,3,1,1,17,6,1,7,28,2,2,0
5,2,5,2009,3,3,1,2,2,1,1,1,1,1,1,3,1,2,4,6,1,7,33,2,2,0
1,2,3,2009,4,7,1,2,2,1,2,1,1,1,1,1,1,1,9,6,2,1,58,2,2,1
1,2,1,2009,3,4,1,2,2,1,1,1,1,1,1,4,1,2,1,6,1,7,30,2,2,0
1,12,6,2009,3,1,4,2,2,1,1,1,1,1,1,5,1,1,1,6,1,1,33,2,2,0
5,12,6,2009,3,7,1,2,2,1,1,1,1,1,1,3,1,2,14,6,1,6,45,2,2,0
1,12,6,2009,2,1,8,2,2,1,1,1,1,1,1,3,1,1,8,6,2,1,30,2,2,0
1,12,1,2009,2,2,4,2,2,1,1,2,1,1,1,5,1,1,5,2,1,1,30,1,2,0
1,12,2,2009,4,7,2,2,2,1,4,1,1,1,1,2,1,1,9,6,1,7,33,2,2,0
1,12,2,2009,2,1,1,2,2,1,1,1,1,1,1,5,1,1,14,5,1,1,18,2,1,0
4,12,2,2009,3,7,7,2,2,1,1,1,1,1,1,3,1,2,14,6,1,1,33,2,2,0
1,3,4,2009,4,2,1,2,2,1,4,1,1,1,1,2,1,1,8,4,1,7,33,2,2,0
5,12,4,2009,3,4,8,2,2,1,1,1,1,1,1,3,1,2,14,11,1,6,33,2,2,0
1,12,5,2009,2,4,1,2,2,1,1,1,1,1,1,5,1,1,8,5,1,1,33,2,2,0
1,12,8,2009,2,1,1,2,2,1,1,1,1,1,1,2,1,2,14,4,1,1,42,2,2,0
8,5,8,2009,2,1,8,2,2,1,1,1,1,1,1,1,1,1,14,6,1,1,35,2,1,0
1,5,7,2009,2,1,1,2,2,1,1,1,1,1,1,1,1,2,9,6,1,1,49,2,2,0
1,5,7,2009,3,1,1,2,2,1,1,1,1,1,1,1,1,1,9,6,1,1,33,2,2,1
8,5,7,2009,4,7,8,2,2,1,4,1,1,1,1,1,1,1,19,11,1,7,33,1,2,0
1,11,1,2009,3,1,1,2,2,1,1,1,1,1,1,3,1,1,17,6,1,1,33,2,2,0
5,10,5,2009,3,1,1,2,2,1,1,1,1,1,1,3,1,2,9,6,1,7,33,1,2,0
5,10,7,2009,2,4,1,2,2,1,1,1,1,1,1,3,1,2,9,6,2,1,33,2,2,0
5,10,7,2009,4,7,4,2,2,2,2,1,2,1,1,3,1,1,9,6,2,7,33,1,2,0
1,15,1,2009,2,1,1,2,2,1,1,1,1,1,2,1,1,1,14,6,1,7,33,2,1,0
5,15,1,2009,3,7,1,2,2,1,1,1,1,1,1,3,1,2,7,11,1,7,33,1,2,1
3,15,2,2009,2,1,1,2,2,1,1,1,1,1,2,1,1,1,14,6,2,1,33,2,2,0
3,15,2,2009,3,7,1,2,2,1,1,1,1,1,1,2,1,1,9,5,1,1,33,2,2,0
1,15,4,2009,3,7,1,2,2,1,1,1,1,1,1,1,1,1,9,4,1,1,33,2,2,0
5,15,5,2009,4,1,1,2,2,3,3,1,2,1,1,3,1,2,14,6,1,1,33,2,2,0
1,6,6,2009,3,1,1,2,2,1,1,1,1,1,1,1,1,1,9,6,1,1,33,2,2,0
4,6,6,2009,3,7,1,2,2,1,1,1,1,1,1,1,1,2,13,6,1,1,40,2,2,0
1,6,1,2009,2,1,1,2,2,1,1,1,1,1,1,1,1,2,9,6,1,1,33,2,2,0
4,6,4,2009,4,7,1,2,2,1,4,1,1,1,1,4,1,2,4,6,1,7,20,2,2,3
1,7,6,2009,3,1,1,2,2,1,1,1,1,1,1,1,4,1,14,6,1,1,38,2,2,0
5,8,6,2009,3,1,8,2,2,2,1,2,2,1,1,3,1,2,19,6,2,6,33,2,2,1
4,8,4,2009,2,1,1,2,2,1,1,1,1,1,1,2,1,2,8,6,1,7,35,2,2,0
3,8,3,2009,3,1,1,2,2,1,1,1,1,1,1,1,1,1,4,6,1,7,22,2,2,1
5,8,3,2009,3,2,8,2,2,1,1,3,1,1,3,3,1,2,2,6,1,7,33,2,2,0
4,8,2,2009,3,7,8,2,2,4,2,1,1,1,1,2,1,2,9,5,1,1,33,2,2,0
1,8,2,2009,2,5,5,2,2,1,1,1,1,1,1,2,1,1,9,11,1,7,33,2,2,0
1,8,2,2009,4,7,1,2,2,1,4,1,1,1,1,3,1,1,19,4,1,7,33,2,2,1
1,8,1,2009,4,7,8,2,2,1,4,1,1,1,1,2,1,1,8,4,1,7,35,2,2,0
1,9,2,2009,3,7,1,2,2,1,1,1,1,1,1,5,1,2,4,3,1,1,33,2,2,0
7,17,4,2009,3,4,1,2,2,1,1,1,1,1,1,3,1,2,2,6,1,7,33,1,2,0
10,16,8,2009,1,7,1,2,2,1,2,1,1,1,1,2,1,2,14,6,1,7,33,2,2,0
3,13,5,2009,3,7,1,2,2,1,1,1,1,1,1,3,1,2,14,6,2,1,33,2,2,0
5,13,8,2009,2,7,1,2,2,1,1,1,1,1,1,2,1,2,14,6,1,1,45,2,2,0
2,13,6,2009,2,7,1,2,2,1,1,2,1,1,1,3,1,2,14,2,1,1,33,2,2,0
1,4,1,2009,2,7,1,2,2,1,1,1,1,1,1,2,1,2,9,6,1,1,33,1,2,0
2,4,7,2009,3,7,1,2,2,1,1,1,1,1,3,3,1,2,17,1,1,1,25,2,2,0
6,4,8,2009,2,1,1,2,2,1,1,1,1,1,1,2,1,2,14,7,1,1,47,2,2,0
1,4,8,2009,3,1,1,2,2,1,1,1,1,1,1,2,1,2,8,6,1,3,33,2,2,0
1,8,6,2009,3,4,3,2,2,1,1,1,1,1,2,5,1,1,19,6,1,3,33,2,2,0
3,13,11,2009,4,1,1,2,2,1,2,1,1,1,1,3,1,2,4,6,1,7,38,2,1,0
2,13,12,2009,4,7,1,2,2,4,2,1,1,1,1,4,1,2,17,6,1,1,33,2,2,0
1,12,12,2009,3,1,1,2,2,1,1,1,1,1,1,5,1,1,14,5,1,1,33,1,2,0
3,12,12,2009,2,1,4,2,2,4,1,1,1,1,1,3,1,1,9,6,1,7,33,2,2,0
5,12,10,2009,2,1,1,1,2,1,1,1,1,1,2,3,1,1,14,6,2,1,33,2,2,0
11,16,11,2009,4,7,8,2,2,1,2,1,1,1,1,1,1,2,14,11,1,7,33,2,2,0