Thana,District,Month,Year,Time,Junction_Type,Traffic_Control,Movement,Divider,Weather,Light,Road_Geometry,Surface_Condition,Surface_Type,Surface_Quality,Road_Class,Road_Feature,Location_Type,Vehicle_Type,Vehicle_Movement,Vehicle_Loading,Vehicle_Defect,Vehicle_Driver_Age,Vehicle_Alcohol,Vehicle_Seat_Belt,Accident_Severity
10,16,9,2009,3,7,1,2,2,1,1,1,1,1,1,1,1,2,9,6,2,1,33,2,2,0
10,16,9,2009,1,7,1,2,2,1,1,1,1,1,1,1,1,2,8,6,1,1,35,2,2,1
9,16,9,2009,3,7,5,2,2,1,1,2,1,1,2,1,1,2,9,1,1,7,33,2,2,3
10,9,10,2009,2,3,8,2,2,1,1,1,5,1,1,3,1,1,6,11,1,1,33,2,2,0
11,16,10,2009,1,7,8,2,2,1,3,1,1,1,1,1,1,2,15,6,1,3,25,2,2,1
10,16,10,2009,1,2,8,2,2,1,2,1,1,1,1,2,1,1,14,5,1,1,33,2,2,0
4,9,12,2009,2,7,1,1,2,4,1,1,1,1,1,2,1,2,9,6,1,1,33,2,2,1
2,9,12,2009,3,2,1,2,2,1,1,1,1,1,1,2,1,1,9,6,1,1,33,2,2,0
1,9,12,2009,4,3,8,1,2,4,4,1,1,1,1,5,1,1,14,2,1,1,33,2,2,0
1,9,12,2009,2,7,8,2,2,1,1,1,1,1,1,5,1,2,19,6,1,6,33,2,2,0
10,9,12,2009,3,7,1,2,2,1,1,1,5,1,1,1,1,1,9,6,1,1,33,2,2,0
10,9,12,2009,3,1,1,2,2,4,1,1,1,1,1,1,1,1,9,11,1,1,33,2,2,0
10,9,11,2009,3,7,8,2,2,1,1,1,5,1,1,3,1,1,19,6,1,1,33,2,2,0
10,9,10,2009,3,7,8,2,2,1,1,1,1,1,1,2,1,2,14,6,1,1,33,2,2,0
11,9,9,2009,3,7,1,2,2,1,1,1,1,1,1,1,1,2,10,6,1,7,33,2,2,0
11,9,9,2009,2,7,1,2,2,1,1,1,1,1,1,2,1,2,9,6,1,7,33,2,2,0
10,9,10,2009,4,7,8,1,2,1,3,1,5,1,1,3,1,1,14,11,1,1,33,2,2,0
1,9,9,2009,2,7,1,2,2,1,1,1,1,1,1,1,1,1,8,11,1,1,32,2,2,0
6,5,9,2009,3,7,1,2,2,1,4,1,1,1,1,1,1,2,13,10,1,1,33,2,2,0
7,5,9,2009,2,7,1,2,2,1,1,1,1,1,1,3,1,2,13,11,1,1,27,2,2,0
6,5,11,2009,2,1,1,1,2,1,1,1,1,1,1,4,1,2,14,1,1,1,27,1,2,0
1,7,12,2009,2,7,1,2,2,4,1,1,1,1,1,3,2,1,4,6,1,1,48,2,2,0
7,7,11,2009,2,1,8,2,2,1,1,1,1,1,3,3,1,2,8,6,1,1,33,2,2,0
3,2,12,2009,4,7,8,2,2,4,4,1,1,1,1,4,1,2,14,6,1,1,33,2,2,0
4,15,12,2009,2,7,2,2,2,1,1,1,1,1,1,3,1,2,9,6,1,1,33,2,2,1
4,15,11,2009,4,7,6,2,2,4,4,5,5,1,3,3,5,2,9,6,1,1,40,2,2,1
1,15,11,2009,2,1,1,2,2,1,1,1,1,1,1,5,1,1,9,6,1,1,33,2,2,0
9,17,12,2009,3,1,1,2,2,4,1,1,1,1,1,4,1,1,8,5,2,7,33,2,2,0
3,17,12,2009,2,7,1,2,2,1,1,1,1,1,1,3,1,2,8,6,1,2,33,2,2,0
8,17,11,2009,4,3,1,2,2,4,3,1,1,1,1,1,1,2,7,5,1,1,35,2,2,0
1,17,10,2009,3,1,1,2,2,1,1,1,1,1,1,4,1,2,14,11,2,1,33,2,2,0
7,17,9,2009,2,1,8,2,2,1,1,1,1,1,1,1,1,2,14,5,1,7,40,2,2,0
8,17,9,2009,4,1,8,2,2,1,3,1,1,1,1,3,1,2,14,6,1,1,33,2,2,0
3,11,9,2009,3,3,1,2,2,1,1,1,1,1,2,3,1,2,8,10,1,7,33,2,2,2
6,11,9,2009,2,3,1,2,2,1,1,1,1,1,1,3,1,2,9,4,1,1,33,2,2,0
1,11,11,2009,4,7,1,2,2,1,2,1,1,1,1,2,1,1,13,5,1,7,33,2,2,0
5,11,11,2009,3,3,1,2,2,1,1,1,1,1,1,3,1,2,8,6,2,7,28,2,2,0
5,8,11,2009,2,7,8,2,2,1,1,2,1,1,1,4,1,2,6,6,2,1,33,2,2,0
1,8,11,2009,4,1,1,2,2,1,2,1,1,1,1,2,1,1,9,6,1,1,33,2,2,0
1,8,12,2009,2,1,1,1,2,1,1,1,1,1,1,3,1,2,9,6,1,1,32,2,2,0
1,8,12,2009,2,7,8,2,2,1,3,1,1,1,1,5,1,1,17,4,1,1,28,2,2,1
7,8,12,2009,3,4,8,2,2,1,1,2,1,1,1,3,1,2,4,4,1,1,34,2,2,1
6,8,12,2009,4,1,1,2,2,1,2,4,1,1,1,3,1,2,13,2,1,1,33,2,2,0
1,6,9,2009,2,3,1,2,2,1,1,1,1,1,1,1,1,2,9,2,1,1,36,1,2,0
3,6,9,2009,3,1,8,2,2,1,1,1,1,1,1,4,4,2,17,6,1,7,33,2,2,0
5,6,9,2009,3,1,1,2,2,1,1,1,1,1,2,1,1,1,14,6,1,1,41,2,2,0
6,15,4,2009,4,1,1,2,2,1,2,1,1,1,1,1,1,2,14,5,1,1,33,2,2,0
2,2,6,2009,3,3,1,2,2,1,1,1,1,1,1,1,1,2,8,6,1,1,33,2,2,0
5,13,7,2009,3,1,8,2,1,1,1,1,1,1,1,2,1,1,13,6,1,1,33,2,2,0
8,17,1,2009,4,2,1,2,1,2,1,1,1,1,1,1,1,1,1,6,1,1,35,2,2,0
8,17,2,2009,3,1,1,2,2,1,1,1,1,1,1,3,1,2,9,6,1,7,40,2,2,0
10,17,2,2009,2,1,1,2,2,1,1,1,1,1,1,1,1,2,9,10,1,7,33,2,2,1
12,3,2,2009,2,6,1,2,2,1,1,1,1,1,1,2,1,1,14,6,1,7,45,2,2,0
1,8,5,2009,3,1,1,2,2,1,2,1,1,1,1,3,1,2,14,6,1,1,33,2,2,0
10,7,5,2009,2,1,8,2,2,1,1,1,1,1,1,3,1,2,14,6,1,1,45,2,2,0
10,7,5,2009,2,7,8,2,1,1,1,1,2,1,1,3,1,2,14,6,1,1,55,2,2,0
1,14,2,2009,4,2,5,1,1,1,4,1,1,1,1,1,1,1,14,6,1,1,26,2,1,0
1,14,2,2009,4,1,1,2,2,1,2,1,1,1,1,1,1,1,4,6,1,1,26,1,2,0
2,14,2,2009,3,1,1,2,2,1,1,1,1,1,1,1,1,2,7,6,1,3,33,1,2,0
1,14,3,2009,4,1,8,2,2,1,2,1,1,1,1,1,1,1,14,6,2,1,33,2,2,0
1,14,3,2009,4,2,5,2,1,1,3,1,1,1,1,5,1,1,19,6,1,1,28,2,2,0
3,14,3,2009,4,3,1,2,2,1,3,1,1,1,1,3,1,1,19,6,1,1,45,2,2,0
3,14,4,2009,3,1,8,2,2,1,1,1,1,1,1,1,1,2,13,1,1,1,26,2,2,3
4,14,6,2009,2,5,1,2,2,1,1,1,1,1,1,1,1,1,9,6,2,1,45,1,2,0
4,14,6,2009,2,7,8,2,2,1,1,1,1,1,1,4,1,2,9,6,1,7,33,1,2,0
4,14,7,2009,2,7,1,1,1,2,1,1,1,1,1,1,1,2,14,6,2,7,33,1,2,0
1,14,8,2009,4,1,1,2,2,2,3,1,2,1,1,5,1,1,19,5,1,3,33,2,2,0
1,14,9,2009,4,1,1,2,2,1,3,1,1,1,1,5,1,1,14,6,1,7,33,1,2,0
4,14,9,2009,4,1,1,2,2,1,3,2,1,1,1,5,1,1,18,6,1,1,45,2,2,0
1,14,11,2009,3,2,1,2,2,1,1,1,1,1,1,1,1,2,14,11,1,1,32,2,2,1
2,14,12,2009,3,5,1,2,2,1,3,1,1,1,1,1,1,1,14,3,2,1,33,1,2,0
1,28,8,2009,2,7,8,2,1,2,1,1,1,1,1,1,1,1,13,2,1,7,35,1,2,0
5,28,6,2009,2,7,8,1,2,1,1,1,1,1,1,5,1,1,9,11,1,3,26,1,2,0
3,28,1,2009,3,7,1,2,2,1,1,1,1,1,1,5,1,1,13,5,1,1,33,2,2,0
5,28,7,2009,3,7,8,1,1,1,1,1,1,1,1,5,1,1,9,11,1,7,33,2,2,0
2,28,6,2009,2,7,1,1,2,1,1,1,1,1,1,5,1,1,14,11,1,7,25,2,2,0
8,28,6,2009,4,2,8,2,1,2,3,1,2,1,1,5,1,1,14,6,1,7,52,2,2,0
2,28,12,2009,4,1,1,2,2,1,4,1,5,1,1,5,1,1,9,6,1,7,33,2,2,1
4,28,9,2009,2,7,1,2,2,4,2,1,2,1,1,1,1,1,9,5,1,1,45,2,2,0
4,28,7,2009,2,1,4,2,1,1,2,1,1,1,1,3,1,1,9,5,1,1,44,2,1,1
1,28,10,2009,4,2,1,2,1,1,3,1,1,1,1,5,1,1,14,6,1,7,25,2,2,0
3,33,9,2009,4,3,1,2,2,2,3,3,3,1,2,2,1,1,8,6,2,6,25,2,2,1
2,64,4,2009,2,2,1,2,1,1,1,1,1,1,1,5,1,1,5,6,2,2,33,2,2,1
5,64,8,2009,4,1,2,2,2,1,4,1,1,1,1,1,1,1,14,11,2,7,33,2,2,0
5,64,12,2009,4,1,1,2,1,4,3,1,1,1,1,1,1,1,14,6,1,2,33,1,0,1
6,64,5,2009,2,7,8,1,1,1,2,1,1,1,1,5,1,1,14,6,1,2,24,1,0,0
6,64,11,2009,1,1,8,2,2,1,4,4,1,1,1,3,1,1,4,6,1,1,38,2,2,0
7,64,1,2009,4,3,8,2,2,1,2,1,1,1,2,5,1,1,2,5,1,1,33,2,2,0
7,64,1,2009,2,2,8,2,1,1,2,1,1,1,1,5,1,1,19,3,1,1,33,2,2,1
7,64,1,2009,3,3,8,2,1,1,1,1,1,1,2,5,1,1,5,11,1,2,22,1,2,1
7,64,2,2009,4,1,8,2,1,1,3,1,1,1,1,5,1,1,2,7,1,2,33,2,2,0
7,64,5,2009,3,1,8,2,1,1,1,1,1,1,1,5,1,1,6,11,1,1,33,2,2,0
11,64,1,2009,4,7,1,1,2,1,4,1,1,1,1,5,1,1,7,6,1,1,25,2,2,3
11,64,4,2009,2,3,1,2,2,1,3,1,1,1,1,5,1,1,14,6,1,1,33,2,2,0
12,64,8,2009,4,1,1,2,2,1,2,1,1,1,1,1,1,2,9,6,1,1,33,1,2,0
11,64,4,2009,4,1,1,2,2,1,2,1,1,1,1,5,1,1,14,6,1,1,25,2,2,1
7,57,1,2009,4,7,8,1,2,1,3,1,1,1,1,3,1,2,6,6,1,3,33,2,2,3
5,58,2,2009,1,1,1,2,2,1,4,1,1,1,1,1,1,2,10,6,1,2,33,1,0,3
5,58,2,2009,3,1,1,2,2,1,1,1,1,1,1,1,1,2,9,4,1,1,33,2,2,0
3,57,1,2009,4,7,1,2,2,1,2,1,1,1,1,1,1,2,5,1,1,1,30,2,2,0
7,57,1,2009,4,7,8,1,2,1,4,2,1,1,1,3,1,2,6,6,1,7,21,2,2,3
2,65,2,2009,2,7,1,2,2,1,1,2,2,1,1,1,1,2,13,2,1,1,33,2,2,0
1,57,3,2009,3,1,1,2,2,1,1,1,1,1,1,4,1,2,19,1,2,1,35,2,2,0
2,67,1,2009,3,7,1,2,2,1,2,2,1,1,1,4,1,2,4,11,1,1,26,2,2,0
2,62,3,2009,3,7,8,2,2,1,1,1,1,1,1,3,1,2,8,1,1,2,33,2,2,0
14,58,6,2009,1,7,1,2,2,1,2,1,1,1,1,1,1,2,16,4,1,1,33,1,2,2
14,58,5,2009,1,1,8,2,2,2,4,1,2,1,1,1,1,2,14,7,1,7,33,2,2,2
14,58,5,2009,1,1,8,2,2,1,2,2,2,1,1,1,1,2,14,6,1,5,33,2,2,0
14,58,7,2009,2,1,1,2,2,2,1,1,2,1,1,1,1,2,9,6,1,1,33,2,2,0
1,58,5,2009,3,1,8,2,2,1,4,1,1,1,1,1,1,2,14,9,1,7,33,2,2,0
1,58,4,2009,2,1,1,2,2,1,1,1,1,1,1,1,1,2,9,5,1,1,34,2,2,2
4,61,1,2009,2,7,1,2,2,4,2,1,2,1,1,3,1,2,9,4,1,7,33,2,2,0
7,66,7,2009,3,1,1,2,2,1,1,1,1,1,1,3,1,2,8,1,1,1,33,2,2,0
1,66,1,2009,4,1,1,2,2,1,4,1,1,1,1,3,1,2,5,6,1,1,37,2,2,0
8,67,4,2009,3,7,1,2,2,1,1,3,1,1,1,1,1,2,9,6,1,7,26,2,2,0
7,67,1,2009,3,7,1,1,2,1,1,1,1,1,1,4,1,2,4,11,1,1,26,2,2,0
1,67,4,2009,4,1,8,2,2,1,4,4,1,1,1,1,1,2,14,6,2,1,35,2,2,1
8,63,5,2009,2,7,1,2,2,1,1,1,1,1,1,1,1,2,16,4,1,1,35,2,2,0
6,63,7,2009,3,3,1,2,2,1,1,4,2,1,1,2,1,2,5,1,1,7,35,2,2,0
1,68,1,2009,1,7,8,1,2,1,1,4,1,1,2,2,1,2,14,6,1,3,33,2,2,1
5,58,8,2009,3,1,1,2,2,1,1,1,1,1,1,1,1,2,9,2,1,1,33,2,2,0
7,58,9,2009,3,1,1,2,2,1,1,1,1,1,1,1,1,2,9,1,1,1,33,1,0,0
7,58,9,2009,2,7,1,2,2,1,1,1,1,1,1,1,1,2,10,6,1,2,33,1,0,0
7,58,12,2009,4,7,1,2,2,1,1,1,1,1,1,1,1,2,14,6,1,1,33,2,2,0
7,58,12,2009,4,1,1,2,2,1,3,1,1,1,1,1,1,2,14,1,1,1,33,2,2,0
10,58,2,2009,2,4,2,2,2,1,1,1,1,1,1,4,1,1,10,1,1,1,33,2,2,0
9,63,4,2009,4,7,1,2,2,1,3,1,1,1,1,1,1,2,7,6,1,1,33,1,2,0
10,63,9,2009,2,7,4,2,2,1,1,1,1,1,1,2,1,2,9,6,1,1,33,2,2,0
10,63,2,2009,2,7,1,2,2,1,1,1,1,1,1,1,1,2,14,6,1,1,34,2,2,0
11,63,11,2009,1,1,1,2,2,1,4,1,1,1,1,1,1,2,7,6,1,1,24,1,2,0
11,63,9,2009,3,1,1,2,2,1,1,1,1,1,1,2,1,2,9,6,1,1,36,2,2,0
11,63,9,2009,1,1,1,2,2,1,1,1,1,1,1,2,1,2,9,6,1,1,36,2,2,0
14,63,6,2009,2,3,1,2,2,1,1,1,1,1,1,1,1,2,9,6,2,7,34,1,2,0
10,63,7,2009,4,3,1,2,2,1,3,1,1,1,1,1,1,2,9,6,1,1,35,2,1,0
1,58,3,2009,1,1,2,2,1,4,1,1,1,1,1,1,1,2,14,6,1,1,33,2,2,0
4,44,1,2009,3,1,1,2,2,1,1,1,1,1,1,2,1,1,4,7,1,1,33,2,2,1
7,44,1,2009,3,5,1,1,1,1,1,1,1,1,1,1,1,1,9,6,1,1,40,2,2,1
2,35,1,2009,2,2,1,2,2,1,1,4,1,1,1,3,1,2,12,6,1,1,33,2,2,1
3,38,1,2009,4,7,1,2,2,1,4,1,1,1,1,1,1,2,7,11,1,7,33,2,2,0
1,47,1,2009,2,1,1,2,2,1,1,2,1,1,1,3,1,2,4,2,2,7,28,2,2,1
1,47,1,2009,2,7,1,2,2,1,1,1,1,1,1,1,1,2,9,4,1,1,33,2,2,1
5,44,2,2009,1,1,1,2,2,1,3,1,1,1,1,1,1,2,9,6,1,3,33,2,2,3
6,44,2,2009,4,1,1,2,2,1,4,1,1,1,1,1,1,2,8,6,1,1,33,2,2,0
9,47,2,2009,4,1,1,2,2,1,1,1,1,1,1,1,1,2,7,2,1,1,33,2,2,2
1,35,2,2009,3,7,8,2,2,1,1,1,1,1,1,1,3,2,10,6,1,3,28,2,2,0
5,45,3,2009,1,7,1,2,2,1,2,5,1,1,1,1,1,2,14,6,1,7,33,2,2,0
4,47,4,2009,2,7,2,2,2,1,1,1,1,1,1,1,1,1,9,6,1,3,22,2,2,1
12,47,4,2009,3,7,8,2,2,1,1,1,1,1,1,1,2,2,12,6,1,1,33,2,2,0
2,47,4,2009,4,1,1,2,2,1,2,2,1,1,1,3,1,2,11,6,1,1,28,2,2,2
4,47,4,2009,1,7,1,2,2,1,4,1,1,1,1,1,1,2,14,6,1,3,33,2,2,0
3,38,4,2009,2,7,1,2,2,1,1,1,1,1,1,1,2,2,12,6,1,1,32,2,2,0
6,38,4,2009,4,1,1,2,2,1,4,1,1,1,1,1,1,2,14,6,1,3,33,2,2,1
1,38,4,2009,1,1,1,2,2,1,4,1,1,1,1,1,1,2,9,6,1,3,28,2,2,1
4,44,4,2009,3,1,1,2,2,1,1,1,1,1,1,3,1,2,14,6,1,3,33,2,2,1
6,44,4,2009,2,1,1,2,2,1,1,1,1,1,1,1,1,1,12,6,1,3,33,2,2,0
12,47,6,2009,1,1,1,2,2,1,2,1,1,1,1,1,1,2,14,6,1,1,33,2,2,0
1,49,7,2009,3,1,1,2,2,1,1,1,1,1,1,2,1,2,9,6,1,7,33,2,2,0
6,38,8,2009,1,1,1,2,2,1,4,1,1,1,1,1,1,2,14,6,1,1,35,2,2,0
1,47,8,2009,3,1,1,2,2,2,1,2,2,1,1,1,1,2,9,6,1,1,33,2,2,0
1,47,8,2009,3,1,1,2,2,1,1,1,1,1,1,5,1,1,14,6,1,1,22,2,2,0
1,50,1,2009,2,1,1,2,2,1,1,1,1,1,1,2,1,2,11,6,1,1,33,2,2,1
1,50,2,2009,3,3,1,2,2,1,1,1,1,1,1,5,1,1,13,6,1,1,33,2,2,1
1,50,3,2009,4,1,1,2,2,1,2,1,1,1,1,1,1,2,10,6,1,1,33,2,2,2
1,50,5,2009,3,2,1,2,2,1,1,1,1,1,1,1,1,2,10,9,1,1,40,2,2,1
7,50,8,2009,4,1,1,2,2,1,4,1,1,1,3,3,1,2,9,6,1,6,45,2,2,0
7,41,9,2009,4,1,1,2,2,1,4,1,1,1,1,1,1,1,12,6,1,1,33,2,2,0
13,50,10,2009,2,3,1,2,2,1,1,1,1,1,1,2,1,2,9,5,1,1,30,2,2,3
12,47,11,2009,1,1,1,2,2,1,4,1,1,1,1,1,1,2,14,10,1,7,33,2,2,1
12,47,11,2009,2,1,1,2,2,1,1,1,1,1,1,1,1,2,9,4,1,1,29,2,2,1
12,47,10,2009,3,1,1,2,2,1,1,1,1,1,1,1,1,2,9,4,1,1,33,2,2,2
9,47,11,2009,3,1,1,2,2,1,1,2,1,1,1,1,1,2,13,1,1,1,28,2,2,0
1,36,11,2009,3,1,1,2,2,1,1,1,5,1,1,3,1,1,14,6,1,1,33,2,2,0
1,45,11,2009,2,1,1,2,2,1,2,1,1,1,1,1,1,2,7,5,1,6,22,2,2,0
6,40,11,2009,2,3,1,2,2,1,1,2,1,1,1,1,1,2,4,6,1,1,50,2,2,1
1,46,6,2009,3,1,1,2,2,1,1,1,1,1,1,1,1,1,9,6,1,1,33,2,2,0
1,41,11,2009,1,1,2,2,1,4,1,1,1,1,1,1,1,2,10,6,1,1,45,2,2,1
1,45,12,2009,3,1,1,2,2,1,1,3,1,1,1,1,5,1,4,6,1,1,33,2,2,0
2,45,12,2009,4,1,1,2,2,1,4,1,1,1,1,1,1,2,14,5,1,1,33,2,2,0
12,47,12,2009,3,1,1,2,2,1,1,1,1,1,1,1,2,2,14,6,1,1,33,2,2,0
12,47,12,2009,1,1,1,2,2,1,3,2,1,1,1,1,2,2,14,5,1,1,33,2,2,2
1,24,11,2009,4,3,1,2,2,1,4,1,1,1,1,1,1,1,14,6,1,1,57,1,2,0
3,21,8,2009,3,1,1,1,1,1,1,1,1,1,1,1,1,2,9,6,1,1,33,1,2,0
6,21,12,2009,2,1,1,2,2,1,1,1,1,1,1,1,1,2,15,6,1,1,40,1,2,0
4,26,8,2009,3,1,1,2,2,1,1,2,1,1,1,2,1,2,11,6,1,1,33,1,2,3
9,26,5,2009,2,1,1,2,2,1,1,1,1,1,1,3,1,2,6,6,1,1,33,1,2,0
1,19,2,2009,3,2,1,2,2,1,1,1,1,1,1,2,1,2,12,6,1,1,35,1,2,0
3,29,5,2009,4,1,1,2,2,1,1,1,1,1,1,1,1,2,14,6,1,1,33,1,2,0
3,29,8,2009,4,3,1,2,2,1,1,2,1,1,1,2,1,2,9,6,1,1,33,1,2,1
8,29,12,2009,2,1,1,2,2,4,2,1,1,1,1,2,1,2,12,6,1,1,55,1,2,0
3,56,9,2009,3,1,1,2,2,1,1,1,1,1,1,1,1,2,9,6,1,1,40,2,2,0
5,56,5,2009,2,2,2,2,2,1,1,5,1,1,1,1,1,1,9,5,1,7,32,1,0,0
4,56,5,2009,4,1,1,1,1,1,4,1,1,1,1,4,1,2,5,6,1,2,33,1,0,1
8,56,8,2009,2,2,1,2,2,1,1,1,1,1,1,1,1,2,9,5,1,2,38,1,0,0
3,56,9,2009,3,3,1,2,2,1,1,2,1,1,1,1,1,2,9,1,1,7,30,2,2,1
3,56,9,2009,3,2,1,2,1,1,1,1,1,1,1,1,1,2,9,11,1,7,38,2,2,2
8,56,9,2009,3,2,1,2,2,1,1,1,1,1,1,1,1,2,9,1,1,7,40,2,2,0
1,55,8,2009,4,1,1,2,2,1,1,1,1,1,1,1,1,2,9,6,1,1,45,1,2,0
2,55,8,2009,3,1,1,1,2,1,1,1,1,1,1,4,1,2,14,6,1,2,33,1,0,0
3,53,8,2009,3,7,1,2,2,1,1,1,1,1,1,4,1,2,10,6,1,2,33,1,0,3
7,56,10,2009,3,2,2,2,2,1,1,2,1,1,1,2,1,2,17,4,1,1,33,1,0,0
1,55,10,2009,4,7,2,1,2,1,2,1,1,1,1,1,1,2,8,6,1,1,35,2,2,0
6,55,10,2009,3,2,1,2,2,1,1,1,1,1,1,1,1,2,13,2,1,2,30,1,0,0
1,54,6,2009,2,7,8,2,2,1,3,1,1,1,1,5,1,1,14,2,1,1,33,1,0,0
12,54,5,2009,4,7,1,2,2,1,4,1,1,1,1,1,2,2,12,6,1,1,32,1,0,0
7,56,12,2009,4,2,1,2,2,1,2,1,1,1,1,1,1,2,14,2,2,7,32,2,2,1
7,56,12,2009,4,2,1,2,2,1,4,1,1,1,1,1,1,2,7,1,1,1,33,2,2,1
3,56,10,2009,1,1,1,2,2,1,1,1,1,1,1,1,1,2,14,7,2,7,32,2,2,0
3,56,11,2009,3,2,1,2,2,4,3,1,1,1,1,1,1,2,9,2,1,2,41,1,0,0
3,5,1,2009,2,7,8,2,2,4,1,1,2,1,1,3,1,2,4,5,1,1,50,2,2,1
2,5,1,2009,1,7,8,2,2,4,2,1,2,1,1,3,1,2,19,6,2,7,33,2,2,1
4,5,2,2009,3,7,1,2,2,1,1,1,1,1,1,1,1,1,14,9,1,1,33,2,2,0
6,5,3,2009,1,7,1,2,2,1,4,1,1,1,1,1,1,1,14,6,1,7,33,2,2,1
5,5,4,2009,1,7,8,2,2,1,2,1,1,1,1,1,1,1,14,6,1,1,39,2,2,0
8,5,5,2009,2,7,8,2,2,1,2,1,1,1,1,1,1,1,9,11,1,7,33,1,2,0
12,9,6,2009,1,1,1,2,2,1,4,1,1,1,1,1,1,1,14,6,1,7,42,2,2,0
12,9,4,2009,1,1,1,2,2,1,2,1,1,1,1,1,1,1,14,6,1,7,33,2,2,0
1,9,1,2009,2,1,1,2,2,4,1,1,1,1,1,1,2,1,14,6,1,1,55,2,2,2
11,9,7,2009,3,1,1,2,2,1,1,1,1,1,1,2,1,1,7,11,1,7,33,2,2,0
11,9,7,2009,2,7,1,2,2,2,1,1,2,1,1,2,1,1,9,11,1,7,33,2,2,0
11,9,7,2009,2,7,1,2,2,2,1,1,2,1,1,2,2,1,8,11,1,7,33,2,2,0
10,9,7,2009,2,7,1,2,2,1,1,1,1,1,1,1,1,2,14,6,1,7,33,2,2,0
11,9,8,2009,2,7,8,2,1,1,1,1,1,1,1,1,1,1,11,11,1,7,30,2,2,1
6,9,1,2009,3,1,1,2,2,1,1,1,1,1,1,2,1,2,9,6,1,7,40,2,2,0
12,9,4,2009,4,1,1,2,2,1,3,1,1,1,1,1,1,2,13,6,2,6,19,2,2,0
12,9,5,2009,2,1,1,2,2,1,1,1,1,1,1,1,1,1,13,5,1,7,33,2,2,1
12,9,5,2009,2,1,1,2,2,1,1,1,1,1,1,1,1,1,14,6,1,7,30,2,2,0
6,9,5,2009,2,1,8,2,2,1,1,1,1,1,1,2,1,2,4,11,1,7,33,2,2,0
8,13,7,2009,3,7,1,2,2,1,3,1,1,1,1,1,1,1,14,6,1,1,37,2,2,0
8,13,6,2009,3,7,1,2,2,1,1,1,1,1,1,1,1,2,9,6,2,1,33,2,2,0
8,13,6,2009,4,7,8,2,2,1,1,1,1,1,1,1,1,1,13,6,1,1,40,2,2,0
10,16,3,2009,1,3,1,2,2,4,2,1,1,1,2,2,1,2,14,10,1,1,30,2,2,0
11,16,3,2009,2,7,1,2,2,4,1,1,1,1,1,2,1,1,10,11,1,1,25,2,2,0
10,16,4,2009,3,1,1,2,2,1,1,1,1,1,1,1,1,2,10,6,1,1,45,2,2,0
11,16,2,2009,1,7,8,2,2,4,4,2,1,1,1,1,1,2,9,5,1,1,33,2,2,0
10,16,1,2009,3,3,4,2,2,1,1,1,1,1,1,1,1,2,7,6,1,1,33,2,2,1
10,16,1,2009,4,2,1,2,2,1,2,1,1,1,1,1,1,2,9,6,1,1,40,2,2,0
6,16,6,2009,1,7,8,2,2,1,4,2,1,1,1,1,1,1,14,11,1,7,35,2,2,0
11,16,5,2009,3,7,8,2,2,1,1,2,1,1,1,1,1,1,14,2,1,7,30,2,1,0
8,16,5,2009,2,7,8,2,2,1,1,1,1,1,1,2,1,1,7,6,1,7,38,2,2,0
6,11,6,2009,2,7,1,2,2,1,1,1,1,1,1,2,1,2,5,6,1,1,30,2,2,1
6,11,8,2009,4,3,2,2,2,1,4,1,1,1,1,2,1,2,14,6,1,7,40,1,2,1
10,17,4,2009,2,1,1,2,2,1,1,1,1,1,1,3,1,2,14,6,1,1,55,2,2,0
6,5,8,2009,2,1,1,2,2,1,1,1,1,1,1,1,1,1,14,6,1,1,35,2,1,0
6,5,7,2009,3,7,8,2,2,1,1,1,1,1,1,1,1,1,7,11,1,1,35,2,2,0
5,11,2,2009,2,7,8,2,2,1,1,1,5,3,2,2,1,2,16,11,2,7,40,1,2,0
5,11,4,2009,2,1,1,2,2,1,1,5,1,1,1,2,1,1,9,2,1,7,42,2,2,0
4,15,2,2009,3,7,1,2,2,1,1,2,1,1,1,4,1,2,19,6,1,7,40,2,2,0
4,15,6,2009,3,1,1,2,2,1,1,2,1,1,1,1,5,1,8,3,1,7,33,2,2,0
1,6,6,2009,2,7,1,2,2,2,1,2,2,1,1,1,1,2,14,4,1,1,33,2,2,0
1,6,1,2009,2,7,8,2,2,1,1,1,1,1,1,1,1,2,12,11,1,1,25,2,2,3
3,1,3,2009,2,7,8,2,1,1,1,1,1,1,1,1,2,1,8,6,1,1,35,2,2,1
2,1,4,2009,1,7,8,2,2,1,4,2,1,1,1,3,1,2,13,6,1,1,33,2,2,0
3,8,6,2009,3,1,1,2,2,1,1,1,1,1,1,1,1,1,14,6,1,7,34,2,2,0
10,16,8,2009,1,1,4,2,2,1,2,1,1,1,2,2,1,2,14,6,1,1,35,2,2,0
1,13,6,2009,3,7,1,2,2,1,1,1,1,1,1,3,1,2,14,2,1,1,33,2,2,0
1,13,12,2009,4,1,6,2,2,1,2,2,1,1,2,3,1,2,14,2,2,1,35,2,2,0
11,16,12,2009,2,7,8,2,2,1,1,1,1,1,1,2,1,2,14,7,1,1,33,2,2,2
11,9,10,2009,2,7,8,2,2,1,1,1,1,1,1,1,1,2,14,6,1,7,33,2,2,1
11,9,11,2009,2,7,8,2,2,1,1,1,1,1,1,1,1,2,9,6,1,7,33,2,2,0
12,9,11,2009,2,1,1,2,2,1,1,1,1,1,1,1,1,1,14,5,1,1,33,2,2,2