Thana,District,Month,Year,Time,Junction_Type,Traffic_Control,Movement,Divider,Weather,Light,Road_Geometry,Surface_Condition,Surface_Type,Surface_Quality,Road_Class,Road_Feature,Location_Type,Vehicle_Type,Vehicle_Movement,Vehicle_Loading,Vehicle_Defect,Vehicle_Driver_Age,Vehicle_Alcohol,Vehicle_Seat_Belt,Accident_Severity
5,9,11,2009,4,7,8,2,2,1,2,1,1,1,1,4,1,2,8,6,1,1,27,2,2,0
1,11,12,2009,3,7,8,2,2,4,1,1,1,1,1,5,1,1,4,5,1,7,33,2,2,0
8,11,12,2009,2,7,1,2,2,4,1,2,1,1,1,3,1,2,14,2,1,1,47,2,2,1
1,11,10,2009,2,1,1,1,2,1,1,1,1,1,1,2,1,2,14,6,1,7,48,2,2,0
10,3,11,2009,2,1,1,2,2,4,2,1,1,1,1,1,1,2,8,11,1,1,45,2,2,0
3,15,5,2009,2,1,1,2,2,1,1,1,1,1,2,2,1,1,13,2,1,1,33,2,2,0
3,15,6,2009,3,1,1,2,2,1,1,1,1,1,1,1,1,1,13,6,1,7,33,2,2,0
3,8,8,2009,1,1,1,2,1,2,4,1,2,1,1,1,1,2,9,11,1,7,33,2,2,0
4,11,11,2009,1,1,1,1,2,4,4,4,1,2,2,3,3,2,9,7,1,6,37,2,2,0
2,14,10,2009,2,7,4,1,2,1,1,1,1,1,1,2,1,1,2,6,1,1,32,2,2,1
6,34,5,2009,1,1,1,2,2,4,1,2,1,1,1,1,2,1,9,6,1,1,35,2,2,0
9,64,6,2009,3,2,3,2,1,1,1,1,1,1,1,5,1,1,8,6,1,2,25,1,0,0
8,57,4,2009,2,1,1,2,2,1,1,1,1,1,1,1,1,2,14,4,1,1,33,1,2,0
10,58,2,2009,2,1,1,2,2,1,1,1,1,1,1,2,1,2,9,6,1,1,35,2,2,0
5,58,2,2009,1,1,1,2,2,1,2,1,1,1,1,1,1,2,14,6,1,1,33,2,2,0
5,58,2,2009,3,7,1,2,2,1,1,1,1,1,1,1,1,2,11,4,1,5,33,2,1,0
8,57,1,2009,2,1,1,2,2,4,1,1,1,1,1,1,1,2,9,2,1,1,45,1,2,0
2,65,1,2009,2,4,1,2,2,1,1,1,1,1,1,1,1,2,7,5,1,1,32,2,2,0
3,57,5,2009,2,7,8,2,2,1,1,1,1,1,1,1,1,2,7,11,1,4,33,2,2,0
8,57,7,2009,4,2,1,2,2,1,3,1,1,1,1,1,1,2,14,11,1,7,35,2,2,0
7,67,2,2009,2,1,1,2,2,1,1,1,1,1,1,1,1,2,14,6,1,1,41,2,2,0
7,58,8,2009,1,7,1,2,2,1,3,1,1,1,1,1,1,2,9,6,1,1,33,2,2,0
3,58,8,2009,4,1,1,2,2,1,4,1,1,1,1,3,1,2,9,6,1,1,33,2,2,0
1,61,1,2009,4,1,4,2,2,1,1,1,1,1,1,1,1,2,9,5,1,1,33,2,2,1
8,67,2,2009,2,1,1,2,2,1,1,1,1,1,1,1,1,2,14,6,1,1,41,2,2,0
7,67,4,2009,4,7,1,2,2,1,1,4,1,1,1,1,1,2,9,6,1,7,26,2,2,0
11,63,2,2009,2,7,4,2,2,1,1,1,1,1,1,1,1,2,14,6,2,7,33,2,2,0
4,63,3,2009,1,1,1,2,2,1,2,1,1,1,1,1,1,2,14,11,1,7,33,2,2,0
7,63,5,2009,2,7,8,1,2,1,1,1,1,1,1,1,1,2,9,6,1,1,33,2,2,0
10,63,7,2009,3,7,1,2,2,1,1,1,1,1,1,1,1,2,19,6,1,1,45,2,2,0
1,68,2,2009,2,7,1,2,2,1,1,4,1,1,1,2,1,2,11,6,1,4,33,1,2,0
5,58,10,2009,3,1,1,1,1,1,1,1,1,1,1,1,1,2,8,5,1,1,40,2,2,0
6,58,6,2009,1,1,1,2,2,1,4,1,1,1,1,1,1,2,14,6,1,1,33,2,2,1
1,57,9,2009,3,1,1,2,1,1,1,1,1,1,1,5,1,2,14,6,1,1,45,2,2,0
1,57,10,2009,4,1,1,2,2,1,1,1,1,1,1,1,1,1,9,6,1,1,39,2,2,0
8,57,11,2009,4,1,4,2,2,1,2,1,1,1,1,1,1,2,9,4,1,1,27,2,2,0
1,66,10,2009,4,1,1,2,2,1,2,3,1,1,1,2,1,2,9,6,1,1,42,2,2,1
7,63,1,2009,4,7,1,2,2,1,4,1,1,1,1,1,1,2,7,6,1,1,25,2,2,1
14,63,3,2009,1,1,1,2,2,1,2,1,1,1,1,1,1,2,14,11,1,7,40,2,2,0
1,68,10,2009,4,1,1,2,2,1,2,3,1,1,1,1,1,2,9,6,1,1,42,2,2,1
1,39,2,2009,2,7,1,2,2,1,1,1,1,1,1,2,1,2,14,5,1,7,33,2,2,0
1,39,2,2009,3,7,1,2,2,1,1,1,1,1,1,1,1,2,9,5,1,7,33,2,2,1
5,45,3,2009,2,7,1,2,2,1,1,1,1,1,1,1,1,2,9,5,1,1,33,2,2,1
3,36,3,2009,3,7,1,2,2,1,1,1,1,1,1,1,1,2,9,6,1,1,33,2,2,0
3,38,5,2009,3,1,1,2,2,1,1,1,1,1,1,1,1,2,9,6,1,3,33,2,2,1
1,38,5,2009,2,1,1,2,2,1,1,5,1,1,1,1,1,2,8,6,1,1,35,2,2,0
4,43,4,2009,1,7,1,2,2,2,4,1,2,1,1,1,1,2,14,6,1,1,33,2,2,1
1,40,6,2009,2,1,1,2,2,1,2,1,1,1,1,1,1,1,9,6,1,1,33,2,2,1
7,40,6,2009,2,4,8,2,2,1,3,1,1,1,1,2,1,2,13,6,1,1,33,1,1,1
1,45,9,2009,3,1,1,2,2,1,1,1,1,1,1,1,1,2,9,6,1,3,33,2,2,0
12,47,10,2009,2,1,1,2,2,1,1,1,1,1,1,1,1,2,14,6,1,3,33,2,2,1
1,46,6,2009,3,1,1,2,2,1,1,1,1,1,1,1,1,1,7,6,1,1,33,2,2,1
10,42,1,2009,4,3,3,2,1,1,3,1,1,1,1,5,1,1,10,6,1,1,42,2,2,2
17,42,1,2009,2,2,1,1,1,1,1,1,1,1,1,5,1,1,11,6,1,1,45,2,2,2
13,42,1,2009,3,1,1,1,1,1,1,1,1,1,1,1,1,1,10,6,1,1,38,2,2,1
9,42,1,2009,2,2,4,1,1,1,1,1,1,1,1,5,1,1,14,6,1,1,45,2,1,2
24,42,4,2009,2,3,1,2,2,1,1,1,1,1,1,1,1,1,14,6,1,7,35,2,2,3
24,42,4,2009,4,1,1,2,2,1,4,1,1,1,1,1,1,1,14,6,2,1,38,2,2,1
10,42,4,2009,4,1,1,1,1,1,3,1,1,1,1,5,1,1,7,6,1,1,32,1,2,1
32,42,1,2009,2,1,1,1,1,1,1,1,1,1,1,5,1,1,8,6,1,1,40,2,2,2
32,42,2,2009,3,1,1,1,1,1,1,1,1,1,1,5,1,1,10,6,1,1,32,2,2,1
32,42,2,2009,2,1,1,1,1,1,1,1,1,1,1,5,1,1,10,6,1,1,38,1,2,2
15,42,2,2009,2,1,1,1,1,1,1,1,1,1,1,2,1,1,7,6,1,1,40,2,2,2
22,42,4,2009,1,3,1,1,1,1,3,1,1,1,1,1,1,1,14,6,1,1,42,1,1,0
15,42,2,2009,4,1,1,2,2,1,3,1,1,1,1,2,1,1,10,6,1,1,42,2,2,2
9,42,3,2009,1,1,1,1,1,1,3,1,1,1,1,5,1,1,9,6,1,1,45,2,2,1
33,42,3,2009,4,1,1,1,1,1,3,1,1,1,1,5,1,1,14,6,1,1,35,1,2,0
1,42,1,2009,3,2,4,1,1,1,1,1,1,1,1,1,1,1,9,6,1,1,35,2,2,2
1,42,3,2009,2,1,1,1,1,1,1,1,1,1,1,1,1,1,9,6,1,1,40,2,2,1
29,42,1,2009,4,2,4,1,1,1,2,1,1,1,1,5,1,1,9,6,1,1,45,2,2,2
29,42,3,2009,2,1,4,1,1,1,1,1,1,1,1,5,1,1,8,6,1,1,35,2,2,2
29,42,3,2009,3,1,1,1,1,1,1,1,1,1,1,5,1,1,9,6,1,1,30,2,2,2
28,42,4,2009,1,2,4,1,1,1,3,1,1,1,1,2,1,1,9,6,1,1,38,2,2,2
25,42,5,2009,2,1,1,2,2,1,1,1,1,1,1,5,1,1,14,6,1,1,40,2,2,0
10,42,5,2009,2,1,1,1,1,1,2,1,1,1,1,5,1,1,8,5,1,1,35,2,2,2
8,42,1,2009,3,1,4,1,1,1,1,1,1,1,1,5,1,1,9,6,1,1,32,2,2,2
8,42,1,2009,4,3,4,1,1,1,3,1,1,1,1,5,1,1,9,6,1,1,30,2,2,2
32,42,3,2009,3,1,1,1,1,1,1,1,1,1,1,5,1,1,10,6,1,1,32,2,2,1
32,42,4,2009,3,1,1,1,1,1,1,1,1,1,1,5,1,1,9,6,1,1,40,2,2,2
32,42,6,2009,2,3,4,1,1,1,1,1,1,1,1,5,1,1,9,6,1,1,40,2,2,2
14,42,6,2009,4,1,1,1,1,1,3,1,1,1,1,1,1,1,12,6,1,7,25,2,2,2
9,42,6,2009,3,1,1,1,1,1,1,1,1,1,1,5,1,1,9,6,1,1,42,2,2,2
9,42,6,2009,4,4,2,1,1,1,3,1,1,1,1,5,1,1,7,6,1,1,35,2,2,2
9,42,6,2009,3,1,1,1,1,1,1,1,1,1,1,5,1,1,10,6,1,1,28,2,2,2
3,42,3,2009,1,2,1,1,1,1,3,2,1,1,1,1,1,1,14,6,1,1,38,2,2,2
3,42,4,2009,4,3,4,1,1,1,4,1,1,1,1,1,1,1,14,6,1,1,40,2,2,0
12,42,1,2009,3,1,4,1,1,1,1,1,1,1,1,1,1,1,10,6,1,7,32,2,2,2
12,42,1,2009,4,1,1,1,1,1,3,1,1,1,1,5,1,1,14,6,1,1,40,2,2,1
12,42,4,2009,3,2,4,1,1,1,1,1,1,1,1,5,1,1,9,6,1,7,40,2,2,2
12,42,6,2009,4,1,1,1,1,2,4,2,2,1,1,5,1,1,14,6,1,1,35,2,2,2
12,42,5,2009,2,1,8,1,1,1,1,1,1,1,1,1,1,1,10,6,1,1,30,2,2,2
33,42,4,2009,2,1,1,1,1,1,1,1,1,1,1,1,1,1,9,6,1,1,40,2,2,2
33,42,6,2009,3,1,1,2,2,1,1,1,1,1,1,1,1,1,9,6,1,1,28,2,2,1
12,42,7,2009,1,2,4,1,1,1,3,1,1,1,1,5,1,1,14,6,1,7,40,2,2,1
34,42,7,2009,3,3,4,1,1,1,1,1,1,1,1,5,1,1,8,6,1,1,28,2,2,3
9,42,7,2009,4,3,4,1,1,1,3,1,1,1,1,5,1,1,8,6,1,1,35,2,1,2
9,42,7,2009,2,1,1,2,2,1,1,1,1,1,1,5,1,1,11,6,1,1,37,2,2,1
9,42,7,2009,4,1,1,2,2,1,3,1,1,1,1,5,1,1,14,6,1,1,38,1,2,0
18,42,6,2009,2,1,1,2,1,1,1,1,1,1,1,1,1,1,9,6,1,1,42,2,2,2
16,42,8,2009,2,3,4,1,1,1,1,1,1,1,1,1,1,1,9,6,1,1,35,2,2,2
16,42,8,2009,4,1,1,1,1,1,3,1,1,1,1,1,1,1,9,6,1,1,40,2,2,2
1,42,6,2009,3,2,4,2,2,1,1,1,1,1,1,5,1,1,9,6,1,1,35,2,2,0
1,42,4,2009,4,2,4,1,1,1,1,1,2,1,1,5,1,1,10,3,1,1,40,2,2,2
12,42,8,2009,1,1,8,1,1,1,2,1,1,1,1,5,1,1,10,6,1,1,30,2,2,2
12,42,8,2009,4,7,4,1,1,1,3,1,1,1,1,5,1,1,9,5,2,7,35,2,2,2
22,42,8,2009,4,1,1,1,1,1,3,1,1,1,1,1,1,1,14,6,1,1,35,2,2,3
23,42,1,2009,2,3,5,1,1,1,1,1,1,1,1,1,1,1,9,6,1,1,25,2,2,2
23,42,1,2009,3,1,1,1,1,1,1,1,1,1,1,1,1,1,9,6,1,1,32,2,2,2
23,42,9,2009,3,1,4,1,1,1,1,1,1,1,1,1,1,1,11,6,1,1,32,2,2,2
12,42,9,2009,3,1,1,1,1,1,1,1,1,1,1,1,1,1,7,6,1,1,35,2,2,2
22,42,9,2009,1,7,5,1,1,1,4,1,1,1,1,1,1,1,14,6,1,7,40,2,2,0
34,42,8,2009,3,3,4,1,1,1,1,1,1,1,1,1,1,1,12,6,1,1,40,2,2,1
29,42,5,2009,2,2,4,1,1,1,1,1,1,1,1,5,1,1,10,6,1,1,28,2,2,2
29,42,8,2009,3,1,4,1,1,1,1,1,1,1,1,5,1,1,9,6,1,1,38,2,2,2
29,42,8,2009,3,1,1,1,1,1,1,1,1,1,1,5,1,1,10,6,1,1,40,2,2,2
29,42,9,2009,1,1,1,1,1,1,3,1,1,1,1,5,1,1,5,6,1,1,35,2,2,1
37,42,9,2009,4,2,4,1,1,1,2,1,1,1,1,5,1,1,9,6,1,1,32,2,2,1
37,42,9,2009,3,1,1,2,1,1,1,1,1,1,1,5,1,1,7,6,1,1,37,2,2,2
8,42,8,2009,3,1,1,1,1,1,1,1,1,1,1,5,1,1,9,6,1,1,35,2,2,2
12,42,10,2009,3,1,1,1,1,1,1,2,1,1,1,5,1,1,9,6,1,1,25,2,2,0
12,42,11,2009,4,1,6,2,1,3,1,1,1,1,1,5,1,1,14,6,1,1,42,1,2,1
15,42,10,2009,4,1,1,2,2,1,3,1,1,1,1,2,1,1,14,6,1,1,42,2,2,0
18,42,10,2009,3,1,1,1,1,1,1,1,1,1,1,1,1,1,8,6,1,3,20,2,2,2
22,42,10,2009,3,1,5,1,1,1,1,1,1,1,1,1,1,1,9,6,1,1,38,2,2,3
37,42,12,2009,3,2,4,2,1,1,1,1,1,1,1,1,1,1,5,6,1,1,35,1,2,1
23,42,12,2009,1,1,1,1,1,1,1,1,1,1,1,1,1,1,14,5,1,1,32,2,2,2
12,42,12,2009,3,2,4,1,1,1,1,1,1,1,1,5,1,1,9,6,1,1,40,2,2,3
34,42,11,2009,3,1,1,1,1,1,1,1,1,1,1,5,1,1,19,6,1,1,30,2,2,1
1,42,8,2009,2,1,1,1,1,1,1,1,1,1,1,5,1,1,19,6,1,1,40,2,2,0
1,42,8,2009,3,3,8,2,2,1,1,1,1,1,1,5,1,1,7,6,1,1,32,2,2,1
1,42,9,2009,3,3,4,1,1,1,1,1,1,1,1,5,1,1,14,6,1,1,40,2,2,2
1,42,12,2009,2,2,5,1,1,1,1,1,1,1,1,5,1,1,8,6,1,1,32,2,2,1
10,42,12,2009,1,1,1,1,1,1,3,1,1,1,1,5,1,1,14,6,1,1,45,1,2,0
28,42,12,2009,3,2,4,1,1,1,1,1,1,1,1,5,1,1,8,6,1,1,20,2,2,2
4,21,3,2009,3,3,1,2,2,1,1,1,1,1,1,4,1,2,9,6,1,1,50,2,2,1
7,56,2,2009,4,1,1,2,2,1,4,1,1,1,1,1,1,2,7,2,1,1,40,2,2,0
9,56,3,2009,3,3,1,2,2,1,1,2,1,1,1,1,5,2,9,11,2,3,40,2,2,3
4,55,7,2009,3,1,1,2,2,1,1,1,1,1,1,2,3,2,8,11,1,1,33,2,2,1
4,55,9,2009,3,1,2,2,2,1,3,3,1,1,1,3,1,1,9,2,1,7,38,2,2,0
7,55,8,2009,2,1,1,2,2,1,2,2,1,1,1,4,1,2,14,6,1,1,33,1,0,3
1,55,1,2009,2,1,1,2,2,4,2,1,1,1,1,1,1,2,10,6,1,2,33,1,0,0
12,54,10,2009,3,3,1,2,2,1,1,1,1,1,1,1,1,2,9,6,1,1,40,2,2,0
3,56,11,2009,3,2,1,1,2,1,1,5,1,1,1,1,1,2,14,2,2,7,35,2,2,0
5,55,12,2009,3,1,1,2,2,1,2,1,1,1,1,1,1,2,8,6,1,2,35,2,2,0
7,56,12,2009,4,2,1,2,1,4,1,1,1,1,1,1,1,2,14,6,1,7,32,1,0,1
12,9,6,2009,2,1,1,2,2,1,2,1,1,1,1,1,1,1,19,11,2,7,33,2,2,1
10,16,5,2009,1,7,1,2,2,1,4,1,1,1,1,1,1,2,14,6,1,1,32,2,2,1
7,13,9,2009,2,1,4,2,2,1,1,1,1,1,1,2,1,2,9,6,1,1,30,1,2,0
12,9,8,2009,3,1,1,2,2,2,1,1,2,1,1,5,1,2,9,5,1,7,33,2,2,1
5,2,10,2009,3,1,1,2,2,1,1,1,1,1,3,3,1,2,8,6,2,6,33,2,2,0
1,13,3,2009,3,2,1,2,2,1,1,1,1,1,1,4,1,2,13,4,1,7,35,2,2,0
1,9,9,2009,1,1,1,2,1,4,1,1,1,1,1,1,2,1,9,6,1,1,40,2,2,0
1,14,2,2009,3,2,1,2,2,1,1,1,1,1,1,3,1,1,4,4,1,1,18,2,2,1
4,58,4,2009,1,1,1,2,2,1,4,1,2,1,1,1,1,2,14,11,1,1,33,2,2,0
5,58,8,2009,4,1,1,2,2,1,2,1,1,1,1,1,1,2,14,6,1,1,40,1,2,0
8,66,11,2009,4,1,1,2,2,1,1,4,1,1,1,2,1,2,9,1,1,1,32,2,2,0
8,42,12,2009,4,1,1,2,1,1,3,1,1,1,1,5,1,1,10,6,1,1,19,1,2,1
1,29,2,2009,3,2,1,2,2,1,1,1,1,1,1,2,1,2,12,11,1,7,35,1,2,0
1,39,2,2009,3,1,1,2,2,1,1,2,1,1,1,1,1,2,9,6,1,7,33,2,2,1
9,47,4,2009,2,1,1,2,2,1,1,1,1,1,1,1,1,2,9,10,1,1,33,2,2,0
12,47,6,2009,3,1,1,2,2,1,1,1,1,1,1,1,1,2,9,6,1,1,33,2,2,1
12,50,1,2009,2,1,1,2,2,4,2,1,2,1,1,1,1,2,14,6,1,1,33,2,2,0
2,50,9,2009,3,1,1,2,2,1,1,1,1,1,1,4,1,2,7,6,1,1,33,2,2,1
4,47,9,2009,1,3,4,2,2,1,4,1,1,1,1,1,1,2,9,6,1,1,30,2,2,1
3,38,12,2009,3,1,1,2,2,1,1,1,1,1,1,1,1,2,9,6,1,1,33,2,2,0
3,42,7,2009,1,7,8,1,1,1,4,1,1,1,1,1,1,1,9,6,1,1,40,2,1,2
7,56,3,2009,2,2,1,2,2,1,1,1,1,1,1,1,1,2,9,5,2,1,35,2,2,0
5,29,4,2009,3,1,1,2,2,1,1,1,1,1,1,1,1,2,9,6,1,1,35,1,2,0
4,28,1,2009,3,2,4,1,1,1,1,1,1,1,1,1,1,1,14,2,1,1,40,2,2,1
4,31,5,2009,2,1,1,2,2,1,2,1,1,1,1,3,1,2,9,6,1,1,40,2,2,0
7,31,2,2009,2,1,1,1,2,1,2,1,1,1,1,4,1,2,9,6,1,1,30,2,2,2
3,34,2,2009,3,1,1,2,2,1,1,1,1,1,1,1,1,2,11,6,1,1,28,2,2,0
10,34,3,2009,2,2,1,2,2,1,1,1,1,1,1,4,1,2,5,2,1,1,18,2,2,3
1,27,8,2009,2,3,1,2,2,2,1,1,2,1,1,2,4,2,9,6,1,1,33,2,2,0
2,27,1,2009,4,1,1,2,2,1,2,1,1,1,1,2,1,2,19,6,1,1,33,2,2,0
2,33,2,2009,3,1,1,2,2,1,1,2,1,1,1,2,1,2,6,6,2,1,22,2,2,3
2,33,6,2009,2,1,1,1,2,1,1,1,1,1,1,4,1,2,14,6,1,7,45,2,2,0
3,33,1,2009,2,1,1,2,2,1,1,1,1,1,1,4,1,2,1,4,1,1,12,2,2,1
7,33,2,2009,3,1,1,2,2,1,1,1,1,1,1,4,1,2,11,6,1,1,25,1,2,0
1,32,6,2009,2,1,1,2,2,2,1,1,2,1,1,1,1,2,9,6,1,3,50,2,2,0
4,32,8,2009,3,1,1,2,2,1,1,1,1,1,1,2,1,2,9,6,1,1,38,2,2,0
1,30,9,2009,2,3,1,2,2,1,1,1,1,1,1,3,1,1,9,6,1,7,35,2,2,0
2,30,2,2009,2,1,1,2,2,4,2,2,1,1,1,4,1,2,9,6,1,1,30,2,2,3
10,34,6,2009,2,1,1,2,2,1,1,1,1,1,1,1,1,2,13,6,1,1,35,2,2,0
4,34,4,2009,3,2,1,2,2,1,1,1,1,1,1,1,1,2,9,6,1,1,33,2,2,1
10,34,9,2009,2,1,1,2,2,1,1,1,1,1,1,1,1,2,7,6,1,1,33,2,2,0
5,34,9,2009,4,3,1,2,2,1,2,1,1,1,1,3,1,2,9,4,1,2,33,2,2,0
7,30,7,2009,3,1,8,2,2,1,1,2,1,1,2,3,1,2,8,6,1,1,33,2,2,0
1,34,6,2009,2,1,1,2,2,1,2,1,1,1,1,3,1,2,9,2,1,1,33,2,2,0
1,34,6,2009,2,1,1,2,2,1,2,1,1,1,1,1,1,2,14,6,1,1,28,1,2,0
1,34,12,2009,3,2,4,2,2,1,1,1,1,1,1,5,1,1,14,2,1,1,33,2,2,0
1,34,12,2009,2,1,1,2,2,1,1,1,1,1,1,1,1,1,14,6,1,1,33,2,2,1
4,34,9,2009,3,1,1,2,2,2,1,1,2,1,1,1,1,2,9,6,1,1,33,2,2,0
1,33,10,2009,4,1,1,2,2,1,4,1,1,1,1,2,1,1,9,6,1,1,39,2,2,0
3,32,10,2009,1,1,1,2,2,1,1,1,1,1,1,2,1,2,9,6,1,1,33,2,2,0
4,64,6,2009,4,1,1,2,1,3,1,1,1,3,1,2,1,1,9,6,1,2,33,2,2,0
4,64,9,2009,2,1,1,2,2,1,1,1,1,1,1,5,1,1,5,6,1,2,33,2,2,1
11,64,4,2009,4,1,1,2,2,1,3,1,1,1,1,5,1,1,5,6,1,1,25,2,2,1
1,57,6,2009,2,1,1,2,2,1,1,1,1,1,1,5,1,1,17,11,1,2,33,2,2,1
11,63,9,2009,2,1,1,2,1,1,1,1,1,1,1,1,1,2,14,2,1,3,33,2,2,0
7,63,2,2009,4,1,1,2,2,1,1,1,1,1,1,4,1,2,9,6,1,2,33,2,2,0
6,63,2,2009,2,1,1,2,2,1,1,1,1,1,1,2,1,2,9,6,1,2,33,2,2,1
2,65,3,2009,4,1,1,2,2,1,4,1,1,1,1,1,1,2,14,2,1,1,33,1,2,1
1,60,2,2009,3,1,1,2,2,1,1,2,1,1,1,4,1,2,9,6,1,1,33,2,2,0
8,63,12,2009,3,1,1,2,1,1,1,1,1,1,1,1,1,1,9,6,1,1,33,2,2,1
14,63,6,2009,2,1,1,2,2,1,2,3,5,1,2,1,1,2,9,6,1,3,33,2,2,0
10,67,8,2009,3,1,1,2,2,2,3,4,1,1,1,3,4,2,5,2,1,1,25,2,2,0
1,67,11,2009,2,1,1,2,2,1,3,4,1,1,1,1,1,1,7,6,1,2,40,2,2,1
4,1,4,2009,3,1,1,2,2,1,1,1,1,1,1,1,1,2,14,11,1,1,33,2,2,0
6,58,12,2009,3,2,1,2,2,1,1,1,1,1,1,1,1,2,11,6,1,6,33,2,2,0
6,58,5,2009,2,7,1,2,2,1,1,1,1,1,1,1,1,2,10,6,1,2,33,2,2,0
7,58,9,2009,4,1,1,2,2,1,1,1,1,1,1,1,1,1,9,6,1,1,33,2,2,0
1,58,2,2009,4,1,1,2,2,1,4,1,1,1,1,2,1,2,7,6,1,1,33,2,2,0
3,38,1,2009,4,1,1,2,2,1,2,1,1,1,1,1,1,2,14,6,1,7,33,2,2,1
1,47,1,2009,2,1,1,2,2,1,1,1,1,1,1,1,1,2,14,6,1,7,32,2,2,1
1,47,1,2009,3,7,1,2,2,1,1,1,1,1,1,1,1,2,9,6,1,3,33,2,2,0
10,47,1,2009,2,7,8,2,2,1,1,1,1,1,1,3,1,2,6,1,2,7,33,2,2,0
1,45,1,2009,2,7,1,2,2,1,1,1,1,1,1,1,1,2,9,6,1,7,33,2,2,0
4,45,1,2009,3,3,1,2,2,1,1,1,1,1,1,3,1,2,7,2,1,1,25,2,2,0
4,45,2,2009,4,1,1,2,2,1,4,1,1,1,1,3,1,2,5,6,1,1,33,2,2,0
1,51,2,2009,4,3,1,2,2,1,3,1,1,1,1,4,1,2,17,6,2,6,28,2,2,1
5,38,2,2009,3,7,1,2,2,1,1,1,1,2,2,3,1,2,14,6,1,1,21,2,2,3
3,38,2,2009,3,7,1,2,2,1,1,1,1,1,1,3,1,2,14,6,2,1,30,2,2,0
3,36,2,2009,3,1,1,2,2,1,1,1,1,1,1,2,1,2,9,6,1,1,33,2,2,0
2,45,3,2009,2,7,1,2,2,1,1,1,1,1,1,1,1,2,9,6,1,7,33,2,2,0
2,47,3,2009,1,1,1,2,2,1,1,1,1,1,1,1,1,2,14,1,1,1,25,2,2,0
1,45,4,2009,4,1,1,2,2,1,2,1,1,1,1,2,1,1,5,6,1,3,33,2,2,3
2,47,4,2009,2,1,1,2,2,1,1,2,1,1,1,3,1,2,14,6,1,3,33,2,2,1
2,44,4,2009,2,1,1,2,2,1,1,1,1,1,1,1,1,2,12,6,1,1,33,2,2,0
5,44,4,2009,3,1,1,2,2,1,1,1,1,1,1,1,1,2,9,6,1,1,33,2,2,0
3,36,4,2009,3,7,1,2,2,1,1,2,1,1,1,1,1,2,9,6,1,1,33,2,2,0
4,35,4,2009,2,3,1,2,2,1,1,1,1,1,1,1,1,2,9,6,1,1,33,2,2,0
2,35,4,2009,2,1,1,2,2,1,1,1,1,1,1,1,1,2,7,4,1,1,33,2,2,0
4,47,5,2009,2,1,1,2,2,1,1,2,1,1,1,1,1,2,14,6,1,1,33,2,2,0
2,47,5,2009,2,1,1,2,2,1,1,1,1,1,1,1,1,2,9,6,1,1,33,2,2,0
6,45,5,2009,1,1,1,2,2,1,2,1,1,1,1,1,1,2,14,6,1,1,33,2,2,0
6,45,3,2009,2,1,1,2,2,1,1,1,1,1,1,1,1,2,9,5,1,7,33,2,2,1
6,44,5,2009,2,3,1,2,2,1,1,1,1,1,1,2,1,2,12,6,1,1,33,2,2,0
4,36,5,2009,3,1,1,2,2,1,4,1,1,1,1,1,1,2,14,6,1,1,33,2,2,0
3,45,6,2009,3,1,1,2,2,1,1,1,1,1,1,3,1,2,8,6,1,7,33,2,2,0
6,45,6,2009,3,1,1,2,2,1,1,1,1,1,1,1,1,2,9,6,1,3,33,2,2,0
1,37,6,2009,3,1,1,2,2,1,1,1,1,1,1,4,1,2,9,6,1,1,33,2,2,0
1,47,6,2009,1,1,4,2,2,1,2,1,1,1,1,1,1,2,13,6,1,1,22,2,2,0
9,47,6,2009,3,1,1,2,2,1,1,1,1,1,1,1,1,2,8,6,1,1,45,2,2,0
12,47,6,2009,1,1,1,2,2,1,2,1,1,1,1,1,1,2,14,6,1,1,33,2,2,1
12,47,6,2009,3,1,1,2,2,1,1,1,1,1,1,1,1,2,9,6,1,7,35,2,2,1
5,44,7,2009,4,1,1,2,2,1,4,1,1,1,1,1,1,2,9,6,1,1,29,2,2,0
1,47,7,2009,2,1,1,2,2,1,1,1,2,1,1,1,1,1,9,6,1,1,35,2,2,0
1,47,7,2009,1,1,1,2,2,4,2,3,2,1,1,1,1,2,9,4,1,1,25,2,2,1
3,38,7,2009,2,1,1,2,2,1,1,1,1,1,1,1,1,2,9,6,1,1,33,2,2,0
4,36,7,2009,3,1,1,2,2,1,1,2,1,1,1,1,1,2,9,4,1,1,33,2,2,0
1,45,7,2009,2,1,1,2,2,2,1,1,2,1,1,1,1,2,9,6,1,7,33,2,2,0
6,45,7,2009,3,1,1,2,2,1,1,1,1,1,1,1,1,2,7,6,1,7,33,2,2,2
2,45,7,2009,3,1,1,2,2,2,1,2,2,1,1,1,1,2,14,6,1,7,33,2,2,0
6,43,6,2009,3,1,1,2,2,1,1,1,1,1,1,2,1,2,14,6,1,1,33,2,2,0
4,43,6,2009,3,7,1,2,2,1,1,3,1,1,1,1,1,2,9,6,1,1,33,2,2,0
7,41,1,2009,2,7,2,2,2,1,1,1,1,1,1,2,1,2,7,4,1,1,33,2,2,0
6,41,1,2009,3,3,1,2,2,1,1,1,1,3,1,3,1,2,13,6,1,1,33,2,2,1
1,41,2,2009,3,2,1,2,2,1,1,1,1,1,1,1,1,1,10,1,1,1,33,2,2,2