Thana,District,Month,Year,Time,Junction_Type,Traffic_Control,Movement,Divider,Weather,Light,Road_Geometry,Surface_Condition,Surface_Type,Surface_Quality,Road_Class,Road_Feature,Location_Type,Vehicle_Type,Vehicle_Movement,Vehicle_Loading,Vehicle_Defect,Vehicle_Driver_Age,Vehicle_Alcohol,Vehicle_Seat_Belt,Accident_Severity
6,41,4,2009,2,1,1,2,2,1,1,1,1,1,1,1,1,2,8,6,1,1,33,2,2,1
6,41,4,2009,2,1,1,2,2,1,1,1,1,1,1,2,1,2,9,6,1,1,33,2,2,1
7,41,7,2009,3,7,4,2,2,1,1,1,1,1,1,1,1,2,14,6,2,3,33,2,2,0
7,41,7,2009,2,7,4,2,2,1,1,1,1,1,1,4,1,2,8,6,1,1,33,2,2,0
5,45,8,2009,3,1,1,2,2,1,1,1,1,1,1,1,1,2,14,6,1,1,33,2,2,0
2,45,8,2009,4,1,1,2,2,1,1,1,1,1,1,1,1,2,9,6,1,1,33,2,2,1
3,40,3,2009,5,1,1,2,2,1,1,4,1,1,1,1,1,2,9,6,1,1,33,2,2,0
1,40,4,2009,3,1,1,2,2,1,1,1,1,1,1,5,1,1,13,6,1,1,33,2,2,0
3,40,4,2009,3,1,1,2,2,1,1,1,1,1,1,1,1,2,9,6,1,1,33,2,2,0
6,40,6,2009,2,1,1,2,2,1,1,2,1,1,1,3,1,2,14,2,1,1,35,2,2,0
6,40,7,2009,3,1,1,2,2,1,1,1,1,1,1,1,1,2,9,6,1,1,33,2,2,0
1,40,8,2009,4,1,1,2,2,1,2,1,1,1,1,1,1,1,9,6,1,1,33,2,2,0
5,40,8,2009,2,1,1,2,2,2,1,1,2,1,1,1,1,2,9,4,1,3,39,2,2,0
1,47,8,2009,3,1,1,2,2,1,1,1,1,1,1,1,1,2,14,6,1,1,40,2,2,0
1,47,8,2009,3,1,1,2,2,2,1,2,2,1,1,1,1,2,12,6,1,1,30,2,2,0
11,47,8,2009,4,7,8,2,2,2,4,1,2,3,2,4,1,2,1,6,1,1,14,2,2,0
7,47,8,2009,1,1,1,2,2,1,4,1,1,1,1,1,1,2,14,6,1,1,33,2,2,0
9,47,8,2009,2,1,1,2,2,1,1,1,1,1,1,1,1,2,12,6,1,1,29,2,2,0
6,38,9,2009,2,1,1,2,2,1,1,1,1,1,1,1,1,2,9,6,1,1,33,2,2,0
5,45,9,2009,4,1,1,2,2,1,4,1,1,1,1,1,2,2,14,6,1,1,33,2,2,2
4,50,2,2009,2,2,1,2,2,1,1,1,1,1,1,5,1,1,10,6,1,1,30,2,2,1
12,50,4,2009,2,1,1,2,2,1,1,1,1,1,1,1,1,1,14,6,1,1,33,2,2,0
2,50,6,2009,2,1,1,2,2,1,1,1,1,1,1,3,1,2,17,6,2,6,33,2,2,0
5,50,6,2009,3,1,1,2,2,1,1,1,1,1,1,2,1,1,9,6,1,1,33,2,2,0
13,50,7,2009,3,1,1,2,2,1,1,1,1,1,1,2,1,2,14,6,1,1,40,2,2,0
12,50,7,2009,2,1,1,2,2,2,2,2,2,1,1,1,1,2,9,6,1,3,35,2,2,0
1,50,8,2009,3,2,2,2,2,1,1,1,1,1,1,1,1,1,6,6,1,3,33,2,2,1
4,47,9,2009,2,1,1,2,2,1,1,1,1,1,1,3,1,2,14,6,1,1,27,2,2,0
12,47,9,2009,2,1,1,2,2,1,2,1,1,1,1,1,1,2,14,6,1,1,25,2,2,0
9,47,9,2009,2,1,1,2,2,1,1,1,2,1,1,1,1,2,13,1,1,1,35,2,2,0
1,47,9,2009,3,1,1,2,2,2,1,1,2,1,1,1,1,2,9,6,1,3,33,2,2,3
1,47,9,2009,4,1,1,2,2,2,1,1,2,1,1,1,1,2,9,6,1,1,33,2,2,0
1,35,9,2009,3,1,1,2,2,1,1,1,1,1,1,1,1,2,12,6,1,1,22,2,2,1
5,37,9,2009,3,4,1,2,2,2,1,2,2,1,2,3,4,2,9,6,1,1,50,2,2,0
6,44,8,2009,3,1,1,2,2,1,1,3,1,1,1,2,1,2,8,6,1,1,33,2,2,1
6,44,8,2009,2,1,1,2,2,1,1,1,1,1,1,5,1,1,8,6,1,1,33,2,2,0
6,44,9,2009,3,1,4,2,2,1,1,1,1,1,1,1,1,2,13,4,1,3,33,2,2,2
1,39,9,2009,3,1,1,2,2,1,1,3,1,1,1,3,1,2,8,4,1,1,30,2,2,0
3,40,3,2009,3,1,1,2,2,1,1,1,1,1,1,1,1,2,9,4,1,1,45,2,2,0
6,40,9,2009,3,1,1,2,2,1,1,1,1,1,1,1,1,2,9,4,1,1,33,2,2,1
3,40,9,2009,3,1,1,2,2,1,1,1,1,1,1,1,1,2,9,2,1,1,33,2,2,1
3,38,10,2009,1,7,1,2,2,1,4,1,1,1,1,1,1,2,7,6,1,1,33,2,2,0
3,38,9,2009,2,1,1,2,2,1,1,1,1,1,1,1,1,2,9,6,1,1,33,2,2,0
1,45,10,2009,3,1,1,2,2,1,1,1,1,1,1,2,1,2,6,6,1,6,33,2,2,0
2,45,10,2009,1,1,1,2,2,1,2,1,1,1,1,1,1,2,14,6,1,1,55,2,2,0
9,47,10,2009,3,1,1,2,2,1,1,1,1,1,1,1,1,2,8,6,1,3,33,2,2,0
2,47,10,2009,2,1,1,2,2,1,1,1,1,1,1,3,1,2,9,6,1,1,22,2,2,0
12,47,10,2009,1,1,1,2,2,1,4,1,1,1,1,1,1,2,14,6,1,1,33,2,2,2
2,50,10,2009,4,1,1,2,2,1,4,1,1,1,1,1,1,2,9,6,1,1,33,2,2,0
6,41,10,2009,3,3,1,2,2,1,1,1,1,1,1,1,1,2,12,4,1,3,33,2,2,0
6,41,10,2009,3,1,1,2,2,1,1,1,1,1,1,1,1,2,14,6,1,1,33,2,2,0
12,47,11,2009,2,1,1,2,2,1,2,1,1,1,1,1,1,2,14,5,1,3,33,2,2,0
1,47,11,2009,3,1,1,2,2,1,1,3,1,1,1,1,1,2,10,2,1,3,33,2,2,0
9,47,11,2009,4,1,1,2,2,1,4,1,1,1,1,1,1,2,14,6,1,1,33,2,2,0
9,47,11,2009,3,1,1,2,2,1,1,2,1,1,1,1,1,2,9,6,1,1,37,2,2,0
1,38,11,2009,4,1,1,2,2,1,2,1,1,1,1,5,1,1,14,6,1,1,38,2,2,0
1,38,11,2009,3,3,1,2,2,1,1,1,1,1,1,1,1,1,9,6,1,1,35,2,2,0
7,51,11,2009,2,1,1,2,2,1,1,1,1,1,1,3,1,2,17,6,2,6,22,2,2,0
1,45,11,2009,2,1,1,2,2,1,1,1,1,1,1,1,1,2,7,6,1,1,28,2,2,0
1,40,11,2009,3,1,1,2,2,1,1,1,1,1,1,1,1,1,9,6,1,1,33,2,2,1
6,40,11,2009,2,1,1,2,2,1,1,1,1,1,1,1,1,2,7,2,1,4,25,2,2,0
1,46,5,2009,4,1,1,2,2,1,4,1,1,1,1,1,1,2,12,6,1,3,33,2,2,0
1,46,6,2009,1,1,1,2,2,1,4,1,1,1,1,1,1,2,13,6,1,3,33,2,2,0
1,46,6,2009,4,1,1,2,2,1,3,1,1,1,1,1,1,1,10,6,1,1,33,2,2,0
1,46,7,2009,2,3,4,2,2,1,1,1,1,1,3,1,1,1,9,6,1,1,33,2,2,0
1,46,7,2009,2,1,1,2,2,1,1,1,1,1,1,1,1,2,19,6,1,6,33,2,2,0
1,46,8,2009,1,1,1,2,2,1,4,1,2,1,2,1,1,2,14,6,1,3,40,2,2,1
5,46,11,2009,3,1,1,2,2,1,1,1,1,1,1,3,1,1,14,6,1,1,33,2,2,1
4,46,7,2009,2,2,1,2,2,1,1,2,1,1,1,1,1,1,8,6,1,3,33,2,2,1
3,46,6,2009,3,1,1,2,2,1,1,1,1,1,1,3,1,2,9,6,1,1,33,2,2,1
2,46,7,2009,1,1,1,2,2,1,2,1,1,1,1,1,1,2,16,6,1,3,40,2,2,0
2,46,9,2009,3,1,1,2,2,1,1,1,1,1,1,1,1,1,14,6,1,1,33,2,2,0
1,39,11,2009,3,1,1,2,2,1,1,1,1,1,1,1,1,2,13,6,1,1,22,2,2,0
6,44,11,2009,1,1,1,2,2,1,2,1,1,1,1,1,1,1,14,6,1,1,35,2,2,0
7,50,11,2009,2,1,1,2,2,4,1,4,1,1,1,2,1,2,9,1,1,1,40,2,2,0
1,48,11,2009,2,1,4,2,2,1,1,1,1,1,1,1,1,2,14,4,1,1,33,2,2,1
5,45,12,2009,2,1,1,2,2,1,1,1,1,1,1,3,1,2,6,6,1,1,33,2,2,0
5,45,12,2009,2,1,1,2,2,1,1,2,1,1,1,4,1,2,9,6,1,1,33,2,2,1
1,50,12,2009,3,1,1,2,2,1,1,1,1,1,1,1,1,2,9,6,1,3,33,2,2,0
12,47,12,2009,2,1,1,1,1,1,1,1,1,1,1,1,1,2,14,6,1,1,33,2,2,2
3,51,12,2009,3,1,1,2,2,1,1,2,1,1,1,4,1,2,9,6,1,1,36,2,2,0
5,44,12,2009,3,1,1,2,2,1,1,1,1,1,1,1,1,2,8,6,1,1,33,2,2,0
4,36,11,2009,2,7,1,2,2,1,1,2,1,1,1,1,1,2,9,6,1,1,33,2,2,0
3,36,12,2009,3,1,1,2,2,1,1,1,1,1,1,2,1,2,9,6,1,1,33,2,2,0
5,44,12,2009,3,1,1,2,2,1,1,1,1,1,1,1,1,2,14,6,1,1,33,2,2,0
5,44,12,2009,2,1,1,2,2,4,1,1,1,1,1,1,1,2,9,6,1,1,33,2,2,0
1,40,12,2009,3,1,1,2,2,1,1,1,1,1,1,5,1,1,14,6,1,1,33,2,2,0
6,42,1,2009,2,1,1,2,2,4,1,1,1,1,1,2,1,2,9,6,1,1,42,2,2,0
15,42,3,2009,2,1,1,2,2,1,1,1,1,1,1,1,1,1,14,6,1,1,45,1,2,0
33,42,3,2009,1,1,1,2,1,2,1,1,1,1,1,1,1,1,14,6,1,1,43,1,2,0
15,42,5,2009,2,1,1,1,1,1,3,1,1,1,1,2,1,1,4,6,1,1,27,2,2,0
15,42,6,2009,3,1,1,2,2,1,4,2,1,1,1,2,1,1,10,6,1,1,35,2,2,1
3,42,2,2009,1,1,1,1,1,4,1,1,1,1,1,1,1,1,14,6,1,3,32,2,2,0
33,42,5,2009,2,7,4,1,1,1,2,1,1,1,1,1,1,1,10,6,1,1,32,2,2,2
33,42,6,2009,2,1,1,2,2,1,1,1,1,1,1,1,1,1,8,6,1,1,35,2,2,0
35,42,7,2009,1,7,1,2,2,1,1,1,5,1,2,2,1,2,14,6,1,7,40,2,2,0
6,42,7,2009,1,1,1,2,2,1,2,1,1,1,1,1,1,1,14,6,1,1,40,1,2,0
6,42,8,2009,2,7,8,2,2,1,1,1,5,1,2,2,1,1,19,6,1,7,28,1,2,1
11,42,8,2009,1,7,8,1,1,1,3,1,1,1,1,3,1,1,14,6,1,1,40,2,2,0
23,42,3,2009,2,7,1,1,1,1,1,1,1,1,1,1,1,1,8,6,1,3,30,2,2,0
23,42,3,2009,1,3,1,1,1,1,3,2,1,1,1,1,1,1,11,1,1,7,42,2,2,1
15,42,9,2009,2,1,1,2,2,1,1,1,1,1,1,2,1,1,14,6,1,1,38,1,2,0
10,42,9,2009,2,1,1,1,1,1,1,1,1,1,1,5,1,1,12,6,1,1,32,2,2,2
33,42,9,2009,4,3,1,2,2,1,1,1,1,1,1,5,1,1,14,6,1,1,42,2,2,1
9,42,12,2009,3,1,4,1,1,1,1,1,1,1,1,5,1,1,9,6,1,1,38,2,2,2
1,42,11,2009,3,1,4,1,1,1,1,1,1,1,1,5,1,1,8,6,1,1,35,2,2,2
15,42,12,2009,4,7,1,2,2,1,2,1,1,1,1,2,1,1,14,6,1,1,38,2,1,0
10,42,11,2009,2,1,1,2,2,1,1,1,1,1,1,5,1,1,10,6,1,1,38,2,2,1
1,26,4,2009,3,1,1,2,2,1,1,1,1,1,1,4,1,2,14,6,1,6,20,1,2,0
2,20,1,2009,2,3,1,2,2,1,1,2,1,1,1,4,1,2,9,1,1,1,33,1,2,0
4,21,3,2009,3,3,1,2,2,1,1,1,1,1,1,4,1,1,9,6,1,1,42,2,2,1
8,13,6,2009,1,7,1,1,1,1,3,1,1,1,1,1,1,2,9,3,1,1,35,2,2,0
3,8,7,2009,3,1,1,2,1,1,1,1,1,1,1,1,1,2,9,6,1,1,33,2,2,0
4,15,1,2009,3,1,1,2,1,1,1,1,1,1,2,3,1,1,9,6,1,7,33,2,2,0
1,15,4,2009,2,1,4,2,2,1,1,1,1,1,1,1,1,1,9,6,1,1,33,2,2,0
5,13,8,2009,2,1,1,1,2,1,1,2,1,1,1,2,1,2,9,1,1,1,33,2,2,0
5,13,4,2009,2,1,8,2,1,1,2,2,1,1,1,2,1,2,12,6,1,7,40,2,2,0
3,8,8,2009,1,1,1,2,1,2,4,1,2,1,1,1,1,2,9,11,2,7,33,2,2,0
9,13,7,2009,2,1,1,2,2,1,1,3,1,1,2,3,1,2,9,2,1,1,30,2,2,0
5,17,7,2009,3,2,1,2,2,1,1,1,1,1,1,4,1,2,8,6,1,1,25,2,2,0
10,17,5,2009,3,7,8,2,2,2,1,1,2,1,2,1,1,2,1,6,1,7,35,2,2,0
1,2,11,2009,2,1,1,1,2,1,1,1,1,1,1,1,1,2,13,6,2,1,31,2,2,0
1,2,12,2009,2,1,1,1,2,4,1,1,1,1,1,1,1,2,8,6,1,1,40,2,2,1
6,5,3,2009,2,1,1,2,2,1,1,1,1,1,1,1,1,2,9,6,1,1,33,1,2,0
6,5,5,2009,2,1,1,2,2,2,1,1,2,1,1,1,3,2,13,11,1,7,33,2,1,0
10,9,11,2009,3,7,2,2,2,1,1,1,5,1,1,1,1,2,9,6,1,1,33,2,2,0
11,16,9,2009,3,7,8,2,2,1,1,1,1,1,1,1,1,2,9,6,1,7,32,2,2,0
1,12,9,2009,1,1,1,2,1,1,1,1,1,1,1,2,2,1,8,6,2,1,33,2,2,0
3,17,9,2009,2,1,1,2,1,1,1,1,1,1,1,3,1,2,6,5,2,1,33,2,2,0
2,6,12,2009,2,1,1,2,2,4,1,2,2,1,1,1,1,2,14,1,1,1,40,2,2,0
1,3,1,2009,3,1,1,2,2,1,1,1,1,1,1,2,1,1,8,6,1,7,45,2,2,0
10,9,2,2009,2,1,1,2,2,1,1,1,1,2,1,1,1,1,14,6,1,7,26,2,2,1
2,9,7,2009,4,1,1,2,2,1,4,1,1,1,1,2,1,2,14,6,1,7,30,2,2,1
12,9,12,2009,4,1,1,2,2,1,2,1,1,1,1,3,1,2,13,6,1,1,33,2,2,0
3,28,3,2009,3,1,1,1,2,1,1,1,1,1,1,1,1,1,14,6,1,1,33,2,2,1
4,28,8,2009,4,1,4,2,2,1,3,1,1,1,1,1,1,1,14,5,1,1,38,2,1,0
1,34,9,2010,3,1,1,2,2,1,1,1,1,1,1,1,1,2,9,6,1,1,33,2,2,0
10,34,6,2010,3,4,1,2,2,1,1,1,1,1,1,1,1,2,9,10,1,1,42,2,2,1
3,32,2,2010,2,1,1,2,2,1,1,1,1,1,1,3,1,2,13,6,1,1,33,2,2,0
4,34,3,2010,3,1,1,2,2,1,1,1,1,1,1,1,1,2,8,6,1,1,30,2,2,0
1,32,4,2010,2,3,1,2,2,1,1,1,1,1,1,3,1,1,9,6,1,1,33,2,2,0
2,33,8,2010,3,1,1,2,2,2,1,1,2,1,1,3,1,2,14,6,1,1,33,2,2,0
2,31,8,2010,4,1,5,2,2,1,2,1,1,1,1,2,1,2,13,6,2,2,23,2,2,1
2,27,1,2010,4,1,1,2,2,1,4,1,1,1,1,2,1,2,9,6,1,1,33,2,2,0
4,34,4,2010,2,1,1,2,2,1,1,1,1,1,1,1,1,2,9,5,1,1,48,2,2,0
2,27,5,2010,2,1,1,2,2,1,1,1,1,1,1,3,1,2,9,4,1,1,33,2,2,0
2,27,5,2010,1,1,1,2,2,1,1,1,1,1,1,3,1,2,9,6,1,1,33,2,2,1
7,34,6,2010,3,1,1,2,2,1,1,1,1,1,1,4,1,2,12,6,1,1,33,2,2,0
5,31,6,2010,4,1,1,2,2,1,2,1,1,1,1,3,1,2,15,6,2,6,33,2,2,0
1,27,6,2010,4,1,1,2,2,1,2,1,1,1,1,3,1,2,9,6,1,1,33,2,2,0
6,34,7,2010,3,1,1,2,2,1,1,1,1,1,1,2,1,2,14,5,2,1,40,2,2,0
6,34,7,2010,3,1,1,2,2,1,1,1,1,1,1,1,1,2,9,6,1,1,42,2,2,3
8,34,7,2010,4,1,1,2,1,4,1,1,1,1,3,1,2,1,4,6,1,1,33,2,2,0
2,32,7,2010,3,7,8,2,2,1,1,1,1,1,1,3,1,2,19,6,1,7,23,2,2,0
2,27,7,2010,2,1,1,2,2,1,1,1,1,1,1,3,1,2,9,6,1,1,33,2,2,1
3,34,9,2010,2,1,8,2,2,1,1,1,1,1,1,2,1,2,9,6,1,1,33,2,2,1
1,32,9,2010,3,4,1,2,2,1,1,1,1,1,1,5,1,1,19,5,1,1,23,2,2,0
3,32,9,2010,4,1,1,2,2,1,4,1,1,1,2,3,1,2,8,5,2,1,40,2,2,0
1,34,1,2010,4,1,8,2,2,1,3,1,1,1,1,5,1,1,9,6,1,3,33,2,2,0
1,34,3,2010,3,1,1,2,2,1,1,1,1,1,1,5,1,1,14,6,1,1,33,2,2,1
1,34,3,2010,1,1,8,2,2,1,1,1,1,1,1,5,1,1,14,6,1,1,33,2,2,1
1,34,3,2010,2,1,8,2,2,1,1,1,1,1,1,5,1,1,15,6,1,3,33,2,2,0
1,34,4,2010,2,1,1,2,1,1,1,1,1,1,1,1,1,1,9,8,1,1,33,2,2,0
1,34,5,2010,1,1,1,2,2,3,1,2,1,1,1,1,1,1,14,6,1,1,33,2,2,0
1,34,5,2010,3,2,4,2,2,1,1,1,1,1,1,1,1,1,9,6,1,1,33,2,2,0
1,34,6,2010,2,1,1,2,2,2,1,1,2,1,1,5,1,1,14,7,1,1,33,2,2,0
1,34,6,2010,4,1,1,2,2,2,3,1,2,1,1,5,1,2,14,6,1,1,33,2,2,1
1,34,8,2010,3,1,1,2,2,1,1,2,1,1,1,1,1,1,10,6,1,1,33,2,2,0
1,34,10,2010,3,1,1,2,2,1,1,1,1,1,1,1,5,1,9,6,1,1,33,2,2,0
1,34,12,2010,2,1,1,2,2,1,1,1,1,1,1,2,1,2,8,6,1,1,40,2,2,0
7,34,11,2010,2,1,1,2,2,1,1,1,1,1,1,4,1,2,12,6,1,1,25,2,2,0
6,34,11,2010,4,1,1,2,2,1,3,4,1,1,1,2,1,2,9,2,1,1,33,2,2,0
1,31,11,2010,2,1,1,2,2,1,1,1,1,1,1,2,1,2,4,6,1,1,25,2,2,1
3,32,11,2010,2,1,1,2,2,1,1,1,1,1,1,1,1,2,7,6,1,1,33,2,2,1
6,34,6,2010,2,1,1,2,2,1,1,1,1,1,1,1,1,2,9,6,1,7,40,2,2,0
6,34,9,2010,3,1,1,2,2,1,1,1,1,1,1,1,1,2,9,6,1,1,33,2,2,1
12,64,9,2010,3,1,1,2,2,1,1,1,1,1,1,2,1,2,4,6,1,2,33,1,2,0
9,64,5,2010,4,3,1,2,1,1,2,3,1,1,1,5,1,1,14,6,1,7,40,1,2,0
9,64,10,2010,2,3,1,2,1,1,1,1,1,1,1,5,1,1,14,6,1,7,25,1,2,1
9,64,11,2010,2,1,3,2,1,1,1,1,1,1,1,5,1,1,4,6,1,7,33,1,2,0
8,64,12,2010,2,1,1,2,2,1,2,1,1,1,1,5,1,1,5,6,1,2,33,2,2,0
6,64,1,2010,1,1,1,2,1,1,3,1,1,1,1,5,1,1,9,6,1,1,33,1,2,0
6,64,9,2010,3,1,1,2,1,1,1,1,1,1,1,5,1,1,9,6,1,1,33,1,2,1
6,64,10,2010,4,1,4,2,1,1,2,1,1,1,1,5,1,1,14,6,1,1,45,1,2,0
7,64,8,2010,3,1,1,2,1,1,1,1,1,1,1,5,1,1,9,6,1,1,30,1,2,0
7,64,11,2010,3,1,4,2,2,1,1,1,1,1,1,5,1,1,9,6,1,1,29,1,2,1
10,64,12,2010,3,1,1,2,2,1,1,1,1,1,1,5,1,1,6,6,1,1,45,1,2,3
2,64,6,2010,2,3,4,2,1,1,1,1,1,1,1,5,1,1,7,6,1,1,35,1,2,1
2,64,3,2010,3,3,4,2,1,1,1,1,1,1,1,5,1,1,14,6,1,1,33,1,2,1
1,64,8,2010,2,3,1,2,2,1,1,1,1,1,1,5,1,1,14,6,1,1,24,1,2,1
1,64,11,2010,4,3,4,2,2,1,2,1,1,1,1,5,1,1,14,6,1,1,33,1,2,3
2,62,2,2010,3,1,1,2,2,1,1,1,1,1,1,3,1,2,9,5,1,1,37,2,2,0
2,62,2,2010,4,1,1,2,2,1,4,1,1,3,1,3,1,2,6,6,1,7,25,2,2,0
2,57,2,2010,3,4,1,2,2,1,1,1,1,1,1,1,1,2,9,6,1,1,27,2,2,0
2,65,6,2010,2,1,1,2,2,1,1,2,1,1,1,1,1,2,9,5,1,7,37,2,2,0
1,61,3,2010,3,1,1,2,2,1,1,1,1,1,1,1,1,2,14,6,2,7,35,2,2,0
2,61,3,2010,2,3,1,2,2,1,1,1,1,1,1,1,1,2,14,6,1,1,33,2,2,0
1,61,5,2010,3,3,1,2,2,1,1,1,1,1,1,4,1,2,14,6,1,1,33,2,2,0
2,61,5,2010,3,1,1,2,2,1,1,1,1,1,1,1,1,2,5,1,1,1,33,2,2,1
3,61,5,2010,2,7,1,2,2,1,1,2,1,1,1,3,1,2,19,6,2,7,33,2,2,0
1,59,8,2010,1,1,1,2,2,1,3,1,1,1,1,2,1,1,5,6,1,1,33,2,2,0
6,59,8,2010,2,2,1,2,2,1,1,1,1,1,1,3,1,2,4,6,1,1,22,2,2,1
1,60,3,2010,2,1,1,2,2,1,1,1,1,1,1,1,1,2,13,1,1,2,33,2,2,0
1,60,6,2010,2,1,1,2,2,1,1,1,1,1,1,4,1,2,5,6,1,1,33,2,2,0
1,63,2,2010,2,7,1,2,2,1,1,1,1,1,1,2,1,2,4,6,1,1,33,2,2,2
5,66,4,2010,3,1,1,2,2,1,1,1,1,1,1,4,1,2,10,6,1,2,33,1,0,1
6,66,4,2010,3,1,1,2,2,1,1,4,1,1,1,2,1,2,14,6,1,1,32,2,2,0
1,57,5,2010,2,1,1,2,2,1,1,1,1,1,3,1,1,2,10,6,1,1,25,2,2,0
8,63,3,2010,1,1,1,2,2,1,4,1,1,1,1,1,1,2,12,5,1,1,33,2,2,0
8,63,5,2010,5,1,1,2,2,1,1,1,1,1,1,2,1,2,14,6,1,1,33,2,2,0
9,63,5,2010,2,1,1,2,2,1,1,2,1,1,1,1,1,2,8,5,1,1,33,2,2,0
9,63,6,2010,4,1,1,2,2,1,4,1,1,1,1,1,1,2,8,6,1,1,33,1,2,0
7,63,2,2010,3,1,1,2,2,1,1,1,1,1,1,1,1,2,9,6,1,1,33,2,2,0
14,58,1,2010,4,1,1,2,2,4,4,2,1,1,1,4,1,2,8,5,1,7,33,2,2,0
2,65,10,2010,3,1,1,2,2,1,1,2,1,1,1,1,1,2,9,6,2,1,33,2,2,0
6,58,12,2010,1,1,1,2,2,1,2,1,1,1,1,1,1,2,12,6,1,1,33,2,2,0
1,67,6,2010,2,1,1,2,2,1,1,2,1,1,1,1,1,1,14,6,1,1,42,2,2,0
10,63,7,2010,2,1,1,2,2,2,1,1,1,1,1,5,1,1,4,6,1,1,40,2,2,0
8,63,3,2010,2,1,1,2,1,1,1,1,1,1,1,1,1,2,14,5,1,1,40,2,2,0
9,63,10,2010,2,1,1,2,2,1,1,1,1,1,1,1,1,2,9,6,1,1,32,2,2,0
9,63,5,2010,2,1,1,2,2,1,1,2,1,1,1,1,1,1,9,5,1,1,48,2,2,0
6,63,4,2010,2,1,1,2,2,1,1,1,1,1,1,2,1,1,14,5,1,1,42,2,2,0
11,63,1,2010,3,1,1,2,2,1,1,2,1,1,1,1,1,2,14,6,1,1,33,2,2,0
3,63,3,2010,3,1,1,2,2,1,1,2,1,1,1,3,1,2,9,6,2,1,40,2,2,1
5,57,11,2010,2,1,1,1,1,1,1,1,1,1,1,1,1,2,14,6,1,1,35,2,2,0
2,61,9,2010,4,1,1,2,2,1,4,1,1,1,1,1,1,2,12,10,1,1,33,2,2,0
11,58,8,2010,1,1,1,2,2,1,1,1,1,1,1,3,1,2,9,6,1,1,36,2,2,0
2,65,10,2010,3,1,1,2,2,1,1,2,1,1,1,1,1,2,9,2,1,1,33,2,2,0
5,58,8,2010,3,1,1,2,2,1,1,1,1,1,1,1,1,2,12,6,1,1,45,2,2,3
5,67,8,2010,3,1,1,2,2,1,1,4,1,1,3,3,1,2,5,6,1,1,25,2,2,0
9,57,12,2010,4,1,1,2,2,1,4,1,1,1,1,2,1,2,17,6,1,1,33,2,2,0
4,63,5,2010,3,1,1,2,2,1,1,1,1,1,1,1,1,2,9,6,1,1,33,2,2,1
4,63,5,2010,4,1,1,2,2,1,2,1,1,1,1,1,1,2,13,6,1,1,33,2,2,2
4,60,1,2010,2,1,1,2,2,1,1,1,1,1,1,4,1,2,8,5,1,1,38,2,2,0
10,63,11,2010,4,1,1,2,2,1,4,1,1,1,1,2,1,2,12,6,1,1,33,2,2,0
8,63,5,2010,2,1,1,2,2,2,2,1,2,1,1,1,1,2,9,6,1,1,33,2,2,0
6,60,5,2010,2,1,1,2,2,1,1,1,1,2,2,4,4,2,4,6,1,7,33,2,2,0
6,60,1,2010,4,2,1,2,2,1,1,2,1,1,1,1,4,1,9,6,1,1,33,2,2,0
3,61,6,2010,3,1,1,2,2,1,1,1,1,1,1,1,1,2,10,5,1,1,33,2,2,3
8,63,9,2010,3,1,1,2,2,1,1,1,1,1,1,1,1,2,14,6,1,1,45,2,2,0
2,57,2,2010,3,1,1,2,2,1,1,1,1,1,1,3,1,2,17,6,1,1,26,2,2,0
10,58,10,2010,3,1,1,2,2,1,1,1,1,1,1,2,1,2,9,5,1,1,33,2,2,0
1,60,10,2010,4,2,1,2,2,1,3,1,1,1,1,5,1,1,9,6,1,1,33,2,2,0
8,63,6,2010,1,1,1,2,2,1,2,1,1,1,1,1,1,2,13,6,1,1,33,2,2,0
9,57,4,2010,2,1,1,2,2,1,1,1,1,1,1,2,1,2,17,6,1,1,33,2,2,0
8,57,8,2010,2,1,1,2,2,1,1,1,1,1,1,1,1,2,14,6,1,1,33,2,2,0
1,57,5,2010,3,1,1,2,2,1,1,1,1,1,2,1,1,1,5,10,1,1,33,2,2,0
6,66,8,2010,3,1,1,2,2,1,1,2,1,1,1,3,1,2,17,6,1,1,33,2,2,3
1,47,1,2010,3,3,1,2,2,1,1,1,1,1,1,1,1,1,9,6,1,1,33,2,2,0
2,47,2,2010,2,1,1,2,2,1,1,1,1,1,1,3,1,2,9,6,1,1,25,2,2,0
12,47,1,2010,1,1,1,2,2,1,3,2,1,1,1,1,2,2,14,6,1,1,33,2,2,2
1,50,1,2010,2,1,1,2,2,1,1,1,1,1,1,2,1,2,12,6,1,1,33,2,2,1
11,50,1,2010,4,1,1,2,2,1,2,1,1,1,3,2,1,2,12,6,1,1,33,2,2,0
5,37,1,2010,2,1,1,2,2,1,1,1,1,3,2,4,1,2,19,6,2,6,30,2,2,0
4,38,2,2010,2,1,1,2,2,1,1,1,1,1,1,2,1,2,4,6,1,3,33,2,2,0
3,38,2,2010,3,1,1,2,2,1,1,1,1,1,1,1,3,2,9,6,1,3,33,2,2,0
7,48,2,2010,2,1,1,2,2,1,1,2,1,1,1,3,1,2,14,6,1,3,33,2,2,0
3,44,2,2010,3,3,1,2,2,1,1,1,1,1,1,1,1,1,8,6,1,3,33,2,2,0
1,49,2,2010,3,1,1,2,2,1,1,1,1,1,1,2,1,2,9,6,1,3,33,2,2,0
2,45,2,2010,3,1,1,2,2,1,1,1,1,1,1,1,1,2,9,6,1,3,33,2,2,0