Thana,District,Month,Year,Time,Junction_Type,Traffic_Control,Movement,Divider,Weather,Light,Road_Geometry,Surface_Condition,Surface_Type,Surface_Quality,Road_Class,Road_Feature,Location_Type,Vehicle_Type,Vehicle_Movement,Vehicle_Loading,Vehicle_Defect,Vehicle_Driver_Age,Vehicle_Alcohol,Vehicle_Seat_Belt,Accident_Severity
1,37,2,2010,2,1,1,2,2,1,1,4,1,1,1,2,2,2,7,2,1,3,24,2,2,1
6,51,2,2010,4,1,1,2,2,1,2,3,1,1,1,3,1,2,13,6,1,3,35,2,2,0
2,47,2,2010,2,1,1,2,2,1,1,1,1,1,1,3,1,2,8,6,1,1,25,2,2,0
6,40,2,2010,2,1,1,2,2,1,1,1,1,1,1,1,1,2,9,6,1,1,38,2,2,0
3,40,2,2010,3,2,1,2,2,1,1,1,1,1,1,4,1,2,19,6,1,1,35,2,2,0
1,35,3,2010,3,2,1,2,2,1,1,1,1,1,1,1,1,2,9,6,1,1,33,2,2,0
3,38,3,2010,2,1,1,2,2,1,2,1,1,1,1,1,1,2,14,6,1,1,33,2,2,0
12,50,3,2010,3,1,1,2,2,1,1,1,1,1,1,4,1,2,10,5,1,1,33,2,2,0
2,50,3,2010,3,1,1,2,2,1,1,1,1,1,1,4,1,2,15,6,1,3,33,2,2,0
2,47,3,2010,1,1,1,2,2,1,4,1,1,1,1,1,1,2,14,6,1,1,30,2,2,1
8,47,3,2010,2,4,1,2,2,1,1,1,1,1,1,1,1,2,9,6,1,3,33,2,2,0
12,47,3,2010,2,1,1,2,2,1,1,1,1,1,1,1,1,2,13,6,1,3,33,2,2,1
5,45,3,2010,1,1,1,2,2,1,4,1,1,1,1,1,1,2,9,6,1,1,33,2,2,3
2,49,3,2010,3,1,1,2,2,1,1,1,1,1,1,3,1,2,14,6,1,3,33,2,2,0
9,51,3,2010,2,1,1,2,2,1,1,1,1,1,1,4,1,2,9,5,1,1,35,2,2,0
1,44,3,2010,3,1,1,2,2,1,1,1,1,1,1,5,1,1,14,2,1,1,32,2,2,0
4,44,1,2010,2,2,1,2,2,1,1,1,1,1,1,2,1,1,9,6,1,3,33,2,2,1
3,44,4,2010,3,1,1,2,1,1,1,1,1,1,1,5,1,1,9,6,1,3,33,2,2,0
4,41,3,2010,2,1,1,2,2,1,1,1,1,1,1,3,1,2,19,6,1,1,33,2,2,0
6,45,4,2010,3,1,1,2,2,1,1,1,1,1,1,1,1,2,7,6,1,1,33,2,2,1
1,48,4,2010,4,1,8,2,2,1,2,2,1,1,1,3,1,2,9,6,1,3,33,2,2,0
1,40,3,2010,2,1,1,2,2,1,1,1,1,1,1,1,1,2,9,6,1,3,33,2,2,1
1,40,4,2010,4,1,1,2,2,1,4,1,1,1,1,1,1,2,9,6,1,1,33,2,2,0
6,40,4,2010,4,1,1,2,2,1,4,1,1,1,1,3,1,2,8,6,1,1,33,2,2,0
3,40,4,2010,3,1,1,2,2,1,1,2,1,1,1,2,1,2,9,6,1,3,30,2,2,0
3,36,5,2010,2,2,1,2,2,1,1,1,1,1,1,1,1,2,9,5,1,1,33,2,2,0
9,47,5,2010,2,1,1,2,2,1,1,1,1,1,1,1,1,2,9,6,1,1,33,2,2,0
6,52,5,2010,4,1,1,2,2,1,2,1,1,1,1,3,1,2,9,6,1,1,32,2,2,0
1,52,5,2010,3,1,1,2,2,1,1,1,1,1,1,5,1,1,9,6,1,1,40,2,2,0
1,45,5,2010,3,1,1,2,2,1,1,1,1,1,1,4,1,2,7,6,1,3,40,2,2,0
3,39,5,2010,3,2,1,2,2,1,3,1,1,1,1,1,1,2,8,6,1,1,33,2,2,0
4,39,4,2010,2,2,1,2,2,1,1,2,1,1,1,2,1,2,14,6,1,3,45,2,2,0
4,39,2,2010,3,1,1,2,2,1,1,1,1,1,1,4,1,2,13,2,1,1,33,2,2,0
4,39,5,2010,2,2,1,2,2,1,1,2,1,1,1,4,1,2,6,5,2,6,22,2,2,0
2,40,6,2010,3,1,1,2,2,1,1,1,1,1,1,3,1,2,14,5,1,1,33,2,2,0
1,47,6,2010,4,1,1,2,2,1,4,1,1,1,1,3,1,2,9,6,1,1,32,2,2,0
1,48,5,2010,3,1,1,2,2,1,1,1,1,1,1,1,1,2,10,6,1,1,25,2,2,1
4,36,5,2010,3,1,1,2,2,1,1,1,1,1,1,3,1,2,9,6,1,1,33,2,2,0
1,38,6,2010,3,1,1,2,2,1,1,1,1,1,1,1,1,2,7,6,1,1,33,2,2,0
11,50,7,2010,2,1,1,2,2,1,1,1,1,1,1,2,1,2,9,6,1,1,33,2,2,0
6,50,7,2010,2,3,1,2,2,1,1,1,1,1,1,3,1,2,12,6,1,1,24,2,2,0
3,44,6,2010,3,1,1,2,2,1,1,1,1,1,1,1,1,2,9,6,1,1,33,2,2,3
5,44,5,2010,3,3,1,2,2,1,1,1,1,1,1,1,1,2,14,6,1,1,33,2,2,0
1,38,7,2010,1,1,1,2,2,1,1,1,1,1,1,3,1,2,7,5,1,1,33,2,2,1
4,35,7,2010,3,4,1,2,2,1,1,1,1,1,1,1,1,2,9,4,1,1,33,2,2,0
5,40,7,2010,3,1,1,2,2,1,1,1,2,1,1,1,1,2,13,6,1,1,32,2,2,0
6,40,7,2010,1,1,1,2,2,1,4,1,1,1,1,1,1,2,9,5,1,3,34,2,2,2
2,36,8,2010,2,1,1,2,2,1,1,1,1,1,1,4,1,2,9,6,1,1,33,2,2,1
1,49,8,2010,4,1,1,2,2,1,2,1,1,1,1,2,1,2,14,6,1,1,33,2,2,0
2,49,8,2010,4,3,1,2,2,1,1,1,1,1,1,3,1,2,17,6,2,6,30,2,2,1
4,41,8,2010,2,1,1,1,1,1,1,1,1,1,1,2,1,1,14,6,1,1,33,2,2,3
7,41,5,2010,2,2,4,2,2,1,1,1,1,1,1,1,1,1,15,6,1,1,35,2,2,0
7,41,7,2010,4,1,2,2,2,1,2,1,1,2,1,4,1,1,9,6,1,3,35,2,2,0
7,41,5,2010,2,1,1,2,2,1,1,1,1,1,1,4,1,2,15,6,1,3,33,2,2,0
7,41,7,2010,4,1,1,2,2,1,4,1,1,1,1,2,1,1,13,6,1,1,33,2,2,0
7,41,8,2010,3,1,2,2,2,1,1,1,1,1,1,1,1,1,14,6,1,3,28,2,2,0
7,41,5,2010,2,1,1,2,2,1,1,1,1,1,1,2,1,2,8,6,1,3,33,2,2,0
7,41,8,2010,2,3,5,2,2,1,1,1,1,1,1,1,1,1,9,5,1,3,28,2,2,1
7,41,9,2010,3,1,1,2,2,1,1,2,1,1,1,2,1,1,5,6,1,3,33,2,2,0
6,46,6,2010,4,2,1,2,2,1,3,1,1,1,1,1,1,1,19,6,1,3,33,2,2,0
2,46,1,2010,1,1,1,2,2,1,4,1,1,1,1,1,1,2,14,6,1,3,33,2,2,1
2,46,1,2010,2,1,1,2,2,1,1,2,1,1,1,1,1,2,9,6,1,3,33,2,2,2
2,46,3,2010,4,1,1,2,2,1,1,1,1,1,1,2,1,2,9,6,1,3,33,2,2,2
2,46,4,2010,3,1,1,2,2,1,2,1,1,1,1,1,1,1,9,6,1,3,33,2,2,0
1,46,1,2010,2,1,1,2,2,1,2,1,1,1,1,1,1,2,14,6,1,3,33,2,2,0
1,46,4,2010,4,2,1,2,2,1,1,1,1,1,1,5,1,1,5,6,1,3,20,2,2,1
8,50,7,2010,4,2,1,2,2,1,2,3,1,1,2,4,1,2,4,6,1,1,20,2,2,0
12,47,8,2010,3,5,8,2,2,1,1,1,1,1,1,1,1,1,9,6,1,1,33,2,2,0
13,51,6,2010,2,1,1,2,2,1,1,1,1,1,1,4,1,2,6,6,2,6,22,2,2,0
3,51,8,2010,3,1,1,2,2,1,1,1,1,1,1,3,1,2,17,6,2,1,33,2,2,1
3,15,8,2010,2,1,1,2,2,1,1,1,1,1,1,2,1,2,14,5,1,1,33,2,2,0
8,47,9,2010,2,1,1,2,2,1,1,1,1,1,1,1,1,2,1,6,1,3,25,2,2,0
12,47,9,2010,2,1,1,2,2,1,1,1,1,1,1,1,1,2,9,6,1,1,25,2,2,0
12,47,9,2010,1,1,1,2,2,1,1,1,1,1,1,1,1,2,14,6,1,3,33,2,2,0
12,47,9,2010,3,1,1,2,2,1,1,1,1,1,1,1,1,2,9,6,1,1,33,2,2,0
1,38,9,2010,4,1,1,2,2,1,2,1,1,1,1,1,1,2,9,6,1,3,33,2,2,1
1,45,9,2010,2,1,1,2,2,1,1,1,1,1,1,4,1,2,5,6,1,1,33,2,2,0
1,40,8,2010,2,1,1,2,2,1,1,3,1,1,1,1,2,2,9,6,1,3,32,2,2,0
3,48,9,2010,2,3,1,2,2,1,1,1,1,1,1,4,1,2,5,6,1,1,29,2,2,0
4,43,9,2010,2,1,1,2,2,1,1,1,1,1,1,1,1,2,9,5,2,1,33,2,2,0
1,52,5,2010,3,1,1,2,2,1,1,1,1,1,1,2,1,2,9,6,1,3,33,2,2,0
6,44,10,2010,2,1,1,2,2,1,1,1,1,1,1,2,1,1,9,6,1,3,33,2,2,0
7,44,10,2010,4,1,1,2,2,1,3,1,1,1,1,1,1,2,14,6,1,3,42,2,2,0
5,44,10,2010,3,2,1,2,2,1,1,1,1,1,1,3,1,1,14,6,1,3,33,2,2,1
1,51,11,2010,2,1,1,2,2,1,1,1,1,1,1,2,1,1,17,6,2,3,33,2,2,0
1,51,10,2010,1,2,1,2,2,1,2,3,1,1,1,2,1,2,12,6,1,1,26,2,2,1
7,41,10,2010,3,1,1,2,2,1,1,1,1,1,1,1,1,1,9,6,1,1,40,2,2,0
6,38,10,2010,3,1,1,2,2,1,1,1,1,1,1,1,1,2,14,5,1,3,33,2,2,0
6,38,10,2010,3,1,1,2,2,1,1,1,1,1,1,1,1,2,9,6,1,3,33,2,2,0
9,38,10,2010,3,1,1,2,2,1,1,3,1,1,1,3,1,2,14,6,1,3,33,2,2,0
2,45,10,2010,2,1,1,2,2,1,1,1,1,1,1,1,1,2,14,6,1,3,33,2,2,0
4,44,11,2010,2,3,1,2,2,1,2,2,1,1,1,2,1,2,9,6,1,3,33,2,2,1
7,44,11,2010,4,3,1,2,2,1,3,1,1,1,1,1,1,2,6,6,1,1,33,2,2,0
1,36,11,2010,2,1,1,2,2,1,1,1,1,1,1,1,1,2,9,6,1,3,33,2,2,0
4,49,11,2010,4,1,1,2,2,1,2,1,1,1,1,3,1,2,7,6,1,3,20,2,2,0
7,41,11,2010,3,2,1,2,2,1,1,1,1,1,1,3,1,1,14,6,1,1,35,2,2,1
7,41,11,2010,2,1,1,2,2,1,1,1,1,1,1,2,1,1,4,6,1,1,22,2,2,0
6,52,11,2010,2,2,1,2,2,1,1,1,1,1,1,3,1,2,8,4,1,1,32,2,2,0
1,52,11,2010,1,1,1,2,2,1,2,1,1,1,1,5,2,2,14,6,1,1,33,2,2,2
7,41,12,2010,3,1,1,2,2,1,1,1,1,1,1,2,1,1,10,6,1,3,33,2,2,0
5,47,12,2010,3,1,1,2,2,1,1,1,1,1,1,1,1,2,6,6,1,3,33,2,2,0
1,48,10,2010,3,1,1,2,2,1,1,1,1,1,1,1,1,1,14,6,1,3,33,2,2,0
1,48,10,2010,2,2,1,2,2,1,1,1,1,1,1,5,1,1,6,6,1,1,35,2,2,1
3,48,11,2010,2,3,1,2,2,1,1,1,1,1,1,3,2,2,14,6,1,1,33,2,2,1
7,48,11,2010,3,1,1,2,2,1,1,2,1,1,1,5,1,1,14,2,1,3,27,2,2,0
3,40,10,2010,1,1,1,2,2,1,2,1,1,1,1,1,1,2,9,6,1,3,43,2,2,0
1,40,11,2010,2,1,1,2,2,1,1,1,1,1,1,1,1,2,9,6,1,3,33,2,2,0
2,40,11,2010,3,1,1,2,2,1,1,3,1,1,1,3,1,2,17,6,1,6,33,2,2,0
13,50,11,2010,2,3,1,2,2,1,1,1,1,1,1,2,1,2,14,6,1,3,33,2,2,0
3,38,12,2010,3,1,1,2,2,1,1,1,1,1,1,1,1,2,9,6,1,3,33,2,2,0
1,39,12,2010,2,1,1,2,2,1,1,1,1,1,1,4,1,2,16,5,1,3,45,2,2,0
1,39,12,2010,2,1,1,2,2,1,1,1,1,1,1,2,1,1,13,6,1,1,35,2,2,0
2,39,10,2010,4,1,1,2,2,1,2,1,1,1,1,4,4,2,6,6,1,3,33,2,2,0
1,52,12,2010,3,1,1,2,2,1,1,1,1,1,1,4,1,2,13,6,1,1,25,2,2,0
3,38,9,2010,2,1,4,2,2,1,1,1,1,1,1,1,1,2,9,6,1,6,33,2,1,0
3,40,4,2010,4,1,1,2,2,1,4,1,1,1,1,2,1,2,9,5,1,1,55,2,2,0
7,41,12,2010,3,3,1,2,2,1,1,1,1,1,1,2,1,2,14,6,1,3,33,2,2,0
1,49,5,2010,3,1,1,2,2,1,2,1,1,1,1,2,1,2,5,3,1,3,33,2,2,0
1,36,12,2010,2,3,1,2,2,4,2,1,1,1,1,2,1,2,12,6,1,1,32,2,2,0
7,51,5,2010,2,1,1,2,2,1,1,1,1,1,1,3,1,2,8,6,2,6,28,2,2,0
3,51,8,2010,2,1,1,2,2,1,1,1,1,1,1,2,1,2,14,5,1,1,30,2,2,0
6,38,6,2010,1,1,2,2,2,1,2,1,1,1,1,1,1,2,9,6,1,1,33,2,2,0
6,45,6,2010,2,1,1,2,2,1,1,1,1,1,1,1,1,2,9,6,1,1,33,2,2,0
1,45,8,2010,3,1,1,2,2,1,1,1,1,1,1,1,1,2,9,6,1,1,33,2,2,0
7,44,8,2010,3,2,1,2,2,1,1,1,1,1,1,1,1,1,12,6,1,3,32,2,2,1
2,49,10,2010,3,3,1,2,2,1,1,1,1,1,1,4,1,2,9,1,1,3,33,2,2,0
28,42,1,2010,3,1,1,1,1,1,1,1,1,1,1,5,1,1,8,6,1,1,19,2,2,3
23,42,1,2010,1,3,4,1,1,1,3,1,1,1,1,1,1,1,14,6,1,1,42,1,2,0
33,42,2,2010,2,1,1,2,1,1,1,1,1,1,1,1,1,1,9,6,1,1,40,2,2,0
23,42,2,2010,3,1,1,1,1,1,1,1,1,1,1,1,1,1,8,6,1,1,34,2,2,0
2,42,2,2010,4,1,4,1,1,1,3,1,1,1,1,2,1,1,12,6,1,1,35,2,2,0
32,42,1,2010,4,2,4,1,1,1,3,1,1,1,1,5,1,1,19,6,1,1,40,1,2,0
14,42,2,2010,4,1,1,1,1,1,3,1,2,1,1,1,1,1,10,6,1,1,35,2,2,0
7,42,3,2010,2,1,1,1,1,1,1,1,1,1,1,5,1,1,9,6,2,1,35,2,2,0
9,42,3,2010,1,2,4,2,1,1,2,1,1,1,1,5,1,1,14,6,1,1,42,1,2,0
11,42,3,2010,3,2,4,1,1,1,1,1,1,1,1,5,1,1,8,6,1,1,40,2,2,2
21,42,4,2010,4,2,1,1,1,1,4,1,1,1,1,5,1,1,5,6,1,1,28,2,2,1
16,42,3,2010,2,3,5,1,1,1,1,1,1,1,1,5,1,1,8,5,1,1,40,2,2,0
38,42,4,2010,1,1,1,2,2,1,3,4,1,1,2,5,1,1,13,6,1,1,40,2,2,0
23,42,1,2010,1,1,2,1,1,1,1,1,1,1,1,1,1,1,8,6,1,1,35,2,2,2
15,42,4,2010,2,1,1,2,1,1,1,1,1,1,1,2,1,1,8,6,1,1,38,2,2,1
23,42,5,2010,1,1,1,1,1,1,3,1,1,1,1,1,1,1,15,6,1,1,25,1,2,0
24,42,4,2010,4,1,1,2,2,1,3,1,1,1,1,1,1,1,14,6,1,7,40,1,2,1
35,42,5,2010,4,3,4,2,2,1,3,1,1,1,1,1,1,1,14,6,1,3,28,1,2,0
37,42,5,2010,2,1,6,2,1,1,1,1,1,1,1,5,1,1,9,6,1,1,38,1,2,0
22,42,5,2010,2,1,1,2,1,1,1,1,1,1,1,1,1,1,7,6,1,1,30,1,2,1
36,42,1,2010,4,1,1,2,1,1,3,1,1,1,1,5,1,1,9,6,1,1,27,1,2,0
18,42,6,2010,3,3,1,1,1,1,1,1,1,1,1,5,1,1,9,6,1,1,30,1,2,0
20,42,6,2010,2,1,1,2,2,2,4,1,2,1,1,5,1,1,13,6,1,6,32,2,2,1
40,42,6,2010,1,1,1,1,1,1,2,1,1,1,1,5,1,1,9,6,1,1,45,1,2,0
9,42,6,2010,1,1,1,2,1,1,3,1,1,1,1,5,1,1,9,6,1,1,35,2,2,0
12,42,6,2010,2,1,1,1,1,1,1,1,1,1,1,5,1,1,9,6,1,1,35,2,2,1
29,42,5,2010,3,2,6,1,1,1,3,3,1,1,1,5,1,1,10,6,1,2,33,1,0,2
2,42,1,2010,4,1,1,1,1,1,2,1,1,1,1,5,1,1,9,6,1,3,40,2,2,0
2,42,3,2010,2,1,1,2,2,1,1,1,1,1,1,5,1,1,19,6,1,1,30,2,2,1
1,42,3,2010,3,3,4,2,1,1,1,1,1,1,1,5,1,1,10,6,1,1,20,2,2,1
1,42,6,2010,3,1,4,2,1,1,1,1,1,1,1,5,1,1,9,6,1,1,35,2,2,1
14,42,2,2010,4,1,1,2,1,1,3,1,1,1,1,1,1,1,10,6,1,1,35,2,2,0
22,42,7,2010,1,1,6,2,1,1,3,1,1,1,1,1,1,1,10,6,1,1,23,2,2,0
24,42,7,2010,2,1,1,2,2,1,1,1,1,1,1,1,1,1,12,6,1,7,30,2,2,1
21,42,8,2010,1,7,4,2,2,1,2,3,1,1,1,1,1,1,12,6,1,1,30,2,2,0
22,42,8,2010,4,1,1,2,1,1,3,1,1,1,1,1,1,1,9,6,1,7,40,1,2,0
22,42,8,2010,2,1,1,2,1,1,2,1,1,1,1,1,1,1,9,6,1,1,38,2,2,0
15,42,6,2010,5,1,1,2,2,1,1,1,1,1,1,5,1,1,9,6,1,1,1,1,2,0
15,42,7,2010,4,1,1,2,1,1,3,1,1,1,1,5,1,1,8,6,1,1,35,2,2,0
16,42,8,2010,3,3,1,1,1,1,1,1,1,1,1,1,1,1,9,6,1,1,38,2,2,0
23,42,8,2010,1,1,1,1,1,1,1,1,1,1,1,1,1,1,6,1,1,2,35,2,2,3
36,42,9,2010,2,1,1,1,1,1,1,3,1,1,1,1,1,1,9,6,1,1,35,2,2,1
24,42,9,2010,2,1,1,2,2,1,1,1,1,1,1,1,1,1,9,6,1,7,40,2,2,0
14,42,9,2010,4,1,1,1,1,1,3,1,1,1,1,1,1,1,10,6,1,1,20,2,2,2
22,42,9,2010,2,1,4,2,1,1,3,1,1,1,1,1,1,1,2,6,1,1,30,1,2,0
40,42,11,2010,1,2,4,1,1,1,4,1,1,1,1,5,1,1,9,6,1,1,32,1,1,1
25,42,10,2010,1,1,1,2,2,1,2,1,1,1,1,3,1,1,14,6,2,1,40,1,2,0
19,42,9,2010,2,1,1,2,2,1,2,1,1,1,1,5,1,1,6,6,1,1,28,1,2,1
2,42,11,2010,4,2,4,1,1,1,3,1,1,1,1,5,1,1,14,6,1,1,42,1,2,0
28,42,10,2010,1,2,4,1,1,1,1,1,1,1,1,5,1,1,14,6,1,1,42,1,2,0
3,42,10,2010,3,3,4,1,1,1,2,1,1,1,1,1,1,1,10,6,1,1,30,1,2,0
11,42,10,2010,4,1,4,1,1,1,3,1,1,1,1,1,1,1,9,6,1,1,34,2,2,2
25,42,11,2010,1,1,1,2,2,1,1,2,1,1,1,5,1,1,7,6,1,1,30,2,2,1
32,42,11,2010,1,1,2,1,1,3,1,1,1,1,1,5,1,1,7,6,1,1,30,2,2,0
32,42,12,2010,3,1,1,1,1,1,1,1,1,1,1,5,1,1,14,6,1,1,42,2,2,0
6,42,9,2010,4,3,1,2,2,1,4,3,1,1,1,5,1,1,10,6,1,2,33,1,0,0
39,42,6,2010,1,1,1,1,1,1,2,1,1,1,1,5,1,1,9,6,1,1,45,1,2,0
39,42,11,2010,1,1,4,1,1,1,4,1,1,1,1,5,1,1,9,6,1,1,32,1,1,1
7,42,9,2010,2,3,1,2,2,1,4,4,1,1,1,5,1,1,9,6,1,1,33,1,1,0
12,42,7,2010,2,1,1,2,1,1,3,1,1,1,1,1,1,1,9,6,1,1,36,2,2,0
8,42,7,2010,4,1,1,2,1,1,3,1,1,1,1,5,1,1,9,6,1,1,36,2,2,0
8,42,6,2010,2,1,1,2,1,1,1,1,1,1,1,5,1,1,9,6,1,1,35,2,1,3
1,26,3,2010,4,1,1,2,2,1,3,1,1,1,1,1,1,2,12,10,1,2,33,1,0,2
4,26,3,2010,2,4,1,2,2,1,1,4,1,3,1,3,1,2,19,1,1,1,33,1,0,0
4,26,4,2010,3,1,1,2,2,1,1,1,1,1,1,2,1,2,14,6,1,1,33,1,0,0
4,26,5,2010,4,1,1,2,2,1,3,1,1,1,1,1,1,2,14,6,1,1,33,1,0,0
6,26,3,2010,3,3,1,2,1,1,1,1,1,1,1,2,1,2,9,6,1,1,33,1,2,0
8,26,9,2010,2,1,1,2,2,1,1,1,1,1,1,1,1,2,9,6,1,1,35,1,2,0
8,26,10,2010,2,1,1,2,2,1,1,1,1,1,1,2,1,2,9,6,1,1,30,1,2,0
3,29,9,2010,4,1,1,2,2,1,2,1,1,1,1,2,1,2,9,6,1,1,33,1,2,0
8,29,3,2010,2,1,1,2,2,1,1,2,1,1,1,1,1,2,13,6,1,1,33,1,2,0
1,20,1,2010,2,1,1,2,2,1,1,1,1,1,1,1,1,2,4,6,1,1,33,1,2,0
1,20,3,2010,4,1,1,2,2,1,2,1,1,1,1,2,1,2,9,6,1,1,33,1,2,0
1,20,10,2010,3,1,1,2,2,1,1,1,1,1,1,1,1,2,13,6,1,1,35,1,2,0
1,20,11,2010,2,1,1,2,2,1,3,2,2,2,2,2,1,2,7,6,1,1,38,1,2,1
2,20,3,2010,3,1,1,2,2,1,1,2,1,1,1,2,1,2,12,6,1,1,33,1,2,0
2,20,4,2010,2,1,1,2,2,1,2,1,1,1,1,2,1,2,13,6,1,1,50,1,2,0
2,20,5,2010,3,1,1,2,2,1,1,1,1,1,1,1,5,2,13,6,1,1,33,1,2,0
1,19,1,2010,3,1,1,2,2,1,2,1,1,1,1,1,1,2,12,6,1,1,33,1,2,0
2,19,1,2010,2,1,1,2,2,1,1,1,1,1,1,1,1,2,14,6,1,1,25,1,2,0
3,19,7,2010,1,1,1,2,2,1,1,2,1,2,2,4,1,2,4,6,1,1,33,1,2,0
4,25,1,2010,3,1,1,1,1,1,1,1,1,1,1,2,1,2,13,6,1,7,33,1,2,0
4,25,1,2010,2,1,1,2,2,1,1,1,1,1,1,2,1,2,13,6,1,7,33,1,2,1
4,25,5,2010,1,1,1,2,2,1,1,1,1,1,1,2,1,2,12,6,1,7,33,1,2,1
4,25,12,2010,3,1,1,2,2,1,1,1,1,1,1,2,1,2,13,10,1,7,33,1,2,0
5,25,8,2010,3,1,1,1,2,1,1,1,1,1,1,2,1,2,8,6,1,7,33,1,2,0
5,25,10,2010,2,1,1,2,2,1,1,1,1,1,1,4,1,2,19,6,1,7,33,1,2,0
5,25,8,2010,2,1,1,2,2,2,1,1,2,1,1,2,1,2,8,6,1,7,33,1,2,0
7,25,7,2010,3,1,1,1,2,2,1,1,2,1,1,2,1,2,13,6,1,7,33,1,2,0
7,25,8,2010,2,1,1,1,2,1,1,1,1,1,1,2,1,2,16,6,1,7,42,1,2,0
8,25,1,2010,2,1,1,2,2,1,1,1,1,1,1,2,1,2,13,6,1,1,33,1,2,0
1,24,2,2010,2,7,1,2,2,1,1,1,1,1,1,1,1,1,13,6,1,1,33,1,2,0
1,24,3,2010,4,1,1,2,2,1,2,1,1,1,1,1,1,1,9,6,1,7,33,1,2,0
1,24,4,2010,2,1,1,2,2,1,1,1,1,1,1,2,1,2,14,6,1,1,33,1,2,0
1,24,5,2010,2,1,1,2,2,1,1,1,1,1,1,4,1,2,13,6,1,1,33,1,2,0
1,24,8,2010,1,1,1,2,2,1,2,1,1,1,1,1,1,2,13,6,1,3,33,1,2,0
1,24,10,2010,4,1,1,2,2,1,3,1,1,1,1,1,1,1,14,6,1,7,33,1,2,0
2,24,2,2010,1,1,1,2,2,1,3,1,1,1,1,2,1,2,12,6,2,7,33,1,2,2
3,24,11,2010,2,1,1,2,2,1,1,1,1,1,1,1,1,2,9,6,1,7,33,1,2,0
5,24,9,2010,3,1,1,2,2,1,1,1,1,1,1,1,1,2,14,6,1,1,25,1,2,0
7,24,2,2010,2,1,1,2,2,1,1,1,1,1,1,2,1,2,8,6,1,7,33,1,2,0
8,24,10,2010,2,1,1,2,2,1,1,1,1,1,1,2,1,2,9,6,1,7,33,1,2,0
3,21,7,2010,3,1,1,1,1,1,1,1,1,1,1,4,1,2,4,6,1,7,33,1,2,1
4,21,3,2010,3,1,1,2,2,1,1,1,1,1,1,2,1,2,14,6,2,3,33,1,2,0
5,21,5,2010,3,1,1,1,1,1,1,1,1,1,1,2,1,2,17,6,1,7,25,1,2,0
5,21,6,2010,2,1,1,1,1,1,1,1,1,1,1,4,1,2,8,6,1,7,33,1,2,0
3,23,7,2010,4,1,1,2,2,1,2,1,1,1,1,2,1,2,8,6,1,7,33,1,2,0
3,23,12,2010,2,1,1,2,2,1,1,1,1,1,1,2,1,2,14,6,1,7,30,1,2,0
1,22,5,2010,3,1,1,2,2,1,1,1,1,1,1,1,1,2,9,6,1,7,33,1,2,0
1,22,5,2010,4,1,1,2,2,1,3,1,1,1,1,1,1,1,7,6,1,7,33,1,2,0
1,22,6,2010,2,4,1,2,2,1,1,2,1,1,1,2,1,2,4,6,1,7,35,1,2,0
2,22,11,2010,3,1,1,2,2,1,1,1,1,1,1,4,1,2,4,6,1,7,33,1,2,0
1,18,2,2010,3,1,1,2,2,1,3,1,1,1,1,1,1,2,14,6,1,7,33,1,2,0
1,18,2,2010,2,1,1,2,2,1,1,1,1,1,1,1,1,1,14,6,1,7,42,1,2,0
1,18,5,2010,1,1,1,2,2,1,2,3,1,1,1,1,1,2,14,6,2,7,33,1,2,0
1,18,12,2010,3,1,1,1,1,1,1,1,1,1,1,1,1,2,14,6,1,7,33,1,2,0
2,18,5,2010,2,1,1,2,2,1,1,1,1,1,1,2,1,2,9,6,1,7,40,1,2,0
2,18,12,2010,3,3,1,2,2,1,1,1,1,1,1,1,1,2,14,6,1,7,33,1,2,0
2,18,12,2010,3,1,1,2,2,1,1,1,1,1,1,4,1,2,4,6,1,7,33,1,2,1
3,18,3,2010,1,1,1,1,1,1,1,1,1,1,1,2,1,2,4,1,1,7,33,1,2,0
3,18,10,2010,3,1,1,1,2,1,1,1,1,1,1,2,1,2,8,6,1,7,33,1,2,0
6,18,2,2010,3,1,1,1,1,1,1,2,1,1,1,1,1,2,14,6,1,7,33,1,2,2
6,18,6,2010,3,1,1,2,2,1,1,1,1,1,1,4,1,2,14,6,1,7,33,1,2,0
6,18,7,2010,3,3,1,2,2,1,1,1,1,1,1,2,1,2,14,6,1,7,33,1,2,0
7,18,3,2010,2,1,1,2,2,1,1,1,1,1,1,1,1,2,14,6,1,7,33,1,2,0
7,18,6,2010,3,3,1,1,2,1,1,1,1,1,1,2,1,2,14,6,1,7,33,1,2,0
1,18,5,2010,2,1,1,2,1,1,1,1,1,1,1,4,1,2,8,6,2,7,40,1,2,0
1,25,8,2010,3,1,1,1,2,1,1,1,1,1,1,1,2,2,14,6,1,1,33,2,2,0
2,28,1,2010,3,1,1,2,1,1,1,1,1,1,1,1,1,1,6,6,1,1,33,1,2,0
2,28,1,2010,3,1,1,2,2,1,1,1,1,1,1,1,1,1,8,5,1,1,33,1,2,0
4,28,5,2010,4,2,1,2,2,1,2,1,1,1,1,1,1,1,9,6,1,1,33,1,2,0
3,28,1,2010,3,1,1,2,2,1,1,1,1,1,1,1,1,1,12,5,1,1,35,2,2,0
5,28,10,2010,3,1,1,2,1,1,1,1,1,1,1,5,1,1,12,6,1,1,28,1,2,0