Thana,District,Month,Year,Time,Junction_Type,Traffic_Control,Movement,Divider,Weather,Light,Road_Geometry,Surface_Condition,Surface_Type,Surface_Quality,Road_Class,Road_Feature,Location_Type,Vehicle_Type,Vehicle_Movement,Vehicle_Loading,Vehicle_Defect,Vehicle_Driver_Age,Vehicle_Alcohol,Vehicle_Seat_Belt,Accident_Severity
1,28,10,2010,2,1,1,2,2,1,1,1,1,1,1,3,1,1,14,6,1,1,33,1,2,1
4,28,11,2010,4,1,1,2,2,1,2,1,1,1,1,1,1,1,14,6,1,1,36,2,2,3
5,28,2,2010,3,5,1,2,1,1,1,1,1,1,1,5,1,1,11,1,1,1,33,1,2,0
2,28,10,2010,2,1,1,2,2,1,1,1,1,1,1,1,1,2,10,6,1,1,58,2,2,0
2,28,10,2010,2,1,1,2,2,1,1,1,1,1,1,1,1,1,19,6,1,1,58,1,2,0
3,13,1,2010,3,1,1,2,2,1,1,1,1,1,1,3,3,2,9,5,1,7,33,1,2,0
4,13,3,2010,3,3,1,2,2,1,1,1,1,1,1,4,1,1,12,6,1,1,33,2,2,0
1,12,3,2010,2,4,3,2,2,1,1,1,1,1,1,2,1,1,9,6,1,1,33,2,2,0
4,12,1,2010,3,7,1,2,2,1,1,1,1,1,1,3,1,2,4,6,1,1,22,2,2,0
1,12,2,2010,2,1,1,2,2,1,1,1,1,1,1,2,1,1,8,4,1,1,33,1,2,0
1,12,4,2010,3,7,8,1,2,1,1,1,1,1,1,4,1,1,14,6,1,1,33,2,2,0
5,12,4,2010,2,1,1,2,2,1,1,1,1,1,1,4,1,2,12,6,1,1,35,2,2,1
1,12,5,2010,2,1,1,2,2,1,1,1,1,1,1,2,1,2,14,6,1,1,33,2,2,0
10,11,1,2010,3,3,1,2,2,1,1,1,1,1,1,4,1,2,19,1,2,7,33,2,2,0
6,11,2,2010,3,1,1,2,2,1,1,1,1,1,1,2,1,2,14,6,1,1,33,2,2,0
5,11,2,2010,2,3,1,2,2,1,1,1,1,1,1,2,1,2,14,6,1,1,42,2,2,0
5,15,1,2010,4,7,8,2,2,4,4,2,1,1,1,4,1,1,8,2,1,1,29,2,2,0
5,15,2,2010,2,1,8,2,2,1,4,1,1,1,1,4,1,2,9,6,1,7,25,2,2,0
1,15,1,2010,3,3,1,2,2,1,1,1,1,1,1,1,1,1,14,6,1,5,45,2,2,0
1,15,2,2010,3,1,2,2,2,1,1,1,1,1,1,1,1,2,14,4,1,1,33,2,2,0
9,17,3,2010,2,1,1,2,2,1,1,1,1,1,1,4,1,2,8,4,1,7,28,2,2,0
2,17,3,2010,3,7,8,2,2,1,1,4,1,1,1,4,1,2,7,11,1,1,32,2,2,0
3,17,2,2010,2,2,8,2,2,1,1,1,1,1,1,1,1,2,14,1,1,1,33,2,2,0
8,17,2,2010,2,7,1,2,2,1,1,1,1,1,1,4,1,2,7,6,1,1,33,2,2,0
8,17,3,2010,4,1,1,2,2,1,4,1,1,1,1,4,1,2,14,6,2,1,40,2,2,1
3,16,3,2010,2,1,1,2,2,1,1,1,1,1,1,4,1,2,19,6,2,1,33,2,2,0
5,16,4,2010,1,1,1,2,2,1,1,1,1,1,1,3,1,2,8,6,2,1,39,2,1,1
7,16,2,2010,2,3,1,2,2,1,1,1,1,1,1,2,1,1,14,6,1,1,33,2,2,0
11,16,2,2010,2,1,1,2,2,1,1,1,1,1,1,3,1,2,13,6,1,1,33,1,2,0
11,16,1,2010,4,7,1,2,2,1,4,1,1,1,1,1,1,2,13,6,1,1,33,2,2,2
2,9,2,2010,2,7,1,2,2,1,2,1,1,1,2,3,1,2,6,4,1,1,33,2,2,0
3,9,2,2010,3,7,8,2,2,1,1,1,1,1,1,3,1,1,19,6,1,1,33,2,2,0
4,9,2,2010,4,7,8,2,2,1,1,1,1,1,1,2,1,1,14,6,1,1,33,2,2,1
2,9,1,2010,3,1,8,2,2,1,2,1,1,1,1,2,1,2,19,6,1,1,30,1,2,0
4,9,1,2010,4,7,8,1,2,1,2,1,1,1,2,2,1,2,14,6,1,1,33,2,2,0
12,9,1,2010,3,1,1,2,2,1,1,1,1,1,1,1,1,2,13,6,1,1,33,2,2,0
10,9,1,2010,3,7,8,2,2,1,1,1,5,1,1,1,1,1,9,6,1,1,33,2,2,0
12,9,3,2010,2,7,8,2,2,1,1,1,1,1,1,1,1,1,19,6,1,1,33,2,2,0
10,9,4,2010,3,3,1,2,2,1,1,2,1,1,1,1,1,2,19,6,2,1,45,2,2,1
12,9,4,2010,3,7,8,2,2,1,1,4,5,1,1,1,2,1,8,6,1,1,33,2,2,0
1,9,4,2010,3,7,8,2,2,1,1,1,1,1,1,1,1,1,19,6,1,1,33,2,2,1
5,9,4,2010,2,1,1,2,2,1,2,1,1,1,1,4,1,2,19,5,1,1,33,2,2,0
2,7,1,2010,2,7,1,2,2,1,1,1,1,1,1,4,1,2,1,6,1,7,33,2,2,0
1,7,1,2010,2,1,1,2,2,1,1,1,1,1,1,1,1,1,14,6,1,1,38,2,2,0
8,7,2,2010,2,7,1,2,2,1,2,1,1,1,1,1,2,2,6,6,1,1,30,2,2,0
1,7,3,2010,1,1,1,2,2,1,1,1,1,1,1,1,1,1,8,6,1,7,42,2,2,0
1,6,3,2010,2,7,1,2,2,1,1,2,1,1,1,1,1,1,9,2,1,7,33,2,2,1
1,6,3,2010,3,7,1,2,2,1,1,1,1,1,3,4,1,2,4,4,1,7,32,2,2,0
3,6,1,2010,4,2,8,2,2,1,2,1,1,1,1,4,1,2,14,5,1,7,42,2,2,0
2,6,2,2010,2,7,1,2,2,1,3,1,1,1,1,1,1,2,9,5,1,7,40,2,2,0
1,6,4,2010,3,7,1,2,2,1,1,1,1,1,1,3,1,2,4,6,1,7,25,2,2,1
3,8,4,2010,2,7,8,2,2,1,1,1,1,1,1,1,1,1,4,6,1,7,33,2,2,0
6,8,1,2010,3,1,1,2,2,4,1,1,1,1,1,3,1,2,19,6,1,6,33,2,2,0
4,10,2,2010,3,7,1,2,2,1,1,1,1,1,1,2,1,2,7,5,1,1,35,2,2,1
1,2,3,2010,4,7,1,2,2,1,4,1,1,1,1,3,1,2,17,7,1,7,24,2,2,0
1,2,1,2010,3,7,1,2,2,1,1,1,1,1,1,1,1,1,1,6,1,7,33,2,2,1
1,2,4,2010,3,7,1,2,2,1,1,1,1,1,1,1,1,2,17,11,1,7,33,2,2,0
2,2,4,2010,1,7,1,2,2,1,1,1,1,1,1,3,1,2,8,11,1,7,33,2,2,0
13,3,1,2010,4,2,1,2,2,4,4,1,1,1,1,3,1,2,4,6,1,7,33,2,2,0
13,3,2,2010,3,7,1,2,2,1,1,1,1,1,1,1,1,2,7,6,1,7,33,2,2,0
1,9,8,2010,3,4,1,2,2,1,1,1,1,1,1,5,1,1,12,2,1,1,24,2,2,0
12,9,8,2010,2,7,1,2,2,1,1,1,1,1,1,1,1,2,9,11,1,7,33,2,2,3
4,9,8,2010,2,1,1,2,2,1,1,1,1,1,1,2,1,2,9,1,1,1,33,2,2,0
10,9,8,2010,3,1,1,2,2,1,1,1,1,1,1,1,1,2,14,4,1,1,33,1,2,1
10,9,8,2010,3,1,8,2,2,1,1,1,1,1,1,1,1,1,9,6,2,1,33,2,2,0
7,11,4,2010,2,1,1,2,2,1,1,1,1,3,1,4,1,2,17,2,1,1,33,2,2,0
6,9,6,2010,3,1,1,2,2,1,1,1,1,1,1,2,1,2,13,6,1,1,33,2,2,1
10,9,7,2010,4,1,1,2,2,1,1,1,1,1,1,4,1,2,14,6,2,1,35,1,2,1
10,9,7,2010,3,1,1,2,2,1,1,1,1,1,1,1,1,2,14,6,1,7,31,2,2,0
10,9,7,2010,3,3,1,2,2,1,1,1,1,1,1,1,1,2,13,6,1,1,38,2,2,0
6,5,5,2010,2,7,1,2,2,1,1,1,1,1,1,1,1,1,9,6,2,1,33,2,2,1
5,5,7,2010,2,7,1,2,2,2,1,1,2,1,1,1,1,2,4,6,1,1,32,2,1,0
2,5,6,2010,4,7,8,2,2,1,4,1,1,1,1,4,1,2,19,6,1,1,30,2,2,1
1,6,5,2010,2,7,1,2,2,1,1,1,1,1,1,1,1,2,10,6,1,1,20,1,2,0
1,6,5,2010,2,7,1,2,2,2,1,1,1,1,1,1,1,2,11,6,1,1,33,1,2,0
4,6,5,2010,2,7,1,2,2,1,1,1,1,1,1,4,1,2,14,6,1,1,33,2,2,3
7,8,8,2010,2,7,8,2,2,1,1,1,1,1,1,3,1,2,19,6,2,7,32,2,2,0
11,16,8,2010,3,1,1,2,2,1,1,1,1,1,1,1,1,2,5,6,1,1,33,2,2,1
1,5,8,2010,3,1,1,2,2,1,1,1,1,1,1,1,1,1,16,6,1,1,45,2,2,1
1,5,8,2010,1,1,1,2,2,1,1,1,1,1,1,1,1,1,12,6,1,1,23,2,2,3
2,5,8,2010,3,7,1,2,2,1,1,1,1,1,1,3,1,2,4,6,1,1,33,2,2,0
13,3,5,2010,2,1,8,1,2,1,1,1,1,1,1,4,1,1,14,6,1,1,33,1,2,0
8,3,6,2010,2,1,1,2,2,2,2,1,2,1,1,2,1,2,7,6,2,7,30,2,2,0
4,3,7,2010,2,7,1,2,2,1,2,1,1,1,1,1,1,1,19,11,1,1,33,2,2,0
6,4,6,2010,4,1,1,2,2,1,1,1,1,1,1,1,1,1,7,6,1,1,25,2,2,0
1,2,7,2010,4,1,1,2,2,1,1,1,2,1,1,3,1,1,17,5,2,7,33,1,2,0
1,1,3,2010,3,1,1,2,2,1,1,1,1,1,2,1,1,2,1,6,1,1,33,2,2,0
10,9,6,2010,2,1,1,2,2,1,1,1,1,1,1,1,1,2,13,4,1,1,33,2,2,0
10,9,6,2010,4,1,1,1,2,1,4,1,1,1,1,1,1,2,4,6,2,1,33,2,2,0
9,9,6,2010,1,7,8,2,2,1,1,1,1,1,1,4,1,2,8,11,1,7,33,1,1,0
12,9,6,2010,4,7,1,2,2,1,4,1,1,1,1,1,1,1,9,6,1,1,46,2,2,0
11,16,6,2010,1,1,8,2,2,1,4,1,1,1,1,2,1,2,11,5,1,1,50,2,2,1
10,16,6,2010,1,7,1,2,2,1,4,1,1,1,1,1,2,2,13,10,1,1,40,2,2,1
10,16,6,2010,4,3,1,2,2,1,4,1,1,1,1,1,1,2,18,10,1,1,33,2,2,0
1,15,1,2010,3,7,8,2,2,1,1,1,1,1,1,1,1,1,10,6,1,1,25,2,2,1
1,15,3,2010,2,1,1,2,2,1,1,1,1,1,1,1,1,2,19,10,1,1,42,2,2,0
1,15,5,2010,2,1,1,2,2,1,1,1,1,1,1,1,1,2,13,5,1,1,33,2,2,0
1,15,1,2010,3,7,6,2,2,1,1,1,5,1,1,1,1,2,17,2,1,1,25,2,2,2
1,15,7,2010,2,1,1,2,2,1,1,1,1,1,1,1,1,2,9,5,1,1,33,2,2,0
3,15,3,2010,2,1,8,1,2,1,1,1,1,1,1,1,2,1,7,6,1,1,32,2,2,0
3,15,5,2010,2,2,8,2,2,1,1,1,1,1,1,1,1,1,14,6,1,1,33,2,2,0
5,12,6,2010,3,1,1,2,2,2,1,1,2,1,1,3,1,2,14,5,2,1,33,1,2,0
5,12,6,2010,4,1,1,2,2,1,1,1,2,1,2,3,1,2,13,6,1,1,22,2,2,0
5,12,6,2010,4,7,8,2,2,1,2,1,1,1,1,3,1,1,4,5,1,1,33,2,2,0
6,13,9,2010,3,4,8,2,1,1,1,1,1,1,1,2,1,2,9,2,1,7,33,2,2,1
8,13,10,2010,3,1,4,2,2,1,1,1,1,1,1,1,1,1,9,6,1,7,33,2,2,0
1,12,10,2010,4,1,1,1,2,1,2,1,1,1,1,5,1,1,4,6,1,1,33,2,2,0
1,12,10,2010,2,7,1,2,2,1,1,1,1,1,1,2,1,2,7,6,1,1,33,2,2,0
5,12,9,2010,2,4,8,2,2,1,1,1,1,1,1,3,1,2,8,1,1,1,45,2,2,1
5,11,9,2010,3,1,8,1,2,1,1,1,1,1,1,2,1,2,1,6,1,2,33,2,2,0
8,11,11,2010,2,1,1,1,1,1,1,1,1,1,1,2,1,2,14,4,1,1,33,2,2,0
6,11,11,2010,2,1,1,2,1,1,1,1,1,1,2,1,2,1,19,6,2,1,33,2,2,0
10,16,9,2010,1,7,1,2,2,1,4,1,1,1,1,2,1,2,9,6,1,1,33,2,2,0
4,16,10,2010,4,1,2,1,2,1,4,1,5,1,1,4,1,2,6,6,2,7,24,2,2,0
2,16,10,2010,2,1,1,2,2,1,4,1,1,1,1,3,1,2,8,4,1,1,25,2,2,0
2,16,11,2010,2,3,1,2,2,1,1,4,1,1,1,3,1,2,13,6,1,1,33,2,2,0
4,9,10,2010,2,2,1,2,1,4,2,4,1,1,2,2,1,2,4,6,1,1,33,2,2,0
10,9,10,2010,3,1,1,2,2,1,1,1,1,1,1,1,1,1,19,6,1,1,35,2,2,0
4,8,11,2010,1,7,8,2,2,1,2,1,1,1,1,1,1,1,9,6,1,1,42,2,2,0
1,7,9,2010,2,7,8,2,2,1,1,1,1,1,1,5,1,1,9,6,1,1,36,2,2,0
12,9,11,2010,4,7,1,2,2,4,4,4,1,1,1,5,1,1,9,10,1,7,33,2,2,0
11,9,11,2010,3,7,8,2,2,1,1,1,1,1,1,1,1,2,9,6,1,7,33,2,2,0
10,9,12,2010,3,1,1,2,1,1,1,1,1,1,1,2,1,1,12,6,1,2,33,1,2,0
1,9,12,2010,2,1,1,1,2,1,1,1,1,1,1,5,1,1,4,11,1,1,25,2,2,0
11,9,12,2010,1,7,1,2,1,1,3,1,1,1,3,1,2,1,8,6,1,1,32,2,2,0
9,9,12,2010,3,3,1,2,2,1,2,1,1,1,1,3,1,2,4,6,1,1,33,2,2,0
1,6,9,2010,2,3,3,2,1,2,1,4,1,1,1,1,1,2,9,4,2,7,40,2,2,0
2,6,10,2010,2,1,2,2,1,1,2,1,1,1,1,4,4,2,17,2,1,1,28,2,2,3
5,6,11,2010,3,1,1,2,1,2,1,1,1,1,1,4,1,2,17,4,1,1,33,1,2,3
1,2,11,2010,2,1,1,1,2,1,1,1,1,1,1,1,1,1,8,6,1,1,31,2,1,0
8,11,12,2010,3,1,1,2,2,1,1,1,1,1,2,2,1,2,4,6,1,1,33,2,2,0
5,1,12,2010,1,1,1,2,2,1,1,1,1,1,1,2,1,2,19,10,1,1,33,2,2,0
1,8,12,2010,3,1,2,2,1,1,1,1,1,1,1,2,1,1,14,4,1,1,33,2,2,0
7,7,11,2010,2,1,1,2,2,1,1,1,1,1,1,3,1,2,9,6,1,1,33,1,2,0
1,16,12,2010,3,7,8,2,2,1,1,1,1,1,1,5,1,1,12,11,1,1,33,2,2,0
10,16,12,2010,2,7,2,2,2,4,1,1,1,1,1,2,1,2,14,6,1,1,33,2,2,0
1,15,8,2010,1,7,1,1,2,1,1,1,1,1,1,4,1,2,7,4,1,1,33,2,2,0
1,15,12,2010,3,7,1,1,2,1,1,2,1,1,1,5,1,1,9,3,1,1,33,2,2,0
5,15,11,2010,2,1,1,2,2,1,1,1,1,1,1,3,1,1,17,6,1,1,40,2,2,0
4,3,9,2010,1,7,1,2,1,1,1,1,1,1,2,1,1,1,9,6,1,6,45,2,2,0
7,3,10,2010,4,7,8,2,2,1,2,1,1,1,1,2,1,1,17,4,1,1,40,2,2,0
13,3,10,2010,3,7,8,2,2,1,1,1,1,1,1,4,1,2,14,6,1,1,40,2,2,0
2,3,12,2010,2,7,1,2,1,1,2,1,1,1,3,1,2,1,8,4,1,1,33,2,2,1
5,13,11,2010,3,1,3,2,2,1,1,1,1,1,1,2,1,2,9,6,1,1,33,2,2,0
3,13,11,2010,4,1,1,2,2,4,4,1,1,1,1,3,1,2,7,1,1,1,30,1,2,1
3,13,12,2010,2,7,1,2,2,4,2,1,1,1,1,4,1,2,1,6,1,1,40,2,2,0
4,4,10,2010,3,7,8,2,2,1,1,1,1,1,1,3,1,2,12,6,1,1,22,2,2,0
4,4,8,2010,4,1,1,2,1,2,1,1,1,1,3,1,2,1,14,6,1,1,35,2,2,0
2,4,7,2010,3,7,8,2,2,1,1,1,1,1,1,3,1,2,19,6,2,3,33,2,2,0
5,17,6,2010,4,7,1,2,2,1,4,1,1,1,1,3,1,2,14,6,2,1,40,2,2,0
6,17,6,2010,3,7,1,2,2,1,1,2,1,1,1,3,1,2,19,6,1,1,33,2,2,0
1,17,8,2010,4,1,1,2,2,1,2,1,1,1,1,1,1,2,9,6,1,7,33,2,2,0
7,17,9,2010,4,7,8,2,2,1,2,1,1,1,1,1,1,2,12,6,1,1,33,2,2,0
7,17,10,2010,3,7,1,2,2,1,1,1,1,1,1,1,1,2,9,6,1,1,33,2,2,0
6,17,11,2010,2,7,1,2,2,1,1,2,1,1,1,3,1,2,14,6,1,1,33,2,2,0
9,17,11,2010,3,1,1,2,2,1,1,1,1,1,1,3,1,2,8,4,2,7,35,1,2,0
1,17,11,2010,3,1,1,2,2,1,1,1,1,1,1,1,1,2,10,6,1,1,41,2,2,0
7,17,12,2010,3,1,8,2,2,1,1,1,1,1,1,5,1,1,4,5,1,1,18,2,2,0
3,5,7,2010,3,1,1,2,2,1,1,1,1,1,1,1,1,1,13,6,1,1,36,2,2,0
10,16,5,2010,1,1,1,2,2,1,2,1,1,1,1,3,1,2,14,4,2,1,33,2,2,0
5,11,12,2010,3,1,1,2,2,1,1,1,1,1,1,1,1,1,19,10,1,1,33,2,2,0
1,14,1,2010,4,3,1,2,1,1,3,1,1,1,1,1,1,1,14,6,2,7,33,1,2,0
1,14,2,2010,4,7,1,2,2,1,3,1,1,1,1,1,1,1,7,5,1,1,35,2,2,1
1,14,4,2010,4,3,1,2,2,1,3,1,1,1,1,5,1,1,9,11,1,2,33,1,2,0
4,14,4,2010,2,1,1,2,2,1,1,1,1,1,1,1,1,1,5,6,1,7,33,2,2,1
4,14,9,2010,2,1,8,2,2,1,1,1,1,1,1,1,1,1,14,6,1,1,32,2,2,0
3,14,10,2010,3,1,1,1,2,1,1,1,1,1,1,1,1,2,14,5,1,1,25,1,2,0
7,56,8,2010,4,2,1,2,2,1,3,1,1,1,1,2,1,2,7,11,1,1,28,2,2,0
9,56,6,2010,4,1,1,2,2,1,2,1,1,1,1,3,1,1,6,6,1,1,33,2,2,0
9,56,3,2010,1,1,1,2,2,1,4,1,1,1,1,1,2,1,10,6,1,1,22,1,2,1
3,56,1,2010,1,1,1,2,2,1,1,1,1,1,1,1,1,2,14,5,1,1,33,2,2,1
3,53,7,2010,4,1,1,2,2,1,2,1,1,1,1,2,1,2,8,5,1,1,33,1,0,0
1,53,5,2010,3,1,1,2,2,1,1,1,1,1,1,2,1,2,9,6,1,1,33,2,2,0
12,53,3,2010,3,1,1,2,2,1,1,1,1,1,1,1,1,2,8,5,1,1,33,2,2,0
2,53,3,2010,4,1,1,1,2,1,1,1,1,1,1,4,2,2,4,5,1,1,33,2,2,1
3,53,1,2010,2,1,1,2,2,1,1,1,1,1,1,2,1,2,13,6,1,1,33,2,2,3
3,55,4,2010,3,1,1,2,2,1,1,1,1,1,1,2,1,1,16,1,1,1,26,2,2,0
1,54,1,2010,3,1,1,2,2,1,1,1,1,1,1,2,1,1,13,1,1,1,33,1,0,0
11,54,3,2010,4,1,1,2,2,1,2,1,1,1,1,2,3,2,6,6,1,1,33,2,2,0
3,54,5,2010,3,1,1,2,2,1,1,1,1,1,1,2,1,2,7,11,1,1,35,2,2,0
10,54,4,2010,3,1,1,2,2,1,1,1,1,1,1,4,1,2,9,6,1,1,33,2,2,0
5,54,5,2010,2,1,8,2,2,1,1,1,1,1,1,4,1,2,5,6,1,1,33,2,2,0
1,55,10,2010,2,1,1,2,2,1,1,1,1,1,1,1,1,1,6,6,1,1,33,2,2,0
9,56,9,2010,3,1,1,2,2,1,1,1,1,1,1,3,1,2,9,6,1,1,35,2,2,1
6,56,10,2010,3,1,1,2,2,1,1,1,1,1,3,4,1,2,14,6,1,1,31,2,2,0
3,54,3,2010,4,3,1,2,2,1,1,1,1,1,1,4,1,2,8,6,1,1,33,2,2,0
8,56,7,2010,2,1,1,2,2,1,1,1,1,1,1,2,1,1,19,6,2,1,33,2,2,3
12,54,8,2010,2,1,1,2,2,1,1,1,1,1,1,1,1,2,7,6,1,1,33,2,2,0
5,54,2,2010,2,1,1,2,2,1,1,1,1,1,3,4,4,2,17,6,1,1,33,2,2,0
11,54,8,2010,4,1,1,2,2,1,2,1,1,1,1,3,1,2,9,6,1,1,33,2,2,1
1,53,11,2010,3,1,1,2,2,1,1,1,1,1,1,1,1,1,8,6,1,1,33,1,2,0
3,53,10,2010,3,1,1,2,2,1,1,1,1,1,1,2,1,2,7,5,1,1,33,2,2,1
1,53,5,2010,2,1,2,2,1,1,1,1,1,1,1,2,1,2,8,2,1,1,33,2,2,0
1,54,7,2010,4,1,1,2,2,1,2,1,1,1,1,1,1,2,8,5,1,1,35,1,2,1
12,54,1,2010,4,1,1,2,2,1,3,1,1,1,1,4,1,2,9,6,1,1,25,2,2,0
3,64,5,2010,2,1,1,2,1,1,1,1,1,1,1,5,1,1,19,4,1,1,33,1,2,1
3,64,7,2010,2,1,1,2,1,1,1,1,1,1,1,5,1,1,8,2,2,1,33,1,2,1
6,38,1,2010,2,1,1,2,2,1,1,1,1,1,1,1,1,2,14,6,1,1,52,2,2,0
1,47,1,2010,3,7,1,2,2,1,1,2,1,1,1,1,1,1,14,6,1,1,33,2,2,0
12,47,1,2010,1,1,1,2,2,1,3,1,1,1,1,1,2,2,14,6,1,1,33,2,2,0
2,47,2,2010,1,1,1,2,2,1,4,1,1,1,1,1,1,2,14,5,1,1,50,2,2,0
12,47,2,2010,1,1,1,2,2,1,4,1,1,1,1,1,1,2,13,6,1,1,33,2,2,0
9,47,2,2010,3,1,1,2,2,1,1,1,1,1,1,1,1,2,13,6,1,1,33,2,2,0
3,40,2,2010,3,1,1,2,2,1,1,1,1,1,1,1,1,2,9,6,1,1,33,2,2,0
1,37,3,2010,3,1,1,2,2,1,1,2,1,1,1,2,1,2,14,1,1,3,33,2,2,0
7,41,3,2010,2,1,1,2,2,1,2,1,1,1,1,1,1,1,9,6,1,3,33,2,2,0
1,47,3,2010,2,1,1,2,2,1,1,1,1,1,1,1,1,2,9,6,1,3,32,2,2,1
12,47,3,2010,1,1,1,2,2,1,3,1,1,1,1,1,1,2,14,6,1,1,33,2,2,2
5,45,3,2010,4,1,1,2,2,1,4,1,1,1,1,1,1,2,9,6,1,1,33,2,2,0
9,47,4,2010,2,1,1,2,2,1,1,2,1,1,1,1,1,2,14,6,1,1,30,2,2,1
2,47,4,2010,3,1,1,2,2,1,1,1,1,1,1,1,1,2,9,6,1,1,30,2,2,0
1,38,5,2010,2,5,1,2,2,1,1,1,1,1,1,5,1,1,4,2,1,1,30,2,2,1
6,44,5,2010,3,1,1,2,2,1,1,1,1,1,1,1,1,1,8,6,1,1,33,2,2,3
2,50,5,2010,2,1,1,2,2,1,1,1,1,1,1,1,1,2,9,6,1,1,50,2,2,0
12,47,5,2010,1,1,1,2,2,1,1,1,1,1,1,1,1,2,14,6,1,1,30,2,2,1
1,49,5,2010,3,1,1,2,2,1,1,1,1,1,1,3,1,2,14,6,1,1,28,2,2,0
6,45,5,2010,3,1,1,2,2,1,1,1,1,1,1,1,1,1,9,6,1,1,33,2,2,0
2,45,5,2010,3,1,1,2,2,1,1,1,1,1,1,1,1,2,9,6,1,1,33,2,2,0
5,47,6,2010,4,1,1,2,2,1,4,1,1,1,1,3,1,2,10,6,1,1,33,2,2,1
7,47,6,2010,2,1,1,2,2,1,1,2,1,1,1,1,1,2,14,6,1,1,29,2,2,1
1,49,6,2010,4,1,1,2,2,1,4,1,1,1,1,3,1,2,8,6,1,1,33,2,2,0
6,45,6,2010,3,1,1,2,2,1,1,1,1,1,1,1,1,2,9,6,1,1,33,2,2,0
7,38,6,2010,3,1,1,2,2,1,1,1,1,1,1,1,1,2,14,6,1,1,33,2,2,1
12,50,7,2010,3,1,1,2,2,1,1,2,1,1,1,1,1,2,10,6,1,1,52,2,2,1
1,38,7,2010,3,2,1,2,2,1,1,1,1,1,1,1,1,1,4,6,1,1,33,2,2,3
4,35,7,2010,3,1,1,2,2,1,1,1,1,1,1,1,1,2,9,6,1,1,33,2,2,0
2,44,7,2010,3,1,1,2,2,1,1,2,1,1,1,2,1,2,14,6,1,1,33,2,2,0
6,40,7,2010,2,3,1,2,2,1,2,1,1,1,1,1,1,2,9,6,1,3,28,2,2,0
1,46,4,2010,4,1,1,2,2,1,4,1,1,1,1,1,1,1,9,6,1,3,33,2,2,0
1,46,5,2010,4,1,1,2,2,1,1,1,1,1,1,1,1,1,9,6,1,3,33,2,2,0
1,46,7,2010,3,1,1,2,2,1,1,1,1,1,1,1,1,2,9,6,1,1,33,2,2,0
1,46,8,2010,4,1,1,2,2,1,1,1,1,1,1,1,1,1,14,6,1,1,33,2,2,0
9,15,6,2010,2,1,1,2,2,1,1,1,1,1,1,2,1,2,8,6,1,1,33,2,2,0
1,35,9,2010,4,3,1,2,2,1,2,1,1,1,1,1,1,1,9,10,1,1,36,2,2,0
6,45,9,2010,3,1,1,2,2,1,1,1,1,1,1,1,1,2,9,6,1,1,33,2,2,0
4,35,10,2010,3,1,1,2,2,1,1,1,2,1,1,1,1,2,7,6,1,1,33,2,2,1
12,47,11,2010,4,1,1,2,2,1,1,1,1,1,1,1,1,2,9,6,1,1,33,2,2,0
5,45,11,2010,3,1,1,2,2,1,1,1,1,1,1,1,1,2,14,6,1,3,33,2,2,0
7,41,11,2010,4,1,1,2,2,1,2,1,1,1,1,1,1,1,9,6,1,7,33,2,2,0
6,38,11,2010,2,1,1,2,2,1,1,1,1,1,1,1,1,1,9,6,1,1,45,2,2,1
12,47,12,2010,2,1,1,2,2,1,2,1,1,1,1,1,1,2,9,2,1,1,33,2,2,0
3,38,12,2010,2,1,1,2,2,1,1,1,1,1,1,1,1,1,7,6,1,1,33,2,2,1
4,37,12,2010,3,1,1,2,2,1,1,1,1,1,1,2,1,2,8,6,1,3,33,2,2,1
5,45,12,2010,2,1,1,2,2,1,2,1,1,1,1,1,1,2,12,6,1,1,33,2,2,0
4,45,12,2010,3,1,1,2,2,1,1,1,1,1,1,3,1,2,12,6,1,1,32,2,2,0
2,45,12,2010,2,1,1,2,2,1,2,1,1,1,1,1,1,2,12,6,1,7,33,2,2,0
33,42,1,2010,2,1,1,2,1,1,2,1,1,1,1,1,1,1,14,6,1,1,40,2,2,0
14,42,2,2010,2,1,1,2,2,1,1,1,1,1,1,1,1,1,8,6,1,1,35,2,2,1
29,42,5,2010,3,1,4,1,1,1,3,1,1,1,1,5,1,1,9,6,1,1,40,1,2,2
14,42,2,2010,3,1,1,2,1,1,1,4,1,1,1,1,1,1,9,6,1,1,28,2,2,0
10,42,6,2010,2,2,5,1,1,1,1,1,1,1,1,5,1,1,8,6,1,1,40,2,2,1
25,42,7,2010,2,7,1,1,1,1,1,1,1,1,1,5,1,1,7,6,1,1,40,2,2,0
22,42,7,2010,3,1,1,2,1,1,1,1,1,1,1,1,1,1,9,6,1,1,42,2,2,2
12,42,11,2010,1,2,4,1,1,1,3,1,1,1,1,5,1,1,14,6,1,1,35,2,2,3
28,42,12,2010,2,2,6,1,1,1,1,1,1,1,1,5,1,1,8,6,1,1,27,2,2,2
7,56,1,2010,2,2,1,2,2,1,1,1,1,1,1,1,1,2,9,11,1,1,35,2,2,3
1,55,2,2010,1,2,1,2,2,1,1,1,1,1,1,1,2,1,7,6,1,1,25,2,2,0
4,55,1,2010,2,1,1,1,1,1,1,1,1,1,1,2,1,1,9,6,1,1,33,2,2,1
6,55,7,2010,3,1,1,2,2,1,1,1,1,1,1,1,1,2,7,5,1,1,33,2,2,0
4,55,9,2010,2,1,1,2,2,1,1,1,1,1,1,2,1,2,9,6,1,1,44,2,2,0
10,54,7,2010,2,1,1,1,2,1,1,2,1,1,1,4,1,2,8,6,1,1,33,2,2,0