Thana,District,Month,Year,Time,Junction_Type,Traffic_Control,Movement,Divider,Weather,Light,Road_Geometry,Surface_Condition,Surface_Type,Surface_Quality,Road_Class,Road_Feature,Location_Type,Vehicle_Type,Vehicle_Movement,Vehicle_Loading,Vehicle_Defect,Vehicle_Driver_Age,Vehicle_Alcohol,Vehicle_Seat_Belt,Accident_Severity
8,54,6,2010,2,1,1,2,2,1,1,1,1,1,1,3,2,2,13,6,1,1,30,2,2,0
2,54,10,2010,2,1,1,2,2,1,1,1,1,1,1,2,1,2,8,6,1,1,33,2,2,0
13,54,4,2010,4,1,1,2,2,1,2,1,1,1,1,1,1,1,14,6,1,1,33,2,2,0
7,54,6,2010,4,1,1,2,2,1,1,1,1,1,1,2,1,2,9,6,1,1,50,2,2,0
7,54,12,2010,3,1,1,2,2,1,1,1,1,1,1,2,1,2,9,6,1,1,48,2,2,0
1,54,7,2010,4,7,1,2,2,1,3,1,1,1,1,1,1,1,14,9,1,1,38,2,2,0
12,54,10,2010,2,1,1,2,2,1,1,1,1,1,1,1,1,1,9,6,1,1,33,2,2,0
8,54,11,2010,4,7,1,2,2,1,1,1,1,1,1,4,1,2,13,11,1,1,40,2,2,0
1,58,11,2010,1,1,1,2,2,1,4,1,1,1,1,2,1,2,9,5,1,1,33,2,2,0
9,63,12,2010,2,1,1,2,2,1,1,1,1,1,1,1,1,2,9,5,1,1,48,2,2,0
9,63,9,2010,3,1,1,2,2,1,1,1,1,1,1,1,1,2,9,5,1,1,33,2,2,0
6,63,11,2010,2,1,1,2,2,1,1,1,1,1,1,1,1,2,14,5,1,1,33,2,2,0
6,63,10,2010,4,1,1,2,2,1,4,1,1,1,1,1,1,2,8,5,1,1,42,2,2,1
3,63,12,2010,3,1,1,2,2,1,1,2,1,1,1,4,1,2,5,6,2,1,33,2,2,1
14,58,5,2010,1,1,1,2,1,1,4,1,1,2,1,2,1,2,9,5,1,3,33,2,2,0
5,58,8,2010,3,1,1,2,2,1,1,1,1,1,1,1,1,2,8,5,1,1,45,2,2,2
14,58,11,2010,4,1,1,2,1,1,4,1,1,1,1,1,1,2,19,6,1,1,33,2,2,0
14,63,3,2010,4,3,1,2,1,1,4,1,1,1,3,1,1,2,14,6,1,7,30,2,2,0
8,56,2,2010,2,1,1,2,2,1,1,1,1,1,1,2,1,2,10,6,1,1,40,2,2,0
13,54,5,2010,3,1,1,2,2,1,2,1,1,1,1,1,1,2,4,6,1,1,33,2,2,0
7,64,6,2010,1,1,1,2,1,1,3,1,1,1,1,5,1,1,9,6,1,1,33,1,2,0
2,64,10,2010,3,1,4,2,1,1,1,1,1,1,1,5,1,1,14,6,1,1,33,1,2,1
7,38,1,2010,4,2,1,2,2,1,2,1,1,1,1,1,1,2,13,6,1,1,33,2,2,1
3,36,1,2010,2,4,8,2,2,1,1,2,1,1,1,1,1,2,9,6,1,1,33,2,2,0
1,45,1,2010,3,1,1,2,2,1,1,1,1,1,1,1,1,2,14,6,1,3,33,2,2,0
7,40,2,2010,4,1,1,2,2,1,2,1,1,1,1,2,1,2,15,5,1,1,33,2,2,0
3,38,3,2010,1,1,1,2,2,1,2,1,1,1,1,1,1,2,14,10,1,2,45,2,2,0
1,35,4,2010,3,1,1,2,2,1,1,1,1,1,1,2,1,2,8,6,1,3,33,2,2,0
6,38,4,2010,3,3,1,2,2,1,4,2,1,1,1,1,1,2,13,6,1,1,55,2,2,0
1,45,4,2010,3,1,1,2,2,1,1,1,1,1,1,1,1,2,14,6,1,3,33,2,2,1
1,47,5,2010,3,1,1,2,2,1,1,1,1,1,1,1,1,2,9,6,1,1,33,2,2,0
1,39,5,2010,1,1,1,2,2,1,4,1,1,1,1,1,1,2,9,6,1,1,33,2,2,0
1,49,6,2010,3,1,1,2,2,1,1,1,1,1,1,2,1,2,14,6,1,3,28,2,2,1
8,47,7,2010,2,1,1,2,2,2,1,1,2,1,1,1,1,2,14,6,1,1,32,2,2,0
6,45,7,2010,4,1,1,2,2,1,1,1,1,1,1,1,1,2,9,5,1,1,33,2,2,0
6,44,7,2010,3,1,1,2,2,1,1,1,1,1,1,3,1,2,14,6,1,1,28,2,2,3
1,40,7,2010,2,1,1,2,2,1,1,1,1,1,1,1,1,2,14,10,1,1,50,2,2,0
6,40,7,2010,3,1,1,2,2,1,1,1,1,1,1,1,1,2,14,6,1,1,42,2,2,0
2,35,8,2010,1,1,1,2,2,1,4,1,1,1,1,2,1,2,9,6,1,1,33,2,2,0
1,45,8,2010,4,1,1,2,2,1,1,1,1,1,1,1,1,1,14,5,1,1,45,2,2,1
6,46,5,2010,4,2,1,2,2,1,3,1,1,1,1,1,1,1,14,2,1,1,18,2,2,0
6,44,8,2010,4,1,1,2,2,1,2,3,1,1,1,1,2,1,14,6,1,1,30,2,2,0
7,38,9,2010,2,1,4,2,2,1,1,1,1,1,1,1,1,2,10,6,1,3,33,2,2,1
5,45,9,2010,2,1,1,2,2,1,1,1,1,1,1,1,1,2,9,5,1,1,33,2,2,0
1,49,11,2010,2,4,4,2,2,1,1,1,1,1,1,2,1,1,9,6,1,1,40,2,2,1
3,39,11,2010,4,1,1,2,2,1,2,1,1,1,1,1,1,2,14,6,1,1,32,2,2,0
1,45,12,2010,4,1,1,2,2,1,2,1,1,1,1,1,1,1,9,6,1,3,33,2,2,1
15,42,1,2010,4,1,1,2,1,1,2,1,1,1,1,2,1,1,14,6,1,1,40,2,2,2
28,42,2,2010,3,3,4,1,1,1,1,1,1,1,1,5,1,1,8,6,1,1,20,2,2,2
2,42,2,2010,3,3,4,1,1,1,1,1,1,1,1,2,1,1,9,6,1,1,51,2,2,2
32,42,1,2010,3,4,2,1,1,1,1,1,1,1,1,5,1,1,12,6,1,1,30,2,2,1
32,42,2,2010,3,1,4,1,1,1,1,1,1,1,1,5,1,1,9,6,1,1,35,2,2,1
9,42,2,2010,3,1,4,2,1,1,1,1,1,1,1,5,1,1,9,6,1,1,34,2,2,2
15,42,3,2010,1,1,1,2,2,1,4,1,1,1,1,2,1,1,14,6,1,1,35,1,2,1
22,42,3,2010,1,1,2,2,1,1,2,1,1,1,1,1,1,1,14,6,1,1,42,1,2,1
22,42,3,2010,2,1,5,2,1,1,1,1,1,1,1,1,1,1,14,6,1,1,40,2,2,0
12,42,4,2010,2,3,4,2,1,1,1,1,1,1,1,5,1,1,8,6,1,1,42,2,2,2
12,42,4,2010,2,1,4,2,1,1,1,1,1,1,1,1,1,1,9,6,1,7,40,2,2,0
37,42,5,2010,2,1,1,2,1,1,1,1,1,1,1,5,1,1,9,6,1,1,42,1,2,2
13,42,4,2010,3,1,1,1,1,1,1,1,1,1,1,1,1,1,9,6,1,1,33,2,2,3
22,42,4,2010,4,2,4,2,1,1,4,1,1,1,1,1,1,1,9,6,1,1,35,2,2,0
28,42,6,2010,2,2,4,1,1,1,1,1,1,1,1,5,1,1,9,6,1,1,38,1,2,2
9,42,5,2010,2,2,4,2,1,1,1,1,1,1,1,5,1,1,9,6,1,1,22,1,2,3
29,42,4,2010,2,5,4,1,1,1,3,2,1,1,1,5,1,1,9,6,1,1,48,2,2,0
1,42,1,2010,3,1,1,2,1,1,1,4,1,1,1,5,1,1,9,6,1,1,30,2,2,0
1,42,4,2010,2,3,4,2,1,1,1,1,1,1,1,5,1,1,9,6,1,1,26,2,2,0
1,42,5,2010,2,3,4,2,1,1,1,1,1,1,1,5,1,1,9,6,1,1,30,2,2,2
1,42,6,2010,4,1,4,2,2,1,3,1,1,1,1,5,1,1,10,6,1,1,30,2,2,2
2,42,6,2010,2,1,1,1,1,1,1,1,1,1,1,5,1,1,9,6,1,1,35,2,2,0
14,42,3,2010,1,1,8,2,1,1,1,1,1,1,1,1,1,1,9,6,1,1,33,1,2,2
12,42,7,2010,2,1,4,1,1,1,1,1,1,1,1,5,1,1,14,6,1,1,40,2,2,2
12,42,7,2010,2,2,4,1,1,1,1,1,1,1,1,1,1,1,9,6,1,1,35,2,2,2
33,42,6,2010,2,1,1,2,1,1,1,1,1,1,1,1,1,1,9,6,2,1,38,2,2,0
12,42,8,2010,2,3,4,2,1,1,1,1,1,1,1,1,1,1,9,6,1,1,40,2,2,2
12,42,8,2010,2,1,4,1,1,1,1,1,1,1,1,5,1,1,9,6,1,1,33,2,2,2
9,42,8,2010,2,7,4,2,1,1,1,1,1,1,1,5,1,1,9,6,1,1,35,2,2,0
1,42,7,2010,4,1,1,1,1,1,3,1,1,1,1,5,1,1,9,6,1,1,30,2,2,0
23,42,8,2010,3,1,1,1,1,1,1,1,1,1,1,1,1,1,4,6,1,1,26,2,2,3
3,42,9,2010,4,1,1,1,1,1,3,1,1,1,1,1,1,1,9,6,1,1,43,2,2,2
15,42,9,2010,4,1,1,2,2,2,4,1,2,1,1,4,1,1,12,6,1,1,33,2,2,1
3,42,10,2010,3,2,4,2,1,1,1,1,1,1,1,1,1,1,15,6,1,1,45,2,2,1
37,42,11,2010,3,2,6,2,1,1,1,1,1,1,1,5,1,1,9,6,1,1,38,1,2,0
37,42,11,2010,3,3,4,2,1,1,1,2,1,1,1,5,1,1,9,6,1,1,43,2,2,1
12,42,10,2010,1,2,4,1,1,1,3,1,1,1,1,5,1,1,10,6,1,1,30,2,2,1
12,42,11,2010,3,3,5,1,1,1,1,1,1,1,1,1,1,1,9,6,1,1,40,2,2,1
22,42,10,2010,2,1,4,1,1,1,1,1,1,1,1,1,1,1,9,6,1,1,30,2,2,2
14,42,10,2010,2,2,4,2,1,1,2,1,1,1,1,1,1,1,9,6,1,7,40,2,2,2
23,42,12,2010,2,4,8,1,1,1,1,1,1,1,1,1,1,1,10,6,1,1,30,2,2,1
12,42,12,2010,4,1,4,1,1,1,3,1,1,1,1,5,1,1,9,6,1,1,42,2,2,2
1,42,10,2010,4,2,4,2,1,1,2,1,1,1,1,5,1,1,9,6,1,1,26,2,2,2
1,42,9,2010,2,2,4,1,1,1,1,1,1,1,1,5,1,1,7,6,1,1,53,2,2,2
1,42,11,2010,4,6,4,1,1,1,3,1,1,1,1,5,1,1,7,6,1,1,30,2,2,1
1,42,12,2010,1,1,1,2,1,1,1,1,1,1,1,5,1,1,11,6,1,1,40,2,2,1
14,42,12,2010,2,2,4,1,1,1,1,1,1,1,1,1,1,1,7,6,1,1,48,1,2,0
32,42,12,2010,3,3,4,1,1,1,1,1,1,1,1,5,1,1,9,6,1,1,38,2,2,2
9,56,1,2010,3,3,1,2,2,1,1,2,1,1,1,1,1,2,14,2,1,1,35,2,2,0
8,57,4,2010,3,1,1,2,2,1,1,1,1,1,1,1,1,2,9,11,1,1,32,2,2,0
1,65,1,2010,2,1,1,2,2,1,2,1,1,1,1,1,1,2,9,5,1,1,33,2,2,1
5,65,2,2010,2,1,1,2,2,1,2,1,1,1,1,1,1,2,14,6,1,1,33,2,2,0
1,61,3,2010,1,1,1,2,2,1,1,1,1,1,1,1,1,2,8,5,1,1,33,2,2,0
1,61,5,2010,1,1,1,2,2,1,2,1,1,1,1,1,1,2,14,6,1,1,33,2,2,0
1,61,7,2010,3,1,1,2,2,1,1,1,1,1,1,3,1,2,5,5,1,7,33,2,2,0
1,59,3,2010,2,3,1,2,2,1,1,1,1,1,1,2,1,2,9,5,1,1,25,2,2,0
2,60,4,2010,2,1,8,2,2,1,1,1,1,1,1,2,1,2,9,5,1,1,40,2,2,0
10,66,8,2010,4,1,1,2,2,1,4,1,1,1,1,3,1,2,17,6,1,1,25,2,2,1
3,57,9,2010,3,1,1,2,2,1,1,1,1,1,1,1,1,2,10,5,1,1,55,2,2,0
6,57,6,2010,2,1,1,2,2,1,1,1,1,1,1,3,1,2,6,6,1,6,23,2,2,0
8,63,1,2010,4,3,1,2,2,1,4,1,1,1,1,1,1,2,9,5,1,1,32,2,2,0
9,63,3,2010,4,1,1,2,2,1,4,1,1,1,1,2,1,2,13,6,1,1,38,2,2,0
8,63,6,2010,2,1,1,2,2,1,1,1,1,1,1,1,1,2,19,1,1,1,33,2,2,2
8,63,4,2010,2,1,1,2,2,1,1,1,1,1,1,1,1,2,14,6,1,1,33,2,2,0
9,63,9,2010,3,1,1,2,2,1,1,1,1,1,1,2,1,2,8,5,1,1,32,1,2,0
8,42,11,2010,1,5,4,2,1,1,3,1,1,1,1,5,1,1,14,6,1,1,35,2,2,3
2,17,2,2010,3,1,1,2,2,1,1,1,1,1,1,4,1,2,14,5,1,1,50,2,2,1
10,16,3,2010,2,7,1,2,2,1,1,1,1,1,1,1,2,1,14,5,1,7,33,2,2,0
12,9,5,2010,3,1,1,2,2,1,1,1,1,1,1,1,1,1,14,6,1,7,35,2,2,1
3,8,5,2010,1,7,1,2,2,2,2,1,2,1,1,1,1,1,14,6,1,7,26,2,2,0
3,5,2,2010,3,3,8,2,2,1,1,1,1,1,2,3,1,2,17,2,2,7,33,2,2,0
1,2,1,2010,3,3,1,2,2,1,1,1,1,1,1,1,1,1,8,6,1,7,33,2,2,0
1,2,1,2010,2,1,1,2,2,1,1,2,1,1,1,1,1,1,9,4,1,7,33,2,2,0
10,9,8,2010,4,1,1,2,2,1,2,1,1,1,1,1,1,2,14,6,1,1,33,2,2,0
10,9,8,2010,3,1,8,2,2,1,1,1,1,1,1,1,1,2,8,6,1,1,33,2,2,0
3,13,4,2010,2,3,1,1,2,1,1,1,1,1,1,4,1,2,19,4,2,7,33,2,2,1
5,13,7,2010,2,7,1,2,2,1,1,1,1,1,1,2,1,2,8,6,1,1,36,2,2,0
10,16,8,2010,3,7,1,2,2,1,1,1,1,1,1,2,2,2,9,4,2,1,33,2,2,1
11,16,8,2010,3,7,1,2,2,1,1,1,1,1,1,2,1,2,9,11,1,7,33,2,2,0
1,9,6,2010,1,7,1,2,2,2,1,2,2,1,1,1,1,1,12,4,1,1,35,2,2,0
1,9,6,2010,2,7,8,2,2,1,1,2,1,1,1,1,1,2,9,2,2,7,33,2,2,0
11,9,6,2010,3,1,1,2,2,1,1,1,1,1,1,1,1,2,14,6,1,1,33,2,2,0
10,9,6,2010,2,1,1,2,2,1,1,1,1,1,1,1,2,1,14,4,1,1,35,2,2,0
11,16,6,2010,4,7,8,2,2,1,1,1,1,1,1,3,1,2,14,6,1,1,40,2,2,1
10,16,6,2010,2,3,1,2,2,1,1,1,1,1,1,1,1,2,9,4,1,1,35,2,2,0
6,9,9,2010,4,1,1,2,1,1,2,1,1,1,1,2,1,2,7,6,1,1,50,2,2,0
10,9,10,2010,3,1,1,2,2,1,1,1,1,1,1,1,1,2,9,6,1,1,50,2,2,0
10,9,11,2010,3,7,8,2,2,1,4,1,1,1,1,1,4,2,8,6,1,1,33,1,2,0
10,9,12,2010,1,1,1,2,2,4,2,1,1,1,1,1,1,2,9,6,1,1,33,2,2,0
1,9,12,2010,2,7,8,2,2,1,1,1,1,1,1,1,1,2,8,6,1,1,33,2,2,0
1,5,9,2010,3,1,1,2,1,1,1,1,1,1,1,3,1,1,13,6,1,1,33,2,2,0
3,8,12,2010,4,1,8,2,2,1,4,1,1,1,1,1,1,2,14,6,1,7,33,2,2,0
7,7,10,2010,2,1,1,2,2,1,1,1,1,1,1,3,1,2,14,6,1,1,32,2,2,0
10,16,12,2010,4,7,1,2,2,1,4,2,1,1,1,2,4,2,14,5,1,1,33,2,2,0
2,6,12,2010,2,7,1,2,2,4,1,1,1,1,1,1,1,2,7,4,1,7,33,2,2,0
6,13,11,2010,2,1,8,2,1,1,2,1,1,1,2,1,2,1,14,2,1,1,40,2,2,0
6,4,10,2010,2,2,1,2,2,1,1,1,1,1,1,3,1,1,1,6,1,1,18,2,2,1
7,17,9,2010,4,5,1,2,2,1,2,4,1,1,1,1,1,2,14,1,1,7,33,2,2,0
7,17,10,2010,3,4,1,2,2,1,2,1,1,1,2,4,1,1,4,2,1,1,32,2,2,0
7,17,11,2010,2,1,1,2,2,1,1,2,1,1,1,1,1,2,8,4,1,7,33,2,2,0
3,56,8,2010,3,2,4,2,2,1,3,1,1,1,1,1,1,2,10,2,1,1,30,2,1,0
7,56,6,2010,2,1,1,2,2,1,1,1,1,1,1,1,1,2,12,6,1,1,30,2,2,0
7,56,5,2010,3,2,1,2,2,1,1,3,1,1,1,1,1,2,10,6,1,1,48,2,2,0
3,56,5,2010,3,3,1,2,2,1,1,1,1,1,1,1,1,2,9,6,1,1,33,2,2,0
3,56,1,2010,4,1,1,2,2,1,3,1,1,1,1,1,1,1,13,6,1,1,27,2,2,1
6,55,11,2010,2,1,1,2,2,1,1,1,1,1,1,1,1,2,14,5,1,1,33,2,2,0
1,55,10,2010,4,1,1,1,2,1,2,2,1,1,1,1,1,2,9,6,1,1,33,2,2,0
3,32,1,2010,3,1,1,2,2,1,1,1,1,1,1,4,1,2,14,6,1,1,33,2,2,0
1,31,2,2010,4,1,1,2,2,1,4,1,1,1,1,3,1,2,9,6,1,1,33,2,2,0
3,27,6,2010,1,1,1,2,2,1,1,1,1,1,1,4,1,2,9,6,1,1,35,2,2,0
10,34,7,2010,2,2,1,2,2,1,1,2,1,1,1,1,1,2,9,5,1,1,38,2,2,2
2,31,11,2010,3,1,1,2,2,1,1,2,1,1,1,2,1,2,8,11,1,3,33,2,2,0
7,64,6,2010,4,1,1,2,1,1,3,1,1,1,1,5,1,1,19,10,1,1,33,1,2,1
2,64,1,2010,4,7,7,2,2,1,3,2,1,1,1,5,1,1,15,6,1,1,33,1,2,1
1,64,5,2010,3,1,1,2,1,1,1,2,1,1,1,5,1,1,8,6,1,1,23,1,2,1
1,64,5,2010,1,1,1,2,1,1,3,1,1,1,1,5,1,1,13,6,1,1,33,1,2,1
1,64,8,2010,3,3,1,2,1,1,1,1,1,1,1,5,1,1,10,6,1,1,33,1,2,2
1,64,11,2010,4,3,1,2,2,1,2,1,1,1,1,5,1,1,14,6,1,1,50,1,2,2
4,64,1,2010,2,1,1,2,1,1,1,1,1,1,1,5,1,1,9,6,1,1,33,1,2,0
4,64,2,2010,3,1,1,2,2,1,3,1,1,1,1,5,1,1,14,6,1,1,35,1,2,1
10,67,8,2010,3,1,1,2,2,2,2,3,2,1,1,2,1,2,9,6,2,7,40,2,2,1
1,67,6,2010,3,1,1,2,2,2,1,4,2,1,1,1,1,2,7,5,1,1,33,2,2,0
10,67,8,2010,2,1,1,2,2,1,1,4,1,1,1,2,1,2,9,6,1,1,40,2,2,1
8,67,8,2010,2,1,1,2,2,1,1,2,1,1,1,1,1,1,8,5,1,1,40,2,2,0
1,6,10,2010,4,1,1,2,2,1,3,1,1,1,1,5,1,1,9,2,1,1,33,2,2,0
6,63,4,2010,3,1,1,2,2,1,1,1,1,1,1,1,1,2,4,6,1,1,30,2,2,0
6,63,1,2010,3,1,1,2,2,1,1,1,1,1,1,1,1,1,10,6,1,1,25,2,2,1
11,58,1,2010,2,1,1,2,2,4,2,2,1,1,1,3,1,2,6,5,1,1,33,2,2,0
8,67,1,2010,3,1,1,2,2,1,1,1,1,1,1,1,1,2,14,6,1,1,36,2,2,0
1,60,9,2010,2,1,1,2,2,1,1,1,1,1,1,1,1,1,5,6,1,1,33,2,2,0
6,60,10,2010,3,1,1,2,2,1,1,1,1,1,1,1,1,2,13,6,1,3,40,2,2,0
1,67,3,2010,3,1,1,2,2,1,1,4,1,1,1,1,1,1,8,6,1,1,38,2,2,1
4,63,12,2010,2,2,4,1,1,1,1,1,1,1,1,1,1,2,7,6,1,1,33,2,2,0
15,63,6,2010,2,1,1,2,2,1,1,2,1,1,1,1,1,2,14,6,1,2,35,2,2,0
8,47,1,2010,4,1,1,2,2,1,2,1,1,1,1,1,1,2,6,6,1,1,25,2,2,0
1,40,6,2010,2,1,1,2,2,2,1,1,2,1,1,1,1,2,9,6,1,3,45,2,2,1
3,40,6,2010,4,1,1,2,2,1,4,1,1,1,1,1,1,2,9,6,1,1,33,2,2,0
12,50,8,2010,3,1,1,2,2,1,1,2,1,1,1,1,1,2,9,6,1,1,40,2,2,0
3,40,10,2010,3,1,1,2,2,1,1,1,1,1,1,1,1,1,9,6,1,3,33,2,2,2
3,39,10,2010,3,1,1,2,2,1,1,1,1,1,1,1,1,2,9,6,1,7,40,2,2,2
9,47,1,2010,3,1,1,2,2,1,1,1,1,1,1,1,1,2,9,6,1,1,33,2,2,0
7,41,12,2010,2,1,1,2,2,1,1,1,1,1,1,2,1,2,9,6,1,3,33,2,2,3
3,40,7,2010,3,1,1,2,2,1,1,1,1,1,1,1,1,2,9,6,1,2,40,2,2,0
9,51,6,2010,2,1,1,2,2,1,1,1,1,1,1,2,1,2,8,6,1,1,33,2,2,0
40,42,6,2010,4,3,4,1,1,1,2,2,1,1,1,5,1,1,9,2,1,1,35,1,2,0
14,42,3,2010,4,2,4,1,1,1,3,1,1,1,1,1,1,1,10,6,1,1,38,2,2,2
23,42,6,2010,4,1,4,1,1,3,1,1,1,1,1,1,1,1,10,6,1,1,30,2,2,2
41,42,10,2010,2,1,1,2,2,1,1,1,1,1,1,5,1,1,6,6,2,1,25,2,2,3
13,42,11,2010,1,1,1,1,1,1,3,1,1,1,1,1,1,1,14,6,1,1,40,1,2,2
32,42,12,2010,3,2,4,1,1,1,1,1,1,1,1,5,1,1,9,6,1,1,42,2,2,1
1,42,6,2010,2,1,1,2,1,1,1,1,1,1,1,5,1,1,9,6,1,1,35,2,2,0
8,42,8,2010,2,3,4,2,1,1,1,1,1,1,1,1,1,1,9,6,1,1,40,2,2,2
8,42,8,2010,2,2,4,2,1,1,1,1,1,1,1,5,1,1,13,6,1,1,33,2,2,2
8,42,10,2010,1,2,5,2,1,1,3,1,1,1,1,5,1,1,10,6,1,1,30,2,2,1
8,42,11,2010,3,3,4,2,1,1,1,1,1,1,1,1,1,1,9,6,1,1,40,2,2,1
8,42,12,2010,4,1,4,2,1,1,3,1,1,1,1,5,1,1,9,6,1,1,42,2,2,2
8,42,4,2010,2,3,4,2,1,1,1,1,1,1,1,5,1,1,8,6,1,1,42,2,2,2
8,42,4,2010,2,3,4,2,1,1,1,1,1,1,1,5,1,1,9,6,1,7,40,2,2,0
8,42,4,2010,4,6,4,2,1,1,3,1,1,1,1,5,1,1,14,6,1,1,42,1,2,3
8,42,7,2010,2,6,4,2,1,1,1,1,1,1,1,1,1,1,9,6,1,1,35,2,2,2
4,26,6,2010,2,1,1,2,2,1,1,2,1,1,1,2,1,2,14,6,1,1,33,1,2,0
3,29,6,2010,2,1,1,2,2,1,1,1,1,1,1,1,1,2,9,6,1,1,33,1,2,1
3,29,8,2010,3,3,1,2,2,1,1,1,1,1,1,1,1,2,13,6,1,1,33,1,2,0
5,29,6,2010,1,1,1,2,2,1,1,1,1,1,1,1,1,2,9,6,1,1,33,1,2,0
5,29,8,2010,1,1,1,2,2,2,1,1,2,1,1,1,1,2,10,6,1,1,33,1,2,0
5,29,12,2010,4,1,1,2,2,1,2,1,1,1,1,1,1,2,9,6,1,1,33,1,2,0
7,29,10,2010,1,1,1,2,2,1,1,1,1,1,1,2,1,2,4,6,1,1,33,1,2,0
8,29,6,2010,4,1,1,2,2,1,4,2,1,1,1,1,1,2,13,6,1,1,33,1,2,0
1,20,4,2010,2,1,1,2,2,1,2,1,1,1,1,1,1,2,8,6,1,1,27,1,2,1
1,24,6,2010,1,1,1,2,1,4,1,1,1,1,1,2,1,2,14,6,1,7,33,1,2,3
2,24,5,2010,1,1,1,2,2,1,2,1,1,1,1,1,1,2,9,6,1,7,33,1,2,0
5,24,7,2010,3,1,1,2,2,1,1,1,1,1,1,1,1,2,13,6,1,7,33,1,2,3
7,24,9,2010,2,1,1,2,2,1,1,1,1,1,1,1,1,1,9,6,1,7,33,1,2,0
1,21,1,2010,2,3,3,2,2,1,1,1,1,1,1,1,1,2,13,6,1,7,33,1,2,0
6,21,2,2010,2,1,1,2,1,1,1,1,1,1,1,2,1,2,8,6,1,7,33,1,2,0
6,21,9,2010,3,1,1,2,2,1,1,2,1,1,1,1,1,2,10,6,1,1,28,1,2,0
1,22,5,2010,3,1,1,2,2,1,1,1,1,1,1,1,2,2,4,6,1,2,33,1,2,0
1,21,5,2010,2,1,2,1,2,1,3,1,1,1,1,2,1,2,8,6,1,7,33,1,2,0
1,18,4,2010,4,4,1,2,1,4,1,1,1,1,1,1,1,2,14,6,2,7,33,1,2,0
7,18,6,2010,1,1,1,1,2,1,3,3,1,1,1,1,1,2,14,10,1,6,33,1,2,0
11,16,4,2010,1,1,1,2,1,3,4,1,1,1,1,2,1,1,14,10,1,1,33,2,2,0
3,9,3,2010,2,7,8,2,2,1,1,1,1,1,1,4,1,2,19,6,1,1,33,2,2,0
4,6,4,2010,1,1,1,2,2,1,1,1,1,1,1,1,1,2,9,6,1,7,33,2,2,1
5,11,3,2010,2,1,8,2,2,1,1,1,5,1,1,2,1,2,13,11,1,1,33,2,2,0
1,11,2,2010,4,1,1,2,2,1,3,1,1,1,1,2,1,1,8,6,1,1,32,2,2,3
1,13,7,2010,4,3,8,2,2,1,2,1,1,1,1,5,1,1,8,9,1,1,33,2,2,0
11,3,5,2010,3,3,1,1,2,1,1,1,1,1,1,3,1,2,8,4,1,1,33,2,2,0
11,16,7,2010,3,7,1,2,2,1,1,1,1,1,1,4,1,2,9,6,1,1,40,2,2,0
1,2,4,2010,3,3,3,2,2,1,1,1,1,1,1,1,1,2,8,6,1,2,30,2,2,0
1,11,10,2010,3,1,8,2,2,1,1,1,1,1,1,2,1,1,9,6,1,1,30,2,2,1
1,17,9,2010,3,1,1,2,2,1,1,1,1,1,1,5,1,2,14,6,1,3,33,2,2,0
9,13,8,2010,3,1,1,2,1,1,1,1,1,1,1,2,1,2,8,6,1,1,50,2,2,0
11,16,5,2010,2,1,8,2,1,1,1,1,1,1,1,4,1,2,13,6,1,1,33,2,2,1
3,14,11,2010,3,1,1,2,2,1,2,1,1,1,1,1,1,1,9,6,1,1,41,2,2,0
8,56,12,2010,1,1,1,2,2,4,2,1,1,1,1,1,1,2,14,6,1,1,42,2,2,1
3,56,10,2010,2,1,1,2,2,1,1,1,1,1,1,1,1,2,14,6,1,1,30,2,2,0
1,55,8,2010,3,3,1,2,2,1,1,1,1,1,1,1,1,1,8,4,1,1,33,2,2,0
13,54,12,2010,4,1,1,2,2,1,3,1,1,1,1,1,1,2,12,6,1,1,22,2,2,0
1,54,12,2010,3,1,1,2,2,1,4,1,1,1,1,5,1,1,14,6,1,1,33,2,2,1
3,32,5,2010,2,1,1,2,2,1,1,1,1,1,1,3,1,2,4,6,1,1,25,2,2,0
4,32,7,2010,3,7,1,1,2,1,1,1,1,1,1,4,1,2,1,2,1,1,33,2,2,0
3,64,10,2010,2,3,1,2,2,1,1,1,1,1,1,5,1,1,6,10,1,1,33,2,2,1
11,64,5,2010,3,3,1,2,2,1,1,2,1,1,1,5,1,1,7,2,1,1,33,1,2,3
12,64,6,2010,3,1,1,2,2,1,1,1,1,1,1,2,1,2,5,6,1,1,33,1,2,0
9,64,12,2010,3,3,1,2,1,1,1,1,1,1,1,5,1,1,14,6,1,7,33,1,2,1
8,64,4,2010,3,1,1,2,2,1,1,1,1,1,1,5,1,1,2,6,1,7,45,2,2,0
6,64,4,2010,1,3,1,2,1,1,2,1,1,1,1,5,1,1,7,1,1,1,30,1,2,1
4,64,4,2010,4,1,1,2,2,1,2,1,1,1,1,5,1,1,5,6,1,1,24,1,2,0
8,54,1,2010,3,1,1,2,2,1,1,1,1,1,1,3,1,2,5,11,1,7,32,2,2,0
12,54,12,2010,1,1,1,1,2,2,3,1,1,1,1,3,1,2,10,10,1,1,33,2,2,1
12,54,1,2010,4,1,1,2,2,1,4,2,1,1,1,1,1,2,5,6,1,1,26,2,2,0
4,34,11,2010,2,1,1,2,2,1,1,2,1,1,1,3,1,2,8,2,2,2,33,2,2,0