Thana,District,Month,Year,Time,Junction_Type,Traffic_Control,Movement,Divider,Weather,Light,Road_Geometry,Surface_Condition,Surface_Type,Surface_Quality,Road_Class,Road_Feature,Location_Type,Vehicle_Type,Vehicle_Movement,Vehicle_Loading,Vehicle_Defect,Vehicle_Driver_Age,Vehicle_Alcohol,Vehicle_Seat_Belt,Accident_Severity
6,64,10,2010,1,1,1,2,2,1,3,1,1,1,1,5,1,1,9,6,1,1,50,1,2,0
10,64,10,2010,2,5,4,2,1,1,2,4,1,1,1,5,1,1,6,10,1,1,20,1,2,0
1,64,7,2010,2,2,4,2,1,1,1,1,1,1,1,5,1,1,9,6,1,1,32,1,2,1
1,64,10,2010,3,2,4,2,2,1,1,4,1,1,1,5,1,1,9,5,1,1,33,1,2,0
4,64,6,2010,4,1,1,2,2,1,3,1,1,1,1,5,1,1,14,6,1,1,33,1,2,0
8,64,12,2010,2,1,1,2,1,1,1,1,1,1,1,5,1,1,2,6,1,1,45,2,2,1
4,59,2,2010,2,3,1,2,2,1,1,1,1,1,1,2,1,2,6,5,1,1,33,2,2,0
5,61,1,2010,3,1,1,2,2,1,1,1,1,1,1,3,1,2,9,5,1,1,33,2,2,0
1,57,5,2010,1,1,1,2,2,1,1,1,1,1,1,1,1,2,14,6,2,1,45,2,2,1
9,63,1,2010,1,1,1,2,2,1,1,1,1,1,1,1,1,2,9,5,1,1,33,2,2,0
1,67,9,2010,2,2,1,2,2,1,1,3,1,1,1,1,1,1,5,6,1,1,28,2,2,0
3,57,2,2010,2,1,1,2,2,1,1,1,1,1,1,1,1,2,14,5,1,1,28,2,2,0
14,63,9,2010,3,4,1,2,2,1,1,1,1,1,1,1,1,2,14,6,1,1,37,2,2,0
3,57,8,2010,1,1,1,2,2,1,2,1,1,1,1,1,1,2,14,10,1,1,35,2,2,0
5,50,1,2010,3,1,1,2,2,1,1,1,1,1,1,2,1,2,14,5,1,1,33,2,2,0
12,47,2,2010,4,1,1,2,2,1,4,2,1,1,1,1,1,2,9,6,1,3,33,2,2,3
6,44,10,2010,1,1,1,2,2,1,2,1,1,1,1,1,1,1,14,6,1,3,40,2,2,0
5,45,8,2010,2,1,1,2,2,1,1,1,1,1,1,1,3,2,9,6,1,1,33,2,2,0
22,42,6,2010,1,1,1,2,1,1,2,1,1,1,1,1,1,1,12,6,1,1,34,1,2,0
8,42,2,2010,1,2,4,2,1,1,3,1,1,1,1,5,1,1,10,6,1,1,40,2,2,2
8,42,7,2010,4,7,4,2,1,1,1,1,1,1,1,5,1,1,12,6,1,1,40,2,2,2
6,21,6,2010,2,2,1,2,2,1,1,1,1,1,1,1,1,2,9,6,1,7,33,1,2,1
1,22,9,2010,2,1,1,2,2,1,1,1,1,1,1,2,1,2,4,6,1,7,30,1,2,0
4,28,1,2010,2,3,1,2,2,1,1,1,1,1,1,1,1,1,9,6,1,1,33,2,2,0
5,28,9,2010,2,5,4,2,2,1,1,1,1,1,1,5,1,1,2,2,1,1,32,2,2,0
9,17,5,2010,2,1,2,2,1,1,1,1,1,1,1,3,1,1,1,6,1,1,17,2,2,0
11,16,5,2010,3,1,1,2,2,1,1,1,1,1,1,2,1,1,14,11,1,1,35,2,2,0
8,56,7,2010,2,1,1,2,2,1,1,1,1,1,1,2,1,2,12,6,1,1,37,2,2,1
2,56,1,2010,3,1,1,2,2,1,1,1,1,1,1,4,4,2,19,4,2,1,30,2,2,0
1,54,9,2010,2,1,1,2,2,1,1,1,1,1,1,1,1,1,12,6,1,1,30,1,2,3
3,56,9,2010,4,1,1,2,2,1,1,1,1,1,1,1,1,2,14,6,1,2,30,2,2,0
8,56,12,2010,2,1,1,2,2,1,1,1,1,1,1,2,1,2,8,6,1,1,38,2,2,0
3,56,6,2010,2,1,1,2,2,1,1,1,2,1,1,1,1,2,14,6,1,1,40,2,2,1
1,56,3,2010,2,1,1,2,2,1,1,1,1,1,1,2,1,2,9,5,1,1,33,2,2,0
3,53,9,2010,3,1,1,2,2,1,1,1,1,1,1,2,1,2,5,6,1,1,33,2,2,0
1,54,9,2010,4,1,1,2,2,2,2,2,2,1,1,2,1,1,1,6,1,1,33,2,2,0
12,54,1,2010,3,1,1,2,2,1,1,1,1,1,1,1,1,2,7,6,1,1,33,2,2,1
12,54,1,2010,3,1,1,2,2,1,1,1,1,1,1,1,1,2,9,6,1,1,41,2,2,0
12,54,6,2010,3,3,1,2,2,1,1,1,1,1,1,1,1,2,12,6,1,1,33,2,2,3
12,54,7,2010,3,1,1,2,1,1,1,1,1,1,1,2,1,2,13,6,1,1,33,2,2,0
9,26,2,2011,1,1,1,2,2,1,1,1,1,1,1,3,1,2,9,6,1,6,26,2,2,0
4,26,1,2011,4,2,1,2,2,1,3,1,1,1,1,2,2,1,14,6,1,1,33,1,2,0
1,26,5,2011,4,1,2,1,1,1,4,1,1,1,1,1,1,2,4,2,1,1,35,2,2,0
8,26,12,2011,2,1,1,2,2,1,2,1,1,2,2,4,1,1,4,7,1,3,33,2,2,0
1,26,11,2011,2,1,1,2,2,1,1,1,1,1,1,1,1,1,13,5,1,1,33,2,2,0
1,24,3,2011,4,1,4,2,2,1,1,2,1,1,1,1,1,1,13,6,1,1,33,2,2,0
6,26,9,2011,3,1,1,2,2,1,1,1,1,1,1,4,1,2,19,6,1,1,33,2,2,1
1,21,2,2011,1,1,3,2,1,1,2,1,1,1,1,1,2,1,9,6,1,3,35,1,2,0
3,21,8,2011,2,1,1,2,2,1,2,1,1,1,1,1,1,2,14,6,1,7,33,2,2,0
3,21,8,2011,3,1,1,2,2,1,1,1,1,1,1,1,1,2,14,6,1,1,33,2,2,0
3,21,8,2011,2,1,1,2,2,1,1,1,1,1,1,1,1,2,9,6,1,1,26,2,2,1
3,21,8,2011,2,1,1,2,2,1,1,1,1,1,1,1,1,2,9,6,1,1,33,2,2,0
2,21,7,2011,3,1,1,2,2,1,2,1,1,1,1,4,1,2,4,6,1,1,33,2,2,0
1,19,12,2011,2,3,8,2,2,1,2,2,1,1,2,3,1,2,14,6,1,1,33,2,2,0
4,22,11,2011,3,1,1,2,2,1,1,1,1,1,1,3,1,2,4,6,1,1,55,1,2,0
1,22,9,2011,3,1,1,2,1,1,1,1,1,1,1,1,2,1,14,6,1,1,35,2,2,0
4,20,1,2011,2,1,2,1,1,1,1,1,1,1,3,1,2,1,14,8,1,1,33,2,2,0
1,20,3,2011,3,1,1,2,2,1,1,2,1,1,1,4,1,2,14,1,1,7,53,2,2,0
1,18,9,2011,2,1,1,2,2,1,1,1,1,1,1,2,1,2,9,6,1,1,33,2,2,1
2,18,2,2011,2,1,1,2,2,1,1,1,1,1,1,4,1,1,1,6,1,1,38,2,2,0
1,18,11,2011,2,2,1,2,2,1,1,3,1,1,1,5,1,1,19,6,2,6,33,2,2,0
1,18,12,2011,2,1,1,2,2,4,2,1,1,1,2,4,1,1,8,6,1,1,30,2,2,0
5,18,12,2011,3,1,1,2,2,1,1,1,1,1,1,2,2,2,4,6,1,1,33,1,1,0
1,18,12,2011,3,1,1,2,2,1,1,1,1,1,1,1,1,1,19,6,1,7,33,2,2,0
7,18,12,2011,4,1,1,2,2,1,4,1,1,1,1,1,1,1,14,10,1,1,28,2,2,0
1,18,12,2011,3,1,1,2,2,1,1,1,1,1,1,5,1,1,2,6,1,1,38,2,2,0
1,29,7,2011,3,1,8,1,1,4,1,2,1,1,1,2,1,1,6,6,1,7,33,2,2,0
8,29,5,2011,4,1,1,2,2,1,4,1,1,1,1,1,1,2,10,6,1,1,33,2,2,0
3,29,6,2011,3,1,1,2,2,1,1,1,1,1,1,2,1,2,12,5,1,1,33,2,2,0
8,29,5,2011,2,1,1,2,2,1,1,1,1,1,1,1,2,1,7,6,2,1,40,2,2,0
1,25,3,2011,2,1,1,2,2,1,1,1,1,1,1,5,1,2,1,9,1,2,33,1,1,0
1,25,5,2011,2,1,1,2,2,1,1,1,1,1,1,5,1,1,9,6,1,2,33,1,2,0
1,20,12,2011,3,3,1,2,2,1,1,1,1,1,1,2,1,2,17,6,1,7,27,2,2,0
2,20,10,2011,3,1,1,2,2,1,1,1,1,1,1,1,1,1,14,8,1,1,33,1,1,2
4,20,11,2011,1,3,1,2,2,1,1,1,1,1,1,2,1,2,17,5,1,1,33,2,2,0
2,25,9,2011,2,3,1,2,2,1,1,1,1,1,2,2,1,2,9,6,2,2,45,2,2,1
1,25,12,2011,3,1,1,2,2,1,1,1,1,1,1,4,1,1,12,5,1,1,32,2,2,0
1,25,9,2011,3,1,1,2,2,1,1,1,1,1,1,3,1,1,12,5,1,2,32,2,2,0
3,29,8,2011,3,1,1,2,1,1,1,1,1,1,1,2,1,1,14,6,1,7,33,1,1,1
1,24,9,2011,4,1,1,2,2,1,1,2,1,1,2,1,1,2,9,5,1,1,33,1,2,0
1,24,12,2011,2,3,1,2,2,1,1,1,1,1,1,4,1,2,14,5,1,1,33,1,2,0
1,24,12,2011,3,1,1,2,2,1,1,1,1,1,1,1,1,1,14,6,1,1,33,2,2,0
2,24,11,2011,1,3,1,2,2,1,2,1,1,1,1,1,1,1,14,6,1,7,33,1,1,0
3,24,12,2011,1,1,1,2,2,1,1,1,1,1,1,3,4,2,14,6,2,1,33,2,2,0
6,24,8,2011,2,1,1,2,2,1,1,1,1,1,1,2,1,1,13,6,1,1,33,2,2,0
3,11,3,2011,3,3,1,2,2,1,1,1,1,1,1,4,4,2,14,6,1,7,28,2,2,0
9,11,3,2011,2,7,8,2,2,4,1,1,5,1,2,2,1,2,17,11,1,7,28,2,2,0
5,11,4,2011,3,1,8,2,2,1,1,1,1,1,1,1,1,2,14,6,1,1,25,2,2,1
5,11,4,2011,2,4,2,2,1,1,1,1,1,1,1,3,1,2,17,5,2,1,33,2,2,0
5,11,4,2011,3,3,1,1,2,1,1,1,1,1,1,1,1,2,9,5,1,7,33,2,2,0
8,11,5,2011,4,7,3,2,2,1,2,4,1,1,1,4,1,1,8,6,2,1,33,2,2,0
6,11,6,2011,4,1,2,1,2,1,3,1,1,1,1,1,1,2,9,6,1,1,33,2,2,0
7,11,6,2011,3,7,1,1,2,2,1,5,2,1,2,2,1,2,8,6,1,1,33,2,2,0
5,11,6,2011,3,4,1,2,2,1,1,1,1,1,1,1,1,2,4,6,1,1,40,2,2,0
7,11,1,2011,4,1,1,1,2,1,4,2,1,1,1,4,1,2,4,5,1,1,33,2,2,3
8,11,1,2011,3,1,1,2,2,1,1,1,1,1,3,2,1,1,17,5,2,7,33,2,2,3
9,11,2,2011,2,7,8,2,2,1,1,1,1,1,1,2,1,2,13,5,1,1,33,1,2,0
6,11,2,2011,2,7,8,2,2,1,2,1,1,1,1,2,1,2,14,5,1,1,45,1,2,0
5,11,2,2011,2,7,8,2,2,1,1,1,1,1,1,3,1,2,12,4,1,1,30,2,2,0
5,11,2,2011,3,1,1,1,1,1,1,1,1,1,1,1,1,2,9,6,2,1,33,2,2,0
1,12,8,2011,2,7,8,2,2,2,1,1,2,1,1,2,1,2,9,11,2,7,33,1,2,0
5,12,8,2011,4,7,1,1,2,1,4,1,1,1,1,1,1,2,14,6,1,1,33,1,2,0
4,12,10,2011,2,1,8,1,2,1,1,1,1,1,1,2,1,2,8,6,1,1,25,2,2,0
1,12,10,2011,3,1,1,1,2,1,1,1,1,1,1,2,1,2,17,5,2,7,33,2,2,0
4,12,9,2011,2,3,1,2,1,1,2,1,1,1,2,1,2,1,13,11,1,7,40,2,2,1
5,12,6,2011,2,7,8,2,2,2,1,1,2,1,2,3,4,2,14,11,2,7,40,2,2,0
5,12,1,2011,3,7,1,2,2,1,1,1,1,1,1,1,1,2,14,5,1,1,60,2,2,1
3,12,1,2011,3,1,1,1,2,1,1,1,1,1,1,2,1,2,8,5,1,1,33,2,2,0
1,12,1,2011,2,3,1,2,2,1,1,2,1,1,1,3,1,2,8,5,1,1,48,1,2,0
1,12,1,2011,2,3,1,2,2,1,1,1,1,1,1,2,1,2,8,5,1,1,48,1,2,0
1,12,7,2011,4,2,8,2,2,1,1,1,1,1,1,4,5,2,12,6,1,7,33,2,2,1
1,12,2,2011,2,3,3,2,2,1,1,1,1,1,1,1,1,1,9,4,1,1,35,2,2,0
5,12,2,2011,3,7,8,1,2,1,1,1,1,1,1,1,1,2,14,11,1,1,33,1,2,0
3,12,2,2011,2,1,1,1,2,1,1,2,1,1,1,4,1,1,8,11,1,7,33,1,2,0
1,12,9,2011,3,7,1,1,2,1,1,1,1,1,1,1,2,1,14,6,2,1,40,1,2,0
5,12,9,2011,3,7,1,2,2,1,1,2,1,1,1,1,1,1,14,6,2,1,33,1,2,1
5,12,9,2011,3,7,1,1,1,1,1,1,1,1,1,1,1,2,14,11,1,7,33,1,2,0
3,13,5,2011,2,7,1,2,2,1,1,1,1,1,1,3,1,2,8,5,1,1,33,2,2,1
6,13,3,2011,3,3,1,2,2,1,1,1,1,1,1,1,1,2,8,6,1,1,33,2,2,0
2,13,3,2011,2,4,8,2,2,1,1,2,1,1,2,4,1,2,17,4,1,1,27,2,2,3
5,13,3,2011,2,7,1,2,2,1,1,2,1,1,1,4,1,2,8,2,1,1,33,2,2,0
5,13,4,2011,3,1,1,2,2,1,1,1,1,1,1,1,1,2,14,6,1,1,32,2,2,0
3,13,7,2011,4,1,1,1,2,1,1,1,1,1,1,3,1,2,13,4,1,1,33,2,2,0
7,13,7,2011,3,1,1,1,2,1,1,2,1,1,1,2,1,2,8,11,2,7,50,2,2,0
9,13,1,2011,3,7,8,2,2,1,1,1,1,1,2,4,1,2,14,6,1,1,50,2,2,0
2,16,7,2011,3,1,1,2,2,1,1,1,1,1,1,1,1,2,8,11,1,7,33,1,2,0
4,16,4,2011,3,1,1,1,2,1,1,1,1,1,1,1,1,2,14,6,1,1,33,2,2,0
2,16,4,2011,4,3,1,2,2,1,2,1,1,1,1,2,1,2,4,2,1,1,52,2,2,0
3,1,3,2011,3,2,3,2,2,1,1,1,1,1,1,1,1,1,8,11,1,2,40,1,0,0
4,1,4,2011,4,7,1,2,2,1,4,1,1,1,2,1,2,1,17,6,2,6,33,1,2,0
4,6,1,2011,3,1,1,1,2,1,1,1,1,1,1,4,1,2,14,3,1,1,38,2,2,1
2,6,3,2011,3,7,1,2,2,1,1,1,1,1,1,1,3,2,14,5,1,1,30,2,2,2
1,6,6,2011,3,7,4,2,1,1,1,2,1,1,1,1,1,1,12,6,1,1,33,2,2,2
3,4,4,2011,4,1,1,2,2,1,1,1,1,1,1,2,1,2,13,6,1,1,33,1,2,0
2,4,4,2011,2,7,1,2,2,1,1,2,2,1,1,3,1,2,8,11,1,1,32,1,2,0
4,4,4,2011,2,1,1,2,2,1,1,1,1,1,1,1,1,2,12,5,1,1,26,2,2,3
10,7,3,2011,3,1,1,2,2,1,1,1,1,1,1,4,1,2,19,6,1,1,33,2,2,0
3,7,4,2011,2,1,1,2,2,1,1,1,1,1,1,4,1,2,14,6,1,1,35,1,2,0
1,2,3,2011,4,1,1,1,2,1,4,1,1,1,1,1,1,2,14,5,1,1,37,2,2,0
1,2,10,2011,4,7,5,2,2,1,1,1,1,1,1,1,1,1,8,11,1,1,33,2,2,0
5,2,1,2011,3,7,3,2,2,1,1,1,1,1,1,2,1,2,8,4,1,1,58,2,2,0
1,2,4,2011,3,4,8,2,2,1,1,4,1,1,1,4,1,2,17,2,1,1,33,2,2,0
1,2,5,2011,3,3,4,2,2,1,1,1,1,1,1,1,1,1,14,5,2,1,33,2,2,0
1,2,5,2011,4,1,1,2,2,1,2,1,1,1,1,2,1,2,14,5,1,1,40,2,2,0
1,2,6,2011,2,1,2,2,2,1,2,1,1,1,1,1,1,2,12,6,1,1,38,2,2,0
1,2,6,2011,4,1,1,2,2,1,4,4,5,1,2,4,4,2,5,6,1,1,30,2,2,0
1,3,2,2011,3,1,1,1,2,1,1,1,1,1,1,5,1,1,14,5,1,1,45,2,2,0
3,3,2,2011,3,1,2,1,2,1,1,1,1,1,1,1,1,2,14,4,2,3,33,2,2,0
6,3,3,2011,2,1,1,2,2,2,1,1,2,1,1,1,1,2,9,6,1,3,33,2,2,0
6,3,6,2011,3,1,1,2,2,1,1,1,1,1,1,1,1,2,14,6,1,3,24,2,2,0
6,3,6,2011,3,1,1,2,2,1,1,1,3,1,1,1,1,2,17,5,1,2,33,2,2,0
5,8,3,2011,3,1,1,2,2,1,1,1,1,1,1,1,1,2,14,6,2,1,33,2,2,0
1,8,3,2011,4,1,8,2,2,1,4,1,1,1,1,5,4,1,19,6,2,6,33,2,2,0
3,8,4,2011,3,1,8,2,2,1,1,2,1,1,1,4,1,2,19,11,1,7,20,2,2,1
3,8,5,2011,3,1,8,2,2,1,1,1,1,1,1,1,2,1,13,5,1,7,26,2,2,0
1,13,10,2011,3,1,8,2,2,1,1,1,1,1,1,2,1,2,13,6,1,1,33,1,2,0
8,13,12,2011,2,7,8,2,1,4,2,1,1,1,1,5,1,2,4,5,1,1,33,2,2,0
8,13,12,2011,3,1,1,2,2,1,1,1,1,1,1,1,1,2,14,6,1,1,33,2,2,0
3,12,12,2011,2,1,1,2,2,1,1,2,1,1,1,2,1,2,4,6,1,1,33,2,2,0
5,12,12,2011,2,7,1,2,2,1,1,2,1,1,1,1,1,2,14,6,1,7,33,2,2,0
1,12,12,2011,3,3,1,2,2,2,1,1,1,1,1,1,1,1,17,6,1,1,33,2,2,0
5,12,11,2011,4,1,1,2,2,1,2,1,1,1,1,1,1,2,7,6,1,1,45,2,2,0
6,11,8,2011,3,7,1,2,2,1,1,1,1,1,1,1,1,1,13,6,1,7,33,2,2,1
8,11,9,2011,2,7,8,2,2,1,1,1,1,1,1,1,1,2,8,11,1,7,33,2,2,0
6,11,9,2011,3,7,8,2,2,1,1,1,1,1,1,1,1,2,14,6,1,1,40,2,2,0
5,11,9,2011,2,1,1,2,2,1,1,1,1,1,1,1,1,2,9,5,1,1,33,2,2,0
11,11,9,2011,4,1,1,2,2,1,1,1,1,1,1,1,1,2,17,1,1,1,33,2,2,0
1,15,1,2011,3,1,1,2,2,1,1,1,1,1,1,1,1,2,14,6,1,1,30,2,2,0
1,15,1,2011,3,3,8,1,2,2,1,2,1,1,1,1,1,2,14,6,1,7,45,2,2,0
3,15,5,2011,4,1,1,2,2,1,4,1,1,1,1,1,1,2,14,6,1,1,50,2,2,0
11,16,9,2011,2,7,1,2,2,1,1,1,1,1,1,1,1,2,19,6,1,1,33,2,2,0
10,16,11,2011,1,7,1,2,2,1,4,1,1,1,1,1,1,2,9,5,1,1,33,2,2,0
9,16,11,2011,4,1,1,2,2,4,4,1,1,1,1,4,1,2,19,6,1,1,30,2,2,0
10,16,12,2011,3,2,1,2,2,1,1,1,1,1,1,1,1,1,9,5,1,1,35,1,2,0
2,16,5,2011,2,7,8,2,2,1,1,1,1,1,1,1,1,2,13,4,1,1,40,2,2,1
10,16,1,2011,1,7,1,2,2,1,4,1,1,1,1,1,2,2,14,6,1,1,33,2,2,0
3,16,1,2011,3,1,1,2,2,1,1,1,1,1,1,4,1,2,19,8,1,1,30,2,2,1
4,16,3,2011,3,1,8,1,2,1,1,4,1,1,1,4,1,2,7,1,2,7,33,2,2,1
10,9,1,2011,3,1,1,2,2,1,1,1,1,1,1,1,1,2,14,6,1,1,33,2,2,0
11,9,3,2011,2,1,1,2,2,1,1,1,1,1,1,1,1,2,9,6,1,1,33,2,2,0
11,9,3,2011,3,7,1,2,2,1,1,1,1,1,1,1,1,2,14,6,1,1,33,2,2,0
10,9,3,2011,3,1,1,2,2,1,1,1,1,1,1,1,1,2,10,6,1,1,33,2,2,0
10,9,4,2011,3,1,1,1,2,1,1,1,1,3,1,4,1,2,13,6,1,7,28,2,2,0
11,9,4,2011,3,7,1,2,2,1,1,2,1,1,1,3,1,2,14,6,1,1,33,2,2,0
1,9,5,2011,3,1,1,1,1,1,1,1,1,1,1,5,1,1,9,6,1,1,33,2,2,0
10,9,5,2011,3,1,1,2,2,1,1,1,1,1,1,1,2,1,17,6,1,1,33,2,2,0
10,9,5,2011,3,1,1,2,2,1,1,1,1,1,1,3,1,2,13,6,1,7,30,2,2,0
10,9,5,2011,1,1,1,1,2,1,1,1,1,1,1,3,1,2,9,6,1,1,35,2,2,0
11,9,5,2011,4,4,1,2,2,1,1,2,2,1,1,2,1,2,13,5,1,1,42,1,1,0
12,9,1,2011,3,1,4,2,1,1,1,1,1,1,1,1,1,1,5,6,1,1,33,2,2,1
1,2,3,2011,3,1,1,2,1,1,1,1,1,1,3,1,2,1,6,1,1,2,32,2,2,0
3,8,7,2011,1,1,2,2,1,1,1,1,1,1,1,1,2,2,14,11,1,7,40,2,2,0
3,13,2,2011,2,3,1,2,2,1,1,1,1,1,1,4,1,2,14,6,1,2,33,2,2,0
5,12,6,2011,3,1,1,2,2,1,1,1,2,1,1,3,1,2,14,5,2,1,33,2,2,0
5,12,6,2011,4,1,1,1,1,1,1,1,2,1,1,3,1,2,13,9,1,1,22,2,2,0
5,12,6,2011,4,7,8,2,2,1,2,1,1,1,1,3,1,1,4,5,1,1,33,2,2,0
4,15,11,2011,4,2,1,2,2,1,2,1,1,1,1,1,1,2,9,6,1,1,42,2,2,0
11,16,5,2011,2,1,1,2,2,1,1,1,1,1,1,1,1,2,9,6,1,1,40,2,2,0
11,9,6,2011,3,3,1,2,2,1,1,1,1,1,2,1,1,1,14,5,1,1,33,2,2,3
10,9,6,2011,4,1,1,2,2,1,3,1,1,1,1,1,1,1,9,1,1,2,33,2,2,0
10,9,6,2011,4,1,1,2,2,1,1,1,1,1,1,1,1,1,2,6,1,1,33,2,2,0
12,9,10,2011,3,2,1,2,2,1,1,1,1,1,1,1,1,1,9,6,1,1,48,2,2,0
12,9,10,2011,3,1,1,2,2,1,1,1,1,1,1,1,1,2,14,6,1,1,32,2,2,0
12,5,10,2011,3,2,1,1,2,1,1,1,1,1,1,1,2,2,14,11,1,6,30,2,2,0
1,9,7,2011,3,7,1,2,2,1,1,1,1,1,1,2,1,2,13,1,1,1,26,2,2,0
2,9,7,2011,2,1,8,2,2,1,1,1,1,1,1,3,1,2,8,6,2,7,28,2,2,0
7,9,7,2011,3,1,1,2,2,1,1,1,1,1,1,1,1,1,14,6,1,1,32,2,2,0
12,9,8,2011,2,1,8,2,2,1,1,1,1,1,1,1,1,1,9,6,1,1,33,2,2,0
5,9,8,2011,5,1,8,2,2,1,1,1,1,1,1,5,1,1,14,6,1,1,33,2,2,0
4,9,8,2011,3,1,8,2,2,1,1,1,1,1,1,1,1,2,8,6,1,7,33,2,2,0
4,9,12,2011,1,1,4,2,2,1,2,1,1,1,1,1,2,1,19,6,1,7,33,2,2,0
10,9,12,2011,4,1,1,2,2,1,2,1,1,1,1,1,1,2,6,6,2,7,33,2,2,0
1,14,9,2011,1,3,8,2,1,4,2,1,1,1,1,5,1,1,9,5,1,2,33,1,2,0
4,14,8,2011,3,7,1,2,2,1,1,1,1,1,1,1,1,1,4,6,1,7,30,2,2,0
2,14,10,2011,3,7,8,2,2,1,3,1,1,1,1,5,1,1,14,6,1,7,30,1,2,0
1,53,1,2011,3,1,1,2,2,1,1,1,1,1,1,1,4,1,19,6,2,7,35,2,2,0
7,54,3,2011,1,3,1,2,2,1,1,1,1,1,1,1,1,2,13,2,1,1,25,2,2,0
5,56,3,2011,3,7,1,2,2,1,1,4,1,1,1,2,1,2,14,6,1,1,26,2,2,0
5,56,1,2011,2,7,8,2,2,4,1,1,1,1,1,4,1,2,5,4,1,7,33,2,2,0
1,54,2,2011,3,4,8,2,2,1,1,1,1,1,1,5,1,1,14,6,1,1,32,1,2,3
5,55,6,2011,2,7,1,1,2,1,1,1,1,1,1,4,1,2,13,6,1,1,40,2,2,0
5,55,7,2011,3,3,1,2,2,1,1,1,1,1,1,1,1,2,19,11,2,7,33,1,2,0
10,54,2,2011,1,1,8,2,2,1,1,1,1,1,1,1,1,2,19,11,1,7,33,1,1,0
13,54,6,2011,5,1,1,2,1,1,1,1,1,1,1,1,1,2,19,11,2,7,33,1,0,0
7,54,7,2011,1,7,8,2,2,1,1,1,2,1,1,2,1,2,6,9,1,7,33,1,2,0
5,56,4,2011,4,1,1,2,2,1,4,4,1,1,1,2,1,2,3,11,1,7,33,2,2,0
5,56,9,2011,3,1,1,2,2,1,1,1,1,1,1,2,1,2,4,5,1,1,25,2,2,0
6,55,9,2011,4,3,1,2,2,1,1,1,1,1,1,1,1,1,14,6,1,1,33,2,2,0
1,55,10,2011,3,1,1,2,2,1,1,1,1,1,1,1,1,2,9,11,1,1,35,2,2,0
6,55,10,2011,2,1,1,2,2,1,1,1,1,1,1,2,1,1,14,11,1,1,36,2,2,0
6,55,11,2011,1,1,1,2,2,1,2,1,1,1,1,2,1,2,9,6,1,1,33,2,2,0
4,55,1,2011,3,1,1,2,2,1,1,1,1,1,1,5,1,1,14,6,1,1,22,2,2,0
1,55,8,2011,3,1,1,2,2,1,1,1,1,1,1,1,1,2,9,5,1,7,27,2,2,0
1,54,7,2011,4,1,4,2,2,1,2,3,1,1,1,1,1,1,9,6,1,3,33,2,2,1
13,54,6,2011,2,1,1,2,2,2,1,1,2,2,1,1,1,2,10,6,2,7,2,1,1,0
4,54,5,2011,3,1,1,2,1,1,1,2,2,1,1,2,1,2,9,11,1,1,35,2,2,0
8,54,8,2011,2,1,1,2,2,1,1,1,1,1,1,3,1,2,14,4,1,7,40,1,2,0
8,56,11,2011,2,1,1,2,2,1,1,1,2,1,1,1,1,2,10,5,1,1,50,2,2,0
6,34,8,2011,2,1,1,2,2,1,2,2,1,1,1,1,1,2,13,2,1,1,22,2,2,1
6,34,9,2011,3,1,1,2,2,1,1,1,1,1,1,1,1,2,9,6,1,1,33,2,2,0
4,34,9,2011,3,1,8,2,2,1,1,1,1,1,1,2,1,2,9,6,1,2,33,2,2,0
5,34,9,2011,4,1,1,2,2,1,2,1,1,1,1,4,1,2,14,6,1,1,33,2,2,0
4,34,9,2011,3,7,1,2,2,1,4,1,1,1,1,1,1,2,9,6,1,7,45,2,2,1
2,31,10,2011,2,7,8,2,2,1,1,1,1,1,1,2,1,2,12,5,1,1,45,2,2,0
1,31,11,2011,3,4,3,2,2,1,1,1,1,1,1,4,1,1,4,6,1,1,33,2,2,0
2,31,12,2011,2,7,8,2,2,1,1,2,1,1,1,2,1,2,14,6,1,1,26,2,2,1
3,33,10,2011,2,1,1,2,2,1,1,1,1,1,1,2,1,2,7,6,1,7,33,2,2,0
5,33,11,2011,3,1,1,2,2,1,1,2,1,1,1,3,1,2,13,9,1,1,33,2,2,0
3,33,8,2011,1,1,1,2,2,1,1,1,1,1,1,4,1,2,8,6,1,1,33,2,2,0
4,33,8,2011,2,1,1,2,2,2,1,1,2,1,1,4,1,2,9,6,1,1,30,2,2,0
4,33,8,2011,3,1,1,2,2,1,1,1,1,1,2,4,1,1,4,6,1,1,31,2,2,1
2,27,11,2011,1,1,1,2,2,4,4,1,1,1,1,2,1,2,3,6,1,1,30,2,2,0
1,30,8,2011,4,1,1,2,2,1,3,1,1,1,1,3,1,2,9,6,1,1,33,2,2,1
5,30,9,2011,3,1,1,2,2,1,1,1,1,1,1,4,1,2,9,6,1,1,33,2,2,0
1,33,5,2011,2,7,1,1,2,1,1,1,1,1,1,2,1,2,13,6,1,1,33,2,2,0
2,27,5,2011,3,1,1,2,2,1,1,1,1,1,1,2,1,2,9,6,1,1,33,2,2,0
2,27,5,2011,1,1,1,2,1,1,1,1,1,1,1,3,1,2,9,6,1,1,33,2,2,0
4,34,3,2011,2,1,1,2,2,1,1,1,1,1,1,1,1,1,9,6,1,1,38,2,2,0
2,31,2,2011,4,1,8,2,1,1,4,1,1,1,1,3,2,2,13,11,1,1,25,2,2,0
2,33,6,2011,3,1,1,2,2,1,1,1,1,1,1,3,1,1,5,6,1,1,33,2,2,0