Thana,District,Month,Year,Time,Junction_Type,Traffic_Control,Movement,Divider,Weather,Light,Road_Geometry,Surface_Condition,Surface_Type,Surface_Quality,Road_Class,Road_Feature,Location_Type,Vehicle_Type,Vehicle_Movement,Vehicle_Loading,Vehicle_Defect,Vehicle_Driver_Age,Vehicle_Alcohol,Vehicle_Seat_Belt,Accident_Severity
2,31,6,2011,2,1,1,2,2,1,1,1,1,1,1,3,1,2,9,6,1,7,45,2,2,0
1,31,6,2011,2,3,1,2,2,1,1,1,1,1,1,2,1,2,7,6,1,6,33,2,2,1
3,27,3,2011,5,4,1,1,1,1,1,1,1,1,1,3,1,1,9,9,1,1,48,1,2,0
1,27,3,2011,1,1,1,2,2,1,2,2,1,1,1,4,1,2,4,1,1,1,30,2,2,0
6,34,1,2011,2,1,1,2,2,1,1,1,1,1,1,1,1,2,4,6,1,1,33,2,2,0
3,33,1,2011,4,1,1,2,2,1,3,1,1,1,1,4,1,1,9,6,1,1,33,2,2,2
4,34,1,2011,4,1,1,2,2,4,4,3,1,1,2,3,4,2,6,6,1,1,18,2,2,1
1,33,2,2011,4,1,1,2,2,1,1,1,1,1,1,2,1,2,5,6,1,1,45,2,2,1
2,31,2,2011,2,1,1,2,2,1,1,1,1,1,1,4,1,2,9,6,1,3,30,2,2,0
2,27,2,2011,3,1,1,2,2,1,1,1,1,1,1,3,1,2,4,6,1,1,42,2,2,0
3,27,2,2011,3,1,1,2,2,1,1,1,1,1,1,4,1,2,19,6,2,2,33,2,2,0
11,34,5,2011,2,4,1,2,2,1,1,1,1,1,1,1,1,2,14,1,1,7,33,2,2,1
11,34,5,2011,2,1,1,2,2,1,1,1,1,1,1,1,1,1,14,6,1,1,33,2,2,1
1,34,7,2011,2,1,1,2,2,1,3,1,1,1,1,4,1,1,9,6,1,1,45,2,2,1
11,34,7,2011,3,1,5,2,1,1,1,1,1,1,1,1,1,1,9,6,1,1,33,2,2,1
11,34,7,2011,1,1,8,2,2,1,1,1,1,1,1,1,1,1,9,6,1,1,33,2,2,0
1,34,1,2011,2,3,1,2,2,1,1,2,1,1,1,1,1,1,9,6,1,1,45,2,2,2
1,34,1,2011,3,4,1,2,2,1,1,2,1,1,1,2,4,2,9,1,1,1,33,2,2,0
11,34,3,2011,2,1,1,2,2,1,1,1,1,1,2,3,1,1,9,6,1,1,33,2,2,0
5,27,8,2011,3,1,1,2,2,1,1,1,2,1,2,3,1,2,8,5,1,1,34,2,2,1
2,33,8,2011,3,1,1,2,2,1,1,1,1,1,1,4,1,2,14,6,1,1,33,2,2,1
2,27,9,2011,4,1,1,2,2,1,2,1,1,1,1,2,1,1,9,5,1,1,33,2,2,1
11,34,12,2011,2,1,1,2,2,1,2,1,1,1,2,1,2,1,4,5,1,2,50,2,2,0
1,64,7,2011,1,3,1,2,2,1,2,1,1,1,1,5,1,1,14,6,1,1,33,1,2,0
12,64,2,2011,2,1,1,2,2,1,1,1,1,1,1,1,1,1,5,6,1,1,33,1,2,1
2,64,4,2011,2,3,6,2,1,1,1,1,1,1,1,5,1,1,14,6,1,1,33,1,2,0
2,64,6,2011,3,3,6,2,1,1,1,1,1,1,1,5,1,1,8,5,1,1,24,1,2,1
2,64,7,2011,4,3,1,2,1,1,3,1,1,1,1,5,1,1,14,5,1,1,33,1,2,0
2,64,9,2011,4,3,6,2,1,1,3,1,1,1,1,5,1,1,8,5,1,1,25,1,2,1
2,64,11,2011,4,1,5,2,1,1,3,1,1,1,1,5,1,1,4,6,1,1,26,2,2,0
2,64,11,2011,2,3,5,2,1,1,1,1,1,1,1,5,1,1,8,5,1,1,33,1,2,0
9,64,7,2011,1,1,1,2,2,2,2,1,2,1,1,5,1,1,14,6,1,1,35,1,2,0
7,64,5,2011,2,1,1,2,1,1,2,1,1,1,1,5,1,1,8,6,1,1,33,1,2,0
7,64,10,2011,4,1,1,2,2,1,2,1,1,1,1,5,1,1,13,6,1,1,33,1,2,0
7,64,11,2011,2,1,6,2,1,1,1,1,1,1,1,5,1,1,14,6,2,1,42,1,2,0
6,64,12,2011,1,1,1,2,2,1,3,1,1,1,1,5,1,1,5,5,1,1,33,1,2,0
8,64,4,2011,4,1,1,2,2,1,2,1,1,1,1,5,1,1,14,6,1,1,38,1,2,0
3,64,3,2011,4,1,1,1,1,1,2,1,1,1,1,5,1,1,9,6,1,1,33,1,2,1
3,64,10,2011,2,7,1,2,2,1,1,1,1,1,1,2,1,1,14,6,1,1,33,1,2,0
3,64,12,2011,2,1,1,2,2,1,1,1,1,1,1,5,1,1,19,5,2,1,33,1,2,0
10,64,1,2011,1,1,1,2,2,1,4,1,1,1,1,1,1,1,10,6,1,1,28,1,1,1
10,64,8,2011,2,5,1,2,2,1,1,3,1,1,1,1,1,1,8,6,1,1,26,1,2,0
10,64,9,2011,4,5,1,2,2,1,3,2,1,1,1,1,1,1,14,5,1,1,33,1,2,0
4,64,8,2011,3,1,1,2,1,1,1,1,1,1,1,5,1,1,14,6,1,1,33,1,2,0
4,64,10,2011,3,1,1,2,1,1,1,1,1,1,1,5,1,1,9,6,1,1,31,1,2,1
1,57,2,2011,3,1,1,2,1,1,2,1,1,1,1,1,1,2,14,6,1,1,33,2,2,0
5,57,3,2011,2,3,8,2,2,1,1,2,1,1,2,1,1,2,9,2,2,7,33,2,2,0
1,57,1,2011,2,1,1,2,2,4,1,1,1,1,1,1,1,2,16,4,1,1,45,2,2,0
2,59,7,2011,2,7,8,1,1,1,1,1,1,1,1,1,1,2,5,11,1,7,33,1,2,1
9,60,2,2011,4,1,1,2,2,1,3,1,1,1,2,4,1,2,4,11,1,1,33,2,2,0
1,60,1,2011,2,1,1,2,2,1,1,1,1,1,1,1,1,2,9,6,1,1,33,1,2,3
1,61,1,2011,3,1,1,2,2,1,1,1,1,1,1,1,1,2,9,5,1,1,33,2,2,3
1,61,2,2011,3,3,1,2,2,1,1,1,1,1,1,1,1,1,19,4,2,7,33,1,2,0
1,59,2,2011,3,1,1,2,2,1,1,2,1,1,1,2,1,2,5,1,2,1,30,1,2,0
7,63,2,2011,2,1,1,1,1,1,1,1,1,1,1,1,1,2,9,6,1,1,33,1,2,0
4,63,1,2011,4,1,4,1,2,1,2,2,1,1,1,1,1,2,9,6,1,1,33,2,2,0
14,63,2,2011,3,7,2,2,2,1,1,1,1,1,1,5,1,1,9,6,1,2,33,1,0,0
2,59,1,2011,4,1,8,2,1,2,1,1,1,1,1,1,2,1,14,11,1,7,33,2,2,1
1,59,8,2011,5,3,2,2,1,2,1,1,1,1,1,5,1,1,9,6,1,1,33,1,2,0
1,62,3,2011,3,1,1,2,1,1,1,1,1,1,1,1,1,2,5,6,1,3,33,2,2,0
2,65,2,2011,3,7,8,2,2,1,1,1,1,1,1,1,1,1,7,5,1,4,33,2,2,1
2,65,2,2011,2,7,8,2,2,1,1,2,1,1,1,1,1,2,9,2,1,7,33,2,2,0
1,66,2,2011,2,1,1,2,2,1,1,1,1,1,1,2,1,1,14,5,1,1,30,2,2,0
2,66,5,2011,2,4,1,2,2,1,1,4,1,1,1,3,1,2,9,1,1,1,48,2,2,1
5,58,3,2011,3,1,1,2,2,1,1,1,1,1,1,1,1,2,14,2,1,1,33,2,2,1
7,67,2,2011,2,7,1,2,2,1,1,4,1,1,1,1,1,2,5,6,1,1,37,2,2,0
5,66,12,2011,3,1,1,2,2,1,1,2,1,1,1,1,1,2,14,6,1,1,44,1,2,1
5,66,12,2011,4,1,8,2,2,1,2,4,1,1,1,1,1,2,14,6,1,1,25,2,2,1
5,59,8,2011,3,1,1,1,2,1,1,1,1,1,1,2,1,2,4,6,1,7,30,1,1,1
2,59,9,2011,2,7,8,2,2,1,1,1,1,1,1,1,1,2,5,6,1,7,33,2,2,0
7,59,9,2011,2,1,8,2,2,1,1,1,2,1,1,1,1,2,14,6,1,7,33,2,2,0
5,65,5,2011,3,1,1,2,2,1,1,1,1,1,1,1,1,2,9,6,1,1,43,2,2,0
2,65,12,2011,2,1,8,2,2,1,1,1,2,1,1,1,1,2,7,11,1,7,33,2,2,0
9,63,2,2011,1,1,1,2,2,1,2,1,1,1,1,1,1,1,14,6,1,1,33,2,2,0
7,41,1,2011,4,3,1,2,2,4,2,1,1,1,1,1,1,2,9,6,1,1,38,2,2,0
7,41,1,2011,4,3,1,2,2,1,2,1,1,1,1,1,1,2,8,6,1,3,33,2,2,0
13,47,1,2011,3,1,1,2,2,1,1,1,1,1,1,4,1,2,15,6,1,3,30,2,2,0
12,47,1,2011,2,1,1,2,2,1,1,1,1,1,3,1,1,2,14,6,1,1,33,2,2,1
8,47,2,2011,2,1,1,2,2,1,1,1,1,1,1,1,1,2,9,6,1,3,35,2,2,0
5,38,2,2011,2,3,1,2,2,1,2,1,1,1,1,3,1,1,14,2,1,1,23,2,2,1
1,45,2,2011,2,1,1,2,2,1,1,1,1,1,1,1,1,1,9,6,1,7,33,2,2,0
2,45,2,2011,2,1,1,2,2,1,3,1,1,1,1,3,1,1,9,6,1,3,33,2,2,0
7,41,3,2011,4,1,1,2,2,1,4,1,1,1,1,2,1,2,9,6,1,3,33,2,2,0
7,41,2,2011,3,3,1,2,2,1,1,1,1,1,1,2,1,1,9,5,1,3,33,2,2,0
9,47,3,2011,2,1,4,2,2,1,1,1,1,1,1,1,1,2,14,6,1,1,52,2,2,0
12,47,3,2011,1,1,1,2,2,1,4,1,1,1,1,1,1,2,7,5,1,3,33,2,2,1
1,52,3,2011,2,1,1,2,2,1,1,1,1,1,1,2,1,2,9,6,1,1,33,2,2,0
9,52,3,2011,3,1,1,2,2,1,1,1,1,1,1,4,1,2,12,6,1,3,35,2,2,1
2,52,3,2011,3,1,1,2,2,1,1,1,1,1,1,3,1,2,13,6,1,1,33,2,2,0
2,45,3,2011,3,1,1,2,2,1,1,1,1,1,1,3,1,2,11,6,1,1,33,2,2,0
7,40,4,2011,2,1,1,2,2,2,1,1,3,1,2,2,1,2,14,6,1,3,32,2,2,0
7,44,4,2011,2,1,4,2,2,1,1,2,1,1,1,1,1,1,9,6,1,3,33,2,2,0
12,47,4,2011,3,1,1,2,2,2,1,1,1,1,1,1,5,2,9,6,1,3,33,2,2,1
1,47,4,2011,3,1,1,2,2,1,1,1,1,1,1,1,1,2,9,6,1,1,33,2,2,0
6,38,3,2011,2,3,1,2,2,1,1,1,1,1,1,1,1,2,9,6,1,3,33,2,2,0
6,45,4,2011,2,1,1,2,2,1,2,1,1,1,1,1,1,2,14,6,1,3,33,2,2,0
4,44,5,2011,2,1,1,2,2,1,1,1,1,1,1,4,1,2,14,6,1,3,33,2,2,0
4,44,5,2011,2,1,1,2,2,1,1,1,1,1,1,4,1,2,14,6,1,3,33,2,2,0
6,44,5,2011,1,3,1,2,2,1,3,1,1,1,1,2,1,2,9,6,1,1,35,2,2,0
5,44,5,2011,4,1,1,2,2,1,4,1,1,1,1,1,1,2,9,6,1,3,33,2,2,1
8,47,4,2011,3,1,1,2,2,1,1,1,1,1,1,1,1,2,12,6,1,3,33,2,2,2
3,48,5,2011,2,1,1,2,2,1,1,1,1,1,1,4,1,2,10,6,1,1,33,2,2,1
1,35,5,2011,3,1,1,2,2,1,1,1,1,1,1,1,1,1,9,6,1,3,33,2,2,0
6,38,6,2011,3,3,1,2,2,1,1,1,1,1,1,1,1,2,7,5,1,3,33,2,2,1
1,47,6,2011,2,1,1,2,2,1,1,1,1,1,1,5,1,1,12,6,1,3,33,2,2,0
1,45,7,2011,2,1,1,2,2,1,1,1,1,1,1,1,1,2,14,6,1,3,33,2,2,0
7,47,7,2011,3,1,1,2,2,1,1,1,1,1,1,1,1,2,6,6,1,1,33,2,2,0
12,47,7,2011,3,1,1,2,2,1,1,1,1,1,1,1,1,2,9,5,1,1,48,2,2,2
3,38,7,2011,3,1,1,2,2,1,1,2,1,1,1,1,1,2,9,6,1,3,33,2,2,0
1,38,7,2011,4,1,1,2,2,1,4,3,2,3,3,5,3,1,9,6,1,3,25,2,2,0
3,36,7,2011,2,3,1,2,2,1,1,1,1,1,2,1,2,1,12,6,1,1,28,2,2,1
1,50,4,2011,2,1,1,2,2,1,1,1,1,1,1,3,1,2,9,6,1,1,33,2,2,0
2,50,5,2011,3,1,1,2,2,1,1,1,1,1,1,1,1,2,9,6,1,3,33,2,2,0
5,50,4,2011,2,1,1,2,2,1,1,1,1,1,1,2,1,2,9,6,1,1,33,2,2,0
4,39,6,2011,2,1,1,2,2,1,1,1,1,1,1,3,1,2,14,6,1,1,49,2,2,1
2,44,6,2011,3,1,1,2,2,1,1,1,1,1,1,2,1,2,9,6,1,3,33,2,2,1
1,46,2,2011,2,1,1,2,2,1,2,1,1,1,1,1,1,1,9,6,1,3,33,2,2,0
1,46,4,2011,3,1,1,2,2,1,1,1,1,1,1,1,1,1,10,6,1,3,33,2,2,0
1,46,6,2011,1,1,1,2,2,1,2,1,1,1,1,1,1,2,14,6,1,3,33,2,2,0
1,46,6,2011,1,1,1,2,2,1,2,1,1,1,1,1,1,1,14,6,1,1,65,2,2,0
6,46,5,2011,2,1,4,2,2,1,1,1,1,1,1,1,1,1,7,6,1,3,18,2,2,0
7,41,4,2011,4,1,1,2,2,1,3,1,1,1,1,1,1,1,14,6,1,3,33,2,2,0
6,41,5,2011,3,1,1,2,2,1,1,1,1,1,1,1,1,2,8,6,1,6,33,2,2,1
5,41,7,2011,3,1,4,2,2,1,1,1,1,1,1,1,1,1,9,6,1,3,26,2,2,1
11,47,9,2011,3,1,1,2,2,1,2,1,1,1,1,3,1,2,14,6,1,3,40,2,2,1
1,51,5,2011,3,1,1,2,2,1,1,1,1,1,1,2,1,2,4,6,1,1,25,2,2,0
2,51,5,2011,3,1,1,2,2,1,1,1,1,1,1,4,1,2,17,6,2,6,33,2,2,0
1,51,6,2011,2,1,1,2,2,1,1,1,1,1,1,4,1,2,19,6,2,6,15,2,2,0
3,51,6,2011,2,1,1,2,2,1,1,1,1,1,1,3,1,2,7,6,1,3,33,2,2,1
7,51,7,2011,3,1,1,2,2,1,1,1,1,1,1,4,1,2,17,6,1,6,33,2,2,0
5,41,7,2011,3,1,1,2,2,1,1,1,1,1,1,1,1,2,10,6,1,3,20,2,2,1
7,41,8,2011,1,1,1,2,2,1,4,1,1,1,1,5,1,1,10,6,1,3,33,2,2,0
6,41,8,2011,3,2,2,2,2,1,1,1,1,1,1,1,1,2,9,6,1,1,33,2,2,0
12,47,8,2011,2,1,1,2,2,1,1,1,1,1,1,1,1,2,14,6,1,1,33,2,2,0
5,44,10,2011,3,1,1,2,2,1,1,1,1,1,1,3,1,2,16,6,1,1,38,2,2,1
1,49,9,2011,2,1,1,2,2,1,1,2,1,1,1,3,1,2,14,4,1,1,33,2,2,0
1,49,9,2011,2,1,1,2,2,1,1,1,1,1,1,5,1,1,9,6,1,1,33,2,2,0
1,39,8,2011,3,1,1,2,2,1,1,1,1,1,1,2,1,2,4,6,1,3,33,2,2,0
1,45,12,2011,3,1,1,2,2,1,1,1,1,1,1,1,1,1,14,6,1,3,33,2,2,0
5,37,11,2011,3,3,1,2,2,1,1,1,1,1,1,3,1,2,6,6,1,3,33,2,2,0
1,48,11,2011,3,1,1,2,2,1,1,1,1,1,1,2,1,1,14,6,1,3,33,2,2,0
5,41,11,2011,3,1,1,2,2,1,1,1,1,1,1,1,1,1,19,6,1,3,33,2,2,0
1,41,11,2011,4,1,1,2,2,1,4,3,1,1,1,1,1,2,10,6,1,3,19,2,2,0
7,41,12,2011,1,1,1,2,2,1,3,1,1,1,1,2,1,1,9,6,1,3,33,2,2,0
7,41,12,2011,1,1,1,2,2,1,2,1,1,1,1,2,1,1,19,6,1,3,33,2,2,0
4,44,12,2011,4,1,1,2,2,1,3,1,1,1,1,3,1,1,9,6,1,3,33,2,2,1
3,49,12,2011,3,1,1,2,2,1,1,1,1,1,1,2,1,2,14,6,1,3,33,2,2,1
2,49,12,2011,3,1,1,2,2,1,1,1,1,1,1,3,1,1,14,5,1,3,33,2,2,0
12,51,10,2011,4,1,1,2,2,1,2,1,1,1,1,4,1,2,17,6,1,1,33,2,2,0
3,51,10,2011,2,1,1,2,2,1,1,1,1,1,1,4,1,2,19,6,2,6,33,2,2,0
4,36,11,2011,2,1,1,2,2,1,1,1,1,1,1,1,2,2,9,6,1,1,38,2,2,0
3,40,8,2011,4,2,1,2,2,1,1,1,1,1,1,1,1,1,9,1,1,1,33,2,2,2
1,46,11,2011,1,1,1,2,2,1,4,1,1,1,1,1,1,1,12,7,2,7,26,2,2,0
5,44,8,2011,3,1,1,2,2,1,1,1,1,1,1,1,1,2,9,6,1,1,32,2,2,0
5,46,1,2011,2,1,1,2,2,1,1,1,1,1,1,1,1,2,7,6,1,2,33,2,2,0
3,40,8,2011,2,1,1,2,2,1,1,1,1,1,1,1,1,1,10,6,1,1,33,2,2,3
37,4,9,2011,3,3,1,2,2,1,1,1,1,1,2,4,1,2,19,6,2,1,33,2,2,0
4,44,3,2011,2,1,1,2,2,1,1,1,1,1,1,3,1,1,9,6,1,3,33,2,2,0
12,47,3,2011,2,1,1,2,2,1,1,1,1,1,1,1,1,2,9,6,1,7,33,2,2,1
4,48,1,2011,4,1,1,2,2,1,2,1,1,1,1,3,1,2,14,6,1,3,33,2,2,0
6,40,9,2011,3,1,1,2,2,1,2,1,1,1,1,1,1,2,4,6,1,1,33,2,2,0
6,40,7,2011,3,1,1,2,2,1,1,1,1,1,1,2,1,2,11,6,1,1,33,2,2,3
6,40,8,2011,3,1,1,2,2,1,1,1,1,1,1,2,1,2,1,7,2,6,33,2,2,0
1,45,4,2011,2,1,1,2,2,1,1,1,1,1,1,1,1,1,9,6,1,1,33,2,2,0
5,38,12,2011,5,1,1,2,2,1,1,4,1,1,1,4,1,2,8,5,1,7,27,2,2,1
3,38,11,2011,4,1,1,2,2,1,1,1,1,1,1,1,1,2,9,6,1,3,33,2,2,0
3,36,1,2011,1,1,1,2,1,1,1,1,1,1,1,1,2,1,9,6,1,3,33,2,2,0
11,51,6,2011,3,1,1,2,2,1,1,1,1,1,1,3,1,2,6,6,2,6,33,2,2,1
3,51,6,2011,2,1,1,2,2,1,1,1,1,1,1,2,1,1,7,9,1,3,33,2,2,1
1,40,7,2011,3,1,8,2,2,1,1,1,1,1,1,1,1,1,9,10,1,7,41,2,2,1
2,39,9,2011,4,1,1,2,2,1,2,1,1,1,1,3,1,2,13,6,1,1,55,2,2,0
9,47,7,2011,4,1,1,2,2,1,4,1,1,1,1,1,1,2,14,6,1,1,33,2,2,0
6,46,1,2011,3,1,1,2,2,1,1,1,1,1,1,1,1,1,10,6,1,1,33,2,2,3
5,45,10,2011,3,1,1,2,2,1,1,1,1,1,1,1,1,2,9,6,1,3,33,1,2,0
7,41,10,2011,2,1,1,2,2,1,1,1,1,1,1,1,1,1,19,6,1,1,33,2,2,0
4,36,8,2011,2,7,1,2,2,1,1,1,1,1,1,1,1,2,12,6,1,3,22,1,2,1
4,44,1,2011,2,1,1,2,2,1,1,1,1,1,1,3,1,1,9,5,1,3,33,2,2,0
1,38,1,2011,3,1,4,2,2,1,1,1,1,1,1,1,2,1,9,6,1,3,33,2,2,1
1,45,7,2011,4,1,1,2,2,1,4,1,1,1,1,1,1,2,9,6,1,3,33,2,2,1
4,37,9,2011,3,3,1,2,2,1,1,1,1,1,2,4,1,2,19,6,2,1,33,2,2,0
6,40,11,2011,3,1,1,2,2,1,1,1,1,1,1,1,1,1,4,6,1,1,33,2,2,1
1,42,4,2011,2,2,2,1,1,1,1,1,1,1,1,1,1,1,9,6,1,1,38,2,2,2
2,42,3,2011,2,2,4,1,1,1,1,1,1,1,1,5,1,1,9,6,1,1,45,2,2,1
3,42,4,2011,3,1,1,2,2,1,1,1,1,1,1,5,1,1,10,6,1,1,38,2,2,0
10,42,4,2011,1,1,1,1,1,1,3,1,1,1,1,5,1,1,14,6,1,1,45,1,2,0
11,42,4,2011,2,1,1,1,1,1,1,1,1,1,1,5,1,1,8,6,1,1,28,2,2,0
12,42,1,2011,2,3,4,1,1,1,1,1,1,1,1,5,1,1,9,6,1,1,35,2,2,0
12,42,2,2011,4,7,8,1,1,1,1,1,1,1,1,5,1,1,8,6,1,1,25,2,2,0
12,42,2,2011,4,1,1,1,1,1,3,1,1,1,1,5,1,1,4,6,1,7,31,2,1,1
12,42,3,2011,2,1,1,1,1,1,1,1,1,1,1,5,1,1,9,6,1,1,42,2,2,0
14,42,2,2011,2,1,1,1,1,1,1,1,1,1,1,1,1,1,7,5,1,7,32,2,2,2
14,42,3,2011,4,1,1,1,1,1,2,1,1,1,1,1,1,1,10,6,1,1,35,2,2,0
14,42,5,2011,4,1,1,1,1,1,3,1,1,1,1,1,1,1,9,6,1,1,35,1,2,0
16,42,1,2011,1,2,4,1,1,1,3,1,1,1,1,1,1,1,9,6,1,1,42,2,2,0
17,42,1,2011,1,1,1,1,1,1,2,1,1,1,1,5,1,1,8,6,1,1,24,2,2,0
21,42,1,2011,1,6,1,1,1,1,4,1,1,1,1,1,1,1,14,6,1,1,30,2,2,0
22,42,4,2011,1,1,1,1,1,1,3,1,1,1,1,1,1,1,10,6,1,2,33,1,0,0
22,42,5,2011,3,2,4,1,1,1,1,1,1,1,1,1,1,1,9,6,1,1,45,2,2,1
23,42,3,2011,3,1,4,1,1,1,1,1,1,1,1,1,1,1,8,6,1,1,23,2,2,1
25,42,1,2011,2,1,1,2,2,1,1,1,1,1,1,5,1,1,1,9,1,1,40,1,2,0
25,42,4,2011,1,1,1,2,2,1,3,1,1,1,1,5,1,1,10,6,1,2,33,1,0,0
25,42,5,2011,2,1,1,2,2,1,1,1,2,1,1,5,1,1,14,6,1,1,45,1,2,0
28,42,3,2011,2,2,4,1,1,1,1,1,1,1,1,5,1,1,12,6,1,1,38,2,2,1
29,42,2,2011,3,1,1,2,2,1,1,1,1,1,1,1,1,1,11,6,1,1,45,2,2,3
32,42,5,2011,2,3,4,2,2,1,1,1,1,1,1,5,1,1,12,6,1,1,35,2,2,1
33,42,5,2011,3,3,4,1,1,1,1,1,1,1,1,1,1,1,9,6,1,1,40,2,2,0
36,42,1,2011,4,1,4,1,1,1,3,1,1,1,1,5,1,1,14,6,1,1,45,1,2,0
36,42,4,2011,3,1,4,1,1,1,1,1,1,1,1,5,1,1,8,6,1,1,19,2,2,1
37,42,2,2011,2,1,1,1,1,1,1,1,1,1,1,5,1,1,9,6,1,1,35,1,2,1
37,42,5,2011,1,1,1,1,1,1,3,1,1,1,1,5,1,1,13,6,1,1,43,1,2,1
40,42,1,2011,3,3,1,1,1,1,1,1,1,1,1,5,1,1,9,6,1,1,45,2,2,1
40,42,1,2011,2,1,1,1,1,1,2,1,1,1,1,5,1,1,9,6,1,1,40,2,2,0
27,42,7,2011,2,2,5,1,1,1,1,1,1,1,1,1,1,1,6,1,1,1,28,2,2,0
41,42,7,2011,4,2,4,1,1,1,3,1,1,1,1,5,1,1,14,6,1,1,35,2,2,0
17,42,7,2011,1,1,1,1,1,1,3,1,1,1,1,5,1,1,9,6,1,1,28,2,2,1
17,42,12,2011,3,1,1,1,1,1,1,1,1,1,1,5,1,1,9,6,1,1,35,2,2,0
25,42,12,2011,3,1,1,2,2,1,1,1,1,1,1,5,1,1,7,6,1,1,38,2,2,0
7,42,6,2011,2,1,1,2,2,1,1,1,1,1,1,5,1,1,9,6,1,1,38,2,2,1
40,42,11,2011,2,1,1,1,1,1,1,1,1,1,1,5,1,1,10,6,1,1,32,2,2,1
32,42,7,2011,2,1,1,2,2,1,1,1,1,1,1,5,1,1,13,6,1,1,24,2,2,0
34,42,12,2011,1,4,2,1,1,1,3,1,1,1,1,5,1,1,14,6,1,1,22,2,2,3
2,42,7,2011,3,2,4,1,1,1,1,1,1,1,1,5,1,1,9,6,2,6,35,2,2,1
8,42,10,2011,4,3,6,1,1,1,3,1,1,1,1,5,1,1,14,6,1,1,42,1,2,0
8,42,11,2011,2,1,4,2,2,1,1,1,1,1,1,3,1,1,7,6,1,1,38,2,2,1
10,42,8,2011,4,1,1,2,2,1,4,1,1,1,1,5,1,1,14,6,1,1,42,1,2,0
16,42,7,2011,1,1,1,1,1,1,3,1,1,1,1,1,1,1,9,6,1,1,40,2,2,0
16,42,9,2011,1,3,1,1,1,1,3,1,1,1,1,5,1,1,14,6,1,1,38,1,2,0
16,42,10,2011,3,1,1,1,1,1,1,1,1,1,1,1,1,1,10,6,1,1,21,2,2,0
16,42,10,2011,3,1,1,1,1,1,1,1,1,1,1,5,1,1,14,6,1,1,38,2,2,0
11,42,7,2011,1,1,1,1,1,1,2,1,1,1,1,2,1,1,12,2,1,1,35,2,2,0
11,42,8,2011,3,2,1,1,1,1,1,1,1,1,1,5,1,1,9,6,1,1,38,2,2,3
1,42,8,2011,4,2,4,1,1,1,3,1,1,1,1,5,1,1,14,6,1,1,42,2,2,0
3,42,6,2011,1,1,2,1,1,1,3,1,1,1,1,5,1,1,7,6,1,1,32,2,2,1
3,42,10,2011,4,3,4,1,1,1,3,1,1,1,1,5,1,1,14,6,2,1,42,1,2,0
15,42,12,2011,1,1,1,2,2,1,1,1,1,1,1,5,1,1,14,6,1,1,35,2,2,0
12,42,8,2011,2,3,1,2,2,1,2,1,1,1,1,5,1,1,10,6,1,1,35,2,2,1
12,42,11,2011,1,1,3,1,1,1,1,1,3,1,1,1,1,1,14,6,1,1,39,2,2,0
12,42,11,2011,2,6,1,1,1,1,1,1,1,1,1,1,1,1,14,6,1,1,38,2,2,3
33,42,10,2011,2,1,1,2,2,1,1,1,1,1,1,5,1,1,10,6,1,2,33,1,0,0
33,42,12,2011,2,3,1,2,2,1,1,1,1,1,1,5,1,1,14,6,1,1,42,1,2,1
14,42,6,2011,4,1,1,2,2,1,2,1,1,1,1,2,1,1,10,6,1,1,32,2,2,1
14,42,8,2011,3,2,4,2,2,1,1,1,1,1,1,1,1,1,7,6,1,1,28,2,2,0
14,42,9,2011,2,1,1,2,2,1,1,1,1,1,1,2,1,1,10,6,1,1,32,2,2,0
14,42,9,2011,3,1,1,1,1,1,1,1,1,1,1,1,1,1,9,6,1,1,38,2,2,0
32,42,11,2011,2,2,4,1,1,1,1,1,1,1,1,5,1,1,9,6,1,1,40,2,2,0
40,42,12,2011,2,1,4,1,1,1,1,1,1,1,1,5,1,1,9,6,1,1,32,2,2,1
2,42,12,2011,3,3,2,1,1,1,1,1,1,1,1,5,1,1,8,6,1,1,38,1,2,0
36,42,10,2011,2,1,1,1,1,1,1,1,1,1,1,5,1,1,9,6,1,1,42,2,2,2
39,42,1,2011,3,3,1,2,1,1,1,1,1,1,1,5,1,1,9,6,1,1,45,2,2,1
39,42,1,2011,2,1,1,2,1,1,2,1,1,1,1,5,1,1,9,6,1,1,40,2,1,0
39,42,8,2011,1,1,1,2,1,1,1,1,1,1,1,5,1,1,8,6,1,1,32,2,2,1
39,42,12,2011,2,1,3,2,1,1,1,2,1,1,1,5,1,1,9,6,1,1,32,2,2,1
14,42,4,2011,4,1,1,2,1,2,3,1,2,1,1,1,1,1,10,6,1,2,33,2,2,0
1,24,3,2011,3,1,1,2,2,1,1,1,1,1,1,1,1,2,14,2,1,6,33,2,2,0
2,22,4,2011,3,1,8,2,2,1,1,1,1,1,1,5,1,2,14,5,1,1,31,2,2,0
5,11,2,2011,3,7,8,2,2,1,1,1,1,1,1,1,1,1,9,6,1,1,33,1,2,1
1,12,6,2011,2,3,8,2,2,1,2,2,1,2,1,1,1,1,9,6,1,1,33,2,2,0
1,12,3,2011,3,1,1,1,2,1,1,1,1,1,1,4,1,1,8,5,1,1,33,2,2,0
1,12,1,2011,2,1,8,2,2,1,1,1,1,1,1,1,1,1,14,11,1,1,33,1,2,0
4,12,4,2011,2,7,8,2,2,1,1,1,1,1,1,2,2,2,14,11,1,7,33,1,2,0