Thana,District,Month,Year,Time,Junction_Type,Traffic_Control,Movement,Divider,Weather,Light,Road_Geometry,Surface_Condition,Surface_Type,Surface_Quality,Road_Class,Road_Feature,Location_Type,Vehicle_Type,Vehicle_Movement,Vehicle_Loading,Vehicle_Defect,Vehicle_Driver_Age,Vehicle_Alcohol,Vehicle_Seat_Belt,Accident_Severity
9,13,3,2011,2,1,1,1,2,1,1,1,1,1,1,4,1,2,8,7,2,1,33,2,2,1
3,13,1,2011,2,2,1,2,2,1,1,1,1,1,1,3,1,2,12,11,1,1,32,2,2,2
7,7,3,2011,4,7,1,2,2,1,4,1,1,1,1,1,1,2,14,4,2,1,33,1,2,0
5,2,12,2011,3,3,1,2,2,1,2,2,1,1,1,2,1,2,7,1,1,1,20,2,2,3
4,2,11,2011,3,3,1,2,2,1,1,1,1,1,3,1,2,1,17,2,1,1,33,1,2,0
3,8,1,2011,2,7,8,2,2,4,2,2,3,1,1,1,2,2,9,6,1,7,33,2,2,0
3,8,3,2011,2,1,8,2,2,1,2,1,1,1,1,1,1,1,14,11,1,1,33,2,2,0
3,8,2,2011,3,7,8,2,2,1,1,2,1,1,1,1,1,2,9,6,1,7,33,2,2,0
1,8,4,2011,1,1,1,2,2,1,4,1,1,1,1,1,1,2,9,6,2,1,26,2,2,0
3,8,5,2011,2,1,8,2,2,1,1,1,1,1,1,1,1,2,8,5,2,7,32,2,2,0
3,8,7,2011,3,1,1,2,2,1,1,1,1,1,1,1,1,2,9,6,1,1,33,1,2,0
4,15,1,2011,2,1,1,2,2,1,1,1,1,1,1,1,1,2,9,6,1,1,33,2,2,0
3,15,2,2011,2,1,1,2,2,1,1,1,1,1,1,1,1,2,9,6,1,1,50,2,2,0
4,15,7,2011,1,1,1,2,2,1,2,1,1,1,1,1,1,2,9,6,1,1,39,2,2,0
5,15,2,2011,3,3,1,2,1,1,1,1,1,1,1,1,1,2,8,6,1,1,45,2,2,0
6,15,7,2011,2,1,1,2,2,2,2,2,2,1,1,1,1,2,14,6,1,7,35,2,2,0
10,16,12,2011,4,3,4,2,2,1,1,1,1,1,1,1,1,2,9,5,1,1,40,1,2,0
11,16,5,2011,3,7,1,2,2,1,1,1,1,1,1,1,1,2,8,11,1,1,42,2,2,0
10,16,1,2011,3,3,3,2,2,1,1,1,1,1,1,1,1,2,14,4,2,1,33,1,2,3
12,9,3,2011,3,1,1,2,2,1,1,1,1,1,1,1,1,1,9,5,1,1,55,2,2,3
4,12,6,2011,3,1,1,2,2,1,1,1,1,1,1,3,1,2,9,6,1,2,33,2,2,0
11,16,3,2011,3,1,1,2,2,1,1,1,1,1,1,1,1,2,9,6,1,1,45,2,2,0
11,16,4,2011,1,1,1,2,2,1,4,1,1,1,1,1,1,2,14,5,1,7,33,2,2,0
11,16,4,2011,1,1,1,2,2,1,4,1,1,1,1,1,1,2,14,6,1,1,33,2,2,0
12,9,6,2011,3,1,1,2,2,1,1,1,1,1,1,1,1,2,9,6,1,7,33,2,2,0
10,16,6,2011,1,1,1,2,2,4,2,2,1,1,1,2,1,1,14,2,1,1,33,2,2,0
12,9,10,2011,3,1,1,2,2,1,1,1,1,1,1,1,1,1,4,6,1,7,40,2,2,0
7,9,10,2011,2,2,1,2,2,1,1,1,1,1,1,1,1,2,9,6,1,1,43,2,2,1
12,9,8,2011,3,1,8,2,2,1,4,2,1,1,1,1,2,1,14,6,1,1,37,2,2,0
4,14,9,2011,2,2,1,2,1,1,1,1,1,1,1,1,4,1,4,2,1,1,33,2,2,0
2,14,1,2011,2,7,8,2,2,1,1,1,1,1,1,1,1,1,8,6,1,4,40,2,2,0
3,14,5,2011,3,1,1,2,2,1,1,1,1,1,1,1,1,1,11,11,2,7,45,2,2,0
3,14,5,2011,4,3,2,2,2,1,1,1,1,1,1,1,5,2,14,4,1,4,33,2,2,1
1,14,11,2011,3,4,1,2,2,1,1,1,1,1,1,2,1,1,14,6,1,1,35,1,2,1
8,54,3,2011,4,1,1,2,2,1,1,2,1,1,1,2,1,2,5,6,1,7,28,1,2,0
3,54,1,2011,3,1,1,2,2,1,1,1,1,1,1,2,1,1,8,6,1,1,27,1,2,0
3,56,4,2011,1,2,1,1,2,1,3,1,1,1,1,1,2,1,9,2,1,1,27,1,2,0
9,56,4,2011,3,2,1,1,1,1,1,1,1,1,1,1,1,2,14,2,1,7,27,1,2,0
7,54,6,2011,5,1,8,2,2,2,1,1,2,1,2,2,5,2,8,7,1,1,38,2,2,0
9,56,1,2011,3,2,1,2,2,1,1,1,1,1,1,1,1,2,12,2,1,1,32,2,2,0
12,53,3,2011,4,1,1,2,2,1,2,1,1,1,2,1,1,2,8,2,1,1,27,2,2,1
1,54,2,2011,2,1,1,2,2,1,1,1,1,1,1,1,1,1,4,11,1,1,33,2,2,3
12,54,1,2011,3,1,1,2,2,1,1,1,1,1,1,1,1,2,14,6,1,1,35,2,2,0
12,54,1,2011,3,1,1,1,2,1,1,2,1,1,1,1,1,2,14,5,1,7,36,2,2,0
1,54,5,2011,1,7,5,2,2,2,2,2,1,1,1,5,1,1,14,6,1,2,36,2,2,2
1,54,7,2011,1,7,1,2,2,2,1,1,2,2,2,5,1,1,9,11,1,7,33,2,2,3
1,54,7,2011,1,7,4,2,2,1,2,3,1,1,1,1,1,1,9,6,1,7,33,2,2,1
12,54,1,2011,1,7,8,2,2,1,1,1,1,1,1,1,1,2,14,4,1,7,33,2,2,0
12,54,7,2011,2,1,1,2,2,1,1,1,1,1,1,1,2,1,13,6,1,1,29,2,2,0
11,54,2,2011,2,7,1,1,2,4,4,1,1,1,1,2,1,2,5,11,1,7,22,2,2,0
13,54,2,2011,2,1,1,2,2,1,1,1,1,1,1,1,1,2,2,6,1,1,35,1,2,0
9,54,6,2011,1,1,1,2,2,1,1,1,1,1,1,1,1,2,14,6,1,1,36,2,1,0
7,54,7,2011,1,1,8,2,2,1,1,1,1,1,1,2,1,2,10,5,1,1,33,2,2,0
5,54,3,2011,2,4,3,1,2,1,1,2,1,1,2,3,1,2,13,2,1,7,33,2,2,0
7,56,8,2011,2,1,2,2,2,1,1,1,1,1,1,1,1,2,9,5,1,1,38,1,1,0
3,56,8,2011,4,1,2,2,2,1,2,1,1,1,1,1,1,2,9,5,1,1,27,2,2,0
8,56,9,2011,3,1,2,2,2,2,2,1,2,1,1,1,1,2,10,5,1,1,26,2,2,0
1,53,11,2011,3,1,8,1,2,1,1,2,1,1,1,3,1,2,13,2,1,7,33,1,2,1
7,56,11,2011,3,3,1,2,2,1,1,2,1,1,1,1,1,2,9,6,1,1,33,2,2,0
7,56,11,2011,4,1,1,2,2,1,4,1,1,1,1,1,1,2,14,11,1,7,33,2,2,2
1,54,11,2011,4,1,8,2,2,4,3,1,1,1,1,5,2,1,14,6,1,7,38,1,2,0
8,56,12,2011,3,1,1,2,2,1,1,1,1,1,1,1,1,2,16,5,1,1,50,2,2,0
9,54,9,2011,4,1,1,2,2,1,1,1,1,1,1,1,1,2,7,6,1,7,35,2,2,0
9,54,12,2011,3,1,1,2,2,1,1,1,1,1,1,1,1,2,14,11,1,5,33,2,2,0
17,54,12,2011,1,1,8,2,2,4,2,1,1,1,1,5,1,1,14,6,1,1,66,2,2,0
11,54,2,2011,3,1,1,2,2,1,1,1,1,1,1,2,1,2,9,11,1,7,33,1,2,3
3,54,1,2011,3,1,1,2,1,1,1,1,1,1,1,2,1,1,8,6,1,1,27,1,2,0
8,54,4,2011,2,1,1,2,2,1,1,1,1,1,1,3,1,2,6,6,1,7,17,1,2,0
8,54,3,2011,3,1,1,2,2,1,1,2,1,1,1,4,1,2,1,5,1,7,28,1,2,0
4,54,12,2011,2,1,1,2,2,1,1,1,1,1,1,4,1,2,8,6,1,7,33,1,2,1
4,53,2,2011,3,1,1,2,2,1,1,2,1,1,1,2,1,2,8,6,1,1,45,2,2,0
10,64,2,2011,3,5,1,2,2,1,1,1,1,1,1,1,1,1,7,6,1,1,33,1,2,0
3,38,2,2011,3,1,1,2,2,1,1,1,1,1,1,1,1,2,16,6,1,3,33,2,2,0
6,38,2,2011,1,1,1,2,2,1,2,1,1,1,1,1,1,2,9,6,1,1,33,2,2,1
7,41,3,2011,2,1,1,2,2,1,1,1,1,1,1,2,1,2,14,6,1,1,33,2,2,0
7,41,3,2011,2,1,1,2,2,1,1,1,1,1,1,1,1,1,9,6,1,1,33,2,2,0
10,52,3,2011,4,1,1,2,2,1,4,1,1,1,1,3,1,2,13,6,1,1,33,2,2,0
5,40,3,2011,2,1,1,2,2,1,1,1,1,1,1,1,1,1,9,6,1,3,25,2,2,0
4,44,5,2011,1,3,1,2,2,1,2,1,1,1,1,2,1,2,19,6,1,1,25,2,2,0
4,44,5,2011,3,1,1,2,2,1,1,1,1,1,1,3,1,1,5,6,1,1,35,2,2,0
1,38,5,2011,3,1,1,2,2,1,1,1,1,1,1,1,1,2,14,6,1,3,33,2,2,0
9,47,7,2011,1,3,1,2,2,1,2,1,1,1,1,1,1,2,9,6,1,1,33,2,2,0
7,38,6,2011,3,1,1,2,2,2,1,2,1,1,1,1,1,2,9,6,1,7,33,2,2,0
12,50,4,2011,2,1,1,2,2,1,4,1,1,1,1,1,1,2,13,6,1,1,40,2,2,0
13,50,5,2011,2,1,1,2,2,1,1,1,1,1,1,3,1,2,9,6,1,1,33,2,2,0
1,39,5,2011,3,2,1,2,2,1,1,1,1,1,1,4,1,2,14,4,1,1,33,2,2,0
3,39,6,2011,1,1,1,2,2,1,4,1,1,1,1,1,1,2,9,6,1,3,31,2,2,0
5,46,8,2011,4,1,4,2,2,1,3,1,1,1,1,1,1,2,12,6,1,1,33,2,2,0
5,46,7,2011,3,1,4,2,2,1,1,1,1,1,1,1,1,2,14,6,1,3,33,2,2,0
5,46,6,2011,3,1,1,2,2,2,1,1,2,1,1,1,1,1,9,6,1,3,33,2,2,1
1,46,3,2011,2,1,1,2,2,1,1,1,1,1,1,1,1,1,19,6,1,1,33,2,2,0
1,46,7,2011,4,1,1,2,2,1,2,1,1,1,1,1,1,2,9,4,1,1,33,2,2,1
1,41,4,2011,2,1,1,2,2,1,2,1,1,1,1,1,3,2,9,6,1,3,50,2,2,0
7,41,5,2011,2,1,1,2,2,1,1,1,1,1,1,1,1,1,8,6,1,3,33,2,2,1
7,41,5,2011,2,1,1,2,2,1,1,1,1,1,1,2,1,2,8,4,1,7,45,2,2,1
7,41,5,2011,3,1,1,2,2,1,1,1,1,1,1,2,1,1,15,6,1,3,32,2,2,0
7,41,6,2011,3,1,1,1,2,1,1,1,1,1,1,1,1,1,13,6,1,3,34,2,2,0
5,41,7,2011,2,1,1,2,2,1,2,1,1,1,1,1,1,2,9,6,1,3,33,2,2,1
7,41,7,2011,3,1,1,2,2,1,1,1,1,1,1,2,1,1,9,6,1,3,40,2,2,0
1,41,8,2011,2,1,1,1,2,2,1,1,1,1,1,1,1,2,13,6,1,1,33,2,2,0
7,47,8,2011,2,1,1,2,2,1,1,1,1,1,1,1,1,1,13,6,1,5,33,2,2,0
1,47,8,2011,2,1,1,2,2,1,1,1,1,1,1,1,1,2,14,6,1,1,33,2,2,0
9,47,8,2011,2,1,1,2,2,2,1,1,1,1,1,1,1,2,9,6,1,1,33,2,2,0
6,44,9,2011,2,1,1,2,2,1,1,1,1,1,1,2,1,1,8,6,1,3,35,2,2,0
1,47,10,2011,3,1,1,2,2,1,1,1,1,1,1,1,1,2,9,6,1,1,33,2,2,1
1,41,10,2011,3,1,1,2,2,1,1,1,1,1,1,1,1,2,9,6,1,1,33,2,2,0
6,45,11,2011,4,1,1,2,2,1,2,1,1,1,1,1,1,2,9,5,1,1,33,2,2,0
12,47,11,2011,2,1,1,2,2,1,1,1,1,1,1,1,1,2,13,5,1,3,33,2,2,0
2,47,11,2011,3,1,1,2,2,1,1,1,1,1,1,1,1,2,12,6,1,3,33,2,2,0
1,41,11,2011,2,1,1,2,2,4,2,1,1,1,1,1,1,2,15,6,1,1,33,2,2,0
1,41,11,2011,1,1,1,2,2,4,4,1,1,1,1,1,1,2,11,6,1,1,33,2,2,1
6,44,11,2011,2,3,1,2,2,1,1,1,1,1,1,1,1,1,12,6,1,3,38,2,2,0
1,40,9,2011,3,7,8,2,2,1,1,1,1,1,1,1,1,1,9,11,1,7,33,2,2,1
5,40,10,2011,4,2,1,2,2,1,1,1,1,1,1,1,2,2,14,6,2,7,33,2,2,0
5,50,10,2011,3,1,1,2,2,1,1,1,1,1,1,1,1,1,12,1,1,1,33,2,2,0
2,50,11,2011,3,1,1,1,2,1,1,1,1,1,1,1,2,1,10,6,1,7,33,2,2,3
7,41,10,2011,3,3,1,2,2,1,1,1,1,1,1,3,1,2,12,6,1,1,22,2,2,0
5,46,9,2011,2,1,1,2,2,1,1,1,2,1,1,1,1,2,7,6,2,1,33,2,2,0
9,4,7,2011,1,3,1,2,2,1,2,1,1,1,1,1,1,1,9,6,1,1,33,1,2,0
7,41,3,2011,4,1,1,2,2,1,3,1,1,1,1,2,1,2,14,6,1,1,33,2,2,0
3,38,2,2011,3,1,1,2,2,1,1,1,1,1,1,2,1,2,8,6,1,1,33,2,2,0
12,47,2,2011,3,1,1,2,2,1,1,1,1,1,1,1,2,2,9,1,1,2,33,2,2,0
5,46,2,2011,4,1,1,2,1,3,1,1,1,1,1,1,3,2,14,6,1,7,33,2,2,0
9,47,8,2011,1,3,1,2,2,2,2,2,2,1,1,1,1,2,9,6,1,7,61,1,2,0
4,44,4,2011,3,1,1,2,2,1,1,1,1,1,1,5,1,1,14,6,1,2,33,2,2,1
12,44,4,2011,1,1,1,2,2,1,2,1,1,1,1,1,1,2,9,6,1,1,33,2,2,0
4,40,8,2011,3,1,1,2,2,1,1,1,1,1,1,1,2,1,1,5,1,1,33,2,2,0
4,44,3,2011,4,4,1,2,2,1,3,2,1,1,1,3,1,1,8,6,1,1,21,2,2,0
5,41,2,2011,4,1,1,2,2,1,1,1,1,1,1,1,2,1,9,6,1,1,33,2,2,1
9,56,12,2011,3,1,1,2,2,1,1,1,1,1,1,1,1,2,10,6,1,2,33,2,2,0
5,34,9,2011,4,1,1,2,2,1,2,1,1,1,1,4,1,2,14,1,1,1,33,2,2,0
6,34,10,2011,2,7,4,2,2,1,2,1,1,1,1,1,1,2,9,6,1,7,33,2,2,0
2,34,10,2011,3,1,1,2,2,1,1,1,1,1,1,2,1,2,14,6,1,1,33,2,2,1
2,33,9,2011,2,1,1,2,2,1,1,2,1,1,1,2,1,2,9,6,1,1,27,2,2,1
4,34,7,2011,2,1,1,2,2,1,1,1,1,1,1,1,1,2,8,6,1,1,45,2,2,0
1,34,4,2011,2,1,1,2,2,1,2,1,1,1,1,5,1,2,14,6,1,1,35,2,2,0
1,34,7,2011,4,1,2,2,2,1,2,1,1,1,1,5,1,1,10,6,1,1,33,2,2,1
1,64,6,2011,2,1,1,2,1,1,1,1,1,1,1,5,1,1,6,6,2,1,33,1,2,0
1,64,12,2011,4,5,6,2,2,1,3,2,1,1,1,5,1,1,8,6,2,1,33,1,2,0
5,64,8,2011,3,1,1,2,2,1,2,1,1,1,1,5,1,1,14,6,1,1,33,1,2,0
5,64,9,2011,3,3,5,2,1,1,1,1,1,1,1,5,1,1,14,6,1,1,40,1,2,0
5,64,11,2011,3,1,1,2,2,1,1,1,1,1,1,5,1,1,15,5,1,1,33,1,2,1
9,64,3,2011,3,2,1,2,1,1,1,1,1,1,1,5,1,1,16,4,1,1,47,1,2,0
8,64,1,2011,4,4,1,2,2,1,2,2,1,1,1,5,1,1,13,2,1,1,33,1,2,0
8,64,8,2011,1,1,1,2,2,1,3,2,1,1,1,5,1,1,8,2,1,1,30,1,2,1
10,64,1,2011,4,1,1,2,2,1,4,1,1,1,1,1,1,1,14,6,1,1,25,1,2,3
10,64,5,2011,2,5,6,2,2,1,1,1,5,1,1,1,1,1,6,6,1,1,40,1,2,1
10,64,6,2011,2,5,6,2,2,1,1,1,1,1,1,1,1,1,9,6,1,1,33,1,2,0
4,64,6,2011,4,1,1,2,2,1,3,1,1,1,1,5,1,1,9,6,1,1,33,1,2,0
4,64,11,2011,4,1,1,1,1,1,2,3,1,1,1,5,1,1,9,6,1,1,25,1,2,1
1,57,2,2011,2,1,1,2,1,1,1,1,1,1,1,1,1,2,4,6,1,1,40,2,2,0
2,59,3,2011,3,7,8,2,2,1,1,1,1,1,1,1,1,2,14,4,1,7,42,1,2,0
3,59,7,2011,2,7,8,2,2,1,1,1,2,1,1,4,1,2,17,11,1,1,43,1,2,0
4,66,12,2011,2,7,1,2,2,2,1,1,2,1,1,4,1,2,11,6,1,1,48,2,1,1
4,59,10,2011,3,1,8,1,2,1,1,1,1,1,1,5,1,2,14,2,1,7,33,2,2,0
2,65,11,2011,2,7,8,2,2,1,1,5,1,1,1,1,1,2,9,11,1,7,33,2,2,0
1,45,1,2011,2,1,1,2,2,1,1,1,1,1,1,1,1,2,14,5,1,7,33,2,2,0
6,45,1,2011,2,1,1,2,2,1,1,1,1,1,1,1,1,2,18,6,1,3,33,2,2,0
6,38,1,2011,3,1,1,2,2,1,1,1,1,1,1,1,1,2,9,6,1,3,33,2,2,0
6,38,1,2011,3,5,4,1,1,1,1,1,1,1,1,1,1,2,9,6,1,3,33,2,2,0
7,41,1,2011,2,1,1,2,2,1,1,1,1,1,1,1,1,1,9,5,1,3,33,2,2,0
7,44,1,2011,3,2,1,2,2,1,1,1,1,1,1,1,1,2,13,6,1,3,33,2,2,1
12,47,2,2011,2,1,1,2,2,1,1,1,1,1,1,1,1,2,14,9,1,1,28,2,2,0
2,36,2,2011,4,1,2,2,2,1,1,1,1,1,1,2,1,2,14,6,1,3,33,2,2,0
11,47,3,2011,3,1,1,2,2,1,1,1,1,1,1,3,1,2,8,6,1,3,25,2,2,0
12,47,3,2011,1,1,1,2,2,1,2,1,1,1,1,1,1,2,14,5,1,1,30,2,2,0
1,45,3,2011,3,1,1,2,2,1,1,1,1,1,1,1,1,2,9,6,1,1,33,2,2,0
1,40,2,2011,2,1,1,2,2,1,1,1,1,1,1,1,1,1,9,6,1,3,35,2,2,0
9,47,7,2011,4,1,1,2,2,1,4,1,1,1,1,1,1,2,9,6,1,3,35,2,2,1
12,47,7,2011,4,1,1,2,2,1,4,1,1,1,1,1,1,2,9,6,1,1,33,2,2,0
12,50,3,2011,3,2,1,2,2,1,1,1,1,1,1,1,1,2,9,6,1,1,40,2,2,0
4,39,7,2011,3,1,1,2,2,1,1,1,1,1,1,2,1,2,9,6,1,1,33,2,2,0
1,46,5,2011,1,1,1,2,2,1,4,1,1,1,1,2,1,2,6,10,1,7,30,2,2,0
6,46,1,2011,1,1,4,2,2,1,2,1,1,1,1,1,1,1,15,6,1,3,33,2,2,2
1,41,7,2011,1,1,1,2,2,1,2,1,1,1,1,1,1,2,8,2,1,1,41,2,2,0
5,41,8,2011,1,2,1,2,2,1,2,1,1,1,1,1,1,1,14,6,1,1,24,2,2,0
1,38,9,2011,3,3,1,2,2,1,1,1,1,1,1,1,1,1,9,6,1,3,30,2,2,0
5,44,9,2011,3,1,1,2,2,1,1,1,1,1,1,1,1,1,9,6,1,3,60,2,2,1
7,47,12,2011,4,1,1,2,2,1,2,1,1,1,1,1,1,2,9,6,1,3,29,2,2,3
11,47,12,2011,3,1,1,2,2,1,1,4,2,1,1,4,1,2,14,6,1,3,33,2,2,0
4,44,12,2011,2,1,1,2,2,1,1,1,1,1,1,5,1,1,14,6,1,3,33,2,2,0
5,41,8,2011,3,2,1,2,1,1,2,1,1,1,1,1,1,1,14,10,1,1,24,2,2,0
2,5,1,2011,2,1,1,2,2,4,2,1,5,1,1,1,1,1,7,5,1,1,38,2,2,0
12,47,10,2011,1,1,1,2,2,1,2,1,1,1,1,1,2,2,14,6,1,1,40,2,2,0
9,47,11,2011,3,1,1,2,2,1,1,1,1,1,1,1,1,2,9,6,1,1,35,2,2,0
12,42,1,2011,1,3,4,1,1,1,3,1,1,1,1,5,1,1,10,6,1,1,24,2,2,3
12,42,1,2011,4,1,4,1,1,1,3,1,1,1,1,5,1,1,9,6,1,7,32,1,2,3
23,42,8,2011,1,1,1,1,1,1,3,1,1,1,1,1,1,1,14,6,1,1,35,2,2,0
11,42,8,2011,1,1,8,1,1,1,1,1,1,1,1,5,1,1,10,6,1,1,35,2,2,3
9,42,7,2011,2,1,4,1,1,1,1,1,1,1,1,5,1,1,10,6,1,1,39,2,2,2
1,42,1,2011,4,5,4,2,2,1,3,2,1,1,1,5,1,1,10,2,1,1,22,2,2,2
4,69,4,2012,1,1,1,2,2,1,4,1,1,1,1,1,1,1,9,6,1,1,33,2,2,0
4,69,4,2012,3,4,1,2,2,1,1,1,1,1,1,1,1,2,14,11,1,1,33,2,2,3
1,69,12,2012,3,1,2,2,2,1,1,2,1,1,1,5,1,1,1,6,1,1,33,2,2,0
4,69,5,2012,4,1,1,2,2,1,4,1,1,1,1,1,1,2,16,6,1,1,45,2,2,0
2,34,1,2012,1,1,1,2,2,4,1,4,1,1,1,4,1,2,9,6,1,7,37,2,2,0
6,34,2,2012,1,7,1,2,2,1,1,2,1,2,3,1,2,1,19,6,1,1,33,2,2,0
6,34,2,2012,1,3,4,2,2,1,1,1,1,1,1,1,1,2,9,6,1,1,33,2,2,0
6,34,2,2012,3,1,1,2,2,1,1,1,1,1,1,1,1,2,14,6,1,1,28,2,2,1
10,34,3,2012,2,1,1,2,2,1,1,1,1,1,1,1,1,2,4,6,1,1,33,2,2,0
6,34,1,2012,3,1,4,2,2,1,1,1,1,1,1,1,1,2,9,5,1,1,33,2,2,0
10,34,3,2012,2,1,1,2,2,1,1,1,1,1,1,1,1,2,4,6,1,1,27,2,2,0
6,34,3,2012,2,1,1,2,2,1,1,2,1,1,1,4,1,2,9,6,1,3,28,2,2,0
2,34,4,2012,1,1,1,2,2,1,1,2,1,1,2,1,1,2,13,7,1,1,35,2,2,3
6,34,5,2012,3,1,1,2,2,1,1,1,1,1,1,1,1,2,4,6,1,1,33,2,2,1
6,34,7,2012,1,1,4,2,2,2,1,1,2,1,1,4,1,2,14,6,1,1,33,2,2,0
6,34,10,2012,3,1,1,2,2,1,1,1,1,1,1,1,1,2,9,6,1,1,33,2,2,0
6,31,6,2012,3,1,1,2,2,1,1,1,1,1,1,4,1,2,4,6,1,1,27,2,2,0
1,31,10,2012,4,1,1,2,2,1,3,1,1,1,1,4,1,1,19,6,1,1,17,2,2,0
2,31,6,2012,1,1,1,2,1,2,1,1,1,1,2,1,2,1,11,6,1,7,33,2,2,0
1,33,6,2012,2,7,1,2,2,1,1,2,1,1,1,5,1,1,4,1,1,1,30,2,2,1
1,33,6,2012,2,3,1,2,2,1,1,2,1,1,1,5,1,1,19,6,1,1,33,2,2,0
2,33,2,2012,3,1,1,2,2,1,1,1,1,1,1,3,1,2,9,2,1,1,33,2,2,3
2,33,11,2012,1,7,1,2,2,1,1,1,1,1,1,1,1,2,11,11,1,1,33,2,2,3
7,33,12,2012,2,1,1,2,2,1,1,1,1,1,1,4,1,2,4,6,1,3,35,2,2,1
5,33,3,2012,2,1,2,2,1,1,1,1,1,1,3,1,2,1,9,6,1,1,33,2,2,0
5,33,12,2012,3,7,8,1,2,1,1,1,1,1,1,3,1,2,9,6,1,1,33,2,2,0
1,27,1,2012,2,2,1,1,2,1,1,1,1,1,1,4,1,2,4,6,1,1,32,2,2,3
1,27,6,2012,2,7,1,1,2,1,2,1,1,1,1,2,1,2,14,6,1,1,24,2,2,0
2,27,2,2012,2,1,1,2,2,1,1,2,1,2,3,3,1,2,12,2,1,1,33,2,2,0
4,27,4,2012,1,2,1,2,2,1,1,1,1,1,1,4,1,2,9,6,1,1,33,2,2,0
4,27,7,2012,1,7,8,2,2,1,1,1,1,1,1,2,1,2,6,1,1,2,33,2,2,1
4,32,5,2012,2,1,1,2,2,1,1,1,1,1,1,1,1,2,4,6,1,1,33,2,2,0
4,32,11,2012,2,7,4,2,2,1,2,1,1,1,1,3,1,1,14,6,1,1,33,2,2,0
4,32,12,2012,2,7,4,2,2,1,2,1,1,1,1,3,1,2,14,6,1,1,35,2,2,0
3,32,1,2012,3,2,1,2,2,1,1,2,1,1,1,3,1,2,8,2,1,1,22,2,2,0
1,30,3,2012,1,1,6,2,2,1,1,1,1,1,1,1,1,2,8,6,1,7,33,2,2,0
1,30,6,2012,2,7,4,2,2,1,1,1,1,1,1,1,1,2,11,6,1,3,33,2,2,1
4,30,7,2012,3,1,1,2,2,1,1,3,1,1,1,3,1,1,12,6,1,1,25,2,2,0
5,30,2,2012,2,1,1,2,2,1,2,1,1,1,1,1,1,2,7,6,1,1,33,2,2,0
7,30,5,2012,3,4,1,2,2,1,1,2,1,1,2,2,1,2,9,6,1,1,27,2,2,0
4,64,8,2012,4,3,4,2,1,1,3,1,1,1,1,5,1,1,8,6,1,1,24,2,2,0
4,64,12,2012,3,1,1,2,2,1,1,1,1,1,1,5,1,1,10,10,1,1,29,2,1,2
9,64,4,2012,4,1,1,2,2,1,2,1,1,1,1,1,1,1,9,6,1,1,24,1,2,0
10,64,3,2012,2,5,4,2,2,1,1,1,1,1,1,5,1,1,9,6,1,1,40,1,2,0
2,64,10,2012,2,1,1,2,2,4,2,1,1,1,1,5,1,1,8,6,1,1,33,1,2,0
14,63,4,2012,3,1,1,2,2,1,1,1,1,1,1,1,1,1,14,6,1,1,33,2,2,0
14,63,3,2012,3,1,1,2,2,1,1,1,1,1,1,1,1,1,5,6,1,1,33,2,2,1
14,63,5,2012,3,1,1,2,2,1,1,1,1,1,1,1,1,2,14,6,2,1,33,2,2,1
14,63,2,2012,2,7,1,2,2,1,1,1,1,1,1,1,1,2,14,6,1,1,33,2,2,0
14,63,2,2012,3,7,1,2,2,1,1,1,1,1,1,1,1,2,14,6,1,1,0,2,2,0
14,63,4,2012,2,1,1,2,2,1,1,1,1,1,1,1,1,1,12,5,2,1,33,1,0,1
8,63,1,2012,2,1,1,2,2,1,1,4,1,2,1,1,2,1,14,2,1,7,33,1,2,2
8,63,2,2012,3,1,1,2,1,1,1,1,1,1,1,1,1,2,14,6,1,7,35,2,2,1
9,63,1,2012,2,1,2,1,2,1,1,1,1,1,1,1,2,2,12,4,1,7,33,2,2,0
9,63,1,2012,2,1,1,2,2,1,1,1,1,1,1,1,1,2,8,6,1,2,31,1,2,0
9,63,1,2012,3,7,1,2,2,1,1,2,1,1,1,1,1,2,10,6,1,2,33,1,0,0
9,63,4,2012,4,7,1,2,2,1,4,2,1,1,1,1,1,2,14,6,1,2,33,1,0,0
9,63,6,2012,3,1,1,2,2,1,1,2,5,1,1,1,1,2,9,5,1,7,33,2,2,1
9,63,6,2012,2,1,1,2,2,1,1,1,1,1,1,2,1,2,10,6,1,2,32,1,0,0
7,63,1,2012,5,7,2,2,2,1,2,2,1,1,1,1,1,2,9,6,1,1,33,2,2,0
6,63,4,2012,3,2,1,2,2,2,1,5,2,1,2,2,1,1,5,6,1,2,33,1,0,2
1,57,4,2012,3,7,1,2,2,1,1,1,1,1,1,1,1,2,9,11,1,1,28,1,2,0
9,57,5,2012,4,7,1,2,2,1,1,2,1,1,1,4,1,2,5,6,1,2,33,1,0,0
6,58,2,2012,3,2,2,2,2,1,1,1,1,1,1,1,1,2,14,2,1,2,33,1,0,0
1,57,4,2012,1,7,8,2,2,2,4,1,2,1,1,2,1,2,4,11,1,7,33,1,1,0
1,58,4,2012,3,7,2,1,1,1,1,1,1,1,1,2,1,2,14,6,1,1,32,2,0,0
14,58,5,2012,3,1,2,2,2,2,1,1,2,1,1,2,1,2,14,11,1,7,33,1,2,0
5,58,6,2012,4,2,1,1,1,1,1,1,1,1,1,1,1,2,12,6,1,2,24,2,2,0