Thana,District,Month,Year,Time,Junction_Type,Traffic_Control,Movement,Divider,Weather,Light,Road_Geometry,Surface_Condition,Surface_Type,Surface_Quality,Road_Class,Road_Feature,Location_Type,Vehicle_Type,Vehicle_Movement,Vehicle_Loading,Vehicle_Defect,Vehicle_Driver_Age,Vehicle_Alcohol,Vehicle_Seat_Belt,Accident_Severity
4,58,5,2012,2,2,1,1,2,1,1,2,1,1,1,2,1,2,10,6,1,2,33,1,0,1
6,58,1,2012,4,2,2,1,1,1,1,1,1,1,1,1,1,2,10,1,1,2,33,1,0,0
6,58,3,2012,4,2,2,1,1,1,1,1,1,1,1,1,1,2,10,2,1,2,33,1,0,0
6,58,3,2012,3,7,2,1,1,1,1,2,1,1,1,1,1,1,14,1,1,2,33,1,0,0
6,58,6,2012,4,2,2,1,2,1,4,1,1,1,1,1,1,2,9,6,1,2,33,1,0,0
7,58,1,2012,4,1,1,2,2,1,2,1,1,1,1,1,1,2,7,6,1,1,33,2,1,0
7,58,3,2012,2,1,1,2,2,1,2,1,1,1,1,1,1,2,14,6,1,1,33,2,2,0
7,58,5,2012,3,1,1,2,2,1,1,1,1,1,1,1,1,2,9,5,1,1,33,1,0,0
7,65,1,2012,3,1,4,2,1,1,1,4,1,1,1,2,1,2,14,7,2,6,33,1,2,0
7,65,2,2012,3,3,4,2,1,1,1,1,1,1,2,2,1,1,2,11,1,7,33,2,2,0
5,65,4,2012,2,7,2,1,1,1,1,1,1,1,1,1,1,2,5,11,1,7,36,2,2,1
2,65,7,2012,4,1,8,2,2,2,4,1,2,1,1,2,1,1,14,6,1,7,33,1,0,1
3,59,3,2012,3,1,1,2,2,1,1,1,1,1,1,2,1,2,13,11,1,1,25,1,0,0
1,62,4,2012,1,7,1,2,2,1,3,2,1,1,1,2,1,1,9,6,1,1,33,1,0,3
1,60,3,2012,3,7,1,2,2,1,1,1,1,1,1,4,1,2,10,6,1,2,33,1,0,0
1,60,6,2012,3,7,1,2,1,1,1,1,1,1,1,1,1,1,10,6,1,2,33,1,0,0
3,59,3,2012,3,1,1,2,2,1,1,1,1,1,1,2,1,2,5,3,1,7,33,1,0,0
1,59,9,2012,4,7,1,2,2,1,2,1,1,1,1,2,1,2,17,11,1,7,33,1,2,0
1,59,10,2012,3,7,1,2,2,1,1,1,1,1,1,2,1,2,12,6,1,1,33,2,2,1
1,59,11,2012,3,3,1,2,1,1,1,1,1,1,1,2,1,2,9,11,1,7,33,1,0,0
5,59,11,2012,3,7,1,2,2,1,1,2,1,1,1,3,1,2,16,11,1,1,33,1,1,0
3,59,12,2012,3,3,1,2,2,1,2,2,1,1,1,3,1,2,5,2,1,1,33,1,0,0
8,59,9,2012,3,7,1,2,2,1,1,1,1,1,1,1,1,1,17,6,2,1,22,2,2,0
9,57,8,2012,3,7,1,2,1,1,1,2,1,1,1,1,1,2,14,6,1,1,35,2,2,0
3,58,9,2012,3,7,1,2,2,1,1,1,1,3,1,1,1,1,17,6,2,7,33,2,2,1
6,58,6,2012,2,2,1,1,1,1,1,1,1,1,1,1,1,2,16,11,1,7,33,1,0,0
6,58,3,2012,2,7,2,1,2,1,4,1,1,1,1,1,1,2,9,5,1,2,33,1,0,0
7,57,12,2012,1,7,1,1,2,1,1,1,1,1,1,2,1,2,6,6,1,1,25,1,2,0
6,57,8,2012,3,1,1,2,2,1,1,1,1,1,1,2,1,1,7,6,1,1,33,2,2,3
9,63,1,2012,2,1,1,2,2,1,1,1,1,1,1,2,1,2,8,6,1,1,31,2,2,0
8,63,3,2012,1,1,1,2,2,1,4,1,1,1,2,1,1,2,9,5,1,1,36,2,2,1
9,63,3,2012,3,1,1,2,2,1,1,1,1,1,1,1,1,1,4,6,1,2,33,2,2,0
9,63,2,2012,2,1,1,2,2,1,1,1,1,1,1,2,1,2,11,5,2,2,35,2,2,0
6,57,1,2012,4,1,4,2,2,1,2,1,1,1,1,3,1,2,4,6,1,1,33,2,2,0
5,58,8,2012,3,1,1,2,2,2,1,1,2,1,1,1,1,2,14,6,1,1,33,2,2,0
1,57,9,2012,3,4,1,2,2,1,1,1,1,1,1,4,1,1,4,6,1,1,21,2,2,1
2,65,12,2012,4,1,1,2,2,1,3,1,1,1,1,2,1,2,8,2,1,1,46,2,2,0
8,59,1,2012,3,1,1,2,2,1,1,2,1,1,1,2,1,2,1,4,1,1,33,2,1,0
7,18,4,2012,2,1,8,2,2,1,1,1,1,1,2,1,1,2,9,6,2,7,1,2,2,0
5,46,5,2012,2,2,1,2,2,1,1,1,1,1,1,1,1,1,14,1,1,2,33,2,2,0
1,46,5,2012,2,4,1,2,2,1,1,1,1,1,1,1,1,1,14,6,1,1,33,2,2,0
1,49,5,2012,4,7,8,2,2,1,1,1,1,1,1,1,2,1,19,11,1,7,25,2,2,0
1,45,5,2012,3,1,1,2,1,1,1,1,1,1,1,1,2,1,9,11,1,7,33,2,2,0
6,45,5,2012,3,1,1,2,2,1,1,1,1,1,1,1,1,1,9,6,1,7,33,2,2,0
1,45,7,2012,2,1,1,2,2,2,1,2,1,2,1,2,1,2,14,6,1,7,33,2,2,0
5,45,6,2012,3,1,8,2,1,1,1,1,1,1,1,1,2,1,14,11,2,1,33,2,2,0
12,47,6,2012,2,1,7,2,2,1,2,2,1,2,2,2,1,2,12,3,2,7,35,2,2,1
3,45,9,2012,4,1,1,2,2,1,3,1,1,1,1,2,3,1,5,11,1,4,33,2,1,1
1,45,8,2012,3,1,1,2,2,1,1,1,1,2,1,1,1,2,9,6,1,7,33,1,2,0
1,45,8,2012,1,1,1,2,2,1,1,1,1,1,1,1,1,2,14,6,1,7,33,2,2,0
5,45,8,2012,1,1,1,1,2,1,1,1,1,1,1,2,1,1,14,6,1,7,33,1,2,0
6,45,8,2012,2,1,1,2,2,1,1,1,2,1,1,2,1,2,9,6,1,7,33,2,2,1
9,47,8,2012,2,1,1,2,2,2,1,1,1,2,1,2,1,2,9,5,2,1,33,2,2,0
12,47,8,2012,3,7,1,1,2,1,1,1,1,2,1,1,5,1,6,6,1,2,33,1,2,0
12,47,8,2012,1,7,1,1,2,1,1,2,1,1,2,2,1,1,7,6,1,6,33,2,2,0
1,39,7,2012,2,3,1,2,2,1,1,1,2,1,1,1,1,1,4,9,1,1,30,2,2,1
1,47,12,2012,3,1,8,2,2,1,1,1,1,1,1,1,1,1,9,11,2,7,33,2,2,0
12,47,12,2012,3,1,1,2,2,1,1,1,1,1,1,1,1,2,14,6,1,7,33,2,2,1
12,47,12,2012,1,7,1,2,2,4,4,1,2,1,1,1,2,1,14,5,1,1,33,2,2,0
2,43,9,2012,4,1,1,1,2,1,1,3,1,1,1,3,2,2,9,5,2,7,33,2,2,0
3,45,11,2012,3,1,1,1,1,1,1,1,1,1,1,2,1,2,9,5,1,7,33,2,2,0
3,45,11,2012,2,1,1,2,2,1,1,1,1,1,1,2,1,2,9,11,1,7,33,2,2,0
4,49,11,2012,3,1,1,2,2,4,2,1,1,1,1,3,1,2,14,5,1,7,33,2,2,0
7,38,11,2012,3,1,1,2,2,1,1,1,1,1,2,2,4,2,8,6,1,7,33,2,2,0
5,46,8,2012,3,1,1,2,2,1,1,1,1,1,1,1,1,1,2,6,2,7,33,1,2,0
1,49,9,2012,2,1,1,2,2,2,1,1,2,1,1,1,1,2,9,11,2,7,33,1,2,0
4,35,6,2012,2,1,1,2,2,1,1,1,1,1,1,1,1,2,4,5,1,7,33,1,2,1
1,40,8,2012,4,1,1,2,2,1,4,5,1,1,1,1,5,2,14,11,2,7,33,1,2,0
1,40,9,2012,4,1,1,2,2,1,4,1,1,1,1,1,1,2,9,1,2,7,33,2,2,0
6,40,9,2012,4,1,1,2,2,1,1,1,1,1,1,1,1,2,7,3,2,7,33,2,2,0
1,50,12,2012,3,7,1,2,2,1,1,1,1,1,1,5,1,2,14,4,1,1,33,2,2,0
12,50,4,2012,2,1,1,2,2,1,1,1,1,1,1,1,1,2,9,6,1,7,33,2,2,0
2,50,11,2012,2,1,1,2,2,1,2,1,1,1,1,1,1,2,9,6,1,1,33,2,2,0
8,50,1,2012,3,1,1,2,2,1,1,1,1,1,1,1,1,2,14,11,1,1,33,2,2,0
8,50,2,2012,3,1,1,2,2,1,1,1,1,1,1,1,1,2,14,5,1,1,33,2,2,0
4,49,11,2012,3,1,1,2,2,4,2,1,1,1,1,3,1,2,14,5,1,7,33,2,2,0
12,47,5,2012,1,1,1,2,2,1,2,1,1,2,1,1,2,1,19,6,2,1,33,2,2,0
1,45,8,2012,1,1,1,2,2,1,3,1,1,1,1,1,1,1,14,6,1,1,33,2,2,1
2,45,8,2012,2,1,1,2,2,1,1,1,1,1,1,1,2,1,9,6,1,1,33,1,2,0
2,45,12,2012,3,1,1,2,2,1,1,1,1,1,1,1,1,1,7,6,1,7,33,1,2,1
4,37,5,2012,3,1,1,1,1,4,1,2,1,1,1,2,1,1,10,6,1,2,35,2,2,0
1,51,2,2012,2,1,1,2,2,1,1,1,1,1,1,2,1,2,7,4,1,1,30,2,2,0
1,51,3,2012,3,1,1,2,2,1,1,2,2,1,1,2,2,1,9,6,1,1,33,2,2,0
6,51,2,2012,2,1,1,2,2,1,4,1,1,2,3,1,2,1,4,6,1,7,45,2,2,0
4,39,1,2012,3,1,1,1,1,1,1,1,1,1,1,1,1,1,10,2,1,1,18,1,1,0
1,45,1,2012,4,2,1,2,1,1,1,1,1,1,1,1,1,1,14,3,1,1,33,2,2,0
4,38,1,2012,3,1,2,2,2,1,1,1,1,1,1,4,1,2,19,11,2,7,33,2,2,3
6,40,1,2012,2,2,1,2,2,1,1,1,1,1,1,4,1,1,12,5,1,7,52,2,2,0
3,40,1,2012,3,2,1,2,2,1,1,1,1,1,1,2,1,2,4,11,2,7,33,2,2,1
1,49,2,2012,3,1,2,2,2,1,1,1,1,1,1,2,1,1,9,6,1,1,33,1,2,0
7,47,2,2012,4,7,1,1,2,1,4,2,1,1,2,4,1,2,14,6,1,6,35,2,2,0
12,47,2,2012,3,7,1,1,2,1,1,1,1,1,1,1,1,1,1,5,2,6,45,2,2,2
10,47,3,2012,2,7,8,2,2,1,2,1,2,1,1,4,1,2,17,6,2,7,33,2,2,0
3,38,4,2012,2,1,1,2,2,1,1,1,1,1,1,1,1,2,14,9,1,1,33,2,2,0
4,35,3,2012,2,1,1,2,2,1,1,1,1,1,1,1,1,1,19,2,1,1,33,2,2,0
7,37,1,2012,3,1,1,2,2,1,1,1,1,1,1,2,1,2,9,11,1,1,41,2,2,0
1,51,2,2012,2,2,1,2,2,1,1,1,1,1,1,1,1,2,7,4,1,1,30,2,2,0
1,51,3,2012,3,1,4,2,2,1,3,1,2,2,1,1,1,1,9,11,2,2,33,2,2,0
2,42,2,2012,1,1,1,1,1,1,2,1,1,1,1,5,1,1,14,6,1,1,42,1,2,0
3,42,1,2012,3,7,1,2,2,2,1,1,1,1,1,5,1,1,13,6,1,1,23,2,2,0
27,42,2,2012,2,2,1,1,1,1,3,1,1,1,1,5,1,1,9,6,1,1,22,2,2,0
40,42,2,2012,3,1,4,1,1,1,1,1,1,1,1,5,1,1,9,6,1,1,42,2,2,0
18,42,1,2012,1,1,1,2,2,1,3,1,1,1,1,5,1,1,19,6,1,7,33,1,2,0
12,42,2,2012,2,3,4,1,1,1,1,1,1,1,1,5,1,1,9,6,1,1,42,2,2,0
34,42,1,2012,2,1,1,1,1,1,1,1,1,1,1,5,1,1,9,6,1,1,42,2,2,2
22,42,1,2012,4,1,4,1,1,1,3,1,1,1,1,1,1,1,9,6,1,1,40,2,2,0
15,42,1,2012,1,3,1,2,2,1,2,4,1,1,1,5,1,1,14,6,1,1,42,2,2,0
15,42,1,2012,4,1,1,1,1,1,3,1,1,1,1,5,1,1,13,6,1,1,40,2,2,2
15,42,1,2012,3,3,1,2,2,1,1,1,1,1,1,5,1,1,8,6,1,1,18,2,2,1
20,42,4,2012,1,1,1,2,2,1,4,3,1,1,1,3,1,1,14,6,1,1,42,2,2,0
24,42,4,2012,3,1,1,2,2,1,1,1,1,1,1,1,1,1,10,6,1,1,30,1,2,1
32,42,5,2012,3,3,1,1,1,1,1,1,1,1,1,5,1,1,8,6,1,1,40,2,2,1
25,42,3,2012,2,1,1,2,2,1,1,1,1,1,1,5,1,1,9,6,1,1,38,2,2,0
1,42,1,2012,2,3,4,1,1,1,1,1,1,1,1,5,1,1,9,6,1,1,38,2,2,0
1,42,1,2012,4,1,1,1,1,1,1,1,1,1,1,5,1,1,9,6,1,1,28,2,2,0
1,42,3,2012,1,1,1,1,1,1,3,1,1,1,1,5,1,1,7,6,1,1,32,2,2,0
9,42,6,2012,2,1,1,1,1,1,1,1,1,1,1,5,1,1,11,6,1,1,45,2,2,2
33,42,5,2012,4,1,1,1,1,1,3,1,1,1,1,1,1,1,14,6,1,1,45,2,2,2
14,42,2,2012,1,1,4,2,2,1,2,1,1,1,1,1,1,1,9,6,1,1,40,2,2,0
14,42,5,2012,4,1,4,1,1,1,1,1,1,1,1,1,1,1,14,6,1,1,42,1,2,0
14,42,5,2012,4,3,1,2,2,1,3,1,1,1,1,5,1,1,10,6,1,1,32,2,2,1
34,42,8,2012,3,3,1,1,1,1,1,5,1,1,1,1,1,1,13,6,1,1,38,2,2,0
11,42,7,2012,1,4,1,1,1,1,3,1,1,1,1,5,1,1,14,6,1,1,22,2,2,0
1,42,5,2012,3,1,1,1,1,1,1,1,1,1,1,5,1,1,10,6,1,1,25,2,2,0
1,42,6,2012,2,1,1,1,1,1,2,1,1,1,1,1,5,1,9,6,1,1,25,2,2,0
36,42,7,2012,1,1,1,2,2,1,2,1,1,1,1,3,1,1,14,6,1,1,37,2,2,0
15,42,8,2012,4,1,8,1,1,2,1,1,1,1,1,5,1,1,6,6,1,1,39,2,2,0
8,42,7,2012,4,2,6,1,1,1,3,1,1,1,1,5,1,1,9,6,1,1,40,2,2,0
8,42,8,2012,2,3,4,1,1,1,3,1,1,1,1,5,1,1,10,6,1,1,35,2,2,1
12,42,7,2012,2,2,1,2,2,1,1,1,1,1,1,5,1,1,8,6,1,1,28,2,2,1
14,42,6,2012,1,1,4,1,1,1,1,1,1,1,1,1,1,1,7,6,1,1,32,1,2,0
46,42,6,2012,2,1,1,2,2,1,1,1,1,1,1,5,1,1,14,6,1,1,37,2,2,0
25,42,8,2012,3,1,1,1,1,1,1,1,1,1,1,5,1,1,5,6,1,1,32,2,2,0
42,42,4,2012,2,3,4,1,2,1,1,1,1,1,1,1,1,1,7,6,1,1,32,2,2,0
42,42,5,2012,1,2,1,1,1,1,3,1,1,1,1,1,1,1,14,6,1,1,42,1,2,0
33,42,8,2012,2,1,8,1,2,1,1,1,1,1,1,1,1,1,8,6,1,1,35,2,2,3
14,42,1,2012,3,2,4,1,1,1,1,1,1,1,1,1,1,1,8,6,1,1,30,1,2,3
34,42,11,2012,2,7,8,2,1,1,1,1,1,1,1,1,1,1,4,1,1,7,28,2,1,1
34,42,9,2012,4,1,1,2,1,1,3,1,1,1,1,5,1,1,4,7,2,7,19,1,2,0
22,42,10,2012,3,2,8,1,1,1,1,1,1,1,1,5,1,1,9,4,1,1,40,2,2,0
25,42,9,2012,2,1,1,1,1,1,1,1,1,1,1,5,1,1,8,6,1,1,35,1,2,3
25,42,9,2012,4,1,1,2,2,1,4,1,1,1,2,5,1,1,12,6,1,1,30,1,2,3
40,42,9,2012,2,1,1,1,1,1,1,1,1,1,1,5,1,1,9,6,1,7,35,1,2,0
40,42,9,2012,4,1,1,1,1,1,3,1,1,1,1,5,1,1,9,5,1,1,35,1,2,0
12,42,6,2012,2,2,4,1,1,1,2,1,1,1,1,5,1,1,9,6,1,1,35,2,2,0
10,42,8,2012,4,1,1,2,2,1,3,1,1,1,1,5,1,1,10,6,1,1,28,2,2,0
11,42,11,2012,3,1,4,2,1,1,1,1,1,1,1,5,1,1,1,6,1,1,18,2,2,1
36,42,12,2012,3,2,8,2,1,1,1,1,1,1,1,1,1,1,4,6,1,1,45,2,2,1
46,42,6,2012,2,1,8,2,2,1,1,1,1,1,1,5,1,1,9,6,1,1,30,2,2,0
46,42,12,2012,3,1,8,2,2,1,1,1,1,1,1,5,1,1,5,6,1,1,28,2,2,0
5,42,12,2012,2,1,1,2,2,1,1,4,1,1,1,5,1,1,9,6,1,1,35,2,2,0
8,42,12,2012,3,2,6,2,1,1,2,1,1,1,1,5,1,1,10,6,1,1,25,2,2,2
8,42,12,2012,2,3,8,2,1,1,1,1,1,1,1,5,1,1,10,10,1,1,25,2,2,1
15,42,12,2012,2,3,1,2,2,1,1,1,1,1,1,5,1,1,1,6,1,1,21,2,2,1
39,42,2,2012,3,1,4,2,1,1,1,1,1,1,1,5,1,1,9,1,1,1,33,2,2,0
39,42,9,2012,2,1,1,2,1,1,1,1,1,1,1,5,1,1,9,5,1,1,35,1,2,0
39,42,9,2012,4,1,1,2,1,1,3,1,1,2,1,5,1,1,9,5,1,1,35,1,2,0
10,42,2,2012,1,1,1,2,2,1,2,1,1,1,1,5,1,1,5,6,1,1,43,2,2,0
34,42,6,2012,4,1,1,2,1,1,3,1,1,1,1,5,1,1,14,6,1,1,35,2,2,0
4,26,1,2012,2,1,1,2,2,1,1,1,1,1,1,2,1,2,14,6,2,3,52,1,2,0
4,26,7,2012,2,1,1,2,1,1,1,2,1,1,1,3,1,2,9,6,2,3,33,1,0,0
4,26,10,2012,2,1,1,2,2,1,1,1,1,2,1,2,1,2,9,6,1,1,42,1,2,0
5,26,1,2012,2,1,1,2,2,1,1,1,1,1,1,1,1,2,10,6,1,7,35,1,2,1
5,26,3,2012,3,1,1,2,2,1,1,1,1,1,1,1,1,2,10,6,2,7,38,1,2,0
7,26,9,2012,2,1,1,2,2,1,1,1,1,1,1,2,1,2,9,6,1,1,40,1,2,1
8,26,7,2012,3,1,1,2,2,2,1,2,1,1,1,2,1,2,14,6,1,3,33,1,2,1
9,26,10,2012,2,1,8,2,2,1,1,2,1,1,1,4,4,2,12,6,1,7,25,1,2,2
1,21,6,2012,2,1,1,2,2,1,1,1,1,1,1,2,1,2,8,6,1,1,40,1,2,1
1,21,6,2012,4,1,1,2,2,1,2,1,1,1,1,2,1,2,4,6,2,7,35,1,2,0
3,21,2,2012,2,1,1,2,2,1,1,1,1,1,1,1,1,2,14,6,2,7,20,1,2,0
2,1,6,2012,3,1,8,2,2,1,1,1,1,1,2,1,1,1,14,6,1,1,32,1,2,1
2,21,8,2012,3,1,1,2,2,1,1,2,1,2,2,4,1,2,4,6,2,7,33,1,2,1
5,21,10,2012,2,1,1,2,2,1,1,1,1,1,1,4,1,2,14,6,1,1,30,1,2,0
3,29,5,2012,3,1,1,2,2,2,1,2,2,1,1,1,1,2,12,1,2,3,30,1,2,0
4,29,7,2012,2,3,8,2,2,1,1,1,1,1,1,1,1,2,9,5,2,7,33,1,2,1
2,23,7,2012,4,2,8,2,2,1,4,1,5,1,1,2,1,2,6,6,1,2,23,1,2,1
1,22,5,2012,2,1,1,2,2,1,1,1,1,1,1,1,1,2,14,6,2,1,33,1,2,0
2,25,9,2012,2,1,1,2,2,1,1,1,1,1,1,3,1,2,12,6,1,6,33,1,2,0
3,25,3,2012,3,1,1,2,2,1,1,1,1,1,1,2,1,2,12,6,2,7,33,1,2,1
3,25,3,2012,2,1,1,2,2,1,1,1,1,1,1,2,1,2,9,6,2,7,33,1,2,0
4,25,11,2012,4,1,8,2,2,1,1,1,1,1,1,2,1,2,14,6,1,7,32,1,2,0
6,25,3,2012,3,1,1,1,1,1,1,1,1,1,1,3,1,1,4,6,2,7,32,1,2,0
8,25,7,2012,2,1,1,2,2,1,1,1,1,1,1,2,1,2,9,6,1,7,34,1,2,0
2,19,9,2012,2,1,1,2,2,1,1,1,1,1,1,2,1,2,9,6,1,6,32,1,2,0
1,20,1,2012,3,1,1,2,2,1,1,1,1,1,1,2,1,2,9,6,1,3,33,1,2,1
2,20,12,2012,3,7,1,2,2,1,2,2,1,1,1,2,1,2,17,6,1,7,30,1,2,0
3,20,2,2012,3,7,8,2,2,1,1,1,1,1,1,3,1,2,14,6,2,7,43,1,2,1
1,24,4,2012,3,1,1,2,2,4,1,2,1,2,2,3,1,2,4,6,2,7,33,1,2,1
1,24,5,2012,3,1,1,2,2,1,1,1,1,1,1,1,1,2,14,6,2,7,33,1,2,0
1,24,8,2012,3,1,1,2,2,1,1,1,1,1,1,2,1,2,14,6,2,7,33,1,2,0
1,24,9,2012,2,1,1,2,2,1,1,1,1,1,1,1,1,2,9,6,2,7,33,1,2,0
1,24,12,2012,2,2,4,2,2,1,1,1,1,1,1,1,1,1,14,6,2,7,33,1,2,0
1,24,12,2012,3,1,1,2,2,1,1,2,1,1,1,5,1,1,14,6,2,7,33,1,2,0
1,24,10,2012,2,1,1,2,2,1,2,1,1,1,1,1,1,2,14,6,2,7,33,1,2,0
3,24,10,2012,2,1,1,2,1,1,1,1,1,1,1,1,1,2,8,6,1,3,33,1,2,0
3,24,12,2012,2,1,1,2,1,2,1,1,1,1,1,3,1,2,4,6,1,7,35,1,2,1
2,1,4,2012,2,1,1,2,2,1,1,1,1,1,1,1,1,2,9,6,2,7,30,1,2,0
5,24,7,2012,3,1,1,2,2,1,1,1,1,1,1,1,1,2,14,6,2,7,33,1,2,0
6,24,6,2012,2,1,1,2,2,1,2,1,1,1,1,2,1,2,14,6,1,7,36,1,2,0
9,24,2,2012,3,1,1,1,2,1,1,1,1,1,1,1,1,1,9,6,1,7,33,1,2,0
1,18,4,2012,1,1,1,2,2,1,1,1,1,1,1,1,1,2,14,6,1,7,33,1,2,0
1,18,5,2012,3,7,1,2,2,1,1,1,1,1,1,4,1,2,1,6,1,7,33,1,2,0
1,18,10,2012,3,1,1,2,2,1,1,1,1,1,1,5,1,2,14,6,1,7,33,1,2,0
1,18,12,2012,3,1,1,2,2,1,1,1,1,1,1,1,1,2,9,6,1,7,33,1,2,0
2,18,10,2012,3,7,8,2,2,1,1,1,1,1,1,3,1,2,9,6,1,7,27,1,2,0
2,18,10,2012,2,7,1,2,2,1,1,1,1,1,1,3,1,2,4,6,1,7,33,1,2,0
3,18,12,2012,3,7,1,2,2,1,2,1,1,1,1,4,1,2,4,6,1,7,30,1,2,0
5,18,3,2012,2,7,8,1,2,1,1,2,1,1,1,3,1,2,4,6,1,7,25,1,2,0
7,18,6,2012,4,1,1,2,2,1,1,1,1,1,1,1,1,2,9,6,2,3,33,1,2,0
7,29,6,2012,2,1,1,2,2,1,1,1,1,1,1,2,1,2,9,6,2,3,33,1,2,0
8,26,3,2012,4,1,2,1,1,1,3,1,1,1,1,1,1,2,6,7,1,3,33,1,2,0
5,24,4,2012,2,1,1,2,2,1,1,1,1,1,1,1,1,2,4,6,2,1,33,1,2,0
4,21,6,2012,3,1,1,2,2,1,1,1,1,1,2,3,1,1,14,6,1,1,32,1,2,0
5,21,8,2012,3,1,1,2,2,1,1,2,1,2,2,4,1,2,13,6,2,1,33,1,2,1
6,13,1,2012,2,1,1,2,2,4,2,1,1,1,1,2,1,2,14,6,1,1,33,1,2,0
8,13,1,2012,2,4,1,1,2,1,1,2,2,1,1,1,1,2,17,6,1,1,59,2,2,0
8,13,2,2012,3,1,2,2,2,1,1,1,1,1,1,5,1,2,14,6,1,1,33,2,2,0
2,13,3,2012,3,1,1,2,2,1,1,1,1,1,2,4,1,2,9,6,1,1,28,2,2,0
8,13,4,2012,3,1,1,2,2,1,1,1,1,1,1,1,1,2,14,6,1,1,33,2,2,0
9,13,4,2012,3,1,1,2,2,1,1,1,1,1,1,3,1,2,19,6,1,1,33,2,2,0
8,13,5,2012,3,1,1,2,2,1,1,1,1,1,1,3,1,2,17,1,1,1,32,2,2,0
7,17,12,2012,2,2,4,2,1,1,1,2,1,1,1,1,2,2,14,4,1,1,33,2,2,0
7,17,7,2012,3,1,4,2,1,1,1,1,1,1,1,1,1,2,4,11,1,1,33,1,0,0
7,17,7,2012,3,1,4,1,1,2,1,1,1,1,1,1,1,2,6,11,1,1,33,2,2,0
7,17,5,2012,4,1,4,1,1,1,3,1,1,1,1,1,1,2,4,6,1,1,35,1,2,0
2,17,5,2012,3,1,1,1,1,1,1,2,1,1,1,4,1,2,6,1,1,1,22,2,2,0
8,17,2,2012,2,1,1,2,2,1,1,1,2,1,1,1,1,2,5,6,1,3,50,2,2,0
7,17,2,2012,3,1,1,2,2,1,1,1,1,1,1,1,1,2,9,4,1,1,33,2,2,0
5,17,1,2012,3,1,1,2,2,1,1,1,1,1,1,2,1,2,16,6,1,1,33,1,2,0
3,10,4,2012,2,1,1,2,2,1,1,1,1,1,1,1,1,2,7,5,1,7,33,2,2,2
3,10,2,2012,3,1,1,2,2,1,1,1,1,1,1,1,1,2,14,6,1,1,33,1,2,0
7,11,9,2012,2,1,1,2,2,1,1,1,1,1,1,3,1,2,9,5,1,1,30,1,2,1
5,11,10,2012,2,4,1,2,2,1,3,2,1,1,1,3,1,2,9,6,1,7,45,2,2,0
8,11,12,2012,3,2,1,2,2,1,1,1,1,1,1,5,1,2,8,4,1,1,33,2,2,0
7,11,12,2012,3,1,1,2,2,1,2,1,1,1,1,1,1,2,9,6,1,1,42,2,2,0
6,11,12,2012,2,3,1,2,2,1,1,1,1,1,1,3,1,2,14,6,1,1,33,2,2,0
11,11,10,2012,2,3,1,2,2,1,1,1,1,1,1,3,1,2,9,6,1,1,33,2,2,0
5,11,7,2012,2,1,1,2,2,1,1,1,1,1,1,1,1,2,12,6,1,1,25,2,2,0
5,11,7,2012,3,1,1,2,2,1,1,1,1,1,1,2,1,2,9,6,1,1,40,2,2,1
1,15,8,2012,3,1,1,2,2,1,1,1,1,1,1,1,1,1,9,5,1,7,33,2,2,0
3,15,4,2012,2,1,1,2,2,1,2,1,1,1,1,1,1,2,12,6,1,7,33,2,2,0
3,15,6,2012,2,1,1,2,2,1,1,1,1,1,1,1,1,2,13,6,1,1,23,2,2,0
3,15,8,2012,2,1,1,2,2,1,1,1,1,1,1,1,1,2,9,6,1,1,25,2,2,0
1,15,3,2012,3,3,1,1,2,1,1,1,1,1,1,1,1,1,8,6,1,1,33,2,2,0
1,15,3,2012,1,3,1,1,2,1,1,1,1,1,1,1,1,1,1,6,1,1,33,2,2,0
1,15,9,2012,2,3,1,1,2,1,1,1,1,1,1,1,1,1,14,6,1,1,33,2,2,3
1,15,10,2012,1,1,1,1,2,1,4,1,1,1,1,1,1,2,9,6,1,1,33,2,2,0
1,15,12,2012,1,1,1,2,2,4,4,1,1,1,1,1,1,2,9,4,1,1,33,2,2,2
3,15,9,2012,1,1,1,1,2,1,2,1,1,1,1,1,1,2,14,6,1,1,33,2,2,0
12,9,1,2012,2,1,1,2,2,1,1,1,1,1,1,1,1,2,9,5,1,1,33,2,2,3
12,9,11,2012,3,1,1,2,2,1,2,1,1,1,1,1,1,2,5,6,1,1,42,2,2,1
5,9,2,2012,1,1,1,2,2,1,1,1,1,1,1,4,1,2,17,1,1,7,33,2,2,0
4,9,4,2012,1,1,4,2,2,1,4,1,1,1,1,1,1,1,19,6,1,1,33,2,2,1
8,9,5,2012,4,1,8,1,2,1,3,1,1,1,1,2,1,2,5,6,1,1,33,2,2,0
6,9,5,2012,3,1,1,1,2,1,1,1,1,1,1,1,1,2,9,6,1,7,38,2,2,0
8,9,5,2012,2,1,1,1,2,1,1,1,1,1,1,4,1,2,13,11,2,7,32,2,2,0
10,9,6,2012,2,7,1,1,2,1,1,1,1,1,1,1,1,2,12,6,1,1,35,2,2,0
12,9,7,2012,2,7,1,2,2,1,1,1,2,1,1,1,1,2,13,6,1,1,33,2,2,0
12,9,9,2012,3,1,1,2,2,1,1,1,1,1,3,1,1,2,8,6,1,1,28,2,2,1
4,9,11,2012,3,1,1,1,2,1,1,1,1,1,1,1,1,1,14,2,1,1,27,1,2,3