Thana,District,Month,Year,Time,Junction_Type,Traffic_Control,Movement,Divider,Weather,Light,Road_Geometry,Surface_Condition,Surface_Type,Surface_Quality,Road_Class,Road_Feature,Location_Type,Vehicle_Type,Vehicle_Movement,Vehicle_Loading,Vehicle_Defect,Vehicle_Driver_Age,Vehicle_Alcohol,Vehicle_Seat_Belt,Accident_Severity
10,9,11,2012,3,1,4,2,2,1,1,1,1,1,1,1,1,1,9,10,1,1,35,1,2,3
10,9,12,2012,3,3,1,2,2,1,1,2,1,1,1,1,1,2,14,6,1,7,38,2,2,0
10,9,12,2012,3,1,1,1,2,1,1,1,1,1,1,1,5,2,9,6,2,7,33,1,2,0
1,9,3,2012,4,1,1,2,2,1,4,1,1,1,1,1,1,2,14,11,1,1,23,2,2,3
1,9,3,2012,3,1,1,1,2,1,1,1,1,1,1,1,1,2,5,6,1,1,40,1,2,0
10,9,3,2012,3,1,1,2,2,1,1,1,1,1,1,1,1,1,9,6,1,1,33,2,2,0
1,12,4,2012,2,2,4,1,2,1,1,1,1,1,1,1,1,1,9,2,1,1,33,2,2,0
3,12,4,2012,2,1,1,2,2,1,1,1,1,1,1,2,1,2,19,6,2,1,30,2,2,0
5,12,5,2012,3,1,1,2,2,1,1,1,1,1,1,2,1,2,8,6,1,1,33,2,2,0
5,12,7,2012,2,1,1,2,2,1,1,1,1,1,1,2,1,2,14,6,1,1,33,1,2,0
1,12,8,2012,3,1,3,1,2,1,1,1,1,1,1,1,1,2,2,6,1,1,33,2,2,1
5,12,8,2012,4,1,1,2,2,1,4,1,1,1,1,1,1,2,14,5,1,1,40,2,2,0
5,12,10,2012,2,4,7,2,2,1,1,1,1,1,1,1,1,2,14,9,1,1,25,2,2,0
3,12,12,2012,2,7,8,1,2,4,2,1,1,1,1,4,1,2,14,6,2,1,33,2,2,0
1,13,10,2012,3,1,8,2,2,1,1,2,1,1,1,2,1,2,14,6,1,1,33,1,2,0
2,13,10,2012,4,3,1,2,2,1,1,2,1,1,1,2,1,2,8,6,1,1,38,2,2,0
8,13,11,2012,3,1,1,2,2,1,1,1,1,1,1,1,1,1,17,6,1,1,50,2,2,1
2,13,11,2012,3,1,1,2,2,1,1,1,1,1,1,3,1,2,6,6,2,7,25,2,2,0
8,13,12,2012,1,1,2,1,1,1,1,1,1,1,1,1,1,1,14,7,1,1,23,2,2,0
5,11,6,2012,3,1,1,2,2,1,1,1,1,1,1,2,1,2,8,2,1,1,35,2,2,1
5,11,6,2012,1,1,1,2,2,1,1,1,1,1,1,2,1,2,9,7,1,7,44,2,2,1
5,11,4,2012,4,1,1,2,2,1,1,1,1,1,1,5,1,2,9,6,1,1,33,1,2,0
1,11,2,2012,3,1,1,2,2,2,1,2,2,1,1,1,1,2,13,5,1,1,33,1,2,0
6,11,4,2012,4,1,3,2,2,1,4,1,1,1,1,5,2,1,13,4,1,1,22,2,2,0
8,11,3,2012,3,7,8,2,2,1,1,1,1,1,1,3,1,2,14,5,1,1,32,2,2,0
1,11,1,2012,3,7,1,2,2,1,1,1,1,1,1,1,1,2,4,6,2,1,17,2,2,0
11,12,1,2012,3,1,1,2,1,1,1,1,1,1,1,1,1,2,9,5,2,1,33,1,2,0
7,16,2,2012,3,1,1,2,2,1,1,1,1,1,1,1,1,2,4,6,1,1,25,2,2,0
8,16,2,2012,1,1,1,2,2,1,4,1,1,1,1,1,1,2,9,11,1,7,33,1,0,0
11,16,1,2012,3,1,1,2,2,1,1,1,5,1,1,1,1,2,10,6,1,2,33,1,0,0
10,16,4,2012,3,3,1,2,2,1,1,1,1,1,1,1,1,2,9,6,1,1,33,2,2,0
10,16,5,2012,1,1,8,2,2,1,2,1,1,1,1,1,1,2,14,6,1,1,33,2,2,1
10,16,5,2012,2,1,1,1,2,1,1,1,1,1,1,1,1,2,14,5,1,1,33,1,2,0
11,16,5,2012,4,1,1,2,2,1,2,1,1,1,1,1,1,2,19,11,1,3,33,1,2,0
11,16,6,2012,1,1,1,2,2,1,1,1,1,1,1,1,1,2,13,6,1,1,33,1,2,0
11,16,6,2012,4,1,8,2,2,1,4,1,1,1,1,1,1,2,14,6,1,7,33,1,2,1
11,16,6,2012,2,1,1,2,2,1,1,1,1,1,1,1,1,2,14,6,1,1,33,1,2,0
8,16,6,2012,4,1,1,2,2,1,4,1,1,1,1,1,1,2,14,6,1,1,33,2,2,1
1,16,6,2012,2,5,1,2,2,1,2,2,2,1,1,1,1,2,8,2,1,1,33,2,2,0
6,16,6,2012,3,1,1,2,2,1,1,1,1,1,1,1,1,2,13,6,2,1,33,2,2,0
10,16,7,2012,1,1,1,2,2,2,2,1,2,1,1,1,1,2,14,6,1,1,33,1,2,0
10,16,7,2012,3,1,1,2,2,1,1,1,1,1,1,1,1,2,16,6,1,1,33,2,2,0
6,16,7,2012,3,1,1,2,2,1,1,1,1,1,1,1,1,2,19,6,2,1,33,2,2,0
8,16,9,2012,2,1,1,2,2,1,1,1,1,1,1,1,1,2,14,6,1,1,33,2,2,0
11,16,10,2012,3,1,1,2,2,1,1,1,1,1,1,1,1,2,14,6,1,1,33,2,2,0
10,16,10,2012,1,1,1,2,2,1,2,1,1,1,1,5,1,2,9,6,1,1,33,1,2,0
11,16,11,2012,1,1,1,2,2,1,1,1,1,1,1,1,1,2,14,6,1,1,33,1,2,0
11,16,11,2012,3,1,1,2,2,1,1,1,1,1,1,1,1,2,14,6,1,1,33,2,2,0
10,16,11,2012,1,1,1,2,2,1,3,1,2,1,1,1,1,2,4,6,1,1,33,2,1,1
6,16,12,2012,1,1,1,2,2,1,4,1,1,1,1,1,1,2,14,6,1,1,33,2,2,1
11,16,10,2012,1,1,1,1,1,1,1,1,1,1,1,1,1,2,10,6,1,6,33,2,2,0
7,16,5,2012,3,1,1,2,2,1,1,2,1,1,1,4,1,2,13,6,1,7,33,2,2,0
10,16,7,2012,1,1,1,2,1,1,2,2,1,1,1,2,1,1,14,6,1,1,33,1,2,0
5,11,10,2012,1,6,1,2,2,1,1,1,2,1,1,5,1,1,4,6,1,2,35,1,1,1
7,17,8,2012,3,5,4,2,2,1,1,2,1,1,1,1,1,2,9,6,1,2,33,2,2,0
7,17,8,2012,3,1,4,2,2,1,1,1,1,1,1,1,1,1,1,6,1,2,33,2,2,0
2,13,11,2012,3,3,1,1,2,1,1,1,1,1,1,2,1,2,6,5,2,6,32,2,2,0
1,14,2,2012,2,1,3,2,1,1,1,2,1,1,1,1,1,1,14,6,1,1,22,2,2,1
1,14,4,2012,3,7,3,2,2,1,1,1,1,1,1,1,1,1,10,6,2,4,22,2,2,0
3,14,4,2012,4,5,4,1,1,1,3,1,1,1,1,1,1,1,13,6,1,7,34,2,2,3
3,14,5,2012,3,3,1,2,1,1,1,1,1,1,1,5,1,2,4,2,1,7,45,2,2,0
2,14,7,2012,4,7,1,1,2,1,2,1,1,1,1,3,1,2,4,5,2,3,20,2,2,0
3,6,1,2012,2,1,1,2,2,4,1,1,1,1,1,3,1,2,12,6,1,1,35,2,2,3
1,2,3,2012,3,1,1,1,1,1,1,1,1,1,1,2,1,1,14,6,1,1,33,2,2,0
1,2,3,2012,4,1,1,2,2,1,2,1,1,1,1,1,1,2,12,6,1,1,33,2,2,0
1,2,5,2012,2,1,1,2,2,1,1,1,1,1,1,1,1,2,9,6,1,1,33,2,2,0
1,2,11,2012,4,1,1,2,2,1,2,1,1,1,1,1,1,2,1,5,1,1,33,1,2,0
1,7,2,2012,4,3,1,2,2,1,2,2,1,1,1,4,1,2,17,4,2,6,33,2,2,0
3,1,11,2012,1,1,1,2,1,1,1,1,1,1,1,1,1,2,14,6,1,1,28,1,2,0
4,6,2,2012,3,1,1,2,2,1,1,1,1,1,1,1,1,2,8,6,1,1,35,2,2,0
2,6,2,2012,3,1,1,2,2,1,1,1,1,1,2,1,1,2,9,6,1,1,33,2,2,0
3,6,3,2012,4,3,1,2,2,1,2,1,1,1,1,3,1,2,14,6,1,1,33,2,2,0
3,6,6,2012,4,1,1,2,2,1,4,1,1,1,1,2,1,2,14,5,1,1,33,2,2,0
1,6,9,2012,3,5,1,2,2,1,1,2,1,1,1,1,1,2,8,6,1,1,32,2,2,0
3,4,1,2012,3,1,1,2,2,1,1,1,1,1,1,3,4,2,17,6,2,1,33,2,2,0
6,4,2,2012,2,1,1,2,2,1,1,1,1,1,1,3,1,2,14,6,1,1,33,2,2,0
6,4,4,2012,3,1,1,2,2,1,1,1,1,1,1,3,1,2,4,5,1,1,33,2,2,0
1,4,5,2012,3,1,1,2,2,1,1,1,1,1,1,3,4,2,8,6,1,3,40,2,2,0
1,4,6,2012,3,2,1,2,2,1,1,1,1,1,1,2,1,1,9,6,1,1,38,2,2,0
3,4,6,2012,1,1,1,2,2,1,1,2,1,1,3,3,2,1,12,6,1,1,22,2,2,0
6,4,6,2012,4,1,1,2,2,1,4,1,1,1,1,2,1,2,19,6,2,1,25,2,2,0
1,4,7,2012,3,1,1,2,2,1,1,1,1,1,1,2,1,2,14,6,1,1,33,2,2,0
1,4,7,2012,2,1,1,2,2,1,1,1,1,1,1,2,1,2,8,6,1,3,37,2,2,0
3,8,2,2012,2,1,1,2,2,1,1,1,1,1,1,1,1,2,9,6,1,1,33,2,2,0
3,8,3,2012,2,1,1,2,2,1,1,1,1,1,1,1,1,2,9,6,1,1,33,2,2,0
5,8,3,2012,2,1,1,2,2,1,1,1,1,1,1,1,1,2,14,6,1,1,33,2,2,1
3,8,6,2012,2,1,1,2,2,1,2,1,1,1,1,1,1,2,9,6,1,1,33,2,2,0
3,8,11,2012,3,1,1,2,2,1,1,1,1,1,1,1,1,2,9,6,1,1,33,2,2,0
1,5,1,2012,2,1,1,2,2,1,1,1,1,1,1,1,1,1,14,6,1,1,33,2,2,1
4,5,1,2012,4,1,1,2,2,4,4,1,2,1,1,4,4,2,1,6,1,6,33,2,2,0
5,5,2,2012,2,1,1,2,2,1,1,1,1,1,1,1,1,2,9,6,1,1,33,2,2,0
8,5,3,2012,3,1,1,2,2,1,2,1,1,1,1,1,1,2,14,6,1,1,33,2,2,0
1,5,3,2012,3,1,1,2,2,1,1,1,1,1,1,2,1,2,14,4,1,1,33,2,2,0
8,5,3,2012,2,1,1,2,1,1,1,1,1,1,1,1,1,2,14,6,1,1,33,2,2,0
6,5,3,2012,3,1,1,2,2,1,1,1,1,1,1,1,1,2,19,6,1,1,33,2,2,3
8,5,3,2012,3,7,8,2,2,1,1,1,1,1,1,2,1,2,7,4,1,7,22,2,2,1
6,5,3,2012,3,1,1,2,2,1,1,1,1,1,1,1,1,2,14,6,1,1,33,2,2,0
1,5,4,2012,2,1,1,2,2,1,1,1,1,1,1,1,1,2,9,6,1,1,33,2,2,0
2,5,6,2012,4,1,1,2,2,1,4,1,1,1,1,1,1,2,9,6,1,1,33,2,2,0
5,2,8,2012,2,1,1,2,2,1,1,1,1,1,1,1,1,2,12,6,1,1,33,2,2,0
2,5,10,2012,3,1,1,2,2,4,1,2,1,1,1,2,1,2,11,6,1,1,33,2,2,3
1,3,1,2012,3,1,1,2,2,1,1,1,1,1,1,4,1,2,14,6,1,1,33,2,2,0
8,3,5,2012,3,1,1,2,2,1,1,1,1,1,1,2,1,2,14,6,1,1,33,2,2,0
4,3,10,2012,4,1,1,2,2,1,2,1,1,2,2,3,1,2,19,6,2,2,33,1,2,1
11,3,2,2012,1,1,1,2,1,1,1,1,1,1,1,3,1,2,17,6,1,6,33,2,2,0
5,8,3,2012,2,1,1,2,2,1,1,1,1,1,1,2,1,1,9,6,1,1,33,2,2,1
3,8,3,2012,4,1,1,2,1,1,1,1,1,1,1,1,1,2,19,6,1,1,33,2,2,2
1,8,5,2012,1,1,1,2,2,1,4,1,1,1,1,2,1,2,14,5,1,1,25,2,2,0
1,70,12,2012,2,2,1,2,2,1,4,2,1,1,1,5,1,1,12,2,1,2,26,2,2,1
3,70,3,2012,2,7,1,2,2,1,1,1,1,1,1,4,1,2,5,11,2,1,32,2,2,0
3,70,3,2012,3,1,1,2,2,1,1,1,1,1,1,4,1,2,5,6,2,1,1,2,2,0
16,54,1,2012,4,3,1,2,2,4,4,1,1,1,1,2,1,2,5,6,1,7,33,2,2,0
9,56,1,2012,3,1,1,2,2,1,1,2,1,1,1,1,1,2,7,4,1,1,33,2,2,0
1,56,3,2012,3,7,8,2,2,1,1,1,1,1,1,3,1,1,19,6,2,7,33,2,2,0
5,56,2,2012,4,1,1,2,2,1,3,1,1,1,2,4,1,2,17,6,1,1,25,2,2,0
8,56,2,2012,3,3,1,2,2,1,2,1,1,1,1,1,1,2,9,5,1,1,33,2,2,0
3,54,3,2012,3,2,1,2,2,1,1,1,1,1,1,2,1,2,10,11,1,1,38,2,2,0
6,55,3,2012,4,1,1,2,2,1,2,1,1,1,1,2,1,1,13,6,1,1,33,2,2,0
3,55,4,2012,3,7,1,2,2,1,1,2,1,1,1,2,1,2,14,2,1,7,27,2,2,0
6,55,7,2012,3,1,1,2,1,1,1,1,1,1,1,1,1,2,8,8,1,1,36,2,2,0
6,55,7,2012,3,1,8,2,2,1,1,1,1,1,1,1,1,1,12,11,1,2,33,1,2,0
3,53,11,2012,4,7,1,2,2,1,3,1,1,1,1,2,1,2,6,6,1,7,33,1,2,0
6,55,9,2012,2,1,8,2,2,1,3,1,1,1,1,1,1,2,4,6,1,7,29,2,2,0
7,56,11,2012,3,7,1,2,2,1,1,1,1,1,1,1,1,2,14,4,1,1,33,2,2,0
3,56,11,2012,1,7,1,1,2,1,4,1,1,1,1,1,1,2,9,6,1,1,33,2,2,3
7,56,10,2012,3,7,1,2,2,1,1,1,1,1,1,1,1,2,9,5,1,7,33,2,2,0
3,56,10,2012,3,2,1,2,2,1,1,1,1,1,1,1,1,2,19,8,1,1,33,2,2,0
7,56,7,2012,3,7,1,2,2,1,1,1,1,1,1,1,1,2,9,11,1,1,33,2,2,2
3,53,12,2012,3,7,1,2,2,1,1,1,1,1,1,2,1,2,19,6,2,7,33,1,2,0
4,54,12,2012,3,1,1,2,2,1,1,1,1,1,1,4,1,2,9,11,1,1,25,2,2,0
3,54,1,2012,3,1,1,2,2,1,1,1,1,1,1,4,1,2,7,11,1,7,35,2,2,1
1,53,1,2012,3,1,1,2,2,1,1,1,1,1,1,2,2,1,8,6,1,1,38,2,2,0
13,54,2,2012,1,1,1,2,2,1,1,1,1,1,1,2,1,1,10,5,1,7,20,2,2,1
6,55,6,2012,2,1,1,2,2,1,1,1,1,1,3,5,1,1,5,6,1,7,33,2,2,0
4,55,6,2012,4,1,1,2,2,1,1,1,1,1,3,1,2,1,13,6,2,7,33,2,2,0
1,69,2,2012,3,1,1,2,2,1,1,1,1,1,1,5,1,1,4,6,1,1,22,2,2,1
3,34,2,2012,3,1,4,2,2,1,1,1,1,1,1,1,1,2,12,6,1,1,33,2,2,1
6,34,6,2012,2,1,1,2,2,1,1,1,1,1,1,1,1,2,9,4,1,1,33,2,2,0
5,33,4,2012,1,1,1,2,2,1,1,1,1,1,1,2,1,2,14,6,1,1,33,2,2,0
4,64,6,2012,3,3,4,2,1,2,1,2,2,1,1,5,1,1,14,6,1,1,33,1,2,0
4,64,12,2012,2,1,1,2,1,1,1,1,1,1,1,5,1,1,9,5,1,1,33,1,2,0
5,64,3,2012,4,1,1,2,2,1,3,1,1,1,1,1,1,1,15,6,1,1,33,1,2,0
5,64,10,2012,2,7,1,2,2,1,1,1,1,1,1,1,1,1,14,6,1,1,33,1,2,0
5,64,11,2012,1,1,1,2,2,1,3,1,1,1,1,5,1,1,14,6,1,1,24,1,2,0
11,64,9,2012,3,3,1,2,2,1,1,1,1,1,1,5,1,1,5,6,1,1,35,1,2,1
2,64,2,2012,3,1,1,2,2,1,1,1,1,1,1,2,1,1,14,6,1,1,28,1,2,2
2,64,8,2012,4,2,1,2,1,1,3,1,1,1,1,5,1,1,14,5,1,1,33,1,2,1
2,64,9,2012,2,3,4,2,1,1,2,1,1,1,1,5,1,1,8,5,1,1,33,1,2,0
14,63,1,2012,1,2,8,2,1,1,1,1,1,1,1,1,2,1,15,6,1,1,33,2,2,3
9,63,5,2012,2,1,1,2,2,1,1,1,1,1,1,1,1,2,9,6,1,1,22,2,2,3
6,63,5,2012,3,1,4,2,2,1,1,1,1,1,1,1,1,2,14,6,1,2,33,2,2,0
7,58,7,2012,2,1,1,2,2,1,1,1,1,1,1,1,1,2,13,5,1,1,38,2,2,1
1,65,6,2012,4,1,1,2,2,1,2,1,1,1,1,1,1,1,2,6,1,1,20,2,2,0
2,65,6,2012,2,1,1,2,2,1,2,1,2,1,2,1,1,2,9,6,1,1,33,2,2,0
5,46,5,2012,2,1,1,2,1,1,1,1,1,1,1,1,1,1,11,11,1,7,33,2,2,0
1,47,5,2012,2,1,1,1,1,1,1,1,1,1,1,1,1,2,19,5,1,7,34,2,2,0
2,47,5,2012,1,7,1,1,2,1,1,1,1,1,1,1,1,2,9,3,1,1,33,2,2,0
1,38,5,2012,3,7,1,2,2,1,1,1,1,1,1,1,1,2,9,6,1,6,39,2,2,0
4,47,7,2012,3,1,1,2,2,1,1,1,1,1,1,1,2,1,9,6,2,2,33,2,2,0
9,47,7,2012,4,1,1,2,2,2,4,1,2,1,1,2,2,1,10,11,1,7,40,2,2,0
9,47,7,2012,2,1,8,2,2,1,1,1,1,1,1,2,1,1,9,5,1,1,33,2,2,0
12,47,7,2012,2,7,1,2,2,1,1,1,1,1,1,1,1,1,9,5,1,7,33,2,2,0
7,47,7,2012,3,7,8,2,2,1,1,2,1,2,1,4,1,2,5,11,2,7,40,2,1,0
6,38,5,2012,4,1,1,2,2,1,1,1,1,1,1,1,1,1,9,6,1,7,33,2,2,0
6,40,4,2012,3,1,1,2,1,1,1,1,1,1,1,1,1,2,3,5,1,2,33,2,2,0
4,47,6,2012,1,1,1,2,2,1,1,1,2,1,1,1,1,2,13,5,1,2,25,2,2,0
4,47,6,2012,3,1,1,2,2,2,2,2,2,1,1,2,2,1,7,5,2,1,45,1,1,0
4,35,12,2012,3,1,1,2,2,1,1,1,1,1,1,1,1,2,9,6,1,7,33,2,2,0
2,43,10,2012,2,1,1,1,1,1,2,1,1,1,1,1,1,2,7,6,1,1,33,2,2,0
2,43,8,2012,3,1,1,2,2,1,1,1,1,1,1,1,1,2,8,11,2,7,33,2,2,0
2,43,11,2012,1,1,1,2,1,2,1,1,1,1,1,1,1,2,14,6,1,1,33,2,2,0
1,48,12,2012,2,1,1,2,2,4,2,1,1,1,1,1,1,2,14,11,2,7,33,2,2,1
2,35,11,2012,4,1,1,2,2,1,2,1,1,1,1,1,1,2,9,5,1,5,45,2,2,0
9,47,9,2012,3,1,1,1,2,1,1,1,1,1,1,1,1,2,14,11,1,7,33,2,2,0
2,47,11,2012,2,1,1,2,2,1,1,2,1,1,1,1,1,2,14,5,1,1,33,2,2,0
9,47,11,2012,1,1,1,2,2,1,1,1,1,1,1,1,1,2,14,5,1,7,20,2,2,0
3,45,10,2012,3,1,1,2,2,1,1,1,1,1,1,1,1,2,9,6,1,7,33,1,2,0
6,45,10,2012,3,1,1,2,2,1,1,1,1,1,1,1,1,2,9,6,1,7,33,1,2,0
1,45,10,2012,2,1,1,2,1,1,1,1,1,1,1,2,1,2,4,6,1,7,33,1,2,0
1,39,9,2012,2,1,8,2,1,2,1,2,1,1,1,1,1,2,14,1,1,1,33,1,2,1
1,38,10,2012,3,1,1,2,2,2,1,2,1,1,2,1,1,2,14,2,1,7,33,1,2,0
3,40,8,2012,2,1,1,2,2,2,2,2,2,1,1,1,1,2,9,3,2,7,45,2,2,0
1,40,9,2012,4,1,1,2,2,1,4,1,1,1,1,1,1,2,9,3,2,7,33,2,2,0
1,40,10,2012,2,1,1,2,2,1,2,2,1,1,1,1,1,2,7,11,2,7,33,2,2,0
5,40,12,2012,2,1,1,2,2,4,2,1,1,1,1,3,1,2,8,6,1,1,33,2,2,0
1,50,12,2012,1,2,1,2,2,1,3,2,1,1,1,3,1,2,6,4,1,1,34,1,1,0
12,50,6,2012,3,7,1,2,2,1,1,1,1,1,1,1,1,2,9,6,1,7,33,2,2,0
2,50,1,2012,3,1,1,2,2,2,1,1,2,1,1,1,1,2,14,11,2,7,40,2,2,0
5,50,6,2012,2,7,1,1,2,1,1,1,1,1,1,1,1,2,6,11,2,7,33,2,2,1
9,47,4,2012,2,1,1,2,2,1,1,1,1,1,1,1,1,1,7,5,1,1,29,2,2,0
12,47,4,2012,4,7,1,1,2,1,1,1,1,1,1,1,1,2,14,6,2,1,38,2,2,1
1,51,1,2012,2,1,1,2,2,1,1,1,1,1,2,1,2,1,9,5,1,1,33,2,2,0
3,40,2,2012,5,1,1,2,1,1,1,1,1,1,1,1,1,1,9,11,1,1,33,2,2,0
2,40,1,2012,4,1,1,1,2,1,4,1,1,1,1,3,1,2,17,6,2,2,25,2,2,1
12,47,2,2012,2,1,1,2,2,1,4,1,1,1,1,5,1,2,10,5,2,1,33,2,2,0
12,47,2,2012,3,1,1,1,2,1,1,1,1,1,1,1,1,1,9,5,2,6,33,2,2,0
1,45,2,2012,3,1,1,1,2,1,1,1,1,1,1,1,1,1,9,6,1,7,35,1,2,0
1,40,1,2012,2,4,8,2,1,1,1,1,1,1,1,1,1,2,9,5,1,1,27,1,1,2
9,47,2,2012,2,1,1,1,2,1,1,1,1,1,1,2,1,2,14,5,1,1,33,2,2,0
12,47,3,2012,2,7,1,2,2,1,1,1,1,1,1,1,1,2,14,5,1,2,49,2,2,3
2,35,3,2012,2,1,1,2,2,1,1,1,1,1,1,1,1,1,12,6,2,2,33,2,2,0
4,35,4,2012,3,1,1,1,2,1,1,1,1,1,1,1,1,1,9,6,1,7,28,2,2,1
9,47,4,2012,2,1,1,2,2,2,1,1,2,1,1,1,1,1,7,5,1,1,29,2,2,0
2,47,4,2012,4,1,1,2,2,2,2,1,2,1,1,1,1,1,10,6,1,7,45,2,2,0
12,47,4,2012,4,7,1,2,2,1,1,1,1,1,1,1,1,1,14,6,1,1,38,2,2,1
1,51,1,2012,2,1,1,1,2,1,1,1,1,1,1,1,1,2,9,5,1,1,33,2,2,0
1,51,2,2012,3,3,1,2,2,1,1,1,1,1,1,4,1,2,4,6,1,2,33,1,2,0
6,51,2,2012,2,2,1,2,2,1,4,1,1,1,1,1,1,1,4,6,1,7,45,2,2,0
28,42,2,2012,2,2,4,1,1,1,2,1,1,1,1,2,1,1,5,6,1,1,33,2,2,2
34,42,2,2012,3,1,4,1,1,1,1,1,1,1,1,1,1,1,10,6,1,1,38,2,2,2
15,42,1,2012,3,3,4,2,2,1,1,4,1,1,1,5,1,1,12,6,1,1,35,2,2,0
33,42,2,2012,1,1,1,1,1,1,2,1,1,1,1,1,1,1,14,6,1,1,45,2,2,0
32,42,4,2012,2,3,4,1,1,1,1,1,1,1,1,5,1,1,9,6,1,1,32,2,2,2
10,42,3,2012,4,1,1,2,2,1,2,1,1,1,1,5,1,1,13,6,1,1,36,2,2,1
1,42,2,2012,3,3,4,1,1,1,1,1,1,1,1,5,1,1,9,6,1,1,28,2,2,2
9,42,1,2012,3,1,4,1,1,1,1,1,1,1,1,5,1,1,9,6,1,1,25,1,2,2
9,42,2,2012,3,2,4,1,1,1,1,1,1,1,1,5,1,1,8,6,1,1,28,2,2,2
9,42,4,2012,3,3,4,1,1,1,1,1,1,1,1,5,1,1,14,6,1,1,30,2,2,2
9,42,5,2012,4,1,1,1,1,1,3,1,1,1,1,5,1,1,14,6,1,1,26,2,2,2
9,42,6,2012,4,1,1,1,1,1,3,1,1,1,1,5,1,1,10,6,1,1,43,2,2,2
22,42,4,2012,2,1,1,1,1,1,2,1,1,1,1,1,1,1,9,6,1,1,42,2,2,0
14,42,2,2012,1,1,3,1,1,1,1,1,1,1,1,1,1,1,14,6,1,1,42,2,2,3
14,42,4,2012,2,1,1,1,1,1,1,1,1,1,1,1,1,1,8,6,1,1,35,2,2,2
9,42,7,2012,4,3,4,1,1,1,2,1,1,1,1,5,1,1,12,6,1,1,22,2,2,2
9,42,8,2012,3,1,1,1,1,1,1,1,1,1,1,5,1,1,9,6,1,1,40,2,2,0
9,42,8,2012,2,3,4,1,1,1,1,1,1,1,1,5,1,1,9,6,1,1,38,2,2,0
33,42,6,2012,1,3,4,1,1,1,2,1,1,1,3,5,1,1,14,6,1,1,42,2,2,0
1,42,6,2012,4,3,1,1,1,1,3,1,1,1,1,5,1,1,10,6,1,1,21,2,2,1
18,42,8,2012,3,1,8,2,2,1,1,1,1,1,1,2,1,1,6,6,1,7,32,1,2,1
8,42,6,2012,3,1,4,1,1,1,2,1,1,1,1,5,1,1,8,6,1,1,38,2,2,0
8,42,7,2012,3,7,8,2,2,1,1,3,1,1,1,5,1,1,12,6,1,1,32,2,2,2
14,42,6,2012,1,1,1,1,1,1,2,1,1,1,1,1,1,1,13,6,1,1,30,2,2,1
14,42,6,2012,4,2,4,1,1,1,3,1,1,1,1,1,1,1,14,6,1,1,35,2,2,2
14,42,6,2012,4,5,4,1,1,1,3,1,1,1,1,1,1,1,13,6,1,1,40,2,2,0
14,42,7,2012,3,1,1,1,1,1,1,1,1,1,1,1,1,1,9,6,1,1,40,2,2,1
19,42,6,2012,4,1,1,2,2,1,3,1,1,1,1,5,1,1,13,6,1,1,27,2,2,0
34,42,9,2012,4,7,4,1,1,1,3,1,1,1,1,1,1,1,10,7,1,1,32,2,2,3
16,42,3,2012,4,1,1,1,1,1,3,1,1,1,1,1,1,1,10,10,1,1,33,2,2,3
16,42,6,2012,1,3,4,2,1,1,3,1,1,1,1,1,1,1,2,4,1,1,29,2,2,0
16,42,5,2012,3,1,1,1,1,1,1,1,1,1,1,1,1,1,4,4,1,1,35,1,2,0
18,42,9,2012,3,7,8,2,1,1,1,1,1,1,1,1,1,1,2,6,1,7,40,2,2,0
18,42,10,2012,3,7,8,2,2,1,1,1,1,1,1,5,1,1,1,6,1,1,15,1,2,1
8,42,10,2012,4,1,4,1,2,1,1,1,1,1,1,5,1,1,10,1,1,1,35,2,2,1
15,42,10,2012,3,4,4,2,2,1,1,1,1,1,1,5,1,1,9,5,1,1,35,1,2,0
37,42,3,2012,2,3,5,1,1,1,1,1,1,1,1,5,1,1,11,6,1,1,33,1,2,2
37,42,5,2012,2,2,1,1,1,1,2,1,1,1,1,5,1,1,6,6,1,1,31,1,2,3
37,42,4,2012,3,3,6,1,1,1,1,1,1,1,1,5,1,1,4,6,1,1,26,1,1,1
37,42,7,2012,4,2,4,2,2,1,3,1,1,1,1,1,1,1,7,1,1,1,30,1,2,3
37,42,7,2012,3,1,4,2,1,1,1,1,1,1,1,5,1,1,7,6,1,1,30,2,2,2
37,42,5,2012,4,1,8,1,2,2,3,1,2,1,1,5,1,1,12,6,1,1,35,2,2,2
42,42,11,2012,4,7,4,1,1,1,3,2,1,1,1,1,2,1,10,6,1,1,32,2,2,1
37,42,11,2012,1,2,1,2,1,1,3,1,1,1,1,1,1,1,7,4,1,1,45,2,2,0
49,42,9,2012,2,7,8,1,2,1,1,1,1,1,1,5,1,1,2,6,1,1,28,1,2,1
6,42,8,2012,2,1,1,1,2,1,3,1,1,1,1,1,1,1,9,6,1,1,25,2,2,0
44,42,11,2012,3,5,1,2,1,1,1,1,1,1,1,1,1,1,8,6,1,1,32,2,2,3
37,42,12,2012,2,2,1,1,1,1,1,1,1,1,1,1,1,1,9,6,1,7,30,2,2,0
46,42,5,2012,3,7,8,2,2,1,1,2,1,1,1,5,1,2,14,10,1,1,35,2,2,1
3,42,11,2012,4,3,1,1,2,1,4,3,1,1,1,1,1,1,8,4,1,1,27,2,2,0
8,42,12,2012,2,1,8,2,1,1,1,1,1,1,1,5,1,1,2,6,1,1,28,2,2,1