Thana,District,Month,Year,Time,Junction_Type,Traffic_Control,Movement,Divider,Weather,Light,Road_Geometry,Surface_Condition,Surface_Type,Surface_Quality,Road_Class,Road_Feature,Location_Type,Vehicle_Type,Vehicle_Movement,Vehicle_Loading,Vehicle_Defect,Vehicle_Driver_Age,Vehicle_Alcohol,Vehicle_Seat_Belt,Accident_Severity
34,42,12,2012,4,7,1,1,2,1,3,1,1,1,1,1,1,1,10,6,1,1,28,2,1,2
2,42,9,2012,2,1,2,1,1,1,1,1,1,1,1,5,1,1,9,6,1,1,30,1,2,2
28,42,12,2012,4,4,4,2,1,1,3,1,1,1,1,1,1,1,6,6,1,1,25,2,2,0
25,42,12,2012,2,3,1,2,2,1,1,2,1,1,1,3,1,1,9,2,1,1,27,2,2,0
19,42,8,2012,4,1,1,2,2,1,2,3,1,1,1,2,2,2,19,6,1,1,32,2,2,0
33,42,1,2012,2,1,1,2,2,1,1,1,1,1,1,1,1,1,9,6,1,1,42,2,2,1
8,26,3,2012,2,4,1,2,2,1,2,2,1,1,3,4,1,2,8,1,1,3,42,1,2,0
4,21,1,2012,3,3,1,2,2,1,1,1,1,1,1,3,1,2,4,6,1,1,52,1,2,1
5,29,5,2012,5,1,1,1,2,2,1,1,2,1,1,1,1,2,14,5,2,7,33,1,2,0
1,22,11,2012,3,7,1,2,2,1,1,1,1,1,1,1,1,1,9,6,1,1,33,1,2,0
2,20,1,2012,3,1,8,2,2,1,1,1,1,1,1,3,1,2,4,5,1,7,30,1,2,0
5,24,8,2012,2,1,1,2,2,1,1,1,1,1,1,1,1,2,9,6,2,7,33,1,2,1
7,18,4,2012,2,1,8,2,2,1,1,1,1,1,2,1,1,2,9,6,1,7,33,1,2,0
5,18,3,2012,2,3,1,1,2,1,1,1,1,3,1,3,1,2,17,4,1,1,30,2,2,0
8,13,5,2012,2,1,1,2,2,1,1,2,1,1,1,1,1,2,14,2,1,1,40,2,2,0
10,17,10,2012,3,7,1,2,1,1,1,2,1,1,1,1,1,2,9,5,1,1,30,2,2,0
5,11,10,2012,2,3,1,2,2,1,1,1,1,1,1,5,1,2,4,6,1,1,33,2,2,1
4,15,7,2012,1,1,1,2,2,1,2,1,1,1,1,1,1,2,14,6,1,1,50,2,2,0
3,15,10,2012,2,1,1,2,2,1,1,1,1,1,1,1,1,2,14,6,1,1,33,2,2,0
3,15,10,2012,3,1,1,1,2,1,1,1,1,1,1,1,1,2,14,6,1,1,33,2,2,0
3,15,11,2012,3,1,1,2,2,1,1,1,2,1,1,1,1,2,9,6,1,1,33,2,2,1
4,15,3,2012,1,1,1,2,2,1,4,1,1,1,1,1,1,2,9,6,1,1,44,2,2,0
4,15,8,2012,1,1,1,1,2,1,4,1,1,1,1,1,1,2,14,5,1,1,33,2,1,0
1,15,3,2012,4,1,1,2,2,1,2,1,1,1,1,1,1,2,9,6,1,1,35,1,2,0
1,15,12,2012,2,1,1,2,2,1,1,2,1,1,1,1,1,2,9,5,1,1,33,2,2,0
1,15,12,2012,2,1,1,2,2,1,1,1,1,1,1,1,1,2,9,6,1,1,33,2,2,3
1,9,5,2012,3,1,1,2,2,1,1,1,1,1,1,1,1,2,12,6,1,1,50,2,2,0
11,9,2,2012,1,1,1,2,2,1,4,1,1,1,1,1,1,2,14,6,1,1,33,2,2,2
10,9,6,2012,1,7,1,2,2,1,2,1,1,1,1,1,1,2,14,6,1,1,33,2,2,0
10,9,6,2012,1,1,1,1,2,1,2,1,1,1,1,1,2,2,9,6,1,1,31,2,2,0
10,9,7,2012,3,7,1,2,2,1,1,1,1,1,1,1,1,2,9,6,1,1,33,2,2,0
7,9,7,2012,2,7,1,2,2,1,1,1,1,1,1,1,1,2,14,6,1,1,33,2,2,2
4,9,7,2012,3,1,1,1,2,1,1,1,1,1,1,1,1,2,9,6,1,1,33,2,2,0
2,9,8,2012,3,1,1,2,2,1,1,1,1,1,1,1,2,1,13,6,1,7,35,2,2,0
4,9,9,2012,3,4,1,1,2,1,1,1,1,1,1,1,1,2,8,6,1,1,33,2,2,0
10,9,9,2012,1,1,1,2,2,1,2,1,1,1,1,1,1,2,9,6,1,7,42,2,2,0
12,9,9,2012,3,1,1,2,2,1,1,1,1,1,1,1,1,1,11,2,1,1,27,2,2,2
11,9,3,2012,2,1,1,2,2,1,1,1,1,1,1,1,1,1,9,11,1,1,32,2,2,0
6,13,9,2012,2,1,1,2,2,1,2,1,1,1,1,1,1,2,9,6,1,1,30,2,2,0
5,13,12,2012,2,1,7,2,2,1,2,2,1,1,1,1,1,2,4,2,1,2,33,2,2,0
10,16,2,2012,3,1,1,2,2,1,1,1,1,1,1,1,1,2,13,5,1,1,33,2,2,1
11,16,2,2012,2,1,1,2,2,1,1,1,1,1,1,1,1,2,13,11,1,1,33,2,2,0
10,16,3,2012,3,3,1,2,2,1,1,1,1,1,1,1,1,2,14,1,1,1,38,1,2,0
7,16,4,2012,2,1,2,2,1,1,2,1,1,1,1,4,1,2,10,6,1,1,33,1,0,1
2,16,4,2012,3,1,1,2,2,1,1,1,1,1,1,2,1,2,8,6,1,1,33,1,0,0
10,16,6,2012,3,1,3,2,2,1,1,1,1,1,1,1,1,2,4,6,1,1,28,2,1,0
11,16,7,2012,1,1,1,2,2,1,1,1,1,1,1,1,1,2,14,6,1,1,33,1,1,3
11,16,7,2012,2,1,1,2,2,1,1,1,1,1,1,1,1,2,9,6,1,1,33,2,2,0
10,16,10,2012,1,2,8,2,2,1,4,1,1,1,1,4,1,2,10,6,1,2,33,1,0,0
7,16,5,2012,4,3,1,2,2,1,1,4,1,1,1,2,1,2,14,6,1,2,45,2,2,0
10,16,7,2012,2,1,1,2,2,1,1,1,1,1,1,1,1,1,1,6,1,1,33,1,2,0
1,14,1,2012,3,3,6,2,1,1,1,1,1,1,1,5,1,1,14,1,1,1,33,2,2,0
4,2,3,2012,2,1,1,2,2,1,1,1,1,1,1,3,1,2,9,6,1,1,33,1,2,0
9,7,2,2012,2,1,1,2,2,1,1,1,1,1,2,4,4,2,19,5,2,6,30,2,2,1
1,7,11,2012,3,5,1,2,2,1,1,2,1,1,1,1,1,1,9,1,1,1,35,2,2,1
3,8,1,2012,2,1,1,2,2,1,1,1,1,1,1,1,1,2,9,6,1,1,33,2,2,0
5,8,3,2012,4,1,1,2,2,1,4,1,1,1,1,1,1,2,9,6,1,1,33,2,2,0
4,8,5,2012,3,1,1,2,2,2,1,1,2,1,1,1,1,2,8,6,1,1,33,2,2,1
3,8,5,2012,2,1,1,2,2,1,2,1,1,1,1,1,1,2,9,6,1,1,33,2,2,0
3,8,5,2012,2,1,1,2,2,1,1,1,1,1,1,1,1,2,9,6,1,1,33,2,2,0
3,8,7,2012,2,1,1,2,2,1,1,1,1,1,1,1,1,2,14,6,1,1,33,2,2,1
3,8,8,2012,3,1,1,2,2,1,1,1,1,1,1,1,1,2,9,6,1,1,33,1,1,1
3,8,11,2012,1,1,1,2,2,1,4,1,1,1,1,1,1,2,9,6,1,1,33,2,2,1
5,5,6,2012,3,1,1,2,2,1,1,1,1,1,1,1,1,2,14,6,1,1,33,2,2,3
6,5,6,2012,2,1,1,2,2,1,2,1,1,1,1,1,1,2,9,5,1,1,33,2,2,0
1,5,6,2012,3,1,1,2,2,1,1,1,1,1,1,1,1,2,14,6,1,1,33,2,2,0
6,5,11,2012,2,1,1,2,2,1,1,1,1,1,1,1,1,2,13,6,1,1,33,2,2,0
4,3,1,2012,2,1,1,2,2,1,1,2,1,1,1,1,1,2,8,6,1,1,33,2,2,0
1,3,7,2012,2,1,1,2,2,1,2,1,1,1,1,1,1,2,9,6,1,1,33,2,2,0
6,70,6,2012,4,3,3,2,2,1,4,1,1,1,1,1,1,2,10,6,1,2,33,1,0,1
6,70,7,2012,3,1,3,2,2,1,1,1,1,1,1,1,1,1,9,7,1,1,30,1,2,0
6,70,8,2012,3,3,3,2,2,2,1,1,2,1,1,5,1,2,13,5,1,1,35,2,2,0
6,70,3,2012,1,7,1,2,2,1,2,1,1,1,1,1,1,1,14,2,1,1,50,2,2,0
6,70,8,2012,4,1,3,2,2,1,1,1,1,1,1,1,1,1,5,6,2,1,40,2,2,0
5,70,2,2012,3,7,1,2,2,1,1,1,1,1,1,1,1,1,4,4,1,7,30,2,2,0
5,56,1,2012,1,1,1,2,2,4,4,1,2,1,1,1,1,2,9,4,1,1,33,2,2,0
8,56,1,2012,4,1,2,2,2,1,4,1,1,1,1,1,1,2,9,4,1,1,30,2,2,0
5,56,3,2012,3,1,2,2,2,1,1,1,1,1,1,2,1,1,6,6,1,1,40,2,2,3
7,56,4,2012,1,1,1,2,2,1,2,1,1,1,1,1,1,2,14,5,2,7,30,1,2,0
6,53,4,2012,2,1,1,1,2,1,1,1,1,1,1,1,1,2,13,5,1,7,25,2,2,0
5,54,1,2012,3,7,2,2,2,1,1,1,1,1,1,2,1,2,14,6,1,1,55,2,2,0
1,55,2,2012,3,1,1,2,2,1,1,1,1,1,1,5,1,2,9,6,1,1,33,2,2,0
5,55,4,2012,2,1,1,2,2,1,2,2,1,1,1,1,1,2,12,6,1,1,32,2,2,0
6,55,6,2012,3,1,1,2,2,1,1,1,1,1,1,1,5,2,14,5,1,1,33,2,2,0
5,55,6,2012,4,4,8,2,2,2,4,1,2,1,1,1,1,2,5,2,1,7,40,2,2,3
2,55,6,2012,2,1,1,2,2,1,1,1,2,1,1,4,1,1,12,4,1,1,33,2,2,0
7,56,5,2012,1,1,1,2,2,1,2,1,1,1,1,1,1,2,12,5,2,7,35,1,2,0
3,53,10,2012,4,7,1,2,1,2,1,1,1,1,1,1,1,2,19,11,2,7,33,1,0,0
3,53,11,2012,1,1,8,2,2,1,2,1,1,1,1,1,1,2,13,5,2,7,33,2,2,0
1,55,8,2012,3,7,1,2,2,1,1,1,1,1,1,1,1,2,9,6,1,1,33,2,2,0
6,55,8,2012,2,7,8,2,2,1,1,1,1,1,1,4,1,2,8,6,1,7,40,2,2,0
3,54,12,2012,4,1,8,1,2,1,4,1,1,1,1,2,1,2,14,11,1,7,25,2,2,0
6,54,5,2012,3,1,1,2,2,1,1,1,1,1,1,4,1,2,12,6,1,7,33,2,2,0
7,54,11,2012,4,1,1,2,2,1,2,1,1,1,1,1,1,2,5,6,1,1,33,2,2,0
5,56,12,2012,4,1,1,2,2,4,3,1,1,1,1,1,1,1,9,5,1,1,32,2,2,0
4,54,6,2012,3,7,1,2,2,1,1,1,1,1,1,4,1,1,5,6,1,1,33,2,2,1
7,54,9,2012,3,1,1,2,2,1,4,1,1,1,1,2,1,2,8,6,1,1,40,2,2,0
2,54,2,2012,3,1,1,2,2,1,1,1,1,1,1,2,1,2,14,4,2,1,33,2,2,0
9,54,3,2012,3,7,1,2,2,1,1,1,1,1,1,1,1,2,8,5,1,1,33,2,2,0
3,56,12,2012,2,1,1,2,2,1,1,2,1,1,1,1,1,2,9,2,1,1,60,2,2,3
13,54,6,2012,1,7,1,2,2,1,2,1,1,1,1,1,1,2,13,6,1,7,50,2,2,0
8,54,1,2012,4,7,1,2,2,1,4,1,1,1,1,1,1,2,14,2,1,7,40,2,2,0
9,54,12,2012,3,7,1,2,2,1,2,1,1,1,1,1,1,2,14,6,1,7,45,2,2,0
1,55,6,2012,2,1,5,2,2,1,1,1,1,1,1,1,1,2,8,5,1,3,30,2,2,1
2,53,6,2012,4,1,1,2,2,1,4,1,1,1,2,2,1,2,6,6,1,1,19,2,2,0
1,1,9,2012,4,1,1,2,2,2,2,1,2,1,1,1,1,2,4,6,1,1,45,2,2,0
3,8,2,2012,1,1,1,2,2,1,1,1,1,1,1,1,1,2,14,10,1,1,33,2,2,1
8,5,6,2012,2,1,2,2,2,1,2,1,1,1,1,1,1,2,14,10,1,1,33,2,2,0
5,5,12,2012,2,1,1,2,2,4,1,1,1,1,1,1,1,2,9,6,1,1,33,2,2,3
3,70,3,2012,4,7,8,2,2,1,1,1,1,1,1,1,1,2,13,11,1,7,38,2,2,0
3,70,7,2012,4,7,2,1,1,1,3,1,1,1,1,5,1,1,12,2,1,1,30,2,2,0
3,70,3,2012,4,7,1,2,2,1,4,1,1,1,1,4,1,2,9,11,1,7,35,2,2,0
6,70,10,2012,1,7,1,2,2,2,2,2,2,1,3,1,1,2,7,6,1,1,35,2,2,0
5,54,2,2012,3,7,1,2,2,1,1,1,1,1,1,2,1,2,13,6,1,1,33,2,2,0
7,56,5,2012,3,1,1,2,2,1,4,1,1,1,1,1,1,2,14,2,1,1,40,2,2,0
7,56,6,2012,1,7,1,2,2,1,4,1,1,1,1,1,1,2,14,6,1,1,25,2,2,0
7,56,8,2012,4,7,1,2,2,1,1,1,1,1,1,1,1,2,19,5,2,7,33,1,2,1
5,55,8,2012,3,7,1,2,2,1,1,1,1,1,1,2,1,2,7,6,1,5,33,1,2,0
6,56,6,2012,4,1,1,2,2,1,2,1,1,1,1,2,1,2,12,6,2,7,20,2,2,1
3,56,12,2012,1,2,1,2,2,1,4,1,1,1,1,1,1,2,10,6,1,2,33,1,0,0
3,56,8,2012,4,1,1,2,2,1,4,1,1,1,1,1,1,2,12,6,1,7,22,2,2,0
6,16,5,2012,1,1,1,2,2,1,4,1,1,1,1,1,1,2,9,6,1,1,33,2,2,0
3,9,3,2012,3,1,1,2,2,1,1,1,1,1,1,2,1,2,5,6,1,1,26,2,2,0
4,69,4,2012,3,1,1,2,2,1,1,1,1,1,1,1,1,2,16,11,1,7,33,2,2,3
14,63,3,2012,4,1,1,2,2,1,2,1,1,1,1,1,1,2,14,6,1,1,33,2,2,0
10,63,5,2012,4,1,1,2,2,1,2,1,1,1,1,1,1,2,11,6,1,1,33,2,2,0
9,63,4,2012,4,7,1,1,2,1,4,1,1,1,1,1,1,2,11,5,1,2,33,1,0,0
4,57,3,2012,4,2,1,2,2,1,1,1,1,1,1,1,1,1,13,6,1,2,32,2,2,0
9,57,5,2012,3,2,1,2,2,1,1,1,1,1,1,1,1,2,9,6,1,2,33,2,2,0
6,58,2,2012,4,2,2,2,2,1,1,1,1,1,1,1,1,2,9,2,1,7,38,1,0,0
6,58,6,2012,4,2,2,2,2,1,2,1,1,1,1,1,1,2,9,2,1,7,37,1,0,0
1,57,2,2012,3,7,8,2,1,1,1,4,1,1,1,1,1,2,14,6,1,1,33,1,2,0
3,57,7,2012,3,2,1,2,1,2,4,1,2,1,1,1,1,2,14,6,1,2,33,2,2,1
10,58,5,2012,2,1,1,2,2,1,1,1,1,1,2,4,1,2,5,6,1,1,27,2,2,0
7,58,6,2012,2,1,1,2,1,2,1,1,2,1,1,1,1,2,9,6,1,7,33,2,2,0
8,58,1,2012,2,7,8,2,2,1,1,2,5,1,1,1,1,2,9,6,1,2,33,1,0,0
2,65,6,2012,4,1,8,2,2,1,1,2,5,1,2,2,1,2,9,2,1,2,33,2,2,0
5,65,6,2012,3,3,1,1,1,2,1,1,2,1,1,1,1,2,9,6,1,7,45,2,2,0
4,67,2,2012,2,7,1,2,2,1,1,2,1,1,1,2,1,2,9,2,1,1,40,2,2,1
2,62,7,2012,3,7,1,1,1,1,1,1,2,1,3,4,1,2,6,1,1,2,45,2,2,1
2,60,6,2012,3,7,1,2,2,1,1,4,1,1,1,4,1,2,10,1,1,1,38,1,0,0
5,67,7,2012,2,2,2,2,2,2,1,2,1,1,1,2,1,2,14,2,1,1,45,1,0,0
4,67,8,2012,2,7,8,1,2,1,1,2,1,1,1,2,4,2,8,11,1,7,33,2,2,1
1,57,11,2012,4,7,1,2,2,1,4,1,1,1,1,1,1,2,14,6,1,7,30,2,2,1
7,58,7,2012,2,2,1,2,2,1,1,1,1,1,1,1,1,2,9,5,1,7,35,2,2,0
2,58,7,2012,1,2,2,2,2,1,1,1,1,1,1,2,1,2,10,11,1,1,33,1,0,0
2,58,8,2012,2,2,2,2,2,1,1,1,1,1,1,1,1,1,16,11,1,1,33,1,0,0
2,65,12,2012,2,1,1,2,2,1,1,1,1,1,1,1,1,2,7,6,1,1,33,2,2,1
2,65,8,2012,1,1,1,2,1,1,2,1,1,1,1,2,1,2,7,2,2,1,33,2,2,0
1,47,5,2012,3,1,1,2,1,1,1,1,1,1,1,1,1,1,9,5,1,7,33,2,2,0
1,47,7,2012,1,1,1,2,2,1,4,1,1,1,1,1,1,1,9,6,1,7,35,1,2,0
12,47,6,2012,1,7,2,1,1,1,2,1,1,2,1,1,1,2,16,5,2,7,25,1,2,0
5,47,8,2012,1,1,1,2,1,1,1,2,1,1,1,2,1,2,14,6,1,7,40,2,2,0
1,47,8,2012,3,1,1,2,2,1,2,1,1,2,1,2,1,2,9,5,1,7,33,2,2,0
4,37,8,2012,3,1,1,2,1,2,1,1,1,1,2,1,1,1,7,7,1,2,28,2,2,0
7,47,12,2012,2,1,1,2,2,4,2,1,1,1,1,1,1,2,8,11,2,7,33,2,2,0
5,49,2,2012,3,7,8,2,2,1,1,1,1,1,1,3,1,2,9,6,1,4,38,2,2,0
4,49,3,2012,3,1,1,2,2,1,1,1,1,1,1,2,1,2,17,5,2,7,33,2,2,1
1,47,3,2012,1,1,1,2,2,1,1,1,1,1,1,1,1,2,9,6,1,7,35,2,2,0
46,42,5,2012,3,1,1,2,2,1,1,2,1,1,1,5,1,2,14,6,1,1,40,1,2,0
7,17,5,2012,3,1,4,2,1,1,1,1,1,1,1,1,1,2,14,4,1,1,33,1,2,1
3,15,7,2012,3,1,1,2,2,1,1,1,1,1,1,1,1,2,11,6,1,1,33,2,2,0
4,69,2,2013,3,1,1,2,2,1,1,1,1,1,1,1,1,1,9,6,1,1,33,2,2,0
4,69,4,2013,3,2,1,2,2,1,1,1,1,1,1,1,4,1,6,6,1,1,33,2,2,0
4,69,5,2013,2,1,1,2,2,1,1,1,1,1,1,1,1,1,9,5,1,1,30,2,2,1
3,34,4,2013,2,1,1,2,2,1,1,1,1,1,1,1,1,2,9,6,1,1,33,2,2,0
3,33,4,2013,1,1,1,1,2,1,1,1,1,1,1,3,1,2,19,6,1,1,33,2,2,1
3,30,3,2013,2,1,1,2,2,1,4,1,1,1,1,3,1,2,19,6,1,1,30,2,2,0
4,32,4,2013,1,1,1,2,1,1,1,1,1,1,1,1,1,1,14,6,1,1,33,2,2,1
10,34,5,2013,2,1,1,2,2,1,4,1,2,1,1,3,1,2,9,5,1,1,33,2,2,0
1,30,5,2013,2,1,1,2,1,4,1,2,1,1,1,1,2,1,9,6,1,1,33,2,2,0
5,33,5,2013,2,7,1,2,2,2,1,1,2,1,2,3,1,2,6,6,1,1,33,2,2,0
7,30,6,2013,1,1,1,2,2,1,2,1,1,1,1,1,1,2,13,6,1,1,28,2,2,0
3,30,6,2013,2,1,1,2,2,1,4,2,1,1,1,3,1,2,8,2,1,1,30,2,2,3
6,34,7,2013,2,2,1,2,2,1,1,1,2,1,1,1,2,1,13,6,1,1,33,2,2,0
1,32,9,2013,1,7,8,2,2,1,1,1,1,1,1,1,3,2,14,5,1,1,33,2,2,1
1,31,9,2013,3,3,1,2,2,1,1,1,1,1,1,2,1,1,4,2,1,1,20,2,2,1
1,33,8,2013,1,3,1,2,2,1,1,1,1,1,1,2,1,1,1,6,1,1,33,2,2,0
6,34,9,2013,3,1,1,1,2,1,1,1,1,1,1,1,1,2,12,6,1,7,33,2,2,0
6,34,9,2013,1,1,1,2,2,1,1,2,2,1,1,1,1,2,14,6,1,1,33,2,2,1
4,30,7,2013,2,1,1,2,2,1,1,1,1,1,1,3,2,1,1,2,1,1,33,2,2,1
2,30,9,2013,3,1,8,2,2,1,1,1,1,1,1,4,1,2,4,6,1,7,20,2,2,1
10,34,11,2013,4,4,1,2,2,1,1,2,1,1,1,2,1,2,19,1,1,1,22,2,2,0
6,34,11,2013,3,1,1,2,2,1,1,1,1,1,1,1,1,2,4,6,1,1,33,2,2,0
2,30,12,2013,2,7,1,2,2,1,2,1,1,1,1,4,1,2,19,11,2,7,30,2,2,0
2,27,6,2013,3,1,1,2,2,1,1,1,1,1,1,4,1,2,9,5,1,1,33,2,2,0
5,27,4,2013,4,3,1,2,2,1,1,1,1,1,1,2,1,1,19,6,1,3,35,2,2,0
5,27,8,2013,3,7,1,2,2,1,1,1,1,1,1,3,1,1,14,6,1,7,30,2,2,0
3,27,3,2013,3,2,1,2,2,1,1,1,1,1,1,3,1,2,17,5,2,6,33,2,2,0
6,34,6,2013,2,1,1,2,2,1,1,1,1,1,1,1,1,2,9,6,1,1,33,1,1,0
13,64,7,2013,2,3,1,2,2,1,1,1,1,1,1,5,1,1,9,6,1,1,30,1,2,0
13,64,9,2013,4,1,1,1,1,1,2,1,1,1,1,5,1,1,16,6,1,1,35,1,2,0
5,64,3,2013,2,3,1,2,1,1,1,1,1,1,1,5,1,1,14,6,1,1,33,1,2,1
5,64,4,2013,3,1,1,2,1,1,1,1,1,1,1,5,1,1,14,6,1,1,50,1,2,0
9,64,11,2013,2,1,1,2,2,1,1,1,1,1,1,5,1,1,6,6,1,1,33,1,2,0
9,64,12,2013,3,1,1,2,2,1,1,1,1,1,1,5,1,1,14,6,1,1,33,2,2,0
1,64,10,2013,4,3,1,1,1,1,3,1,1,1,1,5,1,1,14,5,1,1,50,2,2,0
3,64,12,2013,3,1,1,1,1,1,1,1,1,1,1,5,1,1,13,5,1,7,33,2,2,0
4,64,3,2013,2,1,4,1,2,1,1,1,1,1,1,5,1,1,14,6,1,1,33,1,2,1
11,64,8,2013,1,1,1,2,2,1,2,1,1,1,1,5,1,1,6,6,1,1,33,1,2,0
11,64,8,2013,3,1,1,2,1,1,1,1,1,1,1,5,4,1,14,6,2,1,33,1,2,0
1,57,2,2013,3,1,1,2,1,1,1,1,1,1,1,1,1,2,14,6,1,1,33,2,2,0
8,57,6,2013,2,1,1,2,2,1,1,1,1,1,1,1,1,2,5,6,1,1,33,2,2,0
9,57,6,2013,4,7,1,2,2,1,2,1,1,1,1,1,1,1,14,6,2,1,33,2,2,0
3,57,7,2013,3,7,1,2,2,1,1,1,1,1,1,1,1,2,9,6,1,7,33,1,2,0
3,57,8,2013,3,7,1,1,1,1,1,1,1,1,1,4,1,2,14,6,1,2,33,1,2,0
3,57,9,2013,2,7,8,2,2,1,1,1,5,1,1,4,1,2,14,5,1,2,35,1,0,1
8,57,8,2013,3,7,1,1,2,1,1,1,1,1,1,1,1,2,5,6,1,2,33,1,2,0
9,57,9,2013,4,7,1,2,2,1,2,1,1,1,1,1,2,2,9,6,1,1,33,1,2,0
1,61,8,2013,2,7,1,2,2,1,3,1,1,1,1,1,1,2,9,5,1,7,33,1,0,3
4,61,4,2013,4,7,1,2,2,1,4,1,1,1,1,4,1,2,19,6,2,7,27,2,2,1
6,61,5,2013,2,7,1,2,2,1,4,2,1,1,2,3,1,2,5,6,1,7,27,1,2,1
2,65,6,2013,2,1,1,2,2,1,1,1,1,1,1,1,1,2,9,6,1,1,40,2,2,0
2,65,9,2013,3,7,1,2,2,2,1,2,2,1,1,1,1,2,9,6,1,1,33,2,2,0
2,65,7,2013,2,1,1,2,2,1,1,2,1,1,1,3,1,2,19,6,1,1,33,2,2,0
2,65,10,2013,3,1,1,2,2,1,1,1,1,1,1,1,1,2,12,6,1,1,33,2,2,1
2,65,6,2013,3,7,8,2,2,2,1,1,2,1,1,4,1,2,11,5,1,7,27,2,2,1
7,59,4,2013,4,1,1,2,2,1,2,1,1,1,1,4,1,2,14,11,2,1,33,1,2,0
1,59,9,2013,2,1,1,2,2,1,2,1,1,1,1,3,1,2,12,6,1,2,33,1,2,1
1,66,2,2013,2,7,1,2,2,1,1,1,1,1,1,5,1,1,17,6,1,2,33,1,2,0
1,66,6,2013,2,7,4,1,1,1,1,1,1,1,1,3,1,1,17,7,1,7,33,1,0,0
1,66,8,2013,3,7,1,2,2,1,1,1,1,1,1,3,1,1,4,4,1,7,33,1,1,0
1,66,11,2013,2,3,1,2,2,1,1,1,1,1,1,3,1,1,14,6,1,7,33,1,2,0
5,58,11,2013,5,7,1,2,1,1,1,1,1,1,1,1,1,2,12,11,1,2,24,2,2,0
2,58,10,2013,4,1,8,2,2,1,3,2,1,1,2,1,1,2,9,3,1,2,33,2,2,0
14,58,3,2013,3,3,1,2,2,1,1,1,1,1,1,2,1,2,14,5,1,2,33,1,2,0
7,58,2,2013,2,1,1,2,2,1,1,1,1,1,1,1,1,2,9,6,1,2,33,1,2,0
7,58,6,2013,2,1,1,2,2,1,1,1,1,1,1,1,1,2,9,6,1,2,33,1,2,0
7,58,8,2013,2,1,1,2,2,1,1,1,1,1,1,1,1,2,9,6,1,2,33,1,2,0
14,58,3,2013,3,3,3,2,2,1,1,1,1,1,1,2,1,2,14,5,1,3,33,1,2,0
15,63,7,2013,3,1,1,2,2,1,1,1,1,1,1,3,1,2,14,6,1,1,52,2,2,0
8,63,3,2013,3,2,2,2,2,1,1,1,1,1,1,1,1,2,4,6,1,2,33,1,1,0
13,63,2,2013,4,1,8,2,2,1,1,1,1,1,1,1,1,2,9,11,1,2,33,1,2,0
14,63,8,2013,4,7,1,2,2,1,2,2,1,1,1,1,1,2,9,6,1,1,33,1,2,0
14,63,7,2013,2,1,1,2,2,1,2,1,1,1,1,1,1,2,5,6,1,7,33,1,2,0
15,63,7,2013,3,7,8,2,2,1,1,1,1,1,1,2,2,2,14,6,1,1,52,2,2,0
11,63,5,2013,2,1,2,2,2,1,1,1,1,1,1,3,1,2,9,6,1,3,33,1,2,0
11,63,4,2013,2,1,2,2,2,1,2,1,1,1,1,1,1,2,14,5,1,1,22,2,2,0
14,63,9,2013,1,1,1,2,2,1,2,1,1,1,1,1,1,2,14,6,1,2,33,1,2,0
1,63,2,2013,2,1,2,2,2,1,1,1,1,1,1,3,5,2,12,4,1,1,33,1,2,0
6,60,4,2013,3,1,1,2,2,1,1,1,1,1,1,3,1,2,12,6,1,2,33,1,2,0
1,60,2,2013,2,1,2,2,2,1,1,1,1,1,1,4,1,1,14,6,1,2,44,1,2,0
7,65,11,2013,2,1,1,2,2,1,1,2,1,1,1,1,1,2,11,6,1,2,33,1,2,0
1,65,8,2013,4,1,1,2,2,1,4,1,1,1,1,5,1,2,5,6,1,2,33,1,2,1
1,57,11,2013,3,7,1,2,2,1,1,1,1,1,1,1,1,2,17,5,1,2,33,1,2,0
3,57,12,2013,4,1,1,2,2,1,4,1,1,1,1,1,1,2,5,6,1,2,33,1,2,0
8,59,4,2013,3,7,1,2,2,1,1,2,1,1,1,4,1,2,5,1,1,1,33,1,2,0
3,39,3,2013,3,7,4,2,1,1,1,1,1,1,1,2,1,2,9,11,1,7,33,2,2,0
1,49,3,2013,3,7,1,2,2,1,1,1,1,1,1,1,1,2,4,5,1,7,33,2,2,0
1,49,3,2013,2,3,8,2,2,1,1,1,1,1,1,1,1,2,4,6,1,7,32,2,2,0
1,45,3,2013,4,1,1,2,2,1,1,1,1,1,1,1,1,2,12,11,1,7,33,2,2,1
1,45,3,2013,4,1,1,2,2,1,1,1,1,1,1,1,1,2,9,11,1,7,33,2,2,0
6,45,3,2013,2,7,1,2,2,1,1,1,1,1,1,1,1,2,14,11,1,7,45,2,2,0
2,45,3,2013,3,1,1,2,2,1,1,1,1,1,1,1,1,2,19,11,1,7,33,2,2,0
1,38,5,2013,3,1,1,2,2,1,1,1,1,1,1,1,1,2,13,11,1,7,33,2,2,0
6,38,5,2013,1,1,1,2,2,1,1,1,1,1,1,1,1,2,14,6,1,7,33,2,2,0
9,47,9,2013,4,3,1,2,2,1,1,1,1,1,1,1,1,2,14,11,1,7,33,2,2,0
1,45,9,2013,3,1,1,2,2,1,1,1,1,1,1,1,1,2,9,11,1,7,33,2,2,0
2,45,9,2013,3,1,1,2,2,1,1,1,1,1,1,1,1,2,14,5,1,7,33,2,2,0
3,39,10,2013,4,7,1,2,2,1,1,1,1,1,1,1,1,2,9,11,1,7,44,2,2,0