Thana,District,Month,Year,Time,Junction_Type,Traffic_Control,Movement,Divider,Weather,Light,Road_Geometry,Surface_Condition,Surface_Type,Surface_Quality,Road_Class,Road_Feature,Location_Type,Vehicle_Type,Vehicle_Movement,Vehicle_Loading,Vehicle_Defect,Vehicle_Driver_Age,Vehicle_Alcohol,Vehicle_Seat_Belt,Accident_Severity
7,47,10,2013,3,7,1,2,2,1,1,1,1,1,1,1,1,2,12,1,1,7,33,2,2,0
1,49,5,2013,2,3,1,2,2,1,1,1,1,1,1,1,1,2,14,4,1,7,33,2,2,0
6,45,5,2013,4,1,1,2,2,1,1,1,1,1,1,1,1,2,12,11,1,7,33,2,2,0
1,47,6,2013,3,7,1,2,2,1,1,1,1,1,1,1,1,2,8,11,1,7,33,2,2,0
6,38,7,2013,1,1,1,2,2,1,1,1,1,1,1,1,1,2,14,6,1,7,33,2,2,0
6,38,6,2013,4,7,1,2,2,1,1,1,1,1,1,1,1,2,9,11,1,7,33,2,2,1
2,39,7,2013,3,7,1,2,2,1,1,1,1,1,1,1,1,2,7,2,1,7,24,2,2,0
1,45,12,2013,4,7,1,2,2,1,1,1,1,1,1,1,1,2,9,11,1,7,33,2,2,1
6,48,12,2013,3,7,1,2,1,1,1,1,1,1,1,1,1,1,14,11,1,7,45,2,2,0
1,49,7,2013,2,2,1,2,2,1,1,1,1,1,1,1,1,2,4,11,1,7,45,2,2,0
12,47,1,2013,3,7,8,2,2,1,1,1,1,1,1,1,1,2,9,11,1,7,33,2,2,0
12,49,1,2013,4,1,1,2,2,1,1,1,1,1,1,1,1,2,14,11,1,7,33,2,2,0
2,39,1,2013,3,7,8,1,2,1,1,1,1,1,1,1,1,2,9,11,1,7,33,2,2,0
6,46,5,2013,1,7,1,2,2,1,1,1,1,1,1,1,1,2,14,11,1,7,33,2,2,0
4,49,1,2013,3,1,1,2,2,1,1,1,1,1,1,1,1,2,4,6,1,7,57,2,2,0
1,45,2,2013,4,2,4,2,2,1,1,1,1,1,1,1,1,2,14,11,1,7,33,2,2,0
2,48,1,2013,3,1,1,2,2,1,1,1,1,1,1,1,1,2,14,6,1,7,27,2,2,0
11,49,2,2013,1,7,1,2,2,1,1,1,1,1,1,1,1,2,17,5,1,7,33,2,2,0
2,49,2,2013,3,7,1,2,2,1,1,1,1,1,1,1,1,2,9,2,1,7,33,2,2,0
5,39,9,2013,4,7,1,2,2,1,1,1,1,1,1,1,1,2,14,11,1,7,33,2,2,0
2,44,5,2013,3,7,1,2,2,1,1,1,1,1,1,1,1,2,4,11,1,7,33,2,2,0
3,44,9,2013,4,7,1,2,2,1,1,1,1,1,1,1,1,2,14,11,1,7,33,2,2,0
1,44,10,2013,4,5,1,2,2,1,1,1,1,1,1,1,1,2,14,11,1,7,33,2,2,1
5,41,10,2013,2,1,3,2,2,1,1,1,1,1,1,1,1,2,14,6,1,7,33,2,2,0
6,41,4,2013,4,7,1,2,2,1,1,1,1,1,1,1,1,2,14,6,1,7,33,2,2,0
7,41,10,2013,4,7,1,2,2,1,1,1,1,1,1,1,1,2,14,6,1,7,33,2,2,1
1,47,5,2013,4,7,1,2,2,1,1,1,1,1,1,1,1,2,14,11,1,7,33,2,2,0
1,52,11,2013,2,7,1,2,2,1,1,1,1,1,1,1,1,2,6,11,1,7,33,2,2,0
6,40,5,2013,2,7,1,2,2,1,1,1,1,1,1,1,1,2,10,11,1,7,33,2,2,3
1,40,4,2013,2,7,1,2,2,1,1,1,1,1,1,1,1,2,9,11,1,7,33,2,2,3
3,40,3,2013,3,7,1,2,2,1,1,1,1,1,1,1,1,2,8,5,1,7,33,2,2,0
1,40,1,2013,2,7,1,2,2,1,1,1,1,1,1,1,1,2,2,2,1,7,33,2,2,0
1,40,8,2013,4,1,1,2,2,1,1,1,1,1,1,1,1,2,8,11,1,7,33,2,2,3
6,40,7,2013,4,7,1,2,2,1,1,1,1,1,1,2,1,2,6,6,1,7,33,2,2,0
6,40,10,2013,3,1,1,2,2,1,1,1,1,1,1,2,1,2,14,11,1,7,33,2,2,0
3,40,7,2013,3,7,1,2,2,1,1,1,1,1,1,2,1,2,19,11,1,7,33,2,2,0
7,37,10,2013,2,1,4,2,1,1,1,1,1,1,1,1,1,2,9,11,1,7,50,2,2,0
5,52,6,2013,2,7,1,2,2,1,1,1,1,1,1,2,1,2,17,11,1,7,22,2,2,1
1,39,8,2013,4,1,1,2,2,1,1,1,1,1,1,2,1,2,8,6,1,7,30,2,2,1
6,45,8,2013,4,1,1,2,2,1,1,1,1,1,1,1,1,2,9,11,1,7,33,2,2,0
4,47,8,2013,3,1,1,2,2,1,1,1,1,1,1,1,1,2,4,8,1,7,33,2,2,0
1,38,3,2013,3,3,1,2,2,1,1,1,1,1,1,1,1,2,14,6,1,7,35,2,2,0
3,40,12,2013,4,1,1,2,2,1,2,1,1,1,1,1,1,2,8,11,1,7,33,2,2,0
6,45,8,2013,3,1,1,2,2,1,1,1,1,1,1,1,1,2,9,11,1,1,33,2,2,0
3,40,6,2013,2,1,1,2,2,1,1,2,1,1,1,2,1,2,8,6,1,3,30,2,2,0
6,40,6,2013,1,1,5,2,1,1,2,1,1,1,1,2,2,1,9,5,1,7,33,2,2,3
36,42,1,2013,3,2,8,2,1,1,1,1,1,1,1,5,1,1,6,6,1,1,30,2,2,0
37,42,1,2013,1,7,8,2,1,1,3,1,1,1,1,1,1,1,12,6,2,1,22,1,2,3
14,42,1,2013,1,7,1,2,1,1,4,1,1,1,1,1,1,1,14,6,1,1,35,2,2,0
16,42,1,2013,3,3,2,2,1,1,3,1,1,1,1,1,1,1,4,6,1,1,24,2,1,0
6,42,3,2013,4,1,4,2,1,1,3,1,1,1,1,1,1,1,14,6,1,1,30,1,2,0
47,42,4,2013,3,1,1,2,1,1,1,1,1,1,1,1,1,1,9,3,1,1,35,2,2,0
16,42,4,2013,1,1,1,2,1,1,3,1,1,1,1,5,1,1,14,6,1,1,30,1,2,0
15,42,5,2013,3,5,4,1,1,1,1,1,1,1,1,1,1,1,9,6,1,1,30,2,2,0
25,42,5,2013,4,2,8,2,1,2,2,1,2,1,1,5,1,1,7,6,1,7,26,2,1,2
37,42,1,2013,4,3,4,2,1,1,2,1,1,1,1,1,1,1,12,6,1,1,35,1,2,0
49,42,5,2013,3,7,8,1,1,1,1,1,1,1,1,3,1,1,14,5,1,1,30,1,2,0
44,42,5,2013,4,7,1,1,1,1,2,1,1,1,1,5,1,1,10,6,1,7,22,1,2,0
2,42,6,2013,2,2,4,2,1,1,1,1,1,1,1,5,1,1,9,6,2,6,25,1,2,2
14,42,7,2013,3,7,2,1,1,1,1,1,1,1,1,1,1,1,12,1,1,1,22,2,2,3
23,42,7,2013,1,6,1,2,1,2,2,1,2,1,1,5,1,1,16,6,1,1,20,1,2,0
33,42,7,2013,2,1,1,2,1,1,2,1,1,1,1,1,1,1,8,6,1,1,30,2,2,0
33,42,7,2013,1,4,8,2,1,1,3,2,1,1,1,5,1,1,14,6,1,1,35,1,2,0
28,42,7,2013,2,1,1,2,1,1,1,1,1,1,1,5,1,1,8,5,1,1,25,2,2,0
36,42,7,2013,4,2,2,2,1,1,3,1,1,1,1,5,1,1,4,6,1,1,25,2,1,1
12,42,8,2013,2,7,1,2,1,1,1,1,1,1,1,5,1,1,10,6,1,1,30,2,2,1
3,42,8,2013,1,7,1,2,1,1,4,3,1,1,3,5,1,1,13,5,1,1,28,1,2,0
5,42,7,2013,4,1,4,2,1,2,3,1,1,1,1,5,1,1,14,6,1,1,30,1,2,1
25,42,8,2013,4,1,4,2,2,1,1,1,1,1,1,5,1,1,9,6,1,1,23,1,2,0
29,42,8,2013,2,2,2,1,1,1,1,1,1,1,1,5,1,1,9,6,1,1,30,2,2,1
44,42,7,2013,4,2,4,2,1,1,2,1,1,1,1,3,1,1,10,6,1,1,40,2,2,0
2,42,8,2013,3,1,2,2,1,1,1,1,1,1,1,5,1,1,10,6,1,6,25,2,2,2
16,42,9,2013,2,1,1,1,2,1,4,1,1,1,1,2,1,1,14,6,1,1,40,1,2,0
42,42,9,2013,4,3,4,2,1,1,3,1,1,1,1,5,1,1,11,2,1,1,45,2,1,2
49,42,9,2013,3,1,8,2,1,1,1,1,1,1,1,5,1,1,9,5,1,1,30,2,2,0
22,42,9,2013,1,1,4,2,2,1,3,1,1,1,1,1,1,1,9,6,1,1,30,2,2,0
17,42,9,2013,3,1,6,2,1,1,1,1,1,1,1,5,1,1,12,6,1,1,28,2,2,1
37,42,9,2013,3,1,1,2,1,1,1,1,1,1,1,5,1,1,4,6,1,1,48,2,1,3
47,42,10,2013,2,1,4,2,1,1,1,1,1,1,1,5,1,1,8,5,1,1,28,2,2,0
44,42,10,2013,4,1,4,1,2,1,2,1,1,1,1,3,1,1,9,5,1,7,30,2,2,1
10,42,10,2013,2,1,1,2,2,1,2,1,1,1,1,5,1,1,9,5,1,1,26,1,2,0
10,42,11,2013,2,1,8,2,1,1,1,1,1,1,1,5,1,1,9,6,1,1,26,2,2,1
46,42,11,2013,4,1,1,2,2,1,4,1,1,1,1,5,1,2,9,6,1,1,30,2,2,0
12,42,5,2013,3,2,1,2,1,1,1,1,1,1,1,5,1,1,13,6,1,1,30,2,2,1
43,42,8,2013,1,3,6,1,1,1,3,1,1,1,1,5,1,1,13,6,1,1,40,2,2,0
3,42,6,2013,1,7,8,1,1,1,4,2,1,1,1,1,1,1,9,4,1,1,24,1,2,0
45,42,10,2013,2,7,1,2,1,1,1,1,1,1,1,5,1,1,9,5,2,1,30,2,2,0
44,42,11,2013,1,3,5,2,2,1,1,1,1,1,1,1,1,1,13,6,1,1,24,2,2,3
22,42,11,2013,4,7,4,2,1,1,2,1,1,1,1,1,1,1,9,6,1,1,40,1,2,0
22,42,11,2013,1,1,8,2,1,1,2,1,1,1,1,5,1,1,10,6,1,1,38,2,1,0
44,42,9,2013,4,3,4,2,1,1,3,1,1,1,1,5,1,1,9,6,1,1,22,2,2,1
21,42,10,2013,1,1,1,2,2,1,3,1,1,1,2,5,1,1,13,6,1,1,35,1,2,0
21,42,10,2013,3,3,1,2,2,1,1,1,1,1,1,5,1,1,8,2,1,1,28,1,2,0
2,42,11,2013,1,6,2,2,1,2,1,1,1,1,1,5,1,1,9,2,1,3,35,2,2,0
16,42,11,2013,4,1,1,2,1,1,3,1,1,1,1,1,1,1,19,5,1,1,40,2,2,0
32,42,11,2013,3,2,4,2,1,1,1,1,1,1,3,5,1,1,9,6,1,1,30,2,2,0
9,42,11,2013,2,1,1,2,2,1,1,1,1,1,1,5,1,1,9,6,1,1,32,1,2,1
24,42,2,2013,4,1,1,2,2,1,1,1,1,1,1,1,1,1,5,11,1,1,28,2,2,1
24,42,7,2013,3,1,1,2,2,1,1,1,1,1,1,5,3,1,9,6,1,1,35,2,2,0
24,42,9,2013,3,7,1,2,2,1,1,1,1,1,1,5,1,1,9,6,1,1,38,2,2,2
24,42,9,2013,4,2,1,2,2,1,3,1,1,1,1,1,1,1,14,6,2,1,30,1,2,0
8,42,12,2013,3,1,4,2,1,1,1,1,1,1,1,5,1,1,9,6,1,1,35,2,2,1
36,42,12,2013,2,1,4,2,2,1,1,1,1,1,1,5,1,1,6,6,1,1,30,2,2,0
24,42,12,2013,2,7,8,2,2,4,2,2,1,1,1,1,1,1,9,6,1,1,40,2,2,2
34,42,10,2013,4,2,6,2,1,1,3,1,1,1,1,5,1,1,9,5,1,1,30,2,2,0
34,42,12,2013,1,7,4,2,1,1,2,1,1,1,1,5,1,1,9,5,1,7,40,2,2,0
37,42,12,2013,4,3,1,1,1,1,3,1,1,1,1,5,1,1,9,6,1,1,30,1,2,0
45,42,4,2013,3,1,4,2,1,1,1,1,1,1,1,5,1,1,5,6,2,1,30,2,2,2
1,25,2,2013,1,1,3,2,2,1,4,1,1,1,1,3,1,1,12,2,1,1,32,1,2,1
4,25,1,2013,3,1,1,2,2,1,3,1,1,1,1,3,1,1,14,6,1,7,32,1,2,0
3,29,2,2013,3,1,8,2,2,1,1,1,1,1,1,1,1,2,8,6,1,3,33,1,2,2
4,29,4,2013,3,1,1,2,2,1,1,1,1,1,1,3,1,2,14,6,2,7,33,1,2,0
4,26,1,2013,3,1,1,2,2,1,2,2,1,1,1,2,2,1,4,6,1,7,33,1,2,0
7,26,4,2013,3,1,1,1,2,1,1,1,1,1,1,3,1,2,9,6,1,7,33,1,2,1
1,20,1,2013,2,7,8,2,2,1,2,4,1,1,1,3,1,2,12,6,1,7,33,1,2,3
2,20,2,2013,3,3,1,2,1,1,2,1,1,1,2,3,2,1,14,6,1,7,33,1,2,0
1,19,1,2013,2,1,1,2,2,1,1,1,1,1,1,1,1,2,4,6,1,7,35,2,2,0
1,19,3,2013,3,1,1,2,2,1,1,1,1,1,1,3,1,2,4,6,1,7,40,1,2,0
1,18,2,2013,3,1,1,2,2,1,1,1,1,1,1,1,3,1,14,6,1,7,33,1,2,0
1,18,2,2013,1,1,1,2,2,1,2,1,1,1,1,1,2,1,14,6,2,7,33,1,2,0
1,18,4,2013,1,1,1,2,2,1,2,1,1,1,1,3,1,2,14,6,2,7,50,1,2,1
1,18,4,2013,3,1,1,1,2,1,1,1,1,1,1,1,1,1,14,6,1,7,45,1,2,0
2,18,2,2013,3,1,1,2,2,1,1,1,1,1,1,1,2,2,15,6,1,7,33,1,2,0
4,18,3,2013,2,1,1,2,2,1,1,3,1,1,1,3,1,2,14,6,1,7,35,1,2,0
5,18,2,2013,2,7,1,2,2,1,2,1,1,1,1,1,1,2,14,6,2,1,33,1,2,0
5,25,5,2013,2,1,1,2,1,1,1,1,1,1,1,4,1,2,19,6,2,7,24,1,2,1
1,26,6,2013,4,1,1,2,1,1,3,1,1,1,1,1,1,2,9,5,2,4,33,1,2,0
4,26,5,2013,2,1,1,2,2,1,1,1,1,1,1,2,1,2,14,6,2,7,25,1,2,2
1,26,2,2013,2,1,1,2,2,1,1,1,1,1,1,2,1,2,12,6,2,7,32,1,2,0
8,26,8,2013,3,1,1,2,2,1,1,3,1,1,1,1,1,1,14,4,1,4,39,1,2,1
6,26,8,2013,2,1,1,2,2,1,2,1,1,1,2,1,1,1,9,6,1,3,50,1,2,0
8,26,8,2013,3,3,1,2,2,1,1,2,1,1,2,4,1,2,12,6,2,3,33,1,2,0
2,20,8,2013,4,1,1,2,2,1,4,2,1,1,2,4,1,2,19,5,2,6,40,2,2,1
5,21,9,2013,3,7,1,2,2,1,1,1,1,1,1,4,1,2,6,6,1,1,47,2,2,1
1,24,7,2013,2,7,8,2,2,1,1,1,1,1,1,1,1,1,14,6,2,7,33,1,2,1
1,24,6,2013,4,3,1,2,2,1,1,1,1,1,1,1,1,2,9,6,1,2,33,1,2,1
1,24,6,2013,3,1,3,2,2,1,1,1,1,1,1,1,1,2,14,1,1,3,33,1,2,0
2,24,7,2013,1,1,1,2,2,1,1,1,1,1,1,1,1,2,9,6,1,3,33,1,2,0
2,24,12,2013,4,1,1,1,1,1,2,1,1,1,1,1,1,2,14,6,1,3,33,1,2,0
2,24,12,2013,4,1,1,2,2,1,2,1,1,1,1,1,1,2,14,6,1,3,33,1,2,0
3,24,11,2013,4,1,8,2,2,1,2,1,1,1,1,1,1,1,9,6,1,1,33,1,2,0
5,24,6,2013,3,1,4,2,1,1,1,2,1,1,1,1,1,2,9,6,1,1,33,1,2,1
1,22,10,2013,2,1,1,2,2,1,1,1,1,1,1,1,1,2,14,6,1,3,33,1,2,0
1,22,12,2013,3,1,1,2,2,1,1,1,1,1,1,1,1,2,19,6,1,1,33,1,2,0
2,25,4,2013,1,1,1,2,2,1,1,1,1,1,2,3,1,2,4,6,1,3,33,1,2,0
4,25,1,2013,3,1,1,2,2,1,1,1,1,1,1,3,1,2,14,6,1,3,33,1,2,1
4,25,12,2013,4,1,1,2,2,1,2,1,1,1,1,3,1,2,9,6,2,3,33,1,2,0
6,25,11,2013,1,1,1,2,1,1,2,1,1,1,1,2,1,2,4,6,2,3,33,1,2,1
3,18,11,2013,2,1,1,2,2,1,1,1,1,1,1,3,1,2,14,5,1,1,33,1,2,0
5,18,5,2013,1,1,4,1,1,1,1,1,1,1,1,1,1,2,7,6,2,3,33,1,2,1
3,18,5,2013,1,7,1,2,2,1,1,1,1,1,1,3,1,2,9,6,2,1,40,1,2,0
5,18,11,2013,3,1,1,2,2,1,1,1,1,1,1,3,1,1,8,6,1,1,33,1,2,0
6,18,4,2013,4,7,1,2,2,2,2,1,2,1,1,2,1,1,12,6,1,1,35,2,2,1
6,18,5,2013,4,7,1,2,2,1,4,1,1,1,1,2,1,1,12,11,1,1,33,2,2,1
6,18,6,2013,4,1,4,1,1,1,4,1,1,1,1,1,1,1,12,6,1,7,33,1,2,1
6,18,9,2013,1,1,1,2,2,1,1,1,1,1,1,3,1,1,9,6,1,1,38,1,2,0
6,18,10,2013,2,1,1,2,2,1,2,1,1,1,1,1,1,1,12,1,1,1,33,1,2,0
6,18,4,2013,2,2,1,2,2,1,1,1,1,1,1,2,1,1,1,6,1,1,40,2,2,0
2,25,1,2013,4,1,1,2,2,2,4,1,1,1,1,4,1,2,19,5,2,7,25,1,2,0
3,21,4,2013,2,1,1,2,2,1,1,1,1,1,1,1,1,2,9,4,1,7,34,2,2,0
5,21,9,2013,3,7,1,2,2,1,1,1,1,1,1,4,1,2,6,6,1,1,47,2,2,1
6,21,7,2013,2,3,1,2,2,1,1,1,1,1,1,1,1,2,9,6,1,1,33,2,2,0
1,29,4,2013,4,1,1,2,2,1,1,2,2,2,1,2,1,2,6,6,2,1,30,1,2,1
8,26,8,2013,4,1,1,2,2,1,1,1,1,1,1,1,1,2,9,6,1,1,33,1,0,1
6,20,9,2013,1,1,1,2,2,1,2,1,1,1,1,3,1,2,4,6,1,1,38,2,2,0
7,18,1,2013,2,1,1,2,2,4,1,1,1,1,1,1,5,2,12,6,2,1,1,1,1,0
1,19,1,2013,2,1,1,2,2,1,1,1,1,1,1,3,1,2,4,5,1,1,35,2,2,0
8,28,10,2013,3,2,1,1,2,1,2,1,1,1,1,4,1,2,13,6,1,1,33,2,2,0
7,26,4,2013,3,1,1,2,2,1,1,1,1,1,1,3,1,2,10,6,1,2,33,2,2,1
3,21,4,2013,2,1,1,2,2,1,2,1,1,1,1,1,1,2,4,6,1,7,34,2,2,0
1,28,3,2013,3,7,8,2,2,1,1,1,1,1,1,5,1,1,4,5,1,1,38,2,2,0
1,28,2,2013,1,1,2,2,1,2,1,1,1,1,1,5,2,1,14,6,1,1,60,2,2,0
1,28,6,2013,2,3,1,2,2,1,1,1,1,1,1,5,1,1,12,6,1,1,33,1,2,0
5,28,8,2013,3,1,1,2,2,1,1,1,1,1,1,4,1,1,9,6,1,1,33,1,2,0
9,13,1,2013,3,2,1,2,2,1,2,2,1,1,2,4,1,2,4,2,1,1,50,2,2,3
2,13,3,2013,2,1,1,2,2,1,1,1,1,1,2,2,1,2,9,6,1,1,26,2,2,0
4,13,3,2013,2,1,8,2,2,1,1,1,1,1,1,1,1,2,17,5,2,7,33,1,2,0
8,13,6,2013,2,2,1,2,2,1,1,1,1,1,1,1,1,1,8,5,1,1,33,2,2,0
5,13,10,2013,3,1,1,2,2,1,1,1,1,1,1,2,1,2,9,6,1,7,33,2,2,0
1,12,5,2013,2,1,1,2,2,1,1,1,1,1,2,3,1,2,14,6,1,2,38,2,2,0
1,11,8,2013,3,1,3,1,2,1,1,1,1,1,1,3,1,1,4,6,1,1,24,1,2,1
1,11,8,2013,4,1,1,2,2,1,4,1,1,1,1,5,1,1,13,6,1,1,35,2,2,0
9,11,9,2013,4,1,1,2,2,1,4,3,1,1,1,3,1,2,19,6,1,1,33,2,2,0
4,11,11,2013,4,1,1,2,2,1,2,1,1,1,1,3,1,2,4,5,1,1,22,2,2,1
3,15,10,2013,2,1,8,2,2,1,1,1,1,1,1,1,1,2,14,6,1,1,33,2,2,2
7,15,12,2013,4,1,1,1,1,1,2,2,1,1,1,1,1,1,14,5,1,1,33,2,2,0
5,15,4,2013,3,1,1,2,2,1,1,2,1,1,1,3,1,2,14,1,1,1,33,2,2,0
3,15,4,2013,4,2,1,2,2,1,4,1,1,1,1,1,1,2,9,6,1,1,33,1,2,0
3,15,6,2013,1,1,1,2,2,1,2,2,1,1,1,1,1,2,9,6,1,1,33,2,2,0
3,15,6,2013,1,1,1,1,2,1,1,1,1,1,1,1,1,1,14,6,1,1,33,2,2,0
8,17,1,2013,1,1,1,2,2,4,4,1,1,1,1,1,1,2,9,6,1,1,30,1,2,3
7,17,1,2013,2,1,4,2,1,1,1,1,1,1,1,1,1,2,14,10,1,7,33,1,2,0
7,17,1,2013,3,1,1,2,2,1,1,1,1,1,1,1,1,2,7,11,1,1,33,1,2,3
7,17,5,2013,2,1,1,2,2,1,4,1,1,1,1,1,1,1,1,6,1,1,45,1,2,0
7,17,5,2013,2,1,4,2,2,1,4,1,1,1,1,1,1,2,19,4,2,1,45,1,2,0
7,17,6,2013,2,1,1,2,1,1,1,1,1,1,1,1,1,2,13,4,1,1,22,1,2,0
7,17,6,2013,4,1,1,2,1,1,2,1,1,1,1,1,1,2,4,4,1,1,35,1,2,1
6,17,8,2013,2,1,1,1,2,1,1,1,1,1,1,4,1,2,19,11,2,1,25,2,2,0
2,17,8,2013,1,1,1,1,2,1,1,1,1,1,1,3,1,2,9,7,1,1,30,2,2,3
7,17,10,2013,4,3,4,2,1,1,4,2,1,1,2,1,1,2,4,2,1,1,40,2,2,0
10,9,9,2013,2,1,1,2,2,1,1,1,1,1,1,1,2,1,14,6,1,1,33,2,2,1
10,9,1,2013,3,1,1,1,2,1,1,1,1,1,1,3,2,2,13,6,1,7,45,1,2,0
1,9,1,2013,2,1,1,2,2,1,1,1,1,1,1,5,1,2,9,11,1,1,38,2,2,0
10,9,1,2013,2,1,1,2,2,1,2,1,1,1,1,3,1,2,13,6,2,7,28,1,2,0
10,9,2,2013,2,5,1,2,2,1,1,2,1,1,1,1,1,2,19,6,1,7,33,2,2,0
10,9,4,2013,4,1,1,2,2,1,4,2,1,1,1,1,1,2,14,6,1,7,33,1,2,0
1,9,5,2013,2,3,1,1,2,1,1,1,1,1,1,4,1,2,9,6,1,7,33,2,2,0
7,9,10,2013,2,1,8,2,2,1,1,1,1,1,1,1,1,2,19,6,1,1,26,1,2,0
11,9,10,2013,3,1,1,2,2,1,1,1,1,1,1,1,1,2,9,6,1,7,40,1,2,0
12,9,10,2013,2,1,1,2,2,1,1,1,1,1,1,1,1,2,13,6,1,1,33,1,2,0
1,9,6,2013,4,1,1,1,2,1,4,1,1,1,1,1,1,1,7,6,1,7,35,1,2,0
10,9,6,2013,1,1,1,2,2,1,1,1,1,1,1,1,1,2,9,6,1,6,33,2,2,0
10,9,7,2013,1,1,1,1,2,1,4,1,1,1,1,1,1,1,14,6,1,7,41,1,2,0
1,9,7,2013,3,2,4,1,2,1,1,1,1,1,1,1,1,1,13,5,1,7,33,1,2,0
11,9,6,2013,3,3,1,2,2,1,1,1,1,1,1,2,1,2,9,6,1,7,45,2,2,3
12,9,8,2013,3,1,1,2,2,1,1,1,1,1,1,1,1,1,9,6,1,7,38,2,2,0
1,9,9,2013,4,1,1,2,2,1,4,1,1,1,1,1,1,2,14,5,1,7,33,1,2,0
12,9,9,2013,2,1,1,2,2,1,2,1,1,1,1,1,1,2,10,6,1,7,35,1,2,1
10,16,7,2013,1,1,1,1,2,1,2,1,5,1,1,1,1,1,14,4,1,7,48,2,2,0
11,16,7,2013,1,1,1,2,2,1,4,1,1,1,1,1,1,2,19,6,1,1,33,1,2,0
11,16,8,2013,2,1,1,2,1,1,1,1,1,1,1,1,2,2,9,6,1,1,33,1,2,0
10,16,8,2013,2,1,3,2,2,1,1,1,1,1,1,1,1,2,17,4,1,1,33,2,2,0
11,16,9,2013,3,1,1,2,1,1,1,1,1,1,1,1,1,2,7,6,1,1,33,1,2,0
8,16,10,2013,4,1,1,2,1,1,1,1,1,1,1,1,1,1,9,10,1,1,33,2,2,0
11,16,1,2013,3,1,1,2,2,1,1,1,1,1,1,1,1,2,14,6,1,1,33,1,2,0
8,16,1,2013,1,1,1,2,2,4,4,1,1,1,1,1,1,2,9,6,1,1,33,2,2,0
6,16,1,2013,3,1,1,2,2,1,1,1,1,1,1,1,1,2,14,6,1,1,33,2,2,0
10,16,2,2013,1,5,1,1,2,1,3,2,1,1,1,1,1,2,14,5,1,1,38,2,2,0
11,16,2,2013,2,1,1,2,2,1,1,1,1,1,1,1,1,2,7,6,1,1,33,2,2,0
11,16,3,2013,2,1,1,2,2,1,1,1,1,1,1,1,1,2,14,6,1,1,29,2,2,0
11,16,4,2013,2,1,1,2,2,1,1,1,1,1,1,1,1,2,10,6,1,1,33,2,2,0
7,16,4,2013,2,1,1,2,2,1,1,1,1,1,1,1,1,2,9,5,1,1,30,2,2,0
11,16,5,2013,1,1,1,2,2,1,4,1,1,1,1,1,1,2,14,6,1,1,33,1,2,0
11,16,5,2013,1,1,1,2,2,1,2,1,1,1,1,1,1,2,14,7,1,1,33,1,2,0
10,16,6,2013,3,1,1,2,2,1,1,1,1,1,1,1,1,2,1,5,1,7,33,1,0,0
11,16,6,2013,3,1,1,2,2,1,1,1,1,1,1,1,1,2,14,6,1,1,33,1,2,0
11,16,6,2013,2,1,1,2,2,1,1,1,1,1,1,1,1,2,13,6,1,1,33,2,2,0
1,10,2,2013,4,1,1,2,2,1,1,1,1,1,1,5,1,1,19,5,1,7,20,1,0,3
3,12,11,2013,4,1,1,1,2,1,1,1,1,1,1,2,1,2,14,6,2,1,33,1,2,0
7,11,6,2013,3,1,1,1,2,1,1,1,1,2,2,4,1,2,14,6,1,1,33,2,2,3
10,16,1,2013,3,2,1,2,2,1,2,1,1,1,1,1,1,2,10,5,1,1,50,2,1,0
11,16,1,2013,1,1,1,2,2,1,1,1,1,1,1,1,1,2,1,6,1,1,33,2,2,0
7,16,11,2013,3,2,1,2,1,1,1,1,1,1,1,1,1,2,9,6,1,1,33,2,2,0
1,11,4,2013,2,3,3,2,2,1,1,1,1,1,1,2,1,2,9,6,1,1,33,1,0,0
7,11,2,2013,1,1,1,2,2,1,1,2,1,1,2,3,1,2,14,3,1,1,45,2,2,0
1,15,5,2013,1,1,1,2,2,3,1,1,2,1,1,1,1,1,14,1,1,1,33,2,2,0
9,17,3,2013,2,1,1,2,2,1,1,1,1,3,2,4,1,2,17,4,1,1,33,2,2,0
5,17,6,2013,2,1,1,2,2,1,1,2,1,1,1,3,1,2,9,1,1,4,33,2,2,1
6,17,8,2013,2,1,1,2,2,1,1,1,1,1,2,3,1,2,5,6,1,7,25,2,2,0
12,9,6,2013,2,1,1,2,2,1,1,1,1,1,1,1,1,2,14,6,1,1,33,1,2,0
12,9,4,2013,2,1,1,2,2,1,1,1,1,1,1,1,1,2,13,6,1,1,33,2,2,0
1,9,1,2013,2,1,1,1,2,1,1,1,1,1,1,1,1,1,13,6,2,1,33,2,2,0
10,9,1,2013,4,1,1,1,2,1,2,1,1,1,1,1,1,2,14,8,1,1,33,2,2,0
11,9,9,2013,2,1,1,2,2,1,1,1,1,1,1,4,1,2,13,6,1,1,33,2,2,1
5,13,1,2013,4,3,8,2,2,1,2,1,1,1,1,2,1,2,4,6,1,1,33,2,1,0
4,13,3,2013,3,1,1,1,1,1,1,1,1,1,1,2,1,1,14,6,1,1,33,2,2,0
9,13,3,2013,3,1,1,2,2,1,1,1,1,1,1,4,1,2,8,5,2,1,35,2,2,0
8,13,6,2013,2,1,1,2,2,1,1,1,1,1,1,3,1,1,4,6,1,2,2,2,2,3
8,13,7,2013,2,2,1,1,2,1,1,1,1,1,1,1,1,2,9,5,1,2,33,2,2,0