Thana,District,Month,Year,Time,Junction_Type,Traffic_Control,Movement,Divider,Weather,Light,Road_Geometry,Surface_Condition,Surface_Type,Surface_Quality,Road_Class,Road_Feature,Location_Type,Vehicle_Type,Vehicle_Movement,Vehicle_Loading,Vehicle_Defect,Vehicle_Driver_Age,Vehicle_Alcohol,Vehicle_Seat_Belt,Accident_Severity
1,2,3,2013,2,1,1,2,2,1,1,1,1,1,1,3,1,2,14,6,1,1,33,2,2,0
1,2,8,2013,2,1,1,2,2,1,1,1,1,1,1,1,1,1,14,6,1,1,35,2,2,0
1,2,9,2013,4,1,1,2,2,1,2,1,1,1,1,1,1,2,14,6,1,1,33,2,2,0
3,6,2,2013,3,1,1,2,2,1,1,1,1,1,1,1,1,2,9,9,1,1,33,2,2,0
3,6,5,2013,4,1,1,2,2,1,1,1,1,1,1,1,1,2,9,6,1,1,33,2,1,1
3,6,5,2013,2,1,1,2,2,1,1,1,1,1,1,4,1,2,14,6,1,1,33,2,2,0
2,6,7,2013,3,1,1,2,2,1,1,2,1,1,1,1,1,2,9,6,1,1,45,2,2,0
1,6,8,2013,2,1,1,1,1,1,1,1,1,1,1,1,1,1,12,2,1,1,35,2,2,1
7,7,1,2013,2,1,1,2,2,4,1,1,1,1,1,3,1,2,9,9,1,1,38,2,2,1
2,7,1,2013,2,1,1,2,2,4,1,1,1,1,1,3,1,2,8,6,1,1,33,2,2,1
3,8,2,2013,1,1,2,2,1,1,1,1,1,1,1,1,1,2,9,6,1,1,33,2,2,0
10,7,7,2013,1,1,1,2,2,2,4,1,2,1,1,3,4,2,4,6,1,1,35,1,2,0
2,7,7,2013,1,1,1,2,1,1,1,1,1,1,1,3,1,2,8,6,1,1,45,2,2,0
5,6,11,2013,4,1,1,2,2,1,2,2,1,1,1,1,1,2,14,5,1,1,33,1,2,1
5,2,11,2013,3,1,1,2,2,1,1,1,1,1,1,3,1,2,1,6,1,1,33,2,2,3
1,1,10,2013,3,1,1,2,2,1,1,1,1,1,1,4,1,2,4,6,1,1,40,2,2,1
3,1,6,2013,3,1,1,2,2,1,1,1,1,1,1,1,1,2,14,6,1,1,33,1,2,0
8,3,5,2013,4,1,1,2,2,1,2,1,1,1,1,2,1,2,13,6,1,1,30,2,2,0
5,3,6,2013,1,1,2,2,1,1,1,2,1,1,1,3,1,2,17,6,1,1,25,2,2,0
3,3,6,2013,4,1,1,2,2,1,2,1,2,1,1,1,1,2,12,6,1,1,30,2,2,0
8,3,7,2013,4,1,1,2,2,1,3,1,1,1,1,1,1,1,14,6,1,1,35,2,2,0
6,3,8,2013,3,1,1,2,2,1,1,1,1,1,1,3,1,1,14,6,1,1,42,2,2,0
13,3,10,2013,1,1,1,2,2,1,2,1,1,1,1,1,1,2,8,6,1,1,46,2,2,0
13,3,11,2013,2,1,1,2,2,1,1,1,1,1,1,3,4,2,4,6,1,1,25,2,2,0
3,8,5,2013,3,1,2,2,2,1,1,1,1,1,1,1,1,2,8,6,1,1,33,2,2,0
1,8,9,2013,4,1,1,2,2,1,2,1,1,1,1,4,1,2,17,6,2,1,33,2,2,0
3,8,10,2013,3,1,1,2,2,1,1,1,1,1,1,5,1,2,4,6,1,1,43,2,2,0
1,5,1,2013,2,1,1,1,1,1,1,1,1,1,1,5,1,1,14,6,1,3,26,1,2,0
1,5,5,2013,1,1,2,2,2,1,1,1,1,1,1,1,1,1,9,6,1,3,33,1,2,0
3,5,10,2013,1,1,2,2,2,1,1,1,1,1,1,1,1,2,10,6,1,1,33,2,2,0
8,5,6,2013,4,1,1,2,2,1,2,1,1,1,1,1,1,2,9,6,1,1,33,2,2,0
8,5,9,2013,1,1,2,2,2,1,1,1,1,1,1,1,1,2,16,6,1,1,33,2,2,0
8,5,12,2013,4,1,1,2,2,4,4,1,1,1,1,1,1,2,14,10,1,1,33,2,2,0
2,8,9,2013,2,1,1,2,2,1,1,1,1,1,1,3,1,1,4,5,1,1,25,2,2,1
6,5,4,2013,1,1,1,2,2,1,4,1,1,1,1,1,1,2,11,6,1,1,22,2,2,2
6,5,12,2013,1,1,1,2,2,2,2,1,1,1,1,1,1,2,14,6,1,1,33,1,2,0
3,8,12,2013,3,1,1,2,2,1,1,1,1,1,1,1,1,1,14,6,1,1,32,2,2,0
1,7,11,2013,2,2,1,2,2,1,1,2,1,1,1,3,1,2,17,6,1,1,22,2,2,0
7,7,12,2013,2,1,1,2,2,1,1,1,1,1,1,3,1,1,14,6,1,3,40,2,2,0
2,4,1,2013,4,1,1,2,2,1,2,1,1,1,1,3,1,2,4,6,1,1,35,2,2,0
6,4,5,2013,2,1,1,2,2,1,1,1,1,1,1,3,1,1,4,6,1,1,57,2,2,1
2,4,7,2013,3,1,1,2,2,1,1,1,1,1,1,3,1,2,14,6,1,1,31,2,2,0
1,4,7,2013,3,1,1,2,2,1,1,1,1,1,1,3,1,2,8,6,1,1,45,2,2,0
6,3,7,2013,2,1,1,2,2,1,1,3,1,1,1,1,5,2,8,2,1,1,56,2,2,0
6,3,7,2013,1,1,1,2,2,1,2,1,1,1,1,1,5,1,2,4,1,1,33,2,2,0
1,3,4,2013,1,1,4,2,1,3,1,1,1,1,3,1,2,1,4,6,1,1,22,2,2,0
3,14,5,2013,4,4,1,2,2,2,2,2,2,1,1,3,1,1,19,4,1,7,30,2,2,3
4,14,3,2013,3,7,8,2,2,1,1,1,1,1,1,5,1,2,4,5,1,3,35,2,2,0
2,14,7,2013,2,4,1,2,2,1,1,1,1,1,1,5,1,1,9,2,1,1,35,2,2,0
3,14,8,2013,3,7,8,2,2,1,1,4,1,1,1,5,1,1,14,2,1,7,33,1,2,0
4,14,12,2013,2,1,1,2,2,4,2,1,2,1,1,1,1,1,14,11,1,7,33,1,0,0
2,14,11,2013,2,1,1,1,2,1,1,1,1,1,1,1,1,1,19,5,1,2,33,2,2,0
1,53,2,2013,3,7,1,2,2,1,1,1,1,1,1,2,1,2,13,6,1,7,33,2,2,0
12,53,9,2013,4,7,1,2,2,1,3,1,1,1,1,1,1,1,9,6,1,7,33,2,2,0
2,55,3,2013,2,1,1,2,2,1,4,1,1,1,1,4,1,2,14,6,1,7,33,2,2,0
1,55,6,2013,3,1,1,1,1,1,1,1,1,1,1,2,1,1,11,11,1,7,33,1,2,0
6,55,9,2013,2,1,1,2,2,1,1,1,1,1,1,2,1,2,5,5,1,7,30,1,2,0
8,54,6,2013,3,1,1,2,2,1,1,1,1,1,1,1,1,2,4,11,1,7,33,2,2,1
4,54,11,2013,4,7,1,2,2,1,1,1,1,1,2,4,1,2,14,6,1,7,33,2,2,0
1,56,1,2013,4,1,1,2,2,1,1,1,1,1,1,5,1,1,5,6,1,1,33,2,2,1
5,56,11,2013,2,1,1,2,2,1,1,1,1,1,1,1,1,1,9,6,1,1,45,2,2,0
9,56,12,2013,3,1,1,2,1,1,1,1,1,1,1,1,1,2,14,11,1,7,35,2,2,0
3,56,8,2013,4,1,1,2,2,1,1,1,1,1,1,1,1,2,12,6,1,1,33,2,2,0
6,34,4,2013,1,1,1,2,2,1,2,1,1,1,1,1,1,2,14,6,1,1,33,2,2,1
6,34,6,2013,4,1,1,2,2,1,1,1,1,1,1,1,1,2,9,11,1,7,33,2,2,0
5,33,9,2013,1,7,1,2,2,1,1,1,1,1,1,4,1,2,4,6,2,7,33,2,2,0
9,64,7,2013,4,1,1,1,1,1,3,1,1,1,1,1,1,1,14,6,1,1,33,2,2,0
7,64,3,2013,3,1,4,1,1,1,1,1,1,1,1,5,1,1,14,5,1,1,40,1,2,0
2,64,11,2013,2,1,1,2,2,1,1,1,1,1,1,5,1,1,8,6,1,1,33,1,2,1
6,64,8,2013,4,1,1,1,1,1,3,1,1,1,1,5,1,1,9,6,1,1,28,1,2,0
4,64,4,2013,3,1,5,2,1,1,1,1,1,1,1,5,1,1,14,5,1,1,36,2,2,0
4,64,7,2013,3,2,4,2,2,1,1,4,1,1,1,5,2,1,9,5,1,1,33,1,2,0
11,64,5,2013,2,6,1,2,2,2,2,3,2,1,1,5,4,1,5,6,2,1,33,2,2,0
9,57,2,2013,2,7,1,2,2,1,1,1,1,1,1,1,1,2,16,6,1,7,33,2,2,0
8,57,4,2013,3,7,8,2,2,1,2,1,1,1,1,1,1,2,13,6,1,1,22,2,2,0
9,57,2,2013,2,7,1,2,2,1,1,1,1,1,1,1,1,1,16,6,1,1,33,2,2,0
5,57,9,2013,4,7,8,1,2,1,2,1,1,1,1,3,1,2,17,5,1,1,35,2,2,0
1,61,7,2013,3,7,8,2,2,1,1,1,1,1,1,1,1,2,16,5,1,7,40,1,1,1
1,61,8,2013,2,7,8,2,2,1,1,1,1,1,1,1,1,2,9,5,1,7,25,1,0,0
1,61,8,2013,2,7,1,2,2,1,1,4,1,1,1,1,1,1,10,5,1,7,33,1,2,0
1,61,10,2013,2,7,1,2,2,1,1,1,1,1,1,1,1,2,9,11,1,7,33,2,2,0
1,61,10,2013,3,2,1,2,2,1,1,1,1,1,1,1,1,2,9,11,1,2,33,2,2,0
1,61,6,2013,2,7,8,2,2,2,1,1,2,1,1,1,1,1,14,6,1,7,33,2,2,0
1,61,5,2013,2,7,1,2,2,1,1,1,1,1,1,1,1,2,14,6,1,7,33,2,2,0
1,61,5,2013,2,7,1,2,1,1,1,1,1,1,1,1,1,2,9,6,1,7,45,2,2,0
1,61,5,2013,2,7,1,2,2,1,1,1,1,1,1,1,1,2,9,11,1,7,33,2,2,0
1,61,2,2013,3,7,1,2,2,1,1,1,1,1,1,1,1,2,14,5,1,7,33,2,2,0
1,61,1,2013,2,7,1,2,2,1,1,1,1,1,1,1,1,2,14,11,1,7,33,2,2,0
1,65,5,2013,2,7,1,2,2,2,1,2,2,1,1,1,1,2,9,6,1,1,33,2,2,0
5,59,9,2013,5,3,1,2,2,1,1,1,1,1,2,3,4,2,12,6,1,1,25,1,0,0
5,59,11,2013,1,1,2,2,2,1,1,1,1,1,1,1,1,1,17,6,1,2,33,1,2,0
11,67,8,2013,1,7,8,1,2,1,1,3,1,1,1,3,1,2,11,1,2,6,24,2,2,0
5,66,11,2013,2,1,1,1,1,1,2,2,1,1,1,3,1,2,14,2,2,1,34,1,2,3
1,58,8,2013,2,1,2,1,1,1,1,2,1,1,1,1,1,2,14,6,1,2,32,1,2,3
13,58,6,2013,2,7,1,2,2,1,2,1,1,1,1,3,1,1,14,6,1,6,33,2,2,0
13,58,7,2013,4,2,1,2,2,1,2,1,1,1,1,2,1,1,12,6,1,2,33,1,2,0
13,58,9,2013,1,7,1,2,2,1,4,1,1,1,1,2,1,2,9,6,1,2,33,1,0,0
13,58,2,2013,3,7,1,2,2,1,1,2,1,1,1,2,1,2,9,6,1,6,45,2,2,0
2,58,8,2013,1,1,8,2,2,1,2,1,1,1,1,1,1,2,15,6,1,2,33,1,0,0
7,58,5,2013,2,1,1,2,2,1,1,1,1,1,1,1,1,2,15,5,2,1,33,2,2,0
7,58,6,2013,3,1,1,2,2,1,1,1,1,1,1,1,1,2,14,6,1,2,33,1,2,1
7,58,7,2013,1,1,1,2,2,1,4,1,1,1,1,1,1,2,12,10,1,6,33,2,2,0
7,58,8,2013,2,1,1,2,2,1,1,1,1,1,1,1,1,2,11,5,1,1,33,2,1,1
7,58,8,2013,2,1,1,2,2,1,1,1,1,1,1,1,1,2,9,5,1,1,33,2,1,0
7,58,9,2013,1,1,1,2,2,1,4,1,1,1,1,1,1,2,14,6,1,1,45,2,2,0
7,58,10,2013,3,1,1,2,2,1,1,4,1,1,1,1,1,2,9,5,1,1,43,2,1,0
8,63,1,2013,2,1,2,2,2,1,1,1,1,1,1,1,1,2,9,2,1,2,33,1,2,0
8,63,9,2013,2,2,2,2,2,1,1,1,1,1,1,1,1,2,15,6,1,2,32,1,0,0
8,63,3,2013,1,2,2,2,2,1,3,1,1,1,1,1,1,2,15,1,2,1,35,1,2,0
7,63,5,2013,2,1,1,2,2,1,1,1,1,1,1,1,1,2,17,5,1,6,22,2,2,0
14,63,3,2013,2,7,1,2,2,1,1,1,1,1,1,1,1,2,14,6,1,1,33,1,2,0
10,63,10,2013,4,1,1,2,2,1,2,1,1,1,1,3,1,2,7,6,1,2,33,1,2,0
14,63,10,2013,1,1,1,2,2,1,1,1,2,1,1,1,1,2,9,6,1,2,33,1,0,0
14,63,10,2013,1,3,1,2,2,1,1,1,1,1,1,1,1,2,10,6,1,2,25,2,2,0
14,63,8,2013,2,3,1,2,2,2,2,1,2,1,1,1,1,2,13,6,1,2,25,2,2,0
14,63,6,2013,3,1,2,2,2,1,3,1,1,1,1,1,1,2,12,5,1,1,33,1,2,0
1,60,7,2013,2,1,2,2,2,1,2,1,1,1,1,4,1,2,14,6,1,2,33,1,0,0
1,65,1,2013,4,2,1,2,2,3,3,2,1,1,1,2,1,1,14,2,2,1,33,2,2,0
13,58,1,2013,2,2,1,2,2,1,1,2,1,1,1,2,1,2,13,6,1,1,28,2,2,0
1,47,3,2013,4,7,1,2,2,1,1,1,1,1,1,1,1,2,14,11,1,7,33,2,2,0
9,47,4,2013,4,1,1,2,2,1,1,1,1,1,1,1,1,2,9,4,1,7,33,2,2,1
9,38,4,2013,3,7,8,2,2,1,1,1,1,1,1,1,1,2,8,11,1,7,33,2,2,0
2,43,5,2013,3,7,1,2,2,1,1,1,1,1,1,1,1,2,8,6,1,7,33,2,2,0
2,47,9,2013,3,1,8,2,2,1,2,1,1,1,1,1,1,2,9,5,1,7,33,2,2,0
5,45,10,2013,4,1,1,2,2,1,1,1,1,1,1,1,1,2,8,11,1,7,33,2,2,0
1,47,10,2013,4,1,4,2,2,1,1,1,1,1,1,1,1,2,8,11,1,7,33,2,2,0
9,47,10,2013,4,1,8,2,2,1,1,1,1,1,1,1,1,2,9,11,1,7,33,2,2,0
2,39,6,2013,3,2,6,2,2,2,1,1,1,1,1,1,1,2,11,6,1,7,33,2,2,0
4,35,7,2013,4,1,1,2,2,2,1,1,1,1,1,1,1,2,9,9,1,7,33,2,2,0
9,47,1,2013,3,1,1,2,2,1,1,1,1,1,1,1,1,2,14,5,1,7,33,2,2,0
1,38,9,2013,3,1,1,2,2,1,1,1,1,1,1,1,1,2,14,6,1,7,30,2,2,0
1,39,2,2013,3,1,1,2,2,1,1,1,1,1,1,1,1,2,14,6,1,7,37,2,2,0
1,46,10,2013,2,7,1,2,2,1,1,1,1,1,1,1,1,2,9,11,1,7,33,2,2,0
3,44,5,2013,4,7,1,2,2,1,1,1,1,1,1,1,1,2,15,11,1,7,21,2,2,0
3,41,7,2013,3,7,1,2,2,1,1,1,1,1,1,1,1,2,9,9,1,7,33,2,2,0
5,40,5,2013,3,1,1,2,2,1,1,1,1,1,1,1,1,2,5,6,1,7,20,2,2,0
5,40,3,2013,1,1,1,2,2,1,1,1,1,1,1,1,1,2,9,11,1,7,33,2,2,3
1,40,6,2013,2,1,1,2,2,1,1,1,1,1,1,1,1,2,8,11,1,7,33,2,2,1
1,40,1,2013,3,7,1,2,2,1,1,1,1,1,1,1,1,2,14,11,1,7,33,2,2,0
1,40,2,2013,3,1,1,2,2,1,1,1,1,1,1,1,1,2,14,5,1,7,28,2,2,3
6,40,8,2013,4,7,1,2,2,1,1,1,1,1,1,1,1,2,9,11,1,7,33,2,2,0
3,34,12,2013,4,7,1,2,2,1,1,1,1,1,1,2,1,2,8,11,1,7,33,2,2,1
1,49,12,2013,3,7,1,2,2,1,1,1,1,1,1,2,1,2,14,6,1,7,33,2,2,0
1,41,12,2013,2,7,1,2,2,2,1,1,1,1,1,1,1,2,8,11,1,7,33,2,2,0
2,45,8,2013,4,1,1,2,2,1,1,1,1,1,1,1,1,2,14,11,1,7,33,2,2,0
2,47,8,2013,4,1,8,2,2,1,1,1,1,1,1,1,1,2,14,2,1,7,33,2,2,3
3,38,3,2013,2,1,4,2,1,1,1,1,1,1,1,1,1,2,13,11,1,7,42,2,2,1
32,42,1,2013,4,7,8,2,2,1,2,2,1,1,1,5,1,1,4,1,1,1,23,2,2,1
13,42,1,2013,3,7,8,1,2,1,1,1,1,1,1,1,1,1,8,1,1,7,30,1,2,1
25,42,1,2013,4,5,1,1,2,1,3,1,1,1,1,5,1,1,4,1,1,1,32,2,2,0
43,42,1,2013,3,1,1,1,1,1,1,1,1,1,1,5,1,1,9,6,1,1,25,2,2,0
23,42,2,2013,2,7,8,1,1,1,3,3,1,1,1,1,1,1,15,6,1,7,25,2,1,2
18,42,2,2013,4,1,1,2,1,1,2,1,1,1,1,5,1,1,6,5,1,1,35,1,2,0
25,42,3,2013,3,7,8,2,1,1,1,1,1,1,1,1,1,2,9,6,1,1,30,1,2,0
12,42,3,2013,3,3,8,2,1,1,3,1,1,1,1,5,1,1,10,3,1,1,25,2,1,1
15,42,4,2013,1,7,1,1,1,1,2,1,1,1,1,5,1,1,7,6,1,1,30,2,2,2
22,42,4,2013,3,1,2,2,1,1,1,1,1,1,1,1,1,1,9,6,1,1,28,1,2,0
16,42,5,2013,1,7,8,2,2,1,2,1,1,1,1,5,1,1,7,6,1,1,35,2,2,0
16,42,3,2013,3,1,4,2,1,1,1,1,1,1,1,1,1,1,9,6,1,1,38,2,2,0
13,42,4,2013,3,7,8,2,1,1,3,1,1,1,1,1,1,1,10,6,1,1,50,2,2,3
34,42,5,2013,3,1,1,2,2,1,1,1,1,1,1,5,1,1,11,6,1,1,30,2,2,0
23,42,6,2013,4,4,6,1,1,1,3,1,1,1,1,5,1,1,10,2,1,1,30,2,1,2
44,42,6,2013,4,1,4,2,2,1,3,1,1,1,1,5,1,1,7,6,1,1,40,1,2,1
28,42,6,2013,4,3,1,1,2,1,3,1,1,1,1,5,1,1,4,2,1,1,35,2,2,0
47,42,6,2013,2,2,4,1,2,1,1,1,1,1,1,5,1,1,2,3,1,1,35,2,2,0
29,42,2,2013,2,1,4,2,1,1,2,1,1,1,1,5,1,1,6,6,1,1,25,2,2,0
29,42,4,2013,4,2,1,2,1,1,3,1,1,1,1,5,5,1,14,5,1,1,48,2,2,1
29,42,5,2013,3,2,1,2,1,1,3,1,1,1,1,5,1,1,14,6,1,1,28,2,2,0
42,42,6,2013,2,1,4,1,1,1,2,1,1,1,1,1,1,1,4,6,1,1,25,2,2,0
9,42,3,2013,3,1,4,1,1,1,1,1,1,1,1,5,1,1,10,6,1,1,38,2,2,1
9,42,5,2013,1,2,4,1,1,1,2,1,1,1,1,5,1,1,14,6,1,1,28,2,2,2
9,42,6,2013,2,1,1,1,1,1,1,1,1,1,1,5,1,1,5,6,1,1,30,2,2,2
9,42,7,2013,4,1,1,1,1,1,3,1,1,1,1,5,1,1,14,6,1,1,33,2,2,2
8,42,7,2013,4,4,4,2,1,1,3,1,1,1,1,5,1,1,6,6,1,1,25,2,2,0
37,42,8,2013,4,2,8,2,1,1,3,1,1,1,1,1,1,1,4,4,1,7,20,2,1,1
37,42,8,2013,4,1,8,2,1,1,2,1,1,1,1,5,1,1,10,6,1,1,25,2,2,2
7,42,8,2013,2,1,1,2,1,1,1,1,1,1,1,5,1,1,9,5,1,1,32,2,2,0
44,42,8,2013,2,2,3,1,1,1,2,1,1,1,1,5,1,1,8,4,1,1,50,1,2,1
1,42,3,2013,4,3,1,2,1,1,3,1,1,1,1,5,1,1,7,6,1,1,37,2,2,3
14,42,9,2013,1,1,1,1,2,1,3,1,1,1,1,1,1,1,12,7,1,1,28,2,2,0
39,42,10,2013,4,3,1,2,1,1,3,1,1,1,1,5,1,1,10,4,1,1,40,1,2,1
13,42,11,2013,3,1,8,1,1,1,1,1,1,1,1,1,1,1,9,6,1,1,30,2,2,1
3,42,11,2013,3,1,2,2,1,1,1,1,1,1,1,5,1,1,6,2,1,1,22,2,2,1
42,42,12,2013,2,1,2,1,1,1,1,1,1,1,1,1,5,1,12,1,1,1,30,1,2,3
15,42,12,2013,2,7,4,1,1,1,1,1,1,1,1,5,1,1,9,6,1,1,45,2,2,3
27,42,8,2013,2,1,4,2,1,1,1,1,1,1,1,5,1,1,9,6,1,1,40,2,2,3
10,42,11,2013,3,7,8,1,1,1,1,1,1,1,1,5,1,1,6,11,1,7,26,2,2,3
10,42,11,2013,3,1,8,2,1,1,1,1,1,1,1,5,1,1,6,11,1,7,26,1,2,1
33,42,2,2013,2,1,2,2,1,3,1,1,1,1,1,1,1,1,5,1,1,2,25,2,1,3
1,42,8,2013,4,6,8,2,1,1,3,1,1,1,1,5,1,1,9,6,1,7,30,2,2,0
4,26,1,2013,2,1,1,1,2,1,1,1,1,1,1,2,1,2,9,6,1,7,33,1,2,0
6,21,4,2013,1,1,8,2,2,1,4,1,1,1,1,1,1,2,14,6,2,7,33,1,2,1
7,25,5,2013,2,1,1,1,2,1,1,1,1,1,1,4,1,2,14,6,2,1,33,1,2,1
7,25,5,2013,4,1,1,2,2,1,2,1,1,1,1,3,1,2,4,6,2,7,32,1,2,1
5,26,9,2013,3,5,1,2,2,1,1,2,1,1,1,1,1,2,9,1,2,1,23,1,2,0
1,29,2,2013,3,1,1,2,2,1,1,1,1,1,1,2,1,1,14,5,1,1,40,2,2,0
5,29,5,2013,5,1,1,2,2,1,1,1,1,1,1,2,1,1,9,5,1,7,33,1,2,1
4,20,5,2013,2,1,1,2,2,1,1,1,1,1,1,3,1,1,4,6,2,7,37,1,2,0
6,21,3,2013,4,7,1,2,2,1,4,1,1,1,1,1,1,1,14,10,1,7,33,1,2,0
1,25,6,2013,3,1,1,2,2,1,1,1,1,1,1,1,1,2,4,6,1,3,33,1,2,0
1,25,12,2013,1,1,3,2,2,1,1,3,1,1,1,4,1,2,4,6,2,3,33,1,2,0
1,18,6,2013,3,7,1,2,2,1,1,1,1,1,1,1,1,1,14,6,1,1,40,1,2,3
1,18,7,2013,1,7,1,2,2,1,4,2,1,1,1,1,1,1,14,11,1,7,33,1,2,0
1,18,11,2013,1,1,1,2,2,1,1,1,1,1,1,2,1,1,14,5,1,1,30,2,2,0
6,18,10,2013,2,1,1,2,2,1,1,2,1,1,1,1,1,1,9,6,1,1,46,2,2,0
7,18,7,2013,1,7,1,2,2,1,1,1,1,1,1,1,1,1,9,11,1,2,33,2,2,3
1,18,2,2013,2,1,1,2,2,1,1,1,1,1,1,5,1,2,4,6,1,7,36,1,2,1
6,21,4,2013,1,1,8,2,1,4,1,1,1,1,1,1,2,1,14,6,2,2,33,2,2,1
5,25,3,2013,2,1,1,2,2,1,1,1,1,1,1,3,1,2,8,5,1,1,35,2,2,0
6,18,9,2013,1,1,1,1,2,1,4,1,1,1,1,3,1,2,14,10,1,3,22,2,2,0
5,28,5,2013,2,1,1,2,1,1,1,1,1,1,1,4,1,1,14,11,1,1,20,1,2,0
5,28,8,2013,3,1,1,2,1,2,1,1,2,1,1,5,1,1,9,2,1,1,47,1,2,0
1,28,9,2013,4,1,1,2,1,1,2,1,1,1,1,5,1,1,9,6,1,1,26,1,2,0
2,28,10,2013,2,1,1,2,2,1,1,1,1,1,1,5,1,1,10,5,1,1,33,2,2,1
6,13,1,2013,3,1,4,2,1,1,1,1,1,1,1,1,1,2,13,6,1,3,33,2,2,0
8,13,3,2013,1,1,1,2,2,1,1,1,1,1,1,1,1,1,14,6,1,1,33,2,2,0
5,13,3,2013,4,1,1,1,2,1,2,1,1,1,1,2,1,2,14,4,2,1,33,1,2,0
8,13,5,2013,3,1,1,2,2,1,1,1,1,1,1,1,1,2,6,6,1,1,35,1,2,3
5,13,6,2013,2,2,1,2,2,1,1,1,1,1,1,1,1,1,8,6,1,1,35,2,2,0
8,13,7,2013,2,1,1,1,2,1,1,1,1,1,1,1,2,2,9,6,1,1,33,2,2,0
1,12,6,2013,2,7,1,2,2,1,1,1,1,1,2,2,1,2,4,6,1,7,20,2,2,0
3,13,11,2013,2,1,1,1,2,1,1,1,1,1,1,2,1,2,14,6,2,1,33,1,2,0
1,11,4,2013,4,3,1,2,2,1,2,1,1,1,1,5,1,1,19,6,2,7,25,2,2,0
5,17,8,2013,4,1,1,2,2,1,3,1,1,1,1,3,1,2,1,6,1,3,33,2,2,0
12,9,4,2013,2,1,1,1,2,1,1,1,1,1,1,1,1,2,13,6,1,1,33,1,2,0
12,9,6,2013,3,1,1,1,2,1,1,1,1,1,1,1,1,2,9,4,1,7,33,1,2,0
1,17,2,2013,2,2,1,2,2,4,1,1,1,1,1,1,1,2,14,6,1,1,33,1,2,0
9,16,10,2013,2,1,1,2,2,1,1,1,1,1,1,1,1,2,5,6,1,1,50,2,2,0
11,16,4,2013,1,1,1,2,2,1,1,1,1,1,1,1,1,2,14,6,1,1,35,2,2,0
7,16,10,2013,2,1,2,2,2,1,1,1,1,1,1,1,1,2,5,10,1,1,50,2,2,0
1,9,6,2013,1,1,1,2,2,2,4,1,2,1,1,1,1,2,16,5,1,1,33,2,2,0
1,2,5,2013,3,1,1,2,2,1,1,1,1,1,1,1,1,1,10,6,1,1,33,2,1,0
4,8,4,2013,4,1,1,2,2,1,2,1,2,1,1,1,1,2,9,6,1,1,33,2,2,3
1,2,11,2013,2,1,1,2,2,1,1,1,1,1,1,4,1,2,1,6,1,1,30,2,2,0
6,3,5,2013,3,1,1,2,2,1,1,1,1,1,1,1,1,2,10,6,1,1,33,2,2,1
3,8,5,2013,4,1,1,2,2,1,4,1,1,1,1,1,1,2,9,6,1,1,33,2,2,0
4,8,7,2013,2,1,1,2,2,1,2,1,1,1,1,1,1,2,9,6,1,1,50,2,2,0
3,8,7,2013,1,1,1,2,2,1,1,1,1,1,1,1,1,2,14,6,1,1,34,2,2,0
8,5,12,2013,1,1,8,2,1,1,1,1,1,1,1,1,1,2,9,6,1,1,33,2,2,0
6,5,1,2013,4,1,1,2,2,1,4,1,1,1,1,1,1,2,9,6,1,1,33,2,2,0
4,5,7,2013,2,1,1,2,2,1,1,1,1,1,1,2,1,2,9,6,1,1,30,2,2,3
7,3,8,2013,2,3,1,2,2,2,1,1,2,1,1,2,1,1,8,1,1,1,45,2,2,0
6,3,4,2013,3,1,1,2,2,1,1,1,1,1,1,1,1,2,10,4,1,1,25,2,2,0
6,70,5,2013,3,3,1,2,2,1,1,1,1,1,1,2,1,2,13,6,1,1,35,2,2,0
1,70,1,2013,3,2,4,2,2,1,1,1,1,1,1,5,2,1,5,5,1,1,35,2,2,1
1,70,6,2013,4,1,2,2,2,1,3,1,1,1,1,5,2,1,14,5,1,1,30,1,2,0
3,70,2,2013,3,7,8,2,2,1,1,1,1,1,1,5,1,2,5,6,1,1,35,2,2,0
3,70,3,2013,4,7,1,2,2,1,4,1,1,1,1,5,1,2,5,6,1,7,30,2,2,0
5,70,2,2013,3,1,1,2,2,1,1,1,1,1,1,5,3,2,8,6,1,1,30,2,2,0
5,70,3,2013,4,7,1,2,2,1,4,1,1,1,1,5,1,2,14,6,1,1,30,2,2,0
2,70,2,2013,3,1,1,2,2,1,1,1,1,1,1,5,1,1,5,6,1,1,26,2,2,0
3,53,1,2013,3,7,1,2,2,1,1,1,1,1,1,2,1,2,19,2,1,7,33,2,2,0
12,53,2,2013,2,5,8,2,2,1,2,1,1,1,1,2,1,2,13,11,1,7,33,1,2,0
6,53,2,2013,4,7,1,2,2,1,1,1,1,1,1,2,1,2,4,11,1,7,32,2,2,0
5,53,6,2013,4,1,1,2,2,1,1,1,1,1,1,4,1,2,6,4,1,1,48,2,2,0
12,53,5,2013,4,3,1,2,2,1,1,1,1,1,1,2,4,2,8,6,1,7,33,2,2,0
6,55,7,2013,3,7,1,2,2,1,1,2,1,1,1,1,1,2,9,2,1,7,50,2,2,0
1,55,8,2013,4,3,1,1,2,1,1,1,1,1,1,1,1,2,9,6,2,1,33,2,2,0
1,55,9,2013,4,2,1,1,2,1,1,1,1,1,1,1,1,2,9,1,2,1,33,2,2,0
6,55,4,2013,2,1,1,2,2,1,1,1,1,1,1,1,1,2,9,5,1,7,33,2,2,0