Thana,District,Month,Year,Time,Junction_Type,Traffic_Control,Movement,Divider,Weather,Light,Road_Geometry,Surface_Condition,Surface_Type,Surface_Quality,Road_Class,Road_Feature,Location_Type,Vehicle_Type,Vehicle_Movement,Vehicle_Loading,Vehicle_Defect,Vehicle_Driver_Age,Vehicle_Alcohol,Vehicle_Seat_Belt,Accident_Severity
11,54,4,2013,2,3,6,2,2,1,1,1,1,1,1,1,1,2,10,6,1,1,33,2,2,1
11,54,3,2013,4,1,8,2,2,1,1,1,1,1,1,1,1,2,13,11,1,1,30,1,2,0
8,54,1,2013,4,7,1,2,2,1,1,1,1,1,1,1,1,2,14,6,1,7,35,2,2,0
11,54,10,2013,2,1,8,2,2,1,1,1,1,1,1,1,1,2,9,5,1,7,45,2,2,0
11,54,10,2013,3,2,1,1,2,1,2,1,1,1,1,1,1,2,9,9,2,1,33,2,2,0
3,56,1,2013,3,7,1,2,2,1,1,1,1,1,1,1,1,2,14,5,1,1,35,2,2,0
1,56,3,2013,4,3,1,2,2,1,2,1,1,1,1,2,1,2,10,5,1,1,33,2,2,0
7,56,3,2013,4,7,1,2,2,1,4,1,1,1,1,1,1,2,14,2,1,7,32,2,2,0
3,56,4,2013,4,7,1,2,2,1,1,1,1,1,1,1,1,2,9,6,1,7,33,2,2,0
8,56,11,2013,4,7,1,1,2,1,1,1,1,1,1,2,1,2,6,6,1,1,23,2,2,0
7,56,3,2013,1,7,1,2,2,1,1,1,1,1,1,1,1,2,14,2,1,1,33,2,2,0
2,54,1,2013,3,3,1,1,2,4,2,1,1,1,1,2,1,2,12,6,1,1,32,2,2,0
1,32,2,2013,1,7,8,2,2,1,1,1,1,1,1,1,1,1,4,6,1,7,50,2,2,0
11,64,5,2013,3,1,1,2,2,1,1,1,1,1,1,5,1,1,10,6,1,1,33,2,1,1
7,58,10,2013,1,1,1,2,2,1,4,1,1,1,1,1,1,2,14,6,1,2,33,1,2,0
1,7,9,2013,3,1,1,2,2,1,1,1,1,1,1,2,1,2,4,6,1,1,55,1,2,0
13,3,12,2013,2,1,1,2,2,1,1,2,1,1,1,2,1,2,4,6,1,1,23,2,2,0
3,8,9,2013,1,1,2,2,1,1,2,1,1,1,1,1,1,2,4,9,1,1,30,2,2,0
4,55,8,2013,2,7,1,2,2,1,1,1,1,1,1,2,1,2,9,6,1,7,33,1,2,0
11,54,11,2013,3,1,8,2,2,1,1,1,1,1,1,1,1,2,5,11,1,7,33,2,2,0
1,59,1,2013,1,7,5,1,1,1,3,1,1,1,1,4,1,1,14,6,1,1,33,2,2,0
1,61,9,2013,2,3,8,2,2,1,1,1,1,1,1,1,1,2,16,5,1,7,33,1,2,0
1,67,7,2013,3,5,8,2,2,1,1,2,1,1,1,3,1,1,11,1,1,2,37,2,2,3
1,66,3,2013,1,3,1,2,2,1,2,1,1,1,1,5,1,1,12,10,1,7,33,1,2,1
1,58,11,2013,3,4,3,2,1,1,2,2,1,1,1,1,1,1,14,6,1,2,33,1,2,0
2,58,7,2013,3,1,1,1,2,1,1,1,1,1,1,1,1,2,14,6,1,1,33,2,2,3
3,39,5,2013,3,7,8,2,2,1,1,1,1,1,1,1,1,2,9,11,1,7,33,2,2,0
1,39,4,2013,3,7,1,2,2,1,1,1,1,1,1,1,1,2,9,11,1,7,33,2,2,0
12,51,11,2013,4,2,1,2,2,1,1,1,1,1,1,1,1,2,1,11,1,7,26,2,2,3
46,42,1,2013,2,7,1,2,2,4,2,1,1,1,1,5,1,2,12,6,1,1,25,2,2,1
46,42,1,2013,2,4,8,2,2,1,1,2,1,1,1,5,1,1,8,6,1,7,32,1,2,1
1,28,9,2013,4,7,8,2,1,1,2,1,1,1,1,5,1,1,9,11,1,1,26,1,2,0
3,70,1,2013,3,1,1,2,2,1,1,1,1,1,1,5,1,2,14,6,1,3,45,2,2,0
3,56,9,2013,3,3,7,1,2,1,1,1,1,1,1,5,1,1,14,11,1,7,27,2,2,3
7,55,2,2013,2,1,8,2,2,1,2,1,1,1,1,2,1,2,1,6,1,1,35,2,2,0
4,55,3,2013,1,7,1,2,2,1,1,2,1,1,1,2,1,2,12,1,1,7,35,2,2,0
7,55,4,2013,3,1,8,2,1,1,1,1,1,1,1,2,1,2,14,5,1,7,33,2,2,0
1,55,8,2013,4,7,1,2,2,1,1,1,1,1,1,1,1,2,12,6,1,5,30,2,2,0
6,54,6,2013,2,1,8,2,1,4,1,1,1,1,2,1,2,2,11,11,1,7,50,2,2,0
7,54,9,2013,4,1,1,2,2,1,1,4,1,1,1,1,1,2,14,6,1,1,33,2,2,0
3,56,3,2013,4,7,1,2,2,1,2,1,1,1,1,1,1,2,14,6,1,1,40,2,2,0
7,56,4,2013,4,7,1,2,2,1,4,1,1,1,1,1,1,2,14,6,2,7,35,2,2,0
7,56,7,2013,4,1,1,2,2,1,1,1,1,1,1,1,1,2,17,6,1,7,25,2,2,0
8,56,7,2013,1,1,2,2,1,4,1,1,1,1,1,1,2,1,14,6,2,1,33,2,2,0
1,56,8,2013,4,7,1,2,2,1,1,1,1,1,1,5,1,1,19,6,1,1,20,2,2,0
7,56,8,2013,4,7,1,2,2,1,4,1,1,1,1,1,1,2,14,2,2,5,28,2,2,0
2,69,7,2014,3,1,1,2,2,1,1,1,1,1,1,1,1,2,14,6,2,1,24,2,2,1
4,69,12,2014,3,1,1,2,2,1,1,1,1,1,1,1,1,1,14,8,1,1,33,2,2,0
4,34,2,2014,3,4,1,2,2,1,1,1,1,1,1,1,1,2,9,6,1,2,33,2,2,0
2,27,2,2014,2,1,4,2,2,1,1,2,1,1,1,1,1,2,8,6,1,7,33,2,2,0
3,27,3,2014,3,1,1,2,2,1,1,1,5,1,1,4,4,2,19,6,1,7,33,2,2,0
1,30,1,2014,4,2,1,2,2,1,1,1,1,1,1,1,1,1,10,1,1,7,40,2,2,1
4,33,2,2014,2,7,8,2,2,1,2,1,1,1,1,1,1,2,19,6,1,7,33,2,2,0
4,32,6,2014,2,7,1,2,1,2,1,1,1,1,1,1,2,1,9,6,1,1,33,2,2,0
1,30,4,2014,1,1,1,2,2,1,1,1,1,1,1,1,1,1,14,6,1,1,33,2,2,0
6,34,12,2014,3,1,1,2,1,1,1,1,1,1,1,1,1,1,14,6,1,1,33,2,2,1
3,32,12,2014,3,3,1,2,2,1,1,1,1,1,1,1,1,2,9,6,1,1,28,2,2,0
3,32,8,2014,3,1,1,2,2,2,1,1,2,1,1,1,1,2,9,6,1,1,33,2,2,0
3,32,7,2014,2,1,1,2,2,2,2,1,2,1,1,2,1,2,7,6,1,1,33,2,2,0
4,32,10,2014,3,1,1,2,2,1,1,2,1,1,1,2,1,2,7,1,1,1,33,2,2,0
4,32,11,2014,5,1,1,2,2,1,1,2,1,1,1,2,1,2,14,2,1,1,33,2,2,0
1,30,10,2014,2,1,1,2,2,1,1,1,1,1,1,1,2,2,9,5,1,1,32,2,2,0
1,32,10,2014,2,1,1,2,2,1,3,1,1,1,2,1,2,2,9,6,1,1,33,2,2,0
5,33,11,2014,1,1,1,2,2,1,2,1,1,1,1,2,1,2,9,1,1,1,50,1,2,0
1,5,11,2014,3,1,1,2,2,4,1,1,1,1,1,4,1,2,4,5,1,1,25,2,2,0
4,34,12,2014,4,1,1,2,2,1,1,1,1,1,2,3,1,1,9,6,1,1,45,1,2,0
1,64,9,2014,3,3,1,1,1,1,1,1,1,1,1,5,1,1,10,6,1,3,23,2,2,1
1,64,11,2014,4,2,6,2,1,1,2,1,1,1,1,5,1,1,14,5,1,1,33,2,2,0
3,64,5,2014,4,3,1,2,1,1,2,1,1,1,1,5,1,1,8,6,1,1,24,1,2,0
3,64,9,2014,3,1,1,2,1,1,1,3,1,1,2,2,1,1,14,6,1,1,33,2,2,1
4,64,11,2014,1,2,5,2,2,1,3,1,1,1,1,5,1,1,14,6,1,1,33,1,2,1
4,64,12,2014,4,1,1,2,1,1,3,1,1,1,1,5,1,1,14,6,1,1,33,1,2,0
6,64,1,2014,1,2,6,2,2,1,3,1,1,1,1,5,1,1,9,6,1,1,33,1,2,0
9,64,11,2014,3,1,1,2,2,1,1,1,1,1,1,1,1,1,14,6,1,1,35,1,2,0
13,64,7,2014,3,1,1,2,2,1,1,1,1,1,1,1,1,1,13,6,1,1,24,1,2,1
14,64,4,2014,4,4,4,2,2,1,3,2,1,1,1,5,1,1,14,5,1,1,25,2,2,0
14,64,12,2014,2,1,2,2,2,1,1,1,1,1,1,5,1,1,8,6,1,1,33,1,2,0
16,64,7,2014,4,1,1,2,2,1,4,1,1,1,1,5,1,1,4,6,1,1,22,2,2,1
7,65,4,2014,3,1,1,2,2,1,1,2,1,1,1,1,1,2,9,6,1,2,33,1,2,0
2,65,4,2014,3,1,1,2,2,1,1,1,1,1,1,2,1,2,12,6,1,1,33,2,2,0
4,59,2,2014,2,7,1,2,2,1,1,1,1,1,1,2,1,2,14,6,1,1,35,2,1,0
2,59,3,2014,3,7,1,2,2,1,1,1,1,1,1,4,1,2,17,7,1,2,33,1,2,0
1,59,4,2014,1,7,1,2,2,1,1,1,1,1,1,2,1,2,14,6,1,1,40,1,2,0
14,63,4,2014,1,1,1,2,1,1,4,1,1,1,1,1,1,2,12,6,1,2,33,1,2,0
14,63,5,2014,2,1,2,2,2,1,2,1,1,1,1,1,1,2,9,6,1,2,40,1,0,0
14,63,5,2014,2,1,1,2,2,1,1,1,1,1,1,1,1,1,9,5,1,1,40,2,2,0
16,63,6,2014,1,1,1,1,1,1,2,1,5,1,1,1,1,2,19,10,1,7,41,2,2,0
16,63,10,2014,2,1,1,2,2,1,2,1,1,1,1,1,1,2,9,4,1,7,50,2,2,0
16,63,10,2014,1,3,2,2,1,1,3,1,1,1,1,1,1,1,14,6,1,1,38,1,2,0
9,63,1,2014,5,1,1,2,1,1,2,1,1,1,1,1,1,2,13,6,1,3,33,2,2,1
9,63,6,2014,5,1,2,1,1,1,2,1,1,1,1,1,1,2,13,2,1,3,33,1,0,0
9,63,6,2014,3,1,1,1,1,1,1,1,1,1,1,1,1,2,7,1,1,2,40,1,0,0
9,63,8,2014,1,1,2,1,1,1,4,1,1,1,1,1,1,2,5,5,1,1,28,2,2,2
9,63,9,2014,4,1,2,1,1,1,2,1,1,1,1,1,1,2,13,5,1,2,30,1,2,0
9,63,10,2014,4,1,4,2,1,1,3,1,1,1,1,1,1,2,14,4,1,3,25,2,2,0
9,63,10,2014,4,1,4,2,1,1,3,1,1,1,1,1,1,2,9,6,1,3,33,2,2,1
5,63,12,2014,3,1,2,2,2,1,1,1,1,1,1,2,1,2,14,2,1,2,33,1,0,0
1,63,12,2014,3,1,1,2,2,1,1,1,1,1,1,4,1,2,9,1,1,2,33,1,0,1
7,65,8,2014,3,1,1,2,2,1,1,2,1,1,1,1,1,2,4,2,1,1,33,2,2,0
2,65,11,2014,2,2,1,2,2,1,2,1,1,1,1,1,1,2,14,6,1,2,33,2,2,0
6,58,2,2014,2,7,8,2,2,1,1,1,1,1,1,1,1,1,12,11,1,2,33,1,0,0
6,58,3,2014,3,7,8,2,2,1,1,1,1,1,1,4,1,2,5,6,1,2,33,1,0,0
6,58,5,2014,3,7,8,2,2,1,1,1,1,1,1,1,1,1,9,6,1,2,33,1,0,0
6,58,7,2014,3,7,8,2,2,1,1,1,1,1,1,1,1,1,14,6,1,2,33,1,0,0
4,58,5,2014,3,1,5,2,2,1,1,1,1,1,1,2,1,2,5,6,1,2,33,1,0,0
7,57,9,2014,3,2,1,2,2,1,1,1,1,1,1,2,1,2,5,1,1,1,30,2,2,0
3,57,7,2014,1,2,2,2,2,1,3,1,1,1,1,1,1,2,15,11,1,2,28,1,2,0
3,57,8,2014,4,2,2,2,2,1,4,1,1,1,1,1,1,2,5,6,1,2,33,1,0,0
3,57,1,2014,4,7,1,2,2,1,2,1,1,1,1,1,1,2,14,6,1,2,33,1,0,0
8,57,3,2014,3,7,1,2,2,1,1,1,1,1,1,1,1,2,11,6,1,2,33,1,2,0
6,60,7,2014,2,7,1,2,1,1,4,1,1,1,1,1,1,1,13,11,1,1,32,2,2,0
6,60,3,2014,2,7,1,2,2,1,1,1,1,1,1,1,1,1,14,11,1,7,33,2,2,0
3,60,4,2014,2,1,1,2,2,1,4,1,1,1,1,2,1,2,5,6,1,2,32,1,2,0
1,61,4,2014,4,7,1,2,2,1,4,1,1,1,2,1,1,2,14,11,1,2,33,2,2,0
1,61,10,2014,4,7,8,2,2,2,2,1,2,1,1,1,1,2,4,11,1,7,33,2,2,0
1,61,10,2014,3,7,8,2,2,1,1,1,1,1,1,1,1,2,19,6,1,2,33,1,0,0
2,61,9,2014,3,1,8,2,2,1,1,1,1,1,1,2,1,2,14,4,1,1,29,2,2,0
5,67,10,2014,2,1,8,2,2,1,1,4,1,1,1,4,4,2,14,3,2,2,33,1,2,0
5,66,11,2014,2,1,1,2,2,1,1,1,1,1,1,2,1,1,9,7,1,2,40,1,2,0
8,66,10,2014,3,1,8,2,2,1,1,4,1,1,2,1,1,2,8,2,1,1,35,2,2,0
9,66,12,2014,3,4,1,2,2,1,1,2,1,1,1,1,1,2,8,6,1,2,33,1,0,0
9,66,5,2014,4,7,1,2,2,2,4,4,2,1,1,1,1,2,9,6,1,2,40,1,0,0
9,66,5,2014,3,2,8,2,2,2,1,2,2,1,1,1,1,2,9,2,1,1,33,1,2,0
2,61,9,2014,3,1,8,2,2,1,1,1,1,1,1,2,1,2,14,4,1,1,29,2,2,0
1,61,12,2014,2,2,4,2,2,1,1,1,1,1,1,1,1,1,15,6,1,2,24,2,2,0
15,58,2,2014,4,7,8,2,2,1,2,1,1,1,1,2,1,2,19,6,1,2,33,1,2,0
7,58,12,2014,1,4,2,2,1,2,2,2,1,1,3,1,3,2,12,5,1,2,33,1,2,0
7,58,11,2014,3,2,1,2,1,1,1,1,1,1,1,1,1,2,12,8,1,2,33,1,2,0
7,58,8,2014,3,2,1,1,2,1,1,1,1,1,1,1,1,2,9,6,1,2,33,1,2,0
5,58,2,2014,3,1,1,2,2,1,1,1,1,1,1,1,1,2,7,6,1,1,30,2,2,0
5,58,4,2014,1,3,1,1,2,1,4,1,1,1,3,1,1,2,9,1,1,1,33,2,1,1
10,47,2,2014,3,7,1,2,2,1,1,1,1,1,1,2,1,2,8,4,1,7,33,2,2,1
5,39,3,2014,1,7,1,2,2,1,1,1,1,1,1,2,1,2,14,11,1,7,30,2,2,0
1,52,2,2014,3,2,1,2,2,1,1,1,1,1,1,2,1,2,14,11,1,7,33,2,2,0
1,52,2,2014,4,2,1,2,2,1,1,1,1,1,1,2,1,2,9,11,1,7,33,2,2,0
4,47,3,2014,3,7,1,2,2,1,1,1,1,1,1,2,1,2,14,11,1,7,33,2,2,0
6,37,3,2014,4,7,1,2,2,1,1,1,1,1,1,2,1,2,14,11,1,7,42,2,2,0
9,52,3,2014,2,7,1,2,2,1,1,1,1,1,1,2,1,2,6,11,1,7,33,2,2,1
1,39,4,2014,2,1,1,2,2,1,1,1,1,1,1,2,1,2,9,11,1,7,33,2,2,0
5,45,3,2014,4,1,1,2,2,1,1,1,1,1,1,2,1,2,14,11,1,7,33,2,2,1
5,45,3,2014,3,1,1,2,2,1,1,1,1,1,1,2,1,2,10,11,1,7,33,2,2,0
3,38,3,2014,2,1,1,2,2,1,1,1,1,1,1,2,1,2,11,11,1,7,33,2,2,0
1,37,4,2014,1,3,1,2,2,1,1,1,1,1,1,2,1,2,19,11,1,7,1,2,2,1
1,45,4,2014,4,1,1,2,2,1,1,1,1,1,1,2,1,2,14,11,1,7,33,2,2,1
6,45,4,2014,4,1,1,2,2,1,1,1,1,1,1,2,1,2,9,11,1,7,35,2,2,0
6,38,4,2014,1,3,1,2,2,1,1,1,1,1,1,1,1,2,17,11,1,7,33,2,2,0
1,38,4,2014,4,3,1,2,2,1,1,1,1,1,1,2,1,2,9,6,1,7,49,2,2,0
3,44,2,2014,3,1,1,2,2,1,1,1,1,1,1,2,1,2,14,11,1,7,22,2,2,0
12,51,4,2014,3,1,1,2,2,1,1,1,1,1,1,2,1,2,9,11,1,7,33,2,2,0
3,40,3,2014,3,3,1,2,2,1,1,1,1,1,1,2,1,2,9,11,1,7,33,2,2,0
5,46,4,2014,4,1,1,2,2,1,1,1,1,1,1,2,1,2,9,11,1,7,33,2,2,0
1,46,1,2014,4,7,1,2,2,1,1,1,1,1,1,2,1,2,2,11,1,7,33,2,2,0
1,46,4,2014,3,7,1,2,2,1,1,1,1,1,1,2,1,2,9,11,1,7,33,2,2,0
6,46,5,2014,2,7,1,2,2,2,1,1,1,1,1,2,1,2,9,11,1,7,33,2,2,0
6,46,5,2014,2,7,1,2,2,1,1,1,1,1,1,2,1,2,9,11,1,7,18,2,2,0
4,50,2,2014,3,7,1,2,2,1,1,1,1,1,1,2,1,2,4,11,1,7,33,2,2,1
2,50,1,2014,4,7,1,2,2,1,1,1,1,1,1,2,1,2,9,11,1,7,22,2,2,0
2,50,4,2014,4,7,1,2,2,2,1,1,1,1,1,2,1,2,9,11,1,7,33,2,2,0
2,50,5,2014,4,7,1,2,2,1,1,1,1,1,1,2,1,2,9,11,1,7,33,2,2,0
6,40,5,2014,2,7,1,2,2,1,1,1,1,1,1,2,1,2,9,11,1,7,33,2,2,0
1,49,5,2014,3,7,1,2,2,1,1,1,1,1,1,2,1,2,19,11,1,7,33,2,2,0
2,47,6,2014,2,1,1,2,2,1,1,1,1,1,1,1,1,2,13,11,1,7,37,2,2,0
3,39,6,2014,1,1,1,2,2,1,1,1,1,1,1,2,1,2,9,11,1,7,33,2,2,0
4,44,7,2014,4,1,1,2,2,1,1,1,1,1,1,1,1,2,14,11,1,7,22,2,2,0
7,37,7,2014,4,1,1,2,2,1,1,1,1,1,1,1,1,2,14,11,1,7,30,2,2,0
1,40,6,2014,3,1,1,2,2,1,1,1,1,1,1,1,1,2,9,11,1,7,33,2,2,0
3,40,6,2014,3,7,1,2,2,1,1,1,1,1,1,1,1,2,9,11,1,7,33,2,2,0
1,45,7,2014,3,1,1,2,2,1,1,1,1,1,1,1,1,2,14,11,1,7,33,2,2,1
5,45,7,2014,4,1,1,2,2,1,1,1,1,1,1,1,1,2,19,11,1,7,33,2,2,0
6,45,7,2014,2,1,1,2,2,1,2,1,1,1,1,2,1,2,7,11,1,7,33,2,2,0
3,39,7,2014,3,1,1,2,2,1,1,1,1,1,1,1,1,2,9,11,1,7,33,2,2,0
1,49,6,2014,3,7,1,2,2,1,1,1,1,1,1,2,1,2,9,11,1,7,33,2,2,0
1,38,7,2014,2,1,1,2,2,1,1,1,1,1,1,1,1,2,9,6,1,7,33,2,2,0
6,37,8,2014,2,7,1,2,2,1,1,1,1,1,1,2,1,2,14,11,1,7,42,2,2,0
9,47,7,2014,3,7,1,2,2,2,1,1,1,1,1,1,1,2,6,6,1,7,47,2,2,0
10,52,8,2014,3,1,2,2,1,1,1,1,1,1,1,2,1,2,19,11,1,7,33,2,2,0
1,45,8,2014,3,1,1,2,2,1,1,1,1,1,1,1,1,2,14,11,1,7,33,2,2,0
6,45,8,2014,4,1,1,2,2,1,1,1,1,1,1,1,1,2,9,11,1,7,33,2,2,0
2,45,8,2014,4,1,1,2,2,1,1,1,1,1,1,1,1,2,9,11,1,7,33,2,2,0
3,49,9,2014,3,7,1,2,2,1,1,1,1,1,1,2,1,2,9,11,1,7,29,2,2,0
1,45,8,2014,4,1,1,2,2,1,4,1,1,1,1,1,1,2,14,11,1,7,33,2,2,0
5,45,9,2014,3,1,1,2,2,1,1,1,1,1,1,2,1,2,19,11,1,7,33,2,2,0
6,45,9,2014,3,1,1,2,2,1,1,1,1,1,1,1,1,2,19,11,1,7,33,2,2,0
2,45,9,2014,2,1,1,2,2,1,1,1,1,1,1,1,1,2,12,11,1,7,33,2,2,0
5,45,10,2014,3,1,1,2,2,1,1,1,1,1,1,1,1,2,14,11,1,7,33,2,2,0
6,45,10,2014,4,1,1,2,2,1,1,1,1,1,1,1,1,2,14,11,1,7,30,2,2,1
3,39,11,2014,4,7,1,2,2,1,1,1,1,1,1,1,1,2,13,11,1,7,33,2,2,0
3,39,11,2014,3,1,1,2,2,1,1,1,1,1,1,1,1,2,9,11,1,7,33,2,2,1
12,47,8,2014,4,1,1,2,2,1,1,1,1,1,1,1,1,2,9,11,1,7,33,2,2,0
4,47,8,2014,4,1,1,2,2,1,1,1,1,1,1,1,1,2,4,11,1,7,24,2,2,0
4,47,8,2014,1,1,1,2,2,1,1,1,1,1,1,1,1,2,14,11,1,7,35,2,2,0
1,47,8,2014,4,1,1,2,2,1,1,1,1,1,1,1,1,2,14,11,1,7,33,2,2,1
5,46,9,2014,2,1,1,2,2,1,1,1,1,1,1,1,1,2,13,11,1,7,33,2,2,0
1,46,10,2014,2,7,1,2,2,1,1,1,1,1,1,1,1,2,14,11,1,7,33,2,2,0
10,52,9,2014,4,7,1,2,2,1,1,1,1,1,1,1,1,2,14,11,1,7,33,2,2,0
3,39,11,2014,3,1,1,2,2,1,1,1,1,1,1,1,1,2,13,5,1,7,33,2,2,0
1,38,12,2014,3,7,1,2,2,1,1,1,1,1,1,1,1,2,9,11,1,7,33,2,2,0
6,52,12,2014,2,1,1,2,2,1,1,1,1,1,1,1,1,2,12,11,1,7,32,2,2,1
1,40,10,2014,4,7,1,2,2,1,1,1,1,1,1,1,1,2,4,11,1,7,19,2,2,0
1,36,3,2014,4,3,1,2,2,1,4,1,1,1,1,1,1,2,9,11,1,7,30,2,2,0
1,40,12,2014,4,1,1,2,2,1,1,1,1,1,1,1,1,2,14,11,1,7,30,2,2,0
1,40,11,2014,2,3,1,2,2,1,1,1,1,1,1,1,1,2,4,6,1,7,27,2,2,0
1,40,11,2014,1,1,1,2,2,1,1,1,1,1,1,1,1,2,9,11,1,7,48,2,2,3
7,40,11,2014,2,1,1,2,2,1,1,1,1,1,1,1,1,2,14,11,1,7,33,2,2,0
6,40,11,2014,3,1,1,2,2,1,1,1,1,1,1,1,1,2,6,11,1,7,33,2,2,0
2,46,5,2014,1,7,1,1,2,1,1,2,1,1,1,1,1,2,8,11,1,7,33,2,2,0
1,39,2,2014,2,1,1,2,2,1,1,1,1,1,1,1,1,1,8,6,1,7,33,2,2,0
16,42,1,2014,1,3,4,2,1,1,2,1,1,1,1,2,1,1,9,5,1,1,35,2,2,0
33,42,1,2014,2,1,8,2,1,1,1,1,1,1,1,5,1,1,9,6,1,1,30,2,2,0
15,42,1,2014,1,5,4,2,1,1,3,1,1,1,1,5,1,1,14,6,1,1,40,1,2,0
29,42,1,2014,3,1,4,2,1,2,1,1,1,1,1,5,1,1,9,5,1,1,35,2,2,3
41,42,1,2014,1,2,1,2,1,1,3,1,1,1,1,3,1,1,13,11,1,1,35,1,2,0
41,42,1,2014,2,2,1,2,1,1,1,1,1,1,1,3,1,1,8,11,1,1,32,2,2,3
32,42,2,2014,3,7,4,2,1,1,1,1,5,1,1,2,1,1,9,6,1,1,40,2,2,1
33,42,2,2014,1,2,4,2,1,1,2,1,1,1,3,5,1,1,13,6,1,1,40,1,2,0
13,42,2,2014,3,7,8,1,2,1,1,1,1,1,1,5,1,1,9,6,1,1,35,2,2,1
25,42,2,2014,4,1,1,2,1,1,3,1,1,1,1,5,1,1,14,6,1,1,40,2,2,0
34,42,2,2014,4,1,1,2,1,1,3,1,1,1,1,5,1,1,14,6,1,1,35,1,2,1
28,42,3,2014,1,2,5,2,1,1,4,1,1,1,1,5,1,1,9,4,1,1,35,1,2,0
42,42,3,2014,2,3,1,2,1,1,2,1,1,1,1,5,1,1,8,11,1,1,34,2,2,0
10,42,3,2014,4,2,8,1,2,1,4,1,1,1,1,1,5,1,14,6,1,1,30,1,2,2
33,42,3,2014,2,7,4,2,1,1,1,1,1,1,1,5,1,1,19,6,1,1,30,1,2,2
34,42,4,2014,3,1,1,2,1,1,1,1,1,1,1,5,1,1,12,5,1,7,28,1,2,1
33,42,4,2014,1,7,4,2,1,1,3,1,1,1,1,1,1,1,12,6,1,1,40,1,2,0
37,42,3,2014,1,7,1,2,1,1,2,1,1,1,1,5,1,1,7,6,1,1,28,1,2,2
29,42,5,2014,4,1,4,1,2,1,2,1,1,1,1,5,1,1,10,6,1,1,30,2,2,0
42,42,5,2014,4,3,4,2,2,1,2,1,1,1,1,5,1,1,10,6,1,1,28,2,2,1
42,42,5,2014,2,2,5,2,2,1,2,1,1,1,1,5,1,1,9,6,1,1,40,2,2,3
16,42,5,2014,1,3,4,1,2,1,2,1,1,1,1,3,1,1,14,6,1,1,35,1,2,1
34,42,5,2014,1,1,1,1,2,2,1,1,1,1,1,1,2,1,6,5,1,3,25,1,2,0
9,42,2,2014,1,1,1,2,2,1,2,1,1,1,1,5,1,1,9,6,1,1,30,1,2,0
19,42,6,2014,2,1,1,2,2,1,1,1,1,1,1,5,1,1,14,6,1,1,50,2,2,0
32,42,5,2014,2,2,6,1,1,1,1,1,1,1,3,5,1,1,9,5,1,3,45,1,2,2
34,42,7,2014,1,3,4,2,1,1,1,1,1,1,1,5,1,1,13,6,1,1,35,2,2,0
10,42,7,2014,3,3,8,1,1,1,1,1,1,1,1,5,1,1,9,5,1,7,32,1,2,3
33,42,7,2014,2,7,1,2,1,1,1,1,1,1,1,1,1,1,19,6,1,1,40,2,2,0
13,42,6,2014,4,2,1,1,1,1,2,1,1,1,1,5,1,1,2,6,2,1,28,2,2,0
28,42,7,2014,2,1,4,1,2,1,1,1,2,1,1,5,1,1,9,6,1,1,30,2,2,3
13,42,6,2014,3,1,8,2,1,1,1,1,1,1,1,1,1,1,10,6,1,7,48,2,2,2
15,42,8,2014,2,1,4,2,1,1,1,1,1,1,1,5,1,1,10,5,1,1,28,2,1,1
46,42,8,2014,2,1,1,1,1,1,1,1,1,1,1,4,1,1,8,6,1,1,45,2,2,0
33,42,8,2014,4,1,4,2,1,1,3,4,1,1,1,5,1,1,13,5,1,1,35,2,2,0
33,42,7,2014,2,3,4,2,2,1,1,1,1,1,1,1,1,1,9,6,1,1,30,2,2,0
36,42,9,2014,2,4,1,2,1,1,1,1,1,1,1,5,1,1,16,6,1,1,30,2,2,0
16,42,9,2014,4,3,1,2,2,1,3,1,1,1,1,5,2,1,9,5,1,1,35,2,2,0
21,42,9,2014,1,3,1,2,2,1,2,1,1,1,2,3,1,1,14,5,1,1,40,1,2,0
1,42,9,2014,2,2,6,1,1,1,2,1,1,1,1,5,1,1,9,6,1,1,40,1,2,0
26,42,9,2014,4,1,4,1,1,1,2,1,1,1,1,5,1,1,7,6,1,1,30,2,2,2
15,42,9,2014,4,1,1,1,2,1,3,1,1,1,1,5,1,1,9,5,1,1,30,2,2,0
34,42,9,2014,2,1,1,2,1,1,1,1,1,1,1,5,1,1,9,7,1,1,28,1,2,3
10,42,9,2014,1,1,4,2,1,1,2,1,1,1,1,5,1,1,14,6,1,1,45,1,2,3
37,42,9,2014,3,1,1,2,1,1,1,1,1,1,1,5,1,1,9,4,1,1,30,1,2,0
37,42,9,2014,4,3,1,1,2,1,4,1,1,1,1,5,1,1,10,5,1,1,48,2,1,1
37,42,9,2014,4,4,4,1,1,1,3,1,1,1,1,5,1,1,14,6,1,1,30,1,2,0
32,42,10,2014,1,1,4,1,1,1,3,1,1,1,1,5,1,1,9,5,1,1,40,2,2,1
25,42,10,2014,2,3,4,2,2,1,1,1,1,1,1,3,1,1,6,2,1,7,30,2,2,1
24,42,10,2014,3,3,1,2,2,1,1,1,1,1,1,5,1,1,9,5,1,1,30,2,2,0
28,42,9,2014,2,1,1,1,1,1,2,1,1,1,1,5,1,1,8,5,1,1,30,2,2,1