Thana,District,Month,Year,Time,Junction_Type,Traffic_Control,Movement,Divider,Weather,Light,Road_Geometry,Surface_Condition,Surface_Type,Surface_Quality,Road_Class,Road_Feature,Location_Type,Vehicle_Type,Vehicle_Movement,Vehicle_Loading,Vehicle_Defect,Vehicle_Driver_Age,Vehicle_Alcohol,Vehicle_Seat_Belt,Accident_Severity
44,42,10,2014,1,1,1,2,2,1,3,1,1,1,1,1,1,1,10,6,1,1,30,2,2,0
44,42,10,2014,1,2,4,2,2,1,2,1,1,1,1,1,1,1,9,2,1,1,40,1,2,3
22,42,10,2014,4,1,4,1,2,1,2,1,1,1,1,1,1,1,9,5,1,1,35,2,2,0
18,42,7,2014,2,1,1,2,2,1,1,1,1,1,1,5,1,1,6,6,1,1,33,1,2,0
12,42,11,2014,2,1,4,2,1,1,2,1,1,1,1,5,1,1,9,5,1,1,40,2,2,1
40,42,1,2014,2,1,4,2,1,1,1,1,1,1,1,5,1,1,9,6,1,1,40,2,2,0
40,42,6,2014,1,1,4,2,1,1,3,1,1,1,1,5,1,1,14,6,1,1,40,1,2,0
40,42,3,2014,2,1,4,2,1,1,1,1,1,1,1,5,1,1,9,6,1,1,40,2,2,0
14,42,11,2014,1,1,4,1,2,1,2,1,1,1,1,1,1,1,12,6,1,1,30,2,2,0
1,42,11,2014,4,1,4,1,2,1,2,2,1,1,1,5,1,1,8,1,1,1,38,2,2,0
33,42,12,2014,3,1,4,1,1,1,1,1,1,1,1,1,1,1,8,6,1,3,35,2,2,0
33,42,12,2014,2,1,4,1,2,1,1,1,1,1,3,1,1,1,9,5,1,1,40,2,2,0
36,42,12,2014,2,1,4,2,1,1,1,1,1,1,1,5,1,1,8,7,1,1,34,2,2,1
36,42,12,2014,2,1,4,2,1,1,1,1,1,1,1,5,1,1,8,6,1,1,40,2,2,1
10,42,11,2014,1,2,4,1,1,1,3,1,1,1,1,5,1,1,10,6,1,1,28,2,2,3
48,42,1,2014,2,1,4,2,1,1,2,1,1,1,1,5,1,1,10,6,1,1,40,2,1,2
1,42,9,2014,2,2,6,1,1,1,3,1,1,1,1,5,1,1,8,1,1,2,35,2,2,0
39,42,1,2014,2,1,4,2,1,1,1,1,1,1,1,5,1,1,9,6,1,1,40,2,2,0
39,42,3,2014,2,1,4,2,1,1,1,1,1,1,1,5,1,1,9,6,1,1,40,2,2,0
3,24,1,2014,2,1,1,2,2,1,1,1,1,1,1,1,1,1,9,6,2,7,33,1,2,0
3,21,5,2014,2,1,1,2,2,1,2,1,1,1,1,2,1,2,9,6,1,1,33,2,2,0
3,21,2,2014,3,1,1,2,2,1,1,1,1,1,1,1,1,1,9,6,1,1,28,2,2,0
1,29,2,2014,2,1,1,2,2,1,1,1,1,1,1,1,1,1,14,5,1,1,33,2,2,0
4,29,1,2014,2,1,1,2,2,1,1,1,1,1,1,1,1,1,9,6,1,1,33,2,2,0
1,19,4,2014,2,1,1,2,2,1,1,1,1,1,1,2,1,1,14,6,1,1,33,2,2,0
1,18,2,2014,4,1,1,2,2,1,1,1,1,1,1,5,1,2,14,6,1,1,33,2,2,0
1,18,4,2014,4,1,1,2,2,1,2,1,1,1,1,5,1,1,14,6,1,1,40,2,2,0
2,18,4,2014,3,1,1,2,2,1,1,1,1,1,1,1,1,1,14,6,1,2,33,2,2,0
3,18,2,2014,3,1,1,2,2,1,1,1,1,1,1,4,4,2,14,6,1,1,46,2,2,0
5,18,1,2014,3,1,1,2,2,1,1,1,1,1,1,1,1,1,17,6,2,1,33,2,2,0
2,18,6,2014,3,1,1,2,2,1,1,1,1,1,1,3,1,2,19,6,2,7,33,2,2,0
5,18,3,2014,1,1,2,2,1,1,1,1,1,1,1,2,1,2,14,6,1,1,33,2,2,0
5,18,5,2014,3,1,1,2,2,1,1,1,1,1,1,2,1,2,4,6,1,1,38,2,2,0
3,20,6,2014,3,1,1,2,2,1,1,1,1,1,1,2,3,2,6,2,1,1,30,2,2,3
4,20,2,2014,3,2,1,2,2,1,2,1,1,1,1,3,1,2,14,6,2,1,33,2,2,0
4,20,6,2014,1,1,1,2,2,1,2,2,1,1,1,3,1,2,4,6,1,1,52,1,2,0
1,21,6,2014,2,3,1,2,2,1,1,2,1,1,1,1,1,1,9,6,1,1,33,2,2,0
1,24,11,2014,2,1,7,2,2,1,1,1,1,1,1,1,1,2,5,6,1,1,33,2,2,0
1,24,11,2014,3,1,1,2,2,1,2,1,1,1,1,1,1,1,12,6,1,1,30,2,2,0
8,26,9,2014,2,1,1,2,2,1,1,1,1,1,1,2,1,2,17,5,2,1,22,2,2,1
1,19,12,2014,1,1,1,2,2,1,2,1,1,1,1,5,1,1,14,6,1,1,40,2,2,0
2,19,7,2014,3,1,1,2,2,1,1,1,1,1,1,2,1,1,14,6,2,1,32,2,2,0
1,24,12,2014,3,1,7,2,2,1,1,1,1,1,1,1,1,2,9,6,1,1,24,2,2,0
2,24,6,2014,2,3,1,2,2,1,1,1,1,1,1,1,1,1,14,6,1,1,33,2,2,0
3,29,10,2014,3,1,1,2,2,1,1,1,1,1,1,2,1,2,12,6,1,1,33,2,2,0
7,29,7,2014,4,7,1,2,2,1,2,1,1,1,1,3,3,2,9,6,1,1,30,2,2,0
8,24,12,2014,2,1,1,2,2,1,1,1,1,1,1,2,1,2,9,6,1,1,40,2,2,0
1,23,6,2014,4,3,1,2,2,1,2,2,1,1,1,5,1,1,4,1,1,1,33,2,1,1
3,23,6,2014,1,7,1,2,2,1,1,1,1,1,1,3,1,2,14,6,1,7,33,2,2,0
1,21,12,2014,2,3,1,2,2,1,1,1,1,2,2,5,1,1,12,6,1,1,46,2,2,1
3,21,10,2014,3,1,1,2,2,1,1,1,1,1,1,4,1,2,9,6,2,1,33,2,2,0
4,21,11,2014,2,2,1,2,2,1,1,1,1,1,1,4,1,1,14,6,1,7,35,2,2,1
6,21,12,2014,1,1,1,2,1,1,1,1,1,1,1,1,1,2,13,5,2,1,33,2,2,0
1,18,12,2014,4,1,1,2,2,1,2,1,1,1,1,3,1,2,19,6,2,3,19,2,2,0
3,25,6,2014,1,1,1,2,2,1,1,1,1,1,1,4,1,2,13,11,1,1,33,2,2,3
1,25,1,2014,4,1,1,2,2,1,2,1,1,1,1,2,1,2,9,6,1,1,33,2,2,0
1,25,3,2014,4,1,1,2,2,1,2,1,1,1,1,4,1,2,7,6,1,1,33,2,2,0
1,25,4,2014,2,1,1,2,2,1,1,1,1,1,1,2,1,2,9,5,1,1,33,2,2,1
7,18,7,2014,2,1,1,2,2,2,1,1,2,1,2,1,1,2,9,6,1,1,33,2,2,0
1,29,2,2014,3,4,1,2,2,1,1,1,1,1,1,2,1,2,14,6,2,1,33,2,2,0
3,20,12,2014,2,1,1,2,2,1,1,1,1,1,1,4,1,2,14,6,1,1,45,2,2,3
5,18,2,2014,3,1,2,1,1,1,2,2,1,1,1,1,1,1,14,6,2,1,33,2,2,0
3,21,11,2014,3,7,1,2,2,1,1,4,1,1,1,1,1,1,14,5,2,7,42,2,2,0
2,24,11,2014,3,3,1,2,1,1,1,1,1,1,1,1,1,2,11,5,1,1,33,1,2,1
1,24,12,2014,2,3,7,2,2,1,1,1,1,1,1,1,1,2,14,6,1,1,40,2,2,0
3,24,3,2014,3,1,1,1,2,1,1,1,1,1,2,3,1,2,19,5,1,7,33,1,2,0
7,24,5,2014,3,1,1,1,2,1,1,1,1,1,1,1,1,1,9,5,1,1,33,2,2,0
8,24,10,2014,3,1,1,2,2,1,1,1,1,1,1,2,1,2,14,6,1,1,33,2,2,0
3,25,8,2014,2,1,1,2,2,1,1,1,1,1,1,4,1,2,14,5,1,1,33,2,2,1
4,28,11,2014,4,1,8,2,2,1,3,1,1,1,1,5,1,1,7,11,1,1,33,1,2,1
6,28,5,2014,4,7,1,2,2,1,3,1,1,1,1,5,1,2,14,11,1,7,33,1,2,0
5,13,1,2014,1,1,1,1,2,1,2,1,1,1,1,1,1,2,14,6,1,1,38,2,2,0
1,13,1,2014,1,1,1,1,2,4,1,1,1,1,2,1,2,1,13,1,1,1,33,1,2,0
7,13,2,2014,4,1,1,2,2,1,4,1,1,1,1,1,2,1,9,1,1,1,35,2,1,3
1,13,3,2014,1,3,1,1,2,1,1,2,1,1,1,2,1,2,13,1,1,1,33,1,2,3
5,13,4,2014,3,2,1,2,2,1,1,1,1,1,1,1,1,2,9,6,1,1,40,2,2,0
8,13,5,2014,4,1,1,2,2,1,2,1,1,1,1,1,1,1,14,6,1,1,33,1,2,0
4,13,7,2014,2,1,1,2,2,1,1,1,1,1,1,1,4,2,4,4,1,1,33,1,0,1
8,13,9,2014,1,1,1,2,2,2,1,1,2,1,1,1,1,1,10,6,1,1,25,2,2,2
8,13,10,2014,1,1,1,2,2,1,1,1,1,1,1,1,1,2,9,6,1,1,30,2,1,3
5,12,1,2014,2,1,1,2,2,1,1,1,1,1,1,1,1,2,14,6,1,1,33,2,1,1
1,12,1,2014,3,1,1,2,2,1,1,1,1,1,1,1,1,1,16,1,1,1,33,1,2,0
5,12,3,2014,2,1,1,2,2,1,1,1,1,1,1,1,1,2,14,6,1,1,40,2,2,0
1,12,5,2014,2,1,1,2,2,1,1,1,1,1,1,1,1,1,14,6,1,1,30,2,2,0
1,12,6,2014,3,1,1,2,2,1,3,5,1,1,2,4,1,2,14,6,1,1,30,2,2,0
5,12,7,2014,2,1,1,2,2,1,1,1,1,1,1,1,1,2,14,6,1,1,33,2,2,0
9,11,3,2014,4,1,1,2,2,1,2,2,1,1,2,2,1,2,4,6,1,1,36,2,1,1
4,11,4,2014,3,2,1,2,1,1,1,1,1,2,1,2,1,1,12,6,1,1,33,2,2,3
8,11,2,2014,4,1,1,2,2,1,1,1,1,1,1,1,1,2,19,6,1,1,33,2,2,1
5,11,8,2014,3,1,1,1,1,1,1,1,1,1,1,1,1,2,14,6,1,1,40,2,2,0
5,11,11,2014,3,1,1,1,1,1,1,1,1,1,1,1,1,2,19,4,2,7,28,2,2,1
6,11,12,2014,2,1,1,1,1,1,1,1,1,1,1,1,1,2,14,6,1,1,30,2,2,0
5,11,11,2014,2,1,1,1,1,1,1,1,1,1,1,1,1,2,14,6,1,1,28,2,2,1
3,10,4,2014,3,1,1,1,2,1,1,1,1,1,1,1,1,2,13,6,1,1,19,1,2,0
5,10,12,2014,3,1,1,1,2,1,1,1,1,1,1,1,1,2,8,5,1,1,33,1,2,0
5,10,8,2014,3,1,2,1,1,1,1,1,1,1,1,1,1,1,19,6,1,1,33,1,2,0
1,15,2,2014,3,1,1,1,2,2,1,1,1,1,1,1,1,2,17,6,1,1,35,2,2,1
1,15,2,2014,1,1,1,2,2,1,1,1,1,1,1,1,1,1,13,6,1,1,25,2,2,0
1,15,5,2014,1,1,1,2,2,1,1,1,1,1,1,1,1,1,13,5,1,1,45,2,2,0
1,15,8,2014,3,1,1,2,2,1,1,1,1,1,1,1,1,2,16,6,1,1,37,2,2,0
4,15,6,2014,1,1,1,2,2,2,2,1,2,1,1,1,1,1,14,6,1,1,33,2,2,0
3,15,1,2014,2,1,1,2,2,1,1,1,1,1,1,1,1,2,14,6,1,1,20,2,2,0
3,15,3,2014,2,1,1,2,2,1,1,1,1,1,1,1,1,2,12,6,1,1,33,2,2,0
3,15,4,2014,4,1,1,1,2,1,2,1,1,1,1,1,2,2,1,6,1,1,20,2,2,3
3,15,4,2014,2,1,1,2,2,1,1,1,1,1,1,1,2,2,4,6,1,1,46,2,2,1
3,15,6,2014,1,1,1,1,2,1,2,1,1,1,1,2,1,2,14,6,1,2,25,2,2,1
3,15,6,2014,3,1,1,2,2,1,1,1,1,1,1,1,1,2,14,6,1,1,33,2,2,0
3,15,6,2014,3,1,1,1,2,2,1,1,1,1,1,1,1,2,14,6,1,1,29,1,2,1
3,15,6,2014,1,1,1,1,2,1,4,1,1,1,1,1,1,1,14,6,1,1,33,2,2,0
3,15,6,2014,2,1,1,2,2,1,1,1,1,1,1,1,1,2,14,6,1,1,33,2,2,1
3,15,7,2014,2,1,1,1,2,1,1,1,1,1,1,2,1,2,14,6,1,1,33,2,2,0
3,15,9,2014,4,1,1,2,1,1,4,1,1,1,1,1,1,1,14,6,1,1,24,2,2,0
3,15,10,2014,3,1,1,2,2,1,1,1,1,1,1,1,1,2,14,6,1,1,33,2,2,0
3,15,10,2014,2,1,1,2,2,1,1,1,1,1,1,1,1,2,14,6,1,1,33,1,2,1
3,15,10,2014,2,1,1,2,2,1,1,1,1,1,1,1,1,2,9,6,1,1,33,2,2,1
3,15,10,2014,3,1,1,2,2,1,1,1,1,1,1,1,1,2,9,6,1,1,33,1,2,0
3,15,10,2014,3,1,1,2,2,1,1,1,1,1,1,1,1,2,14,6,1,1,33,2,2,0
3,15,10,2014,3,1,1,2,2,1,1,1,1,1,1,1,1,2,9,6,1,1,40,2,2,0
3,15,10,2014,3,1,1,2,2,1,1,1,1,1,1,1,2,2,8,5,1,1,33,2,2,0
6,15,11,2014,3,1,1,2,2,1,1,1,1,1,1,1,1,2,4,2,1,1,33,2,2,0
4,15,11,2014,1,1,1,1,2,1,2,1,1,1,1,1,1,2,14,6,1,1,54,2,2,0
5,15,11,2014,1,1,1,1,1,2,1,1,1,1,1,1,1,2,14,6,1,1,33,2,2,1
3,15,11,2014,4,1,1,1,2,1,2,1,1,1,1,1,1,2,14,6,1,1,33,2,2,0
4,15,12,2014,2,1,1,1,1,1,1,1,1,1,1,1,1,2,8,6,1,1,33,1,0,1
3,15,12,2014,4,1,1,1,2,1,2,1,1,1,1,1,1,2,14,6,1,1,33,1,0,0
7,17,1,2014,1,1,1,2,2,1,2,1,1,1,1,1,1,1,13,6,1,1,33,2,2,0
1,17,2,2014,3,1,1,2,2,1,1,1,1,1,1,1,1,1,14,6,1,1,33,2,2,0
7,17,2,2014,1,1,1,2,1,1,1,1,1,1,1,1,1,2,14,6,1,1,33,2,2,0
7,17,4,2014,1,1,2,2,2,1,2,1,1,1,1,1,1,2,14,6,1,1,33,1,2,0
10,9,12,2014,4,3,1,2,2,1,3,1,1,1,1,1,1,1,14,6,1,1,30,2,2,0
11,9,11,2014,3,1,2,1,1,1,1,1,1,1,1,1,2,2,14,6,1,1,33,2,2,0
10,9,8,2014,3,1,1,2,2,1,1,1,1,1,1,1,1,2,9,6,1,1,33,2,2,0
4,9,1,2014,3,1,1,2,2,1,1,1,1,1,1,1,1,2,9,6,1,1,29,2,2,0
3,9,7,2014,4,1,1,2,2,1,2,1,1,1,1,1,1,2,14,6,1,1,33,2,2,0
11,9,3,2014,4,1,1,2,2,1,1,1,1,1,1,1,1,1,10,6,1,1,33,2,2,0
6,9,3,2014,1,1,1,2,1,2,1,1,1,1,1,1,1,1,19,6,1,1,33,2,2,0
11,16,1,2014,2,1,1,2,2,1,1,1,1,1,1,1,2,2,19,6,1,1,33,2,2,1
11,16,1,2014,1,1,1,2,2,1,1,1,1,1,1,1,1,1,14,6,1,1,33,2,2,0
1,16,2,2014,3,1,1,2,2,1,1,1,1,1,1,1,1,1,14,6,1,1,35,2,2,1
7,16,2,2014,4,1,1,2,2,1,1,1,1,1,1,1,1,2,9,6,1,1,33,2,2,0
11,16,3,2014,3,1,1,2,2,1,1,1,1,1,1,1,1,2,13,6,1,1,33,1,2,0
10,16,4,2014,3,1,1,2,2,1,1,1,1,1,1,1,1,2,10,6,1,1,35,1,2,0
10,16,4,2014,3,1,1,1,2,1,1,1,1,1,1,1,1,1,12,6,1,1,28,2,2,1
11,16,4,2014,3,1,1,2,2,1,1,1,1,1,1,1,1,1,9,6,1,1,33,2,1,1
1,16,6,2014,4,1,1,2,2,1,2,1,1,1,1,1,1,1,9,6,1,1,33,1,2,0
10,16,6,2014,2,1,1,2,2,1,1,1,1,1,1,1,1,2,14,6,1,1,30,1,2,3
7,16,6,2014,3,1,1,2,2,1,1,1,1,1,1,1,1,2,14,6,1,1,33,2,2,0
11,16,6,2014,2,1,1,2,2,1,1,1,1,1,1,1,1,2,9,6,1,1,33,2,2,0
6,16,6,2014,1,1,1,2,2,1,2,1,1,1,1,1,1,2,14,6,1,1,33,1,2,0
11,16,6,2014,2,1,1,2,2,1,1,1,1,1,1,1,2,2,13,6,1,1,33,2,2,1
10,16,7,2014,3,1,1,1,2,1,1,1,1,1,1,1,1,1,9,6,1,1,35,2,2,0
2,16,7,2014,3,1,1,1,2,1,1,1,1,1,1,1,2,1,13,6,1,1,33,2,2,0
8,16,7,2014,1,1,1,2,2,1,1,1,1,1,1,1,1,2,14,6,1,1,33,2,2,0
11,16,8,2014,2,1,1,2,2,1,1,1,1,1,1,1,1,2,7,2,1,1,32,2,2,1
6,16,8,2014,3,1,1,2,2,1,1,1,1,1,1,2,1,2,14,6,1,1,33,1,2,0
11,16,10,2014,4,1,1,2,2,1,2,1,1,1,1,1,1,2,13,6,1,1,33,2,2,0
11,16,10,2014,2,1,1,2,2,1,1,1,1,1,1,1,2,2,12,6,1,1,33,2,2,0
10,16,10,2014,2,1,1,2,2,1,1,1,1,1,1,1,1,2,9,6,1,1,33,2,2,0
11,16,10,2014,2,1,1,2,2,1,1,1,1,1,1,1,2,2,14,6,1,1,25,2,2,0
11,16,11,2014,4,1,1,2,2,1,2,1,1,1,1,1,2,2,14,6,1,1,33,2,2,0
11,16,11,2014,2,1,1,2,2,1,1,1,1,1,1,1,2,2,9,6,1,1,33,2,2,1
10,16,12,2014,1,1,1,2,2,1,2,1,1,1,1,1,2,2,14,6,1,1,33,2,2,0
3,8,3,2014,3,1,1,2,1,1,1,1,1,1,1,1,1,1,9,6,1,1,33,2,2,0
3,8,2,2014,3,1,1,2,2,1,1,1,1,1,1,2,1,2,14,6,1,1,33,2,2,0
3,8,4,2014,3,1,1,2,2,1,1,1,1,1,1,1,1,1,19,6,1,1,33,2,2,0
1,8,4,2014,3,1,1,2,2,1,1,1,1,1,1,3,1,2,4,6,1,1,33,2,2,0
4,2,10,2014,2,1,1,2,2,1,1,1,1,1,1,3,1,2,19,6,1,1,35,2,2,0
5,2,10,2014,3,7,1,2,2,1,1,1,1,1,1,3,1,2,7,6,1,1,33,2,2,0
2,6,5,2014,4,1,1,2,2,4,1,1,1,1,1,1,1,2,14,6,1,1,33,2,2,0
1,6,7,2014,2,1,1,1,2,1,1,2,1,1,1,1,1,2,9,4,1,1,33,2,2,0
1,6,12,2014,4,1,1,2,2,4,2,1,1,1,1,3,1,2,4,6,1,1,33,2,2,0
6,2,1,2014,2,1,1,2,2,1,1,1,1,1,1,3,1,2,14,6,1,1,33,2,2,0
4,2,1,2014,3,1,1,2,2,1,1,1,1,1,1,3,1,2,9,6,1,1,33,2,2,0
4,2,5,2014,3,1,1,2,1,1,1,1,1,1,1,3,1,2,14,6,1,1,22,2,2,0
4,2,7,2014,2,2,1,2,2,1,1,1,1,1,1,4,1,2,13,6,1,1,23,2,2,0
4,2,6,2014,2,3,1,2,2,1,1,1,1,1,1,3,1,2,4,6,1,1,52,2,1,1
1,2,7,2014,2,1,1,2,2,1,2,1,1,1,1,1,1,1,12,1,1,3,33,2,2,0
1,6,8,2014,2,1,1,2,2,1,1,1,1,1,2,3,4,1,14,6,1,1,55,2,2,0
4,1,4,2014,1,1,1,2,2,1,4,1,1,1,1,3,1,2,14,5,1,1,33,2,2,1
1,1,2,2014,4,1,1,2,2,1,4,1,1,1,1,1,1,2,14,6,1,1,33,2,2,0
1,2,12,2014,2,1,1,2,2,4,2,1,1,1,1,1,1,2,9,5,1,1,33,2,2,0
1,2,11,2014,2,1,1,2,2,4,2,1,1,1,1,1,1,2,9,6,1,1,33,2,2,0
4,6,12,2014,2,1,1,2,2,1,1,1,1,1,1,1,1,2,9,6,1,1,33,2,2,0
4,45,10,2014,4,1,1,2,2,1,1,1,1,1,1,1,1,1,12,5,1,7,40,1,2,3
4,70,3,2014,4,1,1,2,2,1,3,1,1,1,1,5,1,2,10,5,1,1,25,2,2,0
4,70,10,2014,3,1,1,2,2,1,1,1,1,1,1,5,1,1,12,5,1,7,40,1,2,3
6,70,10,2014,2,1,1,1,2,1,1,1,1,1,1,5,1,2,8,11,1,7,45,2,2,0
4,32,2,2014,2,7,1,2,1,1,2,1,1,1,1,1,2,1,9,2,1,7,33,2,2,0
6,34,12,2014,3,1,1,2,2,1,2,1,1,1,1,1,1,1,14,6,1,5,47,2,2,0
1,64,5,2014,3,5,4,2,1,1,1,3,1,1,1,5,1,1,14,6,1,1,32,1,2,1
1,64,11,2014,3,2,3,1,1,1,2,1,1,1,1,5,1,1,14,6,1,1,25,2,1,2
5,64,4,2014,2,1,1,2,1,1,1,1,1,1,1,5,1,1,9,6,1,1,28,1,2,0
14,64,2,2014,4,1,4,2,2,1,3,4,1,1,1,5,1,1,10,2,1,1,33,1,2,3
15,64,6,2014,1,1,1,2,2,1,4,1,1,1,1,5,1,1,14,10,1,3,33,2,2,0
16,64,7,2014,3,1,1,2,1,1,1,1,1,1,1,5,1,1,1,4,1,1,35,2,2,0
16,64,9,2014,4,1,1,2,1,1,4,1,1,1,1,5,1,1,5,6,1,1,33,2,2,1
7,65,6,2014,2,1,4,2,2,1,1,1,1,1,1,2,1,2,5,6,1,2,33,1,2,0
2,65,5,2014,4,7,1,2,2,2,4,1,2,1,1,1,1,2,14,5,1,1,33,2,2,0
2,65,6,2014,3,1,1,2,2,2,1,1,2,1,1,1,1,2,7,1,1,1,33,2,2,0
4,59,1,2014,2,1,1,2,2,1,1,1,1,1,1,2,1,2,9,6,1,1,46,1,1,0
14,63,10,2014,1,1,1,2,2,1,1,3,1,1,1,1,1,2,14,6,1,2,33,1,2,0
14,63,3,2014,2,1,1,2,2,1,2,1,1,1,1,1,1,2,7,6,1,2,40,1,0,1
14,63,1,2014,2,1,2,2,2,1,2,1,1,1,1,1,2,2,14,6,1,2,33,1,2,0
14,63,8,2014,2,1,1,2,2,1,2,1,1,1,1,1,1,2,9,6,1,2,35,1,2,0
14,63,11,2014,3,1,1,2,2,1,1,1,1,1,1,1,1,2,14,6,1,2,33,1,2,0
14,63,7,2014,3,4,1,2,2,1,1,1,1,1,1,1,1,2,15,6,1,1,35,2,2,1
14,63,8,2014,2,4,1,2,2,1,2,1,1,1,1,1,1,2,9,6,1,1,30,2,2,0
14,63,7,2014,1,1,8,2,2,1,2,1,1,1,1,1,1,2,9,6,1,1,33,2,1,2
14,63,7,2014,3,7,1,2,2,1,1,1,1,1,1,1,1,1,9,6,1,1,33,2,2,0
14,63,6,2014,2,7,1,2,2,1,1,1,1,1,1,1,1,2,14,6,1,1,33,2,2,0
9,63,11,2014,3,1,4,1,1,1,1,1,1,1,1,1,1,2,12,6,1,3,33,2,2,0
9,63,6,2014,2,7,2,2,2,1,1,1,1,1,1,1,1,2,14,6,1,2,60,2,2,0
1,63,12,2014,2,1,2,2,2,1,1,4,1,1,1,4,1,2,9,1,1,2,45,1,0,0
13,63,12,2014,3,1,1,2,2,1,2,1,1,1,1,1,1,2,9,6,1,2,33,1,0,0
1,65,6,2014,3,1,1,2,2,1,1,2,1,1,1,1,1,2,9,2,1,1,37,2,2,0
2,65,7,2014,2,7,1,2,2,2,1,1,2,1,1,2,1,2,14,4,1,2,33,2,2,3
2,65,8,2014,3,7,1,2,2,1,1,1,1,1,1,1,1,2,9,4,1,1,33,2,0,0
6,65,9,2014,2,1,1,2,2,1,1,1,1,1,1,1,1,2,14,6,1,1,33,1,0,0
12,58,7,2014,1,7,1,1,2,1,1,1,1,1,1,2,2,2,9,7,1,2,33,2,2,0
12,58,7,2014,2,7,1,2,1,1,1,1,1,1,1,2,1,2,17,6,2,2,30,1,2,3
10,58,5,2014,2,3,7,1,2,1,2,2,1,1,1,2,1,2,14,11,1,2,33,1,2,0
8,58,11,2014,2,1,4,2,2,1,1,3,1,1,1,2,1,2,9,6,1,2,33,2,2,0
9,57,5,2014,2,2,2,2,2,1,1,1,1,1,1,1,1,2,10,6,1,2,38,1,2,0
8,57,7,2014,3,1,2,2,2,1,1,1,1,1,1,1,1,2,14,6,1,2,33,1,2,0
8,57,7,2014,4,2,1,2,2,1,3,1,1,1,1,1,1,2,14,6,1,5,25,1,2,0
3,57,6,2014,2,3,1,2,2,1,1,1,1,1,1,1,1,2,9,7,2,7,35,1,2,0
8,57,1,2014,1,1,1,2,2,4,4,1,1,1,1,1,1,2,9,6,1,2,33,1,0,0
9,57,1,2014,2,1,1,2,2,4,1,1,1,1,1,1,2,2,14,6,1,2,33,1,0,0
1,57,11,2014,3,7,1,2,2,1,1,1,1,1,1,4,1,1,9,2,1,7,33,2,2,0
3,57,11,2014,3,7,1,2,2,1,1,1,1,1,1,1,1,2,10,6,1,7,33,2,2,0
3,57,12,2014,4,1,1,2,2,1,2,1,1,1,1,4,1,2,14,6,1,7,33,2,2,0
4,57,11,2014,2,3,1,2,2,1,1,2,1,1,1,4,1,2,7,2,1,2,22,2,2,1
5,60,3,2014,3,7,1,2,2,1,1,1,1,1,1,1,1,2,13,6,1,2,33,1,2,0
6,60,2,2014,2,7,1,2,2,1,4,1,1,1,1,2,1,2,12,6,2,1,29,2,2,0
6,60,1,2014,3,7,1,2,1,1,1,1,1,1,1,1,1,1,12,11,1,1,27,2,2,1
1,61,3,2014,3,7,1,2,2,1,1,1,1,1,1,1,1,2,9,11,1,7,35,2,2,0
1,61,4,2014,3,7,8,2,2,1,1,2,1,1,1,2,1,2,7,11,1,7,24,2,1,0
1,61,7,2014,3,7,1,2,2,1,1,1,1,1,1,1,1,2,9,5,1,2,60,1,2,1
1,61,10,2014,2,7,8,2,2,1,1,1,5,1,1,1,1,2,19,2,1,7,34,2,2,1
2,61,4,2014,1,2,1,2,2,1,4,1,1,1,1,1,1,2,14,11,1,2,33,2,2,0
5,66,2,2014,2,2,1,2,1,1,1,4,1,1,1,2,1,2,14,6,1,2,33,2,2,3
2,61,4,2014,1,2,1,2,2,1,4,1,1,1,1,1,1,2,14,11,1,2,33,2,2,0
1,61,5,2014,3,7,8,2,2,1,1,1,1,1,1,2,1,2,11,5,1,2,34,2,1,1
1,61,4,2014,2,2,1,2,2,1,1,1,1,1,1,1,1,2,9,11,1,2,33,2,2,0
1,61,5,2014,3,2,1,2,2,1,1,1,1,1,1,1,1,2,14,6,1,2,33,1,0,0
4,58,5,2014,3,7,1,2,2,1,1,1,1,1,1,2,1,2,5,6,1,2,33,1,0,0
7,58,12,2014,3,2,1,2,2,1,1,1,1,1,1,1,1,2,14,6,1,2,55,1,0,0
7,58,12,2014,3,4,2,2,1,1,1,2,1,1,2,1,1,2,14,1,1,1,33,1,2,0
13,58,9,2014,3,7,8,2,2,1,1,1,1,1,1,1,1,1,9,5,1,2,32,1,2,1
5,58,1,2014,1,1,1,2,2,1,1,1,1,1,1,1,1,2,5,6,1,1,33,2,2,1
5,58,8,2014,1,1,1,2,1,1,4,1,2,1,2,1,1,2,16,7,1,2,33,1,0,0
5,58,8,2014,1,1,2,2,2,1,1,1,2,1,2,1,1,2,13,6,1,1,20,2,2,0
5,58,1,2014,2,1,1,2,2,1,1,1,1,1,1,1,1,2,10,2,1,1,33,2,2,3
5,58,10,2014,1,2,1,2,2,1,2,1,2,1,1,1,1,2,14,4,2,3,30,1,2,1
5,58,1,2014,2,1,1,2,2,1,1,1,1,1,1,1,1,2,13,6,1,1,33,2,2,0
6,38,2,2014,3,1,1,2,2,1,1,1,1,1,1,2,1,2,9,6,1,7,33,2,2,0
9,47,1,2014,4,1,1,2,2,1,1,1,1,1,1,2,1,2,14,11,1,7,33,2,2,0
6,38,2,2014,4,3,1,2,2,1,1,1,1,1,1,2,1,2,9,6,1,7,33,2,2,0