Thana,District,Month,Year,Time,Junction_Type,Traffic_Control,Movement,Divider,Weather,Light,Road_Geometry,Surface_Condition,Surface_Type,Surface_Quality,Road_Class,Road_Feature,Location_Type,Vehicle_Type,Vehicle_Movement,Vehicle_Loading,Vehicle_Defect,Vehicle_Driver_Age,Vehicle_Alcohol,Vehicle_Seat_Belt,Accident_Severity
6,37,3,2014,3,1,1,2,2,1,1,1,1,1,1,2,1,2,4,11,1,7,18,2,2,0
7,44,4,2014,4,7,1,2,2,1,1,1,1,1,1,2,1,2,7,11,1,7,53,2,2,1
5,36,1,2014,2,3,1,2,2,1,1,1,1,1,1,2,1,2,19,11,1,7,42,2,2,1
1,40,3,2014,4,1,1,2,2,1,1,1,1,1,1,2,1,2,9,11,1,7,33,2,2,1
6,40,4,2014,2,7,1,2,2,1,1,1,1,1,1,2,1,2,9,11,1,7,28,2,2,0
1,40,4,2014,4,1,1,2,2,1,1,1,1,1,1,2,1,2,14,11,1,7,45,2,2,1
1,41,4,2014,4,7,1,2,2,1,1,1,1,1,1,2,1,2,9,11,1,7,33,2,2,0
5,41,3,2014,1,7,1,2,2,1,1,1,1,1,1,2,1,2,14,11,1,7,33,2,2,0
9,47,5,2014,3,1,1,2,2,1,1,1,1,1,1,2,1,2,12,11,1,7,40,2,2,0
1,39,5,2014,1,1,1,2,2,1,1,1,1,1,1,2,1,2,9,11,1,7,33,2,2,0
2,50,3,2014,2,7,1,2,2,1,1,1,1,1,1,2,1,2,9,11,1,7,37,2,2,0
2,50,3,2014,4,1,1,2,2,1,1,1,1,1,1,2,1,2,14,11,1,7,33,2,2,0
8,50,4,2014,4,1,1,2,2,1,1,1,1,1,1,2,1,2,9,11,1,7,33,2,2,0
1,40,5,2014,2,1,1,2,2,1,1,1,1,1,1,2,1,2,4,11,1,7,45,2,2,0
7,47,6,2014,2,7,1,2,2,1,1,1,1,1,1,1,1,2,14,11,1,7,25,2,2,0
12,47,6,2014,3,7,1,2,2,2,2,1,2,1,1,1,1,2,12,11,1,7,50,2,2,0
3,40,7,2014,2,7,1,2,2,1,2,1,1,1,1,1,1,2,11,11,1,7,33,2,2,0
1,40,6,2014,3,2,1,2,2,1,1,1,1,1,1,1,1,2,9,11,1,7,33,2,2,0
6,40,6,2014,4,7,1,2,2,1,2,1,1,1,1,1,1,2,9,11,1,7,33,2,2,0
1,40,6,2014,4,7,1,2,2,1,1,1,1,1,1,1,1,2,4,11,1,7,33,2,2,1
3,40,6,2014,3,7,1,2,2,1,4,1,1,1,1,1,1,2,9,11,1,7,33,2,2,1
1,39,7,2014,1,1,1,2,2,1,4,1,1,1,1,1,1,2,14,11,1,7,33,2,2,0
6,37,8,2014,1,7,1,2,2,1,1,1,1,1,1,2,1,2,17,11,1,7,28,2,2,0
9,47,7,2014,4,1,1,2,2,1,1,1,1,1,1,1,1,2,14,6,1,7,33,2,2,0
1,39,11,2014,3,1,1,2,2,1,1,1,1,1,1,1,1,2,6,11,1,7,33,2,2,0
9,47,8,2014,3,1,1,2,2,1,1,1,1,1,1,1,1,2,12,11,1,7,33,2,2,0
2,47,9,2014,3,1,1,2,2,1,1,1,1,1,1,1,1,2,9,11,1,7,50,2,2,3
9,47,9,2014,4,1,1,2,2,1,1,4,2,2,1,1,1,2,9,11,1,7,33,2,2,0
9,47,9,2014,4,3,1,1,2,1,1,1,1,1,1,1,1,2,12,11,1,7,33,2,2,0
1,52,9,2014,3,1,1,2,2,1,1,1,1,1,1,1,1,2,4,11,1,7,32,2,2,0
1,40,10,2014,3,4,1,2,2,1,1,1,1,1,1,1,1,2,19,11,1,7,28,2,2,3
7,40,8,2014,4,7,1,2,2,1,1,1,1,1,1,1,1,2,19,11,1,7,35,1,1,0
6,45,12,2014,4,1,1,2,2,1,1,1,1,1,1,1,1,2,9,11,1,7,33,2,2,0
1,40,12,2014,4,7,1,2,2,1,1,1,1,1,1,1,1,2,9,11,1,7,35,2,2,1
20,16,8,2014,3,1,1,2,2,1,1,1,1,1,1,2,1,2,7,11,1,7,33,2,2,1
37,42,1,2014,1,2,5,2,1,1,3,1,1,1,1,5,1,1,7,3,1,1,35,2,1,2
8,42,2,2014,3,2,4,2,1,1,1,1,1,1,1,5,1,1,9,4,1,1,45,2,2,2
37,42,2,2014,3,7,1,2,1,1,1,1,1,1,1,5,1,1,10,6,1,1,28,2,2,0
33,42,2,2014,2,7,1,2,1,1,1,1,1,1,1,5,1,1,8,6,1,1,40,2,2,2
23,42,2,2014,4,7,1,2,1,1,2,2,1,1,1,3,1,1,7,5,1,1,35,2,1,2
46,42,2,2014,4,3,1,2,1,1,2,1,1,1,1,2,1,1,13,1,1,1,50,2,2,1
46,42,2,2014,4,7,1,2,1,1,4,2,1,1,1,5,1,1,14,6,1,1,40,2,2,0
9,42,1,2014,4,1,1,2,1,1,3,1,1,1,1,5,1,1,8,6,1,1,30,2,2,3
42,42,4,2014,2,1,6,2,1,1,1,1,1,1,1,1,1,1,9,6,1,7,35,2,2,2
15,42,4,2014,1,1,2,2,1,1,2,1,1,1,1,2,1,1,19,6,1,1,40,2,2,0
28,42,1,2014,1,2,4,2,1,1,2,1,1,1,1,5,1,1,14,6,1,1,45,1,2,0
17,42,6,2014,2,2,6,2,1,1,1,1,1,1,1,5,1,1,8,6,1,1,40,2,2,1
15,42,6,2014,4,3,4,2,1,1,2,1,1,1,3,1,1,1,14,6,2,1,35,1,2,3
9,42,2,2014,1,1,1,1,1,1,2,1,1,1,1,5,1,1,13,5,1,1,32,2,1,2
9,42,5,2014,4,1,1,1,1,1,3,1,1,1,1,5,1,1,8,6,1,1,24,2,2,2
37,42,6,2014,3,7,1,2,1,1,1,1,1,1,1,5,1,1,10,5,1,7,21,2,2,1
47,42,7,2014,2,2,6,1,1,1,1,1,1,1,1,5,1,1,9,6,1,1,40,2,2,0
9,42,7,2014,1,7,1,1,1,1,3,3,1,1,1,5,1,1,10,6,1,1,23,2,1,0
2,42,7,2014,2,1,2,1,1,1,1,1,1,1,1,5,1,1,9,5,1,6,40,1,2,1
12,42,7,2014,3,7,1,2,2,1,1,2,1,1,1,3,1,1,10,6,1,4,28,2,1,2
37,42,7,2014,3,3,1,2,2,1,1,1,1,1,1,5,1,1,10,5,1,7,21,2,2,3
42,42,8,2014,4,2,2,1,1,1,3,1,1,1,1,1,1,1,13,11,1,7,42,1,2,3
23,42,9,2014,3,1,1,1,2,1,1,1,1,1,1,1,1,1,10,6,1,1,30,2,1,2
29,42,9,2014,2,1,4,2,1,1,1,1,1,1,1,5,1,1,9,6,1,1,32,2,2,0
1,42,9,2014,2,3,5,1,1,1,1,1,1,1,1,5,1,1,8,5,1,1,26,2,2,0
34,42,9,2014,4,1,1,2,1,1,3,1,1,1,1,5,1,1,8,6,1,1,40,2,2,0
32,42,10,2014,3,2,4,2,1,1,1,1,1,1,1,2,1,1,9,5,1,1,40,2,2,0
14,42,11,2014,2,1,4,2,2,1,1,1,1,1,1,3,1,1,10,6,1,1,28,2,1,2
32,42,12,2014,3,3,4,2,1,1,1,2,1,1,1,5,5,1,9,5,1,1,40,2,2,1
10,42,11,2014,4,1,6,1,1,1,3,1,1,1,1,1,5,1,14,6,1,1,45,2,2,2
13,42,3,2014,2,7,4,2,1,1,1,1,1,1,1,5,1,1,7,1,1,7,35,2,2,0
13,42,11,2014,4,3,1,2,1,1,2,1,1,1,1,1,1,1,9,1,1,7,33,2,1,0
3,29,3,2014,4,1,1,2,2,1,4,1,1,1,1,1,1,1,8,6,2,7,44,2,2,0
3,29,1,2014,1,1,1,2,2,1,2,1,1,1,1,1,1,1,14,10,1,1,45,1,2,2
7,29,5,2014,2,1,1,2,2,1,1,1,1,1,1,1,1,1,14,6,1,7,24,1,2,2
3,29,5,2014,4,1,1,2,2,2,2,1,2,1,1,1,1,1,9,6,2,1,33,1,2,0
1,19,5,2014,4,3,1,2,2,1,2,2,1,1,1,1,1,1,9,6,1,1,33,2,2,1
1,18,6,2014,2,1,1,2,2,1,2,2,1,1,1,5,1,2,9,6,1,1,33,2,2,0
2,18,8,2014,2,1,1,2,2,1,1,1,1,1,1,1,1,2,9,5,2,1,35,2,2,0
6,18,1,2014,1,3,1,2,2,1,2,1,1,1,1,2,2,1,4,6,1,1,33,2,2,0
7,18,3,2014,4,1,1,2,2,1,4,1,1,1,1,1,1,2,14,6,1,1,33,2,2,0
1,20,12,2014,1,1,1,2,2,1,1,1,1,1,1,2,1,2,6,5,2,1,33,2,2,1
1,24,12,2014,3,1,1,2,2,1,1,1,1,1,1,1,1,2,13,6,1,1,33,2,2,0
1,24,12,2014,3,1,1,2,2,1,1,1,1,1,1,1,1,2,9,6,1,1,46,2,2,1
1,19,10,2014,3,3,1,2,2,1,1,1,1,1,1,4,1,1,10,4,1,1,32,2,2,2
1,21,8,2014,3,1,1,2,2,1,1,2,1,1,1,1,1,2,13,2,1,1,30,2,2,0
3,21,10,2014,2,1,1,2,2,1,1,1,1,1,1,4,1,2,14,6,1,1,35,1,2,0
7,18,11,2014,3,3,1,2,2,1,1,1,1,1,1,3,1,2,9,5,1,1,33,2,2,0
1,22,7,2014,2,1,1,2,2,1,1,1,1,1,1,1,1,2,14,6,2,1,33,2,2,0
1,22,12,2014,1,1,1,2,2,1,1,1,1,1,1,1,1,2,9,6,2,1,54,2,2,0
1,25,2,2014,2,1,1,2,2,1,1,1,1,1,1,2,1,1,14,6,1,1,33,2,2,2
2,20,2,2014,2,1,1,2,2,1,1,2,1,1,1,4,1,2,14,6,1,1,33,2,2,1
4,28,2,2014,3,7,8,2,2,1,1,1,1,1,1,5,1,1,4,6,1,7,28,1,2,0
3,8,1,2014,4,3,1,2,1,1,4,1,1,1,1,1,1,2,9,6,1,1,33,2,2,2
3,8,5,2014,2,1,1,2,2,1,1,1,1,1,1,1,1,2,9,5,1,1,33,2,2,0
3,8,6,2014,1,1,1,2,1,1,2,1,1,1,1,1,1,1,14,10,1,1,33,2,2,3
1,1,7,2014,3,1,1,2,2,1,1,1,1,1,1,1,1,1,8,6,1,1,41,2,2,0
1,70,1,2014,1,2,8,2,2,1,3,1,1,1,1,5,1,1,14,4,1,1,38,1,2,0
1,70,2,2014,4,1,1,2,2,1,3,3,1,1,1,5,1,1,10,6,1,7,27,2,2,1
2,56,7,2014,2,3,1,2,2,1,2,2,1,1,2,3,1,2,14,1,1,1,32,2,2,1
2,70,7,2014,2,3,1,2,2,1,2,2,1,1,2,5,1,2,14,1,1,1,32,2,2,1
4,70,4,2014,3,1,1,2,2,1,1,1,1,1,1,5,2,1,9,11,1,7,42,2,2,0
4,56,3,2014,2,1,1,2,2,1,2,1,1,1,1,1,1,2,10,5,1,1,25,2,2,0
4,70,2,2014,3,1,1,2,2,1,1,1,1,1,1,5,1,1,14,11,1,7,38,2,2,0
5,56,12,2014,4,1,1,2,2,4,1,1,1,1,1,1,1,1,13,11,1,1,35,2,2,0
6,70,6,2014,3,1,8,2,2,1,1,1,1,1,2,5,1,2,19,6,1,7,35,2,2,0
6,70,7,2014,2,1,1,1,2,1,1,1,1,1,1,5,2,2,9,6,1,7,43,2,2,0
6,56,7,2014,4,7,1,1,2,1,1,1,1,1,1,1,1,2,7,6,1,1,27,2,2,0
6,56,10,2014,3,3,4,2,2,1,1,1,1,1,1,1,1,2,9,6,1,5,45,2,1,0
6,70,11,2014,2,3,4,2,2,1,4,1,1,1,1,5,1,2,14,6,1,7,28,2,1,0
6,70,12,2014,2,7,1,2,2,1,1,1,1,1,1,5,1,2,8,5,1,1,30,2,2,0
5,70,12,2014,1,1,1,2,2,4,2,1,1,1,1,5,1,1,13,11,1,1,35,2,2,0
6,70,7,2014,3,7,1,1,2,1,1,1,1,1,1,5,1,2,7,6,1,1,27,2,2,0
6,70,10,2014,2,3,4,2,2,1,1,1,1,1,1,1,1,2,9,6,1,5,45,2,1,0
3,56,3,2014,4,7,1,2,2,1,1,1,1,1,1,1,1,2,7,2,1,5,27,2,2,0
2,27,1,2014,2,1,8,2,2,1,4,2,1,1,1,1,1,2,14,6,1,7,30,2,2,1
3,32,6,2014,1,1,2,2,2,1,4,1,1,1,1,2,1,2,9,6,1,1,33,2,2,0
11,54,11,2014,4,2,1,1,2,1,1,1,1,1,1,1,1,2,14,6,1,1,40,2,2,0
4,55,3,2014,4,7,8,2,2,1,1,1,1,1,1,5,1,2,7,6,1,7,25,2,2,2
3,56,5,2014,4,7,1,2,1,1,1,1,1,1,1,1,2,1,13,2,1,7,28,2,2,0
7,56,5,2014,4,7,1,2,2,1,1,1,1,1,1,1,1,2,19,11,1,7,40,2,2,0
3,56,10,2014,3,7,1,2,2,1,1,1,1,1,1,1,1,2,19,11,2,7,30,2,2,0
11,54,12,2014,4,7,1,2,1,1,1,1,1,1,1,2,1,2,9,11,1,1,40,2,2,0
1,55,3,2014,4,3,1,1,2,1,1,1,1,1,1,1,1,1,9,6,2,1,30,2,2,0
7,56,5,2014,4,7,1,2,2,1,1,1,1,1,1,1,1,2,7,11,1,7,25,2,2,0
3,56,5,2014,4,7,1,2,2,1,2,1,1,1,1,1,1,2,7,7,1,7,35,2,2,0
3,56,8,2014,4,7,1,2,2,1,1,1,1,1,1,1,1,2,9,6,1,7,32,2,2,0
1,55,2,2014,3,2,8,2,2,1,1,1,1,1,1,1,1,2,14,6,1,1,32,2,2,0
11,54,1,2014,4,3,1,2,1,1,1,1,1,1,1,1,2,1,12,6,1,1,1,2,2,0
1,54,1,2014,1,1,1,2,1,1,2,1,1,1,1,1,2,1,9,2,1,1,0,2,2,0
11,54,10,2014,3,7,2,1,2,1,2,1,1,1,1,1,1,2,12,6,1,7,24,2,2,1
9,54,10,2014,4,7,1,2,2,1,2,1,1,1,1,1,1,2,8,6,1,1,35,2,2,0
6,55,5,2014,3,7,8,2,2,1,1,1,1,1,1,4,1,2,14,6,1,1,32,2,2,0
6,55,10,2014,4,7,8,2,2,1,1,1,1,1,1,1,1,2,14,6,1,1,30,2,2,0
8,56,6,2014,4,7,1,2,2,1,2,1,1,1,1,1,1,2,14,6,1,1,40,2,2,0
9,56,6,2014,2,7,1,2,2,1,1,1,1,1,1,1,1,2,10,6,1,7,25,2,2,0
3,56,7,2014,3,7,1,2,2,1,1,1,1,1,1,1,1,2,14,2,1,7,25,2,2,0
3,56,7,2014,4,7,1,2,2,1,2,1,1,1,1,1,1,2,14,2,1,7,14,2,2,0
9,56,8,2014,4,7,1,2,2,1,1,1,1,1,1,1,1,2,15,6,1,1,35,2,2,0
9,56,8,2014,4,7,1,2,2,1,1,1,1,1,1,1,1,2,14,5,1,7,26,2,2,1
6,56,8,2014,2,7,1,1,2,1,2,1,1,1,1,1,1,2,8,2,2,7,25,2,2,0
7,56,10,2014,3,7,1,2,2,1,4,1,1,1,1,1,1,2,14,6,1,7,40,2,2,0
3,56,11,2014,4,4,1,2,2,1,1,2,1,1,1,1,1,2,13,1,1,7,29,2,2,0
3,56,11,2014,4,7,1,2,2,1,4,1,1,1,1,1,1,2,14,6,1,7,44,2,2,0
10,34,6,2014,2,1,1,2,2,1,4,2,1,1,1,1,1,2,6,1,1,5,45,2,2,0
4,34,11,2014,2,1,1,2,2,1,1,1,1,1,1,3,1,2,9,5,1,1,33,1,2,0
1,40,6,2014,4,7,1,2,2,1,1,1,1,1,1,1,1,2,4,11,1,7,25,2,2,0
3,14,12,2014,3,1,2,2,2,1,1,1,1,1,1,5,1,2,9,2,1,7,43,2,2,0
4,14,4,2014,4,1,1,2,2,1,2,1,1,1,1,5,1,2,14,4,1,7,33,2,2,0
3,14,12,2014,3,7,8,2,2,1,1,1,1,1,1,5,1,1,14,4,1,7,33,2,2,0
1,56,2,2014,4,1,1,2,2,1,2,1,1,1,1,1,1,2,9,5,1,2,35,2,2,0
7,56,3,2014,4,7,1,2,2,1,1,1,1,1,1,1,1,2,14,11,1,7,25,2,2,0
8,56,3,2014,3,3,1,1,2,1,1,1,1,1,1,1,1,2,10,6,1,1,30,2,2,0
2,56,3,2014,4,7,1,2,2,1,1,1,1,1,1,2,1,2,11,6,1,6,25,2,2,0
7,56,11,2014,3,7,1,2,2,1,4,1,1,1,1,1,1,2,14,2,1,7,29,2,2,0
6,56,1,2014,2,1,4,2,2,1,1,1,1,1,1,2,1,2,19,6,1,1,30,2,2,0
7,54,3,2014,3,2,8,2,2,1,1,1,1,1,1,1,1,2,14,6,1,1,30,2,2,0
11,54,4,2014,4,2,1,2,2,1,2,1,1,1,1,1,2,1,14,2,1,7,37,2,2,0
11,54,4,2014,1,2,1,2,2,1,1,1,1,1,1,1,1,1,14,2,1,7,30,2,2,0
8,54,7,2014,2,2,8,1,1,1,2,1,1,1,1,1,1,2,14,6,1,1,39,2,2,0
4,28,9,2014,4,1,8,2,1,1,2,1,1,1,1,5,1,1,5,2,1,1,33,1,2,0
6,28,7,2014,3,2,8,2,2,2,1,2,1,1,1,5,2,1,13,6,1,7,38,1,2,1
8,28,1,2014,4,2,8,2,2,1,3,1,1,1,1,1,1,1,9,11,1,1,33,2,2,0
1,28,1,2014,1,2,8,2,2,1,3,1,1,1,1,5,1,1,9,11,1,1,33,2,2,0
7,60,10,2014,4,7,1,2,2,1,2,1,1,1,1,2,1,2,9,11,1,1,33,2,0,0
4,69,1,2014,4,1,1,1,2,1,1,1,1,1,1,1,1,2,9,5,2,1,33,1,2,1
6,27,7,2015,4,1,1,2,2,1,2,2,2,1,1,4,1,2,13,2,1,1,33,1,2,1
10,34,4,2015,3,1,1,1,2,1,1,1,1,1,1,1,1,2,9,6,1,7,33,1,2,0
1,31,10,2015,2,7,1,2,2,1,1,1,1,1,1,3,1,1,9,6,1,1,30,2,2,0
6,30,2,2015,2,7,8,2,2,1,1,2,1,1,1,4,1,1,14,1,1,1,42,1,2,0
5,31,11,2015,2,1,1,1,2,1,1,1,2,1,2,3,1,2,9,6,1,1,33,2,2,0
2,1,8,2015,2,1,1,1,2,1,1,1,1,1,1,4,1,1,17,6,1,7,22,1,2,0
3,33,4,2015,3,1,1,2,1,1,2,1,1,1,1,4,1,2,14,4,1,7,33,1,2,0
2,30,5,2015,2,3,1,2,2,1,1,2,1,1,1,4,1,2,9,5,1,1,40,2,2,0
2,31,5,2015,4,7,1,1,2,1,2,1,1,1,1,2,1,2,9,6,1,7,33,2,2,0
6,31,8,2015,4,1,1,1,2,2,2,1,2,1,1,4,1,2,9,6,1,7,33,1,2,0
2,33,10,2015,4,7,1,2,1,1,1,1,1,1,1,2,1,2,9,6,2,7,33,1,2,0
1,27,9,2015,3,1,1,2,2,1,1,1,1,1,1,3,1,2,9,6,1,1,33,2,2,1
10,34,11,2015,3,7,8,2,2,1,2,1,1,1,1,1,1,2,12,6,1,1,45,2,2,0
10,34,9,2015,3,7,8,1,2,1,2,1,1,1,1,1,1,2,14,11,1,1,50,2,2,1
4,34,10,2015,3,1,1,1,2,4,1,4,1,1,1,4,1,2,19,5,2,1,33,2,0,0
4,34,11,2015,2,3,1,1,2,4,1,1,1,1,2,1,1,2,9,5,1,1,33,2,2,0
6,34,8,2015,2,1,1,1,2,1,1,1,1,1,1,1,1,1,2,6,1,4,40,2,2,0
10,34,8,2015,3,1,1,1,2,1,4,1,1,1,1,1,1,2,19,6,2,1,33,2,2,0
9,34,11,2015,4,7,1,2,2,1,2,2,1,1,1,3,1,1,4,1,1,1,25,2,2,0
5,34,12,2015,4,1,1,2,2,1,1,1,1,1,1,1,1,1,9,6,1,1,33,2,2,1
3,32,8,2015,2,7,1,1,2,1,1,1,1,1,1,2,1,2,12,6,1,1,33,2,2,0
1,30,6,2015,3,1,1,2,2,1,1,3,1,1,1,1,1,2,8,5,1,1,40,2,2,0
6,30,9,2015,4,1,1,2,2,1,2,1,1,1,1,2,1,2,9,6,1,1,35,2,2,0
5,30,12,2015,4,1,1,2,1,1,2,1,1,1,1,2,1,2,10,5,1,3,30,1,2,0
4,31,11,2015,2,1,1,1,1,1,1,1,2,2,3,3,2,1,2,6,1,1,33,2,2,0
4,33,8,2015,2,1,1,2,2,1,1,1,1,1,1,4,1,1,17,6,1,7,22,1,2,0
2,27,9,2015,2,7,1,2,2,1,1,1,1,1,1,4,1,2,12,11,1,1,33,1,2,0
3,27,8,2015,3,7,1,1,2,1,1,2,1,1,1,4,1,2,8,6,1,2,33,2,2,0
4,32,2,2015,3,7,1,2,2,1,1,1,1,1,1,2,1,1,14,6,1,1,33,2,2,0
2,30,2,2015,2,1,1,2,2,4,2,1,1,1,1,4,1,2,17,6,1,1,33,2,2,0
6,34,4,2015,2,1,1,2,1,1,1,1,1,1,1,1,1,2,4,6,1,2,22,1,2,1
6,34,7,2015,3,1,1,2,2,2,1,1,2,1,1,1,1,2,9,6,1,1,33,2,2,0
1,30,9,2015,2,1,3,1,2,1,2,1,1,1,1,1,1,1,8,6,1,1,35,2,2,0
1,64,8,2015,3,7,1,2,1,1,1,1,1,1,1,5,1,1,10,6,1,1,33,2,2,3
5,64,4,2015,2,7,4,2,1,1,1,1,1,1,1,5,1,1,8,6,1,1,4,1,2,0
5,64,8,2015,3,1,4,2,1,1,1,1,5,1,1,5,1,1,9,5,1,1,33,1,2,0
5,64,9,2015,3,1,4,2,1,1,1,1,1,1,1,5,1,1,10,6,1,1,33,2,2,2
5,64,10,2015,3,2,4,2,2,1,1,1,1,1,1,5,1,1,14,6,1,1,33,1,2,0
5,64,12,2015,2,3,8,2,1,1,1,1,1,1,1,5,1,1,8,6,1,1,33,2,2,1
9,64,4,2015,1,1,1,2,2,1,2,1,1,1,1,1,1,1,14,6,1,1,33,1,0,1
11,64,8,2015,3,7,4,2,2,1,1,1,1,1,1,5,1,1,10,6,1,1,18,2,2,1
11,64,9,2015,1,1,2,1,1,1,1,1,1,1,1,5,1,1,19,6,1,1,33,2,2,0
11,64,10,2015,2,7,1,2,2,1,1,3,1,1,1,5,4,1,7,11,1,1,35,2,2,1
10,64,8,2015,4,2,4,1,1,1,3,1,1,1,1,5,1,1,4,6,1,1,33,1,0,0
10,64,8,2015,4,2,4,2,1,1,3,1,1,1,1,5,1,1,14,6,1,3,33,1,2,0
2,64,6,2015,3,7,4,2,1,1,1,1,1,1,2,5,1,1,15,6,1,1,33,1,2,0
2,64,6,2015,1,2,1,1,1,1,1,1,1,1,1,5,1,1,15,6,1,1,33,1,2,0
13,64,1,2015,4,7,1,2,2,1,3,1,1,1,1,5,1,1,8,11,1,1,33,1,2,1
13,64,3,2015,2,2,4,2,1,1,2,1,1,1,1,5,1,1,16,6,2,7,33,1,2,0
14,64,1,2015,2,1,1,2,1,1,1,1,1,1,1,5,1,1,9,5,1,1,33,2,2,0
14,64,2,2015,3,3,1,2,1,1,3,1,1,1,1,1,1,1,14,5,1,1,33,1,2,0
14,64,3,2015,3,1,4,2,1,1,1,1,1,1,1,5,1,1,14,5,1,1,30,1,2,0
14,64,3,2015,1,1,1,2,1,1,2,1,1,1,1,5,1,1,8,2,1,3,22,2,2,1
14,64,10,2015,2,4,1,2,1,1,2,2,1,1,1,5,1,1,14,5,1,1,33,1,2,0
7,59,1,2015,2,7,8,2,1,1,1,2,1,1,1,2,1,2,14,5,1,2,30,2,2,0
2,59,1,2015,3,3,1,2,2,1,1,2,1,1,1,2,1,2,5,6,1,2,33,1,2,0
4,59,2,2015,4,1,8,2,2,1,4,1,1,1,1,2,1,2,5,6,1,1,25,2,2,0
2,59,5,2015,3,3,8,2,2,1,1,1,1,1,1,2,1,2,19,5,1,2,29,2,2,0
2,59,5,2015,2,3,8,2,2,1,2,2,1,1,1,2,1,2,4,5,1,2,40,2,2,0
4,59,6,2015,3,1,2,1,1,1,1,1,1,1,1,1,1,2,9,6,1,2,33,1,0,0
2,59,6,2015,3,7,1,2,2,2,1,1,2,1,1,2,1,2,5,4,1,7,33,1,2,0
4,59,7,2015,1,1,1,1,2,1,3,1,1,1,1,2,1,2,10,7,1,2,33,1,2,1
4,59,7,2015,4,1,1,2,2,1,2,1,1,1,1,2,1,2,14,4,1,2,50,2,2,0
4,59,7,2015,4,1,1,2,2,1,3,1,1,1,1,4,1,2,5,6,1,2,33,1,0,3
6,59,7,2015,2,7,1,1,1,1,1,1,1,1,1,4,1,2,17,5,1,2,22,1,0,1
2,59,8,2015,3,2,7,2,2,1,1,1,1,1,1,1,1,2,5,7,1,2,33,1,0,1
4,59,9,2015,1,1,1,2,2,1,3,1,1,1,1,2,1,1,14,7,1,2,33,1,0,0
3,59,9,2015,3,1,8,2,2,1,2,3,1,1,2,3,5,2,6,11,1,7,33,1,0,1
14,63,8,2015,4,3,2,1,1,1,4,4,1,1,1,1,1,1,14,5,1,1,55,1,2,0
14,63,5,2015,2,1,2,1,1,1,1,1,1,1,1,1,1,2,14,11,1,2,33,1,2,0
14,63,11,2015,4,7,1,2,2,4,4,4,2,1,3,1,2,1,9,6,2,1,33,1,2,3
14,63,10,2015,2,2,1,2,2,4,1,2,5,1,3,1,1,1,9,6,2,1,28,1,0,0
6,63,10,2015,1,7,1,2,2,1,4,1,1,1,1,2,1,2,9,6,1,2,43,2,2,0
5,63,5,2015,3,1,1,2,2,1,1,1,1,1,1,1,1,2,12,5,1,1,33,2,2,1
5,63,8,2015,2,7,1,2,2,1,1,1,1,1,1,1,1,2,9,4,1,1,33,2,2,0
15,63,5,2015,2,1,1,2,2,1,1,2,1,1,1,2,1,2,13,11,1,1,32,2,2,3
1,63,10,2015,2,7,1,2,2,1,1,1,1,1,1,4,1,2,5,6,1,2,25,2,2,0
13,63,10,2015,2,1,2,2,2,1,1,1,1,1,1,3,1,2,9,11,1,7,33,1,0,0
7,65,1,2015,3,1,1,2,2,1,2,2,1,1,1,1,1,2,12,6,1,2,33,1,0,0
2,65,1,2015,2,3,1,2,2,3,1,1,2,1,1,1,1,2,9,11,1,2,33,1,2,0
2,65,1,2015,3,1,1,2,2,1,1,1,1,1,1,1,1,2,13,6,1,2,33,1,2,0
2,65,1,2015,3,1,1,2,2,1,1,2,1,1,1,1,1,2,19,6,1,2,20,2,2,1
5,65,5,2015,2,7,1,2,2,2,1,2,2,1,1,1,1,2,9,11,1,1,33,1,2,0
6,65,7,2015,3,7,8,2,2,1,1,1,1,1,1,1,1,2,7,6,1,2,33,1,0,0
6,65,7,2015,3,7,1,2,2,1,1,1,1,1,1,1,1,2,9,6,1,2,33,1,0,0
6,65,11,2015,3,7,7,2,2,1,1,3,1,1,2,1,1,2,15,6,1,2,33,1,0,1
7,65,1,2015,3,1,1,2,2,1,2,2,1,1,1,1,1,2,12,6,1,2,33,1,0,0
7,65,12,2015,3,7,8,2,2,2,1,1,2,1,2,4,1,2,8,6,1,7,33,2,2,3
1,65,5,2015,3,3,1,2,2,1,1,1,1,1,1,1,1,2,13,6,1,1,33,1,2,1
1,65,10,2015,1,7,1,2,2,1,4,1,1,1,1,1,1,1,9,2,1,2,33,2,2,0
1,58,8,2015,3,1,8,2,2,1,1,1,1,1,3,1,1,1,9,7,1,1,33,2,2,0
1,58,7,2015,2,1,8,2,2,1,1,1,1,1,3,1,1,2,9,6,1,1,40,2,2,0
13,58,6,2015,4,1,1,2,2,1,4,1,1,1,1,1,1,2,9,6,1,1,33,2,2,0
13,58,2,2015,2,7,8,2,2,1,1,1,1,1,1,1,1,1,14,6,1,2,33,1,2,0
13,58,2,2015,3,7,8,2,2,1,1,1,1,1,1,2,1,1,19,6,1,2,33,1,0,0
7,58,7,2015,3,1,1,2,2,1,1,1,1,1,1,1,1,2,14,11,1,7,60,1,2,0
7,58,1,2015,4,1,1,1,1,1,2,1,1,1,1,1,1,2,14,6,1,1,29,2,2,0
7,58,2,2015,5,2,1,1,1,1,1,1,1,1,1,1,1,1,19,6,1,2,33,1,0,2