Thana,District,Month,Year,Time,Junction_Type,Traffic_Control,Movement,Divider,Weather,Light,Road_Geometry,Surface_Condition,Surface_Type,Surface_Quality,Road_Class,Road_Feature,Location_Type,Vehicle_Type,Vehicle_Movement,Vehicle_Loading,Vehicle_Defect,Vehicle_Driver_Age,Vehicle_Alcohol,Vehicle_Seat_Belt,Accident_Severity
7,58,4,2015,3,3,1,1,1,1,1,1,1,1,1,3,1,1,7,1,1,1,33,2,1,0
7,58,6,2015,1,1,1,1,1,1,2,1,1,1,1,1,1,2,14,8,1,1,33,2,2,0
7,58,6,2015,1,2,1,2,1,1,1,1,1,1,1,4,1,2,14,10,1,6,33,1,0,0
7,58,7,2015,3,2,1,1,1,1,1,1,1,1,1,1,1,2,14,11,2,1,33,2,2,0
6,58,9,2015,1,1,1,2,2,1,4,1,1,1,1,1,1,2,14,11,1,7,33,1,2,0
15,58,5,2015,1,7,8,2,2,2,1,1,2,1,1,1,1,2,5,6,1,2,33,1,0,0
15,58,3,2015,4,7,2,1,2,1,2,1,1,1,1,2,1,2,17,6,1,2,33,1,0,0
2,58,6,2015,1,1,1,2,2,1,2,1,1,1,1,1,1,2,16,6,1,1,33,2,2,0
1,58,10,2015,3,1,1,2,1,1,1,1,1,1,1,1,1,2,9,6,1,1,33,2,2,0
1,58,11,2015,3,1,1,2,2,1,1,1,1,1,1,1,1,2,14,6,1,1,33,2,2,0
2,58,1,2015,1,1,2,2,2,1,4,1,1,1,1,1,1,2,14,6,1,2,33,1,0,0
2,58,6,2015,2,1,8,2,2,1,1,1,1,1,1,1,1,2,9,7,1,1,33,2,2,0
2,58,9,2015,2,1,1,2,2,1,1,1,1,1,1,1,1,2,7,8,1,1,33,2,2,0
2,58,10,2015,3,1,1,2,2,1,1,1,1,1,1,1,1,2,14,2,1,1,33,2,2,0
2,58,9,2015,1,7,8,1,2,1,4,4,5,1,2,1,1,2,19,11,1,7,33,1,0,0
2,58,5,2015,4,1,1,2,2,1,4,1,1,1,1,1,1,2,16,6,1,1,28,2,0,1
6,58,2,2015,1,7,1,2,1,1,1,1,1,1,1,1,1,2,10,6,1,1,48,1,1,3
13,58,5,2015,1,1,2,1,2,1,3,1,1,1,3,1,1,1,13,2,1,1,33,2,2,0
13,58,6,2015,3,1,1,2,2,1,1,1,1,1,1,1,1,2,9,6,1,2,44,1,0,0
13,58,7,2015,3,1,1,2,2,1,1,1,1,1,1,1,1,2,9,6,1,1,33,2,2,0
13,58,8,2015,3,1,1,2,2,1,1,1,1,1,1,1,1,2,9,6,1,1,36,2,2,0
13,58,9,2015,2,1,8,1,2,1,2,2,5,1,2,1,1,1,19,6,1,7,42,2,0,0
13,58,11,2015,3,1,1,2,2,1,1,1,1,1,1,2,1,2,19,6,2,1,33,2,2,0
13,58,11,2015,2,7,8,1,2,1,4,1,1,1,3,1,1,2,14,6,1,7,33,2,2,0
13,58,11,2015,2,1,1,2,2,1,1,1,1,1,1,1,1,2,19,6,2,1,30,2,2,0
13,58,11,2015,1,7,2,2,2,1,2,1,1,1,1,2,1,2,5,6,1,1,33,2,2,0
10,58,5,2015,3,7,8,2,2,1,1,1,1,1,1,2,1,2,14,6,1,6,33,1,2,0
10,58,11,2015,2,7,1,2,2,1,1,2,1,1,1,2,1,1,14,6,1,2,33,1,0,0
7,58,11,2015,3,1,1,1,2,1,1,1,1,1,1,1,1,2,14,6,1,1,30,2,2,0
7,58,12,2015,3,1,1,1,2,1,1,1,1,1,1,1,1,2,9,6,1,1,54,1,2,0
12,58,9,2015,2,7,1,2,2,1,1,1,1,1,1,1,1,2,14,5,1,2,33,1,0,0
3,57,8,2015,2,7,1,2,2,1,1,1,1,1,1,4,1,2,14,6,1,2,34,1,0,0
8,57,7,2015,2,7,2,2,2,1,1,1,1,1,1,4,1,2,9,7,1,2,33,1,0,0
5,57,4,2015,2,1,6,2,2,2,1,1,1,1,1,1,2,2,12,6,1,2,33,1,2,0
2,57,7,2015,2,7,8,1,2,1,1,1,1,1,1,4,1,2,7,5,1,7,22,2,2,0
9,57,7,2015,3,1,1,2,2,1,2,1,1,1,1,4,1,2,12,6,1,2,33,1,0,0
9,57,7,2015,2,7,2,2,2,1,2,1,1,1,1,4,1,2,9,6,1,7,33,2,2,0
2,61,12,2015,1,7,8,2,1,1,2,1,1,1,1,1,1,2,9,6,1,2,33,1,2,0
1,61,7,2015,3,2,1,1,1,2,1,1,2,1,1,1,1,2,9,6,1,2,33,1,2,0
1,61,6,2015,4,3,1,2,2,1,4,1,1,1,1,1,1,2,4,6,1,7,57,2,2,0
1,61,4,2015,4,7,2,2,2,1,4,1,1,1,1,1,1,2,9,6,1,2,33,1,0,0
8,67,5,2015,2,1,8,2,2,1,1,1,1,1,1,1,1,1,14,1,1,2,33,2,2,1
1,67,10,2015,2,7,8,2,2,1,1,4,1,1,1,1,1,1,14,11,1,1,55,1,2,1
7,67,7,2015,1,1,1,1,2,1,2,4,1,1,1,2,1,2,14,5,2,2,35,2,2,0
8,67,1,2015,3,7,8,2,2,1,1,4,1,1,1,1,1,2,9,6,1,2,34,2,2,0
1,66,1,2015,2,1,8,2,2,1,1,4,1,1,1,4,1,2,14,11,1,7,35,2,2,3
1,66,1,2015,2,1,1,2,2,1,1,3,1,1,1,2,1,2,5,6,1,2,28,2,2,0
2,66,11,2015,2,3,4,2,2,1,1,4,1,1,1,2,1,2,8,5,2,2,30,1,2,0
8,66,7,2015,1,7,1,2,2,1,1,4,1,1,1,2,1,2,12,6,1,2,30,2,2,1
9,66,1,2015,2,3,1,2,2,1,1,2,1,1,1,1,1,2,8,4,1,1,25,1,2,3
1,68,2,2015,2,1,2,2,2,1,1,4,1,1,1,2,1,1,5,2,1,2,33,1,0,0
1,68,4,2015,2,1,1,2,2,1,1,1,1,1,1,2,1,2,12,6,1,2,33,1,2,0
1,61,9,2015,1,1,2,2,1,1,4,1,1,1,1,1,1,2,14,10,1,5,33,1,0,0
4,58,12,2015,2,7,8,2,2,1,1,2,1,1,1,2,1,2,19,6,1,2,28,2,2,0
7,40,10,2015,2,7,3,2,2,1,1,1,1,1,1,1,1,2,9,1,1,7,46,2,2,0
7,41,6,2015,3,7,3,2,2,1,1,1,1,1,1,2,1,2,12,2,1,7,48,2,2,0
7,41,12,2015,4,7,8,2,2,1,4,1,1,1,1,1,2,1,8,6,1,7,40,2,2,0
5,41,12,2015,1,1,8,2,2,4,4,5,5,1,2,4,2,2,13,7,1,3,22,2,2,0
1,41,7,2015,3,1,1,2,1,1,1,1,2,1,1,1,1,2,5,6,1,1,28,2,2,3
6,41,7,2015,4,7,8,2,2,1,4,1,1,1,1,1,1,2,19,11,1,1,35,2,2,0
1,40,10,2015,2,1,8,2,2,1,1,1,1,1,1,1,1,1,14,5,1,6,40,2,2,1
1,40,11,2015,2,1,1,2,1,1,1,1,1,1,1,1,1,2,7,6,1,1,28,2,1,0
6,40,9,2015,3,1,1,2,2,1,1,1,1,1,1,1,1,2,14,6,1,7,33,2,2,1
6,40,9,2015,1,1,1,2,2,1,1,1,1,1,1,1,1,2,14,10,1,1,40,2,2,0
3,40,12,2015,3,1,1,1,1,1,1,1,1,1,1,1,1,2,9,5,1,7,30,2,2,1
6,43,9,2015,2,7,8,2,2,1,4,2,1,1,1,2,2,2,19,5,1,7,30,2,2,1
1,43,7,2015,2,7,1,2,2,1,1,2,1,1,1,4,1,2,13,1,1,1,30,2,2,1
1,43,10,2015,3,7,1,2,2,1,1,1,1,1,1,4,1,2,12,1,1,1,31,2,2,1
5,47,1,2015,2,3,8,1,1,1,1,1,1,1,1,1,1,2,14,11,1,7,38,2,2,0
4,47,3,2015,3,1,1,2,2,1,1,1,1,1,1,1,1,2,14,6,1,2,38,2,2,0
5,39,4,2015,3,1,1,2,2,1,1,1,1,1,1,2,1,2,9,6,2,7,25,2,2,0
1,39,6,2015,2,7,2,2,2,1,1,1,1,1,1,1,1,1,9,6,1,1,45,2,2,0
1,39,7,2015,4,7,1,2,2,1,4,1,2,1,1,2,1,2,14,11,1,7,28,2,2,3
3,39,8,2015,2,7,8,2,2,1,1,1,1,1,1,1,1,2,9,11,1,7,25,2,2,0
7,38,1,2015,1,7,1,2,2,1,1,1,1,1,1,1,1,2,9,6,1,7,35,2,2,0
1,38,2,2015,2,7,1,2,2,1,1,1,1,1,1,1,1,1,13,11,1,7,40,2,2,0
1,27,12,2015,2,1,1,2,2,1,1,1,1,1,1,1,1,2,10,5,1,7,35,2,2,0
1,38,3,2015,4,7,8,2,2,1,2,1,1,1,1,1,1,1,14,11,1,1,19,2,2,0
7,38,7,2015,3,1,8,2,1,1,1,1,1,1,1,1,1,2,9,11,1,7,40,2,2,0
1,38,8,2015,1,7,1,1,2,1,3,1,1,1,1,5,2,1,7,4,1,7,40,2,2,0
1,38,9,2015,4,1,1,2,2,1,1,1,1,1,1,1,1,2,8,6,1,7,35,2,2,0
3,38,5,2015,4,1,1,2,2,1,2,1,1,1,1,1,1,2,7,6,1,7,42,2,2,0
1,38,5,2015,3,7,1,2,2,1,1,2,1,1,1,1,1,2,9,5,1,7,43,2,2,0
7,38,10,2015,3,7,8,2,2,1,2,2,1,1,1,3,1,2,19,11,1,7,40,2,2,0
4,35,5,2015,2,1,1,2,2,1,1,1,1,1,1,1,1,2,14,11,1,1,38,2,2,0
2,35,7,2015,2,1,1,2,2,2,1,1,2,1,1,1,2,1,8,6,1,7,40,2,2,0
6,51,1,2015,4,7,8,2,2,1,3,1,1,1,1,4,1,1,17,11,2,7,35,2,2,0
13,51,4,2015,3,7,8,2,2,1,1,1,1,1,1,2,1,1,14,11,1,5,30,2,2,0
1,51,7,2015,3,1,1,2,2,1,1,1,1,1,1,1,1,2,8,4,1,1,33,2,2,0
8,51,7,2015,2,7,1,2,2,1,1,1,1,1,1,4,1,1,19,11,1,7,35,2,2,0
1,51,9,2015,3,7,8,2,2,1,1,1,5,1,1,1,1,2,7,4,1,7,45,2,2,1
2,46,11,2015,2,1,1,2,2,1,1,1,1,1,1,1,1,2,9,11,1,7,35,2,2,0
2,46,8,2015,3,1,1,2,2,1,1,1,1,1,1,1,1,2,12,6,1,7,28,2,2,0
4,46,10,2015,2,7,1,2,2,1,1,2,1,1,1,3,1,2,14,11,1,7,29,2,2,0
5,44,2,2015,2,1,1,2,2,1,1,1,1,1,1,1,1,2,9,11,1,7,34,2,2,0
5,44,2,2015,2,1,1,2,2,1,1,1,1,1,1,1,1,2,14,11,1,7,35,2,2,0
5,44,3,2015,1,1,1,2,2,1,1,1,1,1,1,1,1,2,14,11,1,7,40,2,2,0
2,44,8,2015,2,1,1,1,2,1,1,1,1,1,1,1,1,1,19,11,1,7,40,2,2,0
3,44,6,2015,2,1,4,1,1,1,2,1,1,1,1,1,1,2,12,11,1,7,28,2,2,0
6,44,4,2015,3,7,4,1,2,1,1,1,1,1,1,1,1,1,4,11,1,7,45,2,2,0
2,45,3,2015,2,7,8,2,2,1,1,1,1,1,1,1,1,1,9,11,1,7,40,2,2,0
6,45,4,2015,2,7,8,2,2,1,1,1,1,1,1,1,1,2,9,11,1,7,28,2,2,0
5,45,5,2015,1,7,8,2,1,1,3,1,1,1,1,1,1,1,4,4,1,7,25,2,2,0
5,45,5,2015,1,7,8,2,2,1,1,1,1,1,1,1,1,2,19,4,1,7,28,2,2,1
6,48,9,2015,1,7,1,1,2,1,1,2,1,1,1,2,1,2,14,11,1,7,27,2,2,0
1,49,1,2015,1,7,1,2,2,1,1,1,1,1,1,1,1,2,19,11,1,7,35,2,2,0
3,49,11,2015,3,7,1,2,2,1,1,1,1,1,1,1,1,1,9,6,1,7,26,2,2,0
1,47,11,2015,3,7,1,2,2,1,1,1,1,1,1,1,1,2,9,6,1,1,42,2,2,0
9,47,11,2015,3,3,1,2,2,1,1,1,1,1,1,1,1,2,9,6,1,1,35,1,2,0
9,47,11,2015,3,3,1,2,2,1,2,1,1,1,1,1,1,1,14,5,1,7,40,2,2,1
2,47,11,2015,3,4,1,2,2,1,1,1,1,1,1,1,1,2,9,6,2,7,38,2,2,3
4,47,11,2015,4,1,1,2,2,1,2,1,1,1,1,1,1,2,14,6,1,1,45,2,2,0
1,47,11,2015,3,7,1,2,2,1,1,1,1,1,1,1,1,2,4,6,1,1,35,2,2,0
4,39,7,2015,2,2,1,2,2,2,1,1,2,1,1,2,1,2,14,4,1,7,25,1,2,0
9,47,1,2015,3,1,1,2,1,1,1,1,1,1,1,1,1,2,4,11,1,7,40,2,2,0
12,47,1,2015,2,3,1,2,1,1,2,1,1,1,1,1,1,2,5,6,2,7,42,1,2,1
1,47,2,2015,1,1,1,2,2,1,1,1,1,1,1,1,1,2,11,7,1,7,38,2,2,0
5,47,3,2015,1,3,2,1,1,1,1,1,1,1,1,1,1,1,4,6,1,7,35,2,2,0
4,47,3,2015,3,1,1,2,2,1,1,1,1,1,1,1,1,2,14,6,1,2,38,2,2,0
3,40,11,2015,1,1,8,2,1,4,1,1,1,1,1,1,1,2,13,6,1,1,35,2,2,3
7,40,10,2015,3,1,1,2,2,1,1,1,1,1,1,3,1,2,4,6,1,7,32,1,2,3
6,40,10,2015,1,1,1,2,1,1,3,1,1,1,1,2,2,2,5,11,1,7,28,2,1,1
1,40,10,2015,2,1,1,2,2,1,1,1,1,1,1,1,1,2,1,6,1,1,44,2,2,0
3,40,10,2015,3,7,8,2,1,1,1,1,1,1,1,1,1,2,14,5,1,1,36,2,2,1
1,43,2,2015,4,7,1,2,2,1,4,2,1,1,1,2,1,2,5,2,1,2,28,2,2,0
2,43,1,2015,3,7,8,1,2,1,1,1,1,1,1,1,1,1,19,11,1,7,32,2,2,0
7,41,11,2015,2,7,7,2,2,1,1,1,1,1,1,1,1,2,7,1,1,7,46,2,1,1
7,41,5,2015,3,7,2,2,2,1,1,1,1,1,1,1,1,2,12,1,1,7,40,1,2,1
7,41,1,2015,3,7,1,2,2,1,1,2,1,1,1,1,2,1,8,6,1,7,26,2,2,0
7,41,12,2015,3,7,8,1,2,1,1,1,1,1,1,1,1,2,8,5,1,7,29,1,2,0
5,41,5,2015,2,7,8,1,2,1,1,1,1,1,1,1,1,1,9,11,1,7,35,2,2,0
5,41,10,2015,4,3,8,1,1,1,3,5,5,1,1,1,1,1,13,1,1,7,24,2,2,0
1,41,11,2015,1,1,1,1,1,1,1,1,1,1,1,1,1,1,9,7,1,1,56,2,2,0
1,41,4,2015,3,1,1,2,2,1,1,1,1,1,1,1,1,2,9,6,1,1,32,2,2,0
6,41,1,2015,1,7,8,2,2,1,1,1,1,1,1,5,4,2,5,11,1,1,55,2,2,0
16,42,1,2015,4,1,4,2,1,1,3,1,1,1,1,5,1,1,14,6,1,1,38,2,2,0
14,42,1,2015,3,1,7,2,1,1,1,1,1,1,1,1,1,1,8,6,1,1,26,2,2,2
33,42,1,2015,1,2,4,2,1,1,4,1,1,1,1,1,1,1,9,5,1,1,40,2,2,0
44,42,1,2015,4,5,6,2,1,1,2,1,1,1,1,1,1,1,9,9,1,1,29,1,2,0
10,42,1,2015,3,1,4,1,1,1,1,1,1,1,1,5,1,1,10,6,1,1,30,1,1,1
37,42,1,2015,2,2,4,2,1,1,1,1,1,1,1,5,1,1,10,4,1,1,48,2,2,2
2,42,1,2015,1,2,6,2,1,1,2,1,1,1,1,5,1,1,9,6,1,1,49,2,2,0
43,42,1,2015,1,3,4,2,1,1,2,1,1,1,1,5,1,1,14,6,1,1,38,1,2,0
43,42,2,2015,1,1,4,1,1,1,3,1,1,1,1,2,1,1,12,5,1,1,21,2,2,1
25,42,2,2015,4,1,1,2,2,1,4,1,1,1,1,5,1,1,8,5,1,6,22,2,2,0
40,42,2,2015,1,2,4,2,1,1,2,1,1,1,1,5,1,1,13,5,1,1,35,2,2,0
9,42,2,2015,2,7,1,1,1,1,1,1,1,1,1,1,1,1,10,6,1,1,32,2,1,2
18,42,2,2015,1,2,7,2,1,1,4,2,1,1,1,5,4,1,14,5,2,7,40,1,2,0
40,42,3,2015,4,1,4,2,1,1,2,1,1,1,1,5,1,1,9,5,1,1,32,2,2,0
28,42,3,2015,2,2,5,2,1,1,1,1,1,1,1,5,1,1,8,6,1,1,45,2,2,3
33,42,3,2015,2,1,1,1,1,1,1,1,1,1,1,1,1,1,8,6,1,1,40,2,2,0
33,42,3,2015,1,5,4,2,2,1,4,4,1,1,1,1,1,1,14,6,1,1,40,2,2,0
48,42,1,2015,3,1,1,2,2,1,1,1,1,1,1,5,1,1,9,5,1,2,40,2,2,1
23,42,1,2015,2,4,1,2,2,1,1,3,1,1,1,5,2,1,13,7,1,1,30,2,2,1
33,42,1,2015,4,7,1,2,1,1,2,1,1,1,1,5,2,1,4,6,1,1,35,2,1,3
22,42,3,2015,2,1,4,1,1,1,1,1,1,1,1,1,1,1,9,6,1,1,40,2,2,0
9,42,3,2015,1,1,1,1,1,1,3,1,1,1,1,5,1,1,10,6,1,1,35,2,1,2
13,42,2,2015,3,1,4,2,2,1,1,1,1,1,1,5,1,1,12,6,1,1,36,2,2,0
18,42,3,2015,4,2,1,1,1,1,3,1,1,1,1,1,1,1,10,6,1,1,40,2,1,3
1,42,3,2015,4,2,4,2,1,1,3,1,1,1,1,5,1,1,10,10,1,1,34,2,1,2
1,42,3,2015,4,2,4,2,1,1,3,1,1,1,1,5,1,1,9,6,1,1,40,2,2,1
1,42,4,2015,2,2,4,2,1,1,1,1,1,1,1,5,1,1,8,6,1,1,35,2,2,1
34,42,4,2015,2,1,1,1,2,1,1,1,1,1,1,5,1,1,7,6,1,1,28,2,1,2
6,42,4,2015,2,1,4,2,2,1,1,1,1,1,1,5,1,1,11,6,1,1,40,2,2,0
40,42,4,2015,4,1,4,2,1,1,3,1,1,1,1,5,1,1,9,6,1,1,35,2,2,3
40,42,5,2015,2,1,4,2,1,1,1,1,1,1,1,5,1,1,9,4,1,1,30,2,2,3
25,42,5,2015,4,2,1,2,1,1,3,2,1,1,1,5,1,1,15,7,1,1,30,1,2,3
33,42,5,2015,3,5,4,1,2,1,1,2,1,1,1,1,1,1,9,6,1,1,35,2,2,0
9,42,5,2015,1,1,1,2,2,1,3,1,1,1,1,1,1,1,9,6,1,1,30,2,2,0
10,42,5,2015,1,2,4,2,2,1,3,1,1,1,1,5,1,1,14,6,1,1,40,2,2,0
9,42,6,2015,4,7,1,1,1,1,1,1,1,1,1,1,1,1,9,5,1,2,40,2,2,0
22,42,6,2015,1,1,4,1,1,1,3,1,1,1,1,1,1,1,13,5,1,1,30,1,2,0
29,42,7,2015,2,2,4,2,1,1,1,1,1,1,1,1,1,1,9,1,1,1,30,2,2,2
43,42,7,2015,1,1,1,1,1,1,3,1,1,1,1,1,1,1,8,6,1,1,22,1,2,1
44,42,7,2015,3,7,4,2,2,2,2,1,1,1,1,5,1,1,9,4,1,1,40,1,2,1
11,42,7,2015,2,3,1,1,1,1,1,1,1,1,1,2,1,1,8,6,1,1,30,2,2,2
11,42,7,2015,4,1,1,1,1,1,4,1,1,1,1,5,1,1,14,6,1,1,35,2,2,0
34,42,7,2015,3,1,1,1,1,1,1,1,1,1,1,5,1,1,10,6,1,1,40,2,1,2
26,42,7,2015,3,1,1,2,1,1,1,1,1,1,1,1,1,1,9,5,1,1,40,1,2,0
9,42,7,2015,3,1,1,1,1,1,1,1,1,1,1,1,1,1,9,6,1,1,45,2,2,0
26,42,7,2015,4,3,1,2,2,1,4,1,1,1,1,5,1,1,14,6,1,1,40,2,2,0
12,42,7,2015,1,7,1,1,1,1,3,1,1,1,1,1,1,1,19,6,1,1,35,2,1,1
8,42,2,2015,2,7,4,1,1,1,1,1,1,1,1,5,1,1,19,5,1,1,30,2,2,1
37,42,8,2015,1,2,1,1,1,1,1,1,1,1,1,5,1,1,14,6,1,1,40,2,2,0
29,42,8,2015,3,2,4,1,1,1,1,1,1,1,1,1,1,1,14,6,1,1,35,2,2,1
36,42,8,2015,3,3,4,2,1,2,1,3,2,1,1,1,1,1,10,6,1,1,28,2,1,3
42,42,8,2015,3,2,4,1,2,1,1,5,1,1,1,1,1,1,9,6,1,1,35,2,2,0
15,42,8,2015,2,2,4,2,1,1,3,1,1,1,1,2,1,1,9,6,1,1,45,2,2,0
1,42,8,2015,2,3,4,1,1,1,2,1,1,1,1,5,1,1,8,6,1,1,40,2,2,0
17,42,8,2015,2,2,4,2,1,1,2,1,2,1,1,5,1,1,9,9,1,1,45,2,2,0
22,42,8,2015,3,2,4,2,1,1,1,1,1,1,1,1,1,1,8,6,1,1,45,2,2,0
8,42,8,2015,1,3,4,1,1,1,2,1,1,1,1,3,4,1,14,6,2,1,50,1,2,2
8,42,7,2015,3,3,4,1,1,1,1,1,1,1,1,5,1,1,9,6,1,1,40,2,2,0
23,42,8,2015,4,2,4,2,2,1,3,1,1,1,1,1,1,1,12,6,1,1,35,2,2,0
23,42,8,2015,1,4,1,1,1,2,1,4,2,1,1,3,4,1,7,2,1,1,40,2,1,3
9,42,9,2015,3,7,4,1,1,1,1,1,1,1,1,1,1,1,19,6,1,1,18,2,2,1
29,42,8,2015,2,2,4,1,1,1,1,1,1,1,1,1,2,1,9,6,1,1,42,2,2,3
22,42,8,2015,4,2,4,2,1,1,1,1,1,1,1,1,1,1,4,6,1,1,30,2,1,0
5,42,9,2015,3,2,4,2,1,1,1,1,1,1,1,5,1,1,9,6,1,1,29,2,2,1
1,42,9,2015,1,2,3,2,1,1,3,1,1,1,1,5,1,1,9,6,1,1,40,1,2,0
1,42,9,2015,3,3,1,2,1,1,3,2,1,1,1,5,1,1,10,1,1,1,35,2,1,0
2,42,10,2015,2,2,4,1,1,1,1,1,1,1,1,5,1,1,9,6,1,6,40,2,2,1
21,42,10,2015,3,1,4,1,1,1,1,1,1,1,1,1,1,1,9,6,1,1,30,2,2,0
1,42,10,2015,1,2,4,2,1,1,4,1,1,1,1,5,1,1,10,2,1,1,30,2,2,0
5,42,10,2015,4,2,4,1,1,1,1,1,1,1,1,1,2,1,19,6,1,1,35,2,2,2
12,42,11,2015,2,1,4,1,2,1,2,1,1,1,1,5,1,1,8,6,1,1,30,2,2,0
47,42,11,2015,4,7,1,2,2,1,3,1,1,1,1,5,1,1,14,6,1,1,50,2,2,0
1,42,11,2015,4,2,4,2,1,1,2,2,3,1,1,5,1,1,14,6,1,1,50,2,2,1
22,42,11,2015,4,2,4,2,1,1,3,1,1,1,1,1,1,1,9,6,1,1,35,2,2,0
2,42,11,2015,4,3,4,1,1,1,3,1,1,1,1,5,1,1,9,5,1,7,30,2,2,2
18,42,12,2015,1,2,4,2,1,4,2,1,1,1,1,5,1,1,6,6,1,1,35,2,2,0
16,42,12,2015,1,1,4,1,1,1,1,1,1,1,1,1,1,1,8,8,1,1,30,2,2,0
13,42,12,2015,3,2,4,1,1,1,1,1,1,1,1,1,1,1,9,6,1,1,35,2,2,0
11,42,12,2015,3,2,4,1,1,1,1,1,1,1,1,1,1,1,8,6,1,1,30,2,2,1
24,42,12,2015,2,2,4,2,2,1,4,1,1,1,1,5,1,1,14,6,1,1,35,2,2,0
44,42,12,2015,4,2,4,2,2,1,1,1,1,1,1,1,1,1,14,6,1,1,30,2,2,0
19,42,3,2015,3,1,1,2,2,1,1,5,1,1,1,2,2,1,14,4,1,7,40,2,2,1
19,42,6,2015,1,1,4,2,2,1,2,1,1,2,3,1,1,1,9,5,1,1,35,2,2,1
19,42,6,2015,2,1,1,2,2,1,3,1,1,1,1,5,1,1,14,7,1,1,46,1,2,0
47,42,2,2015,2,3,4,2,1,1,2,1,1,1,1,5,1,1,16,6,1,3,38,2,2,0
16,42,6,2015,3,1,1,2,1,1,1,1,1,1,1,5,1,1,10,6,1,1,33,2,1,1
41,42,6,2015,2,3,4,2,2,1,1,1,1,1,1,5,1,1,7,5,1,2,28,2,1,1
14,42,12,2015,3,1,3,2,1,1,1,1,1,1,1,1,1,1,9,4,1,7,44,2,2,0
22,42,1,2015,2,1,4,2,1,1,1,1,1,1,1,1,1,1,9,5,1,1,45,2,2,0
1,24,1,2015,3,1,2,2,2,1,2,1,1,1,1,1,1,2,14,6,2,1,33,1,2,0
1,24,1,2015,3,1,7,2,2,1,1,1,1,1,1,1,1,2,14,6,2,1,33,2,2,0
1,24,2,2015,2,1,7,2,2,1,1,1,1,1,1,1,1,2,14,6,1,1,33,2,2,0
1,24,2,2015,3,3,1,2,2,1,1,1,1,1,1,1,1,2,9,6,2,1,33,1,2,0
2,24,3,2015,1,1,1,2,2,1,1,1,1,1,1,1,1,1,14,6,1,1,36,2,2,0
7,24,2,2015,1,1,1,2,2,1,3,2,1,1,1,2,1,2,13,6,2,1,33,1,2,0
7,24,5,2015,3,1,1,2,2,1,1,1,1,1,1,2,1,2,9,6,1,1,60,2,2,0
9,24,3,2015,2,7,1,2,2,1,1,1,1,1,2,4,1,1,14,6,1,1,33,1,2,0
9,24,5,2015,3,1,1,2,2,1,1,1,1,1,1,1,1,1,14,6,1,1,33,2,2,0
1,18,2,2015,3,1,1,2,2,1,1,1,1,1,1,1,1,1,13,1,1,1,38,2,2,0
1,29,7,2015,4,1,1,2,2,1,2,1,2,1,1,2,1,2,14,6,2,1,32,2,2,1
3,29,4,2015,3,1,1,2,2,1,1,1,1,1,1,2,1,2,9,6,1,1,25,2,2,0
2,25,10,2015,2,1,1,2,2,1,1,1,1,1,1,4,1,2,13,2,1,1,35,2,2,0
6,25,1,2015,1,1,1,2,2,1,1,1,1,1,1,4,1,2,9,5,2,1,26,1,2,0
8,25,7,2015,3,1,1,2,2,1,1,1,1,1,2,2,1,2,9,6,1,2,33,2,2,1
1,21,9,2015,2,7,1,2,2,1,1,2,1,1,2,3,4,2,14,6,1,1,33,2,2,0
4,21,3,2015,3,1,1,2,2,1,1,1,1,1,1,2,1,2,14,5,1,2,33,2,2,0
5,21,4,2015,3,1,1,2,2,1,1,1,1,1,1,3,1,2,9,6,1,1,33,2,2,0
6,21,10,2015,1,1,1,2,2,1,1,1,1,1,1,3,1,2,14,9,1,1,30,2,2,0
6,21,10,2015,1,1,1,2,2,1,2,1,1,1,1,3,1,2,14,9,1,1,30,2,2,0
4,26,3,2015,2,4,1,2,2,4,1,1,2,1,2,2,1,2,14,6,1,1,55,2,2,0
5,26,12,2015,1,1,1,2,1,1,1,1,1,1,1,1,1,1,4,6,1,1,38,2,2,0
8,26,8,2015,3,2,1,2,2,1,1,1,1,1,1,4,1,2,19,6,1,1,51,2,2,1
8,26,8,2015,3,3,1,2,2,1,1,1,1,1,1,3,1,2,9,4,1,1,33,2,2,1
1,20,2,2015,2,7,1,2,2,1,1,1,1,1,1,2,1,2,19,6,2,1,35,2,2,1
2,20,11,2015,3,1,1,2,2,1,1,1,1,1,1,1,4,2,14,6,1,1,30,2,2,0
2,20,12,2015,2,1,1,2,2,1,1,1,1,1,1,4,2,2,14,6,1,1,40,2,2,0
3,20,3,2015,4,1,1,2,2,1,3,1,1,1,1,4,1,2,9,6,1,1,30,2,2,0
1,23,2,2015,4,7,1,2,2,1,4,2,1,1,1,4,1,2,9,2,1,7,33,2,2,0
1,23,7,2015,1,1,1,2,2,2,1,1,2,1,1,5,1,1,9,6,2,1,35,2,2,0
1,23,11,2015,3,1,1,2,2,1,1,1,1,1,1,4,1,2,4,6,1,1,23,2,2,0
1,23,12,2015,4,3,1,2,2,1,3,1,1,1,1,3,1,1,12,2,1,1,33,1,2,3
3,23,4,2015,3,1,1,2,2,1,1,1,1,1,1,4,1,2,9,6,1,1,45,2,2,0
3,23,9,2015,1,1,1,2,2,1,1,1,1,1,2,4,1,1,14,6,2,1,33,2,2,0