Thana,District,Month,Year,Time,Junction_Type,Traffic_Control,Movement,Divider,Weather,Light,Road_Geometry,Surface_Condition,Surface_Type,Surface_Quality,Road_Class,Road_Feature,Location_Type,Vehicle_Type,Vehicle_Movement,Vehicle_Loading,Vehicle_Defect,Vehicle_Driver_Age,Vehicle_Alcohol,Vehicle_Seat_Belt,Accident_Severity
2,18,12,2015,4,1,1,2,2,1,2,1,1,1,2,1,1,2,9,5,1,7,35,2,2,0
6,18,9,2015,3,1,5,2,2,1,1,1,1,1,1,1,1,2,19,6,2,1,33,1,2,0
7,18,6,2015,1,1,1,2,2,1,1,1,1,1,1,4,1,2,8,6,1,1,33,2,2,0
7,18,12,2015,2,1,1,2,2,1,1,1,1,1,1,3,1,1,14,6,1,1,33,2,2,0
1,22,2,2015,2,1,1,2,2,1,1,1,1,1,1,1,1,1,14,5,2,2,33,1,2,0
1,22,4,2015,4,1,1,2,2,1,4,1,1,1,1,1,1,1,15,5,2,1,33,2,2,0
1,22,12,2015,3,1,1,2,2,1,2,1,1,1,1,1,1,2,14,6,1,1,33,2,2,0
3,29,11,2015,2,1,1,2,2,1,1,1,1,1,1,2,1,2,4,5,1,1,35,2,2,1
4,29,7,2015,3,1,1,2,2,1,1,1,1,1,1,4,1,2,14,6,1,1,33,2,2,0
8,29,5,2015,2,7,1,2,2,1,2,2,1,1,1,4,1,2,4,1,1,1,24,2,2,1
5,29,2,2015,2,1,1,2,2,1,1,1,1,1,1,1,1,2,14,6,1,1,20,2,2,1
8,29,10,2015,1,1,1,2,2,1,4,1,1,1,1,1,1,2,13,6,2,1,25,2,2,1
3,22,1,2015,3,1,1,2,2,1,1,2,1,1,1,3,1,2,4,1,1,1,42,2,2,0
1,24,5,2015,4,1,7,2,2,1,4,1,1,1,1,4,1,2,17,6,1,7,33,2,2,0
1,24,6,2015,2,1,1,2,2,1,2,2,1,1,1,1,5,2,14,6,1,1,33,2,2,0
1,24,7,2015,3,1,1,2,2,1,1,1,1,1,1,1,1,1,1,5,2,1,33,2,2,0
1,24,12,2015,1,4,1,2,2,1,1,3,1,1,1,1,1,1,14,1,2,1,33,1,2,0
2,24,11,2015,2,1,2,2,1,1,1,1,1,1,1,1,1,1,4,5,1,1,17,2,2,0
6,18,2,2015,3,1,1,2,2,1,1,1,1,1,1,1,1,2,13,2,1,1,40,1,2,0
1,29,11,2015,2,1,1,2,2,1,1,1,1,1,1,2,1,2,9,6,2,1,33,2,2,3
3,29,1,2015,2,1,1,2,2,1,1,1,1,1,1,1,1,2,14,6,2,1,42,2,2,0
1,29,11,2015,2,1,1,2,2,1,1,1,1,1,1,1,1,2,4,5,1,1,35,2,2,1
8,29,10,2015,1,1,1,1,2,1,2,1,1,1,1,1,1,2,13,6,2,1,25,2,2,1
3,20,3,2015,4,1,1,1,2,1,3,1,1,1,1,4,1,2,9,6,1,1,30,2,2,0
8,26,8,2015,1,1,4,2,1,1,1,1,1,1,2,1,1,2,9,4,1,1,33,2,2,1
1,24,10,2015,1,1,1,2,2,1,1,1,1,1,1,1,1,2,13,5,1,1,33,2,2,0
7,24,1,2015,3,1,1,2,2,1,1,1,1,1,1,5,1,2,14,1,1,1,35,2,2,0
1,28,3,2015,4,7,4,2,2,1,1,1,1,1,1,1,1,1,13,11,1,7,33,2,2,0
4,28,2,2015,3,7,8,1,2,1,1,1,1,1,1,5,1,1,10,2,1,7,33,2,2,1
6,28,5,2015,3,7,8,2,2,1,1,1,1,1,1,5,1,2,10,11,1,1,35,2,2,1
7,28,9,2015,3,2,1,2,2,1,1,1,1,1,1,5,1,1,2,2,1,7,37,1,2,0
3,28,12,2015,3,7,8,2,2,1,1,1,1,1,1,1,1,1,9,11,2,7,33,2,2,0
8,28,10,2015,4,1,1,2,1,1,2,1,1,1,1,5,1,1,14,6,2,7,33,2,2,0
4,28,12,2015,3,7,8,2,2,1,1,1,1,1,1,5,1,1,9,11,2,7,33,2,2,0
10,16,1,2015,4,7,8,2,2,4,4,2,3,2,2,2,3,2,7,7,1,7,33,2,2,3
7,16,2,2015,2,1,1,2,1,4,1,1,1,1,1,2,1,2,14,4,2,7,30,2,2,0
10,16,3,2015,1,1,8,2,1,1,4,1,1,1,1,1,2,1,12,1,1,1,26,2,2,2
11,16,3,2015,1,1,1,2,1,1,2,4,1,1,1,1,1,2,14,11,1,1,33,2,2,0
10,16,3,2015,1,1,8,2,2,4,4,1,5,1,1,1,2,2,19,6,1,1,33,2,2,0
11,16,3,2015,2,1,1,2,1,1,1,1,1,1,1,1,1,2,14,6,2,1,33,2,2,1
11,16,3,2015,3,1,1,2,1,1,1,2,1,1,1,1,1,2,9,6,1,1,33,2,2,0
7,16,4,2015,1,1,1,2,1,2,1,1,1,1,1,1,2,1,14,11,1,1,33,2,2,0
10,16,5,2015,3,2,1,2,2,1,1,1,1,1,1,1,1,2,14,4,1,1,40,1,2,0
9,16,5,2015,4,1,1,2,2,1,2,1,1,1,1,1,1,2,9,6,1,1,33,2,2,0
11,16,5,2015,4,1,1,2,1,1,2,1,1,1,1,1,1,2,14,11,1,1,33,2,2,1
10,16,6,2015,2,2,8,2,2,1,1,1,1,1,1,1,5,2,14,11,1,7,48,1,2,2
1,16,6,2015,4,1,1,2,2,1,4,2,1,1,1,2,1,1,12,2,1,1,42,2,1,1
11,16,6,2015,2,1,1,2,1,1,1,1,1,1,1,1,2,1,7,11,1,1,33,2,2,0
10,16,7,2015,1,1,8,2,2,2,2,1,2,1,1,1,1,2,9,6,1,1,33,1,2,0
10,16,7,2015,1,1,8,1,2,1,2,1,1,1,1,1,1,2,14,10,1,1,33,2,2,0
10,16,7,2015,1,1,1,2,2,1,4,1,1,1,1,1,1,2,9,5,1,7,33,1,2,0
10,16,7,2015,1,1,1,2,1,1,1,1,1,1,1,1,2,1,9,11,1,1,33,1,2,0
8,16,7,2015,2,1,1,2,1,1,2,1,1,1,1,1,1,2,12,6,1,1,33,2,2,0
11,16,7,2015,3,1,1,2,1,1,1,1,1,1,1,1,1,2,9,5,1,1,33,2,2,1
11,16,7,2015,2,1,1,2,1,2,1,1,1,1,1,1,1,2,14,6,1,2,33,1,0,0
11,16,8,2015,2,1,1,2,1,1,1,1,1,1,1,1,1,2,14,6,1,1,33,2,2,0
11,16,8,2015,1,1,1,2,1,1,2,1,1,1,1,1,1,2,14,6,1,1,33,2,2,0
6,16,8,2015,2,1,1,2,1,1,2,1,1,1,1,1,1,2,14,11,1,1,33,2,2,0
10,16,9,2015,3,7,1,2,2,1,1,1,1,1,1,1,1,2,9,11,1,1,33,1,2,0
9,16,9,2015,4,1,1,2,1,1,3,1,1,1,1,1,1,2,14,5,2,1,20,2,2,1
8,16,9,2015,4,1,1,2,2,1,4,1,1,1,1,1,1,2,9,6,1,1,33,2,2,0
11,16,9,2015,2,1,1,2,2,1,3,1,1,1,1,1,1,2,14,6,2,1,33,1,2,1
6,16,10,2015,3,1,1,2,1,1,1,1,1,1,1,1,1,2,9,6,1,1,33,2,2,0
11,16,10,2015,2,2,1,1,1,1,4,1,1,1,1,1,1,2,13,5,1,1,35,2,2,0
10,16,11,2015,3,2,8,2,1,1,1,1,1,1,1,1,2,2,10,6,1,1,29,1,2,0
11,16,9,2015,1,1,1,2,1,1,2,1,1,1,1,1,1,2,9,5,1,1,33,2,2,0
11,16,11,2015,4,1,1,2,1,4,1,1,1,1,1,1,1,2,14,6,1,1,33,2,2,0
11,16,11,2015,3,1,1,2,1,1,1,1,1,1,1,1,1,2,9,5,1,1,33,2,2,0
7,16,12,2015,3,1,1,2,1,1,1,1,1,1,1,1,1,2,9,5,1,1,33,2,2,0
7,16,12,2015,1,2,2,2,1,1,2,1,1,1,1,1,1,2,16,6,1,1,33,2,2,0
10,16,12,2015,4,3,2,1,2,2,1,1,1,1,1,2,1,1,5,1,1,7,33,1,1,0
11,16,12,2015,2,1,1,2,1,1,1,1,1,1,1,1,1,2,6,1,1,1,33,2,2,0
10,9,7,2015,4,1,1,2,2,1,4,1,1,1,1,1,1,2,9,6,1,7,37,2,2,0
10,9,7,2015,4,1,1,2,2,1,4,1,1,1,1,1,1,2,9,6,1,7,33,1,2,0
10,9,8,2015,1,1,1,2,2,1,2,1,1,1,1,1,1,2,12,6,1,7,32,2,2,0
10,9,9,2015,1,3,1,2,2,1,2,1,1,1,1,1,1,1,9,6,1,7,32,1,2,0
10,9,11,2015,3,1,1,2,2,1,1,1,1,1,1,1,1,2,9,6,1,7,33,2,2,1
11,16,12,2015,2,1,1,2,1,1,1,1,1,1,1,1,1,2,9,5,1,1,33,2,2,0
1,12,10,2015,3,3,1,2,2,1,1,1,1,1,1,4,4,2,17,1,1,1,22,2,2,0
1,9,7,2015,3,2,1,1,1,1,1,1,1,1,1,1,1,2,14,11,1,2,35,2,2,0
1,9,5,2015,4,1,1,1,2,1,2,1,1,1,1,1,1,2,7,6,1,1,29,2,2,1
1,9,6,2015,1,1,1,1,1,1,1,1,1,1,1,1,1,1,16,6,2,2,40,2,2,0
12,9,12,2015,3,1,2,2,2,1,1,1,1,1,1,1,1,2,9,11,1,1,50,2,2,0
1,10,5,2015,3,1,1,2,2,1,2,2,1,1,1,4,1,2,14,2,1,7,33,1,2,0
1,10,8,2015,4,7,1,1,1,1,4,2,1,1,1,3,4,2,19,1,1,6,30,1,2,0
8,13,7,2015,2,7,8,2,2,2,1,1,2,1,1,1,1,1,14,6,1,1,26,2,2,0
8,13,1,2015,3,1,1,2,2,1,1,1,1,1,1,1,1,1,14,6,1,1,28,2,2,0
8,13,5,2015,3,2,1,2,2,1,1,1,1,1,1,3,1,2,13,5,1,1,33,2,2,1
8,13,8,2015,3,1,1,2,2,1,1,1,1,1,1,2,1,2,14,6,1,1,33,2,2,0
1,9,8,2015,3,3,8,1,1,1,1,1,1,1,1,1,1,1,9,6,1,7,45,2,2,2
1,9,7,2015,2,1,8,2,2,1,1,1,1,1,1,1,1,2,4,6,1,2,16,2,2,0
5,15,4,2015,2,1,1,2,2,1,1,1,2,1,1,2,1,2,14,6,1,7,49,1,2,0
5,15,2,2015,2,3,3,2,2,1,1,2,1,1,1,2,1,2,13,6,2,1,30,1,2,0
1,15,12,2015,1,1,1,1,1,1,1,1,1,1,1,1,1,1,19,6,1,1,33,2,2,0
1,15,12,2015,4,2,1,1,1,1,2,1,1,1,1,1,1,1,14,6,1,1,33,2,2,0
1,15,5,2015,1,2,1,2,1,1,2,1,1,1,1,1,1,1,13,6,1,1,33,2,2,1
1,15,4,2015,3,2,2,2,1,1,1,1,1,1,1,1,1,1,10,6,1,1,33,2,2,0
1,15,4,2015,2,1,1,2,1,1,1,1,1,1,1,1,1,1,14,6,1,1,33,2,2,0
1,15,3,2015,1,1,1,2,1,1,4,1,1,1,1,1,1,1,4,6,1,1,45,2,2,0
1,15,1,2015,4,2,1,2,2,1,2,1,1,1,1,1,1,2,10,6,1,1,33,2,2,0
3,15,11,2015,3,1,1,2,1,1,1,1,1,1,1,1,1,1,9,6,1,1,33,2,2,0
3,15,10,2015,2,2,1,2,1,1,1,1,1,1,1,1,1,1,9,6,1,1,33,2,2,0
3,15,5,2015,4,1,1,2,2,1,1,1,1,1,1,1,1,2,9,6,1,1,33,2,2,0
3,15,9,2015,3,1,1,2,2,1,1,1,1,1,1,1,1,2,1,9,1,7,43,2,2,0
3,15,8,2015,3,1,1,2,1,1,1,1,1,1,1,1,1,1,14,6,1,1,33,2,2,0
3,15,7,2015,2,1,1,2,1,1,1,1,1,1,1,1,1,1,9,6,1,1,33,2,2,1
3,15,7,2015,1,1,1,1,1,1,2,1,1,1,1,1,1,2,14,11,1,7,33,2,2,0
3,15,5,2015,2,1,1,2,1,1,1,1,1,1,1,1,1,2,14,1,1,1,33,2,2,1
3,15,3,2015,4,1,1,2,1,1,2,1,1,1,1,1,1,2,9,6,1,1,27,2,2,0
3,15,3,2015,2,2,1,2,1,2,1,1,1,1,1,1,1,2,11,6,1,1,28,2,2,0
3,15,2,2015,3,1,1,2,2,1,1,1,1,1,1,1,1,2,2,4,1,1,35,1,2,0
3,15,1,2015,3,1,1,2,2,1,1,2,1,1,1,1,1,2,1,4,2,2,33,1,2,0
3,10,6,2015,2,1,1,2,1,1,1,1,1,1,1,2,1,2,5,6,1,1,33,2,2,0
3,10,7,2015,3,1,1,2,2,1,1,1,1,1,1,2,1,2,12,5,1,7,33,2,2,0
11,9,12,2015,3,1,1,2,2,1,2,2,1,1,1,1,1,2,14,6,1,1,33,2,2,0
11,9,8,2015,2,1,1,2,2,1,1,1,1,1,1,1,1,2,9,4,1,2,33,2,2,0
11,9,9,2015,2,1,1,2,1,1,1,1,1,1,1,1,1,2,9,6,1,1,33,2,2,0
11,9,8,2015,3,1,1,2,1,1,1,1,1,1,1,1,2,1,9,6,1,1,33,2,2,0
7,9,12,2015,2,2,1,2,2,1,1,1,1,1,1,1,1,2,9,5,1,2,33,2,2,0
5,13,6,2015,2,1,1,1,2,2,1,1,2,1,1,2,1,2,14,6,1,1,33,2,2,0
9,13,5,2015,2,3,1,2,2,1,1,1,1,1,1,2,1,2,9,6,1,1,50,2,2,0
5,12,8,2015,4,1,1,2,2,1,4,2,1,1,1,2,1,2,4,4,1,1,33,1,2,1
7,17,5,2015,2,1,1,2,1,1,1,1,1,1,1,2,1,2,9,6,1,7,28,2,2,0
8,17,5,2015,2,2,6,2,2,2,1,2,2,1,1,2,1,1,6,6,1,1,30,1,1,0
7,17,5,2015,3,2,1,2,1,1,1,1,1,1,1,1,1,2,4,6,1,1,28,2,2,1
17,7,9,2015,5,1,2,1,1,1,1,1,1,1,1,1,1,2,14,6,1,1,28,1,0,3
7,17,9,2015,3,1,1,2,2,1,1,1,1,1,1,1,1,2,4,6,1,1,30,2,2,0
10,17,3,2015,2,3,1,2,2,1,1,1,1,1,1,2,1,2,14,6,1,1,40,1,2,0
10,17,2,2015,2,3,1,2,2,1,1,1,1,1,1,1,1,1,14,6,2,7,40,1,1,0
20,17,7,2015,4,7,1,1,1,1,2,2,1,1,1,1,1,2,8,11,1,1,33,2,2,0
1,17,4,2015,2,1,4,2,1,1,1,1,1,1,1,1,1,2,9,6,1,1,33,2,2,0
1,17,6,2015,2,2,4,2,1,1,1,1,1,1,1,1,1,2,5,6,1,1,33,2,2,0
1,17,1,2015,3,7,1,1,1,1,1,1,1,1,1,1,1,2,14,6,1,1,21,2,2,3
7,56,1,2015,3,7,8,2,2,1,1,1,1,1,1,1,1,2,5,6,1,1,30,2,2,0
7,56,3,2015,4,1,8,2,2,1,2,1,1,1,1,1,1,1,14,6,2,7,33,1,2,0
1,5,4,2015,2,4,2,2,2,1,1,1,1,1,1,4,1,1,15,6,1,7,33,2,2,0
3,56,4,2015,3,1,1,2,2,1,1,1,1,1,1,1,1,2,14,11,2,7,33,2,2,0
7,56,5,2015,1,1,1,2,2,1,3,1,1,1,1,1,1,2,9,11,2,7,33,1,2,0
9,56,5,2015,2,1,4,2,2,1,1,1,1,1,1,1,1,2,14,6,2,1,33,2,2,0
8,56,5,2015,4,3,8,1,2,1,3,1,2,1,1,3,1,1,12,11,1,4,27,2,2,1
8,56,6,2015,1,1,1,2,2,1,4,2,1,1,1,1,1,2,2,1,1,1,30,2,2,0
8,56,6,2015,4,1,1,2,2,1,4,1,1,1,1,1,1,2,14,6,1,1,29,2,2,1
1,11,3,2015,2,1,1,2,2,1,1,1,1,1,1,3,1,2,17,6,1,7,33,2,2,0
1,11,2,2015,3,4,1,2,2,1,1,1,1,1,1,1,1,1,17,6,1,3,33,1,2,0
1,11,7,2015,3,1,1,2,2,1,1,1,1,1,1,3,1,1,13,6,1,7,28,1,2,0
7,11,3,2015,2,3,3,2,1,1,1,2,1,1,1,2,1,2,8,6,1,3,45,2,2,0
3,11,2,2015,2,3,1,2,2,1,1,2,1,1,1,2,1,2,8,5,1,2,42,2,2,0
10,11,4,2015,3,1,8,2,2,1,1,1,1,1,1,2,1,2,11,6,1,1,33,2,0,0
6,11,3,2015,4,1,1,2,2,1,2,1,1,1,1,2,1,2,6,4,2,7,33,1,2,0
6,11,5,2015,2,2,1,2,2,1,1,1,1,3,1,4,1,2,13,4,1,7,33,2,2,0
6,11,3,2015,1,1,1,2,2,1,2,1,1,1,1,2,1,2,14,6,2,7,33,1,2,0
6,11,3,2015,4,7,1,1,2,1,4,1,1,1,1,2,1,2,9,6,1,2,33,1,2,0
32,11,5,2015,3,1,2,2,2,1,1,1,1,1,1,2,1,2,14,6,1,2,33,1,2,0
6,11,3,2015,2,2,1,2,2,1,1,1,1,1,1,2,1,2,8,1,1,7,33,1,2,0
4,11,2,2015,3,1,1,2,2,1,1,2,1,1,1,2,1,2,13,2,1,1,50,1,2,1
4,11,6,2015,3,7,2,2,2,1,1,1,1,1,1,2,1,2,14,6,1,1,33,2,2,0
8,7,7,2015,3,1,1,2,1,1,1,1,1,1,1,1,1,2,14,4,1,1,33,2,2,3
1,7,10,2015,3,3,1,2,2,1,1,1,1,1,1,2,1,2,14,6,1,1,48,2,2,0
1,7,11,2015,1,1,2,2,2,1,4,1,1,1,1,2,1,2,7,5,1,1,33,2,2,1
8,7,11,2015,3,3,1,2,2,1,1,1,1,1,1,2,1,1,14,4,1,1,30,2,2,0
9,7,5,2015,2,1,1,2,2,1,1,1,1,1,2,2,1,2,19,6,1,1,30,2,2,0
5,2,12,2015,2,1,1,2,2,1,1,1,1,1,2,3,1,2,1,6,1,1,14,2,2,1
5,1,6,2015,3,1,1,2,2,1,1,1,1,1,1,1,1,2,14,5,1,1,33,1,2,0
5,1,2,2015,4,1,1,2,2,1,4,1,1,1,1,1,1,2,12,6,1,1,22,1,2,1
1,1,5,2015,4,1,1,2,2,1,3,2,1,1,1,1,1,1,14,6,1,1,33,2,2,1
12,3,1,2015,3,1,1,2,2,1,1,1,1,1,1,1,1,2,14,6,1,1,38,2,2,1
2,3,5,2015,3,2,1,2,2,1,1,1,1,1,1,3,1,2,14,2,1,7,38,2,2,1
1,2,5,2015,3,1,1,2,2,1,1,1,1,1,1,1,1,2,9,6,1,1,33,2,2,0
8,3,6,2015,2,1,1,2,2,1,1,1,1,1,1,3,1,2,12,6,1,1,30,2,2,1
13,3,6,2015,4,3,1,2,2,1,3,1,1,1,1,3,1,2,14,4,2,1,45,2,2,0
8,3,7,2015,2,3,1,2,2,1,1,2,1,1,1,3,1,2,14,1,1,1,30,2,2,1
1,3,7,2015,2,1,1,2,2,1,1,1,1,1,1,3,1,2,9,5,1,7,33,2,2,0
1,3,7,2015,4,1,1,2,2,1,2,1,1,1,1,3,1,1,9,6,1,7,33,2,2,0
6,3,9,2015,2,1,1,2,2,1,1,1,1,1,1,1,1,2,9,6,1,1,30,2,2,0
1,3,10,2015,2,1,1,2,2,1,1,1,1,1,1,3,1,2,17,4,1,7,33,2,2,0
12,3,11,2015,1,1,1,2,2,1,2,1,1,1,1,4,1,2,14,6,1,1,33,2,2,0
8,3,12,2015,3,1,1,2,2,1,1,2,1,1,1,1,1,2,14,1,1,7,33,1,2,0
1,2,2,2015,3,3,1,2,2,1,1,1,1,1,1,2,1,1,19,2,1,1,33,2,2,0
1,1,5,2015,2,1,1,2,2,1,1,1,1,1,1,1,1,2,14,6,1,1,26,2,2,0
4,1,6,2015,3,1,1,2,2,1,1,1,1,1,1,1,1,2,14,6,1,1,33,2,2,0
5,6,7,2015,3,3,1,2,2,1,1,1,1,1,2,4,1,2,19,10,1,3,20,2,2,1
5,6,7,2015,4,1,1,2,1,4,2,1,1,1,1,1,1,1,14,6,1,2,33,2,2,0
5,6,8,2015,2,1,1,2,2,1,1,1,1,1,1,1,1,2,14,6,1,1,33,2,2,0
5,6,11,2015,4,1,1,2,2,1,4,2,1,1,1,1,1,1,14,6,1,1,40,2,2,0
4,6,5,2015,1,1,1,2,2,1,1,1,1,1,1,1,1,2,14,6,1,1,33,2,2,0
4,6,5,2015,2,4,1,2,2,1,4,1,1,1,1,1,1,2,14,6,1,1,33,2,2,0
1,6,4,2015,2,1,1,2,2,1,1,1,1,1,1,1,1,2,9,6,1,1,33,2,2,0
1,6,2,2015,3,3,1,2,2,1,1,1,1,1,1,1,1,1,14,6,1,1,33,2,2,0
1,6,6,2015,2,1,1,2,2,2,1,1,2,1,1,5,1,1,14,6,1,1,25,2,2,1
1,8,1,2015,3,1,1,2,2,1,2,1,1,1,1,5,1,1,9,6,1,1,33,1,2,3
7,8,1,2015,3,1,1,2,2,1,1,1,1,1,1,3,1,2,17,6,1,1,21,1,2,0
1,8,3,2015,2,1,1,2,2,1,1,1,1,1,1,2,1,1,14,6,1,1,33,2,2,0
4,8,3,2015,4,1,1,2,2,2,4,1,2,1,2,3,1,2,17,6,1,1,33,1,2,0
3,8,3,2015,2,1,1,2,2,1,1,2,1,1,1,1,1,2,9,6,1,7,40,2,2,1
4,8,5,2015,3,1,1,2,2,1,1,1,1,1,2,4,1,2,9,6,2,1,43,2,2,0
7,8,6,2015,2,1,1,2,2,2,1,1,2,1,1,3,1,2,14,6,1,1,38,2,2,0
3,8,7,2015,2,1,1,2,2,1,4,1,1,1,1,3,1,2,8,4,1,1,33,2,2,0
5,8,8,2015,2,1,1,2,2,2,1,1,2,1,1,3,1,2,9,6,1,1,33,2,2,0
7,8,9,2015,3,1,1,2,2,1,1,2,1,1,1,3,1,2,9,11,1,1,52,2,2,0
3,8,10,2015,3,1,1,2,2,1,1,1,1,1,1,1,1,2,9,6,1,7,33,2,2,0
1,8,11,2015,2,7,4,2,2,1,1,1,1,1,1,2,1,1,8,11,1,7,33,2,2,0
3,8,12,2015,1,1,1,2,2,1,4,1,1,1,1,1,1,2,9,6,1,7,33,2,2,0
3,6,8,2015,3,1,1,2,2,1,1,1,1,1,1,4,1,2,17,4,1,3,20,2,2,0
1,5,2,2015,3,1,4,2,2,1,1,1,1,1,1,1,1,2,9,6,1,1,52,1,2,0
1,5,5,2015,3,5,3,2,2,1,1,1,1,1,1,5,1,2,9,6,1,7,33,2,2,0
1,5,6,2015,3,7,1,2,2,1,1,1,1,1,3,2,1,1,6,6,1,7,28,2,2,1
1,5,11,2015,2,1,1,2,2,1,1,1,1,1,1,3,1,2,9,6,1,7,80,2,2,0
8,5,7,2015,3,1,1,2,2,1,1,1,1,1,1,3,1,2,12,6,1,7,33,2,2,0
8,5,10,2015,4,1,1,2,2,1,4,1,1,1,1,1,1,2,9,5,1,1,33,2,2,0
6,5,9,2015,2,1,1,2,2,4,1,1,1,1,1,1,1,2,14,10,1,7,33,2,2,0
6,5,10,2015,1,3,4,2,2,1,2,1,1,1,1,1,1,2,14,5,1,7,33,2,2,0
6,5,11,2015,4,1,1,2,2,4,4,1,1,1,1,1,1,2,12,5,2,1,33,2,2,3
6,5,11,2015,3,1,4,2,2,1,1,1,1,1,1,1,1,2,9,5,1,7,33,2,2,0
4,5,3,2015,4,3,1,2,2,1,4,1,1,1,1,3,1,2,8,6,2,7,33,2,2,0
4,5,6,2015,2,1,1,2,2,1,1,1,1,1,1,3,1,2,9,6,1,7,33,2,2,0
4,5,6,2015,2,7,8,2,2,1,1,1,1,1,1,3,1,2,7,6,1,7,33,2,2,0
4,5,7,2015,3,1,1,2,2,1,1,1,1,1,1,2,1,2,6,6,1,6,33,2,2,0
3,8,7,2015,3,1,1,2,2,1,1,1,1,1,1,1,1,2,8,6,1,7,33,2,2,0
2,3,5,2015,3,7,8,2,2,1,1,1,1,1,1,1,1,2,14,1,1,1,60,1,2,1
5,3,5,2015,3,2,8,2,2,1,1,1,1,1,1,3,1,1,14,2,1,7,38,2,2,1
3,8,1,2015,4,1,1,2,2,1,4,1,1,1,1,1,1,2,10,6,1,2,33,1,2,0
4,8,2,2015,1,1,2,2,2,4,1,2,1,1,3,1,2,1,14,9,1,2,33,2,2,0
5,6,6,2015,3,3,1,1,2,1,1,2,1,1,1,1,1,2,9,6,1,1,33,2,2,0
3,8,11,2015,2,3,4,2,1,1,1,1,1,1,1,2,1,1,8,11,1,1,33,1,2,0
3,14,11,2015,2,1,8,2,2,1,1,1,1,1,1,5,1,1,19,6,1,7,33,2,2,0
3,14,6,2015,1,1,3,2,1,2,1,1,1,1,1,5,1,1,9,6,1,7,33,2,2,0
2,14,7,2015,2,1,1,1,2,1,1,1,1,1,1,5,1,2,14,6,1,7,33,1,2,0
2,14,9,2015,3,1,1,2,2,1,1,1,1,1,1,1,1,2,14,6,1,1,33,2,2,0
7,14,11,2015,1,3,1,1,2,1,1,1,1,1,1,1,1,1,9,6,1,7,33,2,2,0
4,14,12,2015,3,6,1,1,1,1,3,1,1,1,1,5,1,2,14,9,2,7,33,2,2,0
4,14,7,2015,3,3,1,2,2,1,1,1,1,1,1,1,1,1,14,6,1,7,33,2,2,0
4,14,7,2015,1,1,1,2,1,2,1,1,1,1,1,1,1,1,19,6,1,7,33,1,0,0
4,14,5,2015,2,2,1,2,2,1,1,1,1,1,1,1,1,1,9,6,1,1,33,2,2,0
4,14,12,2015,3,1,1,2,2,1,1,1,1,1,1,1,1,1,17,6,1,7,33,2,2,0
4,14,3,2015,2,1,1,2,2,1,1,1,1,1,1,5,1,1,14,6,1,1,35,2,2,0
1,14,6,2015,1,2,1,2,1,1,3,1,1,1,1,5,1,1,10,6,1,7,33,2,2,0
1,70,5,2015,2,7,8,2,1,1,1,1,1,1,1,5,1,1,14,6,1,1,25,2,2,0
3,70,4,2015,2,7,8,1,1,2,1,4,2,1,3,5,4,1,5,8,1,1,32,2,2,0
4,70,6,2015,4,1,1,1,1,1,2,1,1,1,1,5,1,1,4,2,1,1,65,2,2,0
9,56,10,2015,2,1,4,2,2,1,1,2,1,1,1,1,1,2,9,6,1,1,43,2,2,0
7,56,12,2015,2,7,4,2,2,1,1,1,1,1,1,1,1,2,9,5,1,7,33,2,2,0
7,55,5,2015,3,1,1,2,2,1,1,2,1,1,1,2,1,2,6,5,1,7,33,2,2,1
1,5,10,2015,2,1,8,2,2,1,1,1,1,1,1,1,1,1,14,11,1,7,23,2,2,0
6,55,11,2015,4,3,1,2,2,4,4,1,1,1,1,1,1,2,1,1,1,7,33,2,2,0
11,54,2,2015,3,7,8,2,2,1,1,1,1,1,1,1,1,2,9,3,1,7,33,2,2,0
8,54,1,2015,2,2,1,1,2,1,2,1,1,1,1,1,1,2,2,8,1,1,33,2,2,1
6,54,8,2015,2,7,1,2,2,1,1,1,1,1,1,2,1,2,13,5,1,1,22,2,2,0
3,53,7,2015,3,1,1,2,2,1,1,1,1,1,1,2,1,2,6,10,1,7,33,2,2,0
3,8,4,2015,1,2,1,2,2,1,2,1,1,1,1,1,1,2,9,5,1,1,33,2,2,0
5,8,5,2015,4,1,1,2,2,1,4,1,1,1,1,1,1,2,9,6,1,1,33,2,2,0
3,8,9,2015,3,1,1,2,2,1,1,1,1,1,1,1,1,2,9,6,1,7,33,2,2,0
6,5,9,2015,3,7,1,2,2,4,1,1,1,1,1,1,1,2,9,6,1,7,33,1,2,0
3,14,10,2015,2,1,4,2,2,1,1,1,1,1,1,5,1,1,7,6,1,7,33,1,0,0
2,14,5,2015,3,1,1,2,2,1,1,1,1,1,1,5,5,1,9,6,1,7,33,2,2,0
3,14,12,2015,3,2,1,2,2,1,1,1,1,1,1,1,1,1,9,5,1,1,45,2,2,0
1,14,3,2015,2,3,1,2,2,1,1,1,1,1,1,5,1,2,14,2,1,1,35,1,2,0
3,70,4,2015,3,3,8,2,1,2,1,1,2,1,1,5,1,2,5,7,1,1,28,2,2,0
6,70,2,2015,2,1,8,2,2,1,1,1,1,1,3,5,1,1,12,11,1,1,25,2,2,0
6,70,8,2015,3,2,1,2,2,1,1,1,1,1,2,5,1,1,12,11,1,1,28,2,2,1
5,70,12,2015,4,7,1,2,2,1,3,1,1,1,1,1,1,2,14,6,1,7,33,2,2,0