Thana,District,Month,Year,Time,Junction_Type,Traffic_Control,Movement,Divider,Weather,Light,Road_Geometry,Surface_Condition,Surface_Type,Surface_Quality,Road_Class,Road_Feature,Location_Type,Vehicle_Type,Vehicle_Movement,Vehicle_Loading,Vehicle_Defect,Vehicle_Driver_Age,Vehicle_Alcohol,Vehicle_Seat_Belt,Accident_Severity
4,70,12,2015,1,1,1,1,2,4,4,1,1,1,1,5,1,2,10,6,1,1,28,1,1,0
5,70,5,2015,3,1,8,2,2,2,1,2,2,1,1,5,1,2,14,6,1,7,34,2,2,1
8,54,6,2015,4,7,1,2,2,2,1,2,2,1,1,2,1,2,14,1,1,1,35,2,2,1
2,55,2,2015,4,1,8,2,1,4,1,1,1,1,1,2,2,1,19,6,1,7,45,2,2,0
1,55,3,2015,2,2,1,2,2,1,1,1,1,1,1,1,1,1,14,6,1,1,25,2,2,0
1,55,8,2015,3,7,1,2,2,1,1,1,1,1,1,1,1,1,14,1,1,1,2,2,2,0
4,55,7,2015,2,1,1,2,1,1,1,1,1,1,1,2,1,2,10,5,1,1,23,2,2,0
4,55,12,2015,3,1,1,2,1,1,1,1,1,1,2,2,1,1,5,1,1,1,30,2,2,0
7,56,1,2015,2,7,8,2,2,1,1,1,1,1,1,1,2,1,5,6,1,1,30,2,2,0
7,56,3,2015,3,1,8,2,2,1,2,1,1,1,1,1,1,1,14,6,1,1,30,2,2,0
1,56,4,2015,3,4,2,2,2,1,1,1,1,1,1,4,1,1,17,6,1,7,50,2,2,1
9,56,5,2015,3,1,4,2,2,1,1,1,1,1,1,1,1,2,14,6,1,1,35,2,2,0
8,56,5,2015,4,3,8,2,2,1,1,1,2,1,1,3,1,1,12,6,2,7,27,2,2,1
8,56,6,2015,4,1,1,2,2,1,4,1,1,1,1,1,1,2,14,6,1,7,30,2,2,0
8,56,6,2015,2,1,1,2,2,1,4,1,1,1,1,1,1,2,14,6,2,7,29,2,2,1
9,56,11,2015,2,3,4,2,2,1,1,1,1,1,1,1,1,2,14,6,1,1,27,2,2,0
7,56,12,2015,3,7,4,2,2,1,1,1,1,1,1,1,1,2,9,6,1,7,36,2,2,0
9,56,12,2015,4,7,4,2,2,1,1,1,1,1,1,1,1,2,7,11,1,1,30,2,2,0
1,53,3,2015,4,7,4,2,1,1,1,1,1,1,1,1,1,1,4,8,1,1,25,2,2,1
1,53,5,2015,2,1,8,1,2,1,1,1,1,1,1,1,1,1,17,4,1,1,35,2,2,0
1,53,7,2015,3,7,1,2,2,1,1,1,1,1,1,2,1,2,19,11,1,7,35,2,2,0
1,53,11,2015,3,1,1,2,2,1,1,1,1,1,1,2,1,1,8,11,1,7,30,2,2,1
1,53,11,2015,2,7,4,2,1,1,1,1,1,1,1,1,2,1,4,5,1,7,40,2,2,1
8,56,10,2015,4,2,1,2,2,1,4,1,1,1,1,1,1,2,9,5,1,1,48,1,2,0
6,55,3,2015,3,3,8,2,2,1,1,1,1,1,1,1,1,1,13,5,1,7,33,1,2,0
6,55,5,2015,3,1,1,2,2,1,1,1,1,1,1,1,1,2,9,6,1,7,35,2,2,0
7,54,2,2015,3,3,1,2,2,1,1,1,1,1,1,4,1,2,1,1,2,7,25,2,2,0
6,54,6,2015,3,7,1,2,2,2,1,2,2,1,1,2,1,2,14,1,1,1,33,2,2,1
3,54,6,2015,1,7,1,2,2,1,4,2,1,1,1,1,1,2,14,3,1,7,28,2,2,0
3,53,9,2015,2,1,8,2,2,2,1,1,2,1,1,2,1,2,5,11,1,1,25,2,2,0
16,42,1,2015,2030,1,4,2,1,1,3,1,1,1,1,5,1,1,14,6,1,1,38,2,2,0
14,42,1,2015,1600,1,7,2,1,1,1,1,1,1,1,1,1,1,8,6,1,1,26,2,2,2
48,42,1,2015,1540,1,1,2,2,1,1,1,1,1,1,5,1,1,9,5,1,2,40,2,2,1
23,42,1,2015,1020,4,1,2,2,1,1,3,1,1,1,5,2,1,13,7,1,1,30,2,2,1
33,42,1,2015,345,2,4,2,1,1,4,1,1,1,1,1,1,1,9,5,1,1,40,2,2,0
33,42,1,2015,1800,7,1,2,1,1,2,1,1,1,1,5,2,1,4,6,1,1,35,2,1,3
44,42,1,2015,1845,5,6,2,1,1,2,1,1,1,1,1,1,1,9,9,1,1,29,1,2,0
10,42,1,2015,1550,1,4,1,1,1,1,1,1,1,1,5,1,1,10,6,1,1,30,1,1,1
37,42,1,2015,730,2,4,2,1,1,1,1,1,1,1,5,1,1,10,4,1,1,48,2,2,2
2,42,1,2015,545,2,6,2,1,1,2,1,1,1,1,5,1,1,9,6,1,1,49,2,2,0
43,42,1,2015,405,3,4,2,1,1,2,1,1,1,1,5,1,1,14,6,1,1,38,1,2,0
43,42,2,2015,355,1,4,1,1,1,3,1,1,1,1,2,1,1,12,5,1,1,21,2,2,1
25,42,2,2015,2130,1,1,2,2,1,4,1,1,1,1,5,1,1,8,5,1,6,22,2,2,0
40,42,2,2015,500,2,4,2,1,1,2,1,1,1,1,5,1,1,13,5,1,1,35,2,2,0
9,42,2,2015,920,7,1,1,1,1,1,1,1,1,1,1,1,1,10,6,1,1,32,2,1,2
18,42,2,2015,20,2,7,2,1,1,4,2,1,1,1,5,4,1,14,5,2,7,40,1,2,0
40,42,3,2015,1800,1,4,2,1,1,2,1,1,1,1,5,1,1,9,5,1,1,32,2,2,0
28,42,3,2015,630,2,5,2,1,1,1,1,1,1,1,5,1,1,8,6,1,1,45,2,2,3
33,42,3,2015,15,5,4,2,2,1,4,4,1,1,1,1,1,1,14,6,1,1,40,2,2,0
22,42,3,2015,1120,1,4,1,1,1,1,1,1,1,1,1,1,1,9,6,1,1,40,2,2,0
9,42,3,2015,30,1,1,1,1,1,3,1,1,1,1,5,1,1,10,6,1,1,35,2,1,2
13,42,2,2015,1550,1,4,2,2,1,1,1,1,1,1,5,1,1,12,6,1,1,36,2,2,0
18,42,3,2015,2230,2,1,1,1,1,3,1,1,1,1,1,1,1,10,6,1,1,40,2,1,3
1,42,3,2015,1845,2,4,2,1,1,3,1,1,1,1,5,1,1,10,10,1,1,34,2,1,2
1,42,3,2015,2200,2,4,2,1,1,3,1,1,1,1,5,1,1,9,6,1,1,40,2,2,1
1,42,4,2015,925,2,4,2,1,1,1,1,1,1,1,5,1,1,8,6,1,1,35,2,2,1
34,42,4,2015,805,1,1,1,2,1,1,1,1,1,1,5,1,1,7,6,1,1,28,2,1,2
6,42,4,2015,1030,1,4,2,2,1,1,1,1,1,1,5,1,1,11,6,1,1,40,2,2,0
40,42,4,2015,2330,1,4,2,1,1,3,1,1,1,1,5,1,1,9,6,1,1,35,2,2,3
25,42,5,2015,2030,2,1,2,1,1,3,2,1,1,1,5,1,1,15,7,1,1,30,1,2,3
33,42,5,2015,1440,5,4,1,2,1,1,2,1,1,1,1,1,1,9,6,1,1,35,2,2,0
37,42,5,2015,640,3,4,2,2,1,2,1,1,1,1,5,1,1,6,6,1,1,38,2,2,1
10,42,5,2015,1315,1,4,2,1,1,1,1,1,1,1,5,1,1,9,7,1,1,32,1,2,1
10,42,5,2015,30,2,4,2,2,1,3,1,1,1,1,5,1,1,14,6,1,1,40,2,2,0
9,42,5,2015,300,1,1,2,2,1,3,1,1,1,1,1,1,1,9,6,1,1,30,2,2,0
9,42,6,2015,1800,7,1,1,1,1,1,1,1,1,1,1,1,1,9,5,1,2,40,2,2,0
16,42,6,2015,2300,3,1,2,1,2,3,1,2,1,1,5,1,1,14,6,1,1,28,2,2,0
22,42,6,2015,315,1,4,1,1,1,3,1,1,1,1,1,1,1,13,5,1,1,30,1,2,0
29,42,7,2015,930,2,4,2,1,1,1,1,1,1,1,1,1,1,9,1,1,1,30,2,2,2
43,42,7,2015,30,1,1,1,1,1,3,1,1,1,1,1,1,1,8,6,1,1,22,1,2,1
44,42,7,2015,1730,7,4,2,2,2,2,1,1,1,1,5,1,1,9,4,1,1,40,1,2,1
11,42,7,2015,900,3,1,1,1,1,1,1,1,1,1,2,1,1,8,6,1,1,30,2,2,2
11,42,7,2015,2245,1,1,1,1,1,4,1,1,1,1,5,1,1,14,6,1,1,35,2,2,0
34,42,7,2015,1730,1,1,1,1,1,1,1,1,1,1,5,1,1,10,6,1,1,40,2,1,2
12,42,7,2015,145,7,1,1,1,1,3,1,1,1,1,1,1,1,19,6,1,1,35,2,1,1
8,42,2,2015,840,7,4,1,1,1,1,1,1,1,1,5,1,1,19,5,1,1,30,2,2,1
26,42,7,2015,1515,1,1,2,1,1,1,1,1,1,1,1,1,1,9,5,1,1,40,1,2,0
9,42,7,2015,1430,1,1,1,1,1,1,1,1,1,1,1,1,1,9,6,1,1,45,2,2,0
26,42,7,2015,2015,3,1,2,2,1,4,1,1,1,1,5,1,1,14,6,1,1,40,2,2,0
29,42,8,2015,1430,2,4,1,1,1,1,1,1,1,1,1,1,1,14,6,1,1,35,2,2,1
36,42,8,2015,1715,3,4,2,1,2,1,3,2,1,1,1,1,1,10,6,1,1,28,2,1,3
42,42,8,2015,1730,2,4,1,2,1,1,5,1,1,1,1,1,1,9,6,1,1,35,2,2,0
1,42,8,2015,600,3,4,1,1,1,2,1,1,1,1,5,1,1,8,6,1,1,40,2,2,0
17,42,8,2015,630,2,4,2,1,1,2,1,2,1,1,5,1,1,9,9,1,1,45,2,2,0
22,42,8,2015,1350,2,4,2,1,1,1,1,1,1,1,1,1,1,8,6,1,1,45,2,2,0
8,42,8,2015,400,3,4,1,1,1,2,1,1,1,1,3,4,1,14,6,2,1,50,1,2,2
8,42,7,2015,1335,3,4,1,1,1,1,1,1,1,1,5,1,1,9,6,1,1,40,2,2,0
23,42,8,2015,1930,2,4,2,2,1,3,1,1,1,1,1,1,1,12,6,1,1,35,2,2,0
23,42,8,2015,10,4,1,1,1,2,1,4,2,1,1,3,4,1,7,2,1,1,40,2,1,3
9,42,9,2015,1315,7,4,1,1,1,1,1,1,1,1,1,1,1,19,6,1,1,18,2,2,1
29,42,8,2015,800,2,4,1,1,1,1,1,1,1,1,1,2,1,9,6,1,1,42,2,2,3
22,42,8,2015,2100,2,4,2,1,1,1,1,1,1,1,1,1,1,4,6,1,1,30,2,1,0
5,42,9,2015,1330,2,4,2,1,1,1,1,1,1,1,5,1,1,9,6,1,1,29,2,2,1
1,42,9,2015,330,2,3,2,1,1,3,1,1,1,1,5,1,1,9,6,1,1,40,1,2,0
1,42,9,2015,1510,3,1,2,1,1,3,2,1,1,1,5,1,1,10,1,1,1,35,2,1,0
2,42,10,2015,1030,2,4,1,1,1,1,1,1,1,1,5,1,1,9,6,1,6,40,2,2,1
21,42,10,2015,1430,1,4,1,1,1,1,1,1,1,1,1,1,1,9,6,1,1,30,2,2,0
1,42,10,2015,345,2,4,2,1,1,4,1,1,1,1,5,1,1,10,2,1,1,30,2,2,0
12,42,11,2015,630,1,4,1,2,1,2,1,1,1,1,5,1,1,8,6,1,1,30,2,2,0
47,42,11,2015,2230,7,1,2,2,1,3,1,1,1,1,5,1,1,14,6,1,1,50,2,2,0
1,42,11,2015,2310,2,4,2,1,1,2,2,3,1,1,5,1,1,14,6,1,1,50,2,2,1
22,42,11,2015,2230,2,4,2,1,1,3,1,1,1,1,1,1,1,9,6,1,1,35,2,2,0
2,42,11,2015,1800,3,4,1,1,1,3,1,1,1,1,5,1,1,9,5,1,7,30,2,2,2
18,42,12,2015,400,2,4,2,1,4,2,1,1,1,1,5,1,1,6,6,1,1,35,2,2,0
16,42,12,2015,230,1,4,1,1,1,1,1,1,1,1,1,1,1,8,8,1,1,30,2,2,0
13,42,12,2015,1430,2,4,1,1,1,1,1,1,1,1,1,1,1,9,6,1,1,35,2,2,0
11,42,12,2015,1345,2,4,1,1,1,1,1,1,1,1,1,1,1,8,6,1,1,30,2,2,1
24,42,12,2015,845,2,4,2,2,1,4,1,1,1,1,5,1,1,14,6,1,1,35,2,2,0
44,42,12,2015,2115,2,4,2,2,1,1,1,1,1,1,1,1,1,14,6,1,1,30,2,2,0
44,42,12,2015,1420,5,4,2,1,1,2,1,1,1,1,2,1,1,9,6,1,1,35,2,2,0
19,42,3,2015,1445,1,1,2,2,1,1,5,1,1,1,2,2,1,14,4,1,7,40,2,2,1
19,42,6,2015,400,1,4,2,2,1,2,1,1,2,3,1,1,1,9,5,1,1,35,2,2,1
19,42,6,2015,1015,1,1,2,2,1,3,1,1,1,1,5,1,1,14,7,1,1,46,1,2,0
47,42,2,2015,600,3,4,2,1,1,2,1,1,1,1,5,1,1,16,6,1,3,38,2,2,0
16,42,6,2015,1310,1,1,2,1,1,1,1,1,1,1,5,1,1,10,6,1,1,33,2,1,1
41,42,6,2015,1000,3,4,2,2,1,1,1,1,1,1,5,1,1,7,5,1,2,28,2,1,1
14,42,12,2015,1340,1,3,2,1,1,1,1,1,1,1,1,1,1,9,4,1,7,44,2,2,0
22,42,1,2015,1130,1,4,2,1,1,1,1,1,1,1,1,1,1,9,5,1,1,45,2,2,0
2,47,1,2001,3,1,1,2,2,1,2,1,1,1,3,1,1,2,8,6,1,1,33,2,2,0
8,47,1,2001,1,1,1,2,2,4,2,2,1,1,1,1,1,2,12,6,1,1,27,2,2,0
12,47,1,2001,2,1,1,2,2,1,1,1,1,1,1,1,1,2,14,6,1,1,30,2,2,0
12,47,1,2001,3,1,1,2,2,1,1,1,1,1,1,1,1,2,10,6,1,1,30,2,2,3
13,47,1,2001,3,1,1,2,2,1,1,1,1,1,1,1,1,2,14,6,1,1,35,2,2,0
1,40,1,2001,3,1,1,2,2,1,1,1,1,1,1,1,1,2,14,6,1,1,33,2,2,3
3,40,1,2001,4,1,1,2,2,1,4,4,1,1,1,1,1,2,14,6,1,1,33,2,2,3
6,40,1,2001,3,1,1,2,2,1,1,1,1,1,1,1,1,2,9,6,1,1,33,2,2,0
6,40,1,2001,2,1,1,2,2,1,1,1,1,1,1,1,1,2,14,6,1,1,40,2,2,1
6,40,1,2001,3,1,1,2,2,1,1,1,1,1,1,1,1,2,10,6,1,1,33,2,2,1
6,40,1,2001,5,1,1,2,2,1,1,1,1,1,1,1,1,2,14,6,1,1,33,2,2,1
4,51,1,2001,2,1,1,2,2,1,1,1,1,1,1,2,1,2,9,6,1,1,33,2,2,0
12,51,1,2001,2,1,1,2,2,1,1,3,1,3,2,3,1,2,19,6,1,1,33,2,2,0
4,43,1,2001,4,1,1,2,2,1,4,1,1,1,1,1,1,2,9,6,1,1,33,2,2,0
5,43,1,2001,3,1,1,2,2,1,1,1,1,1,1,1,1,2,9,6,1,1,33,2,2,0
1,39,1,2001,3,1,1,2,2,1,1,1,1,1,1,3,1,2,14,6,1,1,33,2,2,1
3,39,1,2001,3,1,1,2,2,1,1,1,1,1,1,1,1,2,9,6,1,1,33,2,2,2
1,36,1,2001,3,1,1,2,2,1,1,1,1,1,1,3,1,2,14,6,1,1,33,2,2,1
3,36,1,2001,3,1,1,2,2,1,1,2,1,1,1,2,1,2,9,6,1,1,33,2,2,2
1,50,1,2001,2,1,1,2,2,1,1,1,1,1,1,1,1,1,14,6,1,1,33,2,2,0
2,50,1,2001,4,1,1,2,2,1,4,1,1,1,1,1,1,2,14,6,1,1,33,2,2,0
3,50,1,2001,2,1,1,2,2,1,1,2,1,3,2,3,1,2,9,6,1,1,33,2,2,0
5,50,1,2001,3,1,1,2,2,1,1,1,1,1,1,2,1,2,9,6,1,1,33,2,2,0
5,50,1,2001,3,1,1,2,2,1,1,1,1,1,1,2,1,2,8,6,1,1,33,2,2,0
12,50,1,2001,3,1,1,2,2,1,1,1,1,1,1,3,1,2,9,6,1,1,33,2,2,0
1,52,1,2001,3,1,1,2,2,1,1,1,1,1,1,3,1,2,9,6,1,1,33,2,2,0
2,52,1,2001,2,1,1,2,2,1,1,1,1,1,1,3,1,2,8,6,1,1,32,2,2,0
3,52,1,2001,2,1,1,2,2,1,1,1,1,1,1,3,1,2,9,6,1,1,26,2,2,0
8,52,1,2001,3,1,1,2,2,1,1,1,1,1,1,3,1,2,8,6,1,1,28,2,2,0
6,37,1,2001,3,1,1,2,2,1,1,2,1,1,1,3,1,2,9,6,1,1,33,2,2,0
4,49,1,2001,3,1,1,2,2,1,1,1,1,1,1,3,1,2,6,6,1,1,28,1,0,1
5,49,1,2001,2,1,1,2,2,1,1,1,1,1,1,3,1,2,14,6,1,1,33,2,2,0
1,49,1,2001,3,1,1,2,2,1,1,1,1,1,1,3,1,1,14,6,1,1,33,2,2,0
1,38,1,2001,1,1,1,2,2,1,4,1,1,1,1,1,1,2,6,6,1,1,35,2,2,0
3,46,1,2001,2,1,1,2,2,1,1,1,1,1,1,3,1,2,5,6,1,1,27,2,2,0
5,46,1,2001,3,1,1,2,2,1,1,1,1,2,2,3,1,2,14,6,1,1,33,2,2,0
6,46,1,2001,2,1,1,2,2,1,1,1,1,1,1,1,1,1,12,6,1,1,33,2,2,1
1,35,1,2001,4,1,1,2,2,1,3,1,1,1,1,2,1,1,8,6,1,1,33,2,2,0
4,35,1,2001,2,1,1,2,2,1,1,1,1,1,1,2,1,2,9,6,1,1,30,2,2,0
4,35,1,2001,3,1,1,2,2,1,1,1,1,1,1,2,1,2,9,6,1,1,33,2,2,3
4,35,1,2001,2,1,1,2,2,1,2,2,1,1,1,3,1,2,4,6,1,1,18,2,2,0
1,44,1,2001,3,1,1,2,2,1,1,1,1,1,1,2,1,2,9,6,1,1,33,2,2,0
4,44,1,2001,3,1,1,2,2,1,1,1,1,1,1,2,1,1,9,6,1,1,30,2,2,0
5,44,1,2001,2,1,1,2,2,1,1,1,1,1,1,1,1,2,8,6,1,1,33,2,2,0
5,44,1,2001,2,1,1,2,2,1,1,1,1,1,1,1,1,2,9,6,1,1,33,2,2,0
5,44,1,2001,2,1,1,2,2,1,2,1,1,3,1,3,1,2,14,6,1,1,33,2,2,0
6,44,1,2001,4,1,1,2,2,1,2,1,1,1,1,1,1,1,14,6,1,1,50,2,2,0
6,44,1,2001,4,1,1,2,2,4,2,1,1,1,1,1,1,2,7,6,1,1,33,2,2,0
6,44,1,2001,3,1,1,2,2,1,1,1,1,1,1,1,1,1,9,6,1,1,33,2,2,0
7,44,1,2001,1,1,1,2,2,1,2,1,1,1,1,1,2,2,13,6,1,1,33,2,2,0
7,44,1,2001,2,1,1,2,2,1,1,2,1,1,1,3,1,1,8,6,1,1,33,2,2,0
1,45,1,2001,2,1,1,2,2,1,1,1,1,1,1,1,1,1,9,6,1,1,33,2,2,0
1,45,1,2001,3,1,1,2,2,1,1,1,1,1,1,1,1,2,10,6,1,1,33,2,2,0
2,45,1,2001,3,1,1,2,2,1,1,1,1,1,1,1,1,2,8,6,1,1,33,2,2,0
4,45,1,2001,3,1,1,2,2,1,1,1,1,1,1,3,1,2,9,6,1,1,33,2,2,0
4,51,1,2001,3,1,1,2,2,1,1,3,1,1,1,2,1,2,9,6,1,1,35,2,2,1
8,51,2,2001,3,1,1,2,2,1,1,1,1,1,1,2,1,2,8,6,1,1,33,2,2,0
1,40,2,2001,2,1,1,2,2,1,1,1,1,1,1,1,1,2,6,6,1,1,33,2,2,1
1,40,2,2001,2,1,4,2,2,1,1,1,1,1,1,1,1,1,14,6,1,1,33,2,2,1
1,52,2,2001,2,1,4,2,2,1,1,1,1,1,1,2,1,1,9,6,1,1,33,2,2,0
6,52,2,2001,3,1,1,2,2,1,1,1,1,1,1,3,1,2,7,6,1,1,33,2,2,0
3,36,2,2001,3,1,1,2,2,1,1,1,1,1,1,2,1,2,14,6,1,1,33,2,2,1
5,37,2,2001,3,1,1,2,2,1,1,1,1,1,1,3,1,2,8,6,1,1,40,2,2,0
5,37,1,2001,3,1,1,2,2,1,1,1,1,1,1,3,1,2,8,6,1,1,33,2,2,0
5,43,2,2001,3,1,1,2,2,1,1,1,1,1,1,3,1,2,9,6,1,1,33,2,2,0
5,43,2,2001,3,1,1,2,2,1,1,1,1,1,1,1,1,2,12,6,1,1,33,2,2,0
5,43,2,2001,4,1,1,2,2,1,4,3,1,1,1,1,1,2,9,6,1,1,33,2,2,0
5,43,2,2001,4,1,1,2,2,1,2,3,1,1,2,3,4,2,13,6,1,1,33,2,2,1
5,47,2,2001,3,1,1,2,2,1,1,1,1,1,1,3,1,2,9,6,1,1,33,2,2,0
6,47,2,2001,3,1,1,2,2,1,1,1,1,1,1,3,1,2,6,6,1,1,33,2,2,0
7,47,2,2001,3,1,1,2,2,1,1,2,1,1,1,1,1,2,9,6,1,1,33,2,2,0
1,50,2,2001,2,1,1,2,2,1,1,1,1,1,1,1,1,1,12,6,1,1,32,2,2,0
1,50,2,2001,2,1,1,2,2,1,1,1,1,1,1,1,1,1,6,6,1,1,33,2,2,0
1,50,2,2001,1,1,1,2,2,1,2,1,1,1,1,1,1,2,14,6,1,1,33,2,2,0
2,50,2,2001,4,1,1,2,2,1,3,1,1,1,1,1,1,1,9,6,1,1,33,2,2,0
2,50,2,2001,2,1,1,2,2,1,2,1,1,1,1,1,1,2,14,6,1,1,48,2,2,0
10,50,2,2001,2,1,1,2,2,1,1,1,1,1,1,1,1,2,14,6,1,1,33,2,2,0
12,50,2,2001,4,1,1,2,2,1,4,1,1,1,1,1,1,2,8,6,1,1,30,2,2,1
1,41,1,2001,3,1,1,2,2,1,1,3,1,1,1,3,1,2,6,6,1,1,30,2,2,0
3,41,1,2001,2,1,1,2,2,4,1,1,1,1,1,1,1,2,9,6,1,1,33,2,2,0
5,41,1,2001,3,1,1,2,2,1,1,1,1,1,1,1,1,2,8,6,1,1,25,2,2,0
5,41,1,2001,3,1,2,2,2,1,1,1,1,1,1,1,1,2,14,6,1,1,33,2,2,3
5,41,1,2001,4,1,1,2,2,1,4,1,1,1,1,1,1,2,13,6,1,1,33,2,2,0
5,41,1,2001,2,1,4,2,2,1,1,1,1,1,1,1,1,1,14,6,1,1,33,2,2,0
5,41,1,2001,3,1,1,2,2,1,1,1,1,1,1,1,1,1,9,6,1,1,45,2,2,2
5,41,1,2001,4,1,1,2,2,1,4,1,2,1,1,1,1,2,10,6,1,1,33,2,2,0
5,41,1,2001,4,1,1,2,2,1,4,1,1,1,1,1,1,2,10,6,1,1,33,2,2,0
1,35,2,2001,3,1,1,2,2,1,1,1,1,1,1,2,1,2,12,6,1,1,33,2,2,0
1,35,2,2001,2,1,1,2,2,1,1,1,1,1,1,3,1,2,1,6,1,1,27,2,2,1
2,35,2,2001,2,1,1,2,2,1,1,1,1,1,1,3,1,2,14,6,1,1,33,2,2,0
2,35,2,2001,3,1,1,2,2,1,1,1,1,1,1,3,1,2,14,6,2,1,29,2,2,0
1,38,2,2001,3,1,1,2,2,1,1,1,1,1,1,1,1,2,9,6,1,1,33,2,2,0
1,45,2,2001,2,1,1,2,2,1,1,1,1,1,1,2,1,2,14,6,1,1,33,2,2,0
1,45,2,2001,2,1,1,2,2,1,1,1,1,1,1,1,1,2,9,6,1,1,33,2,2,0
1,45,2,2001,2,1,1,2,2,1,1,1,1,1,1,1,1,2,9,6,1,1,33,2,2,0
1,45,2,2001,2,1,1,2,2,1,1,1,1,1,1,1,1,2,12,6,1,1,33,2,2,1
1,45,2,2001,1,1,1,2,2,1,2,1,1,1,1,1,1,2,9,6,1,1,33,2,2,0
2,45,2,2001,1,1,1,2,2,1,4,2,1,1,1,3,1,2,6,6,1,1,33,2,2,0
4,45,1,2001,3,1,1,2,2,1,1,1,1,1,1,3,1,2,14,6,1,1,33,2,2,1
5,45,2,2001,2,1,1,2,2,1,1,1,1,1,1,1,1,2,8,6,1,1,33,2,2,1
6,45,2,2001,3,1,1,2,2,1,1,1,1,1,1,1,1,2,14,6,1,1,38,2,2,0
3,40,3,2001,4,1,1,2,2,1,3,1,1,1,1,1,1,2,9,6,1,1,32,2,2,0
6,40,3,2001,3,1,1,2,2,1,1,1,1,1,1,1,1,2,9,6,1,1,33,2,2,1
1,45,2,2001,4,1,1,2,2,1,4,1,1,1,1,1,1,1,8,6,1,1,33,2,2,0
3,46,2,2001,3,1,1,2,2,1,1,1,1,1,1,3,1,2,19,6,1,1,33,2,2,0
2,36,3,2001,4,1,1,2,2,1,4,1,1,1,1,3,1,2,6,6,1,1,30,2,2,0
4,37,3,2001,3,1,1,2,2,1,1,2,1,1,2,3,1,2,9,6,1,1,33,2,2,1
5,37,3,2001,2,1,1,2,2,1,1,1,1,1,1,3,1,2,8,6,1,1,33,2,2,0
1,38,3,2001,2,1,1,2,2,1,1,1,1,1,1,1,1,2,9,6,1,1,33,2,2,0
1,39,2,2001,2,1,1,2,2,4,2,1,1,1,1,2,1,2,8,6,1,1,32,2,2,0
1,39,3,2001,3,1,1,2,2,1,1,1,1,1,1,1,1,2,6,6,1,1,33,2,2,0
1,35,3,2001,3,1,1,2,2,1,1,1,1,1,1,2,1,2,8,6,1,1,28,2,2,1
1,35,3,2001,3,1,1,2,2,1,1,1,1,1,1,2,1,1,9,6,1,1,35,2,2,0
1,35,3,2001,3,1,1,2,2,1,1,1,1,1,1,2,1,2,9,6,1,1,33,2,2,0
1,35,3,2001,2,1,1,2,2,4,1,1,1,1,1,2,1,2,14,6,1,1,35,2,2,1
1,35,3,2001,4,1,1,2,2,1,3,1,1,1,1,2,1,2,14,6,1,1,33,2,2,0
2,35,3,2001,3,1,1,2,2,1,1,1,1,1,1,3,1,2,8,6,1,1,33,2,2,0
3,35,3,2001,2,1,1,2,2,1,1,1,1,1,1,3,1,2,9,6,1,1,35,2,2,3
3,35,3,2001,2,1,1,2,2,1,1,1,1,1,1,3,1,2,9,6,1,1,30,2,2,0
4,35,2,2001,4,1,1,2,2,1,4,1,1,1,1,1,1,2,10,6,1,1,33,2,2,0
4,35,3,2001,3,1,1,2,2,1,1,1,1,1,1,3,1,2,11,6,1,1,40,2,2,0
4,35,3,2001,3,1,1,2,2,1,1,1,1,1,1,3,2,2,14,6,1,1,33,2,2,0
4,35,3,2001,2,1,1,2,2,1,1,2,1,1,1,2,1,2,14,6,1,1,32,2,2,0
4,35,3,2001,3,1,1,2,2,1,1,1,1,1,1,2,1,2,9,6,1,1,26,2,2,0
4,35,3,2001,4,1,1,2,2,1,4,2,1,3,2,3,1,2,14,6,1,1,49,2,2,0
5,47,3,2001,3,1,1,2,2,1,1,1,1,1,1,1,1,2,14,6,1,1,40,2,2,1
5,47,3,2001,3,1,1,2,2,1,1,1,1,1,1,1,1,2,9,6,1,1,33,2,2,0
8,47,3,2001,2,1,1,2,2,1,1,1,1,1,1,1,1,2,8,6,1,1,35,2,2,0
8,47,3,2001,3,1,1,2,2,1,1,1,1,1,1,1,1,2,14,6,1,1,35,2,2,0
9,47,3,2001,1,1,1,2,2,1,4,1,1,1,1,1,1,2,9,6,1,1,33,2,2,0
12,47,3,2001,4,1,1,2,2,1,3,1,1,1,1,1,5,2,14,6,1,1,33,2,2,0
12,47,3,2001,3,1,1,2,1,1,1,2,1,1,1,1,1,2,9,6,1,1,33,2,2,0
12,47,3,2001,1,1,1,2,2,1,4,1,1,1,1,1,5,2,14,6,1,1,35,2,2,0
12,47,3,2001,2,1,1,2,2,1,1,1,1,1,1,1,1,2,8,6,1,1,33,2,2,0
1,45,3,2001,5,1,1,2,2,1,1,1,1,1,1,1,1,1,10,6,1,1,33,2,2,0
1,45,3,2001,3,1,1,2,2,1,1,1,1,1,1,1,1,2,9,6,1,1,33,2,2,1
1,45,3,2001,3,1,1,2,2,1,1,1,1,1,1,3,1,1,14,6,1,1,33,2,2,1
4,45,2,2001,3,1,1,2,2,1,1,1,1,1,1,2,1,2,6,6,1,1,33,2,2,1