Thana,District,Month,Year,Time,Junction_Type,Traffic_Control,Movement,Divider,Weather,Light,Road_Geometry,Surface_Condition,Surface_Type,Surface_Quality,Road_Class,Road_Feature,Location_Type,Vehicle_Type,Vehicle_Movement,Vehicle_Loading,Vehicle_Defect,Vehicle_Driver_Age,Vehicle_Alcohol,Vehicle_Seat_Belt,Accident_Severity
6,45,3,2001,3,1,1,2,2,1,1,1,1,1,1,1,1,2,4,6,1,1,33,2,2,0
2,44,2,2001,2,1,1,2,2,1,1,1,1,1,1,3,1,2,14,6,1,1,33,2,2,0
3,44,2,2001,4,1,1,2,2,1,4,1,1,1,1,1,1,1,14,6,1,1,33,2,2,1
4,44,2,2001,2,1,1,2,2,1,1,1,1,1,1,2,1,2,9,6,1,1,35,2,2,0
5,44,2,2001,1,1,1,2,2,1,2,1,1,1,1,1,1,2,12,6,1,1,33,2,2,0
6,44,2,2001,3,1,1,2,2,1,2,1,1,1,1,1,1,2,8,6,1,1,33,2,2,0
6,44,2,2001,2,1,1,2,2,1,1,3,1,1,1,1,1,2,8,6,1,1,33,2,2,0
7,44,2,2001,1,1,1,2,2,1,4,1,1,1,1,1,1,2,10,6,1,1,33,2,2,0
6,51,2,2001,2,1,1,2,2,1,1,1,1,1,1,3,1,2,8,6,1,1,33,2,2,0
7,51,3,2001,3,1,1,2,2,1,1,1,1,3,2,3,3,2,17,6,1,1,33,2,2,0
8,51,3,2001,3,1,1,2,2,1,1,1,1,1,1,2,1,2,8,6,1,1,33,2,2,0
8,51,3,2001,3,1,1,2,2,1,1,1,1,1,1,2,1,2,8,6,1,1,33,2,2,0
3,51,3,2001,3,1,1,2,2,1,1,1,1,1,1,2,1,2,10,6,1,1,33,2,2,0
12,51,2,2001,3,1,1,2,2,1,1,1,1,1,1,2,1,2,9,6,1,1,33,2,2,0
12,51,3,2001,3,1,1,2,2,1,1,1,1,1,1,3,1,2,14,6,1,1,33,2,2,0
1,40,4,2001,3,1,1,2,2,1,1,1,1,1,1,1,1,2,8,6,1,1,27,2,2,0
3,40,4,2001,2,1,1,2,2,1,2,1,1,1,1,1,1,2,14,6,1,1,33,2,2,0
3,48,4,2001,3,1,1,2,2,1,1,1,1,1,1,3,3,2,8,6,1,1,31,2,2,0
2,43,3,2001,1,1,1,2,2,1,4,1,1,1,1,1,1,2,10,6,1,1,33,2,2,0
2,43,3,2001,2,1,1,2,2,1,1,3,1,1,1,1,1,2,9,6,1,1,33,2,2,0
5,43,3,2001,2,1,1,2,2,1,2,1,1,1,1,1,1,2,14,6,1,1,33,2,2,0
5,43,3,2001,2,1,1,2,2,1,1,1,1,1,1,1,1,2,14,6,1,1,33,2,2,0
5,43,3,2001,3,1,1,2,2,1,1,1,1,1,1,1,1,2,9,6,1,1,32,2,2,0
2,43,3,2001,4,1,1,2,2,1,2,4,1,1,1,1,1,2,10,6,1,1,33,2,2,0
2,36,4,2001,2,1,1,2,2,1,1,1,1,1,1,3,1,2,9,6,1,1,33,2,2,0
1,50,3,2001,1,1,1,2,2,1,2,1,1,1,1,1,1,1,9,6,1,1,33,2,2,0
1,50,3,2001,2,1,1,2,2,1,1,1,1,1,1,2,1,1,9,6,1,1,33,2,2,0
2,50,3,2001,2,1,1,2,2,1,2,1,1,1,3,1,1,2,9,6,1,1,40,2,2,0
4,50,3,2001,4,1,1,2,2,1,4,2,1,1,1,3,3,2,14,6,1,1,33,2,2,0
7,50,3,2001,2,1,1,2,2,1,1,1,1,1,1,1,1,2,10,6,1,1,33,2,2,0
11,50,3,2001,3,1,1,2,2,1,1,1,1,1,1,2,1,2,9,6,1,1,35,2,2,0
1,41,2,2001,1,1,1,2,2,1,2,1,1,1,1,1,1,2,14,6,1,1,33,2,2,0
1,41,2,2001,2,1,1,2,2,1,1,1,1,1,1,1,1,2,14,6,1,1,33,2,2,0
1,41,3,2001,2,1,1,2,2,1,1,1,1,1,1,1,1,2,14,6,1,1,33,2,2,0
1,41,3,2001,3,1,1,2,2,1,1,1,1,1,1,1,1,2,14,6,1,1,33,2,2,0
3,41,3,2001,3,1,1,2,2,1,1,1,1,1,1,1,1,2,8,6,1,1,33,2,2,0
3,41,3,2001,2,1,1,2,2,1,1,2,1,1,1,1,1,2,14,6,1,1,33,2,2,0
5,41,2,2001,2,1,1,2,2,1,1,1,1,1,1,1,1,1,9,6,1,1,33,2,2,0
5,41,2,2001,2,1,1,2,2,1,1,1,1,1,1,2,1,1,14,6,1,1,33,2,2,0
5,41,2,2001,1,1,1,2,2,1,4,1,1,1,1,1,1,2,9,6,1,1,33,2,2,0
5,41,2,2001,1,1,1,2,2,1,4,1,1,1,1,2,1,2,14,6,1,1,30,2,2,0
5,41,2,2001,1,1,1,2,2,1,4,1,1,1,1,2,1,2,14,6,1,1,33,2,2,2
5,41,3,2001,1,1,1,2,2,1,2,1,1,1,1,2,1,2,9,6,1,1,38,2,2,1
5,41,3,2001,4,1,1,2,2,1,3,1,1,1,1,2,1,1,9,6,1,1,33,2,2,0
5,41,3,2001,3,1,1,2,2,1,1,1,1,1,1,2,1,2,7,6,1,1,33,2,2,0
5,41,3,2001,3,1,1,2,2,1,1,1,1,1,1,1,1,2,9,6,1,1,33,2,2,0
5,41,3,2001,2,1,1,2,2,1,2,1,1,1,1,1,1,2,9,6,1,1,33,2,2,0
1,47,3,2001,1,1,1,2,2,1,4,1,1,1,1,1,1,1,14,6,1,1,33,2,2,0
8,47,4,2001,4,1,1,2,2,1,2,1,1,1,1,1,1,2,14,6,1,1,33,2,2,0
9,47,4,2001,2,1,1,2,2,1,1,1,1,1,1,3,1,1,9,6,1,1,33,2,2,0
10,52,4,2001,3,1,1,2,2,1,2,1,1,1,1,3,1,2,2,6,1,1,33,2,2,0
5,43,4,2001,1,1,1,2,2,1,4,1,1,1,1,1,1,2,9,6,1,1,29,2,2,3
5,43,4,2001,3,1,1,2,2,1,1,3,1,1,1,1,1,2,9,6,1,1,33,2,2,0
5,37,4,2001,2,1,1,2,2,1,1,1,1,1,1,3,1,2,9,6,1,1,33,2,2,0
1,51,4,2001,4,1,1,2,2,1,4,1,1,1,1,2,1,2,14,6,1,1,33,2,2,0
3,51,2,2001,3,1,1,2,2,1,1,1,1,1,1,3,1,2,9,6,1,1,33,2,2,0
3,51,3,2001,3,1,1,2,2,1,1,1,1,1,1,3,1,2,10,6,1,1,33,2,2,0
1,38,4,2001,3,1,1,2,2,1,1,1,1,1,1,1,1,2,14,6,1,1,33,2,2,0
4,38,4,2001,5,1,1,2,2,1,4,1,1,1,1,3,1,2,10,6,1,1,33,2,2,0
1,45,4,2001,3,1,1,2,2,1,1,1,1,1,1,1,1,2,4,6,1,1,33,2,2,1
1,45,4,2001,4,1,1,2,2,1,4,1,1,1,1,1,1,2,10,6,1,1,33,2,2,0
4,45,4,2001,2,1,1,2,2,1,1,1,1,1,1,3,1,2,14,6,1,1,33,2,2,0
1,35,4,2001,2,1,1,2,2,1,1,1,1,1,1,3,1,2,8,6,1,1,33,2,2,0
2,35,4,2001,2,1,1,2,2,1,1,1,1,2,2,3,1,2,8,6,1,1,33,2,2,0
2,35,4,2001,2,1,1,2,2,1,1,3,1,1,1,3,1,2,17,6,1,1,33,2,2,0
3,35,4,2001,2,1,1,2,2,1,1,2,1,1,1,3,1,2,9,6,1,1,35,2,2,1
4,35,4,2001,3,1,1,2,2,1,1,2,1,1,1,2,1,2,9,6,1,1,33,2,2,3
4,35,4,2001,3,1,1,2,2,1,1,1,1,1,1,1,1,2,13,6,1,1,24,2,2,0
1,50,4,2001,2,1,1,2,2,1,1,2,1,1,1,3,1,1,9,6,1,1,33,2,2,0
11,50,4,2001,3,1,1,2,2,1,1,1,1,1,1,2,1,2,13,6,1,1,33,2,2,0
12,50,4,2001,2,1,1,2,2,1,1,1,1,1,1,1,1,2,8,6,1,1,42,2,2,0
4,36,5,2001,2,1,1,2,2,1,1,1,1,1,1,3,2,2,11,6,1,1,33,2,2,1
1,49,2,2001,4,1,1,2,2,1,3,3,5,2,2,2,3,2,14,6,1,1,28,2,2,0
1,49,3,2001,1,1,1,2,2,4,2,1,2,1,1,1,1,2,14,6,1,1,33,2,2,0
1,49,4,2001,3,1,1,2,2,1,1,1,1,1,1,2,1,2,7,6,1,1,33,2,2,0
1,49,4,2001,2,1,1,2,2,1,1,2,5,3,3,3,1,2,9,6,1,1,33,2,2,3
1,49,5,2001,3,1,1,2,2,1,1,1,1,1,1,2,1,1,14,6,1,1,33,2,2,0
2,49,4,2001,3,1,1,2,2,1,1,1,1,1,1,3,1,2,14,6,1,1,33,2,2,0
4,49,4,2001,3,1,1,2,2,1,1,1,1,1,1,3,1,2,14,6,1,1,33,2,2,1
1,44,3,2001,4,1,1,2,2,1,3,1,1,1,1,2,1,1,4,6,1,1,33,2,2,0
3,44,3,2001,5,1,1,2,2,1,1,1,1,1,1,1,1,2,14,6,1,1,33,2,2,0
7,44,3,2001,1,1,1,2,2,1,2,2,1,1,1,1,1,2,14,6,1,1,33,2,2,0
7,44,3,2001,2,1,1,2,2,1,1,1,1,1,1,1,1,2,9,6,1,1,33,2,2,0
1,50,5,2001,4,1,1,2,2,1,2,1,1,1,1,1,1,1,10,6,1,1,22,2,2,1
1,50,5,2001,2,1,1,2,2,1,1,1,1,1,1,1,1,2,8,6,1,1,33,2,2,0
2,50,5,2001,2,1,1,2,2,1,1,1,1,1,1,1,1,2,14,6,1,1,33,2,2,1
2,50,5,2001,3,1,1,2,2,1,1,1,1,1,1,1,1,2,6,10,1,1,30,2,2,1
4,50,5,2001,2,1,1,2,2,1,1,1,1,1,1,3,1,2,19,6,1,1,33,2,2,1
5,50,5,2001,3,1,1,2,2,1,1,1,1,1,1,2,1,2,14,6,1,1,33,2,2,0
5,50,5,2001,4,1,1,2,2,1,4,1,1,1,1,2,1,2,14,6,1,1,33,2,2,0
10,50,5,2001,4,1,1,2,2,1,2,1,1,1,1,3,1,2,19,6,1,1,33,2,2,0
11,50,5,2001,2,1,1,2,2,1,1,1,1,1,1,2,1,2,14,6,1,1,33,2,2,0
12,50,5,2001,3,1,1,2,2,1,1,1,1,1,1,1,1,2,8,6,1,1,33,2,2,0
1,47,5,2001,2,1,1,2,2,1,1,1,1,1,1,1,1,1,9,6,1,1,40,2,2,1
1,47,5,2001,3,1,1,2,2,1,1,1,1,1,1,1,1,1,8,6,1,1,33,2,2,3
2,47,5,2001,1,1,1,2,2,1,4,1,1,1,1,1,1,2,14,6,1,1,33,2,2,0
3,47,5,2001,3,1,1,2,2,1,1,1,1,1,1,3,1,2,14,6,1,1,33,2,2,0
5,47,5,2001,3,1,1,2,2,1,1,1,1,1,1,1,1,2,9,6,1,1,33,2,2,0
5,47,5,2001,3,1,1,2,2,1,1,1,1,1,1,3,1,2,9,6,1,1,33,2,2,0
9,47,5,2001,4,1,1,2,2,2,3,1,2,1,3,1,1,2,14,6,1,1,33,2,2,0
9,47,5,2001,4,1,1,2,2,1,4,1,1,1,1,1,1,2,14,6,1,1,33,2,2,0
12,47,5,2001,2,1,1,2,2,1,1,1,1,1,1,1,5,2,9,6,1,1,33,2,2,0
12,47,5,2001,4,1,1,2,2,1,1,1,1,1,1,1,2,2,9,6,1,1,40,2,2,0
3,39,5,2001,1,1,1,2,2,1,4,1,1,1,1,1,1,2,14,6,1,1,33,2,2,1
2,43,5,2001,2,1,1,2,2,1,1,1,1,1,1,1,1,2,9,6,1,1,33,2,2,0
2,43,5,2001,1,1,1,2,2,1,4,1,1,1,1,1,2,2,9,6,1,1,33,2,2,1
4,43,5,2001,3,1,1,2,2,1,1,1,1,1,1,1,3,2,7,6,1,1,33,2,2,0
5,43,5,2001,2,1,1,2,2,1,1,1,1,1,1,1,1,2,9,6,1,1,33,2,2,0
5,43,5,2001,4,1,1,2,2,2,2,1,2,1,1,1,1,2,9,6,1,1,33,2,2,0
3,37,5,2001,3,1,1,2,2,1,1,1,1,1,1,3,1,2,8,6,1,1,33,2,2,0
1,36,6,2001,2,1,1,2,2,1,1,1,1,1,1,3,1,2,9,6,1,1,33,2,2,0
3,36,6,2001,1,1,1,2,2,1,4,1,1,1,1,2,2,2,14,6,2,1,33,2,2,1
4,47,6,2001,3,1,1,2,2,1,1,1,1,1,1,3,1,2,9,6,1,1,30,2,2,0
4,47,6,2001,1,1,1,2,2,1,4,3,1,2,3,1,1,2,14,6,1,1,33,2,2,0
9,47,6,2001,2,1,1,2,2,1,1,1,1,1,1,1,1,2,8,6,1,1,33,2,2,0
1,52,6,2001,2,1,1,2,2,1,1,1,1,1,1,3,1,2,9,6,1,1,38,2,2,0
2,38,5,2001,4,1,1,2,2,1,1,1,1,1,1,3,1,2,14,6,1,1,40,2,2,0
1,38,6,2001,3,1,1,2,2,1,1,1,1,1,1,1,1,2,14,6,1,1,40,2,2,0
1,38,6,2001,3,1,1,2,2,2,1,1,2,1,1,1,1,2,9,6,1,1,33,2,2,1
1,38,6,2001,3,1,1,2,2,1,1,1,1,1,1,1,1,2,9,6,1,1,33,2,2,0
6,38,6,2001,3,1,1,2,2,1,1,1,1,1,1,1,1,2,9,6,1,1,33,2,2,0
1,50,6,2001,4,1,1,2,2,1,3,1,1,1,1,1,1,2,8,6,1,1,33,2,2,2
2,50,6,2001,4,1,1,2,2,1,4,1,1,1,1,1,1,2,9,6,1,1,45,2,2,0
5,50,6,2001,3,1,1,2,2,1,1,1,1,1,1,3,1,2,8,6,1,1,33,2,2,0
10,50,5,2001,3,1,1,2,2,1,1,1,1,1,1,1,1,2,6,6,1,1,33,2,2,1
10,50,6,2001,3,1,1,2,1,1,1,1,1,1,1,1,1,2,7,6,1,1,33,2,2,0
13,50,6,2001,3,1,1,2,2,1,1,1,1,1,1,3,1,2,8,6,1,1,33,2,2,0
1,50,7,2001,2,1,1,2,2,1,2,2,1,1,1,1,1,2,14,3,1,1,33,2,2,0
2,50,7,2001,3,1,1,2,2,1,2,1,1,1,1,1,1,2,8,6,1,1,30,2,2,0
4,50,7,2001,3,1,1,2,2,1,1,1,1,1,1,3,1,2,17,6,1,1,33,2,2,0
12,50,7,2001,3,1,1,2,2,1,1,1,1,1,1,1,1,1,14,6,1,1,28,2,2,0
12,50,7,2001,3,1,3,2,2,1,1,1,1,1,1,1,1,2,14,6,1,1,33,2,2,0
1,40,8,2001,3,1,1,2,2,1,1,1,1,1,1,3,1,2,9,6,1,1,33,2,2,0
3,40,8,2001,4,1,1,2,2,1,4,1,1,1,1,1,1,2,14,6,1,1,33,2,2,0
6,40,8,2001,2,1,1,2,2,1,1,1,1,1,1,1,1,2,14,6,1,1,33,2,2,0
1,45,5,2001,3,1,1,2,2,1,1,1,1,1,1,1,1,2,9,6,1,1,33,2,2,0
1,45,5,2001,2,1,1,2,2,1,1,1,1,1,1,1,1,1,14,6,1,1,33,2,2,0
2,45,5,2001,2,1,1,2,2,2,1,2,2,1,1,1,1,2,9,6,1,1,33,2,2,1
1,45,5,2001,4,1,1,2,2,1,3,1,1,1,1,1,1,1,9,6,1,1,33,2,2,0
1,45,6,2001,2,1,1,2,2,1,1,1,1,1,1,3,1,1,14,6,1,1,33,2,2,0
2,45,6,2001,4,1,1,2,2,1,4,5,1,1,1,1,2,2,7,6,1,1,35,2,2,1
2,45,6,2001,3,1,1,2,2,1,1,1,1,1,1,1,1,2,9,6,1,1,31,2,2,0
2,45,7,2001,2,1,1,2,2,1,1,1,1,1,1,3,1,2,5,6,1,1,33,2,2,0
3,45,5,2001,4,1,1,2,2,1,1,1,1,1,1,3,1,2,7,6,1,1,40,2,2,1
3,45,6,2001,3,1,1,2,2,1,1,1,1,1,1,3,1,2,8,6,1,1,30,2,2,0
1,35,5,2001,3,1,1,2,2,1,1,1,1,1,1,2,1,2,7,6,1,1,40,2,2,1
1,35,5,2001,3,1,1,2,2,1,2,1,1,1,1,2,1,2,10,6,1,1,33,2,2,1
1,35,5,2001,2,1,1,2,2,1,1,1,1,1,1,2,1,2,9,6,1,1,33,2,2,1
3,35,5,2001,2,1,1,2,2,1,1,1,1,1,1,3,1,2,9,6,1,1,35,2,2,1
4,35,5,2001,2,1,1,2,2,1,1,1,1,1,1,1,1,2,13,6,1,1,33,2,2,1
1,38,7,2001,3,1,1,2,2,1,1,1,1,1,1,1,1,2,9,6,1,1,33,2,2,0
1,38,7,2001,3,1,1,2,1,1,1,1,1,1,1,1,1,2,10,6,1,1,33,2,2,0
3,38,7,2001,4,1,1,2,2,1,4,1,1,1,1,3,1,2,9,6,1,1,33,2,2,0
6,38,7,2001,3,1,1,2,2,1,1,1,1,1,1,1,1,2,12,6,1,1,31,2,2,0
6,38,7,2001,3,1,1,2,2,1,1,1,1,1,1,3,2,2,9,6,1,1,33,2,2,0
1,35,6,2001,4,1,1,2,2,1,4,1,1,1,1,2,1,2,14,6,1,1,42,2,2,1
1,35,6,2001,2,1,1,2,2,1,1,1,1,1,1,2,1,2,8,6,1,1,28,2,2,1
1,35,6,2001,2,1,1,2,2,1,1,1,1,1,1,1,1,2,8,6,1,1,20,2,2,1
1,35,6,2001,4,1,1,2,2,1,1,1,1,1,1,3,1,2,6,6,1,1,25,2,2,0
1,35,6,2001,3,1,1,2,2,1,1,1,1,1,1,3,1,2,9,6,1,1,33,2,2,0
2,35,6,2001,2,1,1,2,2,1,1,1,1,1,3,3,1,2,4,6,1,1,33,2,2,0
5,37,7,2001,2,1,1,2,2,1,1,5,1,1,1,3,1,2,4,6,1,1,33,2,2,0
6,37,7,2001,3,1,1,2,2,1,1,1,1,1,1,3,1,2,9,6,1,1,33,2,2,1
3,36,7,2001,2,1,1,2,2,1,1,1,1,1,1,3,1,2,14,6,1,1,33,2,2,1
4,36,7,2001,2,1,1,2,2,1,1,1,1,1,1,1,1,2,10,6,1,1,33,2,2,0
4,36,7,2001,3,1,1,2,2,1,1,1,1,1,1,3,1,2,9,6,1,1,33,2,2,0
3,52,6,2001,3,1,1,2,2,1,1,1,1,1,1,3,1,2,9,6,1,1,33,2,2,0
1,47,7,2001,2,1,1,2,2,2,1,1,2,1,1,1,1,1,14,6,1,1,33,2,2,0
3,47,7,2001,3,1,1,2,2,1,1,1,1,1,1,3,1,2,8,6,1,1,33,2,2,0
9,47,7,2001,1,1,1,2,2,1,4,1,1,1,1,1,1,2,9,6,1,1,33,2,2,0
12,47,7,2001,3,1,1,2,2,1,1,1,1,1,1,1,2,2,9,6,1,1,33,2,2,0
12,47,7,2001,4,1,1,2,2,2,4,1,2,1,1,1,1,2,9,6,1,1,33,2,2,0
6,48,5,2001,3,1,1,2,2,1,1,1,1,1,1,3,1,2,6,6,1,1,35,2,2,0
1,43,7,2001,3,1,1,2,2,1,1,1,1,1,1,3,1,2,14,6,1,1,33,2,2,0
2,43,6,2001,2,1,1,2,2,1,1,1,1,1,1,1,1,2,4,6,1,1,33,2,2,1
2,43,6,2001,3,1,1,2,2,1,1,1,1,1,1,1,1,2,14,6,1,1,33,2,2,0
2,43,6,2001,1,1,1,2,2,2,2,2,1,1,1,1,1,2,14,6,1,1,33,2,2,0
5,43,6,2001,3,1,1,2,2,1,1,1,1,1,1,1,1,2,9,6,1,1,33,2,2,0
1,50,8,2001,2,1,1,2,2,1,1,1,1,1,1,1,1,2,14,6,1,2,33,2,2,0
1,50,8,2001,3,1,1,2,2,1,1,1,1,1,1,1,1,1,9,6,1,1,33,2,2,0
6,50,3,2001,4,1,1,2,2,1,2,1,1,1,1,3,1,2,14,6,1,1,33,2,2,0
9,50,8,2001,2,1,1,2,2,1,1,1,1,1,1,2,1,2,9,6,1,1,33,2,2,0
10,50,8,2001,2,1,1,2,2,1,1,1,1,1,1,1,1,2,5,6,1,1,33,2,2,0
11,50,8,2001,3,1,1,2,2,1,1,1,1,1,1,3,1,2,9,6,1,1,33,2,2,0
2,43,8,2001,2,1,1,2,2,1,1,1,1,1,1,1,1,2,14,6,1,1,33,2,2,0
2,43,8,2001,2,1,1,2,2,1,1,1,1,1,1,1,1,2,9,6,1,1,40,2,2,0
5,43,8,2001,4,1,1,2,2,1,2,1,1,1,1,3,2,2,8,6,1,1,22,2,2,1
5,43,8,2001,3,1,1,2,2,1,1,1,1,1,1,1,1,2,9,6,1,1,33,2,2,0
1,36,8,2001,3,1,1,2,2,1,1,1,1,1,1,3,1,2,9,6,1,1,40,2,2,0
3,36,8,2001,3,1,1,2,2,2,1,2,2,1,1,3,1,2,14,6,1,1,33,2,2,0
1,35,7,2001,3,1,1,2,2,1,1,1,1,1,1,2,1,2,13,6,1,1,33,2,2,0
2,35,7,2001,3,1,1,2,2,2,1,2,2,1,3,3,1,2,9,6,1,1,33,2,2,3
4,35,7,2001,2,1,1,2,2,1,1,1,1,1,1,2,1,2,10,6,1,1,33,2,2,0
1,47,8,2001,2,1,1,2,2,1,1,1,1,1,1,1,1,1,9,6,1,1,38,2,2,0
1,47,8,2001,2,1,1,2,2,1,2,1,1,1,1,1,1,1,14,6,1,1,40,2,2,0
1,47,8,2001,3,1,1,2,2,1,2,1,1,1,1,1,1,2,9,6,1,1,33,2,2,0
4,47,8,2001,3,1,1,2,2,1,1,1,1,1,1,3,1,2,12,6,1,1,35,2,2,0
5,47,8,2001,3,1,1,2,2,1,1,1,1,1,1,1,1,2,9,6,1,1,33,2,2,1
9,47,8,2001,4,1,1,2,2,1,1,1,1,1,1,1,1,2,9,6,1,1,33,2,2,0
12,47,8,2001,4,1,1,2,2,2,4,1,2,1,1,1,1,2,9,6,1,1,33,2,2,0
12,47,8,2001,2,1,1,2,2,1,1,1,1,1,1,1,1,2,14,6,1,1,33,2,2,1
12,47,8,2001,1,1,1,2,2,1,4,1,1,1,1,1,1,2,14,6,1,1,33,2,2,0
1,45,7,2001,4,1,1,2,2,1,4,1,1,1,1,1,1,2,14,6,1,1,33,2,2,0
3,45,7,2001,3,1,1,2,2,1,1,1,1,1,1,3,1,2,19,6,1,1,33,2,2,0
5,45,7,2001,3,1,1,2,2,1,1,1,1,1,1,1,1,2,6,6,1,1,33,2,2,0
6,45,7,2001,1,1,1,2,2,1,2,1,1,1,1,1,1,2,12,6,1,1,33,2,2,0
4,35,7,2001,3,1,1,2,2,1,1,1,1,1,1,2,1,2,10,6,1,1,33,2,2,0
4,35,8,2001,3,1,1,2,2,1,1,1,1,1,1,2,1,2,9,6,1,1,33,2,2,0
5,37,8,2001,3,1,1,2,2,1,1,1,1,1,1,3,1,2,8,6,1,1,33,2,2,0
6,38,8,2001,1,1,1,2,2,2,2,1,2,1,1,1,2,2,13,6,1,1,33,2,2,0
4,35,9,2001,3,1,1,2,2,1,1,1,1,1,1,1,1,2,10,6,1,1,33,2,2,0
3,39,9,2001,3,1,1,2,2,1,1,1,1,1,1,1,1,2,12,6,1,1,33,2,2,0
1,36,9,2001,2,1,1,2,2,1,1,1,1,1,1,1,1,2,9,6,1,1,33,2,2,0
2,43,9,2001,3,1,1,2,2,1,1,1,1,1,1,1,1,2,14,6,1,1,33,2,2,0
2,43,9,2001,2,1,1,2,2,1,1,1,1,1,1,1,1,2,8,6,1,1,33,2,2,0
5,43,9,2001,4,1,1,2,2,1,4,1,1,1,1,1,1,2,8,6,1,1,33,2,2,1
5,43,9,2001,2,1,1,2,2,1,1,1,1,1,1,1,2,2,8,6,1,1,33,2,2,1
5,43,9,2001,2,1,1,2,2,1,1,1,1,1,1,1,3,2,10,6,1,1,33,2,2,1
5,43,9,2001,2,1,1,2,2,1,1,1,1,1,1,1,1,2,14,6,1,1,33,2,2,0
5,43,9,2001,2,1,1,2,2,1,1,1,1,1,1,1,1,2,8,6,1,1,33,2,2,1
5,43,9,2001,2,1,1,2,2,1,1,1,1,1,1,3,1,2,9,6,1,1,33,2,2,0
1,45,7,2001,5,1,1,2,2,1,1,1,1,1,1,1,1,2,9,6,1,1,33,2,2,0
1,45,8,2001,2,1,1,2,2,1,1,1,1,1,1,3,1,2,9,6,1,1,33,2,2,0
4,45,8,2001,3,1,1,2,2,1,1,1,1,1,1,3,1,2,9,6,1,1,33,2,2,0
4,45,8,2001,5,1,1,2,2,1,1,1,1,1,1,3,1,2,14,6,1,1,33,2,2,0
6,45,7,2001,4,1,1,2,2,1,2,1,1,1,1,3,1,2,8,6,1,1,33,2,2,1
6,45,8,2001,2,1,1,2,2,1,1,1,1,1,1,1,1,2,8,6,1,1,35,2,2,0
1,50,9,2001,4,1,1,2,2,1,2,1,1,1,1,3,1,2,9,6,2,1,33,2,2,1
2,50,9,2001,1,1,1,2,2,1,4,1,1,1,1,1,1,2,14,6,1,1,33,2,2,0
4,50,9,2001,4,1,1,2,2,1,4,1,1,1,1,2,1,2,14,6,1,1,33,2,2,1
7,50,9,2001,2,1,1,2,2,1,1,1,1,1,1,2,1,2,9,6,1,1,33,2,2,0
10,50,9,2001,2,1,1,2,2,1,1,1,1,1,1,1,1,2,14,6,1,1,33,2,2,0
12,50,9,2001,1,1,1,2,2,1,4,1,1,1,1,1,1,1,14,6,1,1,35,2,2,0
12,50,9,2001,4,1,1,2,2,1,4,1,1,1,1,1,1,2,9,6,1,1,33,2,2,0
12,50,9,2001,2,1,1,2,2,1,1,1,1,1,1,1,1,2,9,6,2,1,33,2,2,0
5,47,9,2001,3,1,1,2,2,1,1,1,1,1,1,1,1,2,11,6,1,1,33,2,2,0
7,47,9,2001,3,1,1,2,2,1,1,1,1,1,1,3,1,2,6,6,1,1,33,2,2,1
8,47,9,2001,2,1,1,2,2,2,1,2,2,1,1,1,3,2,11,6,1,1,33,2,2,0
9,47,9,2001,4,1,1,2,2,1,4,1,1,1,1,1,2,2,14,6,1,1,33,2,2,0
12,47,9,2001,3,1,1,2,2,1,1,1,1,1,1,1,1,2,9,6,1,1,33,2,2,2
1,41,4,2001,4,1,1,2,2,1,2,1,1,1,1,1,1,2,10,6,1,1,33,2,2,0
1,41,4,2001,4,1,1,2,2,1,4,1,1,1,1,1,1,2,10,6,1,1,33,2,2,0
1,41,4,2001,4,1,1,2,2,1,4,1,1,1,1,1,1,2,9,6,1,1,33,2,2,0
1,41,4,2001,4,1,1,2,2,1,4,1,1,1,1,1,1,2,9,6,1,1,33,2,2,0
5,41,4,2001,2,1,1,2,2,1,1,1,1,1,1,2,1,2,9,6,1,1,33,2,2,1
5,41,4,2001,4,1,1,2,2,1,4,1,1,1,1,1,1,2,14,6,1,1,33,2,2,0
1,41,5,2001,3,1,1,2,2,1,1,1,1,1,1,1,1,2,9,6,1,1,33,2,2,0
1,41,5,2001,2,1,1,2,2,1,1,1,1,1,1,1,1,2,10,6,1,1,33,2,2,0
3,41,5,2001,3,1,1,2,2,1,1,1,1,1,1,1,1,2,8,6,1,1,30,2,2,0
4,41,5,2001,3,1,1,2,2,1,1,1,1,1,1,3,1,2,4,6,1,1,33,2,2,0
5,41,5,2001,4,1,1,2,2,1,4,1,1,1,1,1,1,2,10,6,1,1,33,2,2,1
5,41,5,2001,3,1,1,2,2,1,1,1,1,1,1,1,1,1,9,6,1,1,33,2,2,2
5,41,5,2001,4,1,1,2,2,2,2,1,2,1,1,1,1,2,9,6,1,1,33,2,2,0
5,41,5,2001,4,1,1,2,2,2,2,1,1,1,1,1,1,2,9,6,1,1,33,2,2,0
5,41,5,2001,3,1,1,2,2,1,1,1,1,1,1,1,1,2,14,6,1,1,33,2,2,0
5,41,5,2001,4,1,1,2,2,1,2,1,1,1,1,1,1,2,14,6,1,1,33,2,2,0
5,41,5,2001,3,1,1,2,2,1,1,1,1,1,1,1,1,1,10,6,1,1,33,2,2,0
5,41,5,2001,3,1,1,2,2,1,1,1,1,1,1,1,1,1,10,6,1,1,30,2,2,0
1,41,6,2001,3,1,1,2,2,1,1,1,1,1,1,1,1,2,9,6,1,1,33,2,2,0
1,41,6,2001,3,1,1,2,2,1,1,1,1,1,1,1,1,2,9,6,1,1,33,2,2,0
1,41,6,2001,3,1,1,2,2,1,1,1,1,1,1,1,1,2,9,6,1,1,33,2,2,0