Thana,District,Month,Year,Time,Junction_Type,Traffic_Control,Movement,Divider,Weather,Light,Road_Geometry,Surface_Condition,Surface_Type,Surface_Quality,Road_Class,Road_Feature,Location_Type,Vehicle_Type,Vehicle_Movement,Vehicle_Loading,Vehicle_Defect,Vehicle_Driver_Age,Vehicle_Alcohol,Vehicle_Seat_Belt,Accident_Severity
5,41,6,2001,2,1,1,2,2,1,1,1,1,1,1,2,1,2,14,6,1,1,33,2,2,0
5,41,6,2001,3,1,1,2,2,2,1,1,2,1,1,1,1,1,9,6,1,1,33,2,2,0
5,41,6,2001,2,1,1,2,2,1,1,1,1,1,1,1,1,1,9,6,1,1,35,2,2,0
5,41,6,2001,3,1,1,2,2,1,1,2,1,1,1,2,1,2,9,6,1,1,33,2,2,0
5,41,6,2001,3,1,1,2,2,1,1,1,1,1,1,1,1,2,9,6,1,1,33,2,2,0
5,41,6,2001,1,1,1,2,2,1,4,1,1,1,1,2,1,1,9,6,1,1,33,2,2,0
4,47,10,2001,4,1,1,2,2,1,2,1,1,1,1,1,1,2,9,6,1,1,33,2,2,0
5,47,10,2001,2,1,1,2,2,1,1,1,1,1,1,1,1,1,9,6,1,1,42,2,2,3
7,47,10,2001,2,1,1,2,2,1,1,2,1,1,1,1,1,2,8,6,1,1,27,2,2,0
9,47,10,2001,2,1,1,2,2,1,1,1,1,1,1,3,1,2,13,6,1,1,33,2,2,0
12,47,10,2001,2,1,1,2,2,1,1,1,1,1,1,1,1,2,9,6,1,1,33,2,2,1
1,35,10,2001,3,1,1,2,2,1,1,1,1,1,1,3,1,2,9,6,1,1,33,2,2,0
1,38,9,2001,3,1,1,2,2,1,1,1,1,1,1,1,1,2,9,6,1,1,33,2,2,0
1,38,10,2001,3,1,1,2,2,1,1,1,1,1,1,1,1,2,9,6,1,1,33,2,2,0
1,38,10,2001,2,1,1,2,2,1,2,1,1,1,1,1,1,2,9,6,1,1,33,2,2,0
4,38,10,2001,3,1,1,2,2,1,1,1,1,1,1,3,1,2,7,6,1,1,33,2,2,0
4,38,10,2001,4,1,1,2,2,1,1,2,1,1,1,3,1,2,13,6,1,1,33,2,2,0
6,38,10,2001,2,1,1,2,2,1,1,1,1,1,1,1,1,2,9,6,1,1,33,2,2,0
6,38,10,2001,3,1,1,2,2,1,1,1,1,1,2,3,1,2,14,6,1,1,33,2,2,0
6,38,10,2001,2,1,1,2,2,1,1,1,1,1,1,1,1,2,9,6,1,1,33,2,2,1
1,45,8,2001,2,1,1,2,2,1,1,1,1,1,1,3,1,1,10,6,1,1,33,2,2,1
1,45,9,2001,3,1,1,2,2,1,1,1,1,1,1,1,1,2,9,6,1,1,33,2,2,1
6,45,9,2001,2,1,1,2,2,1,1,1,1,1,1,1,1,2,8,6,1,1,33,2,2,0
6,45,9,2001,2,1,1,2,2,1,1,1,1,1,1,3,1,2,8,6,1,1,38,2,2,1
1,45,10,2001,3,1,1,2,2,1,1,1,1,1,1,2,1,2,8,6,1,1,33,2,2,0
3,37,10,2001,3,1,1,2,2,1,1,1,1,1,1,3,1,2,9,6,1,1,33,2,2,1
1,36,11,2001,2,1,1,2,2,1,1,1,1,1,1,3,1,2,9,6,1,1,33,2,2,3
2,36,11,2001,2,1,1,2,2,1,1,1,1,1,1,1,1,2,12,6,1,1,33,2,2,0
4,36,11,2001,3,1,1,2,2,1,1,1,1,1,1,1,1,2,14,6,1,1,33,2,2,0
4,36,11,2001,1,1,1,2,2,4,4,1,1,1,2,1,1,2,9,6,1,1,33,2,2,0
4,36,11,2001,3,1,1,2,2,1,1,1,1,1,1,1,1,2,9,6,1,1,33,2,2,0
1,38,11,2001,4,1,1,2,2,1,4,1,1,1,1,1,1,2,9,6,1,1,33,2,2,1
1,38,11,2001,2,1,1,2,2,1,1,1,1,1,1,1,1,2,9,6,1,1,33,2,2,0
6,38,11,2001,4,1,1,2,2,1,4,1,1,1,1,1,1,2,19,6,1,1,33,2,2,0
6,38,11,2001,2,1,1,2,2,1,1,2,1,1,1,1,1,2,9,6,1,1,33,2,2,0
7,38,11,2001,4,1,1,2,2,1,4,1,1,1,1,3,1,2,14,6,1,1,33,2,2,0
8,38,11,2001,4,1,1,2,2,1,4,1,1,1,1,3,1,2,10,6,1,1,33,2,2,0
1,45,12,2001,3,1,1,2,2,1,1,1,1,1,1,1,1,2,9,6,1,1,33,2,2,0
6,45,11,2001,2,1,1,2,2,1,2,1,1,1,1,1,1,2,14,6,1,1,33,2,2,0
5,47,11,2001,3,1,1,2,2,1,1,1,1,1,1,1,1,2,9,6,1,1,33,2,2,0
5,47,11,2001,5,2,2,2,2,1,1,1,1,1,1,1,1,2,9,6,1,1,35,2,2,0
7,47,11,2001,3,1,1,2,2,1,1,1,1,1,1,1,1,2,14,6,1,1,33,2,2,0
9,47,11,2001,3,1,1,2,2,1,1,1,1,1,1,1,1,2,14,6,1,1,33,2,2,0
9,47,11,2001,4,1,1,2,2,1,2,1,1,1,1,1,1,2,9,6,1,1,33,2,2,0
9,47,11,2001,2,1,1,2,2,1,1,1,1,1,1,1,1,2,9,6,1,1,33,2,2,0
11,47,11,2001,3,1,1,2,2,1,1,1,1,1,1,3,1,2,9,6,1,1,33,2,2,0
3,43,11,2001,3,1,1,2,2,1,1,1,1,1,1,1,1,1,9,6,1,1,33,2,2,0
6,43,11,2001,4,1,1,2,2,1,4,1,1,1,1,3,1,2,14,6,1,1,33,2,2,0
1,38,12,2001,3,1,1,2,2,1,1,1,1,1,1,1,1,2,9,6,1,1,33,2,2,0
1,38,12,2001,3,1,1,2,2,1,1,1,1,1,1,1,1,2,9,6,1,1,33,2,2,0
1,38,12,2001,3,1,1,2,2,1,1,2,1,1,1,1,1,2,14,6,1,1,33,2,2,0
3,38,12,2001,3,1,1,2,2,1,1,1,1,1,1,1,1,2,9,6,1,1,33,2,2,0
6,38,12,2001,3,1,1,2,2,1,1,1,1,1,1,1,1,2,10,6,1,1,33,2,2,0
8,38,12,2001,2,1,1,2,2,1,1,2,1,1,1,3,1,2,8,6,1,1,33,2,2,0
4,36,12,2001,3,1,1,2,2,1,1,1,1,1,1,1,1,2,9,6,1,1,40,2,2,0
1,39,11,2001,2,1,1,2,2,1,1,1,1,1,1,2,1,2,14,6,1,1,33,2,2,0
1,35,11,2001,2,1,1,2,2,1,1,1,1,1,1,2,1,2,14,6,1,1,33,2,2,0
4,35,11,2001,3,1,1,2,2,1,1,1,1,1,1,1,1,2,9,6,1,1,33,2,2,0
3,35,12,2001,4,1,1,2,2,1,2,1,1,1,1,3,1,2,14,6,1,1,33,2,2,0
4,35,12,2001,2,1,1,2,2,1,1,1,1,1,1,1,1,2,14,6,1,1,33,2,2,0
1,43,12,2001,1,1,1,2,2,1,2,1,1,1,1,3,1,2,6,6,1,1,33,2,2,0
1,43,12,2001,1,1,1,2,2,4,2,1,1,1,1,3,1,2,9,6,1,1,33,2,2,0
2,43,12,2001,3,1,1,2,2,1,1,1,1,1,1,1,1,2,14,6,1,1,33,2,2,1
2,43,12,2001,2,1,1,2,2,1,1,1,1,1,1,1,1,2,8,6,1,1,33,2,2,0
3,43,12,2001,2,1,1,2,2,1,1,1,1,1,1,1,1,2,9,6,1,1,33,2,2,0
5,43,12,2001,2,1,1,2,2,1,1,1,1,1,1,1,1,2,8,3,1,1,33,2,2,0
5,43,12,2001,4,1,1,2,2,1,4,1,1,1,2,3,1,2,9,6,1,1,33,2,2,0
5,43,12,2001,3,1,1,2,2,1,2,1,1,1,1,3,1,2,8,6,1,1,33,2,2,0
6,43,12,2001,4,1,1,2,2,1,2,1,1,1,1,3,1,2,9,6,1,1,33,2,2,0
1,49,5,2001,3,1,1,2,2,1,1,1,1,1,1,2,1,2,4,6,1,1,45,2,2,0
3,49,5,2001,3,1,1,2,2,1,1,1,1,1,1,3,1,2,12,6,1,1,33,2,2,0
1,49,7,2001,4,1,1,2,2,1,4,1,1,1,1,3,1,2,9,6,1,1,33,2,2,0
5,49,7,2001,3,1,1,2,2,1,1,1,1,1,1,3,1,2,9,6,1,1,33,2,2,0
3,49,10,2001,3,1,1,2,2,1,1,1,1,1,1,2,1,2,9,6,1,1,33,2,2,0
3,49,10,2001,3,1,1,2,2,1,1,1,1,1,1,2,1,2,9,6,1,1,33,2,2,1
4,49,10,2001,3,1,1,2,2,1,1,1,1,1,1,3,1,2,9,6,1,1,33,2,2,0
2,49,11,2001,4,1,1,2,2,1,4,1,1,1,1,3,1,2,9,6,1,1,33,2,2,0
5,49,11,2001,3,1,1,2,2,1,1,1,1,1,1,3,1,2,14,6,1,1,33,2,2,0
3,40,10,2001,3,1,1,2,2,2,1,2,2,1,1,1,3,2,14,6,1,1,33,2,2,0
3,40,12,2001,2,1,1,2,2,1,1,1,1,1,1,1,1,2,9,6,1,1,33,2,2,0
3,40,12,2001,3,1,1,2,2,1,2,1,1,1,1,1,1,2,9,6,1,1,33,2,2,1
4,40,10,2001,3,1,1,2,2,1,1,1,1,1,1,3,1,2,14,6,1,1,33,2,2,0
5,40,10,2001,4,1,1,2,2,1,4,1,1,1,1,1,1,2,14,6,1,1,33,2,2,1
6,40,10,2001,3,1,1,2,2,1,1,1,1,1,1,3,1,2,9,6,1,1,33,2,2,0
1,52,10,2001,2,1,1,2,2,1,1,1,1,1,1,2,1,2,10,6,1,1,33,2,2,0
1,52,11,2001,3,1,1,2,2,1,1,1,1,1,1,2,1,1,4,6,1,1,33,2,2,3
4,52,8,2001,3,1,1,2,2,1,1,1,1,1,1,3,1,2,9,6,1,1,33,2,2,0
10,52,8,2001,2,1,1,2,2,1,1,1,1,1,1,3,1,2,6,6,1,1,33,2,2,0
9,52,12,2001,2,1,1,2,2,4,1,4,5,3,2,3,1,2,14,6,1,1,33,2,2,0
5,37,12,2001,2,1,1,2,2,1,1,1,1,1,1,3,1,2,4,6,1,1,33,2,2,0
5,37,12,2001,3,1,1,2,2,1,1,1,1,1,1,3,1,2,6,6,1,1,33,2,2,0
6,37,12,2001,2,1,1,2,2,1,1,1,1,1,1,3,1,2,9,6,1,1,33,2,2,0
9,50,8,2001,3,1,1,2,2,1,1,1,1,1,1,2,1,2,9,6,1,1,33,2,2,0
12,50,10,2001,2,1,1,2,2,1,1,1,1,1,1,1,1,2,9,6,1,1,33,2,2,1
1,50,10,2001,3,1,1,2,2,1,1,1,1,1,1,1,1,2,14,6,1,1,33,2,2,0
5,50,10,2001,2,1,1,2,2,1,1,1,1,1,1,1,1,2,14,6,1,1,33,2,2,0
9,50,10,2001,2,1,1,2,2,1,1,1,1,2,1,3,1,2,9,6,1,1,33,2,2,0
1,50,11,2001,3,1,1,2,2,1,1,1,1,1,1,1,1,2,6,6,1,1,33,2,2,0
1,50,11,2001,3,1,1,2,2,1,1,1,1,1,1,1,1,2,9,6,1,1,35,2,2,1
1,50,11,2001,1,1,1,2,2,4,4,2,1,1,2,1,4,2,14,6,1,1,28,2,2,0
1,50,11,2001,3,1,1,2,2,1,1,1,1,1,1,1,1,2,14,6,1,1,33,2,2,0
1,50,11,2001,4,1,1,2,2,1,3,1,1,1,1,1,1,1,9,6,1,1,33,2,2,0
8,50,11,2001,3,1,1,2,2,1,1,1,1,1,1,3,1,2,9,6,1,1,33,2,2,0
11,50,11,2001,2,1,1,2,2,1,2,1,1,1,1,2,1,1,9,6,1,1,33,2,2,0
12,50,11,2001,2,1,1,2,2,1,1,1,1,1,1,1,1,2,9,6,1,1,33,2,2,0
1,50,12,2001,2,1,1,2,2,1,1,1,1,1,1,1,1,2,10,6,1,1,33,2,2,0
4,50,12,2001,2,1,1,2,2,1,1,1,1,1,1,3,1,2,9,6,1,1,33,2,2,0
5,50,12,2001,2,1,1,2,2,1,1,1,1,1,1,1,1,2,9,6,1,1,33,2,2,0
10,50,12,2001,3,1,1,2,2,1,1,1,1,1,1,1,1,2,9,6,1,1,30,2,2,0
12,50,12,2001,3,1,1,2,2,1,1,1,1,1,2,1,1,2,9,6,1,1,33,2,2,0
1,45,12,2001,2,1,1,2,2,1,1,1,1,1,1,1,1,2,9,6,1,1,33,2,2,1
1,45,12,2001,2,1,1,2,2,1,1,1,1,1,1,2,1,2,7,6,1,1,33,2,2,0
5,45,12,2001,1,1,1,2,2,1,2,1,1,1,1,1,1,2,9,6,1,1,35,2,2,0
1,46,10,2001,2,1,1,2,2,1,1,1,1,1,1,1,1,2,14,6,1,1,33,2,2,0
2,46,11,2001,3,1,1,2,2,1,1,1,1,1,2,1,1,2,9,6,1,1,33,2,2,0
2,46,9,2001,2,1,1,2,2,1,2,2,1,1,1,1,2,2,14,6,1,1,33,2,2,0
3,46,5,2001,4,1,1,2,2,1,3,1,1,1,1,3,1,2,14,6,1,1,33,2,2,0
3,46,6,2001,3,1,1,2,2,1,1,1,1,1,1,3,1,2,14,6,1,1,33,2,2,0
3,46,7,2001,2,1,1,2,2,1,1,1,1,1,1,3,1,2,9,6,1,1,33,2,2,0
3,46,8,2001,2,1,1,2,2,1,1,1,1,1,1,3,1,2,9,6,1,1,33,2,2,0
4,46,3,2001,2,1,1,2,2,1,1,1,1,1,1,3,1,2,6,6,1,1,33,2,2,0
4,46,4,2001,2,1,1,2,2,1,1,1,1,1,1,3,1,2,6,6,1,1,33,2,2,0
5,46,5,2001,3,1,1,2,2,1,1,1,1,1,1,1,1,2,9,6,1,1,33,2,2,0
5,46,10,2001,2,1,1,2,2,1,1,1,1,1,1,3,1,2,9,6,1,1,33,2,2,0
3,47,12,2001,2,1,1,2,2,4,2,1,1,1,1,3,1,2,14,6,1,1,34,2,2,0
4,47,12,2001,3,1,1,2,2,1,2,1,1,1,1,1,1,2,9,6,1,1,39,2,2,0
5,47,12,2001,3,1,1,2,2,1,1,1,1,1,1,1,1,2,9,6,1,1,33,2,2,0
6,47,12,2001,3,1,1,2,2,1,1,1,1,1,1,3,1,2,9,6,1,1,33,2,2,0
9,47,12,2001,3,1,1,2,2,1,1,1,1,1,1,1,1,2,9,6,1,1,40,2,2,0
1,48,10,2001,2,1,1,2,2,1,1,1,1,1,1,1,1,2,9,6,1,1,33,2,2,0
1,48,12,2001,2,1,1,2,2,4,2,1,1,1,1,1,1,2,14,6,1,1,33,2,2,0
2,48,9,2001,2,1,1,2,2,1,1,1,1,1,1,3,1,2,9,6,1,1,33,2,2,0
2,48,10,2001,2,1,1,2,2,1,1,1,1,1,1,3,1,2,9,6,1,1,33,2,2,0
1,51,9,2001,2,1,1,2,2,1,1,1,1,1,1,2,1,1,9,6,1,1,45,2,2,0
4,51,8,2001,3,1,1,2,2,1,1,1,1,1,2,2,1,2,9,6,1,1,33,2,2,0
4,51,8,2001,4,1,1,2,2,1,2,1,1,1,1,2,1,2,14,6,1,1,33,2,2,0
4,51,10,2001,3,1,1,2,2,1,1,1,1,1,1,2,1,2,9,6,1,1,33,2,2,0
7,51,6,2001,3,1,1,2,2,1,1,1,1,1,1,3,1,2,4,6,1,1,33,2,2,0
8,51,5,2001,3,1,1,2,2,1,1,1,1,1,1,2,1,2,9,6,1,1,33,2,2,0
8,51,6,2001,3,1,1,2,2,1,1,1,1,1,1,2,1,2,9,6,1,1,33,2,2,0
8,51,6,2001,4,1,1,2,2,1,4,1,1,1,1,2,1,2,9,6,1,1,33,2,2,1
8,51,7,2001,4,1,1,2,2,1,4,1,1,1,1,2,1,2,14,6,1,1,33,2,2,0
8,51,7,2001,2,1,1,2,2,1,1,1,1,1,1,2,1,2,9,6,1,1,33,2,2,0
8,51,10,2001,2,1,1,2,2,1,1,1,1,1,2,3,2,1,14,6,1,1,33,2,2,0
8,51,12,2001,3,1,1,2,2,1,1,1,1,1,1,3,1,2,14,6,1,1,33,2,2,0
9,51,7,2001,2,1,1,2,2,2,1,1,2,1,1,2,1,2,8,6,1,1,33,2,2,0
9,51,9,2001,3,1,1,2,2,1,1,1,1,1,1,2,1,2,14,6,1,1,33,2,2,0
1,44,4,2001,3,1,1,2,2,1,1,1,1,1,1,2,1,1,8,6,1,1,33,2,2,0
4,44,4,2001,2,1,1,2,2,1,1,1,1,1,1,2,1,2,8,6,1,1,33,2,2,0
4,44,4,2001,2,1,1,2,2,1,1,1,1,1,1,2,1,1,8,6,1,1,33,2,2,0
4,44,5,2001,2,1,1,2,2,1,2,1,1,1,1,2,1,2,8,6,1,1,33,2,2,0
5,44,4,2001,2,1,1,1,2,1,2,1,1,1,1,1,1,2,14,6,1,1,33,2,2,0
5,44,5,2001,2,1,1,2,2,1,1,1,1,1,1,1,1,2,12,6,1,1,33,2,2,0
6,44,4,2001,3,1,1,2,2,1,1,1,1,1,1,3,1,2,9,6,1,1,33,2,2,0
6,44,4,2001,3,1,1,2,2,1,1,1,1,1,1,1,1,2,14,6,1,1,33,2,2,0
6,44,4,2001,3,1,1,2,2,1,1,1,1,1,1,1,1,2,9,6,1,1,33,2,2,0
6,44,5,2001,4,1,1,2,2,1,4,1,1,1,1,1,1,2,9,6,1,1,33,2,2,0
6,44,5,2001,4,1,1,2,2,2,2,1,2,1,1,1,1,2,8,6,1,1,33,2,2,0
6,44,6,2001,2,1,1,2,2,1,2,1,1,1,1,1,1,2,9,6,1,1,33,2,2,0
6,44,7,2001,4,1,1,2,2,1,4,1,1,1,1,3,1,2,6,6,1,1,33,2,2,0
6,44,9,2001,2,1,1,2,2,1,4,1,1,1,1,1,1,2,14,6,1,1,33,2,2,0
6,44,9,2001,1,1,1,2,2,1,4,1,1,1,1,1,1,2,14,6,1,1,33,2,2,0
7,44,5,2001,3,1,1,2,2,1,1,1,1,1,1,1,1,2,14,6,1,1,33,2,2,0
7,44,8,2001,3,1,1,2,2,1,1,1,1,1,1,1,1,2,9,6,1,1,33,2,2,0
7,44,10,2001,4,1,1,2,2,1,2,1,1,1,1,1,1,2,9,6,1,1,33,2,2,0
5,44,12,2001,4,1,1,2,2,4,4,1,1,1,3,1,1,2,14,6,1,1,33,2,2,0
3,38,12,2001,3,1,1,2,2,1,1,1,1,1,1,1,1,2,10,6,1,1,33,2,2,1
3,39,12,2001,3,1,1,2,2,1,1,1,1,1,1,1,1,2,9,6,1,1,33,2,2,0
3,51,11,2001,3,1,1,2,2,1,1,1,1,1,1,3,1,2,4,6,1,1,33,2,2,1
13,50,12,2001,3,1,1,2,2,1,1,1,1,1,1,3,1,2,8,6,1,1,33,2,2,1
3,44,12,2001,2,1,1,2,2,1,1,1,1,1,1,1,1,2,9,6,1,1,33,2,2,0
3,44,12,2001,2,1,1,2,2,1,1,1,1,1,1,3,1,2,9,6,1,1,33,2,2,1
3,44,12,2001,4,1,1,2,2,1,1,1,1,1,1,1,1,2,9,6,1,2,33,2,2,1
5,44,12,2001,3,1,1,2,2,1,1,1,1,1,1,1,1,2,7,6,1,1,33,2,2,1
5,44,12,2001,2,1,1,2,2,1,1,1,1,1,1,3,1,2,14,6,1,1,33,2,2,0
6,44,12,2001,2,1,1,2,2,1,1,1,1,1,1,1,1,2,9,6,1,1,33,2,2,0
6,44,12,2001,3,1,1,2,2,1,1,1,1,1,1,3,1,2,9,6,1,1,33,2,2,0
7,44,12,2001,3,1,1,2,2,1,1,1,1,1,1,1,1,2,9,6,1,1,33,2,2,0
7,44,12,2001,1,1,1,2,2,1,2,1,1,1,1,1,1,2,9,6,1,1,33,2,2,0
7,44,12,2001,3,1,1,2,2,1,1,1,1,1,1,1,1,2,4,6,1,1,33,2,2,0
1,40,11,2001,2,1,1,2,2,1,2,1,1,1,1,1,1,2,14,6,1,1,33,2,2,0
3,40,11,2001,3,1,1,2,2,1,1,1,1,1,1,1,1,2,9,6,1,1,33,2,2,0
6,40,11,2001,2,1,1,2,2,1,1,1,1,1,1,1,1,1,13,6,1,1,33,2,2,0
6,40,11,2001,2,1,1,2,2,1,2,1,1,1,1,1,1,2,13,6,1,1,33,2,2,0
6,40,11,2001,3,1,1,2,2,1,1,1,1,1,1,1,1,2,14,6,1,1,33,2,2,0
2,46,11,2001,1,1,1,2,2,1,2,1,1,1,2,1,3,2,9,6,1,1,33,2,2,0
2,46,11,2001,3,1,1,2,2,1,1,1,1,1,1,1,1,2,14,6,1,1,33,2,2,3
4,46,11,2001,3,1,1,2,2,1,1,1,1,1,1,3,1,2,8,6,1,1,33,2,2,0
4,46,11,2001,2,1,1,2,2,1,1,1,1,1,1,3,1,2,8,6,1,1,33,2,2,0
21,42,1,2001,1,1,1,2,1,1,2,1,1,1,1,5,1,1,19,6,1,2,33,1,0,0
16,42,1,2001,2,3,6,2,1,1,1,1,1,1,1,5,1,1,5,6,1,1,42,2,2,1
16,42,1,2001,2,2,3,2,1,1,1,1,1,1,1,5,1,1,9,6,1,7,33,2,2,0
16,42,1,2001,3,1,1,2,1,1,1,1,1,1,1,5,1,1,9,6,1,7,33,2,2,1
16,42,1,2001,2,3,4,2,1,1,1,1,1,1,1,5,1,1,9,6,1,2,33,1,2,0
2,42,1,2001,2,1,6,2,1,1,1,1,1,1,1,5,1,1,14,6,1,2,33,2,2,1
2,42,1,2001,4,1,1,2,1,1,3,1,1,1,1,5,1,1,7,6,1,2,33,2,2,2
2,42,1,2001,2,1,1,2,1,1,1,1,1,1,1,5,1,1,9,6,1,2,33,1,2,0
2,42,1,2001,2,1,1,2,1,1,1,1,1,1,1,5,1,1,6,6,1,3,26,2,2,1
2,42,1,2001,3,1,1,2,2,1,1,1,1,1,1,5,1,1,14,6,1,2,33,2,2,2
2,42,1,2001,3,1,1,2,1,1,1,1,1,1,1,5,1,1,9,6,1,2,33,2,2,2
2,42,1,2001,2,2,4,2,1,1,2,1,1,1,1,5,1,1,14,6,1,2,33,2,2,1
2,42,1,2001,2,1,1,2,1,1,1,1,1,1,1,5,1,1,14,6,1,1,33,2,2,2
2,42,1,2001,3,1,1,2,1,1,1,1,1,1,1,5,1,1,5,6,1,2,30,2,2,1
4,42,1,2001,2,1,1,1,2,1,1,1,1,1,1,5,1,1,9,5,1,2,33,2,2,2
4,42,1,2001,2,3,4,1,2,1,1,1,1,1,1,5,1,1,9,5,1,1,33,1,2,2
4,42,2,2001,2,1,1,2,2,1,1,1,1,1,1,5,1,1,9,6,1,2,18,2,2,0
14,42,1,2001,4,3,4,2,1,1,2,1,1,1,1,5,1,1,5,6,1,1,33,2,2,1
14,42,1,2001,3,3,4,2,1,1,1,1,1,1,1,5,1,1,8,6,1,2,33,2,2,2
14,42,1,2001,1,2,1,2,1,1,2,1,1,1,1,5,1,1,12,6,1,2,33,1,2,0
9,42,1,2001,2,3,1,2,1,1,2,1,1,1,1,5,1,1,8,6,1,2,33,1,2,2
9,42,1,2001,2,5,4,2,1,1,1,1,1,1,1,5,1,1,9,6,1,2,33,2,2,1
9,42,1,2001,3,3,6,2,1,1,1,1,1,1,1,5,1,1,7,6,1,1,33,2,2,1
9,42,1,2001,3,3,4,2,1,1,1,1,1,1,1,5,1,1,7,6,1,2,33,1,2,0
9,42,1,2001,2,3,6,1,1,1,1,1,1,1,1,5,1,1,8,6,1,2,33,1,2,0
9,42,1,2001,3,1,1,2,1,1,1,1,1,1,1,5,1,1,19,6,1,2,33,1,2,1
9,42,1,2001,4,1,1,1,2,1,3,1,1,1,1,5,1,1,10,6,1,2,33,1,2,1
9,42,1,2001,1,1,1,2,1,1,3,1,1,1,1,5,1,1,14,6,1,2,33,1,2,0
9,42,1,2001,2,5,6,2,1,1,1,1,1,1,1,5,1,1,9,5,1,1,33,2,2,2
9,42,1,2001,1,1,1,2,1,1,3,1,1,1,1,5,1,1,6,6,2,2,33,2,2,0
9,42,2,2001,3,1,1,2,1,1,1,1,1,1,1,5,1,1,9,6,1,2,33,1,2,2
9,42,2,2001,4,2,6,2,1,1,3,1,1,1,1,5,1,1,9,6,1,2,33,1,2,2
9,42,2,2001,4,1,1,2,2,1,3,1,1,1,1,5,1,1,9,6,1,1,35,2,2,0
16,42,3,2001,2,2,5,2,1,1,2,1,1,1,1,5,1,1,14,6,1,2,33,1,2,0
16,42,3,2001,4,2,6,2,1,1,3,1,1,1,1,5,1,1,14,6,1,2,33,1,2,0
16,42,3,2001,1,2,5,2,1,1,2,1,1,1,1,5,1,1,8,2,1,1,33,2,2,0
16,42,3,2001,1,3,5,2,1,1,2,1,1,1,1,5,1,1,14,6,1,2,33,1,2,0
16,42,3,2001,4,2,5,2,1,1,3,1,1,1,1,5,1,1,14,6,1,2,33,1,2,0
18,42,1,2001,5,1,1,2,1,1,3,1,1,1,1,5,1,1,14,6,1,2,33,2,2,1
18,42,4,2001,1,6,2,1,1,1,2,1,1,1,1,5,1,1,10,6,1,3,30,2,2,2
21,42,3,2001,2,1,1,2,1,1,1,1,1,1,1,5,1,1,14,6,1,2,33,2,2,0
21,42,3,2001,1,1,1,2,1,1,4,1,1,1,1,5,1,1,14,6,1,2,33,2,2,0
14,42,2,2001,3,1,1,2,1,1,1,1,1,1,1,5,1,1,14,6,2,2,41,2,2,1
14,42,2,2001,3,1,1,2,2,1,1,1,1,1,1,5,1,1,19,6,1,2,33,1,0,0
14,42,2,2001,1,3,4,2,1,1,3,1,1,1,1,5,1,1,10,6,1,2,33,1,0,0
14,42,2,2001,3,6,4,2,1,1,1,1,1,1,1,5,1,1,9,6,2,2,30,1,2,1
14,42,2,2001,4,3,4,2,1,1,3,1,1,1,1,5,1,1,5,6,1,1,25,2,2,1
14,42,2,2001,3,1,1,2,1,1,1,1,1,1,1,5,1,1,10,6,1,2,33,1,2,1
14,42,2,2001,1,3,4,2,1,1,2,1,1,1,1,5,1,1,9,6,1,2,33,2,2,1
14,42,4,2001,2,1,1,2,1,1,2,1,1,1,1,5,1,1,12,6,1,2,28,2,2,1
14,42,4,2001,1,3,1,2,1,1,2,1,1,1,1,5,1,1,9,6,1,2,33,2,2,1
2,42,2,2001,1,2,2,2,1,1,2,1,1,1,1,5,1,1,14,6,1,2,40,2,2,1
2,42,2,2001,4,1,1,2,1,1,3,1,1,1,1,5,1,1,14,6,2,1,35,2,2,0
2,42,3,2001,1,1,4,1,1,1,3,1,1,1,1,5,1,1,14,5,1,1,30,2,2,3
2,42,3,2001,3,1,1,2,1,1,1,1,1,1,1,5,1,1,9,6,1,2,33,1,2,3
2,42,3,2001,3,1,4,2,1,1,1,1,1,1,1,5,1,1,8,2,1,2,32,2,2,0
2,42,3,2001,4,3,4,2,1,1,4,1,1,1,1,5,1,1,14,2,1,1,28,2,2,0
2,42,4,2001,3,1,1,2,1,1,1,1,1,1,1,5,1,1,5,6,1,7,30,1,2,1
2,42,4,2001,3,1,1,2,1,1,1,1,1,1,1,5,1,1,6,6,1,2,22,2,2,2
6,42,1,2001,4,1,1,2,1,1,3,1,1,1,1,5,1,1,8,6,1,1,33,2,2,1
6,42,1,2001,2,1,1,2,1,1,1,1,1,1,1,5,1,1,14,6,1,1,33,2,2,0
6,42,1,2001,2,1,1,2,2,1,1,1,1,1,1,5,1,1,14,6,1,2,33,1,2,0
6,42,1,2001,3,1,1,2,2,1,1,1,1,1,1,5,1,1,9,5,1,2,33,1,2,2
6,42,1,2001,3,1,1,2,1,1,1,1,1,1,1,5,1,1,14,6,1,2,33,1,2,0
6,42,1,2001,2,1,1,2,2,1,1,1,1,1,1,5,1,1,19,6,1,2,33,1,2,0
6,42,1,2001,4,1,1,2,1,1,3,1,1,1,1,5,1,1,19,6,1,2,33,1,0,0
6,42,1,2001,4,1,1,2,1,1,2,1,1,1,1,5,1,1,9,6,1,2,33,1,2,0
6,42,1,2001,4,1,1,2,1,1,3,1,1,1,1,5,1,1,13,6,1,2,33,2,2,0
6,42,1,2001,4,1,1,2,1,1,3,1,1,1,1,5,1,1,19,6,1,2,33,1,0,0
6,42,1,2001,4,1,1,1,1,1,2,1,1,1,1,5,1,1,9,6,1,2,33,1,0,0