Thana,District,Month,Year,Time,Junction_Type,Traffic_Control,Movement,Divider,Weather,Light,Road_Geometry,Surface_Condition,Surface_Type,Surface_Quality,Road_Class,Road_Feature,Location_Type,Vehicle_Type,Vehicle_Movement,Vehicle_Loading,Vehicle_Defect,Vehicle_Driver_Age,Vehicle_Alcohol,Vehicle_Seat_Belt,Accident_Severity
6,42,1,2001,3,1,1,2,2,1,2,1,1,1,1,5,1,1,9,6,1,2,33,2,2,1
6,42,1,2001,1,1,1,2,2,1,3,1,1,1,1,5,1,1,19,6,1,2,33,1,0,0
9,42,3,2001,2,1,1,2,1,1,1,1,1,1,1,5,1,1,19,6,1,2,33,1,0,0
9,42,3,2001,2,3,4,2,1,1,1,1,1,1,1,5,1,1,9,6,2,3,33,2,2,1
9,42,3,2001,2,2,6,2,2,1,1,1,1,1,1,5,1,1,8,6,2,3,33,2,2,1
9,42,3,2001,2,2,6,2,1,1,1,1,1,1,1,5,1,1,7,6,1,3,33,2,2,0
9,42,3,2001,2,3,6,2,1,1,1,1,1,1,1,5,1,1,8,6,1,2,33,1,2,0
9,42,3,2001,4,5,6,2,1,1,3,1,1,1,1,5,1,1,14,6,1,2,33,1,0,2
9,42,3,2001,2,1,1,2,2,1,1,1,1,1,1,5,1,1,14,6,1,2,30,2,2,1
9,42,3,2001,2,1,1,2,1,1,1,1,1,1,1,5,1,1,9,6,1,2,33,2,2,1
9,42,3,2001,2,1,1,2,1,1,1,1,1,1,1,5,1,1,9,6,1,2,33,2,2,0
9,42,4,2001,4,1,1,2,1,1,2,1,1,1,1,5,1,1,9,6,1,2,33,2,2,0
9,42,4,2001,4,1,1,2,1,1,3,1,1,1,1,5,1,1,14,6,1,2,35,2,2,2
9,42,4,2001,4,3,6,2,1,1,3,1,1,1,1,5,1,1,14,6,1,2,33,2,2,3
15,42,1,2001,3,1,1,1,1,1,1,1,1,1,1,5,1,1,4,6,1,1,33,2,2,1
15,42,2,2001,1,1,1,1,1,1,2,1,1,1,1,5,1,1,14,6,1,1,33,1,2,0
15,42,3,2001,2,1,1,1,1,1,1,1,1,1,1,5,1,1,7,7,1,1,27,1,2,0
15,42,3,2001,1,1,1,1,2,1,2,1,1,1,1,5,1,1,6,6,2,2,33,1,2,0
15,42,4,2001,1,3,1,1,2,1,3,1,1,1,1,5,1,1,14,6,1,1,33,1,2,3
10,42,1,2001,2,3,4,2,1,1,1,1,1,1,1,5,1,1,14,6,1,2,28,1,2,2
10,42,1,2001,4,1,1,2,2,1,3,1,1,1,1,5,1,1,14,6,1,2,33,1,2,1
10,42,1,2001,2,3,3,2,1,1,2,1,1,1,1,5,1,1,14,6,1,2,33,1,2,1
10,42,2,2001,2,3,3,2,1,1,1,1,1,1,1,5,1,1,8,6,1,2,33,2,2,0
10,42,2,2001,1,1,1,2,1,1,3,1,1,1,1,5,1,1,14,6,1,2,33,2,2,3
10,42,2,2001,1,1,1,1,1,1,2,1,1,1,1,5,1,1,6,6,1,2,30,2,2,1
10,42,2,2001,4,3,1,2,1,1,3,1,1,1,1,5,1,1,12,6,1,2,33,1,2,2
10,42,3,2001,1,1,1,2,1,1,3,1,1,1,1,5,1,1,14,6,1,2,33,1,0,0
10,42,4,2001,3,1,1,2,1,1,1,1,1,1,1,5,1,1,4,6,1,2,33,2,1,0
10,42,4,2001,3,7,1,1,1,1,1,1,1,1,1,5,1,1,8,6,1,2,33,1,2,2
10,42,4,2001,4,1,1,2,1,1,3,1,1,1,1,5,1,1,14,6,1,2,33,1,2,2
10,42,3,2001,3,3,4,2,1,1,1,1,1,1,1,5,1,1,8,6,2,1,33,1,2,2
10,42,4,2001,1,1,1,2,1,1,2,1,1,1,1,5,1,1,14,6,1,2,33,1,0,0
3,42,3,2001,4,1,1,2,1,1,2,1,1,1,1,5,1,1,6,6,1,1,33,2,2,3
3,42,5,2001,3,3,4,2,1,1,1,1,1,1,1,5,1,1,8,6,1,1,33,1,2,1
12,42,2,2001,2,1,1,2,1,1,1,1,1,1,1,5,1,1,8,6,1,1,33,2,2,2
12,42,2,2001,2,1,1,2,1,1,2,1,1,1,1,5,1,1,19,6,1,2,33,1,0,0
12,42,2,2001,1,1,1,2,1,1,2,1,1,1,1,5,1,1,19,6,1,2,33,1,0,0
12,42,3,2001,1,3,1,2,1,1,3,1,1,1,1,5,1,1,14,6,1,2,33,1,0,0
12,42,3,2001,2,1,1,2,1,1,1,1,1,1,1,5,1,1,10,6,1,2,33,1,0,0
12,42,3,2001,4,1,1,2,1,1,3,1,1,1,1,5,1,1,9,6,1,2,33,2,2,0
12,42,3,2001,3,1,1,2,1,1,2,1,1,1,1,5,1,1,9,6,1,1,33,2,2,1
12,42,3,2001,2,1,1,1,1,1,1,1,1,1,1,5,1,1,7,6,1,2,33,1,2,0
12,42,3,2001,4,1,2,1,1,1,3,1,1,1,1,5,1,1,14,6,1,2,33,2,2,0
12,42,3,2001,1,1,1,2,1,1,3,1,1,1,1,5,1,1,14,6,1,2,1,1,0,0
12,42,3,2001,4,1,6,2,1,1,3,1,1,1,1,5,1,1,14,6,1,2,33,1,2,2
12,42,4,2001,2,3,1,2,1,1,2,1,1,1,1,5,1,1,6,6,1,2,33,2,2,0
12,42,4,2001,2,1,1,2,1,1,1,1,1,1,1,5,1,1,14,6,1,2,42,2,2,1
12,42,4,2001,3,1,1,2,1,1,1,1,1,1,1,5,1,1,9,6,1,2,33,2,2,0
16,42,4,2001,1,1,1,2,1,1,3,1,1,1,1,5,1,1,14,6,1,7,33,1,2,0
16,42,4,2001,4,1,4,2,1,2,3,1,2,1,1,5,1,1,14,6,1,7,33,1,2,0
16,42,4,2001,3,1,4,2,1,1,1,1,1,1,1,5,1,1,9,6,1,7,33,1,2,1
16,42,4,2001,1,1,5,2,1,1,2,1,1,1,1,5,1,1,19,6,1,2,33,2,2,0
16,42,5,2001,3,3,5,2,1,1,1,1,1,1,1,5,1,1,9,6,1,7,33,1,2,0
16,42,5,2001,3,1,5,2,1,1,1,1,1,1,1,5,1,1,9,6,1,7,33,1,2,1
16,42,5,2001,3,1,5,2,1,1,1,1,1,1,1,5,1,1,9,6,1,7,33,1,2,1
16,42,5,2001,4,1,5,2,1,1,2,1,1,1,1,5,1,1,9,6,1,4,33,1,2,1
16,42,5,2001,2,1,5,2,1,1,2,1,1,1,1,5,1,1,14,6,1,7,33,1,2,1
16,42,5,2001,2,1,5,2,1,1,1,1,1,1,1,5,1,1,9,6,1,7,33,2,2,0
16,42,5,2001,4,1,5,2,1,1,3,1,1,1,1,5,1,1,10,6,1,7,33,2,2,0
16,42,5,2001,3,1,5,2,1,1,1,1,1,1,1,5,1,1,12,6,1,2,33,1,2,1
11,42,1,2001,2,3,8,2,1,1,1,1,1,1,1,5,1,1,8,6,2,1,33,2,2,1
11,42,1,2001,1,1,1,2,1,1,2,1,1,1,1,5,1,1,13,6,1,3,20,2,2,0
11,42,1,2001,1,5,5,2,1,1,3,1,1,1,1,5,1,1,14,6,1,1,33,1,2,0
11,42,1,2001,3,1,1,2,1,1,1,1,1,1,1,5,1,1,8,6,2,1,33,2,2,0
11,42,2,2001,5,5,3,1,1,1,1,1,1,1,1,5,1,1,8,6,1,3,20,2,2,2
11,42,2,2001,3,1,1,2,1,1,1,1,1,1,1,5,1,1,10,6,1,7,33,2,2,1
11,42,2,2001,4,1,1,2,1,1,3,1,1,1,1,5,1,1,8,6,1,7,35,2,2,1
11,42,3,2001,2,1,1,2,1,1,1,1,1,1,1,5,1,1,8,6,1,2,33,2,2,1
11,42,3,2001,1,1,5,2,1,1,3,1,1,1,1,5,1,1,8,9,1,2,33,2,2,2
11,42,3,2001,2,1,1,2,1,1,1,1,1,1,1,5,1,1,9,6,1,2,33,2,2,0
11,42,4,2001,2,2,6,2,1,1,1,1,1,1,1,5,1,1,8,6,1,2,33,2,2,0
11,42,4,2001,1,5,5,2,1,1,3,1,1,1,1,5,1,1,14,6,1,2,33,1,2,2
11,42,4,2001,4,1,4,2,1,1,3,1,1,1,1,5,1,1,19,6,1,2,33,1,0,0
11,42,4,2001,4,3,5,2,1,1,3,1,1,1,1,5,1,1,14,5,1,2,33,1,2,2
11,42,5,2001,2,1,4,2,1,1,1,1,1,1,1,5,1,1,5,6,1,1,33,2,2,0
11,42,5,2001,3,1,1,2,1,1,1,1,1,1,1,5,1,1,14,6,1,2,33,2,2,0
11,42,5,2001,2,1,1,2,1,1,1,1,1,1,1,5,1,1,14,6,1,2,33,2,2,0
16,42,6,2001,1,7,5,1,1,1,3,1,1,1,1,5,1,1,19,6,1,2,33,1,0,0
16,42,6,2001,1,7,5,2,1,1,3,1,1,1,1,5,1,1,10,6,1,2,33,1,2,0
16,42,6,2001,2,7,5,2,1,1,2,1,1,1,1,5,1,1,12,6,1,1,33,2,2,0
16,42,6,2001,2,1,4,2,1,1,1,1,1,1,1,5,1,1,19,6,1,2,33,1,0,1
21,42,5,2001,2,1,1,2,1,1,1,1,1,1,1,5,1,1,9,6,2,3,38,1,2,1
21,42,5,2001,2,1,1,2,1,1,1,1,1,1,1,5,1,1,14,6,2,1,33,1,2,1
21,42,6,2001,2,1,4,2,1,1,1,1,1,1,1,5,1,1,10,6,1,2,33,1,0,0
21,42,6,2001,1,1,1,2,1,1,3,1,1,1,1,5,1,1,14,6,2,2,33,2,2,0
1,42,1,2001,2,3,6,2,1,1,2,1,1,1,1,5,1,1,9,2,1,2,29,2,2,2
1,42,1,2001,3,2,4,2,2,1,1,1,1,1,1,5,1,1,10,6,1,1,40,2,2,1
1,42,1,2001,3,1,1,2,2,1,1,1,1,1,1,5,1,1,8,6,2,1,33,2,2,1
1,42,1,2001,4,2,6,2,1,1,3,1,1,1,1,5,1,1,9,2,1,1,33,2,2,0
1,42,1,2001,1,1,1,2,2,1,3,1,1,1,1,5,1,1,19,6,1,2,33,1,0,0
1,42,1,2001,3,1,1,2,1,1,1,1,1,1,1,5,1,1,10,6,1,1,33,2,2,1
1,42,2,2001,3,2,6,2,1,1,1,1,1,1,1,5,1,1,19,7,1,2,33,2,2,1
1,42,2,2001,3,1,1,2,1,1,1,1,1,1,1,5,1,1,7,6,1,2,33,2,2,1
1,42,2,2001,3,1,1,2,1,1,1,1,1,1,1,5,1,1,8,6,1,3,33,2,2,1
1,42,3,2001,4,1,1,2,1,1,3,1,1,1,1,5,1,1,9,6,1,1,33,2,2,0
1,42,3,2001,4,2,6,2,1,1,3,1,1,1,1,5,1,1,14,6,1,2,33,2,2,2
1,42,3,2001,2,1,1,2,1,1,1,1,1,1,1,5,1,1,8,6,1,1,33,2,2,0
1,42,3,2001,2,2,6,2,1,1,1,1,1,1,1,5,1,1,8,6,1,1,33,1,2,2
1,42,3,2001,2,3,4,2,1,1,1,1,1,1,1,5,1,1,9,6,1,1,33,2,2,1
1,42,3,2001,2,2,6,2,1,1,1,1,1,1,1,5,1,1,8,6,1,3,33,2,2,1
1,42,3,2001,4,2,6,2,1,1,3,1,1,1,1,5,1,1,14,6,2,3,33,1,2,2
1,42,3,2001,3,1,1,2,1,1,1,1,1,1,1,5,1,1,8,6,1,1,33,2,2,1
1,42,4,2001,3,2,6,2,1,1,1,1,1,1,1,5,1,1,10,6,1,3,33,2,2,1
1,42,4,2001,3,1,1,1,2,1,1,1,1,1,1,5,1,1,10,6,1,1,33,2,2,1
1,42,5,2001,3,1,1,2,2,1,1,1,1,1,1,5,1,1,8,6,1,1,22,2,2,1
1,42,5,2001,4,1,1,2,1,1,3,1,1,1,1,5,1,1,14,6,1,1,33,2,2,1
1,42,5,2001,1,2,6,2,1,1,3,1,1,1,1,5,1,1,14,6,1,1,33,2,2,2
1,42,5,2001,1,1,1,2,1,1,3,1,1,1,1,5,1,1,8,6,1,1,33,2,2,1
1,42,5,2001,3,1,1,2,1,1,1,1,1,1,1,5,1,1,9,6,1,1,26,2,2,1
1,42,5,2001,4,1,1,2,1,1,3,1,1,1,1,5,1,1,14,6,1,1,28,1,2,1
1,42,5,2001,1,1,1,2,1,1,2,1,1,1,1,5,1,1,14,3,1,1,33,2,2,1
1,42,5,2001,2,1,1,2,1,1,1,2,1,1,1,5,1,1,5,6,1,1,33,2,2,1
1,42,5,2001,3,1,1,2,1,1,1,1,1,1,1,5,1,1,9,6,1,1,33,2,2,2
5,42,2,2001,2,1,1,2,1,1,1,1,1,1,1,5,1,1,10,3,1,3,27,2,2,1
5,42,3,2001,3,3,4,2,1,1,1,1,1,1,1,5,1,1,14,6,1,2,33,1,0,1
5,42,5,2001,2,2,6,2,1,1,1,1,1,1,1,5,1,1,9,6,1,7,33,2,2,0
5,42,5,2001,2,3,4,2,1,1,1,1,1,1,1,5,1,1,14,2,2,7,30,2,2,1
5,42,7,2001,1,2,4,2,1,1,3,1,1,1,1,5,1,1,14,6,1,7,28,2,2,0
5,42,7,2001,4,2,4,2,2,1,3,1,1,1,1,5,1,1,14,6,2,7,33,2,2,1
16,42,7,2001,3,1,6,2,1,1,1,1,1,1,1,5,1,1,9,6,1,1,33,2,2,1
16,42,7,2001,2,3,5,2,1,1,2,1,1,1,1,5,1,1,9,11,1,1,33,2,2,2
16,42,7,2001,1,1,6,1,2,1,3,1,1,1,1,5,1,1,14,6,1,7,33,1,2,0
16,42,7,2001,3,1,6,1,1,1,1,1,1,1,1,5,1,1,19,6,1,7,33,1,2,0
18,42,5,2001,3,1,1,2,1,1,1,1,1,1,1,5,1,1,14,6,2,2,33,1,2,1
18,42,5,2001,4,7,1,2,1,1,3,1,1,1,1,5,1,1,8,6,1,1,35,2,2,0
18,42,7,2001,1,1,1,2,1,1,3,1,1,1,1,5,1,1,14,6,1,2,40,1,2,2
1,42,6,2001,2,1,1,2,1,1,2,1,1,1,1,5,1,1,19,6,1,7,33,1,0,0
1,42,5,2001,2,5,1,1,1,1,1,1,1,1,1,5,1,1,9,6,1,7,33,1,2,1
1,42,6,2001,1,2,6,2,1,1,3,1,1,1,1,5,1,1,19,6,1,2,33,1,0,0
1,42,7,2001,1,1,1,2,1,1,3,1,1,1,1,5,1,1,8,6,1,1,33,1,2,1
1,42,7,2001,1,1,1,2,1,1,2,1,1,1,1,5,1,1,9,6,2,3,30,2,2,3
14,42,6,2001,4,1,1,2,1,1,3,1,1,1,1,5,1,1,14,6,1,7,33,1,2,0
14,42,5,2001,1,1,1,2,2,1,2,1,1,1,1,5,1,1,9,6,2,7,33,1,2,0
14,42,6,2001,2,1,1,2,2,1,1,1,1,1,1,5,1,1,9,6,2,3,33,1,2,0
14,42,6,2001,2,2,6,2,1,1,1,1,1,1,1,5,1,1,14,6,2,1,28,1,2,0
14,42,7,2001,4,1,1,2,2,1,3,1,1,1,1,5,1,1,9,6,1,7,35,1,2,1
14,42,7,2001,2,1,1,2,1,1,2,1,1,1,1,5,1,1,9,6,1,7,33,1,2,0
14,42,7,2001,3,2,4,2,1,1,1,1,1,1,1,5,1,1,19,6,1,1,23,2,2,0
14,42,7,2001,2,3,4,2,1,1,1,1,1,1,1,5,1,1,9,6,1,2,33,1,2,0
9,42,5,2001,2,7,6,1,1,1,1,1,1,1,1,5,1,1,14,5,1,2,25,2,2,2
9,42,5,2001,4,1,1,2,1,1,3,1,1,1,1,5,1,1,8,6,1,2,33,1,2,1
9,42,5,2001,2,5,1,2,1,1,1,1,1,1,1,5,1,1,8,6,1,3,33,2,2,0
9,42,5,2001,3,3,4,2,1,1,1,1,1,1,1,5,1,1,8,6,1,2,33,2,2,1
9,42,5,2001,4,7,2,2,1,1,3,1,1,1,1,5,1,1,9,6,1,3,37,2,2,3
9,42,5,2001,2,1,1,2,1,1,1,1,1,1,1,5,1,1,8,6,2,2,33,2,0,1
9,42,4,2001,2,3,4,2,1,1,1,1,1,1,1,5,1,1,5,6,1,2,33,2,2,1
9,42,5,2001,1,1,1,2,1,1,2,1,1,1,1,5,1,1,6,6,1,2,33,2,2,2
9,42,6,2001,4,5,4,2,1,1,3,1,1,1,1,5,1,1,7,6,1,2,33,1,2,1
9,42,6,2001,3,1,1,2,1,1,1,1,1,1,1,5,1,1,14,6,1,2,27,2,2,1
9,42,6,2001,4,1,1,2,1,1,3,1,1,1,1,5,1,1,9,5,1,2,33,1,2,1
9,42,6,2001,3,5,6,2,1,1,1,1,1,1,1,5,1,1,8,6,1,2,33,1,2,0
9,42,6,2001,1,5,1,2,1,1,3,1,1,1,1,5,1,1,14,6,1,2,45,1,2,2
12,42,5,2001,4,3,4,2,1,1,3,1,1,1,1,5,1,1,14,6,1,2,33,2,2,2
12,42,5,2001,4,1,1,2,1,2,3,1,2,1,1,5,1,1,19,6,1,2,33,1,0,0
12,42,5,2001,2,1,1,2,1,1,1,1,1,1,1,5,1,1,9,6,1,2,25,1,2,0
12,42,5,2001,1,1,1,2,1,1,2,1,1,1,1,5,1,1,9,6,1,2,33,2,2,0
12,42,6,2001,2,3,1,2,1,1,2,1,1,1,1,5,1,1,14,6,1,2,33,1,0,1
12,42,6,2001,1,1,1,2,1,1,2,1,1,1,1,5,1,1,7,6,1,7,33,1,2,1
12,42,7,2001,4,1,1,2,1,1,3,1,1,1,1,5,1,1,14,6,2,2,32,2,2,1
12,42,7,2001,2,3,4,2,1,1,1,1,1,1,1,5,1,1,9,6,1,2,47,1,2,1
12,42,6,2001,2,1,2,1,1,1,1,1,1,1,1,5,1,1,7,6,1,7,33,2,2,0
12,42,7,2001,5,1,1,2,1,1,3,1,1,1,1,5,1,1,9,6,1,2,33,1,2,1
12,42,8,2001,2,3,4,2,1,1,1,1,1,1,1,5,1,1,8,6,2,2,33,1,2,2
12,42,8,2001,2,1,1,2,1,1,1,1,1,1,1,5,1,1,9,6,2,2,33,2,2,2
12,42,8,2001,2,5,4,2,1,1,1,1,1,1,1,5,1,1,9,6,1,1,40,2,2,0
17,42,1,2001,2,1,3,2,1,1,1,1,1,1,1,5,1,1,6,6,1,1,24,2,2,0
17,42,1,2001,2,1,1,2,1,1,2,1,1,1,1,5,1,1,8,6,1,7,33,2,2,0
17,42,1,2001,2,1,1,2,1,1,1,1,1,1,1,5,1,1,8,9,1,1,30,2,2,2
17,42,2,2001,3,1,4,2,1,1,1,1,1,1,1,5,1,1,6,6,1,3,23,1,2,0
17,42,3,2001,5,1,1,2,1,1,3,1,1,1,1,5,1,1,19,6,1,7,33,1,2,0
17,42,3,2001,3,1,3,2,1,1,1,1,1,1,1,5,1,1,10,6,1,2,28,1,2,1
17,42,4,2001,1,1,1,2,1,1,2,1,1,1,1,5,1,1,19,6,1,2,33,1,0,0
17,42,5,2001,2,1,1,2,2,1,1,1,1,1,1,5,1,1,14,6,1,2,45,2,2,0
17,42,6,2001,4,3,4,2,1,1,2,1,1,1,1,5,1,1,4,6,1,2,27,2,2,1
17,42,7,2001,3,1,1,2,1,1,1,1,1,1,1,5,1,1,5,6,1,2,33,2,2,1
17,42,8,2001,3,1,1,2,1,1,1,1,1,1,1,5,1,1,14,6,1,2,33,1,2,0
17,42,8,2001,3,1,1,2,1,1,1,1,1,1,1,5,1,1,11,6,1,2,33,1,0,1
6,42,2,2001,2,3,6,2,1,1,1,1,1,1,1,5,1,1,9,5,2,3,33,2,2,2
6,42,2,2001,3,1,1,2,2,1,1,1,1,1,1,5,1,1,6,6,1,1,33,2,2,0
6,42,2,2001,1,1,1,2,2,1,4,1,1,1,1,5,1,1,14,6,1,2,33,1,0,0
6,42,2,2001,2,1,1,2,1,1,1,1,1,1,1,5,1,1,14,6,1,2,33,2,2,0
6,42,3,2001,2,3,6,2,1,1,1,1,1,1,1,5,1,1,4,6,1,2,33,1,2,0
6,42,3,2001,3,1,1,2,2,1,1,1,1,1,1,5,1,1,9,6,1,2,33,1,2,1
6,42,3,2001,3,1,1,2,2,1,1,1,1,1,1,5,1,1,9,6,1,2,33,2,2,1
6,42,4,2001,3,1,4,2,2,1,1,1,1,1,1,5,1,1,14,6,1,2,33,1,2,2
6,42,4,2001,1,1,1,2,2,1,4,1,1,1,1,5,1,1,9,6,1,2,33,1,2,1
6,42,4,2001,2,1,1,2,1,1,1,1,1,1,1,5,1,1,8,6,1,2,33,1,2,0
6,42,4,2001,1,3,6,2,1,1,2,1,1,1,1,5,1,1,14,6,1,2,33,1,2,0
6,42,4,2001,3,2,6,2,1,1,1,1,1,1,1,5,1,1,9,6,1,2,33,1,2,0
6,42,4,2001,2,1,1,2,1,1,2,1,1,1,1,5,1,1,14,6,1,2,33,1,2,0
6,42,5,2001,2,1,1,2,2,1,1,1,1,1,1,5,1,1,9,6,1,2,33,2,2,0
6,42,5,2001,3,1,1,2,2,1,1,1,1,1,1,5,1,1,9,6,1,2,33,2,2,0
6,42,5,2001,1,1,1,2,2,1,4,1,1,1,1,5,1,1,9,6,1,2,33,2,2,0
6,42,5,2001,2,1,1,2,1,1,1,1,1,1,1,5,1,1,6,6,1,2,33,2,2,0
6,42,6,2001,2,1,1,2,2,1,1,1,1,1,1,5,1,1,10,6,1,2,33,2,2,1
6,42,6,2001,2,1,1,2,1,1,1,1,1,1,1,5,1,1,8,6,1,2,33,2,2,0
6,42,6,2001,1,2,1,2,2,1,3,1,1,1,1,5,1,1,14,6,1,2,33,2,2,0
6,42,6,2001,4,1,4,2,1,1,3,1,1,1,1,5,1,1,9,6,1,2,33,2,2,0
16,42,8,2001,1,1,4,1,1,1,4,1,1,1,1,5,1,1,19,6,1,2,33,1,0,0
16,42,8,2001,2,3,4,2,1,1,1,1,1,1,1,5,1,1,8,6,1,2,33,1,2,0
16,42,9,2001,5,1,5,1,1,1,3,1,1,1,1,5,1,1,19,6,1,2,33,1,0,0
16,42,9,2001,1,7,5,2,1,1,3,1,1,1,1,5,1,1,19,6,1,2,33,1,0,0
16,42,10,2001,3,7,5,2,1,1,1,1,1,1,1,5,1,1,9,6,1,2,33,1,2,1
16,42,10,2001,2,2,5,2,1,1,1,1,1,1,1,5,1,1,19,6,1,2,33,1,0,0
16,42,10,2001,4,1,6,1,1,1,3,1,1,1,1,5,1,1,10,6,1,7,33,1,0,0
16,42,10,2001,3,1,4,2,1,1,1,1,1,1,1,5,1,1,14,6,1,2,33,1,0,0
16,42,10,2001,3,7,5,2,1,1,1,1,1,1,1,5,1,1,14,6,1,2,33,1,2,0
16,42,10,2001,2,1,4,2,1,1,2,1,1,1,1,5,1,1,10,6,1,2,33,1,0,0
2,42,5,2001,2,2,6,2,1,1,1,1,1,1,1,5,1,1,9,6,2,7,33,1,2,0
2,42,5,2001,1,2,1,2,1,1,3,1,1,1,1,5,1,1,14,6,1,2,33,1,2,0
2,42,5,2001,2,1,1,2,1,1,1,1,1,1,1,5,1,1,8,6,1,7,33,1,2,1
2,42,5,2001,1,2,4,2,1,1,2,1,1,1,1,5,1,1,13,6,1,2,33,1,2,1
2,42,6,2001,4,1,1,2,1,1,3,1,1,1,1,5,1,1,9,5,1,2,30,1,2,0
2,42,6,2001,1,1,1,2,1,1,2,1,1,1,1,5,1,1,19,6,1,2,33,1,0,0
2,42,6,2001,2,3,6,2,1,1,1,1,1,1,1,5,1,1,9,6,2,2,28,2,2,1
2,42,6,2001,1,1,1,2,1,1,2,1,1,1,1,5,1,1,8,6,1,7,23,1,2,0
2,42,6,2001,1,4,4,2,1,1,2,1,1,1,1,5,1,1,14,3,1,2,33,1,2,0
2,42,6,2001,2,1,1,2,1,1,2,2,1,1,1,5,1,1,9,6,1,3,30,1,2,2
21,42,9,2001,1,6,1,2,2,1,3,1,1,1,1,5,1,1,14,6,1,2,33,1,2,0
21,42,9,2001,1,1,1,2,2,1,3,1,1,1,1,5,1,1,14,6,1,2,33,1,2,0
21,42,10,2001,4,1,1,2,1,1,3,1,1,1,1,5,1,1,9,6,2,2,33,2,2,0
21,42,10,2001,1,1,1,2,2,1,2,1,1,1,1,5,1,1,14,6,1,2,33,1,2,0
9,42,7,2001,1,1,1,2,1,1,3,1,1,1,1,5,1,1,14,6,1,1,25,2,2,2
9,42,7,2001,1,1,1,2,1,1,2,1,1,1,1,5,1,1,6,6,1,7,33,2,2,0
9,42,7,2001,3,1,1,2,1,1,1,1,1,1,1,5,1,1,5,6,1,1,33,2,2,1
9,42,8,2001,3,1,1,2,1,1,1,1,1,1,1,5,1,1,13,6,1,7,33,2,2,2
9,42,8,2001,4,3,5,2,1,1,3,1,1,1,1,5,1,1,19,6,1,2,33,1,0,0
9,42,8,2001,2,1,1,2,1,1,2,1,1,1,1,5,1,1,14,6,1,7,33,1,2,0
9,42,9,2001,4,1,1,2,1,1,3,1,1,1,1,5,1,1,14,6,1,2,33,2,2,0
9,42,9,2001,4,3,4,2,1,1,3,1,1,1,1,5,1,1,14,6,1,1,33,1,2,1
9,42,9,2001,2,1,1,2,1,1,1,1,1,1,1,5,1,1,19,6,1,2,33,1,2,0
9,42,9,2001,4,1,4,2,1,1,2,1,1,1,1,5,1,1,9,6,1,7,25,2,2,1
9,42,9,2001,2,1,1,2,1,1,1,1,1,1,1,5,1,1,19,6,1,7,33,2,2,1
9,42,9,2001,3,3,4,2,1,1,1,1,1,1,1,5,1,1,10,6,1,2,33,2,2,1
9,42,10,2001,4,1,4,2,1,1,3,1,1,1,1,5,1,1,9,6,1,1,33,1,2,0
9,42,10,2001,2,1,1,2,1,1,1,1,1,1,1,5,1,1,19,6,1,2,33,1,0,0
9,42,10,2001,3,5,5,2,1,1,1,1,1,1,1,5,1,1,19,6,1,2,33,2,2,1
9,42,10,2001,3,3,4,2,1,1,1,1,1,1,1,5,1,1,8,6,1,1,25,2,2,1
14,42,8,2001,3,1,1,2,2,1,1,1,1,1,1,5,1,1,8,6,1,2,33,1,2,0
14,42,8,2001,4,1,1,2,1,1,3,1,1,1,1,5,1,1,7,6,1,1,33,1,2,1
14,42,9,2001,4,1,1,2,1,1,3,1,1,1,1,5,1,1,14,6,1,2,33,1,2,0
14,42,9,2001,3,1,1,2,1,1,1,1,1,1,1,5,1,1,10,6,1,1,33,2,2,2
14,42,9,2001,1,3,1,2,1,1,3,1,1,1,1,5,1,1,14,6,1,2,33,1,2,1
14,42,9,2001,4,1,1,2,2,1,3,1,1,1,1,5,1,1,14,6,2,2,33,1,2,1
14,42,9,2001,3,3,4,2,1,1,1,1,1,1,1,5,1,1,9,6,1,2,33,1,2,1
14,42,10,2001,2,3,1,2,1,1,1,1,1,1,1,5,1,1,13,6,1,7,33,1,2,2
1,42,8,2001,1,1,1,2,1,1,3,1,1,1,1,5,1,1,5,6,1,2,33,1,2,0
1,42,8,2001,2,5,6,2,1,1,1,1,1,1,1,5,1,1,8,6,1,2,33,1,2,1
1,42,8,2001,1,1,1,2,1,1,3,1,1,1,1,5,1,1,19,6,1,2,33,1,2,0
1,42,9,2001,3,1,4,2,1,1,1,1,1,1,1,5,1,1,9,5,1,2,33,1,0,1
1,42,9,2001,3,1,1,2,1,1,1,1,1,1,1,5,1,1,8,6,1,2,33,2,2,0
1,42,9,2001,3,1,1,2,1,1,1,1,1,1,1,5,1,1,9,6,1,2,33,1,2,2
1,42,9,2001,4,1,1,2,1,1,3,1,1,1,1,5,1,1,9,6,1,2,33,1,2,0
1,42,9,2001,2,1,1,2,1,1,1,1,1,1,1,5,1,1,11,6,1,2,33,2,2,2
1,42,9,2001,2,2,4,2,1,1,1,1,1,1,1,5,1,1,9,6,1,1,33,2,2,2
5,42,8,2001,4,1,4,2,2,1,3,1,1,1,1,5,1,1,14,6,1,2,33,1,2,1
5,42,9,2001,2,1,1,2,1,1,1,1,1,1,1,5,1,1,5,6,1,7,30,2,2,1
5,42,11,2001,3,3,4,2,1,1,2,1,1,1,1,5,1,1,5,6,2,2,25,2,2,0
9,42,11,2001,2,1,1,2,2,1,1,1,1,1,1,5,1,1,6,6,1,1,33,2,2,1