Thana,District,Month,Year,Time,Junction_Type,Traffic_Control,Movement,Divider,Weather,Light,Road_Geometry,Surface_Condition,Surface_Type,Surface_Quality,Road_Class,Road_Feature,Location_Type,Vehicle_Type,Vehicle_Movement,Vehicle_Loading,Vehicle_Defect,Vehicle_Driver_Age,Vehicle_Alcohol,Vehicle_Seat_Belt,Accident_Severity
9,42,11,2001,3,3,4,2,1,1,1,1,1,1,1,5,1,1,10,6,1,1,33,2,2,2
9,42,11,2001,2,1,1,2,1,1,1,1,1,1,1,5,1,1,8,6,1,2,33,1,2,0
9,42,11,2001,2,1,1,2,2,1,1,1,1,1,1,5,1,1,10,6,1,2,28,2,2,0
9,42,11,2001,4,5,1,2,1,1,3,1,1,1,1,5,1,1,8,6,1,1,33,2,2,0
9,42,11,2001,4,1,1,2,1,1,3,1,1,1,1,5,1,1,8,6,1,2,33,1,0,0
9,42,12,2001,3,1,4,2,1,1,1,1,1,1,1,5,1,1,9,6,1,2,33,2,2,0
9,42,12,2001,2,1,1,2,1,1,1,1,1,1,1,5,1,1,8,6,1,2,55,1,0,2
9,42,12,2001,4,1,1,2,1,1,3,1,1,1,1,5,1,1,9,6,1,1,28,2,2,0
9,42,12,2001,3,1,1,2,1,1,2,1,1,1,1,5,1,1,9,6,1,2,33,2,2,2
9,42,12,2001,4,1,1,2,1,1,2,1,1,1,1,5,1,1,16,6,1,2,33,2,2,1
9,42,12,2001,4,1,1,2,1,1,3,1,1,1,1,5,1,1,14,6,1,2,33,1,0,0
21,42,12,2001,2,1,1,2,2,1,1,1,1,1,1,5,1,1,9,6,1,2,33,1,2,0
3,42,12,2001,3,1,2,2,1,1,1,1,1,1,1,5,1,1,9,6,2,2,30,2,2,1
3,42,12,2001,4,3,8,2,2,1,3,1,1,1,1,5,1,1,5,6,1,1,32,2,2,1
16,42,11,2001,3,1,5,2,1,1,1,1,1,1,1,5,1,1,9,6,1,1,33,1,2,3
16,42,11,2001,2,1,4,2,1,1,1,1,1,1,1,5,1,1,9,6,1,1,33,1,2,1
16,42,11,2001,1,1,5,2,1,1,3,1,1,1,1,5,1,1,10,6,1,2,33,1,0,0
16,42,12,2001,4,1,5,1,1,1,3,1,1,1,1,5,1,1,14,6,1,1,33,1,0,0
10,42,5,2001,3,3,1,2,2,1,1,1,1,1,1,5,1,1,10,6,1,1,33,2,2,1
10,42,5,2001,2,3,6,2,1,1,1,1,1,1,1,5,1,1,9,6,2,7,30,2,2,2
10,42,5,2001,2,1,1,2,1,1,1,1,1,1,1,5,1,1,14,6,2,2,33,2,2,0
10,42,6,2001,1,2,1,2,1,1,2,1,1,1,1,5,1,1,10,6,1,2,33,2,2,2
10,42,6,2001,2,1,1,2,2,1,2,1,1,1,1,5,1,1,14,6,1,2,33,2,2,0
10,42,6,2001,5,3,1,2,2,1,3,1,1,1,1,5,1,1,6,6,1,1,33,2,2,2
10,42,6,2001,3,1,1,2,2,1,1,1,1,1,1,5,1,1,11,6,1,1,33,2,2,0
10,42,7,2001,4,1,1,2,2,1,3,1,1,1,1,5,1,1,14,6,2,2,22,2,2,1
10,42,7,2001,3,1,1,2,1,1,1,1,1,1,1,5,1,1,9,6,1,2,26,2,2,1
10,42,8,2001,4,1,1,2,2,1,2,1,1,1,1,5,1,1,14,6,1,2,33,1,2,0
10,42,9,2001,2,3,4,2,1,1,2,1,1,1,1,5,1,1,5,6,1,2,33,2,2,1
10,42,10,2001,3,1,1,2,1,1,1,1,1,1,1,5,1,1,8,6,1,2,33,1,2,0
10,42,10,2001,3,4,6,2,1,1,1,1,1,1,1,5,1,1,8,6,1,2,33,2,2,2
10,42,11,2001,3,1,1,2,2,1,1,1,1,1,1,5,1,1,8,6,1,1,33,2,2,1
10,42,12,2001,3,3,6,2,1,1,1,1,1,1,1,5,1,1,9,6,2,2,33,1,2,1
7,42,4,2001,3,7,1,2,2,1,1,1,1,1,1,5,1,1,6,6,1,1,33,2,2,1
7,42,8,2001,4,1,1,2,2,1,3,1,1,1,1,5,1,1,6,6,1,1,25,2,2,0
7,42,12,2001,3,7,1,1,2,1,1,1,1,1,1,5,1,1,12,6,1,1,35,2,2,3
17,42,9,2001,3,1,1,2,2,1,1,1,1,1,1,5,1,1,5,6,1,1,20,2,2,0
17,42,10,2001,2,1,1,2,1,1,2,1,1,1,1,5,1,1,8,6,1,2,33,2,2,0
17,42,10,2001,2,1,1,2,1,1,2,1,1,1,1,5,1,1,8,6,1,7,33,1,2,1
17,42,11,2001,4,1,1,2,1,1,3,1,1,1,1,5,1,1,14,6,1,2,33,2,2,1
17,42,12,2001,2,1,4,2,1,1,1,1,1,1,1,5,1,1,8,6,1,2,33,1,0,1
11,42,6,2001,3,1,1,2,1,1,1,1,1,1,1,5,1,1,9,6,1,7,33,1,2,0
11,42,6,2001,4,1,1,2,1,1,3,1,1,1,1,5,1,1,1,6,1,2,33,1,2,0
11,42,6,2001,3,3,4,2,1,1,1,1,1,1,1,5,1,1,14,6,1,2,33,1,2,1
11,42,7,2001,2,1,1,1,1,1,1,1,1,1,1,5,1,1,8,6,1,2,33,1,2,0
11,42,7,2001,1,3,6,2,1,1,2,1,1,1,1,5,1,1,12,6,1,2,30,2,2,2
11,42,7,2001,3,7,2,2,1,1,1,1,2,1,1,5,1,1,9,6,1,1,33,1,2,0
11,42,8,2001,2,7,4,2,1,1,1,1,1,1,1,5,1,1,9,6,1,2,33,1,2,2
11,42,8,2001,3,1,1,2,1,1,1,1,1,1,1,5,1,1,8,6,1,1,26,1,2,0
11,42,8,2001,4,1,1,2,1,1,3,1,1,1,1,5,1,1,14,6,1,1,33,1,2,0
11,42,8,2001,2,1,1,2,1,1,1,1,1,1,1,5,1,1,19,6,1,2,33,1,0,0
11,42,9,2001,3,1,1,2,1,1,1,1,1,1,1,5,1,1,7,6,1,2,33,1,0,0
11,42,9,2001,4,1,1,2,1,1,3,1,1,1,1,5,1,1,19,6,1,2,33,1,0,0
11,42,9,2001,4,1,1,2,1,1,3,1,1,1,1,5,1,1,8,6,1,2,33,1,2,0
11,42,9,2001,3,5,6,2,1,1,1,1,1,1,1,5,1,1,7,6,1,2,33,1,2,0
11,42,10,2001,1,1,1,2,1,1,2,1,1,1,1,5,1,1,14,6,1,2,33,1,2,1
11,42,10,2001,1,1,1,2,1,1,2,1,1,1,1,5,1,1,8,6,1,2,33,1,2,1
11,42,10,2001,2,1,1,2,1,1,1,1,1,1,1,5,1,1,8,6,1,1,33,1,2,1
11,42,10,2001,4,1,1,2,1,1,3,1,1,1,1,5,1,1,19,6,1,2,33,1,0,0
11,42,10,2001,4,1,1,2,1,1,3,1,1,1,1,5,1,1,14,6,1,2,33,1,2,2
11,42,10,2001,1,2,2,2,1,1,2,1,1,1,1,5,1,1,14,6,1,2,33,1,0,0
11,42,11,2001,4,3,1,2,1,1,3,1,1,1,1,5,1,1,8,6,1,2,33,2,2,2
11,42,11,2001,1,1,1,2,1,1,2,1,1,1,1,5,1,1,19,6,1,2,33,1,0,0
11,42,11,2001,3,1,1,2,1,1,1,1,1,1,1,5,1,1,13,6,1,2,33,1,2,2
11,42,11,2001,3,1,1,2,1,1,1,1,1,1,1,5,1,1,8,6,1,2,18,1,2,1
11,42,11,2001,3,1,1,2,1,1,1,1,1,1,1,5,1,1,5,6,1,2,33,1,2,0
11,42,11,2001,3,7,4,2,1,1,1,1,1,1,1,5,1,1,9,6,1,2,33,1,2,0
11,42,12,2001,4,3,4,2,1,1,3,1,1,1,1,5,1,1,8,6,1,1,33,1,2,1
11,42,12,2001,2,3,4,2,1,1,1,1,1,1,1,5,1,1,9,6,1,2,33,1,2,0
11,42,12,2001,3,1,1,2,1,1,1,1,1,1,1,5,1,1,19,6,1,2,33,1,2,0
11,42,12,2001,1,1,1,1,1,1,3,1,1,1,1,2,1,1,19,11,1,2,33,1,0,0
22,42,8,2001,1,1,5,2,1,1,3,1,1,1,1,5,1,1,19,6,1,2,33,1,0,0
22,42,8,2001,1,1,5,2,1,1,3,1,1,1,1,5,1,1,14,6,1,7,33,1,2,0
22,42,9,2001,3,1,8,2,1,1,1,1,1,1,1,5,1,1,8,6,1,1,33,1,2,0
22,42,9,2001,4,1,8,2,1,1,3,1,1,1,1,5,1,1,19,6,1,2,33,1,0,0
15,42,7,2001,3,1,1,2,2,1,1,1,1,1,1,5,1,1,10,6,1,1,33,1,2,0
15,42,7,2001,3,1,1,2,1,1,1,1,1,1,1,5,1,1,8,6,1,7,25,1,2,1
15,42,9,2001,3,1,1,1,2,1,1,1,1,1,1,5,1,1,10,6,1,1,38,1,2,1
15,42,12,2001,3,1,1,2,1,1,1,1,1,1,1,5,1,1,8,6,1,1,33,1,2,1
4,42,5,2001,3,1,1,2,2,1,1,1,1,1,1,5,1,1,9,6,1,2,33,1,2,0
4,42,6,2001,4,1,1,2,2,1,3,1,1,1,1,5,1,1,14,6,1,1,35,1,2,0
4,42,7,2001,3,1,8,1,1,1,1,1,1,1,1,5,1,1,8,6,2,2,33,2,2,1
4,42,8,2001,3,1,1,1,1,1,1,1,1,1,1,5,1,1,8,6,1,1,25,2,2,0
4,42,8,2001,4,3,4,2,2,1,3,1,1,1,1,5,1,1,9,6,1,1,27,2,2,1
4,42,8,2001,3,2,4,2,2,1,1,1,1,1,1,5,1,1,8,6,1,2,27,2,2,1
4,42,10,2001,2,1,1,2,2,1,3,1,1,1,1,5,1,1,14,6,1,1,26,1,2,2
4,42,10,2001,2,1,1,1,1,1,1,1,1,1,1,5,1,1,8,6,1,2,33,1,2,2
4,42,12,2001,2,1,1,1,1,1,1,1,1,1,1,5,1,1,14,6,1,1,33,2,2,2
1,54,1,2001,4,7,1,2,2,1,2,3,1,1,3,1,1,1,8,11,1,2,35,2,2,0
1,54,1,2001,3,1,1,2,2,1,1,1,1,1,1,5,1,1,14,6,1,1,40,2,2,0
1,54,1,2001,3,1,1,2,2,4,1,1,1,1,1,2,1,2,7,6,1,1,32,2,2,0
1,54,1,2001,2,1,1,2,1,1,1,4,1,1,3,1,1,2,13,6,1,1,33,1,2,3
1,54,1,2001,3,7,4,2,2,1,1,1,1,1,1,5,1,1,11,6,1,1,24,2,2,2
5,54,2,2001,3,1,1,2,2,1,1,3,1,3,2,4,4,2,14,10,1,1,33,2,2,0
8,54,1,2001,4,7,8,2,2,4,4,1,1,1,2,4,2,2,17,6,1,2,33,1,2,0
2,54,1,2001,3,1,1,1,2,1,1,1,1,1,1,1,1,2,8,5,1,2,35,1,0,0
2,54,1,2001,3,7,1,2,2,1,1,2,1,1,1,1,1,2,9,1,1,1,55,2,2,0
4,54,1,2001,3,1,1,2,2,1,1,1,1,1,1,1,1,2,8,6,1,1,31,2,2,0
12,54,1,2001,3,1,1,2,2,1,1,1,1,1,1,3,1,2,4,6,1,1,25,2,2,0
12,54,1,2001,1,7,1,2,1,1,1,1,1,1,1,3,1,2,11,6,1,1,33,2,2,0
12,54,1,2001,2,1,1,2,2,1,1,1,1,1,1,3,1,2,13,6,1,1,30,2,2,0
12,54,1,2001,2,1,1,2,2,1,1,1,1,1,1,3,1,2,9,6,1,2,33,2,2,0
3,54,1,2001,2,7,8,2,2,1,1,3,1,1,2,3,5,2,13,6,1,2,33,1,0,3
3,54,1,2001,3,1,1,2,2,1,1,1,1,1,1,3,1,2,9,6,1,2,33,2,2,0
1,53,1,2001,3,1,1,2,2,1,1,1,1,1,1,1,1,2,8,6,1,1,33,2,2,0
1,53,1,2001,3,7,1,2,2,1,1,2,1,1,1,2,1,2,6,6,1,7,33,2,2,0
6,55,1,2001,3,1,1,2,2,1,1,1,1,1,1,1,1,2,9,6,1,1,30,2,2,0
3,55,1,2001,4,1,1,2,2,1,4,1,1,1,1,4,1,2,9,6,1,2,33,1,0,0
3,55,1,2001,4,1,1,2,2,1,4,1,1,1,1,4,1,2,4,6,1,2,33,1,0,0
4,55,1,2001,2,1,1,2,2,1,1,1,1,1,1,4,1,2,9,6,1,1,33,1,0,0
5,55,1,2001,4,1,1,2,2,1,3,1,1,1,1,3,1,2,7,5,1,2,33,2,2,0
5,55,1,2001,2,1,1,2,2,1,1,1,1,1,1,3,1,2,14,6,1,7,33,2,2,1
1,56,1,2001,1,1,1,2,2,4,4,1,1,1,1,2,1,2,7,6,1,1,22,2,2,1
1,56,1,2001,3,1,1,2,2,1,1,1,1,1,1,1,1,1,19,6,1,2,33,2,2,0
3,56,1,2001,2,1,1,2,2,1,1,1,1,1,1,1,1,2,13,6,1,7,35,2,2,0
7,56,1,2001,3,1,1,2,2,1,1,1,1,1,1,4,1,2,11,6,2,2,25,2,2,0
8,56,1,2001,4,1,1,2,2,1,4,2,1,1,3,4,1,2,4,11,1,2,35,1,1,1
8,56,1,2001,3,1,1,2,2,1,1,1,1,1,1,4,1,2,7,6,1,2,33,1,0,1
4,56,1,2001,3,1,1,1,2,1,1,1,5,3,3,4,1,2,11,6,1,2,33,1,0,0
1,56,2,2001,3,1,8,2,2,1,1,1,5,1,1,4,2,1,13,6,1,2,33,1,2,0
1,56,2,2001,2,1,1,2,2,1,1,1,1,1,1,3,4,2,6,6,1,1,33,2,2,0
5,56,2,2001,5,1,1,2,2,4,4,1,1,1,1,1,1,2,4,6,1,2,33,1,0,0
5,56,2,2001,3,1,4,2,2,1,1,1,1,1,1,1,1,2,8,7,1,1,28,2,2,0
3,56,2,2001,2,7,1,2,2,1,1,1,1,1,1,1,1,2,9,6,1,7,33,1,0,0
4,56,1,2001,3,2,1,2,2,1,1,1,1,1,1,4,1,2,4,6,1,2,33,1,0,1
1,55,2,2001,3,1,1,2,2,1,1,1,1,1,1,1,1,2,14,6,1,1,36,2,2,0
1,55,2,2001,2,1,1,2,2,1,2,1,1,1,1,1,1,2,14,2,2,2,40,1,2,0
6,55,2,2001,3,1,1,2,1,1,1,1,1,1,1,1,1,2,1,6,1,2,25,2,2,1
1,53,2,2001,3,1,1,2,2,1,1,1,1,1,1,1,1,2,6,6,1,1,33,1,2,0
1,53,2,2001,3,3,1,2,1,1,1,1,1,1,1,1,1,2,10,4,1,2,33,1,2,0
1,53,2,2001,3,7,1,2,2,1,1,1,1,1,1,2,1,2,6,11,1,7,33,2,2,3
3,53,2,2001,2,7,1,2,2,1,1,1,1,1,1,1,1,2,8,6,1,2,28,2,2,3
1,54,2,2001,2,1,8,2,2,1,1,1,1,1,3,5,1,1,8,9,1,2,33,1,0,0
1,54,2,2001,3,1,8,2,2,1,1,3,1,1,1,4,1,2,14,6,1,2,35,1,2,0
1,54,2,2001,3,7,1,2,2,1,1,1,1,1,1,5,1,1,9,6,1,2,33,1,0,1
5,54,2,2001,3,1,1,2,2,1,1,1,1,3,2,4,1,2,14,11,1,1,33,2,2,0
8,54,2,2001,2,7,1,2,2,1,1,2,1,1,1,4,1,2,6,11,1,7,33,2,2,0
9,54,2,2001,4,2,8,2,2,1,4,2,1,1,1,1,1,2,14,11,1,2,33,1,0,0
9,54,2,2001,4,7,1,2,2,1,4,2,1,1,3,1,1,2,14,2,1,1,40,1,2,0
13,54,2,2001,3,1,1,2,2,1,1,1,1,1,1,1,1,2,7,5,1,2,24,2,2,0
13,54,2,2001,2,1,1,2,2,1,1,1,1,1,1,1,1,2,14,6,1,2,33,1,0,0
7,54,2,2001,3,1,1,2,2,1,1,1,1,1,1,4,1,2,14,6,1,2,33,1,0,0
11,54,2,2001,3,1,8,2,2,1,1,1,1,1,1,3,1,2,17,6,1,7,33,1,2,0
12,54,2,2001,3,1,1,2,2,1,1,1,1,1,1,3,1,2,9,6,1,2,33,1,0,0
1,55,3,2001,2,1,1,2,2,1,2,1,1,1,1,1,1,1,9,6,1,2,33,1,0,0
1,55,3,2001,3,1,1,2,2,1,1,1,1,1,1,5,1,1,7,6,1,1,32,2,2,1
6,55,3,2001,3,1,1,2,2,1,1,1,1,1,1,1,1,2,9,6,1,1,33,2,2,0
4,55,3,2001,3,7,1,2,2,1,1,2,1,1,1,4,1,2,9,6,2,7,33,1,2,0
2,55,3,2001,3,7,1,2,2,1,1,1,1,1,1,4,1,2,5,11,1,1,30,2,2,0
1,54,3,2001,3,7,1,2,2,1,1,3,1,1,1,2,5,2,14,6,1,2,33,2,2,1
1,54,3,2001,4,7,8,2,2,1,4,1,5,1,3,1,1,2,14,6,1,3,33,1,0,0
10,54,3,2001,2,1,1,2,2,1,1,2,1,1,1,4,1,2,13,1,1,1,35,2,2,0
13,54,3,2001,3,1,1,2,2,1,1,1,1,1,1,1,1,2,7,6,1,2,33,1,0,0
11,54,3,2001,3,7,8,2,2,1,1,1,1,1,1,3,1,2,6,6,2,1,33,2,2,0
11,54,3,2001,2,7,8,2,2,1,1,1,1,1,1,3,1,2,8,6,2,1,35,2,2,0
11,54,3,2001,3,1,1,2,2,1,2,1,1,1,1,3,3,2,14,11,1,7,33,1,2,0
3,54,2,2001,2,7,7,1,2,1,1,1,1,1,1,3,1,2,9,6,1,2,33,1,0,1
12,54,3,2001,3,1,1,2,2,1,1,1,1,1,1,1,1,2,8,6,1,1,28,2,2,1
7,56,3,2001,3,1,1,2,2,1,1,1,1,1,1,1,1,2,14,6,1,1,35,2,2,0
7,56,2,2001,2,1,1,1,1,1,1,1,1,1,1,1,1,2,14,10,1,3,33,2,2,1
5,56,3,2001,3,1,1,2,2,1,1,1,1,1,1,4,1,2,5,6,1,2,33,1,0,0
3,53,3,2001,2,3,1,2,2,1,1,1,1,1,1,2,1,2,8,5,1,1,30,2,2,0
3,53,3,2001,3,1,1,2,2,1,1,1,1,1,1,4,1,2,14,6,1,2,33,2,2,0
1,53,3,2001,2,7,1,2,2,1,1,1,1,1,1,1,1,1,14,6,1,7,33,1,2,0
7,53,3,2001,3,1,1,2,2,1,1,1,1,1,1,4,1,2,9,6,1,2,33,2,2,0
5,56,4,2001,4,1,1,2,2,1,4,1,1,1,1,1,1,2,9,6,1,2,33,1,0,0
5,56,4,2001,3,7,1,2,2,1,1,1,1,1,1,1,1,2,9,4,2,7,48,2,2,0
5,56,4,2001,3,3,4,2,2,1,1,4,1,1,1,1,1,1,9,1,1,7,33,2,2,3
5,56,4,2001,1,1,1,2,2,2,4,1,2,1,1,1,1,1,19,6,1,2,33,1,0,0
7,56,4,2001,3,1,1,2,2,1,1,1,1,1,1,1,1,2,14,6,1,1,32,2,2,0
4,56,4,2001,3,1,1,2,2,3,1,1,2,1,1,3,1,2,14,6,2,2,33,1,2,0
1,56,4,2001,2,2,1,2,2,1,1,1,1,1,1,2,1,2,4,6,1,2,33,1,0,0
1,53,4,2001,2,7,1,2,2,1,1,1,1,1,1,1,1,2,9,6,1,2,33,1,2,0
1,53,4,2001,2,1,1,2,2,1,1,1,1,1,1,1,1,2,6,6,1,1,33,2,2,0
1,53,4,2001,2,7,1,2,2,1,1,1,1,1,1,1,1,2,9,6,1,2,33,1,2,0
4,55,4,2001,3,1,1,2,2,1,1,2,1,1,1,3,1,2,8,2,1,1,35,2,2,0
5,55,4,2001,2,1,1,2,2,1,1,1,1,1,1,4,1,2,14,6,1,1,33,2,2,0
2,55,4,2001,2,1,1,2,2,1,1,1,1,1,1,4,1,2,13,11,1,1,40,2,2,0
1,54,4,2001,3,7,1,1,2,1,2,3,1,1,1,3,1,2,6,6,1,7,20,2,2,0
1,54,4,2001,2,7,1,2,2,1,1,1,1,1,1,2,1,2,8,6,1,7,28,1,2,0
7,54,4,2001,3,1,2,2,2,1,1,1,1,1,1,3,1,2,7,6,1,1,20,1,2,0
8,54,4,2001,2,7,1,2,2,1,1,1,1,2,2,4,1,2,19,6,1,2,33,1,0,0
12,54,4,2001,2,1,1,2,2,1,1,1,1,1,1,3,1,2,10,6,1,2,33,1,0,1
1,55,5,2001,3,7,1,2,2,2,4,1,2,1,2,1,1,2,14,6,1,1,27,2,2,0
1,55,5,2001,3,1,1,2,2,1,1,1,1,1,1,1,1,1,6,6,1,1,33,2,2,0
1,55,5,2001,1,1,1,2,2,1,4,1,1,1,1,1,1,2,10,6,1,2,33,1,0,1
6,55,5,2001,3,1,1,1,1,1,1,2,1,1,1,4,1,2,13,6,1,2,33,2,2,0
4,55,5,2001,3,1,8,2,2,1,1,1,1,1,1,3,1,2,5,6,1,7,33,2,2,0
2,55,5,2001,2,1,1,2,2,1,1,1,1,1,1,3,1,2,7,11,1,2,33,1,0,0
1,53,5,2001,4,7,1,2,2,1,2,1,1,1,1,1,1,2,9,6,1,2,33,1,2,0
7,53,5,2001,3,1,1,2,2,1,1,1,1,1,1,4,1,2,7,6,1,2,24,2,2,0
6,53,5,2001,2,1,1,2,2,1,1,1,1,1,1,4,1,2,17,4,2,6,30,1,2,1
7,56,5,2001,4,3,1,2,2,1,2,5,1,3,2,4,4,2,14,6,1,1,33,2,2,0
7,56,5,2001,2,1,1,2,2,1,1,1,1,1,1,1,1,2,10,6,1,2,33,1,0,0
1,56,4,2001,3,1,1,2,2,1,1,1,1,1,1,5,1,1,10,6,1,6,33,1,2,1
1,54,5,2001,2,1,1,2,2,1,1,1,1,1,1,2,1,1,4,6,1,2,33,2,2,1
1,54,5,2001,3,3,1,2,2,1,1,1,1,1,1,5,1,1,7,6,1,1,33,2,2,0
1,54,5,2001,2,1,1,2,2,1,1,1,1,1,1,2,1,2,8,6,1,2,33,1,0,0
5,54,5,2001,2,1,1,2,2,1,1,1,1,1,1,4,1,2,13,11,1,7,33,1,2,0
10,54,6,2001,3,2,1,1,2,1,1,1,1,1,1,3,1,2,8,5,1,1,33,1,2,0
12,54,5,2001,4,1,1,2,2,1,4,1,1,1,1,1,1,2,19,6,1,2,33,1,0,0
12,54,5,2001,2,1,1,2,2,1,1,1,1,1,1,1,1,2,14,6,1,1,28,2,2,0
13,54,5,2001,4,1,1,2,2,1,4,1,1,1,1,1,1,1,19,6,1,2,33,1,0,0
13,54,5,2001,3,1,1,2,2,1,1,1,1,1,1,1,1,1,8,6,1,1,33,1,0,0
3,54,5,2001,3,1,1,2,2,1,1,1,1,1,1,4,1,2,19,6,1,2,33,1,0,0
1,56,6,2001,3,1,2,2,2,1,1,1,1,1,1,3,1,2,6,6,1,3,33,1,2,0
8,56,6,2001,2,1,1,2,2,1,1,1,1,1,1,3,3,2,17,8,1,2,33,1,0,0
12,54,6,2001,2,1,1,2,2,1,1,1,1,1,1,3,1,2,13,6,1,1,35,2,2,1
12,54,6,2001,4,1,1,2,2,1,4,1,1,1,1,1,1,2,19,11,1,2,33,1,0,0
12,54,6,2001,4,1,1,2,2,1,4,1,1,1,1,3,1,2,19,11,1,2,33,1,0,0
10,54,6,2001,1,1,1,1,2,1,2,1,1,1,1,3,1,2,13,6,1,2,33,1,2,0
13,54,7,2001,3,1,1,2,2,1,1,1,1,1,1,1,1,2,9,6,1,1,33,1,0,0
1,54,6,2001,2,5,1,2,2,2,1,2,2,1,1,1,1,2,6,6,1,1,35,1,0,0
3,54,6,2001,4,1,1,2,2,1,2,1,1,1,1,3,1,2,7,6,2,1,35,1,2,0
1,53,6,2001,2,1,1,2,2,1,1,1,1,1,1,4,1,2,7,8,1,1,35,2,2,0
1,53,6,2001,3,1,1,2,2,1,1,1,1,1,1,2,1,2,7,6,1,1,33,2,2,1
6,53,6,2001,3,1,1,2,2,1,1,1,1,1,1,4,1,2,8,4,2,6,33,1,2,0
1,55,6,2001,3,1,1,2,2,2,1,2,2,1,1,1,1,2,9,6,1,1,38,2,2,3
1,55,6,2001,2,1,1,2,2,1,1,1,1,1,1,3,1,2,4,6,1,1,25,2,2,0
1,55,6,2001,3,2,1,2,2,1,1,1,1,1,1,1,1,2,8,6,1,1,25,2,2,1
5,55,6,2001,3,1,1,2,2,1,1,1,1,1,2,4,1,2,9,11,1,7,33,2,2,0
1,54,7,2001,3,7,1,2,2,2,1,1,2,1,1,3,1,1,4,6,1,1,24,2,1,3
1,54,7,2001,2,7,1,1,2,1,1,1,1,1,1,3,1,1,9,6,1,2,33,1,2,0
1,54,7,2001,3,7,1,1,2,1,1,1,1,1,1,2,1,2,6,6,1,2,33,1,2,0
9,54,7,2001,3,1,1,2,2,2,1,1,2,1,1,1,1,2,14,6,1,2,33,2,2,0
13,54,7,2001,2,1,1,2,2,1,1,1,1,1,1,3,1,2,5,6,1,2,33,2,2,0
3,54,7,2001,4,1,1,2,2,1,4,1,1,1,1,3,1,2,7,6,1,1,25,1,2,0
3,53,7,2001,2,1,1,2,2,1,1,1,1,1,1,4,1,2,8,1,2,1,42,2,2,1
1,53,7,2001,3,7,1,2,2,1,1,1,1,1,1,1,2,2,14,6,1,1,28,1,2,0
3,53,7,2001,4,7,1,2,2,2,2,1,2,1,1,1,1,2,9,6,1,2,33,1,0,0
1,56,7,2001,2,1,1,2,2,1,2,1,1,1,1,2,1,1,19,6,1,2,33,1,0,0
7,56,7,2001,3,1,1,2,2,1,1,1,1,1,1,1,1,2,9,6,1,1,33,1,2,0
8,56,7,2001,2,1,1,2,2,1,1,1,1,1,1,3,1,2,9,6,1,1,28,1,2,0
1,55,7,2001,3,1,1,2,2,1,1,1,1,1,1,1,1,2,14,6,1,1,35,2,2,0
1,55,7,2001,1,1,1,2,2,1,4,1,1,1,1,3,1,2,9,6,1,7,33,1,2,3
6,55,7,2001,1,1,1,2,2,2,4,1,2,1,1,1,1,2,14,11,1,1,33,2,2,3
6,55,7,2001,3,1,1,2,2,1,1,1,1,1,1,1,2,2,13,6,1,2,33,2,2,0
7,56,8,2001,2,7,1,2,2,1,2,1,1,1,1,1,1,2,14,6,2,7,33,1,0,0
7,56,8,2001,2,7,4,2,2,1,1,1,1,1,1,1,1,1,14,6,1,3,32,2,2,3
7,56,8,2001,3,1,1,2,2,1,1,1,1,1,1,4,1,2,11,11,1,2,33,2,2,1
4,56,8,2001,4,1,1,2,2,1,3,1,1,1,1,3,1,2,7,6,1,2,33,1,0,0
1,56,8,2001,2,1,1,2,2,1,1,1,1,1,1,2,1,1,14,11,1,7,33,2,2,3
5,56,8,2001,1,7,8,2,2,1,2,1,1,1,1,1,1,2,19,6,1,2,33,1,0,0
1,55,8,2001,4,1,1,2,2,2,3,2,1,2,2,3,1,1,14,11,1,2,30,1,2,1
1,55,8,2001,2,1,8,2,2,1,1,1,1,1,1,1,1,2,9,6,1,1,33,2,2,0
1,55,8,2001,4,3,1,2,2,1,2,1,2,3,1,1,1,2,19,2,1,1,25,2,2,1
1,55,8,2001,4,1,1,2,2,1,4,1,1,1,1,1,1,2,9,11,1,1,33,2,2,1
1,53,8,2001,3,1,1,2,2,1,1,1,1,1,1,2,2,2,8,6,1,1,35,2,2,0
1,53,8,2001,4,7,1,2,2,1,4,1,1,1,1,2,1,2,19,6,1,2,33,1,0,0
1,54,8,2001,2,1,1,2,2,1,1,1,1,1,2,2,1,1,5,6,1,1,25,2,2,3
1,54,8,2001,3,1,1,2,2,1,1,1,1,1,1,1,1,1,8,6,1,1,35,2,2,0
5,54,8,2001,3,1,1,2,2,1,1,1,1,1,1,4,1,2,13,6,1,1,33,2,2,0
13,54,8,2001,2,1,1,2,2,1,1,1,1,1,1,1,1,2,4,6,1,7,33,1,0,0
6,54,8,2001,3,1,1,2,2,1,1,1,1,1,2,3,1,2,10,6,1,2,27,1,0,1
12,54,8,2001,3,1,1,2,2,1,1,1,1,1,1,1,1,2,10,6,1,1,22,2,2,1
1,55,9,2001,1,1,1,2,2,1,4,1,1,1,1,1,1,2,14,5,1,1,30,2,2,0
12,54,8,2001,3,1,1,2,2,1,1,1,1,1,1,3,1,2,4,6,1,7,33,1,2,0
1,56,9,2001,2,2,1,2,2,1,1,1,1,1,1,5,1,2,12,6,1,1,45,2,2,0
7,56,9,2001,4,1,1,2,2,1,2,1,1,1,1,3,1,2,9,11,1,2,35,2,2,0