Thana,District,Month,Year,Time,Junction_Type,Traffic_Control,Movement,Divider,Weather,Light,Road_Geometry,Surface_Condition,Surface_Type,Surface_Quality,Road_Class,Road_Feature,Location_Type,Vehicle_Type,Vehicle_Movement,Vehicle_Loading,Vehicle_Defect,Vehicle_Driver_Age,Vehicle_Alcohol,Vehicle_Seat_Belt,Accident_Severity
7,56,9,2001,3,1,1,2,2,1,1,1,1,1,1,1,1,2,9,6,1,2,33,2,2,0
8,56,9,2001,2,1,1,2,2,1,2,1,1,1,1,4,1,1,7,6,1,1,33,2,2,0
4,56,9,2001,3,1,8,2,2,1,1,1,1,1,1,3,1,2,14,6,1,1,33,2,2,0
1,54,9,2001,2,7,1,2,2,1,1,1,1,1,1,1,1,1,14,6,1,1,33,1,0,1
1,54,9,2001,4,7,1,2,2,1,4,1,1,1,1,1,1,1,19,6,1,2,33,1,0,0
12,54,9,2001,3,1,1,2,2,1,1,1,1,1,1,1,1,2,9,6,1,2,38,2,2,1
9,54,9,2001,3,3,8,2,2,1,2,2,1,1,1,1,1,2,14,2,1,7,24,2,2,0
3,54,9,2001,3,7,1,2,2,1,1,1,1,1,1,3,1,2,7,11,1,7,33,1,2,1
1,53,9,2001,2,2,1,1,2,1,1,1,1,1,1,3,1,1,7,4,1,1,33,2,2,1
1,53,9,2001,2,1,1,2,2,1,1,1,1,1,1,1,1,2,6,6,1,1,30,2,2,1
1,53,9,2001,3,7,1,2,2,1,1,1,1,1,1,3,1,2,14,6,1,7,33,1,0,0
3,53,9,2001,3,1,1,2,2,1,1,1,1,1,1,4,1,2,7,6,1,6,33,2,2,1
3,53,9,2001,2,1,1,2,2,1,1,1,1,1,1,1,1,2,9,9,1,2,33,1,0,0
7,53,9,2001,3,7,8,1,2,2,1,1,3,2,2,4,4,2,10,10,1,7,50,2,2,0
1,55,9,2001,2,1,1,2,2,1,1,1,1,1,1,4,1,2,5,6,1,2,33,2,2,0
1,55,10,2001,2,7,8,2,2,1,1,1,1,1,1,1,1,2,9,11,1,3,30,2,2,0
1,54,10,2001,2,2,4,2,2,1,1,1,1,1,1,5,1,1,14,6,1,2,28,1,2,0
1,54,10,2001,3,1,1,2,2,1,1,1,1,1,1,2,1,2,4,6,1,2,33,1,0,0
1,54,10,2001,2,1,4,1,2,1,1,1,1,1,1,5,1,1,8,6,1,1,30,2,2,0
9,54,10,2001,4,1,8,2,2,1,4,4,1,1,1,1,1,2,13,11,1,2,33,1,0,0
9,54,10,2001,1,1,1,2,2,1,1,1,1,1,1,1,1,2,14,6,2,1,28,2,2,0
12,54,10,2001,2,3,2,2,2,2,1,1,2,1,1,3,1,2,8,6,1,2,33,1,0,0
13,54,10,2001,4,1,1,2,2,1,4,2,1,1,3,1,1,2,9,6,2,7,33,1,2,0
3,53,10,2001,3,1,1,2,2,1,2,1,1,1,1,1,1,2,12,6,1,2,33,1,0,0
3,53,10,2001,2,1,1,2,2,1,1,1,1,1,1,3,1,2,12,6,1,1,33,2,2,2
3,53,10,2001,3,1,1,2,2,1,1,1,1,1,1,3,1,2,7,6,1,2,33,1,0,0
11,53,10,2001,3,3,8,2,2,1,1,1,1,3,2,4,1,2,14,1,1,2,33,2,2,0
9,56,10,2001,3,1,1,2,2,1,1,1,1,1,1,2,1,2,12,6,1,6,33,2,2,0
8,56,10,2001,2,1,1,2,2,2,1,1,2,1,1,3,1,2,6,6,1,1,33,1,2,0
8,56,10,2001,3,1,1,2,2,1,1,1,1,1,1,3,1,2,10,6,1,2,33,1,0,0
4,56,10,2001,2,1,1,2,2,1,1,1,1,1,1,3,1,2,12,6,1,1,33,2,2,0
7,53,9,2001,3,1,8,1,1,1,1,5,1,1,1,3,1,2,6,4,1,1,33,1,0,0
7,53,9,2001,3,1,1,2,2,1,1,1,1,1,1,3,1,2,7,6,1,2,33,1,0,0
3,53,11,2001,1,2,3,1,1,1,1,1,1,1,1,3,1,2,9,6,1,2,33,1,0,0
1,56,11,2001,2,7,1,1,2,4,1,1,1,1,1,4,1,2,9,6,1,2,33,1,0,1
5,56,11,2001,2,1,8,2,2,1,1,1,1,1,1,1,1,1,9,11,2,7,30,1,2,0
5,56,11,2001,3,1,1,2,2,1,1,2,1,1,1,1,1,2,9,6,1,1,33,1,0,0
5,56,11,2001,2,7,8,2,2,1,1,2,1,1,1,1,1,2,14,4,2,7,32,1,0,0
1,55,10,2001,2,1,3,2,1,1,2,1,1,1,1,5,1,1,13,11,1,7,33,2,2,0
1,55,11,2001,3,1,1,2,2,1,1,1,1,1,1,1,1,2,14,6,1,1,35,2,2,1
4,55,11,2001,2,7,1,2,2,1,2,3,1,1,2,4,1,2,17,6,1,1,30,2,2,0
1,54,11,2001,3,1,8,2,2,1,1,1,1,1,1,1,1,2,8,6,1,2,33,1,0,0
1,54,11,2001,3,4,3,2,2,1,1,1,1,1,1,1,1,2,14,6,1,1,33,2,2,1
8,54,11,2001,3,1,1,2,2,1,1,1,1,1,1,1,1,2,9,6,1,1,33,2,2,0
9,54,11,2001,2,4,1,2,2,1,1,2,1,1,1,1,1,2,14,6,2,1,33,2,2,0
4,54,11,2001,3,1,1,2,2,1,1,2,1,1,1,4,1,2,14,2,1,1,35,2,2,0
11,54,11,2001,4,7,1,2,2,1,4,1,1,1,1,4,1,2,13,6,1,1,33,2,2,0
12,54,11,2001,4,1,1,2,2,1,4,1,1,1,1,1,1,2,19,6,1,2,33,1,0,0
3,54,11,2001,2,7,1,2,2,1,1,1,1,1,1,3,1,1,8,1,1,1,33,2,2,0
3,54,11,2001,3,7,1,2,2,1,1,1,1,1,1,3,1,2,8,6,1,1,33,2,1,0
1,55,12,2001,3,1,8,2,2,1,1,2,1,1,1,1,1,2,8,6,1,1,33,2,2,3
6,55,11,2001,3,1,1,2,2,1,1,1,1,1,1,1,1,2,10,6,1,1,32,2,2,1
3,53,12,2001,2,1,1,2,2,1,1,1,1,1,1,4,1,2,7,6,1,1,22,2,2,1
3,53,12,2001,3,1,1,2,2,1,2,1,1,1,1,2,1,2,7,6,1,7,33,1,0,0
8,56,12,2001,3,2,1,2,2,1,1,1,1,1,1,4,1,2,9,6,1,3,33,2,2,0
1,54,10,2001,3,1,1,2,2,1,1,2,1,1,1,5,1,1,9,6,1,2,33,1,0,0
1,54,12,2001,3,1,1,2,2,1,2,1,1,1,1,4,1,1,10,6,1,1,33,1,2,0
1,54,12,2001,2,1,4,1,2,1,2,1,1,1,1,5,1,1,13,6,2,7,33,1,2,0
1,54,12,2001,2,3,1,2,2,1,1,1,1,1,1,1,1,2,7,6,1,1,33,1,2,1
11,54,12,2001,3,3,1,2,2,1,1,1,1,1,1,3,1,1,4,6,1,7,40,2,2,1
1,22,1,2001,2,1,1,2,2,1,1,1,1,1,1,4,1,2,4,6,1,1,24,2,2,0
1,22,1,2001,3,1,1,2,2,1,1,2,1,1,1,1,1,2,9,11,2,1,27,2,2,1
2,22,1,2001,2,1,1,2,2,1,1,1,1,1,1,3,1,2,9,6,2,1,35,2,2,0
3,22,1,2001,3,1,1,2,2,1,1,1,1,1,2,1,1,2,4,6,1,1,35,2,2,0
3,20,1,2001,1,1,1,2,2,1,4,1,1,1,1,3,1,2,10,6,1,2,33,2,2,0
3,21,1,2001,2,1,1,2,2,1,1,1,1,1,1,1,1,1,9,6,1,1,38,2,2,0
2,21,1,2001,2,1,1,2,2,1,1,1,1,1,1,3,1,2,15,6,2,6,33,2,2,0
1,21,1,2001,4,2,3,2,1,1,2,1,1,1,1,1,1,1,4,5,1,2,32,2,2,0
5,29,1,2001,2,1,1,2,2,1,1,1,1,1,1,2,1,2,9,11,1,1,33,2,2,0
3,29,1,2001,2,3,4,2,2,1,1,1,1,1,1,2,1,2,14,6,1,1,33,2,2,0
3,29,1,2001,3,1,1,2,2,1,1,1,1,1,1,1,1,2,14,6,1,1,33,2,2,1
4,25,1,2001,2,3,1,2,2,1,1,1,1,1,1,3,1,2,12,6,1,1,33,1,2,0
7,30,1,2001,2,3,1,2,2,4,1,1,1,1,1,1,1,2,7,6,1,2,33,2,2,1
7,30,1,2001,2,7,1,1,2,1,1,1,1,1,1,2,1,2,9,6,1,1,33,2,2,1
4,30,1,2001,3,3,1,1,2,1,1,1,1,2,1,4,1,2,6,6,1,2,33,2,2,1
4,30,1,2001,3,1,1,1,2,1,1,1,1,2,1,4,1,2,4,6,1,2,33,1,2,0
4,30,1,2001,2,1,1,1,2,1,1,1,1,2,1,3,1,1,6,11,1,7,25,2,2,0
1,30,1,2001,4,1,1,2,2,1,4,1,1,1,1,1,1,2,8,6,1,1,30,2,2,0
1,24,1,2001,2,1,1,2,2,1,1,1,1,1,1,1,1,2,9,6,1,1,33,2,2,1
1,24,1,2001,1,6,1,2,1,1,2,2,1,1,1,1,1,2,9,6,1,2,33,2,2,1
1,24,1,2001,2,1,1,2,2,1,1,1,1,1,1,2,1,2,10,6,1,2,33,1,0,0
1,24,1,2001,3,1,1,2,2,1,1,1,1,1,1,1,1,2,9,6,1,1,33,2,2,0
1,24,1,2001,3,1,1,2,2,1,1,1,1,1,1,1,1,2,14,6,1,1,33,2,2,0
3,24,1,2001,3,1,1,2,2,1,1,1,1,1,1,1,1,1,12,6,1,2,33,1,2,0
4,24,1,2001,3,7,1,1,2,1,1,1,1,2,2,4,1,2,14,6,1,2,33,1,2,0
5,24,1,2001,3,1,2,2,2,1,1,1,1,1,1,1,1,2,9,6,1,1,40,2,2,0
1,22,2,2001,3,1,1,2,2,1,1,1,1,1,1,1,1,2,9,6,1,2,33,2,2,0
4,28,3,2001,2,1,1,2,2,1,1,1,1,1,1,5,1,2,12,6,1,1,34,2,2,0
2,28,2,2001,2,3,3,1,1,1,1,1,1,1,1,5,1,1,11,6,1,1,33,1,2,1
5,26,1,2001,3,3,1,1,2,1,1,1,1,1,1,3,4,2,14,6,1,2,33,2,2,0
2,33,2,2001,3,3,1,2,2,1,1,1,1,1,1,3,1,2,7,11,1,2,33,2,2,0
3,34,2,2001,2,3,1,1,2,1,1,1,1,1,1,4,1,2,9,6,1,1,33,2,2,0
1,28,3,2001,2,1,1,2,2,1,1,1,1,1,2,5,1,1,14,6,1,1,25,2,2,0
1,28,3,2001,2,1,1,1,1,1,1,1,1,1,3,5,1,1,2,6,2,1,33,2,2,0
2,28,3,2001,2,1,1,2,2,1,1,1,1,1,1,5,1,1,9,6,1,1,40,2,2,1
4,28,3,2001,2,1,1,2,2,1,1,1,1,1,1,5,1,1,9,2,1,1,38,2,2,0
1,31,2,2001,3,1,4,1,2,1,1,1,1,1,1,3,1,1,6,5,1,2,33,2,2,1
2,31,2,2001,3,1,1,2,1,1,1,1,1,1,1,3,1,1,9,6,1,1,33,2,2,0
3,31,3,2001,4,3,1,2,2,1,4,1,1,1,1,4,1,2,5,2,2,7,19,2,2,1
7,30,2,2001,2,1,1,2,2,1,1,1,1,1,1,3,1,2,8,6,1,1,35,2,2,1
1,32,3,2001,2,1,1,1,2,1,1,1,1,2,2,4,1,2,6,6,2,6,25,2,2,1
5,33,1,2001,3,1,1,2,2,1,1,1,1,1,1,3,1,2,9,6,2,1,33,2,2,0
5,33,3,2001,2,1,1,2,2,1,1,1,1,1,1,3,1,2,9,6,1,2,33,2,2,0
5,33,3,2001,3,1,1,2,2,1,1,1,1,1,1,3,1,2,9,6,1,2,33,2,2,0
2,24,3,2001,3,1,1,2,2,1,1,1,1,1,1,1,1,2,9,6,1,1,33,2,2,0
1,20,2,2001,4,1,1,2,2,1,2,1,1,1,1,2,1,1,4,2,1,1,25,1,2,1
1,20,3,2001,2,1,1,2,2,1,1,1,1,1,1,2,1,2,8,6,1,1,30,2,2,1
1,20,3,2001,3,1,3,2,2,1,1,1,1,1,1,3,1,1,14,6,1,1,30,2,2,0
4,20,3,2001,3,1,1,2,2,1,1,1,1,1,1,3,1,2,9,5,1,1,33,2,2,0
3,29,2,2001,2,1,1,2,2,4,1,1,2,1,1,1,1,2,9,6,1,1,28,2,2,3
3,29,3,2001,3,7,1,2,2,1,1,4,1,1,1,2,5,1,12,6,1,1,35,2,2,1
7,29,1,2001,2,7,1,2,2,1,1,1,1,1,1,3,1,2,14,6,1,1,33,1,2,0
8,29,1,2001,4,1,1,2,2,1,4,1,1,1,1,1,1,2,14,6,1,2,33,1,2,0
4,21,3,2001,3,1,1,2,2,1,1,1,1,1,1,3,1,1,14,6,2,1,33,1,2,0
4,21,3,2001,3,1,1,2,2,1,1,1,1,1,1,3,1,1,17,6,1,2,33,2,2,0
2,25,2,2001,3,1,1,2,2,1,1,1,1,2,1,3,1,2,4,6,1,1,33,2,2,1
3,25,2,2001,3,2,1,2,2,1,1,1,1,1,1,3,1,2,12,7,1,2,33,2,2,0
2,18,3,2001,3,1,1,2,2,1,1,1,1,1,1,3,1,2,4,6,1,1,33,2,2,0
7,18,3,2001,3,1,1,2,2,1,1,1,1,1,1,1,1,2,16,6,1,1,33,2,2,0
1,22,3,2001,3,1,1,2,2,1,1,1,1,1,1,1,1,2,9,6,1,1,65,2,2,0
1,22,3,2001,3,1,1,2,2,1,1,1,1,1,1,4,1,2,14,6,1,1,33,2,2,0
3,22,3,2001,2,2,1,2,2,1,1,1,1,1,1,1,1,1,9,5,1,1,33,1,2,0
3,22,3,2001,2,1,1,2,2,1,1,1,1,1,1,1,1,2,9,6,1,1,35,1,2,0
4,28,3,2001,4,3,1,2,2,1,3,1,1,1,1,5,1,1,9,6,1,2,33,2,2,0
4,28,4,2001,3,3,1,2,2,1,1,1,1,1,1,5,1,1,16,2,1,1,40,2,2,0
3,22,4,2001,3,1,1,2,2,1,1,1,1,1,1,4,1,2,7,3,1,1,33,2,2,0
1,19,4,2001,3,1,1,2,2,1,1,1,1,1,1,4,1,2,17,11,2,1,38,2,2,0
5,33,2,2001,2,7,1,2,2,1,1,1,1,1,1,3,1,2,9,6,1,1,33,2,2,0
2,30,4,2001,3,1,1,2,2,1,1,1,1,1,1,1,1,2,8,6,1,1,28,2,2,1
5,30,4,2001,3,1,1,1,2,1,1,1,1,1,2,4,1,2,6,11,2,7,33,1,2,0
3,21,4,2001,4,1,1,2,2,1,4,1,1,1,1,2,1,2,14,6,1,1,33,2,2,0
3,21,4,2001,3,1,1,2,2,1,1,1,1,1,1,1,1,2,14,6,1,1,33,2,1,0
3,21,4,2001,4,1,1,2,2,2,4,1,2,1,1,1,1,1,12,6,1,1,33,2,1,0
3,20,4,2001,3,1,1,2,2,1,1,1,1,1,1,3,1,2,10,6,1,7,33,2,2,0
5,18,4,2001,2,1,1,2,2,1,1,2,1,1,1,2,1,2,14,1,1,1,30,2,2,0
1,24,4,2001,2,1,1,2,2,1,1,1,1,1,1,1,1,1,9,4,1,1,35,2,2,0
1,24,4,2001,4,1,1,2,2,1,4,1,1,1,1,1,1,2,9,5,2,1,33,1,2,1
1,24,4,2001,4,1,1,2,2,1,4,1,1,1,1,1,1,2,14,6,1,1,33,1,2,0
4,20,5,2001,2,1,8,2,2,1,2,1,1,1,1,3,1,2,6,1,1,1,33,1,2,0
1,34,3,2001,3,2,1,1,2,1,1,1,1,1,1,1,1,2,14,1,1,1,38,2,2,0
3,34,5,2001,4,4,1,2,2,2,4,2,1,1,1,1,1,2,14,11,2,7,33,1,2,0
3,28,5,2001,4,1,1,2,1,1,4,1,1,1,1,5,1,1,1,9,1,1,33,2,2,0
2,28,5,2001,4,3,4,2,1,1,3,1,1,1,1,1,1,1,6,2,1,1,28,1,2,1
4,28,5,2001,3,1,4,2,2,1,1,1,1,1,1,1,1,1,9,6,1,1,33,1,2,0
6,18,5,2001,2,1,1,2,2,1,1,1,1,1,1,2,1,2,14,11,1,1,33,2,2,0
6,18,5,2001,2,1,1,2,2,1,1,1,1,1,1,2,1,2,14,11,1,1,33,2,2,1
2,18,5,2001,2,1,1,2,1,1,1,1,1,1,1,2,1,2,7,6,1,1,33,2,2,0
2,18,5,2001,3,1,1,2,1,1,1,1,1,2,1,2,1,1,19,6,2,2,33,2,2,0
3,18,5,2001,3,7,8,2,2,1,1,1,1,1,1,2,1,2,14,6,1,1,33,2,2,0
1,24,5,2001,2,1,1,2,2,1,1,1,1,1,1,1,1,2,9,6,1,2,33,1,2,0
8,24,5,2001,2,1,1,2,2,1,1,1,1,1,1,1,1,2,9,6,1,1,33,1,2,0
8,24,5,2001,4,1,1,2,2,1,1,1,1,1,1,4,1,2,14,6,1,1,33,1,2,0
9,24,6,2001,2,1,1,2,1,1,1,2,1,1,1,1,1,2,14,6,1,1,33,1,2,0
5,24,6,2001,4,1,1,2,2,2,4,1,2,1,1,1,1,2,9,11,1,1,31,2,2,1
7,24,6,2001,2,1,1,1,2,1,1,1,1,1,1,1,1,1,9,2,2,3,33,1,2,1
1,24,6,2001,2,1,1,1,2,1,1,1,1,1,1,1,1,2,7,6,1,1,33,1,2,0
1,24,6,2001,5,1,1,1,2,1,1,1,1,1,1,2,1,2,8,1,1,1,35,2,2,0
1,24,6,2001,2,3,4,1,1,1,1,1,1,1,1,1,1,2,9,8,2,1,33,1,2,0
1,24,6,2001,3,2,2,1,2,1,1,2,1,1,2,1,1,2,8,6,1,1,33,1,2,1
1,24,6,2001,2,3,3,1,2,1,1,1,1,1,1,2,1,2,10,6,1,1,33,1,2,3
1,24,6,2001,2,1,4,2,2,1,1,1,1,1,1,1,1,2,9,6,1,1,33,1,0,0
1,29,4,2001,2,1,1,2,2,1,1,1,1,1,1,2,1,1,9,6,1,1,35,1,2,0
1,29,6,2001,3,1,1,1,2,2,1,1,2,1,2,3,1,2,8,11,1,5,30,1,2,0
1,29,5,2001,1,7,1,2,2,1,2,1,1,1,1,1,1,2,14,11,1,1,37,2,2,1
3,29,5,2001,4,1,7,2,1,1,4,1,1,1,1,1,1,2,8,6,1,1,33,1,2,0
5,29,5,2001,2,1,1,2,2,1,1,1,1,1,1,2,1,2,4,6,1,1,33,1,2,0
1,29,5,2001,2,1,1,2,2,1,1,1,1,1,1,2,1,1,4,6,1,1,33,2,2,1
1,29,6,2001,1,7,1,2,2,2,2,1,2,1,1,1,1,2,14,11,2,1,32,2,2,0
1,29,7,2001,2,3,8,2,2,1,1,1,1,1,1,1,1,2,8,11,1,5,33,1,2,0
3,29,6,2001,2,3,1,1,1,1,1,1,1,1,1,2,1,2,8,11,1,1,23,1,2,0
1,19,6,2001,3,7,8,2,2,1,1,1,1,1,1,4,1,2,8,6,1,1,33,2,2,0
1,23,2,2001,2,1,1,2,2,1,1,1,1,1,1,3,1,2,9,6,1,1,38,1,2,0
1,25,4,2001,3,7,1,1,2,1,1,1,1,1,1,1,1,1,8,6,1,1,38,2,2,1
3,25,4,2001,3,2,2,1,2,1,1,1,1,1,1,1,1,2,19,6,1,1,33,2,2,0
1,21,5,2001,2,1,2,2,2,1,1,1,1,1,1,4,1,2,14,11,1,1,35,2,2,0
1,21,5,2001,2,1,5,2,1,1,1,1,1,1,1,1,1,1,9,6,1,1,35,2,2,3
1,21,5,2001,2,7,1,2,2,1,1,1,1,1,1,1,1,2,8,11,1,1,30,2,2,0
1,22,6,2001,2,7,1,1,2,1,1,5,1,1,2,4,1,2,6,11,1,1,33,1,2,0
1,22,6,2001,3,1,1,2,2,1,1,1,1,1,1,1,1,1,9,6,1,1,55,2,2,1
4,22,6,2001,2,7,1,2,2,1,1,1,1,1,1,2,1,2,6,6,1,7,35,2,2,0
1,22,6,2001,3,1,2,1,2,1,1,1,1,1,1,1,1,2,13,6,1,1,33,1,2,0
3,25,6,2001,4,1,1,2,2,1,4,1,1,1,1,1,1,2,4,6,1,7,30,1,2,0
3,25,6,2001,2,1,1,2,2,1,1,1,1,1,1,1,1,2,9,6,1,7,33,2,2,0
5,25,5,2001,2,1,1,2,2,1,1,1,1,1,1,4,2,2,13,6,1,1,26,2,1,0
7,25,4,2001,3,1,4,2,1,2,1,1,1,1,2,1,2,1,14,6,1,1,33,1,2,0
4,25,4,2001,3,1,1,2,2,1,1,2,1,1,2,4,1,2,9,1,1,1,33,2,2,3
1,25,3,2001,4,1,1,2,2,1,1,1,1,1,1,3,1,2,8,6,1,7,38,1,2,0
3,33,5,2001,3,1,7,1,1,1,1,1,1,1,2,2,1,2,6,6,1,1,33,2,2,0
1,33,5,2001,2,3,1,2,2,1,1,1,1,1,1,2,1,2,19,6,2,1,36,2,2,0
1,33,6,2001,2,1,1,2,2,1,1,1,1,1,1,3,1,2,9,2,1,1,33,2,2,0
7,30,6,2001,3,1,7,2,1,1,1,2,1,1,2,1,2,1,8,6,1,1,33,1,2,1
4,28,6,2001,3,1,3,2,2,1,1,2,1,1,1,1,1,1,14,1,1,1,33,1,1,0
3,28,6,2001,2,1,1,2,2,1,1,1,1,1,1,5,1,1,4,6,1,1,33,1,2,0
8,26,1,2001,3,1,2,2,2,1,1,1,1,1,2,2,1,2,14,8,1,1,33,2,2,0
8,26,2,2001,4,3,2,1,1,1,2,1,1,1,1,1,1,2,8,1,1,1,28,2,2,0
3,26,6,2001,1,7,8,1,1,1,3,5,2,2,2,4,1,2,6,1,2,7,33,1,1,0
1,22,7,2001,2,7,1,1,2,1,1,1,1,1,1,1,1,2,14,6,1,1,33,1,2,0
1,22,7,2001,3,4,8,1,2,1,1,1,1,1,1,1,1,2,9,6,1,1,33,2,2,1
1,22,7,2001,2,7,1,2,2,2,2,3,2,1,1,3,1,2,14,2,1,1,33,2,2,3
1,18,7,2001,4,7,1,2,2,1,4,1,1,1,1,1,1,2,14,6,1,1,33,1,1,0
2,18,7,2001,2,3,1,2,2,1,1,2,1,1,1,5,1,1,14,2,1,1,33,2,2,0
3,18,7,2001,3,1,6,2,1,1,1,1,1,1,1,2,1,2,14,6,1,1,35,2,2,0
1,28,7,2001,2,3,3,2,2,1,1,1,1,1,1,1,1,1,4,1,1,1,33,1,2,1
1,24,7,2001,3,3,1,1,2,1,1,1,1,1,1,1,1,2,9,6,1,1,33,1,2,0
1,24,7,2001,3,1,1,1,1,1,1,1,1,1,1,1,1,2,9,6,1,1,33,1,2,0
6,24,7,2001,3,3,4,2,1,1,1,1,1,1,1,4,1,2,12,5,1,1,33,1,2,0
2,24,7,2001,2,1,1,2,2,1,1,1,1,1,1,1,1,2,11,6,1,1,28,1,2,0
5,24,7,2001,4,1,1,2,2,1,1,1,1,1,1,1,1,1,14,11,1,1,36,1,2,0
5,24,7,2001,2,1,2,2,2,1,1,1,1,1,1,1,1,1,7,6,1,1,33,1,2,1
2,28,7,2001,2,1,3,1,1,1,1,1,1,1,1,1,1,1,9,6,1,1,40,1,2,0
3,28,7,2001,3,1,1,2,2,1,1,1,1,1,1,1,1,1,14,5,1,1,33,1,0,0
1,21,6,2001,2,1,8,1,2,1,1,1,1,1,1,1,1,2,9,6,1,1,34,1,2,0
1,21,6,2001,2,1,1,2,2,1,1,1,1,1,1,1,1,2,9,6,1,1,33,1,2,0
3,21,6,2001,2,1,1,2,2,1,1,1,1,1,1,1,1,2,9,6,1,1,45,2,2,0
3,21,6,2001,4,1,1,2,2,1,3,1,1,1,1,1,1,1,16,6,1,1,33,1,2,1
4,21,6,2001,2,1,8,2,2,2,1,1,1,1,1,3,1,1,19,6,1,1,35,2,2,0
1,18,6,2001,2,7,1,2,2,1,1,1,1,1,1,1,1,1,14,6,1,1,33,1,2,0
4,18,6,2001,4,1,1,2,2,1,2,2,1,1,1,1,1,2,4,6,2,3,22,1,2,0
3,18,6,2001,2,1,1,2,2,1,2,1,1,1,1,2,1,2,14,6,1,1,28,2,1,0
1,28,6,2001,2,1,1,2,2,1,1,1,1,1,1,5,1,1,10,6,1,1,33,2,1,2
7,18,8,2001,2,1,8,2,2,1,2,1,1,1,1,1,1,2,14,10,1,1,35,2,2,3
1,28,8,2001,4,4,5,2,2,1,3,4,1,2,1,1,1,1,14,6,1,1,33,1,2,0
1,28,8,2001,2,7,3,2,2,1,1,2,1,1,1,2,1,2,9,6,1,1,40,2,2,0
2,27,8,2001,3,1,1,2,2,1,1,1,1,1,1,2,1,2,8,6,1,7,33,2,2,0
2,27,8,2001,2,1,1,2,2,1,1,2,1,1,1,2,1,2,9,1,1,1,33,2,2,1
2,27,9,2001,4,1,1,2,2,1,2,1,1,1,2,2,1,2,9,7,1,1,33,2,2,0
1,26,9,2001,2,7,1,1,2,1,1,1,1,1,1,2,1,1,13,2,1,7,31,2,2,0
4,26,8,2001,4,1,8,2,2,1,4,2,1,1,1,5,1,1,14,6,2,1,33,1,2,0
1,28,8,2001,2,1,1,2,2,1,1,1,1,1,1,1,1,1,9,4,1,1,33,1,2,0
7,24,9,2001,2,1,1,1,2,1,1,3,5,3,2,4,1,2,9,6,1,1,33,2,2,0
7,24,9,2001,3,1,1,1,2,1,1,1,1,1,1,2,1,2,14,6,1,1,33,2,2,0
2,28,9,2001,2,7,8,2,2,1,1,1,1,1,1,1,1,1,2,6,1,1,35,1,2,0
8,24,9,2001,4,1,1,2,2,1,3,1,1,1,1,1,1,2,12,6,1,1,33,1,2,3
5,28,8,2001,3,1,1,1,1,1,1,1,1,1,1,1,1,1,5,6,1,1,22,2,2,0
1,28,8,2001,3,3,7,2,1,2,1,1,1,1,2,1,1,1,14,1,1,1,45,2,2,1
1,19,8,2001,2,1,1,1,2,1,1,1,1,1,1,2,1,2,14,1,1,7,33,1,2,1
1,19,9,2001,3,3,1,2,2,1,1,1,1,1,1,5,1,1,13,6,1,1,32,2,2,1
1,27,9,2001,3,3,1,1,2,1,1,1,1,1,1,1,1,1,7,6,1,1,33,1,1,3
4,28,10,2001,4,7,1,2,2,1,2,1,1,1,1,1,1,2,14,11,1,7,33,1,2,0
5,28,10,2001,4,1,1,2,2,1,1,1,1,1,1,5,1,1,8,4,1,1,35,2,2,3
1,18,8,2001,2,2,8,2,2,1,3,1,1,1,1,1,1,1,14,7,1,7,32,2,2,0
1,21,8,2001,4,1,5,2,1,2,4,1,1,1,1,2,2,1,8,6,1,1,43,1,2,0
1,21,8,2001,3,1,1,2,2,1,1,1,1,1,1,2,1,2,14,6,1,1,33,1,2,0
6,21,8,2001,4,7,1,2,2,1,1,1,1,1,1,2,1,2,14,11,1,7,33,1,2,0
3,21,8,2001,4,1,1,2,2,1,1,1,1,1,1,1,1,2,9,1,1,1,33,1,2,0
2,28,10,2001,2,1,1,2,2,1,1,1,1,1,1,1,1,1,9,4,2,7,33,1,2,1
1,22,10,2001,3,1,3,1,2,1,1,1,1,1,1,1,1,1,9,6,1,1,33,1,2,0
1,24,10,2001,4,3,8,1,1,1,4,1,1,1,1,1,2,1,6,1,1,1,33,1,2,3
1,24,10,2001,1,1,1,2,2,1,2,1,1,1,1,2,1,2,14,6,1,1,33,2,2,0
1,24,10,2001,2,1,1,2,2,1,1,2,1,1,1,1,1,2,14,2,1,1,33,2,2,0
1,24,10,2001,3,1,1,2,2,1,1,1,1,1,1,2,1,2,9,6,1,1,33,1,2,0
5,24,10,2001,2,1,1,2,2,1,2,1,1,1,1,1,1,1,1,4,1,1,33,1,2,0
7,24,10,2001,2,1,3,1,2,1,1,1,1,1,1,4,1,2,9,6,1,1,33,2,2,0
3,24,8,2001,3,7,1,1,1,1,1,1,1,1,1,2,1,2,9,6,1,1,30,2,2,0
1,19,10,2001,4,3,1,2,2,1,3,1,1,1,1,2,1,2,2,6,1,1,33,2,2,0
2,19,10,2001,2,1,1,2,2,1,1,1,2,1,1,2,1,2,9,6,1,1,33,1,2,0
6,18,10,2001,2,1,3,2,1,1,2,3,1,1,1,4,1,2,14,1,1,3,33,1,2,0
2,28,11,2001,3,1,3,2,1,1,3,1,1,1,1,5,1,1,14,6,1,7,55,2,2,1
3,28,11,2001,3,1,1,2,2,1,1,1,1,1,1,1,1,1,9,6,1,1,33,1,2,0
5,28,11,2001,2,1,1,2,1,1,1,1,1,1,1,5,1,1,12,6,1,1,33,1,2,1