Thana,District,Month,Year,Time,Junction_Type,Traffic_Control,Movement,Divider,Weather,Light,Road_Geometry,Surface_Condition,Surface_Type,Surface_Quality,Road_Class,Road_Feature,Location_Type,Vehicle_Type,Vehicle_Movement,Vehicle_Loading,Vehicle_Defect,Vehicle_Driver_Age,Vehicle_Alcohol,Vehicle_Seat_Belt,Accident_Severity
1,67,4,2001,3,1,1,2,2,1,1,4,1,1,1,2,1,2,11,9,2,1,33,2,2,0
8,64,2,2001,4,1,1,2,2,1,3,1,1,1,1,5,1,1,14,6,1,1,33,2,2,0
8,64,2,2001,4,1,1,2,2,1,3,1,1,1,1,5,1,1,9,6,1,1,33,1,2,1
8,64,2,2001,1,1,1,2,2,1,3,1,1,1,1,5,1,1,6,6,1,3,33,1,2,1
1,60,1,2001,4,1,4,2,2,1,3,1,1,1,1,1,1,1,9,6,1,1,33,2,2,0
1,60,3,2001,1,1,1,1,2,1,2,1,1,1,1,1,1,2,19,6,1,1,33,2,2,3
1,60,3,2001,4,1,1,2,2,1,4,1,1,1,1,1,1,2,12,6,1,1,35,2,2,2
1,60,3,2001,4,1,1,2,2,1,3,1,1,1,1,1,1,1,9,6,1,1,33,2,2,1
3,57,3,2001,4,3,4,2,2,1,3,3,1,1,1,1,1,1,14,5,1,1,45,2,2,0
3,57,4,2001,2,3,1,2,2,1,1,1,1,1,1,1,1,2,9,6,1,2,33,1,0,0
8,57,4,2001,3,3,1,2,2,1,1,2,1,1,1,1,1,2,14,1,1,2,33,1,0,0
3,64,3,2001,2,1,1,2,2,1,1,1,1,1,1,5,1,1,14,6,1,1,32,2,2,0
3,64,4,2001,4,1,1,2,2,1,2,1,1,1,1,5,1,1,12,6,1,1,33,2,2,0
11,64,1,2001,3,3,1,2,2,1,1,1,1,1,1,5,1,1,14,1,1,3,33,2,2,0
2,59,5,2001,2,1,1,2,2,1,1,3,5,2,2,4,4,2,17,6,1,1,33,2,2,0
7,59,5,2001,4,1,1,2,2,1,3,1,1,1,1,2,1,2,14,6,1,1,33,2,2,1
1,63,3,2001,3,1,1,2,2,1,1,1,1,1,1,2,1,2,4,1,1,1,33,1,2,0
1,63,3,2001,4,3,1,2,2,1,4,1,1,1,1,2,1,2,14,6,1,1,33,1,2,0
5,63,5,2001,1,1,1,2,2,1,4,1,1,1,1,1,1,2,11,2,1,1,33,2,2,0
8,63,6,2001,1,1,1,2,2,1,2,1,2,1,1,1,1,2,14,6,1,1,31,2,2,0
1,65,5,2001,3,1,3,2,2,1,1,1,1,1,1,1,1,2,7,6,1,1,40,2,2,1
1,65,5,2001,2,1,1,2,2,1,1,1,1,1,1,1,1,2,12,6,1,2,33,1,0,0
1,65,5,2001,3,1,3,2,2,1,1,1,1,1,1,1,1,2,14,6,1,1,33,2,2,0
2,65,5,2001,3,1,1,2,2,1,1,1,1,1,1,1,1,2,7,6,1,6,40,1,2,1
2,65,5,2001,3,1,1,2,2,1,1,1,1,1,1,1,1,2,12,6,1,1,33,1,2,0
5,65,5,2001,1,1,1,2,2,1,4,1,1,1,1,1,1,2,7,6,1,1,33,2,2,0
6,65,5,2001,3,1,1,2,2,2,2,4,3,2,2,2,1,2,10,6,1,2,33,1,0,0
6,65,5,2001,3,1,1,2,2,1,1,1,1,1,1,1,1,2,14,6,1,2,33,1,0,0
7,67,5,2001,3,1,1,2,2,2,1,1,2,1,1,2,1,2,9,6,1,1,35,1,2,1
3,64,6,2001,4,1,1,2,2,2,3,1,2,1,1,5,1,1,14,6,1,1,33,2,2,0
11,67,6,2001,2,1,1,2,2,1,1,3,1,1,1,3,1,2,8,6,1,1,32,1,2,1
1,65,6,2001,2,1,1,2,2,2,1,1,2,1,1,1,1,1,9,6,1,1,45,1,2,0
2,65,6,2001,3,1,1,2,2,2,1,2,2,1,1,1,1,2,9,1,1,1,33,2,2,3
2,65,6,2001,4,1,1,2,2,1,4,1,1,1,1,1,1,2,5,1,1,1,22,2,2,0
1,68,5,2001,2,4,1,2,2,1,1,4,1,1,1,2,1,2,11,2,2,6,40,2,2,0
1,68,6,2001,2,1,1,2,2,1,1,1,1,1,1,2,1,1,5,6,1,1,28,1,2,1
1,65,6,2001,3,1,3,2,2,1,2,1,1,1,1,1,1,2,9,6,1,1,33,1,2,0
2,65,7,2001,3,1,1,2,2,1,1,1,1,1,1,2,1,2,9,6,1,3,35,2,2,0
2,65,7,2001,2,1,1,2,2,1,1,1,1,1,1,1,1,1,9,6,1,1,33,2,2,0
2,65,7,2001,4,7,1,2,2,1,4,1,1,1,1,1,1,2,11,1,1,1,28,2,2,0
2,65,7,2001,3,1,1,2,2,1,1,1,1,1,1,1,1,2,9,11,1,1,33,1,2,0
7,65,7,2001,2,1,1,2,2,1,1,1,1,1,2,2,1,2,11,5,1,1,28,2,2,0
6,65,7,2001,3,1,1,2,2,1,1,1,1,1,1,1,1,2,11,6,1,1,33,1,2,0
11,63,6,2001,4,1,1,2,2,2,4,1,2,1,3,2,1,2,13,10,1,1,33,2,2,0
5,66,5,2001,4,1,1,2,2,1,1,4,1,1,1,2,1,2,11,6,1,1,40,1,2,3
1,66,4,2001,3,1,1,2,2,1,1,1,1,1,1,2,1,2,9,6,1,1,32,2,2,0
1,66,7,2001,3,3,1,2,2,1,1,1,1,2,1,3,1,2,10,6,1,1,35,2,2,1
8,66,5,2001,3,1,1,2,2,1,1,1,1,1,1,1,1,2,8,6,1,1,40,2,2,0
14,63,5,2001,3,1,1,2,2,1,1,1,1,1,1,1,1,2,14,6,1,1,35,1,2,1
14,63,5,2001,3,1,1,2,2,1,1,1,1,1,1,1,1,2,14,5,2,1,33,1,2,0
2,66,9,2001,2,1,1,2,2,1,1,2,1,1,1,2,1,2,14,6,1,1,30,2,2,1
7,59,8,2001,1,1,1,2,2,2,4,2,2,1,1,2,1,2,10,2,1,1,33,2,2,0
1,65,8,2001,3,1,1,2,2,1,1,1,1,1,1,1,1,2,9,6,1,1,50,2,2,0
1,65,8,2001,3,1,1,2,2,1,1,1,1,1,1,1,1,1,9,6,1,1,33,2,2,1
2,65,8,2001,3,1,1,2,2,1,1,1,1,1,1,1,1,2,9,1,1,1,33,2,2,1
2,65,8,2001,3,7,1,2,2,1,1,2,1,1,1,1,1,2,8,2,1,1,42,2,2,0
2,65,8,2001,3,1,1,2,2,1,1,1,2,1,1,1,1,2,14,6,1,7,20,2,2,0
2,65,8,2001,3,1,1,2,2,1,1,1,1,1,1,1,1,2,14,6,1,1,25,1,2,0
5,65,8,2001,2,1,1,2,2,2,1,1,2,1,1,2,1,2,9,6,1,1,33,2,2,0
7,65,8,2001,2,1,1,2,2,1,1,1,1,1,1,1,1,2,11,5,1,1,27,1,2,0
14,63,8,2001,3,1,1,2,2,1,1,1,1,1,1,1,1,1,14,6,1,1,33,2,2,3
14,63,8,2001,3,1,1,1,2,1,1,1,1,1,1,1,1,2,14,6,1,1,33,1,2,0
14,63,9,2001,4,1,1,2,2,1,1,1,1,1,1,1,1,2,14,6,1,1,38,2,2,0
6,63,7,2001,2,1,1,2,2,1,2,1,1,1,1,2,1,2,8,6,1,1,41,2,2,0
4,63,8,2001,3,1,1,2,2,1,1,3,1,1,1,1,1,2,7,6,1,1,22,2,2,3
13,63,8,2001,4,7,8,2,2,2,1,1,2,1,1,1,1,2,9,6,1,1,33,2,2,0
13,63,8,2001,2,1,1,2,2,1,1,1,1,1,1,1,1,2,8,6,1,1,33,2,2,0
1,63,8,2001,2,7,1,2,2,1,1,4,1,1,1,2,1,2,8,1,1,1,33,2,2,0
3,64,10,2001,4,3,4,2,2,1,3,2,1,1,1,5,1,1,14,6,1,6,33,1,2,0
13,63,9,2001,3,1,1,2,2,1,1,1,1,1,1,4,1,2,9,6,1,1,33,1,2,0
2,67,8,2001,2,1,1,2,2,1,1,4,1,1,1,2,1,2,11,6,1,1,39,2,2,0
7,66,7,2001,2,1,1,2,2,1,1,1,1,1,1,4,1,2,9,6,1,1,30,2,2,3
8,57,6,2001,2,1,1,2,2,1,1,1,1,1,1,1,1,2,9,6,2,1,40,2,2,0
5,57,6,2001,3,3,1,2,2,1,1,1,1,1,1,2,1,2,9,6,1,1,45,2,2,1
1,57,5,2001,2,1,1,2,2,1,1,1,1,1,1,1,1,2,14,6,1,1,33,1,2,1
1,57,5,2001,2,1,1,2,2,1,1,1,1,1,1,1,1,2,11,1,1,1,33,2,2,0
1,57,6,2001,3,1,1,2,2,1,1,1,1,1,1,1,1,2,14,1,1,1,25,2,2,1
1,57,7,2001,4,1,1,2,2,1,1,1,1,1,1,1,1,2,14,6,1,1,30,2,2,0
14,63,10,2001,2,1,1,2,2,1,1,1,1,1,1,1,1,2,14,1,1,1,40,1,2,2
14,63,8,2001,4,1,1,2,2,1,3,1,1,1,1,1,1,2,14,6,1,1,30,1,2,3
7,63,8,2001,3,1,4,2,2,2,1,1,2,1,1,1,1,2,9,6,1,1,33,1,2,0
2,65,10,2001,3,1,1,2,2,1,1,1,1,1,1,1,1,1,9,6,1,1,33,2,2,0
2,65,10,2001,4,1,1,2,2,2,4,4,2,1,1,1,1,2,9,2,1,1,33,1,2,0
4,65,10,2001,3,1,2,2,2,1,1,4,1,1,2,2,1,2,14,6,1,1,33,1,2,0
5,65,10,2001,3,1,1,2,2,1,1,1,1,1,1,1,1,2,9,6,1,1,33,2,2,0
5,65,10,2001,2,1,1,2,2,2,1,1,2,1,1,2,1,2,5,6,1,1,33,1,2,0
1,59,10,2001,2,1,1,2,2,1,1,2,1,1,1,2,1,2,4,4,1,1,38,2,1,0
4,59,11,2001,3,1,1,2,2,1,1,1,1,1,1,2,1,2,17,6,1,1,33,2,2,0
4,65,11,2001,3,1,1,2,2,1,1,1,1,1,1,2,1,2,13,6,1,1,33,2,2,0
5,65,11,2001,3,1,1,2,2,1,1,1,1,1,1,4,1,2,13,6,1,1,33,2,2,0
8,63,11,2001,3,1,1,2,2,1,1,1,1,1,1,1,1,2,14,6,1,1,36,2,2,1
1,63,10,2001,3,1,1,2,2,1,1,2,1,1,1,2,1,2,13,4,1,1,30,2,2,1
1,63,10,2001,3,1,1,2,2,1,1,1,1,1,1,2,4,2,4,4,1,1,18,2,2,0
3,63,7,2001,3,1,1,2,2,1,1,1,1,1,1,1,1,2,14,5,1,1,35,2,2,0
3,63,8,2001,1,1,1,2,2,1,3,1,1,1,1,1,1,2,8,6,1,1,35,2,2,3
3,63,8,2001,4,1,1,2,2,1,4,1,1,1,1,1,1,2,5,6,1,1,33,2,2,0
2,59,12,2001,2,1,1,2,2,1,1,1,1,3,1,2,1,2,17,6,1,1,33,2,2,0
3,57,10,2001,1,1,1,2,2,1,4,1,1,1,1,1,1,2,9,11,1,1,32,2,2,0
3,57,7,2001,2,1,1,2,2,1,1,1,1,1,1,2,1,2,9,6,1,1,33,2,2,0
1,57,8,2001,3,1,1,2,2,1,1,1,1,1,1,1,1,2,14,1,1,1,32,2,2,0
1,57,9,2001,3,1,1,2,2,1,1,1,1,1,1,1,1,2,9,1,1,1,30,2,2,0
4,57,9,2001,3,1,1,2,2,1,1,1,1,1,1,4,1,2,7,6,1,1,28,2,2,0
8,57,8,2001,4,1,4,2,2,1,2,3,1,1,1,1,1,2,4,6,1,1,33,2,2,0
1,66,11,2001,3,1,1,2,2,1,1,1,1,1,1,2,1,2,9,6,1,1,30,2,2,0
5,65,12,2001,3,1,1,2,2,1,2,1,1,1,1,2,1,2,11,6,1,1,33,2,2,0
7,66,12,2001,2,1,1,2,2,1,1,1,1,1,1,2,1,1,9,6,2,1,33,2,2,0
2,65,12,2001,2,1,1,2,2,1,1,1,1,1,1,1,1,2,8,2,1,1,36,2,2,0
1,65,12,2001,2,1,1,2,2,1,1,1,1,1,1,1,1,1,7,6,1,1,33,2,2,1
1,65,12,2001,1,1,1,2,2,1,1,1,1,1,1,1,1,2,9,6,1,1,33,2,2,0
1,65,12,2001,3,1,1,2,2,1,1,1,1,1,1,1,1,1,9,6,2,1,33,2,2,0
1,64,10,2001,1,1,1,1,1,1,1,1,1,1,1,5,1,1,14,11,1,1,33,2,2,3
7,64,10,2001,1,1,1,2,2,2,1,1,2,1,1,5,1,1,10,6,1,1,33,2,2,0
7,64,11,2001,2,1,1,2,2,1,1,1,1,1,1,5,1,1,9,1,1,1,33,2,2,0
7,64,11,2001,4,1,3,2,2,1,3,1,1,1,1,5,1,1,14,1,1,1,33,2,2,3
7,64,12,2001,2,7,4,2,1,1,1,1,1,1,1,5,1,1,7,1,1,1,29,2,2,0
1,61,9,2001,1,1,1,2,2,1,4,1,1,1,1,1,1,2,9,1,1,1,35,1,2,1
1,61,9,2001,3,1,1,2,2,1,1,1,1,1,1,1,1,2,14,1,1,1,32,1,2,2
1,61,9,2001,1,1,1,2,2,1,4,1,1,1,1,1,1,2,14,1,1,1,35,1,2,2
1,61,9,2001,4,1,1,2,2,1,4,1,1,1,1,1,1,2,9,1,1,1,32,2,2,1
1,61,9,2001,2,1,1,2,2,1,2,3,1,1,1,1,1,2,14,6,2,1,33,2,2,0
1,61,10,2001,3,1,1,2,2,1,1,1,1,1,1,1,1,2,8,5,1,1,40,2,2,1
1,61,10,2001,4,1,1,2,2,1,4,1,1,1,1,1,1,2,9,1,1,1,40,1,2,0
1,61,10,2001,1,1,1,2,2,2,4,1,2,1,1,1,1,2,9,1,1,1,40,1,2,2
1,61,11,2001,1,1,1,2,2,1,4,1,1,1,1,1,1,2,7,1,1,1,35,1,2,1
1,61,11,2001,1,1,1,2,2,1,2,1,1,1,1,1,1,2,14,6,1,1,30,2,2,0
1,61,12,2001,1,1,1,2,2,1,4,1,1,1,1,1,1,2,14,2,1,1,40,2,2,1
1,61,12,2001,3,1,1,2,2,1,1,1,1,1,1,1,1,2,9,6,1,1,35,2,2,3
1,61,12,2001,1,1,1,2,2,1,2,1,1,1,1,1,1,2,10,1,1,1,32,1,2,1
1,61,12,2001,1,1,1,2,2,1,4,1,1,1,1,1,1,2,9,1,1,1,42,1,2,2
3,61,12,2001,3,1,1,2,2,1,1,1,1,1,1,2,1,2,9,6,1,1,33,2,2,0
2,61,11,2001,2,1,1,2,2,1,1,1,1,1,1,1,1,2,14,6,1,1,45,2,2,0
1,63,11,2001,3,1,2,2,2,1,1,1,1,1,1,2,1,2,8,5,1,1,32,1,2,0
1,63,11,2001,2,1,1,2,2,1,1,1,1,1,1,2,1,2,11,6,1,1,33,2,2,0
3,63,10,2001,1,1,2,2,2,1,2,1,1,1,1,2,1,2,14,6,1,1,33,2,2,2
13,63,11,2001,2,1,1,2,2,1,2,1,1,1,1,2,1,2,14,6,1,1,33,2,2,0
13,63,11,2001,3,1,1,2,2,1,1,1,1,1,1,2,1,2,9,6,1,1,33,2,2,0
1,68,8,2001,2,1,1,2,2,1,1,2,1,1,1,2,1,2,9,6,1,1,32,1,2,0
1,68,8,2001,2,4,1,2,2,1,1,3,1,1,1,2,4,1,5,6,1,1,33,2,2,1
1,68,10,2001,3,4,1,2,2,1,2,3,1,1,1,2,4,1,14,6,1,1,22,2,2,1
1,68,11,2001,2,1,1,2,2,1,1,1,1,1,1,2,2,2,14,6,1,1,26,1,2,0
3,68,10,2001,4,1,1,2,2,2,2,5,2,2,2,4,3,2,11,6,2,1,33,2,2,0
2,66,12,2001,2,1,1,2,2,1,1,1,1,1,1,2,1,2,11,6,1,1,33,2,2,0
1,57,12,2001,3,1,1,2,2,1,1,1,1,1,1,2,1,1,14,6,1,1,48,2,2,0
1,57,12,2001,1,1,1,2,2,4,2,1,2,1,1,2,1,2,9,6,1,1,38,2,2,0
2,57,12,2001,2,1,1,2,2,4,2,1,1,1,1,2,1,2,11,6,1,1,30,2,1,3
5,57,12,2001,2,3,1,2,2,1,1,1,1,1,1,2,1,2,9,8,1,1,35,2,2,0
6,57,11,2001,2,1,1,2,2,1,1,1,1,1,1,2,1,2,6,6,1,1,22,2,2,3
8,57,10,2001,4,1,1,2,2,1,4,1,1,1,1,2,1,2,9,6,1,1,35,2,2,3
8,57,10,2001,2,1,1,2,2,1,1,1,1,1,1,2,1,2,14,6,1,1,40,2,2,0
8,57,10,2001,3,1,1,2,2,1,1,1,1,1,1,2,1,2,9,6,1,1,40,2,2,0
8,57,12,2001,3,1,1,2,2,1,1,1,1,1,1,2,1,2,14,6,1,1,40,2,2,0
8,57,12,2001,2,1,1,2,2,1,1,1,1,1,1,2,1,2,10,6,1,2,33,1,0,0
7,64,10,2001,2,1,1,2,2,1,1,1,1,1,1,5,1,1,14,1,1,1,33,2,2,0
1,57,10,2001,2,3,4,2,2,4,1,4,1,1,1,2,1,1,14,2,1,5,33,2,2,0
5,64,1,2001,3,1,1,2,2,1,1,1,1,1,1,5,1,1,7,6,1,1,36,2,2,0
5,64,2,2001,3,1,1,2,2,1,1,1,1,1,1,5,1,1,15,6,1,1,33,2,2,0
5,64,4,2001,3,1,1,2,2,1,1,1,1,1,1,5,1,1,14,6,1,1,43,2,2,0
5,64,4,2001,1,1,1,2,2,1,3,1,1,1,1,5,1,1,10,6,1,2,33,1,0,0
5,64,5,2001,2,1,1,2,2,1,1,1,1,1,1,5,1,1,9,6,1,1,45,2,2,0
5,64,7,2001,4,1,1,2,2,1,2,1,1,1,1,5,1,1,15,6,1,1,33,2,2,1
5,64,9,2001,4,2,1,2,2,1,3,1,1,1,1,5,1,1,12,6,1,1,37,2,2,1
10,64,3,2001,3,1,1,2,2,1,1,1,1,1,1,5,1,1,14,6,1,1,38,1,2,0
10,64,6,2001,2,1,1,2,2,1,2,1,1,1,1,5,1,1,9,6,1,1,34,1,2,0
10,64,9,2001,3,1,1,2,2,1,1,1,1,1,1,5,1,1,14,6,1,1,51,1,2,0
10,64,10,2001,4,1,1,2,2,1,3,1,1,1,1,5,1,1,14,6,1,1,48,2,2,0
10,64,11,2001,4,1,1,2,2,1,2,1,1,1,1,5,1,1,14,6,1,1,50,2,2,1
10,64,11,2001,3,1,1,2,2,1,2,1,1,1,1,5,1,1,14,6,1,1,29,2,2,0
10,64,11,2001,2,1,1,2,2,1,1,1,1,1,1,5,1,1,14,6,2,1,42,2,2,1
10,64,11,2001,2,1,1,2,2,1,1,1,1,1,1,5,1,1,14,6,1,1,45,2,2,0
10,64,12,2001,2,1,1,2,2,1,2,1,1,1,1,5,1,1,9,6,1,1,37,2,2,1
11,64,2,2001,1,1,1,2,2,1,4,1,1,1,1,5,1,1,10,6,1,1,28,1,2,1
11,64,3,2001,2,1,1,2,2,1,1,1,1,1,1,5,1,1,12,6,1,1,30,2,2,1
11,64,5,2001,2,1,1,2,2,1,1,1,1,1,1,5,1,1,12,6,1,1,28,2,2,0
11,64,7,2001,3,1,4,2,2,1,1,1,1,1,1,5,1,1,14,6,1,1,39,2,2,1
11,64,8,2001,4,1,1,2,1,1,3,1,1,1,1,5,1,1,8,6,1,1,45,2,2,0
11,64,10,2001,4,1,4,2,2,1,3,1,1,1,1,5,1,1,10,6,1,1,33,2,2,0
11,64,11,2001,3,1,1,2,2,1,1,1,1,1,1,5,1,1,10,6,1,2,33,1,0,0
11,64,12,2001,3,1,1,2,2,1,1,1,1,1,1,5,1,1,7,2,1,1,25,2,2,1
11,64,12,2001,3,1,1,2,2,1,1,1,1,1,1,5,1,1,8,6,1,1,26,2,2,1
11,64,12,2001,4,3,1,2,2,1,2,1,1,1,1,5,1,1,14,6,1,1,33,2,2,0
11,63,11,2001,4,1,1,2,2,1,4,1,1,1,1,1,1,2,13,6,1,1,26,1,2,0
8,64,9,2001,3,1,1,2,2,1,1,1,1,1,1,5,1,1,14,6,1,1,33,1,2,0
16,42,1,2002,2,2,5,2,1,1,2,1,1,1,1,5,1,1,9,6,1,1,33,1,0,0
16,42,1,2002,2,1,5,2,1,1,1,1,1,1,1,2,1,1,9,6,1,2,33,1,0,0
16,42,1,2002,2,2,5,2,1,1,1,1,1,1,1,5,1,1,8,6,1,2,33,2,2,0
16,42,1,2002,4,2,2,2,1,1,3,1,1,1,1,5,1,1,4,6,1,2,33,1,0,0
16,42,1,2002,1,2,5,1,1,1,2,1,1,1,1,5,1,1,13,6,1,7,33,1,0,2
16,42,1,2002,3,2,6,1,1,1,1,1,1,1,1,5,1,1,14,6,1,2,33,1,0,0
16,42,2,2002,1,2,5,1,1,1,2,1,1,1,1,5,1,1,14,6,1,2,33,1,2,0
16,42,2,2002,2,3,8,1,1,1,2,1,1,1,1,5,1,1,10,6,1,1,33,1,2,1
16,42,2,2002,4,1,1,2,1,1,3,1,1,1,1,5,1,1,7,6,1,2,33,1,2,0
16,42,2,2002,4,3,5,2,1,1,3,1,1,1,1,5,1,1,9,6,1,2,33,1,2,0
16,42,2,2002,2,2,5,1,1,1,3,1,1,1,1,5,1,1,8,6,1,2,33,1,0,0
16,42,2,2002,1,2,5,1,1,1,3,1,1,1,1,5,1,1,14,6,1,2,33,1,0,0
16,42,2,2002,2,1,5,1,1,1,1,1,1,1,1,5,1,1,14,6,1,2,33,1,0,0
16,42,3,2002,2,3,4,2,1,1,1,1,1,1,1,5,1,1,7,6,1,2,33,1,2,1
16,42,3,2002,2,1,2,2,1,1,1,1,1,1,1,5,1,1,9,6,1,1,33,1,0,1
16,42,3,2002,3,2,2,2,1,1,1,1,1,1,1,5,1,1,10,6,1,1,33,1,2,1
16,42,3,2002,2,1,3,2,1,1,2,1,1,1,1,5,1,1,9,6,1,1,33,1,2,0
16,42,3,2002,1,1,1,2,1,1,2,1,1,1,1,5,1,1,14,6,1,1,33,1,2,0
22,42,1,2002,2,7,1,1,1,1,1,1,1,1,1,5,1,1,7,6,1,2,33,1,2,2
22,42,1,2002,2,1,1,2,1,1,2,1,1,1,1,5,1,1,14,6,1,1,33,1,2,2
22,42,2,2002,4,1,6,2,1,1,3,1,1,1,1,5,1,1,10,6,1,2,33,1,0,0
22,42,2,2002,4,1,8,2,1,1,3,1,1,1,1,5,1,1,10,6,1,1,33,1,0,0
22,42,2,2002,3,1,8,1,1,1,1,1,1,1,1,5,1,1,13,6,1,2,33,1,0,1
22,42,2,2002,4,2,3,2,1,1,3,1,1,1,1,5,1,1,14,6,1,2,33,2,2,1
22,42,4,2002,2,5,4,2,1,1,1,1,1,1,1,5,1,1,10,6,1,1,33,1,0,1
11,42,1,2002,4,3,3,1,1,2,1,1,1,1,1,5,1,1,7,6,1,2,33,1,2,0
11,42,1,2002,1,7,2,2,1,1,2,1,1,1,1,5,1,1,10,6,1,2,33,1,0,0
11,42,1,2002,2,1,1,2,1,1,1,1,1,1,1,5,1,1,7,6,1,2,33,1,0,0
11,42,1,2002,2,1,1,2,1,1,1,1,1,1,1,5,1,1,14,6,1,1,40,1,2,0
11,42,2,2002,2,1,1,2,1,1,1,1,1,1,1,5,1,1,14,6,1,1,27,1,2,0
11,42,3,2002,1,1,1,1,1,1,3,1,1,1,1,5,1,1,9,6,1,2,33,1,0,0
11,42,3,2002,3,1,4,1,1,1,1,1,1,1,1,5,1,1,10,6,1,2,33,1,0,0
11,42,3,2002,2,2,2,1,2,1,1,1,1,1,1,5,1,1,10,6,1,2,33,1,0,0
11,42,3,2002,3,1,3,2,1,1,1,1,1,1,1,5,1,1,8,9,1,1,33,1,2,0
11,42,3,2002,4,1,1,2,2,1,2,1,1,1,1,5,1,1,6,6,1,1,33,1,0,0
10,42,1,2002,3,3,6,2,1,1,1,1,1,1,1,5,1,1,8,6,1,1,35,2,2,0
10,42,1,2002,3,1,1,2,1,1,1,1,1,1,1,5,1,1,12,6,1,1,33,1,2,0
10,42,1,2002,1,1,6,2,1,1,2,1,1,1,1,5,1,1,14,6,1,1,33,1,2,2
10,42,1,2002,4,2,6,2,1,1,3,1,1,1,1,5,1,1,8,6,1,1,24,1,2,1
10,42,2,2002,2,7,8,2,1,1,1,1,1,1,1,5,1,1,7,6,1,2,33,1,0,0
10,42,2,2002,1,3,6,2,1,1,3,1,1,1,1,5,1,1,10,6,1,2,33,1,0,0
10,42,2,2002,1,3,6,2,1,1,3,1,1,1,1,5,1,1,14,6,1,1,40,1,2,0
10,42,3,2002,3,7,8,2,1,1,1,1,1,1,1,5,1,1,14,6,1,2,33,1,2,0
10,42,3,2002,2,7,8,2,1,1,1,1,1,1,1,5,1,1,10,6,1,1,25,2,2,1
10,42,3,2002,5,3,6,2,1,1,3,1,1,1,1,5,1,1,19,6,1,2,33,1,0,0
10,42,4,2002,2,7,1,2,1,1,1,1,1,1,1,5,1,1,19,6,1,1,33,1,0,0
10,42,4,2002,4,7,6,2,1,1,3,1,1,1,1,5,1,1,8,6,1,1,33,1,2,1
15,42,2,2002,1,1,1,1,1,1,2,1,1,1,1,5,1,1,8,6,1,1,33,1,0,0
15,42,2,2002,2,1,2,1,1,1,2,1,1,1,1,5,1,1,19,6,1,1,33,1,0,0
15,42,4,2002,4,1,2,1,1,1,3,1,1,1,1,5,1,1,10,6,1,2,35,1,0,1
15,42,4,2002,3,2,3,2,1,1,1,1,1,1,1,5,1,1,8,6,1,2,23,1,2,0
16,42,4,2002,1,1,5,1,2,1,2,1,1,1,1,5,1,1,14,6,1,1,33,1,2,0
4,42,1,2002,2,3,4,1,1,1,1,1,1,1,1,5,1,1,8,5,1,1,33,2,2,0
4,42,1,2002,3,3,4,1,1,1,1,1,1,1,1,5,1,1,8,6,2,2,45,1,2,0
4,42,2,2002,3,1,1,1,1,1,1,1,1,1,1,5,1,1,9,6,1,1,33,1,2,0
4,42,2,2002,2,1,1,1,2,1,1,1,1,1,1,5,1,1,9,6,1,1,33,1,2,1
3,42,1,2002,1,3,1,2,2,1,4,1,1,1,1,5,1,1,8,6,1,2,33,1,2,0
3,42,3,2002,4,3,1,1,1,1,1,1,1,1,1,5,1,1,13,6,1,2,33,1,2,1
2,42,1,2002,3,3,4,2,1,1,1,1,1,1,1,5,1,1,10,6,1,2,33,1,2,0
2,42,1,2002,2,2,6,2,1,1,2,1,1,1,1,5,1,1,9,6,1,2,33,2,2,0
2,42,1,2002,2,1,1,2,1,1,1,1,1,1,1,5,1,1,6,6,1,1,33,2,2,1
2,42,1,2002,1,1,1,2,1,1,3,1,1,1,1,5,1,1,14,6,1,2,33,1,2,0
2,42,2,2002,3,1,1,2,1,1,1,1,1,1,1,5,1,1,9,6,1,1,27,1,2,0
18,42,2,2002,2,1,1,2,1,1,1,1,1,1,1,5,1,1,11,6,1,2,33,1,2,1
18,42,3,2002,1,1,1,2,1,1,3,1,1,1,1,5,1,1,11,6,1,1,33,2,2,0
18,42,4,2002,1,1,1,2,1,1,2,1,1,1,1,5,1,1,12,6,1,1,33,2,2,1
18,42,4,2002,4,1,1,2,1,1,3,1,1,1,1,5,1,1,14,7,1,2,33,2,2,0
18,42,4,2002,1,1,1,2,1,1,3,1,1,1,1,5,1,1,19,6,1,2,33,1,0,0
18,42,4,2002,4,1,1,2,1,1,3,1,1,1,1,5,1,1,8,6,1,2,33,2,2,0
1,42,2,2002,4,1,4,2,1,1,3,1,1,1,1,5,1,1,8,6,1,2,23,2,2,0
1,42,2,2002,4,3,6,2,1,1,3,1,1,1,1,5,1,1,9,6,1,2,33,2,2,1
1,42,2,2002,4,1,1,2,1,1,3,1,1,1,1,5,1,1,9,6,1,2,20,2,2,2
1,42,2,2002,3,7,6,2,1,1,1,1,1,1,1,5,1,1,5,6,1,2,33,2,2,0
1,42,2,2002,2,3,4,2,1,1,1,1,1,1,1,5,1,1,14,6,1,2,33,2,2,2
1,42,2,2002,2,2,6,2,1,1,2,1,1,1,1,5,1,1,9,6,1,2,33,1,2,0
19,42,2,2002,2,1,1,2,1,1,1,1,1,1,1,5,1,1,7,6,1,2,25,2,2,0