Thana,District,Month,Year,Time,Junction_Type,Traffic_Control,Movement,Divider,Weather,Light,Road_Geometry,Surface_Condition,Surface_Type,Surface_Quality,Road_Class,Road_Feature,Location_Type,Vehicle_Type,Vehicle_Movement,Vehicle_Loading,Vehicle_Defect,Vehicle_Driver_Age,Vehicle_Alcohol,Vehicle_Seat_Belt,Accident_Severity
19,42,4,2002,1,2,1,2,1,1,2,1,1,1,1,5,1,1,14,6,1,1,28,2,2,2
4,42,5,2002,3,1,1,1,2,1,1,1,1,1,1,5,1,1,8,6,1,2,30,2,2,0
4,42,5,2002,3,1,1,2,1,1,1,1,1,1,1,5,1,1,9,6,1,2,33,2,2,0
9,42,5,2002,2,7,1,2,1,1,1,1,1,1,1,5,1,1,14,6,1,1,33,1,2,1
9,42,5,2002,1,7,8,1,2,1,3,1,1,1,1,5,1,1,14,6,1,2,33,1,2,0
9,42,5,2002,3,6,4,1,1,1,1,1,1,1,1,5,1,1,5,6,1,1,33,2,2,1
9,42,5,2002,3,1,1,1,1,1,1,1,1,1,1,5,1,1,9,6,1,1,33,2,2,0
10,42,5,2002,4,3,6,2,1,1,3,1,1,1,1,5,1,1,8,6,1,1,33,2,2,3
16,42,5,2002,2,1,1,2,2,1,1,1,1,1,1,5,1,1,9,6,1,2,33,1,2,0
16,42,5,2002,1,1,1,2,1,1,2,1,1,1,1,5,1,1,9,6,1,2,33,2,2,0
16,42,5,2002,1,1,1,2,1,1,3,1,1,1,1,5,1,1,14,6,1,1,33,1,2,1
10,42,6,2002,2,7,1,2,2,1,1,1,1,1,1,5,1,1,5,6,1,1,33,2,2,0
10,42,6,2002,4,7,1,2,1,1,3,1,1,1,1,5,1,1,14,6,1,1,32,2,2,1
10,42,6,2002,2,7,1,2,1,1,2,1,1,1,1,5,1,1,8,6,1,1,33,2,2,0
12,42,2,2002,1,3,1,2,2,1,3,1,1,1,1,5,1,1,13,6,2,2,25,1,2,1
12,42,3,2002,1,3,4,2,1,1,2,1,1,1,1,5,1,1,9,5,1,1,33,1,2,0
12,42,4,2002,2,1,1,2,1,1,1,1,1,1,1,5,1,1,10,6,1,2,33,2,2,1
12,42,4,2002,4,3,4,2,1,1,2,1,1,1,1,5,1,1,9,5,1,2,33,2,2,0
14,42,1,2002,2,1,1,2,1,1,1,1,1,1,1,5,1,1,5,6,1,1,33,2,2,0
14,42,1,2002,2,1,1,2,1,1,1,1,1,1,1,5,1,1,10,6,1,1,26,1,2,1
14,42,1,2002,1,2,4,2,1,1,3,1,1,1,1,5,1,1,14,6,1,2,33,2,2,0
14,42,2,2002,1,1,1,2,1,1,2,1,1,1,1,5,1,1,14,6,1,2,45,2,2,0
14,42,2,2002,4,1,1,2,1,1,3,1,1,1,1,5,1,1,19,6,1,2,33,2,2,0
14,42,2,2002,1,1,1,2,1,1,2,1,1,1,1,5,1,1,19,6,1,2,33,1,2,0
14,42,3,2002,1,1,4,2,2,1,2,1,1,1,1,5,1,1,14,6,1,2,33,2,2,0
8,42,1,2002,1,3,4,2,1,1,3,1,1,1,1,5,1,1,13,6,1,2,20,2,2,3
8,42,1,2002,3,3,1,2,1,1,1,1,1,1,1,5,1,1,10,6,1,2,33,2,2,1
8,42,1,2002,4,1,1,2,1,1,3,1,1,1,1,5,1,1,19,6,1,2,33,1,2,0
8,42,1,2002,1,1,1,2,1,1,3,1,1,1,1,5,1,1,14,6,1,2,33,1,2,2
8,42,2,2002,3,1,1,2,1,1,1,1,1,1,1,5,1,1,10,6,1,2,27,2,2,1
8,42,2,2002,4,1,1,2,1,1,3,1,1,1,1,5,1,1,8,6,2,1,33,2,2,1
8,42,4,2002,2,1,1,2,1,1,2,1,1,1,1,5,1,1,14,6,1,1,33,2,2,0
8,42,5,2002,5,1,1,2,1,1,3,1,1,1,1,5,1,1,7,6,1,1,33,2,2,1
8,42,6,2002,3,1,1,2,1,1,1,1,1,1,1,5,1,1,10,6,1,2,33,1,2,0
9,42,6,2002,2,1,1,1,1,1,1,1,1,1,1,5,1,1,9,6,1,1,22,2,2,0
9,42,6,2002,2,1,8,1,1,1,1,1,1,1,1,5,1,1,8,6,1,2,33,2,2,3
9,42,6,2002,1,1,1,1,1,1,3,1,1,1,1,5,1,1,14,6,1,2,33,1,2,0
9,42,6,2002,2,3,4,1,1,1,1,1,1,1,1,5,1,1,8,6,1,1,33,2,2,3
9,42,6,2002,4,1,1,2,1,1,3,1,1,1,1,5,1,1,19,6,1,1,40,2,2,1
9,42,6,2002,3,7,8,2,2,1,1,1,1,1,1,5,1,1,19,6,1,1,38,2,2,1
9,42,6,2002,3,7,8,1,1,1,1,1,1,1,1,5,1,1,8,6,1,2,33,2,2,1
9,42,6,2002,4,7,4,1,1,1,3,1,1,1,1,5,1,1,10,6,1,1,38,2,2,1
15,42,6,2002,3,1,1,2,1,1,1,1,1,1,1,5,1,1,9,6,1,1,33,2,2,2
15,42,6,2002,4,1,1,1,2,1,3,1,1,1,1,5,1,1,8,6,1,1,33,2,2,1
11,42,6,2002,2,2,1,1,1,1,1,1,1,1,1,5,1,1,6,2,1,1,33,2,2,0
11,42,6,2002,3,3,3,2,1,1,1,1,1,1,1,5,1,1,8,2,1,1,28,2,2,1
11,42,7,2002,4,1,1,1,1,1,3,1,1,1,1,5,1,1,14,6,1,2,33,2,2,0
11,42,7,2002,1,2,2,1,1,1,1,1,1,1,1,5,1,1,8,6,1,2,22,2,2,1
11,42,7,2002,2,1,1,2,1,1,1,1,1,1,1,5,1,1,7,6,1,2,23,1,2,1
11,42,7,2002,1,3,3,2,1,1,3,1,1,1,1,5,1,1,17,6,1,2,33,1,2,0
10,42,7,2002,3,7,8,2,2,1,1,1,1,1,1,5,1,1,14,6,1,2,33,1,2,0
10,42,7,2002,3,7,6,2,1,1,1,1,1,1,1,5,1,1,8,6,1,2,33,1,2,0
10,42,8,2002,2,7,8,2,2,1,1,1,1,1,1,5,1,1,8,6,1,1,29,1,2,3
10,42,10,2002,4,7,6,2,2,1,3,1,1,1,1,5,1,1,14,6,1,2,33,1,2,0
10,42,10,2002,3,7,8,2,1,1,1,1,1,1,1,5,1,1,11,6,1,2,33,1,2,0
11,42,8,2002,3,4,1,2,1,1,1,1,1,1,1,5,1,1,11,6,1,1,48,2,2,0
11,42,8,2002,5,2,1,1,1,1,3,1,1,1,1,5,1,1,8,6,1,2,33,2,2,2
11,42,8,2002,5,1,4,1,1,1,1,1,1,1,1,5,1,1,8,6,1,1,33,2,2,0
11,42,8,2002,4,2,4,2,1,1,3,1,1,1,1,5,1,1,13,6,1,1,33,2,2,1
11,42,8,2002,3,2,3,1,1,1,1,1,1,1,1,5,1,1,8,6,1,2,33,2,2,0
11,42,1,2002,2,2,2,2,1,1,1,1,1,1,1,5,1,1,7,6,1,1,33,2,2,0
11,42,10,2002,5,1,1,1,1,1,1,1,1,1,1,5,1,1,8,6,1,2,20,2,2,1
11,42,9,2002,3,1,1,2,1,1,1,1,1,1,1,5,1,1,8,6,1,2,33,2,2,0
11,42,9,2002,1,1,8,1,1,1,2,1,1,1,1,5,1,1,7,6,1,1,33,2,2,0
11,42,9,2002,1,1,1,2,1,1,3,1,1,1,1,5,1,1,14,6,1,1,33,2,2,1
11,42,8,2002,4,3,1,2,1,1,3,1,1,1,1,5,1,1,4,2,1,2,38,2,2,1
11,42,9,2002,2,1,1,1,2,1,1,1,1,1,1,5,1,1,9,6,1,1,35,2,2,1
11,42,9,2002,3,2,2,1,2,1,1,1,1,1,1,5,1,1,19,6,1,1,30,1,2,0
11,42,10,2002,3,1,1,2,1,1,1,1,1,1,1,5,1,1,8,6,1,2,33,2,2,0
11,42,10,2002,3,1,1,2,1,1,1,1,1,1,1,5,1,1,14,6,1,2,33,1,0,0
11,42,10,2002,2,1,4,1,1,1,1,1,1,1,1,5,1,1,8,6,1,1,33,2,2,0
11,42,11,2002,2,2,8,1,1,1,1,1,1,1,1,5,1,1,8,11,1,1,33,2,2,0
11,42,11,2002,4,7,8,1,1,1,3,1,1,1,1,5,1,1,8,6,1,2,33,2,2,0
11,42,11,2002,3,1,2,1,2,1,1,1,1,1,1,5,1,1,8,6,1,2,24,2,2,0
11,42,11,2002,2,1,1,1,1,1,1,1,1,1,1,5,1,1,8,6,1,1,24,2,2,0
11,42,11,2002,4,1,1,2,1,1,3,1,1,1,1,5,1,1,8,6,1,1,35,2,2,1
11,42,11,2002,2,1,2,1,2,1,1,1,1,1,1,5,1,1,10,6,1,1,33,2,2,1
5,42,2,2002,2,1,1,2,2,1,1,1,1,1,1,5,1,1,9,6,1,1,33,2,2,0
5,42,3,2002,1,1,1,2,2,1,1,1,1,1,1,5,1,1,19,6,1,1,33,2,2,0
5,42,3,2002,1,1,1,2,1,1,3,1,1,1,1,5,1,1,19,6,1,2,33,1,0,0
5,42,4,2002,1,1,1,2,1,1,3,1,1,1,1,5,1,1,9,6,2,1,33,2,2,0
5,42,5,2002,2,3,4,2,1,1,1,1,1,1,1,5,1,1,9,6,1,1,33,2,2,0
5,42,6,2002,3,1,4,2,1,1,1,1,1,1,1,5,1,1,9,6,1,1,33,2,2,0
5,42,6,2002,4,7,1,2,1,1,3,1,1,1,1,5,1,1,14,6,1,1,33,2,2,0
5,42,7,2002,2,1,1,2,1,1,1,1,1,1,1,5,1,1,7,6,1,1,33,2,2,0
5,42,7,2002,1,1,1,2,1,1,3,1,1,1,1,5,1,1,5,6,1,1,33,2,2,1
5,42,8,2002,3,1,1,2,2,1,1,1,1,1,1,5,1,1,19,6,1,2,33,1,2,0
5,42,10,2002,4,3,4,2,1,1,3,1,1,1,1,5,1,1,10,6,1,1,33,2,2,1
5,42,11,2002,4,3,4,2,1,1,3,1,1,1,1,5,1,1,19,6,1,1,33,1,0,0
19,42,5,2002,3,1,1,2,2,1,1,1,1,1,1,5,1,1,12,6,1,1,33,2,2,1
19,42,6,2002,3,1,1,2,2,1,1,1,1,1,1,5,1,1,4,6,1,1,33,2,2,1
19,42,7,2002,3,1,1,2,2,1,1,1,1,1,1,5,1,1,14,6,1,1,33,2,2,0
19,42,9,2002,3,1,1,2,2,1,1,1,1,1,1,5,1,1,12,6,1,2,30,2,2,1
7,42,2,2002,4,7,1,2,2,1,2,1,1,1,1,5,1,1,19,6,1,2,33,2,2,1
7,42,3,2002,3,7,1,2,2,1,1,1,1,1,1,5,1,1,8,6,1,2,33,1,1,0
7,42,3,2002,4,2,1,2,1,1,3,1,1,1,1,5,1,1,7,5,1,1,35,2,2,1
7,42,4,2002,1,1,1,2,2,1,4,1,1,1,1,5,1,1,14,6,2,1,33,1,2,0
7,42,5,2002,3,7,1,2,2,1,1,1,1,1,1,5,1,1,5,11,1,1,33,2,2,1
7,42,6,2002,3,1,1,2,2,1,1,1,1,1,1,5,1,1,12,6,1,2,33,1,2,1
8,42,7,2002,1,1,1,2,1,1,3,1,1,1,1,5,1,1,14,6,1,1,33,2,2,0
8,42,8,2002,4,2,6,2,2,1,3,1,1,1,1,5,1,1,9,5,1,1,33,2,2,2
8,42,9,2002,2,2,4,2,1,1,1,1,1,1,1,5,1,1,9,6,1,1,33,1,2,0
8,42,9,2002,2,1,1,2,1,1,1,1,1,1,1,5,1,1,7,5,1,1,33,2,2,2
8,42,10,2002,1,1,1,2,1,1,3,1,1,1,1,5,1,1,19,6,1,2,33,2,2,0
8,42,10,2002,4,3,4,2,1,1,3,1,1,1,1,5,1,1,9,6,1,1,30,2,2,1
8,42,10,2002,5,2,4,2,1,1,3,1,1,1,1,5,1,1,10,6,1,2,33,1,0,0
8,42,10,2002,4,1,1,2,1,1,3,1,1,1,1,5,1,1,10,6,1,2,30,2,2,0
8,42,11,2002,3,3,1,2,1,1,1,1,1,1,1,5,1,1,8,6,1,2,33,2,2,1
1,42,2,2002,4,1,1,2,1,1,3,1,1,1,1,5,1,1,9,6,1,1,33,2,2,0
1,42,3,2002,3,3,6,2,1,1,1,1,1,1,1,5,1,1,9,6,1,1,33,2,2,1
1,42,3,2002,4,1,1,2,1,1,1,1,1,1,1,5,1,1,8,5,1,7,33,2,2,2
1,42,4,2002,4,1,1,2,1,1,3,1,1,1,1,5,1,1,19,6,1,2,33,1,0,0
1,42,5,2002,3,6,4,2,1,1,1,1,1,1,1,5,1,1,6,6,1,1,33,2,2,0
1,42,5,2002,1,1,1,2,1,1,3,1,1,1,1,5,1,1,14,6,1,1,33,2,2,0
1,42,5,2002,3,3,6,2,1,1,1,1,1,1,1,5,1,1,8,6,1,1,33,2,2,2
1,42,6,2002,2,1,1,2,1,1,2,1,1,1,1,5,1,1,9,6,1,2,33,1,0,0
1,42,7,2002,3,1,1,2,1,1,1,1,1,1,1,5,1,1,14,6,1,1,33,2,2,0
1,42,7,2002,3,5,6,2,1,1,1,1,1,1,1,5,1,1,8,6,1,1,33,2,2,2
1,42,7,2002,3,5,6,2,1,1,1,1,1,1,1,5,1,1,9,6,1,1,33,2,2,2
1,42,7,2002,4,3,5,2,1,1,3,1,1,1,1,5,1,1,12,5,1,2,33,2,2,1
1,42,7,2002,3,1,1,2,1,1,1,1,1,1,1,5,1,1,19,6,1,2,33,2,2,0
1,42,7,2002,3,1,1,2,1,1,1,1,1,1,1,5,1,1,19,6,1,2,33,1,0,0
1,42,7,2002,4,2,6,2,1,1,3,1,1,1,1,5,1,1,9,6,1,1,33,2,2,1
1,42,8,2002,1,1,1,2,1,1,3,1,1,1,1,5,1,1,14,6,1,1,33,1,2,2
1,42,9,2002,3,2,6,2,1,1,1,1,1,1,1,5,1,1,9,6,1,1,33,2,2,1
1,42,9,2002,3,3,6,2,1,1,1,1,1,1,1,5,1,1,8,6,1,1,33,2,2,1
1,42,9,2002,4,2,6,2,1,1,3,1,1,1,1,5,1,1,8,6,1,1,33,2,2,0
1,42,9,2002,4,1,1,2,2,1,3,1,1,1,1,5,1,1,8,6,1,1,33,2,2,0
1,42,9,2002,4,6,4,2,1,1,3,1,1,1,1,5,1,1,9,6,1,1,33,2,2,0
1,42,10,2002,2,1,1,2,1,1,1,1,1,1,1,5,1,1,9,6,1,1,33,2,2,0
1,42,10,2002,3,1,1,2,1,1,1,1,1,1,1,5,1,1,8,5,1,1,33,2,2,2
1,42,8,2002,2,1,1,1,1,1,1,1,1,1,1,5,1,1,9,6,1,1,33,1,2,0
1,42,8,2002,2,1,1,2,2,1,1,1,1,1,1,5,1,1,19,6,1,7,33,1,2,0
1,42,8,2002,2,1,1,2,1,1,1,1,1,1,1,5,1,1,8,6,1,1,33,2,2,1
18,42,5,2002,1,1,1,2,2,1,1,1,1,1,1,5,1,1,8,6,1,1,33,2,2,1
18,42,8,2002,3,1,1,2,2,1,1,1,1,1,1,5,1,1,16,6,1,2,33,2,2,0
18,42,8,2002,3,7,1,2,2,1,1,1,1,1,1,5,1,1,16,6,1,2,33,2,2,0
18,42,9,2002,3,1,1,2,1,1,1,1,1,1,1,5,1,1,9,6,1,1,33,2,2,0
3,42,8,2002,3,1,8,2,1,1,1,1,1,1,1,5,1,1,12,6,1,1,33,2,2,0
3,42,8,2002,3,1,1,2,1,1,1,1,1,1,1,5,1,1,14,6,1,1,33,1,2,0
4,42,6,2002,3,1,1,2,2,1,1,2,1,1,1,5,1,1,7,6,1,2,33,2,2,0
4,42,9,2002,3,1,1,2,1,1,1,1,1,1,1,5,1,1,9,6,1,1,33,2,2,1
4,42,10,2002,1,1,1,2,1,1,3,1,1,1,1,5,1,1,19,6,1,2,33,1,0,0
21,42,1,2002,2,1,8,2,1,1,1,1,1,1,1,5,1,1,14,6,1,2,33,1,2,0
21,42,1,2002,2,1,1,2,2,1,1,1,1,1,1,5,1,1,11,6,1,1,33,2,2,0
21,42,4,2002,1,1,1,2,1,1,2,1,1,1,1,5,1,1,10,6,1,2,33,1,2,0
21,42,5,2002,2,1,1,2,2,1,1,1,1,1,1,5,1,1,7,6,1,1,33,2,2,0
21,42,6,2002,1,1,1,2,1,1,3,1,1,1,1,5,1,1,14,6,1,2,33,2,2,0
21,42,7,2002,3,1,1,2,1,1,1,1,1,1,1,5,1,1,9,6,1,2,33,2,2,0
21,42,7,2002,4,1,1,2,1,1,3,1,1,1,1,5,1,1,9,6,1,1,33,2,2,0
21,42,8,2002,2,1,1,2,2,1,1,1,1,1,1,5,1,1,9,6,1,2,33,2,2,0
21,42,8,2002,1,1,1,2,2,1,3,1,1,1,1,5,1,1,19,6,1,2,33,2,2,0
21,42,8,2002,1,1,1,2,2,1,3,1,1,1,1,5,1,1,14,6,1,2,33,2,2,0
21,42,8,2002,4,1,1,1,2,1,3,1,1,1,1,5,1,1,14,6,1,2,33,2,2,0
21,42,9,2002,2,1,1,2,2,1,1,1,1,1,1,5,1,1,19,6,1,2,33,2,2,0
6,42,1,2002,3,1,1,2,1,1,1,1,1,1,1,5,1,1,5,6,1,2,33,2,2,1
6,42,2,2002,4,7,1,1,1,1,2,1,1,1,1,5,1,1,19,6,1,2,33,1,2,0
6,42,2,2002,2,1,1,2,1,1,1,1,1,1,1,5,1,1,9,6,1,1,33,1,2,1
6,42,2,2002,1,1,1,2,1,1,2,1,1,1,1,5,1,1,10,6,1,2,33,1,2,0
6,42,2,2002,1,1,1,2,1,1,3,1,1,1,1,5,1,1,10,6,1,2,33,1,2,0
6,42,2,2002,2,1,1,2,1,1,1,1,1,1,1,5,1,1,8,6,1,2,33,1,2,0
6,42,3,2002,2,3,6,2,2,1,2,1,1,1,1,5,1,1,5,6,1,1,33,2,2,0
6,42,4,2002,2,1,1,2,1,1,1,1,1,1,1,5,1,1,9,6,1,2,33,2,2,0
6,42,5,2002,2,1,1,2,2,1,1,1,1,1,1,5,1,1,14,6,1,2,41,1,2,1
6,42,5,2002,4,1,1,2,1,1,2,1,1,1,1,5,1,1,9,6,1,1,33,2,2,0
6,42,6,2002,1,1,1,2,1,1,3,1,1,1,1,5,1,1,10,6,1,2,33,2,2,0
6,42,6,2002,2,1,1,2,1,1,1,1,1,1,1,5,1,1,8,6,1,2,25,2,2,0
6,42,6,2002,3,1,1,2,1,1,1,1,1,1,1,5,1,1,14,6,1,2,33,2,2,0
6,42,7,2002,2,1,1,1,2,1,1,1,1,1,1,5,1,1,9,6,1,2,33,2,2,1
6,42,7,2002,2,3,3,2,1,1,1,1,1,1,1,5,1,1,14,6,1,2,33,1,2,0
6,42,9,2002,4,1,1,2,1,1,3,1,1,1,1,5,1,1,9,6,1,1,33,2,2,0
6,42,9,2002,1,1,1,2,1,1,1,1,1,1,1,5,1,1,8,6,1,1,33,2,2,0
6,42,9,2002,4,5,6,1,1,1,3,1,1,1,1,5,1,1,14,6,1,2,33,2,2,0
6,42,10,2002,4,1,1,1,1,1,3,1,1,1,1,5,1,1,9,6,1,1,33,2,2,1
6,42,10,2002,2,1,1,1,1,1,1,1,1,1,1,5,1,1,8,6,1,1,33,2,2,0
6,42,10,2002,2,1,1,1,1,1,1,1,1,1,1,5,1,1,8,6,1,1,33,2,2,0
6,42,10,2002,2,1,1,2,1,1,1,1,1,1,1,5,1,1,9,6,1,1,33,2,2,0
6,42,10,2002,1,1,3,2,1,1,3,1,1,1,1,5,1,1,9,6,1,2,33,2,2,0
6,42,10,2002,3,1,4,1,1,1,1,1,1,1,1,5,1,1,9,6,1,2,33,2,2,0
13,42,1,2002,3,1,1,2,1,1,1,1,1,1,1,5,1,1,5,6,1,2,33,2,2,0
13,42,1,2002,1,1,1,2,1,1,3,1,1,1,1,5,1,1,16,6,1,1,33,1,2,2
13,42,1,2002,2,3,4,2,1,1,1,2,1,1,1,5,1,1,10,6,1,2,30,2,2,1
13,42,3,2002,1,1,1,2,1,1,2,1,1,1,1,5,1,1,13,6,1,2,33,2,2,1
13,42,4,2002,1,3,4,2,1,1,3,1,1,1,1,5,1,1,14,6,1,1,33,2,2,2
13,42,4,2002,3,6,4,2,1,1,1,1,1,1,1,5,1,1,9,6,1,2,23,2,2,0
13,42,4,2002,2,1,1,2,1,1,1,1,1,1,1,5,1,1,19,6,2,1,33,2,2,0
13,42,5,2002,3,1,1,2,1,1,1,1,1,1,1,5,1,1,19,6,1,2,33,2,2,2
13,42,6,2002,4,1,1,2,1,1,3,1,1,1,1,5,1,1,19,6,1,2,33,2,2,1
13,42,6,2002,3,1,1,2,1,1,1,1,1,1,1,5,1,1,8,6,1,1,33,2,2,0
13,42,8,2002,2,1,1,2,2,1,1,1,1,1,1,5,1,1,11,6,1,2,33,2,2,1
13,42,9,2002,4,1,1,2,1,1,3,1,1,1,1,5,1,1,19,6,1,2,33,2,2,0
13,42,9,2002,4,3,4,2,1,1,3,1,1,1,1,5,1,1,7,6,1,2,33,2,2,0
13,42,10,2002,4,1,1,2,1,1,3,1,1,1,1,5,1,1,9,6,1,2,33,2,2,0
13,42,11,2002,2,1,1,2,1,1,1,1,1,1,1,5,1,1,9,6,1,2,33,2,2,1
13,42,11,2002,2,2,1,2,1,1,1,1,1,1,1,5,1,1,9,6,1,2,33,2,2,0
13,42,12,2002,1,1,1,2,1,1,3,1,1,1,1,5,1,1,19,6,1,2,33,1,0,0
10,42,12,2002,2,4,5,2,1,1,1,1,1,1,1,5,1,1,10,5,1,1,33,2,2,1
10,42,12,2002,2,3,6,2,1,1,1,1,1,1,1,5,1,1,8,6,1,1,33,2,2,1
10,42,12,2002,4,7,1,2,2,1,3,1,1,1,1,5,1,1,6,6,1,1,24,2,2,0
10,42,12,2002,2,7,8,2,2,1,1,1,1,1,1,5,1,1,8,6,1,1,33,2,2,0
11,42,12,2002,2,1,3,1,1,1,1,1,1,1,1,5,1,1,8,6,1,2,35,2,2,0
11,42,12,2002,2,1,1,2,2,1,1,1,1,1,1,5,1,1,8,6,1,2,33,2,2,0
15,42,4,2002,4,1,1,1,2,1,3,1,1,1,1,5,1,1,8,6,1,1,33,1,2,1
15,42,8,2002,2,1,1,1,1,1,2,1,1,1,1,5,1,1,8,6,1,1,20,2,2,1
15,42,10,2002,4,1,1,2,1,1,3,1,1,1,1,5,1,1,7,6,1,2,33,2,2,1
15,42,10,2002,3,3,1,2,1,1,1,1,1,1,1,5,1,1,7,6,1,2,33,2,2,0
15,42,10,2002,4,1,1,2,1,1,2,1,1,1,1,5,1,1,9,6,1,1,33,2,2,0
15,42,10,2002,3,1,1,1,1,1,1,1,1,1,1,5,1,1,5,6,1,1,32,2,2,1
15,42,12,2002,3,1,1,1,1,1,1,1,1,1,1,5,1,1,14,6,1,1,33,2,2,0
2,42,3,2002,3,1,4,2,1,1,1,1,1,1,1,5,1,1,9,6,1,2,33,1,0,0
2,42,3,2002,1,4,6,2,1,1,2,1,1,1,1,5,1,1,8,6,1,1,33,2,2,3
2,42,3,2002,4,2,5,2,1,1,3,1,1,1,1,5,1,1,7,6,1,1,33,2,2,0
2,42,3,2002,2,1,1,1,1,1,1,1,1,1,1,5,1,1,7,6,1,1,33,1,2,0
2,42,3,2002,4,3,4,1,1,1,3,1,1,1,1,5,1,1,8,6,1,1,33,2,2,0
2,42,4,2002,3,2,6,2,1,1,1,1,1,1,1,5,1,1,9,5,1,1,33,2,2,2
2,42,4,2002,1,1,1,1,1,1,3,1,1,1,1,5,1,1,14,6,1,2,33,2,2,0
2,42,5,2002,2,2,4,2,2,1,1,1,1,1,1,5,1,1,9,6,1,2,33,2,2,3
2,42,5,2002,2,3,4,2,2,1,1,1,1,1,1,5,1,1,8,5,1,1,33,2,2,0
2,42,5,2002,2,2,4,2,2,1,1,1,1,1,1,5,1,1,8,6,1,2,33,2,2,1
2,42,6,2002,2,3,3,2,1,1,1,1,1,1,1,5,1,1,9,6,1,1,33,2,2,0
2,42,6,2002,2,2,6,2,1,1,1,1,1,1,1,5,1,1,9,6,1,1,33,2,2,1
2,42,7,2002,4,7,4,2,1,1,1,1,1,1,1,5,1,1,9,6,1,1,33,2,2,0
2,42,7,2002,4,1,1,2,1,1,3,1,1,1,1,5,1,1,14,6,1,2,33,2,2,0
2,42,7,2002,4,2,3,1,1,1,3,1,1,1,1,5,1,1,8,6,1,1,33,2,2,0
2,42,8,2002,2,3,4,1,1,1,1,1,1,1,1,5,1,1,9,6,1,1,33,2,2,0
2,42,8,2002,3,4,4,2,1,1,1,1,1,1,1,5,1,1,8,6,1,2,33,2,2,1
2,42,8,2002,1,1,1,1,1,1,3,1,1,1,1,5,1,1,10,6,1,1,33,2,2,0
2,42,8,2002,2,2,4,1,1,1,1,1,1,1,1,5,1,1,14,6,1,2,33,2,2,0
2,42,8,2002,1,7,4,2,1,1,3,1,1,1,1,5,1,1,5,6,1,2,33,2,2,0
2,42,9,2002,2,2,4,2,1,1,2,1,1,1,1,5,1,1,9,6,1,2,33,2,2,0
2,42,9,2002,2,2,4,2,2,1,1,1,1,1,1,5,1,1,9,6,1,1,33,2,2,0
2,42,9,2002,3,1,1,1,1,1,1,1,1,1,1,5,1,1,9,6,1,2,33,2,2,1
2,42,9,2002,4,2,3,1,1,1,3,1,1,1,1,5,1,1,8,6,1,2,33,2,2,0
2,42,9,2002,4,3,3,2,1,1,3,1,1,1,1,5,1,1,9,6,1,1,33,2,2,0
2,42,9,2002,4,5,6,2,1,1,3,1,1,1,1,5,1,1,8,6,1,1,33,2,2,0
2,42,9,2002,3,3,4,2,1,1,1,1,1,1,1,5,1,1,8,6,1,2,33,1,2,0
2,42,10,2002,1,3,2,2,1,1,2,1,1,1,1,5,1,1,14,6,1,1,33,2,2,0
2,42,10,2002,2,3,4,2,1,1,1,1,1,1,1,5,1,1,8,6,1,1,33,2,2,0
2,42,12,2002,4,3,6,2,1,1,3,1,1,1,1,5,1,1,14,6,1,1,26,2,2,1
2,42,12,2002,2,1,1,2,1,1,1,1,1,1,1,5,1,1,8,6,1,1,33,2,2,0
9,42,7,2002,2,1,1,2,1,1,1,1,1,1,1,5,1,1,7,6,1,1,33,2,2,1
9,42,7,2002,4,1,1,2,1,1,3,1,1,1,1,5,1,1,19,6,1,1,33,2,2,1
9,42,7,2002,2,7,4,2,2,1,1,1,1,1,1,5,1,1,19,6,1,2,33,2,2,2
9,42,7,2002,1,1,1,2,2,1,3,1,1,1,1,5,1,1,10,6,1,1,33,2,2,0
9,42,8,2002,1,3,6,2,2,1,3,1,1,1,1,5,1,1,14,6,1,2,33,2,2,0
9,42,8,2002,2,7,6,2,1,1,1,1,1,1,1,5,1,1,9,6,1,2,20,2,2,1
9,42,8,2002,3,7,6,2,1,1,1,1,1,1,1,5,1,1,9,6,1,2,33,2,2,0
9,42,8,2002,3,1,1,2,1,1,1,1,1,1,1,5,1,1,9,6,1,2,33,2,2,0
9,42,9,2002,2,1,1,2,1,1,1,1,1,1,1,5,1,1,8,6,1,2,33,2,2,1
9,42,9,2002,4,2,6,2,1,1,3,1,1,1,1,5,1,1,19,6,2,2,30,2,2,1
9,42,9,2002,2,1,4,2,1,1,1,1,1,1,1,5,1,1,14,6,1,7,25,2,2,1
9,42,10,2002,1,1,1,2,1,1,2,1,1,1,1,5,1,1,10,6,1,2,33,1,0,0
9,42,10,2002,2,1,4,2,1,1,1,1,1,1,1,5,1,1,8,6,1,2,33,2,2,0
9,42,10,2002,4,1,1,2,1,1,3,1,1,1,1,5,1,1,7,6,1,1,33,2,2,2
9,42,9,2002,3,5,6,2,1,1,1,1,1,1,1,5,1,1,19,6,1,2,33,2,2,2
9,42,11,2002,2,3,6,2,1,1,1,1,1,1,1,5,1,1,8,6,1,2,28,2,2,1
9,42,11,2002,1,1,1,2,1,1,2,1,1,1,1,5,1,1,12,6,1,2,33,2,2,1
9,42,11,2002,3,3,6,2,1,1,1,1,1,1,1,5,1,1,7,6,1,7,30,2,2,0
9,42,11,2002,3,5,6,2,1,1,1,1,1,1,1,5,1,1,8,6,1,1,33,2,2,0