Thana,District,Month,Year,Time,Junction_Type,Traffic_Control,Movement,Divider,Weather,Light,Road_Geometry,Surface_Condition,Surface_Type,Surface_Quality,Road_Class,Road_Feature,Location_Type,Vehicle_Type,Vehicle_Movement,Vehicle_Loading,Vehicle_Defect,Vehicle_Driver_Age,Vehicle_Alcohol,Vehicle_Seat_Belt,Accident_Severity
9,42,12,2002,2,1,1,2,1,1,1,1,1,1,1,5,1,1,9,6,1,2,33,2,2,0
9,42,12,2002,3,1,1,2,1,1,1,1,1,1,1,5,1,1,8,6,1,2,33,2,2,1
21,42,11,2002,4,1,1,2,2,1,3,1,1,1,1,5,1,1,14,6,1,2,33,2,2,0
21,42,12,2002,2,1,1,2,2,1,1,1,1,1,1,5,1,1,10,6,1,1,22,2,2,0
21,42,12,2002,3,6,4,2,2,1,2,1,1,1,1,5,1,1,8,6,1,1,33,2,2,1
4,42,11,2002,4,1,1,2,1,1,3,1,1,1,1,5,1,1,9,6,1,2,45,2,2,0
4,42,11,2002,3,1,1,2,2,1,1,1,1,1,1,5,1,1,9,5,1,1,33,2,2,0
3,42,11,2002,3,3,4,2,2,1,1,1,1,1,1,5,1,1,10,6,1,1,35,2,2,1
3,42,11,2002,2,1,1,2,1,1,1,1,1,1,1,5,1,1,6,5,1,1,33,2,2,1
3,42,12,2002,3,1,1,1,1,1,1,1,1,1,1,5,1,1,19,6,1,1,33,2,2,1
6,42,11,2002,2,1,1,2,2,1,1,1,1,1,1,5,1,1,9,6,1,1,33,2,2,1
6,42,11,2002,2,1,1,2,2,1,2,1,1,1,1,5,1,1,10,6,1,2,33,2,2,0
6,42,11,2002,2,1,1,2,2,1,1,1,1,1,1,5,1,1,8,6,1,1,33,2,2,0
6,42,11,2002,2,1,1,2,2,1,1,1,1,1,1,5,1,1,8,6,1,1,33,2,2,1
6,42,11,2002,2,1,1,2,2,1,1,1,1,1,1,5,1,1,9,6,1,2,33,2,2,0
6,42,11,2002,3,1,1,2,2,1,1,1,1,1,1,5,1,1,8,6,1,2,33,2,2,1
6,42,11,2002,2,1,1,2,2,1,1,1,1,1,1,5,1,1,10,6,1,1,33,1,0,0
6,42,11,2002,2,5,3,2,1,1,1,1,1,1,1,5,1,1,9,8,1,2,33,2,2,1
6,42,11,2002,1,1,1,2,2,1,3,1,1,1,1,5,1,1,10,6,1,2,33,1,0,0
6,42,12,2002,2,1,4,2,2,1,1,1,1,1,1,5,1,1,14,6,1,2,33,2,2,0
6,42,12,2002,4,1,1,2,2,1,3,1,1,1,1,5,1,1,6,6,1,1,33,2,2,0
6,42,12,2002,2,1,1,2,2,1,1,1,1,1,1,5,1,1,8,6,1,2,33,2,2,0
6,42,12,2002,4,1,1,2,2,1,1,1,1,1,1,5,1,1,10,6,1,2,33,1,0,1
6,42,12,2002,1,1,1,2,2,1,3,1,1,1,1,5,1,1,14,6,1,2,33,2,2,0
6,42,12,2002,4,1,3,2,2,1,3,1,1,1,1,5,1,1,9,6,1,2,33,2,2,0
6,42,12,2002,2,1,1,2,2,1,1,1,1,1,1,5,1,1,9,6,1,1,33,2,2,1
6,42,12,2002,3,1,4,2,2,1,1,1,1,1,1,5,1,1,9,6,1,1,33,2,2,0
6,42,12,2002,4,1,1,2,2,1,3,1,1,1,1,5,1,1,14,6,1,1,33,2,2,0
19,42,11,2002,4,1,1,2,1,1,4,1,1,1,1,5,1,1,14,6,1,1,33,1,2,0
7,42,11,2002,2,1,1,2,2,1,2,1,1,1,1,5,1,1,14,6,1,1,33,1,2,0
1,42,11,2002,4,5,4,2,1,1,3,1,1,1,1,5,1,1,14,6,1,1,33,2,2,2
1,42,11,2002,3,3,1,2,1,1,1,1,1,1,1,5,1,1,19,6,1,2,33,1,2,1
1,42,11,2002,3,2,6,2,1,1,1,1,1,1,1,5,1,1,9,6,1,1,33,2,2,1
1,42,11,2002,4,1,1,2,1,1,3,1,1,1,1,5,1,1,14,6,2,1,33,2,2,1
1,42,12,2002,3,3,6,2,1,1,1,1,1,1,1,5,1,1,9,6,1,1,33,2,2,2
1,42,12,2002,2,1,1,2,1,1,1,1,1,1,1,5,1,1,10,6,1,1,24,2,2,0
1,42,12,2002,2,1,1,2,2,1,1,1,1,1,1,5,1,1,9,6,1,2,33,2,2,2
1,42,12,2002,4,1,1,2,1,1,3,1,1,1,1,5,1,1,9,6,1,1,33,2,2,0
1,42,12,2002,2,1,1,2,1,1,1,1,1,1,1,5,1,1,8,6,1,1,33,2,2,0
1,42,11,2002,2,1,4,2,1,1,1,1,1,1,1,5,1,1,19,6,1,2,33,1,2,0
9,42,8,2002,2,3,6,2,1,1,1,1,1,1,1,5,1,1,8,6,1,2,30,2,2,1
9,42,8,2002,3,5,6,2,1,1,1,1,1,1,1,5,1,1,8,6,1,2,33,2,2,1
9,42,9,2002,3,3,4,2,1,1,1,1,1,1,1,5,1,1,19,6,1,2,30,2,2,0
9,42,9,2002,3,6,6,1,1,1,1,1,1,1,1,5,1,1,9,5,1,1,33,2,2,2
9,42,9,2002,2,1,1,2,1,1,1,1,1,1,1,5,1,1,9,6,1,1,33,2,2,1
9,42,9,2002,3,1,1,2,1,1,1,1,1,1,1,5,1,1,8,6,1,7,22,2,2,1
9,42,9,2002,4,1,1,2,1,1,3,1,1,1,1,5,1,1,10,6,1,1,33,2,2,0
9,42,10,2002,3,1,1,2,1,1,1,1,1,1,1,5,1,1,12,6,1,2,33,2,2,1
9,42,10,2002,3,3,4,2,1,1,1,1,1,1,1,5,1,1,8,6,1,2,28,2,2,1
9,42,1,2002,2,1,1,2,1,1,2,1,1,1,1,5,1,1,8,6,1,1,33,2,2,0
9,42,1,2002,2,1,1,2,2,1,1,1,1,1,1,5,1,1,5,6,1,1,33,2,2,1
9,42,2,2002,3,3,4,2,1,1,1,1,1,1,1,5,1,1,8,6,1,1,33,2,2,0
9,42,2,2002,1,3,4,2,1,1,3,1,1,1,1,5,1,1,14,6,1,1,33,2,2,0
9,42,3,2002,2,3,4,2,1,1,1,1,1,1,1,5,1,1,9,6,1,1,33,2,2,0
9,42,3,2002,1,1,1,2,1,1,3,1,1,1,1,5,1,1,14,6,1,7,33,2,2,0
9,42,4,2002,3,1,1,2,1,1,1,1,1,1,1,5,1,1,19,6,1,2,33,1,0,0
9,42,4,2002,4,1,1,2,1,1,3,1,1,1,1,5,1,1,8,6,1,1,33,2,2,1
9,42,4,2002,1,1,1,2,1,1,3,1,1,1,1,5,1,1,14,6,1,2,33,2,2,1
9,42,4,2002,3,3,6,2,1,1,1,1,1,1,1,5,1,1,10,6,1,2,33,2,2,1
9,42,7,2002,1,5,5,1,1,1,3,1,1,1,1,5,1,1,7,6,1,2,33,2,2,0
9,42,11,2002,1,1,1,2,1,1,3,1,1,1,1,5,1,1,4,6,1,2,33,2,2,0
9,42,11,2002,4,1,1,2,1,1,3,1,1,1,1,5,1,1,10,6,1,1,33,2,2,1
9,42,11,2002,1,1,1,2,1,1,3,1,1,1,1,5,1,1,8,6,1,2,33,2,2,0
9,42,11,2002,2,1,1,2,1,1,1,1,1,1,1,5,1,1,15,6,1,1,33,2,2,2
9,42,11,2002,3,1,4,2,1,1,1,1,1,1,1,5,1,1,8,6,1,1,33,2,2,0
9,42,11,2002,3,1,1,2,1,1,1,1,1,1,1,5,1,1,8,6,1,1,33,2,2,0
9,42,12,2002,1,1,1,2,1,1,2,1,1,1,1,5,1,1,10,6,1,1,33,2,2,0
9,42,12,2002,2,3,6,2,1,1,1,1,1,1,1,5,1,1,8,6,1,2,33,2,2,0
9,42,12,2002,3,1,1,2,1,1,1,1,1,1,1,5,1,1,8,6,1,1,33,2,2,0
9,42,4,2002,1,7,4,2,1,1,3,1,1,1,1,5,1,1,9,6,1,1,33,2,2,0
12,42,5,2002,1,1,1,2,1,1,3,1,1,1,1,5,1,1,5,6,1,1,33,2,2,1
12,42,6,2002,3,1,1,2,1,1,1,1,1,1,1,5,1,1,9,6,1,1,33,2,2,0
12,42,6,2002,2,5,4,2,1,1,1,1,1,1,1,5,1,1,9,6,1,1,33,2,2,1
12,42,6,2002,1,1,4,2,1,1,3,1,1,1,1,5,1,1,19,6,1,2,33,2,2,0
16,42,6,2002,3,1,1,2,1,1,1,1,1,1,1,5,1,1,10,6,1,2,33,1,0,0
16,42,7,2002,4,1,1,2,2,1,3,1,1,1,1,5,1,1,14,6,1,1,33,1,2,0
16,42,7,2002,4,1,1,2,1,1,3,1,1,1,1,5,1,1,14,6,1,1,33,2,2,1
16,42,7,2002,2,1,1,2,1,1,1,1,1,1,1,5,1,1,5,6,1,1,33,2,2,0
16,42,7,2002,2,1,4,2,1,1,1,1,1,1,1,5,1,1,9,6,1,1,33,2,2,0
16,42,7,2002,1,1,1,2,1,1,2,1,1,1,1,5,1,1,8,6,1,1,33,2,2,0
16,42,7,2002,1,1,4,2,1,1,2,1,1,1,1,5,1,1,10,6,1,1,33,1,2,0
16,42,7,2002,2,1,1,2,1,1,1,1,1,1,1,5,1,1,10,6,1,1,33,2,2,0
16,42,7,2002,1,1,1,2,1,1,3,1,1,1,1,5,1,1,14,6,1,1,33,2,2,0
16,42,7,2002,1,1,1,2,1,1,4,1,1,1,1,5,1,1,14,6,1,2,33,2,2,0
16,42,8,2002,2,3,6,2,1,1,1,1,1,1,1,5,1,1,9,6,1,2,33,2,2,1
16,42,8,2002,2,1,1,2,1,1,2,1,1,1,1,5,1,1,10,6,1,2,33,1,0,0
16,42,8,2002,1,1,1,2,1,1,3,1,1,1,1,5,1,1,14,6,1,2,33,2,2,0
16,42,8,2002,1,1,1,2,1,1,3,1,1,1,1,5,1,1,14,6,1,2,33,2,2,0
16,42,8,2002,2,1,1,2,1,1,1,1,1,1,1,5,1,1,10,6,1,2,33,1,0,0
16,42,8,2002,4,1,1,2,1,1,3,1,1,1,1,5,1,1,15,6,1,1,33,2,2,0
16,42,9,2002,2,1,1,2,1,1,2,1,1,1,1,5,1,1,14,6,1,2,33,2,2,0
16,42,9,2002,3,1,1,2,2,1,1,1,1,1,1,5,1,1,9,6,1,2,33,2,2,0
16,42,9,2002,4,1,1,2,1,1,3,1,1,1,1,5,1,1,9,6,1,1,33,2,2,0
16,42,9,2002,2,1,1,2,1,1,1,1,1,1,1,5,1,1,9,6,1,2,33,2,2,0
16,42,9,2002,2,1,4,2,1,1,1,1,1,1,1,5,1,1,9,6,1,1,33,1,2,1
16,42,9,2002,2,3,4,2,1,1,1,1,1,1,1,5,1,1,14,6,1,2,33,1,2,0
16,42,10,2002,1,3,4,2,1,1,2,1,1,1,1,5,1,1,14,6,1,1,33,2,2,2
16,42,10,2002,4,1,2,2,1,1,2,1,1,1,1,5,1,1,14,6,1,2,33,2,2,0
16,42,10,2002,4,1,1,2,2,1,3,1,1,1,1,5,1,1,19,6,1,2,33,1,0,0
16,42,10,2002,3,1,1,2,1,1,1,1,1,1,1,5,1,1,10,6,1,1,33,2,2,1
16,42,10,2002,1,1,1,2,1,1,3,1,1,1,1,5,1,1,19,6,1,2,33,2,2,0
16,42,11,2002,2,1,1,2,1,1,2,1,1,1,1,5,1,1,9,6,1,1,33,2,2,0
16,42,11,2002,3,1,1,2,1,1,1,1,1,1,1,5,1,1,9,6,1,2,33,2,2,1
16,42,12,2002,1,1,1,2,2,1,3,1,1,1,1,5,1,1,14,6,1,2,33,2,2,0
22,42,8,2002,4,1,3,1,1,1,3,1,1,1,1,5,1,1,7,6,1,2,33,2,2,0
22,42,9,2002,3,1,1,2,1,1,1,1,1,1,1,5,1,1,8,6,1,1,33,1,2,1
22,42,9,2002,4,1,1,2,1,1,2,1,1,1,1,5,1,1,19,6,1,2,33,1,0,0
22,42,11,2002,2,5,4,2,1,1,1,1,1,1,1,5,1,1,9,6,1,2,33,2,2,0
22,42,12,2002,3,1,1,2,1,1,1,1,1,1,1,5,1,1,8,6,1,1,40,2,2,0
22,42,12,2002,3,5,6,2,1,1,1,1,1,1,1,5,1,1,8,6,1,1,33,2,2,1
22,42,12,2002,3,1,4,2,2,1,1,1,1,1,1,5,1,1,4,6,1,1,27,1,2,1
12,42,7,2002,3,1,1,2,1,1,1,1,1,1,1,5,1,1,10,6,1,1,33,2,2,0
12,42,7,2002,2,1,1,2,1,1,2,1,1,1,1,5,1,1,8,6,1,1,33,2,2,0
12,42,7,2002,2,1,1,2,1,1,1,1,1,1,1,5,1,1,9,6,1,1,33,2,2,0
12,42,7,2002,3,1,1,2,1,1,1,1,1,1,1,5,1,1,10,6,1,1,33,2,2,1
12,42,7,2002,1,1,1,2,1,1,3,1,1,1,1,5,1,1,14,6,1,1,33,2,2,0
12,42,8,2002,4,1,1,2,1,1,3,1,1,1,1,5,1,1,10,6,1,1,33,2,2,2
12,42,8,2002,4,1,1,2,1,1,1,1,1,1,1,5,1,1,8,6,1,1,33,2,2,0
12,42,8,2002,1,1,1,2,1,1,3,1,1,1,1,5,1,1,12,6,1,1,33,2,2,0
12,42,8,2002,3,6,1,2,1,1,1,1,1,1,1,5,1,1,10,6,1,1,33,2,2,2
12,42,8,2002,2,3,6,2,1,1,1,1,1,1,1,5,1,1,9,6,1,1,33,1,2,2
12,42,8,2002,4,3,6,2,1,1,3,1,1,1,1,5,1,1,9,6,1,1,33,2,2,0
12,42,9,2002,1,3,4,2,1,1,2,1,1,1,1,5,1,1,14,6,1,2,33,1,2,0
12,42,9,2002,4,3,6,2,1,1,3,1,1,1,1,5,1,1,9,6,1,1,33,2,2,0
12,42,10,2002,2,1,1,2,1,1,1,1,1,1,1,5,1,1,12,6,1,1,33,2,2,2
12,42,10,2002,2,1,1,2,1,1,1,1,1,1,1,5,1,1,10,6,1,1,33,2,2,0
12,42,11,2002,3,1,1,2,1,1,1,1,1,1,1,5,1,1,19,6,1,1,33,2,2,0
12,42,11,2002,1,3,6,2,1,1,3,1,1,1,1,5,1,1,14,6,1,1,33,2,2,1
12,42,12,2002,2,1,1,2,1,1,1,1,1,1,1,5,1,1,8,6,1,1,33,2,2,1
17,42,1,2002,2,1,1,2,1,1,1,1,1,1,1,5,1,1,9,6,1,1,33,2,2,0
17,42,2,2002,2,1,1,2,1,1,1,1,1,1,1,5,1,1,12,6,1,1,33,2,2,1
17,42,3,2002,4,1,1,2,1,1,3,1,1,1,1,5,1,1,14,6,1,1,33,2,2,0
17,42,3,2002,3,1,1,2,1,1,1,1,1,1,1,5,1,1,9,6,1,1,33,2,2,1
17,42,3,2002,3,1,1,2,1,1,1,1,1,1,1,5,1,1,10,6,1,2,33,1,0,0
17,42,3,2002,1,1,1,2,1,1,3,1,1,1,1,5,1,1,14,6,1,1,33,2,2,2
17,42,4,2002,2,3,4,2,1,1,1,1,1,1,1,5,1,1,9,6,1,1,33,2,2,0
17,42,5,2002,2,1,1,2,1,1,1,1,1,1,1,5,1,1,8,6,1,1,33,2,2,0
17,42,6,2002,2,1,1,2,1,1,1,1,1,1,1,5,1,1,7,6,1,1,33,2,2,1
17,42,7,2002,4,1,1,2,1,1,2,1,1,1,1,5,1,1,12,6,1,1,18,2,2,0
17,42,7,2002,4,1,1,2,1,1,3,1,1,1,1,5,1,1,19,6,1,2,33,1,0,0
17,42,8,2002,3,1,1,2,2,1,1,1,1,1,1,5,1,1,10,3,1,1,33,2,2,1
17,42,8,2002,4,1,1,2,1,1,3,1,1,1,1,5,1,1,10,6,1,1,28,2,2,1
17,42,9,2002,1,1,1,2,1,1,3,1,1,1,1,5,1,1,14,6,1,1,33,1,2,0
17,42,12,2002,2,1,1,2,1,1,1,1,1,1,1,5,1,1,12,6,1,1,33,2,2,1
17,42,12,2002,4,1,1,2,1,1,2,1,1,1,1,5,1,1,10,6,1,1,33,2,2,0
14,42,4,2002,4,2,4,2,1,3,1,1,1,1,1,5,1,1,10,6,1,2,33,2,2,0
14,42,4,2002,2,1,1,2,1,1,1,1,1,1,1,5,1,1,9,6,1,1,33,1,2,0
14,42,4,2002,4,3,4,2,1,1,3,1,1,1,1,5,1,1,14,6,1,1,33,2,2,1
14,42,4,2002,4,3,4,2,1,1,3,1,1,1,1,5,1,1,14,6,1,1,33,2,2,1
14,42,4,2002,1,1,1,2,1,1,3,1,1,1,1,5,1,1,14,6,1,2,33,2,2,2
14,42,4,2002,1,1,1,2,1,1,3,1,1,1,1,5,1,1,19,6,1,2,33,1,0,0
14,42,4,2002,4,1,4,2,1,1,3,1,1,1,1,5,1,1,9,6,1,1,33,2,2,0
14,42,4,2002,2,1,1,2,2,1,2,2,1,1,1,2,1,1,19,6,1,2,33,1,0,0
14,42,4,2002,4,1,1,2,1,1,3,1,1,1,1,5,1,1,19,6,1,2,33,1,0,0
14,42,5,2002,4,3,4,2,1,1,3,1,1,1,1,5,1,1,14,6,1,1,33,2,2,0
14,42,5,2002,1,1,1,2,2,1,4,1,1,1,1,2,1,1,14,6,1,2,33,2,2,0
14,42,5,2002,2,1,1,2,2,1,2,1,1,2,1,2,1,1,8,6,1,1,33,2,2,1
14,42,5,2002,2,1,1,2,2,1,1,1,1,1,1,2,1,1,19,6,1,2,33,1,0,0
14,42,6,2002,3,1,1,2,2,1,1,1,1,1,1,2,1,1,14,6,1,1,33,2,2,0
14,42,6,2002,3,1,1,2,2,1,1,1,1,1,1,5,1,1,10,6,1,1,33,2,2,1
14,42,6,2002,3,1,1,2,2,1,1,1,1,1,1,2,1,2,7,6,1,2,33,2,2,0
14,42,6,2002,4,1,1,2,2,1,3,1,1,1,1,2,1,2,14,6,1,2,33,1,2,0
14,42,6,2002,2,3,4,2,1,1,1,1,1,1,1,5,1,1,9,6,1,1,33,1,2,0
14,42,6,2002,4,3,4,2,1,1,3,1,1,1,1,5,1,1,10,6,1,1,33,2,2,0
14,42,6,2002,1,1,1,2,1,1,2,1,1,1,1,5,1,1,19,6,1,2,33,1,0,0
14,42,7,2002,4,3,4,2,1,1,3,1,1,1,1,5,1,1,9,6,1,2,33,2,2,1
14,42,7,2002,2,1,1,2,2,1,1,1,1,1,1,2,1,2,9,6,1,2,33,2,2,1
14,42,7,2002,2,1,1,2,2,1,1,1,1,1,1,5,1,1,7,6,1,1,33,2,2,0
14,42,7,2002,4,1,1,2,2,1,4,1,1,1,1,2,1,2,10,6,1,1,33,2,2,0
14,42,7,2002,1,3,4,2,1,1,3,1,1,1,1,5,1,1,14,6,1,2,33,2,2,2
14,42,8,2002,3,3,4,2,1,1,1,1,1,1,1,5,1,1,8,6,1,1,33,2,2,1
14,42,8,2002,1,1,1,2,1,1,3,1,1,1,1,5,1,1,14,5,1,1,33,2,2,0
14,42,8,2002,3,5,4,2,1,1,1,1,1,1,1,5,1,1,9,6,1,1,33,2,2,0
14,42,9,2002,4,3,4,2,1,1,2,1,1,1,1,5,1,1,14,6,1,1,33,2,2,0
14,42,9,2002,4,3,4,2,1,1,3,1,1,1,1,5,1,1,14,6,1,1,33,2,2,2
14,42,9,2002,2,1,1,2,1,1,1,1,1,1,1,5,1,1,8,6,1,2,33,2,2,0
14,42,10,2002,2,1,1,2,1,1,1,1,1,1,1,5,1,1,9,6,1,2,33,2,2,0
14,42,11,2002,2,1,1,2,2,1,1,1,1,1,1,2,1,2,9,6,1,2,33,2,2,1
14,42,12,2002,2,1,1,2,2,1,1,1,1,1,1,2,1,2,14,6,1,1,33,2,2,0
14,42,12,2002,2,2,4,2,1,1,1,1,1,1,1,5,1,1,4,6,1,1,33,2,2,0
14,42,12,2002,1,3,4,2,1,1,3,1,1,1,1,5,1,1,8,6,1,2,33,2,2,1
14,42,12,2002,3,1,1,2,1,1,1,1,1,1,1,5,1,1,8,6,1,2,33,2,2,0
14,42,12,2002,1,3,4,2,1,1,3,1,1,1,1,5,1,1,14,6,1,1,33,2,2,1
1,64,1,2002,4,1,1,2,2,1,3,1,1,1,1,5,1,1,8,6,1,1,33,2,2,3
1,59,1,2002,3,1,3,2,2,1,1,1,1,1,1,2,1,1,4,6,1,1,40,2,2,0
1,59,1,2002,2,1,1,2,2,1,1,1,1,2,3,4,1,2,17,6,1,1,45,2,2,1
2,59,1,2002,3,1,1,2,2,1,1,1,1,1,1,2,1,2,13,6,1,1,33,2,2,0
5,57,1,2002,2,1,1,2,2,1,1,1,1,1,1,2,1,2,14,6,1,1,35,2,2,1
1,61,1,2002,1,1,1,2,2,1,4,1,1,1,1,1,1,2,14,6,1,1,33,2,2,2
1,61,1,2002,3,1,1,2,2,1,1,1,1,1,1,1,1,2,9,1,1,1,45,2,2,0
6,57,1,2002,2,1,1,2,2,1,1,1,1,1,1,2,1,2,6,6,1,1,33,2,2,0
2,65,1,2002,4,3,4,2,2,1,2,1,1,1,1,1,1,2,9,6,1,1,32,2,2,0
5,65,1,2002,2,1,1,2,2,1,1,1,1,2,2,4,1,2,11,6,2,1,33,2,2,0
5,65,1,2002,4,1,1,2,2,1,2,1,1,1,1,1,1,2,14,6,2,1,33,2,2,0
7,65,1,2002,3,1,1,2,2,1,1,1,1,1,1,2,1,2,7,6,1,1,27,2,2,0
1,61,1,2002,3,1,1,2,2,1,1,1,1,1,1,1,1,2,8,1,1,1,32,1,2,0
1,61,1,2002,2,1,1,2,2,1,1,1,1,1,1,1,1,2,14,6,1,1,33,2,2,0
2,61,2,2002,1,1,1,2,2,1,4,1,1,1,1,1,1,2,14,6,1,1,33,2,2,0
1,59,2,2002,3,1,1,2,2,1,1,1,1,1,3,2,1,2,6,6,1,1,33,2,2,0
1,59,1,2002,2,1,1,2,2,1,1,1,1,2,3,4,1,2,17,6,1,1,45,2,2,1
1,59,1,2002,3,1,3,2,2,1,1,1,1,1,1,2,1,1,4,6,1,1,40,2,2,0
2,59,1,2002,3,1,1,2,2,1,1,1,1,1,1,2,1,2,4,6,1,1,1,2,2,0
1,57,1,2002,1,1,1,2,2,4,2,1,1,1,1,2,1,2,9,6,1,1,33,2,2,1
1,59,2,2002,3,1,1,2,2,1,1,1,1,1,3,2,1,2,6,6,1,1,33,2,2,0
1,59,3,2002,3,1,1,2,2,1,1,1,1,1,1,2,1,1,10,6,1,1,33,2,2,1
1,59,3,2002,3,1,1,2,2,1,1,4,1,1,1,4,1,2,17,6,2,1,33,2,2,0
4,59,3,2002,3,1,1,2,2,1,1,1,1,1,1,2,1,2,9,6,1,1,33,2,2,0
4,59,3,2002,2,1,1,2,2,1,1,1,1,1,1,2,1,2,17,6,1,1,33,2,2,0
4,59,3,2002,4,1,1,2,2,1,3,1,1,1,1,2,1,2,13,6,1,1,33,2,2,1
5,59,3,2002,3,1,1,2,2,1,1,1,1,1,1,2,1,2,9,6,1,1,33,2,2,0
1,61,2,2002,1,1,1,2,2,1,2,1,1,1,1,1,1,2,9,1,1,1,42,2,2,0
1,61,2,2002,1,1,1,2,2,1,4,1,1,1,1,1,1,2,7,1,1,1,28,1,2,1
1,61,2,2002,1,2,1,2,2,1,2,1,1,1,1,1,1,2,10,6,1,2,33,1,0,0
1,61,3,2002,1,1,1,2,2,1,4,1,1,1,1,1,1,2,15,1,1,1,22,1,2,1
1,61,3,2002,2,3,1,2,2,1,1,1,1,1,1,1,1,2,14,1,1,1,30,1,2,1
1,61,3,2002,3,3,1,2,2,1,1,1,1,1,1,1,1,2,14,1,1,1,35,1,2,1
1,61,3,2002,2,2,1,2,2,1,1,1,1,1,1,1,1,2,14,1,1,1,33,1,2,0
3,61,2,2002,3,3,1,2,2,1,1,1,1,1,1,2,1,2,9,6,1,1,32,1,2,0
2,61,1,2002,4,1,1,2,2,1,4,1,1,1,1,2,1,2,7,6,1,1,33,2,2,0
2,61,3,2002,3,3,1,2,2,1,1,1,1,1,1,2,1,2,14,6,1,1,33,1,2,0
1,63,2,2002,3,1,1,2,2,1,1,1,1,1,1,4,1,2,10,6,1,1,45,2,2,2
1,63,4,2002,3,1,1,2,2,1,1,1,1,1,1,4,1,2,6,6,1,1,33,2,2,2
2,63,2,2002,3,3,1,2,2,1,1,1,1,1,1,4,1,2,11,5,2,1,33,1,2,0
8,63,3,2002,3,1,1,2,2,1,1,1,1,1,1,1,1,2,9,5,1,1,35,2,2,0
11,63,1,2002,2,1,1,2,2,1,1,1,1,1,1,2,1,2,14,6,1,1,33,2,2,0
1,65,3,2002,2,1,1,2,2,1,1,1,1,1,1,1,1,2,11,6,1,1,30,2,2,0
2,65,2,2002,2,1,1,2,2,1,1,1,1,1,1,1,1,2,11,6,1,1,33,2,2,1
2,65,2,2002,2,1,1,2,2,1,1,1,1,1,1,1,1,2,9,6,1,1,33,2,2,0
5,65,2,2002,2,1,1,2,2,1,1,1,1,1,1,1,1,2,10,6,1,1,33,2,2,0
5,65,3,2002,2,1,1,2,2,1,1,1,1,1,1,1,1,2,7,6,1,5,24,2,2,0
5,65,3,2002,3,1,1,2,2,1,1,1,1,1,1,1,1,2,7,6,1,1,35,2,2,0
5,65,3,2002,3,1,1,2,2,1,1,1,1,1,1,1,1,2,9,6,1,1,28,2,2,0
7,65,2,2002,2,1,3,2,2,1,1,1,1,1,1,1,1,1,11,6,1,1,35,2,2,0
7,65,3,2002,2,1,3,2,2,1,1,1,1,1,1,1,1,2,14,6,1,1,33,2,2,0
7,65,3,2002,1,1,1,2,2,1,1,1,1,1,1,2,1,2,7,6,1,1,33,2,2,0
7,65,3,2002,2,1,1,2,2,1,1,1,1,1,1,1,1,2,10,6,1,2,33,1,0,2
1,68,1,2002,3,1,1,2,2,1,1,3,1,1,1,2,1,2,9,6,2,1,28,1,2,0
1,57,3,2002,4,1,1,2,2,1,2,1,1,1,1,2,1,1,9,6,1,1,39,2,2,3
2,57,2,2002,2,1,1,2,2,1,2,1,1,1,1,2,1,2,6,6,1,1,35,2,2,0
3,57,3,2002,3,1,1,2,2,1,1,1,1,1,1,2,1,2,9,6,1,1,30,2,2,0
8,57,2,2002,3,1,1,2,2,1,1,1,1,1,1,2,1,2,15,6,1,2,33,1,0,0
8,57,2,2002,4,1,1,2,2,1,1,1,1,1,1,2,1,2,6,5,1,1,30,2,2,2
8,57,3,2002,3,1,3,2,2,1,1,1,1,1,1,1,1,2,9,6,1,1,45,2,2,0
8,57,3,2002,2,1,1,2,2,1,1,3,1,1,1,2,3,2,17,6,1,1,49,2,2,0
8,57,3,2002,2,1,3,2,2,1,1,1,1,1,1,1,1,2,9,6,1,1,47,2,2,0
4,59,4,2002,3,1,1,2,2,1,1,1,1,1,1,2,1,2,14,6,1,1,33,1,2,0
5,59,4,2002,3,1,1,2,2,1,1,2,1,1,1,3,1,2,17,2,1,1,33,2,2,0
1,61,4,2002,3,3,1,2,2,1,1,1,1,1,1,1,1,2,14,1,1,1,42,1,2,0
1,61,4,2002,1,1,1,2,2,1,4,1,1,1,1,1,1,2,9,1,1,1,35,1,2,1
1,61,4,2002,3,1,1,2,2,1,1,1,1,1,1,1,1,2,9,1,1,1,40,1,2,2
1,61,4,2002,4,1,1,2,2,1,4,1,1,1,1,1,1,2,7,1,1,1,33,1,2,1
1,61,4,2002,4,1,1,2,2,1,4,1,1,1,1,1,1,2,12,1,1,1,35,1,2,1
1,61,4,2002,1,1,1,2,2,1,2,1,1,1,1,1,1,2,10,6,1,2,33,1,0,0
1,61,4,2002,3,1,1,2,2,1,1,1,1,1,1,1,1,2,14,6,1,1,33,1,2,0
4,61,2,2002,3,1,1,2,2,1,1,1,1,1,1,1,1,2,12,6,1,1,26,2,2,0
4,61,3,2002,4,1,1,2,2,1,4,1,1,1,1,2,1,2,14,6,1,1,30,2,2,2
5,61,3,2002,3,1,1,2,2,1,1,3,1,1,1,2,1,2,9,6,1,1,33,2,2,0
4,63,2,2002,1,1,1,2,2,4,4,4,2,1,1,1,1,2,12,6,1,1,35,1,2,0