Thana,District,Month,Year,Time,Junction_Type,Traffic_Control,Movement,Divider,Weather,Light,Road_Geometry,Surface_Condition,Surface_Type,Surface_Quality,Road_Class,Road_Feature,Location_Type,Vehicle_Type,Vehicle_Movement,Vehicle_Loading,Vehicle_Defect,Vehicle_Driver_Age,Vehicle_Alcohol,Vehicle_Seat_Belt,Accident_Severity
4,63,2,2002,1,1,1,2,2,1,2,1,1,1,1,1,1,2,8,6,1,1,40,2,2,1
4,63,2,2002,2,1,1,2,2,1,1,2,1,1,1,1,1,2,9,5,1,1,45,1,2,0
4,63,3,2002,2,1,1,2,2,1,1,1,1,1,1,1,1,2,8,6,1,1,35,2,2,0
4,63,3,2002,1,1,1,2,2,1,4,2,1,1,1,1,1,2,13,1,1,1,45,1,2,0
5,63,3,2002,2,1,1,2,2,1,1,1,1,1,1,2,1,2,11,6,2,1,33,2,2,0
6,63,1,2002,2,1,1,2,2,1,1,4,1,1,1,2,1,2,11,6,1,1,33,1,2,0
6,63,2,2002,3,1,1,2,2,1,1,1,1,1,1,2,1,2,14,2,1,1,33,2,2,0
6,63,3,2002,2,1,1,2,2,1,1,1,1,1,1,2,1,2,14,6,1,1,33,1,2,1
7,63,1,2002,2,1,1,2,2,1,1,1,1,1,1,1,1,2,9,6,1,1,35,1,2,0
7,63,3,2002,2,1,1,2,2,1,1,1,1,1,1,2,1,2,5,6,1,1,30,2,2,0
7,63,3,2002,3,1,1,2,2,1,1,1,1,1,1,1,1,2,7,6,1,1,30,2,2,0
9,63,3,2002,3,1,1,2,2,1,1,1,1,1,1,1,1,2,9,6,1,1,33,2,2,0
9,63,3,2002,4,1,1,2,2,1,2,1,1,1,1,1,1,2,7,5,1,1,33,2,2,1
11,63,3,2002,2,1,1,2,2,1,1,1,1,1,1,2,1,2,14,6,1,1,40,1,2,0
13,63,2,2002,3,1,1,2,2,1,1,1,1,1,1,1,1,2,9,6,1,1,30,1,2,0
13,63,2,2002,1,1,1,2,2,1,4,1,1,1,1,1,2,2,12,6,1,1,33,1,2,1
11,64,1,2002,2,1,1,2,2,1,1,1,1,1,1,5,1,1,8,6,1,1,33,2,2,0
11,64,1,2002,3,1,6,2,2,1,1,1,1,1,1,5,1,1,8,2,1,1,33,1,2,1
11,64,1,2002,3,1,1,2,2,1,1,1,1,1,1,5,1,1,7,6,1,1,33,2,2,0
11,64,3,2002,2,1,1,2,1,1,1,1,1,1,1,5,1,1,10,6,1,1,35,2,1,1
11,64,4,2002,4,1,1,2,1,1,3,1,1,1,1,5,1,1,8,6,1,1,30,2,2,0
11,64,4,2002,2,2,4,2,1,1,1,1,1,1,1,5,1,1,8,6,1,1,35,2,2,0
2,65,4,2002,3,1,1,2,2,1,1,1,1,2,2,4,1,2,11,6,1,1,33,1,2,0
2,65,4,2002,3,1,1,2,2,1,1,1,1,3,2,4,1,2,14,6,1,1,33,1,2,0
2,65,4,2002,2,1,1,2,2,1,1,1,1,1,1,1,1,1,9,6,1,1,33,2,2,0
5,65,3,2002,2,1,1,2,2,1,1,1,1,1,1,1,1,2,9,6,1,1,33,2,2,0
5,65,4,2002,3,1,1,2,2,1,1,1,1,1,1,1,1,2,11,6,1,1,33,2,2,0
6,65,4,2002,2,1,1,2,2,1,1,1,1,1,1,1,4,2,7,6,1,1,28,2,2,0
8,64,5,2002,4,1,1,2,2,1,3,1,1,1,1,5,1,1,14,6,1,1,33,1,2,1
1,65,5,2002,2,1,1,2,2,2,1,2,2,1,1,1,1,2,9,1,1,1,33,2,2,0
2,65,5,2002,3,1,1,2,2,2,1,1,2,2,2,4,1,2,14,6,1,1,33,2,2,0
1,58,1,2002,3,1,1,2,2,1,1,1,1,1,1,2,1,2,7,6,1,1,28,2,2,1
1,58,3,2002,2,1,1,2,2,1,1,1,1,1,1,1,1,1,9,6,1,1,35,2,2,0
1,58,3,2002,2,1,1,2,2,1,2,1,1,1,1,1,1,1,10,6,1,2,33,1,0,0
1,58,4,2002,2,1,3,2,2,1,1,1,1,1,1,2,1,1,17,6,2,1,24,2,2,0
2,58,1,2002,2,1,2,2,2,1,1,1,1,1,1,1,1,2,14,5,1,1,38,2,2,3
2,58,3,2002,1,1,1,2,2,1,2,1,1,1,1,2,1,2,10,6,1,2,33,1,0,0
2,58,3,2002,3,1,1,2,2,1,1,2,1,1,1,2,2,2,9,6,1,1,33,1,2,0
3,58,5,2002,3,1,1,2,2,1,1,1,1,1,1,2,1,2,9,6,1,1,40,1,2,0
5,58,2,2002,1,1,1,2,2,1,2,1,1,1,1,1,1,2,7,6,1,1,33,1,2,0
5,58,2,2002,2,1,1,2,2,1,1,1,1,1,1,1,1,2,14,6,1,1,33,1,2,0
5,58,3,2002,3,1,1,2,2,1,2,1,1,1,1,1,1,2,14,6,1,1,33,1,2,0
5,58,3,2002,3,1,1,2,2,1,1,1,1,1,1,1,1,2,14,6,1,1,33,1,2,0
5,58,4,2002,2,1,1,2,2,1,1,1,1,1,1,1,1,2,14,6,1,1,38,1,2,0
5,58,4,2002,4,1,1,2,2,1,4,1,1,1,1,1,1,2,14,9,1,1,33,1,2,0
5,58,4,2002,2,1,1,2,2,1,1,1,1,1,1,1,1,2,7,6,1,1,28,2,2,1
5,58,5,2002,4,3,1,2,2,1,2,1,1,1,1,1,1,2,9,6,1,1,35,2,2,1
5,58,5,2002,2,1,1,2,2,1,1,1,1,1,1,1,1,2,8,6,1,1,33,2,2,0
5,58,5,2002,2,1,1,2,2,1,1,1,1,1,1,1,1,2,14,6,1,1,34,2,2,1
6,58,1,2002,3,1,1,2,2,1,1,1,1,1,1,1,1,2,14,6,1,1,33,2,2,0
6,58,4,2002,2,3,1,2,2,1,1,1,1,2,1,1,1,2,9,6,1,6,40,2,2,0
6,58,5,2002,1,1,1,2,2,1,2,2,1,1,1,1,1,2,14,6,1,1,35,1,2,0
7,58,1,2002,2,1,1,2,2,1,1,3,1,1,1,1,1,2,8,6,1,1,33,2,2,0
7,58,5,2002,4,3,1,2,2,1,2,1,1,1,1,1,1,2,8,1,1,1,40,2,2,0
7,58,5,2002,2,1,1,2,2,1,1,1,1,1,1,1,1,2,9,6,1,1,33,2,2,0
7,58,5,2002,3,1,1,2,2,1,1,1,1,1,1,1,1,2,9,6,1,1,32,2,2,0
7,58,5,2002,1,1,1,2,2,1,4,1,1,1,1,1,1,2,10,6,1,2,33,1,0,0
7,58,5,2002,2,1,1,2,2,1,1,1,1,1,1,1,1,2,10,6,1,1,33,2,2,0
7,58,5,2002,2,1,1,2,2,2,1,1,2,1,1,1,1,2,9,6,1,1,30,2,2,0
8,58,2,2002,2,1,1,2,2,1,1,2,1,1,1,2,1,2,9,1,1,1,33,2,2,0
8,58,3,2002,2,1,1,2,2,1,1,1,1,1,1,2,1,2,14,6,1,1,40,2,2,0
8,58,4,2002,2,1,1,2,2,1,1,1,1,1,1,2,1,2,14,6,1,1,33,2,2,0
8,58,5,2002,2,1,1,2,2,1,1,3,1,3,2,4,1,2,17,6,1,1,33,2,2,0
8,58,5,2002,2,1,1,2,2,1,1,1,1,1,1,2,1,2,10,6,1,2,33,1,0,0
8,58,5,2002,3,1,1,2,2,1,1,1,1,1,1,2,1,2,14,6,1,1,33,2,2,0
9,58,2,2002,2,1,1,2,2,1,1,1,1,1,1,2,1,2,9,6,1,1,35,2,2,0
12,58,5,2002,3,1,1,2,2,1,1,1,1,1,1,2,1,2,9,6,1,1,33,2,2,0
12,58,5,2002,4,1,1,2,2,1,1,1,1,1,1,2,1,2,7,6,1,1,33,2,2,0
1,59,5,2002,2,1,1,2,2,1,1,1,1,1,1,2,1,2,9,6,1,1,33,2,2,0
1,59,6,2002,2,1,1,2,2,1,1,2,1,1,1,2,1,2,10,1,1,1,18,2,2,0
4,59,5,2002,2,1,1,2,2,1,1,1,1,1,1,2,1,2,17,6,1,1,33,2,2,0
4,59,6,2002,3,1,1,2,2,1,1,1,1,1,1,2,1,2,14,6,1,1,33,2,2,0
4,59,6,2002,4,1,1,2,2,1,4,1,1,1,1,2,1,2,8,6,1,1,33,2,2,0
4,61,4,2002,4,1,1,2,2,1,4,1,1,1,1,2,1,2,12,6,1,1,39,2,2,0
2,63,4,2002,1,1,1,2,2,1,4,1,1,1,1,1,1,2,10,6,1,1,33,2,2,0
9,63,5,2002,3,1,3,2,2,2,1,1,2,1,1,1,1,2,10,6,1,1,33,2,2,0
9,63,5,2002,2,1,1,2,2,2,1,1,2,2,2,4,4,2,8,6,1,1,35,2,2,3
9,63,6,2002,4,1,1,2,2,1,4,1,1,1,1,1,1,2,10,6,1,1,33,2,2,0
14,63,1,2002,4,1,1,2,2,1,4,1,1,1,1,1,1,2,12,6,1,1,33,2,2,0
14,63,1,2002,4,1,1,2,2,1,3,1,1,1,1,1,1,2,14,6,1,1,33,2,2,0
14,63,1,2002,3,2,1,2,2,1,1,1,1,1,1,1,1,2,9,6,1,1,40,2,2,3
14,63,1,2002,2,1,1,2,2,1,1,1,1,1,1,1,1,2,7,6,1,3,33,2,2,0
14,63,1,2002,4,1,1,2,2,1,4,1,1,1,1,1,1,2,10,6,1,2,33,1,0,0
14,63,2,2002,3,1,1,2,2,1,1,1,1,1,1,1,1,1,14,4,1,1,35,2,2,2
14,63,4,2002,1,1,1,2,2,1,4,1,1,1,1,1,1,2,9,6,2,1,33,1,2,0
14,63,4,2002,4,1,1,2,2,1,1,1,1,1,1,1,1,1,14,6,1,1,33,2,2,0
14,63,4,2002,1,1,1,2,2,1,1,1,1,1,1,1,1,2,10,6,1,2,33,1,0,0
1,59,7,2002,2,1,1,2,2,1,1,1,1,1,1,2,1,2,9,6,1,1,33,2,2,0
4,59,7,2002,3,1,1,2,2,2,1,1,2,1,1,2,1,2,9,6,1,1,33,2,2,0
1,61,2,2002,3,1,1,2,2,1,1,1,1,1,1,1,1,2,10,6,1,2,33,1,0,0
1,61,2,2002,4,1,1,2,2,1,4,1,1,1,1,1,1,2,14,6,1,2,33,1,0,0
1,61,3,2002,2,1,1,2,2,1,2,1,1,1,1,1,1,2,14,6,1,1,33,2,2,3
1,61,4,2002,4,1,1,2,2,1,4,1,1,1,1,1,1,2,10,6,1,2,33,1,0,0
1,61,4,2002,2,1,1,2,2,1,1,3,1,1,1,1,1,2,14,6,1,1,45,2,2,0
1,61,4,2002,4,1,1,2,2,1,4,1,1,1,1,1,1,2,14,6,2,1,33,2,2,3
1,61,4,2002,3,1,1,2,2,1,1,1,1,1,1,1,1,2,16,6,1,1,33,2,2,3
1,61,5,2002,2,1,1,2,2,2,1,1,2,1,1,1,1,2,7,6,1,1,33,2,2,1
1,61,5,2002,2,1,1,2,2,1,1,1,1,1,1,1,1,2,9,6,1,2,33,1,0,1
2,61,2,2002,1,1,1,2,2,1,2,1,1,1,1,1,1,2,14,6,1,2,33,1,0,0
2,61,2,2002,3,1,1,2,2,1,1,1,1,1,1,1,1,2,14,5,1,1,33,2,2,3
2,61,4,2002,3,1,1,2,2,1,1,1,1,1,1,1,1,2,11,6,1,1,28,2,2,1
2,61,4,2002,3,1,1,2,2,1,1,1,1,1,1,1,1,2,8,5,1,1,33,2,2,3
2,61,6,2002,2,1,1,2,2,1,2,1,1,1,1,1,1,2,14,6,1,1,35,2,2,3
14,63,3,2002,3,1,1,2,2,1,1,1,1,1,1,1,1,2,9,5,1,1,27,1,2,0
14,63,5,2002,2,1,1,2,2,1,1,1,1,1,1,1,1,2,9,5,1,1,35,2,2,0
14,63,5,2002,4,1,1,2,2,1,4,1,1,1,1,1,1,2,9,6,1,1,33,2,2,0
14,63,5,2002,3,1,1,2,2,2,1,1,2,1,1,1,1,2,14,6,1,1,32,2,2,0
14,63,5,2002,4,1,1,2,2,2,4,1,2,1,1,1,1,2,9,6,1,1,33,2,2,0
1,63,5,2002,2,1,1,2,2,1,1,1,1,1,1,2,1,2,12,5,1,1,34,1,2,1
5,65,6,2002,2,1,1,2,2,2,1,1,2,1,1,2,1,2,11,6,1,2,33,1,0,0
1,67,2,2002,2,1,5,2,2,1,1,1,1,1,2,2,1,1,14,6,1,1,40,2,2,0
1,67,2,2002,3,1,1,2,2,1,1,4,1,1,1,2,1,1,14,6,2,1,33,2,2,0
1,61,6,2002,3,2,1,2,2,1,1,1,1,1,1,1,1,2,12,1,1,1,30,1,2,0
1,61,7,2002,3,1,1,2,2,1,1,1,1,1,1,2,1,2,9,1,1,1,42,1,2,1
1,61,7,2002,1,1,1,2,2,1,4,1,1,1,1,1,1,2,14,1,1,1,35,1,2,1
1,61,7,2002,1,1,1,2,2,1,2,1,1,1,1,1,1,2,10,6,1,2,33,1,0,0
1,61,7,2002,2,1,1,2,2,1,1,1,1,1,1,2,1,2,9,1,1,1,45,1,2,0
1,61,7,2002,2,1,1,2,2,1,1,1,1,1,1,1,1,2,14,1,1,1,32,1,2,1
2,61,7,2002,3,1,1,2,2,1,1,1,1,1,1,1,1,2,14,6,1,1,32,2,2,1
2,61,7,2002,2,1,1,2,2,1,1,1,1,1,1,1,1,2,9,6,1,1,35,2,2,1
4,61,7,2002,2,3,1,2,2,1,1,1,1,1,1,3,1,2,9,6,1,1,33,2,2,1
5,65,7,2002,2,1,1,2,2,2,1,1,2,1,1,4,1,2,11,6,1,1,33,2,2,0
5,65,7,2002,3,1,1,2,2,1,1,1,1,1,1,1,1,2,10,6,1,2,33,1,0,0
6,65,7,2002,4,1,1,2,2,2,4,1,2,1,2,3,1,2,14,6,1,1,33,1,2,0
4,68,3,2002,3,1,1,2,2,1,1,5,1,2,2,4,4,2,11,6,1,3,40,2,2,0
4,68,3,2002,3,1,1,2,2,1,1,5,1,2,2,4,4,2,11,3,1,1,40,2,2,3
1,59,8,2002,3,1,1,2,2,1,1,1,1,1,1,2,1,2,8,6,1,1,33,2,2,0
1,59,8,2002,2,3,8,2,2,1,1,1,1,1,1,2,1,1,17,6,1,1,33,2,2,1
5,59,8,2002,3,1,1,2,2,1,1,1,1,1,1,2,1,2,12,6,1,1,32,2,2,0
1,61,8,2002,2,1,1,2,2,1,1,1,1,1,1,1,1,2,14,6,1,1,33,2,2,0
2,61,6,2002,3,1,1,2,2,2,1,1,2,1,1,1,1,2,11,6,1,1,33,2,2,0
5,63,7,2002,4,1,1,2,2,2,3,5,2,1,1,2,1,2,10,6,1,1,40,2,2,0
5,63,8,2002,2,1,1,2,2,1,1,1,1,1,1,2,1,2,11,6,1,1,33,2,2,0
5,63,8,2002,4,1,1,2,2,1,2,1,1,1,1,2,1,2,9,6,1,1,35,2,2,0
11,63,5,2002,2,1,4,2,2,2,2,2,2,1,2,2,1,2,8,1,1,1,35,2,2,0
1,59,9,2002,2,1,8,2,2,1,1,1,1,1,1,2,1,2,8,6,1,1,33,2,2,0
4,59,9,2002,2,1,8,2,2,1,1,1,1,1,1,2,1,2,7,6,1,1,33,1,2,0
2,59,9,2002,2,1,8,2,2,1,1,1,1,1,1,2,1,2,16,6,1,1,33,2,2,0
2,59,9,2002,2,1,8,2,2,1,1,1,1,1,1,2,1,2,5,5,1,1,33,2,2,0
4,60,4,2002,2,1,8,2,2,1,1,1,1,1,1,2,1,2,6,6,1,1,33,1,2,0
5,60,3,2002,2,1,8,2,2,1,1,1,1,1,1,2,1,2,10,6,1,2,33,1,0,0
5,60,2,2002,4,1,8,2,2,1,2,1,1,1,1,2,1,2,5,6,1,1,33,2,2,0
5,60,5,2002,2,1,8,2,2,1,1,1,1,1,1,2,1,2,5,6,1,1,28,2,2,0
7,60,3,2002,2,1,8,2,2,1,1,1,1,1,1,2,1,2,14,6,2,1,33,1,2,0
7,60,4,2002,2,4,8,2,2,1,1,4,1,1,2,2,1,2,14,1,1,1,35,2,2,2
8,60,7,2002,3,3,1,2,2,1,1,1,1,1,1,2,1,2,5,5,1,1,32,2,2,1
1,62,8,2002,3,1,8,2,2,1,1,1,1,1,3,2,1,2,14,6,1,1,38,2,2,1
1,62,9,2002,4,1,1,2,2,1,4,1,1,1,1,2,1,2,9,6,2,7,28,1,2,0
2,62,2,2002,3,1,1,2,2,1,1,1,1,1,1,4,1,2,6,6,1,6,35,2,2,0
3,62,3,2002,3,1,1,2,2,1,1,1,1,1,1,2,1,2,12,6,1,1,33,1,2,0
3,62,3,2002,2,1,1,2,2,1,1,1,1,1,1,2,1,2,9,6,1,1,33,2,2,0
3,62,5,2002,3,1,1,2,2,1,1,1,1,1,1,2,1,2,7,6,1,1,33,2,2,1
4,62,5,2002,2,3,8,2,2,1,1,1,1,1,1,2,1,2,5,6,1,1,33,1,2,0
2,68,4,2002,3,1,1,2,2,1,1,5,1,1,1,4,4,2,11,6,1,1,35,2,2,0
5,68,5,2002,3,1,1,2,2,2,1,5,2,2,2,4,1,2,12,11,1,1,40,2,2,0
4,59,10,2002,3,1,8,2,2,1,1,1,1,1,1,2,1,2,7,6,1,1,33,1,2,3
4,59,10,2002,3,1,8,2,2,1,1,1,1,1,1,2,1,2,9,6,1,3,30,2,2,3
4,59,10,2002,3,1,8,2,2,1,1,1,1,1,1,2,1,2,5,6,1,1,33,2,2,1
1,61,1,2002,4,1,1,2,2,1,4,1,1,1,1,1,1,2,10,6,1,2,33,1,0,0
1,61,9,2002,3,1,1,2,2,1,1,1,1,1,1,1,1,2,11,6,1,1,33,2,2,1
1,61,9,2002,3,1,8,2,2,1,1,1,1,1,1,1,1,2,9,5,1,1,30,2,2,1
1,61,9,2002,2,1,8,2,2,1,1,1,1,1,1,1,1,2,14,6,1,1,42,1,2,3
1,61,9,2002,2,1,1,2,2,1,1,1,1,1,1,1,1,2,14,6,1,1,43,1,2,0
1,61,9,2002,3,1,1,2,2,1,1,1,1,1,1,1,1,2,9,6,1,1,33,1,2,1
1,61,10,2002,1,1,1,2,2,4,4,1,2,1,1,1,1,2,10,6,1,2,33,1,0,0
1,61,10,2002,4,1,1,2,2,1,4,1,1,1,1,1,1,2,10,6,1,1,33,1,2,1
1,61,10,2002,2,1,1,2,2,1,1,1,1,1,1,1,1,2,9,1,1,1,35,1,2,1
3,61,9,2002,3,3,1,2,2,1,1,1,1,1,1,2,1,2,8,6,1,1,30,2,2,3
1,62,10,2002,4,1,1,2,2,1,4,1,1,1,1,2,1,2,10,6,1,2,33,1,0,0
5,63,9,2002,2,1,1,2,2,1,1,1,1,1,1,2,1,2,11,6,1,1,33,2,2,0
11,63,7,2002,3,1,1,2,2,1,1,1,1,1,1,2,1,2,7,6,1,1,33,1,2,0
11,63,8,2002,2,1,1,2,2,1,1,1,1,1,1,2,1,2,11,6,1,1,26,2,2,0
14,63,7,2002,2,1,8,2,2,1,1,1,1,1,1,1,1,2,10,6,1,2,33,1,0,0
14,63,8,2002,3,1,8,2,2,1,1,1,1,1,1,1,1,2,14,6,1,1,33,2,2,0
1,65,9,2002,2,1,1,2,2,1,1,1,1,1,1,1,3,2,11,6,2,6,40,1,2,0
5,65,9,2002,3,1,1,2,2,1,1,1,1,1,1,1,1,2,9,6,1,1,33,2,2,0
5,65,9,2002,3,1,1,2,2,1,1,1,1,1,1,2,1,2,7,6,1,1,33,2,2,0
6,65,10,2002,3,4,1,2,2,1,1,1,1,1,1,1,1,2,9,6,1,1,33,2,2,0
5,64,3,2002,3,1,1,2,2,1,1,1,1,1,1,5,1,1,9,6,1,1,39,2,2,0
5,64,4,2002,2,1,1,2,2,1,1,1,1,1,1,5,1,1,14,6,1,1,33,1,2,0
5,64,5,2002,2,1,1,2,2,1,1,1,1,1,1,5,1,1,14,6,1,1,44,2,2,2
5,64,5,2002,3,1,1,2,2,1,1,1,1,1,1,5,1,1,6,6,1,1,44,2,2,1
5,64,5,2002,2,3,1,2,2,1,1,1,1,1,1,5,1,1,14,6,1,1,48,2,2,1
5,64,7,2002,1,1,1,2,2,1,4,1,1,1,1,5,1,1,14,6,1,1,40,2,2,1
5,64,8,2002,3,1,1,2,2,1,1,1,1,1,1,5,1,1,6,6,1,1,37,2,2,1
5,64,11,2002,2,1,1,2,2,1,1,1,1,1,1,5,1,1,14,6,1,1,45,1,2,1
6,64,2,2002,4,1,6,2,2,1,3,1,1,1,1,5,1,1,14,6,1,2,33,1,0,0
6,64,2,2002,4,2,6,2,2,1,3,1,1,1,1,5,1,1,4,6,1,1,38,2,2,1
6,64,6,2002,3,1,1,2,2,1,1,1,1,1,1,5,1,1,14,6,1,1,33,2,2,0
6,64,6,2002,2,1,1,2,2,1,1,1,1,1,1,5,1,1,12,6,1,1,33,2,2,0
6,64,9,2002,4,2,6,2,2,1,2,1,1,1,1,5,1,1,6,6,1,1,32,2,2,1
6,64,10,2002,1,1,1,2,2,1,3,1,1,1,1,5,1,1,7,6,1,1,33,2,2,0
7,64,5,2002,2,2,4,2,2,1,1,1,1,1,1,5,1,1,6,6,1,1,25,2,2,1
7,64,7,2002,2,2,1,2,2,1,1,1,1,1,1,5,1,1,13,6,1,1,33,2,2,1
7,64,10,2002,1,2,1,2,2,1,3,1,1,1,1,5,1,1,9,6,1,1,30,2,2,0
7,64,12,2002,2,2,1,2,2,1,1,3,1,1,1,5,1,1,8,6,1,1,45,1,2,0
11,64,7,2002,2,3,4,2,2,1,1,1,1,1,1,5,1,1,7,6,1,1,33,2,2,0
11,64,8,2002,2,1,4,2,2,1,1,1,1,1,1,5,1,1,8,6,1,1,33,2,2,1
11,64,8,2002,3,1,1,2,2,1,1,1,1,1,1,5,1,1,8,6,2,1,33,2,2,0
11,64,9,2002,4,3,8,2,2,1,3,1,1,1,1,5,1,1,8,6,1,1,33,1,2,3
11,64,11,2002,2,3,1,2,2,1,1,2,1,1,1,5,1,1,8,6,1,1,30,2,2,1
12,64,3,2002,2,1,8,2,2,1,1,1,1,1,1,5,1,1,14,1,1,7,27,2,2,3
12,64,9,2002,3,1,1,2,2,1,1,1,1,1,1,5,1,1,9,6,1,1,33,2,2,0
12,64,11,2002,4,2,3,2,2,1,2,1,1,1,1,5,1,1,14,6,1,1,32,2,2,0
12,64,12,2002,4,1,1,2,2,1,2,1,1,1,1,5,1,1,6,6,1,1,33,2,2,3
2,59,11,2002,2,1,1,2,2,1,1,1,1,1,1,2,1,2,14,6,1,1,30,1,2,0
4,59,11,2002,2,1,8,2,2,1,1,1,1,1,1,2,1,2,12,6,1,1,41,1,2,0
7,59,11,2002,3,1,1,2,2,1,2,1,1,1,1,2,1,2,14,6,1,1,33,1,2,0
1,67,11,2002,2,1,1,2,2,1,1,1,1,1,1,2,1,1,14,6,1,1,30,2,2,0
1,67,5,2002,2,1,1,2,2,1,1,2,1,1,1,2,1,1,14,2,1,1,33,1,2,0
1,67,5,2002,2,1,1,2,2,1,1,2,1,1,1,2,1,2,9,6,2,1,32,2,2,0
1,67,2,2002,3,1,1,2,2,1,1,1,1,1,1,2,1,1,14,6,1,1,30,1,2,0
2,67,9,2002,2,1,1,2,2,1,1,3,1,1,2,3,1,2,11,1,2,3,33,1,2,0
2,64,1,2002,2,5,1,2,2,1,1,1,1,1,1,5,1,1,14,6,1,1,37,1,2,0
2,64,1,2002,2,1,1,2,2,1,1,1,1,1,1,5,1,1,14,6,1,1,46,1,2,2
2,64,1,2002,2,5,1,2,2,1,1,1,1,1,1,5,1,1,8,6,1,1,29,2,2,0
2,64,1,2002,3,1,1,2,2,1,1,1,1,1,1,5,1,1,15,6,1,1,33,2,2,0
2,64,2,2002,3,3,1,2,2,1,1,1,1,1,1,5,1,1,14,6,1,1,46,1,2,0
2,64,3,2002,3,1,1,2,2,1,1,1,1,1,1,5,1,1,14,6,1,1,39,1,2,0
2,64,5,2002,3,1,1,2,2,1,1,1,1,1,1,5,1,1,19,6,1,1,33,2,2,0
2,64,5,2002,2,1,1,2,2,1,1,1,1,1,1,5,1,1,14,6,1,1,48,1,2,0
2,64,5,2002,4,2,4,2,2,1,3,1,1,1,1,5,1,1,14,6,1,1,33,1,2,1
2,64,6,2002,3,1,1,2,2,1,1,1,1,1,1,5,1,1,6,6,1,1,33,2,2,0
2,64,6,2002,3,1,1,2,2,1,1,1,1,1,1,5,1,1,14,6,1,1,33,2,2,0
2,64,6,2002,3,1,1,2,2,1,1,1,1,1,1,5,1,1,14,6,1,1,33,2,2,1
2,64,6,2002,3,1,1,2,2,1,3,1,1,1,1,5,1,1,14,6,1,1,33,1,2,0
2,64,6,2002,3,1,1,2,2,1,1,1,1,1,1,5,1,1,14,6,1,1,33,2,2,0
2,64,7,2002,1,1,1,2,2,1,2,1,1,1,1,5,1,1,15,6,1,1,33,2,2,1
2,64,8,2002,2,1,1,2,2,1,1,1,1,1,1,5,1,1,14,6,1,1,33,2,2,1
2,64,12,2002,4,2,1,2,2,1,3,1,1,1,1,5,1,1,16,6,1,1,33,2,2,3
4,64,1,2002,3,2,6,2,2,1,1,1,1,1,1,5,1,1,14,6,1,1,33,2,2,3
4,64,3,2002,3,1,1,2,2,1,1,1,1,1,1,5,1,1,10,2,1,1,35,2,2,1
4,64,4,2002,3,2,6,2,1,1,1,1,1,1,1,5,1,1,6,6,1,1,22,2,2,1
4,64,5,2002,2,2,6,2,2,1,1,1,1,1,1,5,1,1,14,6,1,1,33,1,2,0
4,64,6,2002,3,1,1,2,2,1,1,1,1,1,1,5,1,1,14,6,1,1,33,1,2,0
4,64,9,2002,4,1,1,1,2,1,4,1,1,1,1,5,1,1,14,6,1,1,33,2,2,0
4,64,11,2002,3,2,6,2,2,1,1,1,1,1,1,5,1,1,14,6,1,1,29,1,2,2
4,64,11,2002,3,2,6,2,2,1,1,1,1,1,1,5,1,1,14,6,1,1,34,1,2,0
4,64,12,2002,3,1,1,2,2,1,1,1,1,1,1,5,1,1,8,6,1,1,33,2,2,1
4,64,12,2002,3,2,6,2,1,1,1,1,1,1,1,5,1,1,9,6,1,1,35,1,2,0
4,64,12,2002,2,1,1,2,2,1,1,1,1,1,1,5,1,1,9,6,1,1,35,2,2,0
8,64,4,2002,3,1,2,2,2,1,1,1,1,1,1,5,1,1,13,6,1,1,33,2,2,1
8,64,9,2002,2,1,1,2,2,1,1,1,1,1,1,5,1,1,7,6,1,1,33,2,2,0
8,64,11,2002,2,2,1,2,2,1,1,1,1,1,1,5,1,1,6,6,1,1,32,2,2,0
8,64,12,2002,3,1,1,2,2,1,1,1,1,1,1,5,1,1,7,6,1,1,40,2,2,0
9,64,6,2002,2,1,1,2,2,1,1,1,1,1,1,5,1,1,14,6,1,1,33,2,2,0
9,64,8,2002,1,1,1,2,2,1,1,1,1,1,1,5,1,1,14,6,1,1,33,1,2,2
9,64,8,2002,1,1,1,2,2,1,1,1,1,1,1,5,1,1,14,6,1,1,33,2,2,0
9,64,8,2002,1,1,1,2,2,1,1,1,1,1,1,5,1,1,10,6,1,2,33,1,0,0
9,64,10,2002,2,1,1,2,2,1,1,1,1,1,1,5,1,1,7,6,1,1,33,2,2,0
9,64,12,2002,2,1,1,2,2,1,1,1,1,1,1,5,1,1,14,6,1,1,28,2,2,0
9,64,12,2002,1,1,1,2,2,1,1,1,1,1,1,5,1,1,14,6,1,1,33,2,2,0
9,64,12,2002,4,1,1,2,2,1,3,1,1,1,1,5,1,1,14,6,1,1,35,2,2,0
11,64,8,2002,3,1,4,2,2,1,1,1,1,1,1,5,1,1,8,6,2,1,33,2,2,0
1,46,6,2002,2,1,1,2,2,1,1,1,1,1,1,1,1,2,9,6,1,1,33,2,2,0
1,46,6,2002,2,1,1,2,2,1,1,1,1,1,1,1,1,2,10,6,1,1,33,2,2,0
3,44,7,2002,1,1,1,2,2,1,4,1,1,1,1,1,1,2,9,6,1,1,33,2,2,0
3,44,7,2002,3,1,1,2,2,1,1,1,1,1,1,1,1,2,10,6,1,1,33,2,2,0
5,44,7,2002,1,1,1,2,2,1,2,1,1,1,1,1,1,2,9,6,1,1,33,2,2,0