Thana,District,Month,Year,Time,Junction_Type,Traffic_Control,Movement,Divider,Weather,Light,Road_Geometry,Surface_Condition,Surface_Type,Surface_Quality,Road_Class,Road_Feature,Location_Type,Vehicle_Type,Vehicle_Movement,Vehicle_Loading,Vehicle_Defect,Vehicle_Driver_Age,Vehicle_Alcohol,Vehicle_Seat_Belt,Accident_Severity
6,44,7,2002,3,1,1,2,2,1,1,1,1,1,1,3,1,1,9,6,1,1,33,2,2,0
7,44,7,2002,1,1,1,2,2,1,2,1,1,2,2,3,1,2,13,6,1,1,33,2,2,0
8,52,7,2002,3,1,1,2,2,1,1,1,2,3,3,3,1,2,4,6,1,1,33,2,2,1
2,52,7,2002,2,1,1,2,2,1,1,1,1,1,1,3,1,2,8,6,1,1,33,2,2,0
1,47,7,2002,3,1,1,2,2,2,1,2,2,1,1,1,1,2,9,6,1,1,35,2,2,0
1,47,7,2002,3,1,1,2,2,1,1,1,1,1,1,1,1,1,9,6,1,1,33,2,2,0
5,47,7,2002,3,1,1,2,2,1,1,1,1,1,1,1,1,2,13,6,1,1,33,2,2,1
5,47,7,2002,3,1,1,2,2,1,1,1,1,1,1,1,1,2,14,6,1,1,33,2,2,1
5,47,7,2002,3,1,1,2,2,1,1,1,1,1,1,3,1,2,9,6,1,1,33,2,2,0
9,47,7,2002,3,1,1,2,2,1,1,1,1,1,1,1,1,2,7,6,1,1,22,2,2,1
12,47,7,2002,3,1,1,2,2,1,1,1,1,1,1,1,1,2,9,6,1,1,33,2,2,0
1,51,7,2002,3,1,1,2,2,1,1,1,1,1,1,3,1,2,14,6,1,1,31,2,2,0
4,51,7,2002,2,1,1,2,2,1,1,1,2,2,2,1,1,1,14,6,1,1,33,2,2,0
4,51,7,2002,1,1,1,2,2,1,3,1,1,1,1,1,1,2,9,6,1,1,33,2,2,1
7,51,7,2002,2,1,1,2,2,1,1,1,1,1,2,3,1,2,9,6,1,1,33,2,2,0
7,51,7,2002,2,1,1,2,2,1,1,1,1,1,1,3,1,2,9,6,1,1,38,2,2,1
8,51,7,2002,3,1,1,2,2,1,1,1,1,1,1,2,1,2,8,6,1,1,42,2,2,1
9,51,7,2002,4,1,1,2,2,1,3,1,1,1,1,2,1,2,8,6,1,1,33,2,2,3
9,51,7,2002,3,1,1,2,2,1,1,1,1,1,1,3,1,2,14,6,1,1,33,2,2,1
1,41,5,2002,3,1,1,2,2,1,1,1,1,1,1,1,1,2,14,6,1,1,33,2,2,0
1,41,5,2002,3,1,1,2,2,1,1,1,1,1,1,1,1,1,14,6,1,1,33,2,2,1
1,41,6,2002,4,1,1,2,2,1,1,1,1,1,1,1,1,2,13,6,1,1,33,2,2,0
1,41,8,2002,1,1,1,2,2,1,4,1,1,1,1,1,1,2,14,6,1,1,33,2,2,0
1,41,9,2002,2,1,1,1,1,1,1,1,1,1,1,1,1,2,14,6,1,1,33,2,2,0
2,41,2,2002,1,1,1,1,1,4,2,2,1,1,2,3,4,2,14,6,1,1,33,2,2,0
3,41,9,2002,2,1,1,2,2,1,1,1,1,1,1,1,1,2,8,6,1,1,33,2,2,0
3,41,9,2002,2,1,1,2,2,1,1,1,1,1,1,3,1,2,9,6,1,1,33,2,2,0
5,41,1,2002,3,1,1,2,2,1,1,1,1,1,1,1,1,2,9,6,1,1,33,2,2,0
5,41,1,2002,3,1,1,2,2,1,1,1,1,1,1,1,1,2,14,6,1,1,33,2,2,0
5,41,1,2002,2,1,1,2,2,1,1,1,1,1,1,2,1,2,9,6,1,1,33,2,2,0
5,41,1,2002,3,1,1,2,2,1,1,1,1,1,1,1,1,1,8,6,1,1,33,2,2,0
5,41,1,2002,2,1,1,2,2,1,1,1,1,1,1,1,1,1,14,6,1,1,33,2,2,1
5,41,2,2002,2,1,1,2,2,1,1,1,1,1,1,3,1,2,9,6,1,1,33,2,2,0
5,41,2,2002,3,1,1,2,2,1,1,1,1,1,1,1,1,2,14,6,1,1,33,2,2,0
5,41,4,2002,2,1,1,2,2,1,1,1,1,1,1,2,1,2,14,6,1,1,33,2,2,0
5,41,2,2002,2,1,1,2,2,1,1,1,1,1,1,1,1,2,8,6,1,1,33,2,2,0
5,41,3,2002,4,1,1,2,2,1,1,1,1,1,1,1,1,2,9,6,1,1,33,2,2,0
5,41,3,2002,3,1,1,2,2,1,1,1,1,1,1,1,1,2,9,6,1,1,33,2,2,0
5,41,3,2002,4,1,1,2,2,1,2,1,1,1,1,3,1,2,9,6,1,1,33,2,2,0
5,41,3,2002,3,1,1,2,2,1,1,1,1,1,1,1,1,1,9,6,1,1,33,2,2,0
5,41,5,2002,2,1,1,2,2,1,1,1,1,1,1,2,1,1,9,6,1,1,33,2,2,0
5,41,5,2002,3,1,1,2,2,1,1,1,1,1,1,1,1,1,14,6,1,1,33,2,2,0
5,41,5,2002,3,1,1,2,2,1,1,1,1,1,1,1,1,1,9,6,1,1,33,2,2,1
5,41,5,2002,4,1,1,2,2,1,1,1,1,1,1,1,1,2,12,6,1,1,33,2,2,0
5,41,5,2002,2,1,1,2,2,1,1,1,1,1,1,1,1,2,19,6,1,1,33,2,2,0
5,41,6,2002,4,1,1,2,2,1,2,1,1,1,1,1,1,2,9,6,1,1,33,2,2,0
5,41,6,2002,2,1,1,2,2,1,1,1,1,1,1,1,1,2,9,6,1,1,33,2,2,0
5,41,7,2002,2,1,1,2,2,1,1,1,1,1,1,2,1,2,14,6,1,1,33,2,2,0
5,41,7,2002,3,1,1,2,2,1,1,1,1,1,1,1,1,2,8,6,1,1,33,2,2,0
5,41,7,2002,4,1,1,2,2,1,1,1,1,1,1,1,1,2,9,6,1,1,33,2,2,0
5,41,7,2002,2,1,1,2,2,1,1,1,1,1,1,1,1,2,9,6,1,1,33,2,2,0
5,41,8,2002,2,1,1,2,2,1,1,1,1,1,1,1,1,2,9,6,1,1,33,2,2,0
5,41,8,2002,3,1,1,2,2,1,1,1,1,1,1,1,1,2,9,6,1,1,33,2,2,0
5,41,8,2002,1,1,1,2,2,1,2,1,1,1,1,1,1,2,14,6,1,1,33,2,2,0
5,41,9,2002,4,1,1,2,2,1,4,1,1,1,1,1,1,2,14,6,1,1,33,2,2,0
1,47,8,2002,1,1,1,2,2,1,4,1,1,1,3,1,2,2,15,6,1,1,33,2,2,0
1,47,8,2002,1,1,1,2,2,1,4,1,1,1,1,1,1,2,14,6,1,1,35,2,2,3
1,47,10,2002,3,1,1,2,2,1,1,1,1,1,1,1,1,2,4,6,1,1,33,2,2,1
1,47,10,2002,2,1,1,2,2,1,1,1,1,1,1,1,1,2,9,6,1,1,36,2,2,0
1,47,11,2002,3,1,1,2,2,1,1,1,1,1,1,1,1,2,9,6,1,1,33,2,2,0
1,47,11,2002,3,1,1,2,2,1,1,1,1,1,1,1,1,2,9,6,1,1,33,2,2,0
1,47,11,2002,3,1,1,2,2,1,1,1,1,1,1,1,1,2,14,6,1,1,33,2,2,1
1,47,12,2002,3,1,1,2,2,1,1,1,1,1,1,1,1,1,7,6,1,1,30,2,2,0
2,47,8,2002,2,1,1,2,2,1,1,1,1,1,1,1,1,2,9,6,1,1,30,2,2,0
2,47,10,2002,2,1,1,2,2,1,1,1,1,1,1,1,1,2,4,6,1,1,45,2,2,0
3,47,9,2002,4,1,1,2,2,1,4,1,1,1,1,3,1,2,9,6,1,1,33,2,2,0
5,47,7,2002,3,1,1,2,2,1,1,1,1,1,1,1,1,2,7,6,1,1,27,2,2,0
5,47,8,2002,2,1,1,2,2,1,2,1,1,1,1,1,1,2,14,6,1,1,33,2,2,0
5,47,11,2002,3,1,1,2,2,1,1,1,1,1,1,3,1,2,12,6,1,1,33,2,2,0
5,47,11,2002,3,1,1,2,2,1,1,1,1,1,1,3,1,2,14,6,1,1,33,2,2,0
5,47,11,2002,2,1,1,2,2,1,1,1,1,1,1,1,1,2,9,6,1,1,36,2,2,0
5,47,12,2002,3,1,1,2,2,1,1,1,1,1,1,3,1,2,14,6,1,1,33,2,2,0
5,47,12,2002,3,1,1,2,2,1,1,1,1,1,1,3,1,2,14,6,1,1,33,2,2,0
5,47,12,2002,4,1,1,2,2,1,2,1,1,1,1,1,1,2,14,6,1,1,33,2,2,1
7,47,11,2002,2,1,1,2,2,1,1,1,1,1,1,3,1,2,8,6,1,1,33,2,2,1
8,47,10,2002,3,1,1,2,2,1,1,1,1,1,1,1,1,2,9,6,1,1,33,2,2,0
8,47,10,2002,4,1,1,2,2,1,4,1,1,1,1,1,1,1,8,6,1,1,33,2,2,0
8,47,10,2002,3,1,1,2,2,1,1,1,1,1,1,1,1,2,6,6,1,1,30,2,2,0
8,47,10,2002,2,1,1,2,2,1,1,1,1,1,1,1,1,2,9,6,1,1,33,2,2,0
8,47,11,2002,3,1,1,2,2,1,2,1,1,1,1,1,1,2,9,6,1,1,33,2,2,1
8,47,12,2002,2,1,1,2,2,1,1,1,1,1,1,1,1,2,7,6,1,1,33,2,2,1
9,47,8,2002,4,1,1,2,2,1,2,1,1,1,1,3,1,2,6,6,1,1,33,2,2,0
9,47,9,2002,3,1,1,2,2,1,1,1,1,1,1,1,1,2,10,6,1,1,33,2,2,0
9,47,11,2002,4,1,1,2,2,2,4,1,2,1,1,1,1,2,8,6,1,1,33,2,2,1
9,47,12,2002,3,1,1,2,2,1,2,1,1,1,1,1,1,2,16,6,1,1,33,2,2,0
9,47,12,2002,3,1,1,2,2,1,1,1,1,1,1,1,1,2,9,6,1,1,33,2,2,0
11,47,9,2002,3,1,1,2,2,1,1,1,1,1,1,3,1,2,9,6,1,1,33,2,2,0
11,47,12,2002,3,1,1,2,2,1,1,1,1,1,1,3,1,2,19,6,1,1,33,2,2,0
12,47,8,2002,3,1,1,2,2,1,1,1,1,1,1,1,1,2,9,6,1,1,33,2,2,0
12,47,9,2002,2,1,1,2,2,1,1,1,1,1,1,1,1,2,9,6,1,1,33,2,2,0
12,47,9,2002,1,1,1,2,2,1,2,1,1,1,1,1,1,2,14,6,1,1,33,2,2,0
12,47,10,2002,2,1,1,2,2,1,1,1,1,1,1,1,1,2,7,6,1,1,33,2,2,0
1,50,7,2002,3,1,1,2,2,1,2,1,1,1,1,2,1,2,9,6,1,1,33,2,2,0
1,50,9,2002,3,1,1,2,2,1,1,1,1,1,1,1,1,1,9,6,1,1,33,2,2,0
1,50,9,2002,3,1,1,2,2,1,1,1,1,1,1,1,1,2,6,6,1,1,33,2,2,0
1,50,9,2002,2,1,1,2,2,1,1,1,1,1,1,1,1,2,9,6,1,1,33,2,2,0
1,50,11,2002,3,1,1,2,2,1,1,1,1,1,1,3,1,2,9,6,1,1,33,2,2,0
1,50,11,2002,2,1,1,2,2,1,1,1,1,1,1,1,1,2,9,6,1,1,33,2,2,1
1,50,12,2002,3,1,1,2,2,1,1,1,1,1,1,1,1,2,12,6,1,1,33,2,2,1
1,50,12,2002,2,1,1,2,2,1,1,1,1,1,1,3,1,2,6,6,1,1,33,2,2,0
2,50,11,2002,3,1,1,2,2,1,2,1,1,1,1,1,1,2,9,6,1,1,45,2,2,0
2,50,12,2002,2,1,1,2,2,4,2,2,2,1,1,1,1,2,14,6,1,1,40,2,2,0
3,50,11,2002,4,1,1,2,2,1,4,1,1,1,1,3,1,2,17,6,1,1,33,2,2,0
4,50,9,2002,2,1,1,2,2,1,2,1,1,1,1,2,1,2,9,6,1,1,33,2,2,1
5,50,8,2002,4,1,1,2,2,1,4,1,1,1,1,3,1,2,14,6,1,1,33,2,2,0
5,50,10,2002,3,1,1,2,2,1,1,1,1,1,1,3,1,2,9,6,1,1,33,2,2,0
5,50,10,2002,2,1,1,2,2,1,1,1,1,1,1,3,1,2,9,6,1,1,33,2,2,0
5,50,10,2002,4,1,1,2,2,1,1,1,1,1,1,3,1,2,9,6,1,1,32,2,2,0
5,50,10,2002,3,1,1,2,2,1,1,1,1,1,1,3,1,2,9,6,1,1,33,2,2,1
6,50,12,2002,1,1,1,2,2,1,2,1,1,1,1,3,1,2,16,6,1,1,33,2,2,0
7,50,10,2002,2,1,1,2,2,1,1,1,1,1,1,3,1,2,9,6,1,1,33,2,2,0
7,50,10,2002,4,1,1,2,2,4,4,1,1,1,1,3,1,2,17,6,1,1,30,2,2,0
7,50,12,2002,3,1,1,2,2,1,1,1,1,1,1,2,1,2,9,6,1,1,33,2,2,0
7,50,12,2002,3,1,1,2,2,1,1,1,1,1,1,2,1,2,9,6,1,1,33,2,2,1
7,50,12,2002,3,1,1,2,2,1,1,1,1,1,2,3,1,2,9,6,1,1,33,2,2,0
8,50,11,2002,2,1,1,2,2,1,1,1,1,1,2,2,1,2,17,6,1,1,33,2,2,0
8,50,12,2002,3,1,1,2,2,1,1,1,1,1,1,2,1,2,9,6,1,1,33,2,2,0
10,50,9,2002,3,1,1,2,2,1,1,1,1,1,1,1,1,2,9,6,1,1,30,2,2,0
10,50,10,2002,2,1,1,2,2,1,1,1,1,1,1,4,1,2,7,6,1,1,33,2,2,0
10,50,11,2002,2,1,1,2,2,1,1,1,1,1,1,1,1,2,7,6,1,1,33,2,2,0
11,50,9,2002,2,1,1,2,2,1,1,1,1,1,2,2,1,2,9,6,1,1,33,2,2,0
11,50,10,2002,3,1,1,2,2,1,1,1,1,1,2,3,1,2,9,6,1,1,33,2,2,0
11,50,12,2002,3,1,1,2,2,1,1,1,1,1,2,3,1,2,14,6,1,1,33,2,2,0
12,50,9,2002,1,1,1,2,2,1,2,1,1,1,1,1,1,2,14,6,1,1,33,2,2,0
12,50,11,2002,3,1,1,2,2,1,1,3,1,1,1,1,4,2,9,6,1,1,33,2,2,0
13,50,9,2002,2,1,1,2,2,1,1,1,1,1,1,2,1,2,12,6,1,1,33,2,2,0
1,52,12,2002,3,1,1,2,2,1,1,1,1,1,1,3,1,2,8,6,1,1,33,2,2,0
1,52,9,2002,2,1,1,2,2,1,1,1,1,1,1,3,1,2,9,6,1,1,33,2,2,0
5,52,10,2002,3,1,1,2,2,1,1,1,1,1,1,3,1,2,9,6,1,1,33,2,2,1
1,40,8,2002,2,1,1,2,2,1,1,1,1,1,1,1,1,1,8,6,1,1,33,2,2,1
1,40,8,2002,2,1,1,2,2,1,1,1,1,1,1,1,1,2,8,6,1,1,33,2,2,0
1,40,11,2002,2,1,1,2,2,4,2,1,1,1,3,2,1,2,14,6,1,1,33,2,2,3
3,40,8,2002,3,1,1,2,2,1,1,1,1,1,1,1,1,2,8,6,1,1,33,2,2,0
3,40,12,2002,2,1,1,2,2,1,1,1,1,1,1,1,1,2,9,6,1,1,33,2,2,0
4,40,9,2002,1,1,1,2,2,1,1,2,1,3,1,3,1,2,4,6,1,1,33,2,2,1
5,40,8,2002,4,1,1,2,2,1,2,1,1,1,1,1,1,2,9,6,1,1,40,2,2,1
6,40,7,2002,4,1,1,2,2,1,4,1,1,1,1,1,1,2,14,6,1,1,33,2,2,0
6,40,8,2002,3,1,1,2,2,1,1,1,1,1,1,1,1,2,14,6,1,1,33,2,2,0
6,40,9,2002,2,1,1,2,2,1,1,1,1,1,1,1,1,2,14,6,1,1,33,2,2,0
6,40,9,2002,4,1,1,2,2,1,3,1,1,1,1,1,1,2,14,6,1,1,30,2,2,0
6,40,12,2002,3,1,1,2,2,1,1,1,1,1,1,1,1,2,7,6,1,1,25,2,2,0
7,40,7,2002,4,1,1,2,2,1,4,1,1,1,1,3,1,2,9,6,1,1,33,2,2,0
7,40,12,2002,2,1,1,2,2,1,1,1,1,1,2,3,1,2,8,6,1,1,33,2,2,1
1,51,9,2002,2,1,1,2,2,1,1,1,1,1,1,3,1,2,17,6,1,1,33,2,2,1
1,51,10,2002,3,1,1,2,2,1,1,1,1,1,1,3,1,2,9,6,1,1,33,2,2,1
1,51,12,2002,2,1,1,2,2,1,1,1,1,1,1,2,1,2,14,6,1,1,33,2,2,0
3,51,12,2002,2,1,1,2,2,1,1,1,1,1,1,2,1,2,9,6,1,1,33,2,2,0
3,51,5,2002,4,1,1,2,2,1,4,1,1,1,1,1,1,2,9,6,1,1,33,2,2,0
3,51,8,2002,1,1,1,2,2,1,2,1,1,1,1,1,1,2,16,6,1,1,33,2,2,1
4,51,10,2002,4,1,1,2,2,1,4,1,1,1,2,2,1,2,8,6,1,1,33,2,2,0
4,51,11,2002,2,1,1,2,2,1,1,1,1,1,1,3,1,2,6,6,1,1,22,2,2,0
8,51,9,2002,3,1,1,2,2,1,1,1,1,1,2,2,1,2,9,6,1,1,30,2,2,0
8,51,10,2002,2,1,1,2,2,1,1,1,1,1,1,3,1,2,4,6,1,1,33,2,2,0
8,51,11,2002,3,1,1,2,2,1,1,1,1,1,1,2,1,2,8,6,1,1,30,2,2,0
8,51,12,2002,2,1,1,2,2,1,2,1,1,1,1,2,3,2,9,6,1,1,33,2,2,0
8,51,12,2002,3,1,1,2,2,1,1,1,1,1,1,3,1,2,6,6,1,1,33,2,2,1
9,51,7,2002,3,1,1,2,2,1,1,1,1,1,1,2,1,2,9,6,1,1,33,2,2,0
9,51,9,2002,2,1,1,2,2,1,1,1,1,1,1,3,1,2,9,6,1,1,33,2,2,0
9,51,10,2002,2,1,1,2,2,1,1,1,1,1,1,3,1,2,8,6,1,1,33,2,2,1
12,51,10,2002,2,1,1,2,2,1,1,1,1,1,1,3,1,2,4,6,1,1,33,2,2,0
12,51,10,2002,1,1,1,2,2,1,2,1,1,1,1,1,1,2,9,6,1,1,33,2,2,0
12,51,10,2002,2,1,1,2,2,1,1,1,1,1,1,3,1,2,4,6,1,1,33,2,2,0
12,51,12,2002,2,1,1,2,2,1,1,1,1,1,1,3,1,2,9,6,1,1,33,2,2,0
1,45,12,2002,1,1,1,2,2,1,1,1,1,1,1,1,1,2,14,6,1,1,33,2,2,1
1,45,12,2002,3,1,1,2,2,1,1,1,1,1,1,1,1,2,9,6,1,1,33,2,2,1
1,45,12,2002,3,1,1,2,2,1,1,1,1,1,1,3,1,2,8,6,1,1,33,2,2,0
1,45,8,2002,2,1,1,2,2,1,1,1,1,1,1,2,1,2,9,6,1,1,33,2,2,0
1,45,8,2002,4,1,1,2,2,1,4,1,1,1,1,2,1,2,9,6,1,1,33,2,2,0
1,45,8,2002,3,1,1,2,2,1,1,1,1,1,1,3,1,2,8,6,1,1,35,2,2,0
1,45,9,2002,2,1,1,2,2,1,2,1,1,2,2,3,1,2,14,6,1,1,33,2,2,0
2,45,9,2002,3,1,1,2,2,1,1,1,1,1,2,1,1,2,9,6,1,1,33,2,2,0
2,45,10,2002,2,1,1,2,2,1,1,1,1,1,1,1,1,2,8,6,1,1,37,2,2,0
3,45,7,2002,2,1,1,2,2,1,1,1,1,1,1,1,1,2,9,6,1,1,33,2,2,0
3,45,12,2002,2,1,1,2,2,1,1,1,1,1,1,3,1,2,9,6,1,1,42,2,2,0
5,45,10,2002,3,1,1,2,2,1,1,1,1,1,1,1,1,2,12,6,1,1,30,2,2,0
5,45,12,2002,2,1,1,2,2,1,1,1,1,1,1,1,1,2,14,6,1,1,35,2,2,0
5,45,12,2002,2,1,1,2,2,1,2,1,1,1,1,3,1,2,9,6,1,1,33,2,2,0
5,45,12,2002,2,1,1,2,2,1,1,1,1,1,1,1,1,2,9,6,1,1,33,2,2,0
4,45,7,2002,1,1,1,2,2,1,2,1,1,1,1,3,1,2,13,6,1,1,33,2,2,0
4,45,9,2002,3,1,1,2,2,1,1,1,1,1,1,3,1,2,15,6,1,1,35,2,2,0
4,45,12,2002,4,1,4,1,1,1,4,1,1,1,1,3,1,2,14,6,1,1,33,2,2,0
4,45,12,2002,1,1,1,2,2,4,4,1,1,1,1,3,1,2,14,6,1,1,33,2,2,1
6,45,7,2002,2,1,1,2,2,1,1,1,1,1,3,1,3,2,9,6,1,1,33,2,2,3
6,45,8,2002,2,1,1,2,2,1,2,1,1,1,1,3,1,2,9,6,1,1,33,2,2,0
6,45,10,2002,3,1,1,2,2,1,1,3,1,1,3,3,1,2,9,6,1,1,33,2,2,0
6,45,11,2002,3,1,1,2,2,1,1,1,1,1,1,3,1,2,8,6,1,1,33,2,2,0
6,45,11,2002,4,1,1,2,2,1,4,1,1,1,1,3,1,2,6,6,1,1,33,2,2,0
2,44,10,2002,1,1,1,2,2,4,2,1,2,1,1,3,1,2,14,6,1,1,33,2,2,0
3,44,8,2002,3,1,1,2,2,2,1,1,2,1,1,1,1,2,13,6,1,1,32,2,2,0
3,44,9,2002,3,1,1,2,2,1,1,1,1,1,1,1,1,2,8,6,1,1,33,2,2,0
3,44,9,2002,1,1,1,2,2,1,4,1,1,1,1,1,1,2,14,6,1,1,33,2,2,0
3,44,9,2002,3,1,1,2,2,1,1,1,1,1,1,1,3,2,9,6,1,1,33,2,2,0
3,44,9,2002,1,1,1,2,2,1,2,1,1,1,1,1,1,2,9,6,1,1,33,2,2,0
3,44,10,2002,3,1,1,2,2,1,1,1,1,1,1,3,1,2,10,6,1,1,35,2,2,1
4,44,9,2002,2,1,1,2,2,1,1,1,1,1,1,2,1,2,13,6,1,1,33,2,2,0
6,44,8,2002,4,1,1,2,2,1,4,1,1,1,1,2,1,2,14,6,1,1,33,2,2,1
6,44,8,2002,2,1,1,2,2,1,1,1,1,1,1,3,1,2,14,6,1,1,33,2,2,0
6,44,8,2002,4,1,1,2,2,1,4,1,1,1,1,3,1,2,8,6,1,1,33,2,2,0
6,44,9,2002,2,1,1,2,2,1,1,1,1,1,1,1,1,2,9,6,1,1,33,2,2,0
7,44,9,2002,2,1,1,2,2,1,1,1,1,1,3,3,1,2,9,6,1,1,33,2,2,0
7,44,9,2002,2,1,1,2,2,1,1,1,1,1,1,1,1,2,9,6,1,1,33,2,2,0
2,43,8,2002,3,1,1,2,2,1,1,1,1,1,1,1,1,2,9,6,1,1,33,2,2,0
2,43,9,2002,1,1,1,2,2,1,4,1,1,1,1,1,1,2,7,6,1,1,33,2,2,0
2,43,9,2002,2,1,1,2,2,1,2,1,1,1,1,1,1,2,14,6,1,1,35,2,2,0
2,43,9,2002,4,1,1,2,2,1,2,1,1,1,1,1,1,2,9,6,1,1,33,2,2,0
2,43,11,2002,3,1,1,2,2,1,1,1,1,1,1,1,1,2,8,6,1,1,40,2,2,0
2,43,11,2002,3,1,1,2,2,1,1,1,1,1,1,1,1,2,9,6,1,1,33,2,2,0
2,43,12,2002,3,1,1,2,2,1,1,1,1,1,1,1,1,2,14,6,1,1,33,2,2,0
3,43,9,2002,3,1,1,2,2,1,1,1,1,1,1,3,1,2,7,6,1,1,33,2,2,0
3,43,11,2002,3,1,1,2,2,1,1,1,1,1,2,3,1,2,9,6,1,1,33,2,2,3
3,43,11,2002,3,1,1,2,2,1,1,1,1,1,2,1,1,2,9,6,1,1,33,2,2,0
3,43,12,2002,3,1,1,2,2,1,1,1,1,2,2,1,1,2,9,6,1,1,33,2,2,3
4,43,9,2002,2,1,1,2,2,1,1,1,1,1,1,3,1,2,6,6,1,1,33,2,2,0
5,43,9,2002,3,1,1,2,2,1,1,1,1,1,1,3,1,2,9,6,1,1,29,2,2,0
5,43,10,2002,2,1,1,2,2,1,1,1,1,1,1,1,1,2,9,6,1,1,33,2,2,0
5,43,10,2002,3,1,1,2,2,1,1,1,1,1,1,1,1,2,9,6,1,1,35,2,2,1
5,43,10,2002,3,1,1,2,2,1,1,1,1,1,1,1,1,2,8,6,1,1,40,2,2,1
5,43,10,2002,2,1,1,2,2,1,1,1,1,1,1,3,1,2,9,6,1,1,33,2,2,0
5,43,10,2002,3,1,1,2,2,1,1,1,1,1,1,1,1,2,9,6,1,1,30,2,2,1
5,43,12,2002,4,1,1,2,2,1,2,1,1,1,1,1,1,2,8,6,1,1,33,2,2,0
5,43,12,2002,3,1,1,2,2,1,1,1,1,1,1,1,1,2,8,6,1,1,33,2,2,0
6,43,10,2002,3,1,1,2,2,1,2,1,1,1,1,3,1,2,6,6,1,1,25,2,2,0
6,43,10,2002,3,1,1,2,2,1,1,1,1,1,1,3,1,2,6,6,1,1,33,2,2,0
6,43,11,2002,3,1,1,2,2,1,1,1,1,1,1,3,1,2,6,6,1,1,33,2,2,0
6,43,12,2002,3,1,1,2,2,1,1,1,1,1,1,3,1,2,8,6,1,1,33,2,2,0
6,43,12,2002,2,1,1,2,2,1,1,1,1,1,1,3,1,2,9,6,1,1,30,2,2,0
1,38,8,2002,3,1,1,2,2,1,1,1,1,1,1,1,1,2,10,6,1,1,33,2,2,0
1,38,9,2002,2,1,1,2,2,1,1,1,1,1,1,1,1,2,14,6,1,1,33,2,2,1
1,38,9,2002,3,1,1,2,2,1,1,1,1,1,1,1,1,2,9,6,1,1,33,2,2,0
1,38,10,2002,3,1,1,2,2,1,1,1,1,1,1,1,1,2,9,6,1,1,33,2,2,0
1,38,11,2002,4,1,1,2,2,1,4,1,1,1,1,1,1,2,9,6,1,1,33,2,2,0
3,38,8,2002,3,1,1,2,2,2,1,1,2,1,1,1,1,2,14,6,1,1,33,2,2,0
3,38,9,2002,3,1,1,2,2,1,1,1,1,1,1,1,1,2,12,6,1,1,33,2,2,0
3,38,9,2002,2,1,1,2,2,1,1,1,1,1,1,1,1,1,7,6,1,1,33,2,2,0
3,38,9,2002,1,1,1,2,2,1,4,1,1,1,1,1,1,2,9,6,1,1,33,2,2,1
3,38,9,2002,2,1,1,2,2,1,1,1,1,1,1,1,1,2,9,6,1,1,40,2,2,0
4,38,8,2002,2,1,1,2,2,1,1,1,1,1,1,3,1,2,9,6,1,1,45,2,2,0
4,38,12,2002,4,1,1,2,2,1,2,1,1,1,1,3,1,2,14,6,1,1,33,2,2,0
6,38,7,2002,4,1,1,2,2,1,4,1,1,1,1,3,1,2,9,6,1,1,33,2,2,0
6,38,10,2002,2,1,1,2,2,1,2,1,1,1,1,1,1,2,12,6,1,1,33,2,2,0
6,38,11,2002,3,1,1,2,2,1,1,1,1,1,1,1,1,2,14,6,1,1,37,2,2,1
6,38,12,2002,3,1,1,2,2,1,1,1,1,1,1,1,1,2,9,6,1,1,33,2,2,0
9,38,11,2002,3,1,1,2,2,1,2,1,1,1,1,3,1,2,13,6,1,1,33,2,2,0
1,38,7,2002,1,1,1,2,2,2,4,1,2,1,1,1,1,2,9,6,1,1,33,2,2,0
3,38,7,2002,3,1,1,2,2,1,4,1,1,1,1,1,1,2,14,6,2,1,33,2,2,0
3,38,7,2002,2,1,1,2,2,1,1,1,1,1,1,3,1,2,14,6,1,1,33,2,2,0
3,37,9,2002,3,1,1,2,2,2,1,1,2,1,1,3,1,2,6,6,1,1,33,2,2,1
5,37,10,2002,3,1,1,2,2,1,1,1,1,1,1,3,1,2,6,6,1,1,33,2,2,0
6,37,10,2002,2,1,1,2,2,1,1,1,1,1,1,3,1,2,8,6,1,1,33,2,2,1
6,37,10,2002,4,1,1,2,2,1,1,1,1,1,1,3,1,2,9,6,1,1,33,2,2,0
7,37,7,2002,2,1,1,2,2,1,1,1,1,1,1,3,1,2,12,6,1,1,33,2,2,0
7,37,7,2002,3,1,1,2,2,1,1,1,1,1,1,3,1,2,6,6,1,1,33,2,2,0
1,41,10,2002,1,1,1,2,2,1,4,1,1,1,1,1,1,2,14,6,1,1,33,2,2,0
1,41,10,2002,4,1,1,2,2,1,4,1,1,1,1,1,1,2,14,6,1,1,33,2,2,0
1,41,11,2002,2,1,1,2,2,1,1,1,1,1,1,3,1,2,19,6,1,1,33,2,2,0
1,41,11,2002,3,1,1,2,2,1,1,1,1,1,1,1,1,2,8,6,1,1,38,2,2,0
1,41,12,2002,3,1,1,2,2,1,1,1,1,1,1,1,1,2,14,6,1,1,33,2,2,0
3,41,10,2002,1,1,1,2,2,1,1,1,1,1,1,1,1,2,8,6,1,1,33,2,2,0
3,41,10,2002,2,1,1,2,2,1,1,1,1,1,1,1,1,2,8,6,1,1,33,2,2,0
3,41,11,2002,4,1,1,2,2,1,4,1,1,1,1,1,1,2,8,6,1,1,33,2,2,0