Thana,District,Month,Year,Time,Junction_Type,Traffic_Control,Movement,Divider,Weather,Light,Road_Geometry,Surface_Condition,Surface_Type,Surface_Quality,Road_Class,Road_Feature,Location_Type,Vehicle_Type,Vehicle_Movement,Vehicle_Loading,Vehicle_Defect,Vehicle_Driver_Age,Vehicle_Alcohol,Vehicle_Seat_Belt,Accident_Severity
3,41,11,2002,3,1,1,2,2,1,1,1,1,1,1,3,1,2,10,6,1,1,33,2,2,0
3,41,12,2002,2,1,1,2,2,1,1,1,1,1,1,3,1,2,9,6,1,1,33,2,2,1
3,41,12,2002,1,1,1,2,2,4,4,1,1,1,1,1,3,2,14,6,1,1,33,2,2,0
4,41,11,2002,3,1,1,2,2,1,1,1,1,1,1,3,1,2,6,6,1,1,33,2,2,0
5,41,10,2002,2,1,1,2,2,1,1,1,1,1,1,1,2,2,9,6,1,1,33,2,2,0
5,41,10,2002,3,1,1,2,2,1,1,1,1,1,1,1,1,2,9,6,1,1,33,2,2,0
5,41,11,2002,4,1,1,2,2,1,4,1,1,1,1,1,1,2,9,6,1,1,33,2,2,0
5,41,11,2002,2,1,1,2,2,1,1,1,1,1,1,1,1,2,14,6,1,1,33,2,2,0
5,41,11,2002,2,1,1,2,2,1,2,1,1,1,1,1,1,2,9,6,1,1,33,2,2,0
5,41,12,2002,1,1,1,2,2,1,4,1,1,1,1,2,1,2,9,6,1,1,33,2,2,0
1,35,10,2002,4,1,1,2,2,1,4,1,1,1,1,1,1,2,9,6,1,1,33,2,2,0
1,35,11,2002,2,1,1,2,2,1,1,1,1,1,1,3,1,2,8,6,1,1,33,2,2,0
1,35,11,2002,2,1,1,2,2,1,1,1,1,1,1,2,1,2,9,6,1,1,33,2,2,0
1,35,12,2002,2,1,1,2,2,1,1,1,1,1,1,3,1,2,8,6,1,1,30,2,2,0
1,35,12,2002,2,1,1,2,2,1,1,1,1,1,1,3,1,2,9,6,1,1,33,2,2,1
1,35,12,2002,2,1,1,2,2,1,1,1,1,1,1,2,1,2,9,6,1,1,33,2,2,0
1,35,12,2002,3,1,1,2,2,1,1,1,1,1,1,2,1,2,7,6,1,1,33,2,2,0
2,35,10,2002,2,1,1,2,2,1,2,1,1,1,3,1,1,2,8,6,1,1,33,2,2,1
2,35,10,2002,2,1,1,2,2,1,1,1,1,1,1,3,1,2,14,6,1,1,33,2,2,0
2,35,11,2002,2,1,1,2,2,1,1,1,1,1,1,3,1,2,4,6,1,1,33,2,2,3
4,35,8,2002,3,1,1,2,2,2,1,1,2,1,1,1,1,2,9,6,1,1,33,2,2,0
4,35,10,2002,2,1,1,2,2,1,1,1,1,1,1,2,1,2,7,6,1,1,23,2,2,0
4,35,10,2002,2,1,1,2,2,1,1,1,1,1,1,1,1,2,9,6,1,1,37,2,2,0
4,35,10,2002,3,1,1,2,2,1,1,1,1,1,1,3,1,2,8,6,1,1,45,2,2,0
5,35,8,2002,3,1,1,2,2,1,1,1,1,1,1,3,1,2,9,6,1,1,33,2,2,0
2,36,11,2002,3,1,1,2,2,1,1,1,1,1,1,3,1,2,9,6,1,1,33,2,2,0
2,36,11,2002,2,1,1,2,2,1,1,1,1,1,1,1,1,2,9,6,1,1,33,2,2,0
3,36,11,2002,3,1,1,2,2,1,1,1,1,1,1,1,1,2,14,6,1,1,33,2,2,0
3,36,12,2002,2,1,1,2,2,1,1,1,1,1,1,1,1,2,9,6,1,1,33,2,2,0
1,39,7,2002,2,1,1,2,2,1,1,1,1,1,1,1,1,1,7,6,1,1,28,2,2,0
1,39,9,2002,2,1,1,2,2,1,1,1,1,1,1,1,1,2,14,6,1,1,38,2,2,1
2,39,11,2002,3,1,1,2,2,1,1,1,1,1,1,3,1,2,13,6,1,1,33,2,2,0
3,39,7,2002,1,1,1,2,2,1,2,1,1,3,2,1,2,2,1,6,1,1,33,2,2,0
3,39,11,2002,3,1,1,2,2,1,1,1,1,1,1,1,1,2,12,6,1,1,33,2,2,1
3,39,11,2002,3,1,1,2,2,1,1,1,1,1,1,1,1,2,14,6,1,1,33,2,2,0
3,39,8,2002,2,1,1,2,2,1,1,1,1,1,1,1,1,2,10,6,1,1,33,2,2,0
3,39,9,2002,3,1,1,2,2,1,1,1,1,1,1,1,1,2,14,6,1,1,33,2,2,0
3,39,12,2002,3,1,1,2,2,1,1,1,1,1,1,1,1,2,9,6,1,1,33,2,2,0
4,39,8,2002,3,1,1,2,2,1,1,1,1,1,1,3,1,2,14,6,1,1,33,2,2,0
4,39,8,2002,3,1,1,2,2,1,1,1,1,1,1,3,1,2,4,6,1,1,33,2,2,0
4,36,12,2002,2,1,1,2,2,1,1,1,1,1,1,1,1,2,9,6,1,1,33,2,2,0
2,44,12,2002,2,1,1,2,2,4,2,1,2,1,2,3,4,2,5,6,1,1,20,2,2,0
3,44,11,2002,3,1,1,2,2,1,1,1,1,1,1,1,1,2,9,6,1,1,33,2,2,0
3,44,11,2002,2,1,1,2,2,1,1,1,1,1,1,3,1,2,8,6,1,1,33,2,2,0
3,44,12,2002,4,1,1,2,2,1,2,1,1,1,1,3,1,2,8,6,1,1,33,2,2,1
4,44,11,2002,3,1,1,2,2,1,1,1,1,1,1,2,1,2,9,6,1,1,33,2,2,0
4,44,12,2002,3,1,1,2,2,1,4,1,1,1,1,2,1,2,14,6,1,1,33,2,2,3
4,44,12,2002,2,1,1,2,2,1,1,1,1,1,1,2,1,2,9,6,1,1,33,2,2,0
5,44,12,2002,2,1,1,2,2,1,1,1,1,1,1,1,1,2,14,6,1,1,33,2,2,0
6,44,11,2002,4,1,1,2,2,1,4,1,1,1,1,1,1,2,14,6,1,1,33,2,2,0
6,44,11,2002,2,1,1,2,2,1,1,1,1,1,1,1,1,2,14,6,1,1,33,2,2,0
6,44,12,2002,4,1,1,2,2,1,4,1,1,1,1,1,1,2,14,6,1,1,33,2,2,0
7,44,11,2002,3,1,1,2,2,1,1,1,1,1,1,1,1,2,8,6,1,1,33,2,2,0
7,44,12,2002,2,1,1,2,2,1,2,1,1,1,1,1,1,2,9,6,1,1,33,2,2,0
7,44,12,2002,3,1,1,2,2,1,1,1,1,1,1,1,1,2,9,6,1,1,33,2,2,1
7,44,12,2002,3,1,1,2,2,1,1,1,1,1,1,1,1,2,8,6,1,1,33,2,2,0
7,44,12,2002,2,1,1,2,2,1,1,1,1,1,1,1,1,2,13,6,1,1,33,2,2,0
1,48,8,2002,2,1,1,2,2,1,1,1,1,1,1,1,1,2,4,6,1,1,33,2,2,1
1,48,11,2002,3,1,1,2,2,1,1,1,1,1,1,1,1,2,9,6,1,1,33,2,2,0
1,48,11,2002,2,1,1,2,2,1,2,1,1,1,1,1,1,2,14,6,1,1,33,2,2,0
1,48,11,2002,4,1,1,2,2,1,4,1,1,1,1,1,1,2,6,6,1,1,33,2,2,0
1,48,12,2002,1,1,1,2,2,1,2,1,1,1,1,1,1,2,14,6,1,1,33,2,2,0
1,48,12,2002,2,1,1,2,2,1,1,1,1,1,1,1,1,2,14,6,1,1,33,2,2,0
6,40,12,2002,2,1,1,2,2,1,4,1,1,1,1,1,1,2,14,6,1,1,33,2,2,0
1,49,11,2002,2,1,1,2,2,1,1,1,1,1,3,3,1,2,19,6,1,1,33,2,2,0
1,49,11,2002,2,1,1,2,2,1,1,1,1,1,1,2,1,2,4,6,1,1,33,2,2,0
2,49,8,2002,1,1,1,2,2,2,4,2,2,2,2,3,2,2,19,6,1,1,33,2,2,0
3,49,7,2002,3,1,1,2,2,1,1,1,1,1,1,1,1,2,8,6,1,1,33,2,2,1
3,49,8,2002,3,1,1,2,2,1,1,1,1,1,1,2,1,2,9,6,1,1,33,2,2,1
3,49,12,2002,3,1,1,2,2,1,1,1,1,1,1,2,1,2,8,6,1,1,33,2,2,0
5,49,6,2002,3,1,1,2,2,1,1,1,1,1,1,3,1,2,4,6,1,1,33,2,2,0
5,49,7,2002,2,1,1,2,2,1,2,1,1,1,1,3,1,2,9,6,1,1,33,2,2,0
5,49,8,2002,3,1,1,2,2,1,1,1,1,1,1,3,1,2,9,6,1,1,33,2,2,0
5,49,9,2002,2,1,1,2,2,1,1,1,1,1,1,3,1,2,14,6,1,1,33,2,2,0
4,47,1,2002,3,1,1,2,2,1,1,1,1,1,1,1,1,2,7,6,1,1,33,2,2,0
3,47,1,2002,4,1,1,2,2,1,4,1,1,1,1,3,1,2,14,6,1,1,33,2,2,0
5,47,1,2002,4,1,1,2,2,2,4,2,2,1,1,3,1,2,12,6,1,1,33,2,2,1
9,47,1,2002,3,1,1,2,2,1,1,1,1,1,1,1,1,2,9,6,1,1,33,2,2,0
2,43,1,2002,2,1,1,2,2,1,2,1,1,1,1,1,1,2,14,6,1,1,33,2,2,3
2,43,1,2002,1,1,1,2,2,4,4,1,1,1,1,1,1,2,14,6,1,1,33,2,2,0
8,51,1,2002,2,1,1,2,2,1,2,2,1,1,1,3,1,2,14,6,1,1,33,2,2,0
3,36,1,2002,3,1,1,2,2,1,1,1,1,1,1,1,1,2,9,6,1,1,33,2,2,0
1,44,1,2002,2,1,1,2,2,1,1,1,1,1,1,2,1,1,9,6,1,1,33,2,2,0
3,44,1,2002,3,1,1,2,2,1,1,2,1,1,1,1,1,2,9,6,1,1,33,2,2,0
7,44,1,2002,2,1,1,2,2,1,1,1,1,1,1,1,1,2,9,6,1,1,33,2,2,0
5,46,1,2002,4,1,1,2,2,1,2,1,1,1,1,1,1,2,9,6,1,1,33,2,2,0
1,50,1,2002,3,1,1,2,2,1,1,1,1,1,1,1,1,1,9,6,1,1,33,2,2,0
2,50,1,2002,4,1,1,2,2,1,2,1,1,1,1,1,1,2,9,6,1,1,33,2,2,0
3,50,1,2002,3,1,1,2,2,1,1,1,1,1,1,3,1,2,9,6,1,1,33,2,2,0
5,50,1,2002,3,1,1,2,2,1,1,1,1,1,1,3,1,2,14,6,1,1,33,2,2,0
8,50,1,2002,2,1,1,2,2,1,1,1,1,1,1,2,1,2,14,6,1,1,33,2,2,0
9,50,1,2002,4,1,1,2,2,1,4,1,1,1,1,3,1,2,7,6,1,1,33,2,2,0
10,50,1,2002,3,1,1,2,2,1,1,1,1,1,1,1,1,2,8,6,1,1,31,2,2,0
1,35,1,2002,3,1,1,2,2,1,1,1,1,1,1,2,1,2,12,6,1,1,33,2,2,0
1,35,1,2002,3,1,1,2,2,1,1,1,1,1,1,1,1,2,9,6,1,1,33,2,2,0
1,35,1,2002,2,1,1,2,2,2,1,1,2,1,1,2,1,2,9,6,1,1,30,2,2,3
2,35,1,2002,3,1,1,2,2,1,1,1,1,1,1,3,1,2,8,1,1,1,33,2,2,3
2,35,1,2002,2,1,1,2,2,1,1,1,1,1,3,3,1,2,9,6,1,1,33,2,2,0
1,49,1,2002,4,1,1,2,2,1,3,1,1,1,3,3,1,2,14,6,1,1,33,2,2,0
1,45,1,2002,2,1,1,2,2,1,1,1,1,1,3,1,1,2,6,6,1,1,33,2,2,0
2,45,1,2002,3,1,1,2,2,1,1,1,1,1,1,1,1,1,14,6,1,1,33,2,2,1
6,45,1,2002,1,1,1,2,2,1,1,1,1,1,1,1,1,2,8,6,1,1,33,2,2,0
1,48,1,2002,3,1,1,2,2,1,1,1,1,1,1,1,1,1,9,6,1,1,33,2,2,0
1,38,1,2002,2,1,1,2,2,1,1,1,1,1,1,1,1,1,9,6,1,1,33,2,2,0
1,38,1,2002,2,1,1,2,2,1,1,1,1,1,1,1,1,2,9,6,1,1,38,2,2,0
1,38,1,2002,3,1,1,2,2,1,1,1,1,1,1,3,1,2,14,6,1,1,33,2,2,1
1,38,1,2002,3,1,1,2,2,2,1,1,2,1,1,1,1,2,7,6,1,1,26,2,2,0
1,38,1,2002,2,1,1,2,2,1,1,1,1,1,1,1,1,2,14,6,1,1,40,2,2,0
1,38,1,2002,4,1,1,2,2,4,4,1,1,1,1,1,1,2,6,6,1,1,33,2,2,0
6,38,1,2002,2,1,1,2,2,1,1,1,1,1,1,1,1,2,9,6,1,1,33,2,2,0
7,38,1,2002,3,1,1,2,2,1,1,1,1,1,1,1,1,2,9,6,1,1,35,2,2,0
3,40,1,2002,2,1,1,2,2,1,2,1,1,1,1,1,1,2,8,6,1,1,33,2,2,0
5,40,1,2002,4,1,1,2,2,1,2,1,1,1,1,1,1,2,14,6,1,1,33,2,2,1
6,40,1,2002,2,1,1,2,2,1,1,1,1,1,1,1,1,2,11,6,1,1,33,2,2,0
1,39,2,2002,4,1,1,2,2,1,2,1,1,1,1,1,1,2,10,6,1,1,33,2,2,0
3,39,2,2002,3,1,1,2,2,1,1,1,1,1,1,1,1,2,9,6,1,1,33,2,2,0
3,36,2,2002,2,1,1,2,2,1,1,1,1,1,1,1,1,2,9,6,1,1,33,2,2,1
4,36,2,2002,3,1,1,2,2,1,1,1,1,1,1,1,1,2,9,6,1,1,33,2,2,0
6,38,2,2002,2,1,1,2,2,1,1,1,1,1,1,1,1,2,9,6,1,1,33,2,2,1
6,38,2,2002,3,1,1,2,2,1,1,1,1,1,1,1,1,2,12,6,1,1,33,2,2,1
2,43,2,2002,3,1,1,2,2,1,1,1,1,1,1,1,1,2,9,6,1,1,25,2,2,1
2,43,2,2002,3,1,4,2,2,1,1,1,1,1,1,1,1,2,9,6,1,1,33,2,2,0
2,43,2,2002,3,1,1,2,2,1,1,1,1,1,1,1,1,2,13,6,1,1,35,2,2,1
2,43,2,2002,4,1,1,2,2,1,4,1,1,1,1,1,1,2,10,6,1,1,35,2,2,0
4,43,2,2002,2,1,1,2,2,1,1,1,1,1,1,1,1,2,9,6,1,1,33,2,2,0
1,35,2,2002,4,1,1,2,2,1,4,1,1,1,1,1,1,2,9,6,1,1,35,2,2,1
3,35,2,2002,2,1,1,2,2,1,1,1,1,3,3,1,2,1,14,6,1,1,30,2,2,0
1,50,2,2002,2,1,1,2,2,1,1,1,1,1,1,1,1,2,9,6,1,1,33,2,2,0
1,50,2,2002,3,1,1,2,2,1,1,1,1,1,1,1,1,2,9,6,1,1,33,2,2,0
2,50,2,2002,3,1,1,2,2,1,1,1,1,1,1,1,1,2,7,6,1,1,33,2,2,0
5,50,2,2002,2,1,1,2,2,4,2,1,1,1,1,3,1,2,14,6,1,1,28,2,2,0
4,37,1,2002,2,1,1,2,2,1,1,1,1,2,3,1,2,1,9,6,1,1,33,2,2,0
5,37,1,2002,2,1,1,2,2,1,1,1,1,1,1,3,1,2,6,6,1,1,33,2,2,0
6,37,1,2002,3,1,1,2,2,1,1,1,1,1,1,3,1,2,14,6,1,1,30,2,2,1
2,37,2,2002,3,1,1,2,2,1,2,1,1,1,1,3,1,2,6,6,1,1,30,2,2,0
6,37,2,2002,2,1,1,2,2,1,1,1,1,1,1,3,1,2,14,6,1,1,33,2,2,0
4,47,2,2002,3,1,1,2,2,1,1,1,1,1,1,1,1,2,9,6,1,1,33,2,2,0
5,47,2,2002,3,1,1,2,2,1,1,1,1,1,1,1,1,2,9,6,1,1,33,2,2,0
6,47,2,2002,3,1,1,2,2,1,1,1,1,1,1,3,1,2,6,6,1,1,33,2,2,0
8,47,2,2002,3,1,1,2,2,1,1,1,1,1,1,1,1,1,9,6,1,1,33,2,2,0
11,47,2,2002,2,1,1,2,2,1,1,1,1,1,1,3,1,2,9,6,1,1,28,2,2,0
1,45,2,2002,3,1,1,2,2,1,1,1,1,2,1,3,1,2,4,6,1,1,33,2,2,0
5,45,2,2002,3,1,1,2,2,1,1,1,1,1,1,3,1,2,6,6,1,1,33,2,2,0
3,44,2,2002,2,1,1,2,2,1,1,1,1,1,1,1,1,2,10,6,1,1,33,2,2,0
5,44,2,2002,2,1,1,2,2,1,1,1,1,1,1,1,1,2,8,6,1,1,33,2,2,0
5,44,2,2002,2,1,1,2,2,1,1,1,1,1,1,1,1,2,14,6,1,1,33,2,2,0
6,44,2,2002,4,1,1,2,2,1,2,1,1,1,1,1,1,2,7,6,1,1,33,2,2,0
6,44,2,2002,3,1,1,2,2,1,1,1,1,1,1,1,1,2,14,6,1,1,33,2,2,0
7,44,2,2002,2,1,1,2,2,1,1,1,1,1,1,1,1,2,8,6,1,1,33,2,2,0
1,40,2,2002,2,1,1,2,2,1,1,2,1,1,1,1,1,2,8,6,1,1,33,2,2,1
6,40,2,2002,2,1,1,2,2,1,1,1,1,1,1,1,1,2,14,6,1,1,33,2,2,0
1,49,2,2002,4,1,1,2,2,1,4,1,1,1,1,3,1,2,9,6,1,1,33,2,2,0
1,49,2,2002,2,1,1,2,2,1,1,1,1,1,1,3,1,1,14,6,1,1,33,2,2,0
1,49,2,2002,3,1,1,2,2,1,1,1,1,1,1,2,1,2,9,6,1,1,33,2,2,0
1,49,2,2002,3,1,1,2,2,1,1,1,1,1,1,2,1,1,9,6,1,1,33,2,2,0
1,49,2,2002,3,1,1,2,2,1,1,1,1,1,1,2,1,2,9,6,1,1,33,2,2,0
2,49,2,2002,3,1,1,2,2,1,1,1,1,1,1,3,1,2,9,6,1,1,33,2,2,0
3,49,2,2002,4,1,1,2,2,1,2,1,1,1,1,3,1,2,9,6,1,1,33,2,2,0
5,49,1,2002,4,1,1,2,2,1,3,1,1,1,1,3,1,2,14,6,1,1,33,2,2,0
1,51,1,2002,3,1,1,2,2,1,1,1,1,1,1,2,1,2,19,6,1,1,33,2,2,0
4,51,2,2002,3,1,1,2,2,1,1,1,1,1,1,2,1,2,16,6,1,1,33,2,2,0
3,36,3,2002,3,1,1,2,2,1,1,1,1,1,1,1,1,2,9,6,1,1,33,2,2,1
3,36,3,2002,2,1,1,2,2,1,1,1,1,1,1,1,1,2,9,6,1,1,33,2,2,1
4,36,3,2002,2,1,1,2,2,1,1,1,1,2,1,1,1,2,14,6,1,1,33,2,2,0
5,50,3,2002,4,1,1,2,2,1,3,1,1,1,1,2,1,2,14,6,1,1,35,2,2,1
11,50,3,2002,3,1,1,2,2,1,1,1,1,1,1,2,2,2,14,6,1,1,33,2,2,0
12,50,3,2002,2,1,1,2,2,1,1,1,1,1,1,1,1,2,9,6,1,1,33,2,2,1
4,45,3,2002,3,1,1,2,2,1,1,1,1,1,1,3,1,2,14,6,1,1,36,2,2,0
6,45,3,2002,4,1,1,2,2,1,4,1,1,1,1,3,1,2,13,6,1,1,33,2,2,0
1,46,1,2002,3,1,1,2,2,1,1,1,1,1,1,1,1,2,9,6,1,1,33,2,2,0
1,46,2,2002,3,1,1,2,2,1,1,1,1,1,1,2,1,2,9,6,1,1,33,2,2,0
1,46,2,2002,3,1,1,2,2,1,1,1,1,1,1,3,1,2,14,6,1,1,33,2,2,0
1,46,2,2002,2,1,1,2,2,1,1,1,1,1,1,3,1,2,14,6,1,1,33,2,2,0
1,46,3,2002,4,1,1,2,2,1,4,1,1,1,1,1,1,1,8,6,1,1,33,2,2,1
1,46,3,2002,3,1,1,2,2,1,1,1,1,1,1,1,1,2,14,6,1,1,33,2,2,1
2,46,2,2002,3,1,1,2,2,1,1,1,1,1,1,1,1,2,9,6,1,1,33,2,2,0
2,46,2,2002,1,1,1,2,2,1,2,1,1,1,1,1,1,2,14,6,1,1,33,2,2,0
2,46,3,2002,2,1,1,2,2,1,1,1,1,1,1,1,1,2,10,6,1,1,33,2,2,0
5,46,3,2002,2,1,1,2,2,1,1,1,1,1,1,1,1,2,7,6,1,1,33,2,2,0
5,46,3,2002,3,1,1,2,2,1,1,1,1,1,1,1,1,2,9,6,1,1,45,2,2,0
6,46,2,2002,3,1,1,2,2,1,1,1,1,1,1,1,1,1,14,6,1,1,33,2,2,2
6,46,3,2002,3,1,1,2,2,1,1,1,1,1,1,1,1,2,14,6,1,1,33,2,2,0
9,47,3,2002,3,1,1,2,2,1,1,1,1,1,3,1,1,2,9,6,1,1,33,2,2,0
9,47,3,2002,3,1,1,2,2,1,1,1,1,3,1,3,1,2,14,6,1,1,33,2,2,0
1,49,3,2002,4,1,1,2,2,1,2,1,1,2,2,2,1,2,9,6,1,1,33,2,2,3
1,49,3,2002,2,1,1,2,2,1,1,1,1,1,1,2,1,2,14,6,1,1,33,2,2,0
1,49,3,2002,4,1,1,2,2,1,2,1,1,1,1,3,1,2,14,6,1,1,28,2,2,0
1,49,3,2002,3,1,1,2,2,1,1,1,1,1,1,2,1,2,9,6,1,1,33,2,2,0
5,49,3,2002,4,1,1,2,2,1,4,1,1,1,1,3,1,2,14,6,1,1,33,2,2,0
1,52,3,2002,2,1,1,2,2,1,1,1,1,1,1,2,1,2,14,6,1,1,35,2,2,0
4,37,3,2002,3,1,1,2,2,1,1,1,1,1,1,3,1,2,9,6,1,1,33,2,2,1
5,37,3,2002,4,1,1,2,2,1,2,1,1,1,1,3,3,2,4,6,1,1,25,2,2,0
6,37,3,2002,2,1,1,2,2,1,1,3,1,1,1,3,2,2,8,6,1,1,33,2,2,1
1,35,3,2002,2,1,1,2,2,1,1,1,1,1,1,2,1,2,9,6,1,1,33,2,2,0
1,48,2,2002,3,1,1,2,2,1,1,1,1,1,1,1,1,2,6,6,1,1,33,2,2,0
6,48,2,2002,2,1,1,2,2,1,1,1,1,1,1,3,1,2,12,6,1,1,28,2,2,0
3,48,3,2002,2,1,1,2,2,1,1,1,1,1,1,3,1,2,9,6,1,1,39,2,2,0
5,48,3,2002,3,1,1,2,2,1,1,1,1,1,1,3,1,2,19,6,1,1,30,2,2,0
1,38,3,2002,2,1,1,2,2,1,1,2,1,1,1,1,1,2,14,6,1,1,33,2,2,0
4,38,3,2002,2,1,1,2,2,1,1,1,1,1,1,3,1,2,9,6,1,1,33,2,2,3
4,38,3,2002,2,1,1,2,2,1,1,1,1,1,1,3,1,2,9,6,1,1,33,2,2,0
6,38,3,2002,1,1,1,2,2,1,4,1,1,1,1,1,1,2,9,6,1,1,33,2,2,1
7,38,3,2002,4,1,1,2,2,1,4,1,1,1,1,1,1,2,14,6,1,1,33,2,2,0
4,51,1,2002,4,1,1,2,2,1,4,1,1,1,1,2,1,2,10,6,1,1,33,2,2,0
8,51,3,2002,2,1,1,2,2,1,1,1,1,1,1,3,1,2,12,6,1,1,33,2,2,0
5,43,4,2002,2,1,1,2,2,1,1,1,1,1,3,1,3,2,9,6,1,1,33,2,2,0
2,36,4,2002,3,1,1,2,2,1,1,1,1,1,1,3,1,2,14,6,1,1,35,2,2,0
2,36,4,2002,2,1,1,2,2,1,1,1,1,1,1,3,1,2,14,6,1,1,33,2,2,0
5,44,3,2002,2,1,1,2,2,1,2,1,1,1,1,1,1,2,9,6,1,1,33,2,2,0
6,44,3,2002,2,1,1,2,2,1,1,1,1,1,1,1,1,2,8,6,1,1,33,2,2,0
6,44,3,2002,2,1,1,2,2,1,2,1,1,1,1,1,1,2,8,6,1,1,30,2,2,0
6,44,3,2002,3,1,1,2,2,1,1,1,1,1,1,1,1,1,14,6,1,1,33,2,2,0
7,44,3,2002,2,1,1,2,2,1,1,1,1,1,1,1,1,2,9,6,1,1,33,2,2,1
7,44,3,2002,3,1,1,2,2,1,1,1,1,1,1,1,1,2,9,6,1,1,35,2,2,0
7,44,3,2002,2,1,1,2,2,1,1,1,1,1,1,1,1,2,9,6,1,1,33,2,2,0
7,44,3,2002,2,1,1,2,2,1,1,1,1,1,1,1,1,2,13,6,1,1,33,2,2,0
7,44,3,2002,2,1,1,2,2,1,2,1,1,1,1,1,1,2,14,6,1,1,33,2,2,0
4,51,4,2002,3,1,1,2,2,1,1,1,1,1,1,2,1,2,14,6,1,1,33,2,2,0
8,51,4,2002,2,1,1,2,2,1,1,1,1,1,1,2,1,2,9,6,1,1,33,2,2,0
8,51,4,2002,2,1,1,2,2,1,1,1,1,1,1,2,1,2,9,6,1,1,33,2,2,0
9,51,4,2002,3,1,1,2,2,1,1,1,1,1,1,3,1,2,14,6,1,1,35,2,2,0
1,52,4,2002,3,1,1,2,2,1,1,1,1,1,1,3,1,2,14,6,1,1,33,2,2,0
9,52,4,2002,2,1,1,2,2,1,1,1,1,1,1,3,1,2,14,6,1,1,33,2,2,0
1,38,4,2002,4,1,1,2,2,1,4,1,1,1,1,1,1,2,9,6,1,1,33,2,2,0
3,38,4,2002,2,1,1,2,2,1,1,1,1,1,1,3,2,2,14,6,1,1,33,2,2,1
6,38,4,2002,2,1,1,2,2,1,1,1,1,1,1,1,1,2,9,6,1,1,33,2,2,0
5,47,4,2002,3,1,1,2,2,1,1,1,1,1,1,3,1,2,9,6,1,1,38,2,2,0
5,47,4,2002,4,1,1,2,2,1,4,1,1,1,1,1,1,2,9,6,1,1,50,2,2,1
5,47,4,2002,4,1,1,2,2,1,2,1,1,1,1,3,1,2,14,6,1,1,38,2,2,0
8,47,4,2002,3,1,1,2,2,2,1,1,2,1,1,1,1,2,9,6,1,1,38,2,2,1
9,47,4,2002,2,1,1,2,2,1,1,1,1,1,1,3,1,2,10,6,1,1,25,2,2,0
9,47,4,2002,1,1,1,2,2,1,4,2,1,1,1,1,1,2,9,6,1,1,33,2,2,1
1,48,4,2002,3,1,1,2,2,1,1,1,1,1,1,1,1,2,8,6,1,1,33,2,2,1
2,48,4,2002,3,1,1,2,2,1,1,1,1,1,1,3,1,2,9,6,1,1,33,2,2,0
3,48,4,2002,3,1,1,2,2,1,1,1,1,1,1,3,1,2,14,6,1,1,33,2,2,0
1,35,4,2002,2,1,1,2,2,1,1,1,1,1,1,1,1,2,10,6,1,1,33,2,2,0
1,35,4,2002,2,1,1,2,2,1,1,1,1,1,1,1,1,2,14,6,1,1,33,2,2,0
1,35,4,2002,2,1,1,2,2,1,1,1,1,1,1,2,1,2,14,6,1,1,33,2,2,0
1,45,4,2002,4,1,1,2,2,1,1,1,1,1,1,3,1,2,14,6,1,1,33,2,2,0
1,45,4,2002,3,1,1,2,2,1,1,1,1,1,1,3,1,2,14,6,1,1,33,2,2,0
2,39,4,2002,3,1,1,2,2,1,1,1,1,3,1,3,1,2,14,6,1,1,40,2,2,0
1,50,4,2002,3,1,1,2,2,1,1,1,1,1,1,1,1,1,9,6,1,1,33,2,2,0
2,50,4,2002,2,1,1,2,2,1,1,1,1,1,1,1,1,2,14,6,1,1,33,2,2,0
4,50,4,2002,3,1,1,2,2,1,1,1,1,1,1,3,1,2,5,6,1,1,33,2,2,0
4,50,3,2002,3,1,1,2,2,1,1,1,1,1,1,3,1,2,14,6,1,1,30,2,2,0
9,50,4,2002,2,1,1,2,2,1,1,1,1,1,2,1,1,2,9,6,1,1,33,2,2,1
11,50,4,2002,3,1,1,2,2,1,1,1,1,1,1,2,1,2,10,6,1,1,33,2,2,0
12,50,4,2002,2,1,1,2,2,1,1,1,1,1,1,1,1,2,14,6,1,1,33,2,2,0
13,50,4,2002,3,1,1,2,2,1,1,1,1,1,1,2,1,2,10,6,1,1,33,2,2,0
1,49,4,2002,3,1,1,2,2,1,1,1,1,1,1,2,1,2,9,6,1,1,33,2,2,0
1,45,5,2002,3,1,1,2,2,1,1,1,1,1,1,1,1,1,14,6,1,1,33,2,2,0
3,45,5,2002,3,1,1,2,2,1,1,1,1,1,1,3,1,2,6,6,1,1,33,2,2,0
5,40,4,2002,3,1,1,2,2,1,1,1,1,1,1,3,1,2,9,6,1,1,33,2,2,1
5,40,4,2002,4,1,1,2,2,1,3,2,1,1,1,1,1,2,14,6,1,1,33,2,2,1
6,40,4,2002,3,1,1,2,2,1,1,1,1,1,1,1,1,2,9,6,1,1,33,2,2,0
1,40,5,2002,2,1,1,2,2,1,1,1,1,1,1,1,1,2,8,6,1,1,33,2,2,3
1,40,5,2002,2,1,1,2,2,2,1,2,2,1,1,1,1,1,7,6,1,1,33,2,2,1
1,40,5,2002,4,1,1,2,2,1,4,2,1,1,1,1,1,2,9,6,1,1,33,2,2,0
3,40,5,2002,2,1,1,2,2,1,1,1,1,1,1,1,1,2,9,6,1,1,33,2,2,1
3,40,5,2002,2,1,1,2,2,1,1,1,1,1,1,1,1,2,9,6,1,1,33,2,2,0
4,40,5,2002,4,1,1,2,2,1,2,1,1,1,1,3,1,2,6,6,1,1,33,2,2,0