Thana,District,Month,Year,Time,Junction_Type,Traffic_Control,Movement,Divider,Weather,Light,Road_Geometry,Surface_Condition,Surface_Type,Surface_Quality,Road_Class,Road_Feature,Location_Type,Vehicle_Type,Vehicle_Movement,Vehicle_Loading,Vehicle_Defect,Vehicle_Driver_Age,Vehicle_Alcohol,Vehicle_Seat_Belt,Accident_Severity
6,40,5,2002,3,1,1,2,2,1,1,1,1,1,1,1,1,2,9,6,1,1,33,2,2,0
6,40,5,2002,3,1,1,2,2,1,1,1,1,1,1,1,1,2,14,6,1,1,33,2,2,0
6,40,5,2002,3,1,1,2,2,1,1,1,1,1,1,1,1,2,9,6,1,1,33,2,2,0
1,48,5,2002,3,1,1,2,2,1,1,1,1,1,1,1,1,1,9,6,1,1,33,2,2,0
2,47,5,2002,2,1,1,2,2,1,1,1,1,1,1,1,1,2,9,6,1,1,32,2,2,0
5,47,5,2002,2,1,1,2,2,2,1,1,2,1,1,3,1,2,8,6,1,1,33,2,2,1
5,47,5,2002,4,1,1,2,2,1,3,2,1,1,1,3,1,2,14,6,1,1,33,2,2,0
9,47,5,2002,4,1,1,2,2,2,2,1,2,1,3,1,1,2,14,6,1,1,33,2,2,0
9,47,5,2002,4,1,1,2,2,1,1,1,1,1,1,1,1,2,10,6,1,1,35,2,2,0
11,47,5,2002,2,1,1,2,2,1,1,1,1,3,2,3,1,2,14,6,1,1,33,2,2,0
13,47,5,2002,3,1,1,2,2,1,1,1,1,1,1,3,1,2,14,6,1,1,33,2,2,1
3,44,4,2002,2,1,1,2,2,1,1,1,1,1,1,1,1,2,9,6,1,1,33,2,2,0
3,44,4,2002,3,1,1,2,2,1,1,1,1,1,1,1,1,2,14,6,1,1,33,2,2,0
3,44,5,2002,3,1,1,2,2,1,1,1,1,1,1,3,1,2,8,6,1,1,33,2,2,0
4,44,4,2002,3,1,1,2,2,1,1,1,1,1,1,3,1,2,14,6,1,1,33,2,2,0
7,44,4,2002,1,1,1,2,2,1,2,1,1,1,1,1,1,2,14,6,1,1,33,2,2,0
7,44,4,2002,2,1,1,2,2,1,1,1,1,1,1,1,1,2,12,6,1,1,33,2,2,0
1,38,5,2002,1,1,1,2,2,1,2,1,1,1,1,1,1,2,14,6,1,1,33,2,2,0
3,38,5,2002,2,1,1,2,2,2,1,1,2,1,1,1,1,1,14,6,1,1,33,2,2,0
4,38,5,2002,1,1,1,2,2,1,2,1,1,1,1,3,1,2,19,6,1,1,33,2,2,0
1,35,5,2002,2,1,1,2,2,1,1,1,1,1,1,1,1,2,9,6,1,1,33,2,2,0
3,35,5,2002,3,1,1,2,2,1,1,1,1,1,1,3,1,2,9,6,1,1,33,2,2,1
4,35,4,2002,2,1,1,2,2,1,1,1,1,1,1,3,1,2,14,6,1,1,33,2,2,0
5,35,5,2002,2,1,1,2,2,1,1,1,1,1,1,1,1,2,14,6,1,1,35,2,2,0
4,50,5,2002,3,1,1,2,2,1,1,1,1,1,1,3,1,2,19,6,1,1,33,2,2,0
5,50,5,2002,2,1,1,2,2,1,1,1,1,1,1,3,1,2,9,6,1,1,33,2,2,0
8,50,5,2002,2,1,1,2,2,1,1,1,1,1,1,2,1,2,9,6,1,1,33,2,2,0
9,50,5,2002,3,1,1,2,2,1,3,1,1,1,1,1,1,2,13,6,1,1,33,2,2,0
11,50,5,2002,4,1,1,2,2,1,1,1,1,1,1,2,1,2,9,6,1,1,33,2,2,0
12,50,5,2002,2,1,1,2,2,1,1,1,1,1,1,3,1,2,9,6,1,1,33,2,2,0
1,51,5,2002,2,1,1,2,2,2,1,1,2,1,1,2,1,2,9,6,1,1,33,2,2,0
1,51,5,2002,3,1,1,2,2,2,1,1,2,1,1,2,1,2,9,6,1,1,33,2,2,0
3,51,5,2002,3,1,1,2,2,1,1,1,1,1,1,2,1,2,9,6,1,1,33,2,2,0
4,51,3,2002,3,1,1,2,2,1,1,1,1,1,1,1,1,2,9,6,1,1,33,2,2,0
7,51,5,2002,4,1,1,2,2,1,3,1,1,1,1,3,1,2,14,6,1,1,33,2,2,1
8,51,5,2002,3,1,1,2,2,1,1,1,1,1,1,3,1,2,9,6,1,1,33,2,2,0
12,51,4,2002,3,1,1,2,2,1,1,1,1,1,1,2,1,2,9,6,1,1,33,2,2,1
12,51,4,2002,2,1,1,2,2,1,1,1,1,1,1,2,1,2,14,6,1,1,33,2,2,0
4,37,5,2002,3,1,1,2,2,1,1,1,1,1,1,3,1,2,9,6,1,1,33,2,2,1
4,37,5,2002,3,1,1,2,2,1,1,1,1,1,1,3,1,2,4,6,1,1,33,2,2,1
1,38,6,2002,2,1,1,2,2,1,1,1,1,1,1,3,1,2,9,6,1,1,33,2,2,0
4,38,6,2002,3,1,1,2,2,1,1,1,1,1,1,3,1,2,7,6,1,1,33,2,2,0
6,38,6,2002,3,1,1,2,2,1,1,1,1,1,1,1,1,2,12,6,1,1,33,2,2,1
7,38,6,2002,1,1,1,2,2,1,4,1,1,1,1,1,1,2,14,6,1,1,33,2,2,0
7,38,6,2002,2,1,1,2,2,1,1,1,1,1,1,1,1,2,9,6,1,1,33,2,2,0
1,46,4,2002,3,1,1,2,2,1,2,1,1,1,1,1,1,1,14,6,1,1,33,2,2,0
6,46,4,2002,3,1,1,2,2,1,1,1,1,1,1,1,1,1,14,6,1,1,33,2,2,0
1,46,5,2002,3,1,1,2,2,1,1,1,1,1,1,3,1,2,14,6,1,1,33,2,2,0
1,46,5,2002,4,1,1,2,2,1,4,1,1,1,1,1,1,1,14,6,1,1,33,2,2,0
2,46,5,2002,3,1,1,2,2,1,1,1,1,1,1,1,1,2,9,6,1,1,33,2,2,0
2,46,5,2002,2,1,1,2,2,2,1,1,2,1,3,1,1,2,9,6,1,1,33,2,2,0
3,46,5,2002,4,1,1,2,2,1,4,1,1,1,1,3,1,2,9,6,1,1,33,2,2,0
5,46,5,2002,4,1,1,2,2,1,2,1,1,1,1,1,1,2,4,6,1,1,33,2,2,0
6,46,5,2002,1,1,1,2,2,1,1,1,1,1,1,1,1,1,9,6,1,1,33,2,2,0
1,45,6,2002,3,1,1,2,2,1,1,2,1,1,1,1,1,2,14,6,1,1,33,2,2,0
2,45,6,2002,4,1,1,2,2,1,4,1,1,1,3,1,1,2,9,6,1,1,33,2,2,0
2,37,6,2002,2,1,1,2,2,1,1,1,1,1,1,3,1,2,6,6,1,1,33,2,2,0
6,37,6,2002,3,1,1,2,2,1,1,1,1,1,1,3,1,2,5,6,1,1,33,2,2,0
3,40,6,2002,1,1,1,2,2,1,3,1,1,1,1,1,1,2,14,6,1,1,33,2,2,1
5,40,6,2002,2,1,1,2,2,1,1,1,1,1,1,1,1,2,14,6,1,1,33,2,2,0
1,50,6,2002,4,1,1,2,2,1,4,1,1,1,1,1,1,2,5,6,1,1,33,2,2,1
1,50,5,2002,3,1,1,2,2,1,1,1,1,1,1,3,1,2,19,6,1,1,33,2,2,1
2,50,6,2002,2,1,1,2,2,1,1,1,1,1,1,1,1,2,14,6,1,1,33,2,2,1
2,50,6,2002,3,1,1,2,2,1,1,1,1,1,1,1,1,2,9,6,1,1,33,2,2,0
6,50,6,2002,4,1,1,2,2,1,2,1,1,1,1,3,1,2,4,6,1,1,33,2,2,0
6,50,6,2002,2,1,1,2,2,1,1,1,1,1,1,3,1,2,6,6,1,1,33,2,2,0
9,50,6,2002,4,1,1,2,2,2,4,1,2,1,1,2,1,2,9,6,1,1,33,2,2,0
10,50,6,2002,2,1,1,2,2,1,1,1,1,1,1,2,1,2,6,6,1,1,33,2,2,1
10,50,6,2002,3,1,1,2,2,1,1,1,1,1,1,3,1,2,7,6,1,1,37,2,2,0
11,50,6,2002,1,1,1,2,2,1,2,1,1,1,1,2,1,2,9,6,1,1,33,2,2,1
11,50,6,2002,2,1,1,2,2,1,1,1,1,1,1,2,1,2,13,6,1,1,33,2,2,0
12,50,6,2002,4,1,1,2,2,1,4,1,1,1,1,1,1,2,14,6,1,1,33,2,2,0
13,50,6,2002,2,1,1,2,2,1,1,1,1,1,1,3,1,2,10,6,1,1,33,2,2,0
13,50,6,2002,3,1,1,2,2,1,1,1,1,1,1,3,1,2,9,6,1,1,33,2,2,0
1,51,6,2002,3,1,1,2,2,1,1,1,1,1,1,3,1,2,9,6,1,1,35,2,2,1
1,51,6,2002,2,1,1,2,2,1,1,1,1,1,1,3,1,2,9,6,1,1,33,2,2,0
4,51,6,2002,3,1,1,2,2,1,1,1,1,1,1,1,1,2,8,6,1,1,33,2,2,1
8,51,6,2002,4,1,1,2,2,1,3,1,1,1,1,2,1,2,9,6,1,1,45,2,2,1
8,51,6,2002,2,1,1,2,2,1,1,1,1,1,1,2,1,2,4,6,1,1,25,2,2,0
9,51,6,2002,3,1,1,2,2,1,1,1,1,1,2,2,1,2,14,6,1,1,33,2,2,0
1,35,6,2002,2,1,1,2,2,1,1,1,1,1,1,2,1,2,9,6,1,1,33,2,2,1
1,52,6,2002,2,1,1,2,2,2,1,2,2,1,3,3,1,2,9,6,1,1,33,2,2,3
6,52,6,2002,3,1,1,2,2,1,1,1,1,1,1,3,1,2,19,6,1,1,33,2,2,0
3,39,5,2002,1,1,1,2,2,1,2,1,1,1,1,1,1,2,14,6,1,1,33,2,2,0
4,39,5,2002,4,1,1,2,2,1,2,1,2,2,2,3,1,2,14,6,1,1,33,2,2,1
1,39,6,2002,3,1,1,2,2,1,1,1,1,1,1,1,1,2,14,6,1,1,33,2,2,0
3,49,5,2002,4,1,1,2,2,2,4,1,2,1,1,3,1,2,14,6,1,1,33,2,2,0
4,49,5,2002,2,1,1,2,2,1,1,1,1,1,1,3,1,2,9,6,1,1,33,2,2,0
5,49,5,2002,2,1,1,2,2,1,1,1,1,1,1,3,1,2,9,6,1,1,33,2,2,0
1,47,6,2002,1,1,1,2,2,1,2,1,1,1,1,1,4,2,14,6,1,1,33,2,2,0
1,47,6,2002,2,1,1,2,2,1,1,1,1,1,1,1,1,2,9,6,1,1,33,2,2,0
1,47,6,2002,1,1,1,2,2,1,4,1,1,1,1,1,1,2,14,6,1,1,33,2,2,1
1,47,6,2002,3,1,1,2,2,2,1,1,2,1,1,1,1,2,8,6,1,1,45,2,2,0
8,47,6,2002,3,1,1,2,2,1,1,1,1,1,1,3,1,2,13,6,1,1,33,2,2,0
12,47,6,2002,2,2,1,2,2,1,1,1,1,1,1,1,1,2,14,6,1,1,35,2,2,0
13,47,6,2002,4,1,1,2,2,1,4,1,1,1,1,3,1,2,8,6,1,1,29,2,2,0
3,44,5,2002,2,1,1,2,2,1,2,1,1,1,1,1,1,2,8,6,1,1,30,2,2,0
3,44,5,2002,3,1,1,2,2,1,1,1,1,1,1,1,1,2,9,6,1,1,33,2,2,0
4,44,5,2002,1,1,1,2,2,2,2,1,2,1,1,2,1,2,14,6,1,1,33,2,2,0
6,44,5,2002,3,1,1,2,2,1,1,1,1,1,1,1,1,2,14,6,1,1,33,2,2,0
6,44,5,2002,3,1,1,2,2,1,1,1,1,1,1,3,1,2,14,6,1,1,33,2,2,0
6,44,5,2002,4,1,1,2,2,1,4,1,1,1,1,1,1,2,13,6,1,1,50,2,2,0
6,44,5,2002,2,1,1,2,2,1,2,1,1,1,1,1,1,2,14,6,1,1,33,2,2,0
4,44,6,2002,3,1,1,2,2,1,1,1,1,1,1,2,1,2,14,6,1,1,35,2,2,0
4,44,6,2002,2,1,1,2,2,1,1,1,1,1,1,2,1,2,14,6,1,1,33,2,2,0
6,44,6,2002,2,1,1,2,2,1,2,1,1,1,1,1,1,2,14,6,1,1,33,2,2,0
6,44,6,2002,4,1,1,2,2,1,4,1,1,1,1,1,1,2,19,6,1,1,33,2,2,0
7,44,6,2002,1,1,1,2,2,1,1,1,1,1,1,1,1,2,14,6,1,1,35,2,2,0
7,44,6,2002,2,1,1,2,2,1,1,1,1,1,1,3,1,2,8,6,1,1,33,2,2,1
7,44,6,2002,2,1,1,2,2,1,1,1,1,1,2,3,1,2,14,6,1,1,33,2,2,0
3,40,7,2002,3,1,1,2,2,2,1,1,2,1,1,1,1,2,9,6,1,1,33,2,2,1
6,40,7,2002,3,1,1,2,2,1,1,1,1,1,1,1,1,2,19,6,1,1,33,2,2,0
6,40,7,2002,3,1,1,2,2,1,4,1,1,1,1,1,1,2,10,6,1,1,33,2,2,0
3,43,7,2002,2,1,1,2,2,1,1,1,1,1,1,3,1,2,13,6,1,1,33,2,2,0
5,43,7,2002,4,1,1,2,2,1,2,1,1,1,1,1,1,2,9,6,1,1,33,2,2,0
1,35,7,2002,3,1,1,2,2,1,1,1,1,1,1,2,1,2,12,6,1,1,33,2,2,0
1,35,7,2002,3,1,1,2,2,1,1,1,1,1,1,3,1,2,9,6,1,1,33,2,2,0
1,35,7,2002,1,1,1,2,2,1,2,1,1,1,1,2,1,2,14,6,1,1,33,2,2,0
3,35,7,2002,2,1,1,2,2,1,1,1,1,1,1,3,1,2,9,6,1,1,33,2,2,1
1,46,6,2002,2,1,1,2,2,1,1,1,1,1,1,1,1,2,14,6,1,1,33,2,2,0
1,46,7,2002,1,1,1,2,2,1,2,1,1,1,1,2,1,2,6,6,1,1,33,2,2,0
1,46,8,2002,3,1,1,2,2,1,1,1,1,1,1,1,1,2,9,6,1,1,33,2,2,0
1,46,8,2002,2,1,1,2,2,1,1,1,1,1,1,1,1,2,14,6,1,1,33,2,2,0
1,46,8,2002,3,1,1,2,2,1,1,1,1,1,1,1,1,2,9,6,1,1,33,2,2,0
1,46,9,2002,3,1,1,2,2,1,1,1,1,1,1,1,1,2,14,6,1,1,33,2,2,0
1,46,10,2002,2,1,1,2,2,1,1,1,1,1,1,1,1,2,9,6,1,1,33,2,2,0
1,46,9,2002,2,1,1,2,2,1,1,1,1,1,1,1,1,2,4,6,1,1,33,2,2,1
1,46,10,2002,3,1,1,2,2,4,1,1,1,1,1,1,1,2,9,6,1,1,33,2,2,0
1,46,10,2002,2,1,1,2,2,1,1,1,1,1,1,1,1,2,9,6,1,1,33,2,2,0
1,46,10,2002,2,1,1,2,2,1,1,1,1,1,1,1,1,2,8,6,1,1,33,2,2,0
1,46,11,2002,2,1,1,2,2,1,1,1,1,1,1,1,1,2,9,6,1,1,33,2,2,0
1,46,11,2002,1,1,1,2,2,1,4,1,1,1,1,2,1,2,9,6,1,1,33,2,2,0
1,46,11,2002,2,1,1,2,2,1,2,1,1,1,1,1,1,2,9,6,1,1,33,2,2,0
1,46,12,2002,2,1,1,2,2,1,1,1,1,1,1,1,1,2,9,6,1,1,33,2,2,0
1,46,12,2002,2,1,1,2,2,1,1,1,1,1,1,3,1,2,14,6,1,1,33,2,2,0
2,46,6,2002,3,1,1,2,2,1,1,1,1,1,1,1,1,2,9,6,1,1,33,2,2,0
2,46,9,2002,2,1,1,2,2,1,1,1,1,1,1,1,1,2,14,6,1,1,33,2,2,0
2,46,11,2002,4,1,1,2,2,1,1,1,1,1,1,1,1,2,9,6,1,1,33,2,2,0
2,46,11,2002,2,1,1,2,2,1,1,1,1,1,1,1,1,2,9,6,1,1,33,2,2,0
2,46,11,2002,2,1,1,2,2,1,1,1,1,1,1,1,1,2,9,6,1,1,33,2,2,0
6,46,7,2002,4,1,1,2,2,1,3,1,1,1,1,1,1,1,8,6,1,1,33,2,2,0
6,46,8,2002,3,1,1,2,2,1,1,1,1,1,1,1,1,1,8,6,1,1,33,2,2,0
1,35,9,2002,2,1,1,2,2,1,1,1,1,1,1,2,1,2,9,6,1,1,30,2,2,1
1,48,1,2002,3,1,1,2,2,1,1,1,1,1,1,1,1,2,6,6,1,1,33,2,2,1
1,48,1,2002,2,1,1,2,2,1,1,1,1,1,1,1,1,2,14,6,1,1,33,2,2,1
1,48,2,2002,3,1,1,2,2,1,1,1,1,1,1,1,1,2,9,6,1,1,33,2,2,1
2,48,1,2002,1,1,1,2,2,1,4,1,1,1,1,3,1,2,13,6,1,1,33,2,2,0
4,48,7,2002,2,1,1,2,2,1,1,1,1,1,1,3,1,2,6,6,1,1,33,2,2,0
1,49,6,2002,4,1,1,2,2,2,4,1,2,1,1,3,1,2,9,6,1,1,33,2,2,0
1,52,10,2002,2,1,1,2,2,1,1,1,1,1,1,2,1,2,9,6,1,1,33,2,2,1
7,47,11,2002,2,1,1,2,2,1,1,1,1,1,1,1,1,2,8,6,1,1,26,2,2,1
1,47,12,2002,3,1,1,2,2,1,1,1,1,1,1,1,1,2,7,6,1,1,33,2,2,0
1,47,10,2002,2,1,1,2,2,1,1,1,1,1,1,1,1,2,9,6,1,1,36,2,2,0
1,47,8,2002,1,1,1,2,2,1,4,1,1,1,1,1,1,2,14,6,1,1,33,2,2,1
1,50,10,2002,1,1,1,2,2,1,1,1,1,1,1,1,1,2,14,6,1,1,33,2,2,1
1,47,11,2002,3,1,1,2,2,1,1,1,1,1,1,1,1,2,9,6,1,1,33,2,2,0
1,47,8,2002,1,1,1,2,2,1,4,1,1,1,3,1,1,2,14,6,1,1,33,2,2,0
2,47,8,2002,2,1,1,2,2,1,1,1,1,1,1,1,1,2,9,6,1,1,30,2,2,0
2,47,10,2002,2,1,1,2,2,1,1,1,1,1,1,1,1,2,4,6,1,1,45,2,2,0
2,47,11,2002,3,1,1,2,2,1,1,1,1,1,1,1,1,2,9,6,1,1,33,2,2,0
2,47,11,2002,1,1,1,2,2,1,4,1,1,1,1,1,1,2,9,6,1,1,33,2,2,1
3,46,9,2002,2,1,1,2,2,1,1,1,1,1,1,3,1,2,8,6,1,1,33,2,2,1
3,46,10,2002,1,1,1,2,2,1,2,1,1,1,1,3,1,2,8,6,1,1,33,2,2,1
3,46,7,2002,1,1,1,2,2,1,4,1,1,1,1,3,1,2,14,6,1,1,33,2,2,0
3,46,9,2002,2,1,1,2,2,1,1,1,1,1,1,3,1,2,9,6,1,1,33,2,2,0
5,46,10,2002,2,1,1,2,2,1,1,1,1,1,1,1,1,2,9,6,1,1,33,2,2,0
5,46,10,2002,4,1,1,2,2,1,2,1,1,1,1,1,1,2,8,6,1,1,33,2,2,0
5,46,10,2002,2,1,1,2,2,1,1,1,1,1,1,3,1,2,8,6,1,1,33,2,2,0
6,43,4,2002,3,1,1,2,2,1,1,1,1,1,1,3,1,2,19,6,1,1,33,2,2,0
5,41,4,2002,2,1,1,2,2,1,1,1,1,1,1,2,1,2,8,6,1,1,33,2,2,0
5,41,4,2002,2,1,1,2,2,1,1,1,1,1,1,1,1,2,14,6,1,1,33,2,2,0
2,41,2,2002,1,1,1,2,2,1,2,1,1,1,1,3,1,2,14,6,1,1,33,2,2,0
3,41,12,2002,3,1,1,2,2,1,1,1,1,1,1,3,1,2,13,6,1,1,33,2,2,3
5,41,12,2002,2,1,1,2,2,1,1,1,1,1,1,1,1,2,8,6,1,1,33,2,2,0
5,41,12,2002,2,1,1,2,2,1,1,1,1,1,1,1,1,2,14,6,1,1,33,2,2,0
7,56,1,2002,3,1,1,2,2,1,1,1,1,1,3,1,1,2,9,6,2,1,33,2,2,0
7,56,1,2002,2,1,1,2,2,1,1,1,1,1,1,1,1,2,4,5,1,1,33,2,2,1
5,56,1,2002,2,7,1,2,2,4,2,2,1,1,1,4,1,2,8,2,1,1,33,2,2,1
1,55,1,2002,3,1,3,2,2,1,1,1,1,1,1,1,1,2,14,4,1,1,33,2,2,0
1,55,1,2002,3,1,1,2,2,1,1,1,1,1,1,1,1,2,14,6,1,1,45,2,2,0
5,55,1,2002,4,7,8,2,2,1,4,1,1,1,1,3,1,2,10,11,1,7,40,2,2,1
5,55,1,2002,4,7,8,2,2,1,4,2,1,1,1,3,1,2,6,1,1,7,33,1,2,1
1,53,1,2002,3,1,1,2,2,1,1,1,1,1,1,1,1,2,10,11,1,1,22,2,2,0
1,53,1,2002,2,7,1,2,2,1,1,1,1,1,1,1,1,2,9,5,1,1,33,2,2,1
1,54,1,2002,4,1,1,2,2,1,4,1,1,1,1,1,1,2,19,6,1,2,33,1,2,0
1,54,1,2002,2,1,1,2,2,1,1,1,1,1,1,1,1,2,7,6,1,1,27,2,2,0
1,54,1,2002,4,1,1,2,2,1,3,1,1,1,1,5,1,1,14,6,1,7,42,2,2,0
1,54,1,2002,2,1,1,2,2,1,1,1,1,1,1,4,1,2,13,6,1,1,35,2,2,0
1,54,1,2002,2,3,1,2,2,1,1,1,1,1,1,3,1,2,10,6,1,1,45,2,2,0
1,54,1,2002,4,1,1,2,2,1,2,1,1,1,1,1,1,1,14,6,1,2,33,1,0,0
5,54,1,2002,3,1,1,2,2,1,1,1,1,1,1,4,1,2,11,6,1,7,33,2,2,0
10,54,1,2002,4,7,8,2,2,1,2,1,1,1,1,3,1,2,19,6,1,2,33,1,0,0
11,54,1,2002,3,1,2,2,2,1,1,1,1,1,3,3,2,1,9,6,1,1,28,1,2,1
12,54,1,2002,3,1,1,2,2,1,1,1,1,1,1,3,1,2,13,6,1,1,23,2,2,0
1,54,2,2002,3,3,1,2,2,1,1,2,1,1,1,5,1,1,13,1,1,1,33,1,2,1
5,54,2,2002,2,1,1,2,2,1,1,1,1,1,1,4,1,2,13,6,1,1,33,2,2,0
5,54,2,2002,2,1,1,2,2,1,1,1,1,1,1,4,1,2,13,6,1,2,33,1,0,0
5,54,2,2002,2,1,1,2,2,1,1,1,1,1,1,4,1,2,14,5,1,1,42,2,2,0
5,54,2,2002,3,1,1,2,2,1,1,1,1,1,1,4,1,2,13,1,1,1,33,2,2,0
8,54,2,2002,4,3,1,2,1,4,3,1,3,3,2,4,1,2,13,6,1,2,33,1,0,0
9,54,2,2002,3,2,1,2,2,1,1,1,1,1,1,1,1,2,7,6,1,1,33,2,2,0
3,54,1,2002,2,3,1,2,2,1,1,1,1,1,1,3,1,2,9,6,1,1,33,2,2,1
3,54,2,2002,3,7,1,2,2,1,1,1,1,1,1,3,1,2,8,6,1,1,35,2,2,1
3,54,2,2002,3,1,2,2,2,1,1,1,1,1,1,3,1,2,13,6,1,2,33,1,0,0
13,54,2,2002,4,1,1,2,2,1,2,2,1,1,1,4,1,2,8,11,1,2,33,1,0,0
13,54,2,2002,3,1,1,2,2,1,1,1,1,1,3,1,1,2,8,6,1,2,33,1,0,0
3,53,2,2002,2,1,2,2,2,1,1,2,1,1,1,4,1,2,9,2,1,2,33,1,0,0
3,53,2,2002,1,1,1,2,2,1,2,1,1,1,1,1,1,1,13,6,1,2,30,1,0,0
3,53,2,2002,3,2,2,2,2,1,1,5,1,1,1,1,1,1,7,6,1,1,40,1,0,0
7,53,2,2002,3,7,8,2,2,1,1,1,1,1,1,3,1,2,7,6,1,1,27,2,2,0
7,53,2,2002,3,1,1,2,2,1,1,1,1,1,1,3,1,2,7,6,1,7,23,2,2,1
11,53,2,2002,2,2,2,2,2,1,1,1,1,1,2,4,1,2,4,6,1,2,33,1,0,0
4,56,2,2002,3,1,1,2,2,1,1,1,1,1,1,4,1,2,6,6,1,1,33,2,2,0
8,56,2,2002,3,1,1,2,2,1,1,1,1,1,1,4,1,2,13,6,1,2,33,1,0,0
4,56,1,2002,2,1,1,2,2,1,1,1,1,1,1,4,1,2,9,6,1,1,33,2,2,0
1,55,1,2002,3,7,8,2,2,1,1,1,1,1,1,3,1,2,4,6,1,2,33,2,2,1
1,55,2,2002,2,4,1,2,2,1,1,1,1,1,1,1,1,2,10,6,1,1,25,1,2,0
6,55,2,2002,4,1,1,2,2,1,4,1,1,1,1,1,1,1,14,6,1,1,35,2,2,0
6,55,2,2002,2,3,1,2,2,1,1,1,1,1,1,1,1,2,14,6,1,1,30,2,2,1
1,54,3,2002,1,7,8,2,2,1,2,1,1,1,1,5,1,1,19,11,1,7,33,1,2,0
1,54,3,2002,2,1,1,2,2,1,1,1,1,1,1,5,1,1,5,6,1,1,29,2,2,0
5,54,3,2002,2,7,1,2,2,1,1,3,1,3,2,3,4,2,17,11,1,1,33,2,2,0
5,54,3,2002,2,7,8,2,2,1,1,3,3,3,3,4,4,2,17,6,2,7,22,2,2,0
2,54,3,2002,2,3,1,2,2,1,1,1,1,1,1,4,1,2,5,6,1,7,33,2,2,1
13,54,3,2002,1,7,1,2,2,1,4,1,5,3,2,4,1,2,14,1,2,1,30,2,2,0
3,54,3,2002,3,3,1,2,2,1,1,1,1,1,1,4,1,2,5,7,1,6,33,1,0,1
3,54,3,2002,3,7,1,2,2,1,1,1,1,1,1,3,1,2,13,6,2,7,33,1,2,0
12,54,3,2002,3,1,1,2,2,1,1,1,1,1,1,3,1,2,7,6,1,1,35,2,2,3
9,54,3,2002,3,1,1,2,2,1,1,1,1,1,1,1,1,2,14,6,1,2,33,2,2,1
9,54,3,2002,2,1,1,2,2,1,1,1,1,1,1,1,1,2,14,6,1,2,24,2,2,1
9,54,3,2002,3,1,3,2,2,1,1,1,1,1,1,1,1,2,14,6,1,2,25,2,2,1
9,54,3,2002,3,1,1,2,2,1,1,1,1,1,1,1,1,2,14,6,1,1,25,2,2,1
6,54,3,2002,2,1,1,2,2,1,1,1,1,1,1,3,1,2,6,6,1,1,16,1,2,0
1,56,3,2002,3,1,1,2,2,1,1,1,1,1,1,2,1,2,11,1,1,2,48,1,0,0
1,56,3,2002,4,1,1,2,2,1,3,1,1,1,1,2,1,1,9,6,1,1,33,2,2,3
7,56,3,2002,4,7,1,2,2,1,4,1,1,1,1,1,1,1,9,6,1,1,40,2,2,1
3,56,3,2002,3,1,8,2,2,1,1,2,1,1,1,3,1,2,9,6,1,1,32,2,2,0
3,56,3,2002,3,3,1,2,2,1,1,1,1,1,1,4,1,2,5,6,2,7,33,2,2,0
3,56,3,2002,3,1,8,2,2,1,1,1,1,1,1,1,1,2,9,6,1,1,35,2,2,1
8,56,3,2002,2,1,1,2,2,1,1,1,1,1,1,3,1,1,9,6,2,2,33,2,2,0
9,56,3,2002,3,1,1,2,2,1,1,1,1,1,1,4,1,2,12,6,1,1,33,1,2,0
1,55,2,2002,3,1,1,2,2,1,1,1,1,1,1,1,1,1,10,6,1,1,33,2,2,0
1,55,3,2002,3,1,8,2,2,1,1,1,1,3,1,4,1,2,13,7,2,2,35,1,0,0
6,55,3,2002,3,1,1,2,2,1,1,1,1,1,1,1,1,2,9,6,1,1,35,1,0,0
3,55,3,2002,2,1,1,2,2,1,1,1,1,1,1,3,1,2,10,6,1,2,33,1,0,0
3,55,3,2002,1,1,1,2,2,1,3,1,1,1,1,4,1,2,5,6,1,1,22,2,2,1
4,55,3,2002,3,1,1,2,2,1,1,2,1,1,1,3,1,2,13,6,1,2,33,1,0,1
5,55,3,2002,3,7,8,2,2,1,1,1,1,1,1,3,1,2,7,11,1,7,25,2,2,0
2,55,3,2002,4,1,1,2,2,1,4,1,1,1,1,4,1,2,14,6,1,1,32,2,2,1
6,53,3,2002,3,3,1,2,2,1,1,1,1,1,1,4,1,2,9,4,1,2,33,1,2,1
1,54,4,2002,2,1,1,2,2,1,1,1,1,1,1,3,1,1,13,6,1,1,22,2,2,0
1,54,4,2002,3,1,1,2,2,1,1,1,1,1,1,2,1,2,19,6,1,2,33,1,0,0
1,54,4,2002,2,7,1,1,2,1,1,1,1,1,1,4,1,2,19,11,1,2,33,1,0,0
1,54,4,2002,3,2,1,2,2,1,1,1,1,1,1,3,1,2,5,6,1,1,33,2,1,0
5,54,4,2002,2,1,1,2,2,1,1,1,1,1,1,4,1,2,14,6,1,1,33,2,2,0
5,54,4,2002,3,1,1,2,2,1,1,1,1,1,1,4,1,2,14,6,1,2,33,2,2,0
5,54,4,2002,3,1,1,2,2,1,1,1,1,1,1,4,1,2,13,6,1,7,33,2,2,0
8,54,4,2002,4,7,1,2,2,2,4,1,2,1,1,3,1,2,8,6,1,1,33,2,2,0
8,54,4,2002,3,1,8,2,2,2,1,2,2,1,1,3,1,2,14,6,1,7,33,1,0,3
9,54,4,2002,4,1,8,2,2,1,1,1,1,1,1,1,1,2,14,8,1,2,30,2,2,0