Thana,District,Month,Year,Time,Junction_Type,Traffic_Control,Movement,Divider,Weather,Light,Road_Geometry,Surface_Condition,Surface_Type,Surface_Quality,Road_Class,Road_Feature,Location_Type,Vehicle_Type,Vehicle_Movement,Vehicle_Loading,Vehicle_Defect,Vehicle_Driver_Age,Vehicle_Alcohol,Vehicle_Seat_Belt,Accident_Severity
12,54,4,2002,3,1,1,2,2,1,1,1,1,1,1,3,1,2,8,6,1,2,33,1,0,0
12,54,4,2002,2,1,1,2,2,1,1,1,1,1,1,3,1,2,8,6,1,1,25,2,2,0
1,56,3,2002,4,7,1,1,1,1,4,1,1,1,1,4,1,2,6,1,1,1,32,1,0,0
9,56,4,2002,2,1,1,2,2,1,2,1,1,1,1,2,1,2,9,6,1,1,33,1,0,0
9,56,4,2002,2,3,1,2,2,3,2,4,3,1,1,4,1,2,9,2,1,1,40,2,2,3
3,53,4,2002,3,7,1,2,2,1,1,1,1,1,1,2,1,2,14,11,2,2,33,1,2,0
3,53,4,2002,3,1,1,2,2,1,1,1,1,1,1,3,1,2,7,11,1,7,25,1,2,0
3,53,4,2002,3,7,1,2,2,1,1,1,1,1,1,1,1,2,8,5,1,1,30,1,2,1
1,55,4,2002,3,7,8,2,2,1,1,1,1,1,1,1,1,2,14,6,1,1,33,2,2,0
1,55,4,2002,3,7,1,2,2,1,1,1,1,1,1,3,1,2,5,6,1,2,33,2,2,0
1,55,4,2002,2,1,8,2,2,1,1,1,1,1,1,3,1,2,8,6,1,1,33,2,2,0
1,55,4,2002,4,7,1,2,2,1,3,1,1,1,1,5,1,1,10,6,1,2,33,1,0,0
4,55,4,2002,2,1,1,2,2,1,1,1,1,1,1,3,1,1,7,5,1,2,33,1,0,0
2,55,4,2002,3,7,1,2,2,1,1,1,1,1,1,4,1,2,7,6,1,1,33,2,2,0
9,54,3,2002,2,1,1,2,2,1,1,1,1,1,1,1,1,2,14,6,1,2,33,1,0,0
3,53,5,2002,3,2,2,2,2,1,1,1,1,1,1,3,1,2,10,1,2,2,33,1,2,0
3,53,5,2002,3,1,1,2,2,1,1,1,1,1,1,1,1,2,7,11,2,2,33,1,2,0
7,53,4,2002,3,1,5,2,2,1,1,1,1,1,1,3,1,2,8,6,1,1,35,2,2,1
9,54,5,2002,2,7,1,2,2,1,1,1,1,1,1,1,1,2,8,6,1,2,33,1,0,0
9,54,5,2002,2,1,1,2,2,1,1,1,1,1,1,1,1,2,7,6,1,2,33,1,2,1
9,54,5,2002,3,1,1,2,2,1,1,1,1,1,1,1,1,2,12,6,1,2,35,2,2,0
9,54,5,2002,4,1,1,2,2,1,4,1,1,1,1,1,1,2,14,6,2,2,33,1,2,0
9,54,5,2002,3,1,1,2,2,1,1,1,1,1,1,1,1,2,7,6,1,2,30,1,2,1
9,54,5,2002,3,1,1,2,2,1,1,1,1,1,1,1,1,2,13,6,1,7,33,2,2,0
8,54,5,2002,2,1,1,2,2,1,1,1,1,1,1,1,1,2,14,6,1,2,33,2,2,0
7,54,5,2002,3,1,1,2,2,1,1,1,1,1,1,3,1,2,7,6,1,1,33,2,2,0
5,56,5,2002,1,1,2,2,2,2,4,1,2,1,1,3,1,2,19,6,1,2,33,1,0,0
5,56,5,2002,3,1,2,2,2,2,1,1,2,1,1,1,1,2,9,6,1,2,33,1,0,1
3,56,5,2002,3,7,1,2,2,1,1,4,1,1,1,1,1,2,9,2,1,1,38,2,2,0
3,56,5,2002,3,1,1,2,2,2,1,4,2,1,1,1,1,2,7,6,1,2,25,1,2,1
8,56,5,2002,3,1,1,2,2,1,1,1,1,1,1,3,1,2,12,6,1,2,33,2,2,0
8,56,5,2002,3,1,1,2,2,2,1,1,2,1,1,3,1,2,6,6,1,1,33,2,2,3
8,56,5,2002,3,1,1,2,2,2,1,1,2,1,1,3,3,2,4,6,1,2,18,2,2,0
1,55,5,2002,1,7,1,2,2,2,2,1,2,1,1,3,1,2,9,6,2,1,33,2,2,0
1,55,5,2002,4,7,1,2,2,1,2,1,1,1,1,1,1,1,9,5,1,1,38,1,2,1
1,55,5,2002,1,7,8,2,2,1,3,1,1,1,1,3,1,2,14,6,1,2,25,2,2,3
6,55,5,2002,3,1,2,1,2,1,1,1,1,1,1,1,1,2,8,6,1,2,33,2,2,0
3,55,5,2002,4,7,1,2,2,1,4,1,5,3,2,4,1,1,19,11,1,2,33,1,0,0
3,54,5,2002,3,7,1,2,2,1,1,1,1,1,1,3,1,2,6,6,1,1,33,2,2,0
2,55,6,2002,2,7,8,2,2,2,1,2,2,1,1,4,1,2,17,9,1,7,25,2,2,0
1,56,6,2002,3,7,8,2,2,2,1,1,1,1,1,4,1,2,11,6,1,5,28,2,2,0
7,56,5,2002,1,7,1,2,2,2,4,1,2,1,1,1,1,1,14,6,1,2,33,1,0,0
7,56,6,2002,3,1,1,2,2,1,1,1,1,1,1,4,1,2,6,6,1,1,33,2,2,0
5,56,6,2002,3,3,4,2,2,2,1,2,2,1,1,1,1,2,9,6,1,2,33,1,0,0
5,56,6,2002,2,2,4,2,2,1,1,1,1,1,1,4,1,2,6,6,1,2,33,1,0,0
9,56,6,2002,3,3,1,2,2,1,1,1,1,1,1,4,1,2,11,2,1,7,35,1,2,0
8,56,6,2002,2,1,1,2,2,2,1,1,2,1,2,4,1,2,9,6,1,2,33,2,2,3
9,56,6,2002,3,7,1,2,2,2,1,2,2,1,1,4,1,2,11,11,1,6,25,2,2,1
10,54,6,2002,3,1,8,2,2,2,1,1,1,1,1,4,1,2,6,6,1,7,25,2,2,0
4,54,6,2002,4,1,2,2,2,1,4,1,1,1,1,3,1,2,7,6,1,1,33,1,2,0
7,54,6,2002,2,1,1,2,2,1,1,1,1,1,1,3,1,2,19,6,1,2,33,1,0,0
7,54,6,2002,2,1,5,2,1,1,1,1,1,1,1,3,1,2,17,6,1,1,24,2,2,0
9,54,6,2002,3,1,1,2,2,1,1,1,1,1,1,3,1,2,14,6,2,2,33,1,2,1
1,53,6,2002,2,7,1,2,2,1,1,1,1,1,1,1,1,2,8,6,1,1,35,2,2,0
1,53,6,2002,2,1,1,2,2,1,2,1,1,1,1,2,1,1,13,6,1,2,33,1,0,0
3,53,6,2002,3,1,1,2,2,2,1,1,2,1,1,3,1,2,9,5,1,7,33,1,2,3
3,53,6,2002,3,1,1,2,2,1,1,1,1,1,1,1,1,2,8,6,1,1,30,2,2,1
12,54,6,2002,3,1,1,2,2,1,1,1,1,1,3,3,1,2,8,6,1,1,33,2,2,0
1,55,7,2002,3,1,1,2,2,1,1,1,1,1,1,1,1,2,7,6,1,7,33,1,2,0
1,55,7,2002,2,7,8,2,2,2,1,1,1,1,1,1,1,2,9,6,1,7,38,2,2,0
1,55,7,2002,4,1,1,2,2,1,4,2,1,1,1,1,1,2,14,6,1,1,38,2,2,1
6,55,7,2002,2,7,1,1,2,1,1,1,1,1,1,4,1,2,11,6,1,1,33,1,2,0
7,56,7,2002,2,1,1,2,2,1,1,2,1,1,1,4,1,2,6,2,1,1,20,2,2,3
5,56,7,2002,1,1,1,2,2,1,1,2,1,1,1,4,1,2,9,1,1,4,38,1,0,1
5,56,7,2002,4,7,4,2,2,2,1,3,2,1,2,4,1,2,6,11,1,2,33,1,0,0
3,56,7,2002,2,7,1,2,2,2,1,1,2,1,1,1,1,2,14,2,2,5,33,1,0,0
1,54,7,2002,2,1,1,2,2,1,1,1,1,1,1,1,1,2,8,6,1,2,33,1,2,0
12,54,7,2002,2,1,1,2,2,2,1,1,2,1,3,3,1,2,8,6,1,1,27,2,2,0
3,54,7,2002,3,1,1,2,2,1,1,1,1,1,1,3,1,2,8,6,1,7,33,1,2,0
13,54,7,2002,3,1,3,2,2,1,1,1,1,1,2,1,1,2,9,6,1,2,33,1,0,0
7,54,7,2002,3,1,1,2,2,1,1,1,1,1,1,3,1,2,12,6,1,3,25,1,0,1
7,54,7,2002,2,1,1,2,2,1,1,1,1,1,1,3,1,2,8,6,1,1,34,2,2,0
9,54,6,2002,3,1,1,2,2,1,1,1,1,1,1,1,1,2,13,6,1,6,33,2,2,0
9,54,6,2002,3,1,1,2,2,2,1,1,2,1,1,1,1,2,14,6,1,1,32,2,2,1
1,55,8,2002,2,7,1,2,2,1,1,1,1,1,1,1,1,2,14,6,2,7,33,1,0,0
1,55,8,2002,2,3,8,2,2,1,1,1,1,1,1,1,1,1,9,6,1,7,42,2,2,0
1,55,8,2002,2,7,5,2,2,1,1,1,1,1,1,4,1,1,5,6,1,2,33,1,0,0
1,55,8,2002,2,7,1,2,2,1,1,1,1,1,1,5,1,1,10,6,1,2,33,2,2,0
6,55,8,2002,2,7,1,2,2,1,1,1,1,1,2,1,1,2,9,6,1,2,33,1,2,0
3,55,8,2002,2,1,1,2,2,1,1,1,1,1,1,4,1,1,13,6,1,2,25,2,2,0
5,55,8,2002,4,7,1,2,2,1,2,1,1,1,1,4,1,2,1,6,1,2,28,2,2,0
1,53,8,2002,3,1,8,2,2,1,1,1,1,1,1,2,1,2,14,5,2,2,33,1,2,0
3,53,8,2002,4,1,1,2,2,1,2,1,1,1,1,2,1,1,8,1,1,2,33,1,0,0
1,53,8,2002,3,1,1,2,2,1,1,1,1,1,1,2,1,2,4,6,1,2,33,2,2,0
1,53,8,2002,2,7,1,2,2,1,1,1,1,1,1,1,1,2,10,6,1,1,30,2,2,1
1,54,8,2002,1,1,1,2,2,1,3,1,1,1,1,1,1,1,14,4,1,1,20,2,2,2
1,54,8,2002,2,1,1,2,2,1,1,1,1,1,1,3,1,2,9,6,2,6,33,2,2,0
1,54,8,2002,3,1,1,2,2,1,1,2,1,1,2,5,1,1,13,6,1,1,35,2,2,1
8,54,8,2002,3,7,8,2,2,1,1,3,1,1,1,1,1,2,7,6,1,2,30,2,2,0
8,54,8,2002,4,7,1,2,2,1,4,2,1,1,1,1,1,2,14,6,1,7,25,2,2,0
9,54,8,2002,3,1,1,2,2,1,1,1,1,1,1,1,1,2,14,6,1,2,33,1,2,0
4,54,8,2002,3,1,1,2,2,1,1,1,1,1,1,4,1,2,8,6,1,1,50,2,2,0
7,54,8,2002,3,1,1,2,2,1,1,1,1,1,1,3,1,2,8,6,1,1,27,2,2,0
12,54,8,2002,3,1,1,2,2,1,1,1,1,1,1,3,1,2,14,6,1,1,35,2,2,0
11,54,8,2002,4,1,1,2,2,1,4,1,1,1,1,3,1,2,6,6,2,7,18,1,2,0
7,56,8,2002,3,1,1,2,2,1,1,1,1,1,1,1,1,2,14,6,1,1,33,1,2,0
5,56,8,2002,2,1,8,2,2,1,1,1,1,2,1,4,2,2,8,6,1,1,40,2,2,1
1,56,8,2002,4,7,8,2,2,2,3,1,2,1,1,2,3,1,19,6,1,2,33,1,0,0
1,53,8,2002,4,1,1,2,2,1,4,1,1,1,1,3,1,2,8,11,1,7,33,2,2,0
1,53,9,2002,4,7,1,2,2,1,2,1,1,1,1,1,1,2,10,6,1,2,33,1,0,0
1,53,9,2002,3,7,1,2,2,1,2,1,1,1,1,1,1,2,9,6,1,2,33,1,0,0
3,53,9,2002,4,1,1,2,2,1,4,1,1,1,1,2,1,2,14,6,2,2,33,1,2,3
9,54,10,2002,3,7,1,1,1,1,1,5,1,1,1,3,1,2,14,4,1,2,33,1,0,0
9,54,9,2002,4,1,1,2,2,1,4,1,1,1,1,4,1,2,4,6,1,2,33,2,2,1
9,54,9,2002,4,1,1,2,2,1,1,1,1,1,2,3,1,2,14,6,1,2,33,2,2,0
7,54,10,2002,4,1,1,2,2,1,4,1,1,1,1,3,1,2,19,6,1,2,33,1,0,0
1,54,9,2002,3,1,1,2,2,1,1,1,1,1,1,4,1,2,7,6,1,1,33,2,2,0
12,54,9,2002,3,1,1,2,2,1,1,1,1,1,1,1,1,2,8,6,1,1,40,2,2,3
6,54,9,2002,2,1,1,2,2,1,1,1,1,1,1,3,1,2,8,6,1,1,34,1,2,0
3,56,9,2002,4,1,1,2,2,1,2,1,1,2,1,1,1,2,9,6,1,7,33,1,2,0
7,56,9,2002,4,1,1,2,2,1,4,3,1,1,3,1,1,2,19,6,1,2,33,1,0,0
6,55,9,2002,3,7,2,2,2,1,2,5,1,1,1,1,1,2,9,6,1,1,32,2,2,0
2,55,9,2002,4,1,1,1,2,1,4,1,1,1,1,3,1,2,10,6,1,1,25,2,2,1
1,54,10,2002,2,2,4,2,2,1,1,1,1,1,1,5,1,1,7,6,1,2,33,1,0,0
1,54,10,2002,3,1,1,2,2,1,1,3,1,3,2,4,2,2,5,6,1,7,33,2,2,1
1,54,10,2002,2,1,3,2,2,1,1,1,1,1,1,2,1,1,8,11,1,2,33,1,0,0
12,54,10,2002,2,7,1,2,2,1,2,1,1,1,1,1,1,2,13,6,1,1,30,2,2,0
11,54,10,2002,3,3,1,2,2,1,1,2,1,1,1,3,1,2,9,1,1,1,35,2,2,0
3,54,10,2002,2,1,1,2,2,1,1,1,1,1,1,3,1,2,8,5,1,1,40,2,2,0
1,53,10,2002,4,7,3,2,2,1,3,1,1,1,1,5,1,1,19,11,1,7,30,2,2,1
1,53,10,2002,3,7,1,2,2,1,1,1,1,1,1,1,1,2,7,11,1,2,29,1,0,0
1,53,10,2002,3,7,1,2,2,1,1,1,1,1,1,2,1,2,10,6,1,2,33,1,0,0
3,53,10,2002,2,1,1,2,2,1,1,1,1,1,1,3,1,2,7,6,1,2,20,2,2,1
7,53,10,2002,3,1,1,2,2,1,1,1,1,1,1,3,1,2,9,6,1,7,33,2,2,0
3,56,10,2002,4,1,8,2,2,1,2,1,1,1,1,4,1,2,13,11,1,2,22,1,0,1
4,56,10,2002,3,1,8,2,2,1,1,1,1,1,1,3,1,2,11,6,1,4,30,2,2,0
1,55,10,2002,3,1,1,2,2,1,1,1,1,1,1,3,1,2,9,6,1,7,25,2,2,0
4,55,10,2002,2,7,1,2,2,1,1,1,1,1,1,3,1,2,9,1,1,2,33,2,2,0
9,54,10,2002,4,7,1,2,2,1,4,1,1,1,1,3,1,2,14,6,1,2,33,2,2,0
8,54,10,2002,2,7,1,2,2,1,1,1,1,1,1,3,1,2,13,6,1,7,30,2,2,0
4,54,10,2002,2,1,1,2,2,1,1,3,1,3,2,4,1,2,13,6,1,1,35,2,2,0
1,55,11,2002,4,1,1,2,2,1,4,1,1,1,1,1,1,2,8,6,1,2,33,1,0,0
7,56,11,2002,2,1,1,2,2,1,1,1,1,1,1,1,1,2,14,6,1,2,33,1,0,0
7,56,11,2002,2,1,1,2,2,1,1,1,1,1,1,4,3,2,6,6,1,1,33,2,2,1
1,54,11,2002,2,7,3,2,2,1,2,1,1,1,1,5,2,1,14,5,2,1,33,2,2,3
4,54,11,2002,3,1,1,2,2,1,1,1,1,1,1,3,1,2,14,6,1,1,33,2,2,1
1,53,12,2002,3,1,4,2,2,1,1,1,1,1,1,2,1,1,19,6,1,1,30,2,2,1
3,53,12,2002,1,1,1,2,2,1,1,1,1,1,1,3,1,2,6,6,1,2,33,2,2,1
2,53,12,2002,2,7,8,2,2,1,2,1,1,1,1,4,1,2,4,6,1,2,33,2,2,0
1,53,12,2002,2,3,1,2,2,4,2,1,1,1,1,3,1,2,9,11,1,2,33,1,0,0
1,54,12,2002,3,1,1,2,2,1,2,2,1,1,1,1,1,2,13,7,2,3,45,1,0,0
1,54,12,2002,4,7,8,2,2,1,3,1,1,1,1,4,2,2,4,9,1,1,33,1,0,1
1,54,12,2002,4,7,1,2,2,1,2,1,1,1,1,4,2,2,13,6,1,1,39,2,2,0
8,54,12,2002,2,7,1,2,2,1,1,1,1,1,1,1,1,2,19,6,1,2,33,1,0,0
8,54,12,2002,2,7,8,2,2,1,1,1,1,3,2,4,1,2,19,11,1,2,33,2,2,0
3,54,12,2002,3,7,8,2,2,1,1,1,1,3,1,4,1,2,13,8,1,1,33,1,2,0
9,54,12,2002,3,1,1,2,2,1,1,2,1,1,1,1,1,1,14,2,1,1,33,2,2,0
7,54,12,2002,3,1,1,2,2,1,1,1,1,1,1,3,1,2,4,6,1,1,33,1,0,0
4,56,12,2002,3,7,1,2,2,1,1,1,1,1,1,3,1,2,19,6,1,7,33,1,2,0
4,56,12,2002,3,1,1,2,2,1,1,1,1,1,1,4,1,2,13,6,1,1,26,2,2,1
4,56,12,2002,2,7,1,2,2,4,1,1,2,1,1,4,4,2,14,11,1,1,35,2,2,0
4,56,12,2002,3,1,1,2,2,1,1,1,1,1,1,3,1,2,12,6,1,1,33,2,2,0
3,56,12,2002,3,7,8,2,2,1,1,5,5,1,2,4,1,2,5,2,1,2,25,1,0,0
1,54,12,2002,4,1,1,2,2,1,2,1,1,1,1,1,1,2,6,6,1,2,33,1,0,0
1,54,12,2002,1,1,1,2,2,1,1,1,1,1,1,1,2,2,8,6,1,1,28,1,2,0
1,54,12,2002,4,1,1,2,2,1,4,1,1,1,1,4,3,2,19,6,1,2,33,2,2,0
1,55,12,2002,3,7,1,2,2,1,1,1,1,1,1,1,1,1,14,1,1,2,33,1,2,3
1,55,12,2002,3,7,8,2,2,1,1,1,5,3,2,4,4,2,13,11,1,2,33,2,2,0
1,55,12,2002,2,1,1,2,2,1,1,1,1,1,1,3,1,2,8,4,1,1,38,2,2,0
1,53,10,2002,4,1,1,1,2,1,4,1,1,1,1,1,1,2,19,6,1,2,33,1,0,0
6,24,1,2002,2,1,1,2,2,1,2,1,1,1,1,4,1,2,9,6,1,1,33,2,2,0
1,22,1,2002,3,1,1,2,2,1,1,1,1,1,1,4,1,2,4,6,1,1,25,2,2,0
1,19,1,2002,3,1,1,2,2,1,1,1,1,1,1,2,1,2,13,6,1,1,37,1,2,0
3,18,1,2002,2,1,1,2,2,4,2,1,1,1,1,3,1,2,9,6,1,1,39,2,2,0
2,18,1,2002,3,1,1,2,2,1,1,3,1,1,2,3,1,2,9,5,1,1,37,2,2,0
3,18,1,2002,3,7,1,2,2,1,2,1,1,1,1,4,1,2,14,6,1,1,38,2,2,0
7,18,1,2002,2,1,1,2,2,1,1,1,1,1,1,1,1,2,9,6,1,1,30,2,2,0
1,24,1,2002,3,1,1,2,2,1,1,1,1,1,1,2,1,2,14,6,1,1,33,1,2,0
1,24,1,2002,2,4,3,2,1,1,1,1,1,1,1,1,5,2,4,6,1,1,33,1,2,1
1,24,1,2002,5,3,1,2,2,1,1,1,1,1,1,1,1,2,9,6,1,1,33,1,2,0
1,24,1,2002,5,3,1,2,2,1,1,1,1,1,1,1,1,2,9,6,1,1,33,1,2,0
4,28,2,2002,2,1,1,2,2,1,1,1,1,1,1,1,1,1,5,11,1,7,33,2,2,1
6,21,1,2002,2,1,8,2,2,1,1,1,1,1,1,1,1,2,8,6,1,1,35,1,2,0
5,21,1,2002,2,1,2,1,2,2,2,2,2,1,1,3,1,2,8,1,1,1,32,2,2,0
5,31,2,2002,2,1,1,2,2,1,1,1,1,1,1,3,1,2,9,6,1,1,33,2,2,3
1,24,2,2002,2,1,1,2,2,1,1,1,1,1,1,1,1,2,9,6,1,1,33,1,2,0
1,24,2,2002,4,1,1,2,2,1,3,1,1,1,1,1,1,2,14,6,1,1,33,1,2,0
1,24,2,2002,4,1,1,2,2,1,4,1,1,1,1,1,1,2,9,6,1,1,45,1,2,1
2,24,2,2002,2,1,1,2,2,1,1,1,1,1,1,1,1,1,12,6,1,1,33,2,2,0
2,24,2,2002,3,1,1,2,2,1,1,1,1,1,1,1,1,2,9,6,1,1,33,1,2,0
4,18,2,2002,2,1,1,2,2,1,2,1,1,1,1,3,1,2,9,6,1,1,33,1,2,1
2,18,2,2002,3,1,1,2,2,1,1,1,1,1,2,2,1,2,9,6,1,1,33,2,2,0
3,18,2,2002,3,7,8,2,2,1,1,1,1,1,1,3,1,2,4,6,1,1,33,1,2,0
6,30,2,2002,3,1,1,1,2,1,1,1,2,1,1,3,1,2,8,1,1,4,33,1,2,3
6,29,1,2002,3,1,1,2,2,1,1,4,1,1,1,4,1,2,10,11,1,1,35,2,2,1
5,29,1,2002,1,7,8,1,2,1,2,2,1,1,1,4,1,2,9,2,1,1,28,2,2,1
3,29,1,2002,3,7,1,2,2,4,2,1,1,1,3,2,1,2,14,6,1,1,33,1,2,0
1,27,2,2002,2,3,1,1,2,1,1,4,1,3,2,4,1,2,6,11,2,1,25,2,2,0
1,21,2,2002,3,1,3,1,2,1,1,1,1,1,1,5,1,1,9,5,1,7,33,1,2,0
6,21,2,2002,1,1,1,2,2,1,2,1,1,1,1,1,1,2,14,11,1,7,40,2,2,0
6,21,2,2002,4,7,8,2,2,1,4,1,1,1,1,3,1,2,5,11,1,2,33,2,2,0
2,21,2,2002,3,1,1,1,2,1,1,1,1,1,1,4,1,2,9,6,1,1,37,2,2,0
1,28,3,2002,1,3,1,2,2,1,3,1,1,1,1,5,1,1,14,1,1,1,30,2,2,3
2,28,3,2002,4,1,1,1,2,1,2,1,1,1,1,1,1,1,5,6,1,1,33,2,2,0
4,28,3,2002,2,1,1,1,2,1,1,1,1,1,1,1,1,1,9,8,1,1,35,2,2,0
4,28,3,2002,3,1,1,1,2,1,2,1,5,3,3,1,1,1,9,6,1,1,33,2,2,1
1,24,3,2002,4,1,1,1,2,1,3,1,1,1,1,1,1,2,9,4,1,7,33,1,2,1
1,24,3,2002,4,1,1,2,2,1,2,1,1,1,1,1,1,2,14,6,1,1,33,1,2,0
1,24,3,2002,1,1,1,2,1,4,1,1,1,1,1,1,1,2,17,6,1,1,33,1,2,1
8,24,3,2002,4,1,1,2,2,1,4,1,1,1,1,1,1,1,14,6,1,1,33,1,2,0
9,24,3,2002,4,1,8,2,2,1,1,1,1,1,1,1,1,1,14,10,1,1,33,1,2,0
7,30,3,2002,3,7,1,2,2,1,1,3,1,1,1,1,1,2,9,6,1,3,37,1,2,2
7,30,3,2002,2,7,1,2,2,1,1,1,1,1,1,3,1,2,8,6,1,1,29,1,2,1
4,22,3,2002,2,1,8,2,2,1,1,1,1,1,1,1,1,2,14,6,1,1,33,1,2,0
1,27,2,2002,2,3,1,1,2,1,1,4,1,3,2,4,1,2,6,11,2,1,25,2,2,0
3,27,1,2002,2,1,1,1,1,1,1,1,1,1,1,4,1,2,6,6,2,7,33,2,2,0
4,31,3,2002,4,7,8,2,2,1,2,1,1,2,1,4,1,2,6,6,1,1,33,2,2,0
1,18,3,2002,5,1,1,2,2,1,1,1,1,1,1,1,1,2,14,6,1,1,32,1,2,1
1,18,3,2002,3,1,1,1,2,1,1,1,1,1,1,1,3,1,14,6,2,1,33,1,2,0
1,18,3,2002,1,1,1,2,1,1,2,1,1,1,1,1,1,1,14,6,1,1,33,1,2,0
5,18,2,2002,3,1,1,2,2,1,1,1,1,1,1,2,1,2,9,6,1,1,33,1,2,1
3,18,3,2002,4,7,8,1,2,1,1,1,1,1,1,3,1,2,9,6,1,1,33,1,2,0
3,22,4,2002,3,1,1,2,2,1,1,1,1,1,1,1,1,2,19,6,1,1,33,1,2,0
1,32,3,2002,4,1,1,1,2,1,1,1,1,1,3,1,2,1,8,6,1,1,33,1,2,1
3,32,3,2002,3,1,8,2,2,1,1,1,1,1,1,2,1,2,13,6,1,1,33,1,2,1
3,32,3,2002,4,7,1,1,2,1,4,1,1,1,1,1,1,2,6,6,1,1,33,2,2,0
6,24,3,2002,3,4,1,2,2,1,1,1,1,1,1,2,1,2,16,11,1,1,33,2,2,0
1,30,4,2002,3,1,1,2,2,1,1,3,1,1,1,1,1,2,2,6,1,1,33,1,2,0
1,24,4,2002,3,7,1,2,2,1,1,1,1,1,1,1,1,2,9,6,1,1,33,2,2,0
1,24,4,2002,2,1,1,2,2,1,1,1,1,1,1,1,1,2,14,6,1,1,45,1,2,0
1,24,4,2002,4,1,1,2,2,1,2,3,1,1,1,1,2,1,8,6,1,1,33,1,2,0
1,24,4,2002,2,7,1,2,2,1,1,2,1,1,1,1,1,1,7,6,1,1,33,2,2,1
5,24,4,2002,3,7,1,2,2,1,1,1,1,1,1,1,1,2,9,6,1,1,33,2,2,0
2,24,4,2002,4,1,1,2,2,1,1,1,1,2,3,4,4,2,14,11,1,4,33,1,2,0
5,25,4,2002,2,1,1,2,2,1,1,1,1,1,1,4,1,2,9,6,1,1,33,1,2,0
6,25,4,2002,4,2,2,1,2,1,2,1,1,1,1,3,1,2,10,6,1,1,33,1,2,0
1,25,4,2002,2,7,1,2,2,1,1,1,1,1,1,3,1,2,9,6,1,1,33,1,2,0
1,21,4,2002,3,1,1,1,2,1,1,1,1,1,1,1,1,2,9,6,1,1,33,1,2,0
1,21,4,2002,3,1,1,1,2,1,1,1,1,1,1,2,1,2,8,6,1,1,33,1,2,0
1,21,4,2002,1,1,1,2,1,1,1,1,1,1,1,1,1,2,10,11,1,7,25,2,2,0
2,21,4,2002,2,1,8,1,2,1,1,1,1,1,1,4,1,2,9,11,1,1,35,2,2,1
4,21,4,2002,3,2,1,1,2,1,1,1,1,1,1,3,1,1,9,6,1,1,33,1,2,0
5,21,4,2002,2,3,1,2,1,1,1,1,1,1,1,3,1,2,9,6,1,1,38,1,2,0
2,27,4,2002,3,1,8,2,2,1,1,1,1,1,1,2,1,2,7,6,1,1,33,1,2,0
5,27,5,2002,2,1,1,1,2,1,1,1,1,1,1,4,1,2,9,6,1,1,33,2,2,0
5,28,5,2002,2,2,1,2,1,1,1,1,1,1,1,5,1,1,8,6,1,1,33,1,2,0
1,28,5,2002,3,7,1,2,2,1,1,1,1,1,1,5,1,1,14,6,1,1,33,1,2,1
2,28,5,2002,2,2,4,2,1,1,1,1,1,1,1,5,1,1,12,7,1,1,33,2,2,1
2,21,5,2002,4,1,1,2,1,1,1,1,1,1,1,5,1,1,7,6,1,1,33,2,2,1
7,24,2,2002,4,1,1,1,2,1,2,1,1,2,1,4,1,2,4,6,1,1,33,1,2,0
5,24,5,2002,3,1,1,1,2,1,2,1,1,1,1,1,1,2,12,4,1,1,33,2,2,0
1,24,5,2002,4,1,1,1,2,1,1,1,1,1,1,1,1,1,9,6,1,1,33,2,2,0
8,26,4,2002,2,1,1,2,2,1,1,1,1,1,1,1,1,2,13,5,1,1,33,2,2,0
1,21,3,2002,3,1,1,2,2,1,1,1,1,1,1,1,1,2,9,11,2,7,33,1,2,0
1,21,3,2002,3,2,1,2,2,1,1,1,1,1,1,3,1,1,6,6,1,1,33,2,2,3
1,21,3,2002,3,1,1,1,2,1,1,1,1,1,1,1,1,2,9,6,1,7,33,2,2,0
1,21,3,2002,4,1,1,1,2,1,1,1,1,1,1,1,1,2,7,5,1,7,33,1,2,0
1,21,3,2002,2,1,4,1,2,1,1,1,1,1,1,1,1,2,14,6,1,7,33,1,2,0
1,21,3,2002,4,1,2,2,2,1,3,1,1,1,1,2,1,1,14,2,1,1,28,2,2,0
1,21,3,2002,3,3,1,2,2,1,1,1,1,1,1,1,1,2,9,6,1,1,33,1,2,0
6,21,3,2002,2,1,1,2,2,1,1,1,1,1,1,1,1,2,14,6,2,1,33,1,2,0
5,21,3,2002,3,1,1,1,2,1,1,1,1,1,1,4,1,2,9,6,1,1,33,2,2,0
2,28,5,2002,4,1,1,2,2,1,1,1,1,1,1,1,1,1,7,6,1,1,33,2,2,1
1,21,5,2002,1,1,4,2,2,1,1,3,1,1,1,2,1,1,12,6,1,1,33,2,2,0
5,21,5,2002,3,1,1,2,2,1,1,1,1,1,1,4,4,2,14,6,1,1,33,2,2,0
5,21,5,2002,3,1,1,2,2,1,1,1,1,1,1,3,1,2,14,6,1,1,33,2,2,0
5,18,5,2002,3,1,1,2,2,1,1,1,1,1,1,3,1,2,9,6,1,1,33,1,2,0
4,18,5,2002,3,1,1,2,2,1,1,1,1,1,1,2,1,2,9,6,1,1,33,1,2,0
3,18,5,2002,3,1,1,2,2,1,1,3,1,1,1,3,1,2,9,6,1,1,33,2,2,0
3,28,6,2002,4,1,1,1,2,1,2,1,1,1,1,5,1,1,9,11,1,7,33,2,2,1