Thana,District,Month,Year,Time,Junction_Type,Traffic_Control,Movement,Divider,Weather,Light,Road_Geometry,Surface_Condition,Surface_Type,Surface_Quality,Road_Class,Road_Feature,Location_Type,Vehicle_Type,Vehicle_Movement,Vehicle_Loading,Vehicle_Defect,Vehicle_Driver_Age,Vehicle_Alcohol,Vehicle_Seat_Belt,Accident_Severity
2,28,6,2002,3,1,1,1,2,1,1,1,1,1,1,1,1,1,13,11,1,1,33,2,2,1
2,28,6,2002,2,1,1,1,2,1,1,1,1,1,1,1,1,1,9,6,1,1,33,2,2,0
1,22,6,2002,2,1,1,2,2,1,1,1,1,1,1,1,1,2,14,6,1,1,33,1,2,0
3,22,6,2002,2,1,1,2,2,1,1,1,1,1,1,1,1,2,14,6,1,1,40,2,1,0
1,24,6,2002,2,1,1,2,2,1,1,1,1,1,1,1,1,2,13,11,1,1,33,1,2,0
1,24,6,2002,4,2,1,2,2,1,2,1,1,1,1,1,1,2,14,6,1,1,30,2,2,0
1,24,6,2002,3,1,1,2,2,1,1,1,1,1,1,1,1,1,9,11,1,1,33,1,2,0
9,24,6,2002,4,3,6,2,2,1,2,2,1,1,1,5,1,1,14,8,1,1,33,1,2,0
2,24,6,2002,3,1,1,1,2,1,1,1,1,1,1,1,1,1,14,6,1,1,33,2,2,0
1,20,1,2002,3,1,1,1,2,1,1,1,1,1,1,2,1,2,5,6,1,6,33,2,2,0
1,20,1,2002,2,1,1,2,2,1,1,1,1,1,1,2,1,1,12,6,1,1,33,2,2,0
1,20,1,2002,2,1,1,2,2,1,1,1,1,1,1,2,1,2,10,6,1,1,33,2,2,0
1,20,6,2002,3,1,1,2,2,2,1,1,2,1,1,2,1,2,14,6,1,1,33,2,2,0
2,20,6,2002,3,1,1,2,2,1,1,1,1,1,1,3,1,2,19,6,2,7,25,2,2,0
1,20,6,2002,2,1,1,2,2,1,1,1,1,1,2,4,1,2,14,6,1,1,36,1,2,0
1,24,7,2002,3,1,1,2,2,1,1,1,1,1,1,5,1,2,14,6,1,1,33,1,1,0
1,24,7,2002,3,1,1,2,2,1,1,1,1,1,1,1,1,2,14,6,1,1,40,1,2,0
1,24,7,2002,1,1,1,2,2,1,3,1,1,1,2,1,1,2,9,6,1,1,33,2,2,1
1,24,7,2002,4,3,1,2,2,1,3,1,1,1,1,4,1,2,13,1,1,1,33,2,2,0
5,24,7,2002,4,1,3,2,2,2,1,1,1,1,1,1,1,2,9,6,1,1,33,2,2,1
1,25,5,2002,2,2,1,2,2,1,1,1,1,1,1,3,1,2,9,6,1,7,33,2,2,0
1,25,5,2002,3,1,1,2,2,1,1,1,1,1,1,2,1,2,9,6,1,1,33,1,2,0
1,25,5,2002,4,1,1,2,2,1,1,1,1,1,1,3,1,2,9,6,1,1,33,2,2,0
4,22,7,2002,2,1,1,2,1,1,1,1,1,1,1,1,1,2,14,2,1,7,33,1,2,0
1,30,6,2002,3,1,1,2,2,1,1,1,1,1,1,4,1,2,6,6,2,1,28,2,2,0
3,18,7,2002,2,7,8,2,2,1,1,1,2,1,1,3,1,2,9,6,1,7,33,2,2,0
3,18,7,2002,5,7,8,1,1,1,1,1,1,1,1,3,1,1,19,11,1,1,33,2,2,0
7,18,7,2002,2,1,3,1,2,1,2,1,1,1,1,4,1,2,19,6,2,1,30,2,2,0
2,28,8,2002,3,2,4,2,2,1,1,1,1,1,1,5,1,1,13,11,1,1,33,2,2,0
2,28,8,2002,3,1,1,2,1,1,1,1,1,1,1,5,1,1,9,11,1,1,40,2,2,1
5,28,8,2002,4,7,4,2,1,1,3,1,1,1,1,1,1,1,5,6,1,1,22,2,2,1
2,27,8,2002,3,1,8,2,2,1,1,1,1,1,1,2,1,2,9,11,1,1,33,1,2,3
2,27,8,2002,2,1,8,2,2,1,1,1,1,1,1,4,1,2,12,11,1,1,33,2,2,0
1,30,7,2002,3,1,1,2,2,1,3,1,1,1,1,2,1,1,9,6,1,1,33,2,2,0
1,30,7,2002,3,3,1,2,2,1,1,1,1,1,1,2,1,2,14,6,1,1,32,2,2,1
1,30,7,2002,2,1,1,2,2,1,1,1,1,1,1,1,1,2,7,6,1,1,33,1,2,0
1,24,2,2002,3,1,1,2,2,1,1,1,1,1,1,1,1,2,9,6,1,1,38,1,2,0
9,24,3,2002,3,3,1,2,2,1,1,2,1,1,1,1,1,2,16,2,2,1,33,1,2,0
1,21,3,2002,4,1,1,1,2,1,1,1,1,1,1,1,1,2,7,5,1,7,33,1,2,0
1,18,5,2002,1,7,1,1,2,1,2,1,1,1,1,2,1,2,17,8,1,1,33,2,2,0
1,21,2,2002,3,1,2,2,2,1,1,1,1,1,1,5,1,1,7,6,1,7,33,2,2,1
2,27,1,2002,2,1,1,2,2,1,1,1,1,1,1,3,1,2,9,6,1,1,33,2,2,0
1,21,7,2002,2,1,3,2,2,1,1,1,1,1,1,2,1,2,9,2,1,1,39,2,2,0
1,21,7,2002,3,1,1,1,2,1,1,1,1,1,1,5,1,1,14,11,1,7,32,2,2,0
6,21,6,2002,3,1,1,2,2,1,1,1,1,1,1,1,1,2,4,6,1,1,38,2,2,0
6,21,7,2002,3,2,1,2,2,1,1,1,1,1,1,1,1,2,8,6,1,1,33,1,2,0
6,21,7,2002,2,1,1,2,2,1,1,1,1,1,1,1,1,2,9,6,1,1,35,1,2,0
2,21,7,2002,3,1,1,1,2,1,1,2,2,1,1,3,1,2,6,6,2,7,33,2,2,1
1,21,6,2002,2,1,1,1,2,1,1,1,1,1,1,1,1,2,14,6,1,1,33,2,2,1
1,21,6,2002,4,1,5,1,1,1,4,2,1,1,1,1,1,2,9,6,1,1,32,1,2,1
1,21,6,2002,1,1,4,2,1,1,1,1,1,1,1,1,1,2,9,5,1,1,23,1,2,0
6,21,6,2002,3,2,1,2,2,2,1,1,2,1,1,1,1,2,9,6,2,1,33,1,2,0
6,21,8,2002,3,7,1,1,2,1,1,1,1,1,1,4,1,2,9,6,2,1,35,2,2,3
6,21,8,2002,3,1,3,2,2,1,1,1,1,1,1,1,1,2,14,6,1,1,33,1,2,0
6,21,8,2002,4,7,1,1,2,1,1,1,1,1,1,1,1,1,4,6,2,1,25,2,2,0
3,21,8,2002,3,1,1,2,2,1,1,1,1,1,1,1,1,2,14,6,1,3,33,1,2,0
2,28,9,2002,3,7,1,2,1,1,1,1,1,1,1,1,1,1,14,7,1,1,40,2,2,0
5,28,9,2002,5,1,1,1,2,1,1,1,1,1,1,1,1,1,9,5,1,1,45,2,2,1
2,19,9,2002,2,1,8,2,2,1,1,1,1,1,1,2,1,2,14,6,1,1,33,1,2,0
1,28,9,2002,1,7,8,2,2,1,2,1,1,1,1,5,1,1,14,6,1,1,40,2,2,0
1,24,9,2002,2,1,1,2,2,1,1,1,1,1,1,1,1,2,14,6,1,1,33,1,2,0
8,28,9,2002,2,7,1,2,2,2,1,1,2,1,1,3,3,2,1,6,1,1,33,1,2,0
5,29,3,2002,3,7,8,2,2,1,1,3,5,1,2,3,2,2,8,11,1,1,35,2,2,0
8,29,3,2002,1,1,1,2,1,1,1,1,1,1,1,1,1,2,14,2,1,1,33,1,1,0
8,29,5,2002,3,5,1,2,2,2,2,2,2,1,1,4,1,2,9,6,1,1,35,2,2,0
6,29,3,2002,4,1,1,2,2,1,2,2,1,2,1,4,1,2,6,3,1,7,33,2,2,0
7,29,8,2002,2,1,1,2,2,1,1,1,1,1,1,2,1,2,8,6,1,1,33,2,2,0
1,21,9,2002,3,1,1,1,2,1,1,1,1,1,1,1,1,2,9,6,1,1,33,2,2,0
1,21,9,2002,1,1,2,2,2,1,2,1,1,1,1,1,5,1,14,5,1,1,30,1,2,0
1,21,9,2002,2,1,1,2,2,1,1,1,1,1,1,3,1,2,4,6,1,1,33,1,2,0
1,21,9,2002,2,1,1,1,1,1,1,1,1,1,1,1,1,2,14,4,1,1,33,2,2,0
6,21,9,2002,4,1,1,2,2,1,2,1,1,1,1,1,1,2,14,6,1,1,33,2,2,0
6,21,9,2002,2,2,1,2,2,1,1,1,1,1,1,1,1,2,14,6,2,1,33,1,2,0
6,21,9,2002,3,1,1,2,2,1,1,1,1,1,1,1,1,2,9,6,1,1,33,2,2,0
2,21,9,2002,2,4,1,2,2,1,1,2,1,1,1,4,1,2,19,2,1,1,20,2,2,0
5,21,9,2002,3,1,1,2,2,1,1,1,1,1,1,3,1,2,9,6,1,1,33,1,2,0
5,21,9,2002,2,1,1,2,2,1,1,1,1,1,1,4,1,1,14,6,1,1,33,2,2,3
3,19,10,2002,3,1,1,2,2,1,1,1,1,1,1,4,1,2,14,1,1,3,38,2,2,0
2,28,10,2002,3,7,1,1,2,1,1,1,1,1,1,1,1,1,9,1,1,1,33,2,2,0
5,27,10,2002,3,1,1,1,2,1,1,1,1,1,1,3,1,2,9,6,1,1,33,1,2,1
2,27,10,2002,2,1,8,1,2,1,1,1,1,1,1,3,1,2,8,4,1,1,30,1,2,0
1,27,10,2002,3,1,1,1,2,1,1,1,1,2,3,4,1,2,9,6,1,3,33,1,2,0
4,22,10,2002,2,1,8,2,2,1,1,1,1,1,1,1,1,2,14,6,1,1,33,2,2,0
4,31,9,2002,3,1,1,2,2,1,4,1,1,1,1,3,1,2,12,6,1,1,33,2,2,0
5,31,9,2002,3,1,8,2,2,1,1,1,1,2,3,4,1,2,6,6,1,3,18,1,2,1
5,31,9,2002,3,1,8,2,2,1,1,1,1,2,3,4,1,2,6,6,1,1,28,1,2,0
5,31,6,2002,3,1,2,1,2,1,1,1,1,2,1,3,1,2,6,6,1,1,28,1,2,1
6,21,11,2002,4,1,1,2,2,1,4,1,1,1,1,3,1,2,12,6,2,6,33,1,2,0
6,27,11,2002,2,1,1,1,2,1,1,3,1,3,2,4,1,2,8,6,1,6,30,2,2,0
3,18,10,2002,3,7,1,1,2,1,1,1,1,1,1,3,1,2,8,11,1,7,33,2,2,0
5,24,11,2002,2,1,7,1,2,1,1,1,5,1,1,1,1,2,13,6,1,1,33,1,2,0
2,28,11,2002,3,2,1,2,1,1,1,1,1,1,1,1,1,1,13,9,1,1,35,2,2,0
4,28,11,2002,4,1,1,2,2,1,2,1,1,1,1,1,1,2,14,6,1,7,33,2,2,0
4,28,11,2002,2,1,1,2,2,1,1,1,1,1,1,1,1,1,8,6,1,1,33,2,2,0
1,24,11,2002,3,1,1,2,2,1,1,1,1,1,1,1,1,2,9,6,1,1,33,1,2,0
1,24,11,2002,3,1,1,1,2,1,1,1,1,1,1,1,5,2,1,4,1,1,33,1,2,0
9,24,11,2002,4,7,1,1,2,1,4,1,1,1,3,1,2,2,14,11,1,7,32,2,2,2
7,24,11,2002,3,7,1,1,2,1,1,1,1,3,1,4,1,2,7,8,1,1,33,2,2,0
4,24,11,2002,2,3,8,2,2,1,1,2,3,1,2,3,1,2,14,1,1,7,1,2,2,0
1,21,10,2002,2,1,1,2,1,1,1,1,1,1,1,1,1,2,8,6,1,1,33,2,2,0
1,21,10,2002,2,1,1,2,2,1,2,1,1,1,1,4,1,2,17,6,1,1,40,2,2,0
1,21,10,2002,4,7,1,2,2,1,2,2,1,1,1,1,1,1,9,1,1,1,30,2,2,3
3,21,10,2002,1,1,1,2,2,1,2,1,1,1,1,1,1,1,14,6,1,1,33,1,2,0
1,24,10,2002,3,1,1,1,2,1,1,1,1,1,1,2,1,2,9,1,1,1,45,1,2,0
1,24,10,2002,2,1,1,2,2,1,1,1,1,1,1,1,1,2,14,3,1,1,33,1,2,0
7,24,10,2002,3,1,1,1,2,1,1,1,1,1,1,4,1,2,9,6,1,1,33,2,2,0
5,18,11,2002,4,1,1,2,2,1,1,1,1,2,1,2,1,2,19,6,1,1,33,2,2,0
1,18,12,2002,3,7,8,2,2,1,1,1,1,1,1,3,1,2,17,6,1,1,33,1,2,1
2,18,12,2002,2,1,1,2,2,1,1,2,1,1,2,1,1,2,8,6,1,1,33,2,2,0
2,31,7,2002,3,1,1,1,2,1,1,1,1,1,1,3,1,2,8,6,1,7,30,2,2,0
1,31,10,2002,2,7,1,2,2,1,1,1,1,1,1,3,1,1,9,6,1,1,38,2,2,0
7,31,6,2002,1,1,1,2,2,1,4,2,2,1,1,3,1,2,12,11,1,1,35,2,2,0
2,18,9,2002,1,1,1,2,2,1,4,1,1,1,2,1,1,2,14,5,1,1,32,2,2,0
1,28,12,2002,2,3,4,2,2,1,1,2,1,1,1,1,1,1,5,1,1,3,27,2,2,0
1,30,11,2002,2,1,1,2,2,1,1,1,1,1,1,3,1,2,6,6,1,1,33,1,2,0
2,30,9,2002,4,1,1,2,2,1,4,1,1,2,3,4,1,2,6,6,2,7,20,1,2,0
1,22,12,2002,3,7,1,2,2,1,1,1,1,1,1,1,1,1,9,5,1,1,40,2,2,0
1,18,8,2002,3,7,8,2,2,1,1,1,1,1,1,1,1,1,9,6,1,1,33,2,2,0
5,18,8,2002,3,1,1,2,2,1,1,1,1,1,1,2,1,2,19,6,1,1,33,2,2,0
4,18,8,2002,4,1,1,2,2,1,4,1,1,1,1,2,1,1,7,6,1,1,33,2,2,1
1,24,12,2002,3,1,1,2,2,1,1,1,1,1,1,1,1,2,9,6,1,1,33,2,2,0
1,24,12,2002,2,1,1,2,2,1,1,1,1,1,1,1,1,2,12,6,1,1,22,2,2,1
1,24,5,2002,4,1,1,2,2,1,2,1,1,1,1,1,1,2,14,6,1,1,33,1,2,0
5,24,12,2002,3,1,1,2,2,1,1,1,1,1,1,1,1,2,10,6,1,1,33,1,2,1
4,24,12,2002,3,3,1,2,2,1,1,3,5,1,2,5,1,2,6,11,1,1,33,2,2,0
4,24,12,2002,2,2,1,2,2,1,1,1,5,1,2,5,2,2,9,11,2,7,33,1,2,0
7,24,12,2002,4,1,1,2,2,1,3,1,1,1,1,2,1,2,14,6,1,1,33,2,2,0
3,28,12,2002,1,4,3,2,1,1,1,1,1,1,1,1,1,1,5,4,1,1,40,2,2,0
2,28,12,2002,3,7,1,2,1,1,1,1,1,1,1,1,1,1,9,1,1,1,33,2,2,1
4,28,11,2002,3,1,1,1,2,1,1,1,1,1,1,1,1,1,4,6,1,7,28,2,2,1
1,25,1,2002,3,1,1,2,2,1,1,1,1,1,2,3,1,2,9,6,1,1,33,1,2,1
1,25,3,2002,4,1,1,2,2,1,1,1,1,1,1,4,1,2,19,6,1,1,33,2,2,0
1,25,5,2002,4,1,1,2,2,1,1,1,1,1,1,4,1,2,12,6,1,1,33,1,2,1
7,25,8,2002,2,1,1,2,2,1,1,2,1,1,1,3,1,2,8,1,1,1,40,2,2,1
1,25,11,2002,2,1,1,2,2,1,1,1,1,1,1,3,1,2,13,6,1,1,33,2,2,0
4,25,11,2002,4,1,8,1,2,1,4,1,1,3,2,4,4,2,14,6,1,1,33,2,2,0
4,25,3,2002,3,7,8,1,2,1,4,2,1,2,2,4,4,2,14,6,1,1,33,2,2,0
4,25,3,2002,2,2,8,2,2,1,2,1,1,1,1,3,1,2,9,6,2,1,33,1,2,0
4,25,7,2002,3,7,8,2,2,1,1,1,1,1,1,3,1,2,9,6,2,1,33,1,2,0
4,25,9,2002,2,1,8,1,2,1,1,1,1,1,1,4,2,2,14,6,2,1,33,1,2,0
2,32,9,2002,4,3,1,2,2,1,4,1,1,1,1,3,1,2,6,1,2,1,31,2,2,0
2,32,9,2002,2,3,1,1,2,1,2,1,1,1,1,4,1,2,9,6,1,1,29,2,2,0
7,29,11,2002,3,1,1,2,2,1,1,1,1,1,1,2,1,2,9,6,1,1,33,1,2,0
6,29,11,2002,3,2,1,2,2,1,1,2,1,1,1,1,1,2,9,1,1,1,33,2,2,0
3,29,8,2002,3,1,1,1,2,1,1,1,1,1,1,3,1,2,8,6,1,1,33,2,2,0
6,29,11,2002,3,1,8,1,2,1,1,1,1,1,1,1,1,1,9,6,1,7,33,2,2,3
3,29,9,2002,2,1,1,2,2,1,1,1,1,1,1,1,1,2,9,6,1,1,33,2,2,0
8,29,10,2002,3,1,1,2,2,1,1,1,1,1,1,1,1,2,14,6,1,1,46,2,2,3
8,29,8,2002,1,1,1,2,2,1,2,1,1,1,1,1,1,2,9,6,1,1,34,2,2,0
8,29,8,2002,2,1,8,2,2,1,2,1,2,1,1,1,1,2,14,2,1,1,32,2,2,0
8,29,9,2002,3,1,8,2,2,2,1,1,2,1,1,1,1,2,14,11,1,1,33,2,2,0
1,29,3,2002,3,1,1,2,2,1,1,1,1,1,1,2,1,1,9,11,2,1,33,1,2,1
1,29,4,2002,3,1,1,2,2,1,1,1,1,1,1,2,1,2,8,6,2,1,33,1,2,0
1,29,6,2002,1,1,8,2,2,1,2,1,1,1,1,1,1,2,13,6,1,3,25,1,2,1
1,29,7,2002,2,1,1,2,2,1,1,1,1,1,1,2,1,2,8,5,1,3,33,2,2,0
1,34,3,2002,3,1,1,2,2,1,1,1,1,1,1,1,1,2,6,6,1,1,33,2,2,0
1,34,3,2002,2,1,1,2,2,1,1,1,1,1,1,4,1,2,8,6,1,1,28,2,2,0
1,34,4,2002,3,1,1,2,2,1,1,1,1,1,1,1,1,2,14,6,1,1,33,2,2,0
1,34,5,2002,3,1,1,2,2,1,1,1,1,1,1,1,1,2,14,6,1,1,35,2,2,0
1,34,6,2002,3,1,1,2,2,1,1,1,2,1,2,5,1,1,14,6,1,1,35,2,2,0
1,34,6,2002,2,1,1,2,2,1,2,1,1,1,1,5,1,1,14,11,1,1,35,2,2,0
1,34,7,2002,2,1,1,2,2,1,1,1,1,1,1,1,1,1,9,6,1,1,33,2,2,0
1,34,10,2002,4,7,8,2,2,1,1,1,1,1,1,1,1,2,8,11,1,7,40,1,2,1
1,34,10,2002,2,3,1,2,2,1,1,1,1,1,1,5,1,1,7,6,1,7,25,2,2,0
6,34,3,2002,2,1,1,2,2,1,1,1,1,1,1,1,1,2,9,6,1,1,33,1,2,0
6,34,9,2002,3,1,1,2,2,1,4,1,1,1,1,1,1,2,9,6,1,1,40,1,2,1
6,34,12,2002,3,1,1,2,2,1,1,1,1,1,1,1,1,2,10,6,1,1,30,2,2,1
6,34,12,2002,2,1,1,2,2,1,1,1,1,1,1,1,1,2,9,6,1,1,40,2,2,0
6,34,12,2002,2,1,3,2,2,1,1,1,1,1,1,1,1,2,9,6,1,1,33,2,2,0
10,34,5,2002,2,1,1,2,2,1,1,1,1,1,1,4,1,2,7,5,1,1,33,2,2,0
3,34,4,2002,1,1,7,2,1,1,1,1,1,1,1,1,1,2,9,5,1,1,32,2,2,0
3,34,4,2002,2,1,1,1,2,1,1,1,1,1,1,3,1,2,9,6,1,1,28,2,2,1
3,34,5,2002,2,1,1,1,2,1,1,1,1,1,1,3,1,2,9,6,1,1,30,2,2,0
3,34,8,2002,3,1,1,1,2,1,1,1,1,1,1,3,1,2,15,5,1,1,38,2,2,0
2,30,11,2002,2,1,1,2,2,1,1,1,1,1,1,3,1,1,8,6,1,1,33,2,2,0
7,30,12,2002,2,1,3,2,2,1,1,1,1,1,1,3,1,2,7,6,1,1,25,2,2,3
7,30,12,2002,3,1,1,2,2,1,1,1,1,1,1,3,1,2,6,6,2,6,25,2,2,0
5,30,12,2002,2,1,1,1,2,1,1,1,1,1,1,3,1,1,9,1,1,1,33,2,2,1
3,30,12,2002,3,7,8,2,2,1,1,1,1,2,2,4,4,2,6,6,1,1,33,2,2,0
1,21,12,2002,1,1,1,1,1,1,2,1,1,1,1,1,1,2,9,10,1,4,33,1,2,0
1,21,11,2002,3,7,1,1,2,1,1,1,1,1,1,1,2,1,19,6,1,1,33,1,2,0
1,21,12,2002,3,2,1,2,2,1,1,1,1,1,1,1,1,2,9,6,1,1,33,2,2,0
2,21,12,2002,3,7,8,1,2,1,1,2,1,1,1,4,1,2,7,6,1,1,33,2,2,0
3,21,12,2002,3,1,1,2,2,1,2,1,1,1,1,1,1,1,9,6,1,1,33,1,2,0
3,21,12,2002,2,1,1,1,2,1,1,1,1,1,1,1,1,2,9,6,1,7,45,2,2,0
3,21,12,2002,3,1,1,2,1,2,1,1,1,1,1,1,1,2,14,6,1,7,33,2,2,0
4,21,12,2002,3,4,1,2,2,1,1,1,1,1,1,3,1,1,9,5,1,1,33,2,2,0
5,21,12,2002,2,3,1,1,2,1,1,5,1,1,1,3,1,1,4,6,1,1,20,2,2,1
5,33,1,2002,2,1,1,2,2,1,1,1,1,2,2,4,1,2,6,11,1,1,33,2,2,0
1,33,1,2002,3,1,1,2,2,1,1,1,1,1,1,3,1,2,9,6,1,3,33,2,2,0
2,33,2,2002,2,7,8,2,2,1,1,1,1,1,1,3,1,2,9,6,1,7,33,2,2,0
2,33,2,2002,2,1,1,1,2,1,1,1,1,1,1,4,1,2,9,6,1,7,37,2,2,0
3,33,4,2002,2,3,1,2,2,1,1,1,1,1,1,2,1,2,9,6,1,1,30,2,2,0
3,33,5,2002,3,7,1,2,2,1,1,1,1,1,1,3,1,2,9,6,1,6,33,2,2,0
2,33,5,2002,2,1,1,1,2,1,1,1,1,1,1,4,1,2,9,6,1,7,42,2,2,0
4,33,6,2002,3,1,1,2,2,1,1,1,1,1,1,3,1,2,9,4,1,1,33,2,2,1
5,33,8,2002,2,1,8,1,1,1,1,1,1,1,1,3,1,2,9,6,1,1,34,2,2,0
5,33,8,2002,3,3,1,1,2,1,1,3,2,3,2,4,1,2,17,6,1,1,22,2,2,0
1,33,8,2002,3,1,1,2,2,1,1,1,1,1,1,3,1,2,5,6,1,1,33,1,2,0
4,33,8,2002,2,1,8,1,2,1,1,1,1,1,1,4,1,2,9,6,1,1,45,2,2,3
3,33,8,2002,4,1,1,2,2,1,4,1,1,1,1,4,1,2,6,6,2,7,33,2,2,0
4,33,10,2002,4,1,1,1,2,1,4,1,1,1,2,3,1,2,5,6,1,1,33,2,2,0
4,8,1,2002,4,1,1,2,2,1,2,1,1,1,1,1,1,1,14,6,1,1,33,2,2,0
7,13,1,2002,3,1,1,2,2,1,1,1,1,1,1,3,1,2,14,6,1,1,25,1,2,0
5,13,1,2002,2,4,1,2,2,1,1,2,1,1,1,2,1,2,12,6,1,1,32,2,2,0
5,13,1,2002,3,3,1,2,2,1,1,1,1,1,1,2,1,2,14,6,1,7,33,1,2,0
5,13,1,2002,3,1,1,2,2,1,2,1,1,1,1,2,1,2,14,11,1,1,33,2,2,0
5,13,1,2002,4,1,1,2,2,1,4,1,1,1,1,3,1,2,14,6,1,1,33,1,2,0
5,13,1,2002,2,1,1,2,2,1,1,1,1,1,1,2,1,2,9,6,1,1,33,2,2,0
6,4,1,2002,3,1,1,2,2,1,1,1,1,1,1,2,1,2,8,6,1,1,33,2,2,1
4,4,1,2002,1,1,1,2,2,4,2,1,1,1,1,3,1,2,9,6,1,1,33,2,2,0
8,5,1,2002,3,1,1,2,2,1,1,1,1,1,1,1,1,2,7,6,1,1,22,2,2,1
5,5,1,2002,2,1,1,2,2,2,2,2,2,1,1,1,1,2,8,2,1,1,32,2,2,0
5,5,1,2002,1,1,1,2,2,4,2,2,2,1,1,1,1,2,8,1,1,1,35,2,2,0
3,14,1,2002,2,1,1,2,2,1,1,1,1,1,1,5,1,1,9,11,1,1,32,1,2,1
2,14,1,2002,1,1,1,2,2,1,4,1,1,1,1,1,1,2,14,6,1,1,45,2,2,0
4,9,1,2002,3,1,1,2,2,1,1,1,1,1,1,2,1,2,13,6,1,1,33,2,2,0
5,15,1,2002,2,1,1,2,2,1,1,1,1,1,1,3,1,2,4,6,1,1,33,2,2,0
2,9,1,2002,2,1,1,2,2,1,1,1,1,1,1,3,1,2,9,6,2,1,33,2,2,0
5,10,1,2002,2,1,1,2,2,1,1,1,1,1,1,3,1,2,9,11,2,1,33,2,2,0
3,15,1,2002,2,1,1,2,2,1,1,1,1,1,1,3,1,2,9,9,1,1,33,2,2,0
3,6,1,2002,3,1,1,2,2,1,1,1,1,1,1,3,1,2,9,6,1,1,32,2,2,0
7,13,2,2002,4,1,1,2,2,1,2,1,1,1,1,2,1,2,14,6,1,1,33,2,2,3
6,13,2,2002,2,1,1,2,2,1,1,1,1,1,1,2,1,2,8,6,1,1,33,2,2,1
6,13,2,2002,3,1,1,2,2,1,1,1,1,1,1,2,1,2,7,6,1,1,33,2,2,0
6,13,3,2002,1,1,1,2,2,1,1,1,1,1,1,2,1,2,7,6,1,1,33,2,2,0
6,13,3,2002,3,3,1,2,2,1,1,1,1,1,1,2,1,2,16,6,1,1,33,2,2,0
6,13,5,2002,2,1,1,2,2,1,2,1,1,1,1,2,1,2,11,6,1,1,32,2,2,0
6,13,5,2002,3,1,1,2,2,1,1,1,1,1,1,2,1,2,6,6,1,1,33,2,2,0
3,13,5,2002,4,1,1,2,2,1,2,1,1,1,1,2,2,1,14,6,1,1,33,2,2,0
8,13,3,2002,2,1,1,2,2,1,2,2,1,1,1,1,1,2,13,2,1,1,33,2,2,0
1,15,2,2002,2,1,1,2,2,1,2,1,1,1,1,1,1,2,14,6,2,1,45,2,2,0
1,15,2,2002,3,1,1,2,2,1,1,1,1,1,1,1,1,2,14,6,1,1,33,1,2,0
6,15,2,2002,3,1,1,2,2,1,1,1,1,1,1,1,1,2,7,6,1,1,33,2,2,0
11,9,1,2002,3,1,1,2,2,1,1,1,1,1,1,1,1,2,8,6,1,1,33,2,2,3
3,13,3,2002,3,2,4,2,2,1,1,1,1,1,1,3,1,2,5,6,1,1,22,2,2,0
3,13,5,2002,3,7,1,2,2,2,1,1,2,2,1,4,1,2,14,6,1,1,40,2,2,0
4,13,5,2002,4,7,1,2,2,1,2,1,1,3,2,4,1,2,14,6,2,1,33,2,2,0
5,13,5,2002,2,1,1,2,2,2,1,1,2,1,1,2,1,2,9,6,1,1,33,2,2,3
1,13,4,2002,3,1,1,2,2,1,1,1,1,1,1,3,1,2,4,6,1,1,37,2,2,3
9,13,3,2002,2,1,1,2,2,1,1,2,1,1,1,3,1,2,4,6,1,1,33,2,2,0
2,13,6,2002,3,1,1,2,2,1,1,1,1,1,1,4,4,2,14,6,1,1,33,2,2,0
3,15,4,2002,3,1,1,2,2,1,1,1,1,2,1,4,1,2,19,6,1,1,33,2,2,0
5,15,5,2002,2,1,1,2,2,1,1,2,2,1,1,4,1,2,14,6,1,1,33,2,2,0
5,15,5,2002,3,3,1,2,2,1,1,2,1,1,1,4,1,2,6,6,1,1,33,2,2,0
5,6,2,2002,3,1,1,2,2,1,1,2,1,1,1,1,1,2,14,6,1,1,33,1,2,0
1,1,5,2002,1,1,1,2,2,1,4,1,2,3,1,4,1,2,14,6,1,1,33,2,2,0
2,1,4,2002,3,1,1,2,2,1,1,1,1,1,1,3,1,2,9,6,1,1,33,2,2,1
3,3,5,2002,2,1,1,2,2,1,1,2,1,1,1,3,1,2,17,6,1,1,33,2,2,0
6,3,4,2002,3,1,1,2,2,1,1,1,1,1,1,3,1,2,8,6,1,1,33,2,2,1
2,1,4,2002,2,1,1,2,2,1,1,1,1,1,1,4,1,2,8,6,1,1,33,2,2,1
3,1,6,2002,2,7,1,2,2,1,1,4,1,1,1,4,1,1,14,6,1,1,52,2,2,0
2,12,3,2002,2,1,1,2,2,1,2,1,1,1,1,4,1,2,13,6,1,1,33,2,2,0
3,12,2,2002,2,1,1,2,2,1,1,1,1,1,1,3,4,2,8,6,1,1,33,2,2,0
2,7,1,2002,4,2,1,2,2,1,4,1,1,1,1,3,1,2,13,6,1,1,33,2,2,0
2,7,3,2002,1,1,1,2,2,1,4,2,1,1,1,3,1,2,9,6,1,1,33,2,2,0
6,7,1,2002,2,1,1,2,2,1,1,2,1,1,1,4,1,2,17,6,1,1,28,2,2,0
1,15,2,2002,4,6,1,2,2,1,4,1,1,1,1,2,4,1,10,6,1,1,33,2,2,1
1,15,4,2002,2,1,1,2,2,1,2,1,1,1,1,2,1,2,19,6,2,1,40,2,2,0
1,15,4,2002,2,1,1,2,2,1,1,1,1,1,1,2,1,1,4,6,1,1,25,2,2,1
1,15,5,2002,1,1,1,2,2,1,2,1,1,1,1,5,1,1,9,6,1,1,33,2,2,0