Thana,District,Month,Year,Time,Junction_Type,Traffic_Control,Movement,Divider,Weather,Light,Road_Geometry,Surface_Condition,Surface_Type,Surface_Quality,Road_Class,Road_Feature,Location_Type,Vehicle_Type,Vehicle_Movement,Vehicle_Loading,Vehicle_Defect,Vehicle_Driver_Age,Vehicle_Alcohol,Vehicle_Seat_Belt,Accident_Severity
6,15,3,2002,4,1,1,2,2,1,2,1,1,1,1,1,1,2,9,5,1,1,42,2,2,3
6,15,3,2002,3,1,1,2,2,1,1,1,1,1,1,1,1,2,8,6,1,1,33,2,2,0
6,15,5,2002,1,1,1,2,2,1,4,2,1,1,1,1,1,2,9,6,1,1,33,1,2,0
6,15,5,2002,3,1,1,2,2,1,1,1,1,1,1,1,1,2,9,6,1,1,33,2,2,0
5,15,3,2002,3,1,1,2,2,1,1,1,1,1,1,2,1,2,7,6,1,1,28,2,2,1
5,15,5,2002,2,1,1,2,2,1,2,1,1,1,1,1,1,2,14,6,1,1,37,1,2,0
3,6,2,2002,4,1,1,2,2,1,4,1,1,1,1,3,1,2,9,6,1,1,33,2,2,0
3,6,2,2002,4,1,1,2,2,1,2,2,1,1,1,3,1,2,14,6,1,1,33,2,2,0
1,2,1,2002,4,1,1,2,2,1,1,1,1,2,1,1,1,1,9,6,1,1,33,1,2,0
1,1,2,2002,3,1,1,2,2,1,1,1,1,1,1,1,1,2,9,6,1,1,35,2,2,0
1,1,3,2002,3,1,1,2,2,1,1,1,1,1,1,1,1,2,14,6,1,1,33,2,2,0
1,12,4,2002,2,1,1,2,2,1,1,1,2,1,2,3,1,2,13,6,1,1,33,2,2,0
1,12,6,2002,4,2,4,2,2,1,4,1,1,1,1,3,1,2,14,6,1,1,30,1,2,3
3,12,5,2002,2,1,1,2,2,1,1,1,1,1,1,4,1,2,19,6,1,1,33,2,2,0
3,12,5,2002,4,1,1,2,2,1,2,1,1,1,1,2,1,2,7,6,1,1,30,2,2,0
5,12,5,2002,2,1,1,2,2,1,1,2,1,1,1,2,1,2,12,6,2,1,33,1,2,0
5,12,6,2002,4,1,1,2,2,1,2,2,1,1,1,3,1,2,14,1,1,1,33,2,2,0
11,16,1,2002,2,1,1,2,2,1,1,1,1,1,1,1,1,2,14,6,1,1,33,2,2,0
11,16,1,2002,1,1,1,2,2,1,4,1,1,1,1,1,1,2,10,6,1,2,33,1,0,0
1,17,1,2002,3,1,1,2,2,1,1,1,1,1,1,1,1,2,14,6,1,1,33,2,2,0
3,17,1,2002,1,1,1,2,2,1,1,2,1,1,1,4,1,2,14,6,2,1,35,2,2,0
5,9,2,2002,2,1,1,2,2,1,1,1,1,1,1,4,1,2,13,6,1,1,37,1,2,0
9,17,1,2002,3,1,1,2,2,1,1,1,1,1,1,1,1,2,9,6,1,1,33,2,2,0
3,8,2,2002,2,1,1,2,2,1,1,1,1,1,1,1,1,2,14,6,2,1,36,2,2,0
3,8,3,2002,3,3,1,2,2,1,1,2,1,1,1,1,1,2,14,6,1,1,37,2,2,0
3,8,4,2002,2,1,1,2,2,1,1,2,1,1,1,1,1,2,8,6,2,1,45,1,2,1
3,8,5,2002,3,1,1,2,2,1,1,1,1,1,1,1,1,2,13,6,1,1,40,2,2,0
5,8,3,2002,3,1,1,2,2,1,1,1,1,1,1,2,1,2,4,6,1,1,33,1,2,0
7,8,6,2002,4,7,1,2,2,2,4,4,2,1,2,2,3,2,9,1,1,1,42,2,2,0
3,3,2,2002,3,1,1,2,2,1,1,1,1,1,1,1,1,2,9,6,1,1,33,2,2,0
3,3,5,2002,4,1,1,2,2,1,2,1,1,1,1,2,1,2,14,6,1,1,33,2,2,1
4,3,1,2002,3,1,1,2,2,1,1,1,1,1,1,1,1,2,14,6,1,1,33,2,2,0
4,3,2,2002,4,1,1,2,2,1,4,1,1,1,1,1,1,2,10,6,1,1,33,1,2,1
7,3,3,2002,4,1,1,2,2,1,2,1,1,1,1,2,1,2,17,6,1,1,24,2,2,3
8,3,1,2002,2,1,1,2,2,1,1,1,1,1,1,3,1,2,9,6,1,1,33,2,2,1
12,3,1,2002,4,1,1,2,2,1,2,1,1,1,1,2,1,2,9,6,1,1,33,1,2,0
12,3,5,2002,2,1,1,2,2,1,1,1,1,1,1,5,1,2,14,6,1,1,30,2,2,0
13,3,3,2002,3,1,1,2,2,1,1,3,1,3,2,4,4,2,8,6,1,1,33,2,2,0
13,3,6,2002,2,1,1,2,2,1,1,1,1,1,1,4,1,2,17,6,1,1,45,2,2,0
7,7,2,2002,4,1,1,2,2,1,4,1,1,1,1,3,1,2,19,6,2,1,27,2,2,0
7,7,3,2002,3,1,1,2,2,1,1,1,1,1,1,3,1,2,9,6,1,1,35,2,2,0
7,7,4,2002,2,1,1,2,2,1,1,1,1,1,1,3,1,2,9,6,1,1,33,2,2,0
7,7,6,2002,4,1,1,2,2,1,2,1,1,1,1,3,1,2,4,5,1,1,33,2,2,0
8,7,3,2002,1,1,5,2,2,1,1,1,1,1,1,1,1,2,8,6,1,1,33,2,2,0
8,7,4,2002,3,1,1,2,2,1,1,1,1,1,1,1,1,2,8,6,1,1,33,2,2,0
1,4,2,2002,3,1,1,2,2,1,1,1,1,1,1,3,1,2,8,6,1,1,40,2,2,0
1,4,2,2002,2,1,1,2,2,1,1,1,1,1,1,2,1,2,9,6,1,1,33,2,2,0
1,4,3,2002,2,1,1,2,2,1,1,1,1,1,1,2,1,2,9,8,1,1,33,2,2,0
1,4,3,2002,3,1,1,2,2,1,1,1,1,1,1,3,1,2,7,6,1,1,33,1,2,0
4,4,5,2002,3,1,1,2,2,1,1,1,1,1,1,3,1,2,9,6,1,1,33,2,2,0
4,4,6,2002,4,1,1,2,2,2,2,1,2,1,1,3,1,2,14,6,1,1,33,2,2,0
2,10,3,2002,3,1,1,2,2,1,1,1,1,1,1,3,1,2,8,6,1,1,29,2,2,1
5,12,7,2002,3,1,1,2,2,1,1,1,1,1,1,3,1,2,14,6,1,1,52,2,2,0
6,15,6,2002,4,1,1,2,2,2,1,3,2,1,1,1,1,1,8,6,1,1,33,2,2,0
6,15,6,2002,3,1,1,2,2,1,2,2,1,1,1,1,1,2,14,6,1,1,33,2,2,3
1,15,6,2002,1,3,1,2,2,1,4,1,1,1,1,1,1,2,13,6,2,1,25,2,2,0
1,14,2,2002,4,1,1,2,2,1,2,2,1,1,1,5,1,1,9,6,1,1,38,2,2,0
1,14,3,2002,4,2,4,2,2,1,1,1,1,1,1,5,1,1,7,6,1,1,33,2,2,0
1,14,4,2002,4,1,1,2,2,1,3,1,1,1,1,5,5,1,4,6,1,1,33,2,2,0
3,14,3,2002,1,3,4,1,2,1,3,1,1,1,1,5,1,1,14,1,2,1,33,1,2,1
3,14,3,2002,3,1,4,2,2,1,1,1,1,1,1,5,1,1,8,6,1,1,33,2,2,0
3,14,4,2002,3,3,1,2,2,1,1,3,1,1,1,5,3,1,12,6,1,1,33,2,2,1
3,14,4,2002,2,1,1,2,2,1,1,1,1,1,1,5,1,1,14,6,2,1,30,2,2,1
2,14,2,2002,3,1,1,2,2,1,1,1,1,1,1,5,1,1,8,6,1,1,33,2,2,1
3,1,8,2002,2,1,1,2,2,1,1,1,1,1,1,1,1,2,7,6,1,1,33,2,2,0
1,1,8,2002,2,1,2,2,2,1,1,3,1,1,1,5,1,1,14,6,1,1,24,2,2,0
4,4,7,2002,3,1,1,2,2,1,1,1,1,1,1,3,1,2,9,6,2,1,33,2,2,0
6,13,7,2002,3,3,1,2,2,2,1,1,2,1,1,2,1,2,9,6,1,1,33,2,2,3
5,13,7,2002,4,1,1,2,2,1,4,1,1,1,1,2,1,2,9,6,1,1,33,2,2,0
10,7,8,2002,2,1,1,2,2,1,1,1,1,1,1,3,1,2,14,6,1,1,33,2,2,0
8,7,8,2002,2,1,1,2,2,1,2,1,1,1,1,3,1,2,13,6,1,1,33,2,2,0
5,12,8,2002,3,1,1,2,2,1,1,2,1,1,1,3,1,2,19,6,1,1,33,2,2,0
3,12,8,2002,4,1,1,2,2,1,4,1,1,1,1,3,1,2,8,6,2,1,50,1,2,1
3,14,7,2002,2,3,1,2,2,1,1,1,1,1,1,5,1,1,4,6,1,1,33,2,2,3
1,14,8,2002,2,5,4,2,2,1,1,1,1,1,1,5,1,1,6,6,1,1,33,2,2,3
5,13,8,2002,2,1,1,2,2,1,1,1,1,1,1,2,1,2,14,6,1,1,33,2,2,0
8,13,8,2002,3,3,4,2,2,1,1,1,1,1,1,1,1,2,14,6,1,1,42,2,2,1
6,13,8,2002,2,1,1,2,2,1,1,1,1,1,1,2,1,2,8,6,2,1,40,1,2,0
1,2,4,2002,4,1,1,2,2,1,2,1,1,1,1,1,1,1,9,6,1,1,33,2,2,0
1,2,7,2002,2,1,1,2,2,1,1,1,1,1,1,1,1,2,6,6,1,1,33,2,2,0
4,4,8,2002,1,1,1,2,2,1,4,2,1,1,1,3,1,2,7,6,1,1,20,2,2,0
1,8,8,2002,2,1,1,2,2,1,1,1,1,1,1,3,1,2,9,6,1,1,33,2,2,1
1,3,8,2002,2,1,1,2,2,1,1,1,1,1,1,1,1,1,8,6,2,1,33,2,2,0
1,2,4,2002,3,1,1,2,2,1,1,1,1,1,1,1,1,2,8,6,1,1,33,2,2,1
4,2,2,2002,3,1,1,2,2,1,1,1,1,1,1,3,1,1,8,6,1,1,32,2,2,0
4,2,3,2002,3,1,1,2,2,1,1,1,1,1,1,3,1,2,8,6,1,1,32,2,2,3
1,2,4,2002,2,1,1,2,2,1,1,1,1,1,1,3,1,2,15,6,2,1,30,2,2,0
3,6,8,2002,1,1,1,2,2,1,1,1,1,1,1,1,1,2,7,6,1,1,28,2,2,0
1,2,8,2002,2,1,1,2,2,1,1,1,1,1,1,3,1,2,8,6,2,1,33,2,2,0
4,2,9,2002,2,1,1,2,2,1,1,1,1,1,1,3,1,2,8,6,2,7,33,2,2,1
6,7,8,2002,4,1,1,2,2,1,4,1,1,1,1,3,1,2,4,6,1,1,33,2,2,1
7,7,9,2002,2,1,1,2,2,1,1,1,1,1,1,3,1,2,7,6,1,1,33,2,2,0
7,7,9,2002,3,1,1,2,2,1,1,1,1,1,1,3,1,2,4,6,1,1,33,2,2,0
3,14,9,2002,3,1,1,2,2,1,1,1,1,1,1,5,1,1,10,6,1,1,33,2,2,1
1,12,9,2002,3,1,1,2,2,2,1,2,2,1,1,2,1,1,14,6,1,1,33,2,2,0
1,14,9,2002,2,6,1,2,2,1,1,1,1,1,1,5,1,1,4,6,1,1,33,1,2,1
1,14,9,2002,3,1,1,2,2,1,1,1,1,1,1,5,1,1,4,6,1,1,33,1,2,1
1,14,9,2002,3,1,1,2,2,1,1,1,1,1,1,5,1,1,10,6,1,1,22,2,2,0
2,14,9,2002,4,1,1,2,2,1,3,1,1,1,1,5,1,1,14,6,1,1,33,2,2,0
3,4,9,2002,2,1,1,2,2,1,1,1,1,1,1,3,1,2,9,6,1,1,40,2,2,0
6,4,10,2002,2,1,1,2,2,1,1,1,1,1,1,1,1,2,14,6,1,1,35,2,2,0
3,15,8,2002,3,1,1,2,2,1,1,1,1,1,1,3,1,2,19,6,1,1,25,2,2,0
1,15,8,2002,3,1,1,2,2,1,1,1,1,1,1,1,1,2,13,6,1,1,33,1,2,0
3,15,8,2002,1,1,1,2,2,1,4,1,1,1,1,1,1,2,10,6,1,1,33,2,2,0
5,15,7,2002,3,1,1,2,2,1,1,1,1,1,1,3,1,2,7,6,1,1,33,2,2,0
1,15,9,2002,2,3,1,2,2,1,1,1,1,1,1,1,1,2,4,6,1,1,30,1,2,0
1,2,10,2002,3,1,1,2,2,1,1,1,1,1,1,3,1,2,19,1,1,1,33,2,2,0
5,2,10,2002,2,1,1,2,2,1,1,1,1,1,3,1,2,1,17,6,1,1,26,2,2,0
3,15,9,2002,2,1,1,2,2,1,1,1,1,1,1,3,1,2,9,6,1,1,33,2,2,0
3,14,10,2002,2,3,4,2,2,1,1,1,1,1,1,5,1,1,7,6,1,1,33,2,2,1
4,14,10,2002,3,1,1,2,2,1,1,1,1,1,1,2,1,1,4,6,1,1,17,2,2,0
5,15,7,2002,1,1,1,2,2,1,4,2,2,2,1,3,1,2,14,6,1,1,33,2,2,0
1,15,7,2002,4,1,1,2,2,1,4,2,1,1,1,1,1,2,14,6,1,1,35,2,2,0
1,15,7,2002,1,1,1,2,2,1,2,1,1,1,1,1,5,1,10,6,1,1,33,2,2,0
10,3,8,2002,3,1,1,2,2,1,2,1,2,1,1,1,1,2,14,6,1,1,33,2,2,0
7,3,9,2002,3,3,1,2,2,1,1,1,1,1,1,2,1,1,9,1,1,1,35,1,2,1
7,13,9,2002,3,1,4,2,2,1,1,1,1,1,1,2,2,1,9,6,1,1,42,2,2,1
5,13,9,2002,2,1,1,2,2,1,1,1,1,1,1,2,1,2,9,6,1,1,42,2,2,0
8,13,10,2002,2,1,1,2,2,2,1,1,2,1,1,1,1,2,14,6,1,1,40,2,2,3
5,12,11,2002,3,1,1,2,2,1,1,1,1,1,1,3,1,2,14,6,1,1,33,2,2,0
5,13,10,2002,3,1,1,2,1,2,1,1,2,1,1,2,1,2,9,6,1,1,33,1,2,1
3,13,10,2002,3,1,1,2,2,1,1,2,1,1,1,3,1,2,9,6,1,1,29,2,2,0
1,12,11,2002,1,1,1,2,2,1,2,3,1,1,1,3,1,2,14,6,1,1,33,2,2,1
8,7,11,2002,1,1,1,2,2,1,1,1,1,1,1,1,1,2,8,6,1,1,33,2,2,0
1,4,10,2002,3,1,1,2,2,1,2,2,1,1,1,3,1,2,8,6,1,1,55,2,2,1
4,4,10,2002,2,1,3,2,2,4,2,1,1,1,1,3,1,2,9,6,1,1,33,2,2,0
3,8,10,2002,3,1,1,2,2,1,1,1,1,1,1,1,1,2,14,6,1,1,33,2,2,0
4,8,10,2002,2,1,1,2,1,1,1,1,1,1,1,1,1,1,9,6,1,1,33,2,2,0
3,8,10,2002,3,1,1,2,2,1,1,1,1,1,1,1,1,2,4,6,1,1,40,2,1,0
3,14,11,2002,1,1,1,2,2,1,3,1,1,1,1,5,1,1,14,6,1,1,45,2,2,1
4,14,11,2002,2,1,1,2,2,1,1,1,1,1,1,5,1,2,14,6,1,1,32,2,2,0
5,13,11,2002,1,1,1,2,1,4,2,1,1,1,1,2,1,2,9,6,1,1,33,1,2,1
6,13,11,2002,2,1,1,2,2,1,1,1,1,1,3,2,2,1,14,6,1,1,45,2,2,0
3,13,11,2002,4,1,5,2,1,2,1,1,1,1,3,1,2,1,8,6,1,1,35,2,2,0
6,13,5,2002,4,1,1,2,2,1,2,1,1,1,1,3,1,2,7,6,1,1,33,2,2,0
6,13,11,2002,2,1,1,2,2,1,1,1,1,1,1,2,1,2,14,5,1,1,33,1,2,0
5,10,4,2002,3,1,1,2,2,1,1,1,1,1,1,3,1,2,14,11,1,1,33,2,2,0
5,10,4,2002,3,1,3,2,2,1,1,1,1,1,1,3,1,1,10,6,1,1,33,2,2,0
5,10,11,2002,2,1,1,2,2,1,1,2,1,1,1,3,1,1,9,6,1,1,33,2,2,0
2,10,8,2002,3,2,1,2,2,1,1,1,1,1,1,3,1,2,8,6,2,1,40,2,2,1
2,10,9,2002,2,1,1,2,2,1,1,1,1,1,1,3,1,2,8,6,2,1,32,2,2,0
2,10,10,2002,2,1,1,2,2,1,1,1,1,1,1,3,4,2,8,6,1,4,33,1,2,0
1,10,1,2002,4,2,1,2,2,1,3,1,1,1,1,3,1,1,14,6,1,1,40,2,2,0
1,10,3,2002,3,1,1,2,2,1,1,1,1,1,1,3,1,2,6,6,1,1,33,2,2,0
3,10,5,2002,3,1,1,2,2,1,1,1,1,1,1,2,1,2,8,6,1,1,33,2,2,0
3,10,9,2002,3,1,1,2,2,1,1,1,1,1,1,2,1,2,13,6,1,1,35,2,2,0
3,6,11,2002,3,1,1,2,2,1,1,1,1,1,1,2,1,2,9,6,1,1,33,2,2,0
1,17,7,2002,3,1,1,2,2,1,1,1,1,1,1,1,1,2,14,6,1,1,33,2,2,0
1,17,2,2002,1,1,1,2,2,1,1,1,1,1,1,1,4,2,14,6,1,1,33,2,2,0
1,17,2,2002,2,1,1,2,2,1,1,1,1,1,1,1,1,2,7,6,1,1,30,2,2,0
1,17,8,2002,3,1,1,2,2,1,1,1,1,1,1,1,1,2,9,6,1,1,32,2,2,0
1,17,8,2002,2,1,1,2,2,1,1,1,1,1,1,1,1,1,14,6,1,1,33,2,2,0
1,17,9,2002,4,1,1,2,2,1,3,1,1,1,1,1,1,2,4,1,1,1,33,2,2,0
1,17,9,2002,2,1,1,2,2,1,4,1,1,1,1,1,4,2,9,6,1,1,33,2,2,0
1,17,10,2002,2,1,1,2,2,1,1,1,1,1,1,1,1,2,8,6,1,1,22,2,2,0
7,9,11,2002,3,3,3,2,2,1,1,1,1,1,1,1,1,2,10,6,1,1,33,1,2,0
5,9,5,2002,3,1,1,2,2,1,1,1,1,1,1,3,1,2,6,6,1,1,25,2,2,0
5,9,10,2002,2,1,1,2,2,1,1,1,1,1,1,3,1,2,8,6,1,1,33,2,2,0
3,9,10,2002,3,3,1,2,2,1,1,1,1,1,1,3,1,2,4,6,2,1,30,2,2,0
9,9,8,2002,2,1,1,2,2,1,2,1,1,1,1,3,4,1,14,6,1,1,40,2,2,0
1,17,10,2002,3,1,1,2,2,1,4,2,1,3,2,5,1,2,14,2,1,1,33,2,2,0
2,17,2,2002,2,1,2,2,2,1,1,1,1,1,1,3,1,2,7,6,1,1,35,2,2,1
1,17,3,2002,2,1,1,2,2,1,1,1,1,1,1,1,1,2,14,6,1,7,38,2,2,0
1,17,3,2002,3,1,1,2,2,1,1,1,1,1,1,1,1,1,9,6,1,1,33,2,2,0
7,17,6,2002,4,1,1,2,2,2,2,1,2,1,1,1,1,2,14,6,1,1,33,2,2,0
7,17,6,2002,2,1,1,2,2,1,3,1,1,1,1,1,1,2,7,6,1,1,33,2,2,1
7,17,8,2002,2,1,1,2,2,1,1,1,1,1,1,3,1,2,13,6,1,1,33,2,2,0
7,17,8,2002,2,1,1,2,2,1,1,1,1,1,1,1,1,2,9,6,1,1,40,2,2,0
7,17,9,2002,3,2,1,2,2,2,1,1,2,1,1,1,1,1,9,6,1,1,33,2,2,0
7,17,9,2002,4,1,1,2,2,1,2,1,1,1,1,1,1,2,9,6,1,1,33,1,2,0
7,17,10,2002,2,1,1,2,2,1,1,2,1,1,1,1,1,1,9,6,1,1,33,2,2,0
1,17,4,2002,2,1,1,2,2,1,1,1,1,1,1,1,1,2,9,6,1,1,28,2,2,3
1,17,4,2002,2,1,8,2,2,1,1,1,1,1,1,1,4,2,7,6,1,1,30,2,2,0
9,17,7,2002,2,1,1,1,2,1,1,1,1,1,1,4,1,2,8,6,1,1,33,2,2,0
1,17,6,2002,2,1,1,2,2,1,1,1,1,1,1,1,4,2,14,6,1,1,35,2,2,0
1,17,7,2002,4,1,1,2,2,1,3,2,1,1,1,4,4,1,9,2,1,1,33,2,2,0
5,17,3,2002,2,1,1,2,2,1,1,1,1,1,1,4,1,2,14,6,1,1,35,2,2,0
5,17,3,2002,3,1,3,2,2,1,1,1,1,1,1,4,1,2,19,6,1,1,22,2,2,0
10,17,6,2002,1,1,1,2,2,1,4,2,1,1,1,1,1,2,9,6,2,6,33,1,2,1
10,17,3,2002,3,1,4,2,2,1,1,1,1,1,1,1,1,2,9,6,1,1,33,2,2,0
4,17,6,2002,2,1,1,2,2,2,1,2,2,1,1,4,1,2,9,3,1,1,25,2,2,0
4,17,6,2002,2,1,1,2,2,1,1,1,1,1,1,4,1,2,14,6,1,1,33,2,2,0
4,17,2,2002,3,1,1,2,2,1,1,1,1,1,1,3,1,2,8,6,1,1,27,2,2,0
8,17,3,2002,4,1,1,2,2,1,2,1,1,1,1,3,1,2,19,6,2,1,35,2,2,1
8,17,5,2002,3,1,1,2,2,1,1,1,1,1,1,1,2,2,19,6,2,1,33,2,2,0
8,17,9,2002,2,1,1,2,2,1,1,1,1,1,1,1,2,2,19,6,1,1,30,2,2,0
10,17,2,2002,4,1,1,2,2,1,1,1,1,1,1,1,1,2,8,6,1,1,33,2,2,0
10,17,10,2002,4,1,1,2,2,1,2,1,1,1,1,1,1,2,9,6,1,1,33,2,2,0
10,17,3,2002,2,1,3,2,2,1,1,1,1,1,1,1,1,2,8,6,1,1,33,2,2,1
10,17,3,2002,2,1,3,2,2,1,1,2,1,1,1,1,1,2,14,6,1,1,33,2,2,0
10,17,3,2002,2,1,1,2,2,1,1,1,1,1,1,3,1,2,14,6,1,1,33,2,2,0
10,17,7,2002,2,1,1,2,2,1,1,2,1,1,1,1,1,2,9,6,1,1,33,2,2,1
10,17,8,2002,3,1,1,2,2,1,1,1,1,1,1,1,1,2,14,6,1,1,33,2,2,0
3,17,4,2002,1,1,1,2,1,1,2,1,1,1,1,1,1,2,14,6,2,1,33,2,2,0
3,17,2,2002,1,1,8,2,2,1,1,1,1,1,1,1,1,2,14,6,1,1,33,1,2,0
3,17,4,2002,2,1,1,2,2,1,1,1,1,1,1,2,1,2,14,6,1,1,35,2,2,0
3,17,3,2002,3,1,1,2,2,1,1,1,1,1,1,4,1,2,14,6,1,1,32,2,2,0
3,17,4,2002,2,1,8,2,2,1,1,2,1,1,2,4,1,2,19,6,2,1,35,2,2,0
3,17,4,2002,2,1,1,2,2,1,1,2,1,1,1,1,1,2,9,6,1,1,32,1,2,0
3,17,5,2002,1,3,1,2,1,1,2,1,1,1,1,1,1,2,14,6,1,1,33,2,2,0
3,17,6,2002,3,1,1,2,2,1,1,1,1,1,1,3,1,2,8,6,1,1,38,2,2,0
3,17,6,2002,4,1,1,2,2,1,4,1,1,1,1,3,1,2,14,6,1,1,33,2,2,0
3,17,8,2002,3,1,3,2,1,1,1,1,1,1,1,1,1,2,9,6,1,1,32,2,2,0
3,17,9,2002,3,3,1,2,2,2,1,1,1,1,1,1,1,1,8,6,1,1,35,2,2,0
3,17,10,2002,2,1,1,2,2,1,1,1,1,1,1,1,1,2,9,6,1,1,33,2,2,0
6,13,12,2002,2,1,1,2,2,1,1,1,1,1,1,2,1,2,9,6,1,1,33,2,2,0
4,9,8,2002,2,1,1,2,2,1,1,1,1,1,1,2,1,2,9,6,1,1,33,2,2,1
6,3,11,2002,3,1,1,2,2,1,1,1,1,1,1,2,1,2,14,6,1,1,40,1,2,0
4,3,11,2002,1,1,1,2,2,1,2,1,1,1,1,1,1,2,14,6,2,1,30,2,2,0
4,3,10,2002,3,1,1,2,2,1,1,1,1,1,1,1,1,2,8,6,1,1,30,2,2,0
7,9,7,2002,3,1,1,2,2,2,1,1,3,1,1,1,1,2,9,11,1,7,33,2,2,3
2,9,8,2002,4,1,1,2,2,1,2,1,1,1,1,2,1,2,14,6,1,1,33,2,2,0
2,9,10,2002,3,1,1,2,2,1,1,1,1,1,1,3,1,2,8,6,1,1,35,2,2,0
2,9,6,2002,2,1,1,2,2,1,2,1,1,1,1,2,2,1,9,6,1,1,42,1,2,0
4,9,11,2002,4,1,1,2,2,1,1,1,1,1,2,2,1,1,9,6,1,1,33,2,2,1
4,9,8,2002,2,1,1,2,2,1,4,1,1,1,1,2,1,2,19,6,1,1,33,2,2,0
4,8,12,2002,3,1,1,2,2,1,1,1,1,1,1,1,1,1,9,5,1,1,33,2,2,0
1,8,12,2002,2,1,1,2,2,4,2,3,1,1,2,3,1,2,9,6,1,1,33,2,2,0
1,9,9,2002,2,1,1,2,2,1,1,1,1,1,1,1,1,2,9,6,1,1,33,2,1,1
5,9,4,2002,2,1,1,2,2,1,1,1,1,1,1,3,1,2,14,6,2,3,35,1,2,0
5,9,8,2002,2,1,1,2,2,2,1,1,2,1,1,3,1,2,14,6,1,1,29,2,2,0
6,5,3,2002,3,1,1,2,2,1,1,1,1,1,1,1,1,1,9,6,1,1,33,2,2,0
6,5,4,2002,1,1,1,2,2,1,1,1,1,1,1,1,1,2,14,6,1,1,33,2,2,0
6,5,5,2002,1,1,1,2,2,1,2,1,1,1,1,1,1,2,14,6,2,1,33,2,2,0
6,5,5,2002,4,1,1,2,2,1,2,2,1,1,1,1,1,2,14,1,1,1,33,2,2,0
6,5,6,2002,2,1,1,2,2,1,4,1,1,1,1,1,2,2,14,6,1,1,33,2,2,0
6,5,7,2002,2,1,1,2,2,1,1,1,2,1,1,1,1,2,9,6,1,7,37,2,2,1
7,5,7,2002,3,1,1,2,2,2,1,1,2,1,1,3,1,2,15,6,2,1,33,1,2,0
6,5,8,2002,4,1,1,2,2,1,3,1,1,1,1,1,1,2,7,4,1,1,32,2,1,0
6,5,9,2002,2,1,1,2,2,1,1,1,1,1,1,3,1,2,11,6,1,1,18,2,2,0
6,5,10,2002,3,1,1,2,2,1,1,1,1,1,1,1,1,2,9,6,1,1,40,2,2,0
6,5,10,2002,1,1,1,2,2,1,3,1,1,1,1,1,1,2,9,5,1,1,37,1,2,0
6,5,10,2002,3,1,1,2,2,2,2,2,1,1,1,1,2,2,12,6,1,1,33,2,1,1
6,5,11,2002,3,1,1,1,2,1,1,1,1,2,1,3,1,2,14,6,1,1,33,2,2,0
6,5,11,2002,4,1,1,2,2,2,2,1,2,1,2,1,2,2,14,1,1,1,33,2,2,1
6,5,12,2002,3,1,1,2,2,1,3,1,1,1,1,1,1,2,9,6,1,1,33,2,2,0
6,5,12,2002,2,4,1,2,2,1,1,1,1,1,1,1,1,2,9,6,1,1,33,1,2,0
5,5,2,2002,4,1,1,2,2,1,2,1,1,1,1,4,1,2,17,6,1,1,45,2,2,0
5,5,2,2002,4,1,1,2,2,4,4,1,2,1,1,1,1,2,14,1,1,1,33,2,2,0
5,5,3,2002,2,1,2,2,2,1,1,1,1,1,1,1,1,2,9,6,1,1,45,2,2,0
5,5,3,2002,2,1,1,2,2,1,2,1,1,1,1,1,1,1,9,8,1,1,33,2,2,3
5,5,3,2002,2,1,2,2,2,1,2,5,1,1,1,1,4,1,14,6,1,1,33,2,2,2
5,5,4,2002,2,1,1,2,2,1,1,1,1,1,1,4,1,2,5,6,1,1,33,2,2,0
5,5,4,2002,3,1,1,2,1,1,2,1,1,1,1,1,2,2,14,6,1,1,33,2,2,0
5,5,5,2002,3,1,1,2,1,1,2,1,1,1,1,1,1,2,14,6,1,1,33,2,2,0
5,5,6,2002,1,1,1,2,1,1,2,1,1,1,1,1,1,2,9,6,1,1,30,2,2,0
5,5,7,2002,3,1,1,2,1,1,4,1,2,1,1,1,1,2,9,6,1,1,35,2,2,0
5,5,8,2002,4,1,1,2,2,1,3,1,1,1,1,1,1,2,9,6,1,1,45,2,2,1
5,5,9,2002,4,1,1,2,2,1,2,1,1,3,1,4,1,2,9,6,1,7,25,2,2,0
5,5,10,2002,3,1,1,2,2,1,1,1,1,1,1,1,1,2,7,6,1,1,33,2,2,0
5,5,11,2002,3,1,1,2,2,1,1,1,1,1,1,1,1,1,14,6,1,1,33,2,2,1
5,5,11,2002,3,1,1,2,2,1,1,1,1,3,1,4,1,2,14,6,1,1,33,2,2,0
5,5,12,2002,3,1,1,2,2,1,1,1,1,1,1,4,1,2,9,6,1,7,35,2,2,0
7,3,12,2002,3,1,1,2,2,1,1,1,1,1,1,3,1,2,19,6,1,1,33,1,2,0
2,5,5,2002,3,4,1,2,2,1,1,1,1,1,1,2,1,2,13,6,1,1,32,1,2,3
4,12,12,2002,2,1,8,2,2,1,1,1,1,1,1,3,1,2,9,6,1,1,33,2,2,0
5,12,12,2002,2,1,3,2,2,4,1,1,1,1,1,3,1,2,8,6,1,1,32,2,2,1
5,3,12,2002,4,1,1,1,2,1,2,2,1,1,1,2,1,2,12,1,1,1,33,2,2,0
4,5,2,2002,2,1,3,2,2,1,1,1,1,1,1,1,1,2,8,6,1,1,33,2,2,0
4,5,3,2002,1,1,1,1,2,1,1,1,1,1,1,1,1,2,13,6,1,1,33,2,2,0
4,5,10,2002,4,1,1,1,2,1,1,1,1,1,1,1,1,2,9,6,1,1,33,2,2,0
4,5,9,2002,3,2,1,2,2,1,1,1,1,1,1,1,1,2,10,6,1,1,33,1,2,0