Thana,District,Month,Year,Time,Junction_Type,Traffic_Control,Movement,Divider,Weather,Light,Road_Geometry,Surface_Condition,Surface_Type,Surface_Quality,Road_Class,Road_Feature,Location_Type,Vehicle_Type,Vehicle_Movement,Vehicle_Loading,Vehicle_Defect,Vehicle_Driver_Age,Vehicle_Alcohol,Vehicle_Seat_Belt,Accident_Severity
4,5,12,2002,3,1,1,2,2,1,1,1,1,1,1,1,1,2,8,6,1,1,45,1,2,0
1,5,3,2002,2,1,1,2,2,1,1,1,1,1,1,1,1,1,14,6,1,1,33,1,2,0
1,5,3,2002,1,1,1,2,2,1,2,1,1,1,1,1,1,2,9,6,1,1,35,2,2,0
1,5,4,2002,4,1,1,2,2,1,1,1,1,1,1,1,1,1,11,6,1,1,33,2,2,0
1,5,4,2002,3,2,1,2,2,1,1,1,1,1,1,1,1,1,9,6,1,1,33,2,2,0
1,5,4,2002,3,1,1,2,2,1,1,1,1,1,1,2,1,1,7,6,1,1,33,1,2,0
4,10,12,2002,2,1,1,2,2,4,1,2,1,1,2,2,2,2,13,1,1,1,33,2,2,1
5,4,12,2002,2,1,1,2,2,1,1,1,1,3,2,4,4,2,14,7,1,1,40,2,2,0
3,14,12,2002,2,4,4,2,2,1,1,1,1,1,1,5,1,2,16,6,1,1,33,2,2,0
8,5,2,2002,1,1,1,2,2,1,2,1,1,1,1,1,1,1,10,6,1,1,33,2,2,1
8,5,3,2002,1,1,1,2,2,1,2,1,1,1,1,1,1,2,14,1,1,1,33,2,2,0
8,5,4,2002,1,1,1,1,2,1,1,1,1,1,1,1,1,2,12,6,1,1,33,2,2,0
8,5,5,2002,3,1,1,2,2,1,1,1,1,1,1,1,1,1,7,6,1,1,33,2,2,1
8,5,5,2002,4,1,1,2,2,1,2,1,1,1,1,1,1,2,7,6,1,1,33,2,2,0
8,5,6,2002,4,1,1,2,2,1,1,1,1,1,1,1,1,2,14,6,2,1,33,2,2,0
8,5,7,2002,2,1,1,1,2,4,1,1,2,1,1,1,1,2,14,6,1,1,33,2,2,0
8,5,12,2002,3,1,1,2,2,1,1,4,1,1,1,1,1,1,9,6,1,1,33,2,2,1
1,15,12,2002,2,2,4,2,2,1,1,1,1,1,1,5,1,1,8,6,1,1,40,1,2,0
1,15,12,2002,2,1,1,2,1,4,2,1,1,1,1,5,1,1,14,6,1,1,33,2,2,2
6,15,12,2002,3,1,2,2,2,1,1,1,1,1,1,1,1,2,9,6,1,1,33,2,2,0
6,15,12,2002,3,1,1,2,2,1,1,1,1,1,1,1,1,2,13,5,1,1,33,2,2,1
6,15,12,2002,4,1,1,2,2,1,2,3,1,3,2,1,4,2,14,6,1,1,33,2,2,0
2,15,12,2002,3,1,1,2,2,1,1,1,1,1,1,3,1,1,8,6,1,1,45,2,2,3
5,15,12,2002,2,1,1,2,2,1,2,1,1,1,1,3,1,2,13,6,1,1,32,2,2,0
5,15,12,2002,3,1,1,2,2,1,1,1,1,1,1,3,1,2,8,6,1,1,33,2,2,0
1,15,11,2002,1,1,1,2,1,4,2,1,1,1,1,1,5,1,14,6,1,1,35,2,2,2
6,15,11,2002,1,1,1,2,2,1,4,2,1,1,2,1,1,2,14,6,1,1,33,2,2,0
10,9,1,2002,3,2,1,2,2,1,1,1,1,1,1,1,1,2,14,6,1,1,33,2,2,0
10,9,1,2002,3,1,1,2,2,1,1,1,1,1,1,1,1,2,9,6,1,1,33,2,2,0
10,9,3,2002,3,1,1,2,2,1,1,1,1,1,1,1,1,2,14,6,1,1,40,2,2,0
10,9,3,2002,3,1,1,2,2,1,1,2,1,1,1,1,1,2,9,2,1,1,38,2,2,0
10,9,5,2002,4,1,1,2,2,1,1,1,1,1,1,1,1,2,9,11,2,1,33,1,2,0
10,9,9,2002,2,1,1,2,2,1,1,1,1,1,1,1,1,2,14,6,1,1,38,2,2,0
10,9,9,2002,3,1,1,2,2,1,1,1,1,1,1,2,4,2,8,5,1,1,34,2,2,3
10,9,10,2002,2,1,1,2,1,2,1,2,1,1,2,1,1,2,9,2,1,1,45,2,2,0
10,9,11,2002,1,1,6,2,2,4,4,1,1,1,1,1,1,2,14,6,1,2,42,2,2,1
10,9,3,2002,3,1,1,2,2,1,1,1,1,1,1,1,2,2,14,6,1,1,39,2,2,1
10,9,10,2002,3,1,1,2,2,1,2,1,1,1,1,1,1,1,14,6,1,2,33,2,2,0
10,9,12,2002,1,1,1,2,2,1,4,1,1,1,1,1,1,1,14,6,1,1,33,1,2,0
6,9,3,2002,2,1,1,2,2,1,1,1,1,1,1,2,1,2,4,6,1,1,33,2,2,1
6,9,7,2002,3,1,8,2,2,1,1,1,1,1,1,3,1,2,9,6,1,1,33,2,2,0
6,9,8,2002,3,1,8,2,2,1,1,1,1,1,1,2,1,2,14,6,1,1,33,2,2,3
6,9,12,2002,4,1,1,2,2,1,4,1,1,1,1,1,1,2,14,6,1,1,33,2,2,0
2,9,2,2002,3,1,1,2,2,1,1,1,1,1,1,2,1,2,13,6,1,1,30,1,2,1
3,17,12,2002,4,4,8,2,2,4,4,1,1,1,1,3,1,2,9,6,1,1,33,2,2,1
7,17,11,2002,2,1,1,1,2,1,1,1,1,1,1,1,1,2,4,4,1,1,33,2,2,0
10,17,11,2002,3,1,1,2,2,1,1,1,1,1,2,3,1,2,9,6,2,1,38,2,2,3
10,17,11,2002,3,1,3,2,2,1,1,1,1,1,1,1,1,1,14,2,1,1,33,1,2,0
8,17,11,2002,3,1,1,2,2,1,1,1,1,1,1,3,1,2,14,2,1,1,33,1,2,0
1,17,9,2002,5,1,1,2,2,1,2,1,1,1,1,1,1,1,14,6,1,1,33,1,2,0
1,17,11,2002,3,7,8,2,2,1,1,1,1,1,1,1,1,2,10,9,1,7,33,2,2,3
1,6,3,2002,3,1,1,2,2,1,1,1,1,1,1,1,1,2,8,5,1,1,40,2,2,0
1,6,10,2002,3,1,1,2,2,1,1,1,1,1,1,1,1,2,8,5,1,1,33,2,2,0
2,6,5,2002,4,1,1,2,2,1,1,1,1,1,1,3,1,2,14,6,1,1,33,2,2,0
2,6,8,2002,2,1,1,2,2,1,1,1,1,1,1,4,1,2,17,6,1,1,22,2,2,0
2,6,10,2002,3,1,1,2,2,1,1,1,1,1,1,1,1,2,14,6,1,1,33,2,2,0
3,6,12,2002,3,1,1,2,2,1,1,2,1,1,1,1,1,2,7,6,1,1,33,2,2,0
10,16,2,2002,3,1,3,2,2,1,1,1,1,1,1,1,1,2,10,6,1,1,33,2,2,0
10,16,4,2002,3,3,3,2,1,1,1,1,1,1,1,1,1,2,9,11,1,7,42,2,2,0
10,16,5,2002,1,2,1,2,2,1,4,1,1,1,1,1,5,2,9,6,1,3,33,2,2,1
10,16,6,2002,4,5,1,2,1,1,2,2,1,1,1,1,1,2,9,1,1,1,45,2,2,1
10,16,7,2002,1,1,1,2,2,1,4,1,1,1,1,1,1,2,14,6,1,1,45,2,2,0
10,16,7,2002,3,2,1,2,2,1,1,1,1,1,1,1,1,2,4,6,1,1,34,2,1,0
10,16,7,2002,3,1,3,2,2,1,4,1,1,1,1,1,1,2,14,6,1,1,33,2,2,0
10,16,7,2002,4,1,1,2,1,1,1,1,1,1,1,1,1,2,14,6,1,1,40,2,1,0
10,16,8,2002,3,1,3,2,2,1,1,1,1,1,1,1,1,2,6,4,1,1,33,2,2,0
10,16,9,2002,1,2,1,2,2,1,1,1,1,1,1,1,3,2,9,6,1,1,33,2,2,0
10,16,9,2002,4,1,1,2,2,1,2,1,1,1,1,1,1,2,9,2,1,1,35,2,2,1
10,16,9,2002,2,1,3,2,2,1,1,1,1,1,1,1,2,2,14,6,1,1,33,2,2,0
10,16,11,2002,4,1,1,2,1,1,4,1,1,1,1,1,1,2,14,1,1,1,40,2,2,1
10,16,11,2002,1,1,1,2,2,1,4,1,1,1,1,1,3,2,14,1,2,1,60,2,2,0
10,16,12,2002,2,2,1,2,2,1,4,1,1,1,1,1,1,2,14,6,2,1,45,2,2,0
10,16,12,2002,4,1,1,2,1,1,3,1,1,1,1,1,1,2,7,6,1,1,33,2,2,3
5,16,12,2002,2,1,1,1,2,1,1,3,1,1,1,3,1,2,9,6,1,1,33,2,2,0
12,16,7,2002,3,1,1,2,2,2,1,1,1,1,1,3,1,2,19,11,1,1,22,2,2,0
4,16,8,2002,2,2,1,2,2,1,1,1,1,1,1,3,1,2,9,6,2,1,33,2,2,0
1,16,5,2002,4,1,8,2,2,1,3,1,1,1,1,5,1,1,7,6,1,1,33,2,2,0
1,16,6,2002,3,1,1,2,2,1,1,1,1,1,1,3,1,1,8,6,1,1,35,2,2,0
1,16,7,2002,3,1,1,2,2,2,1,1,2,1,1,3,1,2,8,6,1,1,32,2,2,0
1,16,7,2002,2,1,1,1,2,1,2,1,1,1,1,2,1,2,14,6,1,1,45,2,2,0
1,16,8,2002,3,1,1,2,2,1,1,1,1,1,1,3,1,2,8,6,1,1,33,2,2,0
1,16,8,2002,2,1,1,2,2,1,1,1,1,1,1,3,1,2,8,6,1,1,36,2,2,0
1,16,10,2002,3,1,1,2,2,1,1,1,1,1,1,3,1,2,8,6,1,1,34,2,2,0
1,16,10,2002,3,1,1,2,2,1,2,2,1,1,1,3,1,2,14,6,1,1,33,2,2,0
1,16,10,2002,3,1,1,2,2,1,1,1,1,1,1,3,1,2,9,6,1,1,39,2,2,0
1,16,11,2002,3,1,1,2,2,1,1,1,1,1,1,3,1,2,14,6,1,1,38,2,2,0
1,16,11,2002,3,1,1,2,2,1,1,1,1,1,1,3,1,1,8,6,1,1,35,2,2,0
1,16,12,2002,3,1,1,1,2,1,1,1,1,1,1,3,1,2,14,6,1,1,48,2,2,0
2,16,2,2002,4,7,1,2,2,1,4,1,1,1,1,4,4,2,9,6,1,1,33,2,2,0
2,16,4,2002,2,1,1,2,2,1,1,1,1,1,2,4,4,2,12,11,2,1,33,2,2,0
2,16,4,2002,3,1,1,2,2,1,1,1,1,1,2,3,1,2,9,11,1,7,33,2,2,0
8,16,3,2002,2,1,1,1,2,1,1,1,1,1,1,3,1,2,14,2,1,1,42,2,2,3
8,16,11,2002,4,1,1,2,2,1,2,1,1,1,1,3,1,2,8,6,1,1,33,2,2,0
8,16,12,2002,2,2,1,2,2,4,2,1,1,1,3,3,1,2,14,6,1,1,33,2,2,0
8,16,12,2002,3,3,1,2,2,1,2,2,1,1,1,4,3,2,19,1,2,2,33,2,2,0
9,16,2,2002,3,1,1,2,2,1,1,1,1,1,1,5,1,2,9,6,1,1,33,2,2,0
9,16,6,2002,4,1,1,2,2,1,4,1,1,1,1,1,1,2,14,6,1,1,40,2,2,0
9,16,8,2002,3,1,1,2,2,1,1,1,1,1,2,1,1,2,9,6,1,1,33,2,2,0
9,16,8,2002,3,1,1,2,2,1,1,1,1,1,1,1,1,2,9,6,1,1,35,2,2,0
9,16,10,2002,3,1,1,2,2,1,1,1,1,1,1,1,1,2,10,6,1,1,33,2,2,1
9,16,11,2002,3,1,1,2,2,1,1,1,1,1,1,1,1,2,14,6,1,1,33,2,2,0
9,16,11,2002,2,1,1,2,2,1,1,1,1,1,1,1,1,2,14,6,1,1,33,2,2,0
9,16,12,2002,3,1,1,2,2,1,1,1,1,1,1,1,1,2,14,6,1,1,33,2,2,1
9,16,12,2002,2,1,1,2,2,1,1,1,1,1,1,1,1,2,14,6,1,1,35,2,2,1
6,16,2,2002,4,1,1,2,2,1,4,1,1,1,1,1,1,2,9,6,1,1,33,2,2,0
6,16,5,2002,3,1,1,2,2,1,1,2,1,1,1,1,2,2,11,1,1,1,35,2,2,1
6,16,9,2002,4,1,1,2,2,1,2,1,1,1,1,1,1,2,9,6,1,1,33,2,2,0
6,16,11,2002,4,1,2,2,1,1,4,1,1,1,2,1,1,2,14,6,1,1,32,2,2,0
11,16,1,2002,1,1,1,2,2,1,1,1,1,1,1,1,1,2,9,6,1,1,33,2,2,0
11,16,3,2002,3,1,1,2,2,1,1,1,1,1,1,1,1,2,7,6,1,1,33,2,2,0
11,16,4,2002,2,1,1,2,2,1,2,1,1,1,1,1,1,2,14,6,1,1,38,1,2,0
11,16,5,2002,2,1,1,2,2,1,2,4,1,1,1,1,1,2,7,6,1,1,33,2,2,0
11,16,6,2002,1,1,3,2,2,1,4,1,1,1,1,1,1,2,14,6,1,1,33,2,2,0
11,16,8,2002,3,1,1,2,2,1,1,1,1,1,1,1,1,2,14,4,1,1,33,2,2,0
11,16,8,2002,4,1,1,1,2,1,3,1,1,1,2,1,1,2,10,6,1,1,33,2,2,0
11,16,9,2002,3,1,1,2,2,1,1,1,1,1,1,1,1,2,9,6,1,1,33,1,2,0
11,16,9,2002,3,1,1,1,2,1,1,1,1,1,1,3,1,2,19,6,1,1,33,2,2,0
11,16,9,2002,1,1,1,2,2,1,1,1,1,1,1,1,1,2,9,6,1,1,33,2,2,0
11,16,10,2002,3,1,4,2,2,1,1,1,1,1,1,1,1,2,9,6,1,1,33,2,2,1
11,16,12,2002,3,1,1,2,2,4,4,4,1,1,1,1,2,2,19,11,1,1,33,2,2,0
11,16,12,2002,2,1,1,2,2,4,4,1,1,1,1,1,1,2,14,6,1,1,33,2,2,0
10,9,1,2002,1,1,1,2,2,1,1,2,1,1,1,1,1,2,14,6,1,1,33,2,2,0
9,11,5,2002,2,1,1,1,2,1,1,1,1,1,1,4,1,2,8,11,1,7,45,2,2,0
9,11,10,2002,3,1,1,1,2,1,1,1,1,1,1,2,1,2,8,4,1,1,45,2,2,0
10,11,1,2002,4,1,8,2,2,1,2,1,1,1,1,2,1,2,19,6,2,1,22,2,2,0
10,11,5,2002,2,3,8,2,2,1,1,1,1,1,1,3,1,2,8,6,1,3,50,2,2,0
11,11,5,2002,3,4,1,2,2,1,1,2,1,1,1,4,1,2,19,2,1,7,33,2,2,0
8,11,6,2002,1,1,8,2,2,1,1,1,1,1,1,3,1,2,14,6,1,1,33,2,2,0
7,11,6,2002,2,3,1,2,2,1,2,1,1,1,1,4,1,2,4,6,1,1,30,2,2,0
7,11,8,2002,2,1,1,2,2,1,2,1,1,1,1,2,1,2,8,6,1,1,33,1,2,0
2,11,7,2002,3,1,8,2,2,2,4,1,2,1,2,2,4,2,19,9,2,6,17,2,2,0
6,11,1,2002,3,1,1,2,2,1,1,1,1,1,1,3,1,2,14,6,1,1,33,2,2,0
6,11,1,2002,3,1,1,2,2,1,1,1,1,1,1,1,1,2,8,6,1,1,35,2,2,0
6,11,5,2002,2,1,1,2,2,1,1,1,1,1,1,2,1,2,14,6,1,3,40,2,2,0
6,11,10,2002,4,1,1,2,2,1,2,1,1,1,1,2,1,2,14,7,1,7,35,2,2,0
6,11,7,2002,3,1,1,2,2,1,1,4,3,3,2,4,4,2,14,7,1,1,38,2,2,0
6,11,5,2002,3,1,1,2,2,1,1,1,1,1,1,2,1,2,9,6,1,1,33,2,2,0
1,11,1,2002,3,3,1,2,2,1,1,1,1,1,1,5,1,1,6,11,1,1,33,2,2,0
5,11,1,2002,2,1,1,2,2,1,1,1,1,1,1,1,1,2,8,6,1,1,33,2,2,3
5,11,5,2002,2,1,1,2,2,1,1,1,1,1,1,4,1,2,8,11,1,3,46,2,2,0
5,11,2,2002,2,1,1,2,2,1,1,1,1,1,1,1,1,2,11,1,1,1,33,2,2,0
5,11,10,2002,2,1,1,2,2,1,1,1,1,1,1,1,1,2,9,6,2,1,33,1,2,0
5,11,10,2002,3,2,4,2,2,1,1,2,1,1,2,1,1,2,14,5,1,1,33,1,2,0
1,11,1,2002,4,1,1,1,2,1,4,1,1,3,1,5,1,1,8,6,1,1,35,2,2,0
3,8,12,2002,1,1,8,2,2,4,2,1,2,1,1,1,1,2,9,6,1,1,35,2,2,3
1,11,3,2002,3,2,1,2,2,1,1,1,1,1,1,3,1,1,14,6,1,1,35,2,2,0
1,11,4,2002,2,1,4,2,2,1,3,1,1,1,1,1,1,2,5,6,1,1,33,2,2,0
1,11,4,2002,3,1,1,2,2,1,1,2,1,1,1,4,1,2,7,6,1,1,33,2,2,0
1,11,4,2002,2,1,1,2,2,1,1,1,1,1,1,4,1,2,4,5,1,1,33,2,2,0
1,11,10,2002,3,1,3,2,2,1,1,1,1,1,1,5,1,1,13,6,1,1,40,1,2,0
1,11,12,2002,3,1,1,2,2,1,1,1,1,1,1,2,1,2,9,6,1,1,33,2,2,0
1,11,6,2002,3,2,1,2,2,1,1,1,1,1,1,2,1,1,9,6,1,1,33,2,2,0
1,11,8,2002,2,1,1,2,2,1,1,2,1,1,1,4,1,2,9,6,1,1,33,2,2,0
3,22,1,2003,3,7,8,1,2,1,1,1,1,1,1,1,1,2,9,11,2,7,33,1,2,0
4,22,2,2003,3,1,3,1,2,1,1,1,1,1,1,1,1,2,9,11,1,7,33,1,2,0
4,22,2,2003,4,1,8,1,2,1,1,1,1,1,1,1,1,2,9,8,2,4,35,2,2,0
1,24,1,2003,2,1,1,2,2,1,1,1,1,1,1,1,1,2,14,6,1,7,33,1,2,0
1,24,1,2003,2,1,1,1,2,1,1,2,1,1,1,4,1,2,14,2,1,7,33,2,2,0
1,24,1,2003,2,3,1,2,2,1,1,2,1,1,1,1,1,2,14,1,1,7,35,2,2,0
1,24,1,2003,3,3,1,1,2,1,1,1,1,1,1,2,1,2,4,6,1,7,33,1,2,0
6,24,1,2003,1,4,1,1,2,1,1,1,1,1,1,1,1,2,13,6,1,7,33,1,2,0
1,24,2,2003,2,1,1,2,2,1,2,2,1,1,1,1,1,2,14,1,1,1,33,1,2,0
1,24,2,2003,2,1,1,2,2,1,1,1,1,1,1,1,1,2,14,11,1,1,45,1,2,0
3,24,2,2003,3,1,1,2,2,1,1,1,1,3,1,4,1,2,14,6,1,1,33,1,2,0
2,19,1,2003,4,1,1,2,2,1,2,1,1,1,1,1,1,2,13,6,2,1,33,1,2,0
3,19,1,2003,3,1,1,2,2,1,1,4,1,3,2,4,1,2,17,7,2,7,33,1,2,0
4,18,2,2003,3,7,8,1,2,1,1,1,1,1,1,2,1,2,6,11,1,7,35,2,2,0
1,23,3,2003,2,3,1,2,2,1,1,1,1,1,1,2,1,2,14,6,1,4,45,2,2,0
7,25,1,2003,2,3,1,1,2,1,1,1,1,1,1,3,1,2,9,6,1,3,33,1,2,1
5,24,3,2003,3,1,1,1,2,1,1,1,1,1,1,1,1,2,14,4,2,7,33,1,2,0
9,24,3,2003,2,7,1,1,2,1,1,1,1,1,1,1,1,1,14,6,1,7,33,2,2,0
6,24,3,2003,2,1,3,1,1,1,1,1,1,1,1,2,2,1,8,6,2,7,33,1,2,0
6,24,3,2003,1,3,1,1,1,1,1,1,1,1,1,2,1,2,14,6,2,6,33,1,2,0
7,24,3,2003,3,1,1,2,1,1,1,1,1,1,1,4,1,1,4,6,1,6,28,1,2,0
3,25,2,2003,2,1,1,2,2,1,1,1,1,1,1,1,1,2,8,5,1,1,40,2,2,0
3,25,3,2003,4,1,1,2,2,1,2,2,1,1,1,1,1,2,9,6,1,1,33,1,2,0
3,25,2,2003,3,1,1,2,2,1,1,1,1,1,1,1,1,2,12,6,2,6,33,1,2,1
1,25,2,2003,3,1,1,1,2,1,1,1,1,1,1,4,1,2,6,7,2,1,22,2,2,1
5,25,1,2003,1,1,1,1,2,1,1,1,1,1,1,2,1,2,7,7,1,6,42,1,2,0
8,26,2,2003,2,1,1,2,2,1,1,1,1,1,1,3,1,2,8,6,1,1,30,1,2,0
9,26,1,2003,2,7,1,1,2,1,1,1,1,1,1,4,1,2,8,11,1,1,30,1,2,3
1,20,1,2003,3,1,1,2,2,1,1,1,1,1,1,5,1,1,4,6,1,6,33,2,2,0
1,20,2,2003,2,1,1,2,2,1,1,1,1,1,3,3,1,2,9,6,1,6,40,2,2,1
3,20,2,2003,2,1,1,2,2,1,1,1,1,1,1,2,1,2,14,6,1,6,55,2,2,3
1,20,2,2003,3,7,1,2,2,1,1,1,1,1,1,5,1,2,19,6,2,6,33,2,2,0
1,19,3,2003,2,1,1,2,2,1,1,1,1,1,1,1,1,2,8,8,1,1,30,2,2,0
3,19,3,2003,2,1,1,2,2,1,2,2,1,1,1,4,1,2,17,2,2,6,28,2,2,0
4,24,4,2003,3,1,3,2,2,1,1,1,1,1,1,2,1,2,9,6,1,7,33,1,2,0
5,24,4,2003,4,1,1,1,2,1,2,1,1,1,1,4,1,2,7,6,1,7,33,1,2,0
1,25,3,2003,2,1,8,2,1,1,1,1,1,1,1,4,1,2,14,6,1,7,33,1,2,0
4,20,3,2003,3,1,3,2,2,1,1,1,1,1,1,2,1,2,9,6,1,1,33,1,2,0
4,20,3,2003,2,1,8,2,2,1,1,1,1,1,1,4,1,2,14,6,1,1,33,2,2,0
3,25,4,2003,3,1,1,2,2,1,1,1,1,1,1,3,1,2,11,6,1,1,33,2,2,0
2,19,4,2003,2,1,3,1,2,1,1,1,1,1,1,2,1,2,8,6,1,1,33,2,2,0
1,21,4,2003,2,1,1,1,2,1,2,1,1,1,1,1,1,1,9,6,1,1,33,2,2,0
1,21,4,2003,2,1,1,2,2,1,2,1,1,1,1,2,1,2,9,6,1,7,33,1,2,0
1,21,3,2003,1,1,4,2,2,1,1,4,1,1,1,5,1,2,9,1,1,7,33,1,2,2
1,21,4,2003,4,1,1,2,2,1,4,1,1,1,1,1,1,2,6,6,1,6,33,2,2,0
4,21,4,2003,2,1,1,2,2,1,1,1,1,3,1,4,1,2,7,6,1,7,33,2,2,0
4,26,5,2003,2,7,8,2,2,1,1,1,1,1,1,2,1,2,8,4,1,7,33,1,2,0
1,24,5,2003,4,1,1,2,2,1,3,1,1,1,2,5,1,1,9,6,1,1,33,1,2,1
1,24,5,2003,3,1,1,2,2,1,1,1,1,1,1,1,1,2,9,6,1,1,33,1,2,0
8,24,5,2003,3,1,1,2,2,1,1,1,1,1,1,1,1,2,8,6,1,3,33,1,2,0
8,24,3,2003,2,1,3,2,2,1,1,1,1,1,1,4,1,2,12,6,1,3,33,1,2,0
5,24,5,2003,2,1,1,1,2,1,1,1,1,1,1,4,1,2,12,4,1,1,33,1,2,0
1,24,1,2003,3,1,1,2,2,1,1,1,1,1,1,1,1,2,12,6,1,1,33,1,2,0
1,24,6,2003,1,1,1,2,1,2,4,2,2,1,1,1,1,2,9,2,1,7,33,2,2,0
1,24,6,2003,3,1,1,2,2,1,1,1,1,1,1,5,1,1,14,5,1,7,33,1,2,0
5,24,6,2003,2,3,1,1,2,1,1,1,2,1,1,4,1,1,9,6,1,1,33,1,2,1
1,21,5,2003,2,7,1,2,2,1,1,1,1,1,1,2,1,2,12,6,1,1,33,2,2,0
3,21,5,2003,3,7,1,2,2,1,1,1,1,1,1,2,1,2,6,6,1,1,28,2,2,0
3,21,5,2003,4,1,1,2,2,1,3,1,1,1,3,1,1,1,14,6,2,7,33,1,2,0
6,18,9,2003,3,1,8,2,2,1,1,1,1,1,1,2,1,2,4,6,1,1,33,2,2,1
1,18,8,2003,2,7,1,2,2,1,2,1,1,1,1,4,1,2,12,11,1,1,35,2,1,1
1,18,6,2003,3,1,3,2,2,1,1,1,1,1,1,1,1,2,14,6,1,1,47,1,2,0
1,18,9,2003,2,7,1,1,2,1,1,1,1,1,1,1,1,1,14,11,1,1,40,2,2,3
4,18,7,2003,3,7,1,1,2,1,1,1,1,1,1,1,1,2,8,11,1,7,35,2,2,0
3,18,8,2003,3,3,8,1,2,1,1,1,1,3,1,4,1,2,7,11,1,1,33,1,2,0
2,23,7,2003,2,7,1,2,2,2,1,1,2,1,2,4,1,2,8,11,1,1,33,2,2,0
1,21,9,2003,3,7,3,2,2,1,2,1,1,1,1,1,1,2,9,4,1,1,33,1,2,0
3,21,9,2003,2,7,1,1,2,1,2,1,1,1,1,1,1,2,14,11,1,7,33,1,2,0
3,21,9,2003,1,1,4,1,2,1,1,1,1,1,1,1,1,1,14,6,1,3,33,2,2,0
3,21,9,2003,2,7,1,2,2,1,2,1,1,1,1,1,1,2,14,6,1,7,33,2,2,0
4,21,5,2003,1,1,1,2,2,1,2,2,1,2,2,5,1,2,19,6,2,6,33,2,2,1
1,24,7,2003,1,1,1,1,2,1,4,2,1,1,1,1,1,2,14,7,2,7,33,2,2,0
1,24,7,2003,1,1,1,2,2,1,1,2,1,1,1,1,1,2,9,2,1,7,33,2,2,0
1,24,7,2003,2,1,1,2,2,1,1,1,1,1,1,1,1,1,9,6,1,7,33,2,2,0
1,24,7,2003,2,1,1,2,2,1,2,1,1,1,1,1,1,1,14,6,2,7,33,2,2,0
1,24,7,2003,2,3,1,2,2,1,3,4,1,1,1,1,1,1,14,4,1,1,33,1,2,0
3,24,7,2003,2,1,1,2,2,1,1,1,1,1,1,4,1,2,19,11,2,6,33,2,2,0
2,24,7,2003,1,1,2,2,2,1,1,1,1,1,1,1,1,1,14,6,1,1,33,2,2,0
4,24,7,2003,3,1,1,2,2,2,1,2,2,3,2,4,1,2,14,6,2,7,33,1,2,3
3,25,3,2003,3,1,1,1,2,1,1,1,1,1,1,4,1,2,7,6,1,7,22,2,2,0
1,22,8,2003,3,1,8,2,2,1,4,1,1,1,2,1,1,2,14,6,1,1,35,1,2,0
1,21,7,2003,2,1,8,1,2,1,1,1,1,1,1,1,1,2,9,6,2,7,33,1,2,0
1,21,7,2003,1,1,8,2,2,1,1,1,1,1,1,1,1,2,9,11,1,1,45,2,2,0
1,21,7,2003,4,1,1,2,2,1,4,1,1,1,1,1,1,2,14,6,1,1,33,1,2,0
1,21,7,2003,3,3,1,2,2,1,1,1,1,1,1,2,1,2,14,11,1,1,33,2,2,1
1,21,7,2003,2,1,1,1,2,1,1,1,1,1,1,4,1,1,9,6,1,7,33,1,2,1
1,21,7,2003,3,4,1,2,2,1,1,1,1,1,1,1,1,1,14,6,1,1,33,1,2,1
6,21,7,2003,4,1,1,2,2,2,4,1,2,1,1,1,2,2,14,11,2,7,30,1,2,0
3,21,7,2003,3,1,1,2,2,1,1,1,1,1,1,1,1,2,9,6,1,7,35,2,2,0
3,21,7,2003,3,7,1,2,2,1,1,1,1,1,1,4,1,2,9,6,1,1,33,2,2,0
2,19,6,2003,2,1,1,1,2,1,1,1,1,1,1,2,1,2,10,6,1,2,33,1,2,0
6,21,8,2003,1,1,1,2,2,1,2,1,1,1,1,1,1,2,8,6,1,1,41,2,2,0
3,21,8,2003,4,7,1,2,2,1,2,1,1,1,1,1,1,2,14,6,1,1,33,1,2,0
3,21,8,2003,3,2,1,2,2,1,1,1,1,1,1,1,1,1,9,6,1,7,33,2,2,0
1,24,1,2003,1,1,1,2,2,1,1,1,1,1,1,1,1,2,9,6,1,7,33,2,2,0
1,24,8,2003,4,1,1,2,2,1,2,2,1,1,1,1,1,2,9,6,1,7,33,1,2,0
5,24,8,2003,2,7,8,2,2,1,1,1,1,1,1,1,1,2,9,6,1,1,33,2,2,0
2,24,8,2003,3,7,1,1,2,1,1,1,1,1,1,1,1,2,14,6,1,1,38,1,2,0
3,20,8,2003,2,1,1,2,2,1,1,2,1,1,1,1,1,2,8,6,1,1,34,2,2,0
3,20,8,2003,3,1,1,2,2,1,1,1,1,1,1,2,1,2,4,6,1,7,33,2,2,0
4,20,8,2003,3,1,1,2,2,1,1,1,1,1,1,4,1,2,9,6,1,7,40,2,2,0
2,18,8,2003,3,3,1,2,2,1,1,5,1,1,2,2,1,2,9,6,1,1,33,1,2,0
1,24,9,2003,3,3,1,2,2,1,1,1,1,1,1,1,1,2,9,6,1,7,35,1,2,0
3,24,9,2003,3,1,8,2,2,1,1,1,1,1,1,2,1,2,8,6,1,1,35,1,2,0
9,24,9,2003,3,7,3,1,2,1,1,1,1,1,1,1,1,1,14,11,1,7,33,1,2,0
1,22,9,2003,3,1,1,2,2,1,1,1,1,1,1,1,1,2,9,11,1,1,34,1,2,0
1,22,9,2003,4,7,3,2,2,1,1,1,1,1,1,1,1,2,8,6,1,7,33,1,2,0