Thana,District,Month,Year,Time,Junction_Type,Traffic_Control,Movement,Divider,Weather,Light,Road_Geometry,Surface_Condition,Surface_Type,Surface_Quality,Road_Class,Road_Feature,Location_Type,Vehicle_Type,Vehicle_Movement,Vehicle_Loading,Vehicle_Defect,Vehicle_Driver_Age,Vehicle_Alcohol,Vehicle_Seat_Belt,Accident_Severity
3,23,9,2003,3,1,1,2,2,1,1,2,1,1,1,4,1,2,9,1,1,1,40,2,2,1
3,20,9,2003,2,1,1,2,2,1,1,1,1,2,1,4,1,2,17,6,2,6,35,1,2,0
4,20,9,2003,3,1,8,2,2,1,1,1,1,1,1,3,1,2,8,6,1,1,35,2,2,2
1,21,6,2003,4,7,1,2,2,1,1,1,1,1,1,1,1,2,14,6,1,1,33,1,2,0
1,21,6,2003,3,1,1,1,2,1,1,1,1,1,1,1,1,2,9,11,1,7,33,2,2,0
6,21,6,2003,3,7,8,2,2,1,1,2,1,1,1,1,1,2,14,6,1,1,33,1,2,0
3,21,6,2003,2,1,3,2,2,1,1,1,1,1,1,4,1,1,9,6,1,7,33,2,2,0
3,21,6,2003,3,7,1,2,2,1,1,1,1,1,1,1,1,1,9,8,1,7,33,1,2,0
3,21,6,2003,2,7,1,2,2,1,1,1,1,1,1,1,1,1,9,11,1,7,33,1,2,0
5,21,6,2003,4,1,1,1,2,1,4,1,1,1,1,4,1,2,14,6,2,7,33,1,2,0
2,29,7,2003,2,1,1,2,2,1,1,1,1,1,1,4,1,2,9,6,1,1,33,2,2,0
7,29,5,2003,3,1,1,2,2,1,1,1,1,1,1,2,1,2,9,6,1,1,33,2,2,0
9,29,5,2003,3,1,1,1,2,1,1,1,1,1,1,4,1,2,4,6,1,7,33,2,2,0
5,25,5,2003,1,1,1,2,2,1,4,1,1,1,1,4,1,2,4,6,1,7,33,2,2,1
6,25,6,2003,3,1,1,2,2,1,1,1,1,1,1,4,1,2,4,6,1,7,33,2,2,0
3,25,6,2003,2,1,1,1,2,1,1,1,1,1,1,4,3,2,9,8,1,1,35,2,2,0
7,25,6,2003,2,1,1,2,2,1,1,1,1,1,1,2,1,2,9,6,1,1,33,1,2,0
3,21,10,2003,1,7,3,2,2,1,2,1,1,1,1,1,1,2,10,6,1,2,33,1,2,0
2,20,6,2003,2,7,8,1,2,1,2,1,1,1,2,4,1,2,8,11,2,7,35,2,2,0
5,18,11,2003,1,1,1,2,2,1,1,1,1,1,1,4,1,2,14,6,2,6,33,1,2,0
4,18,11,2003,3,4,1,2,2,1,1,2,1,1,1,2,1,2,9,1,1,1,32,2,2,0
6,18,11,2003,2,1,1,2,2,1,1,1,1,1,1,1,1,2,14,11,1,7,33,1,2,0
1,21,11,2003,4,1,1,2,2,4,4,1,1,1,1,2,1,2,14,6,1,1,33,1,2,0
1,21,11,2003,1,1,1,2,2,4,4,1,1,1,1,2,1,2,13,6,2,7,33,1,2,1
1,23,11,2003,4,7,8,2,2,1,1,1,1,1,1,4,1,2,9,6,1,1,33,2,2,0
2,22,11,2003,2,1,1,2,2,1,1,1,1,1,1,4,1,2,9,6,1,7,33,2,2,0
1,22,11,2003,3,1,1,2,2,1,1,5,1,1,1,4,1,2,14,11,1,1,33,2,2,0
3,23,11,2003,3,7,1,2,2,1,1,1,1,1,1,4,1,2,4,6,1,1,26,2,1,0
3,24,11,2003,3,1,4,2,2,1,2,1,1,1,1,2,1,2,14,6,2,7,33,1,2,0
1,24,11,2003,3,3,1,2,2,1,1,1,1,1,1,1,3,2,6,4,1,6,33,1,2,0
1,24,12,2003,2,4,1,2,2,1,1,1,1,1,1,1,1,2,4,4,2,1,35,1,2,0
1,24,12,2003,3,1,1,2,2,1,1,1,1,1,1,1,1,2,14,6,1,1,33,1,2,0
1,24,12,2003,1,4,1,2,2,1,4,1,1,1,1,1,1,2,14,4,2,1,33,1,2,1
3,24,12,2003,3,1,4,2,2,1,1,1,1,1,1,1,1,2,9,6,1,1,40,2,2,0
9,24,12,2003,2,7,8,2,2,1,1,1,1,1,1,2,2,1,14,4,1,7,33,1,2,0
9,24,12,2003,3,3,8,2,2,1,1,1,1,1,1,1,1,1,14,6,2,7,33,1,2,0
2,18,10,2003,2,3,1,1,2,1,2,1,1,1,1,1,1,2,4,6,1,1,35,2,2,0
7,25,9,2003,4,3,1,2,2,1,2,2,1,1,1,2,1,2,10,1,1,1,25,1,2,0
1,25,10,2003,4,1,4,2,2,1,3,1,1,1,1,2,1,1,14,6,1,1,33,1,2,0
3,23,11,2003,2,1,1,2,2,1,1,1,1,1,1,4,1,2,4,6,1,7,30,2,1,0
3,21,12,2003,1,7,1,1,2,1,1,2,1,1,1,1,4,2,14,2,1,1,33,2,2,0
1,21,12,2003,4,1,1,2,2,1,4,1,1,1,1,1,1,2,9,6,1,1,33,1,2,0
5,21,12,2003,3,1,1,1,1,1,1,4,1,1,1,4,1,2,14,6,1,1,16,2,2,0
5,13,1,2003,3,3,1,2,1,1,1,1,1,1,1,2,1,2,14,6,1,1,26,2,2,0
5,13,1,2003,2,1,1,2,2,4,1,1,1,1,1,2,1,2,8,11,1,1,30,2,2,0
5,13,2,2003,4,1,3,2,2,3,2,1,1,1,1,2,1,2,9,6,2,1,33,1,2,0
5,13,2,2003,1,1,8,2,2,1,2,3,1,1,1,1,1,2,14,6,1,1,33,2,2,0
1,13,1,2003,2,1,1,2,2,1,1,1,1,1,1,3,1,2,10,6,1,1,33,2,2,0
3,12,1,2003,2,1,1,2,1,1,1,1,1,1,1,3,1,1,9,8,1,1,33,2,2,0
1,7,1,2003,3,1,1,2,2,1,1,4,1,1,1,1,1,2,8,6,1,1,42,2,2,0
2,7,1,2003,2,1,1,2,2,4,1,1,1,1,1,3,1,2,9,6,1,1,33,2,2,0
2,1,1,2003,2,1,1,1,2,4,1,1,1,1,1,4,1,2,8,6,1,1,27,2,2,3
3,6,1,2003,4,1,1,2,2,1,1,2,1,1,1,1,1,2,14,4,1,1,33,2,2,0
2,4,1,2003,2,2,1,2,2,4,2,1,1,1,1,3,1,2,9,6,1,1,33,2,2,0
6,4,1,2003,4,1,1,2,2,1,2,1,1,1,1,1,1,2,14,6,1,1,35,2,2,0
3,3,1,2003,3,3,2,2,2,1,1,1,1,1,1,2,1,2,9,6,1,1,33,2,2,0
1,2,2,2003,2,1,1,2,2,4,1,1,1,1,1,1,1,2,8,6,1,1,33,1,2,0
1,2,2,2003,2,1,1,2,2,1,1,1,1,1,1,3,1,2,8,6,1,1,33,2,2,0
3,14,1,2003,1,1,1,2,2,1,3,1,1,1,1,5,1,1,4,6,1,1,33,1,2,3
5,1,2,2003,2,1,1,2,2,1,2,1,1,1,1,3,1,2,14,6,1,1,33,2,2,0
6,15,1,2003,2,1,1,2,2,1,1,2,1,1,1,1,1,2,14,6,1,1,33,2,2,0
5,15,1,2003,3,1,1,2,2,1,2,1,1,1,1,3,1,2,14,6,1,1,35,2,2,0
5,15,1,2003,2,1,1,2,2,4,2,1,1,1,1,3,1,2,13,6,2,1,33,2,2,0
5,15,1,2003,2,1,1,2,2,1,1,1,1,1,1,3,1,2,14,6,2,1,33,2,2,3
1,15,2,2003,2,3,1,2,2,1,1,1,1,1,1,1,1,2,8,5,1,1,60,1,2,0
6,15,2,2003,4,3,2,2,2,1,2,1,1,1,1,1,1,1,7,6,1,1,33,1,2,0
3,15,2,2003,3,1,1,2,2,1,1,1,1,1,1,1,1,2,19,6,1,1,33,2,2,0
1,4,2,2003,2,3,1,1,2,1,1,1,1,1,1,3,1,2,14,6,1,1,33,2,2,0
6,9,2,2003,2,1,1,2,2,1,4,1,1,1,1,2,1,2,9,6,1,1,33,2,2,0
2,9,2,2003,4,1,1,2,2,1,2,1,1,1,1,2,1,2,14,6,1,1,33,2,2,0
8,9,2,2003,2,1,1,1,2,1,1,2,1,1,1,4,2,2,8,1,1,1,45,2,2,0
11,9,1,2003,1,1,1,2,2,1,2,4,2,2,2,2,2,1,14,11,1,1,27,2,2,1
3,9,1,2003,3,1,8,1,2,1,1,1,1,1,1,3,1,1,8,6,1,1,25,2,2,0
10,9,2,2003,4,1,1,2,2,1,2,1,1,1,1,1,1,2,9,6,1,1,33,1,2,0
10,9,3,2003,3,1,1,2,2,1,1,1,1,1,1,1,1,2,8,6,2,1,45,2,2,0
10,3,2,2003,4,1,8,2,2,1,2,1,1,3,1,4,1,2,19,6,1,1,33,2,2,0
12,3,2,2003,2,1,1,2,2,1,1,1,1,1,1,3,1,2,4,6,1,2,35,1,2,1
5,6,1,2003,2,1,1,2,2,4,1,1,1,1,1,1,1,2,9,6,1,1,33,2,2,0
1,8,3,2003,4,1,1,2,2,1,2,1,1,1,1,3,1,2,14,6,2,1,33,2,2,0
3,12,3,2003,2,1,1,2,2,1,1,1,1,1,1,3,1,2,19,6,1,1,33,2,2,0
1,14,3,2003,3,1,2,1,1,1,1,1,1,1,1,5,1,1,14,6,1,1,33,1,2,0
4,14,3,2003,1,2,1,2,2,1,2,1,1,1,1,1,1,1,13,6,1,1,30,2,2,3
2,14,3,2003,1,1,1,2,2,1,4,1,1,1,1,1,1,1,14,6,1,1,33,2,2,0
2,14,3,2003,3,1,1,1,2,1,4,1,1,1,1,5,1,1,14,6,1,1,33,2,2,0
7,13,2,2003,4,1,3,2,2,1,4,1,1,1,1,2,1,2,19,6,1,1,33,2,2,0
5,13,3,2003,4,1,1,2,1,1,1,1,1,1,1,2,1,2,14,6,1,1,33,1,2,0
5,13,3,2003,3,1,1,2,1,1,1,1,1,1,1,2,1,2,8,6,1,1,33,1,2,0
6,13,3,2003,3,1,1,1,2,1,1,1,1,1,1,2,1,2,7,4,1,1,25,2,2,1
6,13,3,2003,2,1,1,2,2,1,1,1,1,1,1,2,1,2,14,11,1,1,33,2,2,0
1,17,1,2003,4,1,1,2,2,1,4,1,1,1,1,4,4,2,19,6,1,1,33,2,2,1
1,17,2,2003,3,1,1,2,2,1,1,1,1,1,1,1,1,1,13,6,1,1,35,1,2,0
1,17,2,2003,3,1,1,2,2,1,1,1,1,1,1,1,1,2,9,6,1,1,50,2,2,0
9,17,1,2003,2,1,1,2,2,1,1,2,1,1,1,1,1,2,9,6,1,1,32,1,2,0
10,17,1,2003,2,1,1,2,2,1,1,1,1,1,1,1,1,2,8,6,1,1,30,2,2,0
8,17,1,2003,2,1,1,2,2,1,1,1,1,1,1,1,1,2,9,6,1,1,33,2,2,0
8,17,1,2003,4,1,1,2,2,1,2,1,1,1,1,1,1,2,9,6,1,1,35,2,2,0
8,17,2,2003,1,1,1,2,2,1,4,1,1,1,1,1,1,2,12,6,1,1,35,2,2,3
7,17,2,2003,1,1,1,2,2,1,1,1,1,1,1,1,1,2,9,6,1,1,33,2,2,0
3,17,1,2003,1,1,1,2,2,1,2,1,1,2,2,3,2,2,14,6,1,1,33,2,2,0
6,4,3,2003,2,1,1,2,2,1,1,1,1,1,1,1,1,2,14,6,1,1,33,2,2,0
7,13,5,2003,2,1,1,2,2,1,1,1,1,1,1,1,1,2,14,6,1,1,33,2,2,0
5,13,5,2003,2,1,1,2,2,1,1,1,1,1,1,2,1,2,14,6,1,1,33,2,2,0
8,13,5,2003,4,1,1,2,2,2,4,1,2,1,1,1,1,2,8,6,1,1,35,2,2,1
3,13,5,2003,4,1,1,2,2,1,4,1,1,3,2,4,1,2,14,6,1,1,33,2,2,0
4,12,5,2003,4,1,1,2,2,1,2,1,1,1,1,3,1,2,19,6,2,1,20,2,2,1
1,1,5,2003,2,1,1,2,2,1,1,1,1,1,1,1,1,2,12,6,1,1,33,2,2,1
5,8,5,2003,3,1,1,2,2,1,1,1,1,1,1,1,1,1,7,6,1,1,26,2,2,0
7,8,5,2003,3,1,1,2,2,1,1,4,1,1,1,5,1,2,9,6,1,1,33,1,2,0
3,8,5,2003,4,1,1,2,2,1,2,1,1,1,1,1,1,2,14,6,1,1,33,1,2,0
3,8,5,2003,3,1,1,2,2,1,1,1,1,1,1,1,1,2,7,4,1,1,33,2,2,0
3,8,5,2003,2,1,1,2,2,1,2,1,1,1,1,1,1,2,8,6,1,1,40,2,2,0
3,8,5,2003,1,1,1,2,2,1,1,1,1,1,1,1,1,2,9,11,1,1,33,1,2,0
3,8,5,2003,1,1,1,2,2,1,1,1,1,1,1,1,1,2,14,6,1,7,33,1,2,0
3,14,5,2003,4,1,1,2,2,1,3,1,1,1,1,5,1,1,8,6,1,1,32,2,2,1
1,14,5,2003,2,1,3,2,2,1,1,1,5,1,1,5,1,1,7,11,1,1,33,2,2,1
1,4,4,2003,3,1,1,2,2,1,1,1,1,1,1,2,1,1,8,6,1,1,42,1,2,3
6,4,4,2003,4,1,1,2,2,1,4,1,1,1,1,1,1,1,7,6,1,1,33,2,2,0
6,4,4,2003,3,1,1,2,2,1,1,1,1,1,1,5,1,2,4,6,1,1,33,2,2,0
2,4,4,2003,3,1,1,1,1,1,1,5,5,1,1,4,5,2,14,1,1,1,33,2,2,0
1,14,4,2003,3,3,1,2,1,1,1,2,1,1,1,5,1,1,9,2,1,1,33,1,2,0
1,14,4,2003,3,1,1,2,2,1,1,1,1,1,1,5,1,2,9,4,1,1,33,2,2,0
3,14,4,2003,2,2,4,2,2,1,1,1,1,1,1,5,1,1,14,4,1,1,40,2,2,0
10,3,3,2003,4,1,8,2,2,1,4,1,1,1,1,1,1,2,19,11,1,1,33,2,2,0
3,3,3,2003,3,1,1,2,2,1,1,2,1,1,1,2,1,2,9,1,1,1,38,2,2,1
1,3,3,2003,4,1,1,1,2,1,1,1,1,1,1,1,1,2,12,1,1,1,33,2,2,0
7,3,3,2003,3,3,3,2,2,1,1,1,1,1,1,2,1,2,14,6,1,1,33,1,2,1
1,7,4,2003,2,2,1,2,2,1,1,1,1,1,3,3,1,1,14,6,1,1,33,2,2,0
7,7,4,2003,3,1,1,2,2,1,1,1,1,1,1,3,1,1,19,4,1,1,25,2,2,1
8,7,4,2003,2,1,1,2,2,1,1,2,1,1,1,1,1,2,8,1,1,1,33,2,2,0
7,7,4,2003,3,1,1,2,2,1,1,1,1,1,1,3,1,2,14,6,1,1,50,2,2,1
4,8,4,2003,4,1,1,2,2,1,4,1,1,1,1,2,1,2,4,6,1,1,33,2,2,1
2,2,4,2003,3,1,8,2,2,1,1,1,1,1,1,3,1,2,14,5,1,1,39,2,2,3
1,2,4,2003,3,1,3,2,2,1,1,1,1,1,1,1,1,2,8,6,1,1,33,1,2,0
5,13,4,2003,4,1,1,2,2,1,2,1,1,1,1,2,1,2,14,5,2,1,45,2,2,0
5,13,4,2003,4,1,1,2,2,1,4,1,1,1,1,2,1,2,7,6,1,1,26,2,2,3
7,13,4,2003,4,1,3,2,2,1,4,1,1,1,1,2,1,2,19,6,1,1,33,2,2,0
6,15,3,2003,2,1,1,2,2,1,1,1,1,1,1,1,1,2,9,6,2,1,37,1,2,0
6,15,3,2003,4,1,1,2,2,1,2,1,1,1,1,1,1,1,14,6,2,1,33,2,2,0
6,15,3,2003,1,1,1,2,2,1,4,4,5,1,1,1,1,2,14,5,2,1,40,2,2,0
4,12,6,2003,3,1,1,1,2,2,1,1,3,1,3,4,1,2,14,4,1,1,25,2,2,1
7,13,2,2003,3,1,1,1,2,1,1,1,1,1,1,4,4,2,14,6,1,1,33,2,2,3
4,8,6,2003,3,1,1,2,2,1,1,1,1,1,1,1,1,2,8,6,1,1,35,2,2,0
2,14,6,2003,4,2,1,1,2,2,4,1,2,1,1,1,1,1,8,6,1,1,40,2,2,0
3,10,5,2003,4,1,1,2,2,1,2,1,1,1,1,3,1,2,14,6,1,1,33,2,2,0
4,10,1,2003,3,1,1,1,2,1,1,1,1,1,1,3,1,2,14,6,1,1,33,2,2,0
5,13,6,2003,3,1,1,2,2,1,1,1,1,1,1,2,1,2,14,4,1,1,33,2,2,0
5,3,5,2003,2,1,4,2,2,1,2,1,1,1,1,3,1,2,8,6,2,1,36,2,2,0
4,11,3,2003,4,7,1,2,2,1,4,1,1,1,1,2,1,2,8,11,1,1,33,2,2,3
4,11,3,2003,3,3,1,2,2,2,1,2,2,1,1,4,1,2,15,11,1,1,45,2,2,0
2,6,6,2003,2,1,1,2,2,2,1,4,2,1,2,1,1,2,9,1,1,1,33,2,2,0
1,11,6,2003,3,1,1,2,2,1,1,1,1,1,1,2,1,2,14,6,1,1,33,2,2,1
1,11,6,2003,3,3,1,1,2,1,2,3,1,1,1,2,2,2,8,11,1,1,33,2,2,0
1,11,6,2003,1,1,1,2,2,1,3,1,1,1,1,1,1,1,14,6,1,1,33,2,2,0
1,11,6,2003,2,1,1,1,2,1,1,1,1,1,1,4,1,2,5,6,1,1,33,2,2,0
1,11,3,2003,2,1,1,2,2,1,1,1,1,1,1,2,1,2,14,6,1,1,33,2,2,0
1,11,3,2003,4,2,1,2,2,1,3,1,1,1,1,5,1,1,14,6,1,1,38,2,2,0
1,11,1,2003,3,1,8,2,2,1,1,1,1,1,1,5,1,1,14,6,1,1,33,1,2,0
8,11,6,2003,2,1,1,2,2,1,4,1,1,1,2,3,1,2,14,6,1,3,33,2,2,0
5,11,3,2003,4,1,3,2,2,1,3,1,1,1,1,1,1,2,14,4,1,1,33,2,2,3
5,11,3,2003,1,1,1,2,2,1,2,1,1,1,1,1,1,2,9,6,1,1,33,1,2,0
3,3,4,2003,4,1,1,2,2,1,4,1,1,1,1,3,1,1,12,6,1,1,27,2,2,0
5,3,5,2003,4,1,4,2,2,1,4,1,1,1,1,3,1,2,14,6,1,1,33,2,2,0
1,3,5,2003,2,1,1,1,1,1,1,1,1,1,1,5,2,1,14,6,1,1,40,1,2,1
1,3,5,2003,3,1,1,1,2,1,1,1,1,1,1,1,1,2,14,6,1,3,45,2,2,3
7,3,5,2003,2,1,1,2,1,1,1,1,1,1,1,2,1,2,14,6,1,1,33,2,2,0
4,8,7,2003,3,1,1,1,2,1,1,1,1,1,1,2,1,2,14,6,1,1,33,1,2,1
3,8,7,2003,2,2,3,2,2,1,1,1,1,1,1,1,1,2,8,6,1,1,30,2,2,0
3,3,6,2003,2,1,1,2,2,2,1,2,2,1,1,2,1,2,9,2,1,1,35,2,2,0
7,7,6,2003,3,1,1,2,2,1,1,2,1,1,1,2,1,2,9,1,1,1,45,2,2,3
6,11,4,2003,5,1,1,2,2,1,1,1,1,1,1,2,1,2,14,6,1,1,33,2,2,0
6,11,5,2003,3,1,1,2,2,2,1,1,2,1,1,2,1,2,8,6,1,1,33,2,2,0
8,11,6,2003,4,1,1,2,2,1,4,1,1,1,1,2,1,2,14,6,1,1,33,2,2,0
8,11,6,2003,1,1,1,2,2,1,4,1,1,1,1,4,1,2,14,6,1,1,33,2,2,0
2,11,5,2003,2,1,1,2,2,1,2,1,1,1,2,2,1,2,14,6,1,1,30,2,2,1
8,11,5,2003,3,1,1,2,2,1,1,1,1,1,1,2,1,2,14,6,1,1,33,2,2,0
10,17,3,2003,2,7,1,1,2,1,1,1,1,1,1,1,1,2,8,6,1,1,40,2,2,0
10,17,5,2003,3,1,1,2,2,1,1,1,1,1,1,1,1,2,9,6,1,1,33,2,2,0
10,17,6,2003,2,1,1,2,2,1,1,1,1,1,1,1,1,2,9,6,1,1,33,2,2,0
10,17,6,2003,2,1,1,2,2,2,1,1,2,1,1,4,1,2,14,11,1,1,35,2,2,0
8,17,4,2003,3,1,1,2,2,1,1,1,1,1,1,1,1,2,9,6,1,1,33,2,2,0
8,17,5,2003,4,1,3,1,2,1,3,1,1,2,1,1,1,2,9,6,1,1,33,1,2,0
8,17,6,2003,3,1,1,2,2,1,1,1,1,1,1,1,1,2,9,6,1,1,33,1,2,0
8,17,6,2003,3,1,3,1,2,1,1,1,1,1,1,1,1,2,9,6,1,1,33,2,2,0
1,17,3,2003,3,1,1,2,2,1,1,1,1,1,1,1,1,2,15,6,1,1,33,1,2,0
1,17,3,2003,2,1,1,2,2,1,2,1,1,1,1,1,1,2,9,6,1,1,33,1,2,0
7,17,6,2003,4,1,3,2,1,1,2,1,1,1,1,1,1,1,8,6,2,7,33,1,2,0
7,17,5,2003,2,1,8,2,2,1,1,1,1,1,3,5,1,2,9,6,1,7,33,2,2,0
6,17,3,2003,3,1,1,1,2,1,1,1,1,1,1,3,1,1,8,8,1,1,30,2,2,3
3,17,5,2003,2,2,3,1,2,1,1,1,1,1,1,3,1,2,9,1,1,1,32,2,2,0
11,9,7,2003,2,1,1,2,2,1,2,1,1,1,1,1,1,2,14,11,1,1,33,2,2,0
1,10,6,2003,2,2,6,2,2,1,1,1,1,1,1,2,1,2,8,11,1,1,33,1,2,3
6,9,7,2003,3,2,8,1,1,1,1,1,1,1,1,2,1,1,14,11,1,1,33,2,2,0
7,9,8,2003,2,7,8,2,2,1,1,1,1,1,1,1,1,2,14,6,1,7,35,2,2,0
7,9,9,2003,3,3,8,2,1,1,1,1,1,1,1,1,1,2,19,11,1,7,40,1,2,0
7,9,9,2003,3,3,1,1,2,1,1,1,1,1,1,1,1,2,13,4,1,7,40,1,2,0
10,11,8,2003,3,1,1,2,2,1,1,1,1,1,1,4,1,2,12,2,1,1,33,2,2,1
5,11,8,2003,1,1,1,2,2,1,4,1,1,1,1,1,1,2,14,6,2,1,35,2,2,0
4,11,9,2003,2,3,1,2,2,1,1,1,1,1,1,4,1,2,4,6,1,1,33,2,2,0
8,11,9,2003,4,1,1,2,2,1,4,1,1,1,1,3,3,2,14,6,1,1,33,2,2,0
4,11,9,2003,2,3,8,2,2,1,1,1,1,3,1,4,1,2,7,8,1,1,33,2,2,0
1,2,8,2003,4,1,4,1,2,1,3,1,1,1,1,5,1,1,14,7,1,7,40,2,2,0
1,10,9,2003,2,1,1,2,2,1,1,1,1,1,1,3,1,2,8,6,1,1,33,2,2,1
3,6,2,2003,2,1,1,2,2,1,1,1,1,1,1,3,1,2,14,6,1,1,33,2,1,0
3,6,3,2003,3,1,1,2,2,1,1,1,1,1,1,3,1,1,14,6,1,1,33,2,2,0
4,6,7,2003,3,1,1,2,2,1,1,1,1,1,1,1,4,2,9,6,1,1,55,2,2,0
1,6,7,2003,3,1,1,2,2,1,1,1,1,1,1,1,1,2,9,6,1,1,40,2,2,0
1,6,9,2003,4,1,1,2,1,1,1,1,1,1,1,1,1,2,8,6,1,1,34,2,2,1
5,15,8,2003,2,1,1,2,2,1,2,1,1,1,1,3,1,2,14,6,1,1,33,2,2,0
1,8,9,2003,2,1,1,2,2,1,3,1,1,1,1,3,1,2,8,5,1,1,35,2,2,0
5,13,9,2003,3,1,1,2,2,1,1,1,1,1,1,3,1,2,8,6,1,1,33,2,2,0
9,13,9,2003,4,1,4,2,2,1,4,1,1,1,1,4,1,1,8,6,1,1,29,1,2,3
9,13,9,2003,4,1,1,2,2,1,1,2,1,1,1,3,1,2,19,1,1,1,33,2,2,0
3,15,8,2003,4,1,1,2,2,1,2,1,1,1,1,1,1,2,14,6,1,1,33,2,2,0
5,10,7,2003,1,1,1,2,2,1,2,1,1,1,1,3,1,2,19,11,1,1,55,2,2,0
4,15,7,2003,2,1,1,2,2,1,1,2,1,1,1,3,1,2,9,6,1,1,33,2,2,0
3,15,7,2003,1,1,1,2,2,1,2,1,1,1,1,3,1,2,14,6,1,5,55,2,2,0
6,3,8,2003,4,1,1,2,2,1,2,1,1,1,1,3,1,2,8,6,1,1,1,2,2,0
5,1,9,2003,2,1,8,2,2,1,2,1,1,1,1,1,1,2,14,6,1,1,45,2,2,0
5,1,9,2003,3,1,8,2,2,1,3,1,1,1,1,1,1,2,9,10,1,1,45,2,2,0
9,11,7,2003,3,1,1,1,2,1,1,1,1,1,1,3,1,2,14,11,1,1,35,2,2,0
8,11,7,2003,2,1,1,2,2,1,1,1,1,1,2,3,1,2,14,6,1,3,33,2,2,0
5,13,8,2003,2,3,1,2,2,1,1,1,1,1,1,3,1,2,14,6,1,1,33,2,2,0
3,8,8,2003,4,1,1,2,2,1,4,1,1,1,1,1,1,2,14,6,1,1,33,2,2,0
3,8,8,2003,4,3,3,2,1,1,1,1,1,1,1,1,1,2,8,4,1,1,33,2,2,0
4,8,9,2003,4,1,1,2,2,2,2,3,2,1,1,2,1,2,10,6,1,1,33,2,2,0
3,8,9,2003,2,1,1,2,2,1,4,1,1,1,1,1,1,2,14,6,1,3,33,1,2,0
5,13,9,2003,2,1,1,2,2,1,4,1,1,1,1,2,1,2,4,6,1,1,33,2,2,0
4,11,7,2003,2,1,8,1,2,2,4,1,2,1,1,3,1,2,14,11,1,1,33,2,2,0
12,9,8,2003,3,3,8,2,2,1,1,2,1,1,1,1,1,2,8,11,2,1,33,1,2,0
3,13,7,2003,2,7,1,2,2,1,1,2,1,1,1,3,1,2,14,1,2,6,40,1,2,0
5,13,7,2003,2,1,1,2,2,1,1,1,1,1,1,2,2,2,14,6,1,1,40,2,2,1
2,14,7,2003,3,1,1,1,2,1,1,1,1,1,1,1,1,1,14,6,1,1,29,2,2,0
2,1,6,2003,2,1,1,2,2,2,1,1,2,1,1,3,2,2,8,1,1,1,39,2,2,1
1,1,6,2003,3,1,1,2,2,2,1,1,1,1,1,1,1,2,8,6,1,1,33,2,1,0
5,1,6,2003,3,1,1,2,2,1,1,1,2,1,1,1,1,2,8,6,1,1,42,2,2,0
1,15,8,2003,4,1,1,2,2,2,4,1,1,1,1,1,1,2,14,6,1,1,55,2,2,0
4,3,7,2003,4,1,1,1,2,1,4,1,1,1,1,4,1,2,9,6,1,1,33,2,2,0
12,3,7,2003,3,3,8,1,2,1,1,1,1,1,1,3,1,2,14,5,1,1,33,2,2,0
5,9,6,2003,2,1,1,2,2,1,1,1,1,1,1,3,1,2,8,6,1,1,28,1,2,1
5,9,4,2003,2,1,1,1,2,1,1,1,1,2,2,4,1,2,4,6,1,1,28,1,2,1
2,9,6,2003,2,1,1,1,2,1,1,1,1,1,1,2,1,2,14,6,1,1,33,2,2,0
12,9,1,2003,3,1,1,2,2,1,1,1,1,1,1,1,1,2,14,11,1,1,33,2,2,0
1,15,5,2003,3,1,1,2,2,1,1,1,1,1,1,1,1,2,14,6,1,7,40,2,2,0
1,15,5,2003,2,1,8,2,2,1,1,1,1,1,1,1,1,2,19,6,2,1,33,2,2,1
6,15,5,2003,2,1,1,2,2,1,1,1,1,1,1,1,1,2,12,4,1,1,35,2,2,3
5,15,5,2003,2,1,1,2,2,1,1,2,1,1,1,4,1,2,9,5,1,1,33,2,2,0
1,15,4,2003,2,1,3,2,2,1,1,1,1,1,1,1,1,2,8,6,1,1,40,2,2,0
5,15,4,2003,4,1,1,2,2,1,4,1,1,1,1,3,1,2,7,6,1,1,25,2,2,1
4,15,4,2003,2,3,1,1,2,2,2,2,2,1,2,3,1,2,13,2,1,3,26,2,2,0
1,15,9,2003,3,1,1,2,2,1,2,1,1,1,1,1,1,2,7,6,1,1,33,2,2,0
4,15,9,2003,4,1,1,1,2,1,2,1,1,1,1,1,1,2,19,1,1,1,33,2,2,0
5,15,9,2003,3,2,1,2,2,1,1,1,1,1,1,3,1,2,4,11,1,1,33,2,2,0
7,15,6,2003,2,1,1,2,2,1,1,2,1,1,1,3,1,2,19,2,2,1,22,2,2,0
4,15,6,2003,3,1,1,2,2,1,1,1,1,1,1,1,1,2,7,6,1,1,33,2,2,0
1,17,7,2003,2,1,1,2,2,1,1,1,1,1,1,4,4,2,19,6,2,1,25,2,2,0
1,17,8,2003,2,1,1,2,2,1,1,1,1,1,1,4,1,2,14,6,1,7,33,1,2,0
1,17,8,2003,2,1,8,2,2,1,1,1,1,1,1,5,1,2,6,6,1,7,33,1,2,3
1,17,8,2003,3,1,1,2,2,1,1,1,1,1,1,1,1,2,9,6,1,7,26,2,2,0
1,17,9,2003,2,1,1,2,2,1,1,1,1,1,1,1,1,2,9,5,1,7,33,1,2,0
7,17,7,2003,3,1,8,2,2,1,1,1,1,1,1,1,1,2,9,6,1,1,33,1,2,0
7,17,9,2003,1,1,8,2,1,1,4,1,1,1,1,1,1,2,14,6,1,7,42,2,2,0
7,17,9,2003,2,1,1,1,2,1,1,1,1,1,1,4,1,2,17,5,1,7,40,2,2,0