Thana,District,Month,Year,Time,Junction_Type,Traffic_Control,Movement,Divider,Weather,Light,Road_Geometry,Surface_Condition,Surface_Type,Surface_Quality,Road_Class,Road_Feature,Location_Type,Vehicle_Type,Vehicle_Movement,Vehicle_Loading,Vehicle_Defect,Vehicle_Driver_Age,Vehicle_Alcohol,Vehicle_Seat_Belt,Accident_Severity
3,17,7,2003,2,1,1,2,2,1,1,1,1,1,1,1,1,2,19,11,2,6,25,1,2,0
3,17,9,2003,3,3,1,1,1,1,1,1,1,1,1,1,1,2,19,6,2,1,33,1,2,0
6,17,9,2003,3,1,1,1,2,1,1,2,1,1,1,4,1,2,8,2,1,1,48,2,2,0
8,17,7,2003,2,1,1,2,2,1,1,1,1,1,1,3,1,2,6,1,1,1,33,2,2,0
10,17,7,2003,2,1,1,1,2,1,1,1,1,1,1,1,1,2,8,6,1,1,33,2,2,0
10,17,9,2003,3,1,3,2,2,1,1,1,1,1,1,1,1,2,8,6,1,1,33,2,2,0
2,17,8,2003,3,1,1,2,2,1,1,1,1,2,2,3,1,2,7,6,1,1,33,2,2,0
2,17,9,2003,3,1,3,2,2,1,1,1,1,1,1,3,1,2,8,6,1,1,30,2,2,0
4,14,10,2003,4,1,7,2,2,1,2,1,1,1,1,5,1,1,5,6,1,1,33,1,2,3
3,14,10,2003,1,3,1,2,2,1,1,1,1,1,1,5,1,1,4,6,1,1,37,2,2,1
4,14,9,2003,2,7,3,2,2,1,1,1,1,1,1,5,1,2,14,6,1,7,33,2,2,0
2,14,9,2003,3,1,1,2,2,1,1,1,1,1,1,5,1,1,8,1,1,1,33,2,2,0
3,14,9,2003,2,3,1,2,2,1,1,1,1,1,1,5,1,1,12,6,2,1,33,1,2,1
10,9,7,2003,2,1,1,2,2,1,2,1,1,1,1,1,1,2,14,11,1,1,33,2,2,0
1,12,10,2003,2,1,1,2,2,1,1,1,1,1,1,3,1,2,8,6,1,1,35,2,2,0
1,11,10,2003,1,4,1,2,2,1,1,1,1,1,1,2,1,1,14,6,1,1,32,2,2,0
10,11,10,2003,3,3,3,1,2,1,2,1,1,1,1,3,1,2,8,6,1,1,35,2,2,0
8,7,10,2003,2,1,1,1,2,1,1,1,1,1,1,3,1,2,9,6,1,1,33,2,2,0
3,3,9,2003,4,1,1,2,2,1,2,1,1,1,1,4,1,2,6,6,1,1,30,2,2,0
4,3,9,2003,4,1,1,2,2,1,1,1,1,1,1,3,1,2,9,5,1,1,30,2,2,1
1,9,3,2003,2,1,3,2,2,1,1,1,1,1,1,5,1,1,14,6,1,1,33,2,2,0
6,4,2,2003,3,1,1,2,1,1,1,1,1,1,1,1,1,2,8,6,1,1,33,2,2,1
1,4,6,2003,2,1,1,2,2,2,1,1,2,1,1,2,5,2,14,11,1,1,35,2,2,1
6,4,8,2003,2,1,1,2,2,1,1,1,1,1,1,1,1,1,8,6,1,1,42,2,2,0
5,4,8,2003,3,1,3,2,2,1,1,1,2,1,1,3,1,2,14,6,2,7,30,2,2,0
1,4,7,2003,2,1,1,2,2,1,1,1,1,1,1,3,1,1,9,6,1,1,33,2,2,1
1,4,5,2003,3,1,1,2,2,1,1,1,1,1,1,3,1,2,8,6,1,1,35,2,2,0
2,13,10,2003,3,1,1,2,2,1,1,1,1,1,1,3,1,2,19,6,1,1,33,2,2,0
5,5,4,2003,1,3,1,2,1,1,2,1,1,1,1,1,1,2,14,6,1,1,41,2,2,0
5,5,3,2003,3,1,1,1,2,1,1,1,1,1,1,1,1,2,9,6,1,1,40,2,2,0
5,5,1,2003,2,1,1,2,1,4,2,1,1,1,1,1,1,2,13,6,1,1,34,2,2,0
5,5,1,2003,2,1,1,2,2,4,1,1,2,1,1,1,1,1,9,9,1,1,45,2,2,3
5,5,1,2003,3,1,1,2,1,1,1,1,1,1,1,1,1,2,4,6,1,1,33,2,1,0
1,5,9,2003,3,7,8,2,2,1,1,1,1,1,1,1,1,2,9,6,1,1,33,2,2,0
1,5,6,2003,3,1,1,2,2,1,1,1,1,1,2,5,1,1,8,5,2,1,35,1,2,0
1,5,1,2003,2,1,8,2,2,1,1,1,1,1,1,1,1,1,14,6,1,1,33,1,2,0
8,5,5,2003,4,1,8,2,1,1,4,1,1,1,1,1,1,2,14,6,1,1,33,2,2,0
8,5,1,2003,3,3,3,2,1,1,1,1,1,1,1,1,1,1,14,6,2,1,33,2,2,0
5,5,4,2003,2,1,1,2,2,1,1,1,1,1,1,4,1,2,14,6,1,1,40,2,2,0
5,5,5,2003,3,1,1,2,1,1,1,1,1,1,1,1,1,2,12,6,1,1,35,1,2,0
5,5,7,2003,2,1,1,2,1,2,1,1,2,1,1,1,1,2,9,6,1,1,33,2,2,1
5,5,9,2003,1,1,1,2,1,1,4,3,1,1,1,1,2,2,14,6,1,1,28,2,2,0
5,5,9,2003,2,1,1,2,2,1,1,1,1,1,1,1,1,2,8,6,1,1,35,2,2,0
6,5,1,2003,3,2,1,2,2,1,1,1,1,1,1,1,1,2,9,6,1,1,33,2,2,0
6,5,6,2003,2,1,1,1,1,1,1,1,2,1,1,1,1,2,9,6,1,1,33,2,2,1
6,5,7,2003,1,7,1,2,2,1,4,1,1,1,1,3,1,2,14,6,1,1,33,2,2,0
6,5,9,2003,4,7,1,2,2,1,2,1,1,1,1,1,1,2,13,6,1,1,33,2,2,0
7,5,2,2003,4,1,8,1,2,4,4,1,1,1,1,1,1,2,9,6,1,1,33,2,2,0
11,3,10,2003,1,1,1,2,2,1,1,1,1,1,1,3,1,2,8,6,2,1,33,1,2,1
2,5,3,2003,3,1,3,2,2,1,1,1,1,1,1,3,1,2,9,6,2,1,33,1,2,0
5,15,10,2003,3,1,1,2,2,1,1,1,1,1,1,3,1,2,9,6,1,1,33,2,2,0
1,2,11,2003,2,1,4,2,2,1,1,1,1,1,1,1,1,2,14,6,1,7,33,1,2,0
4,12,11,2003,4,7,8,1,2,1,4,1,5,1,3,3,1,2,14,5,2,7,33,1,2,0
8,13,11,2003,2,1,1,2,2,1,1,1,1,1,1,1,1,2,9,6,1,1,40,2,2,0
5,13,11,2003,2,1,1,2,1,1,1,1,1,1,1,2,1,2,8,6,1,5,36,2,2,3
6,13,11,2003,3,1,1,2,2,1,1,5,2,2,1,2,1,1,19,11,1,1,33,2,2,0
6,3,11,2003,4,1,1,2,2,1,1,1,1,1,1,3,1,2,9,6,2,1,33,2,2,0
3,14,11,2003,2,7,8,1,2,1,1,1,1,1,1,2,1,2,8,6,1,7,33,2,2,0
2,14,11,2003,2,1,1,2,2,1,1,1,1,1,1,1,1,1,9,6,1,1,33,2,2,1
3,1,11,2003,2,1,8,2,2,1,1,1,1,1,1,1,1,2,12,6,1,1,35,2,1,1
4,15,11,2003,2,1,1,2,2,1,1,1,1,1,1,1,1,2,9,6,1,7,40,2,2,0
6,15,11,2003,2,1,1,2,2,1,1,1,1,1,1,1,1,2,8,6,1,7,35,2,2,0
1,4,11,2003,2,1,1,2,2,1,1,1,1,1,1,3,1,2,9,6,2,2,35,2,2,0
5,4,11,2003,3,1,1,2,2,1,1,1,1,1,1,3,1,2,9,6,1,1,47,2,2,0
5,4,11,2003,3,1,1,2,2,1,1,1,1,1,1,3,1,2,7,6,1,1,33,2,2,0
2,4,11,2003,3,1,1,2,2,1,1,1,1,1,1,3,1,2,9,6,1,1,33,2,2,0
5,11,11,2003,2,1,1,2,2,1,1,1,1,1,1,2,1,2,7,6,1,1,26,2,2,0
3,11,11,2003,1,1,1,2,2,1,1,1,1,1,1,2,1,2,14,1,1,1,35,2,2,0
1,14,12,2003,2,3,1,2,2,1,1,1,1,1,1,1,1,1,14,6,1,1,33,2,2,0
1,14,12,2003,1,7,8,2,2,1,2,1,1,2,1,5,1,1,9,7,1,1,33,2,2,0
3,14,12,2003,4,1,8,2,1,1,1,1,1,1,1,5,1,2,7,11,1,7,33,1,2,0
10,7,12,2003,2,7,8,2,2,1,1,1,1,1,1,3,1,2,13,6,1,3,20,2,2,1
1,7,12,2003,3,7,1,2,2,1,1,2,1,1,1,2,1,2,14,6,1,1,33,2,2,0
10,7,12,2003,4,7,1,2,2,1,3,1,1,1,1,2,1,2,9,11,1,1,41,2,2,1
4,11,11,2003,1,1,1,2,2,1,1,1,1,1,1,2,1,2,19,11,1,7,32,2,2,0
1,11,11,2003,2,4,1,2,2,1,1,2,1,1,2,2,1,1,10,6,1,1,33,2,2,0
3,3,12,2003,4,1,1,2,2,1,1,1,1,1,1,2,1,1,17,1,1,1,33,2,2,3
3,3,12,2003,3,1,1,2,2,1,1,1,1,1,1,2,1,2,9,6,1,1,32,2,2,0
11,9,10,2003,3,1,1,2,2,1,1,1,1,1,1,1,1,2,9,6,1,1,33,2,2,0
11,9,11,2003,2,5,1,1,2,1,1,1,1,1,1,3,3,2,8,1,1,3,40,1,2,0
10,9,7,2003,1,3,1,2,2,1,2,1,1,1,1,1,1,1,14,6,2,1,37,2,2,0
12,9,11,2003,3,1,1,2,2,1,1,1,1,1,1,1,1,1,9,5,1,1,33,2,2,0
4,12,12,2003,1,7,8,2,2,1,4,1,1,1,1,2,1,2,8,6,1,7,33,2,2,0
3,9,10,2003,2,3,8,1,2,1,1,1,1,1,1,3,1,2,8,11,1,1,35,2,2,0
5,9,11,2003,2,1,8,2,2,1,1,1,1,1,1,1,1,2,14,6,1,1,33,2,2,0
2,9,12,2003,2,1,1,2,1,1,1,1,1,1,1,1,1,1,8,6,1,7,33,1,2,0
11,9,12,2003,3,7,1,2,2,1,1,1,1,1,1,1,1,1,9,11,1,1,45,2,2,0
2,1,12,2003,2,1,1,1,2,4,1,2,1,1,1,3,1,2,8,2,1,1,38,2,2,1
3,1,12,2003,3,1,1,2,2,1,1,1,1,1,1,4,1,2,14,11,1,1,33,2,2,0
1,10,10,2003,3,7,1,2,2,1,1,1,1,1,1,3,1,2,8,11,1,7,40,2,2,0
3,10,12,2003,1,1,8,1,2,1,1,1,1,1,1,2,1,2,4,6,1,1,33,2,2,3
2,10,10,2003,2,7,1,2,2,2,1,2,2,1,1,3,1,2,8,2,1,1,33,2,2,3
8,11,11,2003,2,1,1,2,2,1,1,1,1,1,1,4,1,2,4,6,1,7,33,1,2,0
7,16,3,2003,3,1,3,2,2,1,1,1,1,1,1,5,1,1,9,11,1,1,33,2,2,0
7,16,3,2003,4,1,1,2,2,1,1,1,1,1,1,4,1,2,19,6,1,1,33,2,2,0
7,16,5,2003,3,1,1,2,2,1,1,1,1,1,1,1,1,2,9,6,1,1,33,2,2,0
7,16,11,2003,2,1,1,2,2,1,1,1,1,1,1,1,1,2,9,6,1,1,33,2,2,0
9,16,9,2003,2,1,2,2,2,1,1,1,1,1,1,1,1,2,16,6,1,1,33,1,2,0
1,16,3,2003,2,1,1,2,2,1,1,1,1,1,1,3,1,2,14,6,1,1,33,2,2,0
1,16,3,2003,3,7,4,1,2,1,1,1,1,1,1,5,1,1,9,6,1,1,38,2,2,0
1,16,6,2003,3,1,1,1,2,1,1,1,1,1,1,3,1,2,8,4,2,1,33,1,2,0
1,16,6,2003,2,1,1,1,1,1,1,1,1,1,1,3,1,1,9,6,1,1,33,2,2,0
1,16,9,2003,2,7,8,2,2,1,1,1,1,1,1,3,1,2,4,4,1,1,33,2,2,0
1,16,11,2003,3,1,1,2,2,1,1,1,1,1,1,3,1,2,9,6,1,1,33,2,2,1
1,16,12,2003,3,1,8,1,2,1,1,1,1,1,1,3,1,2,9,6,1,1,33,2,2,0
8,16,12,2003,3,1,1,2,1,1,1,1,1,1,1,1,1,2,9,6,1,1,33,2,2,0
10,16,3,2003,2,1,1,1,2,1,1,1,1,1,1,3,1,2,14,6,1,1,33,2,2,0
10,16,3,2003,3,1,1,2,2,1,1,1,1,1,1,1,1,2,9,6,1,1,33,2,2,0
10,16,4,2003,1,1,1,2,2,1,1,1,1,1,1,1,1,2,14,6,1,1,33,1,2,0
10,16,5,2003,2,1,1,2,2,1,1,1,1,1,1,1,1,2,14,6,1,1,33,2,2,0
10,16,5,2003,5,1,1,2,2,1,1,1,1,1,1,1,1,2,14,6,1,1,33,2,2,0
10,16,6,2003,3,1,1,2,1,1,1,1,1,1,1,1,1,2,9,6,1,1,33,2,2,1
10,16,6,2003,4,1,1,2,2,1,1,1,1,1,1,1,1,2,9,6,1,1,33,2,2,1
10,16,6,2003,4,1,1,2,2,1,1,1,1,1,1,1,1,1,7,6,1,1,33,2,2,0
10,16,7,2003,1,1,1,1,1,1,1,2,1,1,1,1,1,2,9,6,1,1,33,2,1,0
10,16,7,2003,3,1,1,2,2,1,1,1,1,1,1,1,1,1,9,6,1,1,33,2,2,3
10,16,7,2003,1,1,1,2,2,1,1,1,1,1,1,1,1,1,9,6,1,1,33,2,1,0
10,16,8,2003,2,1,1,2,1,1,1,1,1,1,1,1,1,2,9,6,1,1,33,2,2,0
10,16,8,2003,5,1,1,2,2,1,1,1,1,1,1,1,1,2,9,6,1,1,33,2,2,0
10,16,9,2003,5,1,1,2,2,1,1,1,1,1,1,1,1,1,9,6,1,1,33,2,2,0
10,16,9,2003,3,1,1,2,2,1,1,1,1,1,1,1,1,2,14,6,1,1,33,2,2,0
10,16,10,2003,5,1,1,2,2,1,1,1,1,1,1,1,1,2,7,6,1,1,33,2,2,0
10,16,10,2003,3,1,1,2,2,1,1,1,1,1,1,1,1,2,14,6,1,1,33,2,2,0
10,16,10,2003,3,1,1,2,2,1,1,1,1,1,1,1,1,2,9,6,1,1,33,2,2,1
10,16,11,2003,1,1,1,2,2,1,1,1,1,1,1,1,1,2,9,6,1,1,33,2,2,0
10,16,12,2003,1,1,1,2,2,1,1,1,2,1,1,1,1,2,9,6,1,1,33,2,2,0
11,16,4,2003,3,1,1,2,2,1,1,1,1,1,1,1,1,2,9,6,1,1,33,2,2,0
11,16,7,2003,1,1,1,2,2,1,4,1,1,1,1,1,1,2,9,6,1,1,33,2,2,1
11,16,9,2003,1,7,1,2,2,2,2,1,2,1,2,1,1,2,14,6,1,1,33,2,2,0
11,16,8,2003,3,1,1,2,2,1,1,1,1,1,1,1,1,2,16,6,1,1,38,2,2,0
11,16,9,2003,2,1,1,2,2,1,1,1,1,1,1,1,1,2,12,6,1,1,33,2,2,0
11,16,7,2003,2,1,1,2,2,1,1,1,1,1,1,1,1,2,8,4,1,1,33,2,2,0
11,16,10,2003,3,7,3,1,2,1,1,1,1,1,1,1,2,2,9,5,1,1,33,2,2,0
11,16,11,2003,1,1,3,2,2,1,3,1,1,1,1,1,1,2,19,11,1,1,33,2,2,0
6,16,5,2003,4,1,1,2,2,1,4,1,1,1,1,1,1,2,14,6,1,1,33,2,2,0
6,16,7,2003,2,1,1,2,2,1,4,1,1,1,1,1,1,2,14,6,1,1,33,2,2,0
6,16,7,2003,4,1,1,2,2,1,4,1,1,1,1,1,1,2,14,11,1,3,33,2,2,0
2,16,9,2003,3,1,3,2,2,1,1,1,1,1,1,4,1,2,8,6,2,1,30,1,2,0
8,16,4,2003,3,7,1,1,2,1,2,1,1,3,1,4,1,2,19,6,1,1,40,2,2,0
8,16,7,2003,2,7,1,2,2,2,1,1,2,1,1,3,1,2,19,11,1,1,25,2,2,0
8,16,10,2003,3,2,1,2,2,2,1,1,2,1,1,1,1,2,7,6,1,1,22,2,2,0
1,32,1,2003,2,3,1,2,2,1,1,1,1,1,1,2,1,1,8,6,1,1,30,2,2,0
1,32,2,2003,2,1,1,2,2,1,1,1,1,1,1,2,1,1,9,6,1,1,33,2,2,0
6,30,1,2003,3,1,1,2,2,1,1,1,1,1,1,4,1,2,9,6,1,1,30,1,2,1
4,30,2,2003,3,1,1,2,2,1,1,1,1,1,1,3,1,2,8,6,1,1,40,2,2,0
5,30,1,2003,3,1,1,2,2,1,1,4,1,3,2,4,1,2,4,6,1,1,32,2,2,0
5,30,2,2003,2,1,1,2,2,1,1,1,1,1,1,4,1,2,10,6,1,1,22,2,2,0
5,30,2,2003,3,1,1,2,2,1,1,1,1,1,1,4,1,2,9,6,1,1,33,2,2,0
5,27,3,2003,2,3,1,2,2,1,1,4,1,1,2,2,1,1,4,6,1,1,33,2,1,0
5,30,2,2003,2,1,1,2,2,1,1,1,1,1,1,4,1,2,6,6,1,1,33,2,2,0
5,30,3,2003,3,1,1,2,2,1,1,1,1,1,1,4,1,2,4,6,1,1,33,2,1,0
6,34,2,2003,3,1,1,2,2,1,1,1,1,1,1,2,1,2,9,6,1,1,33,2,2,3
6,34,3,2003,2,1,1,2,2,1,1,1,1,1,1,1,1,2,12,6,1,1,47,2,2,0
1,34,3,2003,3,1,1,2,2,1,1,1,1,1,1,5,1,1,9,6,1,1,33,1,2,0
7,30,4,2003,5,1,1,2,2,1,4,1,1,1,1,1,1,2,6,6,2,1,25,1,2,0
5,30,4,2003,2,1,1,2,2,1,1,1,1,1,1,4,1,2,4,6,1,1,33,2,2,0
2,32,4,2003,3,7,8,2,2,1,1,1,1,1,1,2,1,2,9,6,2,1,33,2,2,0
5,27,5,2003,2,3,8,2,2,1,1,1,1,1,1,3,1,2,9,6,1,1,33,2,2,0
1,31,5,2003,2,2,1,2,2,1,1,1,1,1,1,5,1,1,7,6,1,1,35,2,2,3
1,27,6,2003,1,1,5,2,2,1,1,1,1,1,1,2,1,1,8,11,1,3,33,2,2,3
2,27,6,2003,3,1,1,2,2,1,1,1,1,1,1,2,1,2,6,6,1,1,33,2,2,0
1,32,1,2003,5,7,1,2,2,4,1,1,1,1,1,1,1,2,9,2,2,1,35,1,2,0
1,32,5,2003,2,7,1,2,2,1,1,1,1,1,1,1,1,2,9,6,1,7,33,2,2,0
3,33,2,2003,5,1,1,2,2,1,1,1,1,1,1,2,1,2,6,6,1,2,33,2,2,0
3,33,3,2003,2,1,1,2,2,1,1,1,1,1,1,4,1,2,9,6,1,1,33,2,2,0
3,33,6,2003,2,1,1,2,2,1,1,1,1,1,1,3,1,2,14,11,1,7,33,2,2,0
3,33,7,2003,3,1,1,2,2,1,1,1,1,1,1,4,1,2,14,6,1,4,33,2,2,0
4,33,4,2003,2,7,1,2,2,1,1,1,1,1,1,2,1,2,9,6,1,1,33,2,2,3
4,33,6,2003,2,1,1,2,2,1,1,1,1,1,1,2,1,2,9,6,1,1,33,2,2,2
4,33,6,2003,3,1,1,2,2,1,1,1,1,1,1,3,1,2,9,6,1,1,33,1,2,0
1,33,5,2003,3,2,1,2,2,1,1,1,1,1,1,1,1,2,16,6,1,1,33,2,2,0
5,33,3,2003,3,1,1,2,2,1,1,1,1,1,1,2,1,1,14,6,1,1,28,2,2,3
5,33,3,2003,3,1,1,2,2,1,1,1,1,1,1,5,1,1,13,6,1,1,33,2,2,0
5,33,4,2003,2,1,1,2,2,1,1,1,1,1,1,2,1,1,9,6,2,1,40,2,2,0
5,30,5,2003,3,1,1,2,2,1,1,1,1,1,1,4,1,2,19,6,1,1,33,2,2,0
7,30,5,2003,3,3,1,2,2,1,1,1,1,1,1,1,1,2,9,4,1,1,25,2,2,1
1,30,5,2003,2,1,1,2,2,1,1,1,1,1,1,1,1,2,8,1,1,1,35,2,2,0
1,30,6,2003,2,1,8,2,2,1,1,1,1,1,1,1,1,2,12,6,1,1,33,2,2,0
6,34,4,2003,3,1,1,2,2,1,1,1,5,1,1,1,1,2,9,11,1,7,33,2,2,2
6,34,5,2003,2,1,3,2,2,1,1,1,1,1,1,1,1,2,14,6,1,1,33,1,2,0
6,34,6,2003,2,1,3,2,2,1,1,1,1,1,1,1,1,2,9,6,1,1,33,2,2,0
5,34,7,2003,5,1,1,2,2,1,1,1,1,1,1,4,1,2,19,6,1,1,33,2,2,2
5,27,7,2003,3,1,8,2,2,1,1,1,1,1,1,3,1,2,9,6,1,1,30,1,2,0
2,27,7,2003,3,2,1,2,2,1,1,1,1,1,1,2,1,1,8,6,1,1,33,2,2,1
5,33,8,2003,1,7,1,2,2,1,4,1,1,1,1,2,2,2,14,6,2,1,35,2,2,0
1,33,7,2003,2,7,3,2,2,1,1,1,1,1,1,1,1,2,14,6,1,1,33,2,2,0
1,33,8,2003,2,2,4,2,2,1,1,1,1,1,1,5,1,1,5,9,1,1,35,2,2,0
1,31,11,2003,3,1,1,2,2,1,1,2,1,1,1,2,1,1,9,2,1,1,35,2,2,0
6,27,5,2003,2,2,1,2,2,2,1,1,3,3,2,4,3,2,6,6,2,1,33,2,2,3
2,27,10,2003,3,1,1,2,2,1,1,1,1,1,1,2,1,2,4,6,1,1,38,2,1,0
2,27,11,2003,2,1,1,2,2,1,1,1,1,1,1,2,1,2,10,6,1,1,33,2,2,0
2,27,11,2003,2,1,1,2,2,1,1,1,1,1,3,2,1,2,9,6,1,3,24,1,2,0
4,30,9,2003,2,1,1,2,2,1,1,1,1,1,1,4,1,2,4,6,1,1,22,2,1,3
5,30,10,2003,3,1,4,2,2,1,1,1,1,1,1,4,1,2,6,11,1,1,33,2,2,0
4,30,10,2003,2,1,1,2,2,1,1,1,1,1,1,4,1,2,6,6,1,1,33,2,2,0
1,30,11,2003,3,1,1,2,2,1,1,1,1,1,3,1,1,2,9,6,1,1,33,2,2,0
2,30,11,2003,2,1,1,2,2,1,1,1,1,1,3,4,1,2,6,6,1,1,33,2,2,0
1,27,9,2003,3,1,2,2,2,1,1,1,1,1,1,1,1,2,9,6,1,1,33,2,2,0
1,27,9,2003,2,1,1,2,2,1,1,1,1,1,1,2,1,2,8,6,1,1,33,2,2,3
1,30,8,2003,3,2,1,2,2,1,1,1,1,1,1,1,1,2,8,6,1,1,33,1,2,0
4,33,12,2003,2,3,1,2,2,1,1,1,1,3,2,4,1,2,19,6,1,1,33,2,2,0
2,33,9,2003,2,1,8,2,2,1,1,1,1,1,1,1,1,2,14,6,1,1,33,1,2,0
2,33,10,2003,4,1,3,2,2,1,2,1,1,1,1,4,1,2,13,7,2,2,42,1,2,0
2,33,10,2003,3,1,1,2,2,1,1,1,1,1,1,1,1,2,9,6,1,1,33,1,2,1
2,32,10,2003,2,1,1,2,2,1,1,2,1,1,3,4,1,2,6,6,1,1,33,2,2,0
4,32,10,2003,3,1,1,2,2,1,2,1,1,1,1,1,1,2,9,6,1,1,33,2,2,0
4,32,11,2003,2,1,1,2,2,1,2,1,1,1,3,1,1,2,14,1,1,1,33,1,2,1
1,32,9,2003,2,1,1,2,2,1,1,1,1,1,1,1,1,2,9,6,1,3,33,2,2,0
6,34,8,2003,3,1,1,2,2,1,1,1,1,1,1,1,1,2,7,6,1,1,33,2,2,1
6,34,10,2003,2,1,1,2,2,1,1,1,1,1,1,1,1,2,9,6,1,1,28,2,2,0
1,34,4,2003,2,1,1,2,2,1,1,1,1,1,1,1,4,2,9,6,1,3,33,1,2,1
1,34,12,2003,3,3,2,2,2,1,1,1,1,1,1,1,1,1,14,6,1,1,33,1,2,0
1,34,12,2003,3,1,1,2,2,1,1,1,1,1,1,5,1,1,9,6,1,1,33,1,2,0
1,34,12,2003,4,2,1,2,2,1,1,1,1,1,1,5,1,1,14,7,1,1,45,2,2,3
4,34,2,2003,4,1,1,2,2,1,3,1,1,1,1,1,2,2,9,6,1,1,33,2,2,0
4,34,3,2003,3,1,1,2,2,1,1,1,1,1,1,1,1,2,9,6,1,1,33,2,2,0
10,34,11,2003,2,1,1,2,2,1,1,1,1,1,1,1,1,2,9,6,1,1,40,2,2,1
3,34,11,2003,2,1,1,2,2,1,1,1,1,1,1,1,1,2,9,6,1,3,45,2,2,0
9,34,6,2003,3,1,1,2,2,1,1,1,1,1,1,4,1,2,6,11,1,1,32,2,2,0
7,34,5,2003,2,1,1,2,2,1,1,1,1,1,1,2,1,2,11,6,1,1,33,2,2,0
7,34,8,2003,2,1,1,2,2,1,1,1,1,1,1,2,1,2,12,11,1,1,33,2,2,1
7,34,8,2003,4,1,1,2,2,1,2,1,1,1,1,2,1,2,12,6,1,1,33,2,2,1
1,34,9,2003,4,7,8,2,2,1,2,5,1,1,1,5,1,1,19,11,1,1,35,2,2,0
6,40,1,2003,3,1,1,2,2,1,1,1,1,1,1,1,1,2,9,6,1,1,40,2,2,0
1,38,1,2003,3,1,1,2,2,1,2,1,1,1,1,1,1,2,14,6,1,1,33,2,2,0
3,38,1,2003,3,1,1,2,2,1,1,1,1,1,1,1,1,1,9,6,1,1,33,2,2,1
6,38,1,2003,4,1,1,2,2,1,2,1,1,1,1,1,1,2,7,6,1,1,30,2,2,1
3,38,2,2003,2,1,1,2,2,1,1,1,1,1,1,1,1,2,8,6,1,1,33,2,2,0
6,38,2,2003,3,1,1,2,2,1,1,1,1,1,1,1,1,2,16,6,1,1,40,2,2,1
1,35,1,2003,3,1,1,2,2,1,1,1,1,1,1,2,1,2,8,6,1,1,33,2,2,0
1,35,1,2003,2,1,1,2,2,1,1,1,1,1,2,3,4,2,4,6,1,1,33,2,2,0
2,35,1,2003,3,1,1,2,2,4,4,1,1,3,3,3,1,2,14,6,1,1,33,2,2,0
3,35,1,2003,4,1,1,2,2,1,4,1,1,1,1,3,1,2,8,6,1,1,33,2,2,1
4,35,1,2003,3,1,1,2,2,1,1,1,1,1,1,1,1,2,7,6,1,1,33,2,2,0
1,35,2,2003,2,1,1,2,2,1,1,1,1,1,1,3,1,2,14,6,1,1,28,2,2,0
3,36,2,2003,3,1,1,2,2,1,1,1,1,1,1,1,1,2,14,6,1,1,28,2,2,0
3,36,2,2003,2,1,1,2,2,1,1,1,1,1,1,1,1,2,9,6,1,1,35,2,2,0
3,36,2,2003,3,1,1,2,2,1,1,1,1,1,1,1,1,2,9,6,1,1,33,2,2,0
1,35,2,2003,2,1,1,2,2,1,1,1,1,1,1,3,1,2,17,6,1,1,30,2,2,0
1,35,2,2003,4,1,1,2,2,1,4,1,1,1,1,3,1,2,7,6,1,1,33,2,2,0
1,35,2,2003,3,1,1,2,2,1,1,1,1,1,1,2,1,2,9,6,1,1,33,2,2,0
2,35,2,2003,3,1,1,2,2,1,1,1,1,1,1,3,1,2,6,6,1,1,33,2,2,0
3,35,2,2003,4,1,1,2,2,1,2,1,1,1,1,3,1,2,8,6,1,1,33,2,2,0
5,40,1,2003,3,1,1,2,2,1,1,1,1,1,1,1,1,2,14,6,1,1,33,2,2,0
5,40,1,2003,4,1,1,2,2,4,4,1,1,1,1,1,1,1,13,6,1,1,33,2,2,0
5,40,1,2003,2,1,1,2,2,4,1,1,1,1,1,1,4,2,9,6,1,1,33,2,2,0
5,40,1,2003,3,1,1,2,2,1,1,1,1,1,1,1,1,2,14,6,1,1,33,2,2,0
1,40,2,2003,2,1,1,2,2,1,1,1,1,1,1,1,1,2,8,6,1,1,33,2,2,1
3,40,2,2003,3,1,1,2,2,1,1,1,1,1,1,1,1,2,10,6,1,1,33,2,2,1
6,40,3,2003,4,1,1,2,2,1,2,2,1,1,1,1,1,2,8,6,1,1,33,2,2,1
6,40,3,2003,2,1,1,2,2,1,1,1,1,1,1,1,1,2,8,6,1,1,33,2,2,0
7,40,3,2003,3,1,1,2,2,1,1,1,1,1,1,3,1,2,8,6,1,1,33,2,2,0
7,40,3,2003,3,1,1,2,2,1,1,1,1,1,1,1,1,2,8,6,1,1,33,2,2,1
7,40,3,2003,2,1,1,2,2,2,1,3,2,1,2,3,1,2,8,6,1,1,33,2,2,1
3,38,3,2003,3,1,1,2,2,1,1,1,1,1,1,1,1,2,8,6,1,1,33,2,2,0
6,38,3,2003,3,1,1,2,2,1,1,1,1,1,1,3,1,2,9,6,1,1,33,2,2,0
7,38,3,2003,4,1,1,2,2,1,2,1,1,1,1,1,1,2,9,6,1,1,33,2,2,0
1,35,3,2003,3,1,1,2,2,1,1,1,1,1,1,2,1,2,9,6,1,1,33,2,2,1
2,35,3,2003,2,1,1,2,2,1,1,1,1,1,1,3,1,2,14,6,1,1,33,2,2,1
3,38,4,2003,1,1,1,2,2,1,1,1,1,1,1,1,1,2,7,6,1,1,33,2,2,1