Thana,District,Month,Year,Time,Junction_Type,Traffic_Control,Movement,Divider,Weather,Light,Road_Geometry,Surface_Condition,Surface_Type,Surface_Quality,Road_Class,Road_Feature,Location_Type,Vehicle_Type,Vehicle_Movement,Vehicle_Loading,Vehicle_Defect,Vehicle_Driver_Age,Vehicle_Alcohol,Vehicle_Seat_Belt,Accident_Severity
2,35,4,2003,2,1,1,2,2,1,1,1,1,1,1,3,1,2,4,6,1,1,33,2,2,0
4,35,4,2003,3,1,1,2,2,1,1,1,1,1,1,2,1,2,8,6,1,1,33,2,2,0
1,35,5,2003,2,1,1,2,2,1,1,1,1,1,1,2,1,1,10,6,1,1,35,2,2,0
1,35,5,2003,2,1,1,2,2,1,1,1,1,1,1,2,1,2,9,6,1,1,52,2,2,1
1,35,5,2003,3,1,1,2,2,1,1,1,1,1,1,2,1,2,14,6,1,1,33,2,2,0
1,39,2,2003,3,1,1,2,2,1,1,1,1,1,1,1,1,2,14,6,1,1,33,2,2,1
4,37,5,2003,2,1,1,2,2,1,1,1,1,1,1,3,1,2,14,6,1,1,33,2,2,0
3,38,5,2003,3,1,1,2,2,1,1,1,1,1,1,1,1,2,9,6,1,1,33,2,2,0
6,38,5,2003,1,1,1,2,2,1,2,1,1,1,1,1,1,2,14,6,1,1,40,2,2,0
6,38,5,2003,4,1,1,2,2,1,2,1,1,1,1,1,1,2,14,6,1,1,33,2,2,1
6,38,5,2003,2,1,1,2,2,1,1,1,1,1,1,1,1,2,14,6,1,1,33,2,2,0
7,38,5,2003,2,1,1,2,2,1,1,1,1,1,1,3,1,2,7,6,1,1,33,2,2,1
1,40,4,2003,3,1,1,2,2,1,1,1,1,1,1,1,1,2,9,6,1,1,33,2,2,1
5,40,4,2003,4,1,1,2,2,1,4,1,1,1,1,1,1,2,14,6,1,1,33,2,2,0
6,40,4,2003,3,1,1,2,2,1,1,1,1,1,1,1,1,2,14,6,1,1,33,2,2,1
7,40,4,2003,4,1,1,2,2,1,2,1,1,1,2,3,1,2,8,6,1,1,33,2,2,0
5,40,5,2003,4,1,1,2,2,1,4,1,1,1,1,3,1,2,19,6,1,1,33,2,2,0
5,40,5,2003,2,1,1,2,2,1,1,1,1,1,1,1,1,2,9,6,1,1,28,2,2,0
6,40,5,2003,4,1,1,2,2,1,2,1,1,1,1,1,1,2,11,6,1,1,35,2,2,0
7,40,5,2003,4,1,1,2,2,1,4,1,1,1,1,3,1,2,14,6,1,1,35,2,2,1
7,40,5,2003,4,1,1,2,2,1,2,1,1,1,1,3,1,2,13,6,1,1,33,2,2,0
7,40,5,2003,2,1,1,2,2,1,1,1,1,1,1,3,1,2,14,6,1,1,33,2,2,0
1,38,6,2003,2,1,1,2,2,1,1,1,1,1,1,1,1,2,9,6,1,1,33,2,2,0
3,38,6,2003,3,1,1,2,2,1,1,1,1,1,1,1,1,2,6,6,1,1,33,2,2,0
7,38,6,2003,4,1,1,2,2,1,4,1,1,1,1,1,1,2,14,6,1,1,33,2,2,0
1,35,6,2003,2,1,1,2,2,1,1,1,1,1,3,3,1,2,8,6,1,1,33,2,2,1
2,35,6,2003,2,1,1,2,2,1,1,1,1,1,1,3,1,2,9,6,1,1,33,2,2,0
3,35,6,2003,2,1,1,2,2,1,1,1,1,1,1,3,1,2,8,6,1,1,33,2,2,0
1,40,6,2003,4,1,1,2,2,1,2,1,1,1,1,1,1,2,9,6,1,1,33,2,2,1
3,40,6,2003,3,1,1,2,2,1,1,1,1,1,1,1,1,2,9,6,1,1,33,2,2,0
6,40,6,2003,2,1,1,2,2,1,1,1,1,1,1,1,1,2,10,6,1,1,33,2,2,0
6,40,6,2003,4,1,1,2,2,1,4,1,1,1,1,1,1,2,9,6,1,1,33,2,2,0
6,40,6,2003,4,1,1,2,2,1,4,1,1,1,1,1,1,2,10,6,1,1,33,2,2,1
1,39,5,2003,4,1,1,2,2,1,2,1,1,1,1,1,1,2,9,6,1,1,33,2,2,0
2,39,5,2003,3,1,1,2,2,1,1,1,1,1,1,3,1,2,14,6,1,1,33,2,2,0
3,39,5,2003,1,1,1,2,2,1,2,1,1,1,1,1,1,2,14,6,1,1,33,2,2,0
3,39,5,2003,2,1,1,2,2,1,1,1,1,1,1,1,1,2,9,6,1,1,33,2,2,0
4,39,5,2003,4,1,1,2,2,1,4,1,1,1,1,3,1,2,14,6,1,1,33,2,2,0
4,39,5,2003,4,1,1,2,2,3,4,1,2,1,1,2,1,1,14,6,1,1,33,2,2,0
2,39,6,2003,3,1,1,2,2,1,1,1,1,1,1,3,1,2,10,6,1,1,33,2,2,1
1,38,7,2003,1,1,1,2,2,1,4,1,1,1,1,1,1,2,14,6,1,1,32,2,2,0
1,38,7,2003,2,1,1,2,2,1,1,1,1,1,1,1,1,2,9,6,1,1,35,2,2,0
1,38,7,2003,3,1,1,2,2,1,1,1,1,1,1,1,1,2,7,6,1,1,33,2,2,1
7,38,7,2003,3,1,1,2,2,1,1,1,1,1,1,1,2,2,8,6,1,1,33,2,2,0
1,36,7,2003,3,1,1,2,2,1,1,1,1,1,1,3,1,2,9,6,1,1,33,2,2,1
1,35,4,2003,1,1,1,2,2,1,2,1,1,1,1,1,1,2,14,6,1,1,33,2,2,0
1,35,7,2003,2,1,1,2,2,1,1,1,1,1,1,2,1,2,7,6,1,1,33,2,2,0
1,35,7,2003,3,1,1,2,2,1,1,1,1,1,1,3,1,2,6,6,1,1,33,2,2,0
2,35,7,2003,4,1,1,2,2,1,4,1,1,1,1,3,1,2,9,6,1,1,33,2,2,0
4,35,7,2003,2,1,1,2,2,2,1,1,2,1,1,1,1,2,9,6,1,1,33,2,2,0
1,35,8,2003,3,1,1,2,2,1,1,1,1,1,1,2,1,2,9,6,1,1,28,2,2,0
1,35,8,2003,2,1,1,2,2,1,1,1,1,1,1,3,1,2,4,6,1,1,33,2,2,0
3,35,8,2003,2,1,1,2,2,1,2,1,1,1,1,3,1,2,9,6,1,1,33,2,2,0
4,35,8,2003,4,1,1,2,2,1,2,1,1,1,1,1,1,2,9,6,1,1,33,2,2,0
1,35,9,2003,3,1,1,2,2,1,1,1,1,1,1,2,1,2,8,6,1,1,33,2,2,0
4,35,9,2003,2,1,1,2,2,2,1,1,2,1,1,1,1,2,9,6,1,1,30,2,2,0
4,35,9,2003,4,1,1,2,2,1,3,1,1,1,1,3,1,2,14,6,1,1,33,2,2,0
4,35,9,2003,1,1,1,2,2,1,4,1,1,1,1,1,1,2,14,6,1,1,33,2,2,0
5,35,9,2003,2,1,1,2,2,1,1,1,1,1,1,3,1,2,9,6,1,1,33,2,2,0
12,20,11,2003,2,1,1,2,2,1,2,1,1,1,1,1,1,2,9,6,1,1,33,2,2,0
1,40,7,2003,3,1,1,2,2,1,1,1,1,1,1,1,1,1,9,6,1,1,33,2,2,1
3,40,7,2003,2,1,1,2,2,1,1,1,1,1,1,1,1,2,9,6,1,1,33,2,2,1
3,40,7,2003,4,1,1,2,2,1,4,1,1,1,1,1,1,2,9,6,1,1,33,2,2,1
6,40,7,2003,3,1,1,2,2,1,1,1,1,1,1,1,1,2,14,6,1,1,33,2,2,0
6,40,7,2003,3,1,1,2,2,1,1,1,1,1,1,1,1,2,9,6,1,1,33,2,2,1
6,40,8,2003,4,1,1,2,2,1,4,1,1,1,1,1,1,2,9,6,1,1,33,2,2,0
1,40,9,2003,4,1,1,2,2,1,4,1,1,1,1,1,1,2,9,6,1,1,33,2,2,0
6,40,9,2003,1,1,1,2,2,1,2,1,1,1,1,1,1,2,9,6,1,1,33,2,2,3
1,40,10,2003,2,1,1,2,2,1,1,1,1,1,1,1,1,2,9,6,1,1,33,2,2,0
1,40,10,2003,2,1,1,2,2,1,2,1,1,1,1,1,1,2,7,6,1,1,33,2,2,0
1,40,10,2003,3,1,1,2,2,1,1,1,1,1,1,1,1,2,8,6,1,1,33,2,2,2
3,40,10,2003,3,1,1,2,2,1,1,1,1,1,1,1,1,2,7,6,1,1,33,2,2,0
3,40,10,2003,3,1,1,2,2,1,1,1,1,1,1,1,1,2,5,6,1,1,33,2,2,1
6,40,10,2003,3,1,1,2,2,1,1,1,1,1,1,1,1,2,9,6,1,1,33,2,2,0
6,40,10,2003,2,1,1,2,2,1,1,1,1,1,1,1,1,2,9,6,1,1,33,2,2,0
3,40,11,2003,4,1,1,2,2,1,4,1,1,1,1,1,1,2,13,6,1,1,33,2,2,1
6,40,11,2003,2,1,1,2,2,1,2,1,1,1,1,1,1,2,9,6,1,1,33,2,2,0
6,40,11,2003,3,1,1,2,2,1,2,1,1,1,1,1,1,2,9,6,1,1,33,2,2,0
1,35,11,2003,3,1,1,2,2,1,1,1,1,1,1,2,1,2,2,6,1,1,33,2,2,0
1,35,11,2003,3,1,1,2,2,1,1,1,1,1,1,2,1,2,14,6,1,1,33,2,2,0
1,35,11,2003,4,1,1,2,2,1,4,1,1,1,1,2,1,2,9,6,1,1,40,2,2,1
3,38,9,2003,4,1,1,2,2,1,4,1,1,1,1,1,1,2,14,6,1,1,33,2,2,1
6,38,9,2003,3,1,1,2,2,1,1,1,1,1,1,1,1,2,14,6,1,1,33,2,2,0
1,38,10,2003,2,1,1,2,2,1,1,1,1,1,1,1,1,2,9,6,1,1,33,2,2,0
3,38,10,2003,4,1,1,2,2,1,4,1,1,1,1,1,1,2,9,6,1,1,33,2,2,0
8,38,10,2003,3,1,1,2,2,1,1,1,1,1,1,3,1,2,4,6,1,1,33,2,2,0
3,38,11,2003,3,1,1,2,2,1,1,1,1,1,1,3,1,2,12,6,1,1,33,2,2,0
5,38,11,2003,3,1,1,2,2,1,1,1,1,1,1,3,1,2,9,6,1,1,33,2,2,1
6,38,11,2003,3,1,1,2,2,1,1,1,1,1,1,1,1,2,9,6,1,1,33,2,2,0
1,39,7,2003,3,1,1,2,2,1,1,1,1,1,1,2,1,2,9,6,1,1,33,2,2,0
1,39,7,2003,3,1,1,2,2,1,1,1,1,1,1,2,1,2,9,6,1,1,33,2,2,0
3,39,7,2003,2,1,1,2,2,1,1,1,1,1,1,1,1,2,9,6,1,1,38,2,2,0
3,39,7,2003,3,1,1,2,2,1,1,1,1,1,1,1,1,2,9,6,1,1,33,2,2,0
2,39,8,2003,2,1,1,2,2,1,1,1,1,1,1,3,1,2,9,6,1,1,25,2,2,3
3,39,8,2003,2,1,1,2,2,1,1,1,1,1,1,1,1,2,9,6,1,1,38,2,2,0
3,39,8,2003,2,1,1,2,2,1,1,1,1,1,1,2,1,2,14,6,1,1,32,2,2,0
3,39,8,2003,1,1,1,2,2,1,1,1,1,1,1,1,1,2,9,6,1,1,33,2,2,0
1,39,9,2003,3,1,1,2,2,1,1,1,1,1,1,1,1,2,9,6,1,1,33,2,2,0
1,39,9,2003,2,1,1,2,2,1,1,1,1,1,1,2,1,2,9,6,1,1,33,2,2,1
3,39,9,2003,1,1,1,2,2,1,2,1,1,1,1,1,5,2,14,6,1,1,32,2,2,0
3,39,9,2003,2,1,1,2,2,1,1,1,1,1,1,1,1,2,8,6,1,1,33,2,2,0
1,39,10,2003,3,1,1,2,2,1,1,1,1,1,1,1,1,2,9,6,1,1,33,2,2,0
1,39,10,2003,3,1,1,2,2,1,1,1,1,1,1,2,1,2,9,6,1,1,33,2,2,0
2,39,9,2003,3,1,1,2,2,1,1,1,1,1,1,3,1,2,4,6,1,1,33,2,2,0
3,39,10,2003,3,1,1,2,2,1,1,1,1,1,1,1,1,2,12,6,1,1,33,2,2,0
3,39,10,2003,4,1,1,2,2,1,1,1,1,1,1,1,1,2,9,6,1,1,45,2,2,0
1,39,11,2003,4,1,1,2,2,1,2,1,1,1,1,1,1,2,8,6,1,1,33,2,2,0
1,39,11,2003,2,1,1,2,2,1,1,1,1,1,1,1,1,2,9,6,1,1,45,2,2,0
3,39,11,2003,3,1,1,2,2,1,1,1,1,1,1,1,1,2,9,6,1,1,44,2,2,0
4,39,11,2003,2,1,1,2,2,1,1,1,1,1,1,1,1,1,14,6,1,1,33,2,2,0
6,38,12,2003,2,1,1,2,2,1,1,1,1,1,1,1,1,2,14,6,1,1,33,2,2,0
3,37,9,2003,3,1,1,2,2,1,1,1,1,1,1,3,1,2,6,6,1,1,33,2,2,0
4,37,10,2003,3,1,1,2,2,1,1,1,1,1,1,3,1,2,6,6,1,1,33,2,2,0
6,37,10,2003,2,1,1,2,2,1,1,1,1,1,1,3,1,2,4,6,1,1,33,2,2,0
4,37,11,2003,3,1,1,2,2,1,1,1,1,1,1,3,1,2,9,6,1,1,33,2,2,0
3,39,12,2003,2,1,1,2,2,1,1,1,1,1,1,1,1,2,10,6,1,1,33,2,2,0
4,39,12,2003,2,1,1,2,2,1,1,1,1,1,1,1,1,2,14,6,1,1,33,2,2,1
3,40,12,2003,4,1,1,2,2,1,3,1,1,1,1,1,1,2,9,6,1,1,33,2,2,1
3,40,12,2003,2,1,1,2,2,1,1,1,1,1,1,1,1,2,8,6,1,1,33,2,2,1
7,40,12,2003,2,1,1,2,2,1,1,1,1,1,1,3,1,2,8,6,1,1,33,2,2,0
1,36,10,2003,1,1,1,2,2,1,2,1,1,1,1,1,1,2,13,6,1,1,33,2,2,0
1,36,11,2003,3,1,1,2,2,1,1,1,1,1,1,3,1,2,9,6,1,1,33,2,2,0
3,36,9,2003,1,1,1,2,2,1,4,1,1,1,1,1,1,2,14,6,1,1,33,2,2,0
1,35,10,2003,2,1,1,2,2,1,1,1,1,1,1,1,1,2,9,6,1,1,33,2,2,0
1,35,10,2003,3,1,1,2,2,2,1,1,2,1,1,2,1,2,9,6,1,1,33,2,2,1
1,35,10,2003,4,1,1,2,2,1,4,2,2,1,1,2,1,2,9,6,1,1,33,2,2,0
5,35,10,2003,2,1,1,2,2,1,1,1,1,1,1,3,1,2,9,6,1,1,33,2,2,0
3,28,1,2003,3,1,8,2,2,1,1,1,1,1,2,3,1,1,9,6,1,1,35,2,2,0
2,28,1,2003,3,2,4,2,1,1,1,1,1,1,1,2,1,1,7,6,1,1,33,2,2,0
2,28,4,2003,3,1,8,1,1,1,1,1,5,3,1,5,1,1,12,11,1,1,33,2,2,1
5,28,4,2003,3,1,8,2,1,1,1,1,1,1,1,5,1,1,9,6,1,1,33,2,2,0
5,28,5,2003,3,2,4,1,2,1,1,1,1,1,1,5,5,1,9,9,1,1,33,2,2,0
5,28,7,2003,3,1,1,1,1,1,1,1,1,1,1,5,1,1,9,6,1,1,38,1,2,0
5,28,8,2003,2,2,5,2,1,1,1,2,1,1,1,3,1,1,16,11,1,1,33,2,2,0
1,28,11,2003,2,7,1,2,2,1,1,1,1,1,1,1,1,1,14,6,1,7,33,2,2,1
1,28,8,2003,2,7,1,2,1,1,1,1,1,1,1,5,1,1,14,6,1,1,40,2,2,0
1,28,2,2003,3,1,4,1,1,1,1,1,1,1,1,5,1,1,5,6,1,1,20,2,2,1
1,28,5,2003,2,7,8,1,1,1,1,1,1,1,1,5,1,1,5,11,1,6,27,1,2,0
1,28,5,2003,2,7,3,1,2,1,1,3,1,2,1,1,1,1,14,6,1,7,33,1,2,1
5,28,12,2003,4,7,8,2,2,1,2,5,1,1,1,2,1,1,9,6,1,1,33,1,2,0
2,28,2,2003,2,1,8,2,1,1,1,1,1,1,1,5,1,1,5,6,1,1,25,2,2,3
2,28,3,2003,2,1,2,2,1,1,1,1,1,1,1,5,1,1,9,11,1,1,38,2,2,0
2,28,7,2003,2,1,2,2,1,1,1,1,1,1,1,5,1,1,9,11,1,1,33,2,2,0
2,28,6,2003,4,1,8,1,2,1,4,1,1,1,1,5,1,1,14,11,1,1,33,1,2,0
4,28,7,2003,3,7,4,2,2,1,1,1,1,1,1,1,1,1,9,6,1,1,33,1,1,1
4,28,12,2003,3,1,1,2,2,1,1,1,1,1,1,1,1,2,12,6,1,1,33,2,2,0
4,28,11,2003,3,1,1,2,2,1,1,1,1,1,1,1,1,2,14,6,1,1,33,2,2,0
1,54,1,2003,4,1,1,2,2,1,1,1,1,1,1,1,2,1,6,4,1,1,33,1,0,0
5,54,1,2003,3,1,1,2,2,1,1,1,1,1,1,4,2,1,10,6,2,3,35,1,1,0
9,54,1,2003,3,1,1,2,2,1,2,2,1,3,2,4,1,2,19,6,1,2,28,2,2,0
1,54,1,2003,2,3,1,2,2,1,1,1,1,2,1,4,1,1,4,6,1,7,33,2,2,0
12,54,1,2003,3,7,1,2,2,1,1,1,1,1,1,3,1,2,13,6,1,1,30,2,2,0
12,54,1,2003,2,1,1,2,2,4,1,1,1,1,3,1,2,2,8,6,1,1,33,2,2,1
12,54,2,2003,3,7,1,2,2,1,1,1,1,1,1,4,1,2,4,6,1,2,33,2,2,0
9,54,1,2003,3,1,3,2,2,1,1,1,1,1,1,1,1,2,14,4,1,2,35,1,0,0
1,53,1,2003,2,3,1,2,2,1,1,1,1,1,1,3,1,1,6,1,1,1,23,1,0,1
1,53,1,2003,3,1,1,2,2,1,1,1,1,1,1,3,1,2,8,4,1,2,33,1,0,0
1,53,1,2003,3,1,1,2,2,1,1,1,1,1,1,1,1,2,7,4,1,2,33,1,0,0
1,53,1,2003,3,1,1,2,2,1,1,2,1,1,1,2,1,2,19,1,1,7,33,1,0,1
1,53,1,2003,3,1,1,2,2,1,1,1,1,1,1,3,1,2,19,6,1,2,33,1,0,0
4,53,1,2003,2,7,3,2,2,4,1,1,1,1,2,4,1,2,17,1,1,2,22,1,0,0
7,53,1,2003,4,7,8,2,2,1,2,1,1,1,1,3,1,2,7,1,1,7,33,1,0,0
3,56,1,2003,4,4,3,2,1,2,1,1,1,1,1,1,1,2,9,6,1,2,32,1,0,1
1,54,2,2003,3,2,3,2,2,1,1,1,1,1,1,1,1,2,9,6,1,2,33,1,0,0
1,54,2,2003,4,2,1,2,2,1,2,1,1,1,1,4,2,2,17,11,1,1,35,2,2,1
1,54,2,2003,2,5,4,1,2,1,1,1,1,1,1,5,1,1,14,6,1,1,35,2,2,3
1,54,2,2003,4,1,1,2,2,1,4,1,1,1,1,4,1,2,19,6,1,2,33,1,0,0
12,54,2,2003,3,1,1,1,2,1,1,3,1,1,3,1,2,2,8,6,1,2,33,1,0,0
12,54,2,2003,2,1,1,1,2,1,1,1,1,1,1,3,2,2,19,6,1,2,6,1,0,0
9,54,2,2003,4,1,1,1,2,1,4,1,1,1,1,1,1,2,14,6,1,1,45,2,2,0
4,54,2,2003,1,1,1,2,2,1,1,1,1,1,1,4,1,2,7,6,1,1,33,1,2,0
4,54,2,2003,3,1,1,1,2,1,1,1,1,1,1,4,1,2,12,6,1,1,33,1,2,0
7,54,2,2003,2,1,1,1,2,1,1,1,1,1,1,3,1,2,13,6,1,1,31,2,2,0
7,54,3,2003,3,1,1,2,2,1,1,1,1,1,1,3,1,2,8,6,1,1,36,2,2,0
6,54,2,2003,3,1,1,1,2,1,1,1,1,1,1,2,1,2,14,7,1,1,33,1,0,0
8,54,3,2003,1,7,8,1,2,1,4,1,1,1,1,4,1,2,14,6,1,2,33,2,2,0
8,54,3,2003,3,7,8,1,2,1,1,1,5,1,1,4,1,2,14,11,2,2,33,1,0,0
6,55,1,2003,2,1,2,1,2,1,1,1,1,1,1,4,1,2,9,6,1,1,33,2,2,0
4,55,1,2003,3,7,1,1,2,1,1,1,1,1,1,4,1,2,7,6,2,2,33,1,0,0
1,53,2,2003,1,1,1,1,2,1,4,1,1,1,1,1,1,2,19,6,1,2,33,1,0,0
3,53,2,2003,1,1,1,1,2,1,2,1,1,1,1,3,1,2,13,6,1,1,25,1,2,0
3,53,2,2003,3,7,1,1,2,1,1,1,1,1,1,3,1,2,8,6,1,1,33,2,2,0
3,53,2,2003,3,3,1,1,2,1,1,1,1,1,1,4,1,2,6,6,1,2,30,2,2,0
1,55,2,2003,2,1,1,1,2,1,1,1,1,1,1,1,1,1,9,8,1,1,32,2,2,0
7,56,2,2003,2,1,1,2,2,1,1,1,1,1,1,4,1,2,7,6,1,1,28,2,2,1
7,56,2,2003,2,1,1,2,2,1,1,1,1,1,3,1,1,2,9,6,1,1,43,2,2,1
5,56,2,2003,2,1,1,2,2,1,1,1,1,1,1,4,1,2,5,6,2,1,25,2,2,0
6,56,2,2003,2,1,1,2,2,1,1,1,1,1,1,3,1,2,11,6,1,6,33,2,2,0
1,54,3,2003,2,7,1,2,2,1,2,1,1,1,1,5,1,1,13,6,1,2,33,1,0,0
1,54,3,2003,4,2,1,2,2,1,4,1,1,1,1,3,1,2,9,6,1,1,33,2,2,0
1,54,3,2003,3,7,1,2,2,1,1,3,1,2,2,4,1,2,19,6,1,2,33,1,0,0
1,54,3,2003,3,7,8,2,2,1,1,2,1,1,1,3,2,2,11,2,1,2,33,1,0,0
1,54,3,2003,3,2,1,2,2,1,1,1,1,1,1,4,2,2,10,6,1,1,23,2,2,1
5,54,3,2003,3,7,1,2,2,1,1,1,1,1,1,4,1,2,14,6,1,2,33,1,0,0
9,54,3,2003,4,3,1,2,2,1,4,1,1,1,1,1,1,2,13,5,1,1,33,1,2,0
12,54,1,2003,2,7,8,2,2,4,2,2,1,1,1,3,1,2,9,6,1,1,33,1,0,1
2,54,3,2003,3,1,1,2,2,1,1,1,1,1,1,2,1,2,7,6,1,1,30,2,2,0
7,54,3,2003,2,7,2,2,2,1,1,1,1,1,1,3,1,2,9,11,1,2,35,1,0,0
11,54,3,2003,2,3,1,2,2,1,1,1,1,1,1,3,1,2,8,6,1,1,42,1,2,0
3,54,3,2003,3,7,1,2,2,1,1,4,1,3,1,4,1,2,17,11,1,1,33,1,2,0
3,54,3,2003,3,1,1,2,2,1,1,1,1,1,3,4,1,2,13,11,1,7,33,1,2,0
3,53,3,2003,3,1,1,2,2,1,1,1,1,1,1,3,1,2,8,6,1,1,30,2,2,0
1,53,3,2003,2,3,8,2,2,1,1,1,1,1,1,1,1,1,9,6,1,1,33,2,2,0
5,56,2,2003,2,7,1,2,2,1,1,1,1,2,2,4,1,2,19,6,1,2,35,2,2,0
5,56,3,2003,2,1,8,2,2,1,1,1,1,1,1,4,1,2,6,6,1,6,33,2,2,0
5,56,3,2003,3,1,8,1,1,1,1,1,1,1,1,1,1,2,9,6,1,1,33,2,2,3
7,56,3,2003,3,1,1,2,2,1,1,1,1,1,3,1,1,2,9,6,1,1,33,1,0,0
4,56,3,2003,2,1,1,1,2,1,2,1,1,1,1,3,1,2,7,7,1,2,33,1,0,0
1,55,3,2003,4,7,1,2,2,1,2,1,1,1,1,3,1,1,8,6,1,1,35,2,2,3
1,55,3,2003,2,1,1,2,2,1,1,1,1,1,1,4,1,2,8,5,1,1,30,2,2,1
6,55,3,2003,3,1,1,2,2,1,1,1,1,1,1,4,1,2,5,6,1,7,25,1,2,1
5,55,3,2003,4,1,1,2,2,1,2,1,1,1,1,3,1,2,10,6,1,1,19,2,2,0
5,55,4,2003,3,1,1,2,2,1,1,1,1,1,1,3,1,2,9,6,1,1,42,2,2,0
2,55,4,2003,1,1,1,1,2,1,1,1,1,1,1,3,1,2,1,6,1,1,28,2,2,0
1,54,4,2003,2,7,1,2,2,1,1,1,1,1,1,1,3,2,8,6,1,7,33,1,0,0
1,54,4,2003,3,7,1,2,2,1,1,1,1,1,1,2,1,2,14,6,1,1,37,2,2,0
1,54,4,2003,2,2,3,2,2,1,1,1,1,1,1,5,1,1,13,6,1,2,33,1,0,0
1,54,4,2003,3,7,1,2,2,1,1,1,1,1,1,1,1,2,13,6,1,7,33,2,2,0
5,54,4,2003,2,1,1,2,2,1,1,1,1,1,1,4,1,2,14,6,2,1,40,1,2,0
8,54,4,2003,2,7,8,2,2,1,1,1,1,1,1,4,1,2,5,6,1,1,28,2,2,0
7,54,4,2003,3,1,1,2,2,1,1,1,1,1,1,3,1,2,9,6,1,2,45,2,2,0
11,54,4,2003,3,7,1,2,2,1,1,1,1,1,1,3,1,2,17,1,1,2,40,2,2,0
12,54,4,2003,3,2,1,2,2,1,1,1,1,1,1,3,1,2,13,5,1,1,30,2,2,0
6,56,4,2003,2,7,2,2,2,1,1,1,1,1,2,4,1,2,11,9,1,2,33,1,0,1
3,56,4,2003,3,2,2,1,1,1,1,1,1,1,1,4,1,2,12,11,2,2,33,2,2,0
7,54,4,2003,4,2,1,2,2,1,2,1,1,3,1,3,1,2,7,6,1,7,33,1,0,1
1,53,4,2003,2,7,1,2,2,1,1,1,1,1,1,1,1,2,9,6,1,1,33,1,0,0
3,53,4,2003,2,7,1,2,2,2,1,1,2,1,1,1,1,2,8,5,1,1,33,2,2,3
7,53,4,2003,2,7,8,2,2,1,1,1,1,1,1,4,1,2,7,6,1,1,22,2,2,0
1,53,5,2003,3,3,1,1,2,1,1,1,1,1,1,3,1,2,13,6,1,1,33,2,2,0
7,56,5,2003,2,1,1,2,2,1,1,1,1,1,1,1,1,2,9,6,1,1,33,2,2,0
4,56,5,2003,2,7,1,1,2,1,1,1,1,1,1,4,1,2,17,6,2,6,33,2,2,0
4,56,5,2003,3,1,1,2,2,1,1,1,1,1,1,3,1,2,9,5,1,7,33,2,2,0
4,55,5,2003,3,4,1,2,2,1,1,1,1,1,1,3,1,1,13,7,1,1,33,2,2,1
1,54,5,2003,3,7,8,2,2,1,1,1,1,1,1,3,1,2,5,6,1,2,33,1,2,0
1,54,5,2003,3,4,8,2,2,1,1,2,1,1,1,4,1,1,7,11,1,1,33,1,0,1
1,54,5,2003,3,4,3,2,2,1,1,2,1,1,1,3,1,1,7,8,1,1,33,1,0,1
1,54,5,2003,3,7,1,2,2,1,1,1,1,1,1,1,1,1,8,6,1,1,32,2,2,0
1,54,5,2003,3,7,3,2,2,1,1,1,1,1,1,1,1,2,13,6,1,1,30,1,0,1
8,54,5,2003,3,1,1,2,2,1,1,1,1,3,1,4,1,2,19,6,2,7,33,1,0,0
8,54,5,2003,4,1,1,2,2,2,2,1,2,1,2,1,1,1,13,6,2,1,28,1,0,0
9,54,5,2003,1,1,1,2,2,1,1,1,1,1,1,1,1,2,14,6,1,1,33,2,2,0
3,54,5,2003,3,3,1,2,2,1,1,1,1,1,1,3,1,2,5,6,1,1,30,2,2,1
1,55,6,2003,2,1,1,2,2,1,1,1,1,1,1,1,1,2,8,6,1,1,25,2,2,1
2,55,6,2003,2,1,1,2,2,2,4,2,2,1,1,3,1,2,19,6,1,2,33,1,0,0
1,53,6,2003,2,1,1,2,2,1,1,1,1,1,1,4,1,2,6,6,1,2,33,1,0,0
1,53,6,2003,2,1,1,2,2,1,1,1,1,1,1,2,1,2,19,6,1,2,33,1,0,1
1,53,6,2003,2,7,1,2,2,1,1,2,1,1,1,1,1,2,8,1,1,1,40,2,2,0
3,53,6,2003,4,1,1,2,2,2,2,1,2,1,1,1,1,2,13,6,1,1,35,2,2,0
5,56,6,2003,3,7,8,2,2,2,1,2,2,1,1,1,1,2,9,6,1,2,33,1,0,1
5,56,6,2003,4,7,8,2,2,1,2,1,2,1,1,1,1,2,6,6,1,2,33,1,0,1
8,56,6,2003,2,7,1,2,2,1,2,1,1,1,1,3,2,2,13,11,1,3,45,2,2,0
1,54,4,2003,2,7,1,2,2,1,1,1,1,1,1,1,1,2,4,6,1,2,33,1,0,1
1,54,5,2003,1,7,8,2,2,1,3,1,1,1,1,1,1,1,14,6,1,1,30,1,0,2
1,54,5,2003,4,1,4,2,2,1,1,1,1,1,1,5,1,1,12,4,1,1,33,1,2,3
1,54,5,2003,2,7,1,2,2,1,1,1,1,1,1,2,1,2,14,6,1,1,25,1,0,0
12,54,6,2003,3,7,1,1,1,2,1,1,2,1,1,3,1,2,8,6,1,1,33,1,1,0
9,54,6,2003,4,1,1,1,1,1,4,1,1,1,1,3,1,2,10,6,1,2,33,1,0,0
9,54,6,2003,3,7,1,1,1,1,2,2,1,1,1,2,1,1,14,6,1,1,30,2,2,0
3,54,6,2003,2,7,8,2,2,1,1,2,1,1,1,3,1,2,12,2,1,7,25,2,2,0
13,54,6,2003,4,1,2,1,1,2,4,1,2,1,3,1,1,2,9,5,1,1,45,2,2,3