Thana,District,Month,Year,Time,Junction_Type,Traffic_Control,Movement,Divider,Weather,Light,Road_Geometry,Surface_Condition,Surface_Type,Surface_Quality,Road_Class,Road_Feature,Location_Type,Vehicle_Type,Vehicle_Movement,Vehicle_Loading,Vehicle_Defect,Vehicle_Driver_Age,Vehicle_Alcohol,Vehicle_Seat_Belt,Accident_Severity
1,53,7,2003,4,1,1,2,2,2,4,1,2,1,1,2,1,2,9,6,1,1,30,2,2,0
1,53,7,2003,2,7,1,2,2,2,2,1,2,1,2,3,1,2,14,11,1,1,33,2,2,0
1,55,7,2003,2,7,1,2,2,1,2,2,1,1,1,1,1,2,8,1,1,1,38,2,2,0
3,56,7,2003,1,7,1,2,2,2,2,1,2,2,1,1,1,2,14,2,1,2,33,2,2,0
5,56,5,2003,3,2,2,2,2,1,1,1,1,1,1,4,1,2,4,6,1,2,35,2,2,3
1,54,7,2003,3,7,4,2,1,1,1,1,1,1,1,5,1,1,8,6,1,1,35,2,2,3
1,54,7,2003,2,7,8,2,2,2,1,1,2,1,1,1,1,2,11,6,1,2,33,1,0,0
1,54,7,2003,4,1,3,2,2,1,3,1,1,1,1,3,1,1,5,6,1,2,33,1,0,1
10,54,7,2003,3,2,2,2,2,2,1,1,2,1,1,3,1,2,7,6,1,1,33,1,0,0
9,54,7,2003,3,7,1,2,2,1,4,5,1,1,1,4,1,2,14,1,1,1,40,1,2,0
7,54,7,2003,2,1,1,2,2,1,1,1,1,1,1,4,1,2,4,6,1,1,33,2,2,1
11,54,7,2003,4,7,1,2,2,2,2,1,2,1,1,3,1,2,4,5,1,2,18,1,0,0
3,54,7,2003,2,1,2,2,2,1,1,2,1,1,1,3,1,2,4,6,1,2,33,1,0,0
9,56,8,2003,3,2,2,2,2,1,1,2,1,1,1,4,1,2,19,1,1,1,30,2,2,1
5,56,8,2003,3,2,2,1,1,1,1,1,1,1,1,1,1,2,9,6,1,2,33,1,0,0
7,56,8,2003,2,1,1,2,2,1,1,1,1,1,1,3,1,2,6,6,1,2,33,1,0,0
7,56,8,2003,1,1,1,2,2,1,4,1,1,1,1,4,3,2,17,6,1,1,33,2,2,1
1,54,8,2003,3,7,8,2,2,1,1,1,1,1,1,3,1,2,7,6,1,1,29,1,2,1
1,54,8,2003,4,7,2,2,2,1,3,1,1,1,1,5,1,1,14,6,1,1,42,1,2,0
1,54,8,2003,2,2,1,2,2,1,1,1,1,1,1,5,1,1,9,11,1,2,33,1,2,0
8,54,8,2003,3,2,2,2,2,2,1,1,2,3,1,4,1,1,17,7,1,2,33,1,0,0
9,54,8,2003,2,1,1,2,2,1,1,1,1,1,1,1,1,2,13,6,1,1,33,2,2,0
9,54,8,2003,3,1,1,2,2,1,1,1,1,1,1,2,1,2,7,6,1,1,28,2,2,1
9,54,8,2003,3,1,1,2,2,2,1,1,2,1,1,2,1,2,8,6,1,1,22,2,2,0
9,54,8,2003,2,1,1,2,2,1,1,1,1,1,1,2,1,2,14,6,1,2,33,2,2,0
4,54,8,2003,4,3,1,2,2,1,4,3,1,1,1,3,1,2,8,7,1,2,33,1,2,0
1,53,8,2003,3,1,1,2,2,2,1,1,2,1,1,3,1,2,12,6,1,1,38,2,2,0
3,53,3,2003,4,1,1,2,2,1,2,1,1,1,1,4,1,2,14,6,1,7,33,1,2,0
3,53,5,2003,2,1,1,2,2,1,1,1,1,1,1,4,1,2,4,6,1,1,33,1,0,0
1,53,8,2003,2,1,1,2,2,1,1,1,1,1,1,2,1,2,10,6,1,2,32,2,2,0
1,53,8,2003,2,3,4,2,2,1,1,1,1,1,1,3,1,2,8,3,1,1,20,1,0,2
7,56,9,2003,3,7,1,2,2,1,1,4,3,3,2,4,4,2,17,6,1,2,33,1,2,0
6,56,9,2003,2,7,2,1,2,1,1,2,1,1,2,4,1,2,11,9,1,2,33,1,0,0
4,56,9,2003,3,1,1,1,2,1,1,1,1,1,1,3,1,2,9,6,1,1,33,1,2,0
4,56,9,2003,4,1,1,1,2,1,2,1,1,1,1,3,1,2,9,6,1,1,33,1,2,0
8,56,9,2003,3,7,1,2,2,1,1,1,1,1,1,3,1,2,9,11,1,7,35,2,2,0
3,53,9,2003,2,1,1,2,2,1,1,1,1,1,1,1,1,2,4,6,1,1,52,2,0,0
3,53,9,2003,5,1,2,1,1,1,1,1,1,1,1,2,1,2,8,6,1,1,35,2,2,0
1,54,9,2003,2,1,1,2,2,1,1,1,1,1,1,5,1,1,4,6,1,2,27,1,2,0
1,54,9,2003,2,1,1,2,2,2,1,1,2,1,2,1,1,2,14,6,1,7,40,2,2,0
1,54,9,2003,3,1,1,2,1,1,1,1,1,1,1,3,1,2,10,5,1,1,33,2,2,0
8,54,9,2003,3,2,2,1,2,1,1,1,1,1,1,1,2,2,14,6,1,7,33,1,0,0
9,54,9,2003,3,1,1,2,2,1,1,1,1,1,1,1,1,2,14,6,1,2,33,2,2,0
12,54,9,2003,3,7,1,2,2,2,1,1,2,1,1,3,3,2,13,6,1,2,33,1,0,0
12,54,9,2003,2,3,1,2,2,1,1,1,1,1,1,3,1,2,8,6,1,7,19,1,2,0
7,54,9,2003,2,2,8,2,1,1,1,1,1,1,1,3,1,2,7,11,1,2,30,1,0,1
11,54,9,2003,3,7,8,2,2,1,1,1,1,1,1,3,1,2,7,6,1,2,33,1,0,0
6,55,9,2003,3,1,1,2,2,1,1,1,1,1,1,1,1,2,9,6,1,1,33,2,2,0
3,55,9,2003,3,7,1,1,2,1,1,1,1,1,1,3,1,2,13,6,2,2,33,1,0,0
1,53,10,2003,5,2,2,1,1,2,1,1,1,1,1,2,1,1,19,6,1,2,33,1,0,0
1,53,10,2003,1,1,1,2,2,2,2,2,1,1,1,2,1,2,19,6,1,2,33,1,0,0
6,53,10,2003,3,2,1,2,2,1,1,1,1,1,1,3,1,2,6,6,1,2,33,1,0,0
1,54,10,2003,2,2,8,2,2,1,1,2,1,1,1,3,1,2,10,6,1,7,33,2,2,1
1,54,10,2003,4,3,1,2,2,1,2,1,1,1,1,1,1,2,6,6,1,2,33,1,0,1
1,54,10,2003,2,7,1,2,2,1,1,1,1,1,1,2,1,2,9,11,1,1,33,1,2,0
1,54,10,2003,3,7,1,2,2,1,1,1,1,1,1,2,1,2,14,6,1,2,33,1,0,0
9,54,9,2003,2,1,1,2,2,1,1,1,1,1,1,1,1,2,13,6,1,7,38,2,2,0
9,54,10,2003,2,1,1,2,2,1,1,1,1,1,1,1,2,2,13,6,1,1,38,2,2,0
4,54,10,2003,3,1,1,2,2,1,1,1,1,1,1,3,1,2,6,6,2,2,33,2,2,0
1,55,10,2003,4,4,1,2,2,1,1,4,1,1,1,4,1,2,10,4,1,2,33,2,2,3
1,55,10,2003,3,1,1,2,2,1,1,1,1,1,1,1,1,2,9,6,1,1,35,2,2,1
5,56,10,2003,1,1,1,2,2,4,4,1,1,1,1,1,1,2,9,1,1,7,35,2,2,3
8,56,9,2003,3,1,1,2,2,1,1,1,1,1,1,3,1,2,9,6,1,1,45,2,2,0
8,56,10,2003,3,7,3,2,2,1,1,1,1,1,1,3,1,2,7,6,1,7,33,2,2,0
1,56,10,2003,1,2,2,1,1,1,4,1,1,1,1,4,1,2,9,1,1,2,35,1,0,0
1,55,11,2003,4,1,1,2,2,1,4,1,1,1,1,4,1,2,19,6,1,2,33,1,0,0
1,55,11,2003,2,7,8,1,1,1,1,1,5,3,3,5,1,1,8,7,1,7,35,2,2,0
6,55,11,2003,3,7,1,2,2,1,1,1,1,1,1,1,1,2,19,6,1,2,33,1,0,0
6,55,11,2003,3,1,1,2,2,1,1,1,1,1,3,1,1,2,19,6,1,2,33,1,0,0
3,53,11,2003,3,7,1,2,2,1,1,1,1,1,1,2,1,2,7,6,1,1,22,1,2,0
1,53,10,2003,3,7,8,2,2,1,1,1,1,1,1,2,1,2,8,11,1,1,26,2,2,0
1,54,10,2003,2,7,8,2,2,1,3,1,1,1,1,5,1,1,19,6,1,2,33,1,0,1
1,54,11,2003,2,1,4,2,2,1,1,1,1,1,1,3,1,1,6,6,1,2,33,1,0,0
1,54,11,2003,1,1,1,2,2,1,2,1,1,1,1,5,2,1,13,1,1,1,45,1,2,3
5,54,11,2003,2,1,1,2,2,1,1,1,1,1,1,3,1,2,14,6,1,2,33,1,0,0
7,54,11,2003,3,2,8,2,1,1,1,1,1,1,1,3,1,2,9,11,1,2,33,1,0,0
1,54,11,2003,3,7,1,2,2,1,1,1,1,1,1,3,1,1,8,6,1,1,33,1,0,0
8,56,11,2003,2,3,3,2,2,1,4,1,1,1,1,3,1,2,7,11,1,7,33,1,0,0
1,53,12,2003,3,1,1,1,2,1,4,1,1,1,1,3,1,2,12,6,1,2,25,1,0,1
3,56,12,2003,3,1,1,2,2,1,1,1,1,1,1,1,1,2,9,6,2,1,30,2,2,0
8,56,12,2003,3,1,1,2,2,1,1,1,1,1,1,3,1,2,9,6,1,1,33,2,2,0
8,56,12,2003,2,1,1,2,2,1,1,1,1,1,1,3,1,2,9,6,1,1,33,1,0,0
6,55,12,2003,3,3,2,2,1,1,1,1,1,1,1,1,1,2,5,6,1,1,33,1,0,0
1,54,12,2003,2,1,2,2,2,1,1,1,1,1,1,4,1,2,19,6,1,2,33,1,0,1
1,54,12,2003,3,1,1,2,2,1,1,1,1,1,1,1,1,2,4,6,1,1,33,1,2,0
12,54,12,2003,3,1,1,2,2,1,1,1,1,1,1,3,1,2,5,6,1,1,28,2,2,0
8,54,12,2003,3,2,3,1,2,1,1,1,1,1,1,3,1,2,14,6,1,7,30,1,0,0
8,54,12,2003,3,1,1,2,2,1,1,1,1,3,2,4,1,2,17,6,1,2,33,2,0,0
3,54,12,2003,2,7,8,2,2,4,1,1,1,1,1,4,1,2,8,6,1,1,35,1,2,3
3,54,12,2003,3,1,8,2,2,1,1,1,1,1,1,3,1,2,7,6,1,1,25,1,2,0
7,54,12,2003,2,1,1,2,2,1,1,1,1,1,1,3,1,2,14,6,1,1,40,2,2,0
1,61,1,2003,2,2,1,2,2,1,1,1,1,1,1,3,1,2,9,6,1,2,33,1,0,0
1,59,1,2003,3,1,1,2,2,1,1,1,1,1,1,2,1,2,16,2,1,2,33,1,0,0
2,59,1,2003,3,1,1,2,1,1,1,2,1,1,1,3,1,2,7,1,2,7,33,1,0,0
7,63,1,2003,2,1,8,2,2,4,1,2,1,1,1,1,1,2,7,2,2,7,33,1,2,0
9,63,1,2003,4,3,3,1,2,1,4,2,1,1,1,1,1,2,7,6,1,1,33,1,0,0
1,59,1,2003,2,1,1,2,2,1,1,1,1,1,1,1,1,2,8,6,1,7,35,2,2,3
5,59,2,2003,4,1,3,2,2,1,2,1,1,1,1,2,1,2,19,6,1,2,33,1,2,0
1,61,2,2003,3,1,1,2,2,1,4,1,1,1,1,1,1,2,14,6,1,1,40,2,2,2
7,66,2,2003,3,1,1,2,2,1,2,1,1,1,1,2,1,2,11,6,1,1,30,1,2,0
5,66,1,2003,2,1,1,2,2,1,1,1,1,1,2,4,4,2,8,6,1,1,32,2,2,3
13,63,2,2003,1,7,8,1,1,2,2,1,2,1,1,1,1,2,13,11,1,7,33,1,0,0
7,63,2,2003,3,2,1,2,2,1,1,1,1,1,1,1,1,2,7,4,1,1,40,2,2,3
13,63,2,2003,3,1,1,2,2,4,2,1,1,1,1,1,1,2,9,6,1,2,33,1,0,0
2,62,2,2003,3,2,1,2,2,1,1,1,1,1,1,1,1,1,9,5,1,2,33,2,0,0
1,59,1,2003,3,7,8,2,2,1,1,1,1,1,1,1,1,2,8,6,1,1,33,2,2,0
1,59,3,2003,2,1,1,2,2,1,1,1,1,1,1,2,1,2,7,6,1,7,36,2,2,0
2,61,3,2003,3,1,3,2,2,1,1,1,1,1,1,1,1,1,9,6,1,2,33,2,2,3
4,57,3,2003,4,1,1,2,2,1,2,1,1,1,1,4,1,2,12,6,1,2,33,1,0,0
1,58,1,2003,2,1,2,2,2,1,1,1,1,1,1,1,1,2,7,6,1,1,25,2,2,0
1,58,1,2003,1,1,2,2,2,1,3,1,1,1,1,1,1,2,14,6,1,2,42,2,2,0
4,63,3,2003,4,1,1,2,2,1,4,1,1,1,1,1,4,2,13,5,1,7,35,2,2,0
8,58,2,2003,2,1,1,2,2,1,1,2,1,1,3,1,1,2,14,6,1,1,33,1,0,0
1,58,3,2003,2,7,1,2,2,1,4,1,1,1,1,2,1,2,16,1,1,7,35,2,2,1
10,58,3,2003,3,1,1,2,2,1,1,1,1,1,2,2,1,2,9,6,1,1,32,2,2,0
8,59,4,2003,4,1,1,1,1,1,4,1,1,1,1,4,1,2,5,6,1,7,33,1,0,0
2,58,4,2003,1,2,1,2,2,1,4,1,1,1,1,1,1,2,15,5,1,1,33,1,0,0
6,58,4,2003,3,1,1,2,1,1,1,1,1,1,1,1,1,2,9,6,1,1,33,2,2,0
6,63,2,2003,2,1,1,2,2,1,1,1,1,1,1,2,1,2,8,6,2,1,33,1,2,0
6,63,4,2003,3,2,1,2,2,1,1,1,1,1,1,2,1,1,9,6,1,1,35,2,2,0
6,63,4,2003,1,1,1,2,2,1,2,1,1,1,1,2,1,2,14,5,1,2,33,1,2,1
6,63,4,2003,3,1,1,2,2,1,1,1,1,1,1,2,1,2,14,6,1,2,26,2,2,2
1,57,4,2003,3,1,1,2,2,1,1,1,1,1,3,1,1,2,9,5,1,1,33,2,2,0
1,57,4,2003,3,1,1,1,1,1,1,1,1,1,1,1,1,2,9,6,1,1,33,2,2,0
8,63,5,2003,1,3,1,2,2,2,4,1,2,1,1,1,1,2,9,6,1,3,42,2,2,0
8,63,5,2003,3,7,1,2,2,1,3,1,1,1,1,1,1,2,10,6,1,2,33,1,0,0
8,63,5,2003,2,1,1,2,2,3,1,1,2,1,1,1,1,2,9,5,1,2,33,1,0,1
6,63,5,2003,3,2,2,1,1,2,1,1,2,1,1,1,1,1,14,6,1,2,33,1,0,0
2,58,5,2003,2,2,1,2,2,1,1,1,1,1,1,2,1,2,9,5,1,2,33,1,0,1
6,58,5,2003,1,1,1,2,2,1,2,1,1,1,1,1,1,1,9,6,1,1,44,1,0,0
7,58,5,2003,3,1,1,2,2,1,1,1,1,1,1,4,1,2,5,6,1,2,29,1,0,0
1,57,5,2003,3,3,1,2,2,1,1,2,2,2,1,4,2,1,7,6,1,7,33,2,2,0
1,59,6,2003,4,1,1,2,2,1,3,1,1,1,1,5,1,1,14,6,1,2,33,1,2,1
10,67,6,2003,2,1,1,2,2,1,1,5,1,1,2,2,1,2,9,6,2,2,33,1,2,0
1,61,6,2003,4,3,1,2,2,2,4,1,2,1,1,1,1,2,14,6,1,1,28,2,2,0
10,58,6,2003,2,7,1,1,2,1,1,1,1,1,1,2,1,2,12,6,1,1,33,2,2,1
1,58,6,2003,4,1,1,2,2,1,4,1,1,1,1,2,1,2,12,6,1,1,33,2,2,0
3,66,6,2003,3,1,1,2,2,1,1,5,1,1,1,4,1,2,11,6,2,1,26,2,2,0
13,63,1,2003,1,1,1,2,2,1,2,1,1,1,1,1,1,2,14,5,1,1,35,2,2,0
10,63,1,2003,2,1,8,2,2,1,1,1,1,1,1,2,1,2,14,6,1,2,33,1,0,0
3,61,7,2003,3,2,3,2,1,1,1,1,1,1,1,1,1,2,9,6,1,2,40,1,0,0
1,57,7,2003,4,3,1,2,1,1,2,2,1,1,2,3,1,1,11,6,1,3,33,2,2,0
4,57,7,2003,3,1,2,2,2,1,1,1,1,1,2,2,4,2,7,6,1,1,25,2,2,3
1,65,7,2003,3,2,1,1,1,1,1,1,1,1,1,1,1,1,9,1,1,2,33,1,2,0
2,65,7,2003,3,7,1,2,2,1,1,1,1,1,1,1,1,2,9,6,1,1,38,2,2,0
5,66,7,2003,2,7,8,2,2,1,1,2,1,1,1,2,1,2,11,2,1,1,30,2,2,1
1,67,7,2003,2,2,1,2,1,1,1,4,1,1,1,2,1,1,14,1,1,2,33,2,2,1
1,58,7,2003,4,1,1,2,2,1,4,2,1,1,1,2,1,2,14,6,1,2,33,1,0,0
14,63,7,2003,3,7,8,2,1,1,1,1,1,1,1,1,1,2,12,11,1,2,33,1,0,3
9,63,7,2003,3,1,1,2,2,1,1,1,1,1,1,1,1,2,14,6,1,1,33,1,2,0
4,60,7,2003,3,1,1,2,2,1,1,1,1,1,1,4,1,2,11,11,1,7,35,2,2,0
7,60,7,2003,2,7,1,2,1,1,1,1,1,1,1,2,1,2,12,11,1,7,33,1,2,0
1,61,8,2003,3,1,1,2,2,1,1,1,1,1,1,1,1,2,10,6,1,2,33,1,0,0
1,61,8,2003,2,2,1,2,2,1,1,1,1,1,1,1,1,2,11,6,1,1,34,2,2,0
1,61,8,2003,3,7,1,2,2,1,1,1,1,1,2,5,4,1,14,6,1,2,33,1,0,0
3,61,8,2003,3,2,1,1,1,1,1,2,1,1,1,4,1,2,13,1,1,2,33,1,0,0
14,63,8,2003,3,7,8,2,1,1,1,1,1,1,1,1,1,2,14,11,1,7,33,1,0,1
7,63,8,2003,3,3,1,2,2,1,1,1,1,1,1,1,1,2,13,6,1,1,24,1,0,0
7,63,8,2003,3,3,1,2,2,1,1,2,1,1,1,1,1,2,13,6,1,2,38,1,2,0
8,63,8,2003,1,7,8,1,2,1,4,1,1,1,1,1,1,2,10,6,1,2,33,1,0,0
8,63,8,2003,2,3,8,2,1,1,1,1,1,1,1,1,2,1,9,6,1,1,33,2,2,0
8,63,8,2003,2,3,1,2,2,1,1,1,1,1,1,1,1,2,9,4,1,1,45,2,2,1
6,63,8,2003,1,2,1,2,2,1,2,1,1,1,1,2,1,1,9,6,1,1,33,2,2,0
1,58,8,2003,1,7,8,2,2,1,1,1,5,3,1,3,1,1,9,7,1,1,33,2,2,0
1,58,8,2003,2,7,8,1,1,3,1,1,1,1,2,1,1,1,13,5,1,1,33,2,2,0
1,58,8,2003,2,2,1,2,2,1,1,1,1,1,1,2,1,2,14,6,1,1,55,2,2,0
5,58,8,2003,2,1,1,2,2,1,1,1,1,1,1,1,1,2,14,1,1,1,36,1,2,0
10,58,8,2003,3,7,1,1,2,1,1,1,1,1,1,2,1,2,14,11,1,2,28,2,2,1
1,59,8,2003,3,1,1,2,1,1,1,1,1,1,1,2,1,2,9,5,1,3,33,2,2,0
4,59,8,2003,4,1,8,2,2,1,2,1,1,1,1,1,1,1,9,6,1,7,33,1,2,0
2,59,8,2003,2,1,1,2,2,1,1,1,1,1,1,2,1,2,12,6,1,1,33,1,2,0
1,57,8,2003,3,1,3,1,1,1,1,1,1,1,1,1,1,2,8,2,1,1,35,1,0,0
3,57,8,2003,3,1,1,2,2,1,1,1,1,1,1,3,1,2,14,6,1,1,32,1,2,1
8,57,8,2003,4,1,1,2,2,1,2,1,1,1,1,1,1,2,10,6,1,1,33,2,2,0
8,57,8,2003,2,1,8,2,2,1,1,1,1,3,3,4,1,2,7,6,1,7,33,1,2,0
7,57,8,2003,3,1,1,2,2,1,1,1,1,1,1,2,1,2,6,6,1,1,25,2,2,0
1,60,8,2003,3,1,8,2,2,1,1,1,1,1,1,1,1,2,9,11,1,1,40,2,1,0
5,65,8,2003,2,7,1,1,2,2,1,1,2,1,1,4,1,2,9,6,1,2,33,2,2,0
5,65,8,2003,2,7,2,1,1,2,1,1,5,2,1,4,4,2,11,11,1,2,20,1,0,0
5,65,8,2003,2,1,1,1,2,1,1,1,1,1,1,4,1,2,7,6,1,1,33,2,2,0
6,65,8,2003,3,7,1,1,2,1,1,1,2,2,1,4,1,1,14,6,1,2,33,2,1,0
1,59,9,2003,2,7,8,1,1,1,1,1,1,1,1,2,1,2,9,6,1,1,33,2,2,1
1,61,9,2003,4,1,1,2,2,1,2,1,1,1,1,1,1,1,14,6,1,1,35,2,2,3
1,61,9,2003,4,1,1,1,2,1,4,1,1,1,1,5,1,1,14,4,1,1,40,1,2,0
8,67,9,2003,3,1,2,2,2,1,1,2,1,1,1,1,1,2,9,1,1,2,42,1,0,0
6,63,9,2003,1,7,1,2,2,1,2,1,1,1,1,1,1,2,7,6,1,1,33,1,2,0
6,63,9,2003,2,2,1,2,1,1,1,1,1,1,1,1,1,2,14,4,2,2,33,2,2,0
9,63,9,2003,2,1,1,2,2,1,1,1,1,1,1,1,1,2,9,6,1,2,33,1,0,0
9,63,9,2003,3,1,3,2,1,1,1,2,1,1,1,1,1,2,9,5,1,2,33,1,0,0
8,63,9,2003,4,1,3,2,1,1,3,2,1,1,1,1,1,2,10,6,1,2,33,1,0,0
1,57,9,2003,3,2,2,2,1,1,1,1,1,1,1,1,1,1,10,6,1,2,33,1,0,0
2,57,9,2003,1,4,1,2,2,1,2,2,1,1,1,3,1,2,13,1,1,2,33,1,2,0
8,57,9,2003,1,2,1,2,2,1,3,1,1,1,1,1,1,2,12,5,1,1,33,2,2,0
1,58,9,2003,4,1,2,2,2,2,3,1,2,1,1,2,1,2,8,6,1,1,33,2,2,0
1,58,9,2003,4,1,1,2,2,1,2,1,1,1,1,2,1,2,9,6,2,2,33,1,0,0
1,58,9,2003,3,1,2,2,2,1,1,1,2,1,2,2,1,2,9,6,1,1,42,2,2,0
1,58,9,2003,3,1,1,2,2,1,1,1,1,1,1,1,1,2,9,6,1,1,42,2,2,1
10,58,9,2003,3,1,1,1,2,1,1,1,1,1,1,2,1,2,9,6,1,7,29,2,2,0
10,58,9,2003,2,7,1,1,2,1,1,2,1,1,1,2,1,1,9,6,1,1,27,2,2,1
5,58,9,2003,3,1,1,2,2,1,1,1,1,1,1,1,1,2,9,6,1,1,36,2,2,0
8,58,9,2003,4,7,1,1,2,1,4,1,1,1,1,1,1,2,14,11,2,2,45,1,2,0
7,60,9,2003,3,1,1,2,2,1,1,1,1,1,1,2,1,2,5,6,1,7,25,1,2,1
7,60,9,2003,1,1,1,2,2,1,4,1,1,1,1,2,1,2,10,6,1,2,33,1,0,0
3,60,9,2003,3,2,3,1,2,1,1,1,1,1,1,1,1,2,6,6,1,2,33,2,2,0
4,68,10,2003,4,1,1,2,2,2,4,2,2,1,1,2,1,2,11,2,1,6,34,2,2,0
2,61,10,2003,3,1,1,2,2,1,1,1,1,1,1,1,1,1,9,6,1,1,38,2,2,3
8,67,10,2003,4,7,1,2,2,1,4,2,1,1,1,2,1,2,12,6,1,2,28,2,2,0
5,66,10,2003,3,1,1,2,2,1,1,4,1,1,1,1,1,2,9,6,1,1,40,2,2,0
1,62,10,2003,3,1,8,2,2,2,1,1,2,1,1,1,1,1,9,8,1,2,33,1,2,0
1,62,10,2003,2,1,8,2,2,1,1,1,1,1,1,2,1,2,9,6,1,2,33,1,0,1
1,62,10,2003,3,2,3,2,2,1,1,1,1,1,1,4,1,1,9,6,1,2,33,2,2,0
8,58,10,2003,3,7,1,2,2,1,1,4,1,1,1,1,1,2,9,6,1,2,33,2,2,0
5,58,10,2003,3,3,2,2,2,1,1,1,1,1,1,1,1,2,9,6,1,2,33,1,0,0
5,58,10,2003,1,4,1,2,2,1,3,2,1,1,1,1,1,2,13,1,1,1,33,2,2,0
6,58,10,2003,3,1,1,2,2,2,1,1,2,1,1,1,1,2,10,6,1,2,35,1,2,0
7,58,10,2003,4,7,3,2,2,1,1,1,1,1,1,1,1,1,9,6,1,2,33,1,0,0
2,58,10,2003,3,7,1,2,2,1,1,1,2,1,1,1,1,2,10,6,1,2,33,2,2,0
8,57,10,2003,3,1,1,2,2,1,1,1,1,1,1,1,1,2,14,6,1,1,30,2,2,0
6,63,10,2003,3,2,1,2,2,1,1,1,1,1,1,2,1,1,14,6,1,1,33,2,2,1
9,63,10,2003,2,7,1,2,2,1,1,1,1,1,1,1,1,2,9,6,1,1,35,1,2,0
9,63,10,2003,2,7,1,2,2,1,1,1,1,1,1,1,1,2,8,6,1,1,30,1,2,0
1,61,11,2003,1,1,1,2,2,1,4,1,1,1,1,1,1,2,14,6,1,2,33,1,2,0
1,67,11,2003,4,1,1,2,2,1,1,1,1,1,1,2,1,1,12,6,1,1,28,1,2,1
1,67,11,2003,4,4,4,2,2,1,3,2,1,1,1,2,1,1,13,1,1,1,33,1,2,0
1,58,11,2003,3,1,1,2,2,1,1,1,1,1,1,2,1,2,14,5,1,1,42,2,2,1
7,58,11,2003,2,1,1,2,2,1,1,1,1,1,1,1,1,2,11,6,1,2,45,2,2,0
10,58,11,2003,4,7,1,1,2,1,1,1,1,1,1,2,1,2,10,6,1,2,30,2,2,0
1,57,11,2003,2,7,1,2,2,1,1,1,1,1,1,1,1,2,16,6,1,7,33,1,2,0
2,57,11,2003,3,1,8,2,2,1,1,1,1,1,1,5,1,2,17,11,1,2,26,2,2,0
2,57,11,2003,3,1,8,2,2,1,1,1,1,1,1,1,1,2,9,11,1,2,40,2,2,0
1,57,11,2003,4,7,1,2,2,1,2,1,1,1,1,1,1,1,14,6,1,7,33,1,2,0
1,57,11,2003,3,1,1,2,2,1,1,3,1,1,1,4,1,2,6,6,1,2,33,1,0,0
8,57,11,2003,3,2,2,2,2,1,1,1,1,1,1,1,1,2,9,6,1,1,40,2,2,0
1,57,11,2003,2,7,3,1,2,1,1,1,1,1,1,1,1,2,7,11,1,1,33,2,2,0
5,63,11,2003,2,7,8,2,2,1,1,1,1,1,1,1,1,2,7,6,1,2,33,1,0,0
14,63,11,2003,4,1,1,2,2,1,3,1,1,1,1,1,1,2,9,6,1,1,50,2,2,1
14,63,11,2003,2,1,1,2,2,1,1,1,1,1,1,1,1,2,9,6,1,1,32,2,2,0
9,63,11,2003,3,7,1,2,2,1,1,1,1,1,1,1,1,2,9,6,1,1,35,1,2,0
9,63,11,2003,4,7,1,2,2,1,4,1,1,1,1,1,1,2,14,5,1,1,33,1,2,0
1,60,11,2003,5,1,8,1,2,1,1,1,1,1,1,2,1,2,19,11,1,7,33,1,2,0
5,65,11,2003,3,1,1,2,2,1,2,1,1,1,1,1,1,2,6,6,1,1,30,2,2,0
5,65,11,2003,2,1,1,2,2,4,2,1,1,1,1,1,1,2,14,6,1,1,30,2,2,0
5,65,11,2003,3,1,1,2,1,1,1,1,1,1,1,1,1,2,9,11,1,1,33,2,2,0
2,64,1,2003,2,2,1,2,2,1,1,1,1,1,1,5,1,1,14,6,1,1,54,2,2,0
5,64,2,2003,3,1,1,2,2,1,1,1,1,1,1,5,1,1,14,6,1,1,50,2,2,0
5,64,3,2003,2,1,1,2,2,1,1,1,1,1,1,5,1,1,14,6,1,1,33,1,2,0
5,64,3,2003,1,1,1,2,2,1,1,1,1,1,1,5,1,1,10,6,1,2,33,1,0,0
12,64,1,2003,3,1,1,2,2,1,1,1,1,1,1,5,1,1,7,6,1,1,25,1,2,0
5,64,4,2003,3,1,1,2,2,1,1,1,1,1,1,5,1,1,14,6,1,1,33,1,2,0
4,64,1,2003,4,1,4,2,2,1,3,1,1,1,1,5,1,1,1,6,1,1,22,2,2,0
4,64,2,2003,3,1,5,2,2,1,1,1,1,1,1,5,1,1,6,6,1,1,29,2,2,1
4,64,2,2003,3,1,6,2,2,1,1,1,1,1,1,5,1,1,8,6,1,1,33,2,2,0
2,64,2,2003,3,1,8,2,2,1,1,1,1,1,1,5,1,1,15,6,1,1,35,1,2,1
2,64,3,2003,2,2,1,2,2,1,1,1,1,1,1,5,1,1,9,6,1,1,25,2,2,0
7,64,2,2003,2,1,8,2,2,1,1,3,1,1,1,5,1,1,14,6,1,3,39,2,2,0
8,64,3,2003,3,2,1,2,2,1,1,1,1,1,1,5,1,1,6,6,1,1,22,2,2,1
10,64,3,2003,2,1,1,2,2,1,1,1,1,1,1,5,1,1,14,6,1,1,33,1,2,0
11,64,3,2003,2,3,4,2,2,1,1,2,1,1,1,5,1,1,8,3,1,1,26,2,2,3
11,64,4,2003,3,1,4,2,2,1,1,1,1,1,1,5,1,1,8,6,1,1,33,2,2,0