Thana,District,Month,Year,Time,Junction_Type,Traffic_Control,Movement,Divider,Weather,Light,Road_Geometry,Surface_Condition,Surface_Type,Surface_Quality,Road_Class,Road_Feature,Location_Type,Vehicle_Type,Vehicle_Movement,Vehicle_Loading,Vehicle_Defect,Vehicle_Driver_Age,Vehicle_Alcohol,Vehicle_Seat_Belt,Accident_Severity
2,64,5,2003,3,1,4,2,1,1,1,1,1,1,1,5,1,1,14,6,1,1,25,2,2,0
2,64,5,2003,1,1,8,2,2,1,2,1,1,1,1,5,1,1,16,6,1,1,40,2,2,0
2,64,5,2003,3,3,1,2,2,1,1,1,1,1,1,5,1,1,14,6,1,1,25,2,2,2
8,64,5,2003,2,1,1,2,2,1,1,1,1,1,1,5,1,1,7,5,1,2,33,1,0,1
2,64,6,2003,2,3,1,2,2,1,1,1,1,1,1,5,1,1,14,6,2,1,42,2,2,0
8,64,7,2003,2,1,1,2,2,1,1,1,1,1,1,5,1,1,14,6,1,1,26,2,2,0
11,64,5,2003,2,4,1,2,2,2,1,1,2,1,1,5,1,1,8,6,1,1,33,2,2,0
1,64,6,2003,3,2,6,2,1,1,1,1,1,1,1,5,1,1,8,6,1,1,27,2,2,2
1,64,7,2003,3,1,1,2,2,1,1,1,1,1,1,5,1,1,8,6,1,1,33,2,2,3
1,64,8,2003,3,5,1,2,2,1,1,1,1,1,1,5,1,1,9,6,1,1,33,2,2,0
1,64,9,2003,4,1,1,2,2,1,3,1,1,1,1,5,1,1,14,6,1,1,33,2,2,0
1,64,9,2003,3,2,4,2,2,1,1,1,1,1,1,5,1,1,8,6,1,1,40,2,2,1
2,64,8,2003,2,2,4,2,2,1,1,1,1,1,1,5,1,1,8,6,1,1,33,2,2,1
2,64,8,2003,2,1,1,2,2,1,1,1,2,1,1,5,1,1,14,6,1,1,33,2,2,0
2,64,8,2003,2,1,1,2,2,1,1,1,1,1,1,5,1,1,14,6,1,1,23,2,2,0
2,64,9,2003,2,1,1,2,2,1,1,1,1,1,1,5,1,1,9,6,1,1,32,2,2,0
2,64,9,2003,2,2,2,2,2,1,1,1,1,1,1,5,1,1,15,6,1,1,33,1,2,0
3,64,2,2003,3,1,1,2,2,1,1,1,1,1,1,5,1,1,7,6,1,1,27,2,2,1
3,64,2,2003,4,7,1,2,2,1,2,1,1,1,1,5,1,1,14,6,1,1,33,2,2,0
3,64,4,2003,1,2,3,2,2,1,3,1,1,1,1,5,1,1,8,6,1,1,40,2,2,1
3,64,6,2003,2,3,1,1,2,1,1,2,1,1,1,5,1,1,9,6,1,1,20,2,2,0
3,64,7,2003,3,1,1,2,2,1,1,1,1,1,1,5,1,1,14,6,1,1,23,2,2,1
3,64,8,2003,3,1,1,1,2,1,1,2,1,2,1,5,1,1,8,6,1,1,33,2,2,0
3,64,9,2003,4,1,1,2,2,1,2,1,1,1,1,5,1,1,8,6,1,1,33,2,2,0
3,64,9,2003,2,1,1,2,2,1,1,1,1,1,1,5,1,1,14,6,1,1,33,2,2,3
4,64,7,2003,3,1,1,2,2,1,1,1,1,1,1,5,1,1,14,6,1,1,35,2,2,0
4,64,7,2003,4,2,6,2,1,1,1,1,1,1,1,5,1,1,14,6,1,1,33,1,2,0
4,64,8,2003,2,2,1,2,2,1,1,1,1,1,1,5,1,1,8,6,1,1,25,2,2,0
4,64,9,2003,3,1,1,2,2,1,1,1,1,1,1,5,1,1,14,6,1,1,33,2,2,0
4,64,9,2003,2,1,1,2,2,1,1,1,1,1,1,5,1,1,10,2,1,1,33,2,2,0
5,64,7,2003,1,1,1,2,2,2,2,1,2,1,1,5,1,1,14,6,1,1,33,2,2,0
6,64,8,2003,2,1,1,2,2,1,1,1,1,1,1,5,1,1,7,6,1,1,33,2,2,0
6,64,8,2003,4,1,1,2,2,1,3,1,1,1,1,5,1,1,10,6,1,2,33,1,0,0
6,64,8,2003,4,2,3,2,2,1,3,1,1,1,1,5,1,1,14,6,1,1,33,2,2,0
6,64,9,2003,1,1,1,2,2,1,3,1,1,1,1,5,1,1,14,6,1,1,40,1,2,1
7,64,4,2003,2,1,1,2,2,1,1,1,1,1,1,5,1,1,7,6,1,1,22,2,2,1
7,64,6,2003,3,3,3,2,2,1,1,1,1,1,1,5,1,1,14,6,1,1,33,2,2,0
7,64,8,2003,2,1,6,2,2,1,1,1,1,1,1,5,1,1,9,6,1,1,35,2,2,3
7,64,8,2003,2,1,1,2,2,1,1,1,1,1,1,5,1,1,14,6,1,1,33,2,2,0
8,64,9,2003,2,1,1,2,2,1,1,1,1,1,1,5,1,1,9,6,1,1,28,2,2,0
10,64,4,2003,1,3,1,2,2,1,4,1,1,1,1,5,1,1,7,6,1,1,33,1,2,1
10,64,7,2003,4,1,1,2,2,1,4,1,1,1,1,3,1,1,14,6,1,1,33,2,2,0
10,64,7,2003,1,1,2,1,1,1,2,1,1,1,1,5,3,1,14,6,1,1,33,2,2,2
10,64,7,2003,2,3,1,2,2,1,1,3,1,1,1,5,1,1,3,6,1,1,33,2,2,0
10,64,8,2003,3,1,1,2,2,1,1,1,1,1,1,3,1,1,9,6,1,1,33,2,2,0
11,64,7,2003,4,1,4,2,2,1,3,1,1,1,1,5,1,1,16,6,1,1,25,2,2,1
4,64,10,2003,3,1,1,2,2,1,1,1,1,1,1,5,1,1,14,6,1,1,33,1,2,0
11,64,10,2003,2,1,1,2,2,1,1,1,1,1,1,5,1,1,14,6,1,1,22,2,2,0
1,64,10,2003,2,1,1,2,2,1,1,1,1,1,1,5,1,1,6,6,1,1,30,2,2,0
5,64,10,2003,2,1,1,2,2,1,1,1,1,1,1,5,1,1,14,7,1,1,33,2,2,0
7,64,10,2003,2,1,1,2,2,1,1,1,1,1,1,5,1,1,9,6,1,1,24,2,2,0
7,64,10,2003,4,1,1,2,2,1,3,2,1,1,1,5,1,1,10,6,1,2,33,1,0,0
2,64,11,2003,4,1,3,2,1,1,3,1,1,1,1,5,1,1,8,6,1,1,33,2,2,0
2,64,11,2003,3,2,2,2,2,1,2,1,1,1,1,5,1,1,19,2,1,1,33,2,2,0
12,64,12,2003,3,1,1,2,2,1,2,1,1,1,1,2,1,1,9,6,1,1,33,2,2,0
12,64,12,2003,2,1,1,2,2,1,1,1,1,1,1,5,1,1,9,6,1,1,33,2,2,3
1,64,11,2003,4,1,1,1,2,1,3,1,1,1,1,5,1,1,19,6,1,1,33,2,2,0
3,64,11,2003,2,1,1,2,2,4,2,1,1,1,1,5,3,1,14,6,1,1,40,1,2,0
5,64,12,2003,1,2,4,2,1,1,3,1,1,1,1,5,1,1,9,6,1,1,41,2,2,1
10,64,11,2003,2,1,8,2,2,1,1,1,1,2,2,5,1,1,14,6,1,1,33,2,2,0
10,64,11,2003,4,1,1,2,2,1,4,1,1,1,1,5,1,1,10,6,1,2,33,1,0,0
1,46,1,2003,2,1,1,2,2,1,1,1,1,1,1,1,1,2,9,6,1,1,33,2,2,0
1,46,1,2003,2,1,1,2,2,1,1,1,1,1,1,3,1,2,6,6,1,1,33,2,2,0
1,46,1,2003,2,1,1,2,2,1,1,1,1,1,1,1,1,2,14,6,1,1,33,2,2,0
1,46,1,2003,3,1,1,2,2,1,1,1,1,1,1,1,1,2,9,6,1,1,33,2,2,0
6,46,1,2003,2,1,1,2,2,1,1,1,1,1,1,1,1,1,12,6,1,1,33,2,2,0
6,46,1,2003,3,1,1,2,2,1,1,1,1,1,1,1,1,1,4,6,1,1,33,2,2,0
6,46,1,2003,3,1,1,2,2,1,1,1,1,1,1,1,1,1,8,6,1,1,33,2,2,0
1,46,2,2003,2,1,1,2,2,1,1,1,1,1,1,1,1,2,6,6,1,1,33,2,2,0
1,46,2,2003,4,1,1,2,2,1,3,1,1,1,1,1,1,2,12,6,1,1,33,2,2,1
1,46,2,2003,1,1,1,2,2,1,4,1,1,1,1,1,1,2,14,6,1,1,33,2,2,0
1,46,2,2003,4,1,1,1,1,1,3,1,1,1,1,1,1,2,8,6,1,1,33,2,2,1
5,46,2,2003,3,1,1,2,2,1,1,1,1,1,1,1,1,2,8,6,1,1,33,2,2,1
5,46,2,2003,4,1,1,2,2,1,4,1,1,1,1,3,1,2,12,6,1,1,33,2,2,0
6,46,2,2003,2,1,1,2,2,1,1,1,1,1,1,1,1,2,14,6,1,1,33,2,2,0
1,50,1,2003,3,1,1,2,2,1,1,1,1,1,1,3,1,2,12,6,1,1,33,2,2,1
11,50,1,2003,3,1,1,2,2,1,1,1,1,1,1,2,1,2,9,6,1,1,33,2,2,0
11,50,1,2003,3,1,1,2,2,1,1,1,1,1,2,2,1,2,9,6,1,1,33,2,2,1
11,50,1,2003,4,1,1,2,2,1,2,1,1,1,1,2,1,2,9,6,1,1,33,2,2,3
11,50,2,2003,3,1,1,2,2,1,1,1,1,1,1,2,1,2,9,6,1,1,33,2,2,0
13,50,2,2003,1,1,1,2,2,1,1,1,1,1,1,3,1,2,14,6,1,1,33,2,2,0
13,50,2,2003,4,1,1,2,2,1,4,1,1,1,1,3,1,2,9,6,1,1,33,2,2,0
2,44,1,2003,1,1,1,2,2,4,4,1,2,1,3,3,2,2,14,6,1,1,38,2,2,0
4,44,1,2003,3,1,1,2,2,1,1,1,1,1,1,2,1,1,9,6,1,1,33,2,2,0
4,44,1,2003,4,1,1,2,2,1,2,1,1,1,1,2,1,2,9,6,1,1,33,2,2,1
6,44,1,2003,3,1,1,2,2,1,1,1,1,1,1,1,1,2,9,6,1,1,33,2,2,0
7,44,1,2003,3,1,1,2,2,1,1,1,1,1,1,1,1,2,9,6,1,1,33,2,2,0
13,47,1,2003,4,1,1,2,2,1,4,1,1,1,1,1,1,2,9,6,1,1,33,2,2,0
1,43,3,2003,2,1,1,2,2,1,1,1,1,1,1,3,1,2,5,6,1,1,33,2,2,0
5,43,2,2003,2,1,1,2,2,1,1,1,1,1,1,1,1,2,9,6,1,1,33,2,2,0
5,43,2,2003,3,1,1,2,2,1,1,1,1,1,1,1,1,2,8,6,1,1,33,2,2,0
6,43,2,2003,2,1,1,2,2,1,1,1,1,1,1,3,1,2,10,6,1,1,35,2,2,1
2,43,1,2003,2,1,1,2,2,1,1,1,1,1,1,1,1,2,9,6,1,1,33,2,2,0
2,43,1,2003,3,1,1,2,2,1,1,1,1,1,1,1,1,2,9,6,1,1,33,2,2,0
3,43,1,2003,4,1,1,2,2,1,2,3,1,2,2,3,1,2,13,6,1,1,33,2,2,0
3,43,1,2003,4,1,1,2,2,4,3,1,1,1,1,1,1,2,8,6,1,1,24,2,2,3
4,43,1,2003,3,1,1,2,2,1,1,1,1,1,1,3,1,2,8,6,1,1,33,2,2,0
6,43,1,2003,2,1,1,2,2,1,1,1,1,1,1,3,1,2,13,6,1,1,33,2,2,1
3,49,1,2003,2,1,1,2,2,1,1,1,1,1,1,3,1,2,8,6,1,1,33,2,2,1
4,49,1,2003,3,1,1,2,2,1,1,1,1,1,1,3,1,2,6,6,1,1,33,2,2,0
5,49,1,2003,3,1,1,2,2,1,1,1,1,1,2,3,1,2,8,6,1,1,33,2,2,1
1,49,2,2003,2,1,1,2,2,1,1,1,1,1,1,1,1,2,14,6,1,1,33,2,2,0
1,49,2,2003,2,1,1,2,2,1,1,1,1,1,1,2,1,2,9,6,1,1,33,2,2,0
3,49,2,2003,3,1,1,2,2,1,1,1,1,1,1,2,1,2,9,6,1,1,33,2,2,0
5,49,2,2003,2,1,1,2,2,1,1,1,1,1,1,3,1,2,9,6,1,1,33,2,2,0
1,48,1,2003,2,1,1,2,2,1,1,1,1,1,1,1,1,1,14,6,1,1,33,2,2,0
1,45,1,2003,2,1,4,2,2,1,1,1,1,1,1,1,1,1,8,6,1,1,33,2,2,1
5,45,1,2003,3,1,1,2,2,1,1,1,1,1,1,1,1,2,9,6,1,1,35,2,2,0
5,45,1,2003,3,1,1,2,2,1,1,1,1,1,1,1,1,2,14,6,1,1,33,2,2,0
6,45,1,2003,2,1,1,2,2,4,2,1,1,1,1,1,1,2,14,6,1,1,33,2,2,0
1,45,2,2003,4,1,1,2,2,1,4,1,1,1,1,1,1,2,14,6,1,1,33,2,2,0
5,45,2,2003,4,1,1,2,2,1,2,1,1,1,1,1,1,2,9,6,1,1,33,2,2,0
5,45,2,2003,3,1,1,2,2,1,1,1,1,1,1,3,1,2,4,6,1,1,33,2,2,0
1,52,2,2003,2,1,1,2,2,1,1,1,1,1,1,2,1,1,7,6,1,1,33,2,2,0
3,51,1,2003,4,1,1,2,2,1,4,1,1,1,1,3,3,2,17,6,1,1,40,2,2,0
4,51,1,2003,2,1,1,2,2,1,1,1,1,1,1,2,1,2,8,6,1,1,32,2,2,3
13,51,1,2003,4,1,1,2,2,1,4,1,1,1,1,3,1,2,13,6,1,1,33,2,2,2
1,41,2,2003,2,1,1,2,2,1,1,1,1,1,1,1,1,2,10,6,1,1,30,2,2,0
1,41,2,2003,3,1,1,2,2,1,1,1,1,1,1,1,1,2,8,6,1,1,33,2,2,0
3,41,2,2003,2,1,1,2,2,1,1,1,1,1,1,1,1,2,9,6,1,1,33,2,2,1
5,41,2,2003,3,1,1,2,2,1,1,1,1,1,1,1,1,1,9,6,1,1,33,2,2,0
5,41,2,2003,3,1,1,2,2,1,1,1,1,1,1,2,1,2,11,6,1,1,33,2,2,0
3,41,3,2003,3,1,1,2,2,1,1,1,1,1,1,1,2,1,8,6,1,1,33,2,2,0
5,41,2,2003,2,1,1,2,2,1,1,1,1,1,1,1,1,1,14,6,1,1,35,2,2,1
5,41,2,2003,2,1,1,2,2,1,1,1,1,1,1,1,1,2,9,6,1,1,33,2,2,0
6,41,2,2003,2,1,1,2,2,1,1,1,1,1,1,1,1,2,13,6,1,1,33,2,2,0
6,41,2,2003,2,1,1,2,2,1,1,1,1,1,1,1,1,2,14,6,1,1,35,2,2,0
7,41,2,2003,2,1,1,2,2,1,1,1,1,1,1,3,1,2,9,6,1,1,33,2,2,0
5,41,3,2003,3,1,1,2,2,1,1,1,1,1,1,1,1,2,9,6,1,1,33,2,2,0
6,41,3,2003,3,1,1,2,2,1,1,1,1,1,1,1,1,2,14,6,1,1,33,2,2,0
1,44,2,2003,4,1,1,2,2,1,3,1,1,1,1,2,1,1,9,6,1,1,30,2,2,0
1,44,2,2003,3,1,1,2,2,1,1,1,1,1,1,2,1,1,14,6,1,1,33,2,2,1
3,44,2,2003,2,1,1,2,2,1,1,1,1,1,1,1,1,2,14,6,1,1,33,2,2,0
6,44,1,2003,4,1,1,2,2,1,1,1,1,1,1,1,1,2,9,6,1,1,33,2,2,0
6,44,2,2003,4,1,1,2,2,1,3,3,1,1,1,1,1,2,9,6,1,1,33,2,2,0
7,44,2,2003,2,1,1,2,2,1,1,1,1,1,1,1,1,2,9,6,1,1,33,2,2,0
7,44,2,2003,3,1,1,2,2,1,1,1,1,1,1,1,1,2,9,6,1,1,33,2,2,0
7,44,2,2003,1,1,1,2,2,1,4,1,1,1,1,1,1,2,9,6,1,1,33,2,2,0
1,49,3,2003,3,1,1,2,2,1,1,1,1,1,1,1,1,2,14,6,1,1,33,2,2,0
4,49,3,2003,3,1,1,2,2,1,1,1,1,1,1,3,1,2,17,6,1,1,33,2,2,0
1,50,3,2003,4,1,1,2,1,2,3,1,2,1,1,1,1,1,9,6,1,1,33,2,2,0
8,50,3,2003,1,1,1,2,2,1,1,1,1,1,1,1,1,2,9,6,1,1,33,2,2,0
11,50,3,2003,2,1,1,2,2,1,1,1,1,1,1,2,1,2,9,6,1,1,33,2,2,0
1,51,2,2003,4,1,1,2,2,1,2,1,1,1,1,3,1,2,14,6,1,1,33,2,2,0
1,51,2,2003,4,1,1,2,2,4,4,1,1,1,1,1,1,2,9,6,1,1,47,2,2,0
3,51,2,2003,3,1,1,2,2,1,1,1,1,1,1,2,1,2,9,6,1,1,33,2,2,0
4,51,2,2003,2,1,1,2,2,1,2,1,1,1,2,2,3,2,8,6,1,1,33,2,2,0
6,51,2,2003,4,1,1,2,2,1,1,1,1,1,1,3,1,2,6,6,1,1,33,2,2,0
12,51,2,2003,3,1,1,2,2,1,1,1,1,1,1,3,1,2,9,6,1,1,33,2,2,0
2,43,3,2003,3,1,1,2,2,1,1,1,1,1,1,1,1,2,14,6,1,1,33,2,2,0
3,43,3,2003,2,1,1,2,2,1,1,1,1,1,1,1,1,2,9,6,1,1,33,2,2,1
5,43,3,2003,2,1,1,2,2,1,1,1,1,1,1,1,1,2,9,6,1,1,33,2,2,0
6,43,3,2003,3,1,1,2,2,1,1,1,1,1,1,3,1,2,14,6,1,1,33,2,2,0
4,51,3,2003,3,1,1,2,2,1,1,1,1,1,1,2,1,2,14,6,1,1,33,2,2,0
4,52,3,2003,4,1,1,2,2,1,4,1,1,1,1,3,1,2,14,6,1,1,40,2,2,0
6,45,3,2003,2,1,1,2,2,1,1,1,1,1,1,1,1,2,9,6,1,1,33,2,2,0
6,45,3,2003,3,1,1,2,2,1,1,1,1,1,1,3,1,2,8,6,1,1,33,2,2,0
9,47,1,2003,4,1,1,2,2,1,2,1,1,1,1,1,1,2,8,6,1,6,42,2,2,0
1,47,2,2003,4,1,1,2,2,1,4,1,1,1,1,1,1,2,4,6,1,1,33,2,2,0
5,47,2,2003,3,1,1,2,2,1,1,1,1,1,1,1,1,2,9,6,1,1,33,2,2,0
8,47,2,2003,2,1,1,2,2,1,1,1,1,1,1,1,1,1,9,6,1,1,40,2,2,0
8,47,3,2003,4,1,1,2,2,1,4,1,1,1,1,1,1,2,14,6,1,1,33,2,2,0
8,47,2,2003,2,1,1,2,2,1,1,1,1,1,1,1,1,2,9,6,1,1,33,2,2,1
8,42,2,2003,4,1,1,2,2,1,4,1,1,1,1,1,1,2,14,6,1,1,33,2,2,0
7,47,2,2003,4,1,1,2,2,1,1,1,1,1,1,1,1,2,9,6,1,1,28,2,2,1
7,47,2,2003,4,1,1,2,2,1,4,4,1,2,3,1,1,2,7,6,1,1,32,2,2,0
9,47,2,2003,1,1,1,2,2,1,4,1,1,1,1,1,1,2,14,6,1,1,35,2,2,0
9,47,2,2003,1,1,1,2,2,4,4,1,1,1,1,1,1,2,9,6,1,1,35,2,2,3
1,47,3,2003,1,1,1,2,2,1,2,1,1,1,1,1,1,2,14,6,1,1,25,2,2,0
9,47,3,2003,3,1,1,2,2,1,1,1,1,1,1,1,1,2,14,6,1,1,33,2,2,0
12,47,3,2003,2,1,1,2,2,1,1,1,1,1,1,1,1,2,13,6,1,1,33,2,2,1
7,47,4,2003,3,1,1,2,2,1,1,1,1,1,1,1,1,2,10,6,1,1,33,2,2,1
9,47,4,2003,3,1,1,2,2,1,4,1,1,1,1,1,1,2,14,6,1,1,45,2,2,0
9,47,4,2003,1,1,1,2,2,1,2,1,1,1,1,1,1,2,14,6,1,1,26,2,2,0
9,47,4,2003,2,1,1,2,2,1,1,1,1,1,1,1,1,2,14,6,1,1,33,2,2,1
12,47,4,2003,2,1,1,2,2,1,1,1,1,1,1,1,1,2,14,6,1,1,33,2,2,1
1,50,4,2003,2,1,1,2,2,1,1,1,1,1,1,1,1,1,6,1,1,1,33,2,2,1
1,50,4,2003,3,1,1,2,2,1,2,1,1,1,1,1,1,1,9,6,1,1,33,2,2,0
2,50,4,2003,2,1,1,2,2,1,2,1,1,1,1,1,1,2,13,6,1,1,33,2,2,0
2,50,4,2003,3,1,1,2,2,1,1,1,1,1,1,1,1,1,9,6,1,1,33,2,2,0
4,50,4,2003,2,1,1,2,2,1,1,1,1,1,1,2,1,2,9,6,1,1,33,2,2,0
4,50,4,2003,4,1,1,2,2,1,3,1,1,1,1,2,1,2,4,6,1,1,33,2,2,0
6,50,4,2003,2,1,1,2,2,1,2,1,1,1,1,2,1,2,14,6,1,1,33,2,2,0
7,50,4,2003,2,1,1,2,2,1,1,1,1,1,1,2,1,2,14,6,1,1,33,2,2,0
7,50,4,2003,4,1,1,2,2,1,2,1,1,1,1,2,1,2,14,6,1,1,33,2,2,0
10,50,4,2003,1,1,1,2,2,1,2,1,1,1,2,2,1,2,14,6,1,1,40,2,2,0
11,50,4,2003,2,1,1,2,2,1,1,1,1,1,1,2,1,2,14,6,1,1,35,2,2,1
12,50,4,2003,3,1,1,2,2,1,1,1,1,1,1,1,1,2,9,6,1,1,40,2,2,1
12,50,4,2003,4,1,1,2,2,1,4,1,1,1,1,1,1,2,14,6,1,1,33,2,2,0
13,50,4,2003,3,1,1,2,2,1,1,1,1,1,1,2,1,2,12,6,1,1,33,2,2,1
13,50,4,2003,4,1,1,2,2,3,3,1,1,1,1,2,1,2,14,6,1,1,33,2,2,0
2,44,3,2003,4,1,1,2,2,1,2,1,1,1,1,3,1,2,6,6,1,1,26,2,2,0
2,44,3,2003,1,1,1,2,2,1,2,1,1,1,1,1,1,2,9,6,1,1,35,2,2,0
3,44,3,2003,3,1,1,2,2,1,1,1,1,1,1,1,1,2,9,6,1,1,33,2,2,0
5,44,3,2003,2,1,1,2,2,1,1,1,1,1,1,3,1,2,7,6,1,1,33,2,2,0
5,44,3,2003,4,1,1,2,2,1,4,1,1,1,1,1,1,2,9,6,1,1,33,2,2,0
6,44,3,2003,3,1,1,2,2,1,2,1,1,1,1,1,1,2,14,6,1,1,33,2,2,1
6,44,3,2003,3,1,1,2,2,1,1,1,1,1,1,1,1,1,14,6,1,1,35,2,2,0
7,44,3,2003,2,1,1,2,2,1,1,1,1,1,1,1,1,2,14,6,1,1,33,2,2,0
3,44,4,2003,3,1,1,2,2,1,1,1,1,1,1,1,1,2,14,6,1,1,33,2,2,0
3,44,4,2003,2,1,1,2,2,1,1,1,1,1,1,1,1,2,10,6,1,1,33,2,2,0
6,44,4,2003,2,1,1,2,2,1,1,1,1,1,1,1,1,2,8,6,1,1,33,2,2,0
7,44,4,2003,2,1,1,2,2,1,1,1,1,1,1,1,1,2,9,6,1,1,33,2,2,0
7,44,4,2003,3,1,1,2,2,1,1,1,1,1,1,3,1,2,17,6,1,1,33,2,2,0
8,51,3,2003,2,1,1,2,2,1,2,1,1,1,1,2,1,2,9,6,1,1,33,2,2,0
1,48,3,2003,4,1,1,2,2,1,4,1,1,1,1,1,1,2,9,6,1,1,32,2,2,0
2,43,4,2003,2,1,1,2,2,1,1,1,1,1,1,1,1,2,9,6,1,1,45,2,2,0
2,43,4,2003,3,1,1,2,2,1,1,1,1,1,1,1,1,2,8,6,1,1,33,2,2,1
2,43,4,2003,2,1,1,2,2,1,1,1,1,1,1,1,1,2,14,6,1,1,33,2,2,1
2,43,4,2003,3,1,1,2,2,1,1,1,1,1,1,1,1,2,14,6,1,1,33,2,2,0
2,43,4,2003,4,1,1,2,2,1,4,1,1,1,1,1,1,2,14,6,1,1,33,2,2,0
4,43,4,2003,2,1,1,2,2,1,2,1,1,1,1,1,1,2,8,6,1,1,33,2,2,0
5,43,2,2003,3,1,1,2,2,1,1,1,1,1,1,1,1,2,9,6,1,1,33,2,2,0
5,43,4,2003,2,1,1,2,2,1,1,1,1,1,1,1,1,2,8,6,1,1,33,2,2,0
2,52,4,2003,3,1,1,2,2,1,1,1,1,1,1,3,1,2,8,6,1,1,33,2,2,0
9,52,4,2003,2,1,1,2,2,1,1,1,1,1,1,3,1,2,19,6,1,1,33,2,2,0
1,45,4,2003,1,1,1,2,2,1,2,1,1,1,1,1,1,1,14,6,1,1,35,2,2,0
2,45,4,2003,3,1,1,2,2,1,1,1,1,1,1,3,1,2,14,6,1,1,33,2,2,0
4,45,4,2003,3,1,1,2,2,1,1,1,1,1,1,3,1,2,19,6,1,1,33,2,2,0
4,45,4,2003,4,1,1,2,2,1,4,1,1,1,1,3,1,2,6,6,1,2,33,2,2,0
6,45,4,2003,3,1,1,2,2,1,1,1,1,1,1,3,1,2,9,6,1,1,33,2,2,0
2,45,5,2003,3,1,1,2,2,1,1,1,1,1,1,3,1,2,10,6,1,1,31,2,2,1
3,45,5,2003,4,1,1,2,2,1,4,1,1,1,1,3,1,2,10,6,1,1,33,2,2,0
2,43,5,2003,3,1,1,2,2,1,1,1,1,1,1,1,1,2,8,6,1,1,40,2,2,0
2,43,5,2003,4,1,1,2,2,1,4,1,1,1,1,1,1,2,14,6,1,1,33,2,2,0
4,43,5,2003,3,1,1,2,2,1,1,1,1,1,1,1,1,2,9,6,1,1,33,2,2,0
6,52,5,2003,4,1,1,2,2,1,1,1,1,1,1,3,1,2,8,6,1,1,33,2,2,1
10,52,5,2003,1,1,1,2,2,1,2,1,1,1,1,3,1,2,12,6,1,1,33,2,2,1
5,48,5,2003,4,1,1,2,2,1,3,1,1,1,1,3,1,2,8,6,1,1,33,2,2,1
1,47,5,2003,1,1,1,2,2,1,4,1,1,1,1,1,1,2,9,6,1,1,36,2,2,1
1,47,5,2003,2,1,1,2,2,1,1,1,1,1,1,1,1,1,9,6,1,1,33,2,2,0
2,47,5,2003,2,1,1,2,2,1,1,1,1,1,1,3,1,2,4,6,1,1,20,2,2,0
5,47,5,2003,3,1,1,2,2,1,1,1,1,1,1,3,1,2,10,6,1,1,25,2,2,0
8,47,5,2003,4,1,1,2,2,1,1,1,1,1,1,1,1,2,6,6,1,1,33,2,2,0
8,47,5,2003,3,1,1,2,2,1,1,1,1,1,1,3,1,2,6,6,1,1,33,2,2,0
9,47,5,2003,3,1,1,2,2,1,1,1,1,1,1,1,1,2,9,6,1,1,33,2,2,1
9,47,5,2003,2,1,1,2,2,1,1,1,1,1,1,1,1,2,8,6,1,1,40,2,2,0
9,47,5,2003,1,1,1,2,2,1,2,1,1,1,1,1,1,2,14,6,1,1,33,2,2,0
9,47,5,2003,2,1,1,2,2,1,1,1,1,1,1,1,1,2,9,6,1,1,33,2,2,0
10,47,5,2003,2,1,1,2,2,1,1,1,1,1,1,3,1,2,6,6,1,1,25,2,2,0
1,43,6,2003,3,1,1,2,2,1,1,1,1,1,1,3,1,2,13,6,1,1,33,2,2,0
1,43,6,2003,3,1,1,2,2,1,1,1,1,1,1,3,1,2,9,6,1,1,33,2,2,0
1,43,6,2003,2,1,1,2,2,1,1,1,1,1,1,3,1,2,9,6,1,1,33,2,2,0
2,43,6,2003,1,1,1,2,2,2,2,1,2,1,1,1,1,2,9,6,1,1,33,2,2,0
1,49,5,2003,2,1,1,2,2,1,1,1,1,1,1,2,1,2,9,6,1,1,45,2,2,0
1,49,5,2003,2,1,1,2,2,1,1,1,1,1,1,2,1,1,9,6,1,1,35,2,2,0
1,49,6,2003,2,1,1,2,2,1,1,1,1,1,1,2,1,2,8,6,1,1,33,2,2,0
1,49,6,2003,4,1,1,2,2,1,2,1,1,1,1,2,1,2,14,6,1,1,33,2,2,0
4,49,5,2003,3,1,1,2,2,1,1,1,1,1,1,3,1,2,6,6,1,1,33,2,2,0
5,49,5,2003,2,1,1,2,2,1,1,1,1,1,1,3,1,2,12,6,1,1,33,2,2,3
5,49,6,2003,3,1,1,2,2,1,1,1,1,1,1,3,1,2,19,6,1,1,33,2,2,0
2,45,6,2003,2,1,1,2,2,1,1,1,1,1,1,1,1,2,14,6,1,1,33,2,2,0
6,45,6,2003,2,1,1,2,2,1,1,1,1,1,1,3,1,2,9,6,1,1,33,2,2,0
6,45,6,2003,2,1,1,2,2,1,2,1,1,1,1,1,1,2,8,6,1,1,33,2,2,3
1,50,5,2003,3,1,1,2,2,1,1,1,1,1,1,1,1,2,8,6,1,1,33,2,2,0
7,50,5,2003,2,1,1,2,2,1,1,1,1,1,1,3,1,2,8,6,1,1,33,2,2,1
11,50,5,2003,3,1,1,2,2,1,1,1,1,1,1,2,1,2,9,6,1,1,33,2,2,0
12,50,5,2003,3,1,1,2,2,1,1,1,1,1,1,1,1,2,14,6,1,1,33,2,2,0
12,50,5,2003,4,1,1,2,2,1,3,1,1,1,1,1,1,2,14,6,1,1,33,2,2,0
13,50,5,2003,3,1,1,2,2,1,1,1,1,1,1,2,1,2,9,6,1,1,35,2,2,0
3,41,3,2003,3,1,1,2,2,1,1,1,1,1,1,3,1,2,14,6,1,1,33,2,2,0