Thana,District,Month,Year,Time,Junction_Type,Traffic_Control,Movement,Divider,Weather,Light,Road_Geometry,Surface_Condition,Surface_Type,Surface_Quality,Road_Class,Road_Feature,Location_Type,Vehicle_Type,Vehicle_Movement,Vehicle_Loading,Vehicle_Defect,Vehicle_Driver_Age,Vehicle_Alcohol,Vehicle_Seat_Belt,Accident_Severity
3,41,4,2003,2,1,1,2,2,1,1,1,1,1,1,3,1,2,8,6,1,1,33,2,2,0
3,41,4,2003,3,1,1,2,2,1,1,1,1,1,1,1,1,2,14,6,1,1,33,2,2,1
4,41,4,2003,3,1,1,2,2,1,1,1,1,1,1,3,1,2,8,6,1,1,33,2,2,0
5,41,3,2003,4,1,1,2,2,1,4,1,1,1,1,1,1,1,14,6,1,1,33,2,2,0
5,41,4,2003,1,1,1,2,2,1,4,1,1,1,1,1,1,2,14,6,1,1,33,2,2,0
3,44,5,2003,3,1,1,2,2,1,1,1,1,1,1,1,1,2,14,6,1,1,33,2,2,0
4,44,5,2003,1,1,1,2,2,1,4,1,1,1,1,3,1,2,14,6,1,1,33,2,2,0
5,44,5,2003,4,1,1,2,2,1,2,1,1,1,1,1,1,2,14,6,1,1,33,2,2,0
6,44,5,2003,2,1,1,2,2,1,1,1,1,1,1,1,1,1,9,6,1,1,33,2,2,0
7,44,5,2003,3,1,1,2,2,1,1,1,1,1,1,3,1,2,13,6,1,1,40,2,2,0
7,44,5,2003,4,1,1,2,2,1,4,1,1,1,1,1,1,2,14,6,1,1,33,2,2,0
3,41,5,2003,2,1,1,2,2,1,1,1,1,1,1,1,1,1,8,6,1,1,38,2,2,0
5,41,5,2003,2,1,1,2,2,1,1,1,1,1,1,1,1,2,9,6,1,1,33,2,2,0
5,41,5,2003,2,1,1,2,2,1,1,1,1,1,1,1,1,2,14,6,1,1,33,2,2,0
5,41,5,2003,1,1,1,2,2,1,2,1,1,1,1,2,1,2,9,6,1,1,33,2,2,1
5,41,5,2003,1,1,1,2,2,1,4,1,1,1,1,3,1,2,14,6,1,1,33,2,2,0
5,41,5,2003,4,1,1,2,2,1,4,1,1,1,1,1,1,2,9,6,1,1,33,2,2,0
5,41,5,2003,2,1,1,2,2,1,1,1,1,1,1,1,1,2,14,6,1,1,33,2,2,0
5,41,5,2003,2,1,1,2,2,1,2,1,1,1,1,1,1,2,14,6,1,1,33,2,2,0
5,41,5,2003,4,1,1,2,2,1,2,1,1,1,1,1,1,2,14,6,1,1,33,2,2,0
5,41,6,2003,3,1,1,2,2,1,1,1,1,1,1,2,1,2,10,6,1,1,33,2,2,0
5,41,6,2003,2,1,1,2,2,1,1,1,1,1,1,1,1,2,9,6,1,1,33,2,2,0
1,51,4,2003,1,1,1,2,2,1,2,1,1,1,1,2,1,2,9,6,1,1,33,2,2,0
4,51,4,2003,2,1,1,2,2,3,1,3,2,1,2,2,1,2,8,6,1,1,33,2,2,0
6,51,4,2003,3,1,1,2,2,1,1,1,1,1,1,3,1,2,8,6,1,1,33,2,2,0
9,51,4,2003,3,1,1,2,2,1,1,1,1,1,1,3,1,2,17,6,1,1,33,2,2,0
1,51,4,2003,3,1,1,2,2,1,1,1,1,1,1,3,1,2,17,6,1,1,33,2,2,0
1,51,5,2003,2,1,1,2,2,1,1,1,1,1,1,2,1,2,9,6,1,1,33,2,2,0
1,51,6,2003,2,1,1,2,2,2,1,1,2,1,1,2,1,2,8,6,1,1,33,2,2,1
4,51,4,2003,2,1,1,2,2,1,1,1,1,1,1,2,1,2,9,6,1,1,33,2,2,0
6,51,5,2003,2,1,1,2,2,1,1,1,1,1,1,3,1,2,7,6,1,1,20,2,2,3
8,51,5,2003,2,1,1,2,2,1,1,1,1,1,1,3,1,2,8,6,1,1,33,2,2,0
3,46,3,2003,1,1,1,2,2,1,2,1,1,1,1,3,1,2,14,6,1,1,33,2,2,0
6,46,3,2003,4,1,1,1,1,1,3,1,1,1,1,1,1,1,14,6,1,1,33,2,2,0
6,46,3,2003,2,1,1,2,2,1,1,1,1,1,1,1,1,1,9,6,1,1,33,2,2,0
6,46,3,2003,2,1,1,2,2,1,1,1,1,1,1,1,1,2,9,6,1,1,33,2,2,0
1,46,4,2003,3,1,1,2,2,1,1,1,1,1,1,1,1,2,9,6,1,1,33,2,2,0
3,46,5,2003,2,1,1,2,2,1,1,1,1,1,1,3,1,2,14,6,1,1,33,2,2,0
3,46,5,2003,2,1,1,2,2,1,1,1,1,1,1,3,1,2,9,6,1,1,33,2,2,0
3,46,6,2003,4,1,1,2,2,1,2,1,1,1,1,3,1,2,14,6,1,1,33,2,2,0
4,50,6,2003,2,1,1,2,2,1,2,1,1,1,1,3,1,2,6,6,1,1,23,2,2,1
7,50,6,2003,2,1,1,2,2,1,1,1,1,1,1,2,1,2,9,6,1,1,40,2,2,0
5,50,6,2003,2,1,1,2,2,1,1,1,1,1,1,2,1,2,9,6,1,1,33,2,2,0
5,50,6,2003,3,1,1,2,2,1,1,1,1,1,1,2,1,2,14,6,1,1,33,2,2,0
5,50,6,2003,2,1,1,2,2,1,1,1,1,1,1,2,1,2,8,6,1,1,33,2,2,0
10,50,6,2003,2,1,1,2,2,1,1,1,1,1,1,1,1,2,9,6,1,1,33,2,2,0
10,50,6,2003,3,1,1,2,2,1,1,1,1,1,1,1,1,2,9,6,1,1,33,2,2,0
11,50,6,2003,1,1,1,2,2,2,2,1,2,1,1,2,1,2,9,6,1,1,33,2,2,0
10,52,6,2003,4,1,1,2,2,1,4,1,1,1,1,2,1,2,9,6,1,1,33,2,2,0
10,52,6,2003,3,1,1,2,2,1,2,1,1,1,1,3,1,2,9,6,1,1,33,2,2,0
10,52,6,2003,3,1,1,2,2,1,1,1,1,1,1,3,1,2,9,6,1,1,33,2,2,0
2,47,6,2003,2,1,1,2,2,1,1,1,1,1,1,3,1,2,6,6,1,1,40,2,2,0
9,47,6,2003,1,1,1,2,2,1,2,1,1,1,1,1,1,2,14,6,1,1,33,2,2,0
9,47,6,2003,4,1,1,2,2,1,3,1,1,1,1,1,1,2,14,6,1,1,33,2,2,0
1,44,6,2003,4,1,1,2,2,1,4,1,1,1,1,2,1,1,10,6,1,1,33,2,2,1
4,44,6,2003,2,1,1,2,2,1,2,1,1,1,1,2,1,2,14,6,1,1,33,2,2,0
6,44,6,2003,1,1,1,2,2,1,2,1,1,1,1,1,1,2,10,6,1,1,33,2,2,0
6,44,6,2003,3,1,1,2,2,1,1,1,1,1,1,1,1,1,8,6,1,1,33,2,2,0
6,44,6,2003,4,1,1,2,2,1,1,1,1,1,1,1,1,2,9,6,1,1,33,2,2,0
10,52,7,2003,3,1,1,2,2,1,1,1,2,1,2,3,1,2,9,6,1,1,33,2,2,0
10,52,7,2003,3,1,1,1,1,1,1,1,1,1,1,3,1,2,9,6,1,1,40,2,2,1
10,52,7,2003,2,1,1,2,2,1,1,1,1,1,1,3,1,2,19,6,1,1,33,2,2,1
10,52,7,2003,2,1,1,2,2,1,1,1,1,1,1,2,1,2,8,6,1,1,33,2,2,0
1,43,7,2003,3,1,1,2,2,1,2,1,1,1,1,3,1,2,8,6,1,1,33,2,2,0
2,43,4,2003,3,1,1,2,2,1,1,1,1,1,1,1,1,2,9,6,1,1,33,2,2,0
2,43,7,2003,4,1,1,2,2,1,4,1,1,1,1,1,1,2,9,6,1,1,33,2,2,0
2,43,7,2003,3,1,1,2,2,1,1,1,1,1,1,1,1,2,9,6,1,1,33,2,2,0
2,43,7,2003,1,1,1,2,2,1,2,1,1,1,1,1,1,2,9,6,1,1,33,2,2,0
6,43,6,2003,3,1,1,2,2,2,4,2,2,3,2,3,4,2,10,6,1,1,33,2,2,0
1,45,7,2003,3,1,1,2,2,1,1,1,1,1,1,1,1,1,8,6,1,1,38,2,2,1
2,45,7,2003,1,1,1,2,2,1,4,1,1,1,1,1,1,2,12,6,1,1,33,2,2,0
3,45,7,2003,2,1,1,2,2,1,1,1,1,1,1,3,1,2,14,6,1,1,33,2,2,0
3,45,6,2003,3,1,1,2,2,2,1,1,2,1,1,3,1,2,9,6,1,1,33,2,2,1
5,45,7,2003,3,1,1,2,2,1,1,1,1,1,1,3,1,2,14,6,1,1,33,2,2,0
5,45,7,2003,3,1,1,2,2,1,1,1,1,1,1,1,1,2,14,6,1,1,33,2,2,0
3,46,7,2003,2,1,1,2,2,1,2,1,1,1,1,3,1,2,9,6,1,1,33,2,2,1
3,46,7,2003,2,1,1,2,2,1,2,1,1,1,1,3,1,2,9,6,1,1,33,2,2,0
6,48,6,2003,2,1,1,2,2,1,2,1,1,1,1,3,1,2,14,6,1,1,33,2,2,0
1,50,7,2003,3,1,1,2,2,1,1,1,1,1,1,1,1,1,9,6,1,1,33,2,2,0
2,50,7,2003,4,1,1,2,2,1,3,1,1,1,1,1,1,2,7,6,1,1,25,2,2,0
11,50,7,2003,3,1,1,2,2,1,1,1,1,1,1,1,1,2,9,6,1,1,33,2,2,0
12,50,7,2003,3,1,1,2,2,1,1,1,1,1,1,3,1,2,9,6,1,1,33,2,2,0
12,50,7,2003,2,1,1,2,2,1,1,1,1,1,1,1,1,2,10,6,1,1,33,2,2,0
12,50,7,2003,2,1,1,2,2,1,1,1,1,1,1,1,1,2,9,6,1,1,33,2,2,0
13,50,7,2003,3,1,1,2,2,1,1,1,1,1,1,3,1,2,9,6,1,1,33,2,2,1
2,47,7,2003,4,1,1,2,2,1,1,1,1,1,1,1,1,2,12,6,1,1,33,2,2,0
8,47,7,2003,3,1,1,2,2,1,2,1,1,1,1,1,1,2,8,6,1,1,38,2,2,0
9,47,7,2003,1,1,1,2,2,1,2,1,1,1,1,1,1,2,14,6,1,1,33,2,2,3
9,47,7,2003,3,1,1,2,2,1,1,1,1,1,1,1,1,2,9,6,1,1,33,2,2,0
9,47,7,2003,3,1,1,2,2,1,1,1,1,1,1,1,1,2,9,6,1,1,40,2,2,1
12,47,7,2003,1,1,1,2,2,1,2,1,1,1,1,1,1,2,13,6,1,1,33,2,2,0
13,47,7,2003,4,1,1,2,2,1,2,1,1,1,1,3,1,2,7,6,1,1,35,2,2,0
3,44,7,2003,3,1,1,2,2,1,1,1,1,1,1,1,1,2,9,6,1,1,33,2,2,0
3,44,7,2003,3,1,1,2,2,1,1,1,1,1,1,1,1,2,9,6,1,1,33,2,2,0
3,44,7,2003,2,1,1,2,2,1,1,1,1,1,1,1,1,2,14,6,1,1,33,2,2,1
4,44,7,2003,3,1,1,2,2,1,1,1,1,1,1,3,1,2,14,6,1,1,30,2,2,0
4,44,7,2003,4,1,1,2,2,1,3,1,1,1,1,3,1,2,14,6,1,1,20,2,2,0
5,44,7,2003,3,1,1,2,2,1,1,1,1,1,1,1,1,2,9,6,1,1,33,2,2,0
5,44,7,2003,3,1,1,2,2,1,1,1,1,1,1,1,1,2,9,6,1,1,33,2,2,0
6,44,7,2003,3,1,1,2,2,1,1,1,1,1,1,3,1,2,7,6,1,1,33,2,2,0
6,44,7,2003,2,1,1,2,2,1,1,1,1,1,1,1,1,2,7,6,1,1,33,2,2,0
7,44,7,2003,2,1,1,2,2,1,1,1,1,1,1,3,1,2,8,6,1,1,33,2,2,0
2,47,8,2003,3,1,1,2,2,1,1,1,1,1,1,1,1,2,9,6,1,1,33,2,2,0
5,47,8,2003,3,1,1,2,2,1,1,1,1,1,1,3,1,2,14,6,1,1,33,2,2,1
7,47,7,2003,4,1,1,2,2,1,4,1,1,1,1,1,1,2,9,6,1,1,33,2,2,0
8,47,8,2003,3,1,1,2,2,1,1,1,1,1,1,1,1,2,11,6,1,1,33,2,2,0
8,47,8,2003,1,1,1,2,2,1,2,1,1,1,1,1,1,2,12,6,1,1,33,2,2,0
10,47,8,2003,4,1,1,2,2,1,4,1,1,1,1,3,1,2,9,6,1,1,33,2,2,0
12,47,8,2003,2,1,1,2,2,1,2,1,1,1,1,1,1,2,14,6,1,1,33,2,2,0
3,49,7,2003,2,1,1,2,2,1,1,1,1,1,1,2,1,2,14,6,1,1,33,2,2,1
4,49,7,2003,3,1,1,2,2,1,1,1,1,1,1,3,1,2,6,6,1,1,33,2,2,0
1,52,8,2003,3,1,1,2,2,1,1,1,1,1,1,3,1,2,9,6,1,1,33,2,2,0
1,52,8,2003,4,1,1,2,2,1,4,1,1,1,1,2,1,2,14,6,1,1,33,2,2,0
1,52,9,2003,3,1,1,2,2,1,1,1,1,1,1,3,1,2,13,6,1,1,33,2,2,0
2,52,9,2003,3,1,1,2,2,1,1,1,1,1,3,1,2,1,9,6,1,1,33,2,2,1
10,52,10,2003,2,1,1,2,2,1,1,1,1,1,1,2,1,2,9,6,1,1,33,2,2,0
2,43,8,2003,3,1,1,2,2,1,1,1,1,1,1,1,1,2,7,6,1,1,33,2,2,0
2,43,9,2003,2,1,1,2,2,1,1,1,1,1,1,1,1,2,9,6,1,1,33,2,2,3
2,43,9,2003,3,1,1,2,2,1,1,1,1,1,1,1,1,2,13,6,1,1,33,2,2,3
2,43,9,2003,2,1,1,2,2,1,1,1,1,1,1,1,1,2,14,6,1,1,33,2,2,0
2,43,9,2003,1,1,1,2,2,1,4,1,1,1,1,1,1,2,14,6,1,1,33,2,2,3
3,43,9,2003,3,1,1,2,2,1,1,1,1,1,3,1,1,2,9,6,1,1,33,2,2,0
4,43,9,2003,2,1,1,2,2,1,1,1,1,1,3,1,1,2,8,6,1,1,33,2,2,1
5,43,9,2003,3,1,1,2,2,1,1,1,1,1,1,1,2,1,9,6,1,1,33,2,2,0
1,47,9,2003,3,1,1,2,2,1,1,1,1,1,1,1,1,2,9,6,1,1,33,2,2,0
2,47,9,2003,1,1,1,2,2,1,4,1,1,1,1,1,1,2,9,6,1,1,33,2,2,1
2,47,9,2003,4,1,1,2,2,1,4,1,1,1,1,1,1,2,14,6,1,1,33,2,2,1
7,47,9,2003,1,1,1,2,2,1,4,3,1,1,1,1,1,2,9,6,1,1,33,2,2,0
8,47,9,2003,1,1,1,2,2,1,2,1,1,1,1,1,1,2,12,6,1,1,30,2,2,0
8,47,9,2003,3,1,1,2,2,1,1,1,1,1,1,1,1,2,9,6,1,1,33,2,2,0
8,47,9,2003,2,1,1,2,2,1,1,1,1,1,1,1,1,2,14,6,1,1,33,2,2,1
1,45,8,2003,1,1,1,2,2,1,3,1,1,1,1,1,1,1,14,6,1,1,33,2,2,0
4,45,8,2003,2,1,1,2,2,1,1,1,1,1,1,3,1,2,9,6,1,1,33,2,2,1
5,45,8,2003,2,1,1,2,2,2,1,1,2,1,3,1,1,2,9,6,1,1,33,2,2,0
6,45,8,2003,4,1,1,2,2,1,2,1,1,1,1,1,1,2,9,6,1,1,33,2,2,0
6,45,8,2003,3,1,1,2,2,1,1,1,1,1,1,1,1,2,9,6,1,1,33,2,2,1
6,45,8,2003,2,1,1,2,2,1,1,1,1,1,1,3,1,2,19,6,1,1,33,2,2,0
6,45,8,2003,2,1,1,2,2,1,1,1,1,1,1,1,1,2,9,6,1,1,33,2,2,0
1,51,7,2003,2,1,1,2,2,1,1,1,1,1,1,2,1,2,9,6,1,1,33,2,2,1
9,51,7,2003,3,1,1,2,2,1,1,1,1,1,1,3,1,2,14,6,1,1,33,2,2,0
13,51,7,2003,3,1,1,2,2,1,1,1,1,1,1,3,1,2,9,6,1,1,33,2,2,0
12,51,8,2003,3,1,1,2,2,1,1,1,1,3,2,3,1,2,17,6,1,1,25,2,2,0
1,48,8,2003,4,1,1,2,2,1,2,1,1,1,1,1,1,2,4,6,1,1,33,2,2,0
1,50,8,2003,3,1,1,2,2,1,1,1,1,1,1,1,1,1,6,6,1,1,33,2,2,1
1,50,8,2003,2,1,1,2,2,1,1,1,1,1,1,1,1,2,9,6,1,1,33,2,2,0
1,50,8,2003,2,1,1,2,2,1,1,1,1,1,1,1,1,2,8,6,1,1,33,2,2,0
1,50,8,2003,3,1,1,2,2,1,1,1,1,1,1,1,1,2,9,6,1,1,33,2,2,0
8,50,8,2003,4,1,1,2,2,1,2,1,1,1,1,2,1,2,8,6,1,1,40,2,2,0
9,50,8,2003,2,1,1,2,2,1,1,1,1,1,1,3,1,2,12,6,1,1,25,2,2,1
12,50,8,2003,4,1,1,2,2,1,4,1,1,1,1,1,1,2,9,6,1,1,33,2,2,0
12,50,8,2003,2,1,1,2,2,1,1,1,1,1,1,1,1,1,9,6,1,1,33,2,2,0
13,50,8,2003,3,1,1,2,2,1,1,1,1,1,1,3,1,2,9,6,1,1,33,2,2,0
1,50,9,2003,1,1,1,2,2,1,2,1,1,1,1,1,1,1,14,6,1,1,33,2,2,0
1,50,9,2003,2,1,1,2,2,1,1,1,1,1,1,3,1,2,5,6,1,1,33,2,2,0
1,50,9,2003,3,1,1,2,2,1,1,1,1,1,1,1,1,2,9,6,1,1,35,2,2,1
2,50,9,2003,4,1,1,2,2,1,2,1,1,2,2,3,1,2,8,6,1,1,50,2,2,0
11,50,9,2003,3,1,1,2,2,1,1,1,1,1,1,2,1,2,9,6,1,1,33,2,2,0
12,50,9,2003,2,1,1,2,2,1,1,1,1,1,1,1,1,2,9,6,1,1,33,2,2,0
12,50,9,2003,3,1,1,2,2,1,1,1,1,1,1,1,1,1,12,6,1,1,33,2,2,0
13,50,9,2003,3,1,1,2,2,1,1,1,1,1,1,3,1,2,9,6,1,1,33,2,2,0
13,50,9,2003,4,1,1,2,2,1,2,1,1,1,1,2,1,2,9,6,1,1,33,2,2,0
1,50,10,2003,3,1,1,2,2,1,1,1,1,1,1,1,1,2,12,6,1,1,33,2,2,1
1,50,10,2003,4,1,1,2,2,1,4,1,1,1,1,1,1,2,9,6,1,1,33,2,2,0
5,50,10,2003,4,1,1,2,2,1,1,1,1,1,1,2,1,2,9,6,1,1,33,2,2,1
5,50,10,2003,3,1,1,2,2,1,2,1,1,1,1,2,1,2,9,6,1,1,33,2,2,0
6,50,10,2003,2,1,1,2,2,1,1,1,1,1,1,3,1,2,14,6,1,1,25,2,2,1
8,50,10,2003,3,1,1,2,2,2,2,1,1,1,1,2,1,2,8,6,1,1,33,2,2,0
9,50,10,2003,3,1,1,2,2,1,1,1,1,1,1,2,1,2,9,6,1,1,33,2,2,0
11,50,10,2003,3,1,1,2,2,1,1,1,1,1,1,2,1,2,9,6,1,1,33,2,2,0
11,50,10,2003,3,1,1,2,2,1,1,1,1,1,1,2,1,2,9,6,1,1,33,2,2,0
12,50,10,2003,3,1,1,2,2,1,1,1,1,1,1,1,1,2,14,6,1,1,33,2,2,0
12,50,10,2003,4,1,1,2,2,1,2,1,1,1,1,1,1,2,14,6,1,1,33,2,2,0
12,50,10,2003,3,1,1,2,2,1,1,1,1,1,1,1,1,2,12,6,1,1,33,2,2,0
1,45,9,2003,4,1,1,2,2,1,2,1,1,1,1,3,1,2,13,6,1,1,33,2,2,0
1,45,9,2003,2,1,1,2,2,1,1,1,1,1,1,1,1,2,14,6,1,1,33,2,2,0
6,45,9,2003,3,1,1,2,2,1,1,1,1,1,1,3,1,2,9,6,1,1,33,2,2,0
6,45,9,2003,3,1,1,2,2,1,1,1,1,1,1,1,1,2,10,6,1,1,33,2,2,0
6,45,9,2003,3,1,1,2,2,1,1,1,1,1,1,1,1,2,9,6,1,1,33,2,2,0
1,50,11,2003,3,1,1,2,2,1,2,1,1,1,1,1,1,2,9,6,1,1,33,2,2,0
2,50,11,2003,3,1,1,2,2,1,1,1,1,1,1,1,1,2,12,6,1,1,33,2,2,0
5,50,11,2003,2,1,1,2,2,1,1,1,1,1,1,2,1,2,14,6,1,1,33,2,2,0
5,50,11,2003,3,1,1,2,2,1,1,1,1,1,1,2,1,2,9,6,1,1,33,2,2,0
5,50,11,2003,2,1,1,2,2,1,1,1,1,1,1,2,1,2,9,6,1,1,33,2,2,1
5,50,11,2003,2,1,1,2,2,1,1,1,1,1,1,2,1,2,9,6,1,1,33,2,2,0
9,50,11,2003,3,1,1,2,2,1,1,1,1,1,1,3,1,2,6,6,1,1,33,2,2,0
11,50,11,2003,3,1,1,2,2,1,1,1,1,1,1,2,1,2,6,6,1,1,33,2,2,0
12,50,11,2003,2,1,1,2,2,1,1,1,1,1,1,1,1,2,14,6,1,1,33,2,2,0
12,50,11,2003,4,1,1,2,2,1,2,1,1,1,1,1,1,2,9,6,1,1,33,2,2,1
1,47,10,2003,3,1,1,2,2,1,1,1,1,1,1,1,1,2,9,6,1,1,33,2,2,0
1,47,10,2003,3,1,1,2,2,1,1,1,1,1,1,1,1,2,9,6,1,1,48,2,2,0
1,47,10,2003,1,1,1,2,2,1,2,1,1,1,1,1,1,2,14,6,1,1,35,2,2,0
1,47,10,2003,3,1,1,2,2,1,1,1,1,1,1,1,1,2,9,6,1,1,33,2,2,0
3,47,10,2003,4,1,1,2,2,1,2,1,1,1,1,3,1,2,14,6,1,1,33,2,2,0
9,47,10,2003,2,1,1,2,2,1,1,1,1,1,1,1,1,2,14,6,1,1,33,2,2,0
1,43,10,2003,1,1,1,2,2,1,4,1,1,1,1,3,1,2,8,6,1,1,33,2,2,0
2,43,10,2003,3,1,1,2,2,1,1,1,1,1,1,1,1,2,9,6,1,1,33,2,2,0
2,43,10,2003,4,1,1,2,2,1,2,1,1,1,1,1,1,2,14,6,1,1,33,2,2,0
2,43,10,2003,2,1,1,2,2,1,1,1,1,1,1,1,1,2,9,6,1,1,33,2,2,0
4,43,10,2003,1,1,1,2,2,1,4,1,1,1,1,3,1,2,9,6,1,1,33,2,2,1
5,43,10,2003,2,1,1,2,2,1,1,1,1,1,1,1,1,2,9,6,1,1,33,2,2,0
6,43,10,2003,2,1,1,2,2,1,1,1,1,1,1,3,1,2,5,6,1,1,33,2,2,0
1,43,11,2003,3,1,1,2,2,1,1,1,1,1,1,3,1,2,14,6,1,1,33,2,2,0
2,43,11,2003,2,1,1,2,2,1,1,1,1,1,1,1,1,2,9,6,1,1,33,2,2,0
2,43,11,2003,3,1,1,2,2,1,1,1,1,1,1,1,1,2,9,6,1,1,33,2,2,0
3,43,11,2003,2,1,1,2,2,1,1,1,1,1,1,3,1,2,8,6,1,1,33,2,2,0
4,43,11,2003,3,1,1,2,2,1,1,1,1,1,3,1,1,2,9,6,1,1,33,2,2,0
4,43,11,2003,2,2,1,2,2,1,1,1,1,1,1,1,1,2,9,6,1,1,33,2,2,0
5,43,11,2003,2,1,1,2,2,4,1,1,1,1,3,1,1,2,9,6,1,1,33,2,2,0
5,43,11,2003,3,1,1,2,2,1,1,1,1,1,3,1,1,2,9,6,1,1,33,2,2,3
6,43,11,2003,2,1,1,2,2,1,1,1,1,1,1,3,1,2,4,6,1,1,33,2,2,1
1,45,10,2003,4,1,1,2,2,1,2,1,1,1,1,1,1,2,14,6,1,1,33,2,2,0
1,45,10,2003,2,1,1,2,2,1,1,1,1,1,1,1,1,1,14,6,1,1,33,2,2,0
1,45,10,2003,2,1,1,2,2,1,1,1,1,1,1,1,1,2,9,6,1,1,33,2,2,0
3,45,10,2003,3,1,1,2,2,1,1,1,1,1,1,3,1,2,5,6,1,1,35,2,2,1
4,45,10,2003,1,1,1,2,2,4,2,1,1,1,1,3,1,2,14,6,1,1,33,2,2,0
6,45,10,2003,3,1,1,2,2,1,1,1,1,1,1,1,1,2,14,6,1,1,33,2,2,0
6,45,10,2003,4,1,1,2,2,1,1,1,1,1,1,1,1,2,8,6,1,1,35,2,2,1
6,45,11,2003,2,1,1,2,2,1,1,1,1,1,1,1,1,2,9,6,1,1,33,2,2,0
3,45,11,2003,1,1,1,2,2,1,1,1,1,1,1,1,1,2,14,6,1,1,33,2,2,0
6,45,11,2003,2,1,1,2,2,1,1,1,1,1,1,3,1,2,9,6,1,1,33,2,2,0
6,45,11,2003,3,1,1,2,2,1,1,1,1,1,1,1,1,2,14,6,1,1,33,2,2,0
6,45,11,2003,3,1,1,2,2,1,1,1,1,1,1,1,1,2,9,6,1,1,33,2,2,0
6,45,11,2003,2,1,1,2,2,1,1,1,1,1,1,3,1,2,14,6,1,1,33,2,2,0
1,47,11,2003,3,1,1,2,2,1,1,1,1,1,1,1,1,2,9,6,1,1,33,2,2,1
7,47,11,2003,3,1,1,2,2,1,1,1,1,1,1,1,1,2,9,6,1,1,33,2,2,0
13,47,11,2003,3,1,1,2,2,1,1,1,1,1,1,1,1,2,9,6,1,1,33,2,2,0
1,51,9,2003,2,1,1,2,2,1,2,1,1,1,1,2,1,2,9,6,1,1,33,2,2,1
1,51,10,2003,3,1,1,2,2,1,1,1,1,1,1,2,1,2,9,6,1,1,33,2,2,1
1,51,10,2003,3,1,1,2,2,4,2,1,1,1,1,2,1,2,14,6,1,1,35,2,2,0
3,51,9,2003,2,1,1,2,2,1,1,1,1,1,1,2,1,2,8,6,1,1,33,2,2,0
7,51,10,2003,3,1,1,2,2,1,1,1,1,1,1,3,1,2,17,6,1,1,35,2,2,0
8,51,9,2003,3,1,1,2,2,1,1,1,1,1,1,3,1,2,19,6,1,1,25,2,2,0
8,51,10,2003,3,1,1,2,2,1,1,1,1,1,1,2,1,2,14,6,1,1,33,2,2,0
8,51,11,2003,2,1,1,2,2,1,1,1,1,1,1,3,1,2,9,6,1,1,33,2,2,1
9,51,9,2003,4,1,1,2,2,1,2,1,1,1,1,2,1,2,9,6,1,1,33,2,2,1
12,51,11,2003,2,1,1,2,2,1,1,1,1,1,1,3,1,2,9,6,1,1,35,2,2,0
13,51,10,2003,2,1,1,2,2,1,1,1,1,1,1,3,1,2,9,6,1,1,33,2,2,0
1,52,10,2003,3,1,1,2,2,1,1,2,1,1,1,2,1,2,14,6,1,1,26,2,2,0
2,44,8,2003,2,1,1,2,2,1,1,1,1,1,1,3,1,2,9,6,1,1,33,2,2,0
2,44,8,2003,3,1,1,2,2,1,1,1,1,1,1,1,1,2,9,6,1,1,33,2,2,0
3,44,8,2003,3,1,1,2,2,1,1,1,1,1,1,1,1,2,9,6,1,1,33,2,2,0
4,44,8,2003,3,1,1,2,2,1,1,1,1,1,1,2,1,2,8,6,1,1,33,2,2,0
4,44,8,2003,3,1,1,2,2,1,1,1,1,1,1,2,1,2,15,6,1,1,33,2,2,0
4,44,8,2003,4,1,1,2,2,1,3,1,1,1,1,2,1,2,14,6,1,1,33,2,2,0
6,44,8,2003,2,1,1,2,2,1,1,1,1,1,1,1,1,2,9,6,1,1,33,2,2,0
7,44,8,2003,4,1,1,2,2,1,2,1,1,1,1,1,1,2,9,6,1,1,33,2,2,0
1,51,12,2003,3,1,1,2,2,1,1,1,1,1,1,3,1,2,4,6,1,1,33,2,2,1
3,51,12,2003,4,1,1,2,2,1,4,1,1,1,2,3,1,2,4,6,1,1,33,2,2,0
9,51,12,2003,2,1,1,2,2,1,1,1,1,1,1,2,1,2,7,6,1,1,33,2,2,0
9,51,12,2003,2,1,1,2,2,4,3,1,1,1,1,3,1,2,4,6,1,1,33,2,2,1
1,47,11,2003,2,1,1,2,2,4,2,1,1,1,1,3,1,2,9,6,1,1,33,2,2,0
2,47,12,2003,4,1,1,2,2,1,1,1,1,1,1,1,1,2,9,6,1,1,33,2,2,0
7,47,12,2003,2,1,1,2,2,1,1,1,1,1,1,1,1,2,10,6,1,1,33,2,2,1
7,47,12,2003,1,1,1,2,2,4,4,1,1,1,1,1,1,2,14,6,1,1,33,2,2,0
9,47,12,2003,1,1,1,2,2,1,2,1,1,1,1,1,1,2,14,6,1,1,33,2,2,0
1,50,12,2003,2,1,1,2,2,4,2,1,1,1,1,1,1,1,14,6,1,1,33,2,2,0
2,50,12,2003,3,1,1,2,2,1,1,1,1,1,1,1,1,2,14,6,1,1,33,2,2,0
2,50,12,2003,3,1,1,2,2,1,1,1,1,1,1,1,1,2,9,6,1,1,35,2,2,0
5,50,12,2003,4,1,1,2,2,1,2,1,1,1,1,2,1,2,14,6,1,1,33,2,2,0
8,50,12,2003,2,1,1,2,2,1,1,3,5,3,2,3,1,2,17,6,1,1,33,2,2,0