Thana,District,Month,Year,Time,Junction_Type,Traffic_Control,Movement,Divider,Weather,Light,Road_Geometry,Surface_Condition,Surface_Type,Surface_Quality,Road_Class,Road_Feature,Location_Type,Vehicle_Type,Vehicle_Movement,Vehicle_Loading,Vehicle_Defect,Vehicle_Driver_Age,Vehicle_Alcohol,Vehicle_Seat_Belt,Accident_Severity
10,50,12,2003,1,1,1,2,2,1,1,1,1,1,1,1,1,2,14,6,1,1,33,2,2,0
6,45,12,2003,3,1,1,2,2,1,1,1,1,1,1,1,1,2,9,6,1,1,33,2,2,1
1,52,8,2003,3,1,1,2,2,1,1,1,1,1,1,3,1,2,12,6,1,1,33,2,2,0
6,52,12,2003,3,1,1,2,2,1,1,1,1,1,1,3,1,2,10,6,1,1,33,2,2,1
2,41,2,2003,1,1,1,2,2,1,4,1,1,1,1,3,1,2,14,6,1,1,33,2,2,0
3,41,7,2003,4,1,1,2,2,1,2,1,1,1,1,3,1,2,14,6,1,1,33,2,2,0
5,41,9,2003,3,1,1,2,2,1,1,1,1,1,1,1,1,1,9,6,1,1,33,2,2,0
5,41,9,2003,3,1,1,2,2,1,1,1,1,1,1,1,1,1,10,6,1,1,33,2,2,0
5,41,10,2003,3,1,1,2,2,1,1,1,1,1,1,1,1,2,9,6,1,1,33,2,2,0
5,41,11,2003,3,1,1,2,2,1,1,1,1,1,1,1,1,2,9,6,1,1,35,2,2,0
5,41,11,2003,1,1,1,2,2,4,4,1,1,1,1,1,1,2,14,6,1,1,33,2,2,0
5,41,11,2003,3,1,1,2,2,1,1,1,1,1,1,1,1,2,9,6,1,1,33,2,2,0
5,41,12,2003,2,1,1,2,2,1,1,1,1,1,1,1,1,2,8,6,1,1,33,2,2,0
1,44,8,2003,4,1,1,2,2,1,4,1,1,1,1,2,1,2,6,6,1,1,33,2,2,1
2,44,9,2003,1,1,1,2,2,1,2,1,1,1,3,1,1,2,9,6,1,1,33,2,2,0
3,44,9,2003,2,1,1,2,2,1,4,1,1,1,3,1,1,2,9,6,1,1,46,2,2,0
3,44,9,2003,2,1,1,2,2,1,1,1,1,1,1,1,1,2,9,6,1,1,33,2,2,0
4,44,9,2003,3,1,1,2,2,1,1,1,1,1,1,2,1,2,8,6,1,1,33,2,2,0
4,44,9,2003,3,1,1,2,2,1,1,1,1,1,1,3,1,2,9,6,1,1,24,2,2,0
5,44,9,2003,1,1,1,2,2,1,4,1,1,1,1,1,1,2,12,6,1,1,33,2,2,0
5,44,9,2003,3,1,1,2,2,1,1,1,1,1,1,1,1,2,9,6,1,1,33,2,2,0
7,44,9,2003,4,1,1,2,2,1,4,1,1,1,1,1,1,2,9,6,1,1,33,2,2,0
7,44,9,2003,3,1,1,2,2,1,1,1,1,1,1,1,1,2,8,6,1,1,30,2,2,0
7,44,9,2003,1,1,1,2,2,1,4,1,1,1,3,1,1,2,9,6,1,1,33,2,2,0
7,44,9,2003,3,1,1,2,2,1,1,1,1,1,1,1,1,2,9,6,1,1,33,2,2,0
6,46,12,2003,3,1,1,2,2,1,1,1,1,1,1,1,1,2,14,6,1,1,33,2,2,0
1,43,12,2003,2,1,1,2,2,1,1,1,1,1,1,3,1,2,6,6,1,1,33,2,2,0
2,43,12,2003,3,1,1,2,2,1,1,1,1,1,1,1,1,2,9,6,1,1,33,2,2,0
2,43,12,2003,4,1,1,2,2,1,2,1,1,1,1,1,1,2,8,6,1,1,33,2,2,0
2,43,12,2003,3,1,1,2,2,1,1,1,1,1,1,1,1,2,9,6,1,1,33,2,2,0
4,43,12,2003,4,1,1,2,2,1,2,1,1,1,1,1,1,2,9,6,1,1,33,2,2,0
4,43,12,2003,4,1,1,2,2,1,2,1,1,1,1,3,1,2,9,6,1,1,33,2,2,0
5,43,12,2003,2,1,1,2,2,1,1,1,1,1,1,1,1,2,9,6,1,1,33,2,2,1
6,48,10,2003,2,1,1,2,2,1,1,1,1,1,1,3,1,2,9,6,1,1,33,2,2,0
1,49,9,2003,2,1,1,2,2,1,1,1,1,1,1,2,1,2,14,6,1,1,50,2,2,1
1,49,10,2003,3,1,1,2,2,1,1,1,1,1,1,2,1,2,14,6,1,1,33,2,2,1
2,49,12,2003,2,1,1,2,2,4,1,1,1,1,1,3,1,2,9,6,1,1,33,2,2,0
3,49,9,2003,3,1,1,2,2,1,1,1,1,1,1,2,1,2,9,6,1,1,33,2,2,1
1,46,3,2003,3,1,1,2,2,1,1,1,1,1,1,1,1,2,9,6,1,1,33,2,2,0
1,46,3,2003,1,1,1,2,2,1,1,1,1,1,1,1,1,2,9,6,1,1,33,2,2,0
1,46,3,2003,3,1,1,2,2,1,1,1,1,1,1,1,1,2,9,6,1,1,33,2,2,0
1,46,3,2003,2,1,1,2,2,1,1,1,1,1,1,1,1,2,7,6,1,1,33,2,2,0
1,46,3,2003,3,1,1,2,2,1,1,1,1,1,1,1,1,2,8,6,1,1,33,2,2,0
1,46,4,2003,3,1,1,2,1,1,1,1,1,1,1,2,1,2,9,6,1,1,33,2,2,0
1,46,4,2003,1,1,1,2,2,1,3,1,1,1,1,2,1,2,14,6,1,1,33,2,2,0
1,46,4,2003,2,1,1,2,2,1,1,1,1,1,1,1,1,2,9,6,1,1,33,2,2,0
1,46,2,2003,3,1,1,2,2,1,1,1,1,1,1,1,1,2,8,6,1,1,33,2,2,0
1,46,4,2003,4,1,1,2,2,1,3,1,1,1,1,2,1,2,9,6,1,1,33,2,2,0
1,46,5,2003,2,1,1,2,2,1,1,1,1,1,1,1,1,2,9,1,1,1,33,2,2,0
1,46,5,2003,4,1,1,2,2,1,2,1,1,1,1,2,1,2,9,6,1,1,33,2,2,1
1,46,6,2003,2,1,1,2,2,1,1,1,1,1,1,1,1,2,12,6,1,1,33,2,2,0
1,46,6,2003,4,1,1,2,2,1,3,1,1,1,1,1,1,2,9,6,1,1,33,2,2,0
1,46,7,2003,4,1,1,2,2,1,4,1,1,1,1,2,1,2,9,6,1,1,33,2,2,0
1,46,7,2003,2,1,1,2,1,1,1,1,1,1,1,1,1,2,7,6,1,1,33,2,2,0
1,46,7,2003,2,1,1,2,2,1,1,1,1,1,1,1,1,2,7,6,1,1,33,2,2,0
1,46,8,2003,2,1,1,2,2,1,1,1,1,1,1,1,1,2,14,6,1,1,33,2,2,0
1,46,8,2003,2,1,1,2,2,1,1,1,1,1,1,1,1,2,7,6,1,1,33,2,2,0
1,46,8,2003,4,1,1,2,2,1,4,1,1,1,1,1,1,2,14,6,1,1,33,2,2,0
2,44,10,2003,4,1,1,2,2,1,4,1,1,1,1,1,1,2,10,6,1,1,30,2,2,0
4,44,10,2003,2,1,1,2,2,1,1,1,1,1,1,2,1,2,14,6,1,1,33,2,2,0
5,44,10,2003,2,1,1,2,2,1,1,1,1,1,1,1,1,2,13,6,1,1,33,2,2,0
6,44,9,2003,3,1,1,1,1,1,1,1,1,1,1,1,1,2,9,6,1,1,33,2,2,1
7,44,10,2003,2,1,1,2,2,1,1,1,1,1,1,3,1,2,8,6,1,1,28,2,2,1
7,44,10,2003,3,1,1,2,2,1,4,1,1,1,1,1,1,2,14,6,1,1,33,2,2,0
1,44,11,2003,3,1,1,2,2,1,1,1,1,1,1,2,1,2,12,6,1,1,33,2,2,0
3,44,11,2003,2,1,1,2,2,1,1,1,1,1,1,1,1,2,9,6,1,1,33,2,2,0
3,44,11,2003,2,1,1,2,2,1,1,1,1,1,1,1,1,2,9,6,1,1,35,2,2,0
4,44,11,2003,3,1,1,2,2,1,1,1,1,1,1,2,1,2,14,6,1,1,33,2,2,0
4,44,11,2003,1,1,1,2,2,1,2,1,1,1,1,2,1,2,14,6,1,1,33,2,2,0
6,44,11,2003,1,1,1,2,2,1,4,1,1,1,1,1,1,2,14,6,1,1,33,2,2,0
6,44,11,2003,3,1,1,2,2,1,1,1,1,1,1,1,1,2,14,6,1,1,33,2,2,0
6,44,11,2003,1,1,1,2,2,1,2,1,1,1,1,1,2,2,9,6,1,1,33,2,2,1
3,41,9,2003,2,1,1,2,2,1,1,1,1,1,1,1,1,2,14,6,1,1,33,2,2,0
3,41,10,2003,3,1,1,2,2,1,1,1,1,1,1,1,1,2,9,6,1,1,33,2,2,0
3,41,12,2003,1,1,1,2,2,4,2,2,2,1,3,3,1,2,12,6,1,1,33,2,2,0
3,41,12,2003,3,1,1,2,2,1,1,1,1,1,1,1,1,2,14,6,1,1,33,2,2,0
3,41,12,2003,4,1,1,2,2,1,4,1,1,1,1,1,1,2,10,6,1,1,33,2,2,0
3,41,12,2003,3,1,1,2,2,1,1,1,1,1,1,3,1,2,10,6,1,1,33,2,2,1
5,41,5,2003,3,1,1,2,2,1,1,1,1,1,1,1,1,2,9,6,1,1,33,2,2,0
5,41,7,2003,1,1,1,2,2,1,2,1,1,1,1,1,1,2,14,6,1,1,33,2,2,0
5,41,7,2003,4,1,1,2,2,1,3,1,1,1,1,2,1,2,14,6,1,1,33,2,2,0
5,41,7,2003,2,1,1,2,2,1,1,1,1,1,1,1,1,2,14,6,1,1,33,2,2,0
5,41,7,2003,2,1,1,2,2,1,1,1,1,1,1,3,1,2,8,6,1,1,33,2,2,0
5,41,7,2003,4,1,1,2,2,1,4,1,1,1,1,1,1,2,14,6,1,1,33,2,2,0
5,41,7,2003,2,1,1,2,2,1,1,1,1,1,1,2,1,2,9,6,1,1,33,2,2,0
5,41,8,2003,3,1,1,2,2,1,1,1,1,1,1,1,1,2,9,6,1,1,33,2,2,1
5,41,9,2003,3,1,1,2,2,1,1,1,1,1,1,1,1,2,10,6,1,1,33,2,2,1
5,41,10,2003,2,1,1,2,2,1,1,1,1,1,1,1,1,2,9,6,1,1,30,2,2,0
5,41,10,2003,4,1,1,2,2,1,4,1,1,1,1,1,1,2,9,6,1,1,33,2,2,0
5,41,10,2003,4,1,1,2,2,1,4,1,1,1,1,1,1,2,9,6,1,1,33,2,2,0
5,41,10,2003,3,1,1,2,2,1,1,1,1,1,1,1,1,2,9,6,1,1,33,2,2,3
5,41,12,2003,4,1,1,2,2,1,4,1,1,1,1,1,1,2,14,6,1,1,33,2,2,0
5,41,12,2003,1,1,1,2,2,1,2,1,1,1,1,1,1,2,14,6,1,1,33,2,2,0
5,41,12,2003,3,1,1,2,2,1,1,1,1,1,1,1,1,2,9,6,1,1,33,2,2,0
5,41,12,2003,3,1,1,2,2,1,1,1,1,1,1,1,1,2,9,6,1,1,33,2,2,0
5,41,12,2003,3,1,1,2,2,1,1,1,1,1,1,1,1,2,9,6,1,1,33,2,2,0
3,44,12,2003,3,1,1,2,2,1,1,1,1,1,1,1,1,2,9,6,1,1,33,2,2,0
3,44,12,2003,3,1,1,2,2,1,1,1,1,1,1,1,1,2,14,6,1,1,35,2,2,0
3,44,12,2003,3,1,1,2,2,1,1,1,1,1,1,1,1,2,9,6,1,1,33,2,2,0
4,44,11,2003,3,1,1,2,2,1,1,1,1,1,1,3,1,2,8,6,1,1,33,2,2,0
4,44,12,2003,3,1,1,2,2,1,1,1,1,1,2,1,1,2,10,6,1,1,33,2,2,0
6,44,10,2003,4,1,1,2,2,1,1,1,1,1,1,1,1,2,14,6,1,1,33,2,2,0
1,51,12,2003,4,1,1,2,2,1,2,1,1,1,1,3,1,2,6,6,1,1,33,2,2,0
9,42,2,2003,2,2,4,2,1,1,1,1,1,1,1,5,1,1,9,6,1,1,33,2,2,1
9,42,2,2003,2,1,4,2,2,1,1,1,1,1,1,5,1,1,4,6,1,7,33,2,2,1
9,42,2,2003,3,1,1,2,1,1,1,1,1,1,1,5,1,1,9,6,1,2,33,1,2,0
11,42,1,2003,4,1,2,1,2,1,3,1,1,1,1,5,1,1,8,6,1,2,33,2,2,0
11,42,1,2003,2,1,4,1,1,1,1,1,1,1,1,5,1,1,8,6,1,1,33,2,2,0
11,42,1,2003,2,1,1,1,2,1,1,1,1,1,1,5,1,1,10,6,1,1,33,2,2,1
11,42,1,2003,3,1,1,1,1,1,1,1,1,1,1,5,1,1,7,6,1,2,33,2,2,1
11,42,1,2003,1,5,1,2,1,1,1,1,1,1,1,5,1,1,14,6,1,2,33,2,2,0
11,42,1,2003,3,1,1,2,1,1,1,1,1,1,1,5,1,1,8,6,1,2,32,2,2,1
11,42,1,2003,4,1,1,2,1,1,3,1,1,1,1,5,1,1,14,6,1,2,33,1,2,0
11,42,1,2003,4,1,1,2,1,1,3,1,1,1,1,5,1,1,14,6,1,2,33,2,2,0
10,42,1,2003,3,3,6,2,1,1,1,1,1,1,1,5,1,1,8,6,1,2,33,2,2,1
13,42,1,2003,3,7,2,1,1,1,1,1,1,1,1,5,1,1,8,6,1,1,30,2,2,0
10,42,2,2003,3,7,1,2,2,1,1,1,1,1,1,5,1,1,14,6,1,1,33,2,2,0
6,42,1,2003,2,3,6,2,1,1,1,1,1,1,1,5,1,1,15,6,1,2,33,2,2,0
6,42,1,2003,2,1,6,2,1,1,1,1,1,1,1,5,1,1,9,6,1,2,33,2,2,0
6,42,2,2003,2,1,1,2,2,1,1,1,1,1,1,5,1,1,9,6,1,1,33,2,2,1
6,42,2,2003,2,3,6,2,2,1,1,1,1,1,1,5,1,1,14,6,1,2,33,2,2,1
6,42,2,2003,3,1,2,2,2,1,1,1,1,1,1,5,1,1,9,6,1,1,33,2,2,0
6,42,2,2003,3,7,1,2,1,1,1,1,1,1,1,5,1,1,9,6,1,1,33,2,2,0
6,42,2,2003,3,1,3,1,1,1,1,1,1,1,1,5,1,1,14,6,1,2,33,2,2,0
6,42,2,2003,2,7,6,2,1,1,1,1,1,1,1,5,1,1,9,6,1,1,33,2,2,0
6,42,2,2003,1,1,1,1,2,1,3,1,1,1,1,5,1,1,10,6,1,2,33,1,0,0
6,42,2,2003,3,3,1,2,1,1,2,1,1,1,1,5,1,1,9,6,1,2,33,2,2,1
6,42,2,2003,2,1,1,1,2,1,2,1,1,1,1,5,1,1,8,6,1,1,33,2,2,1
6,42,3,2003,3,1,1,2,2,1,1,1,1,1,1,5,1,1,14,6,1,2,33,2,2,0
6,42,3,2003,4,1,1,2,1,1,3,1,1,1,1,5,1,1,6,6,1,1,33,2,2,0
6,42,3,2003,4,1,8,1,2,1,3,1,1,1,1,5,1,1,10,6,1,2,33,1,0,0
6,42,3,2003,4,7,6,2,1,1,2,1,1,1,1,5,1,1,10,6,1,1,33,2,2,0
6,42,3,2003,4,3,2,2,1,1,3,1,1,1,1,5,1,1,9,6,1,1,33,2,2,0
6,42,3,2003,1,1,1,2,1,1,4,1,1,1,1,5,1,1,10,6,1,2,33,1,0,0
4,42,1,2003,2,1,2,1,1,1,3,1,1,1,1,5,1,1,9,6,1,1,32,2,2,0
4,42,3,2003,3,1,1,1,1,1,1,1,1,1,1,5,1,1,8,6,1,1,33,2,2,0
21,42,3,2003,3,1,1,2,2,1,1,1,1,1,1,5,1,1,9,6,1,1,33,2,2,0
21,42,3,2003,3,1,1,2,2,1,1,1,1,1,1,5,1,1,8,6,1,2,33,2,2,0
21,42,3,2003,4,1,1,2,2,1,3,1,1,1,1,5,1,1,14,6,1,1,33,2,2,0
21,42,3,2003,4,1,1,2,2,1,3,1,1,1,1,5,1,1,12,6,1,1,22,2,2,0
21,42,3,2003,3,1,1,2,2,1,1,1,1,1,1,5,2,1,9,6,1,1,33,2,2,0
11,42,2,2003,1,7,3,2,1,1,3,1,1,1,1,5,1,1,14,6,1,2,33,2,2,0
11,42,2,2003,3,7,2,1,1,2,1,1,2,1,1,5,1,1,10,6,1,1,25,2,2,1
11,42,2,2003,3,1,1,1,2,1,1,1,1,1,1,5,1,1,8,6,1,1,33,2,2,2
11,42,2,2003,4,1,1,1,2,1,3,1,1,1,1,5,1,1,9,6,1,2,33,2,2,0
11,42,2,2003,1,1,1,2,1,1,3,1,1,1,1,5,1,1,14,6,1,1,33,2,2,0
11,42,2,2003,4,1,1,1,2,1,3,1,1,1,1,5,1,1,14,6,1,1,33,2,2,0
10,42,3,2003,4,7,8,2,1,1,3,1,1,1,1,5,1,1,8,6,1,2,33,2,2,0
10,42,3,2003,3,7,8,2,2,1,1,1,1,1,1,5,1,1,10,6,1,2,33,2,2,0
10,42,3,2003,4,1,8,2,2,1,3,1,1,1,1,5,1,1,19,6,1,1,33,2,2,0
10,42,3,2003,4,7,8,2,1,1,3,1,1,1,1,5,1,1,10,6,1,2,33,1,2,0
10,42,3,2003,1,1,1,2,1,1,2,1,1,1,1,5,1,1,10,6,1,1,33,1,2,0
3,42,1,2003,1,1,1,2,1,1,1,1,1,1,1,5,1,1,10,6,1,1,33,2,2,1
3,42,2,2003,4,3,1,1,1,1,1,1,1,1,1,5,1,1,14,6,1,2,33,2,2,0
3,42,2,2003,3,2,4,2,2,1,1,1,1,1,1,5,1,1,10,6,1,1,28,2,2,0
18,42,1,2003,2,1,1,2,1,1,1,1,1,1,1,5,1,1,9,6,1,1,33,2,2,0
15,42,3,2003,3,1,1,2,1,1,1,1,1,1,1,5,1,1,11,6,1,2,25,2,2,0
9,42,3,2003,3,1,1,2,1,1,1,1,1,1,1,5,1,1,8,6,1,1,33,2,2,0
9,42,3,2003,2,3,6,2,1,1,1,1,1,1,1,5,1,1,9,2,1,1,33,2,2,2
9,42,3,2003,3,7,6,2,1,1,1,1,1,1,1,5,1,1,9,6,1,1,33,2,2,0
9,42,3,2003,2,1,4,2,1,1,1,1,1,1,1,5,1,1,14,6,2,7,33,2,2,0
9,42,3,2003,4,1,1,2,1,1,3,1,1,1,1,5,1,1,11,6,1,2,33,2,2,0
9,42,3,2003,2,1,4,2,1,1,1,1,1,1,1,5,1,1,8,6,1,1,33,2,2,1
9,42,3,2003,2,7,4,2,1,1,1,1,1,1,1,5,1,1,19,6,1,2,25,2,2,1
9,42,3,2003,4,3,6,2,1,1,3,1,1,1,1,5,1,1,8,6,1,1,33,2,2,0
9,42,3,2003,3,5,6,2,1,1,1,1,1,1,1,5,1,1,10,6,1,2,33,2,2,1
9,42,3,2003,4,1,1,2,1,1,3,1,1,1,1,5,1,1,19,6,1,1,33,2,2,1
9,42,3,2003,3,3,6,2,1,1,1,1,1,1,1,5,1,1,19,6,1,1,33,2,2,1
11,42,3,2003,2,1,1,1,1,1,1,1,1,1,1,5,1,1,9,6,1,1,33,2,2,1
11,42,3,2003,3,3,8,2,1,1,1,1,1,1,1,5,1,1,8,6,1,1,40,2,2,0
11,42,3,2003,4,3,8,2,1,1,1,1,1,1,1,5,1,1,8,6,1,2,33,2,2,3
11,42,3,2003,2,3,8,2,1,1,1,1,1,1,1,5,1,1,8,6,1,2,30,2,2,1
10,42,4,2003,4,1,1,2,1,1,2,1,1,1,1,5,1,1,9,6,1,2,33,1,2,0
10,42,4,2003,3,7,8,2,1,1,1,1,1,1,1,5,1,1,10,6,1,1,33,2,2,0
4,42,4,2003,4,1,1,1,1,1,2,1,1,1,1,5,1,1,14,6,1,1,33,2,2,0
4,42,4,2003,1,1,1,2,2,1,3,1,1,1,1,5,1,1,10,6,1,1,33,1,0,0
4,42,4,2003,2,1,1,2,1,1,2,1,1,1,1,5,1,1,10,6,1,1,33,2,2,0
21,42,4,2003,2,1,1,2,2,1,1,1,1,1,1,5,1,1,8,6,1,2,33,2,2,0
21,42,4,2003,3,1,1,2,2,1,1,1,1,1,1,5,1,1,14,6,1,2,33,2,2,0
21,42,4,2003,4,1,2,2,2,1,3,1,1,1,1,5,1,1,14,6,1,1,33,2,2,1
21,42,4,2003,1,1,1,2,2,1,3,1,1,1,1,5,1,1,7,6,1,2,28,2,2,1
21,42,4,2003,2,1,1,2,2,1,1,1,1,1,1,5,1,1,9,6,1,1,30,2,2,1
6,42,4,2003,1,1,2,2,1,1,2,1,1,1,1,5,1,1,8,6,1,1,33,2,2,0
6,42,4,2003,3,3,4,2,1,1,1,1,1,1,1,5,1,1,14,5,1,2,33,2,2,1
6,42,4,2003,1,7,4,2,1,1,3,1,1,1,1,5,1,1,14,6,1,1,40,1,2,1
6,42,4,2003,3,1,3,2,1,1,1,1,1,1,1,5,1,1,9,6,1,2,35,2,2,1
6,42,4,2003,4,1,4,2,2,1,3,1,1,1,1,5,1,1,9,6,1,1,33,2,2,1
6,42,4,2003,4,2,3,2,1,1,3,1,1,1,1,5,1,1,9,6,1,1,33,2,2,0
9,42,1,2003,2,7,4,2,1,1,1,1,1,1,1,5,1,1,9,6,1,1,33,2,2,1
9,42,1,2003,3,1,1,2,1,1,1,1,1,1,1,5,1,1,8,6,1,1,33,2,2,0
9,42,1,2003,2,1,1,2,1,1,1,1,1,1,1,5,1,1,9,6,1,2,33,2,2,0
9,42,1,2003,3,2,4,2,1,1,1,1,1,1,1,5,1,1,7,6,1,1,25,2,2,1
8,42,1,2003,2,1,1,2,1,1,1,1,1,1,1,5,1,1,8,6,1,1,33,2,2,0
8,42,1,2003,4,3,1,2,1,1,3,1,1,1,1,5,1,1,9,6,1,1,33,2,2,1
8,42,1,2003,2,3,4,2,1,1,1,1,1,1,1,5,1,1,8,6,1,1,28,2,2,1
8,42,3,2003,3,1,1,2,1,1,1,1,1,1,1,5,1,1,10,6,1,1,33,2,2,1
1,42,1,2003,3,1,1,2,1,1,1,1,1,1,1,5,1,1,9,6,1,1,33,2,2,1
1,42,3,2003,3,1,1,2,1,1,1,1,1,1,1,5,1,1,10,6,1,7,33,2,2,1
1,42,3,2003,3,1,1,2,1,1,1,1,1,1,1,5,1,1,8,6,1,1,33,2,2,1
11,42,4,2003,1,3,4,2,1,1,1,1,1,1,1,5,1,1,7,6,1,1,22,1,2,0
11,42,4,2003,2,1,1,2,2,1,1,1,1,1,1,5,1,1,7,8,1,1,25,2,2,1
11,42,4,2003,4,1,3,2,1,1,3,1,1,1,1,5,1,1,8,6,1,1,33,2,2,1
11,42,4,2003,2,1,2,2,1,1,1,1,1,1,1,5,1,1,8,6,1,7,33,1,2,2
11,42,4,2003,1,2,6,2,1,1,1,1,1,1,1,5,1,1,14,6,1,1,33,1,2,0
7,42,3,2003,3,1,4,2,2,1,1,1,1,1,1,5,1,1,14,6,1,2,38,2,2,0
13,42,5,2003,4,1,1,1,1,1,3,1,1,1,1,5,1,1,19,6,1,2,33,1,0,0
13,42,5,2003,2,2,1,1,1,1,1,1,1,1,1,5,1,1,10,6,1,1,30,2,2,0
13,42,5,2003,4,1,1,2,1,1,3,1,1,1,1,5,1,1,10,6,1,2,33,1,0,0
13,42,5,2003,4,1,1,2,1,3,1,1,1,1,1,5,1,1,19,6,1,2,33,1,0,0
19,42,1,2003,3,1,1,2,1,1,1,1,1,1,1,5,1,1,10,6,1,2,33,1,0,0
19,42,1,2003,3,1,1,2,2,1,1,1,1,1,1,5,1,1,12,6,1,1,33,2,2,0
19,42,3,2003,1,3,1,2,2,1,2,1,1,1,1,5,1,1,19,6,1,2,33,1,0,0
3,42,5,2003,3,1,3,2,1,1,1,1,1,1,1,5,1,1,8,6,1,1,33,2,2,1
4,42,5,2003,2,1,2,1,1,1,1,1,1,1,1,5,1,1,8,6,1,1,33,2,2,3
6,42,5,2003,2,5,6,2,2,1,1,1,1,1,1,5,1,1,9,6,1,1,33,2,2,0
6,42,5,2003,1,1,3,1,1,1,4,1,1,1,1,5,1,1,19,6,1,2,33,2,2,0
6,42,5,2003,3,3,8,2,1,1,1,1,1,1,1,5,1,1,9,6,1,1,33,1,2,0
5,42,1,2003,4,1,1,2,2,1,3,1,1,1,1,5,1,1,12,6,1,1,33,2,2,0
5,42,2,2003,4,1,1,2,1,1,3,1,1,1,1,5,1,1,14,6,1,2,33,1,2,0
5,42,3,2003,2,1,1,2,2,1,1,1,1,1,1,5,1,1,14,6,1,1,33,2,2,0
5,42,4,2003,3,7,1,2,1,1,1,1,1,1,1,5,1,1,10,6,1,1,33,2,2,3
5,42,6,2003,1,1,1,2,1,1,2,1,1,1,1,5,1,1,14,6,1,2,33,2,2,0
5,42,6,2003,4,1,1,2,1,1,3,1,1,1,1,5,1,1,14,6,1,1,35,2,2,0
21,42,5,2003,2,1,1,2,1,1,2,1,1,1,1,5,1,1,14,6,1,2,33,1,2,0
21,42,5,2003,1,1,1,2,2,1,2,1,1,1,1,5,1,1,14,6,1,2,33,2,2,0
21,42,5,2003,2,1,1,2,1,1,1,1,1,1,1,5,1,1,14,6,1,1,33,2,2,0
21,42,5,2003,2,1,1,2,2,1,2,1,1,1,1,5,1,1,19,6,1,1,33,2,2,0
21,42,5,2003,3,1,1,2,2,1,1,1,1,1,1,5,1,1,19,6,1,2,33,2,2,0
2,42,1,2003,3,3,4,2,1,1,1,1,1,1,1,5,1,1,8,6,1,1,48,2,2,1
2,42,1,2003,3,7,4,2,2,1,1,1,1,1,1,5,1,1,8,6,1,1,33,2,2,0
2,42,1,2003,3,2,4,2,1,1,1,1,1,1,1,5,1,1,8,6,1,1,33,2,2,0
2,42,2,2003,3,2,4,2,1,1,1,1,1,1,1,5,1,1,10,6,1,1,33,2,2,1
2,42,3,2003,2,2,4,2,1,1,1,1,1,1,1,5,1,1,10,6,1,2,33,1,0,1
2,42,3,2003,3,3,1,2,1,1,1,1,1,1,1,5,1,1,9,6,1,2,33,2,2,1
2,42,4,2003,3,2,1,2,1,1,1,1,1,1,1,5,1,1,8,6,1,1,33,2,2,0
2,42,4,2003,2,3,1,2,1,1,2,1,1,1,1,5,1,1,13,6,1,2,33,2,2,0
2,42,5,2003,2,5,6,1,1,1,3,1,1,1,1,5,1,1,14,6,1,1,35,2,2,0
2,42,5,2003,2,1,1,2,1,1,1,1,1,1,1,5,1,1,8,6,1,1,33,2,2,0
2,42,5,2003,2,1,1,2,2,1,1,1,1,1,1,5,1,1,12,6,1,1,24,2,2,0
10,42,5,2003,2,3,1,2,1,1,1,1,1,1,1,5,1,1,8,6,1,1,33,2,2,1
10,42,5,2003,3,7,1,2,1,1,1,1,1,1,1,5,1,1,14,6,1,2,33,2,2,0
10,42,5,2003,4,7,4,2,2,1,3,1,1,1,1,5,1,1,9,6,1,1,33,2,2,0
10,42,6,2003,2,7,5,1,1,1,1,1,1,1,1,5,1,1,5,6,1,1,33,2,2,1
10,42,6,2003,3,7,1,2,2,1,1,1,1,1,1,5,1,1,14,6,1,2,33,2,2,0
12,42,1,2003,3,5,6,2,1,1,1,1,1,1,1,5,1,1,12,6,1,1,33,2,2,0
12,42,1,2003,1,3,4,2,1,1,3,1,1,1,1,5,1,1,19,6,1,2,33,1,2,0
12,42,1,2003,3,5,4,2,1,1,1,1,1,1,1,5,1,1,11,6,1,1,33,2,2,2
12,42,1,2003,2,3,4,2,1,1,1,2,1,1,1,5,1,1,10,6,1,1,33,2,2,0
12,42,2,2003,4,1,1,2,1,1,3,1,1,1,1,5,1,1,9,6,1,1,33,2,2,0
12,42,2,2003,4,1,1,2,1,1,3,1,1,1,1,5,1,1,16,6,1,2,33,2,2,0
22,42,1,2003,3,3,1,2,2,1,1,1,1,1,1,5,1,1,10,6,1,2,33,1,0,0
22,42,2,2003,3,1,1,2,2,1,1,1,1,1,1,5,1,1,10,6,1,2,33,1,0,0
22,42,2,2003,2,1,1,2,2,1,1,1,1,1,1,5,1,1,19,6,1,2,33,1,0,0
22,42,3,2003,2,1,1,2,1,1,1,1,1,1,1,5,1,1,19,6,1,2,33,1,0,0
22,42,3,2003,4,1,1,2,1,1,2,1,1,1,1,5,1,1,8,6,1,1,29,2,2,0
22,42,4,2003,1,1,1,2,1,1,3,1,1,1,1,5,1,1,19,6,1,2,33,1,0,0
22,42,4,2003,3,4,6,2,1,1,1,1,1,1,1,5,1,1,12,6,1,1,33,1,2,0
22,42,5,2003,2,1,1,2,1,1,1,1,1,1,1,5,1,1,8,6,1,2,20,2,2,0
22,42,6,2003,1,5,4,2,1,1,3,1,1,1,1,5,1,1,19,6,1,2,33,1,0,0