Thana,District,Month,Year,Time,Junction_Type,Traffic_Control,Movement,Divider,Weather,Light,Road_Geometry,Surface_Condition,Surface_Type,Surface_Quality,Road_Class,Road_Feature,Location_Type,Vehicle_Type,Vehicle_Movement,Vehicle_Loading,Vehicle_Defect,Vehicle_Driver_Age,Vehicle_Alcohol,Vehicle_Seat_Belt,Accident_Severity
22,42,6,2003,3,5,4,2,1,1,1,1,1,1,1,5,1,1,9,6,1,2,33,2,2,0
22,42,6,2003,4,5,4,2,1,1,3,1,1,1,1,5,1,1,19,6,1,2,33,1,0,0
15,42,1,2003,4,1,1,2,1,1,3,1,1,1,1,5,1,1,14,6,1,1,33,2,2,0
15,42,1,2003,3,1,1,2,1,1,1,1,1,1,1,5,1,1,14,6,1,2,33,2,2,0
15,42,6,2003,2,7,1,2,1,1,1,1,1,1,1,5,1,1,7,6,1,1,33,2,2,0
12,42,7,2003,2,5,4,1,1,1,1,1,1,1,1,5,1,1,19,6,1,2,25,2,2,1
12,42,7,2003,2,1,1,1,2,1,1,1,1,1,1,5,1,1,9,6,1,1,33,2,2,0
12,42,7,2003,2,1,1,1,2,2,1,1,2,1,1,5,1,1,10,6,1,1,33,2,2,1
12,42,7,2003,2,3,4,2,1,1,2,1,1,1,1,5,1,1,12,6,1,1,33,2,2,0
9,42,5,2003,2,1,1,2,1,1,1,1,1,1,1,5,1,1,11,6,1,7,33,2,2,0
9,42,5,2003,1,1,1,2,1,1,3,1,1,1,1,5,1,1,10,6,1,1,24,2,2,1
9,42,5,2003,2,1,1,2,1,1,1,1,1,1,1,5,1,1,8,6,1,1,33,2,2,0
9,42,5,2003,4,3,4,2,1,1,1,1,1,1,1,5,1,1,9,6,1,7,33,2,2,1
9,42,6,2003,2,1,1,2,1,1,1,1,1,1,1,5,1,1,9,6,1,2,33,2,2,0
9,42,6,2003,2,1,1,2,2,1,1,1,1,1,1,5,1,1,8,6,1,1,33,2,2,1
9,42,6,2003,4,3,6,2,1,1,1,1,1,1,1,5,1,1,8,6,1,1,33,2,2,1
9,42,6,2003,3,3,4,2,1,1,1,1,1,1,1,5,1,1,5,6,1,1,33,2,2,1
9,42,7,2003,1,1,1,2,1,1,3,1,1,1,1,5,1,1,14,6,1,1,33,2,2,0
9,42,7,2003,1,3,5,2,1,1,3,1,1,1,1,5,1,1,14,6,1,1,33,2,2,0
9,42,4,2003,1,1,1,2,1,1,3,1,1,1,1,1,1,1,14,6,1,1,33,2,2,0
9,42,4,2003,3,3,6,2,1,1,1,1,1,1,1,5,1,1,10,6,1,2,33,2,2,1
9,42,4,2003,3,3,4,2,1,1,1,1,1,1,1,5,1,1,10,6,1,1,33,2,2,1
9,42,4,2003,3,1,1,2,1,1,1,1,1,1,1,5,1,1,7,6,1,1,30,2,2,1
9,42,4,2003,3,1,1,2,1,1,1,1,1,1,1,5,1,1,7,6,1,1,33,2,2,0
9,42,4,2003,3,3,6,2,1,1,1,1,1,1,1,5,1,1,8,6,1,1,33,2,2,2
9,42,4,2003,2,1,1,2,1,1,1,1,1,1,1,5,1,1,8,6,1,1,25,2,2,1
14,42,2,2003,2,1,1,2,1,1,1,1,1,1,1,5,1,1,8,6,1,1,33,2,2,0
14,42,2,2003,3,1,1,2,1,1,1,1,1,1,1,5,1,1,19,6,1,2,33,1,0,0
14,42,4,2003,3,1,1,2,1,1,1,1,1,1,1,5,1,1,4,6,1,1,33,2,2,1
14,42,4,2003,4,1,1,2,2,1,3,1,1,1,1,5,1,1,14,6,1,1,33,2,2,0
14,42,4,2003,4,1,1,2,1,1,1,1,1,1,1,5,1,1,9,6,1,1,33,2,2,0
14,42,5,2003,3,1,1,2,1,1,1,1,1,1,1,5,1,1,14,6,1,2,33,2,2,1
14,42,5,2003,3,1,1,2,1,1,1,1,1,1,1,5,1,1,8,6,1,1,33,2,2,1
14,42,6,2003,2,1,1,2,1,1,2,1,1,1,1,5,1,1,9,6,1,2,33,2,2,1
14,42,6,2003,2,1,1,2,1,1,1,1,1,1,1,5,1,1,8,6,2,1,33,2,2,0
14,42,6,2003,1,3,4,2,1,1,2,1,1,1,1,1,1,1,13,6,1,1,33,2,2,0
14,42,6,2003,4,3,1,2,1,1,2,1,1,1,1,5,1,1,8,6,1,1,33,2,2,1
14,42,7,2003,2,1,1,2,1,1,1,1,1,1,1,5,1,1,8,6,1,1,34,2,2,1
1,42,4,2003,4,2,6,2,1,1,3,1,1,1,1,5,1,1,8,6,1,1,33,2,2,1
1,42,4,2003,2,1,4,2,1,1,1,1,1,1,1,5,1,1,8,6,1,1,30,2,2,0
1,42,4,2003,4,2,6,2,1,1,3,1,1,1,1,5,1,1,8,6,1,2,33,2,2,1
1,42,5,2003,1,1,1,2,2,1,3,1,1,1,1,5,1,1,10,6,1,1,30,2,2,0
1,42,5,2003,2,1,1,2,2,1,1,1,1,1,1,5,1,1,8,6,1,1,33,2,2,0
1,42,5,2003,1,6,6,2,1,1,3,1,1,1,1,5,1,1,19,6,1,2,33,1,0,0
1,42,6,2003,3,2,4,2,1,1,1,1,1,1,1,5,1,1,12,6,1,1,33,2,2,1
1,42,6,2003,1,2,4,2,1,1,3,1,1,1,1,5,1,1,14,6,1,2,33,2,2,0
17,42,1,2003,3,1,4,2,1,1,1,1,1,1,1,5,1,1,8,6,1,1,30,2,2,0
17,42,4,2003,2,1,1,2,1,1,2,1,1,1,1,5,1,1,5,6,1,1,33,2,2,0
17,42,5,2003,3,1,1,2,1,1,1,1,1,1,1,5,1,1,8,6,1,1,33,2,2,1
17,42,4,2003,2,3,4,2,1,1,2,1,1,1,1,5,1,1,19,6,1,2,33,1,0,0
17,42,6,2003,1,1,4,2,1,1,2,1,1,1,1,5,1,1,8,6,1,1,33,2,2,1
17,42,6,2003,3,1,1,2,1,1,1,1,1,1,1,5,1,1,14,6,1,2,33,1,0,0
17,42,6,2003,2,1,1,2,1,1,1,1,1,1,1,5,1,1,8,6,1,2,33,2,2,0
17,42,6,2003,4,1,1,2,2,1,3,1,1,1,1,5,1,1,19,6,1,2,33,1,0,0
17,42,6,2003,2,5,4,2,1,1,1,1,1,1,1,5,1,1,5,6,1,2,33,2,2,0
17,42,7,2003,4,1,1,2,1,1,3,1,1,1,1,5,1,1,19,6,1,2,33,1,0,0
17,42,7,2003,2,1,4,2,1,1,1,1,1,1,1,5,1,1,19,6,1,2,33,1,0,0
17,42,7,2003,2,1,1,2,1,1,1,1,1,1,1,5,1,1,19,6,1,2,33,1,0,0
17,42,8,2003,1,1,1,2,1,1,3,1,1,1,1,5,1,1,19,6,1,2,33,1,0,0
17,42,8,2003,4,1,1,2,2,1,3,1,1,1,1,5,1,1,9,6,1,1,33,2,2,0
13,42,2,2003,3,7,1,1,1,1,1,1,1,1,1,5,1,1,12,6,1,1,35,2,2,0
13,42,2,2003,2,1,1,1,1,1,3,1,1,1,1,5,1,1,10,6,1,2,33,1,0,0
13,42,2,2003,2,1,1,2,1,1,1,2,1,1,1,5,1,1,8,6,1,1,33,2,2,0
13,42,3,2003,3,1,2,2,1,1,1,2,1,1,1,5,1,1,8,5,1,1,27,2,2,1
13,42,7,2003,4,1,1,2,1,1,3,1,1,1,1,5,1,1,8,6,1,1,48,2,2,0
13,42,7,2003,2,7,8,1,1,1,1,1,1,1,1,5,1,1,8,6,1,1,27,2,2,0
10,42,7,2003,2,1,5,2,1,1,1,1,1,1,1,5,1,1,8,6,1,2,33,1,2,0
10,42,7,2003,1,7,5,2,1,1,2,1,1,1,1,5,1,1,8,6,1,2,33,1,2,0
10,42,8,2003,2,3,6,2,1,1,1,1,1,1,1,5,1,1,10,6,1,1,33,2,2,1
10,42,8,2003,4,7,6,2,1,1,3,1,1,1,1,5,1,1,8,6,1,1,33,2,2,1
10,42,8,2003,2,7,4,2,1,1,1,1,1,1,1,5,1,1,9,6,1,1,33,2,2,1
10,42,7,2003,3,7,4,2,1,1,1,1,1,1,1,5,1,1,10,6,1,1,33,2,2,1
10,42,8,2003,2,7,4,2,1,1,1,1,1,1,1,5,1,1,19,6,1,2,33,1,0,0
10,42,9,2003,1,7,5,2,1,1,3,1,1,1,1,5,1,1,19,6,1,2,33,1,0,0
10,42,9,2003,1,7,4,2,1,1,3,1,1,1,1,5,1,1,19,6,1,2,33,1,0,0
10,42,8,2003,3,7,4,2,1,1,1,1,1,1,1,5,1,1,12,6,1,1,33,1,2,0
15,42,7,2003,2,1,1,1,1,1,1,1,1,1,1,5,1,1,8,6,1,2,33,2,2,0
15,42,7,2003,3,1,1,2,1,1,1,1,1,1,1,5,1,1,10,6,1,1,33,2,2,0
7,42,7,2003,3,3,1,2,2,1,1,1,1,1,1,5,1,1,12,6,1,1,25,2,2,1
7,42,7,2003,3,1,1,2,2,1,1,1,1,1,1,5,1,1,14,6,1,2,33,1,0,0
5,42,7,2003,2,2,4,2,1,1,1,1,1,1,1,5,1,1,9,6,1,1,33,2,2,0
5,42,8,2003,1,2,8,2,1,1,3,1,1,1,1,5,1,1,14,6,1,2,33,1,0,0
5,42,8,2003,4,1,1,1,1,1,3,1,1,1,1,5,1,1,9,6,1,2,33,1,0,0
5,42,9,2003,3,1,1,2,1,1,1,1,1,1,1,5,1,1,9,6,1,2,33,1,0,0
9,42,8,2003,1,3,6,2,1,1,2,1,1,1,1,5,1,1,14,6,1,2,33,2,2,0
9,42,8,2003,4,5,4,2,1,1,3,1,1,1,1,5,1,1,12,6,1,1,33,2,2,0
9,42,8,2003,4,1,1,2,1,1,3,1,1,1,1,5,1,1,8,6,1,2,33,2,2,0
9,42,8,2003,3,1,1,2,1,1,1,1,1,1,1,5,1,1,12,6,1,1,33,2,2,1
9,42,8,2003,2,1,1,2,1,1,1,1,1,1,1,5,1,1,10,6,1,2,33,2,2,0
9,42,8,2003,3,1,1,2,1,1,1,1,1,1,1,5,1,1,12,6,1,1,33,2,2,0
9,42,8,2003,2,1,1,2,1,1,1,1,1,1,1,5,1,1,19,6,1,2,33,1,0,0
9,42,9,2003,3,1,1,2,1,1,1,1,1,1,1,5,1,1,12,6,1,1,33,2,2,0
9,42,9,2003,4,1,1,2,2,1,3,1,1,1,1,5,1,1,12,6,1,1,33,2,2,0
9,42,9,2003,3,1,4,2,1,1,1,1,1,1,1,5,1,1,7,6,1,1,33,2,2,1
9,42,9,2003,1,1,1,2,1,1,3,1,1,1,1,5,1,1,14,6,1,1,33,2,2,0
9,42,9,2003,1,1,1,2,1,1,3,1,1,1,1,5,1,1,14,6,1,2,33,1,2,1
9,42,9,2003,3,1,1,1,2,1,1,1,1,1,1,5,1,1,8,11,1,1,33,2,2,0
17,42,9,2003,4,1,1,2,1,1,3,1,1,1,1,5,1,1,9,6,1,2,33,1,0,0
17,42,9,2003,2,7,4,2,1,1,1,1,1,1,1,5,1,1,8,11,2,1,33,2,2,1
17,42,9,2003,2,7,1,2,2,1,1,1,1,1,1,5,1,1,14,6,1,1,33,2,2,0
17,42,10,2003,2,1,1,2,2,1,1,1,1,1,1,5,1,1,19,6,1,1,33,2,2,1
17,42,10,2003,2,1,1,2,1,1,1,1,1,1,1,5,1,1,9,6,1,1,33,2,2,0
13,42,8,2003,3,1,1,2,1,1,1,2,1,1,1,5,1,1,9,6,1,1,40,2,2,1
13,42,8,2003,1,7,1,2,1,1,3,2,1,1,1,5,1,1,19,6,1,2,33,1,0,0
13,42,9,2003,1,1,1,2,1,1,3,1,1,1,1,5,1,1,10,6,1,1,30,1,2,0
10,42,10,2003,2,7,6,2,1,1,1,1,1,1,1,5,1,1,8,6,1,2,33,2,2,0
9,42,10,2003,2,7,6,2,1,1,1,1,1,1,1,5,1,1,9,6,1,2,33,1,0,0
9,42,10,2003,3,1,1,2,1,1,1,1,1,1,1,5,1,1,10,6,1,1,33,2,2,0
9,42,10,2003,3,1,1,2,1,1,1,1,1,1,1,5,1,1,10,6,1,2,33,1,0,0
9,42,10,2003,2,1,1,2,1,1,1,1,1,1,1,5,1,1,10,6,1,1,33,2,2,0
9,42,10,2003,2,1,4,2,1,1,1,1,1,1,1,5,1,1,9,6,1,2,33,2,2,0
9,42,10,2003,3,3,6,2,1,1,1,1,1,1,1,5,1,1,7,6,1,1,33,2,2,0
9,42,10,2003,3,3,6,2,1,1,1,1,1,1,1,5,1,1,8,6,1,1,33,2,2,0
9,42,10,2003,2,1,1,2,1,1,1,1,1,1,1,5,1,1,8,6,1,1,35,2,2,1
9,42,10,2003,3,1,1,2,1,1,1,1,1,1,1,5,1,1,10,6,1,1,33,2,2,1
9,42,10,2003,3,1,1,2,1,1,1,1,1,1,1,5,1,1,5,6,1,1,33,2,2,0
9,42,10,2003,4,3,6,2,1,1,3,1,1,1,1,5,1,1,14,6,1,1,33,2,2,0
9,42,10,2003,2,7,6,2,1,1,1,1,1,1,1,5,1,1,9,6,1,2,33,2,2,0
9,42,11,2003,2,1,1,2,1,1,2,1,1,1,1,5,1,1,19,9,1,2,33,1,0,0
9,42,11,2003,2,1,1,1,2,1,1,1,1,1,1,5,1,1,14,6,1,1,33,2,2,2
9,42,11,2003,2,1,4,2,1,1,1,1,1,1,1,5,1,1,7,6,1,1,25,2,2,1
9,42,11,2003,4,1,1,1,2,1,3,1,1,1,1,5,1,1,14,6,1,2,33,2,2,0
9,42,11,2003,1,1,1,2,1,1,3,1,1,1,1,5,1,1,10,6,1,2,33,1,0,0
11,42,5,2003,3,5,4,2,1,1,1,1,1,1,1,5,1,1,7,6,1,1,33,1,2,1
11,42,5,2003,4,1,1,2,1,1,3,1,1,1,1,5,1,1,11,6,1,2,33,1,0,1
11,42,6,2003,5,1,1,2,1,1,3,1,1,1,1,5,1,1,14,6,1,1,33,1,2,2
11,42,7,2003,3,5,4,1,1,1,1,1,1,1,1,5,1,1,8,6,1,1,21,1,2,1
11,42,7,2003,4,1,1,1,1,1,1,1,1,1,1,5,1,1,14,6,1,1,30,2,2,0
11,42,7,2003,1,2,1,1,1,1,3,1,1,1,1,5,1,1,16,6,1,2,33,2,2,0
11,42,8,2003,2,1,1,2,1,1,3,1,1,1,1,5,1,1,8,6,1,1,33,2,2,0
11,42,9,2003,1,1,1,1,1,1,3,1,1,1,1,5,1,1,14,6,1,2,33,2,2,0
11,42,9,2003,4,1,1,1,1,1,3,1,1,1,1,5,1,1,14,6,1,1,45,1,1,0
11,42,9,2003,4,1,1,1,1,1,3,1,1,1,1,5,1,1,8,6,1,2,33,2,2,0
11,42,10,2003,1,1,1,2,1,1,3,1,1,1,1,5,1,1,8,6,1,2,33,1,0,0
11,42,10,2003,3,1,1,2,1,1,1,1,1,1,1,5,1,1,9,6,1,2,33,1,2,0
14,42,8,2003,4,2,4,2,1,1,3,1,1,1,1,5,1,1,14,6,1,2,33,1,0,0
14,42,8,2003,3,1,1,2,1,1,1,1,1,1,1,5,1,1,8,6,1,1,33,2,2,1
14,42,8,2003,1,1,4,2,1,1,2,1,1,1,1,5,1,1,8,6,1,1,28,1,2,1
14,42,8,2003,1,1,1,2,1,1,4,1,1,1,1,5,1,1,10,6,1,1,25,2,2,0
14,42,8,2003,3,1,1,2,2,1,1,1,1,1,1,5,1,1,9,6,1,2,33,2,2,0
14,42,10,2003,2,1,1,2,2,1,1,1,1,1,1,5,1,1,14,6,1,2,25,2,2,0
14,42,10,2003,4,1,1,2,1,1,3,1,1,1,1,5,1,1,19,6,1,1,33,2,2,1
14,42,9,2003,4,1,4,1,1,1,3,1,1,1,1,5,1,1,19,5,1,1,33,2,2,2
14,42,10,2003,3,1,1,2,2,1,1,1,1,1,1,5,1,1,10,6,1,2,33,2,2,1
14,42,10,2003,2,2,4,2,2,1,2,1,1,1,1,5,1,1,10,6,1,2,25,2,2,0
14,42,11,2003,3,1,1,2,2,1,1,1,1,1,1,5,1,1,15,6,1,1,35,2,2,1
14,42,11,2003,3,1,1,2,1,1,1,1,1,1,1,5,1,1,10,6,1,2,26,2,2,1
14,42,11,2003,2,1,1,2,2,1,1,1,1,1,1,5,1,1,10,6,1,2,33,1,0,0
14,42,12,2003,3,1,1,2,1,1,1,1,1,1,1,5,1,1,9,6,1,2,33,1,0,0
14,42,12,2003,1,1,1,2,1,1,3,1,1,1,1,5,1,1,14,6,1,2,33,2,2,0
14,42,12,2003,1,1,1,2,2,1,3,1,1,1,1,5,1,1,19,6,1,2,33,1,0,0
16,42,6,2003,2,1,1,2,1,1,1,1,1,1,1,5,1,1,10,6,1,2,33,1,0,0
16,42,6,2003,1,1,1,2,1,1,3,1,1,1,1,5,1,1,12,6,1,1,33,1,2,1
16,42,6,2003,1,1,1,2,1,1,3,1,1,1,1,5,1,1,19,6,1,2,33,1,0,0
16,42,6,2003,1,1,4,2,1,1,3,1,1,1,1,5,1,1,12,6,1,1,33,2,2,1
16,42,6,2003,2,1,1,2,1,1,1,1,1,1,1,5,1,1,9,6,1,2,33,2,2,1
16,42,7,2003,2,7,4,2,1,1,2,1,1,1,1,5,1,1,19,6,1,1,33,2,2,0
16,42,7,2003,2,1,1,2,1,1,1,1,1,1,1,5,1,1,9,6,1,2,33,1,2,0
16,42,7,2003,4,7,4,2,1,1,3,1,1,1,1,5,1,1,14,6,1,2,33,1,2,0
16,42,7,2003,2,1,1,2,1,1,1,1,1,1,1,5,1,1,7,6,1,1,33,2,2,1
16,42,7,2003,3,1,1,2,1,1,1,1,1,1,1,5,1,1,19,6,1,2,33,1,0,0
16,42,7,2003,4,1,1,2,1,1,3,1,1,1,1,5,1,1,19,6,1,2,33,1,0,0
16,42,8,2003,4,1,1,2,1,1,3,1,1,1,1,5,1,1,9,6,1,1,33,1,2,0
16,42,8,2003,1,3,5,2,1,1,3,1,1,1,1,5,1,1,14,6,1,1,33,1,0,0
16,42,8,2003,4,1,4,2,1,1,3,1,1,1,1,5,1,1,4,6,1,1,33,2,2,1
16,42,8,2003,4,1,1,2,1,1,3,1,1,1,1,5,1,1,9,6,1,1,33,1,2,0
16,42,9,2003,1,1,1,2,1,1,3,1,1,1,1,5,1,1,10,6,1,2,33,1,0,0
16,42,9,2003,2,1,1,2,1,1,1,1,1,1,1,5,1,1,9,6,1,1,33,2,2,0
16,42,9,2003,2,1,1,2,1,1,1,1,1,1,1,5,1,1,9,6,1,2,33,1,0,0
16,42,9,2003,2,1,1,2,1,1,1,1,1,1,1,5,1,1,5,6,1,1,33,1,2,0
16,42,10,2003,2,1,1,2,1,1,2,1,1,1,1,5,1,1,9,6,1,2,33,1,2,0
16,42,10,2003,2,1,1,2,1,1,2,1,1,1,1,5,1,1,9,6,1,1,33,1,2,0
16,42,10,2003,1,1,1,2,1,1,3,1,1,1,1,5,1,1,9,6,1,2,33,1,2,1
16,42,10,2003,1,1,1,2,1,1,2,1,1,1,1,5,1,1,9,6,1,2,33,1,2,0
16,42,11,2003,1,1,1,2,1,1,3,1,1,1,1,5,1,1,19,6,1,2,33,1,2,0
16,42,11,2003,3,1,1,2,1,1,1,1,1,1,1,5,1,1,12,6,1,2,33,1,2,0
16,42,12,2003,4,1,1,2,1,1,3,1,1,1,1,5,1,1,19,6,1,2,33,1,0,0
16,42,12,2003,4,6,6,2,1,1,3,1,1,1,1,5,1,1,9,6,1,1,33,1,2,0
16,42,12,2003,3,7,4,2,1,1,1,1,1,1,1,5,1,1,5,6,1,1,33,1,2,0
16,42,12,2003,1,1,1,2,1,1,3,1,1,1,1,5,1,1,9,6,1,2,33,1,2,0
16,42,12,2003,4,1,1,2,1,1,3,1,1,1,1,5,1,1,19,6,1,2,33,1,2,0
16,42,12,2003,3,1,1,2,1,1,1,1,1,1,1,5,1,1,9,6,1,2,33,1,2,0
16,42,12,2003,3,1,1,2,1,1,1,1,1,1,1,5,1,1,4,6,1,2,33,1,2,0
17,42,8,2003,4,1,4,2,1,1,3,1,1,1,1,5,1,1,8,6,1,2,33,1,0,0
17,42,9,2003,1,1,6,2,1,1,3,1,1,1,1,5,1,1,19,6,1,2,33,1,0,0
17,42,11,2003,1,5,1,2,1,1,1,1,1,1,1,5,1,1,8,6,1,1,33,2,2,0
17,42,11,2003,1,1,4,2,1,1,3,1,1,1,1,5,1,1,14,6,1,2,33,1,0,1
17,42,12,2003,3,3,6,2,1,1,1,1,1,1,1,5,1,1,8,6,1,2,33,2,2,1
17,42,12,2003,2,3,6,2,1,1,1,1,1,1,1,5,1,1,8,6,1,2,33,2,2,1
8,42,5,2003,2,1,1,2,1,1,1,1,1,1,1,5,1,1,9,6,1,2,33,1,2,1
8,42,5,2003,2,2,4,2,1,1,2,1,1,1,1,5,1,1,9,6,1,1,33,2,2,1
8,42,6,2003,4,1,1,2,1,1,3,1,1,1,1,5,1,1,10,6,1,1,33,2,2,1
8,42,7,2003,3,1,1,2,1,1,1,1,1,1,1,5,1,1,9,6,1,1,33,2,2,0
8,42,8,2003,2,1,1,2,1,1,1,1,1,1,1,5,1,1,8,6,1,1,33,2,2,1
8,42,8,2003,2,1,1,2,1,1,1,1,1,1,1,5,1,1,8,6,1,2,33,2,2,1
8,42,8,2003,3,1,1,2,1,1,1,1,1,1,1,5,1,1,12,6,1,1,33,2,2,0
8,42,9,2003,3,1,1,2,1,1,1,1,1,1,1,5,1,1,9,6,1,1,33,2,2,1
8,42,10,2003,1,2,4,2,1,1,2,1,1,1,1,5,1,1,14,6,1,2,33,1,2,0
9,42,12,2003,1,1,4,2,2,1,3,1,1,1,1,5,1,1,14,6,1,2,33,1,2,0
9,42,12,2003,2,1,1,2,1,1,1,1,1,1,1,5,1,1,8,6,1,1,33,1,2,1
9,42,12,2003,2,1,1,2,1,1,3,1,1,1,1,5,1,1,9,6,1,2,33,1,2,0
9,42,11,2003,2,1,1,2,1,1,1,1,1,1,1,5,1,1,10,6,1,1,33,2,2,0
9,42,12,2003,4,1,1,2,1,1,3,1,1,1,1,5,1,1,14,6,1,2,33,2,2,0
9,42,12,2003,3,1,1,2,1,1,1,1,1,1,1,5,1,1,12,6,1,1,33,2,2,0
9,42,7,2003,3,7,6,2,1,1,1,1,1,1,1,5,1,1,8,6,1,2,33,2,2,1
9,42,12,2003,2,1,1,2,1,1,1,1,1,1,1,2,1,1,8,6,1,1,33,2,2,0
7,42,10,2003,2,4,1,2,2,1,1,1,1,1,1,5,1,1,14,6,1,1,33,2,2,0
10,42,11,2003,2,7,1,2,2,1,1,1,1,1,1,5,1,1,19,6,1,2,33,1,0,0
10,42,11,2003,2,7,8,2,2,1,1,1,1,1,1,5,1,1,8,6,1,1,33,2,2,0
10,42,11,2003,2,7,8,2,2,1,1,1,1,1,1,5,1,1,9,6,1,1,33,2,2,1
10,42,12,2003,3,7,1,2,2,1,1,1,1,1,1,5,1,1,19,6,1,2,33,1,0,1
10,42,12,2003,3,7,1,2,2,1,1,1,1,1,1,5,1,1,10,6,1,2,33,2,2,0
10,42,12,2003,3,7,1,2,2,1,1,1,1,1,1,5,1,1,19,6,1,2,33,1,0,0
11,42,10,2003,5,7,1,2,1,1,3,1,1,1,1,5,1,1,10,6,1,1,33,1,2,2
11,42,11,2003,2,7,1,2,1,1,1,1,1,1,1,5,1,1,9,6,1,1,33,2,2,0
11,42,11,2003,3,3,8,2,2,1,3,1,1,1,1,5,1,1,9,6,1,2,33,1,2,0
11,42,11,2003,1,7,2,2,2,4,3,1,1,1,1,5,1,1,9,6,1,1,33,2,2,1
11,42,12,2003,3,7,1,2,1,1,1,1,1,1,1,5,1,1,8,6,1,1,33,2,2,0
11,42,12,2003,2,1,1,1,1,1,1,1,1,1,1,5,1,1,7,6,1,1,33,2,2,1
11,42,12,2003,4,2,1,2,1,1,3,1,1,1,1,5,1,1,10,6,1,2,33,1,2,0
11,42,12,2003,2,3,8,1,2,1,1,1,1,1,1,5,1,1,4,6,1,2,33,2,2,0
11,42,12,2003,2,1,1,2,1,1,1,1,1,1,1,5,1,1,9,6,1,2,33,1,0,0
6,42,6,2003,1,1,1,2,2,1,4,1,1,1,1,5,1,1,8,6,1,1,33,1,2,0
6,42,6,2003,1,1,1,2,1,1,3,1,1,1,1,5,1,1,8,6,1,2,33,1,2,0
6,42,6,2003,1,7,4,2,1,1,3,1,1,1,1,5,1,1,9,6,1,2,33,1,0,0
6,42,6,2003,2,1,1,2,2,1,1,1,1,1,1,5,1,1,7,6,1,2,33,2,2,0
6,42,2,2003,3,1,1,2,2,1,1,1,1,1,1,5,1,1,9,6,1,2,33,1,0,1
6,42,6,2003,2,1,1,2,2,1,1,1,1,1,1,5,1,1,9,6,1,1,33,2,2,2
6,42,7,2003,1,3,4,2,2,1,3,1,1,1,1,5,1,1,14,6,1,2,33,1,2,0
6,42,7,2003,2,1,1,2,2,1,1,1,1,1,1,5,1,1,9,6,1,1,33,1,2,0
6,42,7,2003,4,2,6,2,1,1,3,1,1,1,1,5,1,1,8,6,1,1,33,2,2,1
6,42,7,2003,4,3,8,2,1,1,3,1,1,1,1,5,1,1,9,6,1,2,33,1,0,0
6,42,7,2003,4,4,4,2,2,1,3,1,1,1,1,5,1,1,14,6,1,2,33,1,0,0
6,42,7,2003,4,2,4,1,1,1,3,1,1,1,1,5,1,1,9,6,1,2,33,2,2,0
6,42,7,2003,2,1,1,2,2,1,1,1,1,1,1,3,1,1,9,6,1,1,38,2,2,1
6,42,7,2003,4,1,1,2,2,1,4,1,1,1,1,1,1,1,19,6,1,2,33,1,0,0
6,42,7,2003,3,1,1,2,1,1,1,1,1,1,1,5,1,1,9,6,1,2,33,2,2,1
6,42,8,2003,1,1,1,2,1,1,3,1,1,1,1,5,1,1,19,6,1,2,33,1,0,1
6,42,8,2003,3,1,1,2,1,1,1,1,1,1,1,5,1,1,9,6,1,2,33,2,2,0
6,42,8,2003,2,1,4,2,1,1,1,1,1,1,1,1,1,1,8,6,1,1,33,2,2,0
6,42,8,2003,4,5,4,1,1,1,3,1,1,1,1,5,1,1,14,6,1,2,33,1,2,1
6,42,8,2003,3,1,2,1,2,1,1,1,1,1,1,5,1,1,8,6,1,2,33,1,0,1
6,42,8,2003,3,1,1,2,1,1,1,1,1,1,1,5,1,1,8,6,1,1,33,2,2,1
6,42,8,2003,1,1,1,2,1,1,2,1,1,1,1,5,1,1,9,6,1,1,33,2,2,1
6,42,8,2003,1,1,1,1,1,1,3,1,1,1,1,5,1,1,19,6,1,2,33,1,0,0
6,42,8,2003,4,7,6,2,2,1,4,1,1,1,1,1,1,1,14,6,1,2,33,1,2,0
6,42,9,2003,1,5,6,2,1,1,3,1,1,1,1,5,1,1,14,6,1,1,33,2,2,0
6,42,9,2003,4,1,1,2,1,1,3,1,1,1,1,5,1,1,14,6,1,2,33,2,2,0
6,42,9,2003,4,1,3,1,1,1,3,1,1,1,1,5,1,1,8,6,1,1,33,2,2,1
6,42,9,2003,4,1,1,2,2,1,3,1,1,1,1,5,1,1,8,6,1,1,33,2,2,0
6,42,9,2003,4,1,1,2,1,1,3,1,1,1,1,1,1,1,8,6,1,1,33,2,2,0
6,42,9,2003,2,7,1,2,1,1,1,1,1,1,1,5,1,1,14,6,1,1,35,2,2,1
6,42,10,2003,4,1,1,2,2,1,3,1,1,1,1,5,1,1,19,6,1,1,33,2,2,1
6,42,10,2003,4,1,1,2,2,1,2,1,1,1,1,1,1,1,9,6,1,1,33,2,2,0
6,42,10,2003,2,1,1,2,1,1,1,1,1,1,1,5,1,1,8,6,1,1,48,2,2,1
6,42,9,2003,4,3,6,2,1,1,3,1,1,1,1,5,1,1,9,6,1,1,33,2,2,0
6,42,11,2003,1,1,1,2,2,1,4,1,1,1,1,3,1,1,9,6,1,1,33,2,2,0