Thana,District,Month,Year,Time,Junction_Type,Traffic_Control,Movement,Divider,Weather,Light,Road_Geometry,Surface_Condition,Surface_Type,Surface_Quality,Road_Class,Road_Feature,Location_Type,Vehicle_Type,Vehicle_Movement,Vehicle_Loading,Vehicle_Defect,Vehicle_Driver_Age,Vehicle_Alcohol,Vehicle_Seat_Belt,Accident_Severity
6,42,11,2003,1,1,1,2,2,1,2,1,1,1,1,3,1,1,8,6,1,1,33,2,2,0
6,42,12,2003,4,1,1,2,2,1,3,1,1,1,1,3,1,1,9,6,1,2,33,1,0,1
6,42,12,2003,3,1,1,2,1,1,1,1,1,1,1,5,1,1,9,6,1,1,33,2,2,1
6,42,12,2003,2,1,1,2,2,1,1,1,1,1,1,5,1,1,9,6,1,1,33,2,2,0
6,42,12,2003,4,1,1,2,2,1,4,1,1,1,1,1,1,1,19,6,1,2,33,1,0,0
6,42,12,2003,1,2,1,2,2,1,4,1,1,1,1,3,1,1,8,6,1,1,33,2,2,0
21,42,7,2003,4,1,1,2,1,1,3,1,1,1,1,5,1,1,14,6,1,1,33,1,2,0
21,42,7,2003,2,7,4,2,1,1,1,1,1,1,1,5,1,1,8,6,1,1,33,2,2,0
21,42,8,2003,4,7,1,2,2,1,3,1,1,1,1,5,1,1,9,6,1,2,33,1,0,0
21,42,8,2003,3,1,1,2,1,1,1,1,1,1,1,5,1,1,8,6,1,2,33,2,2,1
21,42,9,2003,1,6,4,2,1,1,2,1,1,1,1,5,1,1,9,6,1,2,33,2,2,0
21,42,10,2003,3,1,1,2,1,1,1,1,1,1,1,5,1,1,8,6,1,2,33,2,2,1
21,42,12,2003,3,1,1,2,1,1,1,1,1,1,1,5,1,1,8,6,1,2,33,2,2,1
4,42,6,2003,3,7,2,1,1,1,1,1,1,1,1,5,1,1,8,6,1,1,33,1,0,3
4,42,6,2003,4,1,1,1,1,1,3,1,1,1,1,5,1,1,14,6,1,1,33,2,2,0
4,42,7,2003,3,1,3,2,1,1,1,1,1,1,1,5,1,1,8,6,1,2,33,1,2,3
4,42,9,2003,1,2,4,2,1,1,3,1,1,1,1,5,1,1,19,6,1,2,33,1,0,0
4,42,10,2003,1,1,6,2,1,1,1,1,1,1,1,5,1,1,8,6,1,2,33,2,2,0
4,42,11,2003,4,1,4,2,1,1,3,2,1,1,1,5,1,1,6,6,1,2,33,2,2,3
4,42,11,2003,4,2,4,2,1,1,3,1,1,1,1,1,1,1,9,6,1,1,33,1,0,0
4,42,12,2003,2,1,1,2,2,1,1,1,1,1,1,5,1,1,9,6,1,2,33,2,2,0
18,42,6,2003,4,1,1,2,1,1,3,1,1,1,1,2,1,1,8,6,1,1,33,2,2,0
18,42,10,2003,4,7,3,1,1,1,3,1,1,1,1,5,1,1,14,6,1,1,33,2,2,0
18,42,11,2003,3,7,3,1,1,1,1,1,1,1,1,5,1,1,8,6,1,1,33,2,2,0
18,42,11,2003,3,1,1,2,1,1,1,1,1,1,1,5,1,1,8,6,1,1,30,2,2,0
18,42,12,2003,1,3,1,2,1,1,4,1,1,1,1,5,1,1,13,6,1,2,33,1,0,0
18,42,12,2003,2,1,1,1,1,1,1,1,1,1,1,5,1,1,12,6,1,1,33,2,2,1
18,42,12,2003,1,1,1,1,1,1,3,1,1,1,1,5,1,1,14,6,1,1,30,2,2,0
3,42,6,2003,4,7,1,2,2,1,3,1,1,1,1,5,1,1,12,6,1,1,33,2,2,1
3,42,7,2003,4,7,8,1,2,1,3,1,1,1,1,5,1,1,19,6,1,2,33,1,0,0
3,42,9,2003,2,3,1,2,2,1,1,1,1,1,1,5,1,1,12,6,1,1,18,2,2,1
3,42,10,2003,4,7,1,1,1,1,3,1,1,1,1,5,1,1,8,6,1,1,33,2,2,1
3,42,11,2003,2,1,8,2,1,1,1,1,1,1,1,5,1,1,8,6,1,2,42,2,2,3
3,42,12,2003,3,1,8,2,1,1,1,1,1,1,1,5,1,1,16,6,1,2,33,1,0,0
5,42,9,2003,1,7,8,1,1,1,1,1,1,1,1,5,1,1,9,6,1,1,33,2,2,3
19,42,6,2003,2,1,1,2,2,1,2,1,1,1,1,5,1,1,14,6,1,1,33,1,0,0
19,42,7,2003,3,1,1,2,2,1,1,1,1,1,1,5,1,1,10,6,1,2,33,1,0,0
19,42,10,2003,2,1,1,2,2,1,2,1,1,1,1,5,1,1,14,6,1,1,33,2,2,0
19,42,12,2003,3,1,1,2,2,1,1,1,1,1,1,5,1,1,12,6,1,1,33,2,2,0
16,42,1,2003,2,1,1,2,1,1,1,1,1,1,1,5,1,1,9,6,1,1,33,1,2,0
16,42,1,2003,1,1,1,2,1,1,2,1,1,1,1,5,1,1,14,6,1,1,33,2,2,0
16,42,1,2003,4,1,1,2,1,1,3,1,1,1,1,5,1,1,9,6,1,1,33,2,2,0
16,42,1,2003,2,1,1,2,1,1,1,1,1,1,1,5,1,1,16,6,1,1,33,2,2,0
16,42,1,2003,2,1,1,2,1,1,1,1,1,1,1,5,1,1,9,6,1,1,33,2,2,0
16,42,2,2003,2,1,1,2,1,1,1,1,1,1,1,5,1,1,9,6,1,1,33,1,2,1
16,42,2,2003,2,1,1,2,1,1,1,1,1,1,1,5,1,1,13,6,1,1,33,2,2,1
16,42,2,2003,2,7,4,2,1,1,1,1,1,1,1,5,1,1,14,6,1,1,33,2,2,0
16,42,3,2003,1,1,1,2,1,1,3,1,1,1,1,5,1,1,14,6,1,2,33,1,0,0
16,42,4,2003,2,7,4,2,1,1,1,1,1,1,1,5,1,1,14,6,1,1,33,1,0,0
16,42,4,2003,2,1,1,2,1,1,1,1,1,1,1,5,1,1,15,6,1,1,33,2,2,1
16,42,5,2003,2,1,1,2,1,1,1,1,1,1,1,5,1,1,14,6,1,1,33,2,2,1
16,42,5,2003,2,1,1,2,1,1,2,1,1,1,1,5,1,1,14,6,1,1,33,2,2,0
16,42,5,2003,4,1,1,2,1,1,3,1,1,1,1,5,1,1,8,6,1,1,33,2,2,0
16,42,5,2003,2,1,1,2,1,1,1,1,1,1,1,5,1,1,9,6,1,1,33,2,2,0
16,42,5,2003,2,1,1,2,1,1,1,1,1,1,1,5,1,1,9,6,1,2,33,2,2,1
16,42,5,2003,1,1,1,2,1,1,2,1,1,1,1,5,1,1,14,6,1,1,33,1,0,0
16,42,5,2003,2,1,1,2,1,1,1,1,1,1,1,5,1,1,9,6,1,1,33,1,0,0
1,42,8,2003,1,1,1,2,2,1,3,1,1,1,1,5,1,1,8,6,1,2,33,1,0,0
1,42,8,2003,2,2,4,1,1,1,1,2,1,1,1,5,1,1,8,6,1,1,33,2,2,1
1,42,8,2003,4,4,4,1,1,1,3,1,1,1,1,5,1,1,8,6,1,1,33,2,2,1
1,42,8,2003,4,2,4,1,1,1,3,1,1,1,1,5,1,1,9,6,1,2,38,1,0,1
1,42,8,2003,2,2,4,1,1,1,1,1,1,1,1,5,1,1,9,11,1,7,32,2,2,0
1,42,8,2003,2,1,1,1,1,1,1,1,1,1,1,5,1,1,8,6,1,1,33,2,2,1
1,42,10,2003,3,1,1,1,1,1,1,1,1,1,1,5,1,1,8,4,1,1,20,1,2,0
1,42,10,2003,1,2,4,1,1,1,2,2,1,1,1,5,1,1,16,6,1,1,32,1,2,2
1,42,10,2003,2,2,4,2,1,1,1,1,1,1,1,5,1,1,8,11,1,1,33,2,2,0
1,42,8,2003,2,1,2,1,1,1,1,1,1,1,1,5,1,1,10,6,1,1,33,2,2,1
1,42,11,2003,4,2,4,1,1,1,3,1,1,1,1,5,1,1,8,6,1,1,38,2,2,1
1,42,11,2003,4,1,2,1,1,1,3,1,1,1,1,5,1,1,14,6,2,2,38,2,2,3
1,42,11,2003,2,1,2,2,2,1,1,1,1,1,1,5,1,1,5,6,1,1,35,2,2,1
1,42,11,2003,4,2,4,1,1,1,3,1,1,1,1,5,1,1,8,6,1,1,36,2,2,0
1,42,11,2003,2,1,2,1,1,1,1,1,1,1,1,5,1,1,8,6,1,1,32,1,2,3
5,28,1,2003,1,1,8,1,2,4,2,1,1,1,1,5,1,1,14,6,1,1,35,2,2,3
4,28,7,2003,3,1,1,2,2,1,1,1,1,1,1,1,1,1,9,6,1,1,33,2,2,2
3,62,1,2003,2,1,1,2,2,1,1,1,1,1,1,2,1,2,9,6,1,2,33,1,2,0
8,65,1,2003,3,2,1,2,2,1,1,1,1,1,1,2,1,2,8,2,1,1,27,1,0,0
14,63,1,2003,3,1,1,1,2,1,1,1,1,1,1,1,1,2,9,11,1,2,35,2,2,0
14,63,1,2003,3,1,1,1,2,1,1,1,1,1,1,1,1,2,9,11,1,2,33,2,2,0
6,63,1,2003,4,2,1,2,2,1,4,1,1,1,1,1,1,2,9,8,1,1,42,1,0,0
5,63,1,2003,2,1,1,2,2,4,1,1,1,1,1,1,1,2,8,6,1,2,33,2,2,0
5,63,1,2003,2,1,1,2,2,4,2,1,1,1,1,1,1,2,14,6,2,2,33,1,2,0
9,63,1,2003,3,3,3,1,2,1,1,1,1,1,1,1,1,2,9,6,1,1,33,2,1,0
1,68,1,2003,4,1,1,2,2,4,2,4,1,1,1,2,1,1,9,1,1,1,33,1,2,3
9,66,2,2003,2,1,1,2,2,1,1,4,1,1,1,2,1,2,8,1,1,1,45,2,2,0
4,66,1,2003,3,1,1,1,2,1,1,4,1,3,2,4,4,2,11,6,1,3,26,1,2,0
9,63,2,2003,2,5,8,1,2,1,1,2,1,1,1,1,1,1,8,1,1,1,33,2,2,0
7,63,2,2003,3,7,1,2,2,1,1,4,1,1,1,1,1,2,9,1,1,7,35,2,2,0
3,57,1,2003,2,3,8,2,2,4,1,1,1,1,1,1,1,2,7,5,1,1,33,2,2,0
3,57,2,2003,3,7,8,2,2,1,1,1,1,1,1,1,1,2,9,1,1,3,33,2,2,0
2,57,2,2003,4,7,1,2,2,1,1,1,1,1,1,1,1,2,16,11,1,1,47,2,2,0
1,62,2,2003,3,2,2,2,2,1,1,1,1,1,1,1,1,2,8,6,1,1,42,2,2,0
1,62,2,2003,2,1,1,2,1,1,1,1,2,1,1,1,1,2,8,6,1,1,33,2,2,0
1,60,1,2003,3,1,1,2,2,1,1,2,1,1,1,2,1,2,12,2,1,1,33,2,2,0
5,60,1,2003,2,3,1,2,2,2,1,1,2,1,1,1,1,2,14,6,1,1,26,1,0,0
6,60,1,2003,4,1,1,1,2,1,3,1,1,1,1,2,1,1,9,6,1,1,35,2,2,0
6,60,1,2003,3,2,1,2,2,1,1,1,1,1,1,2,1,1,14,6,1,1,42,2,2,0
1,60,1,2003,2,3,2,2,2,1,1,1,1,1,1,1,1,2,9,4,1,1,28,2,0,1
4,60,2,2003,3,1,1,2,2,1,1,1,1,1,1,4,1,2,5,11,1,2,33,1,0,0
4,59,2,2003,3,2,3,2,1,1,1,1,1,1,1,1,1,2,9,6,1,2,33,1,0,0
2,59,2,2003,3,1,1,2,2,1,1,1,1,1,1,4,1,2,17,8,1,2,33,1,2,0
7,59,3,2003,2,1,8,2,2,1,1,1,1,1,1,4,1,2,6,6,1,1,17,2,2,0
2,59,3,2003,2,1,1,2,2,1,1,1,1,1,1,2,1,2,14,6,1,7,29,2,2,0
2,59,3,2003,3,4,1,2,2,2,1,4,3,3,2,4,3,2,17,2,2,1,29,2,2,0
3,61,1,2003,2,2,3,2,1,1,1,1,1,1,1,3,1,2,5,6,2,2,33,1,0,0
3,61,1,2003,2,2,4,2,1,1,1,1,1,1,1,1,1,1,14,8,1,2,42,1,0,0
1,61,3,2003,2,1,1,2,2,1,1,1,1,1,2,5,1,1,11,6,1,1,33,2,2,0
1,61,3,2003,3,1,1,2,1,1,1,1,1,1,1,2,1,2,13,6,1,2,33,1,0,0
1,67,3,2003,5,3,1,2,2,1,1,4,1,2,2,3,4,2,13,1,2,6,20,1,2,3
4,61,3,2003,3,7,8,2,1,1,1,1,1,1,1,2,1,2,8,5,1,2,33,1,0,0
3,61,3,2003,3,2,3,2,2,2,1,1,2,1,1,2,1,2,9,6,1,2,33,1,0,0
3,61,3,2003,4,2,3,2,1,1,2,1,1,1,1,1,1,2,14,6,2,2,32,1,0,1
1,68,3,2003,4,7,1,2,2,1,3,4,1,1,1,2,1,1,13,2,1,1,35,2,2,1
7,68,3,2003,3,1,1,2,2,1,1,4,1,1,3,4,1,2,13,4,1,2,28,2,2,0
1,57,3,2003,3,1,1,2,2,1,1,1,1,1,3,4,1,2,6,6,1,1,30,2,2,0
1,57,3,2003,1,1,1,2,2,1,4,1,1,1,1,2,1,2,14,6,1,2,33,1,0,0
1,57,3,2003,3,3,8,2,2,1,1,4,1,2,2,4,2,2,17,1,1,2,33,1,2,0
1,57,3,2003,3,1,1,2,2,1,1,1,1,1,1,1,1,2,9,6,1,2,33,1,0,0
4,57,3,2003,2,1,1,2,2,1,1,1,1,1,2,4,1,2,8,6,1,1,38,2,2,0
2,57,3,2003,2,7,1,2,2,1,1,1,1,1,1,1,1,2,14,11,1,1,25,2,2,0
1,58,1,2003,4,1,2,2,2,1,2,1,1,1,1,1,1,2,10,6,1,2,33,1,0,0
10,58,1,2003,3,7,1,1,1,1,1,1,1,1,1,4,1,2,9,11,1,7,42,2,2,0
5,58,1,2003,4,7,1,2,2,1,2,1,1,1,1,1,2,2,9,6,1,1,33,1,2,1
1,62,3,2003,3,1,1,2,2,1,1,1,1,1,1,2,1,1,13,6,1,1,33,2,2,0
6,58,1,2003,2,3,1,2,2,1,1,2,1,1,1,3,1,2,5,1,2,7,33,2,2,0
10,58,1,2003,3,1,1,2,2,4,4,1,1,1,2,2,1,2,14,4,1,1,40,2,2,0
1,58,1,2003,1,3,3,2,2,1,2,2,1,1,2,5,1,1,17,6,1,7,25,1,2,1
1,58,1,2003,4,3,8,2,2,1,3,1,1,1,2,5,1,1,8,6,1,1,35,2,2,0
1,58,1,2003,3,1,3,2,2,1,1,1,1,1,1,1,1,2,7,6,1,2,33,1,0,0
1,58,1,2003,4,1,1,2,2,1,1,1,1,1,1,1,1,1,10,6,1,2,33,1,0,0
1,58,1,2003,2,1,1,2,2,1,1,1,1,1,1,5,1,1,8,6,1,1,33,1,0,1
1,58,1,2003,4,1,3,2,2,1,2,2,1,1,1,1,1,2,10,6,1,2,33,1,0,0
1,65,3,2003,2,3,1,2,2,1,1,1,1,1,1,3,1,2,9,6,1,6,20,1,0,0
1,65,3,2003,2,1,4,2,2,1,2,1,1,1,1,1,1,2,14,6,1,2,33,1,0,0
2,65,3,2003,2,1,1,2,1,1,1,1,1,2,1,4,1,2,10,6,1,2,33,1,0,0
13,63,3,2003,3,1,1,2,2,1,1,1,1,1,1,1,1,2,14,8,1,2,33,1,0,0
9,63,3,2003,3,1,1,2,2,4,4,1,2,1,1,1,1,1,13,6,1,2,33,2,2,1
3,63,3,2003,3,1,1,2,2,1,1,1,1,1,1,1,1,2,14,6,1,1,35,1,2,1
5,63,3,2003,3,3,1,1,1,1,1,1,1,1,1,2,1,2,14,4,1,2,32,2,2,0
11,63,3,2003,3,2,1,2,1,1,1,1,1,1,1,1,1,2,14,7,1,2,33,2,2,1
6,60,3,2003,4,2,1,2,2,1,2,1,1,1,1,2,2,2,6,4,2,2,33,2,2,1
7,60,3,2003,3,7,1,2,2,1,1,1,1,1,1,2,1,2,8,6,1,1,45,2,2,0
2,60,3,2003,2,7,1,1,2,1,1,1,1,1,1,2,1,2,9,11,1,2,33,2,2,0
1,60,3,2003,2,1,1,2,2,1,1,1,1,1,1,2,1,2,6,6,1,1,33,2,2,0
1,58,2,2003,2,1,2,2,2,1,1,1,1,1,1,1,1,1,14,6,2,2,33,1,0,0
1,58,2,2003,3,1,1,1,2,1,4,1,1,3,2,4,1,2,17,6,1,2,33,1,0,0
1,58,2,2003,2,1,2,1,2,1,1,1,1,1,1,4,1,2,8,6,1,1,33,2,2,0
1,58,2,2003,2,2,2,2,2,1,1,1,1,1,1,1,1,1,10,6,1,2,33,1,0,0
1,58,2,2003,3,1,1,2,2,1,1,1,1,1,1,2,1,2,10,6,1,1,33,2,2,1
8,58,2,2003,2,1,1,2,2,1,1,2,1,2,3,3,3,2,9,11,1,1,50,1,2,0
7,58,2,2003,4,7,1,2,1,1,3,1,1,1,1,1,1,1,9,5,1,2,33,1,0,0
1,58,3,2003,4,1,1,2,2,1,4,1,1,1,1,2,1,1,10,6,1,2,33,1,0,0
1,58,3,2003,3,1,2,1,2,1,1,1,1,1,1,2,1,1,9,4,1,2,33,1,0,0
5,58,3,2003,4,7,1,2,2,1,2,1,1,1,1,1,1,2,14,6,1,1,28,2,2,0
11,58,3,2003,3,2,2,1,2,1,1,1,1,3,1,4,1,2,17,6,1,1,28,2,2,0
1,59,4,2003,2,1,1,2,2,1,1,1,1,1,1,2,1,2,5,11,1,2,33,2,2,0
1,59,4,2003,2,1,1,2,2,1,1,1,1,1,1,1,1,2,10,6,1,1,33,2,2,0
1,58,4,2003,3,2,1,1,2,3,2,1,2,1,1,5,1,1,14,6,1,1,33,2,2,0
1,58,4,2003,3,1,3,2,2,1,1,1,1,1,1,2,1,2,9,6,1,1,33,1,2,0
5,58,4,2003,2,1,1,2,2,1,1,1,1,1,1,1,1,2,14,1,1,1,33,1,2,0
12,58,4,2003,2,1,1,2,2,1,1,1,1,1,2,4,1,2,9,6,1,2,33,1,0,0
7,58,4,2003,3,3,8,2,2,1,1,1,1,1,1,1,1,1,9,11,1,1,33,2,2,0
11,58,4,2003,3,1,1,2,2,1,1,1,1,1,2,4,1,2,9,6,1,1,48,2,2,3
1,61,4,2003,3,1,1,2,2,1,1,1,1,1,1,1,1,2,9,6,1,2,33,1,0,0
10,67,4,2003,3,7,1,2,2,1,1,1,1,1,2,2,1,2,8,11,2,1,35,1,2,1
6,63,3,2003,3,3,1,2,2,1,1,1,1,1,1,1,1,2,9,6,1,1,35,1,2,0
4,63,4,2003,2,1,1,2,2,4,2,1,1,1,2,5,4,2,9,1,1,3,30,2,2,0
11,63,4,2003,1,1,1,2,1,1,4,1,1,1,1,1,1,1,7,6,1,2,35,1,2,0
9,63,4,2003,2,1,1,2,2,1,1,1,1,1,1,1,1,1,5,11,1,1,33,2,2,0
9,63,4,2003,2,1,2,1,1,1,1,1,1,1,1,1,1,2,9,11,1,2,35,1,2,0
9,63,4,2003,2,1,1,2,2,1,1,2,1,1,1,2,1,1,13,2,1,1,37,1,2,3
9,63,4,2003,5,2,2,2,2,1,1,1,1,1,1,2,2,2,13,11,1,1,33,2,2,1
7,63,4,2003,4,7,1,2,2,1,2,1,1,1,1,1,1,2,7,11,1,1,32,2,2,1
7,63,4,2003,2,7,1,2,2,1,1,1,1,3,1,4,1,2,4,6,1,7,30,2,2,0
2,63,4,2003,4,7,8,1,2,1,4,1,1,1,1,1,1,2,9,6,1,1,33,2,2,0
14,63,4,2003,3,2,1,2,2,1,1,1,1,1,1,1,1,2,14,6,2,1,33,1,2,0
4,66,4,2003,4,2,2,1,1,1,2,1,1,1,1,2,1,2,9,6,1,1,33,2,2,1
1,57,4,2003,4,1,1,2,2,1,2,1,1,1,1,1,1,2,9,11,1,1,33,1,2,0
1,57,4,2003,4,1,1,2,2,1,4,1,1,1,3,1,5,2,14,11,1,1,35,2,2,0
1,57,4,2003,3,1,1,2,2,1,1,1,1,1,1,1,1,2,9,11,1,1,40,2,2,0
1,60,4,2003,3,2,1,1,2,1,1,1,1,1,1,1,1,1,12,11,1,2,40,1,2,0
1,60,4,2003,2,1,1,2,2,1,1,1,1,1,1,2,1,2,10,6,1,2,33,1,0,0
5,65,4,2003,2,1,2,1,2,1,2,1,2,1,1,2,1,2,12,6,1,2,28,2,0,0
5,65,4,2003,2,7,1,1,2,1,1,2,1,1,1,2,1,2,11,6,1,2,33,1,0,0
8,65,4,2003,3,2,2,2,1,1,1,1,1,1,1,2,1,2,5,6,1,1,33,1,0,3
1,59,5,2003,2,1,1,2,2,1,1,1,1,1,1,2,1,2,4,6,1,2,33,1,2,0
1,59,5,2003,4,1,1,1,2,1,2,1,1,1,1,5,1,2,8,5,1,1,38,2,2,0
4,59,5,2003,1,6,1,1,2,2,4,2,2,1,1,1,1,2,13,2,1,1,33,2,2,3
2,59,5,2003,3,7,2,1,2,1,1,1,1,3,1,4,1,1,17,6,1,7,35,1,2,0
5,59,5,2003,2,1,1,2,2,1,2,1,1,1,1,2,1,2,5,4,1,2,35,2,2,0
2,61,4,2003,1,1,1,2,2,1,2,1,1,1,1,1,1,1,9,6,1,1,32,2,2,3
1,61,5,2003,4,1,1,1,2,2,4,1,2,1,1,2,1,2,14,6,1,2,33,1,2,0
1,61,5,2003,2,1,1,2,2,1,1,1,1,1,1,1,1,1,14,6,1,1,40,2,2,3
1,61,5,2003,1,1,1,2,2,1,1,1,1,1,1,1,1,1,7,6,1,2,33,1,2,0
1,61,5,2003,1,1,1,1,2,1,4,1,1,1,1,1,1,2,14,6,2,2,33,1,2,0
2,61,5,2003,1,1,1,2,1,1,3,1,1,1,1,1,1,1,14,6,1,1,45,2,2,0
2,61,5,2003,3,1,1,2,2,1,1,1,1,1,1,1,1,1,9,6,1,1,32,1,2,0
3,61,5,2003,3,1,3,2,2,1,1,1,1,1,1,2,1,2,8,6,1,1,33,2,2,0
2,62,1,2003,2,2,1,2,2,1,1,1,1,1,1,2,1,2,12,6,1,2,33,1,0,0
9,63,5,2003,3,3,1,2,2,1,1,1,1,1,1,1,1,2,10,6,1,2,33,1,0,0
5,63,5,2003,3,1,1,2,2,1,1,1,1,1,1,1,1,2,14,6,1,5,30,2,2,1
14,63,5,2003,2,2,1,2,2,1,2,1,1,1,2,1,1,2,14,6,1,2,33,1,0,0
14,63,5,2003,4,2,2,1,2,1,2,1,1,1,1,1,1,2,14,6,1,1,42,2,2,0
8,63,5,2003,2,7,8,2,2,2,1,1,2,1,1,1,1,2,9,5,1,2,45,2,2,0
8,58,5,2003,1,1,1,2,2,1,4,1,1,1,1,1,1,2,13,6,1,2,33,1,2,0
8,58,5,2003,2,1,1,2,2,1,1,1,1,1,1,1,1,2,10,6,1,2,33,1,0,0
7,58,5,2003,4,7,8,2,1,1,4,1,1,1,1,1,1,2,9,5,2,2,33,1,0,0
7,58,5,2003,3,1,1,2,2,1,1,2,1,1,1,1,1,2,10,6,1,1,33,1,0,0
6,58,5,2003,3,1,1,2,2,2,1,1,2,1,1,1,1,2,9,6,1,1,45,2,2,0
1,58,5,2003,1,1,2,2,2,2,2,1,2,1,1,1,1,2,10,6,1,2,33,1,0,0
1,58,5,2003,3,2,1,2,1,1,1,2,1,1,2,2,1,1,17,2,1,1,18,2,2,1
1,58,5,2003,3,3,1,2,2,1,1,4,1,1,1,5,5,1,17,9,1,2,33,1,2,0
1,58,5,2003,4,3,4,2,2,1,2,1,1,1,1,5,1,1,17,5,2,2,33,1,2,1
10,58,5,2003,2,7,8,1,2,1,1,1,1,1,1,4,1,2,9,6,1,2,33,2,2,0
1,68,5,2003,2,1,1,2,1,1,1,4,1,1,1,2,1,1,14,2,1,3,41,2,2,0
5,66,5,2003,4,1,1,2,2,1,2,2,1,1,1,2,1,2,7,6,1,1,35,2,2,0
7,60,5,2003,2,7,8,2,2,1,1,1,1,1,1,2,1,2,8,11,1,2,33,1,2,3
2,60,5,2003,4,1,3,1,2,1,2,1,1,1,1,5,1,2,4,6,1,1,25,2,2,0
3,60,5,2003,2,1,1,2,1,1,1,1,1,1,1,2,1,2,8,4,1,1,33,2,1,0
6,60,5,2003,3,1,4,2,2,1,1,1,1,1,1,5,1,1,9,1,1,1,37,2,2,0
2,57,5,2003,2,1,1,2,2,2,1,1,1,1,1,1,1,2,14,11,1,1,30,2,2,0
4,57,5,2003,2,7,1,2,2,1,1,1,1,1,1,4,1,2,7,6,1,1,30,2,2,0
7,65,5,2003,1,1,2,2,1,1,4,1,2,3,1,4,1,2,11,8,2,1,35,1,2,1
2,65,5,2003,2,7,1,2,2,1,1,1,2,1,1,4,1,2,7,10,1,2,33,2,2,0
2,65,5,2003,2,7,1,2,1,1,1,1,2,1,1,4,1,2,11,7,1,2,33,1,2,1
8,65,5,2003,2,3,8,2,2,1,1,1,1,2,1,2,1,2,11,2,1,3,33,1,0,0
1,62,5,2003,2,7,8,2,2,1,1,1,1,1,1,1,1,2,9,4,1,7,33,1,2,0
1,62,6,2003,3,3,1,2,2,2,1,1,2,1,1,4,1,2,9,11,1,7,35,1,2,0
3,62,6,2003,1,3,1,1,1,2,2,1,2,2,1,2,1,2,9,6,1,1,33,2,1,3
4,59,6,2003,3,3,8,2,1,2,1,2,3,3,2,4,4,2,17,1,2,6,28,1,2,0
1,59,6,2003,4,3,1,2,2,2,4,3,1,1,1,2,1,2,9,6,1,1,45,2,1,0
1,67,6,2003,1,1,1,1,2,1,1,1,1,1,1,1,1,1,14,11,1,1,40,1,2,0
1,61,6,2003,4,2,2,2,2,1,1,1,1,1,1,1,1,1,10,6,1,2,33,1,0,0
1,61,6,2003,3,7,1,2,2,1,1,1,1,1,1,1,1,2,9,1,1,1,28,1,2,0
1,61,6,2003,3,7,1,2,2,1,1,1,1,1,1,2,1,2,6,2,1,2,33,1,2,1
2,61,6,2003,3,1,1,2,2,1,1,1,1,1,1,1,1,1,9,6,1,2,33,1,0,0
2,61,6,2003,4,1,1,2,2,1,3,1,1,1,1,1,1,1,6,6,1,1,23,2,2,3
4,61,6,2003,1,2,4,1,1,1,2,1,1,1,1,5,1,2,5,10,1,1,35,2,2,1
3,61,6,2003,4,2,8,2,1,1,2,1,1,1,1,1,1,2,9,6,1,2,33,1,0,0
1,58,1,2003,3,2,3,1,1,1,1,1,1,1,1,2,1,2,9,5,1,2,33,1,0,0
10,58,6,2003,2,1,1,2,2,1,1,1,1,1,1,2,1,2,10,6,1,2,33,1,0,0
4,58,6,2003,2,1,1,2,2,1,1,2,1,1,1,2,1,2,5,3,1,7,33,2,2,0
4,58,6,2003,3,2,8,2,2,1,1,1,5,1,1,1,1,1,10,11,2,1,40,1,1,0
5,58,6,2003,4,7,1,2,2,1,4,1,1,1,1,1,1,1,14,6,1,1,33,1,2,0
7,58,6,2003,3,1,1,2,2,1,1,1,1,1,1,1,1,2,9,6,1,1,33,2,2,0
7,58,6,2003,1,1,1,2,2,1,4,2,1,1,2,2,1,2,10,2,1,1,33,1,0,0
7,58,6,2003,3,1,1,2,2,2,1,2,2,1,1,1,1,2,10,6,1,2,33,1,0,0
1,58,6,2003,3,3,3,2,2,2,1,2,2,1,1,1,1,2,9,1,1,1,33,2,2,0
1,58,6,2003,1,2,2,2,2,2,1,1,2,1,1,1,1,2,9,6,1,1,38,2,2,0
8,58,6,2003,4,7,1,2,2,1,2,1,1,3,1,1,2,1,8,6,1,2,33,1,2,0
8,58,6,2003,2,7,1,2,1,1,2,3,1,1,1,1,1,2,9,6,1,2,33,1,2,0
1,66,6,2003,3,2,1,2,2,2,1,2,2,1,1,2,1,1,14,2,1,2,33,2,2,0
1,68,6,2003,1,7,1,2,2,2,2,4,2,1,1,2,1,2,14,2,1,2,33,1,2,0
1,57,6,2003,2,1,1,2,2,1,1,1,1,1,1,1,1,2,7,6,1,2,33,1,0,0
7,57,6,2003,3,1,1,2,2,1,1,1,1,1,1,2,1,2,5,6,1,6,25,2,2,0
5,65,6,2003,2,2,1,1,2,1,1,1,1,1,1,2,1,2,4,11,1,7,25,2,2,1
7,65,6,2003,3,1,1,2,2,2,1,1,2,1,1,2,1,2,7,6,1,2,33,1,0,0
3,63,6,2003,4,7,8,2,2,1,2,1,1,1,1,1,1,2,9,4,1,7,38,1,0,0
6,63,6,2003,4,7,1,2,2,2,4,1,2,1,1,2,2,2,9,6,1,2,33,1,2,0
12,63,5,2003,4,7,8,1,2,2,2,4,3,3,2,4,4,2,5,11,2,2,33,1,0,0
9,63,5,2003,2,7,1,2,2,1,1,1,1,1,1,1,1,2,13,6,1,1,33,2,2,3