Thana,District,Month,Year,Time,Junction_Type,Traffic_Control,Movement,Divider,Weather,Light,Road_Geometry,Surface_Condition,Surface_Type,Surface_Quality,Road_Class,Road_Feature,Location_Type,Vehicle_Type,Vehicle_Movement,Vehicle_Loading,Vehicle_Defect,Vehicle_Driver_Age,Vehicle_Alcohol,Vehicle_Seat_Belt,Accident_Severity
1,62,1,2003,3,1,1,1,2,1,1,2,1,3,2,4,1,2,14,2,1,1,30,2,2,0
1,61,2,2003,3,7,1,2,2,1,1,1,1,1,1,1,1,2,9,11,1,2,33,1,0,0
3,61,2,2003,4,2,4,1,1,1,3,1,1,1,1,1,1,2,9,6,1,6,28,2,0,3
5,60,6,2003,4,1,1,2,1,1,1,1,1,1,1,1,1,2,9,6,1,2,33,1,0,0
6,60,6,2003,4,1,1,1,2,1,1,1,1,1,1,4,1,2,9,6,1,1,33,1,0,3
1,60,6,2003,2,1,1,1,2,1,3,1,1,1,1,5,1,1,14,6,1,1,33,2,2,0
1,59,7,2003,2,2,1,2,1,1,1,1,1,1,1,1,1,2,12,6,2,7,33,1,2,0
2,59,7,2003,2,7,1,2,2,1,1,1,1,1,1,4,1,2,9,11,1,2,33,1,0,0
1,61,7,2003,1,1,1,2,2,1,3,1,1,1,1,1,1,1,14,6,1,1,33,2,2,3
1,61,7,2003,3,1,1,1,2,1,1,1,1,1,1,1,1,2,9,5,1,4,33,1,2,0
1,61,7,2003,3,1,1,2,2,1,1,1,1,1,1,1,1,1,12,6,1,1,33,1,2,1
1,61,7,2003,3,3,1,2,2,1,1,1,1,1,1,1,1,1,14,6,1,2,32,2,2,0
1,61,7,2003,1,1,1,2,2,1,4,2,1,1,1,1,1,2,7,1,1,2,33,1,2,0
1,62,7,2003,2,7,8,1,2,1,1,1,1,1,1,1,1,2,9,6,1,6,33,2,2,1
1,62,7,2003,2,7,8,1,2,1,1,1,1,1,1,1,1,1,9,11,1,1,35,1,2,0
3,62,7,2003,3,7,8,2,2,1,1,1,1,1,1,2,1,2,9,6,1,2,49,2,2,0
4,62,7,2003,4,1,1,2,2,1,1,1,1,1,1,3,1,2,14,6,1,2,33,1,0,3
6,57,7,2003,3,1,1,2,2,1,1,1,1,1,3,2,1,2,9,2,1,1,40,1,2,0
6,57,7,2003,2,1,1,2,2,1,1,1,1,1,3,4,1,2,9,9,1,2,31,2,2,3
3,57,7,2003,4,7,1,2,2,1,2,1,1,1,1,1,1,2,9,10,2,7,33,1,2,0
1,65,7,2003,3,1,1,2,2,1,1,1,1,1,1,5,1,1,7,8,1,2,28,2,2,1
1,66,7,2003,2,1,1,2,2,1,1,2,1,1,2,2,1,2,8,3,1,1,33,2,2,0
7,67,7,2003,2,7,8,2,2,1,1,1,1,1,1,2,1,1,5,6,1,2,33,1,0,1
2,58,7,2003,1,2,1,2,2,1,4,2,1,1,1,1,1,2,9,6,1,2,33,1,0,1
2,58,7,2003,2,2,1,2,2,1,1,1,1,1,1,2,1,1,5,6,1,2,33,1,0,1
5,58,7,2003,3,2,1,2,1,1,1,1,1,1,1,1,1,2,9,6,1,1,33,1,2,0
1,58,7,2003,1,1,2,2,2,2,2,1,2,1,1,1,1,2,14,6,1,1,42,2,2,0
1,58,7,2003,3,1,2,2,2,2,3,1,2,1,1,1,1,2,7,6,1,1,33,2,2,0
3,58,7,2003,4,1,1,2,2,2,4,1,2,1,1,1,1,2,7,6,1,2,32,2,2,0
11,58,7,2003,4,1,1,2,2,2,4,1,2,1,1,2,1,2,10,6,1,2,33,1,0,0
8,58,7,2003,4,7,1,2,2,1,4,1,1,1,1,2,1,2,1,6,1,2,27,1,2,1
10,58,7,2003,2,7,1,1,2,1,1,1,1,1,1,2,1,2,8,6,1,7,27,2,2,0
10,58,7,2003,2,7,1,1,2,1,4,1,1,1,1,2,1,2,19,11,1,7,25,2,2,0
7,63,7,2003,1,1,1,2,2,2,4,1,2,1,1,4,1,2,12,6,2,7,33,1,2,0
8,63,7,2003,1,1,1,2,2,2,4,1,2,1,1,1,1,2,7,6,1,2,28,1,2,1
10,63,7,2003,2,7,1,2,2,1,1,1,1,1,1,2,1,2,10,6,1,2,33,1,0,0
6,60,7,2003,3,1,1,1,2,1,1,1,1,1,1,2,1,1,14,6,1,1,33,1,2,0
1,60,7,2003,3,1,4,1,2,1,1,1,1,1,1,2,1,1,12,6,1,1,34,1,2,0
1,61,8,2003,3,1,1,2,2,1,1,1,1,1,1,1,1,2,9,6,1,2,33,1,0,1
1,67,8,2003,1,3,1,2,2,1,2,2,1,1,2,1,1,1,14,2,1,1,33,1,2,0
5,66,8,2003,2,7,1,1,2,2,1,4,2,1,2,1,1,2,9,6,1,1,35,2,2,3
5,58,8,2003,5,7,1,2,2,1,2,1,1,1,1,1,1,2,14,6,1,1,33,2,2,3
5,58,8,2003,2,7,1,2,2,1,1,1,1,1,1,1,1,2,9,11,1,1,33,2,2,0
8,58,8,2003,4,7,1,1,2,1,2,1,1,1,1,4,1,2,4,6,1,7,32,1,2,0
1,62,8,2003,3,7,3,2,2,1,1,1,1,1,1,1,1,2,14,6,1,2,33,1,0,3
2,60,8,2003,3,2,1,1,2,1,1,1,1,1,1,2,1,2,9,11,1,2,33,2,2,0
3,60,8,2003,2,3,1,1,2,1,1,1,1,1,1,2,1,2,9,11,1,4,60,1,0,3
1,62,8,2003,3,7,5,1,2,1,1,1,1,1,1,4,1,2,9,6,1,1,33,2,2,3
4,62,9,2003,3,1,1,2,2,1,1,1,1,1,1,2,1,2,7,6,1,1,28,2,2,0
1,62,9,2003,2,7,8,2,2,1,1,1,1,1,1,2,1,1,13,6,2,2,33,1,2,0
1,61,9,2003,1,1,1,2,2,1,2,1,1,1,1,1,1,2,14,6,1,1,45,1,2,0
9,63,9,2003,4,1,1,2,2,1,4,1,1,1,1,1,1,2,7,6,1,1,33,2,2,0
14,63,9,2003,1,1,8,2,1,1,2,2,1,1,1,1,1,2,14,6,1,2,40,1,0,1
1,58,9,2003,2,7,8,2,2,1,1,1,1,1,1,3,1,1,14,10,1,1,40,2,2,3
1,58,9,2003,4,1,1,2,2,1,3,1,1,1,1,1,1,2,9,6,1,1,33,2,2,1
2,58,9,2003,1,2,1,2,2,2,4,1,2,1,1,4,1,2,6,6,1,2,33,1,0,1
8,58,9,2003,3,7,1,2,2,1,1,1,1,1,2,1,1,2,8,6,1,2,33,1,2,1
7,60,9,2003,3,1,1,2,2,2,1,1,2,1,1,2,1,2,14,6,1,2,30,1,2,0
3,60,9,2003,3,3,1,2,1,1,1,1,1,1,1,2,1,2,14,6,1,1,33,2,2,3
5,60,9,2003,3,1,1,1,2,2,1,1,3,3,2,4,1,2,7,6,1,2,33,2,2,0
1,66,9,2003,1,2,4,2,1,1,3,2,1,1,1,5,1,1,14,2,1,1,33,2,2,1
1,65,9,2003,3,2,1,2,1,1,1,1,1,1,1,1,1,1,9,11,1,7,33,2,2,0
1,65,9,2003,5,2,8,2,1,1,1,1,1,1,1,1,1,1,9,1,1,7,33,1,2,0
5,59,10,2003,4,1,1,2,2,2,2,1,2,1,2,4,4,2,7,6,1,7,33,2,2,0
1,59,10,2003,3,1,1,1,2,1,1,1,1,1,1,4,1,2,7,11,2,7,33,1,2,0
1,61,10,2003,1,1,1,2,2,1,4,1,1,1,1,1,1,2,6,6,1,2,30,2,2,1
1,61,10,2003,4,3,5,2,1,1,4,2,1,1,3,1,1,2,14,1,1,2,33,2,2,0
5,58,10,2003,2,3,1,2,2,1,1,1,1,1,1,1,1,2,14,6,1,1,33,2,2,1
5,58,10,2003,2,7,1,2,2,1,1,1,1,1,1,1,1,2,14,6,1,1,50,2,2,0
7,58,10,2003,3,7,8,2,2,1,1,1,1,1,1,2,1,2,9,6,1,2,33,1,0,3
2,58,10,2003,2,7,1,2,1,1,1,1,1,1,1,1,1,2,10,6,1,2,33,1,0,3
10,58,10,2003,4,7,1,1,2,1,3,1,1,1,1,2,1,2,14,11,1,2,36,2,2,3
8,57,10,2003,2,1,1,2,2,1,1,1,1,1,1,1,1,2,9,6,1,1,33,2,2,0
1,57,10,2003,3,7,8,1,1,1,1,2,1,3,1,4,4,2,6,1,2,7,33,1,2,0
1,57,10,2003,4,7,8,1,2,1,2,1,1,1,1,2,1,2,5,9,1,2,33,2,0,1
5,57,10,2003,3,2,2,2,2,1,1,1,1,1,1,1,1,2,9,11,1,2,33,1,0,0
1,65,10,2003,3,3,3,2,1,1,1,1,1,1,1,4,1,2,5,6,1,2,33,1,0,0
1,65,10,2003,2,2,8,2,2,1,1,1,1,1,1,1,1,2,9,4,1,7,45,2,2,0
1,65,10,2003,3,7,8,2,1,1,1,1,1,1,1,1,1,2,8,4,1,7,33,2,2,1
1,60,10,2003,2,1,1,2,2,1,1,1,1,1,1,1,1,2,9,6,1,2,33,2,2,0
1,60,10,2003,3,1,1,2,2,1,1,1,1,1,1,2,1,1,10,6,1,2,33,2,2,0
5,60,10,2003,2,1,1,2,2,1,1,1,1,1,1,1,1,2,10,6,1,2,33,2,2,0
4,63,10,2003,1,7,8,2,2,1,4,1,1,1,2,1,1,2,10,6,1,2,33,1,0,0
6,63,10,2003,2,2,1,2,2,1,1,1,1,1,1,2,1,1,19,6,1,1,35,2,2,0
8,63,10,2003,3,2,1,2,2,1,1,1,1,1,1,1,1,2,9,6,1,1,33,2,2,0
9,63,10,2003,4,1,1,2,2,1,3,1,1,1,1,1,1,2,11,6,1,1,43,2,2,0
9,63,10,2003,2,1,1,2,2,3,2,1,1,1,1,1,1,2,14,6,1,2,33,1,2,3
14,63,10,2003,2,1,8,2,1,1,1,2,1,1,1,1,1,2,14,9,1,2,33,1,0,0
14,63,10,2003,2,1,1,2,2,1,1,1,1,1,1,1,1,2,14,6,1,2,33,1,0,0
8,66,11,2003,3,1,2,2,2,1,1,2,1,1,2,2,1,2,9,6,1,1,33,2,2,0
1,62,11,2003,2,1,1,2,2,1,1,1,1,1,1,2,1,2,12,6,1,2,33,1,0,0
1,61,11,2003,1,1,1,2,2,1,2,1,1,1,1,1,1,1,8,6,1,1,33,2,2,1
1,61,11,2003,4,1,1,2,1,1,4,1,1,1,1,1,1,2,9,6,1,7,33,2,2,1
2,67,11,2003,3,1,1,2,2,1,1,2,1,1,1,2,1,2,17,2,2,7,38,2,2,1
8,67,11,2003,2,7,1,2,2,1,1,2,1,1,1,1,1,2,9,2,1,1,37,2,2,3
1,58,11,2003,3,3,1,1,2,1,1,2,1,1,1,2,1,2,1,8,2,2,28,1,0,0
5,58,11,2003,2,1,1,2,1,1,2,1,1,1,1,1,1,1,14,1,1,2,38,1,0,0
8,58,11,2003,3,7,1,2,2,1,1,2,1,1,1,1,1,2,9,6,1,2,48,2,2,0
8,58,11,2003,2,7,1,2,2,1,2,1,1,1,1,1,1,2,14,6,1,2,33,1,2,0
7,58,11,2003,3,1,1,2,2,1,1,1,1,1,1,1,1,2,8,11,1,1,33,2,2,0
10,58,11,2003,2,3,1,1,2,1,1,1,1,1,1,2,1,2,9,6,1,2,31,2,2,0
6,58,11,2003,2,1,2,2,2,1,1,1,1,1,1,1,1,2,9,6,1,1,33,2,2,0
1,57,11,2003,3,2,2,2,2,1,1,1,1,1,2,4,1,2,17,6,1,1,35,2,2,0
8,63,11,2003,4,1,3,2,2,1,2,1,1,1,1,1,1,2,10,6,1,2,33,1,0,0
12,63,11,2003,2,3,1,1,2,1,2,1,1,1,1,3,1,2,17,6,1,2,33,1,0,0
14,63,11,2003,2,1,1,2,1,1,1,1,1,1,1,1,1,2,9,6,1,4,33,2,2,0
14,63,11,2003,3,1,1,2,2,1,4,1,1,1,1,1,1,2,10,6,1,2,33,1,0,0
7,60,11,2003,1,1,1,2,2,1,2,1,1,1,1,2,1,2,10,6,2,1,30,1,2,0
6,60,11,2003,2,3,1,1,2,1,1,1,1,3,1,5,1,1,5,1,1,1,33,1,2,3
3,68,11,2003,2,1,1,2,2,1,1,4,1,1,2,3,1,2,11,2,2,6,30,2,2,0
3,68,11,2003,2,1,1,1,2,1,1,4,1,1,1,3,1,1,11,1,1,7,30,1,2,1
1,32,6,2004,2,7,3,2,2,1,1,1,1,1,1,1,1,2,14,1,1,1,33,2,2,0
1,32,6,2004,4,3,8,2,2,1,3,2,1,1,1,2,1,2,6,1,1,7,35,1,2,0
3,32,2,2004,3,1,1,2,2,1,1,1,1,1,1,1,1,2,8,7,1,1,33,2,2,0
3,32,6,2004,1,1,8,2,2,1,4,1,1,1,1,1,1,2,14,4,1,1,33,2,2,2
4,32,1,2004,2,1,1,2,2,1,2,2,1,1,1,1,1,2,6,11,1,1,27,2,2,0
4,32,9,2004,4,1,1,2,2,2,4,2,2,1,1,1,1,2,6,5,2,3,33,2,2,0
2,32,12,2004,3,1,1,2,2,1,1,1,1,1,2,4,1,2,6,6,2,7,33,2,2,0
8,29,2,2004,2,1,1,2,2,1,1,1,1,1,1,1,1,2,9,2,1,1,27,2,2,0
5,29,2,2004,2,3,1,2,2,1,1,1,2,1,2,2,1,2,12,11,1,1,33,2,2,0
4,29,1,2004,2,1,1,1,2,1,1,1,1,1,1,4,1,2,7,11,1,7,28,2,2,0
3,29,3,2004,2,7,1,2,2,1,1,1,1,1,1,3,1,2,8,11,1,1,27,2,2,0
5,29,1,2004,3,1,8,1,2,1,1,1,1,1,1,1,1,1,4,6,1,7,33,2,2,0
8,25,9,2004,2,1,1,2,2,1,1,1,1,1,1,3,1,2,14,6,1,7,35,2,2,1
1,29,9,2004,1,1,4,2,2,2,1,1,2,1,1,1,1,1,9,6,1,1,33,2,2,0
9,66,3,2004,3,1,1,2,2,1,1,2,1,1,1,2,1,2,12,1,1,2,33,1,2,0
9,66,5,2004,2,1,1,2,2,1,1,2,1,1,1,2,1,1,14,2,1,2,33,2,2,0
1,66,5,2004,2,7,1,2,2,1,1,4,1,1,1,2,1,2,11,6,2,6,33,1,2,0
1,66,6,2004,3,3,4,2,2,1,1,1,1,1,1,2,1,1,9,6,1,1,35,2,2,1
2,66,8,2004,2,1,2,2,2,1,1,1,1,1,1,4,1,2,11,6,1,2,33,2,2,0
6,66,10,2004,1,1,1,2,2,1,2,5,1,1,2,3,1,2,11,6,2,3,35,2,2,0
1,66,10,2004,3,2,8,1,2,1,1,1,1,3,1,4,1,2,14,7,1,7,33,2,2,0
4,66,10,2004,2,1,1,2,2,1,1,2,1,1,1,2,1,2,12,1,1,1,33,2,2,0
1,66,11,2004,2,7,8,1,2,1,1,5,5,1,3,3,1,2,12,1,1,7,33,2,2,0
4,66,11,2004,3,7,7,1,2,1,1,2,1,1,1,2,1,2,9,11,1,2,36,2,2,0
5,66,11,2004,3,7,1,2,2,1,1,2,1,1,1,4,1,2,11,1,1,1,33,2,2,0
4,66,12,2004,2,7,8,1,1,1,1,2,1,1,1,2,1,2,9,11,1,7,33,1,2,0
1,27,1,2004,3,2,2,2,2,1,1,1,1,1,1,2,2,2,8,4,1,1,33,2,2,0
2,27,2,2004,2,3,1,2,2,1,1,1,1,1,3,2,1,2,19,6,2,7,32,1,2,0
2,27,2,2004,2,1,1,2,2,1,1,1,1,1,3,2,4,2,8,5,1,6,33,1,2,0
1,31,2,2004,2,1,1,2,2,1,1,1,1,1,1,1,1,2,9,6,1,1,52,2,2,0
2,31,2,2004,2,1,1,2,2,1,1,1,1,1,1,2,1,2,9,11,1,1,25,2,2,0
3,31,2,2004,2,7,8,2,2,4,1,2,1,1,1,2,1,2,9,6,1,1,38,2,2,0
5,31,3,2004,3,1,1,2,2,1,1,1,1,2,1,4,1,2,4,11,1,1,18,2,1,0
2,27,3,2004,2,7,1,2,2,4,2,1,5,3,3,2,1,2,9,6,1,1,33,2,2,0
1,30,2,2004,2,1,1,2,2,1,1,1,1,1,3,2,4,2,9,6,1,1,35,2,2,3
4,34,3,2004,3,1,2,2,2,1,1,1,1,1,1,4,1,2,9,6,1,1,33,2,2,0
5,30,4,2004,3,1,1,2,2,1,1,1,1,1,1,4,1,2,4,6,1,1,33,2,1,0
5,30,4,2004,4,1,1,2,2,1,4,1,1,1,1,3,1,2,6,11,1,1,33,2,2,0
4,27,5,2004,2,1,1,2,2,1,1,1,1,1,1,4,1,2,6,6,1,7,30,1,2,0
5,27,9,2004,2,1,8,2,2,1,1,1,1,1,1,2,1,2,8,11,1,1,33,2,2,0
2,27,7,2004,3,1,1,2,2,1,1,3,1,2,3,2,1,2,8,6,1,7,39,1,2,0
1,30,5,2004,3,1,1,2,2,1,1,1,1,1,1,3,1,1,4,6,1,1,33,2,1,0
1,30,6,2004,2,1,1,2,2,1,1,2,1,1,3,1,2,2,9,9,1,1,34,2,2,0
5,30,6,2004,2,1,1,2,2,1,1,1,1,1,1,4,1,2,9,6,1,1,33,2,2,1
3,30,6,2004,2,3,8,2,2,1,1,1,1,1,2,2,4,2,8,6,1,1,40,2,2,0
6,30,6,2004,3,7,1,2,2,2,1,1,2,1,1,4,1,2,4,6,1,1,33,2,1,1
4,34,9,2004,2,1,1,2,2,2,2,1,2,1,1,1,3,2,8,11,1,1,33,2,2,3
1,34,4,2004,4,1,1,2,2,1,2,1,1,1,1,1,1,2,14,6,1,1,45,2,2,0
1,34,5,2004,3,1,1,2,2,1,1,1,1,1,1,5,1,1,14,6,1,1,33,1,2,1
1,34,6,2004,1,1,1,2,2,1,2,1,1,1,1,2,1,1,9,6,1,1,33,1,2,0
1,34,7,2004,2,1,1,2,2,1,1,1,1,1,1,2,1,1,9,6,1,1,33,1,2,0
1,34,7,2004,5,1,1,2,2,2,4,1,2,1,1,1,1,2,9,6,1,1,33,2,2,0
10,34,7,2004,4,3,1,2,2,1,2,1,1,1,1,4,1,2,14,3,1,1,33,1,2,0
10,34,10,2004,3,1,1,2,2,1,1,1,1,1,1,2,1,2,7,4,1,1,33,2,2,0
6,34,2,2004,2,1,8,2,2,1,1,1,1,1,1,1,1,2,8,6,1,7,33,2,2,1
6,34,2,2004,3,1,1,2,2,1,1,1,1,1,1,1,1,2,9,6,1,1,33,2,2,1
6,34,3,2004,4,1,1,2,2,1,4,1,1,1,1,1,1,2,6,11,1,2,33,2,2,0
6,34,5,2004,2,1,1,2,2,1,1,1,1,1,1,1,1,2,14,6,2,1,33,2,2,0
1,30,9,2004,3,1,1,2,2,1,1,1,1,2,3,4,1,2,9,6,1,1,33,2,2,0
2,30,10,2004,2,1,1,2,2,1,1,1,1,1,1,4,1,2,6,6,2,1,33,2,2,0
2,30,10,2004,2,1,1,2,2,1,1,1,1,1,1,4,1,2,12,6,1,7,33,2,2,1
2,30,10,2004,3,1,1,2,2,1,1,1,1,1,1,4,1,2,5,6,1,7,33,2,2,1
4,30,10,2004,3,1,1,2,2,1,1,1,1,1,1,2,1,2,4,6,1,1,33,1,2,0
4,30,10,2004,3,1,1,2,2,1,1,1,1,2,3,4,1,2,17,9,1,3,45,2,2,0
1,33,1,2004,3,7,1,2,2,1,1,1,1,1,1,4,1,2,19,6,1,1,33,2,2,0
1,33,2,2004,2,4,1,2,2,1,1,1,1,1,1,4,4,2,5,6,1,1,33,2,2,0
1,33,3,2004,4,3,1,2,2,1,4,2,1,1,1,3,1,1,14,6,1,1,33,1,2,0
1,33,5,2004,3,3,1,2,2,1,1,1,1,1,1,4,4,2,9,6,1,1,33,2,2,0
4,33,2,2004,2,1,1,2,2,1,1,1,1,1,1,2,1,2,9,6,2,1,35,1,2,1
4,33,5,2004,3,3,1,2,2,1,1,1,1,1,1,1,1,2,14,6,1,1,32,2,2,0
4,33,7,2004,3,1,1,2,2,1,1,1,1,1,1,1,1,2,9,6,1,1,33,2,2,0
4,33,9,2004,3,1,1,2,2,1,1,1,1,1,1,2,1,2,9,11,1,1,30,2,2,0
2,33,1,2004,2,1,1,2,2,1,1,1,1,1,1,4,1,2,9,6,1,1,33,2,2,0
2,33,2,2004,2,1,1,2,2,1,1,1,1,1,1,3,1,2,19,6,1,1,33,2,2,0
5,33,1,2004,2,1,1,2,2,1,1,1,1,1,1,2,1,2,8,6,1,1,30,2,2,3
5,33,2,2004,4,1,1,2,2,1,4,4,1,1,1,2,1,2,14,2,1,1,33,2,2,0
5,33,4,2004,2,1,1,2,2,1,1,1,1,1,1,4,1,2,9,6,1,1,33,2,2,0
5,33,6,2004,3,1,1,2,2,1,1,1,1,1,1,1,1,2,9,6,1,1,33,2,2,0
4,30,12,2004,2,1,1,2,2,1,1,1,1,1,1,4,1,2,4,6,1,1,25,2,1,0
1,27,11,2004,2,3,2,2,2,1,1,1,1,1,1,4,1,1,4,8,1,1,33,2,2,3
2,27,12,2004,3,1,1,2,2,1,1,3,1,2,3,2,1,2,6,6,1,1,30,1,2,0
4,34,10,2004,2,1,1,2,2,1,1,1,1,1,1,1,1,2,8,11,1,1,33,2,2,3
6,34,10,2004,4,1,1,2,2,1,4,1,1,1,1,1,1,2,9,6,1,1,33,2,2,0
6,34,12,2004,2,1,1,2,2,1,1,1,1,1,1,1,1,2,9,6,1,1,33,1,2,0
6,34,12,2004,2,1,1,2,2,1,1,1,1,1,1,1,1,2,3,6,1,7,33,2,2,1
1,33,10,2004,4,1,1,2,2,1,2,1,1,1,1,3,1,2,12,6,1,1,33,2,2,0
1,33,11,2004,2,1,1,2,2,1,1,1,1,1,1,1,1,2,8,6,1,1,33,2,2,0
4,6,1,2004,3,7,1,2,2,1,1,1,1,1,1,3,1,2,14,6,1,1,33,2,2,0
4,6,1,2004,5,7,1,2,2,1,1,1,1,1,1,3,1,2,14,6,1,1,33,2,2,1
2,13,3,2004,3,7,8,1,2,1,4,1,1,3,3,3,1,2,13,11,2,1,32,2,2,0
7,13,1,2004,2,1,1,2,2,1,1,1,1,1,1,2,1,2,9,6,1,1,40,2,2,0
1,13,1,2004,3,1,1,2,2,1,1,1,1,1,1,3,1,2,14,6,1,1,35,2,2,0
6,13,1,2004,2,1,1,2,2,1,1,1,1,1,1,2,1,2,14,6,1,1,35,2,2,0
5,13,2,2004,3,1,1,2,2,1,1,2,1,1,1,3,1,2,8,1,1,1,33,2,2,0
5,13,2,2004,3,1,1,2,2,1,1,1,1,1,1,2,1,2,14,6,1,7,33,2,2,1
3,13,2,2004,3,1,1,2,2,1,1,1,1,1,1,3,1,2,8,6,1,1,35,2,2,0
4,13,4,2004,3,1,1,2,2,1,1,1,1,1,1,4,1,2,4,6,1,1,33,2,2,0
4,13,3,2004,2,1,1,2,2,1,2,1,1,1,1,4,1,2,14,6,1,1,33,2,2,0
1,13,4,2004,2,1,1,2,2,1,1,1,1,1,1,3,1,2,8,6,1,1,33,2,2,0
1,13,4,2004,4,1,1,2,2,1,2,1,1,1,1,4,1,2,14,6,1,1,35,2,2,1
6,13,4,2004,2,1,1,2,2,1,1,1,1,1,1,1,1,2,9,6,1,1,33,2,2,0
2,6,6,2004,3,5,8,1,2,1,1,2,1,1,1,1,1,2,9,1,1,7,33,1,2,1
8,13,6,2004,2,7,1,2,2,2,1,2,2,1,1,1,1,2,8,11,1,1,38,1,2,0
10,9,3,2004,1,1,1,2,2,4,2,1,2,1,1,1,1,1,14,6,1,1,37,2,2,3
10,9,4,2004,1,1,1,2,2,4,2,1,1,1,1,1,1,1,14,6,1,1,45,2,2,2
7,9,5,2004,2,7,1,2,2,1,1,1,1,1,1,1,1,1,14,6,1,1,33,2,2,0
3,13,5,2004,4,7,8,2,2,1,2,2,1,1,1,3,1,2,14,4,1,1,35,2,2,0
8,13,5,2004,3,1,1,2,2,1,1,1,1,1,1,1,3,2,8,6,1,1,40,2,2,0
5,13,5,2004,2,1,1,2,1,1,1,1,1,1,1,2,1,2,9,6,1,1,33,1,2,0
7,13,4,2004,3,1,1,2,2,1,1,1,1,1,1,2,1,2,9,6,1,1,33,2,2,2
10,9,1,2004,2,7,1,2,1,1,1,1,1,1,1,1,1,1,9,10,1,4,33,2,2,0
10,9,3,2004,2,4,1,2,2,1,1,2,1,1,1,1,1,1,9,2,1,1,33,2,2,0
6,9,2,2004,3,7,8,1,2,1,1,1,1,1,1,2,1,2,14,6,1,1,33,2,2,0
3,9,2,2004,3,1,1,2,2,1,1,1,1,1,1,3,1,1,8,6,1,1,33,2,2,0
1,9,3,2004,2,1,1,2,2,1,1,1,1,1,1,1,1,2,14,6,1,1,33,1,2,0
1,13,7,2004,3,1,1,2,2,1,1,1,1,1,1,3,1,2,6,6,2,6,19,2,2,0
5,13,7,2004,2,2,1,2,2,1,1,1,1,1,1,2,1,1,9,5,1,1,33,2,2,0
7,13,7,2004,2,1,1,2,2,1,2,1,1,1,1,5,1,2,6,6,1,3,33,2,2,0
7,13,7,2004,4,1,1,1,2,1,2,1,1,1,1,4,1,2,9,6,1,1,33,2,2,3
3,13,7,2004,2,6,8,2,2,1,1,1,1,1,1,3,1,2,9,7,1,1,33,2,2,0
10,9,8,2004,2,1,1,2,2,2,2,1,2,1,1,1,1,2,13,6,1,1,33,2,2,0
5,9,7,2004,2,1,1,1,2,1,1,1,1,1,1,4,1,2,14,7,1,1,32,2,2,0
8,13,8,2004,1,1,1,2,2,1,2,1,1,1,1,1,1,2,14,6,1,1,33,2,2,0
3,9,8,2004,2,1,1,2,2,1,1,1,5,1,3,3,1,2,8,6,1,1,33,2,2,0
8,13,9,2004,3,1,1,2,2,1,1,1,1,1,1,1,1,2,9,6,2,1,33,1,2,0
8,13,9,2004,2,3,1,2,2,2,1,2,2,1,1,1,1,2,14,2,2,1,28,2,2,0
3,13,10,2004,2,1,1,2,2,1,2,1,1,1,1,3,1,2,6,6,1,1,33,2,2,0
9,13,11,2004,2,3,1,2,2,1,1,1,1,1,1,3,1,2,19,6,2,7,20,2,2,0
8,13,10,2004,4,7,1,2,2,2,2,1,2,1,1,1,1,2,9,6,1,1,33,1,2,0
7,13,10,2004,2,1,1,2,2,1,1,1,1,1,1,1,1,2,10,6,1,3,40,2,2,0
12,9,4,2004,3,1,1,2,2,1,1,1,1,1,1,1,1,2,10,5,1,1,30,2,2,0
12,9,9,2004,4,1,1,2,2,1,4,1,1,1,1,1,1,2,13,4,1,1,33,2,2,1
5,9,7,2004,3,7,1,2,2,1,1,2,1,1,1,3,2,2,6,4,1,1,33,2,2,3
2,9,10,2004,1,3,1,2,2,1,1,1,1,1,1,2,1,2,8,11,1,7,33,1,2,0
5,13,10,2004,4,1,1,2,2,1,1,1,1,1,1,2,1,2,14,6,2,1,33,2,2,0
4,6,1,2004,3,1,1,2,2,1,1,1,1,1,1,1,1,2,13,6,1,1,33,2,2,0
5,6,4,2004,3,1,1,2,2,1,1,1,1,1,1,1,1,2,14,6,1,1,33,2,2,0
5,6,10,2004,4,1,1,1,2,2,1,1,1,1,1,3,1,2,14,6,1,1,33,2,2,0
3,6,4,2004,2,3,1,2,2,1,1,1,1,1,1,1,1,2,9,6,1,1,33,2,2,0
5,6,11,2004,3,3,1,2,2,1,1,2,1,1,1,1,1,1,7,4,1,1,28,2,2,1
1,6,4,2004,4,1,1,2,2,1,2,1,1,1,1,3,1,2,9,6,1,1,35,2,2,0
3,6,7,2004,3,1,1,1,2,1,1,1,1,1,1,4,1,1,7,6,1,1,33,2,2,0
4,6,9,2004,2,1,1,2,2,1,1,1,1,3,1,4,1,2,17,6,1,3,33,2,2,0
3,6,11,2004,3,1,8,1,2,1,1,1,1,1,1,4,1,2,14,6,1,1,33,2,2,0
3,6,3,2004,4,7,8,1,2,1,2,1,1,1,1,1,1,2,4,6,1,1,33,2,2,0
3,6,1,2004,3,1,6,1,2,1,1,1,1,1,1,4,1,2,4,6,1,1,22,2,2,0
5,6,2,2004,3,1,1,2,2,1,1,1,1,1,1,1,1,1,14,6,1,1,33,2,2,0
2,6,11,2004,3,1,1,1,2,1,1,1,1,1,1,1,1,1,14,6,1,2,33,1,2,0
2,9,10,2004,3,3,1,2,2,1,1,1,1,1,1,2,1,2,8,11,1,7,33,1,2,3