Thana,District,Month,Year,Time,Junction_Type,Traffic_Control,Movement,Divider,Weather,Light,Road_Geometry,Surface_Condition,Surface_Type,Surface_Quality,Road_Class,Road_Feature,Location_Type,Vehicle_Type,Vehicle_Movement,Vehicle_Loading,Vehicle_Defect,Vehicle_Driver_Age,Vehicle_Alcohol,Vehicle_Seat_Belt,Accident_Severity
2,6,3,2004,3,1,8,1,2,1,1,1,1,1,1,1,1,2,14,11,2,1,33,2,2,0
4,6,3,2004,2,1,1,1,2,1,1,1,1,1,1,1,1,2,14,6,1,1,33,1,2,0
1,6,1,2004,3,1,1,2,2,1,1,1,1,1,1,1,1,2,8,6,1,1,33,2,2,0
10,9,7,2004,4,1,1,2,2,2,1,1,2,1,1,1,3,2,14,6,1,1,45,2,2,2
6,13,12,2004,2,1,1,2,2,1,1,1,1,1,1,2,1,2,3,6,2,1,33,2,2,0
5,13,12,2004,1,1,5,1,1,1,1,1,1,1,1,2,1,2,9,11,1,7,35,2,2,0
8,13,12,2004,2,1,3,1,2,1,4,1,1,1,1,1,1,1,7,6,1,1,33,2,2,1
7,9,12,2004,2,1,1,2,2,1,1,1,1,1,1,1,1,2,8,5,1,1,33,2,2,0
1,9,12,2004,1,2,2,2,2,1,4,2,1,1,1,1,1,1,9,1,1,1,33,2,2,0
2,6,11,2004,3,1,1,1,2,1,1,1,1,1,1,1,1,2,14,6,1,1,33,1,2,0
1,6,12,2004,2,1,3,2,2,1,1,1,1,1,1,1,1,2,8,6,1,1,33,2,2,0
1,6,12,2004,1,1,1,2,2,1,4,1,1,1,1,1,1,2,9,6,1,1,33,2,2,0
1,6,12,2004,4,1,1,2,2,1,4,1,1,1,1,4,1,2,10,6,1,1,28,2,2,3
10,13,5,2004,3,1,1,2,2,1,1,1,1,1,1,1,1,1,9,5,1,1,33,2,2,1
1,13,10,2004,3,1,1,1,2,1,1,1,1,1,1,1,2,2,9,5,1,1,33,2,2,1
2,43,4,2004,3,1,1,2,2,1,2,1,1,1,1,1,1,2,9,6,1,1,33,2,2,0
2,43,4,2004,3,1,1,2,2,1,1,1,1,1,3,1,4,2,14,6,1,1,33,2,2,0
5,43,4,2004,2,1,1,2,2,1,1,1,1,1,1,1,1,2,9,6,1,1,33,2,2,0
5,43,4,2004,2,1,1,2,2,1,3,1,1,1,1,1,1,1,9,5,1,1,33,2,2,0
2,43,5,2004,3,1,1,2,2,1,1,1,1,1,1,1,1,2,10,9,1,1,33,2,2,0
2,43,5,2004,3,1,8,2,2,1,1,1,1,1,1,1,1,2,12,6,1,1,33,2,2,0
5,43,5,2004,4,1,1,2,2,1,1,1,1,1,1,1,1,2,10,6,1,1,33,2,2,0
5,43,5,2004,1,1,1,2,2,1,2,1,1,1,1,2,1,2,9,6,1,1,33,2,2,0
4,43,6,2004,4,1,1,2,2,1,4,1,1,1,1,1,1,2,9,6,1,1,33,2,2,3
5,43,6,2004,3,1,1,2,2,1,1,1,1,1,1,1,1,2,9,6,1,1,33,2,2,0
5,43,6,2004,1,1,1,2,2,1,1,1,1,1,1,1,1,2,9,6,1,1,33,2,2,3
5,43,7,2004,1,1,1,2,2,1,1,1,1,1,1,1,1,2,9,6,1,1,33,2,2,0
5,43,7,2004,3,3,3,2,2,1,1,1,1,1,1,1,1,2,9,6,1,1,33,2,2,0
2,43,8,2004,3,1,1,2,2,1,1,1,1,1,1,1,1,2,14,6,1,1,33,2,2,0
2,43,9,2004,1,1,1,2,2,2,1,1,2,1,1,1,2,2,14,6,1,1,33,2,2,2
2,43,9,2004,2,1,1,2,2,1,1,1,1,1,1,1,1,2,14,6,1,1,33,2,2,0
5,43,9,2004,4,1,1,2,2,1,1,1,1,1,1,1,1,2,9,6,1,1,33,2,2,0
3,52,1,2004,2,1,1,2,2,1,1,1,1,1,1,3,1,2,8,1,2,1,33,2,2,0
8,51,9,2004,2,7,1,2,2,1,1,1,1,1,1,3,1,2,4,6,1,1,33,2,2,0
9,51,9,2004,1,1,1,2,2,1,2,1,1,1,1,2,1,2,14,6,1,1,33,2,2,0
12,51,9,2004,5,1,1,2,2,1,1,1,1,1,1,3,1,2,9,6,1,1,33,2,2,0
1,51,10,2004,3,3,1,2,2,1,1,1,1,1,1,2,1,2,4,6,1,1,33,2,2,0
5,40,4,2004,3,1,1,2,2,1,1,1,1,1,1,1,1,2,10,6,1,1,33,2,2,0
6,40,4,2004,3,1,1,2,2,1,1,1,1,1,1,1,1,2,14,6,1,1,33,2,2,0
5,40,7,2004,3,1,1,2,2,2,2,1,1,1,1,1,1,2,14,6,1,1,33,2,2,0
6,40,4,2004,2,1,1,2,2,1,1,1,1,1,1,1,1,2,9,6,1,1,33,2,2,1
3,40,8,2004,2,1,1,2,2,1,1,1,1,1,1,1,1,2,4,6,1,1,33,2,2,0
6,40,9,2004,3,1,1,2,2,1,1,1,1,1,1,1,1,2,9,6,1,1,33,2,2,1
3,40,6,2004,3,1,1,2,2,1,1,1,1,1,1,1,1,2,9,6,1,1,33,2,2,0
6,40,12,2004,1,1,8,2,2,1,2,1,1,1,1,1,1,2,10,6,1,1,33,2,2,0
6,40,6,2004,3,1,1,2,2,1,1,1,1,1,1,1,1,2,10,6,1,1,33,2,2,0
6,40,6,2004,1,1,1,2,2,1,1,1,1,1,1,1,1,2,9,6,1,1,33,2,2,1
1,40,1,2004,3,1,1,2,2,1,1,1,1,1,1,1,1,2,8,6,1,1,33,2,2,0
1,40,1,2004,2,1,1,2,2,1,1,1,1,1,1,1,1,2,8,6,1,1,33,2,2,0
1,40,1,2004,1,1,1,2,2,1,4,1,1,1,1,1,1,2,12,6,1,1,33,2,2,3
3,40,1,2004,4,1,1,2,2,1,4,1,1,1,1,3,1,2,14,6,1,1,33,2,2,0
3,40,1,2004,3,1,1,2,2,1,1,1,1,1,1,3,1,2,14,6,1,1,33,2,2,0
6,40,1,2004,4,1,1,2,2,1,4,1,1,1,1,1,1,2,9,6,1,1,33,2,2,0
6,40,1,2004,2,1,1,2,2,1,1,1,1,1,1,1,1,2,9,6,1,1,33,2,2,1
6,40,1,2004,3,1,1,2,2,1,1,1,1,1,1,1,1,2,9,6,1,1,33,2,2,3
1,35,1,2004,1,1,1,2,2,1,4,1,1,1,1,2,1,1,9,6,1,1,33,2,2,0
1,35,1,2004,2,1,1,2,2,1,1,1,1,1,1,2,1,2,9,6,1,1,35,2,2,1
1,35,1,2004,3,1,1,2,2,1,1,1,1,1,1,2,1,2,9,6,1,1,40,2,2,1
2,35,1,2004,3,1,1,2,2,1,1,1,1,1,1,3,1,2,9,6,1,1,40,2,2,0
1,35,2,2004,2,1,1,2,2,1,1,1,1,1,1,1,1,1,9,6,1,1,33,2,2,3
1,35,2,2004,3,1,1,2,2,1,1,1,1,1,1,3,1,2,8,6,1,1,33,2,2,0
1,35,2,2004,2,1,1,2,2,1,1,1,1,1,3,3,1,2,14,6,1,1,33,2,2,0
4,35,2,2004,1,1,1,2,2,1,4,1,1,1,1,1,1,2,9,6,1,1,32,2,2,0
2,35,2,2004,3,1,1,2,2,1,1,1,1,1,1,3,1,2,9,6,1,1,33,2,2,0
1,50,1,2004,4,1,1,2,2,1,2,1,1,1,1,1,1,1,14,6,1,1,33,2,2,0
2,50,1,2004,3,1,1,2,2,1,1,1,1,1,1,1,1,2,6,6,1,1,33,2,2,0
2,50,1,2004,2,1,1,2,2,1,2,1,1,1,1,1,1,2,14,6,1,1,40,2,2,1
5,50,1,2004,3,1,1,2,2,1,1,1,1,1,1,2,1,2,14,6,1,1,33,2,2,0
5,50,1,2004,3,1,1,2,2,1,1,1,1,1,1,2,1,2,9,6,1,1,33,2,2,0
5,50,1,2004,3,1,1,2,2,1,1,1,1,1,1,3,1,2,17,6,1,1,33,2,2,0
6,50,1,2004,2,1,1,2,2,1,1,1,1,1,1,3,1,2,9,6,1,1,33,2,2,1
8,50,1,2004,1,1,1,2,2,1,2,1,1,1,1,3,1,2,9,6,1,1,33,2,2,0
8,50,1,2004,2,1,1,2,2,1,1,1,1,1,1,3,1,2,6,6,1,1,33,2,2,0
5,50,2,2004,2,1,1,2,2,1,1,1,1,1,1,2,1,2,9,6,1,1,33,2,2,0
5,50,2,2004,1,1,1,2,2,1,4,1,1,1,2,2,1,2,14,6,1,1,40,2,2,0
5,50,2,2004,3,1,1,2,2,1,1,1,1,1,1,2,1,2,9,6,1,1,33,2,2,0
8,50,2,2004,3,1,1,2,2,1,1,1,1,1,1,2,1,2,9,6,1,1,33,2,2,0
1,41,1,2004,1,1,1,2,2,1,3,1,1,1,1,1,1,2,14,6,1,1,33,2,2,1
1,41,1,2004,2,1,1,2,2,1,1,1,1,1,1,1,1,2,9,6,1,1,32,2,2,1
3,41,1,2004,1,1,1,2,2,1,4,1,1,1,1,3,1,2,14,6,1,1,33,2,2,0
5,41,1,2004,2,1,1,2,2,1,1,1,1,1,1,2,1,2,9,6,1,1,33,2,2,0
5,41,1,2004,2,1,1,2,2,1,1,1,1,1,1,3,1,2,14,6,1,1,24,2,2,0
5,41,1,2004,1,1,1,2,2,1,2,1,1,1,1,2,1,2,9,6,1,1,33,2,2,0
5,41,1,2004,1,1,1,2,2,1,2,1,1,1,1,1,1,2,14,6,1,1,33,2,2,0
5,41,1,2004,1,1,1,2,2,1,2,1,1,1,1,1,1,2,9,6,1,1,33,2,2,0
1,41,2,2004,3,1,1,2,2,1,1,1,1,1,1,1,1,2,14,6,1,1,33,2,2,0
1,41,2,2004,2,1,1,2,2,1,3,1,1,1,1,1,1,2,9,6,1,1,33,2,2,1
1,41,2,2004,4,1,1,2,2,1,3,1,1,1,1,1,1,2,14,6,1,1,33,2,2,0
5,41,2,2004,4,1,1,2,2,1,4,1,1,1,1,1,1,1,9,6,1,1,33,2,2,0
5,41,2,2004,4,1,1,2,2,1,4,1,1,1,1,1,1,2,9,6,1,1,33,2,2,1
5,41,2,2004,2,1,1,2,2,1,2,1,1,1,1,1,1,1,14,6,1,1,33,2,2,0
5,41,2,2004,2,1,1,2,2,1,2,1,1,1,1,2,1,2,9,6,1,1,33,2,2,0
5,41,2,2004,3,1,1,2,2,1,1,1,1,1,1,1,1,2,9,6,1,1,33,2,2,0
5,41,2,2004,3,1,1,2,2,1,1,1,1,1,1,1,1,2,9,6,1,1,33,2,2,1
3,41,2,2004,3,1,1,2,2,1,1,1,1,1,1,1,1,2,9,6,1,1,33,2,2,0
1,39,2,2004,2,1,1,2,2,1,1,1,1,1,1,2,1,2,12,6,1,1,33,2,2,0
2,39,2,2004,3,1,1,2,2,1,1,1,1,1,1,3,1,2,7,6,1,1,25,2,2,0
2,39,2,2004,3,1,1,2,2,1,1,1,1,1,1,3,1,2,13,6,1,1,30,2,2,0
2,43,1,2004,3,1,1,2,2,1,1,1,1,1,1,1,1,2,9,6,1,1,33,2,2,1
2,43,1,2004,3,1,1,2,2,1,1,1,1,1,1,1,1,2,14,6,1,1,33,2,2,0
2,43,1,2004,3,1,1,2,2,1,1,1,1,1,1,1,1,2,9,6,1,1,40,2,2,0
3,43,1,2004,3,1,1,2,2,1,1,1,1,1,1,3,1,2,8,6,1,1,33,2,2,0
5,43,1,2004,4,1,1,2,2,1,4,1,1,1,1,1,1,2,14,6,1,1,33,2,2,0
2,43,2,2004,2,1,1,2,2,1,1,1,1,1,1,1,1,2,9,6,1,1,33,2,2,0
2,43,2,2004,2,1,1,2,2,1,1,1,1,1,1,1,1,2,9,6,1,1,33,2,2,0
2,43,2,2004,2,1,1,2,2,1,2,1,1,1,1,1,1,2,9,6,1,1,33,2,2,0
3,43,2,2004,3,1,1,2,2,1,1,1,1,1,1,3,1,2,8,6,1,1,33,2,2,0
3,43,2,2004,2,1,1,2,2,1,1,1,1,1,1,3,1,2,8,6,1,1,40,2,2,0
5,43,2,2004,4,1,1,2,1,2,2,1,1,1,1,1,1,2,8,6,1,1,33,2,2,1
5,43,2,2004,2,1,1,2,2,1,1,1,1,1,1,3,1,2,6,6,1,1,33,2,2,0
5,43,2,2004,3,1,1,2,2,1,1,1,1,1,1,1,1,2,7,6,1,1,33,2,2,0
6,51,1,2004,2,1,1,2,2,1,1,1,1,1,1,3,1,2,17,6,1,1,30,2,2,0
8,51,1,2004,2,1,1,2,2,1,1,1,1,1,1,3,1,2,17,6,1,1,33,2,2,0
9,51,1,2004,1,1,1,2,2,1,2,1,1,1,1,2,1,2,9,6,1,1,33,2,2,0
1,51,2,2004,3,1,1,2,2,1,1,1,1,1,1,2,1,2,4,6,1,1,33,2,2,0
1,51,2,2004,3,1,1,2,2,1,1,1,1,1,1,3,1,2,9,6,1,1,33,2,2,0
1,51,2,2004,4,1,1,2,2,1,3,1,1,1,1,2,1,2,9,6,1,1,33,2,2,3
12,51,2,2004,3,1,1,2,2,1,1,1,1,1,1,3,1,2,14,6,1,1,33,2,2,0
12,51,2,2004,3,1,1,2,2,1,2,1,1,1,1,3,1,2,9,6,1,1,33,2,2,0
2,38,1,2004,2,1,1,2,2,1,1,1,1,1,1,3,1,2,13,6,1,1,33,2,2,0
3,38,1,2004,2,1,1,2,2,1,2,1,1,1,1,3,1,2,8,6,1,1,33,2,2,0
5,38,1,2004,3,1,1,2,2,1,1,1,1,1,1,3,1,2,4,6,1,1,33,2,2,0
9,38,2,2004,4,1,1,2,2,1,2,1,1,1,1,3,1,2,6,6,1,1,33,2,2,0
1,38,3,2004,2,1,1,2,2,1,1,1,1,1,1,1,1,2,13,6,1,1,33,2,2,0
1,38,3,2004,2,1,1,2,2,1,1,1,1,1,1,3,1,2,14,6,1,1,33,2,2,0
1,38,3,2004,3,1,1,2,2,1,1,1,1,1,1,1,1,2,9,6,1,1,38,2,2,2
6,38,3,2004,2,1,1,2,2,1,1,1,1,1,1,1,1,2,9,6,1,1,33,2,2,1
1,38,4,2004,4,1,1,2,2,1,2,1,1,1,1,3,1,2,13,6,1,1,33,2,2,1
1,38,4,2004,1,1,1,2,2,1,2,1,1,1,1,1,1,2,9,6,1,1,33,2,2,0
1,38,4,2004,3,1,1,2,2,1,1,1,1,1,1,1,1,2,9,6,1,1,45,2,2,0
4,38,4,2004,2,1,1,2,2,1,1,1,1,1,1,3,1,2,9,6,1,1,33,2,2,0
9,38,4,2004,4,1,1,2,2,1,4,1,1,1,1,3,1,2,14,6,1,1,33,2,2,1
1,51,3,2004,2,1,1,2,2,1,1,1,1,1,1,2,1,2,9,6,1,1,33,2,2,0
4,51,3,2004,2,1,1,2,2,1,1,1,1,1,1,2,1,2,4,6,1,1,25,2,2,0
6,51,3,2004,2,1,1,2,2,1,1,1,1,1,1,3,1,2,9,6,1,1,33,2,2,0
8,51,3,2004,2,1,1,2,2,1,1,1,1,1,1,2,1,2,12,6,1,1,33,2,2,1
8,51,2,2004,4,1,1,2,2,1,2,1,1,1,1,3,1,2,1,6,1,1,33,2,2,1
3,51,4,2004,3,1,1,2,2,1,1,1,1,1,1,2,1,2,7,6,1,1,33,2,2,0
4,51,4,2004,2,1,1,2,2,1,1,1,1,1,1,1,1,2,17,6,1,1,33,2,2,0
8,51,4,2004,3,1,1,2,2,1,1,1,1,1,1,3,1,2,14,6,1,1,33,2,2,0
8,51,4,2004,2,1,1,2,2,1,1,1,1,1,1,3,1,2,6,6,1,1,33,2,2,0
8,51,4,2004,3,1,1,2,2,1,1,1,1,1,1,3,1,2,6,6,1,1,33,2,2,0
13,51,4,2004,3,1,1,2,2,1,1,1,1,1,1,3,1,2,6,6,1,1,33,2,2,0
1,41,3,2004,3,1,1,2,2,1,1,1,1,1,1,3,1,2,14,6,1,1,32,2,2,0
1,41,3,2004,2,1,1,2,2,1,1,1,1,1,1,1,1,2,9,6,1,1,33,2,2,0
1,41,3,2004,2,1,1,2,2,1,1,1,1,1,1,1,1,2,14,6,1,1,33,2,2,0
4,41,3,2004,3,1,1,2,2,1,1,1,1,1,1,3,1,2,4,6,1,1,33,2,2,1
5,41,3,2004,2,1,1,2,2,1,2,1,1,1,1,1,1,2,8,6,1,1,33,2,2,0
5,41,3,2004,4,1,1,2,2,1,2,1,1,1,1,1,1,2,7,6,1,1,33,2,2,2
5,41,3,2004,2,1,1,2,2,1,1,1,1,1,1,1,1,2,9,6,1,1,33,2,2,0
1,50,3,2004,3,1,1,2,2,1,1,1,1,1,1,1,1,1,14,6,1,1,33,2,2,0
1,50,3,2004,1,1,1,2,2,1,2,1,1,1,1,1,1,2,19,6,1,1,35,2,2,1
1,50,3,2004,3,1,1,2,2,1,1,1,1,1,1,1,1,2,9,6,1,1,33,2,2,0
1,50,3,2004,3,1,1,2,2,1,1,1,1,1,1,1,1,2,8,6,1,1,33,2,2,0
5,50,3,2004,2,1,1,2,2,1,1,1,1,1,1,3,1,2,14,6,1,1,33,2,2,0
5,50,3,2004,3,1,1,2,2,1,1,1,1,1,1,2,1,2,7,6,1,1,33,2,2,1
13,50,3,2004,3,1,1,2,2,1,1,1,1,1,1,3,1,2,9,6,1,1,33,2,2,0
1,50,4,2004,4,1,1,2,2,1,2,1,1,1,1,1,1,2,4,6,1,1,33,2,2,1
2,50,4,2004,2,1,1,2,2,1,1,1,1,1,1,1,1,2,9,6,1,1,33,2,2,0
4,50,4,2004,2,1,1,2,2,1,1,1,1,1,1,2,1,2,9,6,1,1,35,2,2,0
9,50,4,2004,4,1,1,2,2,1,2,1,1,1,2,2,1,2,9,6,1,1,33,2,2,0
12,50,5,2004,3,1,1,2,2,1,1,1,1,1,1,1,1,2,7,6,1,1,33,2,2,0
2,50,5,2004,3,1,1,2,2,1,2,1,1,1,1,3,1,2,14,6,1,1,28,2,2,0
9,50,5,2004,4,1,1,2,2,1,1,1,1,1,1,2,1,2,9,6,1,1,33,2,2,0
11,50,5,2004,2,1,1,2,2,1,1,1,1,1,1,2,1,2,9,6,1,1,33,2,2,0
11,50,5,2004,3,1,1,2,2,1,1,1,1,1,1,2,1,2,14,6,1,1,34,2,2,0
11,50,5,2004,3,1,1,2,2,1,1,1,1,1,1,2,1,2,9,6,1,1,33,2,2,0
11,50,5,2004,2,1,1,2,2,1,1,1,1,1,1,2,1,2,9,6,1,1,33,2,2,0
12,50,5,2004,2,1,1,2,2,1,1,1,1,1,1,2,1,2,12,6,1,1,33,2,2,0
12,50,5,2004,3,1,1,2,2,1,1,1,1,1,1,1,1,2,9,6,1,1,33,2,2,0
12,50,5,2004,3,1,1,2,2,1,1,1,1,1,1,1,1,2,9,6,1,1,24,2,2,0
12,50,5,2004,3,1,1,2,2,1,1,1,1,1,1,1,1,2,12,6,1,1,33,2,2,1
12,50,5,2004,4,1,1,2,2,1,2,1,1,1,1,1,1,2,9,6,1,1,33,2,2,0
12,50,5,2004,2,1,1,2,2,1,1,1,1,1,1,3,1,2,9,6,1,1,33,2,2,0
12,50,5,2004,3,1,1,2,2,1,1,1,1,1,1,1,1,2,9,6,1,1,33,2,2,0
12,50,5,2004,3,1,1,2,2,1,1,1,1,1,1,1,1,2,10,6,1,1,35,2,2,0
2,50,6,2004,4,1,1,2,2,1,2,1,1,1,1,1,1,2,9,6,1,1,35,2,2,0
4,50,6,2004,2,1,1,2,2,1,1,1,1,1,1,3,1,2,9,6,1,1,33,2,2,0
5,50,6,2004,4,1,1,2,2,1,4,1,1,1,1,2,1,2,14,6,1,1,33,2,2,0
8,50,6,2004,3,1,1,2,2,1,1,1,1,1,1,2,1,2,8,6,1,1,33,2,2,1
8,50,6,2004,4,1,1,2,2,1,2,1,1,1,1,2,1,2,9,6,1,1,33,2,2,0
11,50,6,2004,4,1,1,2,2,1,4,1,1,1,1,2,1,2,14,6,1,1,33,2,2,0
11,50,6,2004,2,1,1,2,2,1,1,1,1,1,1,2,1,2,9,6,1,1,33,2,2,0
12,50,6,2004,3,1,1,2,2,1,1,1,1,1,1,1,1,2,8,6,1,1,33,2,2,1
13,50,6,2004,4,1,1,2,2,1,4,1,1,1,1,3,1,2,9,6,1,1,33,2,2,0
13,50,6,2004,3,1,1,2,2,1,1,1,1,1,1,2,1,2,9,6,1,1,33,2,2,0
1,51,5,2004,4,1,1,2,2,1,2,1,1,1,1,2,1,2,9,6,1,1,33,2,2,0
6,51,5,2004,3,1,1,2,2,1,1,1,1,1,1,3,1,2,6,6,1,1,33,2,2,0
12,51,5,2004,2,1,1,2,2,1,1,1,1,1,1,3,1,2,19,6,1,1,33,2,2,0
1,51,6,2004,4,1,1,2,2,1,4,1,1,1,1,2,1,2,9,6,1,1,33,2,2,0
4,51,6,2004,3,2,1,2,2,1,1,1,1,1,1,2,1,2,9,6,1,1,33,2,2,0
8,51,6,2004,4,1,1,2,2,1,2,1,1,1,1,3,1,2,9,6,1,1,33,2,2,0
8,51,6,2004,1,1,1,2,2,1,1,1,1,1,1,2,1,2,14,6,1,1,33,2,2,1
12,51,6,2004,3,1,1,2,2,1,1,1,1,1,1,3,1,2,17,6,1,1,33,2,2,0
5,50,7,2004,3,1,1,2,2,1,1,1,1,1,1,1,1,2,14,6,1,1,33,2,2,0
9,50,7,2004,3,1,1,2,2,1,1,1,1,1,1,2,1,2,9,6,1,1,45,2,2,1
11,50,7,2004,2,1,1,2,2,1,1,1,1,1,1,2,1,2,9,6,1,1,33,2,2,0
11,50,7,2004,2,1,1,2,2,1,1,1,1,1,1,3,1,2,9,6,1,1,33,2,2,0
12,50,7,2004,2,1,1,2,2,1,1,1,1,1,1,1,1,2,14,6,1,1,33,2,2,0
13,50,7,2004,3,1,1,2,2,1,1,1,1,1,2,1,1,2,14,6,1,1,33,2,2,0
5,50,8,2004,4,1,1,2,2,1,4,1,1,1,1,2,1,2,8,6,1,1,33,2,2,1
5,50,8,2004,4,1,1,2,2,1,4,1,1,1,1,2,1,2,9,6,1,1,33,2,2,0
12,50,8,2004,2,1,1,2,2,1,1,1,1,1,1,1,1,2,14,6,1,1,33,2,2,0
13,50,8,2004,3,1,1,2,2,1,1,1,1,1,2,2,1,2,9,6,1,1,33,2,2,0
1,50,9,2004,3,1,1,2,2,1,1,1,1,1,1,1,1,2,9,6,1,1,33,2,2,0
2,50,9,2004,2,1,1,2,2,1,1,1,1,1,1,1,1,1,9,6,1,1,43,2,2,0
9,50,9,2004,2,1,1,2,2,1,1,1,1,1,1,3,1,2,14,6,1,1,33,2,2,0
12,50,9,2004,3,1,1,2,2,1,1,1,1,1,1,1,1,2,9,6,1,1,33,2,2,0
13,50,9,2004,3,1,1,2,2,1,1,1,1,1,1,2,1,2,9,6,1,1,33,2,2,1
1,49,1,2004,4,1,1,2,2,1,2,1,1,1,1,3,1,2,9,6,1,1,33,2,2,0
5,49,1,2004,3,1,1,2,2,1,1,1,1,1,1,3,1,2,6,6,1,1,33,2,2,0
1,49,2,2004,3,1,1,2,2,1,1,1,1,1,1,2,1,2,9,6,1,1,33,2,2,0
1,49,2,2004,3,1,1,2,2,1,1,1,1,1,1,2,1,2,14,6,1,1,33,2,2,0
1,35,3,2004,2,1,1,2,2,1,1,1,1,1,1,2,1,2,9,6,1,1,34,2,2,0
1,35,3,2004,3,1,1,2,2,1,1,1,1,1,1,2,1,2,9,6,1,1,35,2,2,0
6,35,3,2004,2,1,1,2,2,1,1,1,1,1,1,3,1,2,9,6,1,1,33,2,2,1
4,35,3,2004,2,1,1,2,2,1,4,1,1,1,1,1,1,2,4,6,1,1,33,2,2,0
4,35,3,2004,3,1,1,2,2,1,1,1,1,1,1,3,1,2,14,6,1,1,33,2,2,1
1,35,4,2004,2,1,1,1,2,2,4,1,1,1,1,3,1,2,14,6,1,1,33,2,2,0
2,35,4,2004,2,1,1,2,2,1,1,1,1,1,1,2,1,2,8,6,1,1,33,2,2,0
5,35,4,2004,4,1,1,2,2,1,2,1,1,1,1,3,1,2,9,6,1,1,33,2,2,0
3,44,1,2004,2,1,1,2,2,1,1,1,1,1,1,3,1,2,14,6,1,1,33,2,2,3
5,44,1,2004,2,1,1,2,2,1,1,1,1,1,1,1,1,2,14,6,1,1,33,2,2,0
6,44,1,2004,2,1,1,2,2,1,1,1,1,1,1,1,1,2,9,6,1,1,33,2,2,2
7,44,1,2004,4,1,1,2,2,1,3,1,1,1,1,1,1,2,14,6,1,1,40,2,2,0
7,44,1,2004,3,1,1,2,2,1,1,1,1,1,1,1,1,2,9,6,1,1,33,2,2,0
7,44,1,2004,4,1,1,2,2,1,2,1,1,1,1,1,1,2,14,6,1,1,33,2,2,1
2,44,3,2004,3,1,1,2,2,1,1,1,1,1,1,1,1,2,9,6,1,1,33,2,2,1
3,44,3,2004,4,1,1,2,2,1,4,1,1,1,1,1,1,2,14,6,1,1,33,2,2,1
5,44,3,2004,3,1,1,2,2,1,1,1,1,1,1,1,1,2,14,6,1,1,33,2,2,0
6,44,3,2004,2,1,1,2,2,1,1,1,1,1,1,1,1,2,10,6,1,1,33,2,2,1
6,44,3,2004,2,1,1,2,2,1,1,1,1,1,1,3,1,2,9,6,1,1,33,2,2,0
6,44,3,2004,2,1,1,2,2,1,1,1,1,1,1,1,1,2,9,6,1,1,33,2,2,0
7,44,3,2004,1,1,1,2,2,1,1,1,1,1,1,3,1,2,13,6,1,1,33,2,2,0
4,49,3,2004,3,1,1,2,2,1,1,1,1,1,1,2,1,2,9,6,1,1,33,2,2,0
4,44,4,2004,3,1,1,2,2,1,1,1,1,1,1,2,1,2,9,6,1,1,33,2,2,3
5,44,4,2004,2,1,1,2,2,1,1,1,1,1,1,1,1,2,7,6,1,1,33,2,2,0
5,44,4,2004,4,1,1,2,2,1,4,1,1,1,1,1,1,2,14,6,1,1,33,2,2,0
5,44,4,2004,2,1,1,2,2,1,1,1,1,1,1,3,1,2,10,6,1,1,33,2,2,0
5,44,4,2004,1,1,1,2,2,1,4,1,1,1,1,1,1,2,14,6,1,1,33,2,2,0
6,44,4,2004,4,1,1,2,2,1,3,1,1,1,1,1,1,2,15,6,1,1,33,2,2,0
6,44,4,2004,2,1,1,2,2,1,1,1,1,1,1,1,1,2,8,6,1,1,33,2,2,1
6,44,4,2004,3,1,1,2,2,1,1,1,1,1,1,1,1,2,19,6,1,1,33,2,2,1
7,44,4,2004,2,1,1,2,2,1,1,1,1,1,1,1,1,2,8,6,1,1,33,2,2,1
9,50,10,2004,3,1,1,2,2,1,1,1,1,1,2,2,1,2,9,6,1,1,33,2,2,0
11,50,10,2004,3,1,1,2,2,1,2,1,1,1,1,2,1,2,9,6,1,1,33,2,2,0
12,50,10,2004,1,3,3,2,2,1,1,1,1,1,1,1,1,2,12,6,1,1,33,2,2,0
1,50,11,2004,2,1,1,2,2,1,2,1,1,1,1,1,1,2,9,6,1,1,33,2,2,0
1,50,11,2004,4,1,1,2,2,1,4,1,1,1,1,1,1,2,9,6,1,1,33,2,2,0
2,50,11,2004,3,1,1,2,2,1,1,1,1,1,1,1,1,2,9,6,1,1,33,2,2,0
5,50,11,2004,3,1,1,2,2,1,1,1,1,1,1,1,1,2,8,6,1,1,33,2,2,0
8,50,11,2004,4,1,1,2,2,1,2,1,1,1,1,2,1,2,9,6,1,1,33,2,2,0
11,50,11,2004,3,1,1,2,2,1,1,1,1,1,1,2,1,2,9,6,1,1,33,2,2,0
12,50,11,2004,3,1,1,2,2,1,1,1,1,1,1,1,1,2,9,6,1,1,33,2,2,0
5,41,3,2004,4,1,1,2,2,1,4,1,1,1,1,1,1,2,9,6,1,1,33,2,2,0
4,41,4,2004,2,3,1,2,2,1,1,2,1,1,1,3,1,2,8,1,1,1,29,2,2,0
1,41,5,2004,1,1,1,2,2,1,3,1,1,1,1,1,1,2,10,6,1,1,33,2,2,0
1,41,4,2004,2,1,1,2,2,1,1,1,1,1,1,1,1,2,13,6,1,1,33,2,2,0
3,41,5,2004,2,1,1,2,2,1,1,1,1,1,1,4,1,2,9,11,1,1,33,2,2,0
2,41,6,2004,2,1,1,2,2,1,2,1,1,1,1,4,1,2,4,6,1,1,33,2,2,0
1,41,7,2004,3,3,1,2,2,1,1,1,1,1,1,1,1,2,8,6,1,1,33,2,2,2