Thana,District,Month,Year,Time,Junction_Type,Traffic_Control,Movement,Divider,Weather,Light,Road_Geometry,Surface_Condition,Surface_Type,Surface_Quality,Road_Class,Road_Feature,Location_Type,Vehicle_Type,Vehicle_Movement,Vehicle_Loading,Vehicle_Defect,Vehicle_Driver_Age,Vehicle_Alcohol,Vehicle_Seat_Belt,Accident_Severity
5,41,7,2004,2,1,1,2,2,1,1,1,1,1,1,1,1,2,9,6,1,1,33,2,2,0
3,41,7,2004,2,1,1,2,2,1,1,1,1,1,1,1,1,2,9,6,1,1,33,2,2,0
3,41,7,2004,2,1,1,2,2,1,1,1,1,1,1,3,1,2,9,6,1,1,33,2,2,0
3,41,8,2004,3,1,1,2,2,1,1,1,1,1,1,1,1,2,7,6,1,1,33,2,2,1
5,41,8,2004,1,1,1,2,2,1,4,1,1,1,1,1,1,2,14,6,1,1,33,2,2,0
5,41,9,2004,4,1,1,2,2,1,4,1,1,1,1,1,1,2,14,5,1,1,33,2,2,0
5,41,9,2004,2,1,1,2,2,1,1,1,1,1,1,1,1,2,9,6,1,1,33,2,2,0
5,41,9,2004,2,1,1,2,2,1,1,1,1,1,1,1,1,1,10,6,1,1,35,2,2,0
5,41,9,2004,2,3,1,2,2,1,1,1,1,1,1,1,1,1,10,6,1,1,33,2,2,0
3,41,9,2004,3,1,1,2,2,1,1,1,1,1,1,2,1,2,9,6,1,1,33,2,2,0
5,41,10,2004,2,3,1,2,2,1,2,4,5,2,2,2,1,2,13,2,1,1,33,2,2,0
5,41,10,2004,2,1,1,2,2,1,2,1,1,1,1,1,1,1,14,6,1,1,33,2,2,0
5,41,10,2004,3,1,1,2,2,1,1,1,1,1,1,1,1,2,9,6,1,1,33,2,2,0
5,41,10,2004,4,1,1,2,1,1,2,1,1,1,1,1,2,1,9,6,1,1,33,2,2,0
6,44,2,2004,2,1,1,2,2,1,1,1,1,1,1,1,1,2,9,6,1,1,33,2,2,0
3,44,2,2004,1,1,1,2,2,1,1,1,1,1,1,1,1,2,9,6,1,1,33,2,2,0
3,44,2,2004,1,1,1,2,2,1,1,1,1,1,1,1,1,2,14,6,1,1,33,2,2,0
6,44,2,2004,2,1,1,2,2,1,1,1,1,1,1,1,1,2,14,6,1,1,33,2,2,1
7,44,2,2004,3,1,1,2,2,1,1,1,1,1,1,1,1,2,9,6,1,1,33,2,2,0
6,44,2,2004,3,1,1,2,2,1,1,1,1,1,1,1,1,2,9,6,1,1,33,2,2,0
4,44,2,2004,3,1,1,2,2,1,1,1,1,1,1,3,1,2,14,6,1,1,33,2,2,0
5,44,2,2004,2,1,1,2,2,1,2,1,1,1,1,1,1,2,14,6,1,1,33,2,2,0
3,44,2,2004,2,1,1,2,2,1,1,1,1,1,1,3,1,2,10,6,1,1,33,2,2,1
1,43,3,2004,2,1,1,2,2,1,1,1,1,1,1,3,1,2,13,6,1,1,33,2,2,0
1,46,1,2004,2,1,1,2,2,1,1,1,1,1,1,2,1,1,14,6,1,1,40,2,2,0
2,46,2,2004,2,1,1,2,2,1,1,1,1,1,1,1,1,2,9,6,1,1,32,2,2,0
1,46,3,2004,2,1,1,2,2,1,1,1,1,1,1,1,1,2,10,6,1,1,33,2,2,0
1,46,3,2004,2,1,1,2,2,1,1,1,1,1,1,1,1,1,19,6,1,1,33,2,2,0
1,46,3,2004,4,1,1,2,2,1,4,1,1,1,1,1,1,1,10,6,1,1,33,2,2,0
5,46,3,2004,3,1,1,2,2,1,1,1,1,1,1,1,1,2,9,6,1,1,33,2,2,0
6,46,3,2004,3,1,1,2,2,1,1,1,1,1,1,1,1,2,14,6,1,1,30,2,2,0
1,46,4,2004,3,1,1,2,2,1,1,1,1,1,1,1,1,2,19,6,1,1,33,2,2,0
1,46,4,2004,3,1,1,2,2,1,1,1,1,1,1,1,1,2,7,6,1,1,33,2,2,0
2,46,4,2004,4,1,1,2,2,1,2,1,1,1,1,1,1,1,9,6,1,1,33,2,2,0
1,46,3,2004,2,1,1,2,2,1,4,1,1,1,1,1,1,2,9,6,1,1,33,2,2,0
1,46,3,2004,3,1,1,2,2,1,1,1,1,1,1,1,1,2,9,6,1,1,33,2,2,1
1,46,4,2004,4,1,1,2,2,1,3,1,1,1,1,1,1,2,9,6,1,1,33,2,2,0
1,46,4,2004,2,1,1,2,2,1,1,1,1,1,1,1,1,2,9,6,1,1,33,2,2,0
1,46,4,2004,3,1,1,2,2,1,1,1,1,1,1,1,1,2,6,6,1,1,35,2,2,0
5,46,4,2004,3,1,1,2,2,1,1,1,1,1,1,1,1,2,9,6,1,1,33,2,2,0
5,46,4,2004,1,1,1,2,2,1,2,1,1,1,1,4,1,2,9,6,1,2,33,2,2,0
5,46,5,2004,4,1,1,1,1,1,2,1,1,1,1,1,1,2,7,6,1,1,33,2,2,0
1,46,5,2004,3,1,1,2,2,1,1,1,1,1,1,3,1,2,12,6,1,1,35,2,2,0
16,46,12,2004,1,1,1,2,2,1,1,1,1,1,1,4,1,2,9,6,1,1,33,2,2,0
6,46,12,2004,5,1,1,2,2,1,2,1,1,1,1,1,1,2,9,6,1,1,33,2,2,0
4,46,12,2004,3,1,1,2,2,1,1,1,1,1,1,4,1,2,14,6,1,1,33,2,2,0
2,43,3,2004,3,1,1,2,2,1,1,1,1,1,1,1,1,2,9,6,1,1,33,2,2,0
4,43,3,2004,3,1,1,2,2,1,1,1,1,1,1,1,1,2,7,6,1,1,33,2,2,0
5,43,3,2004,4,1,1,2,2,1,4,1,1,1,1,1,1,2,9,6,1,1,33,2,2,0
5,43,3,2004,3,2,3,2,2,1,1,1,1,1,1,1,1,2,9,6,1,1,33,2,2,0
6,43,3,2004,2,1,1,2,2,1,1,1,1,3,1,4,1,2,19,6,1,1,33,2,2,0
1,43,4,2004,3,1,1,2,2,1,1,1,1,2,2,2,1,2,14,6,1,1,33,2,2,0
1,43,4,2004,4,1,1,2,2,1,4,1,1,1,1,4,1,2,4,6,1,1,33,2,2,1
2,43,10,2004,3,7,1,2,2,1,1,1,1,1,1,1,1,2,7,6,1,1,33,2,2,1
3,43,11,2004,2,1,1,2,2,1,1,1,1,1,1,1,2,2,14,9,1,1,33,2,2,0
4,43,10,2004,3,1,1,2,2,1,1,1,1,1,1,1,1,2,9,6,1,1,33,2,2,0
2,43,12,2004,2,1,1,2,2,1,1,1,1,1,1,1,1,2,10,6,1,1,33,2,2,1
2,43,12,2004,2,1,1,2,2,1,1,1,1,1,1,1,1,2,9,6,1,1,33,2,2,1
5,43,12,2004,3,1,1,2,2,1,1,1,1,1,1,1,1,2,9,6,1,1,33,2,2,0
6,52,2,2004,4,1,1,2,2,1,2,1,1,1,1,3,1,2,4,6,1,1,1,2,2,0
6,52,2,2004,2,1,1,2,2,1,1,1,1,1,1,3,1,2,6,6,1,1,33,2,2,0
10,52,2,2004,2,1,1,2,2,1,1,1,1,1,1,2,1,2,9,6,1,1,33,2,2,0
1,52,4,2004,2,1,1,2,2,1,1,1,1,1,1,2,1,2,6,6,1,1,33,2,2,0
5,52,4,2004,2,1,1,2,2,2,2,2,2,1,2,3,1,2,17,11,1,3,33,2,2,0
5,52,5,2004,1,1,1,2,2,1,1,2,1,1,1,2,1,2,19,6,1,7,33,2,2,0
3,52,5,2004,2,1,1,2,2,2,1,1,2,1,1,2,1,2,8,11,1,1,33,2,2,0
5,52,6,2004,3,1,1,2,2,1,1,1,1,1,1,2,1,2,8,11,1,1,33,2,2,0
1,52,7,2004,1,1,1,2,2,1,1,1,1,1,1,3,1,2,8,6,1,1,33,2,2,0
9,52,8,2004,1,1,1,2,2,1,1,1,1,1,1,3,1,2,9,6,1,1,33,2,2,1
5,52,10,2004,1,1,1,2,2,1,1,1,1,1,1,4,1,2,19,6,1,1,33,2,2,0
6,52,11,2004,2,1,1,2,2,1,1,1,1,1,1,2,1,2,19,6,1,1,33,2,2,0
6,52,11,2004,5,1,1,2,2,1,1,1,1,1,1,2,1,2,4,6,1,1,33,2,2,0
2,35,6,2004,3,1,1,2,2,2,1,1,3,1,3,2,1,2,14,6,1,1,33,2,2,0
3,46,1,2004,3,3,1,2,2,1,1,1,1,1,1,3,1,2,14,6,1,1,33,2,2,0
2,43,11,2004,1,1,1,2,2,1,4,1,1,1,1,1,2,2,13,6,1,1,33,2,2,0
2,43,11,2004,3,1,1,2,2,1,1,1,1,1,1,1,1,2,11,6,1,1,33,2,2,0
2,43,11,2004,2,1,1,2,2,1,1,1,1,1,1,1,1,2,9,6,1,1,33,2,2,0
2,43,11,2004,3,1,1,2,2,1,1,3,1,1,1,1,1,2,9,6,1,1,35,2,2,0
2,43,11,2004,3,3,1,2,2,1,1,3,1,1,1,1,1,2,8,6,1,1,30,2,2,0
1,43,11,2004,1,1,1,2,2,1,1,1,1,1,1,3,1,2,8,6,1,1,24,2,2,0
3,43,11,2004,2,1,1,2,2,1,1,1,1,1,1,2,2,2,18,6,1,1,33,2,2,0
1,39,5,2004,4,3,1,2,2,1,4,1,1,1,1,2,1,2,14,6,1,1,33,2,2,0
3,39,6,2004,5,1,1,2,2,1,4,1,1,1,1,1,1,2,10,6,1,1,33,1,2,0
1,39,6,2004,4,1,1,2,2,1,4,1,1,1,1,1,1,2,10,6,1,1,33,2,2,0
3,39,7,2004,3,1,1,2,2,1,1,1,1,1,1,1,1,2,7,6,1,1,33,2,2,0
3,39,7,2004,3,1,1,2,2,1,1,1,1,1,1,1,1,2,9,6,1,1,33,2,2,0
1,39,8,2004,3,1,1,2,2,1,1,1,1,1,1,2,1,2,14,6,1,1,33,2,2,0
1,39,10,2004,2,1,1,2,2,1,1,1,1,1,1,1,1,2,9,5,1,1,33,2,2,0
1,39,10,2004,2,1,1,2,2,1,1,1,1,1,1,3,1,2,14,6,1,1,33,2,2,0
1,39,10,2004,2,1,1,2,2,1,1,1,1,1,1,1,1,2,14,6,1,1,28,2,2,0
1,39,11,2004,2,1,1,2,2,1,1,1,1,1,1,3,1,2,6,6,1,1,33,2,2,0
1,39,11,2004,2,1,1,2,2,1,1,1,1,1,1,3,1,2,4,6,1,1,33,2,2,0
1,35,7,2004,3,4,1,2,2,2,1,2,2,1,1,2,3,2,14,2,1,1,33,2,2,0
4,35,7,2004,2,1,1,2,2,1,1,1,1,1,1,1,1,2,9,6,1,1,33,2,2,0
2,35,7,2004,3,1,1,2,2,1,1,1,1,1,1,1,1,2,8,6,1,1,25,2,2,0
5,35,7,2004,3,1,1,2,2,1,1,1,1,1,1,2,1,2,14,6,1,1,33,2,2,0
2,35,8,2004,2,1,1,2,2,1,1,1,1,1,1,1,1,2,14,6,1,1,33,2,2,0
2,35,10,2004,3,1,1,2,2,1,1,1,1,1,1,1,1,2,14,6,1,1,33,2,2,0
2,35,11,2004,2,1,1,2,2,4,2,2,1,1,1,4,1,2,4,6,1,1,33,2,2,0
2,35,11,2004,3,1,1,2,2,1,2,1,1,1,1,1,1,1,10,6,1,1,33,2,2,1
4,44,5,2004,2,1,1,2,2,1,1,1,1,1,1,2,1,2,8,2,1,1,35,2,2,0
4,44,5,2004,3,1,1,2,2,1,1,1,1,1,1,1,1,1,8,6,1,1,32,2,2,0
3,44,5,2004,1,1,1,2,2,1,1,1,1,1,1,1,1,2,9,6,1,1,33,2,2,0
3,44,5,2004,2,1,1,2,2,1,1,1,1,1,1,1,1,2,14,6,1,1,30,2,2,0
6,44,5,2004,2,1,1,2,2,1,2,1,1,1,1,3,1,2,14,6,1,1,33,1,0,1
6,44,5,2004,1,3,1,1,1,1,4,1,1,1,1,1,1,2,14,6,1,1,33,2,2,1
6,44,5,2004,1,1,1,2,2,1,1,1,1,1,1,1,1,2,14,6,1,1,33,2,2,0
6,44,5,2004,1,1,1,2,2,1,1,1,1,1,1,1,1,2,6,6,1,1,33,2,2,0
6,44,5,2004,1,1,1,2,2,1,1,1,1,1,1,1,1,2,19,6,1,1,33,2,2,0
7,44,5,2004,2,1,1,2,2,1,1,1,1,1,1,1,1,2,9,1,1,1,33,2,2,0
7,44,5,2004,1,1,1,2,2,1,3,1,1,1,1,1,1,2,7,6,1,1,33,2,2,0
5,44,5,2004,4,1,1,2,2,1,4,1,1,1,1,1,1,2,9,6,1,1,33,2,2,0
1,38,5,2004,3,1,1,2,2,1,1,1,1,1,1,1,1,2,10,9,1,1,33,2,2,1
1,38,5,2004,2,1,1,2,2,1,1,1,1,1,1,1,1,2,7,6,1,1,33,2,2,1
6,38,5,2004,2,1,1,2,2,1,1,1,1,1,1,1,1,2,9,6,1,1,33,2,2,0
6,38,5,2004,1,1,1,2,2,1,1,1,1,1,1,1,1,2,9,6,1,1,33,2,2,3
3,34,5,2004,2,7,1,2,2,1,1,1,1,1,1,1,1,2,10,6,1,1,33,2,2,0
3,38,5,2004,2,1,1,2,2,1,1,1,1,1,1,1,1,2,10,6,1,1,33,2,2,0
3,38,6,2004,1,1,1,2,2,1,2,1,1,1,1,1,1,2,13,6,1,1,33,2,2,0
1,38,6,2004,1,1,1,2,2,1,2,1,1,1,1,1,1,2,10,6,1,1,33,2,2,0
1,38,6,2004,2,1,1,2,2,1,1,1,1,1,1,1,1,2,9,6,1,1,33,2,2,0
6,38,6,2004,3,1,1,2,2,1,1,1,1,1,1,1,1,2,9,6,1,1,33,2,2,0
3,38,7,2004,4,1,1,2,2,1,2,1,1,1,1,1,1,2,9,6,1,1,33,2,2,0
6,38,7,2004,3,1,1,2,2,1,1,1,1,1,1,1,1,2,14,6,1,1,45,2,2,0
3,38,7,2004,2,1,1,2,2,1,1,1,1,1,1,1,1,2,9,6,1,1,33,2,2,0
9,38,8,2004,3,1,1,2,2,1,1,1,1,1,1,3,1,2,14,6,1,1,33,2,2,0
7,38,8,2004,3,1,1,2,2,1,1,1,1,1,1,1,1,2,9,6,1,1,40,2,2,0
6,38,8,2004,2,1,1,2,2,1,1,1,1,1,1,1,1,2,13,6,1,1,33,2,2,0
3,38,8,2004,2,1,1,2,2,1,1,1,1,1,1,1,1,2,11,6,1,1,30,2,2,0
7,38,8,2004,3,1,1,2,2,1,1,1,1,1,1,1,1,2,11,6,1,1,33,2,2,0
3,38,9,2004,3,1,1,2,2,1,1,1,1,1,1,1,1,2,9,6,1,1,33,2,2,0
7,38,9,2004,4,1,1,2,2,1,1,1,1,1,1,1,1,2,10,6,1,1,33,2,2,0
3,38,8,2004,3,1,1,2,2,1,1,1,1,1,1,1,1,2,14,6,1,1,33,2,2,0
3,38,9,2004,4,1,1,2,2,1,1,1,1,1,1,1,1,2,14,6,1,1,33,2,2,0
1,38,8,2004,2,1,1,2,2,1,2,1,1,1,1,1,1,2,4,6,1,1,33,2,2,1
1,38,10,2004,4,1,1,2,2,1,4,1,1,1,1,1,1,2,9,6,1,1,33,2,2,0
6,38,6,2004,1,1,1,2,2,1,1,1,1,1,1,1,1,2,14,6,1,1,33,2,2,0
6,38,10,2004,2,1,1,2,2,1,1,1,1,1,1,1,1,2,14,6,1,1,33,2,2,0
3,38,10,2004,2,1,1,2,2,1,1,1,1,1,1,1,1,2,14,6,1,1,33,2,2,0
1,38,10,2004,1,1,5,2,1,1,1,1,1,1,1,1,1,2,9,6,1,1,33,2,2,0
6,38,11,2004,3,1,1,2,2,1,1,1,1,1,1,1,1,2,9,6,1,1,33,2,2,0
1,38,11,2004,4,1,1,2,2,1,2,1,1,1,1,1,1,2,9,6,1,1,33,2,2,1
1,38,11,2004,4,1,1,2,2,1,2,1,1,1,1,1,1,2,9,6,1,1,33,2,2,0
6,38,11,2004,4,1,1,2,2,1,4,1,1,1,1,1,1,2,14,6,1,1,33,2,2,1
3,38,11,2004,4,1,1,2,2,1,4,1,1,1,1,1,1,2,12,6,1,1,33,2,2,1
1,38,11,2004,3,1,1,2,2,1,1,1,1,1,1,1,1,2,9,6,1,1,33,2,2,0
1,38,11,2004,4,1,1,2,2,1,2,1,1,1,1,1,1,2,9,6,1,1,33,2,2,0
3,38,12,2004,4,1,1,2,2,4,4,1,1,1,1,1,1,2,6,6,1,1,33,2,2,0
3,38,12,2004,2,1,1,2,2,1,1,1,1,1,1,1,1,2,7,6,1,1,25,2,2,1
4,38,12,2004,1,1,1,2,2,1,1,1,1,1,1,1,1,2,12,6,1,1,33,2,2,0
3,38,11,2004,2,1,1,2,2,1,1,1,1,1,1,1,1,2,19,6,1,1,33,2,2,0
6,38,12,2004,2,1,1,2,2,1,1,1,1,1,1,1,1,2,14,6,1,1,33,2,2,0
6,38,12,2004,2,1,1,2,2,1,1,1,1,1,1,1,1,2,14,6,1,1,33,2,2,0
7,38,12,2004,4,1,1,2,2,1,2,1,1,1,1,1,1,2,9,6,1,1,33,2,2,0
7,38,12,2004,3,1,1,2,2,1,1,1,1,1,1,1,1,2,9,6,1,1,33,2,2,0
1,38,12,2004,3,1,1,2,2,1,1,1,1,1,1,1,1,2,13,6,1,1,33,2,2,0
1,38,12,2004,3,1,1,2,2,1,1,1,1,1,1,1,1,2,14,6,1,1,33,2,2,0
1,50,11,2004,2,1,1,2,2,1,1,1,1,1,1,1,1,2,9,6,1,1,33,2,2,0
1,50,12,2004,4,1,1,2,2,1,1,1,1,1,1,1,1,2,9,6,1,1,33,2,2,0
1,50,12,2004,3,1,1,2,2,1,1,1,1,1,1,1,1,2,9,6,1,1,33,2,2,0
10,50,12,2004,3,1,1,2,2,1,1,1,1,1,1,1,1,2,9,6,1,1,33,2,2,1
5,50,12,2004,3,1,1,2,2,1,1,1,1,1,1,2,1,2,14,6,1,1,33,2,2,0
5,50,12,2004,2,1,1,2,2,1,1,1,1,1,1,3,1,2,6,6,1,1,33,2,2,1
1,52,4,2004,1,1,1,2,2,1,2,1,1,1,2,2,1,2,13,6,1,1,33,2,2,0
1,49,4,2004,2,1,1,2,2,1,1,1,1,1,1,2,1,2,6,6,1,1,28,2,2,1
1,49,5,2004,2,1,1,2,2,1,2,1,1,1,1,2,1,2,14,6,1,1,33,2,2,0
1,49,5,2004,2,1,1,2,2,1,1,1,1,1,1,3,1,2,9,6,1,1,33,2,2,0
1,49,6,2004,1,1,1,2,2,1,1,1,1,1,1,2,1,2,19,6,1,1,33,2,2,0
1,49,6,2004,2,1,1,2,2,2,2,1,2,1,1,3,1,2,14,6,1,1,35,2,2,0
1,49,9,2004,3,1,1,2,2,1,1,1,1,1,1,3,1,2,19,6,1,1,33,2,2,0
1,49,7,2004,2,1,1,2,2,1,1,1,1,1,1,2,1,2,9,6,1,1,33,2,2,0
1,49,9,2004,3,1,1,2,2,1,1,1,1,1,1,2,1,2,9,6,1,1,42,2,2,0
1,49,11,2004,3,1,1,2,2,1,1,1,1,1,1,2,1,2,9,6,1,1,35,2,2,1
2,49,6,2004,3,1,1,2,2,1,1,1,1,1,1,3,1,2,19,6,1,1,33,2,2,0
2,49,11,2004,2,1,1,2,2,1,1,1,1,1,1,3,1,2,19,6,1,1,33,2,2,0
3,49,7,2004,3,1,1,2,2,1,1,1,1,1,1,3,1,2,9,6,1,1,33,2,2,0
3,49,8,2004,2,1,1,2,2,1,1,1,1,1,1,3,1,2,9,6,1,1,33,2,2,0
3,49,4,2004,3,1,1,2,2,1,1,1,1,1,1,3,1,2,9,6,1,1,33,2,2,0
3,49,9,2004,2,1,1,2,2,1,1,1,1,1,1,3,1,2,9,6,1,1,30,2,2,0
3,49,10,2004,2,1,1,2,2,1,1,1,1,1,1,3,1,2,9,6,1,1,33,2,2,0
4,49,6,2004,4,1,1,2,2,1,4,1,1,1,1,3,1,2,9,6,1,1,33,2,2,3
5,49,10,2004,3,1,1,2,2,1,1,1,1,1,1,3,1,2,13,6,1,1,45,2,2,1
5,49,12,2004,3,1,1,2,2,1,1,1,1,1,1,3,1,2,7,6,1,1,18,2,2,1
4,51,7,2004,3,1,1,2,2,1,1,1,1,1,1,2,1,2,14,6,1,1,33,2,2,1
4,51,7,2004,1,1,1,2,2,1,1,1,1,1,1,1,1,2,9,6,1,1,33,2,2,0
9,51,7,2004,3,1,1,2,2,1,1,1,1,1,1,2,1,2,16,6,1,1,33,2,2,0
12,51,7,2004,2,1,1,2,2,1,1,1,1,1,1,2,1,2,9,6,1,1,36,2,2,0
1,51,7,2004,2,1,1,2,2,1,1,1,1,1,1,2,1,2,9,6,1,1,33,2,2,0
9,51,7,2004,4,1,1,2,2,1,4,1,1,1,1,2,1,2,14,6,1,1,33,2,2,0
8,51,7,2004,2,1,1,2,2,1,1,1,1,1,1,3,1,2,14,6,1,1,33,2,2,1
7,51,6,2004,4,1,1,2,2,1,4,1,1,1,1,3,1,2,4,6,1,1,33,2,2,1
1,51,8,2004,3,1,1,2,2,1,1,1,1,1,1,2,1,2,16,6,1,1,33,2,2,0
1,51,8,2004,2,1,1,2,2,1,2,1,1,1,1,2,1,2,4,6,1,1,33,2,2,0
8,51,9,2004,2,1,1,2,2,1,1,1,1,1,1,3,1,2,4,6,1,1,33,2,2,0
9,51,9,2004,1,1,1,2,2,1,2,1,1,1,1,2,1,2,14,6,1,1,33,2,2,0
12,51,9,2004,5,1,1,2,2,1,1,1,1,1,1,3,1,2,9,6,1,1,33,2,2,0
8,51,10,2004,3,1,1,2,2,1,1,1,1,1,1,2,1,2,9,6,1,1,33,2,2,1
9,51,10,2004,3,1,1,2,2,1,1,1,1,1,1,2,1,2,8,6,1,1,33,2,2,1
1,51,10,2004,3,1,1,2,2,1,1,1,1,1,1,2,1,2,4,6,1,1,33,2,2,0
12,51,11,2004,3,1,1,2,2,1,1,1,1,1,1,2,1,2,9,6,1,1,33,2,2,0
8,51,11,2004,2,1,1,2,2,1,1,1,1,1,1,2,1,2,8,6,1,1,33,2,2,0
4,51,11,2004,2,1,1,2,2,1,1,1,1,1,1,1,1,2,9,6,1,1,33,2,2,0
13,51,11,2004,3,1,1,2,2,1,1,1,1,1,1,3,1,2,9,6,1,1,33,2,2,1
8,51,11,2004,2,1,1,2,2,1,1,1,1,1,1,2,1,1,10,6,1,1,33,2,2,1
8,51,11,2004,2,1,1,2,2,1,2,1,1,1,1,2,1,2,9,6,1,1,33,2,2,1
8,51,12,2004,3,1,1,2,2,1,1,1,1,1,1,3,1,2,9,6,1,1,33,2,2,0
3,51,12,2004,3,1,1,2,2,1,1,1,1,1,1,2,1,2,14,6,1,1,33,2,2,0
8,51,12,2004,1,1,1,2,2,1,4,1,1,1,1,2,1,2,10,6,1,1,33,2,2,0
8,51,12,2004,3,1,1,2,2,1,1,1,1,1,1,2,1,2,9,6,1,1,33,2,2,0
1,51,12,2004,3,1,1,2,2,1,1,1,1,1,1,3,1,2,17,6,1,1,33,2,2,1
2,51,12,2004,2,1,1,2,2,1,2,1,1,1,1,3,1,2,7,6,1,1,33,2,2,0
4,44,7,2004,5,1,1,2,2,1,1,1,1,1,1,5,1,1,10,6,1,1,33,2,2,0
4,44,8,2004,4,1,1,2,2,1,4,1,1,1,1,3,1,2,9,6,1,1,33,2,2,0
4,44,8,2004,3,1,1,2,2,1,4,1,1,1,1,3,1,2,19,6,1,1,33,2,2,0
4,44,9,2004,4,3,1,2,2,1,2,1,1,1,1,1,1,2,14,6,1,1,33,2,2,0
4,44,9,2004,4,1,1,2,2,1,4,1,1,1,1,3,1,2,19,6,1,1,33,2,2,1
4,44,10,2004,4,1,1,2,2,1,4,1,1,1,3,1,1,2,13,6,1,1,33,2,2,0
4,44,10,2004,1,1,1,2,2,1,3,1,1,1,1,3,1,2,14,6,1,1,33,2,2,0
4,44,11,2004,4,7,8,2,2,1,1,1,1,1,1,3,1,2,10,6,1,1,33,2,2,3
3,44,7,2004,1,1,1,2,2,1,1,1,1,1,1,1,1,2,14,1,1,1,33,2,2,0
3,44,8,2004,1,1,1,2,2,1,1,1,1,1,1,1,1,2,14,6,1,1,33,2,2,0
3,44,9,2004,4,1,1,2,2,1,4,1,1,1,1,1,1,2,9,6,1,1,33,2,2,0
3,44,9,2004,3,3,1,2,2,1,4,1,1,1,1,1,1,2,9,6,1,1,33,2,2,0
3,44,9,2004,2,1,1,2,2,1,1,1,1,1,1,1,1,2,14,6,1,1,33,2,2,0
3,44,9,2004,3,1,1,2,2,1,1,1,1,1,1,1,1,2,19,6,1,1,33,2,2,1
3,44,9,2004,2,1,1,2,2,1,1,1,1,1,1,1,1,2,8,6,1,1,33,2,2,0
3,44,9,2004,3,1,1,2,2,1,1,1,1,1,1,1,1,2,10,6,1,1,33,2,2,0
3,44,10,2004,4,1,1,2,2,1,1,1,1,1,1,1,1,2,9,6,1,1,33,2,2,0
3,44,9,2004,4,7,1,2,2,1,3,1,1,1,1,1,1,1,14,6,1,1,33,2,2,0
3,44,11,2004,3,1,1,2,2,1,4,1,1,1,1,1,1,2,8,6,1,1,33,2,2,0
3,44,11,2004,3,1,1,2,2,1,1,1,1,1,1,1,1,2,6,6,1,1,33,2,2,0
3,44,9,2004,2,1,1,2,2,1,2,1,1,1,1,1,1,2,10,6,1,1,33,2,2,0
3,44,12,2004,3,1,4,2,2,1,1,1,1,1,1,1,1,2,10,6,1,1,33,2,2,0
7,44,7,2004,1,1,1,2,2,1,4,1,1,1,1,1,1,2,10,6,1,1,33,2,2,0
7,44,7,2004,4,1,1,2,2,1,2,3,1,1,1,1,1,2,9,6,1,1,33,2,2,1
7,44,7,2004,4,1,1,2,2,1,4,1,1,1,1,1,1,2,6,1,1,1,33,2,2,1
7,44,7,2004,2,1,1,2,2,1,1,1,1,1,1,1,1,2,9,6,1,1,33,2,2,0
7,44,8,2004,4,1,1,2,2,1,3,1,1,1,1,1,1,2,7,6,1,1,33,2,2,0
7,44,8,2004,1,1,1,2,2,1,3,1,1,1,1,1,1,2,10,6,1,1,33,2,2,0
7,44,8,2004,2,1,1,2,2,1,1,1,1,1,1,1,1,2,1,6,1,1,33,2,2,0
7,44,8,2004,1,1,1,2,2,1,1,1,1,1,1,1,1,2,6,1,1,1,33,2,2,0
7,44,10,2004,4,1,1,2,2,1,4,1,1,1,1,1,1,2,10,6,1,1,33,2,2,0
7,44,10,2004,3,1,1,2,2,1,1,1,1,1,1,1,1,2,10,6,1,1,33,2,2,0
7,44,10,2004,2,1,1,2,2,1,1,1,1,1,1,1,1,2,14,6,1,1,33,2,2,0
4,44,11,2004,3,3,4,2,2,1,1,1,1,1,1,1,1,2,19,6,1,1,33,2,2,1
7,44,12,2004,2,1,1,2,2,1,1,1,1,1,1,1,1,2,10,6,1,1,33,2,2,0
7,44,12,2004,3,1,1,2,2,1,1,1,1,1,1,1,1,2,14,6,1,1,33,2,2,0
4,44,2,2004,1,1,1,2,2,1,1,1,1,1,1,1,1,2,10,6,1,1,33,2,2,0
6,44,7,2004,2,1,1,2,2,1,1,1,1,1,1,4,1,2,19,6,1,1,33,2,2,0
6,44,7,2004,1,1,1,2,2,1,1,1,1,1,1,3,1,2,14,6,1,1,33,2,2,0
6,44,7,2004,1,3,1,2,2,1,3,1,1,1,1,1,1,2,9,6,1,1,33,2,2,1
6,44,7,2004,5,1,1,2,2,1,1,1,1,1,1,3,1,2,7,6,1,1,33,2,2,0
6,44,8,2004,4,1,1,2,2,1,3,1,1,1,1,1,1,2,9,6,1,1,33,2,2,0
6,44,8,2004,3,1,1,1,1,1,1,1,1,1,1,1,1,2,19,6,1,1,33,2,2,0
6,44,9,2004,3,1,1,1,1,1,1,1,1,1,1,1,1,2,9,6,1,1,33,2,2,0
6,44,9,2004,3,1,1,1,1,1,1,1,1,1,1,1,1,2,14,6,1,1,33,2,2,0
6,44,10,2004,1,2,1,1,1,1,1,1,1,1,1,1,1,2,9,6,1,1,33,2,2,2
6,44,10,2004,3,1,1,1,1,1,1,1,1,1,1,1,1,2,9,6,1,1,33,2,2,0
6,44,10,2004,3,1,1,1,1,1,1,1,1,1,1,1,1,2,9,6,1,1,33,2,2,1
6,44,11,2004,3,1,1,1,1,1,1,1,1,1,1,1,1,2,10,6,1,1,33,2,2,0