Thana,District,Month,Year,Time,Junction_Type,Traffic_Control,Movement,Divider,Weather,Light,Road_Geometry,Surface_Condition,Surface_Type,Surface_Quality,Road_Class,Road_Feature,Location_Type,Vehicle_Type,Vehicle_Movement,Vehicle_Loading,Vehicle_Defect,Vehicle_Driver_Age,Vehicle_Alcohol,Vehicle_Seat_Belt,Accident_Severity
6,44,12,2004,1,1,1,1,1,1,1,1,1,1,1,1,1,2,9,6,1,1,33,2,2,0
6,44,12,2004,1,1,1,2,2,1,1,1,1,1,1,4,1,2,14,6,1,1,33,2,2,0
2,44,10,2004,2,7,1,2,2,1,1,1,1,1,1,1,1,2,9,6,1,1,33,2,2,0
2,44,10,2004,2,1,1,2,2,1,1,1,1,1,1,1,1,2,9,6,1,1,33,2,2,0
5,44,7,2004,2,1,1,2,2,1,1,1,1,1,1,1,1,2,19,6,1,1,33,2,2,0
5,44,8,2004,3,7,1,2,2,1,1,1,1,1,1,1,1,2,14,6,1,1,33,2,2,0
5,44,10,2004,4,1,1,2,2,1,1,1,1,1,1,1,1,2,9,6,1,1,33,2,2,3
5,44,12,2004,3,7,1,2,2,1,1,1,1,1,1,1,1,2,9,6,1,1,33,2,2,0
5,44,12,2004,4,1,1,2,2,1,1,1,1,1,1,1,1,2,14,6,1,1,33,2,2,0
1,48,3,2004,3,7,8,2,2,1,1,1,1,1,1,2,1,1,14,6,1,1,33,2,2,0
1,48,3,2004,1,1,1,2,2,1,1,1,1,1,1,1,1,2,14,6,1,1,33,2,2,0
2,48,6,2004,4,1,1,2,2,1,2,1,1,1,1,1,1,2,19,6,1,1,33,2,2,0
1,48,7,2004,1,7,8,2,2,1,1,1,1,1,1,4,1,2,19,6,1,1,33,2,2,0
2,48,7,2004,2,1,1,2,2,1,1,1,1,1,1,4,1,2,19,6,1,1,33,2,2,3
1,48,8,2004,3,1,1,2,2,1,1,1,1,1,1,1,1,2,14,6,1,1,33,2,2,0
2,48,8,2004,3,1,1,2,2,1,1,1,1,1,1,4,1,2,4,6,1,1,33,2,2,0
7,48,9,2004,3,1,1,2,2,1,1,1,1,1,1,3,1,2,14,6,1,1,33,2,2,0
1,48,1,2004,3,1,1,2,2,1,1,1,1,1,1,1,1,2,8,6,1,1,33,2,2,0
4,37,3,2004,2,1,1,2,2,1,1,1,1,1,1,3,1,2,5,6,1,1,33,2,2,0
6,37,5,2004,2,1,1,2,2,1,1,1,1,1,2,1,1,2,6,6,1,1,33,2,2,0
2,37,7,2004,3,1,1,2,2,1,1,1,1,1,1,1,1,2,8,6,1,1,33,2,2,3
6,38,7,2004,2,1,1,2,2,1,1,1,1,1,1,3,1,2,6,6,1,1,33,2,2,0
6,37,10,2004,2,1,1,2,2,1,1,1,1,1,1,3,1,2,14,6,1,1,33,2,2,0
6,37,10,2004,4,1,1,2,2,1,2,1,1,1,1,3,1,2,14,6,1,1,33,2,2,0
1,37,11,2004,1,1,5,2,1,1,2,1,1,1,1,3,1,2,9,9,1,1,33,2,2,3
5,37,12,2004,2,1,1,2,2,1,1,1,1,1,1,4,1,2,6,6,1,1,33,2,2,0
1,36,7,2004,3,1,1,2,2,1,1,1,1,1,1,1,1,2,14,6,1,1,33,2,2,0
2,36,9,2004,5,1,1,2,2,1,1,1,1,1,1,2,1,2,9,6,1,1,33,2,2,0
2,36,9,2004,5,1,1,2,2,1,1,1,1,1,1,1,1,2,9,6,1,1,33,2,2,1
1,36,10,2004,3,1,1,2,2,1,1,1,1,1,1,1,1,2,9,6,1,1,33,2,2,0
3,36,10,2004,1,1,5,2,1,1,1,1,1,1,1,1,1,2,9,6,1,1,33,2,2,0
3,6,10,2004,3,1,1,2,2,1,1,1,1,1,1,1,1,2,9,6,1,1,33,2,2,0
6,37,5,2004,2,1,1,2,2,1,1,1,1,1,1,5,1,2,6,6,1,1,33,2,2,0
2,37,7,2004,3,1,1,2,2,1,1,1,1,1,1,3,1,2,9,6,1,1,33,2,2,1
2,37,7,2004,3,1,1,2,2,1,1,1,1,1,1,3,1,2,8,6,1,1,33,2,2,2
6,37,10,2004,2,1,1,2,2,1,1,1,1,1,1,2,1,2,14,6,1,1,33,2,2,0
1,37,11,2004,4,1,1,2,2,1,1,1,1,1,1,3,1,2,9,6,1,1,33,2,2,3
2,36,12,2004,1,1,8,2,2,1,2,2,1,2,2,2,1,2,4,6,1,1,33,2,2,0
1,36,12,2004,4,1,1,2,2,1,2,1,1,1,1,1,1,2,4,6,1,1,33,2,2,0
5,46,6,2004,2,7,1,2,2,1,1,1,1,1,1,1,1,2,12,6,1,1,33,2,2,0
5,46,6,2004,2,1,3,2,2,1,1,1,1,1,1,1,1,2,12,1,1,1,33,2,2,0
1,46,8,2004,2,1,1,2,2,1,1,1,1,1,1,1,1,1,9,6,1,1,33,2,2,0
1,46,8,2004,1,1,1,2,2,1,3,1,1,1,1,1,1,2,12,6,1,1,33,2,2,1
1,46,8,2004,3,1,1,2,2,1,1,1,1,1,1,1,1,2,9,6,1,1,33,2,2,3
1,46,8,2004,3,1,1,1,1,1,1,1,1,1,1,1,1,2,9,6,1,1,33,2,2,0
1,46,8,2004,2,1,1,2,2,1,1,1,1,1,1,1,2,1,9,6,1,1,33,2,2,3
6,46,8,2004,4,1,1,2,2,1,1,1,1,1,1,1,1,2,9,6,1,1,33,2,2,1
6,46,9,2004,3,1,1,2,2,1,1,1,1,1,1,1,1,2,7,6,1,1,33,2,2,0
1,46,9,2004,2,1,1,2,2,1,1,1,1,1,1,1,1,2,14,6,1,1,33,2,2,0
1,46,10,2004,3,1,1,2,2,1,1,1,1,1,1,1,1,2,14,6,1,1,33,2,2,0
1,46,10,2004,4,1,1,2,2,1,1,1,1,1,1,1,1,2,9,6,1,1,33,2,2,1
1,46,10,2004,3,1,1,2,2,1,1,1,1,1,1,1,1,2,14,6,1,1,33,2,2,0
1,46,10,2004,4,1,1,2,2,1,3,1,1,1,1,1,1,2,9,6,1,1,33,2,2,0
1,46,10,2004,2,1,1,2,2,1,1,1,1,1,1,1,1,2,14,6,1,1,33,2,2,0
1,46,10,2004,2,1,1,2,2,1,1,1,1,1,1,1,1,2,9,6,1,1,33,2,2,0
1,46,10,2004,3,1,1,2,2,1,1,1,1,1,1,1,1,2,8,6,1,1,33,2,2,0
1,46,10,2004,2,1,1,2,2,1,1,1,1,1,1,1,1,2,9,6,1,1,33,2,2,0
1,46,11,2004,2,1,1,2,2,1,1,1,1,1,1,1,1,2,9,6,1,1,33,2,2,0
1,46,11,2004,2,1,1,2,2,1,1,1,1,1,1,1,1,2,9,6,1,1,33,2,2,0
1,46,11,2004,4,1,1,2,2,1,3,1,1,1,1,1,1,2,14,6,1,1,33,2,2,0
1,46,11,2004,3,1,1,2,2,1,1,1,1,1,1,1,1,2,9,6,1,1,33,2,2,0
1,46,11,2004,2,1,1,2,2,1,1,1,1,1,1,1,1,2,9,6,1,1,33,2,2,0
2,46,11,2004,3,1,1,2,2,1,1,1,1,1,1,1,1,2,10,6,1,1,33,2,2,0
2,46,11,2004,4,1,1,2,2,1,1,1,1,1,1,1,1,2,6,1,1,1,33,2,2,0
1,46,12,2004,2,1,1,2,2,2,1,1,1,1,1,2,1,2,10,6,1,1,33,2,2,0
1,46,12,2004,3,1,1,2,2,1,1,1,1,1,1,1,1,2,10,6,1,1,33,2,2,0
1,46,12,2004,1,1,1,2,2,1,3,1,1,1,1,1,1,2,14,6,1,1,33,2,2,0
1,46,12,2004,2,1,1,2,2,1,1,1,1,1,1,1,1,2,10,6,1,1,33,2,2,0
1,46,12,2004,2,1,1,2,2,1,1,1,1,1,1,1,1,2,9,6,1,1,33,2,2,0
2,46,12,2004,3,1,1,2,2,1,1,1,1,1,1,1,1,2,9,6,1,1,33,2,2,0
2,46,12,2004,2,1,1,2,2,1,1,1,1,1,1,1,1,2,6,6,1,1,33,2,2,0
3,41,11,2004,2,1,1,2,2,1,2,1,1,1,1,3,1,2,11,6,1,1,33,2,2,0
5,41,11,2004,3,1,1,2,2,1,1,1,1,1,1,3,1,2,14,6,1,1,33,2,2,0
5,41,12,2004,2,1,1,2,2,1,1,1,1,1,1,1,1,2,6,1,1,1,33,2,2,0
5,41,12,2004,4,1,1,2,2,1,4,1,1,1,1,1,1,2,10,6,1,1,33,2,2,0
3,41,12,2004,1,1,1,2,2,1,2,1,1,1,1,1,1,2,14,6,1,1,33,2,2,0
4,39,11,2004,4,1,1,2,2,1,4,1,1,1,1,1,1,2,9,6,1,1,33,2,2,0
3,39,6,2004,5,4,1,2,2,1,4,1,1,1,1,1,1,2,19,6,1,1,33,2,2,0
3,39,7,2004,3,1,1,2,2,1,1,1,1,1,1,1,1,2,7,6,1,1,33,2,2,0
3,39,7,2004,3,4,1,2,2,1,1,1,1,1,1,1,1,2,9,6,1,1,33,2,2,0
3,39,9,2004,2,1,1,2,2,1,1,1,1,1,1,1,1,2,14,6,1,1,33,2,2,0
1,39,5,2004,4,1,1,2,2,1,4,1,1,1,1,2,1,2,14,6,1,1,33,2,2,0
1,39,6,2004,2,1,1,2,2,1,1,1,1,1,1,1,1,2,14,6,1,1,33,2,2,1
1,39,6,2004,4,7,1,2,2,1,4,1,1,1,1,1,1,2,10,6,1,1,33,2,2,0
1,39,8,2004,1,1,1,2,2,1,1,1,1,1,1,1,1,2,9,6,1,1,33,2,2,0
1,39,9,2004,2,1,1,2,2,1,1,1,1,1,1,1,1,2,6,1,1,1,33,2,2,3
1,39,10,2004,5,1,1,2,2,1,1,1,1,1,1,2,1,2,14,6,1,1,33,2,2,0
1,39,11,2004,2,1,1,2,2,1,1,1,1,1,1,2,1,2,6,6,1,1,33,2,2,0
1,40,5,2004,3,1,1,2,2,1,1,1,1,1,1,1,1,2,9,6,1,1,33,2,2,0
1,40,6,2004,3,1,1,2,2,1,1,1,1,1,1,1,1,2,9,6,1,1,33,2,2,0
1,40,9,2004,2,1,1,2,2,1,2,1,1,1,1,1,1,2,12,6,1,1,33,2,2,0
7,40,4,2004,4,1,1,2,2,1,1,1,1,1,1,1,1,2,13,6,1,1,33,2,2,0
5,40,4,2004,3,1,1,2,2,1,2,1,1,1,1,3,1,2,8,6,1,1,30,2,2,0
5,40,4,2004,3,1,1,2,2,1,1,1,1,1,1,1,1,2,8,6,1,1,33,2,2,0
5,40,4,2004,1,1,1,2,2,1,4,1,1,1,1,3,1,2,13,6,1,1,33,2,2,0
6,40,4,2004,1,1,1,2,2,1,4,1,1,1,1,3,1,2,14,6,1,1,33,2,2,1
6,40,5,2004,2,1,1,2,2,1,1,1,1,1,1,1,1,2,13,6,1,1,33,2,2,0
3,40,2,2004,3,1,1,2,2,1,1,1,1,1,1,1,1,2,9,6,1,1,33,2,2,0
3,40,6,2004,1,1,1,2,2,1,4,1,1,1,1,1,1,2,12,6,1,1,33,2,2,0
3,40,8,2004,2,1,1,2,2,1,1,1,1,1,1,1,1,2,14,6,1,1,33,2,2,0
3,40,11,2004,2,1,1,2,2,1,1,1,1,1,1,1,1,2,9,6,1,1,33,2,2,0
6,40,7,2004,2,3,1,2,2,1,1,1,1,1,1,1,1,2,12,6,1,1,33,2,2,0
6,40,7,2004,3,1,1,2,2,1,1,1,1,1,1,1,1,2,9,6,1,1,33,2,2,0
6,40,8,2004,3,1,1,2,2,1,1,1,1,1,1,1,1,1,9,6,1,1,33,2,2,3
6,40,5,2004,3,1,3,2,2,1,1,1,1,1,1,1,1,2,9,6,1,1,33,2,2,0
6,40,5,2004,2,3,1,2,2,1,1,1,1,1,1,2,1,2,9,6,1,1,33,2,2,0
6,40,5,2004,3,1,1,2,2,1,2,1,1,1,1,1,1,2,9,6,1,1,33,2,2,1
6,40,4,2004,2,1,1,2,2,1,1,1,1,1,1,1,1,2,9,6,1,1,33,2,2,0
6,40,2,2004,3,1,1,2,2,1,1,1,1,1,1,1,1,2,9,6,1,1,33,2,2,0
6,40,2,2004,2,1,1,2,2,1,1,1,1,1,1,1,1,2,9,6,1,1,33,2,2,0
6,40,2,2004,2,2,1,2,2,1,1,1,1,1,1,1,1,2,9,6,1,1,33,2,2,0
6,40,2,2004,2,1,1,2,2,1,1,1,1,1,1,1,1,2,9,6,1,1,33,2,2,0
5,40,2,2004,3,3,1,2,2,1,1,1,1,1,1,1,1,2,14,6,1,1,33,2,2,0
1,40,12,2004,2,1,1,2,2,1,1,1,1,1,1,1,1,2,10,6,1,1,33,2,2,1
1,40,12,2004,2,1,1,2,2,1,1,1,1,1,1,1,1,2,9,6,1,1,33,2,2,0
1,40,7,2004,1,1,1,2,2,1,4,1,1,1,1,1,1,2,12,6,1,1,33,2,2,3
1,40,7,2004,2,1,1,2,2,1,3,1,1,1,1,2,1,1,6,6,1,1,33,2,2,3
1,40,8,2004,3,7,1,2,2,1,1,1,1,1,1,2,1,2,9,6,1,1,33,2,2,0
1,40,9,2004,1,7,1,2,2,1,2,2,1,1,1,1,1,2,7,6,1,1,33,2,2,0
5,26,1,2004,3,1,1,1,2,1,1,1,1,1,1,1,1,2,14,11,2,7,33,1,2,3
8,26,1,2004,1,1,1,2,2,1,4,1,1,1,1,1,1,2,14,4,1,2,54,1,2,0
6,26,4,2004,2,1,1,2,2,1,1,1,1,1,1,3,1,2,4,6,1,7,33,2,1,0
1,22,7,2004,2,1,1,2,2,1,1,1,1,1,1,1,1,2,9,6,1,6,33,1,2,1
1,22,7,2004,1,1,1,2,2,2,1,1,2,1,1,1,1,2,9,6,2,3,33,2,2,0
1,22,7,2004,2,1,1,2,2,1,1,1,1,1,1,1,1,1,14,6,2,1,33,2,2,0
1,22,7,2004,3,5,4,1,1,1,1,1,1,1,1,1,1,1,14,6,1,1,33,2,2,0
1,22,8,2004,3,1,1,2,1,1,1,1,1,1,1,1,1,2,7,6,1,1,33,1,2,1
6,26,9,2004,1,1,1,1,2,2,2,1,2,1,1,3,1,2,19,6,2,7,25,2,2,0
1,22,5,2004,2,1,1,2,2,1,1,1,1,1,1,1,1,1,9,6,1,1,33,2,2,0
1,22,5,2004,3,1,1,2,2,1,1,1,1,1,1,1,1,2,9,6,1,1,42,2,2,0
1,22,10,2004,2,1,1,2,2,1,1,1,1,1,1,1,1,1,4,6,1,6,30,2,2,0
4,22,1,2004,3,4,1,2,1,1,1,1,1,1,1,3,1,2,9,6,1,7,28,2,2,1
1,22,12,2004,1,1,4,1,1,4,1,1,1,1,1,1,2,2,9,6,1,1,33,2,2,0
1,22,12,2004,4,1,1,2,2,1,4,1,1,1,1,1,1,2,14,6,2,7,33,1,2,0
3,22,11,2004,2,1,1,2,2,1,1,1,1,1,1,2,1,2,14,6,1,1,30,1,2,0
1,22,11,2004,2,1,1,2,2,1,1,1,1,1,1,1,1,1,9,6,1,1,33,2,2,0
1,22,11,2004,2,7,1,2,2,1,1,1,1,1,1,1,1,2,9,6,1,1,33,2,2,0
1,22,11,2004,3,7,1,2,2,1,1,1,1,1,1,1,2,2,7,6,1,1,33,2,2,0
5,26,5,2004,3,1,8,2,2,1,1,1,1,1,1,5,1,1,14,6,1,1,40,2,2,1
5,26,10,2004,2,7,1,2,2,1,2,1,1,1,1,1,1,1,14,11,1,7,33,2,2,1
2,64,1,2004,2,1,1,2,2,1,1,1,1,1,1,5,1,1,9,6,1,1,33,2,2,1
2,64,2,2004,3,1,1,2,2,1,1,1,1,1,1,5,1,1,9,6,1,1,40,2,2,0
4,64,1,2004,2,2,6,2,1,1,1,3,1,1,1,5,1,1,14,6,1,1,20,2,2,3
4,64,1,2004,4,1,1,2,1,1,3,1,1,1,1,5,1,1,8,6,1,1,33,2,2,0
9,64,1,2004,3,1,1,1,2,1,1,1,1,1,1,5,1,1,14,6,1,1,35,2,2,3
11,64,2,2004,3,1,1,2,2,1,1,2,1,1,1,5,1,1,8,6,1,1,24,2,2,1
2,64,3,2004,3,1,1,2,2,1,1,1,1,1,1,5,1,1,14,7,1,1,25,2,2,0
2,64,3,2004,4,1,1,2,2,1,1,1,1,1,1,5,1,1,14,6,2,1,33,2,2,0
3,64,1,2004,3,3,1,2,2,1,1,1,1,1,1,5,1,1,14,5,1,1,35,2,2,2
5,64,1,2004,2,1,1,2,2,1,1,1,1,1,1,5,1,1,8,6,1,1,35,2,2,1
6,64,1,2004,2,1,1,2,2,1,1,1,1,1,1,5,1,1,13,6,1,1,42,1,2,0
8,64,2,2004,2,1,1,2,2,1,1,1,1,1,1,5,1,1,9,6,1,1,33,2,2,0
12,64,3,2004,2,1,1,2,2,1,1,1,1,1,1,1,1,1,9,6,1,1,33,2,2,0
7,64,3,2004,4,2,1,2,2,1,3,1,1,1,1,5,1,1,7,6,1,1,33,1,2,0
7,64,4,2004,2,1,1,2,2,1,1,2,1,1,1,5,1,1,14,2,1,1,33,2,2,0
8,64,1,2004,4,2,4,2,2,1,2,1,1,1,1,5,1,1,8,6,1,1,33,2,2,0
10,64,5,2004,4,1,8,2,2,1,1,1,1,1,1,3,1,1,10,6,1,1,33,1,2,0
11,64,5,2004,2,1,1,2,2,1,1,1,1,1,1,5,1,1,9,6,1,1,33,1,2,0
12,64,4,2004,3,1,1,2,2,1,1,1,1,1,1,3,1,1,8,6,1,1,33,2,2,0
1,64,7,2004,2,1,1,2,2,1,1,1,1,1,1,5,1,1,14,5,1,1,40,2,2,0
2,64,6,2004,4,2,1,2,1,1,1,1,1,1,1,5,1,1,14,6,1,1,33,2,2,0
2,64,7,2004,4,1,1,1,1,1,3,1,1,1,1,5,1,1,14,6,1,1,33,2,2,0
2,64,8,2004,3,3,1,2,2,1,1,1,1,1,1,5,1,1,8,6,1,1,33,1,2,0
5,64,5,2004,3,2,8,2,2,1,1,1,1,1,1,1,1,1,9,6,1,7,40,2,2,0
5,64,6,2004,4,3,3,1,2,1,2,1,1,1,1,1,1,1,14,6,1,1,25,1,2,1
4,64,6,2004,3,2,4,2,1,1,1,1,1,1,1,1,1,1,9,5,1,7,35,2,2,3
4,64,9,2004,2,2,4,2,1,1,1,1,1,1,1,5,1,1,8,6,1,7,29,2,2,0
4,64,9,2004,4,3,1,1,2,2,3,1,2,1,1,5,1,1,14,11,1,1,33,2,2,0
6,64,6,2004,4,1,4,2,1,1,3,1,1,1,1,1,1,1,9,6,1,1,33,1,2,0
8,64,5,2004,4,2,1,2,2,1,3,1,1,1,1,5,1,1,14,6,1,7,33,2,2,0
9,64,8,2004,4,3,8,2,2,1,3,1,1,1,1,5,1,1,8,6,1,1,30,2,2,0
9,64,8,2004,4,2,1,2,1,1,3,1,1,1,1,5,1,1,14,6,1,1,33,2,2,0
10,64,6,2004,2,7,8,1,2,1,1,1,1,1,1,1,1,1,9,6,1,2,33,1,2,0
11,64,6,2004,3,1,2,2,1,1,1,1,1,1,1,5,1,1,14,6,1,1,35,1,2,0
2,64,8,2004,4,1,8,1,2,1,1,1,1,1,2,5,1,1,14,8,1,7,26,2,2,3
2,64,9,2004,4,1,8,2,2,1,1,1,5,1,1,5,1,1,9,6,1,2,33,1,0,1
2,64,9,2004,2,1,8,2,2,1,1,1,1,1,1,5,1,1,9,6,1,2,33,1,2,0
1,47,1,2004,3,1,1,2,2,1,1,1,1,1,1,1,1,2,9,6,1,1,38,2,2,0
5,47,1,2004,3,1,1,2,2,1,1,1,1,1,1,1,1,2,14,6,1,1,33,2,2,0
1,47,2,2004,3,1,1,2,2,1,1,1,1,1,1,1,1,2,14,6,1,1,33,2,2,0
1,47,2,2004,2,1,1,2,2,1,2,1,1,1,1,1,1,2,9,6,1,1,33,2,2,0
3,47,2,2004,3,1,1,2,2,1,1,1,1,1,1,3,1,2,14,6,1,1,33,2,2,1
7,47,2,2004,4,1,1,2,2,1,4,1,1,1,1,1,1,2,14,6,1,1,42,2,2,0
5,47,2,2004,3,1,1,2,2,1,1,1,1,1,1,3,1,2,9,6,1,1,42,2,2,1
7,47,2,2004,4,1,1,2,2,1,4,1,1,1,1,1,1,2,14,6,1,1,33,2,2,0
3,45,1,2004,3,1,1,2,2,1,1,1,1,1,1,3,1,2,9,6,1,1,33,2,2,0
6,45,2,2004,1,1,1,2,2,4,4,1,2,1,1,3,1,2,14,6,1,1,33,2,2,0
6,45,2,2004,2,1,1,2,2,1,2,1,1,1,1,1,1,2,7,6,1,1,33,2,2,0
5,47,3,2004,2,1,1,2,2,1,1,1,1,1,1,1,1,2,10,6,1,1,33,1,1,3
13,47,3,2004,4,1,1,2,2,1,4,1,1,1,1,1,1,2,14,6,1,1,33,2,2,0
1,47,4,2004,2,1,1,2,2,1,1,1,1,1,1,1,1,2,9,6,1,1,33,2,2,0
2,47,4,2004,2,1,1,2,2,1,1,1,1,1,1,3,1,2,9,6,1,1,33,2,2,1
9,47,4,2004,4,1,1,2,2,1,4,1,1,1,1,1,1,2,9,6,1,1,33,2,2,0
12,47,4,2004,1,1,1,2,2,1,2,1,1,1,1,1,1,2,14,6,1,1,33,2,2,0
13,47,4,2004,2,1,1,2,2,1,1,1,1,1,1,1,1,2,9,6,1,1,33,2,2,0
1,47,5,2004,2,1,1,2,2,1,1,1,1,1,1,1,1,2,14,6,1,1,33,2,2,0
1,47,5,2004,4,1,1,2,2,1,4,1,1,1,1,1,1,2,14,6,1,1,34,2,2,0
3,47,5,2004,2,1,1,2,2,1,1,1,1,1,1,3,1,2,12,6,1,1,35,2,2,0
3,47,5,2004,2,1,1,2,2,1,1,1,1,1,1,3,1,2,14,6,1,1,33,2,2,0
7,47,5,2004,4,1,1,2,2,1,4,1,1,1,1,1,1,2,9,6,1,1,33,2,2,0
8,47,5,2004,3,1,1,2,2,1,1,1,1,1,1,1,1,2,9,6,1,1,33,2,2,0
13,47,5,2004,3,1,1,2,2,1,1,1,1,1,1,1,1,2,8,6,1,1,33,2,2,0
8,47,6,2004,2,1,1,2,2,1,1,1,1,1,1,1,1,2,9,6,1,1,33,2,2,0
8,47,6,2004,4,1,1,2,2,1,4,1,1,1,1,1,1,2,8,6,1,1,35,2,2,0
9,47,6,2004,1,1,1,2,2,1,2,1,1,1,1,1,1,2,14,6,1,1,42,2,2,0
12,47,6,2004,3,1,1,2,2,1,1,1,1,1,1,1,1,2,9,6,1,1,33,2,2,0
12,47,6,2004,2,1,1,2,2,1,1,1,1,1,1,1,1,1,9,6,1,1,33,2,2,0
13,47,6,2004,1,1,1,2,2,1,1,1,1,1,1,3,1,2,14,6,1,1,33,2,2,0
4,47,7,2004,2,1,1,2,2,1,1,1,1,1,1,1,1,2,8,6,1,1,55,2,2,1
7,47,7,2004,2,1,1,2,2,1,1,1,1,1,1,1,1,2,7,6,1,1,33,2,2,0
1,45,3,2004,1,1,1,2,2,1,2,1,1,1,1,1,1,1,9,6,1,1,33,2,2,0
5,45,3,2004,2,1,1,2,2,1,1,1,1,1,1,1,1,2,14,6,1,1,33,2,2,0
5,45,3,2004,3,1,1,2,2,1,1,1,1,1,1,1,1,2,9,6,1,1,33,2,2,0
6,45,3,2004,2,1,1,2,2,1,1,1,1,1,1,3,1,2,8,6,1,1,33,2,2,0
6,45,3,2004,2,1,1,2,2,1,1,1,1,1,1,3,1,2,14,6,1,1,35,2,2,0
6,45,3,2004,2,1,1,2,2,1,1,1,1,1,1,1,1,2,12,6,1,1,33,2,2,1
1,45,4,2004,3,1,1,2,2,1,1,1,1,1,1,2,1,2,8,6,1,1,33,2,2,0
4,45,4,2004,2,1,1,2,2,1,2,1,1,1,1,3,1,2,7,6,1,1,33,2,2,0
5,45,4,2004,3,1,1,2,2,1,1,1,1,1,1,3,1,2,5,6,1,1,33,2,2,0
5,45,4,2004,4,1,1,2,2,1,4,1,1,1,1,3,1,2,9,6,1,1,33,2,2,1
5,45,4,2004,2,1,1,2,2,1,2,1,1,1,1,3,1,2,7,6,1,1,33,2,2,0
6,45,4,2004,2,1,1,2,2,1,1,1,1,1,1,1,1,2,9,6,1,1,33,2,2,0
6,45,4,2004,3,1,1,2,2,2,4,1,1,1,1,1,1,2,14,6,1,1,33,2,2,0
6,45,4,2004,2,1,1,2,2,1,1,1,1,1,1,1,1,2,9,6,1,1,33,2,2,0
6,45,4,2004,1,1,1,2,2,1,2,1,1,1,1,1,1,2,9,6,1,1,33,2,2,3
1,45,5,2004,1,1,1,2,2,1,1,1,1,2,3,1,4,2,11,6,1,1,33,2,2,2
1,45,5,2004,2,1,1,2,2,1,2,1,1,1,1,1,1,2,12,6,1,1,33,2,2,0
5,45,5,2004,4,1,1,2,2,1,4,1,1,1,1,3,1,2,14,6,1,1,33,2,2,0
6,45,5,2004,2,1,1,2,2,1,1,1,1,1,1,1,1,2,14,6,1,1,33,2,2,0
6,45,5,2004,2,1,1,2,2,1,1,1,1,1,1,1,1,2,14,6,1,1,33,2,2,0
6,45,5,2004,4,1,1,2,2,1,4,1,1,1,1,1,1,2,9,6,1,1,33,2,2,0
6,45,5,2004,3,1,1,2,2,1,1,1,1,1,1,1,1,2,10,6,1,1,33,2,2,0
6,45,5,2004,2,1,1,2,2,1,1,1,1,1,1,1,1,2,14,6,1,1,33,2,2,0
1,45,7,2004,2,1,1,2,2,1,1,1,1,1,1,1,1,2,9,6,1,1,33,2,2,0
1,45,7,2004,4,1,1,2,2,1,2,1,1,1,1,1,1,2,8,6,1,1,32,2,2,1
1,45,7,2004,4,1,1,2,2,1,3,1,1,1,1,1,1,2,9,6,1,1,33,2,2,0
5,45,7,2004,2,1,1,2,2,1,1,1,1,1,1,1,1,2,14,6,1,1,33,2,2,0
6,45,7,2004,2,1,1,2,2,1,1,1,1,1,1,1,1,2,9,6,1,1,33,2,2,0
6,45,7,2004,4,1,1,2,2,1,2,1,1,1,1,1,1,2,12,6,1,1,33,2,2,0
6,45,7,2004,4,1,1,2,2,1,4,1,1,1,1,1,1,2,9,6,1,1,33,2,2,0
1,45,8,2004,2,1,1,2,2,1,3,1,1,1,1,1,1,2,9,6,1,1,33,2,2,0
1,45,8,2004,3,1,1,2,2,1,1,1,1,1,1,1,1,2,9,6,1,1,33,2,2,0
1,45,8,2004,3,1,1,2,2,1,1,1,1,1,1,1,1,2,9,6,1,1,33,2,2,0
2,45,8,2004,4,1,1,2,2,1,4,1,1,1,1,1,1,2,9,6,1,1,33,2,2,0
4,45,8,2004,4,1,1,2,2,1,4,1,1,1,1,3,1,1,19,6,1,1,33,2,2,0
5,45,8,2004,2,1,1,2,2,1,2,1,1,1,1,1,1,2,9,6,1,1,33,2,2,0
5,45,8,2004,2,1,1,2,2,1,1,1,1,1,1,1,1,2,9,6,1,1,33,2,2,0
6,45,8,2004,2,1,1,2,2,1,1,1,1,1,1,1,1,2,7,6,1,1,33,2,2,3
2,45,9,2004,3,1,1,2,2,1,1,1,1,1,1,1,1,2,9,6,1,1,28,2,2,0
3,45,9,2004,2,1,1,2,2,1,1,1,1,1,1,3,1,2,8,6,1,1,33,2,2,0
1,45,10,2004,2,1,1,2,2,1,1,1,1,1,1,1,1,2,9,6,1,1,33,2,2,0
1,45,10,2004,3,1,1,2,2,1,1,1,1,1,1,1,1,2,9,6,1,1,33,2,2,0
6,45,10,2004,3,1,1,2,2,1,1,1,1,1,1,1,1,2,9,6,1,1,33,2,2,0
6,45,10,2004,3,1,1,2,2,1,1,1,1,1,1,1,1,2,9,6,1,1,33,2,2,0
6,45,11,2004,1,1,1,2,2,1,1,2,1,1,1,4,1,2,14,6,1,3,33,2,2,0
5,45,12,2004,1,1,1,2,2,4,4,1,1,1,3,1,2,2,9,6,1,1,33,2,2,0
1,45,12,2004,2,1,1,2,2,1,4,1,1,1,1,4,1,2,14,10,1,1,28,2,2,0
6,45,12,2004,3,1,1,2,2,1,1,1,1,1,1,1,1,2,8,6,1,1,33,2,2,0
2,45,11,2004,2,1,1,2,2,1,1,1,1,1,1,1,1,2,14,11,1,1,33,2,2,0
1,45,11,2004,4,1,1,2,2,1,4,1,1,1,1,1,1,2,8,6,1,1,33,2,2,0