Thana,District,Month,Year,Time,Junction_Type,Traffic_Control,Movement,Divider,Weather,Light,Road_Geometry,Surface_Condition,Surface_Type,Surface_Quality,Road_Class,Road_Feature,Location_Type,Vehicle_Type,Vehicle_Movement,Vehicle_Loading,Vehicle_Defect,Vehicle_Driver_Age,Vehicle_Alcohol,Vehicle_Seat_Belt,Accident_Severity
1,42,1,2004,4,1,1,1,1,1,3,1,1,1,1,5,1,1,8,6,1,1,22,1,2,0
1,42,1,2004,4,1,1,1,1,1,2,1,1,1,1,5,1,1,8,6,1,1,33,2,2,3
1,42,2,2004,2,2,4,1,1,1,1,1,1,1,1,5,1,1,5,6,1,1,33,2,2,1
1,42,3,2004,4,3,4,1,1,1,2,1,1,1,1,5,1,1,8,6,1,1,32,1,2,1
9,42,1,2004,3,6,4,2,1,1,1,1,1,1,1,5,1,1,9,6,1,1,33,2,2,2
9,42,1,2004,1,1,1,2,1,1,3,1,1,1,1,5,1,1,12,6,1,1,33,2,2,1
9,42,1,2004,2,1,4,2,1,1,1,1,1,1,1,5,1,1,8,6,1,2,33,2,2,0
9,42,1,2004,2,1,1,2,1,1,1,1,1,1,1,5,1,1,9,6,1,1,33,2,2,0
9,42,1,2004,1,5,6,2,1,1,3,1,1,1,1,5,1,1,14,6,1,1,18,2,2,1
9,42,1,2004,2,1,1,2,1,1,1,1,1,1,1,5,1,1,14,6,1,1,33,2,2,1
9,42,1,2004,1,1,1,2,2,1,3,1,1,1,1,5,1,1,14,6,1,1,33,1,2,0
9,42,1,2004,2,7,6,2,1,1,1,1,1,1,1,5,1,1,9,6,1,1,33,2,2,0
9,42,1,2004,2,3,4,2,1,1,1,1,1,1,1,5,1,1,8,6,1,1,33,2,2,0
9,42,1,2004,4,1,1,2,1,1,3,1,1,1,1,5,1,1,10,6,1,1,33,2,2,2
9,42,1,2004,3,3,6,2,1,1,1,1,1,1,1,5,1,1,8,6,1,1,33,2,2,0
9,42,1,2004,3,1,1,2,1,1,1,1,1,1,1,5,1,1,4,6,1,1,33,2,2,1
9,42,1,2004,3,1,1,2,2,1,1,1,1,1,1,5,1,1,14,6,1,2,33,2,2,0
10,42,1,2004,2,7,1,2,1,1,1,1,1,1,1,5,1,1,8,6,1,1,33,1,0,0
10,42,1,2004,1,7,1,1,1,1,4,1,1,1,1,5,1,1,8,6,1,2,33,1,2,0
10,42,3,2004,3,7,6,2,1,1,1,1,1,1,1,5,1,1,8,6,1,1,33,2,2,0
10,42,3,2004,4,7,8,1,2,1,4,1,1,1,1,5,1,1,9,6,1,1,33,2,2,0
10,42,3,2004,1,7,6,2,1,1,3,1,1,1,1,5,1,1,8,6,1,1,33,2,2,1
10,42,3,2004,3,7,8,2,1,1,1,1,1,1,1,5,1,1,8,6,1,1,33,1,2,0
11,42,1,2004,4,1,4,2,1,1,3,1,1,1,1,5,1,1,8,6,1,1,33,2,2,0
11,42,1,2004,1,7,2,1,1,1,3,1,1,1,1,5,1,1,8,6,1,2,33,2,2,0
11,42,1,2004,2,1,8,2,1,1,1,1,1,1,1,5,1,1,14,6,1,2,33,1,2,0
11,42,1,2004,2,4,1,2,1,1,1,1,1,1,1,5,1,1,5,6,1,1,33,2,2,0
9,42,3,2004,4,5,4,2,1,1,3,1,1,1,1,5,1,1,14,6,1,1,33,2,2,2
9,42,3,2004,2,7,4,2,1,1,1,1,1,1,1,5,1,1,9,6,1,2,33,2,2,0
9,42,3,2004,2,1,1,2,1,1,2,1,1,1,1,5,1,1,19,6,1,2,33,1,0,0
9,42,3,2004,4,1,4,2,1,1,3,1,1,1,1,5,1,1,8,6,1,1,33,2,2,0
9,42,3,2004,2,7,4,2,1,1,1,1,1,1,1,5,1,1,8,6,1,1,33,2,2,1
9,42,3,2004,2,5,5,2,1,1,1,1,1,1,1,5,1,1,8,6,1,1,33,2,2,0
9,42,4,2004,2,3,5,2,1,1,2,1,1,1,1,5,1,1,14,6,1,1,33,2,2,1
9,42,4,2004,3,1,1,2,1,1,1,1,1,1,1,5,1,1,8,6,1,1,33,1,2,0
9,42,4,2004,3,1,1,2,1,1,1,1,1,1,1,5,1,1,10,6,1,1,33,2,2,2
9,42,4,2004,4,3,6,2,1,1,2,1,1,1,1,5,1,1,8,6,1,1,33,2,2,1
9,42,4,2004,4,1,1,2,1,1,2,1,1,1,1,5,1,1,5,6,1,1,33,2,2,1
9,42,4,2004,3,1,1,2,1,1,1,1,1,1,1,5,1,1,10,6,1,1,33,2,2,0
9,42,4,2004,1,1,1,2,1,1,3,1,1,1,1,5,1,1,14,6,1,1,33,2,2,0
9,42,4,2004,2,3,6,2,1,1,1,1,1,1,1,5,1,1,8,6,1,1,33,2,2,1
9,42,2,2004,4,1,3,2,1,1,3,1,1,1,1,5,1,1,12,6,1,2,33,2,2,0
9,42,2,2004,2,7,1,2,1,1,1,1,1,1,1,5,1,1,9,6,1,2,33,2,2,0
9,42,2,2004,4,1,1,2,1,1,3,1,1,1,1,5,1,1,14,5,1,1,33,2,2,2
7,42,1,2004,3,1,1,2,1,1,1,1,1,1,1,5,1,1,8,6,1,1,40,2,2,0
18,42,1,2004,2,3,4,1,1,1,1,1,1,1,1,5,1,1,8,6,1,1,33,2,2,1
13,42,1,2004,2,1,3,1,1,1,1,1,1,1,1,5,1,1,8,6,1,1,33,2,2,0
10,42,4,2004,3,1,1,2,1,1,1,1,1,1,1,5,1,1,8,6,1,1,33,2,2,0
10,42,4,2004,3,1,8,2,2,1,1,1,1,1,1,5,1,1,7,6,1,1,33,2,2,0
19,42,1,2004,3,4,8,2,2,1,1,1,1,1,1,5,1,1,14,6,1,1,45,2,2,0
19,42,1,2004,1,1,1,2,2,1,4,1,1,1,1,5,1,1,14,6,1,1,33,2,2,1
16,42,1,2004,1,1,1,2,1,1,3,1,1,1,1,5,1,1,14,6,1,1,33,2,2,0
16,42,1,2004,4,1,1,2,1,1,3,1,1,1,1,5,1,1,14,6,1,2,33,1,0,0
16,42,1,2004,2,1,1,2,1,1,1,1,1,1,1,5,1,1,14,6,1,1,33,2,2,0
16,42,1,2004,3,1,1,2,1,1,1,1,1,1,1,5,1,1,10,6,1,1,33,2,2,0
16,42,1,2004,2,1,8,2,1,1,1,1,1,1,1,5,1,1,9,6,1,1,33,2,2,0
22,42,4,2004,4,3,1,1,1,1,2,1,1,1,1,5,1,1,19,6,1,2,33,1,0,0
22,42,4,2004,4,1,1,1,1,1,3,1,1,1,1,5,1,1,8,6,1,1,33,2,2,0
9,42,5,2004,3,1,4,2,1,1,1,1,1,1,1,5,1,1,5,6,1,1,35,2,2,1
9,42,4,2004,4,3,6,2,1,1,3,1,1,1,1,5,1,1,10,6,1,1,33,2,2,0
9,42,5,2004,2,1,1,2,1,1,2,1,1,1,1,5,1,1,15,6,1,2,33,1,0,0
9,42,5,2004,2,1,1,2,1,1,2,1,1,1,1,5,1,1,10,6,1,1,33,1,0,0
9,42,5,2004,4,1,1,2,1,1,3,1,1,1,1,5,1,1,14,6,1,2,33,1,0,0
9,42,5,2004,3,1,1,2,1,1,1,1,1,1,1,5,1,1,8,6,1,1,22,1,0,1
10,42,6,2004,2,7,8,2,2,1,1,1,1,1,1,5,1,1,8,6,1,1,33,1,0,0
10,42,6,2004,4,7,8,2,1,1,3,1,1,1,1,5,1,1,19,6,1,2,33,1,0,1
10,42,6,2004,3,1,8,2,2,1,3,1,1,1,1,5,1,1,14,6,1,1,33,1,0,0
10,42,6,2004,1,7,8,2,2,1,1,1,1,1,1,5,1,1,10,6,1,1,33,2,2,1
9,42,6,2004,1,1,1,2,1,1,3,1,1,1,1,5,1,1,14,6,1,2,33,1,0,0
9,42,6,2004,2,1,1,2,1,1,1,1,1,1,1,5,1,1,8,6,1,1,33,2,2,1
9,42,6,2004,1,3,5,2,1,1,2,1,1,1,1,5,1,1,19,6,1,2,33,1,0,0
9,42,6,2004,3,7,8,2,1,1,1,1,1,1,1,5,1,1,8,6,1,1,33,2,2,1
9,42,6,2004,4,1,1,2,1,1,3,1,1,1,1,5,1,1,8,6,1,1,33,2,2,0
15,42,5,2004,2,2,1,2,1,1,1,1,1,1,1,5,1,1,19,6,1,2,33,1,0,0
1,42,4,2004,3,1,1,2,1,1,1,1,1,1,1,5,1,1,9,6,1,1,33,2,2,0
1,42,5,2004,4,2,6,2,1,1,3,1,1,1,1,5,1,1,9,6,1,1,33,2,2,1
1,42,5,2004,2,2,6,2,1,1,1,1,1,1,1,5,1,1,10,6,1,1,33,2,2,2
1,42,5,2004,3,3,4,2,1,1,1,1,1,1,1,5,1,1,8,6,1,1,33,2,2,0
1,42,5,2004,2,1,1,2,1,1,1,1,1,1,1,5,1,1,10,6,1,1,33,2,2,1
1,42,5,2004,4,1,1,2,2,1,3,1,1,1,1,5,1,1,8,6,1,2,33,2,2,0
1,42,6,2004,2,3,1,2,1,1,1,1,1,1,1,5,1,1,19,6,1,1,33,1,0,0
1,42,6,2004,2,2,6,2,1,1,2,1,1,1,1,5,1,1,19,6,1,2,33,1,0,0
1,42,7,2004,4,3,4,2,1,1,3,1,1,1,1,5,1,1,9,6,1,2,33,2,2,0
1,42,7,2004,3,1,1,2,1,1,1,1,1,1,1,5,1,1,9,6,1,1,33,2,2,1
1,42,7,2004,2,1,4,2,1,1,1,1,1,1,1,5,1,1,8,6,1,1,33,2,2,0
1,42,7,2004,3,3,5,2,1,1,1,1,1,1,1,5,1,1,9,6,1,1,33,2,2,1
1,42,7,2004,3,1,1,2,1,1,1,1,1,1,1,5,1,1,8,6,1,1,33,1,2,0
1,42,7,2004,3,5,6,2,1,1,1,1,1,1,1,5,1,1,10,6,1,1,33,2,2,1
1,42,7,2004,1,5,6,2,1,1,3,1,1,1,1,5,1,1,14,6,1,1,33,2,2,2
13,42,2,2004,4,7,1,2,1,1,2,1,1,1,1,5,1,1,8,6,1,1,33,2,2,1
13,42,3,2004,2,7,1,2,1,1,1,1,1,1,1,5,1,1,8,6,1,1,35,2,2,0
13,42,8,2004,3,7,1,1,2,1,1,1,1,1,1,5,1,1,8,6,1,1,40,2,2,1
13,42,8,2004,2,1,1,2,1,1,1,2,1,1,1,5,1,1,8,6,1,1,38,2,2,0
11,42,3,2004,3,1,1,1,1,1,1,1,1,1,1,5,1,1,8,6,1,2,33,1,2,0
11,42,4,2004,3,3,1,2,1,1,1,1,1,1,1,5,1,1,8,6,1,1,25,1,2,0
11,42,5,2004,2,3,4,2,1,1,1,1,1,1,1,5,1,1,8,6,1,1,33,2,2,0
11,42,5,2004,4,1,1,2,1,1,3,1,1,1,1,5,1,1,11,6,1,2,33,1,2,0
11,42,6,2004,1,7,8,2,2,1,2,1,1,1,1,5,1,1,12,6,1,1,33,2,2,0
11,42,6,2004,2,5,6,2,1,1,1,1,1,1,1,5,1,1,8,6,1,2,33,2,2,0
11,42,7,2004,2,3,1,1,1,1,1,1,1,1,1,5,1,1,10,6,1,1,40,2,2,0
11,42,7,2004,1,7,8,2,1,1,2,1,1,1,1,5,1,1,14,6,1,2,33,1,2,0
11,42,7,2004,2,2,4,2,1,1,2,1,1,1,1,5,1,1,10,6,1,2,33,1,0,1
11,42,7,2004,2,2,1,2,1,1,1,1,1,1,1,5,1,1,9,6,1,1,33,2,2,0
11,42,7,2004,1,3,1,1,1,1,3,1,1,1,1,5,1,1,10,6,1,1,33,2,2,0
14,42,4,2004,1,1,1,2,1,1,2,1,1,1,1,5,1,1,7,6,1,2,33,2,2,0
14,42,4,2004,3,7,4,2,1,1,1,1,1,1,1,5,1,1,4,6,1,1,25,2,1,1
14,42,4,2004,4,5,4,2,1,1,3,1,1,1,1,5,1,1,12,6,1,1,33,2,2,0
14,42,5,2004,2,5,4,2,1,1,1,1,1,1,1,5,1,1,9,6,1,1,33,1,0,0
14,42,5,2004,1,1,1,2,2,1,2,1,1,1,1,5,1,1,15,6,1,1,33,2,2,0
14,42,5,2004,4,2,4,2,1,1,3,1,1,1,1,5,1,1,14,6,1,1,33,2,2,2
14,42,5,2004,3,2,4,2,1,1,1,1,1,1,1,5,1,1,4,6,1,1,33,2,2,0
14,42,6,2004,1,1,1,2,1,1,3,1,1,1,1,5,1,1,14,6,1,2,33,1,0,0
14,42,6,2004,4,1,1,2,1,1,3,1,1,1,1,5,1,1,8,6,1,1,33,2,2,0
14,42,7,2004,1,1,1,2,2,1,3,1,1,1,1,1,1,2,14,6,1,1,33,1,0,0
14,42,7,2004,4,2,4,2,1,1,3,1,1,1,1,5,1,1,9,6,1,2,33,2,2,0
10,42,6,2004,2,7,8,2,1,1,1,1,1,1,1,5,1,1,9,6,1,2,33,1,0,1
10,42,7,2004,2,7,8,2,2,1,1,1,1,1,1,5,1,1,10,6,1,2,33,2,2,1
10,42,8,2004,1,7,8,2,2,1,3,1,1,1,1,5,1,1,13,6,1,2,33,1,0,0
10,42,8,2004,2,3,8,1,1,1,1,1,1,1,1,5,1,1,5,6,1,2,33,1,0,0
10,42,8,2004,4,7,8,2,2,1,3,1,1,1,1,5,1,1,14,6,1,1,33,1,0,0
9,42,7,2004,1,1,1,2,1,1,2,1,1,1,1,5,1,1,19,6,1,2,33,1,0,0
9,42,7,2004,3,1,1,2,1,1,1,1,1,1,1,5,1,1,10,6,1,1,33,2,2,3
9,42,7,2004,2,3,6,2,1,1,1,1,1,1,1,5,1,1,10,6,1,1,24,2,2,0
9,42,7,2004,3,7,6,2,1,1,1,1,1,1,1,5,1,1,19,6,1,2,33,1,0,0
9,42,7,2004,4,1,1,2,1,1,3,1,1,1,1,5,1,1,8,6,1,1,33,2,2,0
9,42,7,2004,4,1,1,2,1,1,3,1,1,1,1,5,1,1,14,6,1,1,33,2,2,2
9,42,7,2004,3,6,4,2,1,1,1,1,1,1,1,5,1,1,10,6,1,1,33,2,2,1
9,42,7,2004,1,1,1,2,1,1,3,1,1,1,1,5,1,1,10,6,1,1,33,2,2,0
9,42,7,2004,2,5,6,2,1,1,1,1,1,1,1,5,1,1,8,6,1,1,33,2,2,1
9,42,7,2004,2,1,1,2,1,1,1,1,1,1,1,5,1,1,14,6,1,1,33,2,2,0
9,42,7,2004,2,3,8,2,1,1,1,1,1,1,1,5,1,1,14,6,1,1,23,2,2,1
9,42,8,2004,1,1,1,2,1,1,3,1,1,1,1,5,1,1,19,6,1,2,33,1,0,0
9,42,8,2004,2,1,1,2,1,1,2,1,1,1,1,5,1,1,9,6,1,2,33,1,0,0
9,42,8,2004,1,1,1,2,1,1,3,1,1,1,1,5,1,1,19,6,1,2,33,1,0,0
9,42,8,2004,2,3,6,2,1,1,1,1,1,1,1,5,1,1,8,6,1,1,33,2,2,1
9,42,8,2004,1,3,5,2,1,1,3,1,1,1,1,5,1,1,14,6,1,2,33,2,2,0
9,42,4,2004,4,3,6,2,1,1,3,1,1,1,1,5,1,1,19,6,1,2,33,1,0,0
9,42,8,2004,2,1,1,2,1,1,1,1,1,1,1,5,1,1,19,6,1,2,33,1,0,0
10,42,9,2004,2,7,8,2,2,1,1,1,1,1,1,5,1,1,11,8,1,1,33,1,0,0
9,42,9,2004,1,1,1,2,1,1,3,1,1,1,1,5,1,1,14,6,1,1,33,2,2,0
9,42,9,2004,3,3,6,2,1,1,1,1,1,1,1,5,1,1,7,6,1,1,33,2,2,0
9,42,9,2004,1,1,1,2,1,1,3,1,1,1,1,5,1,1,15,6,1,2,33,1,0,0
9,42,9,2004,1,1,1,2,1,1,3,1,1,1,1,5,1,1,19,6,1,2,33,1,0,0
9,42,9,2004,2,3,1,2,1,1,1,1,1,1,1,5,1,1,9,6,1,1,33,1,2,0
9,42,9,2004,1,5,6,2,1,1,3,1,1,1,1,5,1,1,14,6,1,2,33,1,2,0
10,42,10,2004,2,7,4,2,1,2,1,1,1,1,1,5,1,1,8,6,1,2,33,1,0,0
10,42,10,2004,3,7,8,2,2,1,1,1,1,1,1,5,1,1,14,6,1,2,33,1,0,1
21,42,1,2004,1,1,1,2,1,1,3,1,1,1,1,5,1,1,14,6,1,1,33,1,2,2
21,42,1,2004,3,1,1,2,2,1,1,1,1,1,1,5,1,1,14,6,1,1,33,1,2,0
21,42,2,2004,3,1,1,2,2,1,1,1,1,1,1,5,1,1,9,6,1,1,33,1,2,0
3,42,1,2004,3,3,1,2,2,1,1,1,1,1,1,5,1,1,9,6,1,2,33,1,0,0
3,42,2,2004,2,3,1,2,1,1,1,1,1,1,1,5,1,1,14,6,1,2,33,1,2,0
3,42,3,2004,2,3,1,2,1,1,1,1,1,1,1,5,1,1,16,6,1,1,35,2,2,0
3,42,3,2004,4,7,1,1,1,1,3,1,1,1,1,5,1,1,16,6,1,1,33,1,0,0
3,42,6,2004,2,1,1,2,2,1,1,1,1,1,1,5,1,1,8,6,1,1,25,2,2,0
3,42,7,2004,3,1,1,2,1,1,1,1,1,1,1,5,1,1,13,6,1,1,33,2,2,3
18,42,3,2004,2,1,1,2,1,1,2,1,1,1,1,5,1,1,13,6,1,1,30,2,2,2
18,42,3,2004,3,1,4,2,1,1,1,1,1,1,1,5,1,1,8,6,1,1,37,2,2,1
18,42,6,2004,1,3,1,2,1,1,2,1,1,1,1,5,1,1,14,6,1,1,30,2,2,3
18,42,7,2004,2,3,1,1,1,1,1,1,1,1,1,5,1,1,10,6,1,1,28,2,2,3
4,42,3,2004,4,1,1,2,1,1,3,1,1,1,1,5,1,1,9,6,1,1,33,2,2,0
4,42,3,2004,4,1,1,2,2,1,3,1,1,1,1,5,1,1,14,6,1,1,33,2,2,0
4,42,5,2004,4,1,1,2,2,1,3,1,1,1,1,5,1,1,9,6,1,1,33,2,2,0
4,42,5,2004,4,1,1,2,1,1,2,1,1,1,1,5,1,1,8,6,1,1,33,2,2,0
4,42,6,2004,3,1,1,1,1,1,1,1,1,1,1,5,1,1,8,6,1,1,33,2,2,3
4,42,6,2004,4,1,1,1,2,1,2,2,1,1,1,5,1,1,9,6,1,2,33,2,2,3
4,42,6,2004,1,1,1,1,2,1,3,2,1,1,1,5,1,1,10,6,1,1,33,2,2,3
4,42,6,2004,2,1,1,1,2,1,1,1,1,1,1,5,1,1,9,6,1,1,33,2,2,3
6,42,4,2004,4,3,6,2,1,1,3,1,1,1,1,5,1,1,9,6,1,1,33,2,2,1
6,42,4,2004,2,1,4,2,2,1,1,1,1,1,1,5,1,1,8,6,1,2,33,2,2,0
6,42,4,2004,3,5,6,2,1,1,1,1,1,1,1,5,1,1,9,6,1,2,33,1,2,0
6,42,4,2004,1,1,1,2,1,1,3,1,1,1,1,5,1,1,14,6,1,1,33,2,2,0
6,42,4,2004,2,1,1,2,1,1,1,1,1,1,1,5,1,1,9,6,1,2,33,1,0,0
6,42,4,2004,1,1,1,2,1,1,3,1,1,1,1,5,1,1,19,6,1,2,33,1,0,0
6,42,5,2004,1,1,4,2,1,1,3,1,1,1,1,5,1,1,9,6,1,2,33,1,0,0
6,42,5,2004,4,1,1,2,1,1,3,1,1,1,1,5,1,1,9,6,1,2,33,1,0,0
6,42,5,2004,4,1,1,2,2,1,4,1,1,1,1,5,1,1,14,6,1,1,33,1,2,0
6,42,5,2004,2,1,1,2,1,1,1,1,1,1,1,5,1,1,9,6,1,1,33,1,2,0
6,42,5,2004,1,1,1,2,1,1,3,1,1,1,1,5,1,1,14,6,1,1,33,2,2,0
6,42,7,2004,2,5,6,1,1,1,1,1,1,1,1,5,1,1,8,6,1,1,33,2,2,2
6,42,7,2004,2,5,6,2,1,1,1,1,1,1,1,5,1,1,9,6,1,1,33,1,2,0
6,42,7,2004,4,1,4,2,1,1,3,1,1,1,1,5,1,1,7,6,1,2,33,1,2,1
6,42,7,2004,3,1,1,2,1,1,1,1,1,1,1,5,1,1,13,6,1,2,33,1,2,1
6,42,7,2004,4,1,1,2,1,1,4,1,1,1,1,5,1,1,9,6,1,1,33,1,2,1
2,42,1,2004,2,5,6,2,1,1,1,1,1,1,1,5,1,1,9,6,1,1,33,2,2,0
2,42,2,2004,3,1,1,2,1,1,1,1,1,1,1,5,1,1,8,6,1,1,33,2,2,0
2,42,3,2004,2,1,1,2,1,1,2,1,1,1,1,5,1,1,14,6,1,1,33,1,0,0
2,42,3,2004,4,1,1,2,1,1,3,1,1,1,1,5,1,1,10,6,1,1,33,1,2,1
2,42,3,2004,3,4,5,2,1,1,1,1,1,1,1,5,1,1,14,6,1,1,33,1,2,0
2,42,3,2004,4,5,6,2,1,1,2,1,1,1,1,5,1,1,8,6,1,1,33,2,2,0
2,42,3,2004,1,5,6,2,1,1,2,1,1,1,1,5,1,1,14,6,1,1,33,2,2,0
2,42,1,2004,1,1,1,2,1,1,3,1,1,1,1,5,1,1,7,6,1,1,33,1,2,0
2,42,4,2004,2,1,1,2,1,1,1,1,1,1,1,5,1,1,9,6,1,1,33,2,2,0
2,42,4,2004,1,1,1,2,1,1,2,1,1,1,1,5,1,1,8,6,1,1,33,2,2,0
2,42,4,2004,3,1,1,2,1,1,1,1,1,1,1,5,1,1,8,6,1,1,33,2,2,0
2,42,5,2004,3,3,6,2,1,1,1,1,1,1,1,5,1,1,15,6,1,1,33,2,2,0
2,42,6,2004,3,5,6,2,1,1,1,1,1,1,1,5,1,1,9,6,1,1,33,2,2,1
2,42,6,2004,3,4,6,2,1,1,1,1,1,1,1,5,1,1,8,6,1,1,33,1,2,0
2,42,5,2004,2,2,4,2,1,1,1,1,1,1,1,5,1,1,12,6,1,1,33,2,2,1
2,42,6,2004,3,5,6,2,1,1,1,1,1,1,1,5,1,1,9,6,1,2,40,2,2,1
2,42,6,2004,3,1,1,2,1,1,1,1,1,1,1,5,1,1,9,6,1,1,33,2,2,1
2,42,7,2004,4,1,1,2,1,1,3,1,1,1,1,5,1,1,9,6,1,1,33,2,2,1
2,42,7,2004,2,1,1,2,1,1,2,1,1,1,1,5,1,1,9,6,1,1,33,2,2,0
2,42,7,2004,2,1,1,2,2,1,1,1,1,1,1,5,1,1,10,6,1,2,33,2,2,1
2,42,7,2004,2,5,6,2,1,1,1,1,1,1,1,5,1,1,14,6,1,2,33,1,2,0
2,42,8,2004,2,1,4,2,1,1,2,1,1,1,1,5,1,1,12,6,1,1,33,1,2,0
2,42,8,2004,2,1,1,2,1,1,1,1,1,1,1,5,1,1,12,6,1,1,33,2,2,0
2,42,8,2004,4,1,1,2,1,1,3,1,1,1,1,5,1,1,10,6,1,1,33,2,2,1
2,42,8,2004,3,3,6,2,1,1,1,1,1,1,1,5,1,1,8,2,1,2,33,2,2,0
9,42,10,2004,3,3,4,2,1,1,1,1,1,1,1,5,1,1,9,6,1,1,33,2,2,0
9,42,10,2004,3,1,1,2,1,1,1,1,1,1,1,5,1,1,8,6,1,1,33,2,2,2
9,42,10,2004,1,1,1,2,1,1,2,1,1,1,1,5,1,1,14,6,1,1,33,2,2,0
9,42,10,2004,2,3,6,2,1,1,1,1,1,1,1,5,1,1,8,6,1,1,33,2,2,2
9,42,10,2004,3,7,6,2,2,1,1,1,1,1,1,5,1,1,7,6,1,1,33,2,2,2
9,42,10,2004,4,1,1,2,1,1,3,1,1,1,1,5,1,1,14,6,1,1,33,1,2,0
9,42,10,2004,3,1,1,2,1,1,1,1,1,1,1,5,1,1,4,6,1,1,33,2,2,1
9,42,10,2004,1,7,8,2,1,1,3,1,1,1,1,5,1,1,8,6,1,1,33,2,2,0
9,42,10,2004,1,3,6,2,1,1,2,1,1,1,1,5,1,1,10,6,1,2,33,1,0,0
12,42,1,2004,2,3,4,2,1,1,1,1,1,1,1,5,1,1,10,6,1,1,33,2,2,1
12,42,1,2004,2,3,1,2,1,1,1,1,1,1,1,5,1,1,12,6,1,1,33,2,2,1
12,42,1,2004,2,1,1,2,1,1,1,1,1,1,1,5,1,1,19,6,1,2,33,1,0,0
12,42,2,2004,4,5,6,2,1,1,3,1,1,1,1,5,1,1,10,6,1,1,33,2,2,2
12,42,2,2004,4,3,6,2,1,1,3,1,1,1,1,5,1,1,10,5,1,1,33,2,2,2
12,42,2,2004,2,3,5,2,1,1,1,1,1,1,1,5,1,1,8,6,1,1,33,2,2,1
12,42,2,2004,3,3,1,2,1,1,1,1,1,1,1,5,1,1,10,6,1,1,33,2,2,2
12,42,3,2004,2,1,4,2,1,1,1,1,1,1,1,5,1,1,9,6,1,1,33,2,2,0
12,42,3,2004,3,7,2,1,1,1,1,1,1,1,1,5,1,1,9,6,1,2,33,2,2,1
12,42,3,2004,3,1,1,2,1,1,1,1,1,1,1,5,1,1,8,6,1,1,33,2,2,0
12,42,4,2004,3,1,1,2,1,1,3,1,1,1,1,5,1,1,14,6,1,2,33,2,2,0
12,42,4,2004,4,3,1,2,1,1,3,1,1,1,1,5,1,1,19,6,1,1,33,2,2,0
12,42,5,2004,3,3,1,2,1,1,1,1,1,1,1,5,1,1,8,6,1,1,33,2,2,2
12,42,6,2004,4,1,1,2,1,1,3,1,1,1,1,5,1,1,9,6,1,1,33,2,2,0
12,42,6,2004,2,1,1,2,1,1,1,1,1,1,1,5,1,1,19,6,1,2,33,2,2,0
12,42,6,2004,4,1,1,2,1,1,3,1,1,1,1,5,1,1,19,6,1,1,33,2,2,2
12,42,6,2004,2,1,1,2,1,1,1,1,1,1,1,5,1,1,9,6,1,1,33,2,2,0
12,42,6,2004,2,1,1,2,1,1,2,1,1,1,1,5,1,1,9,6,1,1,33,2,2,0
12,42,7,2004,1,1,1,2,1,1,3,1,1,1,1,5,1,1,14,6,1,2,33,2,2,0
12,42,7,2004,2,1,1,2,1,1,2,1,1,1,1,5,1,1,12,6,1,2,33,2,2,0
12,42,7,2004,2,3,6,2,1,1,1,1,1,1,1,5,1,1,8,6,1,2,33,2,2,2
12,42,7,2004,3,3,6,2,1,1,1,1,1,1,1,5,1,1,9,6,1,1,33,2,2,2
12,42,8,2004,2,5,6,2,1,1,2,1,1,1,1,5,1,1,9,6,1,1,33,2,2,0
12,42,8,2004,1,1,1,2,1,1,3,1,1,1,1,5,1,1,14,6,1,1,33,2,2,0
12,42,6,2004,1,1,1,2,1,1,2,1,1,1,1,5,1,1,19,6,1,2,33,1,0,0
12,42,9,2004,2,1,1,2,1,1,1,1,1,1,1,5,1,1,15,6,1,1,33,2,2,0
12,42,7,2004,3,1,1,2,1,1,1,1,1,1,1,5,1,1,8,6,1,1,33,2,2,1
12,42,10,2004,3,1,6,2,1,1,1,1,1,1,1,5,1,1,10,6,1,1,33,2,2,1
12,42,10,2004,2,1,4,2,1,1,1,1,1,1,1,5,1,1,8,6,1,1,33,2,2,1
12,42,10,2004,2,3,6,2,1,1,1,1,1,1,1,5,1,1,9,6,1,1,33,2,2,0
12,42,11,2004,3,3,4,2,1,1,1,1,1,1,1,5,1,1,10,6,1,1,33,2,2,1
12,42,11,2004,3,1,1,2,1,1,1,1,1,1,1,5,1,1,7,6,1,1,33,2,2,1
12,42,11,2004,2,7,6,2,1,1,1,1,1,1,1,5,1,1,15,6,1,2,33,2,2,1
12,42,12,2004,3,5,6,2,1,1,1,1,1,1,1,5,1,1,4,6,1,2,33,2,2,0
12,42,12,2004,4,1,1,2,1,1,2,1,1,1,1,5,1,1,15,6,1,2,33,1,2,0
12,42,12,2004,4,7,6,2,1,1,3,1,1,1,1,5,1,1,9,6,1,1,33,2,2,0
17,42,1,2004,4,3,6,2,1,1,3,1,1,1,1,5,1,1,19,6,1,1,33,2,2,1
17,42,1,2004,1,1,1,2,1,1,3,1,1,1,1,5,1,1,9,6,1,1,33,1,2,0
17,42,1,2004,2,1,1,2,1,1,1,1,1,1,1,5,1,1,8,6,1,1,33,2,2,0
17,42,1,2004,1,5,5,2,1,1,3,1,1,1,1,5,1,1,8,6,1,2,33,2,2,2
17,42,3,2004,3,7,4,2,1,1,1,1,1,1,1,5,1,1,19,6,1,2,33,2,2,0