Thana,District,Month,Year,Time,Junction_Type,Traffic_Control,Movement,Divider,Weather,Light,Road_Geometry,Surface_Condition,Surface_Type,Surface_Quality,Road_Class,Road_Feature,Location_Type,Vehicle_Type,Vehicle_Movement,Vehicle_Loading,Vehicle_Defect,Vehicle_Driver_Age,Vehicle_Alcohol,Vehicle_Seat_Belt,Accident_Severity
17,42,3,2004,3,1,1,2,1,1,1,1,1,1,1,5,1,1,8,6,1,1,33,1,2,1
17,42,4,2004,1,1,1,2,1,1,2,1,1,1,1,5,1,1,19,6,1,2,33,1,0,0
17,42,4,2004,3,3,6,2,1,1,1,1,1,1,1,5,1,1,10,6,1,1,33,2,2,3
17,42,7,2004,4,3,6,2,1,1,3,1,1,1,1,5,1,1,10,6,1,1,33,2,2,1
17,42,7,2004,3,1,4,2,1,1,1,1,1,1,1,5,1,1,10,6,1,1,33,2,2,0
17,42,7,2004,3,1,1,2,1,1,1,1,1,1,1,5,1,1,7,6,1,1,33,2,2,0
17,42,7,2004,2,1,1,2,1,1,2,1,1,1,1,5,1,1,10,6,1,2,33,2,2,0
17,42,8,2004,1,1,1,2,2,1,2,1,1,1,1,5,1,1,12,6,1,1,33,2,2,0
17,42,8,2004,4,2,6,2,1,1,3,1,1,1,1,5,1,1,19,6,1,1,33,2,2,0
17,42,8,2004,4,1,1,2,1,1,3,1,1,1,1,5,1,1,19,6,1,2,33,2,2,0
17,42,8,2004,4,1,4,2,1,1,3,1,1,1,1,5,1,1,19,6,1,2,33,1,0,0
17,42,10,2004,2,1,1,2,1,1,1,1,1,1,1,5,1,1,11,6,1,1,33,2,2,0
17,42,9,2004,4,1,1,2,1,1,3,1,1,1,1,5,1,1,10,5,1,1,30,2,2,2
17,42,10,2004,1,1,8,2,2,1,3,1,1,1,1,5,1,1,14,6,1,1,33,2,2,0
17,42,2,2004,2,1,1,2,1,1,1,1,1,1,1,5,1,1,10,6,1,1,33,2,2,0
14,42,2,2004,3,1,1,2,2,1,1,1,1,1,1,5,1,1,19,6,1,2,33,1,0,0
14,42,2,2004,3,7,3,2,1,1,1,1,1,1,1,5,1,1,9,6,1,2,33,2,2,1
14,42,2,2004,3,1,1,2,2,1,1,1,1,1,1,5,1,1,19,6,1,1,33,1,0,0
14,42,3,2004,2,1,1,2,1,1,1,1,1,1,1,5,1,1,12,6,1,1,33,2,2,0
14,42,3,2004,2,3,1,2,1,1,1,1,1,1,1,5,1,1,9,6,1,2,33,2,2,1
14,42,8,2004,4,2,6,2,1,1,3,1,1,1,1,5,1,1,8,6,1,1,33,2,2,1
14,42,8,2004,4,1,1,2,1,1,3,1,1,1,1,5,1,1,19,6,1,2,33,1,0,0
14,42,8,2004,3,1,1,2,2,1,1,1,1,1,1,5,1,1,12,6,1,2,33,2,2,0
14,42,8,2004,2,2,1,2,2,1,1,1,1,1,1,5,1,1,10,6,1,2,33,1,2,0
14,42,8,2004,2,1,1,2,1,1,1,1,1,1,1,5,1,1,19,6,1,2,33,1,0,0
14,42,9,2004,1,1,1,2,2,1,2,1,1,1,1,5,1,1,14,6,1,1,33,2,2,0
14,42,9,2004,4,1,1,2,2,1,4,1,1,1,1,5,1,1,19,6,1,2,33,1,0,0
14,42,9,2004,4,1,4,2,1,1,3,1,1,1,1,5,1,1,19,6,1,2,33,1,0,0
14,42,9,2004,3,1,1,2,1,1,1,1,1,1,1,5,1,1,9,6,1,2,33,2,2,0
14,42,9,2004,4,1,1,2,2,1,3,1,1,1,1,5,1,1,14,7,1,2,33,2,2,0
14,42,10,2004,3,1,1,2,2,1,1,1,1,1,1,5,1,1,8,6,1,1,33,2,2,0
14,42,10,2004,4,5,6,2,1,1,3,1,1,1,1,5,1,1,14,6,1,1,23,2,2,1
14,42,11,2004,3,1,1,2,2,1,1,1,1,1,1,5,1,1,8,6,1,1,33,2,2,0
14,42,11,2004,2,3,1,2,1,1,1,1,1,1,1,5,1,1,10,6,1,1,33,2,2,0
14,42,11,2004,2,1,1,2,1,1,1,1,1,1,1,5,1,1,10,6,1,1,33,2,2,1
14,42,12,2004,1,1,1,2,1,1,3,1,1,1,1,5,1,1,9,6,1,2,33,2,2,0
14,42,12,2004,3,5,6,2,1,1,1,1,1,1,1,5,1,1,9,6,1,1,33,2,2,0
14,42,12,2004,1,7,6,2,1,1,2,1,1,1,1,5,1,1,19,6,1,2,33,1,0,0
14,42,12,2004,3,5,6,2,1,1,1,1,1,1,1,5,1,1,12,6,1,1,33,2,2,2
14,42,12,2004,2,2,6,2,1,1,1,1,1,1,1,5,1,1,9,6,1,1,33,2,2,1
16,42,2,2004,4,1,1,2,1,1,3,1,1,1,1,5,1,1,10,6,1,1,33,1,2,0
16,42,3,2004,3,1,1,2,2,1,1,1,1,1,1,5,1,1,9,6,1,1,33,2,2,0
16,42,3,2004,1,1,1,2,1,1,3,1,1,1,1,5,1,1,19,6,1,2,33,1,0,0
16,42,3,2004,4,1,4,2,1,1,1,1,1,1,1,5,1,1,9,6,1,1,33,2,2,0
16,42,3,2004,3,1,1,1,2,1,1,1,1,1,1,5,1,1,7,6,1,2,33,1,0,0
16,42,4,2004,1,1,1,2,1,1,3,1,1,1,1,5,1,1,9,6,1,1,33,2,2,2
16,42,4,2004,1,1,4,2,1,1,2,1,1,1,1,5,1,1,14,6,1,2,33,1,0,0
16,42,4,2004,3,1,1,2,1,1,1,1,1,1,1,5,1,1,12,6,1,1,33,2,2,0
16,42,5,2004,1,1,1,2,1,1,1,1,1,1,1,5,1,1,14,6,1,2,33,2,2,0
16,42,5,2004,4,1,1,2,1,1,3,1,1,1,1,5,1,1,14,6,1,1,33,2,2,0
16,42,5,2004,1,1,1,2,1,1,2,1,1,1,1,5,1,1,14,6,1,1,33,2,2,0
16,42,5,2004,4,7,4,2,1,1,3,1,1,1,1,5,1,1,14,6,1,1,33,2,2,0
16,42,4,2004,4,1,4,2,1,1,3,1,1,1,1,5,1,1,9,6,1,2,33,2,2,0
16,42,6,2004,2,1,4,2,1,1,1,1,1,1,1,5,1,1,9,6,1,2,33,2,2,0
16,42,6,2004,3,1,1,2,1,1,1,1,1,1,1,5,1,1,10,6,1,2,33,2,2,0
16,42,7,2004,2,1,1,2,1,1,1,1,1,1,1,5,1,1,9,6,1,1,33,2,2,0
16,42,7,2004,3,2,4,2,1,1,1,1,1,1,1,5,1,1,19,6,1,2,33,1,0,0
16,42,8,2004,3,1,1,2,1,1,1,1,1,1,1,5,1,1,9,6,1,1,33,2,2,0
16,42,8,2004,3,2,4,2,1,1,1,1,1,1,1,5,1,1,10,6,1,1,33,2,2,0
16,42,9,2004,2,1,1,2,1,1,1,1,1,1,1,5,1,1,10,6,1,1,33,2,2,0
16,42,9,2004,2,1,1,2,1,1,1,1,1,1,1,5,1,1,10,6,1,1,33,2,2,0
16,42,9,2004,2,1,1,2,1,1,1,1,1,1,1,5,1,1,9,6,1,2,33,1,0,0
16,42,10,2004,2,1,1,2,1,1,1,1,1,1,1,5,1,1,10,6,1,1,33,2,2,0
16,42,11,2004,2,1,1,2,1,1,1,1,1,1,1,5,1,1,9,6,1,1,33,2,2,0
16,42,11,2004,1,1,1,2,1,1,3,1,1,1,1,5,1,1,7,6,1,1,33,2,2,0
16,42,11,2004,4,1,1,2,1,1,3,1,1,1,1,5,1,1,9,6,1,1,33,2,2,0
16,42,11,2004,4,1,1,2,1,1,3,1,1,1,1,5,1,1,19,6,1,1,33,1,0,0
16,42,12,2004,4,1,1,2,1,1,3,1,1,1,1,5,1,1,19,6,1,1,33,1,0,0
16,42,12,2004,2,3,6,2,1,1,1,1,1,1,1,5,1,1,9,6,1,1,33,2,2,0
16,42,12,2004,4,3,6,2,1,1,3,1,1,1,1,5,1,1,9,6,1,1,33,2,2,0
16,42,12,2004,3,1,1,2,1,1,1,1,1,1,1,5,1,1,9,6,1,1,33,1,0,0
16,42,12,2004,2,3,6,2,1,1,2,1,1,1,1,5,1,1,9,6,1,1,33,2,2,0
8,42,2,2004,1,2,6,2,1,1,2,1,1,1,1,5,1,1,9,6,1,1,35,1,2,0
8,42,3,2004,3,1,1,2,1,1,1,1,1,1,1,5,1,1,8,6,1,1,33,2,2,1
8,42,3,2004,2,3,6,2,1,1,2,1,1,1,1,5,1,1,8,6,1,1,33,2,2,1
8,42,3,2004,4,1,1,2,1,1,3,1,1,1,1,5,1,1,10,6,1,1,33,2,2,0
8,42,4,2004,2,3,4,2,1,1,1,1,1,1,1,5,1,1,10,6,1,1,33,2,2,1
8,42,4,2004,3,1,4,2,1,1,1,1,1,1,1,5,1,1,8,6,1,1,33,2,2,1
8,42,7,2004,2,1,1,2,1,1,1,1,1,1,1,5,1,1,10,6,1,1,33,2,2,1
8,42,7,2004,4,1,1,2,1,1,3,1,1,1,1,5,1,1,19,6,1,1,33,2,2,0
8,42,10,2004,2,3,1,2,1,1,1,1,1,1,1,5,1,1,8,6,1,1,33,2,2,2
8,42,11,2004,3,1,1,2,1,1,1,1,1,1,1,5,1,1,8,6,1,1,33,2,2,0
8,42,12,2004,2,3,4,2,1,1,2,1,1,1,1,5,1,1,19,6,1,1,33,2,2,0
8,42,12,2004,2,3,1,2,1,1,1,1,1,1,1,5,1,1,8,6,1,1,33,2,2,0
8,42,12,2004,2,7,6,2,1,1,1,1,1,1,1,5,1,1,4,6,1,1,33,2,2,3
1,42,8,2004,1,3,6,2,1,1,3,1,1,1,1,5,1,1,10,6,1,1,33,2,2,1
1,42,8,2004,3,3,6,2,1,1,1,1,1,1,1,5,1,1,9,6,1,1,33,2,2,2
1,42,8,2004,3,2,6,2,1,1,1,1,1,1,1,5,1,1,8,6,1,1,33,2,2,1
1,42,8,2004,2,2,6,2,1,1,1,1,1,1,1,5,1,1,8,6,1,1,33,2,2,0
1,42,10,2004,2,1,1,2,1,1,1,1,1,1,1,5,1,1,4,6,1,1,33,2,2,0
1,42,10,2004,3,2,6,2,1,1,1,1,1,1,1,5,1,1,19,6,1,1,33,2,2,1
1,42,11,2004,3,2,6,2,1,1,1,1,1,1,1,5,1,1,8,6,1,1,32,2,2,2
1,42,12,2004,4,1,4,2,1,1,3,1,1,1,1,5,1,1,19,6,1,2,33,2,2,0
9,42,11,2004,4,1,4,2,1,1,3,1,1,1,1,5,1,1,9,6,1,1,33,1,0,0
9,42,11,2004,2,7,4,2,1,1,1,1,1,1,1,5,1,1,9,6,1,1,33,2,2,0
9,42,11,2004,4,3,4,2,1,1,3,1,1,1,1,5,1,1,7,6,1,1,33,2,2,1
9,42,11,2004,2,3,4,2,1,1,2,1,1,1,1,5,1,1,9,6,1,1,33,2,2,0
9,42,11,2004,2,1,1,2,1,1,1,1,1,1,1,5,1,1,9,6,1,1,20,2,2,0
9,42,12,2004,3,1,1,2,1,1,1,1,1,1,1,5,1,1,4,6,1,1,33,2,2,0
9,42,12,2004,3,1,1,1,2,1,1,1,1,1,1,5,1,1,14,6,1,1,33,2,2,1
9,42,12,2004,3,7,4,2,1,1,1,1,1,1,1,5,1,1,9,6,1,1,20,2,2,0
9,42,12,2004,3,7,1,2,1,1,1,1,1,1,1,5,1,1,10,6,1,1,33,2,2,0
9,42,12,2004,4,3,4,2,1,1,3,1,1,1,1,5,1,1,14,6,1,1,33,2,2,0
13,42,12,2004,2,7,4,1,1,1,1,1,1,1,1,5,1,1,8,6,1,1,26,2,2,0
11,42,8,2004,4,1,1,2,1,1,1,1,1,1,1,5,1,1,19,6,1,1,33,2,2,1
11,42,9,2004,3,1,1,2,1,1,1,1,1,1,1,5,1,1,10,6,1,1,33,2,2,1
11,42,9,2004,2,3,1,2,1,1,1,1,1,1,1,5,1,1,12,6,1,1,30,2,2,0
11,42,10,2004,2,1,1,1,1,1,1,1,1,1,1,5,1,1,9,6,1,1,33,2,2,0
11,42,10,2004,2,3,4,2,1,1,1,1,1,1,1,5,1,1,8,6,1,1,33,2,2,1
7,42,2,2004,2,7,8,2,2,1,1,1,1,1,1,5,1,1,12,6,1,1,18,2,2,1
7,42,10,2004,3,7,8,2,2,1,1,1,1,1,1,5,1,1,10,6,1,1,30,2,2,1
5,42,3,2004,3,3,4,1,1,1,1,1,1,1,1,5,1,1,8,6,1,1,33,2,2,1
5,42,3,2004,2,1,1,2,1,1,1,1,1,1,1,5,1,1,9,6,1,1,33,2,2,1
5,42,4,2004,2,2,4,2,1,1,1,1,1,1,1,5,1,1,9,6,1,1,33,2,2,0
5,42,5,2004,4,1,1,2,2,1,1,1,1,1,1,5,1,1,8,6,1,1,33,2,2,1
5,42,6,2004,1,3,8,2,1,1,1,1,1,1,1,5,1,1,12,6,1,2,33,2,2,0
5,42,8,2004,4,1,1,2,1,1,3,1,1,1,1,5,1,1,10,6,1,1,33,2,2,1
10,42,11,2004,1,7,8,2,2,1,3,1,1,1,1,5,1,1,19,6,1,1,33,2,2,1
10,42,11,2004,4,7,1,2,1,1,3,1,1,1,1,5,1,1,8,6,1,1,33,2,2,0
10,42,11,2004,1,7,8,2,1,1,3,1,1,1,1,5,1,1,14,6,1,1,33,2,2,0
10,42,11,2004,2,7,8,2,2,1,1,1,1,1,1,5,1,1,10,6,1,1,33,2,2,1
10,42,11,2004,1,7,8,2,1,1,3,1,1,1,1,5,1,1,8,6,1,1,33,2,2,0
10,42,11,2004,2,7,8,2,2,1,1,1,1,1,1,5,1,1,19,6,1,1,33,1,0,1
10,42,12,2004,4,7,8,2,1,1,3,1,1,1,1,5,1,1,10,6,1,1,33,2,2,0
10,42,12,2004,1,7,8,2,2,1,3,1,1,1,1,5,1,1,8,6,1,1,33,2,2,1
10,42,12,2004,4,7,8,2,1,1,3,1,1,1,1,5,1,1,10,6,1,1,33,2,2,3
10,42,12,2004,2,7,8,2,2,1,1,1,1,1,1,5,1,1,12,6,1,1,33,2,2,1
10,42,12,2004,3,7,8,1,1,1,1,1,1,1,1,5,1,1,4,6,1,1,33,2,2,1
2,42,11,2004,4,1,1,2,1,1,3,1,1,1,1,5,1,1,9,6,1,1,33,2,2,0
2,42,12,2004,3,1,1,2,1,1,1,1,1,1,1,5,1,1,9,6,1,1,33,2,2,0
2,42,12,2004,2,3,6,1,1,1,1,1,1,1,1,5,1,1,8,6,1,1,33,2,2,2
2,42,12,2004,4,1,1,2,1,1,3,1,1,1,1,5,1,1,8,6,1,1,33,2,2,0
2,42,12,2004,3,5,6,2,1,1,1,1,1,1,1,5,1,1,8,6,1,1,33,2,2,1
2,42,12,2004,1,1,1,2,1,1,3,1,1,1,1,5,1,1,9,6,1,1,33,2,2,0
2,42,12,2004,2,1,1,2,1,1,1,1,1,1,1,5,1,1,9,6,1,1,33,2,2,0
2,42,12,2004,1,1,1,2,1,1,3,1,1,1,1,5,1,1,7,6,1,1,33,2,2,0
17,42,10,2004,3,1,1,2,1,1,1,1,1,1,1,5,1,1,8,6,1,1,33,2,2,0
17,42,11,2004,2,2,6,2,1,1,1,1,1,1,1,5,1,1,19,6,1,2,33,2,2,0
17,42,11,2004,2,1,1,2,1,1,2,1,1,1,1,5,1,1,12,6,1,1,33,2,2,2
17,42,11,2004,1,1,1,2,1,1,2,1,1,1,1,5,1,1,10,6,1,1,33,2,2,1
17,42,2,2004,3,1,4,2,1,1,1,1,1,1,1,5,1,1,19,6,1,2,33,1,0,0
17,42,12,2004,1,1,1,2,1,1,2,1,1,1,1,5,1,1,14,6,1,1,33,2,2,0
21,42,10,2004,2,1,1,2,2,1,2,1,1,1,1,5,1,1,14,6,1,1,33,2,2,0
21,42,10,2004,3,1,1,2,1,1,1,1,1,1,1,5,1,1,14,6,1,1,35,2,2,1
11,42,11,2004,3,1,1,2,1,1,1,1,1,1,1,5,1,1,10,6,1,1,30,2,2,0
11,42,11,2004,3,1,1,2,1,1,1,1,1,1,1,5,1,1,10,6,1,1,33,2,2,1
11,42,12,2004,1,1,1,2,1,1,3,1,1,1,1,5,1,1,19,6,1,2,33,1,0,0
11,42,12,2004,2,1,1,2,2,1,1,1,1,1,1,5,1,1,9,6,1,1,33,2,2,0
15,42,11,2004,3,7,1,1,1,1,1,1,1,1,1,5,1,1,8,6,1,1,33,2,2,3
6,42,8,2004,2,1,1,2,1,1,1,1,1,1,1,5,1,1,9,6,1,1,33,2,2,0
6,42,8,2004,2,1,1,2,1,1,1,1,1,1,1,5,1,1,9,6,1,1,33,2,2,0
6,42,8,2004,2,1,1,2,1,1,1,1,1,1,1,5,1,1,8,6,1,1,33,2,2,0
6,42,8,2004,2,1,1,2,1,1,1,1,1,1,1,5,1,1,15,6,1,1,33,2,2,0
6,42,10,2004,2,1,1,2,1,1,1,1,1,1,1,5,1,1,8,6,1,1,33,2,2,0
6,42,10,2004,3,1,1,2,1,1,1,1,1,1,1,5,1,1,9,6,1,1,33,1,0,0
6,42,10,2004,3,1,1,2,1,1,1,1,1,1,1,5,1,1,9,6,1,1,33,2,2,0
6,42,10,2004,1,1,1,2,2,1,4,1,1,1,1,5,1,1,9,6,1,1,33,2,2,0
6,42,10,2004,5,1,1,2,1,1,3,1,1,1,1,5,1,1,14,6,1,2,33,1,0,0
6,42,11,2004,2,1,1,2,1,1,1,1,1,1,1,5,1,1,9,6,1,1,33,2,2,0
6,42,11,2004,2,1,1,2,1,1,1,1,1,1,1,5,1,1,14,6,1,1,33,2,2,0
6,42,11,2004,2,1,1,2,1,1,1,1,1,1,1,5,1,1,14,6,1,1,33,2,2,0
6,42,11,2004,3,1,1,2,1,1,1,1,1,1,1,5,1,1,9,7,1,1,33,2,2,0
6,42,10,2004,4,6,4,2,1,1,3,1,1,1,1,5,1,1,9,6,1,1,33,2,2,0
6,42,12,2004,4,1,1,2,1,1,3,1,1,1,1,5,1,1,16,6,1,1,33,2,2,1
6,42,12,2004,2,1,1,2,2,1,1,1,1,1,1,5,1,1,8,6,1,1,33,2,2,0
6,42,12,2004,4,1,1,1,1,1,3,1,1,1,1,5,2,1,9,6,1,2,33,1,0,0
6,42,12,2004,3,1,1,2,2,1,1,1,1,1,1,5,1,1,14,6,1,1,33,2,2,0
6,42,12,2004,4,5,6,2,1,1,2,1,1,1,1,5,1,1,8,6,1,1,33,2,2,0
6,42,1,2004,2,1,1,2,2,1,1,1,1,1,1,5,1,1,14,6,1,1,33,1,0,0
6,42,1,2004,3,1,1,2,1,1,1,1,1,1,1,5,1,1,8,6,1,1,25,2,2,1
6,42,2,2004,2,1,4,2,1,1,1,1,1,1,1,5,1,1,9,6,1,1,33,2,2,0
6,42,2,2004,2,1,1,2,1,1,1,1,1,1,1,5,1,1,9,6,1,1,33,2,2,0
6,42,2,2004,1,1,1,2,1,1,3,1,1,1,1,5,1,1,19,6,1,1,33,1,0,0
6,42,2,2004,1,1,1,2,1,1,2,1,1,1,1,5,1,1,16,6,1,1,33,2,2,0
6,42,3,2004,3,5,5,2,1,1,1,1,1,1,1,5,1,1,9,6,1,2,33,2,2,0
6,42,3,2004,4,5,6,2,1,1,3,1,1,1,1,5,1,1,14,6,1,1,27,2,2,0
6,42,3,2004,2,1,1,2,2,1,1,1,1,1,1,5,1,1,9,6,1,1,33,2,2,0
22,42,1,2004,1,1,1,2,1,1,2,1,1,1,1,5,1,1,5,6,1,1,33,2,2,0
22,42,1,2004,3,1,1,1,1,1,2,1,1,1,1,5,1,1,9,6,1,1,33,2,2,0
22,42,1,2004,2,7,1,1,1,1,1,1,1,1,1,5,1,1,10,6,1,1,33,2,2,0
22,42,2,2004,2,1,1,1,1,1,1,1,1,1,1,5,1,1,19,6,1,1,30,2,2,0
22,42,3,2004,3,7,1,1,1,1,1,1,1,1,1,5,1,1,9,6,1,1,33,2,2,0
22,42,5,2004,1,1,1,1,1,1,3,1,1,1,1,5,1,1,19,6,1,2,33,1,0,0
22,42,7,2004,1,1,1,1,1,1,3,1,1,1,1,5,1,1,13,6,1,1,33,1,0,0
22,42,7,2004,1,1,1,2,1,1,3,1,1,1,1,5,1,1,19,6,1,2,33,1,0,0
22,42,7,2004,3,5,4,1,1,1,1,1,1,1,1,5,1,1,8,6,1,1,33,2,2,0
22,42,8,2004,4,1,1,1,1,1,3,1,1,1,1,5,1,1,9,6,1,2,33,1,0,1
22,42,8,2004,4,7,1,1,1,1,3,1,1,1,1,5,1,1,10,6,1,1,33,2,2,0
22,42,8,2004,2,5,4,1,1,1,1,1,1,1,1,5,1,1,19,6,1,1,33,2,2,0
22,42,9,2004,4,1,1,1,1,1,3,1,1,1,1,5,1,1,14,6,1,2,33,1,2,0
22,42,10,2004,4,1,1,1,1,1,3,1,1,1,1,5,1,1,9,6,1,2,33,1,2,0
22,42,11,2004,4,5,1,1,1,1,3,1,1,1,1,5,1,1,9,6,1,2,33,1,2,1
22,42,11,2004,3,5,8,1,1,1,1,1,1,1,1,5,1,1,9,6,1,1,40,2,2,1
22,42,12,2004,4,1,1,1,1,1,3,1,1,1,1,5,1,1,9,6,1,2,33,1,2,1
22,42,12,2004,4,1,1,1,1,1,3,1,1,1,1,5,1,1,9,6,1,2,33,1,2,0
22,42,12,2004,3,5,4,2,1,1,1,1,1,1,1,5,1,1,9,6,1,2,33,1,0,0
6,42,9,2004,2,1,1,2,2,1,1,1,1,1,1,5,1,1,8,5,1,1,33,2,2,2
6,42,9,2004,1,1,1,2,2,1,4,1,1,1,1,5,1,1,14,6,1,1,33,2,2,0
6,42,9,2004,3,1,1,2,2,1,1,1,1,1,1,5,1,1,8,6,1,1,33,2,2,0
6,42,9,2004,1,1,1,2,2,1,4,1,1,1,1,5,1,1,7,6,1,1,33,2,2,0
6,42,9,2004,4,1,1,2,2,1,3,1,1,1,1,5,1,1,15,6,1,2,33,1,2,0
6,42,9,2004,2,1,4,2,2,1,1,1,1,1,1,5,1,1,9,6,1,1,33,2,2,0
6,42,9,2004,2,1,1,2,2,1,1,1,1,1,1,5,1,1,9,6,1,1,33,2,2,1
6,42,10,2004,1,5,6,2,1,1,3,1,1,1,1,5,1,1,9,6,1,1,33,2,2,1
2,19,1,2004,1,2,1,2,2,4,1,1,1,1,1,1,1,2,9,6,1,6,40,2,2,0
2,19,4,2004,1,1,1,2,2,1,4,3,1,1,1,2,1,2,14,6,1,1,33,2,2,0
1,19,4,2004,2,1,1,2,2,1,1,1,1,1,1,2,1,2,14,6,1,7,34,2,2,1
1,23,2,2004,3,1,1,2,2,1,1,2,1,1,2,3,1,2,9,6,1,7,33,2,2,0
4,23,6,2004,2,1,1,1,2,1,1,2,1,1,1,3,1,2,14,6,1,7,33,2,2,0
3,18,2,2004,2,3,1,1,2,1,1,1,1,1,1,1,1,2,17,6,2,7,33,2,2,0
2,18,1,2004,3,1,1,2,2,1,1,1,1,1,1,1,1,1,9,11,1,7,33,2,2,0
6,24,3,2004,2,7,1,1,1,1,1,1,1,1,1,2,1,2,4,6,1,1,33,2,2,0
1,24,3,2004,2,1,1,1,2,1,1,1,1,1,1,1,1,2,9,6,1,1,33,2,2,0
2,24,3,2004,4,1,1,2,2,1,1,1,1,1,1,1,1,2,14,6,1,1,38,2,2,0
1,24,1,2004,2,1,1,1,2,1,1,1,1,1,1,1,1,2,9,6,1,1,33,1,2,0
1,24,1,2004,3,1,1,2,2,2,1,1,2,1,2,1,2,2,7,6,1,1,33,1,2,0
1,24,1,2004,3,4,1,2,2,1,1,1,1,1,1,1,1,1,9,1,2,1,33,1,2,0
7,24,1,2004,2,1,8,1,2,1,1,1,1,1,1,2,1,2,9,6,1,1,33,1,1,0
1,24,2,2004,3,1,1,2,2,1,1,1,1,1,1,1,1,2,9,6,2,1,33,1,2,0
9,24,2,2004,2,3,1,2,1,1,1,1,1,1,1,1,1,1,9,6,1,1,33,1,1,0
8,24,2,2004,4,1,1,1,2,1,4,1,1,1,1,1,1,2,10,6,1,1,33,2,2,1
2,24,3,2004,4,1,1,2,2,1,1,2,1,1,1,1,1,2,14,6,1,1,38,1,2,0
2,24,3,2004,3,1,1,2,2,1,1,1,1,1,1,1,1,2,9,6,1,1,45,2,2,0
6,24,3,2004,2,1,1,1,1,1,1,1,1,1,1,2,1,2,4,6,1,1,33,2,2,0
1,24,3,2004,2,1,1,1,2,1,1,1,1,1,1,1,1,2,9,6,1,1,33,2,2,0
1,19,7,2004,3,4,1,2,2,1,1,1,1,1,1,2,1,2,4,6,1,7,22,2,2,0
3,19,10,2004,3,3,1,1,2,1,1,1,1,1,1,3,1,2,17,6,1,7,25,2,2,0
1,21,7,2004,1,1,1,1,2,2,4,1,1,1,1,1,1,2,9,5,1,7,33,2,2,0
1,21,7,2004,2,1,1,2,2,2,1,1,2,1,1,1,1,2,9,6,1,1,33,1,2,0
3,21,7,2004,3,1,1,1,2,1,1,1,1,1,1,1,1,1,9,6,1,1,45,2,2,0
7,24,9,2004,3,1,1,2,2,1,1,1,1,1,1,3,1,2,4,5,1,1,33,2,2,0
1,24,8,2004,2,1,1,2,2,1,1,1,1,1,1,1,1,1,9,6,1,1,33,2,2,0
5,24,7,2004,2,1,1,2,2,1,1,1,1,1,1,1,1,2,9,6,1,7,33,2,2,0
1,21,4,2004,2,1,1,2,2,1,1,1,1,1,1,1,1,2,9,6,1,6,33,2,2,0
6,21,4,2004,3,1,1,1,1,1,1,1,1,1,1,2,1,1,14,6,1,6,33,1,1,0
2,21,4,2004,2,1,3,2,2,1,1,1,1,1,1,4,1,2,4,6,1,7,33,2,2,0
2,21,4,2004,4,1,1,2,2,1,2,1,1,1,1,4,1,2,14,6,1,7,33,1,2,0
3,21,4,2004,1,1,1,2,2,1,4,1,1,1,1,1,1,2,11,6,1,1,26,1,2,0
4,21,3,2004,4,1,1,2,2,1,4,1,1,1,1,3,1,2,9,6,1,7,33,1,2,0
1,21,9,2004,3,1,1,2,2,2,1,1,2,1,1,1,1,2,14,1,1,1,33,1,2,0
1,21,9,2004,4,1,4,2,2,1,1,1,1,1,1,1,1,1,9,6,1,1,33,2,2,0
6,21,9,2004,2,1,1,2,2,1,1,1,1,1,1,1,1,2,14,6,1,7,33,2,2,0
3,21,9,2004,2,3,1,2,2,2,1,1,2,1,2,3,1,2,4,6,1,7,33,2,2,0
1,21,3,2004,2,2,1,2,2,1,1,1,1,1,1,1,1,2,9,6,1,1,33,2,2,0
1,21,3,2004,2,1,1,2,2,1,1,1,1,1,1,1,1,1,13,6,1,1,33,2,2,0
1,21,1,2004,2,1,1,2,2,1,1,1,1,1,1,1,1,2,9,6,1,7,33,1,2,0
1,21,1,2004,2,7,1,2,2,1,1,1,1,1,1,1,1,2,14,6,1,1,33,2,2,1
1,24,8,2004,3,1,1,2,1,1,1,1,1,1,1,1,1,2,9,6,1,1,33,1,2,0
1,24,8,2004,3,3,1,2,1,1,1,1,1,1,1,1,1,2,9,4,1,6,33,1,2,0
6,24,8,2004,2,1,1,1,2,1,1,1,1,1,1,3,1,2,14,11,1,7,33,2,2,0
1,21,2,2004,4,1,1,2,2,1,4,1,1,1,1,2,1,2,14,6,1,1,33,1,2,0
1,21,2,2004,4,1,1,1,2,1,2,1,1,1,1,1,1,1,7,6,1,1,33,2,1,0
4,21,2,2004,1,1,1,2,2,1,1,1,1,1,3,1,2,1,14,6,1,7,40,2,2,0
1,21,10,2004,4,1,1,2,2,1,2,1,1,1,1,1,1,2,9,5,1,7,35,2,2,0
1,21,10,2004,1,1,1,2,2,4,4,1,1,1,1,2,1,2,14,6,1,1,33,2,2,0
2,21,10,2004,2,1,1,1,2,1,1,1,2,1,1,3,1,2,9,6,1,7,33,2,2,3
1,21,6,2004,4,1,4,2,2,1,3,1,1,1,1,1,1,1,4,6,1,1,45,2,2,0
6,21,6,2004,3,1,1,1,1,1,1,1,1,1,1,1,1,2,9,6,1,1,35,2,2,0