Thana,District,Month,Year,Time,Junction_Type,Traffic_Control,Movement,Divider,Weather,Light,Road_Geometry,Surface_Condition,Surface_Type,Surface_Quality,Road_Class,Road_Feature,Location_Type,Vehicle_Type,Vehicle_Movement,Vehicle_Loading,Vehicle_Defect,Vehicle_Driver_Age,Vehicle_Alcohol,Vehicle_Seat_Belt,Accident_Severity
9,24,5,2004,3,7,8,2,2,1,1,1,1,1,1,1,1,2,10,5,1,7,33,2,2,0
1,24,5,2004,4,3,1,1,1,1,1,1,1,1,1,1,1,1,9,6,1,1,33,1,2,0
1,24,5,2004,2,1,4,2,2,1,1,1,1,1,1,1,1,1,9,6,1,1,33,2,2,0
2,28,5,2004,3,1,1,2,1,1,3,1,1,1,1,5,1,1,9,11,1,1,30,2,2,0
2,28,5,2004,2,1,8,2,2,1,1,1,1,1,1,5,1,1,14,11,1,1,40,2,2,1
2,28,6,2004,2,1,8,1,1,1,1,1,1,1,1,5,1,1,9,11,1,1,33,2,2,1
2,28,6,2004,2,1,8,1,1,1,1,1,1,1,1,5,1,1,7,11,1,1,33,2,2,0
4,28,1,2004,3,1,1,2,2,1,1,1,1,1,1,1,1,1,9,6,1,1,33,1,2,0
4,28,4,2004,2,1,8,1,2,1,1,1,1,1,2,4,1,2,13,7,1,1,32,1,1,0
5,28,4,2004,3,7,8,1,2,1,1,1,1,1,1,5,1,1,13,6,1,1,35,2,2,0
5,28,5,2004,3,1,3,2,2,1,1,1,1,1,1,3,1,1,14,11,1,1,45,2,2,0
5,28,5,2004,3,7,8,2,2,1,1,1,1,1,1,5,1,1,14,6,1,1,33,2,2,1
7,7,1,2004,3,7,1,2,2,1,1,1,1,3,2,3,1,2,17,6,1,7,33,1,2,0
10,7,1,2004,1,7,1,2,2,1,1,1,1,1,1,3,1,2,13,6,1,1,33,2,2,0
1,7,1,2004,4,1,1,2,2,1,1,2,1,1,1,1,1,2,9,4,1,1,33,2,2,0
1,7,2,2004,3,4,1,2,2,1,1,1,1,1,1,4,1,2,13,2,1,1,33,2,2,0
11,7,2,2004,3,1,1,1,2,1,1,1,1,1,1,3,1,2,4,11,1,1,32,2,2,0
10,7,2,2004,2,1,1,2,2,1,1,1,1,1,1,4,1,2,8,6,1,1,30,2,2,0
1,7,3,2004,2,1,1,2,2,1,1,1,1,1,1,3,1,2,8,11,1,1,35,2,2,0
6,7,3,2004,2,1,1,2,2,1,1,1,1,3,2,4,1,2,19,6,2,1,32,2,2,0
8,7,3,2004,2,7,1,2,2,1,1,1,1,1,1,1,1,2,14,6,1,1,33,1,2,0
1,2,1,2004,2,7,8,1,2,4,2,2,1,1,1,4,2,2,9,2,1,1,33,2,2,0
1,1,1,2004,3,1,1,2,2,1,1,1,1,1,1,1,1,2,9,11,1,1,33,2,2,0
5,1,1,2004,2,7,1,2,2,1,1,2,1,1,1,1,1,2,14,1,1,1,33,2,2,0
4,2,3,2004,4,1,1,1,2,1,2,1,1,1,1,2,1,1,6,5,1,3,33,2,2,1
1,2,4,2004,3,1,1,2,2,1,1,1,1,1,1,1,1,1,8,6,1,1,33,2,2,0
3,8,1,2004,2,1,8,2,2,1,1,1,1,1,1,1,1,2,14,6,1,5,33,2,2,0
4,11,1,2004,2,1,1,2,2,1,1,1,1,1,1,2,1,2,8,4,1,1,42,1,2,0
9,11,1,2004,3,3,1,2,2,1,1,1,1,1,1,4,1,2,9,6,1,1,33,2,2,0
5,11,1,2004,3,2,1,2,2,1,1,1,1,1,1,2,1,2,9,6,1,7,33,2,2,0
10,11,1,2004,3,1,1,2,2,1,1,1,1,1,1,3,1,2,8,6,1,7,45,2,1,0
12,3,2,2004,2,1,1,2,2,1,1,1,1,1,1,2,1,2,9,6,1,1,33,2,2,0
4,8,1,2004,3,1,1,2,2,1,1,1,1,1,1,3,1,2,9,6,1,1,33,2,2,1
4,8,2,2004,3,1,1,2,2,1,1,1,1,1,1,1,2,1,9,6,1,1,33,2,2,0
1,10,2,2004,2,1,1,2,2,1,1,1,1,1,1,2,1,2,8,6,1,1,39,2,2,0
1,10,2,2004,3,7,8,2,2,1,1,1,1,1,1,5,1,1,8,6,1,1,35,2,2,0
1,4,3,2004,4,1,1,2,2,1,2,1,1,1,1,2,1,2,9,6,1,1,33,2,2,0
4,4,2,2004,3,1,1,2,1,1,1,3,1,1,2,4,1,2,8,6,1,1,42,2,2,3
3,3,2,2004,2,1,3,2,2,1,1,1,1,1,1,2,1,2,4,4,1,7,30,2,2,3
3,3,3,2004,3,1,1,2,2,1,1,2,1,1,1,2,1,2,8,2,1,1,42,2,2,1
8,3,3,2004,3,1,1,2,2,1,1,1,1,1,1,1,1,2,4,6,1,1,33,1,2,0
6,3,1,2004,3,7,1,1,2,1,1,2,1,1,1,3,1,2,6,6,1,1,33,2,2,0
4,3,1,2004,3,7,1,2,2,1,1,2,1,1,1,4,1,2,17,6,1,1,33,2,2,0
2,3,1,2004,4,1,1,2,2,1,4,1,1,1,1,3,1,2,17,6,1,1,40,2,2,1
6,4,1,2004,3,1,1,2,2,1,1,1,1,3,2,4,1,2,11,11,1,1,33,2,2,0
1,4,1,2004,1,1,1,2,2,1,1,1,1,1,1,4,1,2,12,11,1,1,33,2,2,0
3,4,1,2004,2,1,8,2,2,4,4,2,1,1,2,4,1,2,4,11,1,1,33,2,2,0
4,3,6,2004,1,1,1,2,2,1,2,1,1,1,1,1,1,1,15,6,1,1,33,2,2,0
4,2,6,2004,3,1,1,2,2,1,1,1,1,1,1,3,1,2,9,6,1,1,33,2,2,1
9,3,5,2004,1,7,1,1,2,1,4,1,1,1,1,3,1,2,14,11,1,1,34,1,2,1
7,7,6,2004,4,7,1,2,2,1,1,1,1,1,1,3,1,2,8,6,1,1,26,1,2,0
4,2,3,2004,3,1,1,2,2,1,1,1,1,1,1,3,1,2,9,11,1,1,33,2,2,0
2,3,6,2004,3,1,1,2,2,2,1,1,2,1,1,3,1,2,4,11,1,1,25,2,1,0
2,8,6,2004,3,1,3,2,2,1,1,1,1,1,1,4,1,2,14,6,1,1,36,2,2,0
6,3,6,2004,3,3,8,2,2,1,2,2,1,1,1,3,1,2,11,11,1,1,33,2,2,0
4,8,4,2004,3,1,1,2,2,1,1,1,2,1,1,1,1,1,14,6,1,1,33,1,2,0
1,7,6,2004,3,7,8,2,2,1,1,1,1,1,1,1,1,2,14,6,1,1,33,2,1,0
8,7,4,2004,3,2,1,2,2,1,1,1,1,1,1,1,1,2,8,6,1,1,33,2,1,0
10,3,5,2004,2,1,3,2,2,1,1,1,1,1,1,1,1,2,14,11,1,1,38,2,2,0
6,3,3,2004,3,1,1,2,2,1,1,1,1,1,1,3,1,2,4,11,1,1,33,2,2,0
5,12,2,2004,4,1,1,2,2,1,2,1,1,1,1,3,1,2,14,6,1,7,33,1,2,1
4,8,4,2004,1,1,8,2,1,1,2,1,1,1,1,1,1,1,14,4,1,1,33,2,2,0
4,8,5,2004,3,1,1,2,2,1,1,1,1,1,1,2,2,2,8,4,1,1,33,2,2,1
1,2,5,2004,3,1,1,2,2,1,1,1,1,1,1,3,1,2,8,6,1,1,33,2,2,0
1,2,5,2004,2,7,1,2,2,1,1,1,1,1,1,1,1,1,14,6,2,7,39,2,2,0
5,2,5,2004,2,3,1,2,2,1,1,1,1,1,1,3,1,2,17,6,1,1,33,2,2,0
4,8,7,2004,2,1,1,1,2,1,1,1,1,1,1,1,1,1,14,6,1,1,33,1,2,1
4,8,7,2004,3,1,1,2,1,1,1,1,1,1,1,1,1,2,9,6,1,1,33,2,2,0
12,3,7,2004,2,1,1,2,2,1,1,1,1,1,1,2,1,2,14,7,1,1,33,2,1,0
6,3,7,2004,2,1,8,2,2,1,1,1,1,1,1,2,1,2,14,6,1,1,33,2,2,3
12,3,7,2004,1,2,1,2,2,1,1,1,1,1,1,2,1,2,14,6,1,1,33,2,2,0
4,3,7,2004,4,1,1,2,1,1,2,1,1,1,1,1,1,2,14,6,1,1,45,2,2,3
10,3,7,2004,1,1,7,2,1,1,1,1,1,1,1,1,1,2,9,6,1,1,45,2,2,1
1,7,7,2004,1,1,1,2,2,2,1,1,2,1,1,1,1,2,7,6,1,1,33,2,2,0
2,7,7,2004,2,7,1,2,2,1,1,1,1,1,1,3,1,2,7,6,1,1,35,1,2,0
1,4,4,2004,3,1,1,2,2,1,1,1,1,1,1,3,1,2,14,6,1,1,33,2,2,3
5,4,4,2004,3,1,1,2,2,1,1,1,1,1,1,3,1,2,14,6,2,1,33,2,2,0
4,8,8,2004,3,1,1,1,2,1,1,1,1,1,1,1,1,2,14,6,1,1,33,2,2,3
4,8,8,2004,4,1,1,1,2,1,1,1,1,1,1,1,1,2,14,6,1,1,33,1,2,0
10,7,9,2004,1,1,1,2,2,1,1,1,1,1,1,3,1,2,8,5,1,7,33,2,2,0
7,7,9,2004,2,1,7,1,2,1,1,1,1,1,1,3,1,2,8,6,1,6,30,1,2,0
5,12,7,2004,3,1,1,2,2,1,1,1,1,1,1,3,1,2,14,6,1,1,33,2,2,1
5,12,7,2004,4,1,1,2,2,1,4,2,1,1,1,3,1,2,14,6,1,1,45,2,2,0
2,2,8,2004,2,1,1,2,2,1,1,1,1,1,1,3,1,2,8,6,1,1,33,2,1,1
7,7,8,2004,3,1,1,1,2,1,1,1,1,1,1,3,1,2,14,5,1,1,30,2,2,0
1,3,8,2004,2,2,1,2,2,2,2,1,2,1,1,2,1,1,9,6,1,1,40,2,2,0
1,3,8,2004,3,1,1,2,2,1,1,1,1,1,1,5,1,2,9,5,1,7,33,2,2,0
2,10,6,2004,4,1,1,1,2,1,2,1,1,1,2,3,1,2,19,11,1,7,33,2,2,0
6,3,8,2004,2,7,1,2,2,1,2,2,2,2,2,3,2,2,14,6,2,7,33,2,2,0
13,3,9,2004,1,1,1,2,2,1,1,1,1,2,1,2,1,2,4,6,2,1,33,2,2,0
5,2,10,2004,2,1,1,1,2,1,1,1,1,1,1,3,1,2,8,6,1,1,33,2,2,0
5,10,12,2004,3,4,1,2,2,1,1,1,1,1,1,3,1,2,8,6,1,1,33,2,2,0
3,10,10,2004,3,7,8,2,2,1,1,1,1,1,1,2,1,1,8,11,1,1,33,2,2,0
1,10,9,2004,1,1,1,2,2,1,3,1,1,1,1,1,3,1,14,6,1,1,35,2,2,1
8,3,8,2004,5,1,1,2,2,1,1,1,1,1,1,2,1,2,9,6,1,1,33,1,2,0
3,3,8,2004,3,3,1,1,1,1,1,1,1,1,1,2,1,2,14,6,1,1,51,2,2,0
4,3,9,2004,4,1,1,2,2,1,2,1,1,1,1,1,1,2,9,6,1,1,33,2,2,3
4,3,9,2004,1,1,1,2,2,1,1,1,1,1,1,1,1,2,9,6,1,1,33,2,2,0
7,17,2,2004,3,3,1,2,2,1,1,1,1,1,1,1,1,2,12,6,1,1,33,2,2,0
7,17,6,2004,2,3,1,2,2,1,1,2,1,1,1,1,1,2,9,1,1,1,34,2,2,0
7,17,11,2004,2,1,1,2,2,1,1,1,1,1,1,1,1,2,14,6,1,1,40,2,2,0
1,17,4,2004,3,1,1,2,2,1,1,1,1,1,1,1,1,2,8,6,1,1,33,2,2,0
1,17,10,2004,3,1,1,1,2,1,1,1,1,1,1,3,1,2,9,6,1,1,32,2,2,0
6,17,3,2004,3,2,3,2,1,1,1,1,1,1,1,3,1,2,9,11,1,7,33,2,2,0
7,17,7,2004,4,1,3,2,2,1,1,1,1,1,1,3,1,2,13,11,1,1,42,2,2,0
4,17,10,2004,3,1,1,2,2,1,1,1,1,1,1,3,1,2,6,1,1,1,35,2,2,0
5,17,9,2004,2,1,1,2,2,1,1,1,1,1,1,3,1,2,9,6,1,1,30,2,2,0
8,17,3,2004,3,7,1,1,2,1,1,1,1,1,1,3,1,2,9,6,2,1,33,2,2,0
2,17,3,2004,2,1,3,2,2,1,1,1,1,1,1,3,1,2,9,6,1,1,45,2,2,0
1,17,1,2004,2,2,1,2,2,4,1,1,1,1,1,3,1,2,4,6,1,1,33,2,2,0
3,17,5,2004,3,1,1,2,2,1,1,2,1,1,1,3,1,2,14,2,1,1,35,2,2,0
3,17,6,2004,5,2,3,2,2,4,2,1,1,1,1,3,1,2,19,1,2,1,33,1,2,0
3,17,9,2004,3,1,1,2,2,1,1,1,1,1,1,3,1,1,8,4,1,7,33,2,2,0
9,17,3,2004,2,7,1,2,2,1,1,1,1,1,1,3,1,2,9,6,1,1,33,2,2,3
7,17,3,2004,1,1,2,1,1,1,2,1,1,1,1,1,1,2,19,6,1,1,33,2,2,1
10,17,2,2004,2,1,1,2,2,1,1,1,1,1,1,1,1,2,14,6,1,1,33,2,2,0
10,17,1,2004,3,2,1,2,2,1,1,1,1,1,1,1,1,1,9,4,1,7,33,2,2,3
10,17,6,2004,2,1,3,2,1,3,1,1,1,1,1,1,1,1,4,6,1,1,33,2,2,1
10,17,10,2004,4,1,1,2,2,1,2,1,1,1,1,1,1,2,9,6,1,1,33,2,2,0
10,17,9,2004,1,1,1,2,2,1,2,2,1,1,1,1,1,2,14,6,1,1,33,2,2,0
7,17,3,2004,4,1,1,2,2,1,2,1,1,1,1,1,1,2,14,6,1,1,35,2,2,0
7,17,2,2004,1,4,1,2,2,1,2,2,1,1,1,3,1,2,14,6,1,7,33,2,2,0
1,17,3,2004,3,1,1,2,2,1,1,1,1,2,2,4,1,1,7,6,1,1,33,2,2,0
6,17,3,2004,3,1,1,1,1,1,1,1,1,1,3,3,1,2,8,6,1,7,33,2,2,0
9,17,6,2004,4,1,1,2,2,1,4,2,1,3,2,4,1,2,4,2,1,1,33,2,2,0
6,17,10,2004,3,2,1,1,2,1,1,1,1,1,1,1,1,2,9,11,1,1,33,2,2,0
8,17,3,2004,3,7,1,2,2,1,1,1,1,1,1,3,1,1,9,6,1,1,33,2,2,0
8,17,2,2004,3,3,1,2,2,1,1,1,1,1,1,3,1,1,9,6,1,1,38,2,2,0
2,3,11,2004,2,1,1,2,2,1,1,1,1,1,1,1,1,2,9,6,1,1,33,2,2,0
4,17,1,2004,2,1,1,2,2,1,1,1,1,1,1,4,1,1,17,6,1,1,33,2,2,0
9,17,1,2004,4,1,8,2,2,2,4,1,1,2,2,1,2,1,9,2,1,1,33,2,2,0
1,3,11,2004,3,7,1,2,2,1,1,5,1,1,1,5,3,1,14,2,1,1,40,2,2,3
8,17,5,2004,2,1,1,2,2,1,1,1,1,1,1,1,1,2,8,6,1,1,38,2,2,0
8,17,4,2004,1,1,1,2,2,1,2,5,1,1,1,1,1,2,14,6,1,1,40,1,2,0
4,3,11,2004,3,1,1,2,2,1,1,1,1,1,1,1,1,2,8,6,1,1,38,2,2,0
1,17,2,2004,4,1,1,2,2,1,1,1,1,1,1,1,1,2,19,6,1,1,33,2,2,0
10,17,7,2004,3,1,1,2,2,1,1,1,1,1,1,1,1,2,8,6,1,1,33,2,2,0
8,17,2,2004,2,1,1,2,2,1,1,1,1,1,1,1,1,2,9,6,1,1,33,1,1,0
6,7,12,2004,4,3,1,1,2,1,1,1,1,1,1,3,1,2,4,1,1,1,35,2,2,0
4,8,9,2004,1,1,1,1,2,1,2,1,1,1,1,2,1,2,14,6,1,1,50,1,2,0
5,8,10,2004,2,1,1,2,2,1,1,1,1,1,1,3,1,2,14,6,1,1,33,2,2,0
3,8,10,2004,3,3,1,2,2,1,1,1,1,1,1,1,1,2,7,6,1,1,33,2,2,1
2,2,12,2004,1,1,1,2,2,1,1,1,1,1,1,4,1,2,17,6,1,1,26,2,2,0
8,3,12,2004,2,1,1,2,1,1,1,1,1,1,1,1,1,2,14,6,1,1,33,1,2,0
8,3,12,2004,4,1,1,2,2,1,2,2,1,1,1,4,1,2,4,6,1,1,33,2,2,1
1,3,12,2004,4,1,1,2,2,1,4,1,1,1,1,2,1,2,9,6,1,1,33,2,2,0
3,10,12,2004,1,7,8,1,2,1,1,1,1,1,1,1,1,2,4,11,1,1,30,2,2,3
1,16,1,2004,1,1,1,1,2,1,1,1,1,1,1,5,1,2,4,2,1,1,33,2,2,0
1,16,2,2004,1,1,1,2,2,1,1,1,1,1,1,5,1,1,8,2,1,1,33,2,2,3
1,16,2,2004,1,3,4,2,2,1,1,2,1,1,1,5,1,1,8,2,1,1,35,2,2,3
1,16,4,2004,3,1,1,2,2,1,1,1,1,1,1,2,1,2,8,6,1,1,33,2,2,0
1,16,6,2004,1,1,1,1,2,2,2,4,3,2,2,4,4,2,13,2,1,1,32,2,2,0
8,16,5,2004,1,1,1,1,1,1,4,1,1,1,1,2,1,2,9,1,1,1,30,2,2,0
8,16,12,2004,1,1,3,2,2,1,1,1,1,1,1,2,1,2,9,6,1,1,45,2,2,0
4,12,9,2004,2,1,1,1,1,1,1,1,1,1,1,2,1,2,19,6,1,1,33,2,2,0
4,12,5,2004,4,1,1,2,2,1,3,1,1,1,1,4,1,2,13,6,1,6,45,2,2,1
5,12,12,2004,1,1,1,2,2,1,1,1,1,1,1,2,1,2,14,6,1,1,33,1,2,0
5,12,10,2004,3,1,1,2,2,1,1,1,1,1,1,2,1,2,14,6,1,1,33,1,2,1
3,12,12,2004,2,7,1,2,2,1,1,1,1,1,1,2,1,2,14,6,1,7,33,2,2,0
2,12,12,2004,3,7,8,2,2,1,1,1,1,1,1,2,1,2,12,6,1,7,33,1,2,0
2,12,10,2004,4,7,1,1,2,1,1,1,1,1,1,2,1,1,13,6,2,1,33,2,2,0
4,12,11,2004,1,1,1,1,2,1,1,1,1,1,1,4,1,2,8,6,1,2,33,2,2,0
4,12,11,2004,1,7,1,1,2,1,1,1,1,1,1,4,1,2,8,6,1,1,35,2,2,0
10,15,2,2004,1,1,1,2,2,1,1,1,1,1,1,1,1,1,9,6,1,1,33,2,2,1
1,15,6,2004,2,1,1,2,2,1,1,1,1,1,1,1,1,2,14,6,1,1,33,2,2,1
1,15,7,2004,2,1,1,2,2,1,1,1,1,1,1,1,1,2,9,6,1,1,33,2,2,1
1,15,8,2004,2,1,4,2,2,1,1,1,1,1,1,1,1,2,9,5,1,1,33,2,2,0
1,15,10,2004,1,1,1,2,2,1,1,1,1,1,1,1,1,2,9,1,1,1,33,2,2,1
1,15,10,2004,1,1,1,2,2,1,1,1,1,1,1,1,1,2,9,6,1,1,33,2,2,1
1,15,12,2004,2,1,1,2,2,1,1,1,1,1,1,1,1,2,9,6,1,1,33,2,2,1
1,15,12,2004,4,1,1,2,2,1,1,1,1,1,1,1,1,1,9,1,1,1,33,2,2,1
1,15,12,2004,1,1,1,2,2,1,1,1,1,1,1,1,1,2,9,6,1,1,33,2,2,1
2,15,2,2004,3,1,1,2,2,1,1,1,1,1,1,3,1,2,4,6,1,1,33,2,2,0
3,15,1,2004,1,1,1,2,2,1,1,1,1,1,1,1,1,2,13,6,1,1,33,2,2,0
3,15,3,2004,3,1,1,2,2,1,1,1,1,1,1,1,1,2,8,6,1,1,33,2,2,1
3,15,4,2004,1,1,1,2,2,1,1,1,1,1,1,1,1,1,14,11,1,1,33,2,2,0
3,15,4,2004,2,1,1,2,2,1,1,1,1,1,1,1,1,2,9,11,1,1,33,2,2,0
3,15,4,2004,1,1,1,2,2,1,1,1,1,1,1,2,1,2,9,6,1,1,33,2,2,0
3,15,9,2004,1,1,3,2,2,1,1,1,1,1,1,1,1,1,8,6,1,1,33,2,2,1
3,15,10,2004,3,1,1,2,2,1,1,1,1,1,1,1,1,2,10,6,1,1,33,2,2,1
3,15,10,2004,3,1,1,2,2,1,1,1,1,1,1,1,1,2,14,6,1,1,33,2,2,1
3,15,10,2004,1,1,1,2,1,1,4,1,1,1,1,1,1,2,14,6,1,1,33,2,2,1
3,15,11,2004,3,1,1,1,1,1,1,1,1,1,1,1,1,2,8,6,1,1,33,2,2,0
3,15,11,2004,1,1,1,2,1,1,4,1,1,1,1,1,1,2,9,6,1,1,41,2,2,1
4,15,1,2004,4,1,1,2,2,1,1,1,1,1,1,3,1,1,14,6,1,7,33,2,2,0
4,15,2,2004,4,2,1,1,2,1,2,1,1,1,1,1,1,2,9,6,1,1,37,2,2,0
4,15,9,2004,1,2,1,2,2,1,1,1,1,1,1,1,1,2,8,6,1,7,33,2,2,0
5,15,1,2004,1,1,5,2,1,2,1,1,1,1,1,2,1,2,14,6,1,1,40,2,2,1
5,15,2,2004,1,1,1,2,2,1,1,1,1,1,1,2,1,2,13,6,1,1,33,2,2,0
5,15,3,2004,2,1,1,2,2,1,1,1,1,1,1,3,1,2,4,6,1,1,33,2,2,0
5,15,6,2004,1,1,1,2,2,1,1,1,1,1,1,2,1,2,14,6,1,1,33,2,2,0
4,5,6,2004,3,6,3,1,1,1,1,1,1,1,1,1,1,2,8,6,2,1,33,1,2,0
4,5,8,2004,3,1,1,2,2,1,1,1,1,1,1,1,1,2,14,6,1,1,35,1,2,0
4,5,8,2004,2,2,1,2,2,1,1,1,1,1,1,1,1,2,9,6,2,1,33,2,2,0
4,5,11,2004,1,1,1,2,2,1,1,1,1,1,1,1,1,2,14,6,2,1,33,1,2,0
4,5,12,2004,3,1,1,2,1,1,1,1,1,1,1,1,1,2,9,6,1,1,33,1,2,0
7,5,1,2004,2,1,1,2,2,1,1,1,2,1,3,2,1,2,8,6,1,1,33,2,2,0
7,5,6,2004,1,1,8,2,2,1,4,1,2,1,3,2,1,2,4,6,1,7,33,2,2,0
7,5,6,2004,2,1,8,2,2,1,1,1,1,1,1,1,1,2,10,6,1,1,33,2,2,0
7,5,9,2004,4,1,1,2,2,1,1,1,1,1,3,2,1,2,8,6,1,1,33,2,2,1
7,5,9,2004,2,1,1,2,1,1,1,1,1,1,3,2,1,2,8,6,1,7,33,2,2,0
6,5,1,2004,4,2,1,2,2,1,1,1,1,1,1,1,1,2,9,6,1,1,33,2,2,0
6,5,4,2004,2,1,3,2,2,1,1,1,1,1,1,2,1,2,13,6,1,1,33,2,2,0
6,5,6,2004,1,1,1,2,2,1,1,1,1,1,1,1,1,2,14,6,1,1,33,2,2,1
6,5,6,2004,1,1,1,2,2,1,1,1,1,1,1,1,1,2,13,6,1,1,33,2,2,0
6,5,9,2004,1,1,1,2,2,1,2,1,1,1,1,1,1,2,2,9,1,1,33,2,2,0
6,5,9,2004,1,1,1,2,2,1,1,1,1,1,1,1,1,2,14,6,1,1,33,2,2,1
6,5,11,2004,3,1,1,2,2,1,1,1,1,1,1,1,1,2,14,11,1,1,33,2,2,3
8,5,4,2004,3,1,1,2,2,1,1,1,1,1,1,1,1,2,14,6,2,1,33,1,2,1
8,5,5,2004,2,1,1,2,2,1,1,1,1,1,1,1,1,2,14,6,2,1,33,1,2,0
8,5,6,2004,1,1,1,2,2,1,1,1,1,1,1,1,1,2,9,6,1,1,33,1,2,0
8,5,6,2004,1,1,1,1,2,1,2,1,1,3,1,2,1,2,17,11,1,1,33,2,2,0
8,5,10,2004,3,1,8,2,2,1,1,1,1,1,1,1,1,2,19,6,1,1,33,1,2,0
5,5,1,2004,1,1,4,2,2,3,4,1,1,1,1,4,1,2,4,6,1,1,33,2,2,1
5,5,6,2004,2,1,1,2,2,1,1,1,1,1,1,1,1,2,9,6,1,1,33,2,2,0
5,5,8,2004,1,1,1,2,2,1,4,1,1,1,1,1,1,2,8,4,1,1,35,2,2,0
5,5,9,2004,2,1,1,2,2,1,4,1,1,1,1,1,1,2,9,5,1,7,33,2,2,3
5,5,10,2004,1,1,5,2,2,1,1,1,1,1,1,1,1,2,9,11,1,7,33,2,2,0
5,5,11,2004,2,1,1,2,2,1,1,1,1,1,1,1,1,2,9,11,1,3,33,2,2,3
5,5,12,2004,4,1,1,2,2,1,2,1,1,1,1,1,1,2,9,6,1,1,45,1,2,3
1,5,6,2004,3,2,8,2,2,1,1,1,1,1,1,1,1,2,14,5,1,1,33,2,2,0
1,5,6,2004,2,7,8,2,2,1,1,1,1,1,1,1,1,2,9,11,1,1,33,2,2,3
1,5,6,2004,1,7,8,2,2,1,1,1,1,1,1,1,1,2,9,6,1,1,33,2,2,0
1,5,7,2004,1,7,1,2,2,1,1,1,1,1,1,1,1,2,14,5,1,1,33,2,2,0
1,5,8,2004,1,1,1,2,2,1,1,1,1,1,1,1,1,1,13,5,1,1,33,2,2,1
1,5,8,2004,1,1,1,2,2,1,2,1,1,1,1,1,1,1,14,6,1,1,33,1,1,0
1,5,9,2004,2,1,1,2,2,1,1,1,1,1,1,1,1,2,9,6,1,1,49,2,2,1
1,5,12,2004,1,1,1,2,2,1,1,1,1,1,1,1,1,1,14,6,1,1,33,2,2,3
9,16,2,2004,1,1,1,2,2,1,1,1,1,1,1,1,1,2,13,6,1,1,33,2,2,0
9,16,3,2004,4,1,1,1,1,1,3,1,1,1,1,1,1,2,9,6,1,1,33,2,2,0
9,16,3,2004,4,2,1,2,2,1,2,1,1,1,1,1,1,2,14,6,1,1,33,2,2,0
9,16,5,2004,2,2,1,2,2,1,1,1,1,1,1,1,1,2,16,6,1,1,33,2,2,0
9,16,5,2004,4,1,1,1,2,1,1,1,1,3,2,2,1,2,19,6,1,1,33,2,2,0
9,16,6,2004,4,1,1,1,2,1,1,1,1,1,1,1,1,2,8,6,1,1,33,1,2,0
9,16,7,2004,3,1,1,1,2,1,1,1,1,1,1,1,1,2,9,6,1,1,33,2,2,0
9,16,9,2004,2,1,1,2,2,1,1,1,1,1,1,1,1,2,9,6,1,1,33,2,2,0
9,16,10,2004,1,1,1,2,2,1,1,1,1,1,1,1,1,2,9,6,1,1,33,1,2,0
7,16,6,2004,1,1,1,1,2,1,1,1,1,1,1,1,1,2,8,6,1,1,33,2,2,0
7,16,6,2004,2,1,1,2,2,1,1,1,1,1,1,1,1,2,8,6,1,1,33,2,2,1
6,16,8,2004,2,1,1,2,2,1,1,1,1,1,1,1,1,2,14,6,1,1,33,2,2,1
6,16,12,2004,1,1,1,2,2,1,2,1,1,1,1,1,1,2,9,6,1,1,33,1,2,0
1,16,8,2004,1,1,1,2,2,1,2,1,1,1,1,1,1,2,14,6,1,1,33,1,2,0
7,16,8,2004,2,1,1,2,2,1,1,1,1,1,1,1,1,2,19,6,1,1,33,1,2,3
11,16,1,2004,2,1,1,2,2,1,1,1,1,1,1,1,1,2,8,6,1,1,33,2,2,0
1,1,2,2004,4,7,1,2,2,1,4,1,1,1,1,1,1,2,8,11,1,1,33,2,2,0
1,1,8,2004,3,1,1,2,2,1,1,1,1,1,1,1,1,2,8,6,1,1,33,2,2,0
2,1,6,2004,1,1,1,2,2,1,2,1,1,1,1,1,1,1,13,2,1,1,33,1,2,0
4,1,6,2004,1,7,3,2,2,1,4,1,2,1,1,2,1,2,9,6,1,1,33,2,2,0
4,1,10,2004,2,7,3,2,2,1,1,1,1,1,1,2,1,2,8,6,1,1,33,2,2,0
11,16,2,2004,1,1,1,2,2,1,2,1,1,1,1,1,1,1,14,6,1,1,33,2,2,0
11,16,2,2004,2,1,1,2,2,1,2,1,1,1,1,1,1,1,19,6,1,1,33,2,2,0
11,16,4,2004,1,1,1,2,2,1,1,1,1,1,1,1,1,2,9,6,1,1,33,2,2,0
11,16,4,2004,4,1,1,2,2,2,4,1,1,1,1,1,1,1,9,6,1,1,40,2,2,0
11,16,4,2004,1,1,3,2,2,1,4,1,1,1,1,1,1,1,9,1,1,1,33,2,2,3
11,16,4,2004,1,1,1,2,2,2,3,1,1,1,1,1,1,2,14,6,1,1,33,2,2,1
11,16,4,2004,1,1,1,2,2,1,1,1,1,1,1,1,1,2,9,6,1,1,42,1,2,0
11,16,4,2004,1,1,1,2,2,1,3,1,1,1,1,1,1,2,14,6,1,1,33,2,2,3
11,16,5,2004,1,1,1,2,2,1,2,1,1,1,1,1,1,2,13,6,1,1,33,2,2,0
5,11,11,2004,3,1,1,2,2,1,1,1,1,1,1,3,1,2,19,6,1,1,25,2,2,1
5,11,12,2004,2,1,1,1,2,1,1,1,1,1,1,2,1,2,4,6,1,1,33,2,2,1
6,11,5,2004,2,1,1,2,2,1,1,1,1,1,1,3,1,2,14,6,1,1,33,2,2,0
6,11,7,2004,3,1,1,2,2,1,1,1,1,1,1,2,1,1,9,6,1,1,33,2,2,0