Thana,District,Month,Year,Time,Junction_Type,Traffic_Control,Movement,Divider,Weather,Light,Road_Geometry,Surface_Condition,Surface_Type,Surface_Quality,Road_Class,Road_Feature,Location_Type,Vehicle_Type,Vehicle_Movement,Vehicle_Loading,Vehicle_Defect,Vehicle_Driver_Age,Vehicle_Alcohol,Vehicle_Seat_Belt,Accident_Severity
6,11,11,2004,2,1,1,2,2,1,1,1,1,1,1,2,1,2,4,6,1,1,33,2,2,0
6,11,11,2004,5,1,1,2,2,1,4,1,1,1,1,3,1,2,19,6,1,1,33,2,2,0
6,11,11,2004,1,1,1,2,2,1,4,2,1,1,1,2,1,2,14,1,1,1,33,2,2,1
6,11,12,2004,2,1,1,2,2,1,1,1,1,1,1,2,1,2,9,1,1,1,33,2,2,1
6,11,12,2004,1,1,1,2,2,1,1,1,1,1,1,2,1,2,8,6,1,1,33,2,2,3
8,11,2,2004,3,1,1,2,2,1,1,1,1,3,2,4,1,2,17,6,1,1,33,2,2,0
8,11,4,2004,1,1,1,2,2,1,1,1,1,1,1,3,1,2,9,5,1,1,26,2,2,0
8,11,7,2004,1,1,1,2,2,1,1,1,1,1,1,4,1,2,4,6,1,1,25,2,2,1
8,11,12,2004,3,1,1,2,2,1,1,1,1,1,1,2,1,2,14,4,1,1,49,2,2,0
9,11,5,2004,1,1,1,2,2,1,1,1,1,1,1,2,1,2,19,6,1,1,33,2,2,0
9,11,6,2004,1,1,1,2,2,1,1,1,1,1,1,2,1,2,4,6,1,1,33,2,2,0
2,11,9,2004,2,1,1,2,2,1,1,1,1,1,1,2,1,2,4,6,1,1,42,2,2,0
2,11,12,2004,1,1,1,2,2,1,1,1,1,1,1,2,1,2,19,6,1,1,35,2,2,0
10,11,8,2004,1,1,1,2,2,1,1,1,1,1,1,4,1,2,8,6,1,1,35,2,2,0
11,16,10,2004,3,7,8,1,2,1,1,1,1,1,1,1,1,2,8,11,1,7,33,1,2,0
11,16,10,2004,3,1,1,1,2,1,1,1,1,1,1,1,1,2,9,11,1,1,33,1,2,0
11,16,10,2004,2,1,1,1,1,1,2,1,1,1,1,1,1,2,4,9,2,1,33,2,2,0
11,16,12,2004,4,1,1,2,2,1,1,1,1,1,1,1,1,2,9,6,1,1,33,2,2,0
10,16,7,2004,4,1,1,2,2,1,1,1,1,1,1,1,1,2,9,7,1,1,33,2,2,0
4,8,12,2004,4,1,1,1,2,1,1,1,1,1,1,4,3,2,14,6,1,6,33,1,2,0
3,8,12,2004,2,7,8,2,2,1,4,1,1,1,1,1,1,2,19,11,1,7,33,2,2,0
1,17,12,2004,3,7,8,2,2,1,1,1,1,1,1,2,1,1,9,11,1,1,35,2,2,0
1,4,12,2004,4,1,1,2,2,1,1,1,1,1,1,3,1,2,1,6,1,1,32,2,2,3
3,4,7,2004,3,1,3,2,2,1,1,1,1,1,1,4,1,2,9,11,1,1,33,2,2,0
2,4,12,2004,3,1,1,2,2,1,1,1,1,3,1,4,1,2,19,6,1,1,33,2,2,0
2,4,11,2004,3,1,1,2,2,1,1,1,1,1,1,2,1,2,14,8,1,1,33,2,2,0
6,4,10,2004,2,1,1,2,2,1,1,1,1,1,1,1,1,2,9,6,1,1,33,2,2,0
6,4,11,2004,1,1,1,2,2,1,1,1,1,1,1,1,1,2,9,6,1,1,33,2,2,0
6,4,4,2004,4,1,1,2,2,1,1,1,1,1,1,1,1,2,7,6,1,1,33,2,2,0
6,4,7,2004,3,1,1,2,2,1,1,1,1,1,1,1,1,2,12,6,1,1,33,2,2,0
5,4,7,2004,1,1,1,2,2,1,1,1,1,1,1,2,1,2,4,6,1,1,33,2,2,1
5,4,9,2004,4,1,1,2,2,1,4,2,1,1,1,2,1,2,9,1,1,1,33,2,2,0
4,4,10,2004,3,1,1,2,2,1,4,1,1,1,1,4,1,2,9,6,1,7,33,2,2,0
4,4,12,2004,3,3,3,1,2,1,1,3,1,1,1,2,1,1,9,8,1,1,33,2,2,0
9,17,12,2004,4,7,1,2,2,1,1,1,1,1,1,1,1,2,9,11,1,1,33,2,2,0
5,17,11,2004,1,3,4,2,2,1,1,1,1,1,1,3,1,2,8,11,1,7,33,2,2,0
6,17,11,2004,3,1,3,2,2,4,2,1,1,1,1,1,1,2,9,6,1,1,35,2,2,0
4,17,11,2004,3,1,1,2,2,1,1,1,1,1,1,3,1,2,4,6,1,1,33,2,2,1
1,15,7,2004,1,1,4,2,1,2,1,1,1,1,1,1,1,2,14,10,2,1,33,2,2,0
1,15,7,2004,3,1,1,2,2,1,1,1,1,1,1,1,1,2,14,4,1,1,33,2,2,1
1,15,12,2004,4,1,1,2,2,1,2,1,1,1,1,1,1,2,19,11,1,7,33,1,2,0
3,15,7,2004,3,1,1,2,2,1,4,1,1,1,1,1,1,2,19,6,1,1,33,1,2,0
3,15,9,2004,2,1,1,2,2,1,4,1,1,1,1,2,1,2,19,11,1,7,33,1,2,0
3,15,11,2004,4,1,1,2,2,1,1,1,1,1,1,2,1,2,14,6,1,1,40,2,2,0
2,7,5,2004,3,7,8,1,2,1,1,1,5,3,1,4,1,2,19,11,1,1,32,2,2,0
4,15,9,2004,1,1,1,2,2,1,1,1,1,1,1,1,1,2,14,6,1,1,33,2,2,0
1,11,6,2004,2,1,1,2,2,1,1,1,1,1,1,5,1,2,14,6,1,1,33,1,2,0
1,11,6,2004,3,1,1,2,2,1,1,1,1,1,1,2,1,2,14,6,1,1,33,1,2,0
5,11,2,2004,3,1,1,2,2,4,2,1,1,1,1,3,1,2,9,4,1,1,33,2,2,1
5,11,5,2004,1,1,1,2,2,1,1,1,1,1,1,1,1,2,9,6,1,1,42,2,2,0
5,11,9,2004,4,1,1,2,2,1,2,1,1,1,1,2,1,1,9,1,1,1,25,2,2,0
3,14,4,2004,4,4,8,2,2,1,3,1,1,1,1,5,1,1,8,6,1,1,35,2,2,0
3,14,5,2004,2,7,3,2,2,1,1,1,1,1,1,5,1,1,6,11,1,7,33,2,2,1
3,14,5,2004,2,4,8,2,2,1,1,1,1,1,1,5,1,1,14,11,1,1,33,2,2,0
1,14,1,2004,4,7,8,2,2,1,3,1,1,1,1,5,1,1,14,6,1,1,22,2,2,2
1,14,1,2004,1,3,4,2,2,1,1,1,1,1,1,2,1,1,14,1,1,1,35,2,2,2
1,14,3,2004,3,7,8,1,1,1,1,1,1,1,1,5,1,1,10,6,1,1,33,1,2,0
2,14,1,2004,2,7,8,1,2,1,2,1,1,1,1,5,1,1,7,2,1,7,28,2,2,1
2,14,2,2004,2,7,1,1,2,4,2,1,1,1,1,1,1,2,13,11,1,1,33,2,2,0
2,14,4,2004,2,7,1,2,2,1,1,1,1,1,1,2,1,1,7,6,1,1,33,2,2,0
4,14,3,2004,3,1,3,2,2,1,1,1,1,1,1,1,1,1,7,4,1,2,33,2,2,0
4,14,3,2004,3,1,8,2,2,1,1,1,1,3,2,4,1,2,7,6,1,1,33,1,2,2
3,14,7,2004,1,4,3,2,2,1,1,1,1,1,1,5,1,1,9,6,1,7,33,2,2,1
4,14,8,2004,2,2,4,2,2,1,1,1,1,2,1,1,1,1,14,6,1,1,27,2,2,0
2,14,9,2004,2,7,1,1,2,1,1,1,1,1,1,5,1,1,12,6,1,1,28,2,2,1
1,14,10,2004,3,1,3,1,2,1,1,1,1,1,1,1,1,1,5,6,2,1,35,2,2,3
4,14,11,2004,2,1,2,2,2,1,1,1,1,1,1,1,1,1,14,6,1,1,45,2,2,0
4,14,11,2004,4,1,8,2,2,1,4,1,1,1,1,2,1,1,9,6,2,1,35,2,2,0
2,14,11,2004,4,2,1,2,2,1,3,1,1,2,1,5,1,1,14,6,1,7,35,2,2,1
3,14,10,2004,3,7,8,2,2,1,1,1,1,1,1,1,1,1,14,8,1,1,24,2,2,0
3,14,10,2004,3,1,8,2,2,1,1,1,1,1,1,1,1,1,7,6,1,1,33,2,2,1
3,14,11,2004,2,1,8,2,2,1,1,1,1,1,1,5,1,1,7,6,1,1,23,2,2,0
4,14,12,2004,2,2,4,2,2,1,1,1,1,1,1,1,1,1,17,4,1,1,33,2,2,0
2,14,12,2004,2,2,1,2,2,4,2,1,1,1,1,5,1,1,14,6,1,1,45,2,2,0
2,14,12,2004,3,1,8,2,2,1,1,1,1,1,1,1,1,1,9,8,1,1,42,1,2,0
1,62,1,2004,4,7,8,1,2,1,2,2,5,3,1,4,1,1,5,6,1,1,33,1,0,0
1,59,1,2004,2,4,1,2,2,1,1,1,1,1,1,2,1,2,14,6,1,2,37,2,2,0
8,59,1,2004,4,7,8,1,2,1,3,2,1,1,1,4,1,2,14,11,1,1,35,1,2,1
1,67,1,2004,2,3,1,2,2,1,2,4,1,1,1,1,1,2,14,1,1,1,30,1,2,1
1,57,1,2004,2,7,3,2,2,1,1,1,1,1,1,1,1,2,14,9,1,3,28,2,2,0
2,57,1,2004,3,1,8,2,2,1,1,1,1,1,1,1,1,2,14,5,1,2,35,2,2,0
1,61,1,2004,3,1,1,2,2,1,1,1,1,1,1,1,1,2,9,6,1,2,33,1,0,0
1,61,1,2004,2,1,1,1,1,1,2,1,1,1,1,1,1,2,19,6,1,1,33,2,2,3
1,61,1,2004,3,1,1,2,2,1,1,1,1,1,1,5,1,1,12,6,1,6,33,1,2,0
3,61,1,2004,3,7,1,2,1,1,1,2,1,1,1,1,1,2,11,3,1,2,35,1,0,3
2,61,1,2004,4,2,1,2,2,1,3,1,1,2,1,1,1,2,14,6,2,2,43,2,2,0
1,60,1,2004,3,1,1,2,2,1,1,1,1,1,1,1,1,2,14,6,1,1,33,2,2,0
1,58,1,2004,4,1,2,2,2,1,2,1,1,1,1,1,1,2,10,6,1,2,33,1,0,0
1,58,1,2004,2,1,8,2,2,1,1,1,1,1,1,1,1,2,8,6,1,2,33,1,0,3
1,58,1,2004,2,3,3,2,2,1,1,1,1,1,1,3,1,2,12,2,1,1,45,2,2,0
1,58,1,2004,3,1,1,2,1,1,1,1,1,1,1,1,1,2,8,5,1,1,40,2,2,0
10,58,1,2004,2,2,2,2,2,1,2,1,1,1,1,2,1,2,13,6,1,2,38,2,2,3
10,58,1,2004,2,2,2,2,2,1,2,1,1,1,1,2,1,2,14,6,1,2,33,2,2,0
8,58,1,2004,4,7,1,2,2,1,2,2,1,1,1,1,1,2,14,2,1,7,33,1,2,0
7,58,1,2004,1,1,1,2,2,1,4,1,1,1,1,1,1,2,19,6,1,1,33,1,2,0
7,65,1,2004,3,3,1,2,2,1,1,1,1,1,1,1,1,2,11,6,1,2,33,1,0,0
4,63,1,2004,4,7,2,2,2,1,3,1,1,1,1,1,1,2,14,6,1,7,33,1,2,0
8,63,1,2004,3,1,8,2,1,1,1,1,1,1,1,1,1,2,9,6,1,2,33,1,0,0
5,63,1,2004,3,2,8,2,2,1,1,2,1,1,1,2,1,2,14,1,2,7,30,1,2,3
5,68,1,2004,4,1,1,1,2,1,4,4,1,1,2,3,2,2,14,2,2,1,37,2,2,3
9,67,2,2004,2,1,1,2,2,1,1,1,1,1,1,4,1,2,12,11,1,2,33,2,2,0
2,67,2,2004,3,7,1,1,2,1,1,4,1,1,1,3,1,2,11,7,2,3,33,2,2,0
1,61,2,2004,3,1,1,2,2,1,1,1,1,1,1,1,1,2,9,4,1,1,33,2,2,0
1,61,2,2004,1,1,1,2,2,1,2,1,1,1,1,2,1,1,10,6,1,2,33,1,0,0
1,61,2,2004,1,1,1,2,2,4,4,1,1,1,3,1,1,2,14,4,1,1,34,2,2,3
3,61,2,2004,3,2,3,1,2,1,1,1,1,1,1,2,1,2,14,6,2,2,33,1,0,0
3,61,2,2004,3,2,1,2,1,1,1,1,1,1,1,1,1,2,14,6,2,2,33,1,0,0
1,59,2,2004,3,1,1,2,1,1,1,1,1,1,1,1,1,2,9,5,1,1,33,2,2,0
1,59,2,2004,3,1,1,2,2,1,1,1,1,1,1,2,1,1,4,6,1,1,25,1,2,3
4,59,2,2004,4,1,8,2,2,1,2,5,1,1,1,1,1,2,12,6,1,2,33,1,2,0
4,59,2,2004,3,1,1,1,2,1,1,1,1,1,1,1,1,2,5,6,2,6,33,2,2,0
4,62,2,2004,2,7,1,2,2,1,1,1,1,2,2,3,2,2,19,9,2,6,30,2,2,0
1,62,2,2004,3,3,1,2,1,1,1,1,1,1,1,2,1,2,9,6,1,1,35,1,2,0
1,62,2,2004,4,7,1,2,2,1,2,1,1,1,1,1,1,2,10,6,1,2,33,1,0,0
1,62,2,2004,2,1,1,2,2,1,1,1,1,1,1,1,1,2,9,1,1,1,34,1,2,0
2,60,2,2004,3,1,1,2,2,1,1,1,1,1,1,3,1,2,9,6,1,1,33,2,2,0
5,60,2,2004,2,1,2,2,2,1,2,1,1,1,1,1,1,2,14,6,1,7,31,2,2,0
8,58,2,2004,4,7,1,2,2,1,2,1,1,1,1,1,1,1,9,6,1,7,33,1,2,0
1,58,2,2004,4,1,1,2,2,1,4,1,1,1,1,2,1,2,7,6,1,2,33,1,0,1
1,58,2,2004,3,1,1,2,2,1,1,1,1,1,1,1,1,1,9,6,1,2,33,1,0,0
1,58,2,2004,4,3,3,2,2,1,4,1,1,1,1,1,1,2,10,6,1,2,33,1,0,0
2,58,2,2004,2,7,1,2,2,1,1,1,1,1,1,1,1,2,9,6,1,7,35,1,0,0
5,58,2,2004,4,2,1,2,2,1,2,1,1,1,1,2,1,2,14,3,1,1,57,2,2,0
9,63,2,2004,3,1,8,2,1,1,1,1,1,1,1,1,1,2,10,6,1,2,33,1,2,0
8,63,2,2004,3,3,1,1,2,1,1,1,1,1,1,1,1,1,9,2,1,1,35,2,2,0
8,63,2,2004,3,3,2,2,2,1,1,1,1,1,1,1,1,2,8,6,1,7,33,2,2,0
7,63,2,2004,4,1,1,2,2,1,2,1,1,1,1,1,1,1,9,4,1,1,35,2,2,1
7,63,2,2004,4,1,8,1,1,1,2,1,1,1,1,2,1,1,9,6,1,2,33,1,0,0
6,57,2,2004,3,2,3,2,2,1,1,2,1,1,1,2,1,2,6,1,1,1,33,2,2,0
5,57,2,2004,2,1,1,2,2,1,1,1,1,1,1,2,1,2,6,11,1,3,32,2,2,1
5,57,2,2004,3,3,3,2,2,1,1,1,1,1,3,1,1,2,9,4,2,1,30,2,2,0
1,57,2,2004,4,1,8,2,2,1,2,1,1,1,1,1,1,2,9,6,2,1,33,2,2,1
8,57,2,2004,2,1,1,2,2,1,1,1,1,1,1,1,2,1,9,6,1,2,45,2,2,0
5,65,2,2004,2,1,1,2,2,1,1,1,1,1,1,1,1,2,9,6,1,2,33,1,2,0
1,65,2,2004,4,7,8,1,2,1,2,1,1,3,2,4,1,2,13,6,1,1,22,2,2,0
2,68,2,2004,4,7,1,2,1,1,2,2,1,1,1,3,1,2,8,1,1,1,45,2,2,0
3,68,2,2004,4,1,1,1,2,1,2,4,1,1,3,4,4,2,14,3,1,7,33,1,2,0
5,57,3,2004,2,1,1,1,2,1,1,1,1,1,1,1,1,2,14,4,1,1,34,2,2,0
1,57,3,2004,2,1,1,2,2,1,1,1,1,1,1,1,1,2,14,6,1,1,24,2,2,3
1,57,3,2004,3,7,4,1,2,1,2,1,1,1,1,1,1,2,14,11,2,1,45,2,2,1
4,59,3,2004,2,2,2,2,1,1,1,1,1,1,1,1,1,2,9,6,1,2,40,1,0,1
1,59,3,2004,2,2,1,2,2,1,1,1,1,1,1,2,1,2,16,5,1,2,56,2,2,0
1,59,3,2004,3,1,1,2,1,1,1,1,1,1,1,1,1,2,16,6,1,2,32,2,2,0
3,62,3,2004,2,7,1,2,2,1,1,1,1,1,1,2,1,2,4,6,1,2,32,1,0,0
1,62,3,2004,2,2,1,2,2,1,1,3,1,1,1,4,1,2,8,5,2,1,33,2,2,0
1,62,3,2004,3,2,8,2,2,1,1,1,1,1,1,1,1,2,9,6,1,7,33,2,2,0
1,62,3,2004,4,1,1,1,2,1,2,1,1,1,1,3,1,2,14,4,1,2,33,1,0,0
1,65,3,2004,3,1,8,2,2,1,1,1,1,1,1,2,1,2,4,8,1,1,28,1,2,0
1,61,3,2004,2,2,1,2,2,1,2,1,1,1,1,1,1,2,9,6,2,7,30,2,2,1
2,61,3,2004,4,7,1,2,2,1,2,1,1,1,1,1,1,2,9,11,1,2,33,1,2,0
1,61,3,2004,4,4,1,2,2,1,4,2,1,1,3,1,1,2,10,6,1,2,33,1,0,0
3,61,3,2004,2,1,1,2,1,1,1,1,1,1,1,3,1,2,8,4,1,1,33,2,2,0
4,63,3,2004,1,1,2,2,1,1,1,1,1,1,1,2,1,2,14,6,1,1,33,2,2,0
9,63,3,2004,2,1,1,2,2,2,1,1,2,1,1,1,1,2,9,6,1,1,33,2,2,3
13,63,3,2004,3,1,3,2,1,1,1,1,1,1,1,1,1,2,14,5,1,2,33,1,0,0
13,63,3,2004,2,3,1,1,2,1,2,1,1,1,1,1,1,2,6,6,1,2,33,1,0,0
6,63,3,2004,3,7,8,2,2,1,1,1,1,1,1,1,1,1,14,6,1,1,33,1,2,0
10,63,3,2004,3,1,1,2,2,1,1,1,1,3,1,4,1,2,11,6,1,1,24,2,2,0
8,63,3,2004,5,1,2,2,2,1,2,1,1,1,1,1,1,2,10,6,1,2,33,1,0,0
14,63,3,2004,3,3,1,2,2,1,1,1,1,1,1,1,1,2,10,1,1,1,33,2,2,3
14,63,3,2004,4,1,1,2,2,1,4,1,1,1,1,1,1,2,9,6,1,2,33,1,0,0
14,63,3,2004,2,1,1,2,2,1,1,1,1,1,1,1,1,2,13,5,1,2,60,2,1,3
11,63,3,2004,4,3,1,2,2,1,3,2,1,2,2,3,1,2,13,2,1,7,35,2,2,0
7,58,3,2004,2,1,1,2,2,1,1,1,1,3,1,1,1,2,6,6,1,2,28,2,2,0
2,58,3,2004,1,7,1,1,2,1,4,1,1,1,1,1,1,2,16,11,1,1,42,2,2,1
12,58,3,2004,2,7,8,1,2,1,1,1,1,1,3,2,1,2,17,6,2,1,33,2,2,0
12,58,3,2004,2,7,8,2,2,1,1,5,5,3,1,2,1,2,17,6,2,1,25,2,2,0
12,58,3,2004,2,7,1,1,2,1,1,1,1,2,1,3,1,2,5,6,1,7,33,1,0,0
1,58,3,2004,4,1,1,2,2,1,4,1,1,1,1,2,1,2,9,6,1,1,33,1,2,1
5,67,3,2004,4,7,8,1,1,1,4,4,1,3,2,4,4,2,13,6,1,7,30,2,2,0
1,61,4,2004,1,1,1,2,2,1,4,1,1,1,3,1,1,2,14,6,1,1,56,2,2,2
1,61,4,2004,2,1,1,2,2,1,1,1,1,1,1,1,1,2,14,6,1,2,33,1,0,0
1,61,4,2004,2,1,1,2,2,1,1,1,1,1,1,1,1,2,14,6,1,7,27,2,2,0
1,61,4,2004,2,1,1,2,2,1,1,1,1,1,1,1,1,1,9,1,1,1,35,2,2,1
1,61,4,2004,3,1,1,2,2,1,1,1,1,1,3,2,1,2,9,6,1,7,30,2,2,3
3,61,4,2004,2,7,3,1,1,1,2,1,5,1,1,5,1,1,14,6,1,7,40,1,0,0
8,67,4,2004,3,1,1,2,1,1,1,1,1,1,1,1,1,2,7,4,1,1,33,2,2,0
1,58,4,2004,3,3,2,1,2,1,1,2,1,1,1,1,1,2,4,1,1,2,33,1,0,0
1,58,4,2004,2,2,2,2,1,1,2,1,1,1,1,1,2,1,9,6,1,2,33,1,0,0
1,58,4,2004,3,7,8,2,2,1,1,1,1,1,1,1,1,1,9,6,1,2,33,2,0,1
6,58,4,2004,3,2,1,2,2,1,1,1,1,1,1,1,1,1,9,6,1,2,35,2,2,0
8,58,4,2004,2,7,1,2,2,1,2,2,1,1,1,1,1,2,10,6,1,2,33,1,2,0
3,63,4,2004,3,7,8,2,1,2,1,1,2,1,1,1,2,2,14,6,1,1,30,2,2,0
14,63,4,2004,1,2,1,2,2,1,2,1,1,1,1,1,1,2,8,6,1,1,33,2,0,0
9,63,4,2004,2,1,1,2,2,1,1,1,1,1,1,1,1,2,8,6,1,1,37,2,2,0
12,63,4,2004,2,1,1,2,2,1,1,1,1,1,1,3,1,2,5,6,1,2,33,1,0,0
4,63,4,2004,2,1,1,2,2,1,1,1,1,1,1,1,1,2,9,5,1,7,33,2,0,0
1,62,5,2004,2,7,1,2,2,1,1,1,1,1,1,2,1,2,6,1,1,1,33,1,2,0
1,62,5,2004,3,7,1,2,1,1,1,1,1,1,1,2,1,2,9,1,1,2,33,1,0,0
9,67,5,2004,3,1,1,1,2,1,1,1,1,1,1,4,1,2,11,11,1,1,38,1,0,0
1,58,5,2004,3,1,1,2,2,1,1,1,1,1,1,1,1,2,9,6,1,1,33,2,2,0
1,58,5,2004,3,1,1,2,2,1,4,1,1,1,1,1,1,2,10,6,1,2,33,1,0,0
1,58,5,2004,3,1,1,2,2,1,1,1,1,1,1,2,1,2,10,6,1,2,33,1,0,0
1,58,5,2004,3,7,8,2,2,1,1,1,1,1,1,1,1,2,9,11,1,2,33,1,0,0
1,58,5,2004,2,7,2,1,1,1,1,1,1,1,1,1,1,2,9,6,1,1,33,1,0,0
1,58,5,2004,3,1,3,2,2,1,1,1,1,1,1,2,1,2,9,6,1,2,33,1,0,0
1,58,5,2004,4,2,5,1,1,1,2,1,1,1,1,1,1,1,9,6,1,1,40,2,2,0
4,58,5,2004,4,1,1,2,2,1,1,1,1,1,1,3,1,2,10,6,1,2,33,1,0,0
10,58,5,2004,1,7,1,1,2,1,4,1,1,1,1,2,1,2,19,11,1,2,33,2,2,0
1,61,5,2004,1,1,1,2,2,1,2,1,1,1,1,1,1,1,9,6,1,1,33,2,2,0
1,61,5,2004,4,7,1,2,1,1,2,1,1,1,1,2,1,1,19,4,1,1,33,2,2,0
1,61,5,2004,4,1,1,2,2,1,3,1,1,1,1,1,1,1,9,6,1,1,28,2,1,3
1,61,5,2004,4,1,1,2,2,1,4,1,1,1,3,1,1,2,10,6,1,2,33,1,0,0
2,61,5,2004,3,2,1,2,2,1,1,1,1,1,1,1,1,2,14,6,1,7,30,2,2,0
2,61,5,2004,2,5,1,2,2,2,1,2,2,1,1,1,1,2,14,6,1,1,28,2,2,3
3,61,5,2004,2,7,1,1,1,1,1,1,1,1,1,1,1,1,9,6,1,2,33,1,0,0
1,60,5,2004,2,7,7,2,2,1,1,1,1,1,2,1,1,1,12,6,1,2,33,2,2,0
7,60,5,2004,3,7,1,2,1,1,1,1,1,1,1,3,1,2,12,6,1,2,33,1,2,0
10,63,5,2004,4,3,1,2,2,1,1,1,1,1,1,3,1,2,14,5,1,1,35,2,2,0
10,63,5,2004,3,1,3,2,1,1,3,2,1,1,1,1,1,1,14,6,1,2,33,1,0,0
10,63,5,2004,3,7,1,2,2,1,1,1,1,1,1,3,1,2,14,6,1,1,24,2,2,0
7,63,5,2004,3,1,1,2,2,1,1,1,1,1,1,1,1,2,7,6,1,2,33,1,0,0
11,63,5,2004,2,2,2,1,1,1,1,1,1,1,1,1,1,2,8,11,1,7,33,2,0,0
14,63,5,2004,4,1,1,2,2,2,4,1,2,1,1,1,1,2,10,6,1,2,33,1,0,0
14,63,5,2004,2,2,1,1,1,1,1,1,1,1,3,1,1,2,9,6,2,3,33,1,2,0
9,63,5,2004,4,1,3,2,1,1,2,1,1,1,1,1,1,2,10,6,1,2,33,1,0,1
9,63,5,2004,4,1,1,1,2,1,2,2,1,1,1,1,1,2,7,11,1,2,22,1,0,3
8,63,5,2004,4,7,1,2,1,1,2,1,1,1,1,1,1,2,9,11,1,2,33,1,0,0
5,65,5,2004,3,1,1,2,2,1,1,1,1,1,1,3,1,2,11,6,1,2,33,2,2,0
5,65,5,2004,3,1,1,2,2,1,1,1,1,1,1,1,1,2,7,1,1,2,33,2,2,0
7,59,6,2004,3,1,1,2,2,1,1,1,1,1,1,1,1,2,9,6,1,2,33,1,0,0
3,59,6,2004,4,1,2,1,1,1,2,1,1,1,1,4,1,2,17,6,1,1,33,2,2,0
2,67,6,2004,3,7,1,1,2,1,1,4,1,1,1,3,1,2,11,11,1,2,24,1,2,0
5,57,6,2004,3,1,1,2,2,1,1,1,1,1,1,1,1,2,6,6,1,6,33,2,2,1
1,61,6,2004,1,1,1,2,2,1,4,1,1,1,1,2,1,2,10,6,1,2,33,1,0,0
1,61,6,2004,2,2,1,2,2,1,1,1,1,1,3,1,1,2,10,6,1,2,33,1,0,0
1,61,6,2004,2,7,1,2,2,1,1,1,1,1,1,1,1,2,9,6,1,1,27,2,2,0
1,61,6,2004,4,1,1,2,2,1,4,1,1,1,1,1,1,2,14,6,2,2,33,2,2,0
1,61,6,2004,1,1,1,2,2,1,2,1,1,1,3,1,1,2,10,6,1,2,33,1,0,0
1,61,6,2004,2,1,1,2,2,1,1,1,1,1,1,1,1,2,9,6,1,1,36,2,2,1
1,61,6,2004,2,7,1,2,2,1,1,1,1,1,1,5,1,1,2,6,1,7,36,2,2,1
1,62,6,2004,2,1,1,2,2,1,1,1,1,1,1,1,1,2,9,1,1,1,32,1,2,0
1,62,6,2004,3,7,1,2,1,1,1,3,1,1,1,4,1,2,9,6,1,1,33,2,2,0
1,68,6,2004,1,1,1,2,1,2,4,1,1,1,1,2,1,1,14,2,1,1,30,2,2,0
1,58,6,2004,1,1,1,2,2,1,4,1,1,1,1,1,1,2,9,6,1,2,33,1,2,0
1,58,6,2004,1,1,2,1,1,1,2,1,1,1,1,1,1,2,10,6,1,2,33,1,0,0
6,65,6,2004,4,1,1,2,1,1,4,1,1,1,1,1,1,2,7,6,2,6,24,1,2,0
5,65,6,2004,2,1,1,2,2,1,1,2,1,1,1,1,1,2,14,7,1,1,33,2,2,0
2,65,6,2004,3,2,1,2,2,2,1,2,2,1,1,2,1,2,11,6,2,6,33,2,2,0
1,58,6,2004,3,4,3,2,1,1,1,1,1,1,1,1,1,1,13,6,1,2,33,1,2,0
7,58,6,2004,2,7,8,2,2,2,1,2,1,1,1,1,1,1,17,2,1,7,33,1,0,3
7,58,6,2004,2,1,1,2,2,1,1,1,1,1,1,1,1,2,9,6,1,2,48,1,2,0
8,58,6,2004,2,2,1,2,2,1,1,1,1,1,1,1,1,2,9,6,1,2,32,1,2,0
11,58,6,2004,4,1,1,2,2,1,4,1,1,1,3,3,1,2,6,11,1,7,25,2,2,0
6,63,6,2004,2,1,1,2,2,2,2,1,2,1,1,2,1,2,5,6,1,1,55,2,2,0
3,63,6,2004,3,2,1,2,2,1,1,1,1,1,1,1,1,2,14,6,1,2,36,1,0,0
9,63,6,2004,3,1,1,1,1,1,3,1,1,1,1,1,1,2,9,6,2,1,30,1,2,1
5,63,6,2004,3,2,1,1,1,1,1,1,1,1,2,2,1,1,17,7,1,1,33,2,2,0
8,63,6,2004,2,2,1,2,2,1,1,1,1,1,1,1,1,2,9,5,1,1,52,2,2,0
4,63,6,2004,2,7,1,2,2,1,1,1,1,1,1,1,1,2,12,11,1,1,33,2,2,0
4,63,6,2004,1,3,1,2,2,1,1,1,1,1,1,1,1,2,5,4,1,2,33,1,2,0
4,63,6,2004,1,7,1,2,2,1,1,1,1,1,1,1,1,2,9,11,1,1,33,2,2,0
2,59,7,2004,3,1,1,2,2,1,1,1,1,1,1,3,1,2,17,6,1,1,18,2,2,0
10,58,7,2004,4,7,1,1,2,1,3,1,1,1,1,3,1,1,4,6,1,7,25,2,2,1
1,62,7,2004,4,1,1,2,2,1,2,1,1,1,1,2,1,2,10,6,1,2,33,1,0,0
1,62,7,2004,3,1,1,2,2,1,1,1,1,1,1,3,1,2,9,1,1,2,33,1,0,0
1,57,7,2004,3,1,1,2,2,1,1,1,1,1,1,1,1,2,9,6,1,2,33,1,0,0
8,57,7,2004,4,1,1,2,2,2,2,1,2,1,1,1,1,2,9,6,1,1,34,2,2,0
8,57,7,2004,2,1,1,2,1,1,2,1,2,1,1,1,1,2,9,6,1,1,36,2,2,0
8,57,7,2004,3,1,1,2,2,1,1,1,1,1,1,1,1,2,7,6,1,1,31,2,2,0