Thana,District,Month,Year,Time,Junction_Type,Traffic_Control,Movement,Divider,Weather,Light,Road_Geometry,Surface_Condition,Surface_Type,Surface_Quality,Road_Class,Road_Feature,Location_Type,Vehicle_Type,Vehicle_Movement,Vehicle_Loading,Vehicle_Defect,Vehicle_Driver_Age,Vehicle_Alcohol,Vehicle_Seat_Belt,Accident_Severity
2,57,7,2004,3,2,2,2,2,2,1,1,2,1,1,3,1,2,14,6,1,2,33,1,2,0
7,59,7,2004,2,7,1,2,2,1,1,1,1,1,1,3,1,2,5,6,1,1,25,2,2,0
1,61,7,2004,2,1,1,2,2,1,1,1,1,1,1,1,1,2,10,6,1,2,33,1,0,0
1,61,7,2004,3,1,1,2,2,1,1,1,1,1,1,1,1,1,8,6,1,1,55,2,2,0
1,61,7,2004,1,1,1,2,2,1,4,1,1,1,1,1,1,2,15,4,1,1,45,2,2,1
1,61,7,2004,3,7,1,2,2,1,1,1,2,1,1,1,1,2,9,4,1,1,33,2,2,3
1,61,7,2004,1,7,1,2,2,2,2,1,2,1,1,1,1,2,14,5,1,1,33,2,2,0
1,61,7,2004,3,3,1,2,2,1,1,1,1,1,1,1,1,2,8,6,1,1,37,2,2,0
2,61,7,2004,2,7,1,2,2,1,1,1,1,1,1,1,1,2,14,5,1,1,33,2,2,1
6,65,7,2004,3,1,1,2,2,1,1,1,1,1,1,1,1,2,14,6,1,3,33,2,2,0
5,58,7,2004,4,7,1,2,2,1,4,1,1,1,1,1,1,2,14,6,1,6,33,2,2,0
12,58,7,2004,3,1,1,2,2,1,1,1,1,1,1,3,1,2,9,6,1,1,33,2,2,0
7,58,7,2004,2,7,1,2,2,1,2,3,1,1,2,2,2,2,19,6,2,1,35,1,2,3
1,58,7,2004,1,1,1,2,2,1,4,1,1,1,1,1,1,2,10,6,1,2,33,1,0,0
1,58,7,2004,4,1,1,2,2,1,1,1,1,1,1,1,1,2,9,6,1,1,33,1,2,0
1,58,7,2004,4,1,1,2,2,1,1,1,1,1,1,1,1,2,10,6,1,2,33,1,0,0
1,58,7,2004,2,1,2,2,2,1,2,1,1,1,1,3,1,1,17,6,1,2,33,1,2,0
1,58,7,2004,3,1,2,2,2,1,1,1,1,3,2,4,4,2,8,11,2,2,33,1,2,0
1,58,7,2004,1,1,1,2,2,1,2,1,1,1,1,1,1,2,10,6,1,2,33,1,0,0
8,67,7,2004,3,5,8,2,2,2,1,2,2,1,1,1,1,2,14,6,1,6,33,2,2,3
11,67,7,2004,2,1,1,2,2,1,1,4,1,1,2,3,1,2,9,2,2,1,33,2,2,0
6,60,7,2004,3,3,1,2,2,1,1,1,1,1,1,3,1,2,4,5,1,2,24,2,2,0
6,60,7,2004,3,7,8,1,2,2,1,1,2,1,1,4,4,2,5,6,1,3,33,2,2,0
2,60,7,2004,3,7,1,2,2,1,1,1,1,1,1,3,1,2,9,6,1,1,33,1,2,0
4,60,7,2004,2,3,1,1,2,1,1,1,1,1,1,3,1,2,9,6,1,1,33,2,2,0
1,60,7,2004,1,1,1,2,1,1,2,1,1,1,1,2,1,2,9,6,1,1,45,2,2,0
10,63,7,2004,2,2,8,2,1,2,1,2,2,2,1,3,1,2,6,8,1,2,33,1,0,0
12,63,6,2004,3,1,1,2,1,1,1,1,1,1,1,3,1,2,19,6,1,2,33,1,0,0
4,63,7,2004,1,1,3,2,1,2,3,2,2,2,3,1,1,2,14,6,1,2,33,1,2,0
8,63,7,2004,5,2,4,2,1,1,1,1,1,1,1,1,1,1,10,6,1,2,33,1,0,0
5,59,8,2004,2,1,1,2,2,1,1,2,1,1,1,3,1,2,5,6,2,7,35,2,2,0
4,59,8,2004,2,1,1,2,2,2,1,1,2,1,1,2,1,2,6,6,1,2,33,2,2,0
6,59,8,2004,2,2,3,2,1,1,1,1,1,1,1,4,1,2,5,6,1,2,30,2,2,0
1,61,8,2004,3,1,1,2,2,1,1,1,1,1,1,1,1,1,8,6,1,1,44,2,2,1
1,61,8,2004,4,1,1,2,2,1,2,1,1,1,1,1,1,2,14,6,1,1,32,2,2,1
1,61,8,2004,1,1,1,2,2,1,2,1,1,1,1,1,1,2,14,6,1,1,33,1,2,1
1,61,8,2004,2,1,1,2,2,2,1,1,2,1,1,1,1,1,8,1,1,7,38,1,2,1
3,61,8,2004,2,7,1,2,1,1,1,1,1,1,1,1,1,2,9,5,1,2,33,1,2,0
6,61,8,2004,2,1,1,2,2,1,1,1,1,1,1,3,1,2,9,6,1,1,31,2,2,0
1,67,8,2004,2,7,1,2,2,1,1,3,1,1,1,1,1,1,11,5,1,1,18,2,2,1
8,67,8,2004,2,1,1,2,2,1,1,1,1,1,2,4,1,2,11,6,2,7,33,1,2,0
1,57,8,2004,3,7,1,2,2,1,1,1,1,1,1,1,1,2,9,6,1,1,33,2,2,0
1,57,8,2004,1,7,8,1,2,1,3,1,1,1,1,1,1,2,17,11,2,7,33,1,2,0
8,57,8,2004,3,1,1,2,2,1,1,1,1,1,1,1,1,2,9,6,1,1,40,2,2,1
1,58,8,2004,4,1,1,2,2,1,2,1,1,1,1,1,1,2,14,6,1,1,33,1,2,1
1,58,8,2004,2,1,1,2,1,1,1,1,1,1,1,1,1,2,9,6,1,1,33,1,2,1
1,58,8,2004,2,2,3,2,2,1,1,1,1,1,1,1,1,2,10,6,1,2,33,1,2,0
1,58,8,2004,3,7,8,1,2,1,1,1,5,1,1,1,1,1,10,6,1,2,33,1,0,0
7,58,8,2004,3,3,1,2,2,1,1,1,1,1,1,1,1,2,12,6,1,1,33,2,2,0
8,58,8,2004,2,7,8,1,2,1,1,1,5,1,1,1,1,1,9,6,1,2,33,2,2,0
10,58,8,2004,3,7,1,1,2,1,1,1,1,1,1,2,1,2,8,6,1,1,32,2,2,0
1,60,8,2004,4,1,1,1,2,1,2,1,1,1,1,4,1,2,4,6,1,2,33,2,2,0
1,60,8,2004,2,1,8,2,1,1,1,1,1,1,1,1,1,2,9,11,1,7,45,2,2,0
1,60,8,2004,2,1,1,2,2,1,1,1,1,1,1,1,1,1,9,6,1,2,33,2,2,0
6,60,8,2004,2,7,1,2,1,1,1,1,1,1,1,1,1,1,12,11,1,1,33,2,2,0
5,63,8,2004,3,2,8,2,2,1,1,1,1,1,1,2,1,2,12,11,1,7,33,1,2,0
14,63,8,2004,4,2,1,2,2,1,3,1,1,1,3,1,1,2,10,6,1,2,33,1,2,0
5,63,8,2004,3,7,1,2,2,1,2,1,1,1,2,4,1,2,8,6,1,2,33,2,2,0
10,63,8,2004,2,1,1,2,2,1,1,1,1,1,1,3,1,2,5,6,1,1,33,1,2,0
13,63,8,2004,4,1,1,2,2,1,2,1,1,1,1,1,1,2,9,6,1,2,33,2,2,0
8,63,7,2004,1,1,3,2,1,2,3,2,2,2,3,1,1,2,14,6,1,2,33,1,2,0
8,63,8,2004,2,1,1,2,1,2,4,1,2,1,2,1,1,2,14,6,1,1,38,2,2,1
6,65,8,2004,3,1,1,2,2,2,1,5,2,1,1,1,1,1,9,4,1,1,56,2,2,0
7,65,8,2004,4,1,1,2,2,1,2,1,1,1,1,1,1,2,7,6,2,6,33,1,0,0
7,59,9,2004,3,1,8,2,2,1,1,1,1,1,1,2,1,2,9,11,1,1,33,2,2,0
3,57,9,2004,1,1,1,2,1,2,4,1,2,1,3,1,1,2,9,8,1,7,33,1,2,0
1,57,9,2004,1,7,8,2,1,1,2,3,1,2,2,1,3,2,19,6,1,7,33,1,2,0
1,57,9,2004,3,7,8,1,1,1,1,1,1,1,1,1,1,2,9,6,1,7,33,2,2,0
4,62,9,2004,4,1,1,2,2,1,4,1,1,1,1,2,1,2,9,6,1,1,40,2,2,0
1,62,9,2004,2,1,1,2,2,1,4,3,1,1,2,4,1,2,5,1,2,2,33,2,2,0
6,65,8,2004,2,3,4,2,2,1,1,2,1,1,1,4,1,2,11,7,2,3,33,1,2,0
2,61,9,2004,4,7,3,2,2,1,2,1,1,1,1,1,1,2,10,6,1,2,33,1,2,0
3,61,9,2004,2,2,1,1,2,1,1,1,1,1,1,4,1,2,6,8,2,1,25,2,2,0
3,61,9,2004,2,3,1,2,1,1,1,1,1,1,1,1,1,2,8,6,1,2,33,1,2,0
6,65,9,2004,3,1,1,2,2,1,1,1,1,1,1,1,1,2,12,6,1,3,40,1,2,1
1,65,9,2004,4,1,1,2,2,1,2,1,1,1,1,5,1,1,7,6,1,1,33,2,2,0
5,65,9,2004,1,7,1,2,2,1,4,1,1,1,1,1,1,2,11,6,1,7,33,2,2,0
5,65,9,2004,2,7,1,2,2,1,2,1,1,1,1,3,1,2,5,6,1,2,33,2,0,0
1,58,9,2004,2,1,1,2,1,1,1,1,1,1,1,1,1,2,9,6,1,1,33,2,2,0
2,58,9,2004,3,1,1,2,2,1,1,1,1,1,1,1,1,2,7,1,1,1,30,2,2,0
2,58,9,2004,2,1,1,2,2,1,1,1,1,1,1,1,1,2,9,5,1,1,40,2,2,0
7,58,9,2004,2,1,1,2,2,1,1,1,1,1,1,1,1,2,14,6,2,1,40,1,2,0
4,58,9,2004,3,1,1,1,2,1,1,3,1,1,2,4,1,2,9,6,1,2,33,1,2,0
12,58,9,2004,2,1,1,2,2,1,1,1,1,1,1,3,1,2,8,6,1,2,33,1,2,0
8,63,9,2004,4,1,8,2,2,1,4,5,5,1,1,3,2,2,14,6,1,7,33,1,2,0
8,63,9,2004,2,7,1,2,2,2,1,2,2,1,1,3,1,2,19,1,1,7,33,1,2,0
7,63,9,2004,4,1,1,2,2,1,2,1,1,1,1,1,1,2,14,6,1,1,30,2,2,0
7,63,9,2004,3,3,1,2,2,2,1,1,2,1,1,1,1,2,8,6,1,1,33,2,2,0
6,63,9,2004,3,7,1,2,2,1,1,1,1,1,1,1,1,2,7,4,1,7,33,1,2,0
5,63,9,2004,4,7,2,2,2,1,3,1,1,1,1,2,1,1,14,6,2,2,35,1,0,0
4,59,10,2004,2,1,8,2,2,1,1,1,1,1,1,2,1,1,9,6,1,1,30,2,2,1
1,61,10,2004,1,7,1,2,2,1,3,1,1,1,1,1,1,2,10,2,1,2,33,1,2,0
2,61,10,2004,3,7,1,2,1,1,1,1,1,1,1,1,1,2,9,5,1,1,33,2,2,0
6,61,10,2004,3,2,3,2,2,1,1,1,1,1,3,3,1,2,9,6,1,1,33,2,2,0
1,62,10,2004,3,7,1,1,2,1,1,1,1,1,1,2,1,2,9,5,2,1,35,2,2,0
4,62,10,2004,3,1,1,2,1,1,1,1,1,1,1,2,1,2,9,6,1,1,45,2,2,0
1,65,10,2004,3,3,1,2,2,1,1,1,1,1,1,5,1,2,6,6,1,2,29,2,2,1
1,58,10,2004,3,1,1,2,2,1,1,1,1,1,1,1,1,2,9,6,1,1,33,2,2,0
1,58,10,2004,3,1,1,2,2,1,4,1,1,1,1,1,1,2,14,6,1,2,33,1,2,0
1,58,10,2004,4,1,1,2,1,1,4,1,1,1,1,1,1,2,9,6,1,1,33,2,2,0
6,58,10,2004,3,1,1,2,2,1,1,1,1,1,1,1,1,2,9,6,1,2,33,2,2,0
6,58,10,2004,3,2,4,2,2,1,1,1,1,1,2,1,1,1,10,6,1,1,25,2,2,1
6,58,10,2004,1,1,1,2,2,1,4,1,1,1,1,1,1,2,14,6,1,2,33,1,2,0
2,58,10,2004,3,1,1,2,2,1,1,1,1,1,1,1,1,2,7,6,1,1,33,2,2,0
2,58,10,2004,3,1,1,2,2,1,1,1,1,1,1,1,1,2,8,6,1,1,35,2,2,1
5,57,10,2004,2,1,8,2,2,1,1,4,1,1,2,3,3,2,7,11,1,1,33,2,2,0
2,57,10,2004,3,1,8,2,2,1,1,1,1,3,2,4,2,2,17,6,2,7,33,1,2,0
14,63,10,2004,2,3,1,2,2,1,1,1,1,1,1,1,1,2,9,6,1,2,30,2,2,0
8,63,10,2004,4,2,1,2,2,1,4,1,1,1,1,1,1,1,9,6,1,1,33,2,2,0
7,63,10,2004,3,1,1,2,2,1,1,1,1,1,1,1,1,2,19,6,1,2,33,2,2,0
1,62,11,2004,3,1,1,1,2,1,1,1,1,1,1,2,1,2,9,6,1,1,33,2,1,0
1,62,11,2004,1,3,1,1,1,4,2,1,1,1,1,5,1,1,9,6,1,2,34,2,2,3
1,62,11,2004,2,1,1,2,2,1,1,1,1,1,1,3,1,2,4,6,1,2,18,1,2,0
4,62,11,2004,3,7,1,1,2,1,1,2,5,1,1,4,1,1,19,11,1,7,33,1,2,0
12,58,11,2004,3,1,1,2,2,1,1,3,1,1,1,4,1,2,8,6,1,1,33,2,2,0
1,57,11,2004,4,7,2,1,2,1,2,1,1,1,1,1,1,2,9,11,1,1,33,2,2,0
5,57,11,2004,2,1,1,2,2,1,1,1,1,1,1,1,1,2,12,11,1,2,22,2,2,0
2,57,11,2004,3,2,8,2,2,1,1,1,1,1,1,3,1,2,17,11,1,2,28,2,2,0
14,63,11,2004,3,2,8,2,2,1,1,1,1,1,1,1,1,1,14,6,1,1,38,2,2,0
10,63,11,2004,2,1,1,2,2,1,4,1,1,1,1,3,1,2,10,6,1,2,33,1,0,0
7,63,11,2004,3,1,1,2,2,1,1,1,1,1,1,1,1,2,9,6,1,7,33,1,2,0
7,63,11,2004,2,1,4,2,2,1,1,1,1,1,1,1,1,1,7,6,1,1,33,1,0,1
2,63,11,2004,2,1,1,2,2,1,2,1,1,1,2,3,1,2,11,6,1,2,26,2,2,0
1,61,11,2004,4,6,1,2,2,1,4,1,1,1,1,1,1,2,14,6,1,1,35,2,2,0
1,61,11,2004,1,1,1,2,2,1,4,1,1,1,1,1,1,2,10,6,1,2,33,1,2,0
2,61,11,2004,1,1,1,2,2,1,4,1,1,1,1,1,1,2,14,6,2,1,33,1,2,3
2,61,11,2004,4,1,1,2,2,1,2,1,1,1,1,3,1,2,10,6,1,2,33,1,2,0
6,65,11,2004,2,1,8,2,2,1,1,1,1,1,1,1,1,2,7,6,1,1,33,1,2,0
6,65,11,2004,3,2,3,2,1,1,1,1,1,1,1,4,1,2,14,6,2,2,33,1,2,0
2,65,11,2004,2,1,1,2,2,1,1,1,1,1,1,1,1,2,14,6,1,2,33,1,2,0
5,65,11,2004,3,7,2,2,2,1,1,1,1,1,1,1,1,2,8,6,1,2,45,2,2,0
5,65,11,2004,4,7,8,2,2,1,4,1,1,1,1,1,2,2,6,6,1,7,33,2,2,0
5,65,11,2004,3,3,8,2,2,1,1,1,1,1,1,1,1,2,8,6,1,1,35,1,2,0
4,65,11,2004,3,4,1,2,2,1,1,1,1,1,1,4,1,2,5,6,1,1,33,2,2,0
1,65,11,2004,1,1,4,1,2,4,2,1,1,1,2,5,1,1,7,6,1,7,25,2,2,0
1,60,11,2004,3,2,4,2,2,1,1,1,1,1,1,1,1,1,9,1,1,1,33,1,2,0
2,60,11,2004,3,7,1,1,2,1,1,1,1,1,1,3,1,2,13,7,1,2,33,1,2,0
1,68,11,2004,3,1,1,2,2,1,1,1,1,1,2,5,4,1,14,6,1,1,50,2,2,3
6,59,11,2004,3,1,1,2,1,1,1,3,1,1,2,5,4,1,14,6,1,1,33,2,2,0
4,59,11,2004,3,1,3,1,2,1,1,1,1,1,1,4,1,1,17,1,1,7,30,2,2,0
2,59,12,2004,3,2,1,2,2,1,1,1,1,1,1,2,1,2,14,6,1,7,33,1,2,0
7,59,12,2004,1,1,1,2,2,4,2,1,2,1,1,2,1,2,19,11,1,2,33,1,2,0
4,62,12,2004,3,1,1,2,2,1,1,1,1,1,1,2,1,2,14,6,1,1,33,2,2,0
6,65,12,2004,3,2,2,2,2,1,1,2,1,1,1,4,1,2,11,5,2,1,33,1,2,0
5,65,12,2004,1,3,2,2,2,1,1,2,1,1,1,1,1,2,11,1,1,1,45,2,2,0
4,65,12,2004,2,7,1,1,2,1,1,3,1,3,2,4,4,2,10,6,1,1,33,1,2,0
1,65,12,2004,3,7,1,2,2,1,1,1,1,1,1,1,1,2,14,6,1,1,54,2,2,0
1,65,12,2004,2,2,1,2,2,1,1,1,1,1,1,1,1,1,7,6,1,2,33,1,2,1
1,65,12,2004,2,7,8,2,2,1,1,1,1,1,1,1,1,2,9,11,1,7,45,2,2,0
5,57,12,2004,2,1,8,2,2,1,1,1,1,1,1,1,1,2,9,4,1,1,33,2,2,0
7,58,12,2004,4,3,4,2,2,1,2,1,1,1,1,1,1,2,19,6,1,6,33,2,2,0
1,58,12,2004,4,1,4,2,2,1,2,1,1,1,1,1,1,2,16,6,1,1,33,1,2,0
1,58,12,2004,4,3,4,2,2,1,1,1,1,1,1,1,1,1,14,6,1,1,33,1,2,0
1,58,12,2004,3,7,8,1,2,1,1,5,1,1,1,5,1,2,8,1,1,1,33,2,2,0
10,58,12,2004,2,3,1,1,1,1,1,1,1,1,1,2,1,2,6,6,1,3,33,2,2,0
14,63,12,2004,4,1,1,2,2,1,4,1,1,1,1,1,1,2,14,6,1,1,35,2,2,1
14,63,12,2004,4,1,1,2,1,1,4,1,1,1,1,1,1,1,9,6,1,1,33,2,2,0
5,63,12,2004,3,1,1,1,2,1,2,1,1,1,1,4,1,2,9,6,1,1,33,2,2,0
6,63,12,2004,2,7,1,2,2,1,1,1,1,1,1,1,3,2,9,6,1,1,33,1,2,0
9,63,12,2004,2,1,1,2,2,1,1,1,1,1,1,1,1,2,8,6,1,1,35,2,2,0
9,63,12,2004,3,1,1,2,2,1,1,1,1,1,1,3,1,2,14,6,1,1,25,2,2,0
4,63,12,2004,2,1,1,2,2,1,1,1,1,1,1,1,1,2,8,6,1,7,30,1,2,0
1,61,12,2004,4,1,1,2,2,1,3,1,1,1,1,3,1,2,12,6,1,1,33,1,2,0
1,61,12,2004,4,1,1,2,2,1,4,1,1,1,1,1,1,2,10,6,1,7,33,2,1,0
1,61,12,2004,2,1,3,2,2,1,1,2,1,1,1,1,1,2,9,2,1,1,33,2,2,0
3,61,12,2004,3,3,1,2,2,1,1,1,1,1,1,1,1,1,14,6,1,1,48,2,2,0
4,61,12,2004,2,1,1,1,2,1,1,1,1,1,1,3,1,2,9,6,1,1,33,2,2,1
4,61,12,2004,3,1,1,1,2,1,1,1,1,1,1,3,1,2,17,6,1,1,33,1,2,0
3,68,12,2004,3,1,1,2,2,1,1,1,1,1,1,3,1,2,7,6,1,1,35,2,2,1
4,60,12,2004,2,7,8,1,1,1,2,3,1,3,2,4,1,2,17,11,2,7,33,2,2,0
1,53,1,2004,2,7,8,2,2,1,1,1,1,1,1,2,1,2,6,6,1,2,24,2,2,0
3,53,1,2004,3,1,1,2,2,1,1,1,1,1,1,3,1,2,9,6,1,1,33,2,2,1
1,56,1,2004,2,1,1,2,2,1,1,1,1,1,1,2,1,2,13,6,1,1,33,2,2,0
7,56,1,2004,3,1,1,2,2,4,2,4,1,3,2,4,4,2,13,6,1,2,33,1,0,0
7,56,1,2004,2,1,1,2,1,1,1,1,1,1,1,1,1,2,9,6,1,2,33,1,0,0
8,56,1,2004,3,1,1,2,2,1,1,1,1,1,1,3,1,2,6,6,1,1,33,2,2,1
3,56,1,2004,2,7,1,2,2,1,1,1,1,1,1,1,1,2,14,6,1,1,28,1,2,0
1,54,1,2004,2,7,1,2,2,1,1,1,1,1,1,2,1,2,5,6,1,1,30,1,2,0
1,54,1,2004,3,7,1,2,2,1,1,1,1,1,1,2,1,2,6,6,1,1,30,1,2,0
5,54,1,2004,3,1,3,2,2,1,1,1,1,1,1,4,1,2,13,6,1,2,33,1,0,0
8,54,1,2004,3,1,1,2,2,1,1,1,1,1,1,3,1,2,14,6,1,2,33,1,0,1
8,54,1,2004,1,1,1,2,2,4,2,2,1,1,1,4,1,2,14,6,2,1,33,1,0,0
10,54,1,2004,4,1,1,2,2,1,4,1,1,1,1,3,1,2,4,6,1,2,40,2,1,0
13,54,1,2004,3,1,3,2,2,1,1,1,1,3,2,4,4,2,7,6,1,2,33,1,0,0
13,54,1,2004,3,1,3,2,2,1,2,1,1,1,3,1,3,2,14,11,1,1,35,2,2,0
7,54,1,2004,3,7,8,2,2,1,1,1,1,1,1,3,1,2,4,6,1,2,33,1,0,0
7,54,1,2004,3,7,1,2,2,1,2,1,1,1,3,3,1,2,7,11,1,2,33,1,0,0
11,54,1,2004,3,7,1,2,2,1,1,1,1,1,1,3,1,2,7,6,1,1,25,2,2,0
6,55,1,2004,3,7,1,2,2,1,1,1,1,1,1,1,1,2,9,6,1,2,45,2,2,0
1,54,2,2004,3,3,8,2,2,1,1,1,1,1,1,5,1,1,10,6,1,2,50,1,0,3
1,54,2,2004,4,1,1,2,2,1,3,1,1,3,1,5,1,1,9,7,1,1,30,2,2,0
5,54,2,2004,4,1,8,2,2,1,1,4,5,1,2,4,4,2,13,11,1,2,33,1,0,0
5,54,3,2004,2,1,1,2,2,1,1,4,1,1,3,3,2,2,13,6,1,2,33,1,0,0
5,54,3,2004,2,1,1,2,2,1,1,1,1,1,1,4,1,1,13,6,1,2,33,1,0,0
6,54,2,2004,2,1,1,2,2,1,1,1,1,1,1,3,1,1,10,6,1,2,25,1,0,1
5,56,2,2004,2,3,1,2,2,4,2,2,1,1,1,4,1,2,14,1,2,1,40,1,2,0
7,56,2,2004,3,1,1,2,2,1,1,1,1,1,1,4,1,2,6,6,2,2,33,1,0,0
6,55,2,2004,3,7,1,2,2,1,1,1,1,1,1,1,1,2,9,6,1,7,45,1,2,0
2,53,2,2004,3,1,1,2,2,1,1,1,1,1,1,2,1,2,4,6,1,1,30,2,2,0
9,56,3,2004,2,7,1,2,2,1,1,1,1,1,3,1,1,2,13,6,1,1,33,2,2,0
3,56,3,2004,3,1,1,1,1,1,1,1,1,1,1,3,1,2,9,6,2,2,36,1,0,0
4,56,3,2004,2,1,8,2,2,1,1,1,1,2,1,4,1,2,4,6,1,1,33,2,1,0
4,56,3,2004,3,7,3,2,2,1,1,1,1,1,1,3,1,2,9,6,1,1,32,2,1,0
7,56,3,2004,1,1,1,2,2,1,4,1,1,1,3,1,1,2,14,6,1,1,30,2,2,0
7,56,3,2004,4,7,1,2,2,1,2,1,1,1,1,3,1,2,9,6,1,2,33,1,2,1
5,56,3,2004,2,1,1,2,2,1,1,1,1,1,1,1,1,1,14,6,2,2,33,2,2,0
8,56,3,2004,3,1,1,2,2,1,1,2,1,1,3,4,4,2,13,6,1,1,38,2,2,0
3,53,3,2004,2,1,1,2,2,1,1,1,1,1,1,2,1,2,8,6,2,1,36,1,2,0
3,53,3,2004,3,3,1,2,2,1,1,1,1,1,1,2,1,2,16,5,1,1,31,2,2,0
1,53,3,2004,2,1,1,2,2,1,1,2,1,1,1,4,1,2,6,2,1,2,33,2,2,0
7,53,3,2004,3,4,1,2,2,1,1,1,1,1,2,4,1,2,7,6,2,7,33,2,2,0
6,53,3,2004,5,2,1,2,2,1,1,1,1,1,1,4,1,2,4,6,1,2,33,2,2,0
1,54,2,2004,4,1,1,2,2,1,4,1,1,1,3,3,1,1,19,6,1,2,33,1,0,0
1,54,3,2004,2,1,4,2,2,1,1,1,1,1,1,5,1,1,10,5,1,7,33,1,2,3
1,54,3,2004,2,1,2,2,2,1,1,1,1,1,1,5,1,1,7,6,1,2,33,1,0,0
1,54,2,2004,3,1,1,2,2,1,1,1,1,1,1,5,1,1,7,6,1,1,25,2,0,1
10,54,3,2004,4,7,1,2,2,1,2,1,1,1,1,2,1,2,9,5,2,2,33,1,2,0
4,54,3,2004,4,1,1,2,2,1,2,1,1,1,1,2,1,2,5,6,1,2,33,1,2,0
7,54,3,2004,3,1,1,2,2,1,1,1,1,1,1,3,1,2,8,6,1,2,33,1,0,0
11,54,3,2004,3,3,8,2,2,1,1,1,1,1,1,3,1,2,13,7,2,7,33,1,0,0
1,54,4,2004,2,7,8,2,2,1,1,4,1,1,1,3,1,1,13,6,1,1,46,1,2,0
1,54,4,2004,5,2,2,2,2,1,1,1,1,1,1,2,1,1,19,6,1,2,33,1,0,0
1,54,4,2004,2,7,1,2,2,1,1,1,1,1,1,2,1,1,6,6,1,2,33,1,0,1
1,54,4,2004,2,2,1,2,2,1,1,1,1,1,1,4,1,2,7,1,1,2,33,1,0,1
1,54,4,2004,2,2,1,2,2,1,1,2,1,1,1,5,1,1,5,6,1,1,33,2,2,3
1,54,2,2004,4,2,1,2,2,1,3,1,1,1,1,3,1,1,5,1,1,1,20,2,2,0
5,54,3,2004,3,2,2,2,2,1,1,1,1,1,2,4,1,2,6,6,1,2,33,1,0,0
3,54,3,2004,3,1,1,2,2,1,1,1,1,1,1,3,1,2,9,6,1,2,33,1,0,0
9,54,4,2004,2,2,2,2,2,1,1,1,1,1,1,1,2,2,8,6,1,2,35,1,0,0
12,54,4,2004,4,2,1,2,2,1,2,1,1,1,3,1,1,2,8,6,1,2,33,2,2,0
12,54,4,2004,2,2,1,2,2,2,1,1,2,1,1,3,1,1,8,5,1,1,33,2,2,1
1,55,3,2004,1,1,1,2,2,1,2,1,1,1,1,3,1,2,14,6,1,1,30,2,2,2
6,55,4,2004,1,1,1,2,2,1,2,2,1,1,3,1,1,2,14,2,1,2,42,2,2,1
3,53,3,2004,3,1,1,1,1,1,1,1,1,3,2,4,1,2,7,6,1,2,22,2,2,0
3,56,4,2004,2,7,1,2,2,2,1,1,2,1,1,1,2,2,9,6,1,1,33,1,2,1
7,56,4,2004,3,1,1,2,2,1,1,1,1,1,1,1,1,2,9,6,1,1,33,2,2,0
8,56,4,2004,1,1,1,2,2,1,2,1,3,1,3,3,1,2,14,6,1,2,33,1,0,0
7,56,4,2004,3,1,8,2,2,1,1,1,1,1,1,3,1,2,11,6,1,2,33,1,0,0
1,55,5,2004,3,7,1,2,2,1,1,1,1,1,1,5,1,1,9,6,1,1,37,2,2,0
1,55,5,2004,2,1,1,2,2,1,2,1,1,1,1,1,1,1,7,6,1,2,25,2,2,0
6,55,5,2004,2,7,1,2,2,1,1,2,1,1,1,1,1,2,8,1,1,1,40,2,2,0
8,56,5,2004,2,7,1,2,2,1,1,1,1,1,1,3,1,2,6,6,1,7,33,2,2,0
8,56,3,2004,3,7,1,2,2,1,1,1,1,3,2,4,1,2,14,6,1,1,33,2,2,0
8,56,5,2004,2,1,1,2,2,1,1,1,1,1,1,4,1,2,12,6,1,1,33,1,0,0
1,54,5,2004,3,7,1,2,2,1,1,1,1,1,1,3,1,2,13,6,1,2,33,2,2,0
8,54,5,2004,2,2,1,2,2,1,1,1,1,3,1,4,1,2,17,6,1,3,33,1,0,0
7,54,5,2004,4,1,1,2,2,1,4,1,1,1,1,3,1,2,7,6,1,2,33,1,0,0
3,53,5,2004,3,7,8,2,2,1,1,1,1,1,1,3,1,2,13,11,1,1,35,2,2,0
6,53,5,2004,3,2,1,2,2,1,1,1,1,1,1,3,1,2,8,6,1,1,33,1,0,1
1,54,6,2004,3,7,1,2,2,1,1,1,1,1,1,3,1,2,8,6,1,7,20,1,2,0
1,54,2,2004,2,1,1,2,2,1,1,1,1,1,1,2,1,2,7,4,1,2,33,1,2,1
9,54,6,2004,1,1,1,2,2,1,3,1,1,1,1,1,1,1,14,6,1,1,33,1,0,0
9,54,6,2004,3,3,3,2,2,1,1,1,1,1,1,1,1,2,14,2,2,7,30,1,0,0
9,54,6,2004,3,2,1,2,2,1,1,1,1,1,1,1,1,1,8,6,1,1,25,2,2,0
5,54,6,2004,2,2,1,2,2,1,1,1,1,1,1,4,1,2,14,6,1,2,33,1,0,0
4,54,6,2004,2,1,1,2,2,1,1,1,1,1,1,2,1,2,4,11,1,1,33,1,0,0
4,54,6,2004,3,1,1,2,2,1,1,1,1,1,1,1,1,2,7,5,1,1,33,2,2,0
1,55,6,2004,3,1,1,2,2,1,1,1,1,1,1,5,1,1,13,6,1,2,33,1,0,0
3,55,6,2004,3,2,1,2,2,1,1,1,1,1,1,4,1,2,12,11,1,2,33,2,2,1