Thana,District,Month,Year,Time,Junction_Type,Traffic_Control,Movement,Divider,Weather,Light,Road_Geometry,Surface_Condition,Surface_Type,Surface_Quality,Road_Class,Road_Feature,Location_Type,Vehicle_Type,Vehicle_Movement,Vehicle_Loading,Vehicle_Defect,Vehicle_Driver_Age,Vehicle_Alcohol,Vehicle_Seat_Belt,Accident_Severity
8,56,6,2004,3,7,1,2,2,1,1,1,1,1,1,3,1,2,13,6,1,2,33,1,0,0
8,56,6,2004,3,7,1,2,2,1,1,1,1,1,1,4,1,2,10,6,1,2,33,1,0,0
7,56,6,2004,4,2,1,2,2,1,2,1,1,1,1,1,1,2,9,6,1,1,33,1,2,0
8,54,7,2004,3,1,8,2,2,2,1,1,2,3,2,4,1,2,17,6,1,2,25,2,2,0
12,54,7,2004,2,2,1,2,2,2,2,1,2,1,2,1,1,1,12,6,1,1,33,2,2,1
12,54,7,2004,3,7,1,2,2,1,1,1,1,1,1,1,1,1,5,11,1,7,40,2,2,3
11,54,7,2004,2,7,8,2,2,2,1,1,2,1,1,3,1,2,8,6,1,7,23,1,1,0
7,56,7,2004,3,2,2,1,1,2,1,1,2,1,1,1,1,1,13,6,1,2,33,1,0,1
1,55,7,2004,4,7,1,2,2,1,1,1,1,1,1,5,1,1,14,2,1,2,35,2,2,0
8,56,8,2004,2,1,1,2,2,2,4,1,2,1,2,4,1,1,7,6,1,1,28,2,2,0
3,56,8,2004,2,7,8,2,2,1,1,1,1,1,1,1,1,2,9,5,1,1,40,2,2,0
3,56,5,2004,2,7,8,2,2,1,3,2,1,1,1,2,1,2,19,6,1,2,33,1,0,0
9,56,8,2004,2,7,1,2,2,1,1,1,1,1,1,1,1,2,9,4,1,2,33,1,0,0
3,56,8,2004,2,3,8,2,2,1,1,1,1,1,1,1,1,2,14,6,1,1,40,2,2,0
1,53,8,2004,3,2,5,2,2,1,1,1,1,1,1,2,1,2,8,5,1,1,33,2,2,1
6,55,8,2004,3,1,1,2,2,2,1,1,2,1,1,3,1,2,14,6,1,2,33,1,0,0
3,55,8,2004,4,1,1,1,2,1,1,1,1,1,1,4,1,2,1,9,2,1,30,2,2,0
3,55,8,2004,3,7,8,2,2,1,1,1,1,1,1,3,1,2,4,6,1,2,20,1,0,0
1,54,8,2004,3,1,2,2,2,1,1,1,1,1,1,1,1,1,7,6,1,2,33,1,0,3
1,54,8,2004,3,7,8,2,2,1,1,1,1,1,1,5,1,1,4,6,1,2,33,1,0,0
1,54,8,2004,3,1,3,2,2,1,1,1,1,1,1,1,1,2,8,6,1,2,33,1,2,0
1,54,8,2004,4,7,1,2,2,1,3,1,1,1,1,2,1,2,9,6,1,1,33,1,2,0
1,54,8,2004,2,1,1,2,2,1,1,1,1,1,1,5,1,1,12,6,1,1,20,1,2,1
1,54,8,2004,4,1,1,2,2,1,4,1,1,1,1,2,1,2,6,6,1,2,20,2,2,0
1,54,8,2004,2,7,3,2,2,1,1,1,1,1,1,5,1,1,7,6,1,7,40,2,2,3
3,54,8,2004,3,1,1,2,2,1,1,1,1,1,1,4,1,2,6,6,1,1,22,2,2,0
8,56,9,2004,3,1,1,2,2,1,1,1,1,3,3,1,1,2,14,6,1,2,26,2,2,0
7,56,9,2004,2,1,1,2,2,1,1,3,1,3,3,1,1,2,13,6,1,7,33,1,2,0
1,56,9,2004,4,1,1,2,2,1,4,1,1,1,1,2,1,2,5,9,2,7,33,2,2,0
4,55,9,2004,2,3,1,2,2,2,1,2,2,1,1,4,1,2,12,2,1,1,25,1,2,1
5,55,9,2004,3,1,1,2,2,1,4,1,1,1,1,3,1,2,13,6,1,1,42,2,2,0
1,53,9,2004,2,7,1,2,2,1,1,1,1,1,1,5,1,1,8,7,1,1,25,2,2,0
8,56,10,2004,3,1,1,2,2,1,1,1,1,2,3,1,1,2,13,6,1,2,33,1,0,0
6,55,10,2004,3,7,8,2,2,1,1,1,1,1,1,1,1,1,9,11,1,1,40,2,2,0
2,55,10,2004,3,7,8,2,2,1,1,1,1,1,1,3,1,2,8,8,1,1,45,2,2,0
3,53,10,2004,2,7,3,2,2,1,1,1,1,1,1,4,1,2,9,6,1,7,33,2,2,1
1,54,10,2004,1,4,1,2,2,1,3,1,1,1,1,5,1,1,15,5,1,2,36,2,2,1
1,54,10,2004,2,7,1,2,2,1,1,1,1,1,1,5,1,1,4,6,1,7,33,1,2,0
9,54,9,2004,2,1,1,2,2,1,1,1,1,1,1,1,1,2,8,6,1,1,33,2,2,0
9,54,10,2004,1,1,1,2,2,1,4,1,1,1,1,1,1,2,14,6,1,1,33,2,2,1
9,54,10,2004,2,1,1,2,2,1,1,1,1,1,1,1,1,2,10,6,1,1,35,1,2,1
7,54,6,2004,2,2,3,2,2,1,1,1,1,1,1,3,1,2,9,11,1,2,33,1,2,0
7,54,10,2004,4,1,1,2,2,1,1,3,1,1,3,3,1,2,13,6,2,1,38,1,2,0
12,54,9,2004,1,1,1,2,2,1,1,1,1,1,3,1,1,2,14,6,1,2,33,1,0,0
12,54,10,2004,3,3,1,2,2,1,1,3,1,3,3,1,2,1,7,6,2,6,30,1,2,0
12,54,10,2004,2,7,1,2,2,1,1,1,1,1,3,3,1,1,8,6,1,1,33,2,2,0
11,54,9,2004,2,7,8,2,2,1,1,1,1,1,1,3,1,2,8,5,2,2,33,1,2,0
3,54,10,2004,2,1,1,2,2,1,1,1,1,1,1,2,1,2,8,6,1,1,40,2,2,3
13,54,9,2004,4,1,1,2,2,1,4,1,1,1,3,1,1,2,8,11,1,1,50,2,2,0
5,56,11,2004,1,1,8,2,2,1,3,1,1,1,1,1,1,1,18,6,1,2,33,1,0,0
7,56,11,2004,1,5,1,2,2,1,3,1,1,1,1,1,2,1,8,6,1,2,33,1,0,0
3,56,11,2004,2,1,1,2,2,1,1,1,1,1,1,1,2,1,7,6,1,2,33,1,0,0
3,56,10,2004,4,7,8,2,2,1,2,2,1,1,3,1,1,2,19,6,1,2,33,1,0,0
5,54,11,2004,3,1,1,2,2,1,1,1,1,1,1,3,1,2,13,6,1,2,26,2,2,0
8,54,11,2004,2,1,1,1,1,1,1,1,1,1,1,4,1,2,9,6,1,2,37,1,0,0
8,54,11,2004,1,1,1,2,2,1,4,1,1,1,1,4,1,2,14,6,1,2,33,1,0,0
10,54,11,2004,2,7,1,2,2,1,1,1,1,1,2,3,1,2,19,2,1,1,33,1,0,0
12,54,11,2004,3,1,1,2,2,1,1,2,1,2,2,1,1,2,1,8,1,1,40,2,2,0
7,54,11,2004,2,1,1,2,2,1,1,1,1,1,1,3,1,2,8,6,1,7,30,1,2,0
7,54,11,2004,4,1,1,2,2,1,2,1,1,1,1,2,1,2,8,11,1,2,33,1,0,0
6,54,11,2004,3,1,1,2,2,1,1,1,1,1,1,3,1,2,8,6,1,1,33,1,0,0
12,54,9,2004,3,1,1,2,2,1,1,1,1,1,1,1,1,2,13,6,1,2,33,1,0,0
5,55,11,2004,2,1,1,2,2,1,1,1,1,1,1,2,1,2,9,11,1,1,27,2,2,0
9,54,11,2004,2,1,1,2,2,1,1,1,1,1,1,1,1,2,9,6,1,1,33,2,2,1
1,55,11,2004,3,1,1,2,2,1,1,1,1,1,1,1,1,2,9,6,1,1,45,2,2,0
6,55,12,2004,3,1,1,2,2,1,1,1,1,1,1,4,1,2,14,6,1,1,33,2,2,0
6,55,12,2004,2,1,1,2,2,1,2,1,1,1,1,4,1,2,14,6,1,1,33,2,2,0
4,55,12,2004,4,1,8,2,2,1,2,1,1,1,1,3,1,2,14,6,1,1,38,2,2,0
7,56,12,2004,3,1,8,2,1,1,1,1,1,1,1,1,1,2,9,6,1,2,27,1,2,0
9,56,12,2004,2,1,1,2,2,4,1,1,1,1,1,1,1,2,13,6,1,1,33,2,2,0
9,56,12,2004,4,1,1,1,2,1,1,1,1,1,1,3,1,2,14,6,1,1,32,2,2,0
6,56,12,2004,3,7,1,2,2,4,4,2,1,1,1,4,2,2,9,6,1,1,35,2,2,1
7,56,12,2004,2,1,8,2,2,1,1,1,1,1,1,1,1,2,9,6,1,2,33,1,2,0
7,53,11,2004,1,7,1,2,2,1,1,1,1,1,1,4,1,2,8,6,1,7,35,2,2,0
3,53,12,2004,2,2,1,2,2,1,1,1,1,1,1,4,1,2,8,1,1,7,33,2,2,0
1,53,10,2004,3,1,1,2,2,1,1,1,1,1,1,1,1,1,9,6,1,1,35,1,2,0
1,53,12,2004,3,1,1,2,2,1,2,1,1,1,1,3,1,2,8,2,1,1,40,2,2,0
1,54,12,2004,2,1,1,2,2,1,1,1,1,1,1,3,1,2,13,6,1,2,35,2,2,0
1,54,12,2004,3,7,8,2,2,1,1,1,1,1,1,1,1,2,9,6,1,7,33,2,2,0
1,54,12,2004,3,1,1,2,2,1,1,1,1,1,1,1,1,1,13,6,1,1,37,2,2,0
1,54,12,2004,3,3,8,2,2,1,1,2,1,1,1,5,1,1,7,2,1,1,25,2,2,0
1,54,12,2004,1,7,1,1,2,1,2,1,1,1,1,1,1,2,19,6,1,2,33,1,0,0
9,54,12,2004,3,1,1,2,2,1,1,1,1,1,1,1,1,2,14,6,1,1,33,2,2,0
13,54,11,2004,3,1,1,2,2,1,2,1,1,1,1,1,1,2,7,3,1,5,30,2,2,0
7,54,12,2004,4,3,1,2,2,1,2,1,1,1,1,3,1,2,8,6,1,1,33,1,0,0
4,54,12,2004,2,1,1,2,2,1,1,1,1,1,1,4,1,2,10,11,1,1,35,1,2,0
1,62,1,2004,4,1,1,2,2,1,2,1,1,1,1,2,1,2,14,1,1,1,52,1,2,0
1,62,1,2004,3,1,1,1,2,1,1,1,1,3,1,4,1,2,13,1,1,1,33,1,2,0
1,62,1,2004,4,7,1,2,2,1,4,1,1,1,1,1,1,1,6,1,1,1,33,1,2,0
1,59,1,2004,4,7,1,2,2,1,1,1,1,1,1,1,1,1,9,5,2,1,33,1,2,1
4,59,1,2004,2,1,1,2,2,1,1,1,1,1,1,1,1,1,19,6,1,1,28,2,2,0
4,59,1,2004,3,2,3,2,1,1,1,1,1,1,1,1,1,1,14,6,2,1,25,1,2,0
1,57,1,2004,2,2,8,2,2,1,1,1,1,1,1,1,1,2,14,4,1,1,30,1,2,3
1,57,1,2004,3,7,2,1,2,1,1,1,1,1,1,2,1,2,12,6,1,1,33,1,0,1
3,57,1,2004,1,1,8,2,2,4,4,1,1,1,3,1,1,2,10,4,1,2,33,1,0,0
1,61,1,2004,4,1,1,2,2,1,2,1,1,1,1,1,1,2,9,6,1,6,30,2,2,0
5,60,1,2004,4,1,2,2,2,4,3,1,1,1,1,1,1,2,14,6,1,2,33,1,2,3
4,60,1,2004,2,2,2,1,1,4,1,1,1,1,2,4,1,2,6,6,1,2,25,1,0,1
5,60,1,2004,4,1,2,2,2,4,3,1,1,1,1,1,1,2,14,6,1,2,33,1,2,3
4,60,1,2004,2,2,2,1,1,4,1,1,1,1,2,4,1,2,6,6,1,2,25,1,0,1
4,60,1,2004,3,1,2,2,2,1,1,1,1,1,2,4,1,2,11,1,1,2,33,1,2,0
1,65,1,2004,3,2,1,1,1,1,1,2,1,1,1,2,1,2,14,1,1,7,33,2,2,0
5,65,1,2004,3,1,3,2,2,1,1,1,1,1,1,1,1,2,9,1,1,1,50,1,0,0
13,63,1,2004,3,1,1,2,1,1,1,1,1,1,1,2,1,2,6,11,1,2,33,1,0,0
13,63,1,2004,4,7,1,2,2,1,4,1,1,1,1,3,1,2,13,6,1,1,28,2,2,0
1,61,2,2004,2,3,1,2,2,1,1,2,1,1,1,3,1,1,17,2,1,1,19,2,2,1
6,61,2,2004,2,7,3,2,1,1,1,1,1,1,1,3,1,1,9,6,1,2,33,2,2,0
1,58,2,2004,4,6,2,1,2,1,4,4,1,1,1,2,5,2,9,11,1,2,33,1,0,1
1,60,2,2004,2,1,1,2,2,1,1,1,1,1,1,1,1,2,9,6,1,2,33,2,2,0
10,58,2,2004,3,7,1,1,2,1,1,1,1,1,1,2,1,2,9,11,1,7,33,2,2,0
1,58,2,2004,2,1,1,2,2,1,1,1,1,1,1,2,1,2,8,6,1,1,33,2,2,1
5,58,2,2004,3,7,1,2,1,1,1,1,1,1,1,1,1,2,9,6,1,2,33,1,0,0
5,63,2,2004,4,1,1,2,2,1,4,1,1,2,2,4,1,2,11,11,1,2,33,1,2,0
1,57,2,2004,3,7,1,2,2,1,1,1,1,1,1,1,1,2,9,6,1,1,37,2,2,0
5,65,2,2004,4,7,8,2,2,1,2,2,1,1,1,1,1,2,11,1,1,2,33,1,0,0
2,65,2,2004,2,2,1,2,1,4,1,2,2,1,1,1,1,2,7,1,1,2,33,2,2,0
1,61,3,2004,3,2,8,2,1,1,2,1,1,1,1,3,1,1,12,6,1,2,33,1,0,0
10,58,4,2004,3,7,1,1,2,1,1,1,1,1,1,2,1,2,7,6,1,2,33,2,2,1
2,58,10,2004,3,7,1,1,2,1,1,4,1,1,1,1,1,2,8,1,1,1,45,2,2,3
7,58,10,2004,3,3,1,2,1,1,1,1,1,1,1,1,1,2,8,6,1,1,45,2,2,3
8,58,4,2004,2,7,1,2,2,1,2,1,1,1,1,2,1,2,9,6,1,2,33,1,0,0
1,57,5,2004,5,1,2,1,1,1,1,1,1,1,1,1,1,2,6,6,1,2,33,2,2,1
1,61,5,2004,1,3,6,2,2,2,1,2,2,1,3,2,1,1,14,1,1,1,33,1,2,0
1,65,5,2004,2,2,1,2,2,1,1,1,1,1,1,1,1,2,11,1,1,2,33,2,2,1
7,68,5,2004,3,7,1,2,2,1,2,3,1,1,1,4,1,2,14,1,1,1,40,2,2,0
5,57,6,2004,4,1,1,2,2,1,2,1,1,1,1,2,1,2,17,4,1,2,33,2,2,1
4,61,6,2004,3,2,2,1,1,1,1,1,1,1,1,2,1,1,10,6,1,2,33,1,0,0
2,61,6,2004,4,1,1,2,2,1,4,1,1,1,1,1,1,2,12,6,1,1,33,1,2,0
6,60,3,2004,2,7,1,2,2,1,1,1,1,1,1,1,1,1,9,6,1,1,33,1,2,0
1,60,3,2004,3,1,1,2,2,1,1,1,1,1,1,2,1,2,6,6,1,1,33,2,2,0
1,60,3,2004,3,1,1,2,2,1,1,1,1,1,1,1,1,1,9,6,1,1,36,2,2,0
8,58,3,2004,2,7,1,2,2,1,2,1,1,1,1,2,1,2,8,11,1,1,30,1,2,0
8,58,3,2004,4,7,1,2,2,1,2,1,1,1,1,1,1,2,9,6,1,1,35,1,2,0
1,68,3,2004,2,7,1,1,2,1,1,2,1,1,1,2,1,1,5,2,2,7,33,1,2,1
1,61,4,2004,2,7,1,2,2,1,1,1,1,1,1,5,1,1,14,6,1,1,35,2,2,0
3,61,4,2004,4,1,8,1,2,1,2,1,1,3,2,4,3,2,12,8,1,2,33,2,2,0
1,62,4,2004,2,7,1,2,2,1,1,1,1,1,1,2,1,2,9,1,1,1,48,1,2,0
10,58,6,2004,3,7,1,1,2,1,1,1,1,1,1,3,1,2,9,11,1,7,32,2,2,1
7,59,9,2004,3,1,1,2,2,1,1,1,1,1,1,2,1,2,9,2,1,2,33,2,2,1
3,68,9,2004,3,1,1,2,2,2,1,1,2,1,1,3,1,2,12,6,2,7,30,1,2,1
1,62,9,2004,1,1,1,2,2,1,4,1,1,1,1,3,1,2,9,1,1,1,28,1,2,1
1,60,1,2004,3,1,1,2,2,1,1,1,1,1,1,1,1,2,8,6,1,1,45,2,2,0
11,63,3,2004,2,7,1,2,2,2,1,1,2,1,2,1,1,2,11,6,1,2,33,2,0,0
1,55,1,2005,3,3,1,2,2,1,2,1,1,1,1,3,1,1,14,6,1,1,33,2,2,0
3,55,1,2005,3,7,8,2,2,1,1,3,1,1,1,3,2,2,13,11,1,1,33,2,1,3
1,53,1,2005,3,1,1,2,2,1,1,1,1,1,1,1,1,2,8,6,1,1,32,2,2,0
5,56,1,2005,2,7,8,2,2,1,1,1,1,1,1,4,1,2,19,11,1,7,33,2,2,1
3,56,1,2005,2,1,8,1,1,1,1,4,1,1,1,3,1,2,9,11,1,2,33,1,0,0
9,56,1,2005,3,3,1,2,2,1,2,1,1,1,1,3,1,2,8,6,1,2,33,1,0,0
8,54,1,2005,4,1,1,2,2,1,4,1,1,1,1,4,1,2,14,6,1,2,33,1,0,0
8,54,1,2005,4,1,1,2,2,1,4,1,1,1,1,1,2,1,8,6,1,2,33,1,0,0
12,54,1,2005,2,1,1,2,2,1,2,1,1,1,1,1,1,2,19,6,1,2,33,1,0,0
11,54,1,2005,3,7,1,2,2,1,1,1,1,1,1,3,1,2,7,5,1,1,22,2,2,1
11,54,1,2005,3,7,8,2,2,1,1,1,1,1,1,3,1,2,8,3,1,7,33,2,2,1
3,54,1,2005,3,7,1,2,2,1,1,1,1,1,1,4,4,2,9,11,1,1,21,2,2,0
1,54,1,2005,3,1,1,2,2,1,1,1,1,1,1,3,1,1,8,6,2,6,38,1,2,3
1,54,1,2005,1,7,1,2,2,1,2,1,1,1,1,1,1,1,14,1,1,7,33,2,2,0
1,54,1,2005,5,1,1,2,2,1,1,1,1,1,1,5,1,1,19,6,1,2,33,1,0,0
1,54,1,2005,2,1,1,2,2,1,1,1,1,1,1,1,1,2,4,6,1,1,30,2,2,0
1,56,2,2005,2,1,1,2,2,1,1,1,1,1,1,4,1,2,10,6,1,2,33,1,0,0
1,55,2,2005,3,1,1,2,2,1,4,2,1,1,1,1,1,2,9,1,1,1,40,2,2,0
3,53,2,2005,4,1,1,2,2,1,4,1,1,1,1,2,1,2,9,5,1,2,33,1,0,0
1,53,2,2005,2,7,1,2,2,1,1,1,1,1,1,2,1,2,8,6,1,7,37,2,2,0
1,54,1,2005,3,7,8,2,2,1,1,1,5,3,1,5,1,1,8,10,1,7,33,2,1,0
1,54,2,2005,2,7,8,2,2,1,2,1,1,1,1,3,1,1,13,6,1,7,33,2,2,0
1,54,2,2005,2,1,1,2,2,1,2,1,1,1,1,3,1,2,19,6,1,2,33,1,0,0
1,54,2,2005,4,2,1,2,2,1,3,2,1,1,1,4,1,1,19,2,1,1,32,2,2,2
1,54,2,2005,3,7,1,2,2,1,1,1,1,1,1,3,1,1,5,6,1,2,33,1,0,0
11,54,2,2005,2,7,8,2,2,1,3,1,1,1,1,3,1,2,13,5,2,7,33,1,0,1
12,54,2,2005,3,1,1,2,2,1,1,1,1,1,1,3,1,2,7,11,1,1,35,2,2,1
12,54,2,2005,2,7,1,2,2,1,4,2,1,1,1,1,1,1,9,11,1,1,40,2,2,0
12,54,1,2005,2,1,1,2,2,1,1,1,1,1,1,3,1,2,4,6,1,1,20,2,2,0
12,54,2,2005,2,1,1,2,2,1,1,1,1,1,1,1,1,1,8,6,1,1,27,2,2,1
12,54,2,2005,4,1,1,2,2,1,2,1,1,1,1,1,1,1,19,6,1,2,33,1,0,0
12,54,2,2005,2,7,1,2,2,1,1,1,1,1,1,1,1,2,19,6,1,2,33,1,0,0
12,54,2,2005,3,1,1,2,2,1,1,1,1,1,1,1,1,1,7,11,1,1,45,2,2,0
13,54,2,2005,2,1,1,2,2,1,1,1,1,1,1,1,1,2,13,6,1,2,33,1,0,0
13,54,2,2005,2,1,1,2,2,1,1,1,1,1,1,1,1,2,9,3,1,2,33,2,2,1
3,53,3,2005,3,1,1,2,2,1,1,1,1,1,1,3,1,2,8,6,1,1,40,2,2,1
1,53,3,2005,3,7,1,2,2,1,1,1,1,1,1,1,1,2,8,6,1,1,33,2,2,1
6,55,3,2005,3,1,1,2,2,1,1,1,1,1,1,3,1,2,9,6,1,1,33,2,2,0
6,55,3,2005,2,7,1,2,2,1,1,1,1,1,1,1,1,2,8,6,1,7,30,2,2,0
1,54,3,2005,4,1,4,1,2,1,3,1,1,1,1,3,1,2,19,6,1,2,28,1,0,0
1,54,3,2005,3,1,1,2,2,1,3,1,1,1,1,1,1,2,13,6,2,6,30,1,2,0
1,54,3,2005,3,3,8,2,2,1,1,1,1,1,1,5,1,1,9,5,1,1,33,1,0,0
1,54,3,2005,2,1,1,2,2,1,2,1,1,1,1,1,1,2,13,6,1,2,33,2,2,0
1,54,3,2005,4,1,1,2,2,1,2,1,1,1,1,5,1,1,14,6,1,2,33,2,2,0
8,54,3,2005,2,1,1,2,2,2,1,1,2,1,1,4,1,2,8,6,1,2,33,1,0,0
9,54,3,2005,1,1,1,2,2,1,3,1,1,1,1,1,1,1,10,6,1,2,33,1,2,0
12,54,3,2005,3,1,1,2,2,1,1,1,1,1,1,3,1,2,8,6,1,2,33,1,0,3
13,54,3,2005,3,1,1,2,2,1,1,1,1,1,1,3,1,2,7,6,1,2,33,1,0,0
13,54,2,2005,2,2,1,2,2,1,1,1,1,1,1,1,1,2,14,6,1,2,33,1,0,0
4,54,3,2005,2,1,1,2,2,2,2,1,2,1,1,3,1,2,17,6,1,2,33,2,2,0
8,56,3,2005,3,2,2,1,1,1,1,1,1,1,1,3,1,2,14,10,1,2,33,1,0,0
8,56,3,2005,2,2,1,2,2,1,1,1,1,1,1,2,1,1,14,6,1,2,33,1,0,0
7,56,3,2005,2,2,8,1,1,1,4,1,1,1,1,4,1,2,9,6,1,2,28,1,2,1
4,56,4,2005,3,7,1,2,2,1,1,5,1,1,2,4,2,2,19,11,1,7,30,2,2,0
1,55,3,2005,3,3,1,2,2,1,1,1,1,1,1,1,1,2,5,6,1,7,33,2,2,3
4,55,1,2005,4,1,1,2,2,1,2,1,1,1,1,3,1,2,19,6,1,2,33,1,0,0
3,53,5,2005,3,1,1,2,2,1,1,1,1,1,1,3,1,2,8,6,1,2,33,1,2,0
3,56,5,2005,3,1,1,2,2,1,1,1,1,1,1,2,1,1,9,1,1,1,35,1,0,0
8,56,5,2005,3,1,1,2,2,1,1,2,1,1,1,1,1,2,9,2,1,1,36,2,2,0
8,56,5,2005,3,1,1,2,2,1,1,1,1,1,2,3,1,2,8,6,1,1,33,1,2,0
8,56,5,2005,4,1,1,2,2,1,4,1,1,1,1,1,1,2,7,6,1,2,33,2,0,0
8,56,6,2005,3,1,1,2,2,1,1,1,1,1,1,1,1,2,9,6,1,1,40,2,2,0
8,56,6,2005,3,1,1,2,2,1,1,1,1,1,1,1,1,2,13,6,1,1,28,2,2,0
8,56,6,2005,1,1,1,2,2,1,2,1,1,1,1,1,1,2,14,6,1,1,33,2,2,0
1,53,6,2005,3,1,1,2,2,1,1,1,1,1,1,2,1,2,8,6,1,2,33,1,0,0
3,53,6,2005,3,1,1,2,2,1,1,1,1,1,1,3,1,2,7,6,1,1,25,1,2,1
4,55,6,2005,3,3,1,1,2,1,1,1,1,1,1,4,1,2,10,6,1,2,33,1,0,1
5,54,4,2005,3,7,1,2,2,1,1,1,1,1,1,3,1,2,13,6,1,1,35,2,2,0
8,54,4,2005,2,3,3,2,2,1,1,1,1,1,1,4,1,2,13,9,1,7,30,1,2,0
9,54,4,2005,4,1,1,2,2,1,4,1,1,1,1,1,1,2,13,6,1,1,33,2,2,0
12,54,4,2005,3,1,1,2,2,1,4,1,1,1,1,1,1,2,5,9,1,1,33,1,0,0
13,54,4,2005,3,2,1,2,2,1,1,1,1,1,1,4,1,2,8,6,1,2,33,1,0,0
12,54,5,2005,2,1,1,2,2,1,2,1,1,1,1,3,1,2,19,6,1,2,33,1,0,0
12,54,5,2005,2,7,1,2,2,1,2,1,1,1,1,3,1,2,7,6,1,7,33,1,0,1
12,54,5,2005,3,7,1,2,2,2,1,1,4,1,1,3,1,2,7,6,1,2,33,1,2,1
8,54,5,2005,3,1,1,2,2,1,1,1,1,1,1,2,1,2,13,6,1,2,40,2,2,0
8,54,3,2005,3,1,1,2,2,1,1,1,1,1,1,2,1,2,14,6,1,2,33,2,2,0
9,54,4,2005,3,1,1,2,2,1,1,1,1,1,1,2,1,2,4,6,1,1,35,2,2,0
11,54,5,2005,3,7,1,2,2,2,1,1,2,1,1,2,1,2,18,6,1,7,20,2,2,0
3,54,5,2005,2,3,8,2,2,1,1,1,1,1,1,3,1,2,8,1,1,1,33,1,2,0
1,54,6,2005,3,3,1,2,2,1,1,1,1,1,1,2,1,2,13,6,1,2,35,2,2,0
1,54,6,2005,4,3,1,2,2,1,2,1,1,1,1,2,1,2,9,6,1,2,33,1,0,1
5,54,6,2005,2,7,1,2,2,1,1,4,1,1,1,3,1,2,13,6,1,1,45,2,2,0
9,54,6,2005,2,1,1,2,2,1,1,1,1,1,1,2,1,2,14,6,1,1,35,2,2,0
9,54,6,2005,4,1,1,2,2,1,4,1,1,1,1,2,1,2,7,6,1,2,20,2,2,0
9,54,6,2005,4,1,1,2,2,1,4,1,1,1,1,2,1,2,14,6,1,1,28,2,2,0
13,54,6,2005,2,2,1,2,2,1,1,1,1,1,1,1,1,2,13,6,1,2,33,1,0,0
13,54,6,2005,2,2,2,2,2,1,1,1,1,1,1,1,1,2,9,6,1,2,33,1,0,0
8,56,7,2005,1,1,1,2,2,1,4,1,1,1,1,1,1,2,14,6,1,2,33,1,0,0
3,56,7,2005,3,1,2,2,2,1,1,1,1,1,1,3,1,2,9,6,1,2,33,1,0,0
3,53,7,2005,3,7,1,2,2,1,1,1,1,1,1,2,1,2,13,11,1,7,33,2,2,1
1,55,5,2005,3,1,1,2,2,1,1,2,1,1,1,4,1,2,13,6,1,1,30,2,2,3
1,55,4,2005,4,5,2,2,2,1,2,1,1,1,1,4,1,2,10,6,1,1,25,2,2,0
6,55,5,2005,3,1,1,2,2,1,1,1,1,1,1,1,1,2,8,6,1,1,33,1,2,0
6,55,7,2005,4,1,1,2,2,1,2,1,1,1,1,2,1,2,9,6,1,1,33,2,2,0
7,55,7,2005,2,2,1,2,2,1,1,1,1,1,1,4,1,2,19,6,1,2,33,1,0,0
1,54,8,2005,3,7,1,1,2,1,1,1,1,1,1,2,1,2,7,6,1,1,30,1,2,0
8,54,8,2005,3,1,1,1,2,1,1,1,1,1,1,1,1,2,7,6,1,2,33,1,0,0
10,54,8,2005,3,1,1,2,2,1,1,1,1,1,1,3,1,2,6,6,1,6,30,2,2,0
13,54,8,2005,2,2,1,2,2,1,1,1,1,1,1,1,1,2,13,6,1,2,33,1,0,0
13,54,8,2005,2,2,1,2,2,1,2,1,1,1,1,1,1,2,8,6,1,2,33,1,0,0
13,54,8,2005,2,1,2,1,1,2,1,1,2,1,1,1,1,2,7,6,1,2,33,1,0,0
13,54,8,2005,2,1,1,2,2,2,1,1,2,1,1,1,1,2,8,6,1,2,33,1,0,0
13,54,8,2005,1,2,1,2,2,1,4,1,1,1,1,1,1,1,13,6,1,2,33,1,0,0
4,54,8,2005,2,2,1,2,2,1,1,1,1,1,1,1,1,2,12,6,1,1,26,2,2,0
4,54,8,2005,3,1,1,2,2,1,1,1,1,1,1,1,1,2,8,6,1,1,31,2,2,0
6,54,8,2005,2,1,1,2,2,1,1,1,1,1,1,3,1,2,10,6,1,1,33,1,0,1
11,54,8,2005,1,2,2,2,2,1,1,1,1,1,1,2,1,2,9,6,1,2,33,1,0,0
1,54,7,2005,3,1,4,2,2,1,1,1,1,1,1,2,1,1,4,1,1,1,33,1,0,1
12,54,7,2005,3,2,3,2,2,1,2,1,1,1,1,4,1,2,19,6,1,2,33,1,0,0
3,54,7,2005,4,3,1,2,2,1,2,1,1,1,1,3,1,2,9,6,1,2,36,2,2,1
3,53,8,2005,3,7,1,2,2,2,1,2,2,2,2,2,2,2,8,11,1,1,33,2,2,0
7,53,8,2005,2,7,2,1,2,1,1,2,1,1,1,2,1,2,4,1,1,1,18,2,0,0
5,56,8,2005,2,1,1,2,2,1,1,1,1,1,1,2,1,2,12,6,1,2,33,1,0,0
3,56,8,2005,4,1,2,2,2,1,2,1,1,1,1,2,1,1,19,6,1,2,33,1,0,0
7,56,8,2005,2,1,1,2,2,1,2,1,1,1,1,1,1,2,13,6,1,5,33,1,0,0
4,56,8,2005,2,7,1,2,2,1,1,1,1,1,1,4,4,2,17,11,2,1,33,2,2,0