Thana,District,Month,Year,Time,Junction_Type,Traffic_Control,Movement,Divider,Weather,Light,Road_Geometry,Surface_Condition,Surface_Type,Surface_Quality,Road_Class,Road_Feature,Location_Type,Vehicle_Type,Vehicle_Movement,Vehicle_Loading,Vehicle_Defect,Vehicle_Driver_Age,Vehicle_Alcohol,Vehicle_Seat_Belt,Accident_Severity
6,56,8,2005,3,7,8,2,2,1,1,1,1,1,1,3,1,2,7,2,1,7,25,1,0,1
6,55,8,2005,3,1,1,2,2,1,1,1,1,1,1,1,1,2,10,6,1,1,18,2,2,1
6,55,8,2005,3,7,8,2,2,1,1,3,1,1,1,3,3,1,12,11,1,7,29,2,2,1
3,55,8,2005,2,1,2,2,2,2,1,1,2,1,1,3,1,2,8,6,1,1,33,2,2,0
4,55,8,2005,4,1,8,2,2,2,2,1,2,1,1,4,1,2,9,6,1,7,30,2,2,0
2,55,8,2005,2,2,1,2,2,1,1,1,1,1,1,3,1,2,14,6,1,1,33,2,2,1
6,53,9,2005,3,1,1,2,2,1,1,1,1,1,1,4,1,2,12,6,1,7,33,2,2,1
6,53,9,2005,2,4,1,2,2,1,1,2,1,1,1,3,1,2,8,2,1,1,33,1,0,1
3,53,9,2005,2,2,8,1,1,1,1,1,1,1,1,3,1,2,13,6,1,2,35,1,2,0
3,56,9,2005,2,1,2,1,1,1,1,1,1,1,1,3,1,2,13,6,1,2,33,1,0,0
3,56,9,2005,4,2,2,1,1,1,2,1,1,1,1,4,1,2,19,6,1,2,33,1,0,0
3,56,9,2005,3,1,2,2,2,1,1,1,1,1,1,1,1,2,9,6,1,1,35,2,2,1
9,56,9,2005,3,2,1,1,1,1,1,1,1,1,1,1,1,2,7,6,1,2,33,1,0,0
8,56,9,2005,3,1,1,2,2,1,1,1,1,1,1,1,1,2,9,6,1,1,40,2,2,0
8,56,8,2005,4,1,1,2,2,1,4,2,1,1,1,3,1,2,7,6,1,1,33,1,2,0
4,56,9,2005,3,7,1,2,2,1,1,2,1,1,2,4,1,2,9,6,1,3,30,2,2,0
1,55,9,2005,3,7,1,2,2,1,1,1,1,1,1,5,4,2,9,5,1,1,45,2,2,0
1,55,9,2005,2,1,1,2,2,1,1,1,1,1,1,4,1,2,7,6,1,1,30,2,2,0
7,55,9,2005,3,1,3,2,2,1,1,1,1,1,1,3,1,2,9,6,1,2,33,1,0,1
4,54,9,2005,3,7,1,2,2,1,1,3,1,2,2,4,1,2,8,6,1,1,42,2,2,0
11,54,9,2005,2,1,8,2,2,2,1,1,2,1,1,3,1,2,19,6,1,2,33,1,0,0
3,56,9,2005,3,2,1,2,2,1,1,1,1,1,1,4,1,2,4,6,1,2,25,1,2,3
3,56,10,2005,2,2,1,2,2,1,1,1,1,1,1,3,1,2,14,6,1,2,33,1,0,0
3,56,10,2005,3,1,2,2,2,1,1,1,1,1,1,1,1,1,10,6,1,1,33,2,2,0
8,56,10,2005,4,1,1,2,2,1,4,1,1,1,1,3,1,2,13,6,1,2,33,1,0,0
1,55,10,2005,3,1,1,2,2,1,1,1,1,1,1,2,1,2,19,6,1,2,33,1,0,0
6,55,10,2005,2,1,1,2,2,1,1,1,1,1,1,3,1,2,9,6,1,1,35,2,2,0
6,55,10,2005,2,7,1,2,2,1,1,1,1,1,1,4,1,2,11,6,1,6,25,1,2,0
4,55,9,2005,3,2,2,1,1,1,1,2,1,1,1,3,1,2,9,1,1,1,33,1,0,0
5,55,10,2005,2,1,1,2,2,1,1,2,1,1,1,3,1,2,9,2,1,2,33,1,0,0
5,55,10,2005,3,2,1,2,2,1,1,1,1,1,1,3,1,2,7,6,1,2,30,1,1,0
5,55,10,2005,3,2,1,2,2,1,1,1,1,1,1,4,1,2,7,6,1,2,33,1,0,0
7,55,10,2005,2,2,3,2,2,1,1,1,1,1,1,4,1,2,14,6,1,2,33,1,0,0
1,56,11,2005,3,7,1,2,2,1,1,3,1,1,1,4,1,2,6,6,1,7,33,2,2,1
9,56,11,2005,3,2,3,2,2,1,1,1,1,1,1,1,1,2,7,6,1,2,33,1,0,0
8,56,11,2005,3,1,1,2,2,1,4,1,1,1,1,1,1,2,19,6,1,2,33,1,2,0
4,56,11,2005,3,2,1,2,2,1,1,1,1,1,1,2,1,2,9,6,1,7,32,2,2,0
4,55,11,2005,2,7,1,2,2,1,1,1,1,1,1,4,4,1,12,6,1,7,33,2,2,0
6,55,10,2005,3,7,1,2,2,1,1,3,1,1,1,4,1,2,7,6,1,7,33,1,2,1
6,55,11,2005,3,7,1,2,2,1,1,1,1,1,1,1,1,2,9,6,1,2,33,1,0,0
6,55,11,2005,3,7,1,2,2,1,1,1,1,1,1,1,1,2,9,6,1,2,33,1,0,0
5,55,10,2005,3,1,1,2,2,1,1,1,1,1,1,2,1,2,4,6,1,1,22,2,2,0
7,55,11,2005,3,3,2,2,2,1,1,4,1,1,1,4,1,2,4,1,1,2,33,1,0,0
1,54,9,2005,4,1,1,2,2,1,2,1,1,1,1,1,1,2,7,6,1,2,33,1,2,0
1,54,9,2005,3,1,8,2,2,1,1,1,1,1,1,1,1,2,5,6,1,2,33,1,2,0
9,54,9,2005,3,1,1,2,2,1,2,1,1,1,1,1,1,2,14,6,1,1,33,2,1,2
1,54,10,2005,2,1,1,2,2,1,1,1,1,1,1,2,1,2,6,6,1,6,20,1,2,3
1,54,10,2005,3,7,3,2,2,1,1,1,1,1,1,2,1,2,14,6,1,1,30,2,2,0
5,54,10,2005,3,7,1,2,2,2,1,2,2,1,1,3,1,2,13,1,1,1,33,2,2,0
9,54,10,2005,2,1,3,2,2,1,2,1,1,1,1,2,1,2,12,6,1,1,33,2,2,0
3,54,10,2005,2,2,8,2,2,1,1,1,1,1,1,4,1,2,8,2,1,1,33,1,2,0
1,54,11,2005,3,7,8,2,2,1,1,1,1,1,1,5,1,1,19,6,1,2,33,1,0,0
1,54,11,2005,1,7,8,2,2,1,1,1,1,1,1,2,1,2,9,6,1,2,33,1,0,0
1,54,11,2005,3,7,1,2,2,1,1,1,1,1,1,2,1,2,7,6,1,2,33,1,0,0
8,54,11,2005,3,4,1,2,1,1,1,2,1,1,1,4,1,2,14,6,1,2,33,1,0,0
9,54,11,2005,1,1,7,2,1,1,2,1,1,1,1,2,5,2,14,6,1,1,33,1,0,3
12,54,11,2005,3,2,1,1,1,1,1,1,1,1,1,1,1,1,5,2,1,2,33,1,0,0
12,54,11,2005,2,7,1,2,1,1,2,1,1,1,1,3,1,1,13,5,1,1,30,2,2,3
12,54,10,2005,3,3,1,2,2,1,1,1,1,1,1,1,1,2,7,6,1,2,33,2,2,0
13,54,11,2005,3,3,1,2,2,1,2,5,1,1,1,1,1,2,19,6,1,2,33,1,0,0
4,54,11,2005,3,1,1,2,2,1,1,1,1,1,1,2,1,2,8,6,1,1,32,2,2,0
11,54,11,2005,2,7,1,2,2,1,1,1,1,1,1,3,1,2,8,8,1,2,33,1,0,0
3,53,12,2005,3,2,1,1,2,1,2,1,1,1,1,4,2,2,9,11,1,2,27,1,0,1
7,53,12,2005,4,7,1,2,2,1,3,2,1,1,1,4,1,2,5,6,1,2,33,1,0,0
3,53,12,2005,4,1,1,2,2,1,4,1,1,1,1,3,1,2,9,6,1,2,33,2,2,1
8,53,12,2005,3,2,1,2,2,1,1,1,1,1,1,3,1,2,6,6,1,2,33,1,0,0
1,53,12,2005,2,1,1,2,2,1,1,1,1,1,1,4,1,2,4,6,2,1,30,1,2,0
1,53,12,2005,2,7,8,2,2,1,4,1,1,1,2,5,1,1,9,6,1,2,33,2,2,3
3,56,12,2005,3,1,8,2,2,1,1,1,1,1,1,1,1,2,9,6,1,7,33,1,2,0
8,56,12,2005,3,3,2,2,2,1,1,1,1,1,1,3,1,2,9,11,1,1,36,2,2,0
8,54,12,2005,2,7,1,2,2,1,1,1,1,1,1,1,1,2,14,6,1,2,45,2,2,0
13,54,12,2005,4,2,1,2,2,1,2,1,1,1,1,1,1,2,19,6,1,2,33,1,0,0
13,54,12,2005,3,3,1,2,2,1,1,1,1,1,1,1,1,2,10,6,1,2,45,1,0,0
13,54,12,2005,3,3,1,2,2,1,1,1,1,1,1,1,1,2,9,8,1,2,33,1,0,0
1,55,12,2005,3,3,4,2,2,1,1,1,1,1,1,5,1,1,5,6,2,7,33,2,2,0
6,55,12,2005,3,3,1,2,2,1,1,1,1,1,1,1,1,2,19,6,1,2,33,1,0,0
1,54,12,2005,2,2,1,2,2,1,1,1,1,1,1,5,1,1,14,6,1,1,33,2,2,0
1,54,11,2005,2,7,8,1,2,1,1,1,1,1,1,3,1,2,13,6,1,7,33,1,2,0
1,54,12,2005,2,7,1,2,2,1,3,1,5,1,1,5,1,1,14,6,1,1,33,2,2,0
1,54,12,2005,3,1,1,2,2,1,1,1,1,1,3,1,2,1,8,6,1,2,33,1,0,1
1,54,12,2005,3,7,8,2,2,1,1,1,1,1,1,5,1,1,12,6,1,1,33,2,2,3
1,54,12,2005,3,7,5,2,2,1,1,1,1,1,1,2,1,2,7,6,2,1,33,1,0,0
5,54,12,2005,3,1,1,2,2,1,1,1,1,1,1,3,1,2,14,6,1,1,35,2,2,3
11,54,12,2005,2,1,1,2,2,1,2,1,1,1,1,2,1,2,7,6,1,2,33,1,0,0
7,54,12,2005,3,7,1,2,2,1,1,1,1,1,1,3,1,2,7,6,1,2,20,2,2,1
4,54,12,2005,3,1,1,2,2,1,1,1,1,1,1,3,1,1,8,6,1,1,34,2,2,1
9,54,11,2005,3,7,1,2,2,1,1,1,1,1,1,1,1,2,8,6,2,7,30,2,2,3
8,54,12,2005,2,7,1,2,2,1,1,1,1,1,1,4,1,2,13,1,1,1,30,2,2,0
7,54,12,2005,3,7,1,2,2,1,1,1,1,1,1,3,1,2,8,6,1,1,33,1,2,0
12,54,12,2005,2,1,1,2,2,1,2,1,1,1,1,5,1,1,6,6,1,2,33,1,0,0
1,27,5,2005,2,1,1,2,2,1,1,1,1,1,1,2,1,2,9,6,1,1,33,1,2,1
2,27,3,2005,4,3,1,2,2,1,2,1,1,1,1,2,1,2,12,6,1,7,33,2,2,0
1,30,1,2005,2,1,1,2,2,1,1,3,1,1,1,1,1,2,9,6,1,1,33,2,2,0
1,30,4,2005,3,1,1,2,2,1,1,1,1,1,1,1,3,1,7,6,1,1,33,2,2,0
2,30,3,2005,4,1,1,2,2,1,2,1,1,1,1,4,1,2,11,4,1,1,33,2,2,0
1,33,1,2005,1,1,1,2,2,1,2,1,1,1,1,1,1,2,9,7,1,1,33,2,2,0
1,33,3,2005,3,7,1,2,2,1,1,1,1,1,1,1,1,1,7,8,1,1,22,2,2,0
1,33,5,2005,3,1,1,2,2,1,1,1,1,1,1,1,1,1,8,2,1,1,33,2,2,0
1,33,5,2005,3,1,3,2,2,1,1,1,1,1,1,1,1,1,9,6,1,1,33,2,2,1
1,33,6,2005,4,1,1,2,2,1,2,1,1,1,1,1,1,2,10,6,1,1,33,2,2,0
1,33,9,2005,2,4,8,2,2,2,1,1,2,1,1,3,1,2,13,4,1,1,33,2,2,3
1,33,11,2005,2,1,1,2,2,1,1,1,1,1,1,3,1,1,19,6,1,1,33,1,2,0
1,33,11,2005,3,3,1,2,2,1,1,1,1,1,1,1,1,2,12,6,1,1,26,2,1,0
2,33,3,2005,3,1,1,2,2,1,1,1,1,1,1,1,1,2,14,6,1,1,33,2,2,0
2,33,5,2005,2,1,3,2,2,1,1,1,1,1,1,3,1,2,9,6,1,1,33,2,2,0
2,33,5,2005,2,1,1,2,2,1,1,1,1,1,1,4,1,2,9,11,1,1,33,2,2,0
2,33,5,2005,2,1,2,2,2,1,1,1,1,1,1,1,1,2,14,6,1,1,35,2,2,0
2,33,5,2005,3,1,1,2,2,1,1,1,1,1,1,1,1,2,9,4,1,1,35,2,2,0
2,33,6,2005,2,1,1,2,2,1,1,1,1,1,1,1,1,2,6,11,1,1,28,2,2,0
4,33,3,2005,2,1,1,2,2,1,1,1,1,1,1,2,1,2,9,6,1,1,33,2,2,0
4,33,6,2005,1,1,1,2,2,1,2,1,1,1,1,2,1,2,14,6,1,1,29,1,2,1
4,33,9,2005,3,1,1,2,2,1,1,1,1,1,1,2,1,2,9,6,1,1,32,1,2,1
5,33,8,2005,2,1,1,2,2,1,1,1,1,1,1,2,1,1,14,8,1,7,33,1,2,0
5,33,8,2005,4,1,1,2,2,1,2,1,1,1,1,3,1,2,7,6,1,3,33,2,2,0
5,33,9,2005,2,7,1,2,2,1,1,1,1,1,1,2,3,1,6,8,1,1,33,2,2,0
5,33,12,2005,3,3,1,2,2,1,1,1,1,1,1,2,1,2,6,6,1,1,33,2,2,0
2,27,6,2005,2,2,1,2,2,1,1,1,1,1,1,1,1,1,9,6,1,1,33,2,2,0
2,27,9,2005,3,1,1,2,2,1,1,1,1,1,1,1,1,2,12,6,1,7,33,1,1,0
2,27,12,2005,2,1,1,2,2,1,1,1,1,1,1,1,1,2,10,6,1,1,33,1,2,0
1,27,6,2005,2,3,1,2,2,1,1,1,1,1,1,1,1,1,9,6,1,1,33,2,2,0
4,27,11,2005,2,1,1,2,2,1,1,1,1,1,1,4,1,2,9,6,1,1,55,2,2,0
1,34,2,2005,3,2,4,2,2,1,1,1,1,1,1,2,1,1,14,6,1,1,33,1,2,0
1,34,3,2005,3,1,1,2,2,1,1,1,1,1,1,4,1,2,14,3,2,1,33,1,2,0
1,34,3,2005,3,1,1,2,2,1,1,1,1,1,1,1,1,1,8,6,1,1,34,2,2,0
1,34,5,2005,2,3,4,2,2,1,1,1,1,1,1,2,1,1,5,6,1,1,33,2,2,0
1,34,5,2005,3,1,1,2,2,1,1,1,1,1,1,1,4,1,14,8,1,1,31,2,2,0
1,34,7,2005,4,4,4,2,2,1,4,1,1,1,1,1,1,1,9,6,1,1,33,2,2,0
6,34,2,2005,2,2,4,2,2,1,1,1,1,1,1,1,1,1,9,9,1,1,33,2,2,0
6,34,6,2005,1,4,1,2,2,1,3,1,1,1,1,1,1,2,13,10,1,1,40,2,2,0
6,34,6,2005,3,3,1,2,2,2,1,1,2,2,3,4,1,2,14,6,1,1,40,1,2,0
3,34,4,2005,3,1,1,2,2,1,1,2,1,1,1,1,1,2,9,6,1,1,33,2,2,0
3,34,7,2005,1,1,1,2,2,1,2,1,1,1,1,1,1,2,19,6,1,7,33,2,2,0
4,34,3,2005,3,1,1,2,2,1,1,1,1,1,1,1,1,2,8,11,1,1,32,2,2,0
4,34,3,2005,3,1,1,2,2,1,2,2,1,1,1,1,1,2,10,6,1,1,33,2,2,0
4,34,5,2005,4,3,1,2,2,1,4,1,1,1,1,1,1,2,14,6,1,1,33,1,2,0
4,34,5,2005,4,3,1,2,2,1,4,1,1,1,1,1,1,2,14,6,1,1,25,1,2,0
4,34,5,2005,3,1,1,2,2,1,1,2,1,1,1,1,1,2,7,6,1,1,33,1,2,1
4,34,6,2005,2,1,1,2,2,1,1,1,1,1,1,1,1,2,8,11,1,1,33,1,2,0
4,34,7,2005,3,2,8,2,2,1,1,1,1,1,1,1,1,2,8,11,2,1,46,1,2,0
10,34,2,2005,2,1,1,2,2,1,1,1,1,1,1,1,2,2,9,6,1,1,33,2,2,0
10,34,2,2005,2,1,1,2,2,1,1,1,1,1,1,1,3,2,13,11,1,1,33,1,2,0
10,34,3,2005,2,1,1,2,2,1,1,3,1,1,2,1,4,2,14,10,1,1,33,1,2,0
10,34,3,2005,3,1,1,2,2,1,1,1,1,1,1,1,1,2,6,6,1,1,33,1,2,0
3,30,8,2005,4,7,1,2,2,2,2,2,2,1,2,4,4,2,6,1,1,1,33,2,2,0
5,30,5,2005,3,1,1,2,2,1,1,1,1,1,1,3,1,2,19,6,1,1,33,2,2,0
2,30,11,2005,2,2,1,2,2,1,1,1,1,1,1,2,1,2,4,6,1,1,35,2,1,0
4,30,1,2005,2,1,1,2,2,1,1,1,1,1,1,4,1,2,4,6,1,7,20,2,1,0
4,30,5,2005,3,1,1,2,2,1,1,1,1,1,1,2,1,2,4,6,1,1,20,2,2,0
4,30,7,2005,3,1,1,2,2,1,1,1,1,1,1,4,1,2,19,6,1,7,25,2,2,0
1,30,5,2005,3,1,3,2,2,1,1,1,1,1,1,1,1,2,9,6,1,1,28,2,2,0
1,30,7,2005,3,1,1,2,2,1,1,3,1,1,3,1,1,1,4,6,1,1,25,2,1,0
1,30,8,2005,4,7,1,2,2,1,1,1,1,1,1,1,1,1,4,6,1,1,22,2,2,0
1,30,8,2005,2,1,2,2,2,1,1,1,1,1,1,1,1,2,6,6,2,1,33,2,2,0
1,30,11,2005,3,7,1,2,2,1,1,3,1,1,1,1,2,1,9,6,1,1,48,2,2,0
1,32,3,2005,2,7,1,2,2,1,1,1,1,1,1,1,1,2,9,2,1,1,33,2,2,0
3,32,3,2005,2,7,1,2,2,1,1,3,1,1,2,2,1,1,9,6,1,1,33,2,2,0
2,32,4,2005,3,7,1,2,2,1,1,1,1,1,1,3,1,2,6,6,1,1,33,2,2,0
2,32,6,2005,3,7,1,2,2,1,1,1,1,2,1,2,1,2,6,6,1,1,22,2,2,0
1,31,3,2005,2,3,3,2,2,1,1,1,1,1,1,4,1,1,4,6,1,1,28,2,1,0
1,31,9,2005,3,1,1,2,2,1,1,1,1,1,1,2,1,2,4,6,1,1,33,2,1,0
1,31,12,2005,2,2,2,2,2,1,1,1,1,1,1,3,1,1,8,6,1,1,33,2,2,1
7,31,9,2005,3,3,1,2,2,1,1,1,5,1,1,3,1,2,9,8,1,1,33,2,2,0
1,27,8,2005,3,7,1,2,2,1,1,1,1,1,1,4,1,2,9,6,1,1,33,1,2,0
4,32,12,2005,3,1,1,2,2,1,2,1,1,1,1,1,1,2,8,6,1,1,35,2,2,0
6,34,11,2005,1,3,1,2,2,4,4,1,1,1,1,1,1,2,14,6,1,1,33,2,2,1
4,34,8,2005,3,1,1,2,2,1,1,1,1,1,1,1,1,2,6,6,1,1,23,2,2,0
3,34,11,2005,3,1,1,1,2,1,1,1,1,1,1,1,1,1,9,6,1,1,33,2,2,0
3,34,11,2005,4,1,1,2,2,1,3,1,1,1,1,1,1,2,8,6,1,1,33,2,2,0
1,34,8,2005,4,1,1,2,2,1,4,1,1,1,1,1,1,1,13,6,1,1,23,2,2,1
5,34,12,2005,2,1,1,2,2,1,1,1,1,1,1,2,1,2,9,6,1,1,45,2,2,0
5,34,12,2005,2,1,1,2,2,1,1,1,1,1,1,3,1,2,9,6,1,1,33,1,2,0
15,42,3,2005,1,7,2,2,1,1,2,1,1,1,1,5,1,1,10,6,1,1,33,2,2,0
7,42,1,2005,2,1,1,2,1,1,2,1,1,1,1,5,1,1,8,7,1,1,33,1,2,1
11,42,1,2005,2,3,1,2,1,1,1,1,1,1,1,5,1,1,8,6,1,1,33,2,2,0
11,42,1,2005,3,3,1,2,1,1,1,1,1,1,1,5,1,1,7,6,1,1,25,2,2,0
11,42,1,2005,2,1,1,2,1,1,1,1,1,1,1,5,1,1,7,6,1,1,33,2,2,0
11,42,2,2005,4,3,1,2,1,1,2,1,1,1,1,5,1,1,8,6,1,1,33,2,2,0
11,42,3,2005,1,3,1,2,1,1,3,1,1,1,1,5,1,1,14,6,1,1,33,1,2,0
13,42,1,2005,4,1,1,2,1,1,3,1,1,1,1,5,1,1,5,6,1,1,33,2,2,0
13,42,2,2005,2,3,1,2,1,1,1,2,1,1,1,5,1,1,9,6,1,1,33,2,2,0
13,42,2,2005,3,1,1,2,1,1,1,1,1,1,1,5,1,1,5,6,1,7,20,2,2,0
13,42,2,2005,4,1,3,1,1,1,3,1,1,1,1,5,1,1,8,6,1,1,33,2,2,1
13,42,3,2005,4,1,3,2,1,1,2,1,1,1,1,5,1,1,10,6,1,1,33,2,2,0
6,42,1,2005,4,1,1,2,1,1,3,1,1,1,1,5,1,1,8,6,1,2,33,1,2,0
6,42,1,2005,2,1,1,2,1,1,1,1,1,1,1,5,1,1,9,6,1,2,33,2,2,0
6,42,1,2005,1,1,1,2,2,1,3,1,1,1,1,5,1,1,19,6,1,2,33,1,0,0
6,42,1,2005,4,1,1,2,1,1,3,1,1,1,1,5,1,1,19,6,1,2,33,1,0,0
6,42,1,2005,4,1,1,2,1,1,3,1,1,1,1,5,1,1,12,6,1,1,33,2,2,0
6,42,1,2005,1,1,1,2,1,1,3,1,1,1,1,5,1,1,19,6,1,2,33,1,0,0
6,42,1,2005,1,1,1,2,1,1,2,1,1,1,1,5,1,1,9,5,1,1,33,2,2,0
6,42,2,2005,2,1,1,2,1,1,2,1,1,1,1,5,1,1,19,6,1,2,33,1,0,0
6,42,2,2005,2,1,1,2,1,1,1,1,1,1,1,5,1,1,19,6,1,2,33,1,0,0
6,42,2,2005,3,1,4,2,1,1,1,1,1,1,1,5,1,1,8,6,1,1,33,1,2,0
6,42,2,2005,2,7,4,2,1,1,1,1,1,1,1,5,1,1,9,6,1,1,33,2,2,0
6,42,2,2005,1,5,6,2,1,1,3,1,1,1,1,5,1,1,9,6,1,1,33,2,2,0
6,42,2,2005,3,1,6,2,1,1,1,1,1,1,1,5,1,1,16,6,1,2,33,1,2,0
6,42,3,2005,2,1,1,2,1,1,1,1,1,1,1,5,1,1,9,6,1,2,33,1,2,0
6,42,3,2005,1,1,1,2,1,1,3,1,1,1,1,5,1,1,14,6,1,2,33,1,2,0
6,42,3,2005,1,1,1,2,2,1,3,1,1,1,1,5,1,1,13,6,1,2,33,1,2,0
6,42,3,2005,2,7,4,2,1,1,1,1,1,1,1,5,1,1,9,6,1,2,33,1,2,0
6,42,3,2005,3,1,1,2,1,1,1,1,1,1,1,5,1,1,14,6,1,1,33,1,2,0
6,42,3,2005,4,1,1,2,2,1,3,1,1,1,1,5,1,1,14,6,1,2,33,2,2,0
6,42,3,2005,3,1,1,2,2,1,1,1,1,1,1,5,1,1,14,6,1,1,33,1,2,0
6,42,3,2005,4,1,1,2,1,1,3,1,1,1,1,5,1,1,12,6,1,2,33,1,2,0
6,42,3,2005,2,1,1,2,1,1,2,1,1,1,1,5,1,1,19,6,1,2,33,1,2,0
6,42,3,2005,2,1,1,2,2,1,1,1,1,1,1,5,1,1,8,6,1,1,33,2,2,0
6,42,4,2005,2,1,1,2,1,1,1,1,1,1,1,5,1,1,14,6,1,2,33,1,2,0
6,42,4,2005,2,5,6,2,1,1,1,1,1,1,1,5,1,1,8,6,1,1,33,1,2,2
6,42,4,2005,3,1,1,2,2,1,1,1,1,1,1,5,1,1,14,6,1,1,33,2,2,0
6,42,4,2005,3,1,1,2,2,1,1,1,1,1,1,5,1,1,14,6,1,2,33,2,2,0
2,42,1,2005,4,1,1,2,1,1,3,1,1,1,1,5,1,1,8,6,1,1,33,2,2,0
2,42,1,2005,3,1,4,2,1,1,1,1,1,1,1,5,1,1,8,6,1,1,33,2,2,1
2,42,2,2005,2,2,6,2,1,1,1,1,1,1,1,5,1,1,8,6,1,1,33,1,2,0
2,42,2,2005,3,7,1,2,1,1,1,1,1,1,1,5,1,1,12,6,1,1,33,1,2,0
2,42,2,2005,2,3,6,2,1,1,1,1,1,1,1,5,1,1,5,6,1,1,33,2,2,0
2,42,2,2005,3,1,1,2,1,1,1,1,1,1,1,5,1,1,14,6,1,1,33,2,2,0
2,42,3,2005,1,1,1,2,1,1,3,1,1,1,1,5,1,1,14,6,1,1,33,2,2,0
2,42,3,2005,4,1,1,1,1,1,3,1,1,1,1,5,1,1,9,6,1,1,33,2,2,0
2,42,4,2005,1,2,6,2,1,1,3,1,1,1,1,5,1,1,14,6,1,1,33,2,2,0
2,42,4,2005,1,1,1,2,1,1,3,1,1,1,1,5,1,1,8,6,1,1,33,2,2,0
2,42,4,2005,1,1,1,2,1,1,3,1,1,1,1,5,1,1,14,6,1,1,33,1,2,0
2,42,4,2005,2,1,1,2,1,1,1,1,1,1,1,5,1,1,8,6,1,1,33,2,2,0
2,42,4,2005,2,5,6,2,1,1,1,1,1,1,1,5,1,1,5,6,1,1,33,2,2,0
8,42,2,2005,2,1,1,2,1,1,3,1,1,1,1,5,1,1,5,6,1,1,33,2,2,0
8,42,2,2005,4,1,1,2,1,1,3,1,1,1,1,5,1,1,9,6,1,1,33,2,2,1
8,42,2,2005,4,3,1,2,1,1,2,1,1,1,1,5,1,1,9,6,1,1,33,2,2,0
8,42,3,2005,3,1,4,2,1,1,1,1,1,1,1,5,1,1,10,6,1,1,55,2,2,1
8,42,3,2005,3,1,1,2,1,1,1,1,1,1,1,5,1,1,8,6,1,1,33,2,2,0
8,42,4,2005,1,1,1,2,1,1,3,1,1,1,1,5,1,1,14,6,1,1,33,1,2,2
8,42,4,2005,3,1,1,2,1,1,1,1,1,1,1,5,1,1,8,6,1,1,33,2,2,0
1,42,1,2005,2,2,6,2,1,1,1,1,1,1,1,5,1,1,8,6,1,1,28,2,2,1
1,42,1,2005,2,1,1,2,1,1,1,1,1,1,1,5,1,1,9,6,1,1,33,2,2,0
1,42,1,2005,2,1,1,2,1,1,1,1,1,1,1,5,1,1,9,6,1,1,33,2,2,0
1,42,1,2005,4,1,1,2,1,1,1,1,1,1,1,5,1,1,19,6,1,2,33,1,0,0
1,42,3,2005,3,1,1,2,2,1,1,1,1,1,1,5,1,1,5,6,1,1,33,1,2,1
1,42,3,2005,3,3,4,2,1,1,1,1,1,1,1,5,1,1,9,6,1,1,33,2,2,0
1,42,4,2005,4,5,6,2,1,1,3,1,1,1,1,5,1,1,9,6,1,1,32,2,2,1
9,42,1,2005,2,1,1,2,1,1,1,1,1,1,1,5,1,1,14,6,1,1,33,2,2,0
9,42,1,2005,4,1,1,2,1,1,3,1,1,1,1,5,1,1,14,6,1,1,33,2,2,0
9,42,1,2005,1,1,1,2,1,1,3,1,1,1,1,5,1,1,19,6,1,1,33,1,0,0
9,42,2,2005,3,3,6,2,1,1,1,1,1,1,1,5,1,1,8,6,1,1,33,2,2,0
9,42,2,2005,2,7,4,2,1,1,1,1,1,1,1,5,1,1,8,6,1,1,33,2,2,1
9,42,2,2005,2,3,1,2,1,1,1,1,1,1,1,5,1,1,8,6,1,1,33,2,2,0
9,42,3,2005,4,1,1,2,1,1,3,1,1,1,1,5,1,1,8,6,1,1,33,2,2,0
9,42,3,2005,1,3,4,2,1,1,3,1,1,1,1,5,1,1,5,6,1,2,33,2,2,0
9,42,3,2005,4,7,4,2,1,1,3,1,1,1,1,5,1,1,9,6,1,1,33,1,2,1
9,42,3,2005,2,3,4,2,1,1,1,1,1,1,1,5,1,1,8,6,1,1,33,2,2,3
9,42,3,2005,2,7,8,2,1,1,2,1,1,1,1,5,1,1,8,6,1,1,33,2,2,1
9,42,3,2005,3,1,1,2,1,1,1,1,1,1,1,5,1,1,8,6,1,1,24,2,2,1
9,42,4,2005,3,1,1,2,1,1,1,1,1,1,1,5,1,1,12,6,1,1,33,2,2,0
9,42,3,2005,3,1,1,2,1,1,1,1,1,1,1,5,1,1,4,6,1,2,33,2,2,0
9,42,4,2005,1,1,1,2,1,1,3,1,1,1,1,5,1,1,14,6,1,1,33,2,2,0
9,42,4,2005,4,1,1,2,1,1,2,1,1,1,1,5,1,1,8,6,1,1,33,2,2,0
9,42,4,2005,5,3,1,2,1,1,3,1,1,1,1,5,1,1,19,6,1,2,33,1,0,0
9,42,4,2005,4,1,1,2,1,1,3,1,1,1,1,5,1,1,8,6,1,1,33,2,2,0
9,42,4,2005,2,1,1,2,1,1,1,1,1,1,1,5,1,1,14,6,1,1,25,2,2,1
9,42,4,2005,2,1,1,2,1,1,1,1,1,1,1,5,1,1,8,6,1,1,33,2,2,0
9,42,4,2005,4,3,4,2,1,1,3,1,1,1,1,5,1,1,9,6,1,1,33,2,2,1
17,42,1,2005,2,3,4,2,1,1,1,1,1,1,1,5,1,1,8,6,1,1,33,2,2,0
17,42,2,2005,1,3,6,2,1,1,2,1,1,1,1,5,1,1,8,6,1,1,33,2,2,2