Thana,District,Month,Year,Time,Junction_Type,Traffic_Control,Movement,Divider,Weather,Light,Road_Geometry,Surface_Condition,Surface_Type,Surface_Quality,Road_Class,Road_Feature,Location_Type,Vehicle_Type,Vehicle_Movement,Vehicle_Loading,Vehicle_Defect,Vehicle_Driver_Age,Vehicle_Alcohol,Vehicle_Seat_Belt,Accident_Severity
17,42,2,2005,2,3,6,2,1,1,1,1,1,1,1,5,1,1,8,6,1,1,33,2,2,1
17,42,2,2005,2,1,1,2,1,1,1,1,1,1,1,5,1,1,8,6,1,1,33,2,2,1
14,42,1,2005,2,1,1,2,1,1,2,1,1,1,1,5,1,1,19,6,1,2,33,1,0,0
14,42,1,2005,2,1,1,2,1,1,1,1,1,1,1,5,1,1,10,6,1,1,33,2,2,1
14,42,2,2005,3,1,1,2,1,1,1,1,1,1,1,5,1,1,19,6,1,1,33,2,2,0
16,42,1,2005,4,7,4,2,1,1,3,1,1,1,1,5,1,1,14,6,1,1,33,2,2,0
16,42,2,2005,4,1,1,2,1,1,3,1,1,1,1,5,1,1,19,6,1,2,33,1,0,0
16,42,2,2005,2,1,1,2,1,1,1,1,1,1,1,5,1,1,9,6,1,1,28,2,2,0
16,42,2,2005,4,1,1,2,1,1,3,1,1,1,1,5,1,1,10,6,1,1,33,2,2,2
12,42,1,2005,3,1,1,2,1,1,1,1,1,1,1,5,1,1,9,6,1,2,33,2,2,0
12,42,1,2005,2,1,1,2,1,1,1,1,1,1,1,5,1,1,8,6,1,1,33,2,2,0
12,42,1,2005,4,3,1,2,1,1,3,1,1,1,1,5,1,1,9,6,1,1,33,2,2,0
12,42,1,2005,2,1,1,2,1,1,1,1,1,1,1,5,1,1,10,6,1,1,33,2,2,0
12,42,1,2005,2,1,1,2,1,1,1,1,1,1,1,5,1,1,10,6,1,1,33,2,2,1
12,42,1,2005,5,6,6,2,1,1,2,1,1,1,1,5,1,1,8,6,1,1,30,2,2,0
12,42,2,2005,4,1,1,2,1,1,2,1,1,1,1,5,1,1,11,6,1,2,33,2,2,1
9,42,5,2005,2,2,4,2,1,1,1,1,1,1,1,5,1,1,10,6,1,1,20,2,2,1
9,42,5,2005,1,1,4,2,1,1,3,1,1,1,1,5,1,1,10,6,1,1,27,2,2,2
9,42,6,2005,3,1,4,2,1,1,1,1,1,1,1,5,1,1,10,6,1,1,33,2,2,0
9,42,6,2005,2,3,6,2,1,1,1,1,1,1,1,5,1,1,10,6,1,1,33,2,2,1
9,42,6,2005,4,1,4,2,1,1,3,1,1,1,1,5,1,1,10,6,1,1,33,2,2,1
9,42,7,2005,1,1,1,2,1,1,3,1,1,1,1,5,1,1,13,6,1,1,33,2,2,1
9,42,7,2005,4,7,4,2,1,1,3,1,1,1,1,5,1,1,13,6,1,1,33,2,2,1
9,42,7,2005,1,1,1,1,2,1,3,1,1,1,1,5,1,1,19,6,1,2,33,1,0,0
9,42,7,2005,1,1,1,2,1,1,3,1,1,1,1,5,1,1,19,6,1,2,33,1,0,0
9,42,7,2005,4,5,6,2,1,1,3,1,1,1,1,5,1,1,8,6,1,1,24,2,2,1
9,42,7,2005,4,1,1,2,1,1,3,1,1,1,1,5,1,1,14,6,1,1,33,2,2,1
9,42,7,2005,1,1,1,2,1,1,2,1,1,1,1,5,1,1,19,6,1,2,33,1,0,0
21,42,2,2005,3,1,1,2,2,1,2,1,1,1,1,5,1,1,14,6,1,2,33,2,2,0
21,42,2,2005,3,1,1,2,1,1,1,1,1,1,1,5,1,1,19,6,1,2,33,1,0,0
21,42,4,2005,3,1,1,2,2,1,1,1,1,1,1,5,1,1,9,6,1,1,33,2,2,0
21,42,4,2005,3,1,1,2,2,1,1,1,1,1,1,5,1,1,9,6,1,1,33,2,2,1
21,42,4,2005,1,1,1,2,2,1,3,1,1,1,1,5,1,1,19,6,1,2,33,1,0,0
21,42,5,2005,1,1,1,2,2,1,4,1,1,1,1,5,1,1,14,6,1,1,33,2,2,0
21,42,6,2005,2,3,5,2,2,1,1,1,1,1,1,5,1,1,7,6,1,1,33,1,2,0
21,42,8,2005,4,7,8,2,1,1,1,1,1,1,1,5,1,1,14,6,1,1,33,2,2,0
9,42,8,2005,4,7,6,2,1,1,3,1,1,1,1,5,1,1,14,7,1,1,38,2,2,2
17,42,3,2005,2,1,4,2,1,1,1,1,1,1,1,5,1,1,10,6,1,1,33,2,2,0
17,42,4,2005,3,3,5,2,2,1,1,1,1,1,1,5,1,1,19,6,1,2,33,1,0,0
17,42,4,2005,3,5,6,2,1,1,1,1,1,1,1,5,1,1,8,6,1,1,33,2,2,0
17,42,5,2005,3,1,1,2,1,1,1,1,1,1,1,5,1,1,7,6,1,2,33,1,0,1
17,42,6,2005,3,1,1,2,2,1,1,1,1,1,1,5,1,1,12,6,1,1,35,2,2,1
17,42,7,2005,3,1,1,2,1,1,1,1,1,1,1,5,1,1,10,6,1,1,33,2,2,1
17,42,7,2005,3,1,1,1,1,1,1,1,1,1,1,5,1,1,5,6,1,1,33,2,2,0
17,42,4,2005,4,3,6,2,1,1,3,1,1,1,1,5,1,1,10,6,1,1,33,2,2,1
11,42,4,2005,2,1,1,2,1,1,1,1,1,1,1,5,1,1,19,6,1,1,33,1,0,0
11,42,4,2005,3,1,1,2,1,1,1,1,1,1,1,5,1,1,11,6,1,1,33,2,2,0
11,42,4,2005,3,1,1,2,1,1,1,1,1,1,1,5,2,1,8,6,1,1,33,2,2,0
11,42,5,2005,2,5,6,2,1,1,1,1,1,1,1,5,1,1,8,6,1,1,33,2,2,0
11,42,5,2005,1,3,6,2,1,1,3,1,1,1,1,5,1,1,10,6,1,1,33,2,2,0
11,42,5,2005,1,1,4,2,1,1,3,1,1,1,1,5,1,1,14,6,1,2,33,2,2,0
11,42,5,2005,3,1,1,2,1,1,1,1,1,1,1,5,1,1,8,6,1,1,33,2,2,1
11,42,5,2005,1,1,4,2,1,1,2,1,1,1,1,5,1,1,14,6,1,1,33,2,2,0
11,42,6,2005,3,3,6,2,1,1,1,1,1,1,1,5,1,1,8,6,1,1,33,2,2,1
11,42,6,2005,4,1,1,2,1,1,3,1,1,1,1,5,1,1,19,6,1,1,33,1,0,0
11,42,6,2005,4,1,1,2,1,1,1,1,1,1,1,5,1,1,14,6,1,1,30,2,2,0
11,42,6,2005,1,1,1,2,1,1,3,1,1,1,1,5,1,1,14,6,1,1,33,2,2,0
11,42,6,2005,2,5,6,2,1,1,1,1,1,1,1,5,1,1,10,6,1,1,40,2,2,1
11,42,7,2005,1,1,1,2,1,1,3,1,1,1,1,5,1,1,8,6,1,1,33,2,2,0
11,42,7,2005,1,1,1,2,1,1,3,1,1,1,1,5,1,1,14,6,1,2,33,2,2,1
11,42,7,2005,4,5,6,2,1,1,3,1,1,1,1,5,1,1,10,6,1,1,33,2,2,1
11,42,7,2005,1,1,4,2,1,1,3,1,1,1,1,5,1,1,14,6,1,2,33,2,2,0
2,42,5,2005,2,1,1,2,1,1,2,1,1,1,1,5,1,1,19,6,1,2,33,1,2,0
2,42,5,2005,1,1,1,2,2,1,2,1,1,1,1,5,1,1,9,6,1,1,33,1,0,0
2,42,7,2005,2,2,6,2,1,1,1,1,1,1,1,5,1,1,12,6,1,1,32,2,2,0
2,42,7,2005,2,1,1,2,1,1,1,1,1,1,1,5,1,1,9,6,1,2,33,1,2,0
2,42,7,2005,4,1,1,2,1,1,3,1,1,1,1,5,1,1,9,6,1,1,25,2,2,0
2,42,7,2005,1,1,1,2,1,1,3,1,1,1,1,5,1,1,14,6,1,1,33,2,2,0
12,42,4,2005,4,6,4,2,1,1,3,1,1,1,1,5,1,1,19,6,1,2,33,1,2,0
12,42,4,2005,2,3,6,2,1,1,1,1,1,1,1,5,1,1,8,6,1,1,33,2,2,0
12,42,5,2005,3,1,1,2,2,1,1,1,1,1,1,5,1,1,12,6,1,2,33,2,2,0
12,42,6,2005,4,1,1,2,1,1,1,1,1,1,1,5,1,1,19,6,1,2,33,2,2,0
12,42,6,2005,2,5,6,2,1,1,1,1,1,1,1,5,1,1,9,6,1,1,33,2,2,0
12,42,6,2005,4,1,1,2,1,1,3,1,1,1,1,5,1,1,19,6,1,2,33,1,2,0
14,42,4,2005,2,3,4,2,1,1,1,1,1,1,1,5,1,1,9,6,1,1,33,2,2,1
14,42,4,2005,4,1,1,2,1,1,3,1,1,1,1,5,1,1,15,6,1,1,33,2,2,0
14,42,4,2005,2,7,4,2,1,1,1,1,1,1,1,5,1,1,12,6,1,1,33,2,2,0
14,42,4,2005,3,1,1,2,1,1,1,1,1,1,1,5,1,1,19,6,1,2,33,2,2,0
14,42,4,2005,2,1,1,2,1,1,1,1,1,1,1,5,1,1,9,6,1,1,33,2,2,0
14,42,4,2005,2,2,1,2,1,1,1,1,1,1,1,5,1,1,11,6,1,1,33,2,2,1
14,42,6,2005,2,5,4,2,1,1,1,1,1,1,1,5,1,1,15,6,1,1,33,2,2,2
14,42,6,2005,3,3,6,2,1,1,1,1,1,1,1,5,1,1,8,6,1,1,33,2,2,1
14,42,6,2005,2,1,1,2,1,1,1,1,1,1,1,5,1,1,4,6,1,1,30,2,1,1
3,42,3,2005,4,3,1,2,2,1,3,1,1,1,1,5,1,1,14,6,1,1,30,2,2,0
3,42,5,2005,2,7,8,1,2,1,1,1,1,1,1,5,1,1,9,6,1,1,33,2,2,1
3,42,5,2005,3,1,1,1,2,1,1,1,1,1,1,5,1,1,10,6,1,1,33,2,2,1
3,42,6,2005,1,3,1,2,1,1,3,1,1,1,1,5,1,1,14,6,1,1,33,2,2,1
3,42,7,2005,1,1,1,2,1,1,3,1,1,1,1,5,1,1,14,6,1,1,30,2,2,2
3,42,7,2005,1,3,1,2,1,1,3,1,1,1,1,5,1,1,14,6,1,1,30,2,2,1
22,42,1,2005,4,3,8,1,2,1,3,1,1,1,1,5,1,1,19,6,1,2,33,1,0,0
22,42,1,2005,4,7,1,2,1,1,2,1,1,1,1,5,1,1,10,6,1,1,33,2,2,0
22,42,2,2005,3,1,4,2,2,1,1,1,1,1,1,5,1,1,9,6,1,2,42,2,2,1
22,42,3,2005,3,5,4,2,1,1,1,1,1,1,1,5,1,1,9,6,1,1,33,2,2,1
22,42,3,2005,4,7,1,2,1,1,3,1,1,1,1,5,1,1,9,6,1,1,33,2,2,0
22,42,4,2005,4,1,8,2,1,1,3,1,1,1,1,5,1,1,19,6,1,2,33,1,0,0
22,42,4,2005,4,7,8,2,1,1,3,1,1,1,1,5,1,1,19,6,1,2,33,1,0,0
18,42,2,2005,3,3,4,2,1,1,1,1,1,1,1,5,1,1,14,6,1,1,40,2,2,3
18,42,6,2005,2,1,1,2,2,1,2,1,1,1,1,5,1,1,8,6,1,1,33,2,2,0
18,42,7,2005,3,1,1,2,1,1,1,1,1,1,1,5,1,1,8,6,1,2,33,1,2,0
15,42,5,2005,2,1,1,1,1,1,2,1,1,1,1,5,1,1,9,6,1,1,30,2,2,0
15,42,7,2005,4,1,1,1,1,1,3,1,1,1,1,5,1,1,8,6,1,1,33,2,2,0
15,42,8,2005,3,7,2,1,2,1,1,1,1,1,1,5,1,1,14,6,1,1,33,2,2,0
15,42,8,2005,2,1,1,1,1,1,1,1,1,1,1,5,1,1,8,6,1,1,28,2,2,0
8,42,5,2005,4,1,4,2,1,1,3,1,1,1,1,5,1,1,8,6,1,1,33,2,2,1
8,42,5,2005,4,1,1,2,2,1,3,1,1,1,1,5,1,1,5,6,1,1,33,2,2,0
8,42,6,2005,2,1,1,2,1,1,1,1,1,1,1,5,1,1,10,6,1,1,33,2,2,1
8,42,8,2005,2,5,6,2,1,1,1,1,1,1,1,5,1,1,4,6,1,1,32,2,2,0
8,42,9,2005,3,3,1,2,1,1,1,1,1,1,1,5,1,1,9,6,1,1,33,2,2,0
8,42,9,2005,3,1,1,2,1,1,1,1,1,1,1,5,1,1,9,6,1,1,33,2,2,0
8,42,9,2005,2,3,4,2,1,1,1,1,1,1,1,5,1,1,10,6,1,1,33,2,2,1
8,42,10,2005,4,1,1,2,1,1,3,1,1,1,1,5,1,1,8,6,1,1,33,2,2,0
1,42,5,2005,2,1,4,2,1,1,1,1,1,1,1,5,1,1,8,6,1,1,33,2,2,0
1,42,5,2005,3,2,6,2,1,1,1,1,1,1,1,5,1,1,8,6,1,1,33,2,2,0
1,42,5,2005,4,2,6,2,1,1,3,1,1,1,1,5,1,1,4,6,1,1,33,2,2,0
1,42,5,2005,2,2,6,2,1,1,1,1,1,1,1,5,1,1,10,6,1,1,33,2,2,0
1,42,6,2005,4,5,6,2,1,1,3,1,1,1,1,5,1,1,9,6,1,1,33,2,2,0
1,42,6,2005,2,2,6,2,1,1,1,1,1,1,1,5,1,1,9,6,1,1,33,2,2,0
1,42,7,2005,3,1,4,2,1,1,1,1,1,1,1,5,1,1,8,6,1,1,33,2,2,2
1,42,7,2005,3,1,1,2,1,1,1,1,1,1,1,5,1,1,8,6,1,1,33,2,2,1
1,42,7,2005,4,5,6,2,1,1,3,1,1,1,1,5,1,1,14,6,1,1,33,2,2,0
1,42,7,2005,2,1,1,2,2,1,1,1,1,1,1,5,1,1,9,6,1,1,26,2,2,1
1,42,7,2005,2,1,1,2,1,1,1,1,1,1,1,5,1,1,9,6,1,1,33,2,2,0
1,42,8,2005,4,1,1,2,2,1,3,1,1,1,1,5,1,1,5,6,1,1,33,2,2,0
1,42,8,2005,4,1,1,2,1,1,3,1,1,1,1,5,1,1,8,6,1,1,33,2,2,2
1,42,8,2005,1,1,1,2,1,1,3,1,1,1,1,5,1,1,14,6,1,1,33,2,2,0
1,42,9,2005,4,3,6,2,1,1,2,1,1,1,1,5,1,1,7,6,1,1,33,2,2,1
1,42,9,2005,4,1,1,2,1,1,3,1,1,1,1,5,1,1,8,6,1,1,30,2,2,0
1,42,10,2005,2,2,6,2,1,1,1,1,1,1,1,5,1,1,10,6,1,1,33,2,2,1
1,42,10,2005,3,1,1,2,1,1,1,1,1,1,1,5,1,1,8,6,1,1,30,2,2,1
1,42,9,2005,2,1,1,2,1,1,1,1,1,1,1,5,1,1,8,6,1,1,33,2,2,2
1,42,10,2005,2,1,1,2,1,1,1,1,1,1,1,5,1,1,8,6,1,1,33,2,2,0
1,42,11,2005,2,1,1,2,1,1,1,1,1,1,1,5,1,1,4,6,1,1,33,2,2,1
1,42,11,2005,3,2,6,2,1,1,1,1,1,1,1,5,1,1,8,6,1,1,25,2,2,0
1,42,11,2005,4,1,1,2,1,1,3,1,1,1,1,5,1,1,14,6,1,1,33,2,2,0
1,42,11,2005,2,3,1,2,2,1,1,1,1,1,1,5,1,1,10,6,1,1,22,2,2,1
1,42,11,2005,2,2,6,2,1,1,1,1,1,1,1,5,1,1,8,6,1,1,33,2,2,1
1,42,11,2005,3,2,6,2,1,1,1,1,1,1,1,5,1,1,8,6,1,1,33,2,2,0
1,42,11,2005,1,1,1,2,2,1,3,1,1,1,1,5,1,1,19,6,1,1,33,2,2,0
1,42,12,2005,3,2,6,2,1,1,1,1,1,1,1,5,1,1,9,6,1,1,33,2,2,1
1,42,12,2005,2,1,1,2,1,1,1,1,1,1,1,5,1,1,11,6,1,1,33,2,2,1
1,42,12,2005,3,1,1,2,1,1,1,1,1,1,1,5,1,1,8,6,1,1,33,2,2,0
1,42,12,2005,3,2,4,2,1,1,1,1,1,1,1,5,1,1,12,6,1,1,26,2,2,0
10,42,2,2005,4,1,1,1,1,1,3,1,1,1,1,5,1,1,8,6,1,1,33,2,2,0
10,42,2,2005,2,1,1,2,2,1,1,1,1,1,1,5,1,1,12,6,1,1,33,2,2,0
10,42,2,2005,2,1,1,2,2,1,2,1,1,1,1,5,1,1,14,6,1,1,33,2,2,0
10,42,2,2005,1,3,6,1,1,1,3,1,1,1,1,5,1,1,9,6,1,1,33,2,2,0
10,42,2,2005,4,1,1,2,1,1,4,1,1,1,1,5,1,1,14,6,1,1,33,2,2,0
10,42,2,2005,1,1,1,2,2,1,4,1,1,1,1,5,1,1,19,6,1,1,33,2,2,0
10,42,3,2005,1,3,5,1,1,1,3,1,1,1,1,5,1,1,19,6,1,1,33,1,0,0
10,42,4,2005,3,1,1,2,2,1,1,1,1,1,1,5,1,1,12,6,1,1,33,2,2,0
10,42,4,2005,1,1,1,2,2,1,4,1,1,1,1,5,1,1,14,6,1,1,33,2,2,0
10,42,4,2005,3,3,6,1,1,1,1,1,1,1,1,5,1,1,9,6,1,1,33,2,2,0
10,42,4,2005,2,1,1,1,1,1,1,1,1,1,1,5,1,1,7,6,1,1,33,2,2,2
10,42,5,2005,3,1,1,2,2,1,1,1,1,1,1,5,1,1,19,6,1,1,33,1,2,0
10,42,6,2005,1,1,1,2,2,1,3,1,1,1,1,5,1,1,14,6,1,1,33,2,2,0
2,42,8,2005,3,1,1,1,1,1,1,1,1,1,1,5,1,1,14,6,1,1,33,2,2,2
2,42,8,2005,1,5,5,1,1,1,2,1,1,1,1,5,1,1,14,9,1,1,33,1,2,0
2,42,8,2005,2,1,1,1,1,1,1,1,1,1,1,5,1,1,8,6,1,1,33,2,2,0
2,42,8,2005,1,1,1,1,1,1,3,1,1,1,1,5,1,1,14,6,1,1,33,2,2,0
2,42,9,2005,2,1,1,1,1,1,1,1,1,1,1,5,1,1,8,6,1,1,22,2,2,1
2,42,9,2005,4,1,1,2,2,1,3,1,1,1,1,5,1,1,19,6,1,1,33,1,0,0
2,42,10,2005,2,2,4,1,1,1,2,1,1,1,1,5,1,1,9,6,1,1,33,2,2,2
2,42,10,2005,3,5,6,1,1,1,1,1,1,1,1,5,1,1,9,6,1,1,33,2,2,0
2,42,10,2005,2,1,1,1,1,1,1,1,1,1,1,5,1,1,8,6,1,1,33,2,2,0
2,42,10,2005,3,1,1,1,1,1,1,1,1,1,1,5,1,1,15,6,1,1,33,2,2,0
2,42,10,2005,2,1,1,1,1,1,1,1,1,1,1,5,1,1,19,6,1,1,33,1,0,0
2,42,11,2005,1,2,1,1,1,1,3,1,1,1,1,5,1,1,15,6,1,1,33,2,2,0
10,42,8,2005,4,1,1,2,2,1,4,1,1,1,1,5,1,1,8,6,1,1,33,2,2,0
10,42,9,2005,1,1,1,2,2,1,3,1,1,1,1,5,1,1,10,6,1,1,33,2,2,1
10,42,9,2005,1,1,5,1,1,1,3,1,1,1,1,5,1,1,7,6,1,1,33,2,2,1
10,42,9,2005,2,1,1,1,1,1,1,1,1,1,1,5,1,1,8,6,1,1,33,2,2,1
10,42,10,2005,3,1,1,2,2,1,1,1,1,1,1,5,1,1,11,6,1,1,33,2,2,0
10,42,11,2005,2,1,1,2,2,1,1,1,1,1,1,5,1,1,9,6,1,1,33,2,2,0
10,42,11,2005,2,1,1,1,1,1,1,1,1,1,1,5,1,1,19,6,1,2,33,1,0,0
10,42,11,2005,2,1,1,2,2,1,1,1,1,1,1,5,1,1,14,6,1,1,33,2,2,0
10,42,12,2005,4,3,5,1,1,1,3,1,1,1,1,5,1,1,13,6,1,1,33,1,2,0
10,42,12,2005,1,3,5,1,1,1,3,1,1,1,1,5,1,1,14,6,1,1,33,2,2,0
10,42,12,2005,1,1,1,2,2,1,4,1,1,1,1,5,1,1,14,6,1,1,33,2,2,0
10,42,12,2005,4,1,1,2,2,1,3,1,1,1,1,5,1,1,14,6,1,1,33,2,2,0
4,42,1,2005,2,1,1,2,2,1,1,1,1,1,1,5,1,1,19,6,1,2,33,1,0,0
4,42,1,2005,1,1,1,2,2,1,3,1,1,1,1,5,1,1,14,6,1,2,33,1,2,0
4,42,1,2005,3,2,4,1,1,1,1,1,1,1,1,5,1,1,9,6,1,1,33,1,2,0
4,42,2,2005,4,1,1,2,2,1,3,1,1,1,1,5,1,1,14,6,1,1,33,2,2,0
4,42,2,2005,1,7,4,1,1,1,3,1,1,1,1,5,1,1,14,6,1,1,33,1,0,0
4,42,2,2005,1,2,4,1,1,1,2,1,1,1,1,5,1,1,9,6,1,1,33,2,2,0
4,42,4,2005,2,1,1,2,2,1,1,1,1,1,1,5,1,1,14,6,1,1,33,2,2,0
4,42,6,2005,4,1,1,2,2,1,3,1,1,1,1,5,1,1,9,6,1,1,33,2,2,0
4,42,7,2005,2,1,1,1,1,1,1,1,1,1,1,5,1,1,14,6,1,1,33,2,2,0
4,42,9,2005,2,1,1,2,2,1,2,1,1,1,1,5,1,1,12,6,1,1,24,2,2,0
4,42,9,2005,3,1,1,1,1,1,1,1,1,1,1,5,1,1,9,6,1,1,22,2,2,0
4,42,10,2005,1,1,1,2,2,1,3,1,1,1,1,5,1,1,8,6,1,1,33,2,2,0
4,42,11,2005,1,1,1,2,2,1,2,1,1,1,1,5,1,1,14,6,1,1,33,1,0,0
4,42,11,2005,3,1,1,2,2,1,1,1,1,1,1,5,1,1,14,6,1,1,33,2,2,0
6,42,5,2005,2,1,1,1,1,1,1,1,1,1,1,5,1,1,19,6,1,2,33,1,0,0
6,42,5,2005,4,1,1,2,2,1,3,1,1,1,1,5,1,1,14,6,1,1,33,2,2,0
6,42,4,2005,2,1,1,2,2,1,1,1,1,1,1,5,1,1,19,6,1,2,33,1,0,0
6,42,5,2005,2,1,1,2,2,1,1,1,1,1,1,5,1,1,8,6,1,1,33,2,2,0
6,42,5,2005,4,1,1,2,2,1,3,1,1,1,1,5,1,1,16,6,1,2,33,1,0,0
6,42,6,2005,2,1,1,1,1,1,1,1,1,1,1,5,1,1,8,6,1,1,33,2,2,0
6,42,6,2005,2,2,4,1,1,1,1,1,1,1,1,5,1,1,12,6,1,1,35,2,2,0
6,42,6,2005,3,1,1,2,2,1,1,1,1,1,1,5,1,1,9,6,1,1,33,2,2,0
6,42,6,2005,4,1,1,2,2,1,3,1,1,1,1,5,1,1,9,6,1,1,33,2,2,0
6,42,7,2005,4,5,6,1,1,1,3,1,1,1,1,5,1,1,9,6,1,1,33,2,2,1
6,42,7,2005,1,1,1,2,2,1,3,1,1,1,1,5,1,1,13,6,1,1,35,2,2,0
6,42,7,2005,1,1,1,2,2,1,4,1,1,1,1,5,1,1,8,6,1,1,33,2,2,0
6,42,7,2005,3,1,1,2,2,1,1,1,1,1,1,5,1,1,8,6,1,1,33,2,2,0
6,42,7,2005,4,1,1,1,1,1,3,1,1,1,1,5,1,1,14,6,1,1,33,2,2,0
6,42,7,2005,4,1,1,1,1,1,3,1,1,1,1,5,1,1,14,6,1,1,33,2,2,0
6,42,7,2005,1,5,6,1,1,1,3,1,1,1,1,5,1,1,14,6,1,1,33,2,2,0
8,26,1,2005,4,7,3,1,1,3,1,1,1,1,1,1,3,2,14,6,1,1,30,1,2,0
3,26,1,2005,3,1,3,2,2,1,1,1,1,1,1,1,1,2,10,6,1,6,40,2,2,0
7,26,5,2005,2,1,1,2,1,1,1,1,2,1,1,4,1,2,4,6,1,7,35,1,2,0
7,26,5,2005,3,1,1,2,2,1,1,1,1,3,2,4,4,2,14,6,1,7,45,2,2,1
6,26,5,2005,3,7,8,2,2,1,1,1,1,3,2,4,1,2,14,1,1,7,30,1,2,0
4,26,8,2005,4,3,3,2,1,1,4,2,1,1,1,1,1,2,14,6,1,7,33,1,2,0
4,26,8,2005,2,1,1,2,2,2,1,2,2,1,1,1,1,2,9,5,1,7,40,1,2,0
6,26,8,2005,3,1,1,2,1,1,1,1,1,1,1,3,1,2,4,11,1,1,25,1,2,0
4,26,12,2005,3,1,1,1,2,1,1,1,1,1,1,1,1,2,14,11,1,7,30,1,2,0
1,24,2,2005,2,1,1,2,2,1,1,1,1,1,1,1,1,2,17,4,1,7,30,2,2,0
1,21,2,2005,3,1,1,1,2,1,1,1,1,1,1,1,1,2,9,5,1,1,33,1,2,0
1,21,2,2005,4,1,1,2,2,1,2,1,1,1,1,1,1,2,9,6,1,1,45,1,2,0
1,21,3,2005,2,1,1,2,2,1,1,1,1,1,1,1,1,2,9,6,1,1,30,1,2,0
4,21,4,2005,4,1,1,2,2,1,4,1,1,1,1,2,1,2,8,6,1,1,35,1,2,0
1,21,5,2005,3,1,1,2,2,1,1,1,1,1,1,1,1,2,9,6,1,1,38,1,2,0
1,21,5,2005,3,1,1,2,2,1,1,1,1,1,1,1,1,2,14,6,1,1,40,1,2,0
1,21,1,2005,1,1,1,2,2,4,2,1,1,1,1,2,1,1,14,6,1,1,40,1,2,0
3,21,1,2005,3,1,1,2,2,1,1,1,1,1,1,1,1,1,9,2,2,1,40,2,2,0
1,21,6,2005,4,1,1,2,2,1,1,1,1,1,1,2,1,2,9,6,2,1,33,1,2,0
1,21,12,2005,2,1,1,2,2,4,1,1,2,1,1,3,1,2,8,6,1,1,40,1,2,0
2,22,8,2005,2,5,1,2,2,1,1,1,1,1,1,4,1,2,9,7,2,1,33,1,2,0
1,22,6,2005,2,2,1,2,2,1,1,1,1,1,1,1,1,2,7,6,1,1,33,2,2,0
1,22,4,2005,2,7,8,2,2,1,1,1,1,1,1,1,1,2,14,6,1,7,42,1,2,0
1,22,4,2005,3,3,5,2,2,1,1,1,1,1,1,1,1,2,9,6,1,1,33,2,2,0
1,22,4,2005,1,1,5,2,2,1,4,1,1,1,1,1,1,2,6,1,1,7,33,2,2,0
1,22,11,2005,3,1,1,1,2,1,1,1,1,1,1,1,1,1,9,6,1,1,33,1,2,0
1,22,11,2005,3,1,1,1,2,1,1,1,1,1,1,3,1,2,9,6,1,1,33,1,2,0
4,22,1,2005,2,1,1,2,2,1,1,1,1,1,1,1,1,2,9,4,1,7,42,2,2,0
1,22,1,2005,2,1,1,2,1,1,1,1,1,1,1,1,1,2,12,6,1,1,33,2,2,0
1,22,1,2005,3,2,1,2,2,1,1,1,1,1,1,1,1,2,7,6,1,1,29,2,2,0
2,19,8,2005,2,7,1,2,2,1,1,2,1,1,1,3,1,2,9,1,1,1,45,2,2,0
2,19,10,2005,3,1,1,1,2,1,1,1,1,1,1,2,1,2,9,6,1,7,33,1,2,0
3,19,11,2005,2,7,1,2,2,1,1,1,1,1,3,1,2,1,4,2,1,1,42,2,2,1
1,19,1,2005,3,1,1,2,2,1,1,1,1,1,1,2,1,2,9,6,1,1,33,2,2,0
1,23,1,2005,2,1,3,1,2,1,1,1,1,1,1,4,1,1,15,1,1,1,33,2,2,0
1,28,6,2005,1,1,8,2,2,1,4,1,1,1,1,1,1,2,7,6,1,1,33,2,2,0
3,14,7,2005,2,7,1,2,2,1,1,3,1,3,2,4,4,1,14,6,1,2,30,2,2,0
3,14,7,2005,2,1,3,1,2,1,1,1,1,1,1,5,1,1,4,6,1,1,30,2,2,0
2,14,7,2005,4,1,1,2,2,1,4,1,1,1,1,5,1,1,14,6,2,1,28,1,2,0
1,14,8,2005,3,1,1,2,2,1,1,1,1,1,1,5,1,1,17,6,1,1,20,1,2,0
2,14,9,2005,2,1,2,2,1,1,2,1,1,1,1,5,1,1,14,6,1,7,42,2,2,1
1,14,10,2005,2,3,2,2,2,1,1,1,1,1,1,5,1,1,6,4,1,1,20,2,2,1
4,14,10,2005,2,1,1,2,2,1,1,1,1,1,1,2,1,1,8,6,1,1,28,2,2,0
4,14,10,2005,3,1,3,1,2,1,1,1,1,1,1,5,1,2,6,6,1,1,32,2,2,0
4,14,10,2005,2,1,1,2,2,1,1,1,1,1,1,5,1,1,9,6,1,1,33,2,2,0
2,14,11,2005,3,7,1,2,2,1,1,1,1,1,1,1,1,1,12,6,1,1,22,2,2,1
2,14,11,2005,2,1,1,2,2,4,2,1,1,1,1,1,1,1,9,6,1,1,33,1,2,0
3,14,11,2005,2,1,1,2,1,1,2,1,1,1,1,5,1,1,8,11,1,7,33,2,2,0
1,14,11,2005,1,2,1,1,1,1,3,1,1,1,1,5,1,1,9,5,2,7,33,1,2,0