Thana,District,Month,Year,Time,Junction_Type,Traffic_Control,Movement,Divider,Weather,Light,Road_Geometry,Surface_Condition,Surface_Type,Surface_Quality,Road_Class,Road_Feature,Location_Type,Vehicle_Type,Vehicle_Movement,Vehicle_Loading,Vehicle_Defect,Vehicle_Driver_Age,Vehicle_Alcohol,Vehicle_Seat_Belt,Accident_Severity
3,14,7,2005,3,1,1,2,2,1,1,1,1,1,1,5,1,1,8,6,1,1,32,2,2,0
3,14,1,2005,3,1,1,1,2,1,1,1,1,1,1,5,1,1,11,6,1,3,23,2,2,0
1,14,2,2005,3,1,8,1,2,1,1,1,1,3,1,5,1,1,14,6,1,1,45,1,2,0
2,14,2,2005,2,1,1,2,1,1,1,1,1,1,1,5,1,1,7,6,1,1,25,2,2,1
3,14,2,2005,3,1,1,2,2,1,1,1,1,1,1,1,1,1,4,6,1,1,40,2,2,0
4,14,3,2005,3,1,1,2,2,1,1,1,1,1,1,5,1,1,8,5,1,1,28,2,2,0
3,14,3,2005,2,1,1,2,2,1,2,1,1,1,1,5,1,1,9,6,1,1,33,2,2,0
2,14,4,2005,2,1,2,2,1,1,1,1,1,1,1,1,1,1,8,6,1,1,35,2,2,0
1,14,4,2005,3,1,1,2,2,1,1,1,1,1,1,5,1,1,5,4,1,1,22,2,2,0
3,14,5,2005,4,7,4,2,2,1,1,1,1,1,1,1,1,1,14,6,1,7,33,1,2,0
3,14,5,2005,3,1,2,2,2,1,4,1,1,1,3,5,1,1,14,6,1,1,33,1,2,0
2,14,6,2005,4,7,1,1,1,4,1,1,1,1,1,5,1,1,9,6,1,7,33,1,2,0
3,14,6,2005,2,3,4,2,2,1,1,3,1,1,1,5,1,1,10,6,1,7,35,1,2,0
2,14,2,2005,3,1,1,2,2,1,1,1,1,1,1,5,1,1,4,6,1,1,40,2,2,0
5,4,5,2005,3,1,1,1,1,1,1,1,1,1,1,2,1,2,16,6,1,1,33,2,2,3
1,12,2,2005,1,1,1,2,2,1,1,1,1,1,1,2,2,2,8,6,1,1,33,2,2,0
1,12,6,2005,1,1,1,2,2,1,1,1,2,1,1,2,1,1,13,6,1,1,40,2,2,0
3,12,1,2005,2,1,1,2,2,1,1,1,1,1,2,1,2,1,14,6,1,1,33,2,2,0
3,12,3,2005,1,1,1,2,2,1,1,1,5,1,2,2,1,2,19,6,1,1,33,2,2,0
4,12,5,2005,1,7,1,2,2,1,1,1,1,1,1,2,1,2,6,11,1,1,30,2,2,0
6,15,4,2005,2,7,2,1,2,1,1,1,1,1,1,1,1,2,13,11,1,1,45,2,2,0
6,15,2,2005,1,1,1,2,2,1,4,1,1,1,1,1,1,2,14,11,1,1,39,2,2,0
6,15,1,2005,1,1,1,2,2,1,4,1,1,1,1,1,1,2,19,11,1,1,33,2,2,0
4,15,3,2005,2,2,1,2,2,1,1,1,1,1,1,1,1,2,9,6,1,1,42,2,2,0
4,15,3,2005,1,1,1,2,2,1,2,1,1,1,1,1,1,2,9,6,1,1,33,2,2,0
4,13,1,2005,1,1,1,2,2,1,2,1,1,1,1,1,1,2,9,6,1,1,33,2,2,0
1,15,3,2005,4,1,1,2,2,1,2,1,1,1,1,1,1,2,12,6,1,1,25,2,2,3
6,15,4,2005,2,1,1,2,2,1,1,1,1,1,1,1,1,2,13,11,1,7,33,2,2,0
7,15,4,2005,1,1,1,2,2,1,4,1,1,1,2,1,2,1,13,6,1,1,33,2,2,0
3,15,1,2005,1,1,1,2,2,1,2,1,1,1,1,3,1,2,4,6,1,1,33,2,2,0
3,15,4,2005,2,1,1,2,2,1,1,1,1,1,1,1,1,2,14,6,1,1,40,2,2,0
3,15,5,2005,1,1,1,2,2,1,4,1,1,1,1,1,1,2,19,11,1,1,33,2,2,0
1,15,6,2005,1,1,1,2,2,1,4,1,1,1,1,1,1,2,14,6,1,1,35,2,2,0
1,4,6,2005,2,1,1,2,2,1,1,1,1,1,1,3,1,2,8,6,1,1,33,2,2,0
1,4,4,2005,4,3,1,2,2,1,4,1,1,1,1,2,1,2,8,6,1,1,38,2,2,0
6,4,3,2005,3,1,1,2,2,1,1,1,1,1,1,1,1,2,9,6,1,1,33,2,2,0
4,4,4,2005,1,1,1,2,2,1,1,1,1,1,1,3,1,2,14,1,1,1,40,2,2,0
4,4,5,2005,1,7,1,2,2,1,4,1,1,1,1,3,1,2,9,6,1,1,30,2,2,0
10,3,6,2005,2,1,3,2,2,1,1,1,1,1,1,3,1,2,9,6,1,1,45,2,2,0
5,3,6,2005,1,1,1,2,2,1,1,2,1,1,1,3,1,2,8,9,2,1,44,2,2,0
12,3,6,2005,3,1,7,2,2,1,1,1,1,1,1,4,1,2,7,11,1,1,30,2,2,0
1,3,1,2005,1,1,1,2,2,1,4,2,1,1,1,1,1,2,10,6,1,1,33,2,2,1
1,3,2,2005,1,1,1,2,2,1,1,1,1,1,1,1,1,2,19,6,1,1,20,2,2,0
1,3,3,2005,1,1,1,2,2,2,4,1,1,2,1,1,1,2,9,6,1,1,33,2,2,0
1,3,4,2005,2,1,1,2,2,2,1,2,1,1,1,1,1,2,3,6,1,1,33,2,2,1
3,3,4,2005,3,7,2,2,2,1,1,1,1,1,1,2,1,2,9,2,1,1,40,2,2,0
13,3,5,2005,3,1,1,2,2,1,1,1,1,1,1,2,1,2,9,5,1,1,50,2,2,3
2,3,3,2005,3,1,1,2,2,1,1,1,1,1,1,4,1,2,9,6,1,1,43,2,2,0
3,3,3,2005,3,1,1,2,2,1,1,1,1,1,2,2,1,2,7,5,1,1,40,2,2,1
13,3,1,2005,2,1,1,2,2,4,1,1,1,1,1,4,1,2,4,6,1,1,33,2,2,0
6,3,1,2005,4,1,1,2,2,1,1,1,1,1,1,2,1,2,19,6,1,1,33,1,2,0
4,3,1,2005,1,1,1,2,2,1,4,1,1,1,1,3,1,2,9,6,1,1,45,2,2,3
4,3,1,2005,2,1,3,2,2,1,1,1,1,1,1,3,1,2,9,6,1,1,35,2,2,0
1,16,5,2005,2,1,1,2,2,1,1,1,1,1,1,4,1,2,8,6,1,1,30,2,2,0
6,16,2,2005,1,1,1,2,1,1,2,1,1,1,1,1,1,2,9,6,1,1,33,2,2,0
6,16,5,2005,3,1,1,1,1,1,2,3,1,1,1,1,1,2,9,6,1,1,33,2,2,0
2,7,4,2005,2,1,1,2,2,1,1,1,1,1,1,4,1,2,9,6,1,1,34,1,2,0
1,7,4,2005,1,1,1,2,2,1,2,1,1,1,1,1,1,2,14,6,1,1,41,1,2,0
1,7,6,2005,3,3,1,2,2,1,1,1,1,1,1,2,1,2,12,6,1,1,25,2,2,1
3,7,6,2005,1,1,1,1,1,1,1,1,1,1,1,2,1,2,5,6,1,1,33,2,2,0
10,7,6,2005,2,1,1,2,2,1,1,1,1,1,1,2,1,2,19,6,1,1,33,2,2,0
1,7,6,2005,3,1,1,1,2,1,1,1,1,1,1,2,1,1,14,6,1,1,33,2,2,0
10,7,6,2005,1,1,1,2,2,1,1,1,1,1,1,2,1,2,12,6,1,1,33,2,2,0
7,7,1,2005,4,1,1,2,2,4,4,2,1,1,1,3,1,2,8,6,1,1,35,2,2,0
1,7,5,2005,1,1,1,2,2,1,2,1,1,1,1,3,1,2,19,6,1,1,33,2,2,0
1,7,6,2005,1,7,2,2,2,1,1,1,1,1,1,1,1,2,8,11,1,1,30,2,2,0
1,7,6,2005,3,7,1,2,2,1,1,1,1,1,1,3,1,2,9,11,1,1,33,2,2,0
12,9,4,2005,1,1,1,2,2,1,2,1,1,1,1,1,1,2,9,5,1,1,33,1,2,0
12,9,4,2005,4,1,1,2,2,1,4,1,1,1,1,1,1,2,5,6,1,1,30,2,2,3
12,9,3,2005,3,1,1,2,2,1,1,2,1,1,1,1,1,2,9,11,1,1,45,2,2,3
12,9,5,2005,3,1,3,2,2,1,1,1,1,1,1,1,1,2,9,5,1,1,33,1,2,0
1,9,4,2005,2,1,1,2,2,1,2,1,1,1,1,1,1,2,14,1,1,1,33,2,2,0
10,9,4,2005,4,1,1,2,2,1,4,1,1,1,1,1,1,2,13,4,1,1,40,2,2,1
12,9,6,2005,1,1,1,2,2,1,1,1,1,1,1,1,1,2,9,6,1,1,33,2,2,0
12,9,1,2005,1,1,1,2,2,1,1,1,1,1,1,1,1,2,1,5,1,1,35,1,2,1
1,9,6,2005,2,1,2,2,2,1,3,2,1,1,1,1,1,1,8,6,1,1,33,2,2,0
12,9,6,2005,4,1,1,2,2,1,2,1,1,1,2,2,1,1,7,6,1,1,31,2,2,0
11,9,5,2005,3,1,1,2,2,2,1,1,1,1,1,2,1,2,14,6,1,1,33,2,2,1
6,9,4,2005,3,1,1,1,1,1,1,1,1,1,1,4,1,2,13,6,1,1,22,2,2,0
1,9,1,2005,2,7,8,2,2,1,1,1,1,1,1,5,1,1,9,7,1,1,15,2,2,0
7,16,3,2005,3,1,1,2,2,1,2,1,1,1,1,2,1,2,14,6,1,1,33,2,2,0
7,16,3,2005,2,1,1,1,2,1,1,1,1,1,1,2,1,2,8,6,1,1,33,1,2,0
7,16,4,2005,1,1,1,1,2,1,2,1,1,1,1,3,1,2,14,6,1,1,33,2,2,0
9,16,3,2005,3,1,1,2,2,1,1,1,1,1,1,1,1,2,14,6,1,7,33,2,2,0
5,16,2,2005,3,1,1,2,2,1,1,1,1,1,1,3,1,2,8,6,1,1,33,1,2,0
5,16,3,2005,2,1,8,2,2,1,1,2,1,1,1,2,1,2,13,11,1,1,35,1,2,0
5,16,4,2005,3,2,8,2,2,1,2,1,1,1,1,2,1,2,9,6,1,1,33,1,2,0
5,16,4,2005,3,1,8,2,2,1,1,1,1,1,1,2,1,2,11,11,1,1,35,1,2,0
11,16,1,2005,2,5,3,2,2,1,1,1,1,1,1,1,1,2,8,6,1,1,33,2,2,1
11,16,2,2005,2,7,1,2,2,1,1,1,1,1,1,1,1,2,9,6,1,1,33,2,2,1
11,16,2,2005,3,7,1,2,2,1,1,1,1,1,1,1,1,2,7,6,1,1,33,2,2,0
11,16,6,2005,1,7,8,2,2,1,4,2,1,1,1,1,1,2,9,1,1,1,33,2,2,0
10,16,4,2005,1,7,8,2,2,1,2,1,1,1,1,1,2,2,19,11,1,7,33,1,2,0
7,13,6,2005,1,1,1,2,2,1,1,2,1,1,1,5,1,2,19,6,1,1,35,2,2,1
4,15,1,2005,2,1,1,2,2,1,2,1,1,1,1,1,1,2,9,6,1,1,33,2,2,0
9,13,4,2005,3,1,1,1,2,1,1,1,1,3,3,4,1,2,13,6,1,1,33,2,2,0
2,13,4,2005,3,1,1,1,1,1,1,1,1,1,1,2,1,2,14,6,1,1,33,2,2,1
2,15,6,2005,1,1,1,2,2,1,1,1,1,1,1,4,1,2,16,11,1,1,33,2,2,0
5,6,4,2005,2,1,1,2,2,1,1,1,1,1,1,1,1,2,4,6,1,1,22,2,2,0
5,6,3,2005,3,1,1,2,2,1,1,2,1,1,1,1,1,2,9,2,1,1,38,2,2,0
5,6,2,2005,1,5,1,2,2,4,2,2,1,1,1,1,1,2,9,2,1,1,35,2,2,0
4,6,4,2005,2,1,1,1,2,1,2,1,1,1,1,1,1,2,14,6,1,1,33,2,2,1
1,6,3,2005,5,1,1,2,2,1,1,1,1,1,1,1,1,2,9,6,1,1,45,2,2,1
1,6,2,2005,3,1,1,2,2,1,1,1,1,1,1,1,1,2,8,5,1,1,33,2,2,0
1,6,1,2005,1,1,1,2,2,1,1,1,1,1,1,1,1,2,8,6,1,1,33,2,2,0
2,2,3,2005,1,1,1,2,2,1,2,1,2,1,1,2,1,2,14,6,1,1,33,2,2,0
5,2,1,2005,3,1,1,2,2,1,1,1,1,1,1,2,1,2,9,6,1,1,33,2,2,0
1,2,1,2005,5,1,1,2,2,4,1,1,1,1,1,3,1,2,8,6,1,1,33,2,2,0
5,10,5,2005,1,1,1,2,2,1,1,1,1,1,1,2,1,2,8,6,1,1,38,2,2,0
8,13,6,2005,2,7,1,2,2,2,1,4,2,1,1,1,1,2,9,2,1,1,36,2,2,0
8,13,7,2005,1,7,1,2,2,1,1,2,1,1,1,1,1,2,14,6,1,1,33,2,2,0
8,13,1,2005,2,1,1,2,2,1,1,1,1,1,1,1,1,2,14,11,1,1,33,1,2,0
8,13,2,2005,2,1,1,2,2,1,1,1,1,1,1,1,1,2,14,6,1,1,33,1,2,0
8,13,3,2005,2,1,3,2,2,1,1,1,1,1,1,1,1,2,13,1,1,1,33,2,2,3
8,13,5,2005,2,1,4,2,2,1,1,1,1,1,1,1,1,1,9,8,1,1,33,2,2,0
4,13,7,2005,3,3,1,2,2,2,1,2,1,1,1,3,1,2,4,6,2,1,33,1,2,0
5,13,1,2005,3,1,1,2,1,1,1,1,1,1,1,2,1,2,8,6,1,1,33,2,2,0
5,13,3,2005,2,1,1,1,1,1,1,1,1,1,1,4,1,2,4,6,1,1,30,2,2,1
6,13,8,2005,2,1,1,2,2,1,1,1,1,1,1,2,1,2,9,6,1,1,40,2,2,0
7,13,7,2005,2,1,1,2,2,1,1,2,1,1,1,2,1,2,14,2,1,1,34,2,2,1
7,13,8,2005,2,1,1,2,2,1,1,2,1,1,1,4,1,2,14,1,1,1,28,2,2,0
7,13,8,2005,3,1,1,2,2,1,1,1,1,1,1,2,1,2,7,6,1,1,33,2,2,0
7,13,12,2005,1,1,1,2,2,1,1,2,1,1,1,3,1,2,4,6,1,1,32,2,2,0
9,13,1,2005,4,1,1,2,2,1,1,1,1,1,1,2,1,2,19,6,1,1,28,1,2,0
9,13,2,2005,2,1,1,2,2,1,1,1,1,1,1,2,1,2,8,1,1,1,30,2,2,1
9,13,7,2005,3,1,1,2,2,1,1,1,1,1,1,2,1,2,9,6,1,1,33,2,2,0
1,13,7,2005,2,1,1,2,2,1,2,1,1,1,1,2,1,2,14,6,1,1,35,2,2,0
1,13,7,2005,3,1,1,1,2,2,1,1,2,1,1,2,1,2,14,6,1,1,33,1,2,0
4,13,9,2005,3,1,1,2,2,1,1,1,1,1,1,2,1,2,13,6,1,1,25,2,2,0
3,13,2,2005,4,1,1,2,2,1,1,1,1,1,1,2,1,2,19,6,1,1,33,2,2,0
3,13,8,2005,3,3,1,2,2,1,1,1,1,1,1,2,1,2,8,5,1,1,33,2,2,0
3,13,10,2005,2,3,1,1,2,1,1,1,1,1,1,2,1,2,8,5,1,1,33,2,2,0
3,13,12,2005,2,3,1,2,2,1,1,1,1,1,1,2,1,2,14,2,1,1,27,2,2,0
3,1,5,2005,3,7,8,2,2,1,1,1,1,1,1,1,1,2,14,6,1,1,20,2,2,0
1,1,5,2005,2,3,1,1,2,1,1,1,1,1,1,1,1,2,16,6,1,1,34,1,1,0
1,1,6,2005,3,4,1,2,2,1,1,1,1,1,1,1,1,2,14,6,2,1,25,2,2,0
2,1,5,2005,3,7,1,2,2,1,1,1,1,3,2,4,1,2,19,1,1,7,32,2,2,0
2,1,4,2005,1,1,6,2,1,1,1,1,1,1,1,1,1,2,8,6,2,1,25,2,2,0
4,1,1,2005,3,1,1,2,2,1,2,1,1,1,1,2,1,2,13,6,2,1,33,1,2,0
4,1,2,2005,3,1,1,1,1,1,1,1,1,1,1,4,4,2,19,6,2,7,20,1,1,0
1,1,1,2005,3,1,1,2,2,1,1,1,1,1,1,1,1,2,4,6,1,1,33,2,2,0
3,3,12,2005,2,1,3,2,2,1,2,1,1,1,1,2,1,2,8,6,1,1,33,2,2,0
13,3,12,2005,1,1,1,2,2,1,1,1,1,1,1,1,2,1,4,6,1,1,35,2,2,1
7,3,12,2005,3,7,1,2,2,1,1,1,1,1,1,2,1,1,6,6,1,1,33,2,2,0
9,3,12,2005,2,1,1,2,2,1,1,1,1,1,1,1,1,2,8,2,1,1,40,2,2,1
10,3,12,2005,1,1,1,2,2,1,1,1,1,1,1,2,1,2,12,5,1,1,25,2,2,0
7,3,12,2005,1,1,1,2,2,1,1,1,1,1,1,2,1,2,14,6,1,1,33,2,2,0
12,3,11,2005,1,7,1,2,2,1,2,2,1,1,1,2,1,2,9,11,1,1,35,2,2,1
4,3,11,2005,4,1,1,2,2,1,4,1,1,1,1,1,1,2,14,6,1,1,38,1,2,1
4,3,11,2005,1,1,1,2,2,1,2,1,1,1,1,1,1,2,9,6,1,1,33,2,2,1
4,3,11,2005,4,1,1,2,2,1,2,1,1,1,1,1,1,1,14,6,1,1,29,2,2,0
6,3,11,2005,2,1,1,1,2,1,1,1,1,1,1,2,1,2,8,6,1,1,40,1,2,1
6,3,11,2005,1,1,1,2,1,1,1,1,1,1,1,2,1,2,9,6,1,1,33,2,2,0
12,3,11,2005,1,1,1,2,2,4,3,2,1,1,1,2,1,2,9,6,1,1,33,2,2,0
7,3,9,2005,3,1,1,2,2,1,1,1,1,1,1,1,1,2,14,6,1,1,33,2,2,1
7,3,8,2005,3,3,1,2,2,1,1,1,1,1,1,2,1,1,8,6,1,1,35,2,2,0
9,3,8,2005,4,1,1,2,2,1,4,1,1,1,1,2,1,2,5,6,1,1,45,2,2,0
1,3,7,2005,3,1,1,2,2,1,1,2,3,1,2,4,1,2,17,11,1,1,28,2,2,0
1,8,5,2005,2,1,1,2,2,1,1,1,1,1,1,2,1,2,4,6,1,1,33,2,2,0
5,8,6,2005,3,1,1,2,2,1,1,1,1,1,1,1,1,2,14,5,1,1,33,2,2,1
7,8,2,2005,1,7,1,2,2,1,1,1,1,3,1,4,1,2,7,6,1,1,15,2,2,0
7,8,6,2005,1,1,1,2,2,1,1,2,1,1,1,3,1,2,17,6,1,1,32,2,2,0
4,8,1,2005,3,1,1,2,2,1,1,1,1,1,1,2,1,1,14,6,1,1,33,2,2,0
4,8,2,2005,5,1,1,2,2,1,1,1,1,1,1,2,1,2,8,6,1,1,33,2,2,1
4,8,2,2005,2,1,1,2,2,1,1,1,1,1,1,1,1,2,9,6,1,1,33,2,2,0
4,8,2,2005,3,1,1,1,2,1,1,1,1,1,1,2,1,2,19,6,1,1,33,2,2,0
4,8,3,2005,1,1,1,2,2,1,1,1,1,1,1,2,1,2,9,6,1,1,33,1,2,1
4,8,3,2005,1,1,1,2,2,1,1,1,1,1,1,1,1,2,16,6,1,1,33,2,2,1
4,8,4,2005,3,1,1,1,2,1,1,1,1,1,1,1,1,2,9,6,1,1,35,2,2,1
4,8,4,2005,3,1,1,2,2,1,1,1,1,1,1,1,1,2,14,6,1,1,33,2,2,0
4,8,5,2005,4,1,1,2,2,1,1,3,1,1,1,2,1,1,9,6,1,1,33,2,2,0
3,8,5,2005,1,1,1,2,2,1,4,1,1,1,1,1,1,2,14,11,2,1,33,2,2,0
4,8,3,2005,3,7,1,1,2,1,1,1,1,1,1,2,1,1,9,6,1,1,33,1,2,1
9,16,7,2005,1,7,8,2,2,1,1,1,1,1,1,1,1,2,14,11,1,1,33,2,2,0
7,16,7,2005,2,1,1,2,2,1,1,1,1,1,1,1,1,2,14,6,1,1,33,1,2,0
9,17,1,2005,2,7,8,2,2,1,1,1,5,1,1,2,4,2,19,11,1,1,33,2,2,0
9,17,3,2005,3,7,3,2,2,1,1,1,1,1,1,1,1,2,19,11,2,7,33,2,2,0
9,17,4,2005,1,7,8,2,2,1,1,1,1,1,1,1,1,2,14,6,1,7,45,1,2,0
9,17,6,2005,2,7,8,2,2,1,1,1,5,1,2,2,1,2,17,11,2,7,33,2,2,0
2,17,1,2005,3,7,8,2,2,1,1,2,1,1,1,2,1,2,17,1,1,7,45,2,2,0
2,7,2,2005,2,1,3,2,2,1,1,1,1,1,1,2,1,2,9,4,1,1,40,2,2,0
2,17,5,2005,3,2,3,2,2,1,3,1,1,1,1,1,1,2,8,11,1,1,33,2,2,0
5,17,4,2005,4,7,1,2,2,1,1,1,1,1,1,2,1,2,8,6,1,1,32,2,2,0
3,17,5,2005,2,1,1,2,2,1,1,1,1,1,1,1,1,2,19,6,1,1,33,1,2,0
3,17,2,2005,3,1,1,2,2,1,1,1,1,1,1,2,1,2,7,6,1,1,33,2,2,0
8,16,1,2005,2,1,1,2,2,1,1,1,1,1,1,1,1,2,10,6,1,1,33,1,2,0
8,17,4,2005,1,1,1,2,2,1,4,1,1,1,1,1,1,2,9,1,1,1,33,2,2,0
8,17,6,2005,2,1,1,2,2,1,1,1,1,1,1,1,1,2,13,6,1,1,33,2,2,1
10,17,1,2005,2,1,1,1,2,1,1,1,1,1,1,1,1,2,8,6,1,1,33,2,2,0
10,17,1,2005,2,1,1,1,2,1,1,1,1,1,1,1,1,2,14,6,1,1,33,2,2,0
10,17,6,2005,1,1,1,2,2,1,1,1,1,1,1,1,1,2,14,6,1,1,38,2,2,0
10,17,6,2005,3,1,1,2,2,1,1,1,1,1,1,1,1,2,8,6,1,1,37,2,2,0
10,17,5,2005,1,1,1,2,2,1,1,1,1,1,1,1,1,2,14,6,1,1,37,2,2,0
5,8,10,2005,4,1,1,2,2,1,4,1,1,1,1,1,1,2,9,6,1,1,33,2,2,0
4,8,10,2005,3,1,1,2,2,1,1,1,1,1,2,1,1,2,11,6,1,1,39,2,2,0
7,8,11,2005,3,1,1,2,2,1,1,1,1,1,1,3,1,2,14,6,1,1,25,2,2,1
7,16,10,2005,4,1,8,2,2,1,2,1,1,1,1,1,1,2,6,6,1,1,33,2,2,0
1,16,9,2005,1,1,1,1,2,1,2,1,1,1,1,5,1,1,8,6,1,1,33,2,2,0
1,16,11,2005,1,1,1,2,2,1,1,1,1,1,1,3,1,2,9,6,1,1,33,1,2,0
9,16,11,2005,1,1,1,1,2,1,1,1,1,1,1,2,1,2,9,6,1,1,33,2,2,0
10,16,11,2005,3,2,1,2,2,1,1,1,1,1,1,1,1,2,9,6,1,1,40,2,2,0
10,16,11,2005,3,7,1,2,2,1,1,1,1,1,1,1,1,2,10,6,1,1,33,2,2,0
10,16,10,2005,4,1,1,2,2,1,4,1,1,1,1,1,1,2,12,6,1,1,33,1,2,0
10,16,12,2005,2,1,1,2,2,1,1,1,1,1,1,1,1,2,9,6,1,1,36,2,2,0
9,16,12,2005,4,1,1,2,2,1,4,1,1,1,1,2,1,2,14,4,1,1,33,2,2,0
5,2,12,2005,3,1,1,2,2,1,1,1,1,1,1,3,1,2,17,5,1,1,24,2,2,0
1,7,7,2005,1,1,1,2,2,1,1,1,1,1,1,1,1,2,14,6,1,1,45,2,2,0
4,17,9,2005,1,7,1,2,2,1,4,4,1,1,1,2,1,2,13,6,1,1,45,2,2,0
3,7,9,2005,1,1,1,2,2,1,4,4,1,1,1,2,1,2,12,6,1,1,33,2,2,0
9,7,11,2005,4,1,1,2,2,1,4,1,1,1,2,2,1,2,14,6,1,1,25,2,2,0
4,7,10,2005,3,7,8,1,2,1,1,1,1,1,1,2,1,2,7,6,1,1,33,2,2,0
9,16,8,2005,1,1,1,2,2,1,1,2,1,1,1,1,1,2,8,6,1,1,25,2,2,0
10,17,8,2005,3,1,1,2,2,1,1,1,1,1,1,2,1,2,13,6,1,1,45,2,2,0
10,16,8,2005,3,1,1,2,2,1,1,1,1,1,1,2,1,2,13,6,1,1,45,2,2,0
7,16,8,2005,1,1,1,2,2,1,1,1,1,1,1,1,1,2,9,6,1,1,33,2,2,0
1,10,1,2005,2,1,8,2,2,1,1,2,1,1,1,2,1,2,4,7,1,1,21,2,2,1
1,10,3,2005,2,1,1,2,2,1,1,1,1,1,1,2,1,2,8,6,1,1,38,2,2,1
1,10,4,2005,4,1,1,2,2,1,1,1,1,1,1,2,1,2,8,11,1,1,40,2,2,0
5,10,4,2005,1,1,1,2,2,1,1,1,1,1,1,2,1,2,4,6,1,1,24,2,2,1
5,10,6,2005,1,1,1,2,2,1,1,1,1,1,1,2,1,2,14,6,1,1,33,1,2,0
5,10,6,2005,4,1,1,2,2,1,1,1,1,1,1,2,1,2,7,11,1,1,20,2,2,1
5,10,6,2005,1,1,1,2,2,1,1,1,1,1,1,2,1,2,8,6,1,1,33,2,2,0
3,10,3,2005,3,1,1,1,2,1,1,1,1,1,1,2,1,2,9,11,1,1,33,2,2,0
12,9,11,2005,1,1,1,2,2,1,2,1,1,1,1,1,1,2,14,6,1,1,33,2,2,0
12,9,10,2005,2,7,1,2,2,1,1,1,1,1,1,1,1,2,9,6,1,1,35,2,2,0
10,9,12,2005,2,1,1,2,2,1,1,1,1,1,1,2,1,2,9,6,1,7,40,2,2,1
11,9,10,2005,1,7,1,2,2,1,2,3,1,2,2,2,1,2,8,6,1,3,40,1,2,0
12,9,12,2005,1,1,1,2,2,1,1,1,1,1,1,1,1,2,14,6,1,1,33,1,2,0
4,9,7,2005,3,3,1,1,2,1,1,1,1,1,1,2,1,2,9,6,1,1,33,2,2,1
3,8,7,2005,3,3,1,2,2,1,1,1,1,1,1,2,1,2,14,6,1,1,33,2,2,3
4,12,10,2005,2,1,8,2,2,1,2,1,1,1,1,2,1,2,14,6,1,1,30,2,2,0
4,12,9,2005,1,1,1,2,2,1,1,1,1,1,1,2,1,2,6,6,1,1,33,2,2,0
1,12,9,2005,3,1,1,2,2,1,1,1,1,1,1,3,1,2,8,6,1,1,27,2,2,0
5,15,7,2005,2,1,1,2,2,1,1,1,2,1,1,2,1,2,14,6,1,1,33,2,2,0
1,15,7,2005,1,1,1,2,2,1,2,2,1,1,1,1,1,2,13,6,1,1,33,2,2,0
1,15,8,2005,1,1,1,2,2,1,1,1,1,1,1,1,1,2,9,6,1,1,35,2,2,0
2,17,2,2005,2,2,3,1,2,1,1,1,1,1,1,3,1,2,4,1,1,7,40,2,2,0
8,17,1,2005,3,1,1,2,2,1,1,1,1,1,1,2,1,2,10,6,1,1,33,2,2,0
1,9,9,2005,3,1,1,2,2,1,1,1,1,1,1,1,1,2,8,6,1,1,42,2,2,1
7,8,9,2005,1,1,1,2,2,1,1,1,1,1,1,3,1,2,4,6,1,1,38,2,2,0
1,3,6,2005,3,7,1,2,2,1,1,1,1,1,1,2,5,2,9,6,1,7,36,1,2,1
4,6,8,2005,3,1,1,2,2,1,1,1,1,1,1,1,1,1,14,6,1,1,33,2,2,0
2,6,7,2005,1,1,1,2,2,1,1,1,1,1,1,1,1,2,9,6,1,1,33,2,2,0
3,6,5,2005,3,1,1,1,2,1,1,1,1,1,1,1,1,2,14,2,1,1,40,2,2,0
5,6,5,2005,4,7,8,1,2,1,3,1,1,1,1,1,1,2,17,6,1,1,30,1,2,0
5,6,5,2005,2,1,1,1,2,1,1,1,1,1,1,1,1,2,14,2,1,1,40,2,2,0
5,6,6,2005,2,1,8,1,2,1,1,1,1,1,1,1,1,2,4,6,1,1,30,2,2,0
5,6,7,2005,1,2,1,2,2,1,1,1,1,1,1,1,1,2,9,6,1,1,33,2,2,0
5,6,11,2005,1,6,7,1,2,4,4,5,1,1,1,1,1,2,12,6,1,1,33,2,2,0
5,6,12,2005,3,1,1,2,2,1,1,1,1,1,1,1,1,2,9,6,1,1,33,2,2,0
9,17,8,2005,2,1,1,2,2,1,4,1,1,1,1,3,1,2,6,6,1,1,33,2,2,0
9,17,8,2005,3,1,1,2,2,1,1,1,1,1,1,1,1,2,9,6,1,1,33,2,2,0
5,17,7,2005,2,1,1,2,2,1,1,1,1,1,1,1,1,2,8,6,1,1,32,2,2,0
5,17,7,2005,1,7,1,1,2,1,1,1,1,1,1,3,1,2,8,6,1,1,33,2,2,0
5,17,10,2005,2,1,1,2,2,1,1,1,1,1,1,1,1,2,8,6,1,1,33,2,2,0
5,17,11,2005,1,1,1,2,2,1,1,1,1,1,1,3,1,2,14,6,1,1,45,2,2,0
3,17,7,2005,2,7,5,1,1,1,1,1,1,1,2,4,1,2,8,6,1,1,33,2,2,0
8,17,9,2005,2,3,1,2,2,4,1,1,4,1,1,4,1,2,6,11,1,1,33,2,2,0
8,17,10,2005,1,3,1,2,2,2,1,1,2,1,1,1,1,2,9,6,1,1,33,1,2,0
8,17,11,2005,1,1,4,2,2,1,1,1,1,1,1,3,1,2,14,6,1,1,40,2,2,0
8,17,12,2005,2,4,6,2,2,4,2,1,1,1,1,1,1,2,19,6,1,1,33,2,2,0
8,17,12,2005,3,4,1,2,2,1,1,1,1,1,1,1,1,2,9,6,1,1,33,2,2,0