Thana,District,Month,Year,Time,Junction_Type,Traffic_Control,Movement,Divider,Weather,Light,Road_Geometry,Surface_Condition,Surface_Type,Surface_Quality,Road_Class,Road_Feature,Location_Type,Vehicle_Type,Vehicle_Movement,Vehicle_Loading,Vehicle_Defect,Vehicle_Driver_Age,Vehicle_Alcohol,Vehicle_Seat_Belt,Accident_Severity
8,17,12,2005,1,3,4,2,2,1,1,1,1,1,1,1,1,2,9,3,1,1,45,2,2,0
8,17,12,2005,1,3,1,2,2,4,3,1,1,1,1,1,1,2,19,6,1,1,33,2,2,0
10,17,7,2005,3,7,1,2,2,1,1,1,1,1,1,1,1,2,9,1,1,1,45,2,2,0
10,17,7,2005,4,7,1,2,2,1,4,1,1,1,1,1,1,2,14,6,1,1,33,1,2,0
7,17,7,2005,3,7,8,2,2,2,1,2,2,1,1,1,1,2,14,6,1,1,45,2,2,0
7,17,7,2005,1,1,1,2,2,1,1,2,1,1,1,1,1,2,7,6,1,1,33,1,2,1
7,17,11,2005,1,7,1,2,2,1,1,1,1,1,1,1,1,2,19,11,1,3,33,2,2,0
7,17,12,2005,2,1,1,2,2,1,1,1,1,1,1,4,1,2,19,6,1,1,30,1,2,1
1,15,7,2005,1,1,1,2,2,1,4,1,1,1,1,1,2,1,14,4,1,7,33,2,2,0
1,15,9,2005,2,3,1,2,2,1,1,1,1,1,1,1,1,2,14,6,2,1,33,2,2,3
1,15,9,2005,2,1,1,2,2,1,1,1,1,1,1,1,1,2,9,11,1,7,33,2,2,0
1,15,10,2005,1,1,1,2,2,1,1,1,1,1,1,1,1,1,4,11,1,7,33,2,2,0
1,15,10,2005,2,1,1,2,2,1,1,1,1,1,1,1,1,2,8,6,1,7,33,2,2,0
1,15,11,2005,4,6,1,2,1,1,4,1,1,1,1,1,1,2,8,6,1,1,33,2,2,1
1,15,12,2005,2,1,1,2,2,1,1,1,1,1,1,1,1,2,4,6,1,1,33,2,2,3
1,15,12,2005,4,1,1,2,2,1,2,1,1,1,1,5,1,2,4,6,1,1,19,2,2,3
7,15,9,2005,1,1,1,2,2,1,1,4,1,1,1,4,1,2,6,6,1,1,22,2,2,0
3,15,9,2005,2,7,8,2,2,1,1,1,1,1,1,2,1,2,19,11,1,1,28,2,2,0
3,15,10,2005,1,7,8,2,2,1,1,1,1,1,1,3,1,2,14,6,1,1,33,1,2,0
3,15,11,2005,4,2,1,2,2,1,2,1,1,1,1,1,1,2,9,6,1,1,33,2,2,0
5,15,10,2005,3,1,1,2,2,1,1,1,1,1,1,4,1,2,19,6,1,1,33,2,2,0
5,15,10,2005,1,1,1,2,2,1,1,1,1,2,1,1,1,2,14,6,1,1,30,2,2,0
1,1,8,2005,1,7,1,2,2,1,1,4,1,1,1,1,1,2,17,6,1,1,33,2,2,0
3,1,12,2005,2,1,1,2,2,1,1,1,1,1,1,1,1,2,8,6,1,1,38,2,2,0
2,1,10,2005,4,3,1,2,2,1,2,1,1,1,1,2,1,1,14,6,1,1,33,1,2,0
2,1,10,2005,3,7,8,2,2,1,1,1,1,3,2,4,1,2,19,6,1,1,30,2,2,0
2,1,11,2005,4,7,8,2,2,4,4,1,1,1,1,1,1,2,9,6,1,1,35,2,2,0
4,1,10,2005,2,1,5,2,2,3,2,2,3,3,3,4,1,2,4,6,1,1,33,2,2,1
3,15,3,2005,1,2,3,2,2,1,1,1,1,1,1,2,1,2,14,6,1,1,33,2,2,0
3,15,4,2005,1,1,1,2,2,1,1,1,1,1,1,2,1,2,9,4,1,1,40,2,2,0
3,15,9,2005,2,7,8,2,2,1,1,1,1,1,1,3,1,2,19,11,1,1,28,2,2,0
1,6,6,2005,3,1,1,2,2,1,1,1,1,1,1,1,1,2,13,6,1,1,33,2,2,0
2,6,7,2005,1,1,1,2,2,1,1,1,1,2,1,4,1,2,9,6,1,1,33,2,2,0
2,6,10,2005,2,1,1,2,2,1,1,1,1,1,1,1,1,2,9,6,1,1,33,2,2,0
2,6,10,2005,2,1,1,2,2,1,1,1,1,1,2,2,1,2,9,6,1,1,33,2,2,0
2,6,10,2005,5,1,1,2,2,1,1,1,1,1,1,2,1,2,9,6,1,1,33,2,2,0
2,6,11,2005,3,1,1,2,2,1,1,1,1,1,1,4,1,2,7,6,1,1,33,2,2,0
3,6,6,2005,3,1,1,2,2,1,1,1,1,1,1,1,1,2,14,6,1,1,35,2,2,0
1,5,1,2005,1,7,8,2,2,1,1,1,1,1,1,2,1,2,9,6,1,1,33,2,2,0
1,5,1,2005,2,1,1,2,2,1,1,1,1,1,1,1,1,2,13,6,1,1,33,2,2,0
6,4,10,2005,3,1,1,1,2,1,1,1,1,1,1,2,1,2,17,6,1,1,27,2,2,0
1,4,10,2005,3,1,1,2,2,1,2,1,1,1,1,3,1,2,8,8,1,1,35,2,2,0
1,4,8,2005,3,1,1,2,2,1,1,1,1,1,1,2,1,2,8,6,1,1,33,2,2,0
1,5,1,2005,2,1,1,2,2,1,1,1,1,1,1,1,1,2,14,6,1,1,33,2,2,0
1,5,1,2005,2,1,1,2,2,1,1,1,1,1,1,2,1,2,8,1,1,1,18,1,2,0
1,5,1,2005,4,1,1,2,2,1,4,1,1,1,1,1,1,2,8,6,1,1,33,2,2,0
1,5,1,2005,3,1,1,2,2,1,1,1,1,1,1,2,1,2,9,6,1,1,33,2,2,0
1,5,2,2005,1,3,4,2,2,1,3,2,1,1,1,2,1,2,14,2,1,7,33,1,2,0
1,5,3,2005,1,1,1,2,2,1,4,2,1,1,1,1,1,2,9,6,1,1,33,2,2,0
1,5,3,2005,1,7,1,2,2,1,1,1,1,1,1,1,1,2,7,6,1,1,33,2,2,0
1,5,3,2005,1,1,1,2,2,1,1,1,1,1,1,2,1,2,9,6,1,1,33,2,2,0
1,5,4,2005,1,7,1,2,2,1,1,1,1,3,2,4,1,2,14,1,1,1,33,2,2,0
1,5,5,2005,2,7,1,2,2,1,1,1,1,1,1,2,1,1,14,1,1,1,45,2,2,0
1,5,7,2005,3,1,1,2,2,1,1,1,1,2,3,3,3,1,14,1,1,1,33,2,2,0
1,5,7,2005,2,1,1,2,2,1,1,1,1,2,2,1,1,2,9,6,1,1,33,2,2,0
1,5,8,2005,2,1,1,2,2,1,2,2,1,1,1,2,1,2,9,6,1,1,33,2,2,0
1,5,8,2005,3,1,1,2,2,2,2,2,2,2,2,2,1,2,17,6,1,1,33,2,2,0
1,5,8,2005,2,1,1,2,2,1,2,1,1,2,1,2,1,1,9,6,1,1,33,2,2,0
1,5,8,2005,2,1,1,2,2,1,1,1,1,1,1,1,1,2,9,6,1,1,33,2,2,0
1,5,9,2005,4,1,1,2,2,1,1,1,1,1,1,1,1,2,13,6,1,1,33,2,2,1
1,5,9,2005,5,1,1,2,2,1,1,1,1,1,2,1,1,1,19,6,1,1,33,2,2,1
1,5,10,2005,3,1,1,2,2,1,1,1,1,1,1,1,1,2,7,6,2,1,33,1,2,1
1,5,11,2005,5,1,1,2,2,1,1,1,1,1,1,4,1,2,4,6,1,1,33,2,2,0
1,5,11,2005,3,1,1,2,2,1,1,1,1,1,2,2,1,2,19,6,1,1,33,2,2,3
1,5,12,2005,1,1,1,2,2,1,1,1,1,1,2,1,1,2,14,6,1,1,33,2,2,1
1,5,12,2005,1,1,2,2,1,1,1,1,1,1,1,1,1,2,19,6,1,1,33,2,2,1
1,5,12,2005,1,1,1,2,2,1,1,1,1,1,1,2,1,2,9,6,1,1,33,1,2,0
1,5,12,2005,1,1,1,2,2,4,2,1,1,1,1,1,1,2,7,6,1,1,33,1,2,0
2,5,2,2005,1,1,1,2,2,1,1,1,1,1,1,2,1,2,9,6,1,1,45,2,2,0
2,5,7,2005,1,7,1,2,2,1,1,1,1,1,1,2,1,2,17,6,1,1,45,2,2,0
2,5,10,2005,3,1,1,2,2,1,1,1,1,1,1,2,1,2,8,6,1,1,33,2,2,0
3,5,1,2005,2,1,1,2,2,1,1,1,1,1,1,1,1,2,9,6,1,7,33,2,2,0
3,5,7,2005,3,1,1,1,2,1,1,1,1,1,1,4,1,2,13,6,1,1,30,2,2,0
3,5,10,2005,1,1,1,2,2,1,1,1,1,1,1,4,1,2,14,6,1,1,33,2,2,0
8,5,5,2005,1,1,1,2,2,1,1,1,1,1,1,4,1,2,19,11,1,1,33,1,2,0
8,5,5,2005,1,1,3,2,2,1,1,1,1,1,1,1,1,2,9,6,1,1,33,2,2,0
8,5,6,2005,1,7,8,2,2,1,1,1,1,1,1,1,1,2,14,6,1,1,33,2,2,0
8,5,6,2005,1,1,3,2,2,1,4,1,1,1,1,1,1,2,14,1,1,1,33,1,2,0
8,5,6,2005,2,1,3,2,2,1,1,1,1,1,1,1,1,2,12,6,1,1,33,2,2,0
8,5,7,2005,3,1,1,2,2,1,1,1,1,1,1,1,1,2,7,1,1,1,33,2,2,0
8,5,7,2005,2,1,1,2,2,1,2,1,1,1,1,1,1,2,14,1,1,1,33,2,2,0
8,5,8,2005,1,1,8,2,2,1,1,1,1,1,1,1,1,2,14,6,1,1,33,2,2,1
8,5,9,2005,3,1,1,2,2,1,1,1,1,1,1,1,1,2,7,6,1,1,33,2,2,0
8,5,10,2005,3,1,1,2,2,1,1,1,1,1,1,2,1,2,9,6,1,1,33,2,2,0
8,5,10,2005,1,1,1,2,2,1,1,1,1,1,1,1,1,2,9,6,1,1,33,2,2,0
8,5,11,2005,1,2,2,2,2,1,1,1,1,1,1,1,1,2,9,6,1,1,33,2,2,0
8,5,11,2005,3,1,1,2,2,1,1,1,1,1,1,1,1,2,10,6,1,1,33,2,2,1
8,5,11,2005,3,7,1,2,2,1,1,1,1,1,1,1,1,2,9,11,1,1,42,2,2,1
8,5,11,2005,1,7,1,2,2,1,1,2,1,2,1,1,2,1,9,6,1,1,33,2,2,0
8,5,11,2005,3,7,1,2,2,1,1,1,1,1,1,1,1,2,10,6,1,1,33,2,2,0
8,5,12,2005,2,7,1,2,2,1,1,1,1,1,1,1,1,2,9,1,1,1,33,2,2,0
8,5,12,2005,1,7,1,2,2,1,4,1,1,1,1,1,1,2,8,6,1,1,33,1,2,1
8,5,12,2005,1,7,1,2,2,1,1,1,1,1,1,1,1,2,19,11,1,7,33,2,2,0
8,5,12,2005,2,7,1,2,2,1,1,1,1,1,1,1,1,1,19,11,1,7,33,2,2,0
5,5,2,2005,2,1,1,2,2,1,2,1,1,1,1,1,1,2,9,6,1,1,45,2,2,0
5,5,4,2005,4,7,8,2,2,1,1,1,1,1,1,1,1,2,7,6,1,1,33,2,2,0
5,5,5,2005,1,1,1,2,2,1,1,1,1,1,1,1,1,2,14,6,1,1,33,2,2,0
5,5,5,2005,3,1,1,2,2,1,1,1,1,1,1,1,1,2,9,6,1,1,33,2,2,0
5,5,6,2005,1,7,1,2,2,1,1,1,1,1,1,1,1,2,10,11,1,7,33,1,2,0
5,5,6,2005,3,7,1,2,2,1,1,1,1,1,1,1,1,2,14,6,1,1,33,2,2,0
5,5,6,2005,5,1,1,2,2,2,4,1,1,1,1,1,1,2,19,6,1,1,33,2,2,1
5,5,7,2005,2,7,1,2,2,1,2,1,1,1,1,1,1,2,17,6,1,1,33,2,2,1
5,5,8,2005,2,7,1,2,2,1,1,1,1,1,1,1,1,2,9,6,1,1,33,2,2,1
5,5,8,2005,1,7,8,2,2,1,1,1,1,1,1,2,1,2,7,6,1,1,24,2,2,0
5,5,8,2005,2,7,8,2,2,1,4,1,5,1,1,1,1,2,9,11,2,7,33,2,2,0
5,5,8,2005,2,7,8,1,2,1,2,1,1,1,1,1,1,2,9,6,1,1,33,2,2,0
5,5,9,2005,1,7,8,2,2,4,2,1,1,1,1,1,1,2,14,6,1,1,33,2,2,1
5,5,9,2005,2,1,1,2,2,1,1,1,1,1,1,1,1,2,8,2,2,7,33,2,2,0
5,5,9,2005,2,3,8,1,2,1,1,1,1,1,1,1,1,2,14,6,1,1,33,2,2,0
5,5,9,2005,2,7,8,2,2,1,1,1,1,1,1,1,1,2,14,6,2,7,33,2,2,0
5,5,12,2005,3,7,8,2,2,1,1,2,1,1,1,3,1,2,17,7,1,1,22,2,2,0
7,5,3,2005,1,7,1,1,2,1,2,1,1,1,1,3,1,2,8,6,2,1,33,2,2,3
7,5,7,2005,1,1,1,2,2,1,1,1,1,1,1,3,1,2,7,6,1,7,33,2,2,0
7,5,8,2005,1,7,8,1,1,2,1,1,1,1,3,1,2,1,8,6,1,1,33,2,2,3
4,5,1,2005,3,7,3,2,2,1,1,1,1,1,1,1,1,2,8,6,1,1,33,2,2,0
4,5,3,2005,1,1,3,2,2,1,1,1,1,1,1,1,1,2,9,6,1,1,33,2,2,0
4,5,3,2005,3,1,3,2,2,1,1,1,1,1,1,1,1,2,8,6,1,1,29,2,2,1
4,5,3,2005,1,1,1,2,2,1,1,1,1,1,1,1,1,2,12,6,1,1,33,2,2,0
4,5,3,2005,1,1,1,2,2,1,1,1,1,1,1,1,1,2,8,4,1,1,33,2,2,0
4,5,4,2005,1,1,1,2,2,4,2,1,2,1,1,3,1,2,14,6,1,1,33,2,2,0
4,5,4,2005,1,1,3,2,2,1,3,1,1,1,1,1,1,2,9,6,1,1,42,2,2,0
4,5,5,2005,3,1,3,2,2,1,1,1,1,1,1,1,1,2,5,6,1,1,33,2,2,0
4,5,7,2005,1,1,3,2,2,1,2,1,1,1,1,1,1,2,8,6,1,1,33,2,2,0
4,5,8,2005,1,7,3,2,2,1,1,1,1,1,1,1,1,2,8,11,1,1,26,2,2,0
4,5,11,2005,3,7,3,1,2,1,1,1,1,1,1,1,1,2,8,11,1,1,25,2,2,0
4,5,12,2005,1,1,3,2,2,1,2,1,1,1,1,1,1,2,10,6,1,1,33,2,2,0
6,5,1,2005,1,1,1,2,2,1,4,1,1,1,1,1,1,2,13,10,1,1,33,2,2,0
6,5,2,2005,2,1,1,2,2,1,1,1,1,1,1,3,1,2,12,6,1,1,33,2,2,1
6,5,2,2005,2,1,1,2,2,1,1,1,1,1,1,1,1,2,19,6,1,1,33,2,2,0
6,5,3,2005,1,1,1,2,2,1,1,1,1,1,1,3,1,2,19,11,1,1,33,2,2,0
6,5,3,2005,2,1,1,2,2,1,1,1,1,1,1,1,1,2,19,11,1,1,33,2,2,0
6,5,3,2005,1,1,1,2,2,1,1,1,1,1,1,1,1,2,14,6,1,1,33,2,2,0
6,5,3,2005,1,1,1,2,2,1,1,1,1,1,1,1,1,2,13,6,1,1,33,2,2,0
6,5,4,2005,1,1,1,2,2,1,1,1,1,1,1,1,1,2,14,6,1,1,33,2,2,0
6,5,4,2005,2,1,1,2,2,1,1,1,1,1,1,1,1,2,9,6,1,1,33,2,2,0
6,5,5,2005,1,1,1,2,2,1,4,1,1,1,1,1,1,2,9,11,1,1,33,2,2,0
6,5,6,2005,2,1,1,2,2,1,1,1,1,1,1,1,1,2,9,6,1,1,33,2,2,0
6,5,6,2005,1,1,2,2,2,1,1,1,1,1,1,1,1,2,19,11,1,1,33,2,2,0
6,5,7,2005,1,1,1,2,2,1,1,1,1,1,1,1,1,2,9,6,1,1,36,2,2,1
6,5,7,2005,1,1,1,2,2,1,1,1,1,1,1,1,1,2,9,6,1,1,33,2,2,0
6,5,7,2005,1,1,1,2,2,1,4,1,1,1,1,1,1,2,19,11,1,1,33,2,2,0
6,5,7,2005,1,1,1,1,2,1,4,1,1,1,1,1,1,2,9,11,1,1,33,2,2,1
6,5,7,2005,2,1,1,2,2,1,1,1,1,1,1,1,1,2,7,6,1,1,33,2,2,0
6,5,7,2005,3,1,1,2,2,1,1,1,1,1,1,1,1,2,9,8,1,1,33,2,2,0
6,5,8,2005,1,1,1,2,2,1,1,1,1,1,1,1,1,2,14,6,1,1,33,2,2,0
6,5,9,2005,1,1,1,2,2,1,1,1,1,1,1,1,1,2,10,6,1,1,33,2,1,0
6,5,10,2005,1,1,1,2,2,1,4,1,4,1,2,1,1,2,9,8,1,1,33,2,2,1
6,5,11,2005,3,1,1,2,2,1,1,1,1,1,1,1,1,2,9,11,1,1,33,2,2,1
1,11,3,2005,1,1,1,2,2,1,1,1,1,1,1,5,1,1,9,6,1,1,33,2,2,0
1,11,4,2005,1,1,1,2,2,1,1,1,1,1,1,5,1,2,4,6,1,2,33,2,2,1
1,11,5,2005,1,1,1,2,2,1,1,1,1,1,1,2,1,2,14,6,1,1,33,2,2,0
1,11,8,2005,4,3,1,2,2,1,4,1,2,1,1,2,1,1,14,6,1,1,33,2,2,0
1,11,1,2005,1,1,1,2,2,1,4,1,1,1,1,5,1,1,14,6,1,1,33,2,2,0
8,11,1,2005,2,1,1,2,2,1,2,1,1,1,1,4,1,2,19,6,1,1,33,2,2,0
8,11,1,2005,2,1,8,2,2,1,1,1,1,1,1,2,1,1,14,6,1,1,30,2,2,0
8,11,3,2005,1,1,3,2,2,1,1,1,1,1,1,2,1,2,14,11,1,1,33,2,2,0
8,11,5,2005,3,1,3,2,2,1,2,1,1,1,1,2,1,2,14,7,1,1,33,2,2,0
8,11,6,2005,3,1,1,2,2,1,1,1,1,1,1,2,1,2,13,11,1,1,33,2,2,0
8,11,9,2005,1,3,1,2,2,1,4,1,1,1,1,2,1,2,19,11,1,1,33,2,2,0
5,11,3,2005,2,1,1,2,2,1,1,1,1,1,1,2,1,2,14,6,1,1,30,2,2,0
5,11,7,2005,1,1,1,2,2,1,1,1,1,1,1,5,1,2,14,6,1,1,25,2,2,0
6,11,4,2005,2,1,1,2,2,1,1,1,1,1,1,2,1,2,9,6,1,1,33,2,2,0
6,11,4,2005,1,1,1,2,2,1,1,1,1,1,1,2,1,2,9,6,1,1,33,2,2,0
6,11,5,2005,2,1,1,2,2,1,1,1,1,1,1,4,1,2,9,6,1,1,38,2,2,0
6,11,5,2005,3,1,1,2,2,1,1,1,1,1,1,4,1,2,9,6,1,1,30,2,2,0
6,11,6,2005,1,1,1,2,2,1,1,1,1,1,1,2,1,2,9,6,1,1,30,2,2,0
6,11,6,2005,1,1,1,2,2,1,1,1,1,1,1,4,4,2,17,6,1,1,33,2,2,0
6,11,8,2005,1,1,1,2,2,1,2,1,1,1,1,3,1,2,14,6,1,1,27,2,2,0
6,11,8,2005,1,1,8,2,2,1,1,1,1,1,1,2,1,1,14,11,1,1,33,1,1,0
6,11,11,2005,1,1,1,2,2,1,1,1,1,1,1,3,1,2,14,11,1,1,30,2,2,1
3,11,3,2005,1,7,8,2,2,1,1,1,1,1,1,2,1,2,4,6,1,1,33,2,2,0
3,11,8,2005,1,7,1,2,2,1,1,1,1,1,1,2,1,2,19,6,1,1,26,2,2,0
3,11,11,2005,3,2,2,2,2,1,1,1,1,1,1,2,1,2,14,1,1,1,45,2,2,0
8,11,12,2005,1,1,1,2,2,1,4,1,1,1,1,4,1,2,19,1,1,1,33,2,2,0
4,11,4,2005,2,1,1,2,2,1,1,1,1,1,1,3,1,2,19,1,1,7,25,2,2,0
4,11,5,2005,4,1,1,2,2,1,2,1,1,1,1,3,1,2,13,1,1,7,45,2,2,1
4,11,8,2005,2,1,1,2,2,1,1,1,1,1,1,4,1,2,19,2,1,7,33,2,2,0
4,11,12,2005,2,1,1,2,2,1,1,1,1,1,1,2,1,2,9,6,1,1,33,2,2,0
10,11,6,2005,5,1,1,2,2,1,4,2,1,1,2,2,1,2,13,2,1,1,45,2,2,0
7,11,6,2005,2,1,1,1,2,1,1,2,2,1,2,4,1,2,19,6,1,1,33,1,2,0
7,11,7,2005,1,1,1,2,2,1,2,1,1,1,1,2,1,2,4,6,1,1,33,2,2,1
11,11,8,2005,1,1,1,2,2,1,1,1,1,1,1,2,1,2,19,6,2,1,32,2,2,0
2,11,11,2005,2,7,8,2,2,1,1,1,5,1,2,2,1,2,19,1,1,1,22,2,2,0
9,16,3,2005,3,7,8,1,2,1,1,1,1,1,1,1,1,2,19,6,1,1,33,1,2,0
4,17,2,2005,1,3,1,2,2,1,1,1,1,1,1,1,1,2,14,4,2,7,30,1,2,3
5,17,4,2005,3,2,1,2,2,1,3,1,1,1,1,2,1,2,14,3,1,1,33,2,2,0
1,61,6,2005,1,1,1,2,2,1,2,1,1,1,1,1,1,2,10,6,1,2,33,1,0,0
1,61,6,2005,1,1,7,2,1,1,1,1,1,1,1,1,1,1,9,6,1,1,33,2,2,3
3,61,6,2005,1,1,1,2,1,1,2,2,1,1,1,1,1,2,13,6,1,3,25,2,2,3
1,61,5,2005,4,1,1,2,2,1,4,1,1,1,1,1,1,2,19,6,1,2,33,1,0,0
5,66,6,2005,2,1,1,2,2,1,1,5,1,1,1,2,1,2,9,6,1,1,33,2,2,0
5,66,6,2005,2,7,8,1,2,1,1,1,1,1,1,4,1,2,9,6,2,1,28,2,2,0
5,66,6,2005,3,1,1,2,1,1,1,1,1,1,1,1,1,2,14,6,1,1,25,2,2,0
3,68,6,2005,2,7,1,1,2,2,1,5,2,2,2,4,1,2,14,6,1,1,38,2,2,0
9,67,6,2005,1,1,5,2,1,1,1,5,1,3,2,4,4,1,11,7,1,1,40,2,2,0
8,67,6,2005,3,7,1,2,1,1,1,1,1,1,1,1,1,2,14,5,1,1,30,2,2,0
8,67,6,2005,4,5,8,2,2,1,2,2,1,1,1,1,1,2,11,6,1,7,33,2,2,0
3,58,6,2005,2,1,1,1,2,2,2,1,3,3,2,4,1,2,6,6,1,7,33,1,2,0
7,58,6,2005,1,1,1,2,2,1,4,1,1,1,1,1,1,2,14,10,1,7,45,2,2,0
1,58,6,2005,1,1,4,2,2,1,1,1,1,1,1,1,1,2,10,6,1,2,33,1,0,0
1,58,6,2005,1,3,4,2,2,1,4,1,1,1,1,1,1,2,12,2,1,4,45,1,2,0
1,58,6,2005,2,3,1,2,2,1,1,1,1,1,1,4,1,2,9,11,1,2,33,1,2,0
1,58,6,2005,4,1,4,2,2,1,4,1,1,1,1,1,1,2,7,5,1,4,33,1,2,0
1,58,6,2005,2,2,1,2,2,1,1,1,1,1,1,1,1,2,10,5,1,2,33,1,2,0
1,58,6,2005,4,1,4,2,2,1,2,1,1,1,1,1,1,2,14,5,1,4,35,1,2,0
1,58,6,2005,3,1,4,2,2,1,1,1,1,1,1,1,2,1,9,4,1,2,33,1,2,0
1,58,6,2005,3,1,4,2,2,1,1,1,1,1,1,1,1,2,9,4,1,7,33,1,2,0
1,58,6,2005,4,1,4,2,2,1,1,1,1,1,1,1,1,2,10,6,1,2,33,1,0,0
4,59,6,2005,1,1,1,2,2,1,1,1,1,1,1,2,1,2,9,6,1,1,33,2,2,0
2,60,6,2005,3,2,2,1,1,1,1,1,1,1,1,3,1,2,8,6,1,2,33,1,0,0
7,60,6,2005,2,1,1,1,1,1,1,1,1,1,1,3,1,1,14,6,1,1,33,2,2,0
7,60,6,2005,1,1,1,1,2,1,2,1,1,1,1,3,1,2,9,6,1,1,33,1,2,0
1,62,6,2005,2,3,1,1,2,1,1,1,1,1,1,1,1,2,9,6,2,7,32,2,2,0
2,57,6,2005,3,7,4,2,2,1,1,1,1,1,1,3,1,2,9,11,1,2,33,1,0,3
5,57,6,2005,2,1,1,2,2,1,2,1,1,1,1,1,1,2,12,5,1,7,33,2,2,0
8,66,7,2005,2,1,1,2,2,1,1,4,1,1,2,3,1,2,8,6,1,1,35,2,2,3
4,66,7,2005,1,2,2,1,1,2,4,2,2,1,1,4,1,2,11,6,1,1,22,1,0,0
5,66,7,2005,4,1,1,2,2,1,1,1,1,1,1,2,1,1,14,6,1,1,33,1,0,1
1,62,7,2005,1,2,3,2,2,1,1,1,1,1,1,2,1,2,13,6,1,2,33,1,0,1
4,62,7,2005,3,1,1,2,2,1,1,1,1,1,1,2,1,2,9,6,1,1,40,2,2,0
2,59,7,2005,2,2,2,1,1,1,1,2,1,1,1,4,1,2,5,2,1,7,33,1,0,0
2,59,7,2005,4,1,2,2,2,1,2,3,1,1,1,4,3,2,7,6,1,7,50,1,2,0
4,59,7,2005,3,2,1,2,2,2,1,1,2,1,1,2,1,2,7,9,1,2,36,1,2,0
1,58,7,2005,1,2,2,1,1,1,2,1,1,1,1,1,1,1,10,6,1,2,33,1,0,0
10,58,7,2005,3,7,8,2,2,1,1,1,1,1,1,3,1,2,10,6,1,2,33,1,0,0
1,61,7,2005,2,1,1,2,2,1,1,1,1,1,1,2,1,2,9,6,1,1,35,2,2,3
1,61,7,2005,2,1,1,2,2,1,1,1,1,1,1,1,1,2,14,6,1,1,33,2,2,0
1,61,7,2005,4,1,1,2,2,1,2,1,1,1,1,1,1,2,10,6,1,1,25,1,2,3
1,61,7,2005,2,1,1,2,2,1,1,1,1,1,1,1,1,2,14,6,1,1,35,2,2,0
5,60,7,2005,2,1,1,2,2,1,2,1,1,1,1,1,1,2,6,11,1,2,33,1,2,0
3,60,4,2005,2,2,8,2,1,1,2,1,1,1,1,3,1,2,17,6,2,7,25,2,2,3
7,60,4,2005,2,1,1,2,2,1,1,1,1,1,1,3,1,2,9,6,1,1,35,1,2,0
7,60,4,2005,2,1,1,2,1,1,2,1,1,1,1,3,1,2,14,6,1,1,33,1,2,0
7,60,3,2005,2,1,1,2,2,4,2,1,1,1,1,3,1,2,9,6,1,1,30,1,2,0
7,60,2,2005,4,1,1,2,2,1,4,1,1,1,1,3,1,2,9,6,1,2,33,1,2,0
7,60,1,2005,2,1,1,2,2,1,1,2,1,1,1,3,1,2,14,6,1,4,35,1,2,0
8,60,2,2005,4,1,1,2,2,1,4,1,1,1,1,3,1,2,14,11,1,1,33,2,2,0
2,61,5,2005,2,2,3,2,2,1,1,1,1,1,1,1,1,2,14,6,1,1,33,2,2,0
2,61,3,2005,3,1,1,2,2,1,1,1,1,1,1,3,1,2,9,6,1,1,33,2,2,3
1,61,5,2005,3,1,1,2,2,1,1,1,1,1,1,1,1,2,6,6,2,6,35,2,2,0
1,61,5,2005,3,1,1,2,2,1,1,1,1,1,1,1,1,2,14,6,1,1,30,2,2,3
1,61,5,2005,4,1,1,2,1,1,4,1,1,1,1,1,1,2,14,6,2,1,33,1,2,0
1,61,4,2005,2,1,1,2,2,1,1,1,1,1,1,1,1,1,8,6,1,1,35,2,2,3
1,61,3,2005,3,1,1,1,1,1,1,1,1,1,1,2,1,2,16,6,1,1,33,2,2,0
1,61,3,2005,3,3,1,2,2,1,1,1,1,1,1,1,1,2,9,4,1,2,37,1,2,1
1,61,3,2005,4,1,1,2,2,1,4,1,1,1,1,1,1,2,9,6,1,2,33,2,2,0
1,61,2,2005,4,1,1,1,2,1,4,1,1,1,1,1,1,2,10,6,1,1,35,2,2,1
1,61,2,2005,1,2,1,2,2,1,2,1,1,1,1,1,1,2,15,11,1,1,33,1,2,1
1,61,2,2005,2,1,1,2,2,1,1,2,1,1,2,4,1,2,8,1,1,1,40,2,2,0
1,61,2,2005,2,1,1,2,2,1,2,1,1,1,1,1,1,2,10,6,1,2,33,1,0,0
1,61,1,2005,3,1,1,2,2,1,1,1,1,1,1,1,1,2,9,6,1,2,33,2,2,0
1,61,1,2005,1,1,1,2,2,1,4,1,1,1,1,1,1,2,10,6,1,2,33,2,2,1
1,61,1,2005,1,7,8,2,2,4,4,1,1,1,1,1,1,2,14,6,1,7,33,2,2,1
3,61,2,2005,1,3,1,1,2,1,1,2,1,1,1,1,1,2,9,2,1,1,33,1,2,0
3,61,2,2005,3,2,1,2,2,1,1,1,1,1,1,2,1,2,9,2,1,3,33,2,2,0
3,61,2,2005,4,2,1,1,2,1,2,1,1,1,1,1,1,1,9,5,1,1,42,2,2,0
3,61,2,2005,2,1,1,2,2,1,1,1,1,1,1,1,1,2,10,6,1,2,34,1,2,1
4,61,2,2005,2,1,1,2,2,1,1,1,1,1,1,3,1,2,9,11,2,7,33,2,2,0
6,61,4,2005,2,1,1,2,2,1,1,1,1,1,1,4,1,1,12,6,1,1,25,2,2,1
6,61,4,2005,2,1,1,2,2,1,1,1,1,1,1,3,1,2,7,6,1,1,22,2,2,1
6,61,2,2005,2,7,8,1,2,1,1,1,1,3,1,4,1,2,12,10,1,2,33,2,2,0
6,61,2,2005,2,1,1,2,2,1,1,1,1,1,1,3,1,2,7,6,1,1,25,2,2,0