Thana,District,Month,Year,Time,Junction_Type,Traffic_Control,Movement,Divider,Weather,Light,Road_Geometry,Surface_Condition,Surface_Type,Surface_Quality,Road_Class,Road_Feature,Location_Type,Vehicle_Type,Vehicle_Movement,Vehicle_Loading,Vehicle_Defect,Vehicle_Driver_Age,Vehicle_Alcohol,Vehicle_Seat_Belt,Accident_Severity
1,58,5,2005,3,7,1,2,2,1,1,1,1,1,1,4,2,2,17,11,2,7,33,1,2,3
1,58,5,2005,3,7,1,2,2,1,1,2,1,1,1,1,1,2,9,6,1,2,33,1,2,0
1,58,5,2005,3,2,1,2,2,1,1,1,1,1,1,1,1,2,9,6,1,1,45,1,2,0
1,58,4,2005,2,7,1,2,2,1,1,2,1,1,1,4,1,2,17,6,1,1,33,2,2,0
1,58,4,2005,4,1,1,2,2,2,4,1,2,1,1,1,1,2,7,6,1,2,33,2,0,0
5,58,4,2005,2,7,8,2,2,1,1,1,1,1,1,1,1,2,9,11,1,1,45,2,2,0
5,58,1,2005,2,7,1,2,1,1,2,1,1,1,1,1,1,2,14,6,1,6,33,1,2,0
5,58,1,2005,1,7,1,2,2,1,4,1,1,1,1,1,1,2,14,6,1,1,33,2,2,0
6,58,3,2005,4,1,1,2,2,3,4,1,2,1,1,1,1,2,8,9,1,1,33,2,2,0
6,58,3,2005,2,1,1,2,2,1,1,1,1,1,1,1,1,1,9,6,1,1,33,2,2,0
6,58,3,2005,4,2,4,2,2,1,1,1,1,1,1,1,1,1,14,6,1,2,33,1,2,0
7,58,2,2005,3,1,1,2,2,1,1,1,1,1,1,1,1,2,9,4,1,1,38,2,2,0
8,58,3,2005,4,7,2,1,1,1,1,1,1,1,1,1,1,2,10,6,1,2,33,1,2,0
8,58,3,2005,2,7,2,1,1,1,1,1,1,1,1,1,1,2,10,6,1,1,25,2,2,1
8,58,2,2005,2,7,8,2,2,1,1,1,1,1,1,1,1,2,9,11,2,1,33,1,0,0
8,58,1,2005,4,7,8,2,2,1,1,1,1,1,1,1,1,1,9,2,2,7,33,2,2,0
3,63,5,2005,1,4,1,2,1,1,2,2,1,1,1,1,1,2,6,2,1,2,15,2,2,0
3,63,2,2005,1,7,6,2,1,1,4,5,1,1,2,1,2,1,9,10,1,1,33,2,2,0
3,63,1,2005,1,1,1,2,2,1,2,1,1,1,1,3,4,2,9,6,1,2,36,2,2,1
3,63,1,2005,1,1,1,2,2,1,4,1,1,1,1,3,3,2,9,11,1,7,33,2,2,0
3,63,1,2005,2,1,1,2,2,1,1,2,1,1,1,3,1,2,14,2,1,7,36,2,2,0
7,63,5,2005,1,2,4,2,1,1,1,1,1,1,1,1,1,2,14,6,1,2,33,1,2,1
7,63,5,2005,1,1,1,2,2,1,1,1,1,1,1,1,1,2,8,6,1,1,33,1,2,0
7,63,4,2005,3,1,4,2,1,1,1,1,1,1,1,1,1,2,10,6,1,2,33,1,0,0
7,63,4,2005,2,1,4,2,2,1,1,1,1,1,1,1,1,1,13,6,1,7,33,1,2,1
7,63,3,2005,2,1,1,2,2,1,1,1,1,1,1,1,1,2,19,6,1,7,33,1,2,0
7,63,1,2005,2,1,1,2,2,1,1,1,1,1,1,1,1,2,14,6,1,1,33,2,2,0
8,63,2,2005,4,2,1,2,2,1,2,1,1,1,1,4,1,1,5,6,2,7,33,1,2,0
8,63,1,2005,2,2,4,2,2,1,1,1,1,1,1,1,1,1,10,6,1,2,33,1,0,0
12,63,1,2005,1,1,1,2,2,1,1,2,1,1,1,4,1,2,5,6,1,2,33,2,2,0
13,63,5,2005,2,2,1,2,2,1,1,1,1,1,3,1,1,2,8,6,1,3,33,2,2,0
13,63,1,2005,1,1,1,2,2,1,4,1,1,1,1,1,1,2,10,6,1,2,33,1,0,0
1,62,5,2005,3,1,3,2,2,1,1,1,1,1,1,2,1,2,12,6,1,1,28,2,2,0
1,62,5,2005,2,1,2,2,2,1,1,1,1,1,1,2,1,2,8,6,1,1,33,2,2,1
1,62,5,2005,2,7,8,1,2,1,1,1,1,1,1,2,1,2,9,6,1,7,33,2,2,0
1,62,3,2005,1,1,2,2,2,2,1,1,2,1,1,2,1,2,8,6,1,1,35,2,2,0
1,62,2,2005,1,1,4,2,1,1,1,3,1,1,2,2,1,2,14,6,1,7,45,2,2,0
1,62,1,2005,1,1,2,2,2,1,2,1,5,1,3,3,4,2,17,6,1,1,40,2,2,0
2,62,3,2005,2,1,1,2,2,1,1,1,1,1,1,3,1,2,9,1,1,1,28,1,2,0
3,62,4,2005,3,7,1,1,2,1,1,1,1,1,3,3,1,2,9,6,1,7,33,2,2,0
4,62,5,2005,3,1,1,2,2,1,1,1,1,1,1,4,1,2,8,6,1,1,60,2,2,0
2,65,4,2005,1,1,1,2,2,1,1,1,1,1,1,1,1,2,7,6,1,1,25,2,1,0
4,65,4,2005,2,1,1,2,2,1,1,1,1,3,1,4,3,2,6,6,2,6,33,2,2,0
5,65,5,2005,2,7,1,2,2,1,1,1,1,1,1,1,1,2,12,6,2,7,33,1,2,0
5,65,5,2005,2,1,1,2,2,1,1,1,1,1,1,1,1,2,19,6,1,7,33,1,2,0
5,65,4,2005,2,1,1,2,2,1,2,1,1,1,1,1,1,2,7,6,1,7,33,1,2,0
5,65,3,2005,2,1,1,2,2,1,1,1,1,1,1,1,1,2,7,6,1,7,33,1,2,0
5,65,3,2005,3,2,1,2,2,1,1,1,1,1,1,1,1,2,9,6,1,2,33,2,2,0
5,65,1,2005,4,7,8,1,1,1,4,1,1,3,2,4,4,2,10,6,1,2,33,2,2,0
5,65,1,2005,3,7,1,2,2,1,1,1,1,1,1,1,1,2,9,5,1,2,40,2,2,0
6,65,5,2005,2,5,1,2,2,1,2,2,1,1,1,1,1,2,11,3,1,4,33,2,2,0
6,65,1,2005,2,1,3,2,2,1,1,1,1,1,1,1,1,2,7,6,1,1,33,2,2,0
7,65,4,2005,2,3,1,1,2,1,1,1,1,1,1,1,1,2,14,6,1,7,33,1,2,0
7,65,3,2005,2,3,1,1,1,1,1,1,1,1,1,1,1,1,4,4,2,7,33,2,2,3
1,57,5,2005,1,2,1,2,2,1,1,2,1,1,1,1,1,1,9,1,1,1,33,2,2,0
3,57,5,2005,4,1,1,2,2,1,2,1,1,1,1,1,1,2,9,6,1,1,35,2,2,0
3,57,5,2005,2,2,1,1,2,1,1,1,1,1,1,1,1,2,9,6,1,1,33,1,2,0
6,57,5,2005,3,3,1,2,2,1,1,1,1,1,1,3,1,2,8,6,1,2,33,2,2,0
1,57,3,2005,1,7,2,2,1,1,1,1,1,1,1,5,1,1,1,11,2,7,33,2,0,0
1,57,3,2005,2,2,1,1,1,1,1,3,1,1,1,1,3,2,9,6,1,2,33,1,2,0
1,57,3,2005,1,7,1,2,2,1,2,1,1,1,1,1,1,2,12,6,1,1,33,1,2,0
1,57,2,2005,2,3,8,2,1,1,1,1,1,1,1,1,1,2,10,11,1,1,33,1,2,3
1,57,1,2005,4,1,1,2,2,1,2,1,1,1,1,1,1,2,15,6,1,1,33,1,2,0
1,57,1,2005,3,7,1,2,2,1,1,1,1,1,1,1,1,2,9,11,2,5,33,2,2,0
3,57,4,2005,4,1,8,2,2,1,2,1,1,1,1,1,1,2,10,6,1,1,33,1,2,0
3,57,2,2005,1,2,1,2,2,1,3,1,1,1,1,1,1,2,14,7,1,1,33,1,2,0
3,57,1,2005,4,1,1,2,2,1,2,3,1,3,2,4,4,2,17,6,1,7,28,2,2,0
5,57,2,2005,2,2,1,2,2,1,4,1,1,1,1,1,1,2,10,6,1,2,33,1,0,0
5,57,2,2005,4,1,1,2,2,1,2,1,1,1,1,1,1,2,10,6,1,2,33,1,0,0
8,57,4,2005,1,7,1,2,1,1,4,4,1,1,1,1,2,2,14,9,1,1,35,2,2,0
8,57,4,2005,3,1,1,2,2,1,4,1,1,1,1,1,1,2,10,6,1,2,33,1,0,0
1,66,4,2005,3,7,1,2,2,2,1,4,2,1,1,2,1,2,14,6,1,2,33,2,2,0
1,66,3,2005,3,7,1,2,2,1,1,1,1,1,1,2,1,2,10,6,1,2,33,1,0,0
1,66,2,2005,2,4,1,2,2,1,2,5,1,1,1,1,1,2,14,1,2,6,35,1,2,0
4,61,1,2005,3,1,1,2,2,1,1,1,1,1,1,3,1,2,9,6,1,1,33,2,2,0
2,66,5,2005,1,7,8,2,2,1,1,3,1,2,2,4,1,2,11,5,1,2,22,2,2,1
2,66,4,2005,3,1,1,2,2,1,1,1,1,1,1,4,1,2,12,6,1,7,33,2,2,1
2,66,4,2005,2,7,1,2,1,1,1,2,1,2,2,4,1,2,11,6,1,1,35,2,2,0
2,66,2,2005,1,7,1,2,2,1,1,2,1,1,2,3,1,2,9,6,1,1,33,2,2,0
2,66,1,2005,3,7,1,1,2,1,1,4,1,1,2,3,1,2,9,2,1,2,33,1,2,0
4,66,4,2005,2,1,1,2,2,1,1,4,1,1,3,2,1,2,8,6,1,7,33,1,2,1
4,66,3,2005,3,1,1,2,2,1,1,1,1,1,3,2,1,2,8,6,2,7,33,1,2,1
8,66,1,2005,2,7,1,1,1,1,1,2,1,1,1,3,1,2,9,1,1,2,33,2,2,0
1,68,5,2005,1,1,1,2,2,2,2,4,2,1,2,1,1,2,14,2,1,2,55,1,2,0
2,68,1,2005,3,3,1,2,2,1,1,1,1,1,1,4,1,2,11,6,1,1,33,2,2,0
3,68,3,2005,3,7,1,2,2,1,1,1,1,2,1,4,1,2,11,5,1,1,32,2,2,0
4,68,4,2005,3,1,1,2,2,1,2,5,1,3,2,4,1,1,13,6,1,1,33,1,2,0
1,67,5,2005,2,7,1,2,2,1,4,4,1,1,1,1,1,2,13,6,2,7,33,2,2,0
2,67,2,2005,3,1,1,2,2,1,1,5,1,1,1,3,1,2,11,6,2,4,26,2,2,0
2,67,1,2005,3,7,1,1,2,1,1,4,1,2,2,4,1,2,11,1,2,3,33,1,2,0
7,67,1,2005,2,2,2,1,2,1,1,2,1,1,2,3,3,2,9,6,1,7,35,2,2,0
8,67,4,2005,3,7,8,2,2,1,1,2,1,1,1,1,1,2,1,7,2,2,33,2,0,3
8,67,3,2005,1,7,1,2,2,2,2,1,2,1,1,1,1,2,14,5,1,2,33,1,0,0
8,67,3,2005,4,5,8,2,2,1,1,2,2,1,2,1,2,2,9,6,1,7,35,2,2,3
9,67,3,2005,2,1,1,2,2,1,1,3,1,2,2,4,4,2,11,6,1,7,33,2,2,0
9,67,2,2005,3,4,1,2,2,1,1,5,1,3,2,4,4,2,11,2,1,7,25,2,2,0
4,59,5,2005,3,7,8,2,2,1,1,1,1,1,1,2,1,2,14,6,1,7,33,1,2,0
4,59,5,2005,3,7,8,1,2,1,1,1,1,1,1,2,1,2,9,11,1,7,33,1,2,0
1,59,4,2005,3,1,1,1,1,1,1,1,1,1,1,2,1,2,11,6,1,7,45,2,2,0
1,59,1,2005,3,1,1,2,2,1,1,1,1,1,1,2,1,2,9,6,1,1,33,2,2,0
2,59,3,2005,1,7,3,2,2,1,1,1,1,1,1,1,1,2,8,6,2,2,33,1,2,0
4,59,3,2005,2,1,2,1,2,1,1,1,1,1,1,3,1,2,9,6,1,1,40,2,2,0
4,59,2,2005,3,7,3,1,2,1,2,1,1,1,1,1,1,2,19,6,2,1,33,1,2,1
4,59,1,2005,2,1,8,1,2,1,1,1,1,1,1,2,1,1,9,11,1,1,33,2,2,0
9,63,8,2005,3,2,3,2,2,1,4,1,1,1,1,1,1,2,19,11,1,2,33,1,0,0
9,63,8,2005,2,2,3,2,2,1,1,1,1,1,1,1,1,2,9,6,1,7,33,1,2,0
8,63,8,2005,2,2,2,1,1,1,1,1,1,1,1,1,1,1,9,9,1,7,33,1,0,0
6,63,8,2005,3,7,1,2,2,1,1,1,1,1,1,1,1,2,10,6,1,2,35,2,2,0
1,63,9,2005,2,2,2,2,2,1,1,1,1,1,1,4,1,2,9,6,1,2,33,1,0,0
1,63,9,2005,2,1,1,2,2,1,1,1,1,1,1,4,1,2,8,6,1,1,40,1,2,0
6,63,9,2005,2,7,8,1,2,4,1,1,5,1,2,2,1,2,9,6,1,7,33,2,2,0
9,63,9,2005,3,2,2,2,2,1,1,1,1,1,1,3,1,2,8,9,1,7,33,2,2,0
9,63,9,2005,3,2,8,2,2,1,1,1,1,1,1,1,1,2,9,11,1,2,33,1,0,3
9,63,9,2005,2,3,8,2,2,1,1,1,1,1,1,1,1,2,10,6,1,2,33,1,0,0
9,63,9,2005,3,2,2,2,2,1,1,3,1,1,2,3,1,2,8,9,1,7,33,2,2,0
8,63,9,2005,2,2,1,1,2,1,1,1,1,1,1,1,1,2,14,1,1,1,35,2,2,0
7,63,9,2005,3,1,1,2,2,1,1,1,1,1,1,1,1,2,7,6,1,1,33,2,2,0
10,63,9,2005,2,7,1,2,2,1,1,1,1,1,1,2,1,2,9,11,1,2,33,1,0,0
13,63,9,2005,2,2,1,2,2,1,1,1,1,1,1,2,1,2,8,6,1,2,33,2,2,0
9,63,10,2005,3,2,8,2,1,1,1,1,1,1,1,1,1,2,10,6,1,2,33,1,0,0
7,63,10,2005,3,7,1,1,2,1,1,2,1,1,1,1,1,2,9,2,1,1,33,2,2,1
8,63,10,2005,1,1,1,2,2,2,2,1,1,1,1,1,1,2,9,6,1,1,33,1,0,0
8,63,10,2005,3,1,8,1,2,1,1,1,1,1,1,4,1,2,11,7,1,1,33,1,0,0
1,63,10,2005,3,1,1,2,2,1,1,1,1,1,1,3,1,2,9,6,1,1,33,2,2,1
3,63,10,2005,4,1,1,2,2,1,4,3,2,2,2,4,4,2,9,6,1,2,33,1,0,0
10,63,10,2005,2,7,1,2,2,1,1,1,1,1,1,3,1,2,9,6,1,1,35,2,2,0
8,63,11,2005,3,2,2,1,2,1,1,1,1,1,1,1,1,2,9,11,1,1,33,2,0,0
8,63,11,2005,3,1,2,1,1,1,1,1,1,1,1,1,1,2,14,6,1,1,33,1,0,0
13,63,11,2005,4,1,1,2,2,1,4,1,1,1,1,1,1,2,14,6,1,1,33,2,2,3
4,63,11,2005,1,1,1,1,2,1,1,1,1,1,1,1,1,2,9,6,1,2,33,2,2,0
3,63,11,2005,1,7,8,2,2,1,1,1,1,1,1,4,1,2,14,6,1,3,55,2,2,0
3,63,11,2005,2,7,1,2,2,4,1,2,1,1,1,3,1,2,7,1,1,1,25,2,2,0
9,63,11,2005,3,7,1,2,2,1,1,1,1,1,1,1,1,2,9,6,1,1,45,2,0,3
9,63,11,2005,3,2,1,2,1,1,1,1,1,1,1,4,1,2,8,6,1,2,33,1,2,0
2,63,11,2005,2,1,1,2,2,1,1,1,1,1,1,3,1,2,5,5,1,7,24,2,2,0
1,63,11,2005,2,1,1,2,2,1,1,1,1,1,1,3,3,2,11,5,1,2,33,1,0,1
7,63,11,2005,1,7,8,1,2,1,1,5,1,3,2,4,1,2,12,6,1,3,20,1,0,0
7,63,12,2005,4,7,8,1,2,1,2,1,1,1,1,1,1,2,9,11,1,1,33,2,2,0
7,63,12,2005,2,3,1,2,2,1,4,1,1,2,1,4,1,2,10,6,1,2,33,1,0,0
1,63,12,2005,3,4,1,2,2,1,2,2,1,2,2,3,1,2,11,2,1,2,33,2,2,0
8,58,8,2005,2,1,1,2,2,1,4,1,1,1,1,1,1,2,10,6,1,2,33,1,0,0
6,58,8,2005,2,7,1,2,2,1,4,1,1,1,1,4,1,2,10,6,1,2,33,1,0,0
6,58,8,2005,2,7,1,2,1,1,2,1,1,1,1,1,1,2,10,6,1,2,33,1,0,0
4,58,9,2005,4,1,1,2,2,2,2,1,2,1,1,3,1,2,14,6,1,1,48,2,2,0
7,58,8,2005,4,1,1,2,2,1,4,1,1,1,1,4,1,2,8,6,1,1,35,2,2,0
1,58,8,2005,4,7,3,2,1,1,4,1,1,1,1,1,1,1,10,6,1,2,33,1,0,0
1,58,9,2005,1,2,4,2,2,1,2,1,1,1,1,1,1,2,10,6,1,2,33,1,0,0
1,58,9,2005,4,2,4,2,2,1,2,1,1,1,1,2,1,2,8,7,1,1,18,1,0,0
1,58,9,2005,2,1,2,2,2,1,1,1,1,1,1,1,1,1,4,6,1,1,33,2,1,1
1,58,9,2005,3,3,1,2,2,1,1,1,1,1,1,2,1,2,9,4,1,1,35,2,2,2
1,58,9,2005,4,2,4,2,2,1,2,1,1,1,1,1,1,1,10,6,1,2,33,1,0,0
1,58,9,2005,1,1,1,2,2,2,4,1,2,1,1,2,1,2,9,9,1,1,47,2,2,1
4,58,9,2005,4,1,1,2,2,2,2,1,2,1,1,1,1,2,14,6,1,1,48,2,2,0
12,58,10,2005,2,7,1,1,1,1,1,1,1,1,1,3,1,1,10,6,1,2,33,1,0,0
1,58,10,2005,4,2,4,2,1,2,1,1,1,1,1,1,1,2,10,5,1,2,33,1,0,0
6,58,10,2005,2,7,1,2,2,1,1,1,1,1,1,1,1,2,10,6,1,2,33,1,0,0
10,58,10,2005,1,1,1,2,2,1,2,1,1,1,1,4,1,1,2,6,1,2,33,1,0,1
1,58,11,2005,1,2,8,2,2,1,1,1,1,1,1,5,1,2,4,11,1,7,30,2,2,0
1,58,11,2005,1,1,8,2,2,1,1,1,1,1,1,1,1,1,5,6,1,2,33,1,2,0
7,58,12,2005,2,7,1,2,2,1,1,1,1,1,1,1,1,2,10,8,1,1,31,2,2,0
8,58,12,2005,3,7,8,2,2,1,1,2,1,1,1,1,1,2,9,2,1,2,33,1,0,0
1,61,8,2005,4,1,1,2,2,1,4,1,1,1,1,1,1,2,10,6,1,2,33,1,0,0
3,61,8,2005,1,1,1,2,2,1,1,1,1,1,1,1,1,1,10,9,1,1,29,2,2,3
3,61,8,2005,2,1,1,2,2,1,1,1,1,1,1,4,1,2,8,6,1,1,36,2,2,0
3,61,8,2005,3,1,1,2,2,1,1,1,1,1,1,2,1,2,14,6,1,1,32,1,2,0
3,61,8,2005,2,7,1,2,2,2,1,1,2,1,1,4,1,2,10,6,1,2,33,1,0,0
2,61,9,2005,1,2,2,2,2,1,1,1,1,1,1,1,1,2,7,6,1,2,33,1,2,0
1,61,9,2005,3,1,1,2,2,1,1,1,1,1,1,1,1,2,9,6,1,1,30,2,2,0
1,61,9,2005,4,1,1,2,2,1,2,1,1,1,1,1,1,2,10,6,1,1,33,2,2,1
1,61,9,2005,4,1,1,2,2,1,2,1,1,1,1,1,1,2,7,6,1,1,33,2,2,0
1,61,9,2005,2,2,2,2,2,1,1,1,1,1,1,1,1,1,14,1,1,2,33,1,0,0
1,61,9,2005,2,2,2,1,2,2,1,1,2,1,1,1,1,1,10,6,1,2,33,1,0,0
1,61,9,2005,2,1,1,2,2,1,1,1,1,1,1,1,1,2,8,6,1,1,30,2,2,0
1,61,9,2005,1,1,1,2,2,1,2,1,1,1,1,1,1,2,7,6,1,1,25,2,2,0
1,61,10,2005,2,1,1,2,2,1,1,1,1,1,1,1,1,2,9,6,1,2,33,1,0,0
4,61,10,2005,2,2,2,1,1,1,1,1,1,1,1,4,1,1,10,6,1,2,33,1,0,0
1,61,10,2005,2,1,1,2,2,1,1,1,1,1,1,1,1,2,16,6,1,2,33,2,2,0
1,61,10,2005,3,1,1,2,2,1,1,1,1,1,1,1,1,2,9,6,1,1,35,2,2,0
1,61,10,2005,3,2,8,1,2,1,1,1,1,1,1,1,1,2,9,1,1,2,26,2,2,0
3,61,11,2005,3,1,3,1,2,1,1,1,1,1,1,1,1,1,16,4,1,2,35,2,2,0
1,61,11,2005,2,1,1,2,2,1,2,1,1,1,1,1,1,2,14,6,1,2,40,2,2,0
1,61,11,2005,1,1,1,2,1,1,4,1,1,1,1,1,1,1,14,6,1,2,33,1,0,0
1,61,11,2005,1,7,8,2,2,1,3,1,1,1,1,4,1,1,14,6,1,1,33,1,2,2
1,61,11,2005,4,1,1,2,2,1,2,1,1,1,1,2,1,2,7,6,1,2,33,2,2,0
1,61,12,2005,4,1,1,2,2,1,2,1,1,1,1,1,1,2,14,6,1,1,33,1,2,0
1,61,12,2005,2,1,1,2,2,1,1,1,1,1,1,2,1,1,8,6,1,1,35,2,2,0
1,61,12,2005,2,1,1,2,2,1,1,1,1,1,1,1,1,2,14,6,1,2,40,2,2,0
1,61,12,2005,1,1,1,2,2,1,3,1,1,1,1,1,1,2,10,6,1,2,35,2,2,1
1,59,8,2005,2,1,1,2,2,1,1,1,1,1,1,1,1,2,12,6,1,7,33,2,2,0
1,59,8,2005,3,7,1,1,2,1,1,1,1,1,1,4,1,2,10,6,1,2,33,1,0,0
1,59,8,2005,2,7,1,1,2,1,1,1,1,1,1,4,1,1,9,11,1,7,33,2,2,0
4,59,8,2005,2,2,1,1,1,1,1,1,1,1,1,1,1,2,6,6,1,2,33,1,0,0
1,59,9,2005,2,7,1,2,2,1,1,1,1,1,1,1,1,2,19,11,1,2,33,2,2,0
1,59,9,2005,4,1,1,1,2,1,4,1,1,1,1,1,1,2,9,6,1,2,33,2,2,0
1,59,9,2005,3,1,1,2,2,1,1,1,1,1,1,1,1,2,5,6,1,1,33,2,2,0
1,59,9,2005,3,1,1,2,2,1,1,1,1,1,1,1,1,1,7,6,1,1,33,2,2,0
2,59,9,2005,2,1,2,1,2,1,1,1,1,1,1,2,1,2,9,11,1,1,33,2,2,1
1,59,10,2005,2,7,1,1,2,2,1,1,2,1,1,2,1,2,10,6,1,2,33,1,0,0
1,59,10,2005,3,2,1,1,2,1,1,1,1,1,1,1,1,2,6,6,1,7,33,1,2,1
1,59,10,2005,2,1,2,1,2,1,1,1,1,1,1,1,1,1,19,6,1,2,33,2,2,0
1,59,10,2005,1,1,8,1,2,1,1,3,2,3,2,4,1,2,17,2,1,2,33,1,2,0
7,59,10,2005,1,1,1,2,2,2,1,1,2,1,1,1,1,2,9,11,1,2,33,1,2,0
4,59,11,2005,1,2,2,2,1,1,1,1,1,1,1,4,1,1,5,1,1,2,28,2,2,0
4,59,11,2005,3,2,7,2,2,1,1,1,1,1,1,2,1,2,9,11,1,7,33,2,2,1
4,59,11,2005,3,7,1,2,2,1,1,1,1,1,1,4,1,2,13,6,1,1,30,2,2,0
4,59,12,2005,3,7,8,1,2,1,1,1,1,1,1,4,1,2,13,11,1,1,35,2,2,0
8,67,12,2005,3,4,7,1,1,1,2,2,1,1,3,1,3,2,10,2,1,1,33,2,2,3
7,67,12,2005,2,7,8,2,2,1,1,3,1,2,2,4,1,2,14,6,1,7,33,1,2,0
8,67,11,2005,1,2,1,2,2,1,4,1,1,1,1,4,2,2,14,11,2,5,35,2,2,1
1,67,11,2005,2,3,4,2,2,1,1,3,1,1,1,1,1,2,14,11,1,1,35,2,2,1
1,67,11,2005,3,7,8,2,2,1,1,1,1,1,1,4,1,2,9,6,1,1,33,2,2,1
7,67,10,2005,3,7,6,2,2,1,1,4,1,1,1,4,1,2,14,6,1,2,33,1,0,0
5,67,8,2005,2,1,1,2,2,1,1,5,1,1,1,4,1,2,11,1,1,3,45,1,2,0
8,67,8,2005,3,3,3,1,2,1,1,1,1,1,1,1,1,2,11,6,1,2,21,1,2,0
1,67,8,2005,3,7,1,2,2,1,1,2,1,1,1,1,1,1,10,3,1,1,40,1,2,1
1,57,9,2005,2,1,8,1,2,1,2,1,1,1,1,1,1,1,6,1,2,7,30,1,2,1
1,57,9,2005,2,2,1,2,2,1,1,1,1,1,1,4,1,2,9,3,1,2,33,1,0,0
3,57,9,2005,3,7,1,2,2,1,2,1,1,1,1,1,1,2,10,6,1,2,33,1,0,0
3,57,9,2005,1,7,1,1,2,1,3,1,1,1,1,1,1,2,10,6,1,2,33,1,0,0
6,57,10,2005,4,7,1,1,2,1,2,1,1,1,1,4,1,2,6,1,1,2,33,1,2,1
1,57,11,2005,3,1,1,2,2,1,2,1,1,1,1,1,1,2,9,5,1,1,42,2,2,0
1,57,11,2005,1,1,1,2,2,1,2,1,1,1,1,4,1,2,14,6,1,7,33,2,2,0
3,57,12,2005,2,7,4,2,2,1,1,1,1,1,1,1,1,2,9,4,1,2,33,1,0,0
8,57,12,2005,2,1,1,2,1,1,1,1,1,1,1,4,1,2,10,6,1,2,33,1,0,0
7,60,8,2005,2,3,1,2,2,1,1,1,1,1,1,1,1,1,14,6,1,1,33,2,2,0
1,60,8,2005,3,3,1,2,2,1,1,1,1,1,1,2,1,2,8,9,1,1,33,2,2,0
6,60,9,2005,4,1,8,1,2,1,2,1,1,1,1,2,1,2,9,6,1,7,33,1,2,0
1,60,9,2005,3,1,1,2,2,1,1,1,1,1,1,2,2,2,9,6,1,1,44,2,2,0
2,60,9,2005,3,1,8,2,2,1,1,1,1,1,1,2,1,2,13,6,1,7,45,1,0,0
1,60,10,2005,3,7,1,2,1,1,1,1,1,1,1,2,1,1,9,6,1,1,33,2,2,0
4,60,11,2005,2,1,1,2,2,1,1,1,1,1,1,3,1,2,4,6,1,2,33,2,2,0
7,60,11,2005,1,1,1,1,2,1,3,2,1,1,1,1,1,2,9,2,2,1,33,1,2,0
6,60,12,2005,4,2,2,2,2,4,2,1,1,1,1,5,1,1,12,6,1,1,27,2,2,0
3,62,8,2005,2,7,8,2,2,1,1,1,3,1,2,3,1,2,9,11,1,7,33,1,2,0
1,62,8,2005,4,1,1,2,2,1,4,1,1,1,1,1,1,1,9,6,1,2,33,2,2,1
1,62,9,2005,1,2,4,1,1,1,1,2,1,1,1,2,1,2,9,2,1,1,30,2,2,1
3,62,9,2005,2,7,8,2,2,1,1,1,1,1,1,4,1,1,10,6,1,2,33,1,0,3
1,62,11,2005,2,7,8,1,2,1,1,1,1,1,1,4,1,2,9,2,1,1,40,1,2,0
9,66,10,2005,3,1,1,2,2,1,1,4,1,1,1,4,1,2,8,1,1,1,33,2,2,0
4,68,11,2005,3,1,1,2,2,1,1,4,1,1,1,3,1,2,11,6,1,7,33,2,2,0
3,68,12,2005,2,7,1,1,2,1,4,3,1,2,2,4,4,2,11,6,2,2,30,2,2,0
3,68,12,2005,3,1,1,2,2,1,2,1,1,1,1,3,1,2,5,6,1,1,30,2,2,3
3,68,12,2005,3,1,1,2,2,1,1,3,1,1,1,3,1,2,11,6,1,7,22,2,2,0
4,65,10,2005,3,7,4,2,2,1,1,1,1,1,2,3,1,2,5,6,1,7,22,2,2,3
7,65,10,2005,3,3,1,2,2,1,1,1,1,1,1,1,1,2,7,1,1,2,33,1,2,0
1,50,2,2005,4,1,1,2,2,1,3,1,1,1,1,1,1,1,9,6,1,1,33,2,2,0
1,35,1,2005,2,1,1,2,2,1,1,1,1,1,1,2,3,2,14,6,1,1,33,2,2,0
6,45,1,2005,2,1,4,1,1,1,1,1,1,1,1,1,1,2,14,6,1,1,33,2,2,0
8,51,4,2005,4,1,1,2,2,1,2,2,1,1,1,2,1,2,9,6,1,1,33,2,2,0
9,51,4,2005,3,7,1,2,2,1,1,1,1,1,1,4,1,2,14,6,1,1,33,2,2,0
1,51,4,2005,3,7,1,2,2,1,1,1,1,1,1,5,1,1,4,11,1,1,33,2,2,0
9,35,1,2005,1,7,1,2,2,1,1,1,1,1,1,2,1,2,7,11,1,1,33,2,2,0
5,50,4,2005,2,1,1,2,2,1,1,1,1,1,1,1,1,2,9,6,1,1,33,2,2,0
8,50,4,2005,3,7,3,2,2,1,1,1,1,1,1,1,1,2,14,6,1,1,33,2,2,0
1,51,4,2005,2,1,1,2,2,1,1,1,1,1,1,2,1,2,3,6,1,1,33,2,2,1
4,51,4,2005,2,1,1,2,2,1,1,1,1,1,1,1,1,2,14,6,1,1,33,2,2,1
8,51,4,2005,2,1,1,2,2,1,1,1,1,1,1,3,1,2,12,6,1,1,33,2,2,0
8,38,3,2005,2,1,1,2,2,1,1,1,1,1,1,4,1,2,4,6,1,1,33,2,2,0
7,38,3,2005,2,1,1,2,2,1,2,1,1,1,1,4,1,1,14,6,1,1,33,2,2,0