Thana,District,Month,Year,Time,Junction_Type,Traffic_Control,Movement,Divider,Weather,Light,Road_Geometry,Surface_Condition,Surface_Type,Surface_Quality,Road_Class,Road_Feature,Location_Type,Vehicle_Type,Vehicle_Movement,Vehicle_Loading,Vehicle_Defect,Vehicle_Driver_Age,Vehicle_Alcohol,Vehicle_Seat_Belt,Accident_Severity
7,38,3,2005,2,1,1,2,2,1,1,1,1,1,1,5,1,2,8,6,1,1,42,2,2,0
1,38,3,2005,4,1,1,2,2,1,1,1,1,1,1,1,1,1,9,6,1,1,33,2,2,1
4,38,3,2005,2,1,1,2,2,1,1,1,1,1,1,4,1,2,1,6,1,1,33,2,2,0
4,38,3,2005,3,1,1,2,2,1,1,1,1,1,1,3,1,2,14,6,1,1,33,2,2,0
6,38,3,2005,2,1,1,2,2,1,3,1,1,1,1,1,1,2,12,6,1,1,33,2,2,0
7,38,3,2005,1,1,1,2,2,1,1,1,1,1,1,1,1,2,9,6,1,1,33,2,2,1
1,38,4,2005,1,1,8,2,1,1,1,1,1,1,1,1,1,2,14,11,1,1,33,2,2,0
1,38,4,2005,2,1,1,2,2,1,1,1,1,1,1,4,1,2,1,6,1,1,33,2,2,0
1,38,4,2005,2,1,1,2,2,1,1,1,1,1,1,5,1,2,14,6,1,1,33,2,2,1
6,38,4,2005,2,1,1,2,2,1,1,1,1,1,1,1,1,2,14,6,1,1,33,2,2,0
4,38,4,2005,3,3,1,2,2,1,1,1,1,1,1,3,1,2,9,6,1,1,33,2,2,0
3,38,1,2005,3,1,1,2,2,1,1,1,1,1,1,2,1,2,8,6,1,1,33,2,2,3
3,38,1,2005,1,1,1,2,2,4,4,1,1,1,1,1,1,2,9,7,1,1,33,2,2,0
8,38,1,2005,4,7,1,2,2,1,4,1,1,1,1,4,1,2,9,6,1,1,33,2,2,0
8,38,1,2005,1,7,1,2,2,1,2,1,1,1,1,4,1,2,10,6,1,1,33,2,2,0
6,38,1,2005,3,2,1,2,2,1,1,1,1,1,1,1,1,2,9,6,1,1,33,2,2,0
1,38,2,2005,3,1,1,2,2,1,1,1,1,1,1,1,1,2,14,6,1,1,33,2,2,1
1,38,2,2005,2,1,1,2,2,1,1,1,1,1,1,4,1,2,10,6,1,1,33,2,2,0
3,38,2,2005,4,1,1,2,2,1,1,1,1,1,1,1,1,2,10,6,1,1,33,2,2,1
1,38,2,2005,3,1,1,2,2,1,1,1,1,1,1,1,1,2,9,6,1,1,33,2,2,0
1,38,2,2005,1,1,1,2,2,1,1,1,1,1,1,1,1,2,9,6,1,1,33,2,2,0
1,39,1,2005,2,1,1,2,2,4,2,1,1,1,1,1,1,2,14,6,1,1,33,2,2,0
3,39,1,2005,4,1,1,2,2,1,4,1,1,1,1,1,1,2,10,6,1,1,33,2,2,0
1,39,1,2005,2,2,8,2,2,4,2,1,1,1,1,1,1,2,9,6,1,1,33,2,2,0
1,37,1,2005,4,3,1,2,2,1,3,2,1,1,1,1,2,1,14,6,1,1,33,2,2,0
3,39,2,2005,1,3,1,2,2,1,4,1,1,1,1,1,1,2,9,6,1,1,33,2,2,0
1,39,2,2005,1,1,4,2,2,1,1,1,1,1,1,1,1,2,8,2,1,1,33,2,2,3
3,39,3,2005,1,3,1,2,2,1,1,1,1,1,1,1,1,2,9,6,1,1,33,2,2,0
3,39,4,2005,2,3,1,2,2,1,1,1,1,1,1,1,1,1,14,6,1,1,33,2,2,0
3,39,4,2005,2,1,1,2,2,1,1,1,1,1,1,1,1,2,9,6,1,1,33,2,2,0
5,35,1,2005,4,1,1,2,2,1,1,1,1,1,1,3,1,2,12,6,1,1,33,2,2,0
2,35,2,2005,2,1,1,2,2,1,1,1,1,1,1,3,2,1,9,6,1,1,33,2,2,1
4,35,2,2005,2,7,1,2,2,1,1,1,1,1,1,1,1,2,9,6,1,1,33,2,2,0
3,35,2,2005,3,1,1,2,2,1,1,1,1,1,1,2,1,1,8,8,1,1,33,2,2,0
1,51,1,2005,1,1,1,2,2,1,1,1,1,1,1,2,1,2,7,6,1,1,33,2,2,0
8,51,1,2005,3,1,1,2,2,1,1,1,1,1,1,3,1,2,8,6,1,1,33,2,2,0
8,51,1,2005,2,1,1,2,2,1,1,1,1,1,1,3,1,2,9,6,1,1,33,2,2,0
9,51,2,2005,3,1,1,2,2,1,1,1,1,1,1,3,1,2,14,6,1,1,33,2,2,0
9,51,2,2005,2,1,8,2,2,1,4,1,1,1,1,4,1,2,7,6,1,1,33,2,2,0
9,51,2,2005,3,1,1,2,2,1,1,1,1,1,1,3,1,2,1,6,1,1,33,2,2,3
7,51,2,2005,3,1,1,2,2,1,1,1,1,1,1,2,1,2,5,6,1,1,33,2,2,1
1,51,2,2005,4,1,1,2,2,1,1,1,1,1,1,2,1,2,7,6,1,1,33,2,2,1
1,49,1,2005,3,1,1,2,2,1,1,1,1,1,1,2,1,2,9,5,1,1,33,2,2,0
7,37,3,2005,2,1,1,2,2,1,1,1,1,1,1,1,2,1,19,6,1,1,33,2,2,0
3,38,3,2005,2,1,1,2,2,1,1,1,1,1,1,4,1,2,4,6,1,1,33,2,2,0
6,47,2,2005,2,1,1,2,2,1,1,1,1,1,1,2,1,2,14,6,1,1,33,2,2,0
6,37,2,2005,1,1,1,2,2,1,1,1,1,1,1,3,1,2,4,6,1,1,33,2,2,0
6,45,3,2005,3,1,1,2,2,1,1,1,1,1,1,3,1,2,19,6,1,1,33,2,2,0
5,45,3,2005,2,1,1,2,2,1,1,1,1,1,1,1,1,2,9,6,1,1,33,2,2,0
4,45,2,2005,2,7,1,2,2,1,1,1,1,1,1,3,1,2,7,6,1,1,33,2,2,1
1,45,3,2005,4,1,1,2,2,1,1,1,1,1,1,1,1,2,10,6,1,1,33,2,2,3
12,47,1,2005,4,1,1,2,2,1,1,1,1,1,1,1,2,2,14,6,1,1,33,2,2,0
8,47,1,2005,1,1,7,2,1,4,1,1,1,1,1,1,1,2,14,6,1,1,33,2,2,0
4,43,4,2005,4,1,1,2,2,1,1,1,1,1,1,1,1,2,9,6,1,1,33,2,2,0
1,43,4,2005,2,1,1,2,2,1,1,1,1,1,1,3,1,2,14,6,1,1,33,2,2,0
2,43,4,2005,3,1,1,2,2,1,1,1,1,1,1,1,1,2,19,6,1,1,33,2,2,0
2,43,4,2005,2,1,1,2,2,1,1,1,1,1,1,1,1,2,14,6,1,1,33,2,2,0
2,43,3,2005,2,1,1,2,2,1,1,1,1,1,1,1,1,2,10,6,1,1,33,2,2,0
2,43,1,2005,3,2,1,2,2,1,1,1,1,1,1,1,1,2,8,6,1,1,33,2,2,0
5,43,2,2005,2,1,1,2,2,1,2,1,1,1,1,1,1,2,9,6,1,1,33,2,2,0
1,45,4,2005,2,1,1,2,2,1,1,1,1,1,1,1,2,2,8,6,1,1,33,2,2,0
1,45,4,2005,4,1,1,2,2,1,2,1,1,1,1,1,1,2,9,6,1,1,33,2,2,0
6,45,4,2005,4,1,1,2,2,1,4,1,1,1,1,1,1,2,10,6,1,1,33,2,2,0
6,45,4,2005,3,1,1,2,2,1,1,1,1,1,1,1,1,2,9,6,1,1,33,2,2,0
4,45,4,2005,3,1,1,2,2,1,1,1,1,1,1,3,1,2,14,6,1,1,33,2,2,0
6,45,4,2005,2,1,1,2,2,1,4,1,1,1,1,1,1,2,10,6,1,1,33,2,2,0
3,45,4,2005,2,1,1,2,2,1,1,1,1,1,1,1,1,2,14,6,1,1,33,2,2,0
13,45,4,2005,2,7,1,2,2,1,1,1,1,1,1,2,1,2,9,11,1,1,33,2,2,0
1,48,2,2005,3,1,1,2,2,1,1,1,1,1,1,1,1,1,14,6,1,1,33,2,2,1
1,48,5,2005,3,1,1,2,2,1,1,1,1,1,1,1,1,2,14,6,1,1,33,2,2,0
1,46,3,2005,2,1,1,2,2,1,1,1,1,1,1,2,1,2,14,6,1,1,40,2,2,1
1,48,2,2005,3,1,1,2,2,1,1,1,1,1,1,1,1,2,13,6,1,1,33,2,2,0
1,48,2,2005,3,7,1,2,2,1,1,1,1,1,1,1,1,2,7,6,1,1,33,2,2,0
1,48,1,2005,5,1,1,2,2,1,2,1,1,1,1,1,1,2,14,6,1,1,33,2,2,0
1,48,2,2005,3,1,1,2,2,1,1,2,1,1,1,1,1,2,14,6,1,1,33,2,2,0
1,35,3,2005,2,1,1,2,2,1,1,2,1,1,3,3,1,2,12,6,1,1,33,2,2,0
1,35,3,2005,3,1,4,2,2,1,1,1,1,1,1,4,1,2,9,6,1,1,33,2,2,0
1,35,4,2005,4,1,1,2,2,1,4,2,1,1,1,2,1,2,9,6,1,1,33,2,2,1
4,35,4,2005,2,1,1,2,2,1,2,1,1,1,3,3,1,2,4,6,1,1,33,2,2,0
5,35,4,2005,3,1,1,2,2,1,1,1,1,1,1,1,2,1,9,6,1,1,33,2,2,0
5,37,6,2005,2,1,1,2,2,1,1,1,1,1,1,3,1,2,8,6,1,1,38,2,2,0
1,51,3,2005,2,2,1,2,2,1,3,1,1,1,1,1,1,2,14,11,1,2,33,2,2,0
8,51,3,2005,3,1,1,2,2,1,1,1,1,1,1,2,1,2,9,6,1,1,85,2,2,0
12,51,3,2005,1,1,1,2,2,1,1,1,1,1,1,1,2,1,14,6,1,1,33,2,2,0
8,51,3,2005,2,1,1,2,2,1,1,1,1,1,1,2,1,2,8,6,1,1,33,2,2,0
1,51,3,2005,2,1,1,2,2,1,1,1,1,1,1,2,1,2,9,6,1,1,33,2,2,1
4,39,6,2005,2,1,1,2,2,1,1,1,1,1,1,3,1,2,9,6,1,1,33,2,2,1
1,39,3,2005,1,1,1,2,2,1,1,1,1,1,1,2,1,2,7,6,1,1,33,2,2,3
1,39,6,2005,3,1,1,2,2,1,1,1,1,1,1,4,1,2,9,6,1,1,33,2,2,0
1,35,6,2005,3,1,1,2,2,1,1,1,1,1,1,3,1,2,9,6,1,1,33,2,2,0
1,35,6,2005,3,1,1,2,2,1,1,1,1,1,1,3,1,2,9,6,1,1,33,2,2,0
3,38,5,2005,3,1,1,2,2,1,1,1,1,1,1,1,1,2,9,6,1,1,33,2,2,1
1,38,5,2005,2,1,1,2,2,1,1,1,1,1,1,3,1,2,14,6,1,1,33,2,2,1
4,38,5,2005,2,1,1,2,2,1,1,1,1,1,1,3,1,2,9,6,1,1,33,2,2,1
6,38,5,2005,3,7,8,2,2,1,1,1,1,1,1,1,1,2,7,6,1,1,33,2,2,0
6,45,5,2005,2,7,1,2,2,1,3,1,1,1,1,1,1,2,14,6,1,1,33,2,2,0
6,45,5,2005,2,7,1,2,2,1,1,1,1,1,1,1,1,2,14,6,1,1,33,2,2,3
1,45,5,2005,2,1,1,2,2,1,1,1,1,1,1,3,1,2,9,6,1,1,33,2,2,0
1,45,5,2005,3,1,1,2,2,1,1,1,1,1,1,1,1,2,14,6,1,1,33,2,2,0
6,45,5,2005,2,7,1,2,2,1,1,1,1,1,1,1,1,2,19,6,1,1,33,2,2,0
6,45,5,2005,4,7,1,2,2,1,3,1,1,1,1,1,1,2,14,6,1,1,33,2,2,0
1,51,5,2005,1,3,1,2,2,1,1,1,1,1,1,3,1,2,19,6,1,1,33,2,2,1
12,51,5,2005,2,1,8,2,2,1,1,1,1,1,1,4,1,2,4,6,1,1,33,2,2,0
1,51,5,2005,3,1,1,2,2,1,1,1,1,1,1,4,1,2,9,6,1,1,33,2,2,1
12,50,1,2005,3,7,1,2,2,1,1,1,1,1,1,4,1,2,5,6,1,1,33,2,2,0
8,50,1,2005,3,7,1,2,2,1,1,1,1,1,1,1,1,2,14,6,1,1,33,2,2,0
5,52,5,2005,4,1,8,1,1,4,4,1,1,1,1,4,1,2,17,6,1,1,33,2,2,1
10,52,5,2005,3,1,1,2,2,1,1,1,1,1,1,3,1,2,14,6,1,1,33,2,2,0
10,52,5,2005,2,1,1,2,2,1,1,1,1,1,1,3,1,2,9,6,1,1,33,2,2,0
1,52,5,2005,3,1,8,1,1,1,1,1,1,1,1,2,1,2,6,1,1,1,33,2,2,1
5,43,5,2005,2,1,1,2,2,1,1,1,1,1,1,1,1,2,12,6,1,1,33,2,2,1
5,43,5,2005,2,1,1,2,2,1,1,1,1,1,1,1,1,2,19,6,1,1,33,2,2,0
4,43,5,2005,2,1,1,2,2,1,1,1,1,1,1,1,1,2,9,6,1,1,33,2,2,0
2,43,5,2005,3,7,3,2,2,1,1,1,1,1,1,1,1,2,19,6,1,1,33,2,2,1
2,43,5,2005,1,1,1,2,2,1,1,1,1,1,1,1,1,2,9,6,1,1,33,2,2,0
2,43,5,2005,3,7,1,2,2,1,1,1,1,1,1,1,1,2,7,6,1,1,33,2,2,0
2,43,5,2005,3,1,1,2,2,1,1,1,1,1,1,1,1,2,9,6,1,1,33,2,2,0
2,43,5,2005,2,7,1,2,2,1,1,1,1,1,1,1,1,2,7,6,1,1,33,2,2,0
2,43,5,2005,3,1,1,2,2,1,1,1,1,1,1,1,1,1,10,6,1,1,33,2,2,0
1,43,5,2005,2,1,1,2,2,1,1,1,1,1,1,4,1,2,14,6,1,1,33,2,2,0
2,43,4,2005,3,7,1,2,2,1,1,1,1,1,1,1,1,2,8,6,1,1,33,2,2,0
5,43,5,2005,2,1,1,2,2,1,1,1,1,1,1,1,1,2,14,6,1,1,33,2,2,0
3,38,10,2005,1,1,5,2,1,4,1,1,1,1,1,1,1,2,9,6,1,1,33,2,2,0
1,38,10,2005,1,7,1,2,2,1,1,1,1,1,1,1,1,2,9,6,1,1,33,2,2,0
3,38,10,2005,3,1,1,2,2,1,1,1,1,1,1,3,1,2,13,6,1,1,33,2,2,0
1,38,9,2005,2,1,1,2,2,1,1,1,1,1,1,1,1,2,9,6,1,1,33,2,2,0
3,38,8,2005,4,1,1,2,2,1,1,1,1,1,1,1,1,2,14,6,1,1,33,2,2,0
6,38,8,2005,4,1,1,2,2,1,2,1,1,1,1,2,1,2,8,6,1,1,33,2,2,0
3,38,8,2005,4,1,1,2,2,1,2,2,2,1,1,1,1,2,12,6,1,1,33,2,2,1
3,38,8,2005,3,2,1,2,2,2,1,1,2,1,1,1,1,2,9,6,1,1,33,2,2,0
3,38,8,2005,4,1,1,2,2,2,2,1,2,1,1,1,2,1,9,6,1,1,33,2,2,0
1,38,6,2005,3,7,1,2,2,1,1,1,1,1,1,1,1,2,9,6,1,1,33,2,2,0
8,38,6,2005,3,1,1,2,2,1,1,1,1,1,1,3,1,2,8,6,1,1,33,2,2,0
5,38,6,2005,3,1,1,1,2,1,1,1,5,2,3,4,1,2,8,6,1,1,33,2,2,1
1,38,6,2005,2,1,1,2,2,1,2,1,1,1,1,1,1,2,12,6,1,1,33,2,2,0
3,38,7,2005,3,1,1,2,2,2,4,1,2,1,1,1,1,2,9,6,1,1,33,2,2,0
7,38,7,2005,4,1,1,2,2,1,2,1,1,1,1,1,1,2,14,6,1,1,33,2,2,0
6,38,7,2005,2,1,8,2,2,2,2,1,2,1,1,1,1,2,14,6,1,1,33,2,2,0
3,38,11,2005,2,1,1,2,2,1,1,1,1,1,1,1,1,2,9,6,1,1,33,2,2,0
3,38,11,2005,2,1,1,2,2,1,1,1,1,1,1,1,1,2,7,6,1,1,33,2,2,0
6,44,1,2005,1,1,1,2,2,1,2,1,1,1,1,1,1,2,10,6,1,2,33,2,2,0
6,44,1,2005,2,1,1,2,2,1,1,1,1,1,1,1,1,2,7,6,1,1,33,2,2,0
6,44,1,2005,1,1,1,2,2,1,4,1,1,1,1,1,1,2,14,6,1,1,33,2,2,0
6,44,1,2005,1,1,1,1,1,1,3,1,1,1,1,1,1,2,9,6,1,1,33,2,2,0
6,44,1,2005,2,1,1,2,2,1,1,1,1,1,1,1,1,2,14,6,1,1,33,2,2,0
7,44,1,2005,2,1,1,2,2,1,1,1,1,1,1,1,1,2,7,6,1,1,33,2,2,0
7,44,1,2005,1,1,1,2,2,1,4,1,1,1,1,1,2,1,7,6,1,1,33,2,2,0
4,44,3,2005,2,2,1,2,2,1,1,1,1,1,1,4,1,2,14,6,1,1,33,2,2,0
3,44,3,2005,1,1,1,2,2,1,3,1,1,1,1,2,1,2,14,6,1,1,33,2,2,2
3,44,3,2005,2,2,1,2,2,2,1,1,2,1,1,1,1,2,9,6,1,1,33,2,2,0
3,44,3,2005,4,1,1,2,2,1,4,1,1,1,1,1,1,2,9,6,1,1,33,2,2,0
3,44,3,2005,2,1,1,2,2,1,1,1,1,1,1,1,1,2,6,6,1,1,33,2,2,0
6,44,3,2005,2,3,1,2,2,1,1,1,1,1,1,5,1,2,14,6,1,1,33,2,2,0
2,44,3,2005,2,7,1,2,2,1,2,1,1,1,1,1,1,1,12,6,1,1,33,2,2,0
7,44,3,2005,1,7,8,2,2,1,2,1,1,2,1,1,4,2,14,6,1,1,33,2,2,1
7,44,3,2005,1,1,1,2,2,1,2,1,1,1,1,1,1,2,10,6,1,1,33,2,2,0
5,44,3,2005,3,1,1,2,2,1,1,1,1,1,1,1,1,2,7,6,1,1,33,2,2,0
6,44,4,2005,3,7,1,2,2,1,1,1,1,1,1,1,1,2,14,6,1,1,33,2,2,0
6,44,4,2005,3,1,1,2,2,1,1,1,1,1,1,4,1,1,14,6,1,1,33,2,2,0
7,44,4,2005,2,1,1,2,2,1,1,1,1,1,1,1,1,2,14,6,1,1,33,2,2,0
4,44,5,2005,2,1,1,2,2,1,1,1,1,1,1,3,1,2,8,6,1,1,33,2,2,0
3,44,5,2005,1,1,1,2,2,1,2,1,1,1,1,2,1,2,9,6,1,1,33,2,2,0
3,44,5,2005,1,1,1,2,2,1,4,1,1,1,1,1,1,2,10,6,1,1,33,2,2,0
3,44,5,2005,4,1,1,2,2,1,2,1,1,1,1,1,1,2,10,6,1,1,33,2,2,0
2,44,5,2005,2,1,1,2,2,1,1,2,1,1,3,4,1,2,9,6,1,1,33,2,2,0
2,44,5,2005,1,3,2,2,2,1,2,1,1,1,1,1,1,2,14,6,1,1,33,2,2,0
2,44,5,2005,2,4,2,2,2,1,1,1,1,1,1,1,1,2,9,6,1,1,33,2,2,0
7,44,5,2005,2,3,4,2,2,1,2,2,1,1,1,1,1,2,14,6,1,1,33,2,2,0
5,44,5,2005,2,7,8,2,2,1,2,1,1,1,1,1,1,2,11,6,1,1,33,2,2,0
1,44,6,2005,4,1,1,2,2,1,4,1,3,1,2,5,1,2,14,6,1,1,33,2,2,0
4,44,6,2005,1,3,8,2,2,1,4,1,1,1,1,1,1,2,14,6,1,1,33,2,2,1
6,44,6,2005,2,3,1,2,2,1,1,1,1,1,1,4,1,2,14,6,1,1,33,2,2,0
6,44,6,2005,1,7,1,2,2,1,3,1,1,1,1,1,1,2,8,6,1,1,33,2,2,0
6,44,6,2005,3,7,1,2,2,2,1,2,2,1,1,1,1,2,14,6,1,1,33,2,2,1
2,44,5,2005,3,1,1,2,2,1,1,1,1,1,1,1,1,2,9,6,1,1,33,2,2,1
2,44,6,2005,3,1,1,2,2,1,1,1,1,1,1,1,1,2,9,6,1,1,33,2,2,0
7,44,6,2005,3,2,4,2,2,1,1,1,1,1,1,1,1,2,14,6,1,1,33,2,2,0
5,44,6,2005,2,1,1,2,2,1,1,1,1,1,1,1,1,2,9,6,1,1,33,2,2,0
1,44,7,2005,3,7,1,1,1,1,1,1,1,1,1,5,1,2,9,6,1,1,33,2,2,0
4,44,7,2005,3,1,1,2,2,1,4,1,1,1,1,3,1,2,9,6,1,1,33,2,2,0
3,44,7,2005,2,1,1,2,2,1,1,1,1,1,1,1,1,2,8,6,1,1,33,2,2,0
3,44,7,2005,4,1,2,2,2,1,4,1,1,1,1,1,1,2,10,6,1,1,33,2,2,0
3,44,7,2005,2,2,1,2,2,1,1,1,1,1,1,1,1,2,9,6,1,1,33,2,2,0
6,44,7,2005,1,1,1,2,2,1,4,1,1,1,1,1,1,2,7,6,1,1,33,2,2,0
2,44,7,2005,4,1,1,2,2,1,1,1,1,1,1,1,1,2,9,6,1,1,33,2,2,1
2,44,7,2005,2,1,1,2,2,1,1,1,1,1,1,1,1,2,10,6,1,1,33,2,2,0
2,4,7,2005,3,1,1,2,2,1,1,1,1,1,1,4,1,2,5,6,1,1,33,2,2,0
7,44,7,2005,4,2,2,2,2,1,2,1,1,1,1,1,1,2,19,6,1,1,33,2,2,0
5,44,6,2005,2,1,1,2,2,1,1,1,1,1,1,1,1,2,9,6,1,1,33,2,2,1
5,44,5,2005,2,1,1,2,2,1,1,1,1,1,1,1,1,2,10,6,1,1,33,2,2,0
5,44,6,2005,3,1,1,2,2,1,1,1,1,1,1,1,1,2,8,6,1,1,33,2,2,0
1,44,8,2005,3,7,1,2,2,1,1,1,1,1,1,5,1,2,9,6,1,1,33,2,2,0
4,44,8,2005,3,1,1,2,2,1,1,1,1,1,1,1,1,2,5,6,1,1,33,2,2,1
3,44,8,2005,3,1,1,2,2,1,1,1,1,1,1,1,1,2,9,6,1,1,33,2,2,0
3,44,8,2005,1,1,1,2,2,1,1,1,1,1,1,1,1,2,11,6,1,1,33,2,2,0
6,44,8,2005,1,1,1,2,2,1,1,1,1,1,1,2,1,2,14,6,1,1,33,2,2,0
6,44,8,2005,3,1,4,2,2,1,1,1,1,1,1,1,1,2,9,6,1,1,33,2,2,0
6,44,8,2005,1,1,8,2,2,1,4,1,1,1,1,1,1,2,9,6,1,1,33,2,2,0
7,44,8,2005,2,7,8,2,2,1,4,1,1,1,1,1,1,2,5,3,1,1,33,2,2,3
7,44,8,2005,2,7,8,2,2,1,2,2,1,1,1,1,1,2,9,6,1,1,33,2,2,0
4,44,7,2005,3,1,1,2,2,1,1,1,1,1,1,1,1,2,9,6,1,1,33,2,2,0
5,44,8,2005,2,1,1,2,2,1,2,1,1,1,1,1,1,2,7,6,1,1,33,2,2,0
5,44,5,2005,4,1,1,2,2,1,4,1,1,1,1,1,1,2,10,6,1,1,33,2,2,0
1,50,6,2005,1,1,1,1,1,1,3,1,1,1,1,1,1,2,14,6,1,1,33,2,2,0
4,50,6,2005,2,1,1,2,2,1,1,1,1,1,1,4,1,2,9,6,1,1,33,2,2,0
6,50,6,2005,3,7,4,2,2,1,1,1,1,1,1,2,1,2,17,6,1,1,33,2,2,0
12,50,6,2005,1,4,1,2,2,2,2,2,2,1,1,1,1,2,13,6,1,1,33,2,2,0
9,50,6,2005,1,7,1,2,2,1,1,1,1,1,1,2,1,2,9,6,1,1,33,2,2,0
13,50,6,2005,1,1,1,2,2,1,1,1,1,1,1,2,1,2,9,6,1,1,33,2,2,0
5,50,6,2005,1,1,1,2,2,1,1,1,1,1,1,4,1,2,19,6,1,1,33,2,2,0
8,50,6,2005,2,7,1,2,2,1,2,1,1,1,1,3,1,2,6,6,1,1,33,2,2,0
1,50,7,2005,2,7,8,2,2,1,1,1,1,1,1,1,1,2,8,6,1,1,33,2,2,1
1,50,7,2005,3,3,1,2,2,1,1,1,1,1,1,1,1,2,8,6,1,1,33,2,2,0
10,50,7,2005,3,1,1,2,2,1,1,1,1,1,1,1,1,2,9,6,1,1,33,2,2,3
12,50,7,2005,2,1,1,2,2,1,1,1,1,1,1,1,1,2,9,6,1,1,33,2,2,3
2,50,7,2005,3,7,8,2,2,2,1,1,2,1,1,1,1,2,13,6,1,1,33,2,2,0
11,50,7,2005,1,7,4,2,2,1,1,1,1,1,1,3,1,2,13,10,1,6,33,2,2,0
11,50,7,2005,3,1,1,2,2,1,1,1,1,1,1,2,1,2,9,6,1,1,33,2,2,0
5,50,7,2005,2,1,1,2,2,1,1,1,1,1,1,1,1,2,9,6,1,1,33,2,2,0
5,50,7,2005,1,1,1,2,2,1,1,1,1,1,1,3,1,2,14,6,1,1,33,2,2,0
1,50,8,2005,2,1,1,2,2,1,2,1,2,1,1,1,1,2,9,6,1,1,33,2,2,0
2,50,9,2005,2,7,1,2,2,1,1,1,1,1,1,3,1,2,9,6,1,1,33,2,2,0
2,50,9,2005,3,7,3,2,2,1,1,1,1,1,1,1,1,2,9,6,1,1,33,2,2,1
10,50,8,2005,2,1,1,2,2,1,1,1,1,1,1,1,1,2,9,1,1,1,33,2,2,0
10,50,8,2005,4,1,1,2,2,1,2,1,1,1,1,1,1,2,9,6,1,1,33,2,2,1
13,50,8,2005,4,1,1,2,2,1,1,1,1,1,1,1,1,2,10,6,1,1,33,2,2,0
13,50,8,2005,2,1,1,2,2,1,1,1,1,1,1,3,1,2,14,6,1,1,33,2,2,0
2,50,8,2005,2,1,1,2,2,1,1,1,1,1,1,3,1,2,4,6,1,1,33,2,2,0
1,50,10,2005,3,1,1,2,2,1,1,1,1,1,1,1,1,2,9,6,1,1,33,2,2,3
1,50,10,2005,1,7,1,2,2,1,1,1,1,1,1,2,1,2,9,6,1,1,33,2,2,0
11,50,10,2005,3,1,1,2,2,1,1,1,1,1,1,4,1,2,4,6,1,1,33,2,2,0
3,43,6,2005,5,1,1,2,2,1,4,1,1,1,1,1,1,2,19,6,1,1,33,2,2,0
2,43,6,2005,3,1,1,2,2,1,1,1,1,1,1,1,1,2,7,6,1,1,33,2,2,0
2,43,6,2005,2,1,1,2,2,1,1,1,1,1,1,1,1,2,10,6,1,1,33,2,2,0
5,43,6,2005,3,1,1,2,2,1,1,1,1,1,1,1,1,2,9,6,1,1,33,2,2,0
5,43,10,2005,2,1,1,2,2,1,1,1,1,1,1,1,1,2,6,6,1,1,33,2,2,0
5,43,9,2005,1,1,5,2,1,1,4,1,1,1,1,1,1,2,9,6,1,1,33,2,2,0
5,43,10,2005,1,3,3,2,2,1,1,1,1,1,1,1,1,2,9,6,1,1,33,2,2,0
5,43,10,2005,2,1,1,2,2,1,1,1,1,1,1,1,1,2,9,6,1,1,33,2,2,0
5,43,10,2005,2,1,1,2,2,1,1,1,1,1,1,1,1,2,9,6,1,1,33,2,2,3
2,43,9,2005,2,7,8,2,2,1,1,1,1,1,1,1,1,2,14,6,1,1,33,2,2,0
6,43,9,2005,2,1,1,2,2,2,1,1,2,1,1,2,1,2,8,6,1,1,33,2,2,0
2,43,9,2005,3,1,1,2,2,1,1,1,1,1,1,1,1,2,9,6,1,1,33,2,2,1
4,43,9,2005,4,1,1,2,2,1,1,1,1,1,1,1,1,2,10,6,1,1,33,2,2,0
2,43,7,2005,4,7,3,2,2,1,2,1,1,1,1,1,1,2,7,6,1,1,33,2,2,0
2,43,7,2005,2,1,1,2,2,1,1,1,1,1,1,1,1,2,9,6,1,1,33,2,2,3
2,43,7,2005,3,1,1,2,2,1,1,1,1,1,1,1,1,2,9,6,1,1,33,2,2,1
5,43,8,2005,4,1,1,2,2,1,4,1,1,1,1,1,1,2,9,6,1,1,33,2,2,0
4,43,8,2005,2,1,1,2,2,1,1,1,1,1,1,1,1,2,9,6,1,1,33,2,2,0
3,43,8,2005,1,1,1,2,2,1,2,1,1,1,1,1,1,2,4,6,1,1,33,2,2,0
2,43,8,2005,4,1,1,2,2,1,1,1,1,1,1,1,1,2,10,6,1,1,33,2,2,0
2,43,8,2005,4,3,1,2,2,1,4,3,1,1,1,1,1,2,9,6,1,1,33,2,2,0
6,43,8,2005,1,1,1,2,2,1,4,1,1,1,1,3,1,2,10,6,1,1,33,2,2,0
3,43,11,2005,3,1,1,2,2,1,1,1,1,1,1,2,1,2,9,6,1,1,33,2,2,0
2,43,11,2005,3,1,1,2,2,1,1,3,1,1,1,1,1,2,9,6,1,1,33,2,2,0
2,43,12,2005,3,3,1,1,1,1,1,1,1,1,1,1,1,2,9,6,1,1,33,2,2,0
1,45,1,2005,4,7,4,2,2,1,2,1,1,1,1,1,1,2,9,6,1,1,33,2,2,0
6,45,1,2005,3,1,1,2,2,1,1,1,1,1,1,1,1,2,9,6,1,1,33,2,2,0
1,45,10,2005,3,1,3,2,2,1,1,1,1,1,1,4,1,2,8,6,1,1,33,2,2,0
6,45,10,2005,2,1,1,2,2,1,2,1,1,1,1,1,1,2,13,6,1,1,33,2,2,0
1,45,10,2005,2,7,1,2,2,1,1,1,1,1,1,1,1,2,8,6,1,1,33,2,2,0