Thana,District,Month,Year,Time,Junction_Type,Traffic_Control,Movement,Divider,Weather,Light,Road_Geometry,Surface_Condition,Surface_Type,Surface_Quality,Road_Class,Road_Feature,Location_Type,Vehicle_Type,Vehicle_Movement,Vehicle_Loading,Vehicle_Defect,Vehicle_Driver_Age,Vehicle_Alcohol,Vehicle_Seat_Belt,Accident_Severity
3,45,10,2005,2,7,1,2,2,1,1,1,1,1,1,1,1,2,9,6,1,1,33,2,2,0
1,45,7,2005,3,1,1,2,2,1,1,1,1,1,1,2,1,2,8,6,1,1,33,2,2,1
6,45,7,2005,3,1,1,2,2,1,1,1,1,1,1,1,1,2,9,6,1,1,33,2,2,0
2,45,7,2005,3,2,1,2,2,1,1,1,1,1,1,1,1,2,9,6,1,1,33,2,2,0
1,45,7,2005,3,1,3,2,2,1,1,1,1,1,1,1,1,2,12,6,1,1,33,2,2,0
1,45,7,2005,1,1,1,2,2,1,1,1,1,1,1,1,1,2,9,6,1,1,33,2,2,0
1,45,8,2005,2,7,1,2,2,1,4,1,1,1,1,1,1,2,19,6,1,1,33,2,2,0
1,45,8,2005,4,1,4,2,2,1,1,1,1,1,2,1,1,2,9,6,1,1,33,2,2,0
6,45,8,2005,1,2,1,2,2,1,4,1,2,1,1,1,1,2,8,6,1,1,33,2,2,1
4,45,8,2005,1,3,1,2,2,1,1,1,1,1,1,2,1,2,6,6,1,1,33,2,2,1
6,45,8,2005,4,7,1,2,2,1,1,1,1,1,1,1,1,2,13,6,1,1,33,2,2,0
6,45,8,2005,2,1,1,2,2,1,1,1,1,1,1,1,1,2,9,6,1,1,33,2,2,0
1,45,8,2005,4,1,1,2,2,1,4,1,1,1,1,1,1,2,9,6,1,1,33,2,2,0
1,45,9,2005,1,1,1,2,2,1,3,1,1,1,1,2,1,2,10,6,1,1,33,2,2,0
5,45,9,2005,3,1,2,2,2,1,3,1,1,1,1,1,1,2,8,6,1,1,33,2,2,0
1,45,9,2005,1,7,1,2,2,1,1,1,1,1,1,1,1,2,10,6,1,1,33,2,2,0
1,45,9,2005,2,7,1,2,2,1,1,1,1,1,1,4,1,2,8,6,1,1,33,2,2,0
3,45,11,2005,4,7,1,2,2,1,2,1,1,1,1,1,1,2,9,6,1,1,33,2,2,0
1,45,11,2005,3,1,2,2,2,1,1,1,1,1,1,1,1,2,10,6,1,1,33,2,2,1
5,45,11,2005,2,1,1,2,2,1,1,1,1,1,1,1,1,2,5,6,1,1,33,2,2,0
1,45,11,2005,1,7,1,2,2,1,1,1,1,1,1,1,1,2,10,6,1,1,33,2,2,1
6,45,11,2005,1,1,1,2,1,1,1,1,1,1,1,1,1,2,9,6,1,1,33,2,2,0
1,35,5,2005,2,1,1,2,2,1,1,1,1,1,1,1,1,2,14,6,1,1,33,2,2,2
1,35,5,2005,3,1,1,2,2,1,1,1,1,1,1,1,1,2,14,6,1,1,33,2,2,0
1,35,5,2005,2,1,1,2,2,1,1,1,1,1,1,1,1,2,14,6,1,1,33,2,2,0
4,35,5,2005,2,7,1,2,2,1,1,1,1,1,1,2,1,2,19,6,1,1,33,2,2,0
2,35,5,2005,3,1,1,2,2,1,1,1,1,1,1,2,1,2,19,6,1,1,33,2,2,0
2,35,5,2005,3,3,1,2,2,1,1,1,1,1,1,2,1,2,14,6,1,1,33,2,2,1
2,35,5,2005,2,1,1,2,2,1,1,1,1,1,1,2,1,2,4,6,1,1,33,2,2,0
1,35,7,2005,2,1,1,2,2,1,1,1,1,1,1,2,1,2,7,6,1,1,33,2,2,0
4,35,7,2005,2,1,8,2,2,1,1,1,1,1,1,1,1,2,10,6,1,1,33,2,2,1
2,35,7,2005,2,1,1,2,2,1,1,1,1,1,1,2,1,2,14,6,1,1,33,2,2,0
5,35,7,2005,1,1,1,2,2,1,2,1,1,1,1,2,1,2,5,6,1,1,33,2,2,0
1,35,8,2005,2,7,1,2,2,1,1,1,1,1,1,2,1,2,9,6,1,1,33,2,2,0
4,35,10,2005,2,1,3,2,2,1,1,1,1,1,1,1,1,2,9,6,1,1,33,2,2,0
2,35,10,2005,2,2,8,2,2,1,1,1,1,1,1,2,1,2,9,6,1,1,33,2,2,0
2,35,10,2005,1,1,8,2,2,1,1,1,1,1,1,2,1,2,14,6,1,1,33,2,2,0
1,35,11,2005,2,1,1,2,2,1,1,1,1,1,1,2,1,2,8,6,1,1,33,2,2,0
2,35,11,2005,1,1,1,2,2,1,1,1,1,1,1,2,1,2,7,6,1,1,33,2,2,1
1,35,9,2005,2,1,1,2,2,1,1,1,1,1,1,2,1,2,14,6,1,1,33,2,2,0
4,35,9,2005,3,1,1,2,2,1,1,1,1,1,1,2,1,2,9,6,1,1,33,2,2,0
4,35,9,2005,3,7,1,2,2,1,1,1,1,1,1,2,1,2,14,6,1,1,33,2,2,1
2,35,9,2005,3,1,3,2,2,1,1,1,1,1,1,2,1,2,9,6,1,1,33,2,2,0
2,35,9,2005,2,1,1,2,2,1,4,1,1,1,1,2,1,2,9,6,1,1,33,2,2,0
4,35,10,2005,2,1,1,2,2,1,1,1,1,1,1,2,1,2,9,6,1,1,33,2,2,0
5,41,1,2005,2,3,1,2,2,1,1,1,1,1,1,1,1,2,8,6,1,1,33,2,2,0
1,41,1,2005,1,1,1,2,2,1,4,1,1,1,1,1,1,2,14,6,1,1,33,2,2,0
3,41,1,2005,3,1,1,2,2,1,1,1,1,1,1,1,1,2,8,6,1,1,33,2,2,0
3,41,5,2005,3,1,1,2,2,1,1,1,1,1,1,1,1,2,7,6,1,1,33,2,2,1
3,41,5,2005,5,2,8,2,2,1,1,1,1,1,1,1,1,2,9,6,1,1,33,2,2,0
5,41,7,2005,2,1,1,2,2,1,1,1,1,1,1,1,1,2,19,6,1,1,33,2,2,0
5,41,7,2005,2,7,3,2,2,1,1,1,1,1,1,1,1,2,19,6,1,1,33,2,2,0
5,41,7,2005,2,1,1,2,2,1,1,1,1,1,1,1,1,2,14,6,1,1,33,2,2,0
3,41,7,2005,4,1,1,2,2,1,4,1,1,1,1,2,1,2,8,6,1,1,33,2,2,0
5,41,8,2005,2,1,3,2,2,1,1,1,1,1,1,1,1,2,10,6,1,1,33,2,2,0
5,41,8,2005,3,1,1,2,2,1,1,1,1,1,1,1,1,2,9,6,1,1,33,2,2,0
5,41,8,2005,2,1,8,2,2,1,1,1,1,1,1,1,1,2,14,6,1,1,33,2,2,1
3,41,8,2005,3,1,1,2,2,1,1,1,1,1,1,1,1,2,9,6,1,1,33,2,2,0
3,41,8,2005,2,1,1,2,2,1,2,1,1,1,1,1,1,2,9,6,1,1,33,2,2,1
8,41,8,2005,1,1,1,2,2,1,1,1,1,1,1,2,1,2,14,6,1,1,33,2,2,0
3,41,8,2005,3,1,1,2,2,1,1,1,1,1,1,1,1,2,9,6,1,1,33,2,2,1
1,41,8,2005,2,3,2,2,2,1,1,1,1,1,1,1,1,2,14,6,1,1,33,2,2,0
1,41,7,2005,1,7,1,2,2,1,1,1,1,1,1,1,1,2,14,6,1,1,33,2,2,0
1,47,1,2005,1,1,1,2,2,1,1,1,1,1,1,1,1,2,14,6,1,1,33,2,2,0
1,41,2,2005,1,1,1,2,2,1,1,1,1,1,1,1,1,2,13,6,1,1,33,2,2,0
1,41,2,2005,3,1,1,2,2,1,1,1,1,1,1,1,1,2,9,6,1,1,33,2,2,0
1,41,2,2005,5,1,1,2,2,1,3,1,1,1,1,1,1,2,10,6,1,1,33,2,2,0
1,41,2,2005,1,1,1,2,2,1,3,1,1,1,1,1,1,2,10,6,1,1,33,2,2,0
1,41,3,2005,1,1,1,2,2,1,1,1,1,1,1,4,1,2,14,6,1,1,33,2,2,0
1,41,3,2005,2,1,1,1,1,1,3,1,1,1,1,1,1,2,10,6,1,1,33,2,2,0
1,41,3,2005,1,2,8,2,1,1,1,1,1,1,1,1,1,2,8,6,1,1,33,2,2,0
5,41,3,2005,1,3,6,2,1,2,1,1,1,1,1,1,1,2,14,6,1,1,33,2,2,0
1,41,4,2005,2,1,1,2,2,1,1,1,1,1,1,1,1,2,9,6,1,1,33,2,2,0
1,41,4,2005,3,1,1,2,2,1,4,1,1,1,1,4,1,2,19,6,1,1,33,2,2,0
5,41,4,2005,3,1,1,2,2,1,1,1,1,1,1,1,1,2,9,6,1,1,33,2,2,0
1,41,5,2005,2,1,1,2,2,1,1,1,1,1,1,1,1,2,14,6,1,1,33,2,2,0
1,41,5,2005,3,1,1,2,2,1,1,1,1,1,1,1,1,2,1,6,1,1,33,2,2,0
1,41,5,2005,2,1,1,2,2,1,1,1,1,1,1,4,1,2,19,6,1,1,33,2,2,0
4,41,5,2005,5,1,1,2,2,1,1,1,1,1,1,3,1,2,19,6,1,1,33,2,2,0
12,47,1,2005,4,7,1,2,2,1,3,2,1,1,1,1,1,2,14,6,1,1,33,2,2,0
12,47,1,2005,3,1,1,2,2,1,1,1,1,1,1,1,1,2,10,6,1,1,33,2,2,0
9,47,1,2005,2,1,1,2,2,1,1,1,1,1,1,1,1,2,8,6,1,1,33,2,2,0
9,47,2,2005,1,1,1,2,2,1,1,1,1,1,1,1,1,2,9,6,1,1,33,2,2,0
5,47,2,2005,1,1,1,2,2,1,4,1,1,1,1,3,1,2,16,6,1,1,33,2,2,0
1,47,3,2005,4,1,1,2,2,1,2,1,1,1,1,3,1,2,14,6,1,1,33,2,2,0
5,47,3,2005,1,1,1,2,2,1,4,1,1,1,1,1,1,2,8,6,1,1,33,2,2,0
5,47,3,2005,1,3,1,2,2,1,4,1,1,1,1,1,1,2,8,6,1,1,33,2,2,0
3,47,3,2005,3,1,1,2,2,1,1,1,1,1,1,2,1,1,14,6,1,1,33,2,2,1
1,47,4,2005,3,1,1,2,2,1,1,1,1,1,1,1,1,2,9,6,1,1,33,2,2,0
7,47,4,2005,5,1,1,2,2,1,1,1,1,1,1,3,1,2,9,6,1,1,33,2,2,1
7,47,4,2005,3,1,1,2,2,1,1,1,1,1,1,1,1,2,9,6,1,1,33,2,2,0
12,47,5,2005,5,1,1,2,2,1,1,1,1,1,1,2,1,2,9,6,1,1,33,2,2,0
11,47,5,2005,3,1,1,2,2,1,1,1,1,1,1,3,1,2,14,6,1,1,33,2,2,0
8,47,5,2005,3,1,1,2,2,1,2,1,1,1,1,3,1,2,14,6,1,1,33,2,2,0
1,47,5,2005,4,1,1,2,2,1,2,1,1,1,1,3,1,2,10,6,1,1,33,2,2,0
7,47,5,2005,4,1,1,2,2,1,1,1,1,1,1,1,1,2,9,6,1,1,33,2,2,0
6,47,5,2005,5,1,1,2,2,1,1,1,1,1,1,3,1,2,17,6,1,1,33,2,2,0
1,47,5,2005,4,1,1,2,2,1,1,1,1,1,1,3,1,2,10,6,1,1,33,2,2,0
6,5,7,2005,2,1,1,2,2,1,2,1,1,1,1,2,1,2,10,6,1,1,33,2,2,3
9,51,7,2005,1,1,3,2,2,1,1,1,1,1,1,1,1,2,9,6,1,1,33,2,2,0
8,51,7,2005,3,1,1,2,2,1,1,1,1,1,1,2,1,2,10,6,1,1,33,2,2,0
1,39,9,2005,1,1,1,2,2,1,1,1,1,1,1,1,1,2,14,6,1,1,33,2,2,1
1,39,9,2005,1,1,1,2,2,1,4,1,1,1,1,1,1,2,9,6,1,1,33,2,2,0
2,39,9,2005,2,1,1,2,2,1,1,1,1,1,1,1,1,2,9,6,1,1,33,2,2,1
3,39,7,2005,1,1,1,2,2,1,1,1,1,1,1,1,1,2,9,6,1,1,33,2,2,0
1,39,10,2005,2,1,1,2,2,1,1,1,1,1,1,4,1,2,14,6,1,1,33,2,2,0
1,39,10,2005,3,1,1,2,2,1,1,1,1,1,1,1,1,2,7,6,1,1,33,2,2,0
6,37,8,2005,2,1,1,2,2,1,1,1,1,1,1,1,1,2,6,6,1,1,33,2,2,1
6,37,8,2005,2,1,1,2,2,1,1,1,1,1,1,1,1,2,14,6,1,1,33,2,2,0
10,52,1,2005,3,1,1,2,2,1,1,1,1,1,1,3,1,2,6,6,1,1,33,2,2,1
1,52,1,2005,3,1,1,2,2,1,1,1,1,1,1,2,1,2,4,6,1,1,33,2,2,1
4,52,1,2005,3,1,1,2,2,1,1,1,1,1,1,3,1,2,14,6,1,1,33,2,2,0
4,44,2,2005,1,1,1,2,2,1,2,1,1,1,1,3,1,2,14,6,1,1,33,2,2,0
3,44,2,2005,2,1,1,2,2,1,1,1,1,1,1,3,1,2,14,6,1,1,33,2,2,0
3,44,2,2005,2,1,1,2,2,1,1,1,1,1,1,1,1,2,14,6,1,1,33,2,2,0
3,44,2,2005,4,1,1,2,2,1,2,1,1,1,1,3,1,2,14,6,1,1,33,2,2,0
6,44,2,2005,2,1,1,2,2,1,1,1,1,1,1,1,1,2,9,6,1,1,33,2,2,0
2,44,2,2005,2,1,1,2,2,1,1,1,1,1,1,1,1,2,10,6,1,1,33,2,2,0
7,44,2,2005,3,1,1,2,2,1,1,1,1,1,1,1,1,2,9,6,1,1,33,2,2,0
7,44,2,2005,4,1,1,2,2,1,2,1,1,1,1,1,1,2,14,6,1,1,33,2,2,1
5,44,2,2005,4,1,1,2,2,1,4,1,1,1,1,1,1,2,9,6,1,1,33,2,2,1
5,44,2,2005,2,1,8,2,2,1,1,1,1,1,1,3,1,2,6,1,1,1,33,2,2,3
1,44,11,2005,3,1,1,2,2,1,1,1,1,1,1,3,1,2,10,6,1,1,33,2,2,1
4,44,11,2005,3,1,1,2,2,1,1,1,1,1,1,3,1,2,9,6,1,1,33,2,2,0
3,44,11,2005,2,1,1,2,2,1,1,1,1,1,1,1,1,2,9,6,1,1,33,2,2,0
6,44,11,2005,3,1,1,2,2,1,1,1,1,1,1,1,1,2,14,6,1,1,33,2,2,0
6,44,11,2005,4,1,1,2,2,1,1,1,1,1,1,1,1,2,8,6,1,1,33,2,2,0
7,44,11,2005,1,1,1,2,2,1,1,1,1,1,1,1,1,2,9,6,1,1,33,2,2,0
7,44,11,2005,2,1,1,2,2,1,2,1,1,1,1,1,1,2,9,6,1,1,33,2,2,0
7,44,11,2005,1,1,1,2,2,1,1,3,1,1,1,1,1,2,6,6,1,1,33,2,2,0
5,44,11,2005,2,1,1,2,2,1,1,1,1,1,1,1,1,2,9,6,1,1,33,2,2,0
5,44,11,2005,4,1,1,2,2,1,4,1,1,1,1,1,1,2,14,6,1,1,33,2,2,0
1,44,10,2005,2,1,1,2,2,1,1,1,1,1,1,3,1,2,9,6,1,1,33,2,2,0
4,44,10,2005,3,1,1,2,2,1,1,1,1,1,1,3,1,2,8,6,1,1,33,2,2,0
3,44,9,2005,3,1,1,2,2,1,1,1,1,1,1,1,1,2,9,6,1,1,33,2,2,0
3,44,10,2005,3,1,1,2,2,1,1,1,1,1,1,1,1,2,9,6,1,1,33,2,2,0
6,44,10,2005,2,1,1,2,2,1,3,1,1,1,1,1,1,2,9,6,1,1,33,2,2,0
6,44,10,2005,4,1,1,2,2,1,3,1,1,1,1,1,1,2,9,6,1,1,33,2,2,0
6,44,10,2005,2,1,1,2,2,1,1,1,1,1,1,1,1,2,14,6,1,1,33,2,2,0
7,44,10,2005,1,1,1,2,2,1,1,1,1,1,1,1,1,2,9,6,1,1,33,2,2,0
7,44,10,2005,2,1,1,2,2,1,1,1,1,1,1,1,1,2,9,6,1,1,33,2,2,0
4,44,9,2005,3,1,1,2,2,1,1,1,1,1,1,2,1,2,14,6,1,1,33,2,2,0
3,44,9,2005,2,1,1,2,2,1,1,1,1,1,1,1,1,2,14,6,1,1,33,2,2,0
3,44,9,2005,2,1,1,2,2,1,1,1,1,1,1,1,1,2,14,6,1,1,33,2,2,0
6,44,9,2005,1,1,1,2,2,1,2,1,1,1,1,4,1,2,19,6,1,1,33,2,2,0
6,44,9,2005,2,1,1,2,2,1,1,1,1,1,1,2,1,2,12,6,1,1,33,2,2,0
6,44,9,2005,4,1,1,2,2,1,4,1,1,1,1,1,1,2,14,6,1,1,33,2,2,0
6,44,9,2005,2,1,1,2,2,1,1,1,1,1,1,1,1,2,10,6,1,1,33,2,2,0
6,44,9,2005,2,1,1,2,2,1,2,1,1,1,1,1,1,2,12,6,1,1,33,2,2,1
5,44,9,2005,1,1,1,2,2,1,2,1,1,1,1,4,1,2,14,6,1,1,33,2,2,0
5,44,9,2005,2,1,1,2,2,1,2,1,1,1,1,1,1,2,14,6,1,1,33,2,2,0
1,35,11,2005,2,1,1,2,2,1,1,1,1,1,1,1,1,2,14,6,1,1,33,2,2,0
1,35,12,2005,1,1,1,2,2,1,2,1,1,1,1,1,1,2,12,6,1,1,33,2,2,1
2,35,12,2005,2,1,1,2,2,1,1,1,1,1,1,2,1,2,10,6,1,1,33,2,2,0
6,45,12,2005,2,1,1,2,2,1,1,1,1,1,1,2,1,2,19,6,2,2,33,2,2,0
6,45,12,2005,2,1,1,2,2,1,1,1,1,1,1,1,1,2,9,6,1,1,33,2,2,0
1,45,12,2005,4,1,1,2,2,1,4,1,1,1,1,3,1,2,14,6,1,1,33,2,2,1
5,45,12,2005,4,1,1,2,2,1,4,1,1,1,1,4,1,2,13,6,1,1,33,2,2,0
6,45,12,2005,3,1,1,2,2,1,1,1,1,1,1,1,1,2,9,6,1,1,33,2,2,0
6,45,12,2005,4,1,1,2,2,1,4,1,1,1,1,1,1,2,14,6,1,1,33,2,2,0
6,45,12,2005,2,1,1,2,2,1,2,1,1,1,1,1,1,2,14,6,1,1,33,2,2,0
6,45,12,2005,1,1,1,2,2,1,2,1,1,1,1,1,1,2,7,6,1,1,33,2,2,0
13,50,8,2005,2,1,1,2,2,1,2,1,1,1,1,3,1,2,4,6,1,1,33,2,2,1
10,52,2,2005,1,1,1,2,2,1,1,1,1,1,1,2,1,2,9,6,1,1,33,2,2,0
6,52,2,2005,4,1,1,2,2,1,4,1,1,1,1,3,1,2,4,6,1,1,33,2,2,0
10,52,2,2005,3,1,1,2,2,1,1,1,1,1,1,3,1,2,9,6,1,1,33,2,2,1
10,52,6,2005,1,1,1,2,2,1,1,1,1,1,1,2,1,2,9,6,1,1,33,2,2,1
8,52,3,2005,3,1,1,2,2,1,1,1,1,1,1,2,1,2,17,6,1,1,33,2,2,0
1,52,3,2005,4,1,1,2,2,1,1,1,1,1,1,2,1,2,8,6,1,1,33,2,2,0
1,40,1,2005,2,1,1,2,2,1,1,1,1,1,1,1,1,2,9,6,1,1,33,2,2,1
1,40,2,2005,1,1,1,2,2,1,3,1,1,1,1,1,1,2,9,6,1,1,33,2,2,0
1,40,3,2005,1,1,1,2,2,1,1,1,1,1,1,1,1,2,9,6,1,1,33,2,2,1
1,40,3,2005,2,1,1,2,2,1,1,1,1,1,1,1,1,2,9,6,1,1,33,2,2,0
1,40,3,2005,3,1,1,2,2,1,3,1,1,1,1,1,1,2,9,6,1,1,33,1,0,0
1,40,3,2005,1,1,1,2,2,1,1,1,1,1,1,1,1,2,9,6,1,1,33,2,2,0
1,40,4,2005,2,1,1,2,2,1,2,1,1,1,1,1,1,1,14,6,1,1,33,2,2,1
1,40,5,2005,3,1,1,2,2,1,1,1,1,1,1,1,1,2,9,6,1,1,33,2,2,0
1,40,5,2005,3,1,1,2,2,1,1,1,1,1,1,1,1,2,14,1,1,1,33,2,2,0
1,40,5,2005,2,1,1,2,2,1,1,1,1,1,1,1,1,2,9,6,1,1,33,2,2,1
1,40,6,2005,4,1,1,2,2,1,1,1,1,1,1,1,2,1,14,6,1,1,33,2,2,0
1,40,7,2005,3,1,1,2,2,1,1,1,1,1,1,1,1,2,9,6,1,1,33,2,2,1
1,40,7,2005,1,1,1,2,2,1,1,1,1,1,1,1,1,2,7,6,1,1,33,2,2,1
1,40,7,2005,2,1,1,2,2,1,1,1,1,1,1,1,1,2,9,6,1,1,33,2,2,0
1,40,9,2005,4,1,1,2,2,1,3,1,1,1,1,1,1,2,9,6,1,1,33,2,2,0
5,40,4,2005,3,1,1,2,2,1,1,1,1,1,1,1,1,2,9,6,1,1,33,2,2,0
5,40,6,2005,1,1,1,2,2,1,1,1,1,1,1,4,1,2,14,6,1,1,33,2,2,0
5,40,7,2005,2,1,1,2,2,1,1,1,1,1,1,1,1,2,14,6,1,1,33,2,2,0
5,40,10,2005,2,1,1,2,2,1,1,1,1,1,1,1,1,2,4,6,1,1,33,2,2,0
5,40,5,2005,2,1,1,2,2,1,1,1,1,1,1,1,1,2,10,6,1,1,33,2,2,0
6,40,1,2005,2,1,1,2,2,1,1,1,1,1,1,1,1,2,10,6,1,1,33,2,2,0
6,40,1,2005,2,1,1,2,2,1,1,1,1,1,1,1,1,2,9,6,1,1,33,2,2,0
6,40,2,2005,3,1,1,2,2,1,1,1,1,1,1,1,1,2,9,6,1,1,33,2,2,0
6,40,3,2005,2,1,1,2,2,1,1,1,1,1,1,1,1,2,9,6,1,1,33,2,2,0
6,40,4,2005,3,1,1,2,2,1,1,1,1,1,1,1,1,2,9,6,1,1,33,2,2,0
6,40,4,2005,3,1,1,2,2,1,1,1,1,1,1,1,1,2,9,6,1,1,33,2,2,1
6,40,5,2005,3,1,1,2,2,1,1,1,1,1,1,1,1,2,12,6,1,1,33,2,2,1
6,40,5,2005,2,1,1,2,2,1,1,1,1,1,1,1,1,2,4,6,1,1,33,2,2,0
6,40,6,2005,4,1,1,2,2,1,1,1,1,1,1,1,1,2,14,6,1,1,33,2,2,0
6,40,6,2005,4,1,1,2,2,1,4,1,1,1,1,1,1,2,9,6,1,1,33,2,2,0
6,40,7,2005,3,1,1,2,2,1,1,1,1,1,1,1,1,2,9,6,1,1,33,2,2,0
6,40,10,2005,4,1,1,2,2,1,2,1,1,1,1,1,1,2,9,6,1,1,33,2,2,0
6,40,11,2005,2,1,1,2,2,1,1,1,1,1,1,1,1,2,9,6,1,1,33,2,2,0
6,40,11,2005,1,1,1,2,2,1,1,1,1,1,1,1,1,2,9,6,1,1,33,2,2,1
6,40,11,2005,2,1,1,2,2,1,1,1,1,1,1,3,1,2,10,6,1,1,33,2,2,0
6,40,11,2005,3,1,1,2,2,1,1,1,1,1,1,1,1,2,9,6,1,1,33,2,2,1
6,40,11,2005,2,1,1,2,2,1,1,1,1,1,1,1,1,2,9,6,1,1,33,2,2,0
6,40,12,2005,2,1,1,2,2,1,1,1,1,1,1,1,1,2,9,6,1,1,33,2,2,0
3,40,3,2005,3,1,1,2,2,1,1,1,1,1,1,1,1,2,9,6,1,1,33,2,2,0
3,40,6,2005,1,1,1,2,2,1,4,1,1,1,1,1,1,2,14,6,1,1,33,2,2,1
3,40,3,2005,2,1,1,2,2,1,1,1,1,1,1,1,1,2,6,1,1,1,33,2,2,0
3,40,4,2005,3,1,1,2,2,1,1,1,1,1,1,1,1,2,9,6,1,1,33,2,2,1
3,40,7,2005,1,1,1,2,2,1,2,1,1,1,1,1,1,2,14,6,1,1,33,2,2,1
3,40,8,2005,3,1,1,2,2,1,1,1,1,1,1,1,1,2,9,6,1,1,33,2,2,1
3,40,8,2005,1,1,1,2,2,1,4,1,1,1,1,1,1,2,10,6,1,1,33,2,2,0
3,40,8,2005,1,1,1,2,2,1,4,1,1,1,1,1,1,2,14,6,1,1,33,2,2,0
3,40,8,2005,3,1,1,2,2,1,1,1,1,1,1,1,1,2,9,6,1,1,33,2,2,0
3,40,9,2005,2,1,1,2,2,1,1,1,1,1,1,1,1,2,9,6,1,1,33,2,2,0
1,49,1,2005,3,7,1,2,2,1,1,1,1,1,1,3,1,2,9,6,1,1,33,2,2,0
1,49,2,2005,1,1,1,2,2,1,3,1,1,1,1,2,1,2,14,6,1,1,33,2,2,1
1,49,5,2005,4,1,1,2,2,1,2,1,1,1,1,2,1,2,9,6,1,1,33,2,2,0
1,49,5,2005,1,1,1,2,2,1,1,1,1,1,1,2,1,2,9,6,1,1,33,2,2,0
1,49,6,2005,2,1,1,2,2,1,1,1,1,1,1,2,1,2,4,6,1,1,33,2,2,0
1,49,5,2005,4,1,1,2,2,1,2,1,1,1,1,3,1,2,4,6,1,1,33,2,2,0
1,49,6,2005,4,1,1,2,2,1,4,1,1,1,1,2,1,2,9,6,1,1,33,2,2,0
1,49,5,2005,2,1,1,2,2,1,2,1,1,1,1,2,1,2,4,6,1,1,33,2,2,0
1,49,6,2005,2,1,1,2,2,1,1,1,1,1,1,4,1,2,14,6,1,1,33,2,2,0
1,49,6,2005,2,1,1,2,2,1,1,1,1,1,1,4,1,2,9,6,1,1,33,2,2,0
1,49,7,2005,2,1,1,2,2,1,1,1,1,1,1,5,1,2,14,6,1,1,33,2,2,0
1,49,7,2005,3,1,1,2,2,1,1,1,1,1,1,2,1,2,9,6,1,1,33,2,2,1
1,49,8,2005,1,1,5,2,2,1,1,1,1,1,1,2,1,2,14,6,1,1,33,2,2,0
1,49,8,2005,2,1,1,2,2,1,2,1,1,1,1,2,1,2,9,6,1,1,33,2,2,0
1,49,10,2005,1,1,1,2,2,1,1,1,1,1,1,4,1,2,4,6,1,1,33,2,2,0
4,49,5,2005,3,1,1,2,2,1,1,1,1,1,1,4,1,2,14,6,1,1,33,2,2,0
4,49,9,2005,2,1,1,2,2,1,1,1,1,1,1,4,1,2,19,6,1,1,33,2,2,1
4,49,11,2005,3,1,1,2,2,1,1,1,1,1,1,4,1,2,14,6,1,1,33,2,2,0
2,49,6,2005,3,7,7,2,2,1,1,1,1,1,1,4,1,2,17,6,1,1,33,2,2,0
2,49,7,2005,4,1,1,2,2,1,4,1,1,1,1,4,1,2,14,6,1,1,33,2,2,1
5,49,3,2005,2,1,1,2,2,1,1,1,1,1,1,4,1,2,10,6,1,1,33,2,2,3
5,49,9,2005,2,3,1,2,2,1,1,1,1,1,1,4,1,2,14,6,1,1,33,2,2,0
5,49,9,2005,2,1,1,2,2,1,1,1,1,1,1,4,1,2,6,6,1,1,33,2,2,3
3,49,10,2005,1,1,1,2,2,1,1,1,1,1,1,2,1,2,12,6,1,1,33,2,2,3
3,44,12,2005,2,1,1,2,2,1,1,1,1,1,1,1,1,2,9,6,1,1,33,2,2,1
6,44,12,2005,2,1,1,2,2,1,1,1,1,1,1,1,1,2,9,6,1,1,33,2,2,0
6,44,12,2005,1,1,1,2,2,1,4,1,1,1,1,3,1,2,10,6,1,1,33,2,2,0
6,44,12,2005,3,1,1,2,2,1,1,1,1,1,1,1,1,2,14,6,1,1,33,2,2,0
6,44,12,2005,1,1,1,2,2,1,1,1,1,1,1,3,1,2,14,6,1,1,33,2,2,0
2,44,12,2005,2,1,1,2,2,1,1,1,1,1,1,3,1,2,9,6,1,1,33,2,2,0
7,44,12,2005,1,1,1,2,2,2,1,1,1,1,1,3,1,2,14,6,1,1,33,2,2,0
12,47,12,2005,1,1,1,2,2,1,1,1,1,1,1,1,1,2,14,6,1,1,33,2,2,0
9,47,12,2005,1,1,1,2,2,1,2,1,1,1,1,1,1,2,12,6,1,1,33,2,2,0
9,47,12,2005,2,1,1,2,2,1,1,1,1,1,1,1,1,2,9,6,1,1,33,2,2,0
8,47,12,2005,3,1,1,2,2,1,1,1,1,1,1,1,1,2,9,6,1,1,33,2,2,0
9,47,11,2005,1,1,1,2,2,1,4,1,1,1,1,1,1,2,14,6,1,1,33,2,2,0
9,47,11,2005,3,1,1,2,2,1,1,1,1,1,1,1,1,2,10,6,1,1,33,2,2,0
3,47,11,2005,3,1,1,2,2,1,1,1,1,1,1,3,1,2,14,6,1,1,33,2,2,0
7,47,11,2005,3,1,1,2,2,1,1,1,1,1,1,1,1,2,9,6,1,1,33,2,2,1
4,47,11,2005,1,1,1,2,2,1,1,1,1,1,1,3,1,2,14,6,1,1,33,2,2,0
8,47,11,2005,2,1,1,2,2,1,1,1,1,1,1,1,1,2,13,6,1,1,33,2,2,1
13,47,10,2005,3,1,1,2,2,1,1,1,1,1,1,2,1,2,9,6,1,1,33,2,2,0
8,47,10,2005,3,1,1,2,2,1,1,1,1,1,1,1,1,2,9,6,1,1,33,2,2,0