Thana,District,Month,Year,Time,Junction_Type,Traffic_Control,Movement,Divider,Weather,Light,Road_Geometry,Surface_Condition,Surface_Type,Surface_Quality,Road_Class,Road_Feature,Location_Type,Vehicle_Type,Vehicle_Movement,Vehicle_Loading,Vehicle_Defect,Vehicle_Driver_Age,Vehicle_Alcohol,Vehicle_Seat_Belt,Accident_Severity
12,47,10,2005,3,1,1,2,2,1,1,1,1,1,1,1,1,2,9,6,1,1,33,2,2,0
8,47,9,2005,2,1,1,2,2,1,1,1,1,1,1,3,1,2,4,6,1,1,33,2,2,1
5,47,9,2005,1,1,1,2,2,1,1,1,1,1,1,1,1,2,9,6,1,1,33,2,2,0
5,47,9,2005,1,1,1,2,2,1,1,1,1,1,1,1,1,2,9,6,1,1,33,2,2,1
8,47,9,2005,2,1,1,2,2,1,4,1,1,1,1,3,1,2,14,6,1,1,33,2,2,1
1,47,8,2005,3,1,1,2,2,1,1,1,1,1,1,1,1,2,9,6,1,1,33,2,2,0
8,47,8,2005,2,1,1,2,2,1,1,1,1,1,1,1,1,2,14,6,1,1,33,2,2,0
8,47,8,2005,2,1,1,2,2,1,1,1,1,1,1,1,1,2,9,6,1,1,33,2,2,0
8,47,8,2005,2,1,1,2,2,1,1,1,1,1,1,1,1,2,12,6,1,1,33,2,2,0
8,47,8,2005,3,1,1,2,2,1,1,1,1,1,1,1,1,2,9,6,1,1,33,2,2,0
8,47,8,2005,1,1,7,2,2,1,1,1,1,1,1,1,1,2,14,6,1,1,33,2,2,0
12,47,7,2005,2,1,1,2,2,1,1,1,1,1,1,1,1,2,19,6,1,1,33,2,2,1
12,47,7,2005,1,1,1,2,2,1,1,1,1,1,1,1,1,2,9,6,1,1,33,2,2,0
12,47,7,2005,1,1,1,2,1,1,1,1,1,1,1,1,1,2,9,6,1,1,33,2,2,1
12,47,6,2005,2,1,1,2,2,1,1,1,1,1,1,1,1,2,10,6,1,1,33,2,2,0
12,47,6,2005,3,1,1,2,2,1,1,4,1,1,1,1,1,2,9,6,1,1,33,2,2,1
12,47,6,2005,2,1,1,2,2,1,1,1,1,1,1,1,1,2,9,6,1,1,33,2,2,0
12,47,6,2005,2,1,1,2,2,1,1,1,1,1,1,1,1,2,10,6,1,1,33,2,2,0
5,37,6,2005,1,1,1,2,2,1,1,1,1,1,1,3,1,2,8,6,1,1,33,2,2,0
6,37,8,2005,2,1,1,2,2,1,1,1,1,1,1,3,1,2,6,6,1,1,33,2,2,1
6,37,8,2005,2,1,1,2,2,1,1,1,1,1,1,4,1,2,14,6,1,1,33,2,2,0
6,37,11,2005,2,1,1,2,2,1,1,1,1,1,1,4,1,2,9,6,1,1,33,2,2,0
1,39,5,2005,3,1,1,2,2,1,1,1,1,1,1,2,1,2,9,6,1,1,33,2,2,0
1,39,5,2005,2,1,1,2,2,1,1,1,1,1,1,2,1,2,12,6,1,1,33,2,2,0
1,39,8,2005,2,1,1,2,2,1,1,1,1,1,1,1,1,2,14,6,1,1,33,2,2,0
1,39,8,2005,2,1,1,2,2,1,1,1,1,1,1,1,1,2,19,6,1,1,33,2,2,0
1,39,8,2005,2,1,1,2,2,1,1,1,1,1,1,1,1,2,9,6,1,1,33,2,2,0
3,39,8,2005,3,1,1,2,2,1,1,1,1,1,1,1,1,2,10,6,1,1,33,2,2,1
3,39,8,2005,2,1,1,2,2,1,1,1,1,1,1,1,1,2,8,6,1,1,33,2,2,0
4,39,12,2005,3,1,1,2,2,1,1,1,1,1,1,1,1,2,9,6,1,1,33,2,2,1
3,39,12,2005,3,1,1,2,2,1,3,1,1,1,1,1,1,2,10,6,1,1,33,2,2,0
4,36,5,2005,2,1,1,2,2,1,1,1,1,1,1,3,1,2,6,6,1,1,33,2,2,0
4,36,6,2005,5,1,1,2,2,1,1,1,1,1,1,1,1,2,19,6,1,1,33,2,2,0
4,36,6,2005,1,1,1,2,2,1,1,1,1,1,1,1,1,2,6,1,1,1,33,2,2,3
4,36,11,2005,2,1,1,2,2,1,1,1,1,1,1,3,1,2,5,6,1,1,33,2,2,0
3,36,2,2005,3,1,1,2,2,1,1,1,1,1,1,2,1,2,5,6,1,1,33,2,2,0
3,36,3,2005,3,1,1,2,2,1,1,1,1,1,1,1,1,2,19,6,1,1,33,2,2,0
3,36,5,2005,2,1,1,2,2,1,1,1,1,1,1,2,1,2,6,6,1,1,33,2,2,0
3,36,6,2005,2,1,1,2,2,1,1,1,1,1,1,1,1,2,14,6,1,1,33,2,2,0
3,36,8,2005,2,1,1,2,2,1,1,1,1,1,1,1,1,2,14,6,1,1,33,2,2,0
3,36,8,2005,2,1,1,2,2,1,1,1,1,1,1,1,1,2,9,6,1,1,33,2,2,0
3,36,10,2005,5,1,1,2,2,1,2,1,1,1,1,1,1,2,8,6,1,1,33,2,2,0
3,36,11,2005,2,1,1,2,2,1,1,1,1,1,1,1,1,2,9,6,1,1,33,2,2,1
3,36,12,2005,1,1,1,2,2,1,1,1,1,1,1,1,1,2,9,6,1,1,33,2,2,0
1,36,3,2005,1,1,1,2,2,1,1,1,1,1,1,3,1,2,9,6,1,1,33,2,2,0
1,36,6,2005,2,1,1,2,2,1,2,1,1,1,1,1,1,2,9,6,1,1,33,2,2,0
1,6,9,2005,2,1,2,2,2,1,1,1,1,1,1,1,1,2,9,6,1,1,33,2,2,0
1,36,2,2005,3,1,1,2,2,1,1,1,1,1,1,1,1,2,9,6,1,1,33,2,2,0
1,36,8,2005,3,1,1,2,2,1,1,1,1,1,1,1,1,2,7,6,1,1,33,2,2,0
1,36,12,2005,1,1,1,2,2,1,1,1,1,1,1,1,1,2,14,6,1,1,33,2,2,0
2,36,6,2005,3,1,1,2,2,1,1,1,1,1,1,1,1,2,14,6,1,1,33,2,2,0
2,36,8,2005,4,1,1,2,2,1,1,1,1,1,1,1,1,2,4,6,1,1,33,2,2,0
6,37,11,2005,2,1,1,2,2,1,1,1,1,1,1,2,1,2,9,6,1,1,33,2,2,0
1,46,7,2005,4,1,1,2,2,1,1,1,1,1,1,1,1,2,9,6,1,1,33,2,2,0
1,46,7,2005,2,1,1,2,2,1,1,1,1,1,1,1,1,2,9,6,1,1,33,2,2,0
1,46,7,2005,3,1,1,2,2,1,1,1,1,1,1,1,1,2,9,6,1,1,33,2,2,0
1,46,7,2005,3,1,1,2,2,1,1,1,1,1,1,1,1,2,9,6,1,1,33,2,2,0
1,46,7,2005,3,1,1,2,2,1,1,1,1,1,1,1,1,2,10,6,1,1,33,2,2,0
1,46,7,2005,4,1,1,2,2,1,4,1,1,1,1,1,1,2,19,6,1,1,33,2,2,0
1,46,6,2005,2,1,1,2,2,1,1,1,1,1,1,1,1,2,14,6,1,1,33,2,2,0
1,46,7,2005,3,1,1,2,2,1,1,1,1,1,1,1,1,2,9,6,1,1,33,2,2,0
1,46,6,2005,3,1,1,2,2,1,1,1,1,1,1,1,1,2,9,6,1,1,33,2,2,0
1,46,6,2005,2,1,1,2,2,1,4,1,1,1,1,1,1,2,9,6,1,1,33,2,2,0
1,46,6,2005,2,1,1,2,2,1,1,1,1,1,1,1,1,2,14,6,1,1,33,2,2,0
1,46,6,2005,2,1,1,2,2,1,1,1,1,1,1,1,1,2,12,6,1,1,33,2,2,0
1,46,6,2005,2,1,1,2,2,1,1,1,1,1,1,1,1,2,12,6,1,1,33,2,2,0
1,46,6,2005,1,1,1,2,2,1,1,1,1,1,1,1,1,2,9,6,1,1,33,2,2,0
1,46,6,2005,1,1,1,2,2,1,4,1,1,1,1,1,1,2,14,6,1,1,33,2,2,0
1,46,5,2005,1,1,1,2,2,1,2,1,1,1,1,1,1,2,14,6,1,1,33,2,2,0
1,46,5,2005,2,1,1,2,2,1,1,1,1,1,1,1,1,2,12,6,1,1,33,2,2,0
1,46,5,2005,2,1,1,2,2,1,4,1,1,1,1,1,1,2,14,6,1,1,33,2,2,0
1,46,5,2005,3,1,1,2,2,1,1,1,1,1,1,1,1,2,9,6,1,1,33,2,2,0
1,46,2,2005,1,1,1,2,2,1,1,1,1,1,1,1,1,2,14,6,1,1,33,2,2,0
1,46,2,2005,1,1,1,2,2,1,1,1,1,1,1,1,1,2,9,6,1,1,33,2,2,0
1,46,2,2005,2,1,1,2,2,1,1,1,1,1,1,1,1,2,14,6,1,1,33,2,2,0
1,46,2,2005,4,1,1,2,2,1,4,1,1,1,1,1,1,2,14,6,1,1,33,2,2,0
1,46,2,2005,3,1,1,2,2,1,1,1,1,1,1,1,1,2,8,6,1,1,33,2,2,0
1,46,2,2005,1,1,1,2,2,1,2,1,1,1,1,1,1,2,14,6,1,1,33,2,2,0
1,46,1,2005,2,1,1,2,2,1,2,1,1,1,1,1,1,2,19,6,1,1,33,2,2,0
1,46,1,2005,1,1,1,2,2,1,2,1,1,1,1,1,1,2,14,6,1,1,33,2,2,0
1,46,1,2005,2,1,1,2,2,1,1,1,1,1,1,1,1,2,9,6,1,1,33,2,2,0
1,46,1,2005,1,1,7,2,1,4,1,1,1,1,1,1,1,2,8,6,1,1,33,2,2,0
1,46,4,2005,4,1,1,2,2,1,4,1,1,1,1,1,1,2,9,6,1,1,33,2,2,0
1,46,4,2005,2,1,1,2,2,1,1,1,1,1,1,1,1,2,9,6,1,1,33,2,2,0
1,46,4,2005,3,1,1,2,2,1,2,1,1,1,1,1,1,2,9,6,1,1,33,2,2,0
1,46,4,2005,4,1,1,2,2,1,4,1,1,1,1,1,1,2,19,6,1,1,33,2,2,0
1,46,3,2005,2,1,1,2,2,1,1,1,1,1,1,1,1,2,19,6,1,1,33,2,2,0
1,46,3,2005,4,1,1,2,2,1,3,1,1,1,1,1,1,2,9,6,1,1,33,2,2,0
1,46,2,2005,3,1,1,2,2,1,1,1,1,1,1,1,1,2,14,6,1,1,33,2,2,0
1,46,1,2005,3,1,1,2,2,1,1,1,1,1,1,1,1,2,19,6,1,1,33,2,2,1
6,46,7,2005,2,1,1,2,2,1,1,1,1,1,1,1,1,2,8,6,1,1,33,2,2,0
5,46,1,2005,3,1,1,2,2,1,1,1,1,1,1,1,1,2,9,6,1,1,33,2,2,0
5,46,2,2005,2,1,1,2,2,1,1,1,1,1,1,1,1,2,19,6,1,1,33,2,2,0
5,46,3,2005,3,1,1,2,2,1,1,1,1,1,1,1,1,2,9,6,1,1,33,2,2,0
5,46,1,2005,3,1,1,2,2,1,1,1,1,1,1,1,1,2,9,6,1,1,33,2,2,0
5,46,1,2005,3,1,1,2,2,1,1,1,1,1,1,1,1,2,9,6,1,1,33,2,2,0
5,46,2,2005,3,1,1,2,2,1,1,1,1,1,1,1,1,2,9,6,1,1,33,2,2,0
5,46,3,2005,3,1,1,2,2,1,1,1,1,1,1,1,1,2,9,6,1,1,33,2,2,0
5,46,4,2005,2,1,1,2,2,1,3,1,1,1,1,1,1,2,9,6,1,1,33,2,2,0
5,46,4,2005,1,1,1,2,2,1,1,1,1,1,1,1,1,2,14,6,1,1,33,2,2,0
5,46,5,2005,2,1,1,2,2,1,1,1,1,1,1,1,1,2,9,6,1,1,33,2,2,0
5,46,5,2005,1,1,1,2,2,1,1,1,1,1,1,1,1,2,14,6,1,1,33,2,2,0
5,46,5,2005,2,1,1,2,2,1,1,1,1,1,1,1,1,2,9,6,1,1,33,2,2,0
5,46,5,2005,3,1,1,2,2,1,1,1,1,1,1,1,1,2,12,6,1,1,33,2,2,0
5,46,6,2005,1,1,1,2,2,1,3,1,1,1,1,1,1,2,14,6,1,1,33,2,2,0
5,46,12,2005,4,1,1,2,2,1,1,1,1,1,1,1,1,2,19,6,1,1,33,2,2,0
5,46,7,2005,3,1,1,2,2,1,1,1,1,1,1,1,1,2,9,6,1,1,33,2,2,0
5,46,8,2005,4,1,1,2,2,1,1,1,1,1,1,1,1,2,19,6,1,1,33,2,2,0
5,46,10,2005,3,1,1,2,2,1,1,1,1,1,1,1,1,2,19,6,1,1,33,2,2,0
5,46,12,2005,1,1,1,2,2,1,1,1,1,1,1,1,1,2,14,6,1,1,33,2,2,0
5,41,9,2005,1,1,1,2,2,1,4,1,1,1,1,1,1,2,19,6,1,1,33,2,2,0
3,41,9,2005,3,1,1,2,2,1,1,1,1,1,1,1,1,2,8,6,1,1,33,2,2,1
1,41,10,2005,2,1,1,2,2,1,1,1,1,1,1,1,1,2,10,6,1,1,33,2,2,0
5,41,10,2005,2,1,1,2,2,1,1,1,1,1,1,1,1,2,19,6,1,1,33,2,2,0
5,41,10,2005,1,1,1,2,2,1,1,1,1,1,1,1,1,2,14,6,1,1,33,2,2,0
3,41,10,2005,3,1,1,2,2,1,1,1,1,1,1,3,1,2,5,6,1,1,33,2,2,0
3,41,10,2005,3,1,1,2,2,1,1,1,1,1,1,1,1,2,8,6,1,1,33,2,2,0
3,41,10,2005,3,1,1,2,2,1,1,1,1,1,1,1,1,2,14,6,1,1,33,2,2,0
3,41,11,2005,5,1,1,2,2,1,1,1,1,1,1,3,1,2,7,6,1,1,33,2,2,0
3,41,11,2005,3,1,1,2,2,1,1,1,1,1,1,1,1,2,9,6,1,1,33,2,2,0
1,41,11,2005,3,1,1,2,2,1,1,1,1,1,1,1,1,2,19,6,1,1,33,2,2,0
3,41,11,2005,3,1,1,2,2,1,1,2,1,1,1,3,1,2,7,6,1,1,33,2,2,0
3,41,11,2005,4,1,1,2,2,1,2,1,1,1,1,1,1,2,14,6,1,1,33,2,2,0
3,41,11,2005,3,1,1,2,2,1,1,1,1,1,1,1,1,2,8,6,1,1,33,2,2,0
3,41,11,2005,3,1,1,2,2,1,1,1,1,1,1,1,1,2,9,6,1,1,33,2,2,0
3,41,11,2005,1,1,1,2,2,1,1,1,1,1,1,1,1,2,9,6,1,1,33,2,2,0
1,41,12,2005,3,1,1,2,2,1,2,1,1,1,1,1,1,2,9,6,1,1,33,2,2,1
1,41,12,2005,4,1,1,2,2,1,4,1,1,1,1,1,1,2,19,6,1,1,33,2,2,0
7,41,12,2005,1,1,1,2,2,1,1,1,1,1,1,1,1,2,14,6,1,1,33,2,2,1
6,41,12,2005,4,1,1,2,2,1,1,1,1,1,1,1,1,2,11,6,1,1,33,2,2,0
1,39,5,2005,3,1,1,2,2,1,1,1,1,1,1,1,1,2,9,6,1,1,33,2,2,0
10,64,6,2005,4,1,8,2,2,1,4,1,2,1,1,1,1,1,8,6,1,1,38,2,2,0
10,64,6,2005,3,2,1,2,1,1,1,3,1,1,3,1,1,1,9,6,1,4,27,2,2,0
10,64,9,2005,3,2,4,2,2,1,1,1,1,1,1,1,1,1,8,6,1,1,31,2,2,1
10,64,10,2005,2,3,1,2,2,1,1,1,1,1,1,3,1,1,13,2,1,1,35,2,2,0
3,64,5,2005,2,1,1,2,2,1,1,1,1,1,1,1,1,1,9,6,1,7,43,2,2,0
3,64,11,2005,2,3,1,2,1,1,1,1,1,1,1,5,1,1,19,5,1,1,33,2,2,0
3,64,12,2005,4,1,1,2,2,1,2,1,1,1,1,1,1,1,19,6,1,7,33,2,2,0
4,64,3,2005,2,2,4,2,2,1,1,1,1,1,1,5,1,1,10,6,1,1,33,1,2,1
4,64,4,2005,4,1,2,1,2,1,2,1,1,1,1,5,1,1,14,6,1,1,25,2,2,0
4,64,4,2005,2,1,2,2,1,1,1,1,1,1,1,5,1,1,14,5,1,1,25,2,2,0
4,64,4,2005,3,2,4,2,1,1,1,1,1,1,1,5,1,1,14,5,1,1,26,2,2,0
4,64,4,2005,2,2,4,2,1,1,1,1,1,1,1,5,1,1,9,5,1,1,35,2,2,0
4,64,4,2005,2,1,2,1,2,1,1,1,1,1,1,5,1,1,14,5,1,1,33,2,2,0
4,64,5,2005,4,1,2,1,1,1,2,1,1,1,1,5,1,1,14,5,1,1,25,2,2,0
4,64,5,2005,1,2,4,2,2,1,2,1,1,1,1,5,1,1,10,6,1,1,25,2,2,0
4,64,7,2005,2,2,2,2,1,1,1,1,1,1,1,5,1,1,9,5,1,1,25,2,2,1
4,64,9,2005,1,1,2,1,2,1,2,1,1,1,1,5,1,1,14,6,1,1,38,2,2,0
4,64,12,2005,3,2,2,2,1,1,1,1,1,1,1,5,1,1,9,6,1,1,22,2,2,0
4,64,12,2005,3,3,2,1,2,1,1,1,1,1,1,5,1,1,14,6,2,1,27,2,2,0
11,64,4,2005,4,7,3,2,2,1,3,1,1,1,1,5,1,2,9,11,1,1,33,2,2,0
11,64,12,2005,3,1,1,2,1,1,1,1,1,1,1,5,1,1,7,6,1,1,23,2,2,0
8,64,2,2005,3,1,1,1,2,1,1,2,1,1,1,5,1,1,9,1,1,1,33,2,2,1
8,64,6,2005,3,1,1,1,2,1,1,1,1,1,1,5,1,1,9,6,1,1,33,2,2,0
8,64,9,2005,4,1,1,1,2,1,1,1,1,1,1,5,1,1,19,6,1,1,30,2,2,0
5,64,3,2005,3,3,1,1,2,1,1,1,1,1,1,1,1,1,14,7,1,1,33,2,2,0
5,64,2,2005,3,1,1,1,1,1,1,1,1,1,1,1,1,1,14,1,1,1,33,2,2,1
5,64,5,2005,2,3,1,1,1,1,1,2,1,1,1,1,1,1,9,8,1,1,40,2,1,3
5,64,10,2005,3,1,1,1,1,1,1,1,1,1,1,1,1,1,14,7,1,1,33,2,2,0
5,64,10,2005,3,1,1,2,2,1,1,1,1,1,1,1,1,1,14,2,1,1,36,2,2,0
5,64,10,2005,2,1,1,1,2,2,1,1,2,1,2,5,1,1,14,1,1,1,33,2,2,0
5,64,11,2005,2,1,1,1,1,1,1,1,1,1,1,5,1,1,14,6,1,1,33,1,2,0
7,64,2,2005,4,7,4,2,1,1,2,1,1,1,1,5,1,1,4,6,1,1,33,2,2,1
7,64,3,2005,2,1,8,2,2,1,1,1,1,1,1,5,1,1,9,6,1,1,33,2,2,0
7,64,3,2005,4,1,8,2,2,1,4,1,1,1,1,5,1,1,9,6,1,1,33,2,2,0
7,64,4,2005,3,7,6,2,2,1,1,1,1,1,1,5,1,1,14,6,1,1,45,2,2,0
7,64,6,2005,3,1,8,2,2,1,1,1,1,1,1,5,1,1,10,6,1,1,33,2,2,1
7,64,7,2005,3,2,5,2,1,1,1,1,1,1,1,5,1,1,8,5,1,1,35,2,2,1
7,64,8,2005,2,6,8,1,2,1,3,1,1,1,1,5,1,1,14,6,1,1,33,2,2,1
7,64,8,2005,2,7,8,2,2,1,1,1,1,1,1,5,1,1,8,8,1,1,33,2,2,1
2,64,1,2005,3,3,1,2,1,1,1,1,1,1,1,5,1,1,1,6,1,1,33,2,2,0
2,64,1,2005,4,2,4,2,1,1,2,1,1,1,1,5,1,1,14,6,1,1,33,2,2,0
2,64,1,2005,3,2,1,2,1,1,1,1,1,1,1,5,1,1,10,6,1,1,33,2,2,0
2,64,2,2005,3,1,1,1,2,1,1,1,2,3,1,5,1,1,14,6,1,1,33,2,2,0
2,64,4,2005,2,5,4,2,2,1,1,1,1,1,1,5,1,1,14,6,1,1,33,2,2,1
2,64,4,2005,4,1,1,2,2,1,2,1,1,1,1,5,1,1,14,6,1,1,33,2,2,0
2,64,5,2005,4,3,4,2,2,1,3,1,1,1,1,5,1,1,14,6,1,1,33,2,2,0
2,64,6,2005,4,1,1,1,2,1,2,1,1,1,1,5,1,1,14,6,1,1,33,2,2,0
2,64,9,2005,2,3,1,2,2,1,1,1,1,1,1,5,1,1,14,6,1,1,33,2,2,0
2,64,9,2005,3,3,1,2,2,1,1,1,1,1,1,5,1,1,10,10,1,1,33,2,2,0
2,64,10,2005,3,3,1,1,2,1,1,1,1,1,1,5,1,1,14,6,1,1,33,2,2,1
2,64,10,2005,4,3,1,1,2,1,2,1,1,1,1,5,1,1,9,6,1,1,33,2,2,0
2,64,11,2005,2,3,1,1,2,1,1,1,1,1,1,5,1,1,6,6,1,1,33,2,2,0
2,64,11,2005,2,3,1,1,2,1,1,1,1,1,1,5,1,1,14,6,1,1,33,2,2,0
2,64,12,2005,3,3,1,1,2,1,1,1,1,1,1,5,1,1,14,6,1,1,33,2,2,0
2,64,12,2005,2,3,1,2,2,1,1,1,1,1,1,5,1,1,14,6,1,1,33,2,2,0
2,64,12,2005,3,1,1,2,2,1,1,1,1,1,1,5,1,1,19,6,1,1,33,2,2,0
1,64,1,2005,3,5,1,2,1,1,1,1,1,1,1,5,1,1,14,6,1,1,35,2,2,0
1,64,11,2005,4,7,8,1,1,1,3,3,1,1,1,5,1,1,14,11,2,6,33,2,2,1
6,64,3,2005,2,2,4,2,1,1,1,1,1,1,1,5,1,1,9,6,1,1,33,2,2,3
6,64,4,2005,2,2,4,2,1,1,1,1,1,1,1,5,1,1,14,6,1,1,33,2,2,3
6,64,4,2005,3,1,8,2,1,1,1,1,1,1,1,5,1,1,14,6,1,1,33,2,2,1
6,64,6,2005,3,2,4,2,1,1,2,1,1,1,1,5,1,1,9,6,1,1,33,2,2,1
6,64,7,2005,3,1,7,2,1,1,2,1,1,1,1,5,1,1,8,6,1,1,33,2,2,0
6,64,8,2005,4,1,8,2,1,1,3,1,1,1,1,5,1,1,9,7,1,1,33,1,2,0
6,64,8,2005,2,1,4,2,1,1,1,1,1,1,1,5,1,1,10,6,1,7,33,1,2,1
5,28,12,2005,4,1,1,2,2,1,3,1,1,1,1,1,1,1,14,6,1,1,33,2,2,0
1,28,3,2005,4,1,2,2,1,1,3,1,1,1,1,5,1,1,2,8,1,1,30,2,2,3
9,63,7,2005,2,1,8,2,2,1,1,2,1,1,1,1,1,2,9,1,1,1,33,1,2,0
1,65,7,2005,2,2,4,2,2,1,1,1,1,1,1,4,1,2,11,2,1,3,33,1,2,0
1,65,7,2005,1,1,8,1,2,1,1,1,1,1,1,1,1,2,11,2,1,7,33,1,2,0
4,65,7,2005,3,1,1,2,2,2,1,1,2,1,1,4,1,2,11,6,1,2,20,2,2,0
8,65,7,2005,4,3,1,2,2,3,4,1,2,1,1,4,1,2,9,6,1,2,33,1,2,0
5,60,7,2005,3,2,1,2,2,1,1,5,1,1,1,1,1,2,9,5,1,2,38,1,2,0
1,60,7,2005,3,1,1,2,2,1,1,1,1,1,1,2,1,2,9,6,1,1,33,2,2,0
4,60,7,2005,2,1,1,2,2,1,1,1,1,1,1,3,1,2,11,6,1,2,33,2,2,0
6,60,7,2005,2,7,8,1,2,2,1,1,2,1,1,1,1,2,12,6,1,7,33,1,2,0
13,58,7,2005,2,7,1,2,2,1,1,1,1,1,1,1,1,2,9,11,1,1,35,2,2,0
1,60,2,2005,2,1,1,1,1,1,1,1,1,1,1,4,1,2,9,6,1,1,33,2,2,0
3,60,1,2005,1,1,8,1,2,1,1,2,1,1,1,3,1,2,4,6,1,1,33,2,2,1
4,60,2,2005,2,1,1,2,1,1,2,3,1,3,2,4,1,2,11,7,1,1,33,2,2,0
4,60,1,2005,2,2,3,2,2,1,1,1,1,1,1,3,1,2,11,6,1,1,33,2,1,0
5,60,1,2005,4,1,8,2,2,1,4,1,1,1,1,1,1,2,10,6,1,2,33,1,2,0
7,60,4,2005,2,1,1,2,2,1,1,1,1,1,1,3,1,2,6,9,1,1,30,1,2,0
7,60,3,2005,1,1,1,2,2,1,1,1,1,1,1,3,1,2,9,8,1,1,33,1,2,1
8,60,2,2005,2,1,1,2,2,1,1,1,1,1,1,3,5,2,12,11,1,1,30,1,2,1
1,61,6,2005,1,1,1,2,2,1,2,1,1,1,1,1,1,2,10,6,1,2,33,1,0,0
2,61,1,2005,3,1,1,2,2,1,1,1,1,1,1,3,1,2,12,6,1,7,33,1,2,0
1,60,2,2005,3,1,1,2,1,1,1,1,1,1,1,2,1,2,9,6,1,1,33,2,2,0
2,61,7,2005,2,1,2,2,1,1,1,1,1,1,1,1,1,2,9,6,2,2,33,1,2,0
1,59,6,2005,2,3,1,2,2,1,1,1,1,1,1,2,1,2,9,11,1,2,33,1,2,0
7,58,7,2005,2,1,1,2,2,2,1,1,2,1,1,1,1,2,14,6,1,1,40,2,2,0
10,58,7,2005,3,7,8,2,2,1,1,1,1,1,1,3,1,2,9,11,1,7,40,2,2,0
12,58,7,2005,3,7,1,2,2,1,1,1,1,1,1,4,1,2,7,6,1,2,33,1,2,0
12,58,7,2005,3,1,1,2,1,1,1,1,1,1,1,3,1,2,9,6,1,2,32,2,2,0
1,61,7,2005,2,2,2,2,1,1,2,1,1,1,1,2,1,1,8,2,1,1,35,2,2,3
1,61,7,2005,4,1,1,2,1,1,4,1,1,1,1,1,1,2,9,6,1,2,33,2,2,0
1,61,6,2005,1,2,1,2,2,1,1,4,1,1,2,5,4,1,6,1,1,2,33,2,2,1
6,27,4,2006,4,3,1,2,2,1,2,1,5,3,3,4,1,2,13,11,1,1,32,2,2,0
5,27,5,2006,2,1,1,2,2,1,1,1,1,1,1,3,1,2,8,6,1,1,39,2,2,0
5,27,11,2006,2,3,1,2,2,1,1,1,1,1,1,2,1,2,4,1,1,3,24,2,2,3
5,27,12,2006,3,1,1,2,2,1,1,1,1,1,1,4,1,2,4,6,1,1,33,2,1,0
1,27,3,2006,2,1,2,2,2,1,1,1,1,1,1,5,1,2,19,6,2,7,20,2,2,1
1,27,6,2006,2,1,2,2,2,1,1,1,1,3,2,3,1,2,12,6,1,1,33,2,2,0
1,27,12,2006,3,7,1,2,2,1,1,1,1,1,1,4,2,2,1,1,1,1,33,1,2,0
2,27,2,2006,3,3,1,2,2,1,1,1,1,3,3,2,1,2,9,11,1,7,33,1,2,0
2,27,6,2006,2,1,1,2,2,1,1,1,1,1,1,2,1,2,19,6,1,1,33,2,2,0
2,27,7,2006,2,7,1,2,2,1,1,1,1,1,1,2,1,2,9,11,1,1,33,2,2,0
2,27,7,2006,3,2,1,2,2,1,1,1,1,1,1,2,3,2,9,11,1,1,33,2,2,0
2,27,10,2006,2,3,1,2,2,4,2,1,1,1,1,1,1,2,9,8,1,7,33,2,2,1
2,27,12,2006,3,1,1,2,2,1,1,1,1,1,1,1,1,2,19,6,1,1,39,2,2,0
3,33,1,2006,2,1,1,2,2,1,1,3,1,1,2,2,2,2,6,6,1,1,33,2,2,0
3,33,3,2006,3,1,1,2,2,1,1,1,1,1,1,2,1,2,6,6,1,1,33,2,2,0
1,33,1,2006,2,1,1,2,2,1,1,1,1,1,1,4,1,2,9,6,1,1,32,2,2,0
1,33,2,2006,2,1,1,2,2,1,1,1,1,1,1,4,1,2,9,6,1,1,23,2,2,0
1,33,2,2006,4,7,1,2,2,1,4,1,1,1,1,2,1,2,15,4,2,7,33,2,2,1
5,33,2,2006,2,1,1,2,2,1,1,1,1,1,1,4,1,2,14,6,1,1,33,1,2,0
5,33,4,2006,2,1,1,2,2,1,1,1,1,2,2,4,1,2,6,6,1,7,35,1,2,0
5,33,8,2006,5,1,1,2,2,1,1,1,1,1,1,2,1,2,9,2,1,3,33,2,2,0
4,33,6,2006,3,1,1,2,2,1,1,1,1,1,1,2,1,2,4,6,1,1,33,2,1,0
4,33,6,2006,3,1,1,2,2,1,1,1,1,1,1,2,1,2,14,6,2,1,33,1,2,0
2,33,2,2006,3,1,3,2,2,1,1,1,1,1,1,2,1,2,9,6,1,3,32,2,2,0
2,33,3,2006,3,1,3,2,2,1,1,1,1,1,1,2,1,2,9,6,1,1,33,1,2,0
2,33,6,2006,4,3,3,2,2,1,1,1,1,1,1,2,1,2,19,6,1,1,33,1,2,0
5,31,2,2006,3,7,3,2,2,1,2,1,1,2,3,4,1,2,19,4,1,1,22,2,2,0
6,31,2,2006,2,7,8,2,2,1,1,3,1,1,1,2,1,2,8,11,1,1,33,2,2,0
4,32,3,2006,3,7,8,2,2,1,1,4,1,2,3,2,3,2,9,2,1,1,33,2,2,0
4,32,4,2006,2,3,1,2,2,1,1,1,1,2,2,4,4,2,6,6,1,1,33,2,2,0
4,32,9,2006,3,1,1,2,2,2,1,1,2,1,1,2,1,2,9,6,1,1,35,2,2,0
2,32,4,2006,2,7,1,2,2,1,1,1,1,1,1,2,1,2,6,6,2,3,25,2,2,0