Thana,District,Month,Year,Time,Junction_Type,Traffic_Control,Movement,Divider,Weather,Light,Road_Geometry,Surface_Condition,Surface_Type,Surface_Quality,Road_Class,Road_Feature,Location_Type,Vehicle_Type,Vehicle_Movement,Vehicle_Loading,Vehicle_Defect,Vehicle_Driver_Age,Vehicle_Alcohol,Vehicle_Seat_Belt,Accident_Severity
3,32,3,2006,3,1,1,2,2,1,1,1,1,1,1,1,1,2,9,6,1,1,40,2,2,0
3,32,3,2006,3,1,1,2,2,1,1,1,1,1,1,1,1,2,9,6,1,1,33,1,2,0
3,32,4,2006,1,1,1,2,2,1,2,1,1,1,1,2,1,2,9,6,1,1,33,2,2,0
3,32,8,2006,3,1,1,2,2,1,1,1,1,1,2,4,1,2,6,6,1,1,20,2,2,0
1,30,2,2006,3,1,1,2,2,1,1,1,1,1,1,3,1,2,9,6,1,1,30,2,2,0
1,30,4,2006,4,1,1,2,2,1,4,1,1,1,1,2,1,2,14,6,1,1,33,1,2,0
1,30,5,2006,2,1,1,2,2,1,1,1,1,1,2,2,1,2,8,6,1,1,33,2,2,3
1,30,6,2006,3,1,1,2,2,2,1,1,2,1,1,3,1,2,19,6,1,6,33,2,2,0
1,30,7,2006,2,3,1,2,2,1,1,1,1,2,1,4,1,2,4,6,1,1,30,2,2,0
1,30,10,2006,3,1,1,2,2,1,1,1,1,1,1,1,1,2,10,6,1,1,33,2,2,1
7,30,4,2006,3,7,1,2,2,1,1,1,1,1,1,3,1,2,9,11,1,3,33,2,2,0
7,30,7,2006,2,1,1,2,2,2,1,1,2,1,1,1,1,2,8,6,1,1,35,2,2,0
6,30,3,2006,3,1,1,2,2,1,1,1,1,1,1,3,1,2,17,6,1,1,19,2,2,0
6,30,11,2006,2,1,1,2,2,1,1,1,1,1,1,3,1,2,9,6,1,1,33,1,2,0
6,30,12,2006,2,1,1,2,2,1,1,1,1,1,1,3,1,2,6,6,1,1,33,2,2,0
3,30,1,2006,3,7,1,2,2,1,1,2,1,2,2,3,1,2,9,6,1,1,33,2,2,0
3,30,7,2006,2,7,8,2,2,2,2,4,2,1,2,3,1,2,9,1,1,1,33,2,2,3
3,30,7,2006,3,3,1,2,2,1,1,1,1,1,1,3,1,2,9,8,1,1,33,2,2,1
3,30,8,2006,3,1,1,2,2,1,1,1,1,1,1,4,1,2,9,6,1,1,33,2,2,0
2,30,3,2006,2,1,1,2,2,1,1,1,1,1,1,4,1,2,6,6,1,1,33,2,2,0
2,30,4,2006,2,1,1,2,2,1,1,1,1,1,1,3,1,2,4,6,1,1,25,2,2,0
2,30,5,2006,2,1,1,2,2,2,1,2,2,1,2,3,1,2,8,9,1,1,33,2,2,0
2,30,7,2006,3,1,1,2,2,1,1,1,1,1,1,4,1,2,19,6,1,3,18,2,2,0
2,30,8,2006,4,1,1,2,2,1,4,1,1,1,1,3,1,2,4,6,1,1,33,2,1,0
2,30,9,2006,3,1,1,2,2,2,1,1,2,1,1,3,1,2,9,6,1,1,40,2,2,0
2,30,10,2006,4,1,1,2,2,2,4,3,2,2,2,4,1,2,4,6,1,1,28,2,2,0
2,30,10,2006,2,1,1,2,2,1,1,1,1,1,1,4,1,2,17,6,2,1,40,2,2,0
4,34,1,2006,3,1,1,2,2,1,1,1,1,1,1,1,1,2,8,6,1,1,45,2,2,0
4,34,1,2006,2,1,1,2,2,1,1,1,1,1,1,1,3,2,19,11,2,1,22,1,2,0
4,34,2,2006,4,1,1,2,2,1,4,1,1,1,1,1,1,2,8,11,1,1,38,1,2,0
4,34,6,2006,3,1,1,2,2,1,1,1,1,1,1,1,1,2,4,6,1,1,40,2,1,0
5,34,2,2006,2,7,1,2,2,1,1,2,5,1,2,3,4,2,14,6,1,1,33,2,2,0
5,34,3,2006,3,1,1,2,2,1,1,1,5,1,1,3,1,2,4,6,1,1,25,2,1,0
5,34,7,2006,3,3,1,2,2,1,1,1,1,1,2,3,1,2,6,9,1,6,35,2,2,0
1,34,3,2006,3,2,1,2,2,1,1,1,1,2,1,4,1,2,19,1,1,3,33,2,2,0
9,34,5,2006,3,1,1,2,2,1,1,1,2,2,3,4,1,2,6,6,1,1,33,2,2,0
10,34,5,2006,3,1,1,2,2,1,1,1,1,1,1,1,1,2,7,6,1,4,33,2,2,0
6,34,1,2006,3,1,1,2,2,1,1,1,1,1,1,1,1,2,19,6,1,1,31,2,2,1
6,34,6,2006,3,7,1,2,2,1,1,1,1,1,1,1,1,2,4,6,1,6,26,1,2,1
6,34,6,2006,3,7,1,2,2,1,1,1,1,1,1,1,1,2,6,11,1,3,45,2,2,0
6,34,10,2006,2,1,1,2,2,1,1,1,1,1,1,1,1,2,7,6,1,1,33,2,2,0
2,32,10,2006,3,1,3,2,2,1,1,1,1,1,1,2,1,2,5,6,2,4,33,2,2,0
4,30,12,2006,2,3,1,2,2,1,1,2,1,1,1,3,1,2,6,1,1,1,33,2,2,0
1,32,12,2006,4,1,1,2,2,1,2,1,1,1,1,5,1,1,10,6,1,1,33,2,2,0
7,63,3,2006,3,2,4,2,1,1,1,1,1,1,1,1,1,2,13,5,1,1,33,2,1,3
4,63,3,2006,3,1,1,2,2,1,1,1,1,1,1,1,1,2,13,6,1,1,33,2,2,0
8,63,3,2006,1,1,1,2,2,1,4,1,1,1,1,1,1,2,9,11,1,1,32,1,2,1
8,63,3,2006,3,1,1,2,2,1,1,1,1,1,1,4,1,2,14,6,1,1,45,1,2,1
8,63,3,2006,3,1,2,2,2,1,1,1,1,1,1,1,1,2,9,6,1,1,33,2,2,3
9,63,3,2006,2,2,8,2,2,1,2,1,1,1,1,1,1,2,9,6,1,1,33,2,2,1
9,63,3,2006,3,7,1,2,2,1,1,1,1,1,1,1,2,2,14,6,1,1,33,2,2,0
3,63,2,2006,4,1,8,1,2,1,2,1,1,1,1,4,1,2,6,6,1,7,33,2,2,0
2,63,3,2006,3,3,1,2,2,1,1,1,1,2,1,4,1,2,11,6,1,7,33,2,2,3
11,63,3,2006,3,1,1,2,2,1,2,1,1,1,1,1,1,2,19,6,1,7,33,2,2,0
8,63,1,2006,2,2,3,2,2,1,1,1,1,1,1,1,1,2,9,6,1,2,33,1,0,0
8,63,1,2006,2,1,1,2,2,1,1,1,1,1,1,1,1,2,9,6,1,2,32,2,2,0
1,63,1,2006,3,7,1,2,2,1,1,1,1,1,1,3,1,2,11,6,1,1,33,2,2,0
7,63,1,2006,2,1,1,2,2,1,1,1,1,1,1,1,1,1,7,6,1,1,33,2,2,1
7,63,1,2006,3,3,1,2,2,1,1,4,1,1,2,1,1,2,14,1,1,2,33,2,2,0
14,63,1,2006,3,1,2,2,2,1,1,1,1,1,1,1,1,2,8,6,1,1,33,2,2,0
14,63,1,2006,1,1,1,2,1,2,1,1,1,1,1,1,1,2,14,6,1,2,37,2,2,0
9,63,2,2006,2,2,8,2,2,1,1,2,1,1,1,1,1,2,8,2,1,1,33,1,0,0
6,63,2,2006,3,4,8,2,2,1,1,2,1,1,1,1,1,2,19,1,1,1,37,2,2,0
5,63,2,2006,2,2,1,2,2,1,1,3,1,1,1,3,1,2,8,6,1,7,33,1,0,0
9,63,2,2006,4,1,1,2,1,1,4,1,1,1,1,1,1,2,9,2,1,1,33,2,2,2
1,59,1,2006,1,2,8,1,1,1,1,1,1,3,1,4,1,1,17,6,1,2,33,1,0,0
6,60,2,2006,2,2,1,2,2,1,1,1,1,1,1,4,1,1,10,6,1,1,21,2,2,3
12,58,1,2006,3,2,1,2,2,1,1,1,1,1,1,2,1,2,9,6,1,1,33,2,2,0
2,61,1,2006,3,7,8,1,2,1,1,1,1,1,1,4,1,2,6,11,1,1,33,2,2,3
1,61,1,2006,1,1,1,2,2,1,4,1,1,1,1,1,1,2,10,6,1,2,33,1,0,0
1,61,1,2006,3,2,3,2,2,1,1,1,1,1,1,1,1,1,14,6,1,1,30,2,2,0
1,62,1,2006,2,7,1,2,2,1,1,1,1,1,1,1,1,2,10,6,1,2,33,1,0,0
1,62,2,2006,3,7,3,2,1,1,1,1,1,1,1,1,1,2,9,11,2,2,33,1,0,0
1,62,2,2006,2,2,2,2,1,1,2,1,1,1,1,2,1,1,7,8,1,1,25,2,2,0
1,62,2,2006,3,6,2,2,2,1,1,1,1,1,1,2,1,1,6,6,1,2,33,1,0,0
1,61,2,2006,2,1,1,2,2,1,1,1,1,1,1,1,1,2,9,6,1,1,47,2,2,0
6,61,2,2006,2,7,1,2,1,1,1,1,1,3,2,4,1,2,17,6,1,2,25,2,2,0
5,57,2,2006,2,1,1,2,1,1,1,1,1,1,1,4,1,2,17,6,1,1,33,1,2,0
16,58,2,2006,1,1,1,2,2,4,4,1,5,1,1,1,1,2,10,6,1,1,38,1,2,1
7,58,2,2006,2,1,1,2,2,1,1,1,1,1,1,3,1,1,8,6,1,1,35,2,2,0
10,58,2,2006,3,1,1,2,2,1,1,1,1,1,1,2,1,2,9,6,1,1,33,1,2,1
1,66,3,2006,3,1,1,1,2,1,1,2,1,1,1,3,1,2,8,11,1,1,33,2,0,1
4,66,2,2006,2,2,1,2,2,1,1,2,1,1,1,1,1,2,14,1,1,2,40,1,0,0
1,66,2,2006,1,1,8,1,2,1,1,1,1,1,1,3,1,2,14,4,1,1,33,2,2,1
1,61,3,2006,2,1,1,2,2,1,1,1,1,1,1,1,1,2,14,6,1,2,33,1,2,1
1,61,3,2006,2,1,1,2,2,1,2,1,1,1,1,1,1,2,12,10,1,1,40,1,2,0
1,67,3,2006,4,2,2,2,2,1,2,3,1,1,1,1,1,1,14,11,2,2,33,1,2,1
1,59,3,2006,2,2,2,1,2,1,1,1,1,1,1,4,1,2,9,6,1,2,33,1,0,0
4,59,3,2006,3,2,8,2,2,1,1,1,1,1,1,2,1,2,14,1,1,2,33,2,0,3
5,59,3,2006,4,3,1,1,1,1,4,2,1,1,1,2,1,2,14,2,1,2,40,2,0,0
7,59,3,2006,2,7,1,2,2,1,1,1,1,1,1,4,1,2,14,6,2,7,33,1,0,0
1,62,3,2006,2,2,3,1,2,1,2,1,1,1,1,4,1,2,10,6,1,2,33,1,0,0
3,62,3,2006,3,1,8,2,2,1,1,1,1,1,1,2,1,2,10,6,1,2,33,1,0,0
5,57,3,2006,3,1,1,2,2,1,1,2,1,3,1,4,4,2,17,1,1,3,33,2,2,0
1,61,4,2006,2,1,4,2,1,1,1,1,1,1,1,1,1,1,9,6,1,1,30,2,2,0
6,61,4,2006,2,1,1,2,2,1,1,1,1,1,1,2,1,2,9,6,1,2,33,2,2,1
9,63,4,2006,2,7,1,2,2,1,2,1,1,1,1,1,1,2,11,6,1,7,33,1,2,0
9,63,4,2006,3,7,3,2,2,1,1,1,1,1,1,1,1,2,4,6,1,7,33,2,2,0
6,63,4,2006,2,7,8,2,2,1,1,1,1,1,1,4,1,2,14,8,1,7,33,2,2,0
5,63,4,2006,3,7,2,2,2,1,1,4,5,3,2,4,1,2,11,11,1,1,33,2,2,0
5,63,4,2006,2,1,1,2,2,1,1,1,1,1,1,1,1,2,19,6,1,1,33,2,0,0
8,63,4,2006,4,1,1,2,2,1,4,1,1,1,1,1,1,2,14,6,1,1,31,1,2,0
8,63,4,2006,3,2,8,1,1,1,1,1,1,1,1,1,1,2,9,6,1,7,33,2,2,0
4,59,4,2006,4,7,1,2,2,2,1,1,1,1,1,4,1,2,9,6,1,1,30,2,2,1
4,59,4,2006,4,7,1,2,2,2,1,1,1,1,1,4,1,2,10,6,1,2,33,1,0,0
1,59,4,2006,2,3,4,2,2,1,1,1,1,1,1,2,1,1,2,6,1,1,33,2,2,0
1,67,4,2006,4,7,8,2,2,1,2,1,1,3,1,1,1,1,9,2,1,1,45,1,2,0
1,67,4,2006,4,1,8,2,2,1,1,4,1,1,1,2,1,2,13,6,1,1,35,2,2,1
8,67,4,2006,2,1,3,1,1,1,2,1,1,1,1,3,1,2,9,6,1,1,38,2,2,0
8,68,4,2006,2,1,1,2,2,1,1,5,1,3,3,4,1,2,14,6,1,2,33,2,2,0
5,65,4,2006,3,2,1,2,2,1,1,1,1,1,1,1,1,2,11,6,2,7,28,2,2,1
3,57,4,2006,3,1,1,2,2,1,1,1,1,1,1,1,1,2,7,6,1,1,33,1,2,0
11,63,5,2006,4,1,1,2,2,1,4,1,1,1,1,3,1,2,14,6,1,1,28,2,2,0
3,63,5,2006,2,7,8,1,2,1,2,1,1,3,2,4,1,2,12,6,1,7,33,2,2,0
4,63,5,2006,2,1,1,2,2,1,1,1,1,1,1,1,1,2,14,4,1,1,33,1,2,1
14,63,4,2006,3,1,1,2,2,2,1,1,2,1,1,1,1,2,5,6,1,3,40,2,2,0
8,63,5,2006,4,1,3,1,2,1,4,1,2,1,1,1,1,2,19,6,1,7,33,2,2,0
8,63,5,2006,4,1,1,2,2,1,4,1,1,1,3,1,1,2,14,6,1,4,50,2,2,1
10,67,5,2006,2,7,8,1,2,1,1,5,1,1,3,4,1,2,14,6,1,2,28,2,2,0
1,62,5,2006,3,1,1,2,2,1,1,1,1,1,1,2,1,2,14,6,1,2,33,1,0,0
1,62,5,2006,2,7,6,2,2,1,1,1,1,1,1,4,1,2,10,6,1,2,33,1,0,0
5,59,5,2006,1,1,1,2,2,1,2,3,1,1,1,4,1,2,8,6,1,1,33,2,2,0
6,57,5,2006,3,3,8,2,2,1,1,1,1,1,1,4,1,2,8,6,1,1,25,2,2,0
5,57,5,2006,3,2,1,2,2,1,1,1,1,1,1,4,1,2,6,6,1,1,33,1,2,1
2,61,5,2006,3,1,1,2,2,1,1,1,1,1,1,1,1,2,14,6,1,1,33,2,2,0
2,61,5,2006,2,1,1,2,2,1,1,1,1,1,1,1,1,2,14,6,1,1,39,2,2,0
1,61,5,2006,1,7,8,1,1,1,1,1,1,1,1,1,1,2,4,6,1,1,33,2,2,1
1,62,6,2006,3,7,1,1,2,1,1,1,1,1,1,2,1,2,9,6,1,1,48,2,2,0
1,62,5,2006,3,7,6,2,2,1,1,1,1,1,1,2,1,2,14,11,1,1,33,1,0,0
5,68,6,2006,2,7,1,2,2,1,1,4,1,1,1,3,1,2,11,2,1,3,35,2,2,0
1,68,6,2006,1,7,1,2,2,1,2,4,2,1,2,1,1,1,14,2,1,7,35,2,2,0
7,65,5,2006,3,1,1,2,2,1,1,1,1,1,1,1,1,2,5,6,1,1,33,2,2,1
5,65,6,2006,2,1,1,2,2,1,1,1,1,1,1,1,1,2,4,6,1,1,33,1,2,0
1,65,6,2006,1,1,1,2,2,1,4,1,1,1,1,1,1,2,10,6,1,2,33,1,0,0
7,66,5,2006,3,1,1,2,2,1,1,2,1,1,1,4,1,2,13,6,1,1,35,2,2,1
4,61,6,2006,2,2,3,2,1,1,1,1,1,1,1,3,1,1,10,6,1,2,33,1,0,0
3,61,6,2006,3,2,3,2,1,1,1,1,1,1,1,1,2,1,14,6,1,7,33,2,2,0
4,59,6,2006,3,7,1,2,2,2,1,1,1,1,1,2,1,2,16,1,1,1,40,2,2,0
5,63,10,2006,1,2,3,2,2,4,2,1,1,2,3,1,1,2,11,6,1,7,33,2,2,0
3,61,7,2006,2,1,1,2,2,1,1,2,1,1,1,1,1,2,9,6,1,1,38,2,2,0
1,61,7,2006,2,1,1,2,2,1,1,1,1,1,1,1,1,2,12,6,1,1,33,2,2,0
1,61,6,2006,4,1,1,2,2,1,4,1,1,1,1,1,1,1,18,6,1,1,33,2,2,0
1,61,7,2006,5,7,1,2,2,1,4,1,1,1,1,1,1,1,19,6,1,6,33,2,2,0
4,59,7,2006,2,7,1,2,2,2,1,1,1,1,1,4,1,2,9,6,1,1,33,2,2,0
7,63,8,2006,3,1,1,2,2,1,1,2,1,1,1,1,1,2,7,2,1,1,30,2,2,0
7,63,8,2006,3,1,1,2,2,1,1,1,1,1,1,4,1,2,9,6,1,1,33,2,2,0
7,63,10,2006,2,1,1,2,2,1,1,1,1,1,1,1,1,2,9,6,1,1,45,2,2,0
7,63,10,2006,2,1,4,2,2,2,1,2,2,1,1,1,1,2,7,4,1,1,32,2,2,0
7,63,12,2006,3,2,1,2,2,1,1,1,1,1,1,2,1,2,9,6,1,1,35,2,2,1
6,63,6,2006,1,7,8,1,2,2,2,2,2,1,1,1,1,2,14,11,1,7,33,2,2,0
6,63,9,2006,2,7,8,2,2,2,1,2,2,1,1,4,1,2,14,1,1,7,28,2,2,1
11,63,6,2006,3,1,1,2,2,1,1,1,1,1,1,4,1,1,9,6,1,1,33,2,2,1
11,63,6,2006,2,2,2,1,2,1,1,1,1,1,1,4,2,1,14,6,1,6,42,2,2,1
11,63,7,2006,2,3,1,2,1,1,1,4,1,1,3,1,1,2,9,3,1,7,33,2,2,0
11,63,8,2006,2,2,2,1,1,1,1,1,1,1,1,4,1,2,19,6,1,2,35,1,0,0
14,68,7,2006,3,2,1,1,2,2,1,1,2,1,1,1,1,2,12,6,1,2,33,2,2,0
13,63,8,2006,2,2,1,2,1,1,1,1,1,1,1,1,1,2,14,5,1,2,50,2,2,0
14,63,8,2006,2,2,1,2,2,1,1,1,1,1,1,1,1,2,15,6,1,1,35,2,2,3
14,63,10,2006,3,2,1,2,2,1,1,1,1,1,1,1,1,2,9,4,1,2,25,2,2,0
14,63,12,2006,1,1,1,2,2,1,4,1,1,1,1,1,1,2,19,11,1,6,33,2,2,0
10,63,8,2006,4,1,1,2,2,1,2,1,1,1,1,4,1,2,11,6,2,3,20,1,2,0
10,63,11,2006,2,2,2,2,2,4,1,2,2,1,1,4,1,2,14,6,1,1,33,2,2,0
10,63,9,2006,3,2,2,2,2,1,1,1,1,1,1,4,1,2,13,6,1,6,33,1,2,0
8,63,6,2006,2,2,1,2,2,1,1,1,1,1,1,1,1,2,9,6,1,1,35,1,2,0
8,63,7,2006,1,2,1,2,1,1,1,1,1,1,1,1,1,1,14,6,1,1,33,2,2,0
8,63,7,2006,1,2,1,1,1,1,2,1,1,1,1,1,1,2,10,6,1,1,31,2,2,0
8,63,8,2006,3,1,1,1,1,1,1,1,1,1,1,1,1,2,9,6,1,1,33,1,2,0
8,63,11,2006,3,3,8,2,2,1,1,1,1,1,1,1,1,2,9,6,1,1,45,2,1,0
8,63,10,2006,2,1,1,1,2,1,1,1,1,1,1,1,1,2,14,6,1,1,35,1,2,1
8,63,10,2006,1,1,1,2,2,1,4,1,1,1,1,1,1,2,9,4,1,2,33,1,0,0
8,63,11,2006,2,1,1,1,2,1,1,1,1,1,1,1,1,2,14,6,1,1,33,2,2,0
8,63,11,2006,1,7,8,1,2,4,2,1,1,1,1,1,1,2,14,6,1,7,33,2,2,1
8,63,12,2006,2,1,1,2,2,1,1,1,1,1,2,1,1,1,8,6,1,7,33,2,2,0
8,63,12,2006,3,7,3,1,2,1,1,1,1,1,1,1,1,1,9,1,1,7,33,2,1,0
13,63,10,2006,4,1,1,2,1,1,4,1,1,1,1,1,1,2,4,6,1,2,32,1,0,0
13,63,10,2006,4,3,1,1,2,1,4,1,1,1,1,1,1,2,8,6,1,2,32,2,2,0
1,63,7,2006,4,2,4,2,2,1,4,1,1,1,1,4,1,2,8,6,1,7,33,2,2,0
1,63,10,2006,2,1,1,2,2,1,1,2,1,1,1,4,1,2,13,6,1,1,33,2,2,0
9,63,6,2006,4,7,1,2,2,1,4,1,1,1,1,1,1,2,9,6,1,2,33,2,2,1
9,63,6,2006,4,7,1,2,2,1,2,1,1,1,1,1,1,2,14,6,1,1,33,2,2,3
9,63,7,2006,2,7,1,2,2,1,1,1,1,1,1,1,1,2,9,6,1,7,33,1,2,3
9,63,7,2006,4,1,1,2,2,1,2,1,1,1,1,1,1,2,8,6,1,7,33,2,2,0
9,63,7,2006,2,1,1,2,2,1,1,1,1,1,1,1,1,2,9,2,1,1,33,2,2,0
9,63,8,2006,2,1,1,2,2,1,1,1,1,1,1,1,1,2,9,2,1,1,33,2,2,1
8,63,9,2006,1,7,1,2,2,1,2,1,1,1,1,1,1,2,6,6,1,1,33,2,2,0
9,63,10,2006,1,1,1,2,2,1,4,1,1,1,1,4,1,2,14,6,1,2,26,2,2,1
9,63,10,2006,3,1,8,2,2,1,1,1,1,1,1,1,1,2,9,6,1,7,33,2,2,0
9,63,12,2006,3,7,1,2,2,1,1,1,1,1,1,1,1,2,9,1,1,1,50,2,2,1
4,63,6,2006,2,1,1,2,2,1,1,1,1,1,1,1,1,2,9,4,1,1,35,1,2,0
4,63,8,2006,4,2,1,2,2,1,4,1,1,1,1,1,3,2,12,4,1,1,37,1,2,0
4,63,11,2006,2,1,1,2,1,1,1,1,1,1,1,1,1,2,8,4,1,2,33,1,2,0
3,58,1,2006,2,7,8,2,2,1,1,1,1,1,2,4,1,2,6,6,1,2,33,1,0,0
3,58,12,2006,2,7,8,2,2,1,1,1,1,1,1,4,1,2,9,11,1,1,33,1,0,0
7,58,1,2006,3,1,1,2,2,1,1,1,1,1,1,1,1,2,9,6,1,1,35,2,2,0
7,58,2,2006,2,1,1,2,2,4,2,1,1,1,1,1,1,2,14,6,1,1,38,2,2,1
7,58,2,2006,2,1,1,2,2,1,1,1,1,1,1,1,1,2,8,6,1,1,40,2,2,0
7,58,3,2006,1,1,1,2,2,1,1,1,1,1,1,1,1,2,14,6,1,1,35,2,2,1
7,58,3,2006,1,1,1,2,2,1,1,1,1,1,1,1,1,2,15,6,1,1,33,2,2,0
7,58,3,2006,3,1,1,2,2,1,1,1,1,1,1,1,1,2,9,6,1,1,33,2,2,0
7,58,5,2006,1,1,1,2,2,1,4,1,1,1,1,1,1,2,12,6,1,1,33,2,2,0
7,58,5,2006,2,3,1,2,2,1,1,1,1,1,1,1,1,2,9,6,1,1,33,2,2,0
7,58,5,2006,1,1,1,2,2,1,2,1,1,1,1,1,1,2,14,6,1,1,33,2,2,0
7,58,5,2006,3,1,1,2,2,1,1,1,1,1,1,1,1,2,9,6,1,1,33,2,2,0
7,58,5,2006,1,1,1,2,2,1,2,1,1,1,1,1,1,2,12,6,1,1,33,2,2,0
7,58,7,2006,3,3,1,2,2,1,1,2,1,1,1,1,1,2,7,2,1,1,33,2,2,1
7,58,12,2006,2,1,1,2,2,1,1,1,1,1,1,1,1,2,9,6,1,1,33,2,2,0
7,58,12,2006,4,1,1,2,2,1,4,1,1,1,1,1,1,2,9,6,1,1,33,2,2,0
8,58,12,2006,2,1,3,1,2,1,1,1,1,1,1,4,1,2,13,6,1,1,33,2,2,0
6,58,5,2006,1,3,1,2,1,1,4,1,1,1,1,1,1,2,14,6,1,1,33,2,2,0
6,58,5,2006,2,2,1,2,1,1,1,1,1,1,1,1,1,2,12,6,1,1,33,2,2,0
6,58,9,2006,2,2,4,2,2,1,1,1,1,1,1,1,1,1,13,6,1,1,38,2,2,0
6,58,11,2006,2,3,1,2,2,1,1,1,1,1,1,1,1,2,7,6,1,1,33,2,2,0
6,58,11,2006,3,1,1,2,2,1,1,1,1,1,1,1,1,2,8,6,1,1,38,2,2,0
6,58,12,2006,3,1,1,2,1,1,1,1,1,1,1,1,1,2,19,6,1,1,33,2,2,0
1,58,6,2006,2,1,1,2,2,2,1,1,1,1,1,1,1,1,9,6,1,1,33,2,2,0
1,58,9,2006,2,1,1,2,2,1,1,1,1,1,1,1,1,1,9,6,1,1,33,2,2,1
1,58,11,2006,4,5,4,2,1,1,4,2,1,1,1,4,1,1,9,2,1,1,52,2,2,1
1,58,10,2006,3,2,2,2,2,1,1,1,1,1,1,4,1,2,9,5,1,1,42,2,2,0
4,58,5,2006,3,1,3,2,2,1,1,1,1,1,1,4,1,2,14,6,1,1,33,2,2,0
2,58,2,2006,2,1,1,2,2,1,2,2,1,1,1,1,1,2,9,1,1,1,40,2,2,0
2,58,6,2006,5,1,1,2,2,1,2,1,2,1,1,1,1,2,12,6,2,1,35,2,2,0
2,58,9,2006,4,1,1,2,2,1,4,1,1,1,1,1,1,1,9,6,1,1,30,1,2,0
1,58,11,2006,1,1,1,2,2,1,4,1,1,1,1,1,1,2,14,6,1,1,40,2,2,0
16,58,11,2006,5,1,1,2,2,1,4,1,1,1,1,1,1,2,9,6,1,1,30,2,2,0
16,58,12,2006,2,1,1,2,2,1,1,1,1,1,1,4,1,2,14,6,1,1,38,2,2,0
1,57,6,2006,3,1,1,2,2,1,1,1,1,1,1,1,1,2,14,6,1,1,46,2,2,0
1,57,2,2006,3,1,1,2,2,1,1,1,1,1,1,1,1,2,4,6,1,1,33,2,2,0
1,57,12,2006,2,1,1,2,2,1,1,1,1,1,1,1,1,2,9,6,1,1,33,2,2,0
1,57,12,2006,3,1,8,2,2,1,1,1,1,1,1,1,1,2,9,6,1,1,33,2,2,0
1,57,12,2006,3,1,1,2,2,1,1,1,1,1,1,4,1,2,9,6,1,1,33,2,2,0
3,57,1,2006,2,1,1,2,2,1,1,1,1,1,1,4,1,2,14,6,1,1,33,2,2,0
3,57,5,2006,2,1,1,2,2,1,1,1,1,1,1,4,2,2,9,6,1,1,33,2,2,0
3,57,4,2006,4,3,3,2,2,1,2,1,1,1,1,4,1,1,9,6,1,1,33,2,2,0
8,57,12,2006,5,1,1,2,2,1,1,1,1,1,1,1,1,2,14,5,2,1,35,1,2,0
8,57,11,2006,3,7,1,2,2,1,1,1,1,1,1,1,1,2,9,6,1,2,33,1,0,0
7,57,4,2006,3,7,8,2,2,1,1,3,1,3,2,4,3,2,5,11,1,7,33,2,2,0
2,57,8,2006,4,3,1,2,2,4,4,1,2,1,1,4,1,2,19,6,1,1,33,2,2,0
2,57,11,2006,2,1,1,2,2,1,1,1,1,1,1,4,1,2,13,6,1,3,50,1,2,0
2,57,12,2006,4,1,1,2,2,4,4,2,1,1,1,4,1,2,14,5,2,1,35,1,2,0
5,57,5,2006,3,1,1,1,2,1,1,1,1,1,1,4,1,2,6,9,1,3,33,1,2,1
6,60,3,2006,3,1,1,2,2,1,1,1,1,1,1,2,1,1,15,6,1,7,22,1,2,0
1,60,2,2006,2,7,1,2,2,1,1,1,1,1,1,1,1,1,10,6,1,2,33,1,0,0
1,60,4,2006,2,7,1,2,2,1,1,1,1,1,1,1,1,1,8,6,1,7,33,1,0,0
1,60,7,2006,3,7,1,2,2,1,1,1,1,1,1,2,1,2,8,6,1,1,35,1,2,0
1,60,7,2006,3,2,4,1,2,1,1,1,1,1,1,2,1,1,14,1,1,2,33,1,0,1
1,60,8,2006,3,2,4,2,2,1,1,1,1,1,1,2,1,1,9,1,1,1,33,1,0,0
7,60,6,2006,3,4,1,1,2,1,1,2,1,1,1,1,2,2,10,6,1,2,33,1,0,0
3,60,4,2006,3,1,1,2,2,1,1,1,1,1,1,2,1,2,14,6,1,2,33,1,2,0
4,60,8,2006,3,7,3,1,1,1,1,1,1,1,1,4,1,2,17,8,2,1,33,2,1,0
4,60,12,2006,2,7,8,1,1,1,1,1,1,1,1,4,1,2,11,11,1,7,33,2,2,0
8,60,3,2006,4,7,1,2,2,1,4,1,1,1,1,4,1,2,12,6,1,7,29,2,2,0
8,60,8,2006,3,1,3,2,2,1,1,1,1,1,1,4,1,2,9,6,1,2,33,1,2,0
5,60,11,2006,4,1,1,2,2,1,4,1,1,1,1,4,1,2,10,6,1,2,33,1,0,0
3,62,12,2006,1,1,1,1,2,4,2,1,1,1,1,4,1,2,9,6,1,1,33,1,0,0
3,61,12,2006,2,1,1,1,1,1,1,1,1,1,1,4,1,2,8,6,1,1,33,1,0,0
3,62,10,2006,3,7,1,2,2,1,1,1,5,1,2,4,1,2,14,6,1,2,33,2,2,2
3,62,10,2006,2,7,1,2,2,1,1,1,1,1,1,4,1,2,9,6,1,1,33,2,2,3
1,65,6,2006,1,1,1,2,2,1,4,1,1,1,1,1,1,2,10,6,1,2,33,1,0,0
2,65,9,2006,2,7,1,2,2,1,1,1,1,1,1,2,1,2,11,11,1,2,22,2,2,0
7,65,10,2006,2,3,1,2,2,1,2,1,1,1,1,1,1,2,11,2,1,7,33,2,2,0