Thana,District,Month,Year,Time,Junction_Type,Traffic_Control,Movement,Divider,Weather,Light,Road_Geometry,Surface_Condition,Surface_Type,Surface_Quality,Road_Class,Road_Feature,Location_Type,Vehicle_Type,Vehicle_Movement,Vehicle_Loading,Vehicle_Defect,Vehicle_Driver_Age,Vehicle_Alcohol,Vehicle_Seat_Belt,Accident_Severity
6,65,10,2006,4,7,1,2,2,1,4,5,1,1,1,1,1,2,11,6,1,1,32,2,2,0
5,65,10,2006,1,1,1,2,2,1,1,1,1,1,1,1,1,2,7,6,1,1,33,2,2,0
7,65,11,2006,3,7,8,2,2,1,1,2,5,1,1,1,1,2,4,11,2,7,33,2,2,0
4,65,12,2006,2,1,1,2,2,1,2,1,1,3,1,4,1,2,19,6,1,1,33,1,2,0
4,59,7,2006,2,7,1,2,2,2,1,1,1,1,1,4,1,2,9,6,1,1,33,2,2,0
4,59,8,2006,3,7,1,2,2,1,1,1,1,1,1,4,1,2,10,6,1,2,33,1,0,0
2,59,8,2006,1,4,3,2,2,1,1,1,1,1,1,2,1,2,12,6,1,2,33,1,0,0
2,59,9,2006,2,1,2,1,1,1,1,1,1,1,1,4,1,2,12,6,1,1,22,2,2,0
1,59,11,2006,4,1,8,2,2,1,4,4,1,1,2,2,1,2,10,6,1,2,33,1,0,0
8,66,7,2006,2,2,2,1,1,1,1,1,1,1,1,4,1,2,10,6,1,2,33,1,0,0
1,66,10,2006,3,7,1,2,2,1,1,1,1,1,1,4,1,2,9,6,1,1,40,2,2,0
2,66,12,2006,3,7,8,1,2,1,1,4,1,2,2,4,1,2,19,5,1,2,33,2,2,0
1,61,12,2006,3,1,3,2,1,1,1,1,1,1,1,1,1,2,14,6,1,2,33,1,0,0
2,61,12,2006,1,1,1,2,2,1,4,1,1,1,1,1,1,2,14,6,1,1,36,1,2,1
4,61,12,2006,3,1,1,2,2,1,1,1,1,1,1,4,1,2,10,6,1,2,33,1,0,0
4,61,12,2006,2,1,1,2,2,1,1,1,1,1,1,4,2,2,10,6,1,2,33,1,0,0
1,61,11,2006,3,2,2,1,1,1,1,4,1,1,1,1,1,2,5,6,2,7,60,1,0,0
1,61,11,2006,2,2,3,1,1,1,1,1,1,1,1,1,1,1,9,11,2,7,50,1,0,0
1,61,11,2006,2,7,1,2,2,1,1,1,1,1,1,1,1,1,7,6,1,7,55,2,1,0
1,61,11,2006,1,7,1,2,1,1,4,1,1,1,1,1,1,1,9,6,1,7,33,2,2,0
1,61,8,2006,3,2,1,2,2,1,1,1,1,1,1,1,1,2,6,11,1,7,33,1,2,0
3,61,9,2006,2,1,1,1,1,1,1,1,1,1,1,1,1,1,9,4,1,1,40,2,2,0
4,61,10,2006,2,1,1,2,2,1,1,1,1,1,1,4,1,2,12,6,1,1,40,2,2,0
1,68,8,2006,4,1,1,2,2,1,2,3,3,1,1,4,1,2,11,6,1,7,39,2,2,1
1,67,9,2006,3,7,4,2,2,1,1,1,1,1,1,1,1,1,5,4,1,2,33,1,2,0
1,67,12,2006,3,3,4,2,2,1,1,4,1,1,1,1,1,1,9,6,1,7,38,1,2,0
6,67,12,2006,4,1,1,2,2,1,4,2,1,1,1,4,2,2,8,6,1,7,30,1,0,0
7,58,2,2006,2,1,1,2,2,1,1,1,1,1,1,1,1,2,9,6,1,1,50,2,2,0
7,58,6,2006,1,1,1,2,2,1,4,1,1,1,1,1,1,2,9,6,1,1,33,2,2,1
7,58,7,2006,3,1,1,2,2,1,1,2,1,1,1,1,1,2,7,5,1,1,33,2,2,0
2,58,3,2006,3,1,1,2,2,1,1,2,2,1,1,1,1,2,12,6,1,1,42,2,2,1
2,58,2,2006,4,1,1,2,2,1,4,2,1,1,1,1,1,1,9,4,1,1,42,2,2,0
12,58,1,2006,3,1,1,2,2,1,2,4,1,3,2,4,4,2,17,7,2,6,30,2,2,0
6,58,4,2006,2,1,1,2,2,1,1,1,1,1,1,1,1,2,19,6,1,1,33,1,2,0
6,58,3,2006,2,1,1,2,2,1,1,1,1,1,1,1,1,2,12,6,1,1,33,2,2,0
4,59,8,2006,2,3,1,2,2,1,1,1,1,1,1,1,1,2,9,6,1,6,36,2,2,0
7,59,8,2006,3,1,1,2,2,1,1,1,1,1,1,4,1,2,7,5,1,1,33,2,2,1
1,59,1,2006,1,1,8,2,2,1,1,1,1,3,1,4,1,1,17,6,1,1,33,2,2,0
4,59,3,2006,3,2,4,2,2,1,1,1,1,1,2,2,1,1,1,6,1,1,40,2,2,0
7,59,3,2006,2,1,1,2,2,1,1,1,1,1,1,4,1,2,9,6,1,7,33,2,2,0
4,59,4,2006,2,1,1,2,2,1,1,1,1,1,1,2,1,2,17,6,2,7,33,2,2,0
6,59,4,2006,1,2,1,2,2,1,1,1,1,3,3,3,1,2,7,6,2,1,22,2,2,0
3,62,12,2006,1,1,1,2,2,1,4,3,1,1,1,4,2,2,19,6,1,1,33,2,2,0
3,62,10,2006,3,7,1,2,2,1,2,2,5,1,3,4,2,2,14,6,1,1,33,2,2,3
1,62,7,2006,2,1,1,2,2,1,2,1,1,1,1,4,1,2,19,6,1,1,33,2,2,0
3,62,3,2006,3,1,1,2,2,1,1,2,1,1,1,2,1,2,9,6,1,1,33,2,2,0
1,62,1,2006,2,1,1,2,2,2,1,1,1,1,1,1,1,2,14,5,1,1,33,2,2,0
4,62,2,2006,3,1,1,2,2,1,1,1,1,1,1,2,1,2,8,6,1,1,33,2,2,1
4,62,2,2006,3,1,1,2,2,1,1,2,1,1,1,4,1,2,7,6,1,1,33,2,2,0
1,62,7,2006,4,1,1,2,1,4,4,1,1,1,1,4,1,2,6,6,1,1,27,2,2,0
1,62,7,2006,4,1,1,2,1,4,1,1,1,1,1,2,1,2,9,6,2,1,33,2,2,0
1,62,4,2006,3,1,1,2,2,1,1,1,1,1,1,2,1,2,13,6,1,1,40,2,2,0
7,60,1,2006,1,1,1,2,2,1,1,2,1,1,1,2,1,2,12,1,1,1,30,2,2,0
6,60,5,2006,2,1,1,2,2,1,2,1,1,1,1,2,1,1,14,6,2,1,25,1,2,0
1,60,8,2006,2,1,4,2,2,1,1,1,1,1,1,4,1,2,7,6,1,1,33,2,2,1
2,61,6,2006,3,1,1,2,2,1,1,1,1,1,1,1,1,2,14,6,1,1,33,2,2,1
3,61,6,2006,2,1,1,2,2,1,1,1,1,1,1,1,1,2,9,5,1,1,33,2,2,3
3,61,1,2006,2,1,1,2,2,1,1,1,1,1,1,1,1,2,8,6,1,1,33,2,2,0
3,61,1,2006,4,2,3,1,1,4,2,1,1,1,1,2,1,1,19,6,1,1,33,2,2,0
2,61,5,2006,1,1,1,2,2,1,2,1,1,1,1,1,1,2,14,6,2,2,33,2,2,0
4,61,10,2006,3,1,1,2,2,1,1,1,1,1,2,1,1,2,14,6,1,6,33,2,2,0
3,61,9,2006,3,1,1,2,2,1,1,1,1,1,1,4,1,2,17,6,1,1,33,2,2,0
2,61,12,2006,1,1,1,2,2,1,4,1,1,1,1,1,1,2,14,6,1,1,36,1,2,1
1,61,8,2006,1,1,1,2,1,1,2,1,1,1,1,5,1,1,19,6,1,1,33,2,2,0
6,61,8,2006,3,1,1,2,2,1,1,1,1,1,1,1,1,2,9,6,1,1,30,2,2,1
1,61,8,2006,1,1,3,2,2,1,2,1,1,1,1,5,1,1,19,6,1,1,33,2,2,0
1,62,8,2006,3,1,1,2,2,1,1,1,1,1,1,2,1,2,6,11,1,6,30,2,2,0
3,62,8,2006,1,1,1,2,2,1,2,1,1,1,2,1,1,2,9,6,1,1,33,2,2,1
5,65,4,2006,4,4,3,2,1,3,3,2,1,2,2,1,1,2,14,6,1,1,30,1,1,0
7,65,10,2006,2,3,1,2,2,1,1,3,1,1,1,3,1,1,11,6,1,1,35,2,2,0
1,65,1,2006,4,1,1,2,2,1,4,1,1,1,1,1,1,1,19,6,1,1,18,2,2,1
1,65,9,2006,1,1,2,2,2,1,1,1,1,1,1,4,1,1,7,6,1,1,33,2,2,0
1,65,9,2006,3,1,1,2,2,2,1,1,2,1,1,1,1,2,12,6,1,7,33,2,2,0
2,65,9,2006,4,6,8,2,2,1,3,1,1,1,1,1,1,2,7,6,1,1,33,2,2,1
2,65,8,2006,2,7,8,2,2,1,2,1,1,1,1,4,1,2,13,6,1,1,39,2,2,0
3,68,8,2006,3,1,2,2,2,2,1,1,3,3,2,3,3,1,14,6,1,7,33,2,2,0
1,67,3,2006,1,3,4,2,2,1,4,2,1,1,1,1,1,1,5,3,1,1,18,2,2,1
4,67,2,2006,2,1,5,2,2,1,2,2,1,1,1,1,4,2,11,2,1,1,25,2,2,1
2,67,1,2006,3,1,1,2,2,1,1,4,1,1,1,4,1,2,13,6,1,1,33,2,2,0
4,67,9,2006,2,1,1,2,2,2,1,2,2,1,2,4,1,2,10,6,1,2,33,2,2,1
7,65,11,2006,3,1,1,2,2,1,1,3,1,1,1,4,4,2,8,6,1,1,33,2,2,0
7,67,12,2006,4,1,1,2,2,1,4,2,1,1,1,4,2,2,8,6,1,1,30,2,2,0
1,67,6,2006,3,1,1,2,2,2,1,1,2,1,1,2,1,2,9,6,2,6,33,1,2,3
2,66,1,2006,4,1,1,2,2,1,4,1,1,2,1,4,4,1,14,6,1,1,36,2,2,2
8,66,5,2006,3,1,1,2,2,1,1,4,2,3,3,4,1,2,11,6,1,1,28,2,2,1
7,6,5,2006,4,1,1,2,2,1,1,4,1,1,1,2,1,2,17,6,1,6,25,2,2,1
9,66,8,2006,2,1,2,2,2,1,2,4,1,1,1,4,1,2,11,2,2,3,33,2,2,0
9,66,8,2006,3,1,1,2,2,1,1,3,1,1,1,2,1,2,9,2,2,7,33,1,2,1
8,66,8,2006,2,1,1,2,2,1,2,1,1,1,1,4,1,2,11,6,1,6,33,2,2,1
1,66,12,2006,2,7,1,2,2,1,1,3,1,2,2,4,3,2,12,6,1,2,27,2,2,0
8,63,1,2006,1,1,1,2,2,1,1,1,1,1,1,1,1,1,13,6,1,1,23,2,2,0
7,63,1,2006,2,1,1,2,2,1,1,2,1,1,1,1,1,2,9,6,1,1,33,2,2,0
1,63,3,2006,3,1,1,2,2,1,1,1,1,1,1,2,1,2,8,6,1,1,33,2,2,1
14,63,3,2006,1,1,1,2,2,1,4,1,1,1,1,1,1,1,14,6,1,1,33,1,2,0
9,63,6,2006,4,1,1,2,2,1,1,1,1,2,2,2,1,2,11,6,1,1,33,2,2,1
9,63,7,2006,3,1,1,2,2,1,1,1,1,1,1,1,1,1,6,6,1,1,33,2,2,0
6,63,7,2006,3,1,1,2,2,1,1,1,1,1,1,1,1,2,6,6,1,1,33,2,1,0
11,63,6,2006,1,1,1,2,2,1,4,1,1,1,1,4,1,2,6,6,1,7,33,2,2,0
1,63,8,2006,2,1,1,2,2,1,1,1,1,1,1,4,1,2,11,6,1,1,35,2,2,0
11,63,8,2006,4,1,1,2,2,2,2,2,3,1,2,4,4,2,14,1,1,1,33,2,2,0
3,63,8,2006,1,1,1,2,2,1,1,1,1,1,1,5,1,1,19,6,1,1,33,2,2,0
14,63,5,2006,3,1,1,2,2,2,1,1,2,1,1,1,2,2,9,2,1,3,33,2,2,3
14,63,4,2006,1,1,1,2,2,1,2,1,1,1,1,1,1,2,14,6,1,3,33,2,2,0
1,57,1,2006,3,3,4,2,2,1,1,2,1,1,1,1,1,1,9,2,1,1,24,2,2,0
1,57,1,2006,3,2,4,2,2,1,1,1,1,1,1,1,1,1,14,6,1,1,35,2,2,0
1,47,1,2006,3,1,1,2,2,1,1,1,1,1,1,3,3,2,9,6,1,1,18,2,2,1
2,47,1,2006,1,1,1,2,2,4,4,1,1,1,1,1,1,2,19,6,1,1,33,2,2,0
7,47,1,2006,3,1,1,2,2,1,1,1,1,1,1,1,1,2,14,6,1,1,35,2,2,0
9,47,1,2006,1,1,1,2,2,4,4,1,1,1,1,1,1,2,9,6,1,1,33,2,2,0
9,47,1,2006,3,1,1,2,2,1,1,1,1,1,1,1,1,2,9,6,1,1,33,2,2,0
12,47,1,2006,2,1,1,2,2,1,1,1,1,1,1,1,1,2,9,6,1,1,33,2,2,0
12,47,1,2006,1,1,1,2,2,4,4,1,1,1,1,1,1,2,9,5,1,1,33,2,2,1
12,47,1,2006,3,1,1,2,2,1,1,1,1,1,1,1,1,2,7,6,1,1,24,2,2,1
1,47,2,2006,1,1,1,2,2,1,4,1,1,1,1,1,1,2,19,6,1,1,33,2,2,0
1,47,2,2006,3,1,1,2,2,1,1,1,1,1,1,1,1,2,9,6,1,1,33,2,2,0
3,47,2,2006,1,1,1,2,2,1,4,1,1,3,2,3,1,2,14,6,1,1,38,2,2,0
9,47,2,2006,2,1,1,2,2,1,1,1,1,1,1,1,1,2,14,6,1,1,33,2,2,0
12,47,2,2006,2,1,1,1,1,1,1,1,1,1,1,1,2,2,9,6,1,5,33,2,2,0
13,47,2,2006,3,1,1,2,2,1,1,1,1,1,1,1,1,2,14,6,1,1,30,2,2,0
4,35,4,2006,2,1,1,2,2,1,1,1,1,1,1,3,1,2,4,6,1,1,33,2,2,0
1,44,1,2006,4,1,1,2,2,1,2,1,1,1,1,5,1,1,14,6,1,1,33,2,2,0
6,37,6,2006,3,3,1,2,2,1,1,1,1,1,1,3,1,2,6,6,1,1,33,2,2,0
5,37,5,2006,3,1,1,2,2,1,1,1,1,1,1,3,1,2,10,6,1,1,33,2,2,1
2,37,4,2006,2,1,1,2,2,1,1,1,1,1,1,3,1,2,14,6,1,3,33,2,2,0
6,51,1,2006,3,1,8,2,2,1,1,1,1,3,2,3,1,2,19,6,1,1,28,2,2,0
6,51,1,2006,2,1,1,2,2,1,1,1,1,1,1,3,1,2,6,6,1,6,45,2,2,1
3,51,1,2006,3,1,1,2,2,1,1,1,1,1,1,2,1,2,9,6,1,1,27,2,2,0
3,51,1,2006,2,1,1,2,2,1,1,1,1,1,1,2,1,2,9,6,1,1,33,2,2,0
9,51,2,2006,2,1,1,2,2,1,1,1,1,1,1,2,1,2,17,6,1,7,33,2,2,0
9,51,2,2006,3,1,1,2,2,1,1,1,1,1,1,2,1,1,9,6,1,1,33,2,2,0
9,51,3,2006,3,1,1,2,2,1,1,1,1,1,1,2,1,2,1,6,1,1,33,2,2,1
9,51,3,2006,3,1,1,2,2,1,1,1,1,1,1,2,1,2,9,6,1,1,33,2,2,0
8,51,3,2006,3,1,1,2,2,1,1,1,1,1,1,2,1,2,8,6,1,1,30,2,2,0
7,51,5,2006,1,1,1,2,2,1,4,1,1,1,1,3,1,1,12,6,1,1,33,2,2,1
1,49,1,2006,3,1,1,2,2,1,1,1,1,1,1,2,1,2,5,6,1,1,33,2,2,0
1,49,2,2006,2,1,1,2,2,1,1,1,1,1,1,5,1,2,4,6,1,1,33,2,2,1
5,49,2,2006,3,1,1,2,2,1,1,1,1,1,1,3,1,1,9,6,2,1,33,2,2,0
10,52,1,2006,2,1,1,2,2,1,1,1,1,1,1,3,1,1,9,6,1,1,24,2,2,0
2,52,1,2006,2,1,1,2,2,1,1,1,1,1,1,3,1,2,9,6,1,1,33,2,2,0
5,52,2,2006,3,1,1,2,2,1,1,1,1,1,1,3,1,1,6,6,1,1,27,2,2,0
9,52,2,2006,3,1,1,2,2,1,1,1,1,1,1,3,1,1,17,6,2,1,40,2,2,0
10,52,3,2006,2,1,1,2,2,1,1,1,1,1,1,3,1,1,8,6,1,1,35,2,2,1
1,52,4,2006,4,1,1,2,2,1,1,1,1,1,1,2,1,1,8,2,1,1,30,2,2,1
1,52,4,2006,2,1,1,2,2,1,1,1,1,1,1,2,1,1,9,6,1,1,38,2,2,1
5,49,3,2006,3,1,1,2,2,1,1,1,1,1,1,3,1,1,4,6,1,1,33,2,2,0
2,49,3,2006,3,1,1,2,2,1,1,1,1,1,1,3,1,1,19,6,1,1,33,2,2,0
4,49,3,2006,3,1,1,2,2,1,1,1,1,1,1,3,3,2,9,6,1,1,27,2,2,0
1,49,4,2006,2,1,1,2,2,1,1,1,1,1,1,3,1,1,12,6,1,1,40,2,2,2
1,49,4,2006,3,1,1,2,2,1,1,1,1,1,1,5,1,1,1,6,1,1,33,2,2,1
1,49,5,2006,3,1,1,2,2,1,1,1,1,1,1,2,1,1,1,6,1,1,33,2,2,1
1,49,5,2006,3,1,1,2,2,1,1,1,1,1,1,2,1,1,19,6,1,1,33,2,2,2
1,49,6,2006,4,1,1,2,2,1,1,1,1,1,1,3,1,2,14,6,1,1,45,2,2,1
5,49,7,2006,3,1,1,2,2,1,1,1,1,1,1,3,1,1,14,6,1,1,33,2,2,0
8,52,5,2006,4,1,1,2,2,1,3,1,1,1,1,3,1,2,14,6,1,1,28,2,2,3
1,52,5,2006,3,1,1,2,2,1,1,1,1,1,1,3,1,2,9,6,1,1,35,2,2,0
10,52,6,2006,3,1,1,2,2,1,1,1,1,1,1,2,1,2,9,2,1,1,30,2,2,0
1,52,6,2006,3,1,1,2,2,1,1,1,1,1,1,2,1,2,9,6,1,1,30,2,2,1
3,38,1,2006,4,1,1,2,2,1,4,1,1,1,1,1,1,2,10,6,1,1,37,2,2,1
7,38,1,2006,3,1,1,2,2,1,1,1,1,1,1,1,1,2,9,6,1,1,33,1,2,0
5,35,6,2006,2,1,1,2,2,1,1,1,1,1,1,3,1,2,14,6,1,1,33,2,2,0
4,35,6,2006,3,1,1,2,2,1,1,1,1,1,1,1,1,2,1,6,1,1,18,2,2,0
2,35,6,2006,2,1,1,2,2,1,1,1,1,1,1,3,1,2,1,6,1,1,32,2,2,1
2,35,7,2006,4,1,1,2,2,1,1,1,1,1,1,3,1,2,4,6,1,1,26,2,2,1
4,35,7,2006,3,1,1,2,2,1,1,1,1,1,1,3,1,2,1,6,1,1,34,2,2,0
3,35,7,2006,2,1,1,2,2,1,1,1,1,1,1,3,1,2,9,6,1,1,33,2,2,1
1,39,1,2006,3,4,1,2,2,1,1,1,1,1,1,3,1,2,9,6,1,1,41,2,2,0
1,39,4,2006,3,2,1,2,2,1,1,1,1,1,1,3,1,2,9,6,1,1,33,2,2,0
1,39,4,2006,4,2,1,2,2,1,4,1,1,1,1,3,1,2,9,6,1,1,33,2,2,0
4,39,5,2006,4,1,1,2,2,1,2,1,1,1,1,3,1,2,4,6,1,1,33,2,2,0
4,48,1,2006,3,1,1,2,2,1,1,1,1,1,1,3,1,2,9,6,1,1,28,2,2,0
1,48,3,2006,2,1,1,2,2,1,1,1,1,1,1,1,1,2,4,6,1,1,33,2,2,0
7,48,4,2006,3,1,1,2,2,1,1,1,1,1,1,3,1,2,8,6,1,1,45,2,2,0
7,48,4,2006,2,1,1,2,2,1,1,1,1,1,1,3,1,2,14,6,1,1,40,2,2,0
1,37,1,2006,5,1,1,2,2,1,1,1,1,1,1,3,1,2,9,6,1,1,33,2,2,0
3,37,2,2006,2,1,1,2,2,1,1,1,1,1,1,3,1,2,4,6,1,1,30,2,2,0
4,37,7,2006,2,1,1,2,2,1,1,1,1,1,1,3,1,2,4,6,1,1,27,2,2,0
4,52,6,2006,3,1,1,2,2,1,1,1,1,1,1,3,1,2,12,6,1,1,33,2,2,0
3,36,1,2006,3,1,1,2,2,1,1,1,1,1,1,3,1,2,14,6,1,1,33,2,2,0
3,36,1,2006,3,1,1,2,2,1,1,1,1,1,1,3,1,2,7,6,1,1,33,2,2,0
1,36,1,2006,3,1,1,2,2,1,1,1,1,1,1,3,1,2,8,6,1,1,33,2,2,3
3,36,1,2006,3,1,1,2,2,1,1,1,1,1,1,3,1,2,9,6,1,1,33,2,2,0
3,36,1,2006,4,1,1,2,2,1,4,1,1,1,1,3,1,2,14,6,1,1,33,2,2,0
3,36,2,2006,2,1,1,2,2,1,1,1,1,1,1,3,1,2,9,6,1,1,33,2,2,0
3,36,2,2006,2,1,1,2,2,1,1,1,1,1,1,3,1,2,9,6,1,1,33,2,2,0
3,36,2,2006,2,1,1,2,2,1,1,1,1,1,1,3,1,2,9,6,1,1,33,2,2,0
3,36,4,2006,4,1,1,2,2,2,4,1,2,1,1,3,1,2,9,6,1,3,33,2,2,3
1,36,4,2006,3,1,1,2,2,1,1,1,1,1,1,2,1,2,8,6,1,1,33,2,2,0
1,36,4,2006,5,1,1,2,2,1,1,1,1,1,1,2,1,2,10,6,1,1,33,2,2,0
3,36,5,2006,2,1,1,2,2,1,1,1,1,1,1,3,1,2,9,6,1,1,33,2,2,0
1,46,1,2006,2,1,1,2,2,1,1,1,1,1,1,1,1,2,9,6,1,1,33,2,2,0
1,46,1,2006,1,1,1,2,2,4,2,1,2,1,1,1,1,2,14,6,1,1,33,2,2,1
1,46,1,2006,2,1,1,2,2,1,1,1,1,1,1,1,1,2,9,6,1,1,33,2,2,0
1,46,1,2006,2,1,1,2,2,1,1,1,1,1,1,1,1,2,9,6,1,1,33,2,2,0
6,46,1,2006,3,1,1,2,2,1,1,1,1,1,1,1,1,2,10,6,1,1,33,2,2,0
1,46,1,2006,2,1,1,2,2,1,1,1,1,1,1,1,1,2,11,6,1,1,33,2,2,0
6,46,1,2006,3,1,1,2,2,1,1,1,1,1,1,1,1,2,14,6,1,1,35,2,2,0
1,46,2,2006,4,2,1,2,2,1,2,1,1,1,1,1,1,2,9,6,1,1,33,2,2,0
1,46,2,2006,3,1,1,2,2,1,1,1,1,1,3,1,1,2,9,6,1,1,33,2,2,0
1,46,2,2006,3,1,1,2,2,1,1,1,1,1,1,1,1,2,9,6,1,1,33,2,2,0
1,46,2,2006,4,1,1,2,2,1,1,1,1,1,1,1,1,2,10,6,1,1,33,2,2,1
1,46,2,2006,2,1,1,2,2,1,1,1,1,1,1,1,1,2,7,6,1,1,33,2,2,1
6,46,2,2006,2,1,1,2,2,1,1,1,1,1,1,1,1,2,8,6,1,1,33,2,2,0
4,46,3,2006,2,1,1,2,2,1,1,1,1,1,1,3,1,2,9,6,1,1,33,2,2,0
6,46,3,2006,3,1,1,2,2,1,1,1,1,1,1,1,1,2,9,6,1,1,33,2,2,0
1,46,3,2006,1,1,1,2,2,1,2,1,1,1,1,1,1,2,14,6,1,1,33,2,2,0
1,46,3,2006,2,1,1,2,2,1,1,1,1,1,1,1,1,2,14,6,1,1,33,2,2,0
6,46,3,2006,3,1,1,2,2,1,1,1,1,1,1,1,1,2,9,6,1,1,33,2,2,0
1,46,3,2006,2,1,1,2,2,1,1,1,1,1,1,1,1,2,9,6,1,1,33,2,2,0
6,46,4,2006,4,1,1,2,2,1,1,1,1,1,1,1,1,2,9,6,1,1,33,2,2,0
1,46,4,2006,2,1,1,2,2,1,1,1,1,1,1,3,1,2,14,6,1,1,33,2,2,1
6,46,4,2006,3,1,1,2,2,1,1,1,1,1,1,1,1,2,8,6,1,1,35,2,2,2
1,46,4,2006,4,1,1,2,2,1,4,1,1,1,1,1,1,2,9,6,1,1,33,2,2,1
1,46,4,2006,3,1,1,2,2,1,1,1,1,1,1,1,1,2,9,6,1,1,33,2,2,0
1,46,5,2006,2,1,1,2,2,1,1,1,1,1,1,1,1,2,14,6,1,1,35,2,2,0
1,46,5,2006,2,1,1,2,2,1,1,1,1,1,1,1,1,2,14,6,1,1,33,2,2,0
1,46,5,2006,3,1,1,2,2,1,1,1,1,1,1,1,1,2,9,6,1,1,33,2,2,0
1,46,5,2006,2,1,1,2,2,1,1,1,1,1,1,1,1,2,9,6,1,1,33,2,2,1
1,46,6,2006,4,1,1,2,2,1,1,1,1,1,1,1,1,2,14,6,1,1,33,2,2,0
1,46,6,2006,4,1,1,2,2,1,1,1,1,1,1,1,1,2,12,6,1,1,33,2,2,0
7,41,1,2006,2,1,1,2,2,1,1,1,1,1,1,2,1,2,9,6,1,1,33,2,2,1
6,41,1,2006,3,1,1,2,2,1,1,1,1,1,1,1,1,2,12,6,1,1,33,2,2,0
7,41,1,2006,4,1,1,2,1,1,3,1,1,1,1,1,1,2,9,6,1,1,40,2,2,0
3,41,1,2006,2,1,1,2,2,1,1,1,1,1,1,4,1,2,10,6,1,1,33,2,2,0
7,41,1,2006,3,1,1,2,2,1,1,1,1,1,1,2,1,2,9,6,1,1,35,2,2,0
1,39,7,2006,3,1,1,2,2,2,1,1,2,1,1,3,1,2,12,6,1,1,40,2,2,0
3,39,7,2006,2,1,1,2,2,1,1,1,1,1,1,1,1,2,14,6,1,1,35,2,2,0
3,39,7,2006,3,3,1,2,2,1,1,1,1,1,1,2,1,2,13,6,1,1,33,2,2,0
3,39,7,2006,3,1,1,2,2,1,1,1,1,1,1,1,1,2,9,6,1,1,33,1,2,0
4,39,7,2006,2,1,1,2,2,1,1,1,1,1,1,3,1,2,9,6,1,1,33,2,2,0
1,39,8,2006,1,1,1,2,2,1,4,1,1,1,1,1,1,2,10,6,1,1,33,2,2,0
3,39,8,2006,3,1,1,2,2,1,1,1,1,1,1,1,1,2,9,6,1,1,33,2,2,0
4,39,8,2006,3,1,1,2,2,1,1,2,1,1,1,2,1,2,9,2,1,1,36,2,2,0
3,39,8,2006,3,1,1,2,2,1,1,1,1,1,1,3,1,2,9,6,1,1,46,2,2,0
1,39,9,2006,2,1,1,2,2,1,1,1,1,1,1,1,1,2,16,6,1,1,45,2,2,0
1,39,9,2006,3,1,1,2,2,1,1,1,1,1,1,3,1,2,12,6,1,1,35,1,2,0
1,52,7,2006,3,1,1,2,2,1,1,1,1,1,1,2,1,2,13,6,1,1,33,2,2,0
10,52,7,2006,3,1,1,2,2,1,1,1,1,1,1,3,1,2,14,6,1,1,33,2,2,0
1,52,7,2006,2,1,1,2,2,1,1,1,1,1,1,2,1,2,8,6,1,1,26,2,2,0
10,52,8,2006,3,1,1,2,2,1,1,1,1,1,1,3,1,2,1,9,1,1,33,2,2,0
3,44,1,2006,1,1,1,2,2,1,4,1,1,1,1,1,1,2,10,6,1,1,33,2,2,0
7,44,1,2006,4,1,1,2,2,1,4,1,1,1,1,1,1,2,9,6,1,1,33,2,2,0
4,44,1,2006,3,1,1,2,2,1,1,1,1,1,1,2,1,2,9,6,1,1,33,2,2,0
3,44,1,2006,1,1,1,2,2,1,3,1,1,1,1,1,1,1,9,6,1,1,33,2,2,0
6,44,1,2006,2,1,1,2,2,1,1,1,1,1,1,1,1,2,12,6,1,1,33,2,2,0
6,44,1,2006,1,1,1,2,2,1,3,1,1,1,1,1,1,1,9,6,1,1,33,2,2,0
3,44,1,2006,3,1,1,2,2,1,1,1,1,1,1,1,1,2,14,6,1,1,33,2,2,0
6,44,1,2006,2,1,1,2,2,1,1,1,1,1,1,5,1,1,15,6,1,1,33,2,2,0
6,44,2,2006,4,1,1,2,2,1,3,1,1,1,1,1,1,1,14,6,1,1,33,2,2,0
7,44,2,2006,2,1,1,2,2,1,1,1,1,1,1,1,1,1,9,6,1,1,40,2,2,0
4,44,2,2006,3,1,1,2,2,1,1,1,1,1,1,2,1,2,9,6,1,1,35,2,2,0
6,44,2,2006,2,1,1,2,2,1,2,1,1,1,1,1,1,2,10,6,1,1,33,2,2,0
5,44,2,2006,1,1,1,2,2,1,4,1,1,1,1,1,1,2,14,6,1,1,33,2,2,0
2,44,2,2006,3,1,1,2,2,1,1,1,1,1,1,1,1,2,14,6,1,1,33,2,2,0
4,44,3,2006,2,1,1,2,2,1,1,1,1,1,1,2,1,2,10,6,1,1,33,2,2,0
7,44,3,2006,4,1,1,2,2,1,3,1,1,1,1,1,1,2,10,6,1,1,33,2,2,0
6,44,3,2006,3,1,1,2,2,1,1,1,1,1,1,1,1,2,14,6,1,1,35,2,2,0
6,44,3,2006,2,1,1,2,2,1,1,1,1,1,1,1,1,2,8,6,1,1,33,2,2,0
5,44,3,2006,2,1,1,2,2,1,1,1,1,1,1,1,1,2,14,6,1,1,33,2,2,0
2,44,4,2006,3,1,1,2,2,1,1,1,1,1,1,3,1,2,14,6,1,1,33,2,2,0
7,44,4,2006,2,1,1,2,2,1,2,1,1,1,1,1,1,2,7,6,1,1,35,2,2,1
7,44,4,2006,1,1,1,2,2,1,2,1,1,1,1,1,1,2,9,6,1,1,33,2,2,0