Thana,District,Month,Year,Time,Junction_Type,Traffic_Control,Movement,Divider,Weather,Light,Road_Geometry,Surface_Condition,Surface_Type,Surface_Quality,Road_Class,Road_Feature,Location_Type,Vehicle_Type,Vehicle_Movement,Vehicle_Loading,Vehicle_Defect,Vehicle_Driver_Age,Vehicle_Alcohol,Vehicle_Seat_Belt,Accident_Severity
4,44,4,2006,4,1,1,2,2,1,4,1,1,1,1,2,1,2,8,6,1,1,33,2,2,0
6,44,4,2006,4,1,1,2,2,1,4,1,1,1,1,1,1,2,14,6,1,1,33,2,2,0
1,44,4,2006,4,1,1,2,2,1,4,1,1,1,1,2,1,2,14,1,1,1,41,2,2,0
6,44,4,2006,1,1,1,2,2,1,3,1,1,1,1,1,1,2,10,6,1,1,33,2,2,0
2,44,4,2006,3,1,1,2,2,1,1,1,1,1,1,1,1,2,10,6,1,1,33,2,2,0
1,44,4,2006,2,1,1,2,2,1,1,1,1,1,1,5,1,1,13,6,1,1,18,2,2,1
5,44,4,2006,4,1,1,2,2,1,4,1,1,1,1,1,1,2,10,6,1,1,32,2,2,0
2,44,4,2006,3,1,1,2,2,1,1,1,1,1,1,1,1,2,9,6,1,1,33,2,2,0
7,44,3,2006,4,1,1,2,2,1,4,1,1,1,1,1,1,2,10,6,1,1,33,2,2,0
2,44,5,2006,3,1,1,2,2,1,1,1,1,1,1,1,1,2,14,6,1,1,33,2,2,0
2,44,5,2006,2,1,1,2,2,1,1,1,1,1,1,1,1,2,9,6,1,1,33,2,2,0
3,44,5,2006,3,1,1,2,2,1,1,1,1,1,1,1,1,2,12,6,1,1,30,2,2,0
6,44,5,2006,3,1,1,2,2,1,1,1,1,1,1,1,1,2,9,6,1,1,30,2,2,0
6,44,5,2006,2,1,1,2,2,1,1,1,1,1,1,2,1,2,10,6,1,1,33,2,2,0
4,44,5,2006,4,1,1,2,2,1,3,1,1,1,1,3,1,2,13,1,1,1,33,2,2,0
1,44,5,2006,2,1,1,2,2,1,1,1,1,1,1,5,1,1,9,1,1,1,28,2,2,0
4,44,5,2006,2,1,1,2,2,1,1,1,1,1,1,2,1,2,14,6,1,1,33,2,2,0
6,44,5,2006,2,1,1,2,2,1,1,1,1,1,1,2,1,2,5,6,1,1,28,2,2,0
4,44,6,2006,3,1,1,2,2,1,1,1,1,1,1,2,1,2,13,6,1,1,33,2,2,0
4,44,6,2006,1,1,1,2,2,1,4,1,1,1,1,3,1,2,10,6,1,1,22,2,2,0
3,44,6,2006,4,1,1,2,2,1,3,1,1,1,1,1,1,2,9,6,1,1,32,2,2,0
4,44,6,2006,3,1,1,2,2,1,1,1,1,1,1,3,1,2,8,3,1,1,33,2,2,0
6,44,6,2006,1,1,1,2,2,1,2,1,1,1,1,1,1,2,14,6,1,1,33,2,2,0
6,44,6,2006,2,1,1,2,2,1,1,1,1,1,1,1,1,2,9,6,1,1,33,2,2,0
6,44,6,2006,2,1,1,2,2,1,1,1,1,1,1,1,1,2,8,6,1,1,33,2,2,0
6,44,6,2006,3,1,1,2,2,1,1,1,1,1,1,1,1,2,9,6,1,1,33,2,2,0
7,44,6,2006,4,1,1,2,2,1,4,1,1,1,1,1,1,2,9,6,1,1,38,2,2,0
7,44,6,2006,2,1,1,2,2,1,1,1,1,1,1,1,1,2,9,6,1,1,33,2,2,0
7,44,6,2006,1,1,1,2,2,1,4,1,1,1,1,1,1,2,14,6,1,1,33,2,2,0
5,44,6,2006,2,1,1,2,2,1,1,1,1,1,1,1,1,2,13,6,1,1,33,2,2,0
1,46,6,2006,3,1,1,2,2,1,1,1,1,1,1,1,1,2,9,6,1,1,33,2,2,0
6,46,6,2006,4,1,1,2,2,1,4,1,1,1,1,1,1,2,9,6,1,1,29,2,2,0
1,46,6,2006,3,1,1,2,2,1,1,1,1,1,1,1,1,2,9,6,1,1,33,2,1,0
6,46,6,2006,1,1,1,2,2,1,4,1,1,1,1,1,1,2,14,6,1,1,33,2,1,0
6,46,6,2006,3,1,1,2,2,1,1,1,1,1,1,3,1,2,8,1,1,1,35,2,2,0
6,46,7,2006,4,1,1,2,2,1,1,1,1,1,1,3,1,2,9,6,1,1,33,2,1,1
4,45,1,2006,3,1,1,2,2,1,1,1,1,1,1,3,1,2,10,6,1,1,33,2,2,0
1,45,1,2006,1,1,1,2,2,1,2,1,1,1,1,3,1,2,10,6,1,1,33,2,2,0
6,45,1,2006,4,1,1,2,2,1,4,1,1,1,1,1,1,2,9,6,1,1,38,2,2,0
1,45,1,2006,2,1,1,2,2,1,1,1,1,1,1,1,1,2,10,6,1,1,33,2,2,1
4,45,1,2006,3,1,1,2,2,1,1,1,1,1,1,3,1,2,9,6,1,1,33,2,2,0
6,45,1,2006,2,1,1,2,2,1,4,1,1,1,1,3,1,2,9,6,1,1,31,2,2,0
6,45,1,2006,3,1,1,2,2,1,1,1,1,1,1,1,1,2,14,6,1,1,33,2,2,0
1,45,1,2006,3,1,1,2,2,1,1,1,1,1,1,1,1,2,13,6,1,1,23,2,2,1
4,45,2,2006,3,1,1,2,2,1,1,1,1,1,1,3,1,2,10,6,1,1,33,2,2,0
6,45,2,2006,4,1,1,2,2,1,1,1,1,1,1,3,1,2,9,6,1,1,34,2,2,0
6,45,2,2006,2,1,1,2,2,1,1,1,1,1,1,1,1,2,9,6,1,1,38,2,2,0
6,45,2,2006,3,1,1,2,2,1,1,1,1,1,1,1,1,2,14,6,1,1,33,2,2,0
6,45,3,2006,2,1,1,2,2,1,2,1,1,1,1,1,1,2,14,6,1,1,33,2,2,0
2,45,3,2006,2,1,1,2,2,1,1,1,1,1,1,1,1,2,9,6,1,1,37,2,2,1
9,45,3,2006,2,1,1,2,2,1,1,1,1,1,1,1,1,2,14,6,1,1,31,2,2,0
6,45,3,2006,3,1,1,2,2,1,1,1,1,1,1,4,1,2,9,6,1,1,30,2,2,0
1,45,3,2006,4,1,1,2,2,1,4,1,1,1,1,1,1,2,9,6,1,1,33,2,2,1
6,45,3,2006,1,1,1,2,2,1,2,1,1,1,1,1,1,2,9,6,1,1,38,2,2,0
1,45,3,2006,2,1,1,2,2,1,2,1,1,1,1,1,1,2,12,6,1,1,33,2,2,1
6,45,4,2006,4,1,1,2,2,1,4,1,1,1,1,3,1,2,9,5,1,1,33,2,2,0
6,45,4,2006,3,1,1,2,2,1,1,1,1,1,1,1,1,2,14,6,1,1,35,2,2,0
2,45,4,2006,2,1,1,2,2,1,1,1,1,1,1,1,1,2,9,6,1,1,33,2,2,0
6,45,4,2006,2,1,1,2,2,1,1,1,1,1,1,1,1,2,14,6,1,1,37,2,2,0
1,45,4,2006,4,1,1,2,2,1,4,1,1,1,1,1,1,2,9,6,1,1,38,2,2,1
1,45,4,2006,1,1,1,2,2,1,2,1,1,1,1,1,1,2,14,6,1,1,34,2,2,0
6,45,5,2006,4,1,1,2,2,1,4,1,1,1,1,1,1,2,7,6,1,1,39,2,2,0
2,45,5,2006,4,1,1,2,2,1,4,1,1,1,1,1,1,2,10,6,1,1,37,2,2,1
1,45,5,2006,3,1,1,2,2,1,1,1,1,1,1,1,1,2,10,6,1,1,33,2,2,0
1,45,5,2006,3,1,1,2,2,1,1,1,1,1,1,1,1,2,9,1,1,1,33,2,2,0
4,45,6,2006,4,1,1,2,2,1,3,1,1,1,1,2,1,2,19,11,1,1,33,2,2,0
1,45,6,2006,2,1,1,2,2,1,1,1,1,1,1,1,1,2,8,6,1,1,38,2,2,0
6,45,6,2006,3,1,1,2,2,1,1,1,1,1,1,1,1,2,14,6,1,1,40,2,2,0
1,45,6,2006,2,1,1,2,2,1,1,1,1,1,1,1,1,2,14,6,1,1,39,2,2,0
1,45,7,2006,2,1,1,2,2,1,1,1,1,1,1,1,1,2,9,6,1,1,38,2,2,0
2,45,7,2006,3,1,1,2,2,1,1,1,1,1,1,1,1,2,9,6,1,1,33,2,2,0
6,45,7,2006,2,1,1,2,2,1,1,1,1,1,1,1,1,2,9,6,1,1,33,2,2,0
6,45,7,2006,3,1,1,2,2,1,1,1,1,1,1,1,1,2,9,6,1,1,33,2,2,0
1,45,7,2006,3,1,1,2,2,1,1,1,1,1,1,1,1,2,14,6,1,1,33,2,2,0
1,45,8,2006,3,1,1,2,2,1,1,1,1,1,1,1,1,2,10,6,1,1,38,2,2,0
5,45,8,2006,3,1,1,2,2,1,1,1,1,1,1,1,1,2,9,6,1,1,33,2,2,0
1,45,8,2006,3,1,1,2,2,1,1,1,1,1,1,1,1,2,9,6,1,1,32,2,2,0
1,45,8,2006,3,1,1,2,2,1,1,1,1,1,1,1,1,2,14,6,1,1,33,2,2,0
4,47,3,2006,2,1,1,2,2,1,1,1,1,1,1,1,1,2,14,6,1,1,33,2,2,0
9,47,3,2006,1,1,1,2,2,1,4,1,1,1,1,1,1,2,19,11,1,1,33,2,2,0
12,47,3,2006,1,1,1,2,2,1,3,1,1,1,1,1,1,2,9,6,1,1,33,2,2,2
12,47,3,2006,2,1,1,2,2,1,2,1,1,1,1,1,1,2,14,6,1,1,33,2,2,0
9,47,4,2006,3,1,1,2,2,1,1,1,1,1,1,1,1,2,9,11,1,1,35,2,2,1
4,47,4,2006,2,1,1,2,2,1,1,1,1,1,1,3,1,2,6,6,1,1,33,2,2,0
3,40,1,2006,3,1,1,2,2,1,1,1,1,1,1,1,1,2,9,6,1,1,28,2,2,1
6,40,1,2006,3,1,1,2,2,1,1,1,1,1,1,1,1,2,9,8,1,1,33,2,2,0
6,40,1,2006,2,1,1,2,2,1,1,1,1,1,1,1,1,2,14,6,1,1,33,2,2,0
6,40,1,2006,3,1,1,2,2,1,1,1,1,1,1,1,1,2,9,6,1,1,33,2,2,0
6,40,1,2006,3,1,1,2,2,1,1,1,1,1,1,1,1,2,11,6,1,1,33,2,2,0
7,40,2,2006,3,1,1,2,2,1,1,1,1,1,1,2,1,2,14,6,1,1,35,2,2,0
1,40,2,2006,3,1,1,2,2,1,1,1,1,1,1,2,1,2,4,5,1,1,30,2,2,1
6,40,2,2006,2,1,1,2,2,1,1,1,1,1,1,1,1,2,9,6,1,1,33,2,2,0
4,40,2,2006,4,1,1,2,2,1,4,1,1,1,1,3,1,2,14,6,1,1,35,2,2,1
1,40,3,2006,1,1,1,2,2,1,4,1,1,1,1,1,1,2,14,6,1,1,30,2,2,0
1,40,4,2006,3,1,1,2,2,1,1,1,1,1,1,3,1,2,13,6,1,1,30,2,2,0
1,40,4,2006,3,1,1,2,2,1,1,1,1,1,1,3,1,2,13,6,1,1,27,2,2,0
2,40,4,2006,4,1,1,2,2,1,3,1,1,1,1,1,1,2,7,6,1,1,33,2,2,1
2,40,5,2006,1,1,1,2,2,1,4,1,1,1,1,1,1,2,9,8,1,1,33,2,2,0
6,40,5,2006,1,1,1,2,2,1,4,1,1,1,1,1,1,2,13,6,1,1,33,2,2,0
3,40,5,2006,2,1,1,2,2,1,1,1,1,1,1,1,1,2,9,6,1,1,33,2,2,0
6,40,6,2006,3,1,1,2,1,1,1,1,1,1,1,1,1,2,9,6,1,1,33,2,2,1
3,40,6,2006,2,1,1,2,2,1,1,1,1,1,1,1,1,2,9,6,1,1,40,2,2,0
1,40,6,2006,4,1,1,2,2,1,3,1,1,1,1,1,1,2,19,11,1,1,33,2,2,0
3,40,6,2006,3,1,1,2,2,1,1,1,1,1,1,1,1,2,9,6,1,1,26,2,2,0
3,40,6,2006,2,1,1,2,2,1,1,1,1,1,1,2,1,2,14,6,1,1,30,2,2,0
1,40,6,2006,3,1,1,2,2,1,1,1,1,1,1,1,1,2,9,6,1,1,35,2,2,0
1,40,6,2006,3,1,1,2,2,1,1,1,1,1,1,1,1,2,13,6,1,1,33,2,2,0
10,50,1,2006,2,1,1,2,2,1,2,1,1,1,1,1,1,2,9,6,1,1,33,2,2,0
11,50,1,2006,4,1,1,2,2,1,1,1,1,1,1,2,1,2,9,6,1,1,36,2,2,0
11,50,1,2006,3,1,1,2,2,1,1,1,1,1,1,2,1,2,9,6,1,1,33,2,2,0
8,50,1,2006,3,1,1,2,2,1,1,1,1,1,1,3,1,2,8,6,1,1,33,2,2,1
1,50,2,2006,1,1,1,2,2,1,4,1,1,1,1,5,1,2,12,1,1,1,28,2,2,0
11,50,2,2006,3,1,1,2,2,1,1,1,1,1,1,2,1,2,9,6,1,1,33,2,2,0
5,50,2,2006,4,1,1,2,2,1,4,1,1,1,1,2,1,2,14,1,1,1,32,2,2,0
5,50,2,2006,2,1,1,2,2,1,1,1,1,1,1,2,1,2,9,6,1,1,33,2,2,0
9,47,5,2006,2,1,1,2,2,1,1,1,1,1,1,1,1,2,13,6,1,1,33,2,2,0
1,47,5,2006,2,1,1,2,2,1,1,1,1,1,1,1,1,2,14,6,1,1,33,2,2,0
2,47,5,2006,2,1,1,2,2,1,1,1,1,1,1,1,1,2,9,6,1,1,33,2,2,0
1,47,5,2006,4,1,1,2,2,1,3,1,1,1,1,5,1,2,9,6,1,1,33,2,2,1
12,47,5,2006,3,1,1,2,2,1,1,1,1,1,1,1,1,2,12,6,1,1,33,2,2,0
9,47,5,2006,2,1,1,2,2,1,1,1,1,1,1,3,1,2,14,6,1,1,40,2,2,0
1,47,6,2006,2,1,1,2,2,1,1,1,1,1,1,1,1,2,9,6,1,1,33,2,2,0
1,47,7,2006,2,1,1,2,2,1,1,1,1,1,1,1,1,2,8,8,1,1,31,2,2,0
1,47,7,2006,4,1,1,2,2,1,3,1,1,1,1,1,1,2,19,11,1,1,33,2,2,0
12,47,7,2006,3,1,1,2,2,1,1,1,1,1,1,1,1,2,14,6,1,1,33,2,2,1
12,47,7,2006,1,1,1,2,2,1,1,1,1,1,1,1,1,2,14,1,1,1,33,2,2,0
9,47,7,2006,2,1,1,2,2,1,1,1,1,1,1,1,1,2,9,6,1,1,33,2,2,1
7,47,7,2006,3,1,1,2,2,1,1,1,1,1,1,1,1,2,9,6,1,1,45,2,2,1
12,47,8,2006,2,1,1,2,2,1,1,1,1,1,1,1,1,2,9,10,1,1,40,2,2,0
2,47,8,2006,3,1,1,2,2,1,1,1,1,1,1,1,1,2,9,6,1,1,33,2,2,1
1,47,8,2006,2,1,1,2,2,1,1,1,1,1,1,3,1,2,7,6,1,1,33,2,2,0
9,47,8,2006,1,1,1,2,2,1,3,1,1,1,1,1,1,2,14,6,1,1,23,2,2,0
1,50,3,2006,3,1,1,2,2,1,1,1,1,1,1,2,1,2,14,6,1,1,33,2,2,1
4,37,8,2006,3,1,1,2,2,1,1,1,1,1,1,3,1,2,9,6,1,1,33,2,2,0
5,37,9,2006,2,1,1,2,2,1,1,1,1,1,1,3,2,2,8,6,2,1,30,2,2,1
4,37,9,2006,3,1,1,2,2,1,1,1,1,2,1,3,1,2,8,6,1,1,33,2,2,0
6,45,9,2006,3,1,1,2,2,1,1,1,1,1,1,1,1,2,9,6,1,1,38,2,2,0
1,45,9,2006,2,1,1,2,2,1,1,1,1,1,1,1,1,2,9,6,1,1,38,2,2,0
5,45,9,2006,4,1,1,2,2,1,3,1,1,1,1,1,1,2,19,11,1,1,33,2,2,0
1,45,9,2006,4,1,1,2,2,1,1,1,1,1,1,1,1,2,9,6,1,1,33,2,2,0
3,45,9,2006,3,1,1,2,2,1,2,1,1,1,1,3,1,2,4,6,1,1,33,2,2,0
7,44,7,2006,1,1,1,2,2,1,3,1,1,1,1,1,1,2,12,6,1,1,33,2,2,0
7,44,7,2006,4,1,1,2,2,1,3,1,1,1,1,1,1,2,9,6,1,1,40,2,2,0
7,44,7,2006,1,1,1,2,2,1,4,1,1,1,1,1,1,2,9,6,1,1,33,2,2,0
7,44,7,2006,3,1,1,2,2,1,1,1,1,1,1,1,1,2,14,6,1,1,33,2,2,0
5,44,7,2006,2,1,1,2,2,1,1,1,1,1,1,1,1,2,11,6,1,1,33,2,2,1
7,41,2,2006,3,1,1,2,2,1,1,1,1,1,1,2,1,2,9,6,1,1,45,2,2,1
7,41,2,2006,4,1,1,2,2,1,2,1,1,1,1,2,1,2,9,6,1,1,33,2,2,0
2,41,2,2006,3,1,1,2,2,1,1,1,1,1,1,3,1,2,9,6,1,1,45,2,2,0
7,41,2,2006,2,1,1,2,2,1,1,1,1,1,1,2,1,2,9,5,1,1,28,2,2,2
7,41,2,2006,2,1,1,2,2,1,1,1,1,1,1,4,1,2,14,6,1,1,45,2,2,0
7,41,2,2006,1,1,1,2,2,1,4,1,1,1,1,2,1,2,10,6,1,1,33,2,2,0
7,41,3,2006,2,1,1,2,2,1,1,1,1,1,1,2,1,2,9,6,1,1,39,2,2,0
7,41,3,2006,3,1,1,2,1,1,1,1,1,1,1,2,1,1,10,6,1,1,33,2,2,0
5,41,3,2006,2,1,1,2,2,1,1,1,1,1,1,1,1,2,9,6,1,1,30,2,2,0
7,41,3,2006,4,1,1,2,1,1,3,1,1,1,1,1,1,2,9,6,1,1,33,2,2,0
7,41,3,2006,3,1,1,2,2,1,1,1,1,1,1,3,1,2,9,6,1,1,33,2,2,0
6,41,3,2006,3,1,1,2,2,1,1,1,1,1,1,3,1,2,9,6,1,1,33,2,2,0
6,41,3,2006,3,1,1,2,2,1,1,1,1,1,1,3,1,2,9,6,1,1,33,2,1,0
2,41,3,2006,3,1,1,2,2,1,1,1,1,1,1,4,1,2,14,6,1,1,30,2,2,0
7,41,4,2006,2,1,1,2,2,1,1,1,1,1,1,2,1,2,9,6,1,1,33,2,2,0
5,41,4,2006,2,1,1,2,1,1,2,1,1,1,1,1,1,2,9,6,1,1,33,2,2,0
7,41,4,2006,3,1,1,2,2,1,1,1,1,1,1,2,1,2,9,6,1,1,33,2,2,0
1,41,4,2006,4,1,1,2,2,1,3,1,1,1,1,1,1,2,9,6,1,1,33,2,2,1
5,41,4,2006,3,1,1,2,2,1,1,1,1,1,1,1,1,2,9,6,1,1,40,2,2,1
5,41,4,2006,2,1,1,2,2,1,2,1,1,1,1,1,1,2,9,6,1,1,33,2,2,0
7,41,5,2006,2,1,1,2,2,1,2,1,1,1,1,2,1,2,6,6,1,1,28,2,2,0
1,46,8,2006,2,1,1,2,2,1,1,1,1,1,1,1,1,2,6,6,1,1,33,2,2,0
1,46,8,2006,2,1,1,2,2,1,1,1,1,1,1,1,1,2,10,6,1,1,33,2,2,0
2,46,8,2006,3,1,1,2,2,1,1,1,1,1,1,1,1,2,8,6,1,1,33,2,2,0
1,46,8,2006,3,1,1,2,2,1,1,1,1,1,1,1,1,2,9,6,1,1,33,2,2,0
1,46,8,2006,2,1,1,2,2,1,1,1,1,1,1,1,1,2,8,6,1,1,33,2,2,0
1,46,8,2006,4,1,1,2,2,1,1,1,1,1,1,1,1,2,9,6,1,1,33,2,2,0
1,46,8,2006,3,1,1,2,2,1,1,1,1,1,1,3,1,2,14,9,1,1,33,2,2,0
1,46,9,2006,1,1,1,2,2,1,2,1,1,1,1,1,1,2,9,6,1,1,33,2,2,0
2,46,9,2006,4,1,1,2,2,1,4,1,1,1,1,1,1,2,13,6,1,1,33,2,2,0
1,46,9,2006,3,1,1,2,2,1,1,1,1,1,1,1,1,2,14,6,1,1,30,2,2,0
5,46,9,2006,4,1,1,2,2,1,4,1,1,1,1,1,1,2,9,6,1,1,33,2,2,0
4,46,9,2006,3,1,1,2,2,1,1,1,1,1,1,3,1,2,7,6,1,1,33,2,2,0
2,46,9,2006,1,1,1,2,2,1,2,1,1,1,1,1,1,2,8,6,1,1,33,2,2,1
5,46,10,2006,2,1,1,2,2,1,1,1,1,1,1,1,1,2,9,6,1,1,33,2,2,0
4,46,10,2006,1,1,1,2,2,1,1,1,1,1,1,1,1,2,9,6,1,1,33,2,2,0
1,46,10,2006,2,1,1,2,2,1,1,1,1,1,1,1,1,2,9,6,1,1,40,2,2,0
2,46,10,2006,3,1,1,2,2,1,1,1,1,1,1,1,1,2,9,6,1,1,43,2,2,1
1,46,10,2006,3,1,1,2,2,1,1,1,1,1,1,3,1,2,14,6,1,1,33,2,2,0
1,46,10,2006,2,1,1,2,2,1,1,1,1,1,1,1,1,2,9,6,1,1,33,2,2,0
6,46,10,2006,4,1,1,2,2,1,1,1,1,1,1,1,1,2,10,6,1,1,33,2,2,0
2,46,10,2006,2,1,1,2,2,1,1,1,1,1,1,1,1,2,9,6,1,1,40,2,2,1
2,46,10,2006,1,1,1,2,2,1,3,1,1,1,1,1,1,2,14,6,1,1,33,2,2,0
4,46,10,2006,3,1,1,2,2,1,1,1,1,1,1,3,1,2,1,9,1,1,33,2,2,0
1,46,10,2006,4,1,1,2,2,1,4,1,1,1,1,1,1,2,9,6,1,1,33,2,2,0
3,46,10,2006,4,2,2,2,2,1,4,1,1,1,1,3,1,2,8,6,1,1,24,2,2,1
6,40,7,2006,2,1,1,2,2,1,1,1,1,1,1,1,1,2,9,6,1,1,33,2,2,0
6,40,7,2006,1,1,1,2,2,1,2,1,1,1,1,1,1,2,9,6,1,1,33,2,2,0
1,40,8,2006,4,1,1,2,2,1,4,1,1,1,1,1,1,2,9,6,1,1,33,2,2,0
1,40,8,2006,2,1,1,2,2,1,1,1,1,1,1,1,1,2,9,6,1,1,35,2,2,1
5,40,9,2006,1,1,1,2,2,1,4,1,1,1,1,1,1,2,9,6,1,1,33,2,2,0
1,40,9,2006,1,1,1,2,2,1,4,1,1,1,1,1,1,2,14,6,1,1,33,2,2,0
6,40,9,2006,2,1,1,2,2,1,1,1,1,1,1,1,1,2,13,6,1,1,33,2,2,0
6,40,9,2006,2,1,1,2,2,1,1,1,1,1,1,1,1,2,8,6,1,1,33,2,2,0
6,40,10,2006,4,1,1,2,2,1,4,1,1,1,1,1,1,2,8,6,1,1,33,2,2,3
5,40,10,2006,2,1,1,2,2,1,1,1,1,1,1,3,1,2,14,6,1,1,28,2,2,0
6,40,10,2006,4,1,1,2,2,1,3,1,1,1,1,1,1,2,9,6,1,1,33,2,2,0
1,40,10,2006,3,1,1,2,2,1,1,1,1,1,1,1,1,2,8,6,1,1,33,2,2,1
6,40,10,2006,2,1,1,2,2,1,1,1,1,1,1,1,1,2,9,6,1,1,33,2,2,0
6,40,10,2006,3,1,1,2,2,1,1,1,1,1,1,1,1,2,9,6,1,1,33,2,2,1
3,40,10,2006,2,1,1,2,2,1,1,1,1,1,1,1,1,2,9,6,1,1,33,2,2,0
4,44,8,2006,2,1,1,2,2,1,1,1,1,1,1,2,1,2,15,6,1,1,33,2,2,0
4,44,8,2006,2,1,1,2,2,1,1,1,1,1,1,2,1,2,9,6,1,1,33,2,2,0
3,44,8,2006,1,1,1,2,2,1,4,1,1,1,1,3,1,2,10,6,1,1,33,2,2,0
3,44,8,2006,1,1,1,2,2,1,4,1,1,1,1,1,1,2,9,6,1,1,33,2,2,0
6,44,8,2006,4,1,1,2,2,3,4,1,1,1,1,1,1,2,10,6,1,1,33,2,2,0
2,44,8,2006,1,1,1,2,2,1,4,1,1,1,1,3,1,2,8,6,1,1,33,2,2,0
7,44,8,2006,4,1,1,2,2,1,4,1,1,1,1,1,1,2,10,6,1,1,33,2,2,0
7,44,8,2006,3,1,1,2,2,1,1,1,1,1,1,4,1,2,9,6,1,1,28,2,2,0
5,44,8,2006,3,1,1,2,2,1,1,1,1,1,1,1,1,2,9,6,1,1,33,2,2,0
1,47,10,2006,2,1,1,2,2,1,1,1,1,1,1,1,1,2,6,6,1,1,33,2,2,1
9,47,10,2006,1,1,1,2,2,1,4,1,1,1,1,1,1,2,14,6,1,1,33,2,2,0
9,47,10,2006,3,1,1,2,2,1,1,1,1,1,1,1,1,2,9,6,1,1,33,2,2,0
9,47,10,2006,4,1,1,2,2,1,3,1,1,1,1,1,1,2,9,6,1,1,35,2,2,0
12,47,10,2006,1,1,1,2,2,1,4,1,1,1,1,1,1,2,7,6,1,1,25,2,2,1
6,45,10,2006,3,1,1,2,2,1,1,1,1,1,1,1,1,2,9,6,1,1,40,2,2,0
5,45,10,2006,3,1,1,2,2,1,1,1,1,1,1,1,1,2,9,11,1,1,33,2,2,0
2,45,10,2006,3,1,1,2,2,1,2,1,1,1,1,1,1,2,13,6,1,1,33,2,2,0
5,45,10,2006,4,1,1,2,2,1,3,1,1,1,1,1,1,2,9,6,1,1,33,2,2,0
7,41,3,2006,3,3,1,2,1,1,1,1,1,1,1,2,1,2,9,6,1,1,35,2,2,1
1,41,5,2006,3,1,1,2,2,1,1,1,1,1,1,1,1,2,10,6,1,1,33,2,2,1
7,41,5,2006,1,1,1,2,2,1,2,1,1,1,1,2,1,2,10,6,1,1,33,2,2,0
6,41,5,2006,4,1,1,2,2,1,3,1,1,1,1,1,1,2,9,6,1,3,33,2,2,0
5,41,6,2006,4,1,1,2,2,1,4,1,1,1,1,1,1,2,10,6,1,1,33,2,2,0
1,41,6,2006,1,1,1,2,2,1,1,1,1,1,1,1,1,2,9,1,1,2,33,2,2,0
6,41,6,2006,4,1,1,2,2,1,1,1,1,1,1,1,1,2,9,6,1,1,33,2,2,0
1,41,6,2006,3,1,1,2,2,1,1,1,1,1,1,1,1,2,9,6,1,1,33,2,2,0
6,41,6,2006,2,1,1,2,2,1,2,1,1,1,1,3,1,2,9,6,1,1,33,2,2,0
6,41,6,2006,4,1,1,2,2,1,2,1,1,1,1,1,1,2,9,6,1,1,33,2,2,0
7,41,6,2006,4,1,1,2,1,1,3,1,1,1,1,1,1,2,14,6,1,1,33,2,2,0
4,41,6,2006,1,1,1,2,2,4,2,2,2,1,1,3,1,2,8,6,1,1,33,2,2,1
5,41,6,2006,2,1,1,2,1,1,1,1,1,1,1,1,1,1,9,6,1,1,30,2,2,0
7,41,6,2006,4,1,1,2,2,1,1,1,1,1,1,1,1,2,9,6,1,1,33,2,2,0
7,41,6,2006,3,1,1,2,2,1,1,1,1,1,1,2,1,2,13,6,1,1,22,2,2,1
3,41,6,2006,2,1,1,2,2,1,1,1,1,1,1,3,1,2,9,6,1,1,33,2,2,0
3,41,6,2006,2,1,1,2,2,1,1,1,1,1,1,2,1,2,9,6,1,1,33,2,2,0
3,51,6,2006,2,1,1,2,2,1,1,1,1,1,1,2,1,2,9,6,1,1,33,2,2,0
7,51,6,2006,1,1,1,2,2,1,4,1,1,1,1,3,1,2,19,6,1,1,33,2,2,0
9,51,6,2006,3,1,1,2,2,1,1,1,1,1,1,2,1,2,14,6,1,1,33,2,2,0
3,51,6,2006,3,1,1,2,2,1,1,1,1,1,1,2,1,2,9,6,1,1,44,2,2,0
4,51,6,2006,2,1,1,2,2,1,1,1,1,1,1,1,1,2,10,6,1,1,33,2,2,0
3,51,6,2006,3,1,1,2,2,1,1,1,1,1,1,2,1,2,9,6,1,1,33,2,2,0
7,51,7,2006,3,1,1,2,2,1,1,1,1,1,1,3,1,2,4,6,1,1,35,2,2,0
1,51,9,2006,2,1,1,2,2,1,1,1,1,1,1,2,1,2,14,6,1,1,33,2,2,0
12,51,9,2006,3,1,1,2,2,1,1,1,1,1,1,3,1,2,17,6,1,1,33,2,2,0
8,51,10,2006,4,1,1,2,2,1,4,1,1,1,1,2,1,2,9,1,1,1,33,2,2,0
3,51,10,2006,3,1,1,2,2,1,1,1,1,1,1,2,1,2,9,6,1,1,35,2,2,0
2,52,10,2006,3,1,1,2,2,1,1,1,1,1,1,3,1,2,8,6,1,1,28,2,2,1
3,52,10,2006,2,1,1,2,2,1,1,1,1,1,1,3,1,2,9,8,1,1,33,2,2,0
8,52,10,2006,2,1,1,2,2,1,1,1,1,1,1,3,1,2,4,6,1,1,33,2,2,0
1,49,8,2006,2,1,1,2,2,1,1,1,1,1,1,2,1,2,10,6,1,1,33,2,2,0
1,49,8,2006,4,1,1,2,2,1,4,1,1,1,1,2,1,2,9,4,1,1,33,2,2,3
1,49,9,2006,3,1,1,2,2,1,1,1,1,1,1,3,1,2,9,6,1,1,33,2,2,0
4,49,9,2006,4,1,1,2,2,1,4,1,1,1,1,3,1,2,14,6,1,1,33,2,2,0
4,49,10,2006,4,1,1,2,2,1,1,1,1,1,1,3,1,2,9,6,1,1,33,2,2,3