Thana,District,Month,Year,Time,Junction_Type,Traffic_Control,Movement,Divider,Weather,Light,Road_Geometry,Surface_Condition,Surface_Type,Surface_Quality,Road_Class,Road_Feature,Location_Type,Vehicle_Type,Vehicle_Movement,Vehicle_Loading,Vehicle_Defect,Vehicle_Driver_Age,Vehicle_Alcohol,Vehicle_Seat_Belt,Accident_Severity
3,49,10,2006,3,1,1,2,2,1,1,1,1,1,1,3,1,2,9,6,1,1,33,2,2,0
1,36,7,2006,3,3,1,2,2,1,1,1,1,1,1,2,1,2,9,2,1,1,33,2,2,0
3,36,9,2006,4,1,1,2,2,1,4,1,1,1,1,1,1,2,9,6,1,1,33,2,2,0
2,36,9,2006,3,1,1,2,2,1,1,2,1,1,1,3,1,2,9,6,1,1,58,2,2,0
4,36,9,2006,2,1,1,2,2,1,1,1,1,1,1,3,1,2,14,6,1,1,33,2,2,0
4,36,10,2006,4,1,1,2,2,1,2,1,1,1,1,3,1,2,4,6,1,1,33,2,2,0
6,37,10,2006,2,1,1,2,2,1,1,1,1,1,1,3,1,2,9,6,1,1,33,2,2,0
3,37,10,2006,2,1,1,2,2,1,2,1,1,1,1,3,1,2,6,6,1,1,33,2,2,0
5,37,10,2006,2,1,1,2,2,1,1,1,1,1,1,3,1,2,9,6,1,1,33,2,2,0
1,37,10,2006,2,1,1,2,2,1,1,1,1,1,1,3,1,2,5,6,1,1,22,2,2,1
3,37,10,2006,2,1,1,2,2,1,1,1,1,1,1,3,1,2,9,6,1,1,33,2,2,0
7,37,10,2006,2,1,1,2,2,1,1,1,1,1,1,3,1,2,8,6,1,1,33,2,2,1
7,37,10,2006,3,1,1,2,2,1,1,1,1,1,1,3,1,2,4,6,1,1,33,2,2,0
2,48,8,2006,3,1,1,2,2,1,1,1,1,1,1,3,1,2,19,6,1,1,33,2,2,0
7,41,7,2006,2,1,1,2,2,1,1,1,1,1,1,2,1,1,14,6,1,1,28,2,2,1
7,41,7,2006,3,2,1,2,2,1,1,1,1,1,1,3,1,1,14,2,1,1,33,2,2,0
7,41,7,2006,2,2,1,2,2,1,1,1,1,1,1,3,1,1,9,6,1,1,33,2,2,0
7,41,7,2006,4,1,1,2,2,1,4,1,1,1,1,1,1,1,9,6,1,1,33,2,2,0
7,41,7,2006,1,2,1,2,2,1,4,1,1,1,1,2,1,2,10,6,1,1,33,2,2,0
7,41,7,2006,2,1,1,2,2,1,1,1,1,1,1,3,1,2,9,1,1,1,33,2,2,1
7,41,8,2006,1,2,1,2,2,1,4,1,1,1,1,1,1,2,12,6,1,1,24,2,2,1
1,41,8,2006,1,1,1,2,2,1,2,1,1,1,1,1,1,2,9,6,1,1,33,2,2,0
7,41,8,2006,4,1,1,2,2,1,2,1,1,1,1,1,1,1,14,6,1,1,33,2,2,0
5,41,8,2006,4,1,1,2,2,1,1,1,1,1,1,1,1,2,9,6,1,1,33,2,2,0
3,41,8,2006,1,1,1,2,1,1,3,1,1,1,1,3,1,2,10,6,1,1,33,2,2,0
5,41,8,2006,4,1,1,2,2,1,2,1,1,1,1,1,1,2,9,6,1,1,33,2,2,0
5,41,8,2006,2,1,1,2,1,1,1,1,1,1,1,1,1,2,9,6,1,1,33,2,2,0
1,41,8,2006,2,1,1,2,2,1,1,1,1,1,1,1,1,2,10,6,1,1,33,2,2,0
7,41,8,2006,1,1,1,2,2,1,2,2,1,1,1,1,1,1,10,6,1,1,33,2,2,0
7,41,8,2006,2,1,1,2,2,1,1,1,1,1,1,2,1,2,11,6,1,1,33,2,2,0
5,41,8,2006,4,1,1,2,2,1,1,1,1,1,1,1,1,2,2,6,1,1,33,2,2,0
6,41,8,2006,4,1,1,2,2,1,4,1,1,1,1,1,1,2,9,6,1,1,33,2,2,0
5,41,8,2006,2,1,1,2,1,1,1,1,1,1,1,1,1,2,9,6,1,1,33,2,2,0
7,41,8,2006,3,1,1,2,2,1,1,1,1,3,1,3,1,2,14,6,1,1,33,1,2,0
7,41,8,2006,2,1,1,2,1,1,1,1,1,1,1,1,1,2,9,6,1,1,33,2,2,0
5,41,8,2006,5,1,1,2,1,1,4,1,1,1,1,1,1,1,10,6,1,2,33,2,2,0
7,41,8,2006,2,3,1,2,1,1,1,1,1,1,1,1,1,2,9,6,1,1,33,2,2,1
5,41,9,2006,2,1,1,2,1,1,1,1,1,1,1,1,1,1,9,6,1,1,33,2,2,0
7,41,9,2006,3,1,1,2,2,1,1,1,1,1,1,2,1,1,6,6,1,1,33,2,2,1
6,41,9,2006,4,1,1,2,1,2,1,1,1,1,1,1,1,2,9,6,1,1,33,2,2,0
1,41,9,2006,2,1,1,2,2,1,1,1,1,1,1,1,1,2,9,6,1,1,33,2,2,0
7,41,9,2006,3,1,1,2,2,1,1,1,1,1,1,3,1,2,14,6,1,1,33,2,2,0
1,41,9,2006,4,1,1,2,2,1,2,1,1,1,1,1,1,2,8,6,1,1,33,2,2,0
7,41,10,2006,1,1,1,2,2,1,2,1,1,1,1,1,1,1,9,6,1,1,33,1,2,1
7,41,10,2006,4,1,1,2,1,1,3,1,1,1,1,3,1,2,14,6,1,1,33,2,2,0
5,41,10,2006,3,1,1,2,2,1,1,1,1,1,1,1,1,1,4,4,1,1,33,2,2,0
5,41,10,2006,5,1,1,2,2,2,1,1,2,1,1,1,2,1,8,6,1,1,32,1,2,0
7,41,10,2006,3,1,1,2,2,1,1,1,1,1,1,2,1,2,12,6,1,1,28,2,2,0
7,41,10,2006,3,1,1,2,2,1,1,1,1,1,1,1,1,2,8,6,1,1,30,2,2,0
7,41,10,2006,1,1,1,2,2,1,2,1,1,1,1,1,1,2,14,2,1,1,25,2,2,0
7,41,10,2006,2,1,1,2,2,1,2,1,1,1,1,2,1,1,9,6,1,1,33,2,2,0
6,41,10,2006,1,1,1,2,2,1,2,1,1,1,1,1,1,2,8,6,1,1,33,2,2,0
7,41,10,2006,2,3,1,2,2,1,1,1,1,1,1,3,1,2,9,8,1,1,33,2,2,0
6,41,10,2006,2,1,1,2,2,1,2,1,1,1,1,1,1,2,9,1,1,1,33,2,2,0
5,41,10,2006,4,1,1,2,2,1,4,1,1,1,1,2,1,2,12,5,1,1,33,2,2,0
5,41,10,2006,4,1,1,1,2,1,4,1,1,1,1,1,1,2,10,6,1,2,33,1,0,0
7,41,10,2006,4,1,1,2,2,1,3,1,1,1,1,1,1,2,10,6,1,1,33,1,0,0
7,41,10,2006,2,1,1,2,2,1,1,1,1,1,1,1,1,2,9,6,1,1,33,2,2,0
1,41,10,2006,2,1,1,2,2,1,1,1,1,1,1,1,1,1,14,6,1,1,33,2,2,0
1,41,10,2006,3,1,1,2,2,1,1,1,1,1,1,1,1,2,9,6,1,3,20,2,2,0
5,41,10,2006,2,1,1,2,2,1,1,1,1,1,1,1,1,2,9,6,1,1,33,2,2,0
1,50,3,2006,2,1,1,2,2,1,1,1,1,1,1,1,1,2,14,5,1,1,30,2,2,0
1,50,3,2006,4,1,1,2,2,1,4,1,1,1,1,1,1,2,14,6,1,1,33,2,2,1
1,51,1,2006,3,1,1,2,2,1,1,1,1,1,1,2,1,2,12,6,1,1,33,2,2,1
1,51,1,2006,1,1,1,2,2,1,4,1,1,1,1,2,1,2,9,6,1,1,33,2,2,0
1,51,1,2006,2,1,1,2,2,1,2,1,1,1,1,2,1,2,14,6,1,1,33,2,2,0
7,51,1,2006,4,1,1,2,2,1,3,1,1,1,1,3,1,2,12,6,1,1,33,2,2,0
12,51,1,2006,4,1,1,2,2,1,4,1,1,1,1,3,1,2,8,2,1,1,33,2,2,0
7,51,2,2006,4,1,1,2,2,1,4,1,1,1,1,3,1,2,7,6,1,1,33,2,2,0
11,51,2,2006,2,1,1,2,2,1,1,1,1,1,1,3,1,2,4,6,1,1,35,2,2,0
12,51,2,2006,4,1,1,2,2,1,2,1,1,1,1,3,1,2,6,6,1,1,33,2,2,0
1,51,3,2006,3,1,1,2,2,1,1,1,1,1,1,2,1,2,9,6,1,1,33,2,2,1
9,51,4,2006,2,1,1,2,2,1,1,1,1,1,1,2,1,2,9,6,1,1,33,2,2,0
1,51,4,2006,2,1,1,2,2,1,1,1,1,1,1,2,1,2,9,1,1,1,33,2,2,0
9,51,4,2006,4,1,1,2,2,1,4,1,1,1,1,2,1,2,9,6,1,1,33,2,2,0
3,51,4,2006,3,1,1,2,2,1,1,1,1,1,1,3,1,2,4,2,1,1,28,2,2,0
1,51,5,2006,1,1,1,2,2,1,4,1,1,1,1,3,1,2,14,11,1,1,33,2,2,0
8,51,5,2006,3,1,1,2,2,1,1,1,1,1,1,3,1,2,5,6,1,1,33,2,2,0
1,51,6,2006,3,1,1,2,2,1,1,1,1,1,1,2,1,2,11,6,1,1,33,2,2,0
12,51,9,2006,3,1,1,2,2,1,1,1,1,1,1,3,1,2,9,6,1,1,33,2,2,0
5,43,1,2006,1,1,1,2,2,1,1,1,1,1,1,3,1,2,9,6,1,1,33,2,2,0
5,43,1,2006,2,1,1,2,2,1,1,1,1,1,1,3,1,2,9,6,1,1,33,2,2,0
2,43,1,2006,3,1,1,2,2,1,1,1,1,1,1,1,1,2,7,1,1,1,33,2,2,0
5,43,1,2006,2,1,1,2,2,1,1,1,1,1,1,1,1,2,9,6,1,1,33,2,2,0
5,43,1,2006,2,1,1,2,2,1,1,1,1,1,1,1,1,2,9,6,1,1,33,2,2,0
2,43,1,2006,3,1,1,2,2,1,1,1,1,1,1,1,1,2,9,5,1,1,35,2,2,0
3,43,1,2006,4,1,1,2,2,1,1,1,1,1,1,1,1,2,10,6,1,2,33,2,2,1
5,43,1,2006,2,1,1,2,2,1,1,1,1,1,1,1,1,2,9,6,1,1,25,2,2,0
4,43,2,2006,2,1,1,2,2,1,1,1,1,1,1,1,1,2,9,6,1,1,45,2,2,0
6,43,3,2006,4,1,1,2,2,1,1,1,1,1,1,3,1,2,14,6,1,1,33,2,2,0
6,43,3,2006,4,1,1,2,2,1,1,1,1,1,1,3,1,2,8,5,1,1,33,2,2,1
3,43,3,2006,5,1,1,2,2,1,1,1,1,1,1,3,1,2,8,6,1,1,33,2,2,0
3,43,3,2006,3,1,1,2,2,1,1,1,1,1,1,1,1,2,9,6,1,1,33,2,2,0
6,43,3,2006,1,1,1,2,2,1,1,1,1,1,1,1,1,2,9,6,1,1,33,2,2,0
5,43,3,2006,2,1,1,2,2,1,1,1,1,1,1,1,1,2,9,6,1,1,32,2,2,0
5,43,4,2006,2,1,1,2,2,1,1,1,1,1,1,3,1,2,14,6,1,1,33,2,2,0
5,43,4,2006,4,1,1,2,2,1,1,1,1,1,1,3,1,2,9,6,1,1,33,2,2,0
3,43,4,2006,2,1,1,2,2,1,1,1,1,1,1,1,1,2,14,6,1,1,33,2,2,0
2,43,4,2006,3,1,1,2,2,1,1,1,1,1,1,1,1,2,9,6,1,1,33,2,2,0
5,43,5,2006,4,1,1,2,2,1,1,1,1,1,1,3,1,2,9,6,1,1,33,2,2,3
5,43,5,2006,4,1,1,2,2,1,3,1,1,1,1,1,1,2,9,6,1,1,33,2,2,0
2,43,5,2006,1,1,1,2,2,1,2,1,1,1,1,1,1,2,9,6,1,1,33,2,2,0
5,43,6,2006,2,1,1,2,2,1,1,1,1,1,1,1,1,2,9,6,1,1,33,2,2,0
1,43,6,2006,3,1,3,2,2,1,1,1,1,1,1,3,1,2,9,6,1,1,33,2,2,0
5,43,6,2006,5,1,1,2,2,1,1,1,1,1,1,1,1,2,9,6,1,1,33,2,2,0
5,43,6,2006,2,1,1,2,2,1,1,1,1,1,1,1,1,2,9,6,1,1,33,2,2,0
5,43,5,2006,2,1,1,2,2,1,1,1,1,1,1,1,1,2,9,6,1,1,33,2,2,0
2,43,7,2006,4,1,1,2,2,1,1,1,1,1,1,1,1,2,9,6,1,1,33,2,2,0
5,43,7,2006,3,1,1,2,2,1,1,1,1,1,1,1,1,2,9,6,1,1,33,2,2,0
2,43,7,2006,3,1,1,2,2,1,1,1,1,1,1,1,1,2,9,6,1,1,33,2,2,0
5,43,7,2006,3,1,1,2,2,1,1,1,1,1,1,1,1,2,9,6,1,1,33,2,2,0
5,43,7,2006,4,1,1,2,2,1,1,1,1,1,1,1,1,2,9,6,1,1,33,2,2,0
5,43,7,2006,3,1,1,2,2,1,1,1,1,1,1,3,1,2,9,6,1,1,33,2,2,0
2,43,7,2006,3,1,1,2,1,1,1,1,1,1,1,1,1,2,7,6,1,1,33,2,2,0
2,43,8,2006,3,1,1,2,2,1,1,1,1,1,1,1,1,2,13,6,1,1,33,2,2,0
2,43,8,2006,2,1,1,2,2,1,1,1,1,1,1,3,1,2,10,6,1,1,33,2,2,0
5,43,8,2006,4,1,1,2,2,1,1,1,1,1,1,1,1,2,6,6,1,1,33,2,2,0
4,43,8,2006,2,1,1,2,2,1,1,1,1,1,1,1,1,2,14,6,1,1,33,2,2,0
4,43,8,2006,5,1,1,2,2,1,3,1,1,1,1,3,1,2,14,2,1,1,33,2,2,0
4,43,8,2006,4,1,1,2,2,1,1,1,1,1,1,1,1,2,9,6,1,1,33,2,2,0
5,43,8,2006,3,1,1,2,2,1,1,1,1,1,1,1,1,2,9,6,1,1,33,2,2,0
2,43,8,2006,1,1,1,2,2,1,2,1,1,1,1,1,1,2,9,6,1,1,33,2,2,0
5,43,9,2006,5,1,1,2,2,1,1,1,1,1,1,1,1,2,9,6,1,1,33,2,2,0
3,43,9,2006,2,1,1,2,2,1,1,1,1,1,1,1,1,2,9,6,1,1,33,2,2,0
6,43,9,2006,2,1,1,2,2,1,1,1,1,1,1,3,1,2,6,1,1,1,22,2,2,0
5,43,9,2006,2,1,1,2,2,1,1,1,1,1,1,3,1,2,12,6,1,1,33,2,2,0
4,43,9,2006,3,1,1,2,2,1,1,1,1,1,1,3,1,2,9,6,1,1,33,2,2,0
4,43,9,2006,2,1,1,2,2,1,1,1,1,1,1,1,1,2,9,6,1,1,33,2,2,0
2,43,9,2006,3,1,1,2,2,1,1,1,1,1,1,1,1,2,7,6,1,1,33,2,2,0
2,43,9,2006,3,1,1,2,2,1,1,1,1,1,1,1,1,2,9,6,1,1,30,2,2,0
2,43,9,2006,2,1,1,2,2,1,2,1,1,1,1,1,1,2,9,6,1,1,46,2,2,0
5,43,10,2006,2,1,1,2,2,1,1,1,1,1,1,1,1,2,9,6,1,1,33,2,2,0
5,43,10,2006,3,1,1,2,2,1,1,1,1,1,1,3,1,2,9,6,1,1,33,2,2,0
5,43,10,2006,2,1,1,2,2,1,1,1,1,1,1,1,1,2,10,9,1,1,33,2,2,1
4,43,10,2006,2,2,1,2,2,1,1,1,1,1,1,1,1,2,9,6,1,1,33,2,2,0
5,43,10,2006,2,1,1,2,2,1,1,1,1,1,1,1,1,2,9,6,1,1,33,2,2,0
1,43,10,2006,1,1,1,2,2,1,3,1,1,1,1,5,1,2,14,6,1,1,30,2,2,3
9,50,3,2006,4,1,1,2,2,1,3,1,1,1,1,2,1,2,9,6,1,1,38,2,2,0
11,50,3,2006,1,1,1,2,2,1,4,1,1,1,1,2,1,2,14,6,1,1,33,2,2,0
13,50,4,2006,4,1,1,2,2,1,3,1,1,1,1,3,1,2,12,6,1,1,33,2,2,0
5,50,4,2006,2,1,1,2,2,1,2,1,1,1,1,3,1,2,14,6,1,1,33,2,2,0
1,50,5,2006,4,1,1,2,2,1,3,1,1,1,1,1,1,2,14,2,1,1,33,2,2,0
10,50,4,2006,3,1,1,2,2,1,1,1,1,1,1,3,1,2,14,6,1,1,33,2,2,0
13,50,4,2006,2,1,1,2,2,1,1,1,1,1,1,3,1,2,9,6,1,1,33,2,2,0
7,50,4,2006,4,1,1,2,2,1,3,1,1,1,1,3,1,2,6,6,1,1,20,2,2,0
5,50,3,2006,4,1,1,2,2,1,4,1,1,1,1,2,1,2,14,6,1,1,40,2,2,0
7,50,5,2006,2,1,1,2,2,1,1,1,1,1,1,2,1,2,9,6,1,1,33,2,2,0
13,50,4,2006,4,1,1,2,2,1,3,1,1,1,1,3,1,2,9,6,1,1,33,2,2,1
12,50,6,2006,2,1,1,2,2,1,1,1,1,1,1,3,1,2,14,6,1,1,35,2,2,0
2,50,6,2006,2,1,1,2,2,1,1,1,1,1,1,1,1,2,9,6,1,1,33,2,2,0
11,50,7,2006,4,1,1,2,2,1,4,1,1,1,1,4,1,2,9,6,1,1,33,2,2,0
10,50,7,2006,3,1,1,2,2,1,1,1,1,1,1,3,1,2,9,6,1,1,33,2,2,1
10,50,7,2006,3,1,1,2,2,1,1,1,1,1,1,1,1,2,9,6,1,1,33,2,2,0
7,50,7,2006,2,1,1,2,2,1,1,1,1,1,1,2,1,2,9,6,1,1,33,2,2,0
13,50,7,2006,4,1,1,2,2,1,4,1,1,1,1,2,1,2,9,6,1,1,33,2,2,0
2,50,8,2006,2,1,1,2,2,1,1,1,1,1,1,1,1,2,9,6,1,1,33,2,2,0
2,50,8,2006,2,1,1,2,2,1,1,1,1,1,1,1,1,2,13,6,1,1,16,2,2,0
5,50,8,2006,2,1,1,2,2,1,2,1,1,1,1,1,1,2,14,6,1,1,33,2,2,0
8,50,8,2006,2,1,1,2,2,1,1,1,1,1,1,3,1,2,9,6,1,1,27,2,2,0
8,50,8,2006,3,1,1,2,2,1,1,1,1,1,1,3,1,2,8,8,1,1,33,2,2,1
10,50,9,2006,3,1,1,2,2,1,1,1,1,1,1,1,1,2,19,11,1,1,28,2,2,1
12,50,9,2006,2,1,1,2,2,1,1,1,1,1,1,1,1,2,9,6,1,1,35,2,2,3
6,50,9,2006,3,1,1,2,2,1,1,1,1,1,1,3,1,2,19,6,1,1,33,2,2,0
5,50,9,2006,2,1,1,2,2,1,1,1,1,1,1,3,1,2,10,6,1,2,33,2,2,0
1,50,10,2006,3,1,1,2,2,1,1,1,1,1,1,1,1,2,9,6,1,1,40,2,2,3
10,50,10,2006,2,1,1,2,2,2,1,1,1,1,1,1,1,2,9,6,1,1,33,2,2,1
2,50,10,2006,2,1,1,2,2,1,1,1,1,1,1,1,1,2,8,6,1,1,33,2,2,0
8,50,10,2006,2,1,1,2,2,1,1,1,1,1,1,3,1,2,9,6,1,1,33,2,2,0
13,50,10,2006,4,1,1,2,2,1,4,1,1,1,1,2,1,2,14,2,1,2,33,2,2,0
3,38,1,2006,3,1,1,2,2,1,1,2,1,1,1,1,1,2,14,6,1,1,33,2,2,0
7,38,2,2006,3,2,2,2,2,1,1,1,1,1,1,1,1,2,9,6,1,1,33,2,2,0
1,38,2,2006,3,1,1,2,2,1,1,1,1,1,1,3,1,2,6,6,1,1,33,2,2,0
3,38,2,2006,1,5,1,2,2,1,4,1,1,1,1,1,1,2,12,2,1,1,33,2,2,0
3,38,2,2006,3,1,1,2,2,1,1,1,1,1,1,1,1,2,9,6,1,1,33,2,2,0
6,38,3,2006,4,1,1,2,2,1,4,1,1,1,1,1,1,2,10,6,1,1,33,2,2,0
3,38,3,2006,1,1,1,2,2,1,4,1,1,1,1,1,1,2,9,6,1,1,33,2,2,0
1,38,3,2006,3,1,1,2,2,1,1,1,1,1,1,3,1,2,14,6,2,1,30,1,2,0
7,38,3,2006,4,1,1,2,2,1,2,1,1,1,1,1,1,2,9,6,1,1,40,2,2,0
6,38,4,2006,1,1,1,2,2,1,1,1,1,1,1,3,1,2,14,6,1,1,35,2,2,0
3,38,5,2006,2,1,1,2,2,1,1,1,1,1,1,3,1,2,6,1,1,1,33,2,2,1
3,38,5,2006,2,1,1,2,2,1,1,1,1,1,1,3,1,2,4,6,1,1,33,2,2,1
6,38,5,2006,1,1,1,2,2,1,4,1,1,1,1,1,1,2,10,6,1,1,33,2,2,0
3,38,5,2006,3,1,1,2,2,1,1,1,1,1,1,3,1,2,9,6,1,1,33,2,2,0
6,38,7,2006,3,1,1,2,2,1,1,1,1,1,1,1,1,2,9,6,1,1,33,2,2,0
9,38,6,2006,2,1,1,2,2,1,1,2,1,1,1,3,4,2,13,1,1,1,33,2,2,0
1,38,7,2006,1,1,1,2,2,1,2,1,1,1,1,1,1,2,10,6,1,1,33,2,2,0
1,38,7,2006,4,2,2,2,2,1,3,1,1,1,1,1,1,2,6,6,1,1,40,2,2,0
3,38,7,2006,2,1,1,2,2,1,1,2,1,1,1,1,1,2,9,6,1,1,33,2,2,0
3,38,7,2006,3,1,1,2,2,1,1,1,1,1,1,1,1,2,9,6,1,1,33,2,2,0
7,38,7,2006,1,1,1,2,2,1,2,1,1,1,1,1,1,2,9,6,1,1,33,2,2,0
7,38,8,2006,1,1,1,2,2,1,4,1,1,1,1,1,1,2,9,6,1,1,33,2,2,0
2,38,8,2006,3,1,1,2,2,1,1,1,1,1,1,3,1,2,4,6,1,1,33,2,2,0
7,38,8,2006,2,1,1,2,2,1,1,1,1,1,1,3,1,2,13,6,1,1,33,2,2,0
3,38,8,2006,3,1,1,2,2,1,1,1,1,1,1,1,1,2,7,6,1,3,33,2,2,0
3,38,8,2006,2,1,1,2,2,1,1,1,1,1,1,1,1,2,14,6,1,3,33,2,2,0
1,38,2,2006,1,1,1,2,2,1,4,1,1,1,1,1,1,2,10,6,1,1,33,2,2,0
1,38,9,2006,5,1,1,2,2,1,4,1,1,1,1,1,1,2,10,6,1,2,33,1,2,0
1,38,9,2006,3,1,1,2,2,1,1,1,1,1,1,1,1,2,9,6,1,1,33,2,2,0
3,38,9,2006,1,1,1,2,2,1,4,1,1,1,1,1,1,2,14,6,1,1,33,1,2,1
7,38,9,2006,2,1,1,2,2,1,1,1,1,1,1,1,1,2,8,6,1,1,35,2,2,0
7,38,9,2006,3,1,1,2,2,1,1,3,1,1,1,1,1,2,9,6,1,1,33,2,2,0
7,38,10,2006,2,1,1,2,2,1,1,1,1,1,1,1,1,2,9,6,1,1,33,2,2,0
6,38,10,2006,3,1,1,2,2,1,1,1,1,1,1,1,1,2,9,6,1,1,33,2,2,0
7,38,10,2006,3,1,1,2,2,1,1,1,1,1,1,3,1,2,9,6,1,1,33,2,2,0
6,38,10,2006,5,1,1,2,2,1,1,1,1,1,1,1,1,2,9,6,1,1,33,2,2,0
1,38,10,2006,3,1,1,2,2,1,1,1,1,1,1,3,1,2,9,6,1,1,33,2,2,0
3,38,10,2006,2,1,1,2,2,1,1,1,1,1,1,3,1,2,9,5,1,1,33,2,2,0
7,38,11,2006,2,1,1,2,2,1,1,1,1,1,1,1,1,2,12,6,1,1,33,2,2,0
4,38,11,2006,2,1,1,2,2,4,1,1,1,1,1,3,1,2,17,6,1,1,33,2,2,0
4,44,9,2006,3,1,1,2,2,1,1,1,1,1,1,2,1,2,9,6,1,1,33,2,2,0
4,44,9,2006,1,1,1,2,2,1,2,1,1,1,1,3,1,2,14,6,1,1,33,2,2,0
6,44,9,2006,4,1,1,2,2,1,4,1,1,1,1,1,1,2,9,6,1,1,33,2,2,0
2,44,9,2006,1,1,1,2,2,1,3,1,1,1,1,3,1,2,13,6,1,1,33,2,2,0
7,44,9,2006,1,1,1,2,2,1,4,1,1,1,1,1,1,2,9,6,1,1,33,2,2,0
7,44,9,2006,3,1,1,2,2,1,1,1,1,1,1,5,1,2,13,6,1,1,33,2,2,0
5,44,9,2006,3,1,1,2,2,1,1,1,1,1,1,1,1,2,9,6,1,1,33,2,2,0
5,44,9,2006,2,1,1,2,2,1,2,1,1,1,1,1,1,2,4,6,1,1,33,2,2,0
4,37,11,2006,1,1,1,2,2,1,2,1,1,1,1,3,1,2,4,6,1,1,33,2,2,0
5,37,11,2006,1,1,1,2,2,1,2,1,1,1,1,3,1,2,10,6,1,2,33,2,2,0
6,45,3,2006,4,1,1,2,2,1,1,1,1,1,1,1,1,2,14,6,1,1,33,2,2,0
8,51,2,2006,2,1,1,2,2,1,1,1,1,1,1,2,1,2,9,6,1,1,28,2,2,0
8,51,5,2006,3,1,1,2,2,1,1,1,1,1,1,2,1,2,9,6,1,1,33,2,2,0
8,51,5,2006,2,1,1,2,2,1,1,1,1,1,1,2,1,2,14,1,1,1,38,2,2,0
8,51,5,2006,2,1,1,2,2,1,1,1,1,1,1,3,1,2,9,6,1,1,33,2,2,1
8,51,7,2006,2,1,1,2,1,1,1,1,1,1,1,2,1,2,4,6,1,1,28,2,2,0
1,51,11,2006,3,1,1,2,2,1,1,1,1,1,1,2,1,2,9,6,1,1,33,2,2,0
3,51,11,2006,3,1,1,2,2,1,1,1,1,1,1,2,1,2,9,6,1,1,33,2,2,0
2,45,11,2006,2,1,1,2,2,1,1,1,1,1,1,1,1,2,5,6,1,1,33,2,2,0
6,45,11,2006,3,1,1,2,2,1,1,1,1,1,1,1,1,2,9,6,1,1,33,2,2,0
2,45,11,2006,1,1,1,2,2,1,3,1,1,1,1,1,1,2,9,6,1,1,31,2,2,1
1,45,11,2006,4,1,1,2,2,1,2,1,1,1,1,1,1,2,9,6,1,1,33,2,2,0
1,45,11,2006,3,1,1,2,2,1,1,1,1,1,1,1,1,2,9,6,1,1,33,2,2,1
1,44,10,2006,1,1,1,2,2,1,4,1,1,1,1,5,1,1,14,6,1,1,33,2,2,0
5,44,10,2006,2,1,1,2,2,1,2,1,1,1,1,1,1,2,9,6,1,1,33,2,2,0
5,43,10,2006,2,1,1,2,1,1,1,1,1,1,1,1,1,2,9,6,1,1,33,2,2,0
6,43,11,2006,4,1,1,2,1,1,1,1,1,1,1,3,1,2,5,6,1,1,33,2,2,0
2,43,11,2006,3,1,1,2,2,1,1,1,1,1,1,1,1,2,9,6,1,1,30,2,2,0
6,43,11,2006,2,1,1,2,2,1,1,1,1,1,1,3,1,2,13,6,1,1,33,2,2,1
4,43,11,2006,3,1,1,2,2,1,1,1,1,1,1,1,1,2,9,6,1,1,33,2,2,1
2,43,11,2006,3,1,1,2,2,1,1,1,1,1,1,1,1,2,7,6,1,1,33,2,2,0
7,44,10,2006,3,1,1,2,2,1,1,1,1,1,1,1,1,2,9,6,1,1,33,2,2,0
7,44,10,2006,2,1,1,2,2,1,1,1,1,1,1,3,1,2,5,6,1,1,33,2,2,0
7,44,10,2006,3,1,1,2,1,1,1,1,1,1,1,1,1,2,9,6,1,1,33,2,2,0
5,44,10,2006,4,1,1,2,2,1,3,1,1,1,1,1,1,2,8,6,1,1,33,2,2,0
3,44,10,2006,3,1,1,2,2,1,1,1,1,1,1,1,1,2,8,6,1,1,33,2,2,0
7,44,10,2006,4,1,1,2,2,1,4,1,1,1,1,1,1,2,13,6,1,1,35,2,2,0
7,44,10,2006,4,1,1,2,2,1,3,1,1,1,1,3,1,2,15,6,1,1,28,2,2,0
1,39,11,2006,2,3,1,2,1,4,2,1,1,1,1,4,1,2,4,6,1,1,33,2,2,0
4,39,11,2006,2,1,1,2,2,1,1,1,1,1,1,3,1,2,14,6,1,1,33,2,2,0
4,39,11,2006,4,1,1,2,2,1,4,1,1,1,1,3,1,2,14,6,2,1,33,2,2,0
4,39,11,2006,2,1,1,2,2,1,1,1,1,1,1,3,1,2,4,6,1,1,22,2,2,0
2,39,11,2006,4,1,1,2,1,1,2,1,1,1,1,3,1,2,6,6,1,1,30,2,2,1
2,39,11,2006,2,1,1,2,2,1,1,1,1,1,1,3,1,2,12,6,1,5,49,2,2,0
5,43,11,2006,2,1,1,2,2,1,1,1,1,1,1,1,1,2,9,6,1,1,33,2,2,1
6,52,11,2006,3,1,1,2,2,1,1,1,1,1,1,3,1,2,4,6,1,1,30,2,2,0
10,47,12,2006,2,1,1,2,2,1,1,1,1,1,1,2,1,2,14,6,1,1,33,2,2,0
3,47,10,2006,2,1,1,2,2,1,1,1,1,1,1,3,1,2,4,6,1,1,33,2,2,0
1,48,7,2006,2,1,1,2,2,1,1,1,1,1,1,3,1,2,11,6,1,1,40,2,2,1
7,38,12,2006,3,1,1,2,2,1,1,1,1,1,1,3,1,2,9,6,1,1,33,2,2,0
5,41,11,2006,2,1,1,2,1,1,1,1,1,1,1,1,1,2,9,6,1,1,33,2,2,1