Thana,District,Month,Year,Time,Junction_Type,Traffic_Control,Movement,Divider,Weather,Light,Road_Geometry,Surface_Condition,Surface_Type,Surface_Quality,Road_Class,Road_Feature,Location_Type,Vehicle_Type,Vehicle_Movement,Vehicle_Loading,Vehicle_Defect,Vehicle_Driver_Age,Vehicle_Alcohol,Vehicle_Seat_Belt,Accident_Severity
5,41,11,2006,3,3,3,2,1,1,1,1,1,1,1,1,1,1,14,6,2,1,33,1,2,0
5,41,11,2006,3,1,1,2,2,1,1,2,1,1,1,1,1,2,8,6,1,1,33,2,2,0
1,41,11,2006,2,1,1,2,2,1,1,1,1,1,1,1,1,2,9,6,1,1,33,2,2,1
3,41,11,2006,2,1,1,2,2,1,1,4,1,3,2,4,1,2,17,6,1,3,35,2,2,0
6,41,11,2006,2,1,1,2,2,1,1,1,1,1,1,1,1,2,10,6,1,1,33,2,2,0
7,41,11,2006,2,1,1,2,2,1,2,1,1,1,1,1,1,2,9,6,1,1,33,2,2,0
7,41,11,2006,2,1,1,2,1,1,2,1,1,1,1,2,2,1,6,6,2,1,33,2,2,1
2,43,12,2006,3,1,1,2,2,1,1,1,1,1,1,1,1,2,9,6,1,1,28,2,2,0
2,43,12,2006,3,1,1,2,2,1,1,1,1,1,1,1,1,2,9,6,1,1,30,2,2,0
3,43,12,2006,3,1,1,2,2,1,1,1,1,1,1,1,1,2,9,6,1,1,33,2,2,0
1,51,12,2006,2,1,1,2,2,1,1,1,1,1,1,2,1,2,9,6,1,1,33,2,2,0
11,51,12,2006,3,1,1,2,2,1,1,1,1,1,1,3,1,2,17,6,1,1,30,2,2,0
4,36,12,2006,3,1,1,2,2,1,1,1,1,1,1,1,1,2,12,6,1,1,33,2,2,0
3,36,11,2006,5,1,1,2,2,1,1,1,1,1,1,1,1,2,8,6,1,1,33,2,2,0
3,36,11,2006,2,1,1,2,2,1,1,1,1,1,1,1,1,2,9,6,1,1,33,2,2,1
1,39,12,2006,4,3,1,2,2,1,4,1,1,1,1,1,1,2,4,6,1,1,33,2,2,0
4,39,12,2006,3,1,1,2,2,1,1,2,1,1,1,4,1,2,4,6,1,1,28,2,2,0
1,52,12,2006,4,1,1,2,2,1,2,1,1,1,1,3,1,2,9,6,1,1,33,2,2,0
10,52,7,2006,4,1,1,2,2,1,1,1,1,1,1,2,1,2,14,6,1,1,33,2,2,0
4,52,12,2006,3,1,1,2,2,1,1,1,1,1,1,4,1,2,8,6,1,1,22,2,2,0
1,50,12,2006,2,1,1,2,2,1,1,1,1,1,1,1,1,2,6,6,1,1,33,2,2,0
12,50,12,2006,2,1,1,2,2,1,1,1,1,1,1,1,1,2,9,6,1,1,35,2,2,0
3,50,12,2006,3,1,1,2,2,1,1,1,1,1,1,4,1,2,4,6,1,1,33,2,2,0
13,50,12,2006,2,1,1,2,2,1,1,1,1,1,1,3,1,2,4,6,1,1,33,2,2,0
13,50,12,2006,2,1,1,2,2,1,1,1,1,1,1,2,1,2,8,6,1,1,33,2,2,0
6,45,12,2006,2,1,1,2,2,1,2,1,1,1,1,1,1,2,8,6,1,1,33,2,2,0
1,45,12,2006,1,1,1,2,2,1,2,1,1,1,1,1,1,2,8,6,1,1,33,2,2,0
4,45,12,2006,2,1,1,2,2,1,1,1,1,1,1,2,1,2,13,6,1,1,32,2,2,0
1,45,12,2006,2,1,1,2,2,1,1,1,1,1,1,1,1,2,6,6,1,1,33,2,2,0
1,45,12,2006,2,1,1,2,2,1,1,1,1,1,1,2,1,2,8,6,1,1,33,2,2,0
6,45,12,2006,2,1,1,2,2,1,1,1,1,1,1,1,1,2,8,6,1,1,33,2,2,1
6,45,12,2006,4,1,1,2,2,1,2,1,1,1,1,1,1,2,8,6,1,1,33,2,2,0
6,45,12,2006,2,1,1,2,2,1,1,1,1,1,1,1,1,2,8,6,1,1,33,2,2,0
1,41,12,2006,1,1,1,2,2,1,4,1,1,1,1,1,1,2,10,6,1,1,33,2,2,0
1,41,12,2006,4,1,1,2,2,1,4,1,1,1,1,1,1,2,8,6,1,1,33,2,2,0
1,41,12,2006,1,1,1,2,2,1,4,1,1,1,1,1,1,2,14,6,2,1,33,2,2,0
5,41,12,2006,4,1,1,2,2,1,3,1,1,1,1,1,1,2,9,6,1,1,33,2,2,0
5,41,11,2006,3,1,1,2,2,1,1,1,1,1,1,1,1,2,9,6,1,1,32,1,2,1
5,41,12,2006,4,1,1,2,2,1,3,1,1,1,1,1,1,2,7,6,1,1,33,2,2,0
5,41,12,2006,4,1,1,2,2,1,3,1,1,1,1,3,1,2,10,6,1,1,33,2,2,0
5,41,12,2006,3,1,1,2,2,1,1,1,1,1,1,1,1,2,14,6,1,1,33,1,2,0
4,41,12,2006,2,1,1,2,2,1,1,1,1,2,1,4,3,2,14,6,1,1,32,2,2,2
4,41,12,2006,2,1,1,2,2,1,1,1,1,1,1,3,1,2,13,6,1,1,33,2,2,0
7,41,12,2006,2,1,1,2,2,1,1,1,1,1,1,3,1,2,10,6,1,1,33,2,2,0
7,41,12,2006,2,1,3,2,2,1,1,1,1,1,1,2,1,1,10,6,1,1,35,2,2,0
7,41,12,2006,2,1,1,2,1,1,2,1,1,1,1,2,1,2,9,6,1,1,33,2,2,3
7,41,12,2006,4,1,1,2,2,1,1,1,1,1,1,3,1,2,9,6,1,1,33,2,2,0
7,41,12,2006,5,1,1,2,2,1,1,1,1,1,1,3,2,2,13,6,1,1,33,2,2,0
7,41,12,2006,4,1,1,2,2,1,3,1,1,1,1,3,1,2,12,6,1,1,20,2,2,0
7,41,12,2006,4,1,1,2,2,1,2,1,1,1,1,3,1,1,10,6,1,1,33,2,2,0
7,41,12,2006,3,1,1,2,2,1,1,1,1,1,1,2,1,2,10,6,1,1,33,2,2,0
1,40,11,2006,4,1,1,2,2,1,1,1,1,1,1,1,1,2,8,6,1,1,33,2,2,0
1,40,12,2006,3,1,1,2,2,1,1,1,1,1,1,2,2,1,9,6,1,1,33,2,2,0
1,40,12,2006,4,1,1,2,2,1,4,1,1,1,1,1,1,1,14,6,1,1,33,2,2,1
7,40,11,2006,3,1,1,2,2,1,1,1,1,1,1,3,1,2,8,6,1,1,33,2,2,0
7,40,11,2006,2,1,1,2,2,1,2,1,1,1,1,3,1,2,8,6,1,1,33,2,2,0
5,40,12,2006,2,1,1,2,2,1,1,1,1,1,1,1,1,2,13,6,1,1,33,2,2,0
4,40,11,2006,4,1,1,2,2,1,1,1,1,1,1,3,1,2,8,6,1,1,33,2,2,1
6,40,1,2006,2,1,1,2,2,1,1,1,1,1,1,1,1,2,8,6,1,1,33,2,2,1
6,40,3,2006,1,1,1,2,2,1,4,1,1,1,1,4,1,2,8,6,1,1,33,2,2,0
6,40,12,2006,2,1,1,2,2,1,1,1,1,1,1,1,1,2,9,6,1,1,33,2,2,0
6,40,12,2006,3,1,1,2,2,1,1,1,1,1,1,1,2,1,9,6,1,1,33,2,2,0
6,40,12,2006,2,1,1,2,2,1,1,1,1,1,1,1,1,2,9,6,1,1,33,2,2,0
6,40,12,2006,1,1,1,2,2,1,4,1,1,1,1,1,1,2,10,6,1,1,33,2,2,0
3,40,11,2006,2,1,1,2,1,1,1,1,1,1,1,1,1,2,15,6,1,1,33,2,2,0
3,40,11,2006,4,1,1,2,2,1,2,1,1,1,1,1,1,2,10,6,1,1,33,2,2,1
3,40,12,2006,3,1,1,2,2,1,1,1,1,1,1,1,1,2,9,6,1,1,33,2,2,0
4,44,11,2006,4,1,1,2,2,1,4,1,1,1,1,2,1,2,13,6,1,1,33,2,2,0
3,44,11,2006,1,1,1,2,2,1,3,1,1,1,1,1,1,2,19,6,1,1,33,2,2,0
3,44,11,2006,1,1,1,2,2,1,4,1,1,1,1,1,1,2,19,6,1,1,33,2,2,0
6,44,11,2006,4,1,1,2,2,1,4,1,1,1,1,1,1,2,19,6,1,1,33,2,2,0
6,44,11,2006,1,1,1,2,2,1,4,1,1,1,1,2,1,2,19,6,1,1,33,2,2,0
7,44,11,2006,2,1,1,2,2,1,1,1,1,1,1,1,1,2,13,6,1,1,33,2,2,0
7,44,11,2006,1,1,1,2,2,1,2,1,1,1,1,1,1,2,19,6,1,1,33,2,2,0
5,44,11,2006,1,1,1,2,2,1,4,1,1,1,1,1,1,2,19,6,1,1,33,2,2,0
5,44,11,2006,3,1,1,2,2,1,1,1,1,1,1,1,1,2,13,6,1,1,33,2,2,0
12,47,12,2006,3,1,1,2,2,1,1,1,1,1,1,1,1,2,9,6,1,1,33,2,2,0
12,47,12,2006,4,1,1,2,2,1,3,1,1,1,1,1,1,2,8,6,1,1,33,2,2,0
10,47,12,2006,2,1,1,2,1,1,1,1,1,1,1,2,1,2,13,6,1,1,33,2,2,0
8,47,12,2006,4,1,1,2,2,1,2,1,1,1,1,1,1,2,14,6,1,1,33,2,2,0
8,47,11,2006,4,1,1,2,2,1,2,1,1,1,1,1,1,2,9,6,1,1,25,2,2,0
7,47,12,2006,2,1,1,2,2,1,1,1,1,1,1,1,1,2,6,1,1,1,33,2,2,0
9,47,12,2006,4,1,1,2,2,1,4,1,1,1,1,1,1,2,9,6,1,1,33,2,2,0
9,47,12,2006,3,1,1,2,2,1,1,1,1,1,1,1,1,2,9,6,1,1,33,2,2,0
1,47,12,2006,3,1,1,2,2,1,1,1,1,1,1,1,1,2,9,6,1,1,33,2,2,0
4,49,12,2006,2,1,1,2,2,1,1,1,1,1,1,3,1,2,9,6,1,1,28,2,2,0
2,49,12,2006,4,1,1,2,2,1,4,1,1,1,1,3,1,2,9,6,1,1,33,2,2,1
3,49,12,2006,3,1,1,2,2,1,1,1,1,1,1,2,1,2,13,6,1,1,33,2,2,0
6,46,12,2006,1,1,1,2,2,1,4,1,1,1,1,1,1,2,9,6,1,1,33,2,2,0
6,46,12,2006,1,1,1,2,2,1,4,1,1,1,1,1,1,2,14,6,1,1,33,2,2,0
5,46,12,2006,2,1,1,2,2,1,1,1,1,1,1,3,1,2,13,6,1,1,33,2,2,0
2,46,11,2006,1,1,1,2,2,1,2,1,1,1,1,1,1,2,14,6,1,1,33,2,2,0
2,46,11,2006,2,1,1,2,2,1,1,1,1,1,1,1,1,2,9,6,1,1,33,2,2,0
2,46,11,2006,1,1,1,2,2,1,2,1,1,1,1,1,1,2,14,6,1,1,33,2,2,0
2,46,12,2006,2,1,1,2,2,1,1,1,1,1,1,1,1,2,14,6,1,1,33,2,2,0
2,46,12,2006,1,1,1,2,2,1,4,1,1,1,1,1,1,2,9,6,1,1,33,2,2,0
4,46,12,2006,3,1,1,2,2,1,1,1,1,1,1,3,1,2,8,6,1,1,33,2,2,0
4,46,12,2006,2,1,1,2,2,1,1,1,1,1,1,3,1,2,14,6,1,1,33,2,2,0
1,46,11,2006,3,1,1,2,2,1,1,1,1,1,1,1,1,2,10,6,1,1,33,2,2,0
1,46,11,2006,4,1,1,2,2,1,4,1,1,1,1,1,1,2,14,6,1,1,33,2,2,0
1,46,11,2006,4,1,1,2,2,1,4,1,1,1,1,3,1,2,1,6,1,1,33,2,2,0
1,46,11,2006,4,1,1,2,2,2,4,1,1,1,1,1,1,2,9,6,1,1,33,2,2,0
1,46,12,2006,4,1,1,2,2,1,4,1,1,1,1,1,1,2,8,6,1,1,33,2,2,0
1,46,12,2006,3,1,1,2,2,1,1,1,1,1,1,1,1,2,9,6,1,1,33,2,2,0
1,46,12,2006,3,1,1,2,2,1,1,1,1,1,1,3,1,2,8,6,1,1,33,2,2,0
1,46,12,2006,3,1,1,2,2,1,1,1,1,1,1,2,1,2,14,6,1,1,33,2,2,0
1,46,12,2006,2,1,1,2,2,1,1,1,1,1,1,1,1,2,9,6,1,1,33,2,2,0
1,46,12,2006,4,1,1,2,2,1,2,1,1,1,1,1,1,2,8,6,1,1,33,2,2,0
1,46,12,2006,3,1,1,2,2,1,1,1,1,1,1,1,1,2,8,6,1,1,33,2,2,1
1,46,12,2006,3,1,1,2,2,1,1,1,1,1,1,1,1,2,7,6,1,1,33,2,2,1
1,46,10,2006,2,1,1,2,2,2,1,1,1,1,1,1,1,2,9,6,1,1,33,2,2,0
1,46,10,2006,3,1,1,2,2,1,1,1,1,1,1,1,1,2,14,9,1,1,33,2,2,0
1,46,5,2006,3,1,1,2,1,1,1,1,1,1,1,1,1,2,9,6,1,1,33,2,2,0
1,46,8,2006,2,1,1,2,2,1,1,1,1,1,1,1,1,2,6,6,1,1,33,2,2,0
6,46,3,2006,2,1,1,2,2,1,1,1,1,1,1,1,1,2,9,6,1,1,33,2,2,0
6,46,5,2006,2,1,1,2,2,1,1,1,1,1,1,1,1,2,9,6,1,1,33,2,2,0
6,46,9,2006,4,1,1,2,2,1,2,1,1,1,1,1,1,2,9,6,1,1,33,2,2,0
6,46,4,2006,2,1,1,2,1,1,1,1,1,1,1,1,1,2,8,6,1,1,33,2,2,0
2,46,4,2006,1,1,1,2,1,1,4,1,1,1,1,1,1,2,19,6,1,1,33,2,2,0
2,46,6,2006,3,1,1,2,2,1,1,1,1,1,1,1,1,2,4,6,1,1,33,2,2,0
2,46,5,2006,2,1,1,2,2,1,1,1,1,1,1,1,1,2,9,6,1,1,33,2,2,1
2,46,4,2006,2,1,1,2,2,1,1,1,1,1,1,1,1,2,8,6,1,1,33,2,2,0
4,46,10,2006,3,1,1,2,2,1,1,1,1,1,1,3,1,2,8,6,1,1,33,2,2,0
4,46,10,2006,4,1,1,2,2,1,1,1,1,1,1,3,1,2,8,6,1,1,33,2,2,0
4,46,3,2006,2,1,1,2,2,1,1,1,1,1,1,3,1,2,9,6,1,1,33,2,2,0
4,35,12,2006,2,1,1,2,2,1,1,1,1,1,1,3,1,2,9,6,1,1,33,2,2,0
5,35,12,2006,4,1,1,2,2,1,1,1,2,1,1,3,1,2,8,6,1,1,33,2,2,0
6,44,12,2006,2,1,1,2,2,1,1,1,1,1,1,1,1,2,9,6,1,1,33,2,2,0
6,44,12,2006,3,1,1,2,2,1,1,1,1,1,1,1,1,2,9,6,1,1,33,2,2,1
6,44,12,2006,3,1,1,2,2,1,1,1,1,1,1,1,1,2,14,6,1,1,33,2,2,1
6,44,12,2006,3,1,1,2,2,1,1,1,1,1,1,1,1,2,5,6,1,1,33,2,2,1
3,44,12,2006,3,1,1,2,2,1,1,1,1,1,1,1,1,2,14,6,1,1,33,2,2,1
7,44,12,2006,4,1,1,2,2,1,4,1,1,1,1,1,1,2,8,6,1,1,33,2,2,0
7,44,12,2006,4,1,1,2,2,1,4,1,1,1,1,1,1,2,8,6,1,1,33,2,2,0
7,44,12,2006,3,1,1,2,2,1,1,1,1,1,1,1,1,2,8,6,1,1,33,2,2,0
7,44,12,2006,4,1,1,2,2,1,4,1,1,1,1,1,1,2,8,6,1,1,33,2,2,0
5,44,12,2006,2,1,1,2,2,1,1,1,1,1,1,1,1,2,8,6,1,1,33,2,2,0
5,44,12,2006,4,1,1,2,2,1,1,1,1,1,1,1,1,2,9,6,1,1,33,2,2,0
1,48,12,2006,2,1,1,2,2,1,1,1,1,1,1,3,1,2,4,6,1,1,50,2,2,0
1,39,9,2006,3,1,1,2,2,1,1,1,1,1,1,2,1,1,9,6,1,1,39,2,2,1
1,39,10,2006,2,1,1,2,2,1,1,1,1,1,1,2,1,1,9,6,1,1,33,2,2,0
1,39,10,2006,3,1,1,2,2,1,2,1,1,1,1,1,1,2,9,6,1,1,33,2,2,0
1,39,2,2006,3,1,1,2,2,1,1,1,1,1,1,1,1,2,9,6,1,1,25,2,2,0
4,39,2,2006,2,1,1,2,2,1,1,4,1,1,1,2,5,2,9,6,2,1,33,2,2,0
3,39,8,2006,3,1,1,2,2,1,1,2,1,1,1,1,1,2,13,6,1,1,35,2,2,0
3,39,10,2006,2,3,1,2,2,1,1,1,1,1,1,1,1,2,10,6,1,1,33,2,2,0
1,35,9,2006,2,1,1,2,2,1,1,1,1,1,1,1,1,2,9,6,1,1,30,1,2,0
3,35,8,2006,4,1,1,2,2,1,2,2,1,1,1,4,1,2,14,1,1,1,35,1,2,1
1,35,3,2006,1,1,1,2,2,1,4,1,1,1,1,2,1,2,9,6,1,1,33,2,2,0
3,36,1,2006,2,1,1,2,2,1,2,1,1,1,1,1,1,2,10,6,1,1,33,2,2,3
2,36,5,2006,1,1,7,2,1,2,1,1,1,1,1,1,1,2,9,6,1,3,40,2,2,2
1,36,8,2006,3,1,1,2,2,1,1,1,1,1,1,1,1,2,9,6,1,5,33,2,2,0
8,38,9,2006,2,1,1,2,2,1,1,4,2,2,2,2,1,2,14,1,1,1,40,2,2,0
1,47,9,2006,3,3,1,2,1,1,1,1,1,1,1,1,1,2,9,6,1,1,32,1,2,0
5,47,9,2006,2,1,1,2,2,1,1,1,1,1,1,1,1,2,7,5,1,1,41,2,2,0
8,47,9,2006,1,1,1,2,2,1,4,1,1,1,1,1,1,2,19,6,1,1,33,2,2,0
17,42,1,2006,4,1,4,1,1,1,3,1,1,1,1,5,1,1,9,6,1,1,25,2,2,0
17,42,1,2006,3,1,1,1,1,1,1,1,1,1,1,5,1,1,19,6,1,2,33,1,0,0
17,42,1,2006,2,1,1,1,1,1,1,1,1,1,1,5,1,1,9,6,1,1,33,2,2,0
17,42,1,2006,3,1,1,1,1,1,1,1,1,1,1,5,1,1,19,6,1,1,40,2,2,0
17,42,2,2006,2,1,4,1,1,1,2,1,1,1,1,5,1,1,7,6,1,1,33,2,2,0
17,42,2,2006,2,1,4,1,1,1,1,1,1,1,1,5,1,1,8,6,1,1,32,2,2,1
6,42,1,2006,3,1,1,2,1,1,1,1,1,1,1,5,1,1,9,6,1,1,33,2,2,0
6,42,1,2006,3,1,1,2,1,1,1,1,1,1,1,5,1,1,9,6,1,1,38,2,2,0
6,42,2,2006,1,1,1,2,1,1,3,1,1,1,1,5,1,1,14,6,1,1,33,2,2,0
6,42,2,2006,2,1,1,2,1,1,1,1,1,1,1,5,1,1,9,6,1,1,33,2,2,0
6,42,2,2006,1,1,1,2,1,1,2,1,1,1,1,5,1,1,14,6,1,1,33,2,2,0
6,42,2,2006,3,1,1,2,1,1,1,1,1,1,1,5,1,1,14,6,1,1,33,2,2,0
9,42,1,2006,1,3,6,1,1,1,3,1,1,1,1,5,1,1,14,6,1,1,33,1,2,2
9,42,1,2006,4,1,1,1,1,1,3,1,1,1,1,5,1,1,19,6,1,1,33,1,0,0
9,42,1,2006,3,1,4,1,1,1,1,1,1,1,1,5,1,1,8,6,1,1,33,2,2,0
9,42,2,2006,1,1,1,1,1,1,3,1,1,1,1,5,1,1,10,6,1,1,33,2,2,0
2,42,2,2006,3,1,1,1,1,1,1,1,1,1,1,5,1,1,8,6,1,1,25,2,2,1
2,42,2,2006,2,1,1,1,1,1,1,1,1,1,1,5,1,1,8,6,1,1,33,2,2,1
2,42,2,2006,3,1,1,1,1,1,1,1,1,1,1,5,1,1,8,6,1,1,33,2,2,0
2,42,2,2006,4,1,1,1,1,1,3,1,1,1,1,5,1,1,7,6,1,1,20,2,2,1
12,42,1,2006,3,3,6,2,1,1,1,1,1,1,1,5,1,1,9,6,1,1,33,2,2,1
12,42,1,2006,2,1,1,2,2,1,2,1,1,1,1,5,1,1,19,6,1,2,33,1,2,0
12,42,1,2006,2,1,1,1,1,1,1,1,1,1,1,5,1,1,14,6,1,1,33,2,2,0
13,42,1,2006,4,7,1,2,1,1,2,2,1,1,1,1,1,1,9,6,1,2,28,1,2,1
17,42,4,2006,3,1,4,1,1,1,1,1,1,1,1,5,1,1,8,6,1,2,33,1,2,1
17,42,4,2006,1,1,1,1,1,1,2,1,1,1,1,5,1,1,19,6,1,2,33,1,0,0
17,42,5,2006,3,1,4,1,1,1,1,1,1,1,1,5,1,1,19,6,1,2,33,1,2,0
8,42,3,2006,3,1,4,1,1,1,1,1,1,1,1,5,1,1,10,6,1,2,18,1,2,1
8,42,6,2006,4,1,4,1,1,1,3,1,1,1,1,5,1,1,19,6,1,1,33,1,0,0
1,42,1,2006,3,4,4,1,1,1,1,1,1,1,1,5,1,1,9,6,1,2,33,1,2,0
1,42,1,2006,2,5,4,2,1,1,1,1,1,1,1,5,1,1,9,6,1,2,33,1,2,0
1,42,1,2006,1,1,4,1,1,1,3,1,1,1,1,5,1,1,14,6,1,2,33,1,2,0
1,42,1,2006,2,1,4,1,1,1,1,1,1,1,1,5,1,1,9,6,1,2,28,1,2,0
1,42,2,2006,2,5,4,2,1,1,1,1,1,1,1,5,1,1,9,6,1,2,33,1,2,0
1,42,1,2006,2,1,1,1,1,1,1,1,1,1,1,5,1,1,9,6,1,2,34,1,2,0
1,42,2,2006,4,5,4,2,1,1,3,1,1,1,1,5,1,1,9,6,1,2,33,1,2,2
1,42,3,2006,4,3,4,2,1,1,3,1,1,1,1,5,1,1,9,6,1,2,30,1,2,1
1,42,3,2006,2,1,4,1,1,1,1,1,1,1,1,5,1,1,9,6,1,2,33,1,2,0
1,42,3,2006,3,1,4,1,2,1,1,1,1,1,1,5,1,1,10,6,1,2,33,1,0,0
1,42,3,2006,4,1,4,1,1,1,3,1,1,1,1,5,1,1,15,6,1,2,33,1,2,0
1,42,4,2006,2,1,2,2,2,2,1,2,2,2,2,5,1,1,8,6,1,2,32,1,2,0
1,42,4,2006,3,1,4,1,1,1,1,1,1,1,1,5,1,1,14,6,1,2,33,1,2,2
1,42,5,2006,2,1,4,1,1,1,1,1,1,1,1,5,1,1,10,6,1,2,33,1,2,1
1,42,5,2006,3,1,4,1,1,1,1,1,1,1,1,5,1,1,8,6,1,2,33,1,2,0
9,42,3,2006,1,1,4,2,1,1,3,1,1,1,1,5,1,1,14,6,1,1,33,2,2,1
9,42,3,2006,2,1,1,2,1,1,1,1,1,1,1,5,1,1,9,6,1,1,25,2,2,0
9,42,3,2006,1,1,4,2,1,1,3,1,1,1,1,5,1,1,10,6,1,1,33,1,2,0
9,42,4,2006,2,1,4,2,1,1,1,1,1,1,1,5,1,1,7,6,1,1,33,2,2,1
9,42,4,2006,3,1,4,2,1,1,3,1,1,1,1,5,1,1,19,6,1,1,33,1,2,0
9,42,4,2006,1,1,4,2,1,1,2,1,1,1,1,5,1,1,8,6,1,1,33,2,2,0
9,42,4,2006,2,1,4,2,1,1,1,1,1,1,1,5,1,1,4,6,1,1,33,2,2,0
9,42,5,2006,2,1,4,2,1,1,1,1,1,1,1,5,1,1,5,6,1,1,33,2,2,0
9,42,5,2006,2,1,4,2,1,1,1,1,1,1,1,5,1,1,8,6,1,1,33,2,2,0
6,42,4,2006,2,1,4,2,1,1,1,1,1,1,1,1,1,1,10,6,1,1,33,1,2,0
6,42,4,2006,4,2,4,2,1,1,3,1,1,1,1,1,1,1,14,6,1,1,33,2,2,1
6,42,4,2006,2,1,4,2,1,1,1,1,1,1,1,5,1,1,9,6,1,1,35,1,2,0
6,42,4,2006,3,1,4,2,1,1,1,1,1,1,1,1,1,1,9,6,1,1,24,1,2,0
6,42,4,2006,4,1,1,2,1,1,2,1,1,1,1,1,1,1,10,6,1,1,33,2,2,0
6,42,4,2006,2,1,1,2,1,1,1,1,1,1,1,5,1,1,9,6,1,1,33,2,2,0
6,42,4,2006,4,1,1,2,2,1,1,1,1,1,1,5,1,1,12,6,1,1,33,2,2,0
6,42,4,2006,3,1,4,2,1,1,1,1,1,1,1,5,1,1,9,6,1,1,33,2,2,1
6,42,5,2006,4,1,4,2,1,1,3,1,1,1,1,1,1,1,9,6,1,1,33,1,2,0
6,42,5,2006,1,1,1,2,1,1,1,1,1,1,1,1,1,1,10,6,1,1,33,2,2,0
6,42,6,2006,1,1,2,2,2,1,2,1,1,1,1,5,1,1,10,6,1,1,33,1,2,0
6,42,6,2006,4,1,4,2,1,1,3,1,1,1,1,5,1,1,15,6,1,1,26,1,2,0
6,42,7,2006,3,1,1,2,1,1,1,1,1,1,1,1,1,1,8,6,1,1,33,2,2,0
6,42,7,2006,3,1,1,2,2,1,1,1,1,1,1,5,1,1,12,6,1,1,33,1,2,0
6,42,5,2006,2,1,1,2,1,1,1,1,1,1,1,1,1,1,10,6,1,1,33,2,2,0
6,42,7,2006,3,1,4,2,1,1,1,1,1,1,1,1,1,1,9,6,1,1,33,1,2,1
6,42,7,2006,4,5,4,2,1,1,1,1,1,1,1,5,1,1,9,6,1,1,33,1,2,0
6,42,7,2006,2,1,1,2,1,1,1,1,1,1,1,1,1,1,9,6,1,1,33,2,2,0
1,42,6,2006,4,1,1,1,1,1,1,1,1,1,1,5,1,1,9,6,1,2,33,1,2,0
1,42,6,2006,3,2,4,1,1,1,1,1,1,1,1,5,1,1,9,6,1,2,33,1,2,0
1,42,6,2006,2,2,4,1,1,1,1,1,1,1,1,5,1,1,7,6,1,2,33,1,2,0
1,42,7,2006,2,1,4,1,1,1,1,1,1,1,1,5,1,1,10,6,1,2,33,1,2,2
12,42,2,2006,3,3,4,2,1,1,1,1,1,1,1,5,1,1,9,6,1,2,33,1,2,0
12,42,2,2006,3,1,4,2,1,1,1,1,1,1,1,5,1,1,9,6,1,2,25,1,2,0
12,42,4,2006,3,1,1,1,1,1,1,1,1,1,1,5,1,1,10,6,1,2,24,1,0,2
12,42,4,2006,4,1,4,2,1,1,3,1,1,1,1,5,1,1,14,6,1,2,33,1,2,1
12,42,5,2006,1,1,1,1,1,1,3,1,1,1,1,5,1,1,10,6,1,2,33,1,2,0
12,42,5,2006,2,1,1,2,1,1,1,1,1,1,1,5,1,1,10,6,1,2,33,1,2,0
12,42,5,2006,3,1,1,2,1,1,1,1,1,1,1,5,1,1,12,6,1,2,33,1,2,0
12,42,6,2006,2,1,1,2,1,1,1,1,1,1,1,5,1,1,19,6,1,2,33,1,0,0
9,42,6,2006,4,3,4,1,1,1,2,1,1,1,1,5,1,1,8,6,1,2,35,1,2,0
9,42,7,2006,3,1,1,1,1,1,1,1,1,1,1,5,1,1,9,6,1,2,33,1,0,0
9,42,7,2006,3,1,1,1,1,1,1,1,1,1,1,5,1,1,6,6,1,2,33,1,2,0
9,42,7,2006,1,1,4,2,2,1,3,1,1,1,1,5,1,1,14,6,1,2,33,1,2,0
9,42,7,2006,1,1,1,1,1,1,1,1,1,1,1,5,1,1,14,6,1,2,33,1,2,0
9,42,8,2006,3,1,4,1,1,1,1,1,1,1,1,5,1,1,9,6,1,2,33,1,2,0
9,42,8,2006,3,1,1,1,1,1,1,1,1,1,1,5,1,1,9,6,1,2,35,1,2,0
9,42,8,2006,4,2,4,1,1,1,3,1,1,1,1,5,1,1,8,6,1,2,33,1,2,0
9,42,7,2006,2,1,1,1,1,1,1,1,1,1,1,5,1,1,12,6,1,2,33,1,2,1
9,42,8,2006,1,1,1,1,1,1,1,1,1,1,1,5,1,1,10,8,1,2,33,1,0,0
9,42,8,2006,2,1,4,2,2,1,1,1,1,1,1,5,1,1,10,6,1,2,33,1,0,2
11,42,1,2006,3,1,4,1,1,1,1,1,1,1,1,1,1,1,9,6,1,2,33,1,2,0
11,42,1,2006,2,1,1,2,1,1,1,1,1,1,1,5,1,1,5,6,1,1,33,2,2,0
11,42,2,2006,1,1,4,2,1,1,2,1,1,1,1,1,1,1,9,6,1,1,33,2,2,0
11,42,2,2006,2,1,1,2,1,1,1,1,1,1,1,5,1,1,9,6,1,1,33,1,2,0
11,42,2,2006,1,1,4,2,1,1,3,1,1,1,1,5,1,1,14,6,2,1,33,1,2,0
11,42,3,2006,2,1,1,2,1,1,1,1,1,1,1,5,1,1,9,6,1,2,30,1,2,1
11,42,3,2006,1,1,1,2,1,1,3,1,1,1,1,5,1,1,19,6,1,2,33,1,0,0
11,42,3,2006,2,1,4,2,1,1,1,1,1,1,1,5,1,1,7,6,1,2,33,1,2,0
11,42,4,2006,2,1,4,2,1,1,1,1,1,1,1,1,1,1,14,6,2,1,33,1,2,1