Thana,District,Month,Year,Time,Junction_Type,Traffic_Control,Movement,Divider,Weather,Light,Road_Geometry,Surface_Condition,Surface_Type,Surface_Quality,Road_Class,Road_Feature,Location_Type,Vehicle_Type,Vehicle_Movement,Vehicle_Loading,Vehicle_Defect,Vehicle_Driver_Age,Vehicle_Alcohol,Vehicle_Seat_Belt,Accident_Severity
11,42,4,2006,1,1,4,2,1,1,3,1,1,1,1,5,1,1,5,6,1,3,33,1,2,0
11,42,4,2006,3,1,4,2,1,1,3,1,1,1,1,1,1,1,14,6,2,1,33,2,2,0
11,42,4,2006,2,1,4,1,1,1,1,1,1,1,1,5,1,1,9,6,1,2,33,1,2,0
11,42,4,2006,4,1,4,2,1,1,3,1,1,1,1,5,1,1,14,6,2,1,33,2,2,0
11,42,1,2006,4,1,4,2,1,1,3,1,1,1,1,5,1,1,8,6,1,1,33,2,2,1
11,42,2,2006,3,1,1,2,1,1,1,1,1,1,1,5,1,1,8,6,1,1,33,2,2,1
11,42,2,2006,2,1,4,2,1,1,1,1,1,1,1,5,1,1,8,6,1,1,33,2,2,0
11,42,4,2006,4,1,4,2,1,1,3,1,1,1,1,5,1,1,15,6,1,1,33,2,2,0
11,42,5,2006,3,1,4,2,1,1,1,1,1,1,1,1,1,1,9,6,2,1,33,2,2,0
11,42,5,2006,3,1,4,1,1,1,1,1,1,1,1,1,1,1,14,6,1,2,33,1,2,1
11,42,5,2006,4,1,1,2,1,1,3,1,1,1,1,1,1,1,8,6,1,1,33,2,2,0
11,42,5,2006,3,1,1,2,1,1,1,1,1,1,1,1,1,1,9,6,1,1,33,2,2,0
11,42,5,2006,3,1,1,2,1,1,1,1,1,1,1,5,1,1,9,6,1,1,33,2,2,0
11,42,6,2006,3,1,1,2,1,1,1,1,1,1,1,5,1,1,9,6,1,1,33,2,2,0
11,42,6,2006,1,1,1,2,1,1,3,1,1,1,1,5,1,1,14,6,2,1,33,2,2,0
11,42,6,2006,3,1,1,2,1,1,1,1,1,1,1,5,1,1,8,6,1,1,29,2,2,1
11,42,6,2006,3,1,1,2,1,1,1,1,1,1,1,5,1,1,10,6,1,1,16,2,2,1
11,42,6,2006,4,1,1,1,1,1,3,1,1,1,1,5,1,1,9,6,1,1,33,2,2,0
11,42,6,2006,4,1,3,2,1,1,3,1,1,1,1,5,1,1,19,6,2,1,33,2,2,0
11,42,6,2006,4,1,4,2,1,1,3,1,1,1,1,1,1,1,19,6,1,1,33,2,2,0
11,42,7,2006,3,1,1,2,1,1,1,1,1,1,1,5,1,1,5,6,1,2,33,1,2,0
11,42,7,2006,4,3,4,2,1,1,2,1,1,1,1,5,1,1,19,6,1,2,33,1,0,0
3,42,2,2006,4,3,1,2,1,1,3,1,1,1,1,1,1,1,9,6,1,2,29,2,0,0
3,42,2,2006,2,1,1,2,1,1,1,1,1,1,1,5,1,1,14,6,1,2,33,1,2,0
3,42,5,2006,3,3,4,2,1,1,1,1,1,1,1,5,1,1,16,6,1,2,33,1,2,0
3,42,5,2006,2,1,1,1,1,1,1,1,1,1,1,5,1,1,14,6,1,2,33,1,2,0
3,42,6,2006,2,1,1,1,1,1,1,1,1,1,1,5,1,1,12,6,1,2,33,1,2,0
3,42,7,2006,1,3,4,2,1,1,3,1,1,1,1,1,1,1,9,6,1,2,33,1,2,0
3,42,8,2006,1,3,1,2,1,1,2,1,1,1,1,1,1,1,14,6,1,2,33,1,2,0
3,42,8,2006,2,3,1,2,1,1,1,1,1,1,1,1,1,1,14,6,1,2,33,1,2,0
3,42,8,2006,3,3,1,2,1,1,1,1,1,1,1,1,1,1,9,6,1,2,33,1,2,1
27,42,5,2006,4,2,4,1,1,1,2,1,1,1,1,5,1,1,9,6,1,2,33,1,2,0
2,42,3,2006,2,1,4,2,2,2,1,2,2,2,2,5,1,1,9,6,1,2,33,1,2,1
2,42,3,2006,2,2,4,1,1,1,1,1,1,1,1,5,1,1,14,6,1,2,33,1,2,1
2,42,3,2006,4,2,4,1,1,1,3,1,1,1,1,5,1,1,9,6,1,2,33,1,2,0
2,42,3,2006,2,1,4,2,2,1,1,1,1,1,1,5,1,1,9,6,1,2,33,1,2,0
2,42,4,2006,1,1,1,1,1,1,3,1,1,1,1,5,1,1,19,6,1,2,33,1,0,0
2,42,4,2006,4,3,4,1,1,1,1,1,1,1,1,5,1,1,9,6,1,2,33,1,2,0
2,42,5,2006,1,2,4,1,1,1,3,1,1,1,1,5,1,1,14,6,1,2,30,1,2,0
2,42,5,2006,4,2,4,1,1,1,3,1,1,1,1,5,1,1,14,6,1,2,33,1,2,0
1,42,8,2006,3,1,4,1,1,1,1,1,1,1,1,5,1,1,8,6,1,2,33,1,2,2
1,42,8,2006,3,3,4,1,1,1,1,1,1,1,1,5,1,1,8,6,1,2,20,1,2,0
1,42,10,2006,3,1,1,1,1,1,1,1,1,1,1,5,1,1,8,6,1,2,28,1,2,1
1,42,10,2006,4,2,4,1,1,1,3,1,1,1,1,5,1,1,8,6,1,2,37,1,2,0
9,42,9,2006,3,1,4,1,1,1,1,1,1,1,1,5,1,1,19,6,1,2,23,1,0,0
9,42,10,2006,4,1,4,1,1,1,3,1,1,1,1,5,1,1,9,6,1,2,33,1,2,0
9,42,10,2006,2,1,1,1,1,1,1,1,1,1,1,5,1,1,8,6,1,2,27,1,2,1
9,42,10,2006,4,1,1,1,1,3,3,1,1,1,1,5,1,1,9,6,1,2,33,1,2,0
9,42,10,2006,4,1,1,1,1,1,2,1,1,1,1,5,1,1,14,6,1,2,33,1,2,0
18,42,1,2006,4,1,4,1,1,1,3,1,1,1,1,5,1,1,14,6,1,2,33,1,2,0
18,42,2,2006,2,1,1,1,1,1,1,1,1,1,1,5,1,1,14,6,1,2,33,1,2,0
18,42,2,2006,2,1,1,1,1,1,1,1,1,1,1,5,1,1,10,6,1,2,33,1,2,0
18,42,2,2006,1,1,1,1,1,1,3,1,1,1,1,5,1,1,14,6,1,2,32,1,2,1
18,42,3,2006,2,1,1,1,1,1,1,1,1,1,1,5,1,1,19,6,2,6,33,1,2,0
18,42,3,2006,2,1,1,1,1,1,1,1,1,1,1,5,1,1,8,6,2,6,33,1,2,0
18,42,3,2006,3,1,1,1,1,1,1,1,1,1,1,5,1,1,8,6,2,6,33,1,2,0
18,42,4,2006,2,1,1,1,1,1,1,1,1,1,1,5,1,1,12,6,1,2,33,1,2,0
18,42,5,2006,2,1,1,2,2,1,1,1,1,1,1,5,1,1,9,6,1,6,33,1,2,0
18,42,5,2006,1,1,4,1,1,1,3,1,1,1,1,5,1,1,19,6,1,2,33,1,0,0
18,42,6,2006,4,1,1,1,1,1,3,1,1,1,1,5,1,1,15,6,1,2,33,1,2,0
18,42,8,2006,3,1,1,1,1,1,1,1,1,1,1,5,1,1,10,6,1,2,30,1,0,0
18,42,6,2006,3,1,1,1,1,1,2,1,1,1,1,5,1,1,5,6,1,2,33,1,2,0
4,42,3,2006,1,2,1,1,1,1,3,1,1,1,1,5,1,1,13,6,1,1,33,2,2,0
4,42,4,2006,3,1,1,1,2,1,1,1,1,1,1,5,1,1,8,6,1,1,30,2,2,1
4,42,4,2006,2,1,1,2,2,1,1,1,1,1,1,5,1,1,19,6,1,1,42,2,2,0
4,42,5,2006,1,1,1,2,2,1,3,1,1,1,1,5,1,1,14,6,1,1,46,2,2,0
4,42,4,2006,4,3,4,1,1,1,3,1,1,1,1,5,1,1,8,6,1,1,35,2,2,1
4,42,5,2006,3,1,1,1,2,1,1,1,1,1,1,5,1,1,5,6,1,1,30,2,2,0
4,42,6,2006,3,2,4,2,1,1,1,1,1,1,1,5,1,1,9,6,1,1,38,2,2,0
4,42,6,2006,1,1,1,2,2,1,2,1,1,1,1,5,1,1,14,6,1,1,34,2,2,0
4,42,6,2006,2,1,1,1,1,1,1,1,1,1,1,5,1,1,8,6,1,1,30,2,2,0
4,42,7,2006,4,2,4,1,1,1,3,1,1,1,1,5,1,1,10,6,1,1,39,2,2,0
4,42,8,2006,1,2,4,1,1,1,2,1,1,1,1,5,1,1,19,6,1,1,39,2,2,0
4,42,9,2006,3,1,1,1,1,1,1,1,1,1,1,5,1,1,8,6,1,1,26,2,2,1
4,42,10,2006,1,1,1,1,1,1,3,1,1,1,1,5,1,1,14,6,1,1,56,2,2,0
21,42,1,2006,1,1,1,1,1,1,3,1,1,1,1,5,1,1,8,6,1,2,33,1,2,0
21,42,1,2006,3,1,1,2,2,1,2,1,1,1,1,5,1,1,14,6,1,2,33,1,2,0
21,42,2,2006,4,1,1,2,2,1,3,1,1,1,1,5,1,1,5,6,1,2,33,1,2,0
21,42,3,2006,4,1,1,2,2,1,3,1,1,1,1,1,1,1,14,6,1,2,33,1,2,0
21,42,4,2006,1,1,1,2,2,1,3,1,1,1,1,5,1,1,19,6,1,2,33,1,0,0
21,42,4,2006,2,1,1,1,1,1,1,1,1,1,1,5,1,1,9,6,1,2,27,1,2,0
21,42,4,2006,1,1,1,2,2,1,2,1,1,1,1,5,1,1,19,6,1,2,33,1,0,0
21,42,4,2006,4,1,1,1,1,1,3,1,1,1,1,1,1,1,14,6,1,2,33,1,2,0
21,42,7,2006,3,1,1,1,1,1,1,1,1,1,1,5,1,1,10,6,1,2,33,1,0,0
12,42,7,2006,3,1,4,2,1,1,1,1,1,1,1,5,1,1,19,6,1,1,33,2,2,0
12,42,8,2006,1,1,1,2,1,1,3,1,1,1,1,5,1,1,19,6,1,1,33,2,2,0
12,42,8,2006,3,1,1,2,1,1,2,1,1,1,1,5,1,1,19,6,1,1,33,2,0,0
12,42,8,2006,3,3,4,1,1,1,1,1,1,1,1,5,1,1,9,6,1,2,33,1,2,0
12,42,9,2006,4,1,1,2,1,1,3,1,1,1,1,5,1,1,9,6,1,2,45,1,2,0
12,42,9,2006,4,1,1,2,1,1,2,1,1,1,1,5,1,1,9,6,1,1,33,2,2,0
12,42,10,2006,1,1,1,1,1,1,3,1,1,1,1,5,1,1,9,6,1,1,30,2,2,0
2,42,10,2006,1,1,1,1,1,1,2,1,1,1,1,5,1,1,19,6,1,2,33,1,0,0
17,42,7,2006,2,3,4,1,1,1,1,1,1,1,1,5,1,1,9,6,1,2,33,1,2,0
17,42,9,2006,3,1,1,1,1,1,1,1,1,1,1,5,1,1,12,6,1,2,33,1,2,1
11,42,8,2006,2,1,4,1,1,1,1,1,1,1,1,5,1,1,8,6,1,2,33,1,2,0
11,42,8,2006,2,1,1,1,1,1,1,1,1,1,1,5,1,1,8,6,1,2,33,1,2,0
11,42,8,2006,3,1,1,1,1,1,1,1,1,1,1,5,1,1,14,6,1,2,33,1,2,0
11,42,9,2006,2,1,1,1,1,1,1,1,1,1,1,5,1,1,8,6,1,2,33,1,2,0
11,42,9,2006,1,1,3,1,1,1,3,1,1,1,1,5,1,1,8,6,1,2,33,1,2,0
11,42,10,2006,2,1,1,1,1,1,1,1,1,1,1,5,1,1,9,6,1,2,40,1,2,0
11,42,10,2006,4,1,1,1,1,1,3,1,1,1,1,5,1,1,8,6,1,2,33,1,2,0
15,42,11,2006,4,1,1,1,1,1,3,1,1,1,1,5,1,1,8,6,1,2,33,1,2,2
15,42,12,2006,1,1,1,1,1,1,3,1,1,1,1,5,1,1,14,6,1,2,33,1,2,0
12,42,11,2006,4,1,1,2,1,1,2,1,1,1,1,5,1,1,16,6,1,2,33,2,2,0
12,42,11,2006,2,1,4,2,1,1,1,1,1,1,1,5,1,1,12,6,1,1,33,2,2,0
12,42,11,2006,3,1,4,2,1,1,1,1,1,1,1,5,1,1,1,1,1,2,33,2,2,0
12,42,11,2006,1,3,4,2,1,1,3,1,1,1,1,5,1,1,19,6,1,1,33,2,2,0
12,42,11,2006,2,3,4,1,1,1,1,1,1,1,1,5,1,1,19,6,1,2,33,1,0,0
12,42,11,2006,2,1,4,2,1,1,1,1,1,1,1,5,1,1,9,6,1,1,33,2,2,0
12,42,11,2006,2,1,1,2,1,1,1,1,1,1,1,5,1,1,9,6,1,1,33,2,0,0
12,42,12,2006,3,3,4,2,1,1,1,1,1,1,1,5,1,1,9,6,1,1,33,1,2,0
12,42,12,2006,2,1,4,2,1,1,1,1,1,1,1,5,1,1,7,6,1,1,33,2,2,1
8,42,8,2006,2,1,2,1,1,1,1,1,1,1,1,5,1,1,10,6,1,2,33,1,0,1
8,42,9,2006,4,2,4,1,1,1,3,1,1,1,1,5,1,1,19,6,1,2,33,1,0,0
8,42,9,2006,2,1,1,1,1,1,1,1,1,1,1,5,1,1,19,6,1,2,33,1,0,0
8,42,12,2006,2,1,1,1,1,1,1,1,1,1,1,5,1,1,7,6,1,2,45,1,2,1
8,42,12,2006,2,1,1,1,1,1,1,1,1,1,1,5,1,1,8,6,1,2,22,1,2,1
8,42,12,2006,3,1,1,1,1,1,1,1,1,1,1,5,1,1,10,6,1,2,27,1,0,0
8,42,12,2006,2,1,1,1,1,1,1,1,1,1,1,5,1,1,12,6,1,2,33,1,2,0
29,42,9,2006,4,1,4,1,1,1,3,1,1,1,1,5,1,1,11,6,1,2,30,1,2,0
29,42,10,2006,2,1,1,1,1,1,1,1,1,1,1,5,1,1,7,6,1,2,33,1,2,1
29,42,10,2006,2,1,1,1,1,1,1,1,1,1,1,5,1,1,14,6,1,2,33,1,2,0
29,42,10,2006,4,1,3,1,1,1,3,1,1,1,1,5,1,1,8,6,1,2,32,1,2,0
4,42,11,2006,2,1,1,1,1,1,1,1,1,1,1,5,1,1,8,6,1,1,25,2,2,0
4,42,12,2006,1,1,1,1,1,1,3,1,1,1,1,5,1,1,14,6,1,1,56,2,2,0
24,42,1,2006,1,2,4,2,2,1,2,1,1,1,1,1,1,1,9,6,1,2,33,1,2,0
24,42,3,2006,4,1,1,2,2,1,3,1,1,1,1,1,1,1,10,6,1,2,33,1,0,1
24,42,3,2006,4,1,1,2,2,1,3,1,1,1,1,1,1,1,9,6,1,2,33,1,2,0
24,42,5,2006,4,1,1,2,2,1,3,1,1,1,1,5,1,1,10,6,1,2,33,1,0,0
24,42,6,2006,1,1,1,2,2,1,3,1,1,1,1,1,1,1,10,6,1,2,33,1,0,0
24,42,9,2006,3,2,4,2,2,1,1,1,1,1,1,1,1,1,9,6,1,2,25,1,2,2
24,42,11,2006,2,3,4,2,2,1,1,1,1,1,1,1,1,1,6,6,1,2,33,1,2,0
26,42,2,2006,2,1,1,2,2,1,1,1,1,1,1,5,1,1,14,6,1,2,24,2,2,0
32,42,9,2006,2,2,4,1,1,1,1,1,1,1,1,5,1,1,9,6,1,2,33,1,2,0
32,42,10,2006,2,2,4,1,1,1,1,1,1,1,1,5,1,1,8,6,1,2,28,1,2,0
32,42,12,2006,2,3,4,1,1,1,1,1,1,1,1,5,1,1,5,6,1,2,33,1,2,0
14,42,2,2006,2,1,4,1,1,1,1,1,1,1,1,1,1,1,14,6,1,2,33,1,2,0
14,42,4,2006,2,3,4,2,1,1,2,1,1,1,1,1,1,1,7,6,1,2,33,1,2,0
14,42,3,2006,2,1,1,1,1,1,1,1,1,1,1,5,1,1,13,6,1,2,33,1,2,1
14,42,4,2006,2,1,1,2,1,1,1,1,1,1,1,1,1,1,9,6,1,2,20,1,2,1
14,42,5,2006,1,3,4,2,1,1,3,1,1,1,1,1,1,1,14,6,1,2,33,1,2,0
14,42,5,2006,1,1,7,1,1,3,3,1,1,1,1,1,1,1,9,6,1,2,33,1,2,0
14,42,5,2006,1,1,1,1,1,1,3,1,1,1,1,5,1,1,4,6,1,2,33,1,2,0
14,42,6,2006,1,1,1,2,2,1,3,1,1,1,1,5,1,1,10,6,1,2,33,1,2,1
14,42,8,2006,3,1,1,2,2,1,1,1,1,1,1,5,1,1,11,6,1,2,35,1,2,1
14,42,9,2006,2,1,1,2,2,1,1,1,1,1,1,1,1,1,9,6,1,2,33,1,2,0
15,42,1,2006,3,1,5,2,2,1,1,1,1,1,1,5,1,1,8,6,1,1,33,2,2,0
15,42,1,2006,3,1,1,2,2,1,1,1,1,1,1,5,1,1,10,6,1,1,22,2,2,1
15,42,2,2006,3,1,1,1,1,1,1,1,1,1,1,5,1,1,14,6,1,1,24,2,2,0
15,42,2,2006,2,1,1,2,2,1,2,1,1,1,1,5,1,1,14,6,1,1,25,2,2,0
15,42,2,2006,1,1,1,2,2,1,3,1,1,1,1,5,1,1,12,6,1,1,22,1,2,0
15,42,3,2006,2,1,1,2,2,1,1,1,1,1,1,5,1,1,9,6,1,2,33,1,2,0
15,42,3,2006,4,1,1,2,2,1,2,1,1,1,1,5,1,1,14,6,1,2,33,1,2,0
15,42,3,2006,2,1,1,2,2,1,1,1,1,1,1,1,1,1,10,6,1,2,33,1,0,1
15,42,3,2006,2,1,1,2,2,1,1,1,1,1,1,5,1,1,10,6,1,2,33,1,0,1
15,42,3,2006,4,1,1,2,2,1,3,1,1,1,1,5,1,1,19,6,1,2,33,1,0,0
15,42,4,2006,2,1,1,1,1,1,1,1,1,1,1,2,1,1,9,6,1,2,27,1,2,2
15,42,4,2006,3,1,1,1,1,1,1,1,1,1,1,5,1,1,19,6,1,2,33,1,2,1
15,42,5,2006,4,1,1,2,2,1,3,1,1,1,1,5,1,1,19,6,1,2,33,1,0,0
15,42,5,2006,3,1,1,1,1,1,1,1,1,1,1,5,1,1,8,6,1,2,33,1,2,0
15,42,5,2006,2,1,1,2,2,1,1,1,1,1,1,5,1,1,9,6,1,2,33,1,2,1
15,42,5,2006,4,1,1,1,1,1,3,1,1,1,1,5,1,1,8,6,1,2,33,1,2,0
15,42,7,2006,3,1,4,1,1,1,1,1,1,1,1,5,1,1,4,6,1,2,33,1,0,0
15,42,7,2006,2,1,1,2,2,1,1,1,1,1,1,5,1,1,10,6,1,2,30,1,2,1
15,42,8,2006,3,1,1,1,1,1,1,1,1,1,1,5,1,1,8,6,1,2,33,1,2,2
15,42,8,2006,3,1,1,2,2,1,1,1,1,1,1,1,1,1,12,6,1,2,33,1,2,0
15,42,9,2006,2,1,1,1,1,1,2,1,1,1,1,5,1,1,9,6,1,2,33,1,2,0
15,42,10,2006,2,1,1,1,1,1,1,1,1,1,1,5,1,1,14,6,1,2,33,1,2,0
15,42,10,2006,2,3,1,2,2,1,4,1,1,1,1,5,1,1,7,6,1,5,25,2,2,0
5,42,1,2006,4,1,1,2,1,1,2,1,1,1,1,5,1,1,9,6,1,1,30,2,2,1
5,42,2,2006,4,1,1,2,2,1,3,1,1,1,1,5,1,1,14,6,2,1,33,2,2,0
5,42,2,2006,1,1,1,1,1,1,3,1,1,1,1,5,1,1,12,6,1,7,28,2,2,0
5,42,4,2006,4,1,1,2,2,1,3,1,1,1,1,5,1,1,9,6,1,1,33,2,2,0
5,42,7,2006,2,1,1,1,1,1,1,1,1,1,1,5,1,1,4,6,1,1,35,1,2,0
5,42,8,2006,4,2,4,1,1,1,3,1,1,1,1,5,1,1,9,6,1,1,33,1,2,0
5,42,9,2006,2,1,1,2,2,1,1,1,1,1,1,5,1,1,14,6,1,1,30,1,2,0
5,42,11,2006,4,1,4,1,1,1,2,1,1,1,1,5,1,1,14,6,1,1,26,2,2,1
5,42,12,2006,4,1,1,1,1,1,3,1,1,1,1,5,1,1,7,6,1,1,35,2,2,1
6,42,9,2006,1,1,1,2,2,1,3,1,1,1,1,5,1,1,14,6,1,2,33,2,2,0
3,42,9,2006,2,3,1,2,1,1,2,1,1,1,1,1,1,1,5,6,1,2,33,1,2,0
18,42,9,2006,2,1,1,1,1,1,1,1,1,1,1,5,1,1,8,6,1,2,33,1,2,0
18,42,9,2006,2,3,4,1,1,1,1,1,1,1,1,1,1,1,9,6,1,2,33,1,2,0
18,42,10,2006,2,1,1,1,1,1,1,1,1,1,1,5,1,1,10,6,1,2,33,1,0,0
18,42,10,2006,2,1,1,1,1,1,1,1,1,1,1,5,1,1,9,6,1,2,33,1,2,0
18,42,11,2006,3,1,1,1,1,1,1,1,1,1,1,5,1,1,19,6,1,2,33,1,2,1
16,42,1,2006,1,1,1,1,1,1,3,1,1,1,1,5,1,1,9,6,1,2,33,1,2,0
16,42,1,2006,2,1,1,2,2,1,1,1,1,1,1,5,1,1,14,6,1,2,25,1,2,0
16,42,5,2006,1,1,1,2,2,1,3,1,1,1,1,5,1,1,14,6,1,2,33,1,2,0
16,42,6,2006,2,3,4,1,1,1,1,1,1,1,1,5,1,1,8,6,1,2,32,1,2,0
16,42,8,2006,3,3,1,2,2,1,1,1,1,1,1,5,1,1,14,6,1,2,33,1,2,0
16,42,11,2006,1,2,4,1,1,1,3,1,1,1,1,5,1,1,10,6,1,2,33,1,0,0
16,42,12,2006,2,1,1,1,1,1,1,1,1,1,1,5,1,1,19,6,1,2,33,1,2,0
28,42,2,2006,1,2,4,1,1,1,3,1,1,1,1,5,1,1,14,6,1,2,33,1,2,0
28,42,3,2006,3,1,1,1,1,1,1,1,1,1,1,5,1,1,9,6,1,2,33,1,2,0
28,42,6,2006,2,1,1,1,1,1,1,1,1,1,1,5,1,1,9,6,1,2,33,1,2,0
28,42,7,2006,3,1,1,1,1,1,1,1,1,1,1,5,1,1,7,6,1,2,33,1,2,0
28,42,10,2006,2,2,4,1,1,1,1,1,1,1,1,5,1,1,9,6,1,2,28,1,2,0
28,42,12,2006,2,1,1,1,1,1,1,1,1,1,1,5,1,1,9,6,1,2,33,1,2,0
17,42,12,2006,1,1,1,1,1,1,3,1,1,1,1,5,1,1,7,6,1,2,33,1,2,1
22,42,1,2006,4,1,4,1,1,1,3,1,1,1,1,1,1,1,8,6,1,2,33,1,2,0
22,42,1,2006,2,1,4,1,1,1,1,1,1,1,1,1,1,1,8,6,1,2,33,1,2,0
22,42,2,2006,4,3,1,1,1,1,3,1,1,1,1,1,1,1,19,6,1,2,33,1,2,0
22,42,3,2006,4,1,4,1,1,1,3,1,1,1,1,1,1,1,10,6,1,2,33,1,2,0
22,42,5,2006,1,2,4,1,1,1,2,1,1,1,1,1,1,1,8,6,1,2,45,1,2,0
22,42,5,2006,2,2,4,1,1,1,1,1,1,1,1,1,1,1,8,6,1,2,35,1,2,1
22,42,5,2006,1,1,1,1,1,1,3,1,1,1,1,1,1,1,12,6,1,1,33,1,2,0
22,42,6,2006,4,3,1,1,1,1,3,1,1,1,1,1,1,1,19,6,1,2,33,1,2,0
22,42,6,2006,2,1,4,1,1,1,1,1,1,1,1,1,1,1,9,6,1,2,33,1,2,0
22,42,6,2006,1,2,1,1,1,1,3,1,1,1,1,1,1,1,9,6,1,2,33,1,2,0
22,42,6,2006,4,1,1,1,1,1,3,1,1,1,1,1,1,1,19,6,1,2,33,1,2,0
22,42,6,2006,4,1,1,1,1,1,3,1,1,1,1,1,1,1,10,6,1,2,33,1,2,0
22,42,7,2006,1,1,1,1,1,1,3,1,1,1,1,1,1,1,10,6,1,2,33,1,2,0
22,42,8,2006,1,3,1,1,1,1,3,1,1,1,1,1,1,1,19,6,1,2,33,1,2,0
22,42,9,2006,4,2,4,1,1,1,3,1,1,1,1,1,1,1,9,6,1,2,25,1,2,1
22,42,9,2006,3,2,4,2,1,1,1,1,1,1,1,1,1,1,9,6,1,2,28,1,2,0
22,42,9,2006,1,1,1,1,2,1,3,1,1,1,1,1,1,1,19,6,1,2,33,1,0,0
22,42,10,2006,4,1,1,2,1,1,2,1,1,1,1,1,1,1,9,6,1,2,33,1,2,0
22,42,10,2006,2,3,4,2,1,1,1,1,1,1,1,1,1,1,9,6,1,2,33,1,2,0
22,42,10,2006,2,1,1,2,1,1,1,1,1,1,1,1,1,1,9,6,1,2,33,1,2,0
22,42,10,2006,2,1,1,2,1,1,1,1,1,1,1,1,1,1,7,6,1,2,33,1,2,0
22,42,11,2006,1,1,1,1,1,1,3,1,1,1,1,1,1,1,10,6,1,2,33,1,2,0
22,42,11,2006,4,1,1,2,1,1,3,1,1,1,1,1,1,1,10,6,1,2,33,1,2,0
22,42,11,2006,4,1,1,2,1,1,3,1,1,1,1,1,1,1,8,6,1,2,33,1,2,0
22,42,12,2006,1,1,1,1,1,1,1,1,1,1,1,1,1,1,10,6,1,2,33,1,0,0
22,42,12,2006,3,1,1,1,1,1,1,1,1,1,1,1,1,1,9,6,1,2,33,1,2,0
33,42,8,2006,1,1,1,2,2,1,2,1,1,1,1,5,1,1,9,6,1,2,33,1,2,0
33,42,8,2006,2,1,1,2,2,1,1,1,1,1,1,5,1,1,14,6,1,2,33,1,2,0
33,42,9,2006,2,1,1,2,2,1,1,1,1,1,1,5,1,1,9,6,1,2,33,1,2,0
33,42,9,2006,1,1,1,2,2,1,2,1,1,1,1,5,1,1,14,6,1,2,33,1,2,0
33,42,9,2006,3,1,1,2,2,1,1,1,1,1,1,5,1,1,12,6,1,2,33,1,2,0
33,42,9,2006,2,3,4,1,1,1,2,1,1,1,1,5,1,1,14,6,1,2,33,1,2,0
33,42,10,2006,1,1,4,1,1,1,3,1,1,1,1,5,1,1,9,6,1,2,33,1,2,0
33,42,10,2006,4,1,1,1,1,1,2,1,1,1,1,5,1,1,8,6,1,2,33,1,2,0
33,42,10,2006,4,1,1,1,1,1,3,1,1,1,1,5,1,1,8,6,1,2,33,1,2,0
33,42,7,2006,2,3,4,1,1,1,2,1,1,1,1,5,1,1,14,6,1,2,33,1,2,0
33,42,10,2006,2,1,1,1,1,1,1,1,1,1,1,5,1,1,8,6,1,2,33,1,1,0
33,42,10,2006,2,1,4,1,1,1,1,1,1,1,1,5,1,1,9,6,1,2,33,1,2,0
33,42,10,2006,2,1,4,1,1,1,1,1,1,1,1,5,1,1,9,6,1,2,40,1,2,0
33,42,10,2006,1,1,1,1,1,1,3,1,1,1,1,5,1,1,9,6,1,2,33,1,2,0
33,42,10,2006,4,1,1,1,1,1,3,1,1,1,1,5,1,1,14,6,1,2,33,1,2,0
33,42,10,2006,4,1,1,2,2,1,3,1,1,1,1,5,1,1,9,6,1,2,33,1,2,0
33,42,10,2006,4,1,4,1,1,1,3,1,1,1,1,5,1,1,8,6,1,2,33,1,2,0
33,42,10,2006,4,1,4,1,1,1,3,1,1,1,1,5,1,1,8,6,1,2,33,1,2,0
33,42,11,2006,1,1,1,1,1,1,3,1,1,1,1,1,1,1,14,6,1,2,33,1,2,0
3,42,11,2006,4,2,4,1,1,1,3,1,1,1,1,5,1,1,9,6,1,2,33,1,2,1
33,42,11,2006,2,1,1,2,2,1,1,1,1,1,1,5,1,1,5,6,1,2,33,2,2,0
33,42,11,2006,1,1,1,2,2,1,3,1,1,1,1,5,1,1,19,6,1,2,33,1,2,0
33,42,11,2006,2,1,1,2,2,1,1,1,1,1,1,1,1,1,19,6,1,2,33,1,2,0
33,42,11,2006,4,1,1,1,1,1,3,1,1,1,1,1,1,1,19,6,1,2,33,1,2,0
33,42,12,2006,4,2,4,1,1,1,3,1,1,1,1,1,1,1,14,6,1,2,33,1,2,0
33,42,12,2006,3,1,4,1,1,1,1,1,1,1,1,5,1,1,9,6,1,2,33,1,2,1
33,42,12,2006,1,2,4,1,1,1,3,1,1,1,1,1,1,1,9,6,1,2,33,1,2,1
33,42,12,2006,3,1,1,1,1,1,1,1,1,1,1,1,1,1,9,6,1,2,33,1,2,0
33,42,12,2006,2,1,1,1,1,1,1,1,1,1,1,1,1,1,14,6,1,2,33,1,2,0
10,42,3,2006,2,2,1,2,2,1,1,1,1,1,1,5,1,1,9,6,1,2,33,1,2,1
10,42,5,2006,4,3,1,1,1,1,3,1,1,1,1,5,1,1,14,6,1,2,40,1,2,0
10,42,6,2006,4,3,4,1,1,1,2,1,1,1,1,5,1,1,5,6,1,2,33,1,2,2