Thana,District,Month,Year,Time,Junction_Type,Traffic_Control,Movement,Divider,Weather,Light,Road_Geometry,Surface_Condition,Surface_Type,Surface_Quality,Road_Class,Road_Feature,Location_Type,Vehicle_Type,Vehicle_Movement,Vehicle_Loading,Vehicle_Defect,Vehicle_Driver_Age,Vehicle_Alcohol,Vehicle_Seat_Belt,Accident_Severity
10,42,6,2006,4,3,4,1,1,3,1,1,1,1,1,5,1,1,2,6,1,2,33,1,2,2
10,42,7,2006,2,3,4,1,1,1,1,1,1,1,1,5,1,1,14,6,1,2,33,1,2,0
10,42,7,2006,1,1,1,2,2,1,2,1,1,1,1,5,1,1,14,6,1,2,33,1,2,0
10,42,8,2006,2,1,4,1,1,1,1,1,1,1,1,5,1,1,8,6,1,2,33,1,2,0
10,42,8,2006,3,1,1,2,2,1,1,1,1,1,1,5,1,1,19,6,1,2,27,1,2,1
10,42,9,2006,1,3,1,1,1,1,3,1,1,1,1,5,1,1,14,6,1,2,33,1,2,0
10,42,11,2006,3,3,1,2,2,1,1,1,1,1,1,5,1,1,14,6,1,2,33,1,2,0
10,42,11,2006,5,1,1,2,2,1,3,1,1,1,1,5,1,1,10,6,1,2,33,1,0,0
10,42,11,2006,2,1,1,1,1,1,1,1,1,1,1,5,1,1,9,6,1,2,25,1,2,0
10,42,12,2006,4,3,1,2,2,1,3,1,1,1,1,5,1,1,14,6,1,2,33,1,2,0
1,42,11,2006,2,1,1,1,1,1,2,1,1,1,1,5,1,1,10,6,1,2,33,1,0,0
1,42,11,2006,2,2,4,1,1,1,1,1,1,1,1,5,1,1,14,6,1,2,33,1,2,0
1,42,12,2006,2,1,1,1,1,1,1,1,1,1,1,5,1,1,14,6,1,2,33,1,2,0
9,42,11,2006,1,3,1,1,1,1,2,1,1,1,1,5,1,1,14,6,1,2,33,1,2,0
9,42,11,2006,1,1,1,1,1,1,3,1,1,1,1,5,1,1,7,6,1,2,33,1,2,0
9,42,12,2006,3,1,1,1,1,1,1,1,1,1,1,5,1,1,10,6,1,2,33,1,0,1
9,42,12,2006,2,3,4,1,1,1,2,1,1,1,1,5,1,1,8,6,1,2,33,1,2,0
9,42,12,2006,1,1,1,1,1,1,3,1,1,1,1,5,1,1,10,6,1,2,33,1,0,0
9,42,12,2006,3,2,4,1,1,1,1,1,1,1,1,5,1,1,8,6,1,2,33,1,2,1
9,42,12,2006,3,1,1,1,1,1,1,1,1,1,1,5,1,1,8,6,1,2,33,1,2,1
11,42,10,2006,2,1,4,1,1,1,1,1,1,1,1,5,1,1,9,6,1,2,33,1,2,0
11,42,11,2006,3,1,1,1,1,1,1,1,1,1,1,5,1,1,19,6,1,7,26,2,2,0
11,42,11,2006,2,4,1,1,1,1,1,1,1,1,1,5,1,1,8,6,1,2,32,2,2,0
11,42,12,2006,3,1,1,1,1,1,1,1,1,1,1,5,1,1,8,6,1,2,25,1,2,1
11,42,12,2006,1,1,1,1,1,1,3,1,1,1,1,1,1,1,14,6,1,2,25,1,2,1
11,42,12,2006,3,1,1,1,1,1,1,1,1,1,1,5,1,1,10,6,1,2,33,1,0,0
11,42,12,2006,4,1,1,1,1,1,3,1,1,1,1,1,1,1,13,6,1,2,33,1,2,0
2,42,11,2006,1,3,4,1,1,1,2,1,1,1,1,5,1,1,6,6,1,2,22,1,2,1
2,42,12,2006,2,2,4,1,1,1,1,1,1,1,1,5,1,1,9,6,1,2,33,1,2,0
25,42,1,2006,2,3,1,2,2,1,1,1,1,1,1,5,1,1,5,6,1,2,24,1,2,0
25,42,4,2006,3,1,1,2,2,1,1,1,1,1,1,5,1,1,19,6,1,2,30,1,2,0
25,42,11,2006,1,3,1,2,2,1,2,1,1,1,1,5,1,1,14,6,1,2,25,1,2,0
7,42,1,2006,2,1,1,1,1,1,1,1,1,1,1,1,1,1,8,6,1,1,33,1,2,0
7,42,8,2006,3,1,1,2,2,1,1,1,1,1,1,5,1,1,8,6,1,2,33,2,2,0
7,42,11,2006,4,1,4,2,2,1,4,1,1,1,1,5,1,1,14,6,1,1,33,1,2,1
23,42,1,2006,3,3,1,1,1,1,1,1,1,1,1,1,1,1,9,6,1,2,33,1,2,0
23,42,4,2006,1,1,1,1,1,1,2,2,1,1,1,1,1,1,14,6,1,2,40,1,2,1
23,42,5,2006,4,1,1,1,1,1,3,1,1,1,1,1,1,1,9,6,1,2,33,2,2,0
23,42,5,2006,2,1,1,1,1,1,1,1,1,1,1,1,1,1,12,6,1,3,33,2,2,1
23,42,3,2006,1,1,8,1,1,1,3,1,1,1,1,1,1,1,14,6,1,2,33,1,2,1
23,42,8,2006,3,3,1,1,1,1,1,1,1,1,1,1,1,1,10,6,1,2,33,1,2,1
23,42,8,2006,4,3,1,1,1,1,3,1,1,1,1,1,1,1,10,6,1,2,30,1,2,0
23,42,8,2006,1,3,4,1,1,1,3,1,1,1,1,1,1,1,10,6,2,2,33,1,2,0
23,42,8,2006,3,3,4,1,1,1,1,1,1,1,1,1,1,1,9,6,1,2,33,1,2,1
23,42,9,2006,3,3,4,1,1,1,1,1,1,1,1,1,1,1,7,6,1,2,33,1,2,0
23,42,10,2006,3,1,1,1,1,1,1,1,1,1,1,1,1,1,12,6,1,2,33,1,2,0
23,42,10,2006,2,3,1,1,1,1,1,1,1,1,1,1,1,1,9,6,1,2,33,1,2,0
23,42,12,2006,4,1,3,1,1,1,2,1,1,1,1,1,1,1,7,6,1,2,33,1,2,0
25,42,9,2006,2,3,1,2,2,1,1,1,1,1,1,5,1,1,5,6,1,2,24,1,2,0
5,18,7,2006,2,1,1,1,2,1,1,1,1,1,1,2,1,2,9,6,1,1,33,2,1,0
5,18,8,2006,3,1,1,1,2,1,1,1,1,1,1,2,1,2,14,6,1,7,33,2,2,0
1,18,3,2006,1,1,6,1,2,1,4,1,1,1,1,2,1,2,14,6,1,7,33,2,2,0
1,18,3,2006,2,3,4,1,2,1,1,1,1,1,1,1,1,1,14,6,1,1,33,1,2,0
1,18,3,2006,3,1,1,1,2,1,1,1,1,1,1,3,1,2,14,6,1,5,33,2,2,0
1,18,4,2006,3,1,8,1,2,1,1,1,1,1,1,2,1,2,8,6,1,7,33,2,2,0
7,18,4,2006,1,1,8,1,2,1,4,1,1,1,1,1,1,2,9,6,1,1,33,2,2,0
1,19,3,2006,2,1,1,1,2,1,1,1,1,1,1,5,1,1,14,6,1,7,33,2,2,1
2,19,3,2006,3,1,1,1,2,1,1,1,1,1,1,2,1,2,8,6,1,7,35,2,2,0
2,19,8,2006,3,1,3,2,2,1,1,1,1,1,1,2,1,2,14,6,1,1,33,2,2,0
2,19,9,2006,1,1,2,1,2,1,4,1,1,1,1,2,1,2,9,6,1,1,33,2,2,0
4,26,1,2006,3,1,1,2,2,1,1,1,1,1,1,1,1,2,16,6,1,1,33,2,2,0
4,26,1,2006,3,7,1,1,2,1,1,1,1,1,1,2,1,2,14,6,1,1,33,2,2,0
4,26,4,2006,2,3,3,2,2,1,2,1,1,1,1,2,1,2,9,6,1,1,40,2,2,0
4,26,5,2006,2,1,1,2,2,1,1,1,1,1,1,2,1,2,9,6,1,1,40,2,2,0
4,26,6,2006,2,1,1,2,2,1,1,1,1,1,1,2,1,2,9,6,1,1,35,2,2,0
6,26,5,2006,2,1,1,2,2,1,1,1,1,1,1,3,1,2,8,6,1,1,33,2,2,3
8,26,8,2006,2,1,2,2,2,1,1,1,1,1,1,1,1,2,8,2,1,1,33,2,2,0
8,26,10,2006,4,1,1,2,2,1,4,1,1,1,1,1,2,1,9,6,1,1,25,2,2,0
7,26,5,2006,3,1,1,2,2,1,1,1,1,1,1,3,1,2,4,11,1,7,20,2,2,0
7,26,8,2006,3,3,1,2,2,1,1,2,1,1,1,3,1,2,8,6,1,3,30,2,2,0
8,25,11,2006,4,1,1,1,2,1,4,1,1,1,1,2,1,2,14,6,1,7,33,2,2,0
1,20,5,2006,2,1,8,2,2,1,1,2,1,1,1,5,1,1,14,6,2,7,40,2,2,0
1,20,11,2006,4,1,1,1,2,1,4,1,1,1,1,2,1,1,14,6,2,1,33,2,2,0
1,20,5,2006,2,1,3,1,2,1,1,1,1,1,1,5,3,1,14,6,1,1,42,2,2,0
3,20,8,2006,3,4,1,1,2,1,1,1,1,1,1,3,1,2,8,6,1,1,35,2,2,0
2,20,2,2006,3,1,1,1,2,1,1,2,1,1,1,3,1,2,14,6,1,1,45,2,2,0
2,20,3,2006,3,3,1,2,2,1,1,1,1,1,1,2,1,2,14,6,1,1,30,2,2,0
2,20,4,2006,3,1,1,1,2,1,1,1,1,1,1,2,1,2,14,6,1,1,53,2,2,0
2,20,4,2006,2,1,1,1,2,1,1,1,1,1,1,2,1,2,8,6,1,1,33,2,2,0
2,20,5,2006,2,1,1,1,2,1,1,2,1,1,1,2,1,2,14,6,1,1,33,2,2,0
2,20,7,2006,2,1,1,2,2,1,1,2,1,1,1,3,1,2,14,6,1,1,33,2,2,1
2,20,7,2006,3,1,1,2,2,1,1,2,1,1,1,3,1,2,9,6,1,1,33,2,2,0
4,20,1,2006,2,1,1,2,1,1,1,1,1,1,1,3,1,1,14,6,1,1,33,2,2,0
4,20,5,2006,3,1,1,1,2,1,1,1,1,1,1,3,1,2,9,6,1,1,33,2,2,0
4,20,9,2006,3,1,1,1,2,1,1,2,3,2,2,3,1,2,14,2,1,7,37,2,2,0
4,20,9,2006,4,1,1,1,2,1,4,1,1,2,2,3,1,2,14,6,1,2,33,2,2,0
1,24,1,2006,1,1,1,2,1,1,2,1,1,1,1,1,1,2,9,6,1,7,33,2,2,0
1,24,1,2006,2,3,8,2,2,1,1,2,1,1,1,5,1,1,9,1,1,7,50,2,2,0
1,24,2,2006,1,6,1,2,2,1,4,1,1,1,1,1,1,2,14,4,1,1,35,2,2,3
1,24,2,2006,2,2,8,2,2,1,1,1,1,1,1,5,1,1,6,3,1,7,32,2,2,0
1,24,2,2006,3,2,1,2,2,1,1,1,1,1,1,1,1,2,9,6,1,1,33,2,2,0
3,24,1,2006,3,1,8,2,2,1,1,1,1,1,1,1,1,2,9,6,1,1,33,2,2,0
6,24,2,2006,2,3,1,2,2,1,1,4,1,3,2,4,1,2,9,11,1,7,26,2,2,0
6,24,3,2006,3,7,1,2,2,1,1,2,1,1,1,2,1,2,9,6,1,1,33,2,2,1
5,24,3,2006,4,1,1,2,2,1,4,1,1,1,1,1,1,2,1,1,1,1,33,2,2,0
5,24,4,2006,1,1,1,1,2,1,4,1,1,1,1,1,1,2,10,6,1,4,33,2,2,0
8,24,3,2006,2,1,1,1,2,1,1,1,1,1,1,1,1,2,9,6,1,1,28,2,2,1
8,24,5,2006,1,1,1,1,2,1,2,1,1,1,3,2,2,1,8,6,1,7,35,2,2,0
7,24,2,2006,4,7,8,2,2,1,4,1,1,1,1,2,1,1,14,1,1,1,33,2,2,3
7,24,3,2006,3,2,8,2,2,1,1,1,1,1,1,2,1,2,4,6,1,1,33,2,2,0
7,24,4,2006,4,7,8,2,2,1,4,1,1,1,1,2,1,2,6,2,1,1,33,2,2,1
1,22,1,2006,3,7,1,2,2,1,1,1,1,1,1,1,1,2,4,6,1,1,33,2,2,0
1,22,1,2006,3,7,1,2,2,1,1,1,1,1,1,1,1,2,9,6,1,1,33,2,2,0
1,22,1,2006,2,1,1,1,2,1,1,1,1,1,1,1,1,1,12,6,1,5,30,2,2,0
1,22,2,2006,2,1,1,1,2,1,1,1,1,1,1,4,1,2,14,6,1,1,39,2,2,0
1,22,5,2006,1,1,1,2,2,1,4,1,2,1,1,1,1,2,9,6,1,6,33,2,2,0
3,22,2,2006,3,1,1,2,2,1,1,1,1,1,1,4,1,2,14,6,1,1,22,2,2,0
1,23,3,2006,3,7,1,2,2,1,1,1,1,1,3,3,2,2,9,6,1,1,35,2,2,0
1,23,4,2006,3,7,1,2,2,1,1,1,4,1,1,5,1,1,8,6,1,1,33,2,2,0
1,23,8,2006,4,7,1,2,2,1,4,2,2,3,1,3,1,2,11,2,1,3,33,2,2,0
1,23,12,2006,4,1,1,2,2,1,4,1,1,1,1,2,1,1,9,6,1,1,33,2,2,0
2,23,1,2006,3,7,2,1,2,1,1,1,1,1,1,3,1,2,6,6,1,1,33,2,2,0
2,23,1,2006,3,7,1,1,2,1,1,1,1,1,1,3,1,2,9,6,1,1,33,2,2,0
1,29,9,2006,3,1,1,2,2,1,1,1,1,1,1,2,1,2,9,2,1,7,33,2,2,0
8,29,1,2006,3,7,1,1,2,1,1,1,1,1,1,1,1,2,10,8,1,7,28,2,2,0
8,29,11,2006,3,1,1,2,2,1,1,1,1,1,1,1,1,2,8,5,1,1,38,2,2,0
2,29,5,2006,3,1,1,1,2,1,1,1,1,1,1,3,1,2,8,5,1,7,26,2,2,0
2,29,6,2006,3,1,4,1,2,1,1,1,1,1,1,3,1,2,9,6,1,7,22,2,2,0
2,29,8,2006,3,1,1,2,2,1,1,1,1,1,1,4,1,2,14,6,1,1,20,2,2,0
4,29,3,2006,4,1,1,2,2,1,4,1,1,1,1,2,1,2,9,6,1,1,33,2,2,1
5,29,6,2006,2,7,1,2,2,1,1,1,1,1,1,2,1,2,8,4,1,1,60,2,2,0
3,29,1,2006,3,1,1,2,2,1,1,1,1,1,1,2,1,2,9,6,1,7,33,2,2,0
3,29,4,2006,4,1,7,2,2,1,4,1,1,1,1,2,1,2,9,9,1,1,33,2,2,0
3,29,7,2006,4,1,1,2,2,1,4,1,1,1,1,2,1,2,9,6,1,1,33,2,2,0
3,29,9,2006,2,1,1,2,2,1,1,1,1,1,1,2,1,2,9,6,1,1,55,2,2,0
6,29,3,2006,3,1,1,2,2,1,1,2,1,1,1,1,1,2,9,6,1,1,33,2,2,0
1,21,1,2006,4,1,1,2,2,1,2,1,1,1,1,1,1,2,7,6,1,7,33,2,2,0
1,21,1,2006,1,1,1,1,2,1,2,1,1,1,1,1,1,2,9,6,1,1,35,2,2,0
1,21,2,2006,3,1,1,1,2,1,1,1,1,1,1,2,1,2,14,6,1,1,33,2,2,0
1,21,2,2006,3,1,1,1,2,1,1,1,1,1,1,1,1,1,9,6,1,1,33,2,2,0
1,21,2,2006,2,1,1,1,2,1,2,1,1,3,2,4,1,2,14,6,1,7,33,2,2,0
1,21,2,2006,3,1,1,1,2,1,1,1,1,1,1,1,1,2,9,6,1,7,33,2,2,0
1,21,3,2006,4,1,1,1,2,1,4,1,1,1,1,1,1,2,9,6,1,1,33,2,2,0
1,21,3,2006,1,1,1,1,2,1,4,1,1,1,1,2,2,1,19,6,1,1,33,2,2,0
1,21,3,2006,3,7,8,1,2,1,1,1,1,1,1,4,1,2,8,6,1,1,40,2,2,0
1,21,3,2006,2,1,1,1,2,1,1,1,1,1,1,3,1,2,9,6,1,1,33,2,2,0
1,21,4,2006,2,1,8,1,2,1,1,1,1,1,1,5,1,1,14,6,1,1,33,2,2,0
1,21,5,2006,1,1,1,1,2,1,2,1,1,1,1,1,1,2,14,6,1,3,23,2,2,0
1,21,6,2006,2,1,1,2,2,1,1,1,1,1,1,1,1,1,4,6,1,1,33,2,2,0
1,21,6,2006,2,1,1,2,2,1,1,1,1,1,1,1,1,2,8,6,1,7,28,2,2,0
1,21,7,2006,1,1,1,1,2,1,2,1,1,1,1,1,1,2,9,6,1,1,42,2,2,0
1,21,8,2006,2,1,3,1,2,1,1,1,1,1,1,1,1,1,12,6,1,1,33,2,2,0
1,21,9,2006,4,1,1,2,2,1,4,3,2,1,1,2,1,2,10,6,1,7,33,2,2,0
1,21,11,2006,3,1,1,1,2,1,1,1,1,1,1,1,1,2,9,6,1,7,33,2,2,0
1,21,11,2006,1,1,1,1,2,1,2,1,1,1,1,1,1,2,17,6,2,1,33,2,2,0
1,21,12,2006,2,2,1,2,2,1,2,1,1,1,1,1,1,2,9,6,1,7,28,2,2,0
1,21,12,2006,3,1,1,2,2,1,1,5,1,3,1,4,1,2,8,6,1,1,33,2,2,0
3,21,1,2006,1,1,1,1,2,1,4,1,1,1,1,1,1,2,14,10,1,7,33,2,2,0
3,21,5,2006,2,7,1,1,2,1,1,1,1,1,2,1,1,2,12,6,1,1,33,2,2,0
3,21,6,2006,1,1,1,1,2,1,4,1,1,1,1,1,1,2,10,6,1,2,33,1,0,0
3,21,6,2006,3,1,1,1,2,1,1,1,1,1,1,4,1,2,14,6,1,7,33,2,2,0
3,21,7,2006,3,1,1,2,2,1,1,1,2,1,1,3,1,2,14,6,1,6,33,2,2,0
3,21,7,2006,2,1,1,1,2,1,1,1,1,1,1,1,1,2,10,6,1,2,33,1,0,0
3,21,8,2006,3,1,1,2,2,1,1,1,1,1,1,1,1,2,9,6,1,7,33,2,2,0
3,21,10,2006,2,1,1,2,2,1,1,1,1,1,1,1,1,1,11,6,1,7,33,2,2,0
3,21,11,2006,3,1,8,1,2,1,1,1,1,1,1,1,1,1,9,6,1,7,30,2,2,0
3,21,11,2006,1,2,8,2,2,1,4,1,1,1,1,1,1,1,16,11,1,7,33,2,2,0
3,21,12,2006,3,1,1,2,2,1,1,1,1,1,1,1,1,2,11,6,1,1,33,2,2,0
4,21,7,2006,3,1,1,2,2,1,1,1,1,1,1,3,1,2,13,6,1,7,33,2,2,0
6,21,4,2006,2,1,2,2,2,1,1,1,1,1,1,1,1,2,9,6,1,1,33,2,2,0
6,21,5,2006,2,1,1,2,2,1,1,1,1,1,1,1,1,2,14,6,1,7,33,2,2,0
1,22,12,2006,3,1,1,1,2,1,1,1,1,1,1,1,1,2,7,6,1,1,36,2,2,0
1,21,11,2006,2,1,1,2,2,1,1,1,1,1,1,1,1,2,9,6,1,1,33,2,2,0
2,24,5,2006,2,3,1,2,2,1,1,1,1,1,1,1,1,2,9,6,1,1,40,2,2,0
1,26,9,2006,4,1,1,2,2,1,4,1,1,1,1,2,1,2,16,6,1,1,28,2,2,0
7,9,12,2006,2,7,1,2,2,1,1,3,1,3,1,3,1,2,14,11,1,7,33,2,2,0
7,9,12,2006,2,1,8,2,2,4,2,1,5,1,1,1,1,2,19,1,1,7,33,2,2,0
4,9,3,2006,3,4,8,2,2,1,1,1,1,1,1,1,1,1,14,6,1,1,33,2,2,1
4,9,5,2006,3,1,1,2,2,1,1,1,1,1,1,2,1,2,9,6,1,1,36,2,2,0
12,9,4,2006,1,7,1,2,2,1,2,1,1,1,1,1,1,2,14,11,1,7,40,2,2,0
12,9,5,2006,3,1,1,2,2,1,1,1,1,1,1,1,2,1,9,5,1,1,33,2,2,3
12,9,7,2006,1,1,1,2,1,1,2,1,1,1,1,1,2,2,9,6,1,7,33,2,2,0
12,9,3,2006,2,7,1,2,1,1,1,1,1,1,1,1,1,2,14,6,1,7,32,2,2,1
12,9,9,2006,1,7,1,2,2,1,2,1,2,1,1,1,1,1,14,11,2,7,33,2,2,0
10,9,1,2006,2,7,1,2,2,2,2,2,2,1,1,1,1,2,8,5,2,1,35,2,2,0
10,9,6,2006,2,7,8,2,2,1,1,1,2,1,1,1,1,2,19,11,1,7,33,2,2,0
4,9,11,2006,3,1,1,2,2,1,1,1,1,1,1,5,1,2,4,6,1,7,33,2,2,0
12,9,12,2006,2,1,1,2,2,1,1,1,1,1,1,1,1,2,13,6,1,1,40,2,2,1
1,2,4,2006,3,1,1,1,2,1,1,1,1,1,1,1,1,1,13,6,1,1,33,1,2,0
1,2,10,2006,3,1,1,2,2,1,1,1,1,1,1,2,1,1,14,6,1,1,30,2,2,1
1,2,12,2006,2,3,1,2,2,1,1,1,1,1,1,4,1,1,8,6,1,1,33,2,2,0
4,2,12,2006,2,1,1,2,2,1,1,1,1,1,1,4,1,1,4,6,1,1,33,2,2,0
4,2,12,2006,2,1,1,2,2,1,1,1,1,1,1,4,1,2,14,6,1,1,33,2,2,0
5,2,3,2006,2,1,1,1,1,1,1,1,1,1,1,4,1,2,8,6,1,1,33,2,2,0
5,2,5,2006,2,1,1,2,2,1,1,1,1,1,1,2,1,1,17,6,1,1,33,2,2,0
1,13,2,2006,2,7,8,2,2,1,1,1,1,1,1,3,1,2,14,6,1,1,33,2,2,0
1,13,5,2006,3,1,1,2,2,1,1,1,1,1,1,3,1,2,17,11,1,7,33,2,2,0
3,13,1,2006,2,3,1,2,2,1,1,2,1,1,1,3,1,2,9,2,1,7,33,2,2,0
1,10,2,2006,3,3,8,2,2,1,1,1,1,1,1,3,4,2,13,6,1,7,33,1,2,0
1,10,2,2006,2,1,8,2,2,1,1,1,1,1,1,3,1,2,8,6,1,7,30,2,2,0
1,10,12,2006,3,1,1,2,2,1,1,1,1,1,1,2,1,2,8,6,1,1,39,2,2,0
1,10,12,2006,3,7,8,2,2,1,1,2,1,1,1,2,1,2,17,1,2,7,40,2,2,0
4,10,9,2006,1,7,1,2,2,1,4,1,1,1,1,2,1,2,19,1,1,7,33,1,2,0
4,10,12,2006,3,1,1,2,2,1,1,4,4,2,2,3,1,2,4,6,2,7,33,1,1,0
5,10,3,2006,2,7,1,2,2,1,1,1,1,1,1,3,1,2,4,6,1,7,33,2,2,0
5,10,12,2006,3,7,5,2,1,1,1,1,1,1,1,3,1,2,8,11,2,7,33,2,2,1
2,10,5,2006,2,1,1,2,2,1,2,1,1,1,1,3,1,2,13,11,1,1,33,2,2,0
3,13,1,2006,2,3,1,1,2,1,1,1,1,1,1,3,1,2,9,11,1,1,33,2,2,0
3,13,7,2006,4,7,8,1,2,1,2,1,1,1,1,3,1,2,17,6,1,1,33,1,2,0
3,13,7,2006,3,3,3,2,2,1,1,1,1,1,3,3,2,2,14,6,1,1,33,2,2,0
8,13,1,2006,4,7,1,1,2,1,4,1,1,1,1,2,1,2,7,6,1,1,33,1,2,1
8,13,3,2006,2,4,1,2,2,2,1,2,1,1,1,1,1,2,9,6,1,7,37,2,2,0
8,13,5,2006,4,7,8,1,2,3,2,1,1,1,1,1,1,2,9,11,1,1,33,2,2,0
8,13,7,2006,2,1,1,2,2,1,1,2,1,1,1,1,1,1,14,9,1,1,40,2,2,0
8,13,12,2006,2,1,1,2,1,4,1,2,2,1,1,1,1,2,8,6,1,6,33,2,2,0
7,13,12,2006,3,2,3,2,1,1,1,1,1,1,1,1,1,2,8,6,1,1,30,2,2,0
5,13,7,2006,2,7,1,2,2,1,1,1,1,1,1,2,1,2,8,4,1,7,33,2,2,0
5,13,7,2006,3,4,8,2,2,1,1,1,1,1,1,2,1,2,7,8,1,1,25,1,1,1
5,13,10,2006,3,1,1,2,2,1,1,1,1,1,1,2,1,2,9,6,1,1,32,2,2,3
5,13,12,2006,4,2,1,2,2,1,2,1,1,1,1,1,2,1,9,5,1,1,40,1,2,0
9,13,4,2006,2,1,1,2,2,1,1,1,1,1,1,3,1,2,9,6,1,7,33,2,2,0
6,13,4,2006,3,1,1,2,2,1,1,1,1,1,1,2,1,2,8,6,1,1,53,2,2,0
3,13,2,2006,4,7,1,1,2,1,1,1,1,1,1,3,1,2,14,9,1,1,33,2,2,0
7,3,1,2006,3,1,8,2,2,1,1,1,1,1,1,2,1,2,14,11,1,1,33,2,2,0
7,3,4,2006,2,1,1,2,2,1,1,1,1,1,1,2,1,1,4,6,1,7,35,2,2,0
7,3,7,2006,4,1,1,2,2,1,2,1,1,1,1,1,1,2,9,6,1,3,33,2,2,0
7,3,7,2006,3,1,1,2,2,1,1,1,1,1,1,2,1,2,14,6,2,7,33,1,2,0
7,3,7,2006,4,7,1,2,2,1,2,1,1,1,1,1,1,1,14,6,1,6,50,2,2,0
7,3,10,2006,2,1,7,2,2,1,4,1,1,1,1,3,1,2,4,6,1,1,33,1,2,0
7,3,10,2006,1,1,1,2,2,1,4,1,1,1,1,1,1,2,9,4,1,7,33,2,2,0
1,3,2,2006,3,2,1,2,2,1,1,1,1,1,1,2,1,1,7,6,1,1,33,1,2,0
1,3,2,2006,2,1,3,2,2,1,1,1,1,1,1,1,1,2,13,6,1,1,33,2,2,0
1,3,5,2006,3,1,8,2,2,1,1,1,1,1,1,1,1,2,7,6,1,7,33,1,2,0
1,3,10,2006,2,1,1,2,2,1,1,2,1,1,1,4,1,2,19,6,2,7,33,2,2,0
2,3,4,2006,3,7,5,2,1,1,1,2,1,3,1,3,1,2,17,11,1,1,40,2,2,0
5,3,8,2006,3,1,1,1,2,1,1,1,1,1,1,4,1,2,17,6,1,1,33,2,2,0
10,3,9,2006,2,1,1,2,2,1,1,1,1,1,1,1,1,2,8,6,1,1,33,2,2,0
10,3,10,2006,2,1,1,2,2,1,1,1,1,1,1,1,1,2,8,6,1,1,33,2,2,0
12,3,2,2006,4,1,1,2,2,1,2,1,1,1,1,2,1,2,13,4,1,1,35,2,2,3
3,3,2,2006,4,1,1,2,1,2,1,1,1,1,1,1,2,1,8,6,1,7,33,2,2,0
3,3,8,2006,3,1,1,1,2,1,1,1,1,1,1,2,1,2,17,11,2,7,33,2,2,0
3,3,9,2006,2,7,1,2,2,1,2,1,1,1,1,2,1,2,4,6,1,7,33,2,2,3
4,3,3,2006,4,1,1,1,2,1,2,1,1,1,1,3,1,2,4,6,1,7,33,2,2,0
4,3,7,2006,3,1,3,2,1,1,1,1,1,1,1,1,1,2,9,11,1,1,26,2,2,0
13,3,4,2006,3,1,1,2,2,1,1,1,1,1,1,1,1,1,14,6,1,1,33,2,2,0
13,3,5,2006,3,7,1,1,2,1,1,1,1,1,1,3,1,2,17,6,1,7,33,2,2,0
6,3,3,2006,2,7,1,1,2,1,1,2,1,1,3,1,2,1,17,2,1,1,33,2,2,0
6,3,4,2006,5,7,1,1,2,1,4,1,1,1,1,3,1,2,19,6,1,7,33,2,2,0
6,3,5,2006,2,1,1,1,1,1,1,1,1,1,3,3,1,2,8,6,1,1,30,1,2,0
6,3,5,2006,3,1,1,2,1,1,1,1,1,1,1,1,1,2,14,6,1,1,33,2,2,0
11,3,1,2006,3,1,1,2,2,1,1,1,1,1,1,2,1,2,8,6,1,1,41,2,2,0
11,3,4,2006,2,2,1,2,2,1,1,1,1,1,1,3,1,2,17,4,1,7,30,2,2,0
1,16,4,2006,3,7,1,2,2,1,1,2,1,1,1,2,1,1,14,11,1,1,33,2,2,0
11,16,1,2006,3,1,1,2,1,1,1,1,1,1,2,1,2,1,9,6,2,1,33,2,2,0
11,16,2,2006,2,1,1,2,2,1,1,1,1,1,1,1,1,2,14,6,2,3,33,1,2,0
11,16,2,2006,1,1,1,1,2,1,4,1,1,1,1,1,1,1,14,6,2,3,33,1,2,1
11,16,2,2006,1,1,1,1,2,1,2,1,1,1,1,1,1,1,8,6,1,1,33,1,2,1
11,16,4,2006,3,1,2,1,2,1,1,1,1,1,1,1,2,1,14,11,1,7,33,2,2,0
11,16,7,2006,3,1,1,2,2,1,1,1,1,1,1,1,1,2,16,6,1,1,30,2,2,1
11,16,7,2006,1,1,1,2,2,1,2,1,1,1,1,1,1,2,9,6,1,1,33,2,2,0
11,16,7,2006,2,1,3,1,2,1,1,1,1,1,1,1,1,1,9,6,1,6,33,2,2,0
11,16,5,2006,3,1,3,1,1,1,1,1,1,1,1,1,1,2,9,11,1,7,33,2,2,1
11,16,5,2006,2,1,1,1,2,1,1,1,1,1,1,1,1,1,14,6,1,7,33,2,2,0
11,16,8,2006,1,7,3,2,2,1,2,1,1,1,1,1,1,1,9,6,1,7,33,2,2,0
11,16,8,2006,2,7,8,2,2,2,1,1,2,2,2,1,1,1,11,6,1,7,33,2,2,0
11,16,8,2006,4,7,1,2,2,1,4,1,1,1,1,1,1,1,14,6,1,7,33,2,2,0
11,16,8,2006,2,1,1,2,1,1,1,1,1,1,1,1,2,1,14,6,2,6,34,1,2,3
10,16,1,2006,2,1,1,2,2,1,1,1,1,1,1,1,2,1,9,6,1,1,37,2,2,0
10,16,2,2006,1,1,1,2,2,1,3,1,1,1,2,1,1,1,9,6,1,1,33,2,2,0
10,16,3,2006,3,2,1,2,2,1,1,1,1,1,1,1,1,2,9,5,1,7,33,2,2,0