Thana,District,Month,Year,Time,Junction_Type,Traffic_Control,Movement,Divider,Weather,Light,Road_Geometry,Surface_Condition,Surface_Type,Surface_Quality,Road_Class,Road_Feature,Location_Type,Vehicle_Type,Vehicle_Movement,Vehicle_Loading,Vehicle_Defect,Vehicle_Driver_Age,Vehicle_Alcohol,Vehicle_Seat_Belt,Accident_Severity
10,16,4,2006,4,1,1,2,2,1,2,1,1,1,1,1,1,2,19,6,1,7,33,2,2,0
10,16,7,2006,4,7,1,2,1,4,4,1,1,1,1,1,1,1,19,11,1,7,33,2,2,0
10,16,7,2006,3,2,1,2,2,1,1,1,1,1,1,1,1,2,19,6,1,7,33,2,2,0
10,16,6,2006,1,7,1,1,1,1,3,1,1,1,1,1,2,2,6,6,1,1,33,2,2,0
10,16,6,2006,4,5,1,2,1,1,4,2,1,1,1,1,1,2,9,2,1,7,33,2,2,0
10,16,6,2006,3,1,1,2,2,1,1,2,1,1,1,2,1,1,9,5,1,7,38,2,2,1
10,16,8,2006,3,4,6,2,2,1,1,1,1,1,1,1,1,2,14,11,1,1,33,2,2,0
10,16,8,2006,3,4,6,2,2,1,1,1,1,1,1,1,1,2,14,11,1,1,33,2,2,0
6,16,5,2006,2,7,8,2,1,1,1,1,1,1,1,1,1,2,13,6,1,7,38,1,2,0
6,16,6,2006,3,7,8,2,2,1,1,3,1,1,1,5,1,1,14,2,1,5,55,2,2,3
6,16,8,2006,4,7,4,1,1,1,2,2,1,1,1,1,1,2,9,5,2,7,33,2,2,3
9,16,3,2006,2,1,1,2,2,1,1,1,1,1,1,1,1,2,9,6,1,1,33,1,2,0
9,16,3,2006,3,7,3,1,2,1,1,1,1,1,1,1,1,2,4,11,1,7,33,1,2,0
9,16,3,2006,4,1,1,2,2,1,2,2,1,1,1,1,1,2,8,2,1,7,33,1,2,0
9,16,4,2006,3,1,1,2,2,1,1,1,1,1,1,1,1,2,9,6,1,7,33,2,2,0
9,16,6,2006,2,1,2,2,2,1,1,1,1,1,1,1,1,2,14,6,1,1,33,2,2,0
9,16,6,2006,2,1,8,2,2,1,1,1,1,1,1,1,1,1,19,11,1,7,33,2,2,0
7,16,4,2006,4,1,1,2,1,1,4,2,1,1,1,1,1,2,8,5,1,1,33,2,2,0
7,16,4,2006,2,1,1,2,2,1,1,1,1,1,1,1,1,1,8,6,1,7,33,2,2,0
7,16,4,2006,3,7,8,2,2,1,1,1,1,1,1,1,1,2,13,6,1,7,33,2,2,0
7,16,7,2006,2,3,3,2,2,1,1,1,1,1,1,1,1,2,13,6,1,7,33,2,2,0
7,16,5,2006,2,1,1,2,1,1,1,1,1,1,1,1,1,2,14,6,1,7,33,2,2,0
7,16,5,2006,3,2,1,2,2,1,1,1,1,1,1,1,1,2,9,6,1,1,33,2,2,0
7,16,8,2006,2,7,8,2,2,1,1,1,1,1,1,1,1,2,8,11,1,1,32,2,2,0
1,15,1,2006,3,1,1,1,2,1,1,1,1,1,1,1,1,2,9,6,1,7,33,2,2,0
1,15,1,2006,1,1,1,2,2,1,4,1,1,1,1,1,1,2,9,5,1,1,33,1,2,0
1,15,2,2006,4,1,1,2,2,1,4,1,1,1,1,1,1,2,19,11,1,7,33,1,2,0
1,15,2,2006,2,1,1,2,2,1,1,1,1,1,1,4,1,2,14,6,1,1,33,1,2,0
1,15,6,2006,4,1,2,2,2,1,4,1,1,1,1,1,1,2,19,6,1,7,33,2,2,0
1,15,6,2006,3,1,1,2,2,1,1,1,1,1,1,1,1,2,9,6,1,7,33,2,2,0
1,15,6,2006,1,1,1,2,2,1,4,1,1,1,1,1,1,2,14,6,1,7,33,2,2,1
1,15,4,2006,3,1,4,1,1,1,1,1,1,1,1,1,1,1,13,9,1,1,32,2,2,0
1,15,4,2006,3,1,1,2,2,1,1,1,1,1,1,1,1,2,9,6,1,1,45,2,2,1
1,15,3,2006,2,1,1,2,2,1,1,1,1,1,1,3,1,2,9,6,1,1,33,2,2,0
1,15,3,2006,2,1,1,2,2,1,1,1,1,1,1,1,1,2,14,6,1,4,34,2,2,1
1,15,3,2006,1,1,1,2,2,1,4,1,1,1,1,1,1,2,14,10,1,1,33,1,2,2
1,15,3,2006,3,1,4,2,1,1,1,1,1,1,1,4,1,2,6,6,1,7,33,2,2,0
1,15,6,2006,1,1,1,2,2,2,2,1,1,1,1,1,1,2,13,6,1,1,33,2,2,1
1,15,7,2006,4,1,1,2,2,1,3,1,1,1,1,1,1,1,19,6,1,2,33,2,2,3
1,15,7,2006,2,1,1,2,2,1,2,1,1,1,1,1,1,2,14,6,1,1,33,1,2,0
1,15,9,2006,2,1,1,2,2,1,1,1,1,1,1,1,1,2,11,11,1,7,33,2,2,0
3,15,1,2006,3,3,3,1,2,1,1,1,1,1,1,4,1,2,14,5,1,7,33,1,2,0
3,15,1,2006,1,7,8,2,2,1,3,1,1,1,1,4,1,2,14,5,1,7,33,2,2,0
3,15,1,2006,4,1,1,2,1,1,4,1,1,1,1,1,1,2,9,1,1,1,35,2,2,0
3,15,2,2006,2,3,3,1,2,4,1,1,1,1,1,1,1,2,14,5,2,7,33,2,2,0
3,15,2,2006,4,3,3,1,2,1,3,1,1,1,2,4,1,2,12,6,1,7,33,1,2,0
3,15,5,2006,4,5,8,2,2,1,3,2,1,1,1,1,2,1,17,2,1,7,33,2,2,0
5,15,1,2006,2,1,1,2,2,4,1,1,1,1,1,1,1,2,14,6,1,7,33,2,2,0
5,15,5,2006,1,1,1,2,2,1,4,1,1,1,1,1,1,2,9,6,1,7,31,2,2,0
5,15,4,2006,2,1,1,2,2,1,1,1,1,1,1,3,1,2,14,6,1,1,27,2,2,0
6,15,6,2006,3,7,8,2,2,2,1,1,2,1,1,1,3,2,9,11,1,1,50,2,2,0
6,15,4,2006,2,7,3,2,2,1,1,1,1,1,1,1,1,2,14,6,1,1,33,2,2,0
6,15,3,2006,3,7,8,1,2,1,1,1,1,3,2,1,2,1,14,6,1,1,42,2,2,0
6,15,7,2006,2,1,5,2,1,1,1,1,1,1,1,1,1,2,13,6,1,3,40,2,2,0
4,15,1,2006,3,7,1,2,2,1,1,1,1,1,1,1,1,2,7,1,1,7,33,2,2,3
4,15,2,2006,2,1,1,2,2,1,1,1,1,1,1,1,1,2,9,1,1,7,38,2,2,0
4,15,6,2006,2,1,1,2,2,1,1,1,1,1,1,1,1,2,19,5,2,6,28,2,2,0
4,15,4,2006,2,1,1,1,2,1,1,1,1,1,1,1,1,2,8,6,1,1,33,2,2,0
4,15,3,2006,3,7,1,2,2,1,1,1,1,1,1,3,1,2,14,6,2,1,40,2,2,0
1,7,4,2006,3,7,8,2,2,1,1,1,1,1,1,1,1,2,14,6,1,1,45,2,2,1
1,7,4,2006,3,7,1,2,2,1,1,1,1,1,1,1,1,2,14,4,1,7,30,2,2,1
1,7,4,2006,2,3,1,2,2,1,1,1,1,1,1,1,1,1,8,6,1,1,33,2,2,0
1,7,10,2006,1,1,1,2,2,1,4,2,1,1,1,1,1,2,9,6,1,1,48,2,2,0
8,7,1,2006,3,1,1,1,2,1,1,1,1,3,1,4,1,2,4,6,1,1,33,2,2,0
8,7,5,2006,2,7,8,2,2,1,1,1,1,1,1,1,1,2,9,11,1,7,33,1,2,0
8,7,11,2006,4,7,8,1,2,1,4,1,1,1,1,3,1,2,9,6,1,1,45,2,2,0
8,7,11,2006,1,7,8,1,2,1,4,1,1,1,1,4,1,2,9,6,1,7,33,2,2,0
10,7,5,2006,2,1,1,2,2,1,1,2,1,2,3,2,1,2,8,11,1,1,40,2,2,0
10,7,6,2006,3,1,1,2,2,1,1,1,1,1,1,3,1,2,8,6,1,7,33,2,2,3
10,7,12,2006,2,5,3,1,2,1,1,1,1,1,1,4,1,2,4,6,1,7,33,2,2,0
2,7,3,2006,3,3,8,2,2,1,1,1,1,3,2,4,1,2,17,6,2,7,25,2,2,0
1,5,1,2006,2,7,1,2,2,1,1,1,1,1,2,2,1,2,9,6,1,1,33,2,2,1
1,5,1,2006,2,1,1,1,2,1,1,1,1,2,1,2,1,2,14,1,1,1,33,2,2,0
1,5,1,2006,2,1,8,1,2,1,1,1,1,1,1,1,1,2,4,8,1,1,33,2,2,0
1,5,1,2006,1,1,8,1,2,1,4,1,2,1,2,1,1,1,14,6,1,1,33,2,2,0
1,5,2,2006,1,1,1,2,2,1,4,1,1,1,1,1,1,1,14,8,2,1,33,1,2,1
1,5,2,2006,3,1,1,2,2,1,1,1,1,1,1,1,1,1,9,7,1,1,33,1,2,0
5,5,1,2006,3,1,1,2,2,1,1,1,1,1,1,2,1,2,19,6,1,1,33,2,2,0
5,5,1,2006,1,7,8,2,2,1,4,1,1,1,1,1,1,2,14,11,1,1,33,2,2,1
5,5,2,2006,1,1,8,2,2,1,2,1,1,1,1,1,1,2,19,6,1,1,33,2,2,0
2,5,1,2006,3,7,8,2,2,1,1,3,1,3,2,4,3,2,19,11,1,1,27,2,2,0
7,5,1,2006,1,1,1,2,2,1,4,1,1,1,1,1,1,2,9,5,1,1,37,1,2,0
7,5,1,2006,2,1,1,2,2,1,1,1,1,1,1,1,1,1,9,6,1,1,33,2,2,1
1,17,2,2006,3,7,1,2,2,1,1,2,1,1,1,1,1,1,8,6,1,1,33,2,2,0
7,17,1,2006,2,7,1,1,2,1,1,2,1,1,1,3,1,2,14,7,1,1,32,2,2,0
5,17,2,2006,3,1,1,2,2,1,1,1,1,1,1,3,1,2,6,6,1,1,23,2,2,1
8,17,1,2006,2,1,1,1,2,4,1,1,5,1,1,1,1,2,14,11,1,6,33,2,2,0
10,17,1,2006,3,1,1,2,2,1,1,1,1,1,1,1,1,2,14,6,1,1,33,2,2,0
3,12,2,2006,2,1,1,2,2,1,1,1,1,1,2,3,1,2,8,6,1,1,30,2,2,0
4,12,3,2006,2,1,1,1,2,1,1,1,1,1,1,3,1,2,14,6,1,1,40,2,2,0
4,12,8,2006,3,7,8,1,2,1,1,1,1,1,1,3,1,2,14,6,1,1,30,2,2,1
2,12,2,2006,1,7,1,1,2,1,4,1,1,1,3,3,1,1,13,6,1,1,33,1,2,0
1,1,1,2006,2,3,1,2,2,1,1,1,1,1,1,1,1,2,8,6,1,1,33,2,2,1
1,1,1,2006,3,1,1,2,2,1,1,1,1,1,1,5,1,2,17,6,2,1,33,2,2,0
1,1,4,2006,4,1,1,2,2,1,1,1,1,1,1,1,1,2,14,6,1,1,33,2,2,1
1,1,5,2006,2,1,1,2,2,1,1,1,1,1,1,1,1,2,14,6,2,1,33,1,2,0
1,1,5,2006,3,1,1,2,2,1,1,1,1,1,1,1,1,2,9,6,1,1,42,2,2,0
1,1,7,2006,2,1,1,2,2,1,1,1,1,1,1,1,1,2,8,6,1,1,33,2,2,1
3,1,6,2006,2,1,1,2,2,1,1,1,1,1,1,1,1,2,8,5,1,1,35,2,2,0
5,1,2,2006,3,1,1,2,2,1,1,1,1,1,1,1,1,2,9,6,1,1,33,2,2,0
5,1,4,2006,4,1,1,2,2,1,4,1,1,1,1,1,1,2,14,5,1,1,32,2,2,0
6,4,1,2006,3,1,1,2,2,1,1,1,1,1,1,1,1,1,9,6,1,1,33,2,2,0
1,6,1,2006,3,1,1,2,2,1,1,1,1,1,1,4,1,2,9,8,1,1,33,2,2,0
3,6,1,2006,1,1,1,2,2,4,4,1,1,1,1,1,1,2,14,2,1,1,33,2,2,3
3,6,1,2006,4,1,1,1,2,1,2,1,1,1,1,1,1,1,14,6,1,1,33,2,2,0
5,6,1,2006,4,4,1,2,2,1,2,2,1,1,1,2,1,1,14,2,1,1,45,2,2,3
1,8,3,2006,2,1,1,2,2,1,1,1,1,1,1,2,1,2,4,6,1,7,33,2,2,0
1,8,4,2006,2,1,1,2,2,1,2,1,1,1,1,2,1,2,14,6,1,7,33,1,2,0
4,8,4,2006,2,7,1,2,2,1,1,1,1,1,1,2,1,2,8,11,1,7,33,2,2,0
5,8,4,2006,3,1,1,2,2,1,1,1,1,1,1,3,1,1,9,8,1,7,33,2,2,0
7,8,1,2006,3,7,8,2,2,1,1,1,1,1,1,3,1,1,14,6,1,7,39,2,2,0
1,11,2,2006,4,3,1,2,2,1,2,1,1,1,1,2,1,2,14,11,1,1,38,2,2,0
10,11,2,2006,3,1,1,2,2,1,1,1,1,1,1,3,1,2,4,6,1,7,18,2,2,0
8,11,1,2006,3,3,3,1,1,1,1,1,1,1,1,2,1,1,4,4,1,1,45,2,2,0
5,11,2,2006,4,1,1,2,2,1,4,1,1,1,2,3,1,2,17,11,1,1,37,2,2,0
1,16,10,2006,3,7,1,1,2,1,1,1,1,1,1,2,1,2,14,6,1,1,36,1,2,0
1,16,10,2006,2,1,1,2,2,1,1,1,1,1,1,3,1,2,9,4,1,7,33,2,2,0
1,16,10,2006,4,7,1,1,2,1,4,1,1,1,1,3,1,2,9,6,1,1,42,1,2,0
5,16,10,2006,3,1,8,2,2,1,1,1,1,1,1,3,1,2,8,6,1,1,33,2,2,0
11,16,10,2006,3,1,1,2,2,1,1,3,1,1,1,1,3,2,9,6,2,7,33,1,2,1
11,16,10,2006,1,1,1,2,2,1,4,1,1,1,1,3,1,2,14,6,2,1,33,2,2,0
6,16,10,2006,3,1,8,2,2,1,1,1,1,1,1,1,1,2,14,6,1,7,30,1,2,0
10,16,9,2006,2,2,4,2,2,1,1,1,1,1,1,1,1,2,14,11,1,1,33,2,2,0
11,16,9,2006,1,1,1,2,2,1,4,3,1,1,1,1,3,2,13,11,2,1,33,1,2,0
12,3,11,2006,4,1,1,2,2,1,4,1,1,1,1,2,1,2,19,11,1,1,33,2,2,0
11,16,11,2006,3,1,1,2,2,1,1,3,1,1,1,1,1,2,9,1,1,7,33,1,2,1
11,16,11,2006,4,1,1,2,2,1,4,3,1,1,1,1,3,2,13,11,2,1,33,1,2,0
7,16,12,2006,3,1,1,1,2,1,1,1,1,1,1,3,1,2,13,6,1,1,33,2,2,0
10,16,12,2006,2,1,1,2,2,4,1,1,1,1,1,1,1,2,7,6,1,7,33,2,2,0
1,16,12,2006,3,7,1,1,2,1,1,1,1,1,1,2,1,2,8,6,1,1,35,2,2,0
11,16,12,2006,3,1,1,1,2,1,1,1,1,1,1,4,1,2,19,6,2,7,33,1,2,1
11,16,12,2006,4,1,1,2,2,1,2,1,1,1,1,1,1,2,19,11,1,7,33,2,2,0
6,16,12,2006,2,2,1,2,2,1,2,1,1,1,1,1,1,2,14,6,2,7,35,2,2,0
1,15,10,2006,2,1,1,2,2,1,1,1,1,1,1,1,1,2,7,6,1,1,33,2,2,0
1,15,12,2006,3,1,1,2,2,1,1,1,1,1,1,1,1,2,9,5,1,1,33,2,2,0
1,15,12,2006,3,1,1,2,2,1,1,1,1,1,1,1,1,2,8,6,1,1,40,2,2,0
1,15,12,2006,3,7,1,2,2,1,1,1,1,1,1,1,1,1,9,11,2,7,32,1,2,0
3,15,10,2006,2,7,8,2,2,1,1,1,1,1,1,1,1,2,7,3,1,7,33,2,2,1
3,15,10,2006,3,7,8,1,2,1,1,1,1,1,1,1,1,2,13,6,1,7,40,2,2,0
3,15,11,2006,4,1,1,2,2,1,4,1,1,1,1,1,1,2,19,11,1,7,33,2,2,0
3,15,11,2006,3,1,1,2,2,1,1,1,1,1,1,1,1,2,4,11,1,7,25,2,2,0
5,15,11,2006,3,1,1,1,2,1,1,1,1,1,1,1,1,2,19,6,1,7,33,2,2,0
5,15,12,2006,4,1,1,1,2,1,4,1,1,1,1,3,1,2,7,11,1,7,31,2,2,0
4,15,11,2006,2,7,8,2,2,1,1,1,1,1,1,1,1,2,9,6,1,1,45,2,2,0
6,15,11,2006,3,7,8,2,2,1,1,1,1,1,1,1,1,2,4,6,1,7,33,2,2,0
2,15,11,2006,2,3,1,1,2,1,1,5,1,3,2,4,1,2,19,11,1,1,30,2,2,0
1,16,6,2006,2,7,1,2,2,1,1,1,1,1,1,2,1,2,13,6,1,1,42,2,2,0
11,16,8,2006,3,7,1,2,2,1,1,1,1,1,1,1,1,1,19,11,1,7,33,2,2,0
10,16,1,2006,1,1,1,2,2,1,4,1,1,1,1,1,1,2,9,5,1,1,33,2,2,0
7,17,3,2006,4,1,1,2,2,1,4,2,1,1,1,1,1,2,9,5,1,2,33,1,2,0
7,17,3,2006,4,1,1,2,2,1,2,1,1,1,1,1,1,2,4,4,1,7,33,1,2,1
7,17,4,2006,3,2,1,2,2,1,1,1,1,1,1,2,1,1,4,5,1,2,22,1,2,1
7,17,10,2006,2,1,1,2,2,1,1,1,1,1,1,1,1,2,14,8,2,7,33,1,2,0
7,17,10,2006,2,3,1,2,2,1,2,3,1,1,3,3,2,1,17,11,2,7,33,1,2,0
7,17,11,2006,1,3,1,2,2,1,2,1,1,1,1,3,1,2,4,5,2,7,22,1,2,0
2,17,9,2006,3,7,8,2,2,1,1,1,1,1,1,3,1,2,14,6,2,6,30,2,2,0
5,17,5,2006,3,1,1,1,2,1,1,1,1,1,1,3,1,2,10,11,1,6,30,2,2,0
5,17,9,2006,3,1,1,2,2,1,1,1,1,1,1,3,1,2,19,11,1,1,33,2,2,0
4,17,8,2006,1,3,1,2,2,1,4,1,1,1,1,4,1,2,19,6,1,1,33,2,2,0
4,17,9,2006,4,7,1,2,2,1,2,1,1,1,1,1,1,2,19,6,1,1,33,2,2,0
9,17,8,2006,2,7,8,2,2,1,1,1,1,1,1,1,1,2,19,6,2,6,33,2,2,0
10,17,3,2006,2,7,8,1,2,1,1,1,1,1,1,1,1,2,9,4,1,7,33,2,2,0
10,17,4,2006,2,7,8,2,2,1,1,1,1,1,1,1,1,1,14,11,1,7,33,2,2,0
8,17,12,2006,2,1,1,2,2,1,1,1,1,1,1,3,1,2,14,6,2,1,42,2,2,0
2,6,7,2006,2,1,1,2,2,1,1,1,1,1,1,4,2,1,17,6,1,1,26,2,2,0
2,6,3,2006,2,1,1,2,2,1,1,1,1,1,1,2,1,1,9,6,2,1,33,2,2,0
3,6,12,2006,3,1,1,2,2,1,1,1,1,1,1,1,1,2,14,6,1,1,37,2,2,0
12,9,5,2006,3,7,1,2,1,1,1,1,1,1,1,1,1,1,14,6,1,3,33,1,2,0
12,9,6,2006,4,1,1,2,2,1,4,1,1,1,1,1,1,2,14,11,1,1,33,1,2,3
12,9,8,2006,2,7,1,2,2,1,1,1,1,1,1,1,1,2,13,11,1,1,40,2,2,0
1,11,8,2006,2,1,1,2,2,1,1,1,1,1,1,2,1,2,14,6,2,7,33,1,2,0
9,11,3,2006,3,7,8,1,2,1,1,1,1,1,1,4,1,2,19,6,2,7,33,1,2,0
1,11,11,2006,3,1,1,2,2,1,1,1,1,1,1,2,1,2,9,6,1,7,33,1,2,0
2,11,7,2006,4,7,8,1,2,1,4,1,1,2,1,4,1,2,7,6,1,7,25,1,2,0
3,11,3,2006,3,7,1,2,2,1,1,1,1,1,1,3,1,2,17,11,2,7,33,1,2,0
3,11,12,2006,3,7,1,2,2,1,1,2,1,1,1,3,1,2,4,2,1,3,25,2,2,0
5,11,7,2006,4,1,1,2,2,1,2,1,1,1,1,1,1,2,13,11,1,1,33,2,2,1
5,11,7,2006,3,1,1,2,1,1,1,1,1,1,1,1,2,1,4,11,1,7,35,1,2,0
5,11,9,2006,2,1,1,2,2,1,1,1,1,1,1,2,1,2,7,11,1,5,35,2,2,1
5,11,10,2006,3,1,1,2,2,1,1,1,1,1,1,1,1,2,9,11,1,7,30,1,2,0
5,11,11,2006,2,1,1,2,2,1,1,1,1,1,1,1,1,2,17,11,2,7,32,1,2,0
5,11,12,2006,1,1,1,2,2,1,4,1,1,1,1,1,1,2,14,11,1,5,38,2,2,0
6,11,7,2006,2,7,1,2,2,1,1,3,1,3,2,4,4,2,17,1,1,1,33,2,2,0
7,11,5,2006,4,1,1,2,2,1,2,1,1,2,1,4,1,2,14,6,1,7,32,2,2,0
8,11,8,2006,3,7,1,2,2,1,1,1,1,1,1,4,1,2,14,11,2,7,33,2,2,0
8,11,10,2006,3,7,8,2,2,1,1,1,1,1,1,4,1,2,19,11,2,7,33,2,2,0
11,11,5,2006,2,1,1,2,1,1,1,1,1,1,1,3,1,2,19,6,1,7,33,2,2,0
9,11,12,2006,2,7,1,1,2,1,1,1,1,1,1,4,1,2,4,4,1,7,33,2,2,0
1,7,8,2006,2,7,1,2,2,1,1,1,1,1,1,3,1,2,8,6,1,1,33,2,2,0
1,8,7,2006,3,1,1,2,2,1,1,1,1,1,1,3,1,2,6,6,1,6,30,2,2,0
1,8,9,2006,1,4,1,2,2,1,4,1,1,1,1,2,1,2,9,6,1,1,33,1,2,0
1,8,11,2006,2,7,1,2,2,1,1,1,1,1,1,4,1,2,4,6,1,1,25,2,2,0
7,8,5,2006,4,1,1,2,2,1,4,1,1,1,1,3,1,2,7,6,1,1,33,1,2,0
7,8,9,2006,2,7,1,2,2,1,1,1,1,1,1,3,1,2,17,6,1,1,33,2,2,0
7,8,10,2006,4,1,8,2,2,1,1,1,1,1,1,3,1,2,9,6,1,1,25,2,2,3
4,8,9,2006,3,7,1,2,2,3,1,1,1,1,1,1,1,1,14,6,1,7,36,2,2,0
4,8,11,2006,3,1,1,1,2,1,1,1,1,1,1,1,1,2,9,6,1,7,33,2,2,0
4,8,8,2006,5,1,3,2,2,1,1,1,1,1,1,2,1,2,9,5,1,7,30,2,2,0
3,8,9,2006,3,1,1,2,2,1,1,1,1,1,1,1,1,1,9,6,1,7,45,2,2,0
3,8,12,2006,3,7,1,2,2,1,1,1,1,1,1,2,1,1,17,6,1,7,28,2,2,0
1,5,4,2006,3,1,1,2,2,1,1,1,1,1,1,1,2,1,14,6,1,1,33,2,2,0
1,5,4,2006,4,1,1,2,2,1,4,1,1,1,1,1,1,1,14,6,1,1,33,2,2,3
1,5,4,2006,4,3,4,2,2,1,4,1,1,1,1,2,1,2,4,4,1,1,19,2,2,0
1,5,5,2006,3,1,1,2,2,1,1,1,1,1,1,1,1,1,9,6,1,1,33,2,2,0
1,5,5,2006,4,1,1,2,2,1,4,1,1,1,1,1,1,1,14,6,1,1,33,2,2,0
1,5,5,2006,3,1,1,2,2,1,1,1,1,1,1,1,1,1,9,6,1,1,33,2,2,0
1,5,5,2006,3,1,4,2,2,1,1,1,1,1,3,1,1,2,14,6,1,1,40,2,2,0
1,5,5,2006,4,1,1,2,2,1,2,2,1,1,2,1,1,2,14,6,1,1,33,2,2,0
1,5,5,2006,3,2,3,2,2,1,1,1,1,1,1,1,1,1,9,6,1,1,33,2,2,0
1,5,6,2006,3,1,1,2,2,1,1,1,1,1,1,2,1,2,16,6,1,1,33,2,2,0
1,5,9,2006,4,3,1,2,2,1,4,1,1,1,1,1,1,1,14,6,1,1,33,2,2,0
1,5,9,2006,4,3,1,2,2,1,4,1,1,1,1,1,1,1,9,6,1,1,33,2,2,0
1,5,11,2006,2,1,1,2,2,1,1,1,1,3,1,1,1,2,4,6,1,1,33,2,2,0
5,5,3,2006,3,1,1,2,2,2,1,2,2,3,2,4,1,2,17,6,2,1,33,2,2,0
5,5,4,2006,1,1,1,2,2,1,4,1,1,1,1,1,1,2,13,6,1,1,33,2,2,0
5,5,4,2006,3,1,1,2,2,1,1,1,1,3,1,4,1,2,13,11,2,1,33,1,2,0
5,5,5,2006,4,1,1,2,2,1,4,1,1,1,1,1,1,1,9,6,1,1,33,2,2,0
5,5,5,2006,3,1,1,2,2,1,1,1,1,1,1,1,1,2,14,6,1,1,33,1,2,0
5,5,6,2006,3,2,1,2,2,1,1,1,1,1,1,1,1,2,9,6,1,1,33,1,2,0
5,5,7,2006,4,1,1,2,2,1,2,1,1,1,1,1,1,1,14,6,1,1,33,2,2,1
5,5,7,2006,1,1,1,2,2,1,4,1,1,1,1,1,1,2,9,6,1,1,33,1,2,1
5,5,7,2006,1,1,1,2,2,1,4,1,2,1,1,1,1,1,9,1,1,1,33,1,2,1
5,5,7,2006,2,1,1,2,2,1,1,1,1,1,1,1,1,1,9,6,1,1,33,2,2,0
5,5,8,2006,2,1,1,2,2,1,1,1,1,1,1,1,1,2,9,6,1,1,45,1,2,0
5,5,8,2006,3,1,1,2,2,1,1,1,1,1,1,2,1,2,17,6,1,1,33,2,2,0
5,5,9,2006,4,1,1,2,2,1,4,1,1,1,1,1,1,2,14,6,1,1,33,1,2,0
5,5,10,2006,2,1,1,2,2,1,2,1,1,1,1,1,1,2,14,6,2,1,33,2,2,3
5,5,10,2006,3,1,1,1,2,1,1,1,1,3,2,4,1,2,17,6,1,1,24,2,2,0
5,5,11,2006,4,1,1,2,2,1,2,1,1,1,1,4,1,2,17,6,1,1,40,2,2,0
6,5,4,2006,3,1,1,1,2,1,1,1,1,3,2,4,1,1,10,6,1,1,33,2,2,0
6,5,6,2006,3,1,1,1,2,1,1,1,1,1,1,1,1,2,9,6,1,1,33,2,2,0
6,5,7,2006,1,1,1,2,1,1,4,1,1,1,1,1,1,2,4,6,1,1,33,2,2,0
6,5,9,2006,3,1,1,2,1,1,1,1,1,1,1,1,1,1,9,6,1,1,33,2,2,0
6,5,11,2006,4,1,1,2,2,1,4,1,1,1,1,1,1,2,7,6,1,1,33,2,2,0
6,5,11,2006,3,1,1,1,2,1,1,1,1,1,1,1,1,1,19,5,1,1,33,2,2,0
6,5,12,2006,2,1,1,2,1,1,1,1,1,1,1,1,1,2,9,6,1,1,33,2,2,0
7,5,5,2006,1,1,1,2,2,1,2,1,1,1,1,4,1,2,17,6,1,1,33,2,2,1
7,5,6,2006,2,1,1,2,2,1,1,1,1,1,1,3,1,2,8,7,1,1,33,2,2,0
7,5,6,2006,2,1,1,2,2,1,1,1,1,1,1,3,1,2,4,6,1,1,33,2,2,0
7,5,8,2006,2,1,1,2,2,1,1,1,1,1,1,3,1,1,9,6,1,1,33,2,2,0
4,5,5,2006,3,1,1,2,2,1,1,1,1,1,1,1,1,1,14,6,1,1,33,1,2,0
4,5,7,2006,4,1,1,2,1,1,3,4,1,3,1,2,2,1,9,6,1,1,47,2,2,1
4,5,7,2006,3,4,1,2,2,1,1,1,1,1,1,1,1,2,4,6,1,1,25,1,2,0
4,5,12,2006,4,1,1,2,2,1,4,1,1,1,1,2,1,2,13,6,1,1,35,1,2,0
8,5,4,2006,2,3,1,2,2,1,1,1,1,1,1,1,1,2,14,6,1,1,33,2,2,0
8,5,5,2006,3,2,3,2,2,1,1,1,1,1,1,1,1,2,9,6,1,1,33,1,2,0
8,5,7,2006,3,1,1,2,1,1,1,1,1,1,1,1,2,2,14,6,1,1,33,2,2,1
8,5,8,2006,2,2,1,2,2,1,1,1,1,1,1,1,1,1,9,6,1,1,33,2,2,0
8,5,9,2006,3,2,1,2,2,1,1,1,1,1,1,1,1,2,14,5,1,1,36,2,2,3
3,5,6,2006,4,1,1,2,2,1,2,1,1,1,1,3,1,1,14,6,1,1,50,2,2,1
1,2,8,2006,4,3,1,2,2,1,2,1,1,1,1,2,1,2,4,6,2,1,35,2,2,0
4,12,10,2006,3,1,1,2,2,1,1,1,1,1,1,2,1,2,8,6,1,1,35,2,2,0
4,2,10,2006,3,1,1,2,2,1,1,1,1,1,1,2,1,1,8,6,2,1,33,2,2,0
4,1,7,2006,4,1,1,2,2,1,4,1,1,1,1,4,1,2,8,6,1,4,33,2,2,0
5,5,8,2006,4,1,1,2,2,1,4,1,1,1,1,1,1,2,9,5,1,1,33,2,2,0
8,5,6,2006,2,1,1,2,2,1,1,1,1,1,1,1,2,1,14,6,1,1,33,2,2,0
3,5,12,2006,4,1,1,2,2,4,2,1,2,1,1,3,2,2,17,6,1,1,25,2,2,0
3,3,3,2006,3,3,1,2,2,1,1,1,1,1,1,2,1,1,3,1,1,7,36,2,2,0
4,3,6,2006,3,2,1,2,2,1,1,1,1,1,1,1,1,2,9,6,1,7,33,1,2,0
6,3,9,2006,3,4,1,1,2,1,1,2,1,1,1,3,4,2,17,1,2,1,33,2,2,0
3,15,4,2006,4,7,8,2,2,1,4,1,1,1,1,1,1,2,19,6,1,1,30,2,2,0