Thana,District,Month,Year,Time,Junction_Type,Traffic_Control,Movement,Divider,Weather,Light,Road_Geometry,Surface_Condition,Surface_Type,Surface_Quality,Road_Class,Road_Feature,Location_Type,Vehicle_Type,Vehicle_Movement,Vehicle_Loading,Vehicle_Defect,Vehicle_Driver_Age,Vehicle_Alcohol,Vehicle_Seat_Belt,Accident_Severity
6,5,1,2006,1,1,1,2,2,1,4,1,1,1,1,1,1,2,9,5,1,1,37,1,2,0
6,5,1,2006,2,1,1,2,1,1,1,1,1,1,1,1,1,2,9,6,1,1,33,2,2,1
4,8,5,2006,3,1,1,2,2,1,1,1,1,1,1,2,1,2,19,1,1,1,33,2,2,0
1,5,4,2006,2,1,4,2,2,1,1,1,1,1,1,1,1,1,7,6,1,1,33,2,2,0
12,9,4,2006,4,1,1,2,2,1,4,1,1,1,1,1,1,2,14,2,1,1,33,2,2,0
3,13,9,2006,3,1,1,2,2,1,1,1,1,1,1,3,1,2,9,6,1,5,36,2,2,0
1,15,6,2006,3,1,1,2,2,1,1,1,1,1,1,1,1,2,14,6,1,1,33,2,2,0
1,15,4,2006,2,1,1,2,2,1,1,1,1,1,1,1,1,1,14,6,1,1,38,2,2,0
9,16,1,2006,2,1,1,2,2,4,1,1,1,1,1,1,1,2,8,6,1,1,33,2,2,0
10,16,12,2006,1,1,1,2,2,4,4,1,1,1,1,1,1,2,14,6,1,1,36,2,2,0
4,2,10,2006,3,1,1,2,2,1,1,1,1,1,1,3,1,2,8,6,1,1,33,2,2,0
3,14,2,2006,1,1,3,2,2,1,4,1,1,1,1,5,1,1,9,6,1,7,33,1,2,0
4,14,3,2006,3,2,1,2,2,1,1,1,1,1,1,5,1,1,8,6,1,1,33,2,2,0
2,14,5,2006,4,1,1,2,2,1,4,2,1,1,1,2,5,2,9,6,1,1,33,2,2,0
4,14,5,2006,2,1,1,2,2,1,1,1,1,1,1,2,1,1,6,6,1,1,33,2,2,0
4,14,10,2006,1,1,1,2,2,1,1,1,1,1,1,2,1,2,9,6,1,1,33,2,2,0
2,14,8,2006,2,1,2,2,2,1,1,1,1,1,1,2,1,2,4,6,1,1,35,2,2,1
4,14,5,2006,2,5,1,2,1,1,1,2,1,1,1,2,1,1,14,2,1,1,33,2,2,0
4,14,6,2006,2,1,1,2,2,1,1,1,1,1,1,2,1,2,8,6,1,1,30,2,2,0
4,14,6,2006,3,1,1,2,2,1,1,1,1,1,1,2,1,1,4,6,1,1,33,2,2,0
3,14,12,2006,4,1,1,2,2,1,4,1,1,3,1,4,1,2,14,7,1,1,33,2,2,0
3,14,5,2006,3,3,1,2,2,1,1,1,1,1,1,2,1,1,6,2,2,6,33,2,2,0
2,14,12,2006,3,1,1,2,2,1,1,1,1,1,1,1,1,2,9,6,1,1,29,2,2,2
2,14,7,2006,2,3,1,2,2,1,1,1,1,1,1,2,1,2,12,6,1,1,33,2,2,0
2,14,1,2006,2,1,1,2,2,1,1,1,1,1,1,1,1,1,14,6,1,1,33,2,2,0
2,14,7,2006,2,3,1,2,2,1,1,1,1,1,1,2,1,2,12,6,1,1,33,2,2,0
1,14,3,2006,2,1,1,2,2,1,1,1,1,1,1,2,1,1,9,2,1,1,33,2,2,0
1,14,6,2006,2,3,1,2,2,1,1,1,1,1,1,2,1,1,8,6,1,1,34,2,2,0
1,55,4,2006,3,7,1,2,2,1,1,1,1,1,1,4,1,1,7,6,1,1,25,2,2,0
7,56,1,2006,3,4,1,2,2,4,1,2,1,1,1,3,1,2,6,6,1,2,22,2,2,0
3,56,1,2006,3,1,1,2,2,1,1,1,1,1,1,1,1,2,13,6,2,2,33,1,2,0
5,56,1,2006,3,1,1,2,2,1,1,4,1,3,2,4,3,2,17,1,2,2,33,1,0,0
3,56,1,2006,3,1,1,2,2,1,1,1,1,1,1,1,1,2,9,6,1,7,33,1,2,0
3,56,1,2006,2,7,1,2,2,1,1,2,1,1,1,1,1,2,13,6,1,2,33,1,2,0
4,56,1,2006,2,2,1,2,2,1,1,1,1,3,2,2,1,2,11,11,1,7,27,1,2,0
4,56,1,2006,3,2,1,2,2,1,1,1,1,1,1,2,1,2,7,6,1,7,33,1,0,0
6,56,1,2006,2,7,8,1,2,1,1,1,1,1,1,4,1,2,11,11,1,2,21,1,0,1
7,53,1,2006,2,1,1,2,2,1,1,1,1,1,1,4,1,2,9,6,1,1,35,2,2,0
6,55,1,2006,3,7,1,2,2,1,1,1,1,1,1,1,1,2,9,6,1,2,33,1,0,0
6,55,1,2006,3,3,1,2,2,1,1,1,1,1,1,2,1,1,11,4,1,1,33,1,0,0
1,53,2,2006,2,7,1,2,2,1,1,1,1,1,1,4,1,2,11,6,1,6,30,1,0,0
3,53,2,2006,3,7,8,2,2,1,1,1,1,1,1,3,1,2,9,11,1,2,33,1,0,0
6,53,2,2006,3,2,2,1,1,1,1,1,1,1,1,4,1,2,9,3,1,2,33,1,0,1
13,54,1,2006,2,7,1,2,2,1,1,1,1,1,1,1,1,2,13,1,1,7,33,2,2,0
13,54,1,2006,3,7,2,2,2,1,1,1,1,1,1,1,1,2,9,6,1,7,33,1,0,0
7,56,2,2006,4,7,1,2,2,1,4,1,1,1,1,1,1,2,19,11,1,2,33,1,0,0
7,56,2,2006,1,7,1,2,2,1,4,1,1,1,1,1,2,1,19,6,1,2,33,1,0,0
7,56,2,2006,4,2,7,2,2,1,4,1,1,1,1,1,1,2,12,6,1,2,33,1,0,1
3,56,2,2006,3,1,1,1,2,1,1,3,1,1,1,1,1,2,9,6,1,7,33,1,0,0
3,56,2,2006,2,2,2,2,2,1,2,1,1,1,1,1,2,1,13,6,1,2,33,1,0,0
3,56,2,2006,2,2,1,2,2,1,1,1,1,1,1,1,1,2,14,6,2,7,33,1,2,1
8,56,2,2006,3,1,1,2,2,1,1,1,1,1,1,1,1,1,9,6,1,2,33,1,0,0
8,56,2,2006,3,1,1,2,2,1,1,1,1,1,1,1,1,2,4,6,1,2,33,1,0,0
8,56,2,2006,1,1,1,2,2,4,4,1,1,1,1,1,1,2,14,6,1,1,32,1,2,0
1,55,2,2006,2,3,1,2,2,1,1,1,1,1,1,3,1,2,8,6,2,6,25,1,0,0
1,55,2,2006,3,1,1,2,2,1,1,1,1,1,1,1,1,2,9,6,1,2,33,1,0,0
4,55,2,2006,3,1,1,2,2,1,1,1,1,1,1,2,1,2,9,6,1,1,33,2,2,0
2,55,3,2006,4,1,2,2,2,1,2,1,1,1,1,5,1,1,9,6,1,2,33,1,0,2
13,54,1,2006,3,1,1,2,2,1,1,1,1,1,1,1,1,2,9,6,1,1,33,1,0,0
13,54,1,2006,3,2,8,2,2,1,1,1,1,1,1,1,1,2,6,2,1,7,33,1,0,1
7,54,1,2006,2,2,1,2,2,1,1,1,1,1,1,3,1,2,9,1,1,1,33,1,2,1
7,54,2,2006,2,1,1,2,2,1,1,1,1,1,3,3,1,2,7,6,1,2,33,1,0,0
13,54,3,2006,1,2,1,2,2,1,4,1,1,1,1,3,1,2,13,6,1,2,33,1,0,0
5,56,3,2006,4,2,1,1,2,1,4,2,1,1,1,1,1,2,14,3,1,1,35,2,2,3
5,56,3,2006,3,1,8,2,2,1,1,4,2,3,2,4,4,2,14,8,1,1,25,2,2,0
3,56,3,2006,2,7,1,2,2,1,1,1,1,1,1,3,1,2,9,6,2,7,33,1,0,1
8,56,3,2006,3,1,1,2,2,1,1,1,1,1,1,1,1,2,9,6,1,1,33,2,2,0
4,56,3,2006,4,2,8,2,2,1,2,1,1,1,1,2,1,2,9,6,1,1,45,1,0,0
12,54,4,2006,4,5,1,2,2,1,1,1,1,1,1,1,1,2,14,6,1,2,33,1,0,0
13,54,3,2006,3,2,1,2,2,1,1,1,1,1,1,3,1,2,9,1,1,2,33,2,2,0
13,54,3,2006,3,1,1,2,2,1,1,1,1,1,1,1,1,2,7,6,1,2,33,1,0,0
1,54,2,2006,3,7,1,2,2,1,1,1,1,1,1,1,1,1,8,2,1,2,47,2,2,0
1,54,2,2006,3,3,1,2,2,1,1,2,1,1,2,3,1,1,12,1,1,1,20,1,0,3
1,54,1,2006,2,7,1,2,2,1,1,1,1,1,1,2,1,2,12,6,1,2,29,2,2,0
1,54,1,2006,2,7,1,2,2,1,1,5,1,1,1,1,1,2,13,2,1,2,33,1,0,0
3,55,3,2006,3,7,2,2,2,2,1,1,1,1,3,3,1,2,11,6,1,2,33,1,0,0
3,55,2,2006,3,2,8,2,2,1,1,1,1,1,1,4,1,1,12,6,1,1,33,2,2,1
5,55,3,2006,2,1,2,2,2,1,1,1,1,1,1,3,1,2,14,6,1,1,33,2,2,0
3,53,3,2006,3,1,4,2,2,1,1,1,1,1,1,3,1,2,7,6,1,2,25,2,1,1
6,53,3,2006,3,2,1,1,2,1,1,1,1,1,1,4,1,1,8,11,1,2,35,2,2,3
7,53,3,2006,4,1,1,2,2,1,2,3,1,3,2,4,1,2,14,6,1,2,33,1,0,0
1,53,4,2006,3,1,1,2,2,1,1,1,1,1,1,3,1,2,8,11,1,2,33,1,0,0
3,53,4,2006,4,1,1,2,2,2,2,1,1,1,1,3,1,2,6,6,1,2,33,2,2,0
3,53,5,2006,2,1,1,2,2,1,4,1,1,1,1,4,1,2,4,6,1,2,20,1,0,0
1,53,5,2006,2,1,1,2,2,1,1,1,1,1,1,1,1,2,8,11,1,1,33,2,2,0
3,56,4,2006,3,1,1,2,2,2,1,1,2,1,1,1,1,2,12,6,2,7,33,2,2,0
3,56,4,2006,3,1,8,2,2,1,1,1,1,1,1,1,1,2,14,6,1,7,33,1,2,0
8,56,4,2006,4,3,1,2,2,1,4,1,1,1,1,1,1,2,9,6,1,1,33,2,2,0
1,55,5,2006,3,7,1,2,2,1,1,1,1,1,1,2,1,2,8,6,1,7,33,1,2,0
6,55,5,2006,3,1,1,2,2,1,1,1,1,1,1,3,1,2,4,6,1,1,35,2,1,0
5,55,4,2006,3,4,1,2,2,1,1,2,1,1,1,3,1,2,6,11,1,7,24,2,2,0
2,55,2,2006,3,7,1,2,2,1,1,1,1,1,1,2,1,2,8,6,1,1,35,2,2,3
1,54,5,2006,2,7,8,2,2,1,1,1,1,2,2,2,4,1,8,11,1,1,35,1,2,0
1,54,5,2006,2,1,1,2,2,1,1,1,1,1,1,2,1,2,13,6,1,6,38,1,0,0
1,54,4,2006,2,7,1,1,2,1,1,1,1,1,1,5,1,1,14,6,1,1,33,1,2,1
8,54,4,2006,2,1,1,2,2,1,2,1,1,1,1,3,1,2,13,6,1,1,33,1,0,1
9,54,5,2006,1,4,2,2,2,2,4,3,2,3,2,4,1,2,14,7,1,7,33,1,0,0
9,54,4,2006,4,3,2,2,2,2,4,1,1,1,1,2,2,2,19,6,1,2,33,1,0,0
12,54,3,2006,3,2,3,1,2,1,1,1,1,1,1,3,1,2,8,8,1,1,33,2,2,0
12,54,4,2006,3,7,1,2,2,1,1,2,2,1,1,1,1,2,13,5,1,1,33,2,2,3
12,54,5,2006,2,7,1,2,2,2,1,2,2,1,1,1,1,2,12,1,1,2,40,2,2,0
13,54,5,2006,2,2,1,2,2,1,1,1,1,1,1,1,1,2,19,6,1,2,33,1,0,0
4,54,4,2006,2,1,1,2,2,1,1,1,1,1,1,4,1,2,16,6,1,1,55,1,0,0
4,54,5,2006,3,1,1,2,2,1,1,2,1,1,1,3,1,2,13,2,1,1,22,2,2,0
7,54,3,2006,4,3,1,2,2,1,2,2,1,1,1,2,1,2,14,6,2,2,33,1,2,0
7,54,3,2006,2,1,1,1,2,1,1,1,1,1,1,3,1,2,7,6,1,2,33,1,0,3
7,54,4,2006,2,1,1,2,2,1,1,1,1,1,1,3,1,2,8,6,1,2,33,1,0,0
3,54,5,2006,2,7,8,2,2,1,1,1,1,1,1,2,3,2,14,6,2,2,37,2,2,3
3,56,5,2006,4,1,2,2,2,1,4,1,1,1,1,1,1,2,14,6,2,2,33,1,0,1
3,56,5,2006,3,2,1,2,2,1,1,1,1,1,1,1,1,2,7,6,1,2,33,1,2,0
3,56,5,2006,5,1,1,2,1,1,1,1,1,1,1,1,1,2,13,6,1,7,33,1,2,1
7,56,7,2006,4,7,2,1,2,1,4,1,5,1,1,1,1,2,19,6,1,2,33,1,0,0
3,56,7,2006,2,7,1,2,2,1,1,1,1,1,1,1,1,2,7,6,1,2,33,1,0,0
3,53,7,2006,2,7,3,1,2,1,1,1,1,1,1,4,1,2,12,11,2,7,23,1,0,0
7,53,7,2006,2,2,1,2,2,1,1,1,1,1,1,3,2,1,13,6,1,2,24,2,2,1
3,53,7,2006,3,3,4,2,2,1,1,1,1,1,1,3,1,2,8,6,1,2,46,2,2,0
1,53,7,2006,3,2,1,2,2,1,1,1,1,1,1,2,1,2,8,6,1,2,33,1,0,0
1,53,7,2006,2,1,8,2,2,1,1,1,1,1,1,3,1,2,6,6,1,1,30,2,2,3
6,55,6,2006,3,1,1,2,2,1,1,1,1,1,1,3,1,2,8,11,1,2,33,2,2,0
9,56,6,2006,4,1,2,2,2,1,2,1,1,1,1,1,2,2,14,6,1,2,33,1,0,0
3,56,6,2006,3,2,1,2,2,1,1,1,1,1,1,1,1,2,13,6,2,2,33,1,2,1
6,55,8,2006,2,1,1,2,2,1,1,1,1,1,1,3,1,2,9,6,1,1,30,2,2,3
2,55,7,2006,4,7,1,2,2,1,1,2,1,1,1,4,1,2,14,2,1,1,33,1,0,0
6,55,8,2006,2,1,1,2,2,1,1,1,1,1,1,1,1,2,9,6,1,1,33,2,2,0
4,55,8,2006,2,7,1,2,2,1,1,2,1,1,1,3,1,2,16,2,1,1,33,2,2,0
1,55,7,2006,3,7,8,2,2,2,1,1,2,1,1,3,1,2,12,6,1,7,33,2,2,0
3,56,8,2006,3,1,1,2,2,1,1,1,1,1,1,4,1,2,14,6,2,7,33,1,2,0
3,56,8,2006,3,1,1,2,2,1,1,1,1,1,1,1,1,2,8,6,1,2,33,1,0,3
3,56,9,2006,2,7,1,2,2,1,1,1,1,1,1,1,1,2,9,6,1,2,33,1,0,0
3,56,9,2006,3,1,1,2,2,1,1,1,1,1,1,1,1,2,9,6,1,7,36,2,2,0
3,56,9,2006,3,7,2,2,2,1,1,1,1,1,1,3,1,2,7,6,1,2,25,1,0,0
9,56,9,2006,2,1,1,1,2,1,1,1,1,1,1,4,1,2,4,6,1,1,33,1,0,1
4,56,9,2006,2,1,1,2,2,1,1,1,1,1,1,3,1,2,9,6,1,1,24,2,2,0
6,56,9,2006,2,7,2,2,2,1,1,4,1,3,2,3,1,2,14,11,1,2,30,1,0,0
2,53,10,2006,3,2,3,2,2,1,1,1,1,1,1,4,1,2,4,6,1,2,28,2,2,0
3,53,10,2006,2,7,1,2,2,1,1,1,1,1,2,4,1,2,5,6,1,2,33,2,2,0
1,55,9,2006,3,2,2,2,2,1,1,1,1,1,1,3,1,2,14,6,1,2,33,1,0,0
1,55,8,2006,3,2,8,2,2,1,1,1,1,1,1,3,1,2,14,6,1,1,30,1,2,0
1,54,4,2006,2,2,2,1,2,1,1,1,1,1,1,3,1,2,8,6,1,2,33,1,0,0
13,54,6,2006,3,5,1,2,2,1,1,2,1,1,1,2,1,2,9,2,1,2,40,1,2,0
4,54,8,2006,2,1,1,2,2,1,1,1,1,1,1,4,1,2,7,6,1,1,22,2,2,0
11,54,5,2006,4,2,3,2,2,1,4,1,1,1,1,3,1,2,19,6,1,2,33,1,0,0
8,56,10,2006,3,2,1,2,2,1,1,1,1,1,1,3,1,2,8,6,1,2,33,2,2,0
8,56,10,2006,3,2,1,2,2,1,1,1,1,1,1,2,1,2,13,6,1,7,25,1,2,0
7,56,11,2006,3,1,2,2,2,4,1,1,1,1,1,1,1,1,13,6,2,7,33,1,0,0
8,56,11,2006,3,1,1,2,2,1,1,1,1,1,1,1,3,2,9,6,2,1,33,1,2,0
1,56,11,2006,3,1,1,2,2,4,1,1,1,1,1,3,1,2,9,6,1,1,36,2,2,0
9,56,11,2006,1,2,2,2,2,1,2,1,1,1,1,3,1,2,8,11,1,2,31,1,0,0
1,53,11,2006,3,2,1,2,2,1,1,1,1,1,1,1,1,2,11,6,1,7,33,1,2,0
8,53,10,2006,3,7,1,2,2,1,1,1,1,1,2,4,1,2,6,6,1,4,33,2,2,3
2,55,9,2006,4,2,2,1,1,1,1,1,1,1,1,4,1,1,4,6,1,7,20,1,0,0
4,55,10,2006,3,3,1,2,2,1,1,1,1,1,1,3,1,2,9,11,1,2,33,1,0,0
4,55,10,2006,2,7,1,2,2,1,1,1,1,1,1,3,4,1,14,2,1,2,33,2,2,2
9,54,11,2006,3,1,3,2,2,1,1,1,1,1,1,1,1,2,19,6,1,2,33,1,0,1
5,54,4,2006,2,1,1,2,2,1,1,1,1,1,1,3,1,2,19,6,1,2,33,1,0,0
5,54,11,2006,2,1,1,2,2,1,1,1,1,1,1,4,1,2,4,6,1,1,25,2,2,0
13,54,12,2006,2,1,1,1,1,1,1,1,1,1,1,1,1,2,9,5,1,2,40,1,2,0
7,54,2,2006,4,1,1,1,2,1,4,1,1,1,1,2,1,2,8,5,1,3,33,2,2,0
2,54,12,2006,3,7,2,2,2,1,1,1,1,1,3,4,1,2,12,6,1,2,33,1,0,0
11,54,12,2006,3,1,1,2,2,4,1,1,1,1,1,3,1,2,7,6,1,2,33,1,0,0
1,53,12,2006,2,3,8,2,2,1,1,1,1,1,1,5,1,1,14,11,1,7,50,2,2,2
11,54,12,2006,4,7,1,2,2,4,2,1,1,1,1,3,1,2,19,6,1,2,33,1,0,0
8,54,12,2006,3,1,8,2,2,1,1,1,1,1,1,3,1,2,13,1,1,7,40,2,2,0
3,54,10,2006,3,3,1,2,2,1,1,1,1,1,1,3,1,2,12,6,2,7,28,2,2,3
1,54,11,2006,2,2,1,1,1,1,1,1,1,1,1,2,1,1,4,6,1,2,33,1,0,0
3,56,12,2006,3,7,8,2,2,1,1,1,1,1,1,1,1,2,7,6,1,2,33,1,0,1
2,56,12,2006,3,7,8,2,2,1,1,1,1,3,1,4,1,2,1,6,1,7,33,1,0,0
13,54,11,2006,3,2,3,2,2,1,1,1,1,1,1,1,1,1,9,11,1,7,35,2,2,0
13,54,12,2006,4,3,8,2,2,1,1,1,1,1,1,1,1,2,10,4,1,2,33,2,2,0
13,54,11,2006,3,2,3,2,2,1,1,1,1,1,1,1,1,1,14,11,1,2,20,2,2,0
13,54,12,2006,3,3,3,2,2,1,1,1,1,1,1,1,1,2,4,11,1,2,33,2,2,0
5,55,12,2006,1,1,1,2,2,1,2,1,1,1,1,3,1,2,5,6,1,2,33,1,0,0
6,55,3,2006,2,1,1,2,2,1,1,1,1,1,1,1,1,2,14,6,1,2,33,1,0,0
1,55,12,2006,3,2,1,2,2,1,1,3,1,3,2,4,1,2,13,6,1,2,33,2,0,0
5,55,11,2006,2,1,1,2,2,1,1,2,3,3,2,4,1,2,13,11,1,1,33,2,2,0
7,55,11,2006,3,1,2,2,2,1,1,2,1,1,1,2,1,2,14,2,1,1,33,2,2,0
6,55,11,2006,3,1,1,1,2,1,1,1,1,1,1,1,1,1,6,6,1,2,33,1,0,0
11,54,12,2006,3,3,8,2,2,1,1,1,1,1,1,3,1,2,7,6,1,1,23,2,2,0
8,54,12,2006,2,1,8,2,2,1,2,1,1,1,1,4,1,2,19,11,1,7,25,1,0,0
8,54,12,2006,3,7,1,1,2,1,1,1,1,2,2,4,1,2,14,11,1,1,45,2,1,0
1,56,12,2006,4,1,1,1,1,4,2,1,1,1,1,2,1,2,10,4,1,7,33,1,1,0
1,28,1,2006,1,7,5,2,1,1,3,1,1,1,1,1,1,1,13,11,1,1,35,2,2,1
1,28,4,2006,3,7,8,2,2,1,1,1,1,1,3,5,1,1,1,6,1,1,33,2,2,0
1,28,5,2006,3,7,1,2,2,1,1,4,1,1,1,1,2,1,1,8,1,7,33,1,1,1
1,28,7,2006,2,1,8,2,2,2,2,1,1,1,1,5,1,1,8,4,1,3,33,1,2,1
1,28,11,2006,2,7,1,1,2,1,1,1,1,1,1,5,1,1,4,11,1,7,33,2,2,0
2,28,7,2006,4,4,8,2,1,1,4,1,1,1,1,1,1,1,19,7,1,2,33,2,2,0
2,28,8,2006,4,7,8,2,2,1,4,3,1,1,1,1,5,1,14,6,1,7,33,2,2,0
2,28,9,2006,3,1,1,2,2,1,1,1,1,1,1,5,1,1,14,8,1,1,38,2,2,1
3,28,1,2006,3,7,1,2,2,1,1,1,1,1,1,5,1,1,10,11,1,1,33,2,2,0
3,28,1,2006,3,7,8,2,2,1,1,1,1,1,2,5,1,1,8,6,2,3,33,2,2,3
3,28,2,2006,1,7,1,2,2,1,4,1,1,1,1,5,1,1,14,11,1,7,33,2,2,0
3,28,4,2006,3,6,8,2,1,1,1,1,1,1,1,1,1,1,14,6,1,3,28,1,2,0
3,28,8,2006,3,7,8,1,2,1,1,1,1,1,1,1,1,1,5,4,1,2,27,2,2,1
4,28,5,2006,3,2,8,1,2,2,1,1,2,1,1,1,1,1,9,6,1,1,33,2,2,1
4,28,5,2006,2,1,1,1,1,1,1,1,1,1,1,5,1,1,15,6,1,1,28,2,2,0
4,28,6,2006,2,1,8,1,1,1,1,1,1,1,1,1,1,1,9,11,1,1,45,2,2,1
4,28,7,2006,3,3,3,2,2,1,1,1,1,1,1,1,1,1,4,6,1,1,30,2,2,1
4,28,8,2006,2,7,8,1,1,1,2,1,1,1,1,1,1,1,9,5,1,7,33,1,2,0
4,28,9,2006,4,7,8,1,2,1,3,1,1,1,1,1,1,1,9,11,1,7,50,1,2,0
4,28,10,2006,4,1,8,2,2,1,3,2,1,1,1,1,1,1,5,2,1,1,28,1,2,1
4,28,11,2006,2,3,3,2,2,1,1,1,1,1,1,1,1,1,9,6,1,1,38,2,2,0
4,28,11,2006,2,1,1,1,2,1,1,1,1,1,1,5,1,1,9,8,1,1,33,1,2,0
4,28,12,2006,2,2,4,2,2,4,2,1,1,1,1,1,1,1,16,11,1,7,35,1,2,0
4,28,7,2006,3,1,1,2,2,1,1,1,1,1,1,1,2,1,9,6,1,1,30,2,2,1
5,28,6,2006,2,1,1,2,2,1,1,1,1,1,1,5,1,1,14,1,1,1,33,1,1,0
5,28,10,2006,3,1,1,2,2,1,1,1,1,1,1,5,1,1,10,7,1,1,33,1,1,0
9,64,12,2006,3,1,1,2,2,1,1,1,1,1,1,5,1,1,14,6,1,1,23,2,2,0
4,64,1,2006,2,4,2,2,2,1,1,1,1,1,1,5,1,1,9,5,1,1,0,2,2,0
4,64,2,2006,3,2,2,2,2,1,1,1,1,1,1,5,1,1,9,5,1,1,0,2,2,1
4,64,3,2006,1,2,2,2,2,1,2,1,1,1,1,5,1,1,9,5,1,1,0,2,2,0
4,64,3,2006,1,2,2,2,2,1,2,1,1,1,1,5,1,1,9,5,1,1,0,2,2,0
4,64,4,2006,3,2,2,2,2,1,1,1,1,1,1,5,1,1,9,5,1,1,0,2,2,0
8,64,6,2006,4,7,8,2,2,1,3,1,1,1,2,5,1,1,14,6,1,7,0,2,2,3
8,64,7,2006,4,7,8,2,2,1,2,1,1,1,1,5,1,1,14,6,1,7,0,2,2,0
8,64,8,2006,4,7,8,2,1,3,4,1,1,1,2,5,1,1,9,6,1,6,0,1,2,0
8,64,9,2006,2,7,8,2,2,1,1,1,1,1,1,5,1,1,9,6,1,6,0,2,2,0
8,64,5,2006,4,4,8,2,2,1,3,1,1,1,1,5,1,1,9,6,1,7,0,1,2,0
8,64,11,2006,2,7,8,2,2,1,1,1,1,1,2,5,1,1,14,6,1,1,0,1,2,0
8,64,12,2006,2,7,8,2,2,1,1,1,1,1,2,5,1,1,14,6,1,6,0,1,2,0
10,64,1,2006,2,7,8,2,2,1,1,1,1,1,1,5,1,1,14,6,1,6,0,1,2,0
10,64,1,2006,1,2,8,2,2,1,4,1,1,1,1,5,1,1,14,6,1,1,0,1,2,0
10,64,2,2006,2,7,8,2,2,1,1,1,2,1,1,5,1,1,9,6,1,1,0,1,2,0
10,64,3,2006,1,7,8,2,2,1,3,1,1,1,1,5,1,1,14,6,1,1,0,1,2,0
10,64,6,2006,2,7,8,2,2,1,1,1,1,1,1,5,1,1,14,6,1,1,38,1,2,1
10,64,6,2006,2,7,8,2,2,1,1,1,1,1,1,5,1,1,9,6,1,7,25,1,2,1
10,64,7,2006,2,2,8,2,2,1,1,1,1,1,1,5,1,1,14,6,1,7,33,1,2,0
10,64,7,2006,4,7,8,2,2,1,4,1,1,1,1,5,1,1,14,7,1,7,45,1,2,0
6,64,1,2006,2,1,8,2,1,1,1,1,1,1,1,1,1,1,14,6,1,1,0,2,2,0
6,64,1,2006,3,2,4,2,1,1,1,1,1,1,1,1,1,1,9,6,1,7,0,1,2,0
6,64,4,2006,4,2,4,2,1,1,3,1,1,1,1,1,1,1,14,6,1,6,0,2,2,0
6,64,6,2006,2,1,1,2,1,2,1,1,1,1,1,1,1,1,9,6,1,7,0,2,2,0
12,64,9,2006,3,7,1,2,2,1,1,3,1,1,2,3,4,1,14,6,1,1,28,2,2,0
12,64,10,2006,2,7,7,1,2,1,1,1,1,1,1,2,1,1,11,6,1,7,25,2,2,0
3,64,4,2006,3,7,3,2,2,1,1,1,1,1,1,1,1,1,14,6,2,6,29,1,2,0
3,64,5,2006,2,5,1,2,1,1,1,1,1,1,1,1,1,1,14,4,1,7,45,1,2,2
3,64,9,2006,3,1,1,2,2,2,1,1,2,1,1,5,1,1,14,6,1,1,0,2,2,0
5,64,6,2006,3,1,1,2,1,1,1,1,1,1,1,1,1,1,9,2,1,1,0,2,2,0
5,64,8,2006,4,1,1,2,1,1,4,1,1,1,1,5,1,1,14,6,1,7,35,2,2,0
5,64,10,2006,2,2,4,2,1,1,1,1,1,1,1,5,1,1,14,1,1,7,0,2,2,0
5,64,11,2006,4,3,1,1,2,1,2,1,1,1,1,1,1,1,12,11,1,7,25,2,2,0
5,64,10,2006,2,1,1,1,1,1,1,1,1,1,1,5,1,1,9,6,1,1,0,2,2,0
5,64,11,2006,2,1,1,2,1,1,1,1,1,1,1,1,1,1,14,6,1,7,42,2,2,0
5,64,11,2006,2,1,1,1,1,1,1,1,1,1,1,1,1,1,14,6,1,7,35,2,2,1
5,64,12,2006,4,1,1,1,2,1,2,1,1,1,1,1,1,1,9,6,1,7,0,2,2,0
5,64,12,2006,2,1,1,2,2,1,1,1,1,1,1,1,1,1,14,6,1,7,0,2,2,0
7,64,3,2006,3,1,8,2,2,1,1,1,1,1,1,5,1,1,9,6,1,7,0,2,2,0
7,64,3,2006,4,1,6,2,2,1,3,3,1,1,1,1,1,1,8,6,1,7,0,2,2,0
7,64,4,2006,2,1,1,1,1,1,1,1,1,1,1,5,1,1,14,6,1,7,0,2,2,0
7,64,7,2006,4,5,4,2,2,1,4,1,1,1,1,5,1,1,14,3,1,1,0,2,2,0
7,64,8,2006,3,2,6,1,1,1,1,1,1,1,1,1,1,1,8,6,1,7,0,2,2,0
7,64,8,2006,2,2,1,1,1,1,1,1,1,1,1,5,1,1,14,6,1,7,35,2,2,0
4,64,7,2006,2,2,2,2,2,1,1,1,1,1,1,5,1,1,9,5,1,1,30,2,2,1
4,64,9,2006,4,2,2,2,2,1,4,1,1,1,1,5,1,1,9,5,1,1,0,2,2,0
4,64,10,2006,3,1,1,2,2,1,1,1,1,1,1,5,1,1,9,5,1,1,20,2,2,0
4,64,11,2006,2,1,4,2,2,1,1,1,1,1,1,5,1,1,9,5,1,1,25,2,2,0
4,64,1,2006,3,2,2,2,2,1,1,1,1,1,1,5,1,1,9,5,1,1,0,2,2,0
1,64,7,2006,3,2,1,2,2,1,1,1,1,1,1,5,1,1,8,6,1,7,0,2,2,0
1,64,8,2006,1,7,1,1,2,1,2,1,1,1,1,5,1,1,14,6,1,7,0,2,2,0
2,64,2,2006,3,7,1,2,2,1,1,2,1,1,1,2,1,1,14,8,1,1,0,2,2,0