Thana,District,Month,Year,Time,Junction_Type,Traffic_Control,Movement,Divider,Weather,Light,Road_Geometry,Surface_Condition,Surface_Type,Surface_Quality,Road_Class,Road_Feature,Location_Type,Vehicle_Type,Vehicle_Movement,Vehicle_Loading,Vehicle_Defect,Vehicle_Driver_Age,Vehicle_Alcohol,Vehicle_Seat_Belt,Accident_Severity
2,64,5,2006,3,7,1,1,1,1,1,1,1,1,1,1,1,1,14,6,1,7,0,2,2,0
2,64,10,2006,2,5,1,2,2,1,1,4,1,1,1,1,1,1,8,6,1,7,0,2,2,0
2,64,10,2006,3,1,1,1,2,1,1,1,1,1,1,1,1,1,14,6,1,7,0,2,2,0
2,64,11,2006,4,2,1,2,1,1,3,2,5,1,1,5,1,1,9,3,1,7,0,2,2,0
11,64,2,2006,2,7,8,2,1,1,1,1,1,1,1,5,1,1,10,6,1,1,17,1,2,0
11,64,4,2006,3,7,3,2,1,1,1,1,1,1,1,5,1,1,14,6,1,1,30,1,2,0
11,64,4,2006,2,7,1,2,2,1,1,1,1,1,1,5,1,1,9,6,1,1,30,1,2,1
11,64,4,2006,3,7,1,2,2,1,1,1,1,1,1,5,1,1,10,6,1,1,28,1,2,0
11,64,5,2006,4,7,1,1,2,1,3,1,1,1,1,5,1,1,7,6,1,7,26,1,2,0
11,64,5,2006,3,7,1,1,2,1,1,1,1,1,1,5,1,1,14,7,1,1,50,1,2,0
11,64,5,2006,3,7,1,2,1,1,1,1,1,1,1,5,1,1,9,6,1,7,0,1,2,0
11,64,5,2006,3,7,1,1,2,1,1,1,1,1,1,5,1,1,14,11,1,7,0,1,2,0
11,64,8,2006,3,7,1,1,2,1,1,1,1,1,1,5,1,1,14,6,1,1,38,1,2,0
11,64,10,2006,4,7,1,2,1,1,3,1,1,1,1,5,1,1,19,6,1,1,35,1,2,1
2,64,4,2006,2,1,1,2,1,1,1,1,1,1,1,5,1,1,9,6,1,7,38,2,2,0
2,64,5,2006,2,7,1,2,2,1,2,1,1,1,1,5,1,1,19,6,1,7,0,1,2,0
2,64,9,2006,3,2,1,2,2,1,1,1,1,1,1,2,1,1,8,6,1,1,45,2,2,0
2,64,10,2006,2,1,1,2,2,1,1,2,1,1,1,5,1,1,7,11,1,1,29,2,2,1
2,64,11,2006,4,1,1,1,1,1,2,1,1,1,1,5,1,1,14,6,1,7,45,2,2,0
2,64,12,2006,3,7,8,2,2,1,1,1,1,1,1,2,1,1,14,6,1,7,0,2,2,0
2,64,12,2006,3,4,3,2,2,1,1,1,1,1,1,1,1,1,14,6,1,7,0,2,2,0
2,64,12,2006,3,1,1,1,1,1,1,1,1,1,1,2,1,1,14,6,2,7,0,2,2,0
2,64,1,2006,2,2,1,2,1,1,1,1,1,1,1,5,1,1,9,6,1,1,33,2,2,0
2,64,1,2006,1,2,1,2,1,1,3,1,1,1,1,5,1,1,16,6,1,1,33,2,2,0
2,64,6,2006,5,3,1,2,2,1,1,1,1,1,1,5,1,1,15,6,1,1,33,2,2,0
2,64,3,2006,3,3,1,2,2,1,1,1,1,1,1,5,1,1,14,6,1,1,25,2,2,0
2,64,2,2006,4,2,1,2,1,1,2,1,1,1,1,5,1,1,9,1,1,1,33,2,2,1
2,64,1,2006,2,3,3,1,1,1,1,2,1,1,1,5,1,1,14,6,1,5,21,2,2,0
1,27,2,2007,3,1,1,1,1,1,1,1,1,1,1,4,1,2,8,6,2,1,33,1,2,0
1,27,2,2007,4,1,1,2,2,1,4,1,5,1,1,4,1,2,9,6,1,1,33,1,2,0
7,30,2,2007,3,7,1,2,2,1,1,1,1,1,1,4,1,2,8,6,1,1,27,2,2,1
4,32,2,2007,2,1,1,2,2,1,1,1,1,1,1,1,1,2,9,6,1,1,27,2,2,0
4,32,3,2007,3,1,1,2,2,1,1,1,1,1,1,4,1,2,19,6,2,6,33,2,2,0
2,27,4,2007,2,2,1,2,2,1,1,1,1,1,1,1,1,1,9,11,1,7,33,2,2,0
2,27,4,2007,3,2,1,2,2,1,1,1,1,1,1,2,1,2,4,6,2,7,33,1,2,0
2,27,8,2007,3,1,1,2,2,1,1,1,1,1,1,2,1,2,8,6,1,7,33,1,2,0
6,34,4,2007,2,7,1,2,2,1,1,1,1,1,1,1,1,2,9,6,1,1,33,2,2,3
6,34,6,2007,1,7,1,2,2,1,3,2,1,1,1,1,1,2,13,6,1,1,35,2,2,0
10,34,3,2007,2,7,1,2,2,1,1,2,1,1,1,1,1,2,14,6,1,1,30,2,2,0
9,34,4,2007,3,3,8,2,2,1,1,3,1,2,2,4,1,2,6,6,1,1,33,2,2,0
9,34,5,2007,2,3,1,2,2,2,1,1,2,2,3,2,1,2,3,6,1,1,33,2,2,0
7,34,2,2007,3,1,1,2,2,1,1,1,1,1,1,4,1,2,19,6,2,1,32,2,2,0
8,34,6,2007,3,3,1,2,2,1,1,1,1,2,2,4,1,2,19,6,1,1,33,2,2,0
2,34,1,2007,2,1,1,2,2,4,2,1,1,1,1,4,1,2,14,6,1,1,33,1,2,0
4,34,3,2007,1,1,1,2,2,1,1,1,1,1,1,1,1,2,14,6,1,1,30,1,2,0
4,34,4,2007,2,7,1,2,2,1,1,2,1,1,1,1,1,1,9,6,1,1,33,2,2,1
4,34,4,2007,2,1,1,2,2,1,1,1,1,1,1,1,1,2,9,6,1,1,33,2,2,0
4,34,5,2007,3,1,1,2,2,1,1,1,1,1,1,1,1,2,19,1,2,7,45,1,2,0
4,33,1,2007,3,1,1,2,2,1,1,1,1,1,1,4,1,2,9,6,1,1,33,1,2,0
5,33,4,2007,3,1,1,2,2,1,1,1,1,1,1,3,1,2,13,6,1,1,33,1,2,0
3,33,5,2007,4,1,1,2,2,1,4,1,1,1,1,3,1,2,19,1,1,1,33,1,2,0
1,33,2,2007,4,1,1,2,2,1,4,4,1,1,2,2,1,2,19,6,1,6,33,2,2,0
1,33,3,2007,4,3,3,2,2,1,4,1,1,1,1,4,1,2,4,7,1,1,33,2,1,0
1,33,5,2007,3,1,1,2,2,1,1,1,1,1,1,3,1,2,14,3,1,1,33,1,2,0
1,33,6,2007,3,3,1,2,2,1,1,1,1,1,1,3,1,2,9,6,1,7,33,2,2,0
1,33,6,2007,2,1,1,2,2,2,2,1,2,1,1,2,1,2,14,11,1,1,31,2,2,0
1,33,7,2007,3,1,3,2,2,1,1,1,1,1,1,2,1,2,14,6,1,1,33,1,2,0
2,27,5,2007,4,1,1,2,2,1,4,1,1,1,1,4,1,2,9,6,1,1,35,1,2,0
2,27,7,2007,4,1,1,2,2,1,2,1,1,1,1,4,2,2,9,6,1,1,33,2,2,0
5,27,6,2007,4,1,1,2,2,1,2,1,3,1,1,2,1,2,4,6,1,1,28,1,2,0
4,27,7,2007,2,1,1,2,2,1,1,1,1,1,1,4,1,2,8,11,1,7,33,1,2,1
3,27,7,2007,3,1,3,2,2,2,1,1,1,1,1,3,1,2,6,6,1,7,30,2,2,0
3,27,5,2007,2,1,1,2,2,1,1,1,1,1,1,3,1,2,4,6,1,3,32,1,2,0
3,32,3,2007,2,3,1,2,2,1,1,1,1,1,1,1,1,2,8,6,1,1,33,2,2,0
2,32,6,2007,2,1,1,2,2,1,1,1,1,1,1,3,1,2,9,6,1,1,33,1,2,0
3,32,8,2007,4,1,1,2,2,1,1,1,1,1,1,4,1,2,4,6,1,1,33,2,1,0
3,31,3,2007,3,1,1,2,2,1,1,1,1,1,1,3,1,2,9,6,1,1,25,2,2,0
2,31,5,2007,4,1,1,2,2,1,2,1,1,1,1,3,2,2,9,2,1,1,43,2,2,0
2,31,5,2007,3,1,1,2,2,2,1,1,2,1,2,3,3,2,9,2,1,1,35,2,2,1
2,31,6,2007,3,2,1,2,2,2,1,2,2,1,1,3,1,1,9,3,1,1,33,2,2,0
4,31,1,2007,2,1,1,2,2,1,1,1,1,1,1,3,1,2,4,6,1,1,33,1,2,0
4,31,2,2007,3,1,1,2,2,1,4,1,1,2,1,4,1,2,4,6,1,1,33,2,1,0
4,31,2,2007,4,7,1,2,2,1,2,1,1,1,1,3,1,2,4,6,1,1,33,2,2,0
4,31,3,2007,2,1,1,2,2,1,2,1,1,1,1,3,1,1,9,6,1,1,33,2,2,0
4,31,4,2007,2,7,1,2,2,1,1,1,1,1,1,3,1,1,4,6,1,1,30,1,2,0
4,30,8,2007,2,1,1,2,2,1,1,1,1,1,1,4,1,1,4,6,1,1,33,2,1,0
7,30,3,2007,3,7,1,2,2,1,1,1,1,1,1,4,1,2,8,6,1,1,25,2,2,1
2,30,1,2007,3,2,8,2,2,1,1,1,1,1,1,4,1,2,19,6,2,7,40,2,2,0
2,30,8,2007,4,3,1,2,2,1,2,1,1,1,1,4,1,2,9,6,1,1,37,2,2,1
1,30,1,2007,2,1,1,2,2,4,1,1,1,1,1,3,1,2,12,6,1,1,33,2,2,0
1,30,2,2007,3,1,1,2,2,1,1,1,1,1,1,3,1,2,4,6,1,1,28,2,2,0
1,30,3,2007,3,1,3,2,2,1,1,1,1,1,1,2,1,2,9,6,1,1,33,2,2,0
1,30,3,2007,1,1,1,2,2,1,2,1,1,1,1,1,1,2,9,6,1,1,33,2,2,0
1,30,3,2007,2,1,1,2,2,1,1,1,1,1,1,1,1,2,9,6,1,1,40,2,2,0
1,30,4,2007,3,5,4,2,2,1,1,2,1,1,1,2,1,1,9,6,1,1,40,2,2,0
1,30,5,2007,2,1,3,2,2,1,1,1,1,1,2,4,1,2,4,6,1,1,33,2,1,0
4,34,5,2007,2,1,1,2,2,1,1,1,1,1,1,4,1,2,13,11,1,1,27,1,2,0
4,34,8,2007,3,7,1,2,2,1,1,1,2,1,1,1,1,2,9,6,1,1,33,2,2,1
2,27,1,2007,2,3,1,2,2,1,1,1,1,1,1,2,1,2,8,7,1,1,33,2,2,0
2,27,10,2007,2,4,1,2,2,1,1,1,1,1,1,3,1,2,8,6,1,1,33,1,2,0
1,27,10,2007,3,1,1,2,2,1,1,1,1,2,3,4,1,2,4,6,1,1,33,2,2,1
1,30,12,2007,2,2,1,2,2,1,1,1,1,1,1,1,1,1,9,2,1,1,35,2,2,0
2,30,11,2007,3,1,3,2,2,1,1,1,1,1,1,4,1,1,4,6,1,1,33,2,2,1
5,30,9,2007,3,4,1,2,2,2,1,1,2,1,1,4,1,2,6,6,1,1,25,2,2,0
6,30,9,2007,2,1,1,2,2,2,1,1,2,1,1,4,1,2,4,6,1,1,32,2,2,0
1,30,11,2007,3,1,1,2,2,1,1,1,1,1,1,1,1,1,9,6,1,1,35,2,2,0
1,30,11,2007,2,7,1,2,2,1,1,1,1,1,1,1,1,2,9,6,1,1,42,2,2,1
8,31,9,2007,4,3,8,2,2,1,3,1,1,1,1,2,1,1,9,6,1,7,33,2,2,0
2,31,10,2007,3,1,1,2,2,1,1,4,1,1,1,4,1,2,4,2,1,3,33,2,2,0
2,31,10,2007,2,3,1,2,2,1,1,4,1,1,1,4,1,2,6,6,1,3,26,2,2,0
4,31,10,2007,2,1,1,2,2,1,1,1,1,1,1,3,1,2,4,6,1,1,33,2,2,0
4,31,12,2007,3,1,1,2,2,1,1,1,1,1,1,4,1,2,19,2,2,7,35,2,2,0
2,32,11,2007,2,1,1,2,2,1,1,1,1,1,1,4,1,2,4,4,2,7,33,2,2,0
3,32,12,2007,1,1,1,2,2,1,1,1,1,1,1,2,1,2,14,6,1,1,33,1,2,0
3,32,12,2007,2,1,1,2,2,1,1,1,1,1,1,4,1,2,9,6,1,1,45,2,2,0
3,32,12,2007,1,3,1,2,2,4,2,1,1,1,1,2,1,2,14,6,1,1,33,1,2,0
5,33,10,2007,2,1,1,2,2,1,1,1,1,1,1,3,1,2,9,6,1,5,33,2,2,0
2,33,12,2007,1,1,1,2,2,1,1,2,1,1,1,4,1,2,6,6,1,1,33,2,2,1
2,33,10,2007,2,1,1,2,2,1,1,1,1,1,2,4,1,2,9,6,1,1,33,2,2,0
1,33,11,2007,3,4,3,2,2,1,2,1,1,1,1,2,1,2,4,6,1,1,33,2,1,0
1,33,12,2007,3,1,1,2,2,1,1,1,1,1,1,2,1,2,9,11,1,1,35,2,2,0
3,33,9,2007,4,1,1,2,2,1,4,1,1,1,1,4,1,2,6,6,1,1,33,2,2,0
3,33,10,2007,3,7,8,2,2,1,1,3,1,1,2,3,1,2,17,6,2,7,33,2,2,0
3,33,11,2007,3,1,1,2,2,1,1,1,1,1,2,4,1,2,8,6,1,1,40,2,2,0
2,34,10,2007,3,7,1,2,2,1,1,1,1,1,1,3,1,2,9,6,1,1,33,1,2,0
6,34,11,2007,2,1,1,2,2,1,1,1,1,1,1,1,1,2,4,6,1,1,42,2,2,0
6,34,11,2007,3,1,1,2,2,1,1,1,1,1,1,1,1,2,9,6,1,1,33,2,2,0
4,34,9,2007,3,7,1,2,2,1,1,2,1,1,1,1,1,2,9,6,1,1,33,2,2,0
4,34,10,2007,4,1,1,2,2,1,2,2,1,1,1,1,1,2,8,2,1,1,33,2,2,1
3,34,10,2007,1,1,1,2,2,1,2,1,1,1,1,1,1,2,9,6,1,1,33,2,2,1
3,34,12,2007,2,3,3,2,2,1,1,1,1,1,1,1,1,2,9,6,1,1,33,2,2,1
10,34,10,2007,1,1,1,2,2,1,2,1,1,1,1,1,5,2,9,6,1,7,33,2,2,0
1,64,8,2007,3,3,3,2,2,1,1,2,1,1,1,5,1,1,14,1,1,1,35,1,2,0
1,64,9,2007,4,3,8,1,2,1,1,1,1,1,1,5,1,1,10,2,1,7,33,1,2,0
1,64,9,2007,5,7,8,1,2,1,1,1,1,1,1,5,1,1,10,6,1,1,33,1,2,0
2,64,3,2007,2,1,1,1,2,1,1,1,1,1,1,5,1,1,19,6,1,1,33,2,2,0
2,64,4,2007,4,1,8,2,2,1,1,1,1,1,1,5,1,1,15,6,1,1,33,2,2,0
2,64,4,2007,4,7,3,1,2,1,3,1,1,1,1,5,1,1,9,6,1,1,33,2,2,0
2,64,6,2007,3,1,8,1,2,1,1,1,1,1,1,5,1,1,12,6,1,1,33,2,2,0
2,64,6,2007,1,7,2,2,1,1,2,1,1,1,1,5,1,1,10,6,1,1,33,2,2,0
2,64,8,2007,2,7,8,2,2,1,1,1,1,1,1,5,1,1,8,5,1,1,33,2,2,0
2,64,8,2007,3,1,5,1,1,1,1,1,1,1,1,5,1,1,15,6,1,1,33,2,2,0
2,64,9,2007,3,1,8,1,1,1,1,1,1,1,1,5,1,1,14,6,1,1,33,2,2,0
3,64,2,2007,2,1,1,1,2,1,1,1,1,1,1,2,1,1,14,6,1,1,33,2,2,0
3,64,4,2007,3,1,1,2,1,1,3,1,1,1,1,5,1,1,14,6,1,7,33,2,2,0
3,64,5,2007,4,2,1,2,1,1,3,1,1,1,2,5,1,1,5,6,1,6,33,2,2,0
3,64,6,2007,3,7,8,1,2,1,1,1,1,1,1,5,1,1,9,6,1,1,27,2,2,0
3,64,7,2007,4,1,1,2,1,1,4,1,1,1,1,5,1,1,19,6,1,1,33,2,2,0
3,64,7,2007,3,7,1,2,2,1,1,2,1,3,2,4,1,1,7,2,1,1,28,2,2,0
4,64,3,2007,3,7,1,2,2,1,1,2,1,2,1,5,1,1,10,6,1,1,33,2,2,0
4,64,7,2007,4,1,1,1,1,1,2,1,1,1,1,1,1,1,10,6,1,1,33,2,2,0
4,64,8,2007,4,1,1,2,2,1,1,1,1,1,1,5,1,1,10,6,1,2,33,2,2,0
4,64,8,2007,4,7,8,1,1,1,1,1,1,1,1,5,1,1,14,6,1,1,33,1,2,0
5,64,4,2007,4,1,1,1,2,1,3,1,1,1,1,5,1,1,14,6,1,7,33,2,2,0
5,64,4,2007,3,1,8,1,2,1,1,1,1,1,1,5,1,1,9,6,1,1,33,2,2,3
5,64,5,2007,4,3,1,2,2,2,3,2,2,1,2,1,1,1,7,2,1,1,28,2,2,0
5,64,6,2007,3,1,1,1,2,1,1,1,1,1,1,5,1,1,6,6,1,1,33,2,2,0
5,64,7,2007,2,1,1,1,2,1,1,1,1,1,1,5,1,1,14,6,1,7,33,2,2,0
6,64,4,2007,2,7,1,2,2,2,1,1,2,1,1,1,1,1,14,6,1,1,33,2,2,0
6,64,7,2007,4,1,8,1,1,1,2,1,1,1,1,5,1,1,9,6,1,1,33,2,2,0
7,64,1,2007,3,2,5,1,1,1,1,1,1,1,1,5,1,1,14,6,1,1,26,2,2,1
7,64,1,2007,3,1,1,2,2,1,1,1,1,1,1,5,1,1,9,6,1,1,33,2,2,0
7,64,2,2007,3,7,8,2,2,1,1,3,1,1,1,5,1,1,10,6,1,1,33,2,2,0
7,64,2,2007,4,7,8,2,2,1,3,1,1,1,1,5,1,1,10,6,1,1,33,2,2,0
7,64,2,2007,4,1,6,2,1,1,3,1,1,1,1,5,1,1,15,6,1,1,33,2,2,0
7,64,3,2007,3,1,6,2,2,1,1,1,1,1,1,5,1,1,14,6,1,1,33,2,2,0
7,64,7,2007,1,1,8,2,1,1,3,1,1,1,1,5,1,1,14,6,1,7,33,2,2,0
7,64,7,2007,4,1,8,2,1,1,3,1,1,1,1,5,1,1,14,6,1,1,33,2,2,0
7,64,7,2007,2,1,8,1,2,1,1,1,1,1,2,5,1,1,19,6,1,7,33,2,2,1
7,64,8,2007,3,1,6,2,1,1,1,1,1,1,1,5,1,1,19,1,1,7,33,2,2,0
9,64,2,2007,2,4,1,1,2,1,2,1,1,1,1,5,1,1,8,2,1,7,33,2,2,0
9,64,2,2007,2,2,1,2,2,1,2,1,1,1,1,5,1,1,8,6,1,1,33,2,2,0
9,64,5,2007,3,3,1,1,1,1,1,1,1,1,1,5,1,1,8,6,1,1,33,2,2,0
10,64,1,2007,3,1,8,2,2,1,1,1,1,1,1,5,1,1,9,6,1,1,33,2,2,0
10,64,4,2007,2,1,8,1,2,1,1,1,1,1,1,5,1,1,14,6,1,1,33,2,2,0
10,64,8,2007,2,1,8,2,2,1,1,1,1,1,1,5,1,1,14,6,1,7,33,2,2,0
12,64,2,2007,2,1,1,2,2,1,1,1,1,1,1,1,1,1,8,11,1,1,32,2,2,0
12,64,7,2007,3,7,8,1,2,1,1,1,1,1,1,1,1,1,11,11,1,1,33,2,2,0
11,64,1,2007,3,7,1,2,2,1,1,1,1,1,1,5,1,1,14,11,1,7,30,1,2,0
11,64,2,2007,2,7,1,1,2,1,1,1,1,1,1,5,1,1,9,6,1,7,35,1,2,3
11,64,6,2007,3,7,1,2,2,1,1,1,1,1,1,5,1,1,9,6,1,7,40,1,2,3
11,64,8,2007,4,1,8,2,2,2,3,1,1,1,1,5,1,1,10,6,1,1,33,1,2,0
9,64,10,2007,4,1,3,2,1,1,3,1,1,1,1,5,1,1,10,6,1,7,33,1,1,0
12,64,9,2007,2,1,1,1,2,1,1,1,1,1,1,5,1,2,11,6,1,7,40,1,2,0
12,64,10,2007,3,7,1,1,2,1,1,1,1,1,1,1,1,1,14,6,1,1,33,1,2,3
12,64,11,2007,4,1,1,1,2,1,3,1,1,1,1,1,1,1,6,6,1,7,33,1,2,0
3,64,12,2007,2,1,8,1,2,1,1,1,1,1,1,5,1,1,9,5,1,1,33,1,2,0
10,64,9,2007,3,7,8,1,2,1,1,1,1,1,1,5,1,1,13,6,1,1,24,1,2,0
11,64,9,2007,2,7,8,1,2,1,1,1,1,1,1,5,1,1,14,6,1,1,33,2,2,0
11,64,9,2007,3,3,1,2,1,1,1,1,1,1,1,5,1,1,14,6,1,1,32,1,2,0
5,64,9,2007,2,1,1,1,2,1,1,1,1,1,1,5,1,1,14,6,1,1,33,1,2,3
5,64,9,2007,4,1,1,1,2,1,1,1,1,1,1,5,1,1,9,6,1,1,33,1,2,0
5,64,9,2007,2,1,1,1,2,1,1,1,1,1,1,5,1,1,10,6,1,1,33,1,2,0
5,64,9,2007,3,1,1,1,2,1,1,1,1,1,1,5,1,1,14,6,1,1,33,1,2,0
5,64,10,2007,2,1,1,1,2,1,1,1,1,1,1,5,1,1,9,6,1,1,33,1,2,1
5,64,12,2007,3,1,1,1,2,1,1,1,1,1,1,5,1,1,14,6,1,1,33,1,2,1
7,64,9,2007,4,2,6,1,1,1,3,1,1,1,1,5,1,1,6,6,1,7,25,2,2,0
7,64,9,2007,4,2,6,1,1,1,2,1,1,1,1,5,1,1,14,6,1,1,33,1,2,0
7,64,10,2007,1,2,6,1,1,1,3,1,1,1,1,5,1,1,14,6,1,7,33,1,2,0
7,64,10,2007,3,2,6,1,1,1,1,1,1,1,1,5,1,1,8,6,1,7,30,1,2,1
7,64,11,2007,2,2,6,1,1,1,1,1,1,1,1,5,1,1,19,6,1,7,33,1,2,0
7,64,12,2007,3,2,1,2,2,1,1,1,1,1,1,5,1,1,6,6,1,7,33,2,2,0
7,64,7,2007,4,2,6,1,1,1,2,1,1,1,1,5,1,1,19,11,1,7,33,1,2,0
8,64,4,2007,2,1,8,1,2,1,1,1,1,1,1,5,1,1,19,6,1,1,33,1,2,0
8,64,9,2007,4,7,8,2,2,1,2,1,1,1,1,5,1,1,10,6,1,1,33,1,2,0
8,64,12,2007,4,2,8,2,2,1,1,1,1,1,1,5,1,1,10,6,1,1,33,1,2,0
2,64,10,2007,3,1,1,1,2,1,1,1,1,1,1,5,1,1,9,6,1,1,33,1,2,3
2,64,10,2007,3,1,8,1,2,1,1,1,1,1,1,5,1,1,9,6,1,1,33,1,2,0
2,64,11,2007,1,1,6,1,2,4,3,1,1,1,1,5,1,1,10,6,1,1,33,1,2,0
2,64,11,2007,3,1,8,1,2,1,1,1,1,1,1,5,1,1,14,10,1,1,33,2,2,0
2,64,11,2007,2,1,1,2,1,1,1,1,1,1,1,5,1,1,8,6,1,1,33,1,2,0
2,64,12,2007,1,7,8,1,2,4,2,1,1,1,1,5,1,1,14,10,1,1,33,2,2,0
1,64,10,2007,3,1,3,1,2,1,1,1,1,1,1,5,1,1,10,6,1,1,33,1,2,0
1,64,10,2007,4,2,8,1,2,1,3,1,1,1,1,5,1,1,5,6,1,1,33,1,2,0
1,64,12,2007,4,7,8,1,1,1,3,1,1,1,1,5,1,1,8,6,1,1,33,2,2,0
4,64,3,2007,2,1,2,2,2,1,1,1,1,1,1,5,1,1,19,6,1,1,25,2,2,0
4,64,4,2007,4,1,2,2,1,1,2,1,1,1,1,5,1,1,14,6,1,1,33,1,2,0
4,64,5,2007,3,2,2,2,1,1,1,1,1,1,1,5,1,1,4,6,1,1,33,2,2,0
4,64,7,2007,4,1,2,2,2,1,4,1,1,1,1,5,1,1,10,6,1,1,33,1,2,0
4,64,7,2007,2,1,1,2,2,1,1,1,1,1,1,5,1,1,14,6,1,1,33,1,2,0
4,64,10,2007,4,1,2,2,1,1,2,1,1,1,1,5,1,1,10,6,1,1,33,1,2,0
4,64,1,2007,3,1,2,1,1,1,1,1,1,1,1,5,1,1,6,6,1,1,33,1,2,0
4,64,11,2007,4,1,1,2,2,1,4,1,1,1,1,5,1,1,14,6,1,1,33,1,2,0
4,64,5,2007,2,1,1,2,2,1,1,1,1,1,1,5,1,1,10,6,1,1,33,1,2,0
1,64,1,2007,4,1,8,2,2,1,3,1,1,1,1,5,1,1,14,6,1,1,33,1,2,0
1,64,2,2007,4,5,3,2,2,1,3,1,1,1,1,5,1,1,14,6,1,1,33,1,2,1
1,64,3,2007,2,7,1,2,2,1,1,3,1,1,1,5,1,1,14,6,1,1,33,1,2,0
1,64,8,2007,2,2,4,2,1,1,1,3,1,1,1,3,1,1,13,6,1,1,30,1,2,0
3,64,10,2007,3,7,8,1,2,1,1,1,1,1,1,5,1,1,14,6,1,1,33,1,2,0
2,64,10,2007,3,1,8,1,2,1,1,1,1,1,1,5,1,1,9,6,1,1,33,1,2,0
2,64,5,2007,3,1,1,2,2,1,1,1,1,1,1,5,1,1,1,8,1,1,24,2,2,0
2,64,7,2007,2,1,1,2,2,1,1,1,1,1,1,2,1,1,9,6,1,1,35,2,2,0
2,64,2,2007,2,1,1,2,1,1,1,1,1,1,1,5,1,1,14,6,1,1,33,2,2,0
2,64,3,2007,1,1,1,1,1,1,1,1,1,1,1,5,1,1,9,6,1,1,33,2,2,0
2,64,3,2007,4,1,1,2,2,1,1,1,1,1,1,5,1,1,14,6,1,1,33,2,2,0
2,64,3,2007,4,1,1,2,2,1,3,1,1,1,1,5,1,1,14,6,1,1,33,2,2,0
4,64,6,2007,4,2,2,2,2,1,3,2,1,1,1,1,5,1,4,6,1,1,33,2,2,0
2,64,5,2007,3,1,3,2,2,1,1,1,1,1,1,5,1,1,14,6,1,1,33,2,2,0
2,64,5,2007,4,2,8,1,2,1,1,1,1,1,1,5,1,1,14,6,1,1,33,2,2,0
2,64,6,2007,1,2,3,1,2,1,1,1,1,1,1,5,1,1,14,6,1,1,33,2,2,0
2,64,1,2007,3,1,1,2,2,1,1,1,1,1,1,5,1,1,14,6,1,1,33,2,2,0
2,64,1,2007,3,1,1,2,2,1,1,1,1,1,1,5,1,1,5,6,1,1,33,2,2,0
2,64,4,2007,4,1,1,2,2,1,3,1,1,1,1,5,1,1,14,6,1,1,33,2,2,0
2,64,2,2007,2,1,1,2,2,1,1,1,1,1,1,5,1,1,1,6,1,1,33,2,2,0
12,64,1,2007,2,1,1,2,2,1,1,1,1,1,1,1,1,2,14,6,1,1,33,2,2,0
1,61,1,2007,3,1,1,2,2,1,1,1,1,1,1,1,1,2,14,6,1,1,18,2,2,0
1,61,1,2007,4,2,1,2,2,1,3,1,1,1,1,1,1,2,9,6,1,1,33,1,2,1
1,61,1,2007,3,1,8,2,2,1,1,1,1,1,1,4,1,2,12,6,1,1,33,2,2,0
4,66,2,2007,1,7,1,1,2,4,4,5,1,3,2,4,4,2,11,7,1,2,32,1,2,0
1,66,2,2007,3,1,1,1,2,1,1,1,1,1,1,3,1,2,9,4,1,2,25,2,2,0
7,66,2,2007,2,1,1,1,1,1,3,1,1,2,3,4,1,2,14,6,2,1,33,2,2,0
1,66,7,2007,2,7,1,2,2,1,1,1,1,1,1,2,1,1,14,6,1,2,18,2,2,1
9,66,6,2007,2,1,8,2,2,2,1,1,2,2,3,4,1,2,17,11,2,7,30,2,2,0
4,66,6,2007,3,7,1,2,2,2,1,2,2,1,1,1,1,2,11,1,1,1,31,2,2,1
7,66,6,2007,2,7,8,2,2,1,1,4,1,2,1,4,1,2,11,6,1,7,33,2,2,1
7,66,7,2007,2,6,8,2,1,2,1,2,3,1,3,4,3,2,9,11,1,7,33,2,2,1
8,66,6,2007,3,1,1,2,2,1,2,3,1,1,1,1,1,2,9,6,1,1,50,2,1,0
2,66,4,2007,2,2,2,2,1,1,1,1,1,1,1,4,1,2,11,1,1,1,33,2,2,0
3,61,4,2007,3,1,1,2,2,1,1,1,1,1,1,1,1,2,6,6,1,7,33,2,2,1
4,61,3,2007,3,1,1,2,2,1,1,3,1,3,1,4,1,2,17,6,1,1,20,2,2,0
2,61,2,2007,1,1,1,2,2,1,2,1,1,1,1,1,1,2,9,6,1,1,35,1,2,0
2,61,3,2007,3,1,1,2,2,1,1,1,1,1,1,1,1,1,9,6,2,1,29,1,2,1
2,61,3,2007,2,7,1,2,2,1,1,1,1,1,1,4,1,2,5,11,1,1,33,2,2,1
2,61,4,2007,2,7,8,2,2,1,1,1,1,1,1,4,1,1,10,5,1,1,40,2,2,0
1,61,2,2007,3,7,8,1,2,1,1,1,1,1,1,1,1,1,14,6,1,7,33,1,0,1
1,61,3,2007,4,1,1,2,2,1,4,1,1,1,1,1,1,1,10,6,1,1,33,2,2,0
1,61,4,2007,3,1,1,2,2,1,1,1,1,1,1,1,1,2,9,6,1,1,33,2,2,1
1,61,5,2007,3,2,2,2,2,1,1,1,1,1,1,1,1,1,9,1,1,2,45,2,2,0
10,63,1,2007,3,1,8,2,2,1,1,1,1,1,1,3,1,2,9,11,1,7,33,2,2,0