Thana,District,Month,Year,Time,Junction_Type,Traffic_Control,Movement,Divider,Weather,Light,Road_Geometry,Surface_Condition,Surface_Type,Surface_Quality,Road_Class,Road_Feature,Location_Type,Vehicle_Type,Vehicle_Movement,Vehicle_Loading,Vehicle_Defect,Vehicle_Driver_Age,Vehicle_Alcohol,Vehicle_Seat_Belt,Accident_Severity
10,63,1,2007,2,1,1,2,2,1,1,4,1,3,2,4,1,1,11,6,1,7,35,2,2,0
14,63,1,2007,2,1,1,2,2,1,2,1,1,1,1,1,1,2,14,5,1,1,35,2,2,1
14,63,2,2007,1,1,1,2,2,1,4,1,1,1,1,1,1,2,14,5,1,1,48,2,2,0
14,63,3,2007,3,1,1,2,2,1,1,1,1,1,1,1,1,2,9,6,1,7,33,2,2,0
14,63,3,2007,1,1,1,2,2,1,1,1,1,1,1,1,1,2,10,6,1,1,33,2,2,0
14,63,3,2007,2,1,1,2,2,1,2,1,1,1,1,1,1,2,14,5,1,1,35,2,2,1
11,63,1,2007,2,1,1,2,2,1,1,2,1,1,1,1,1,1,9,6,1,1,26,2,2,1
1,62,1,2007,3,1,1,1,2,1,1,1,1,1,1,2,1,2,12,4,1,1,30,2,2,0
1,62,1,2007,4,3,1,2,2,1,4,1,1,1,1,2,1,2,19,6,1,7,33,2,2,0
1,62,1,2007,3,3,8,2,2,1,2,1,1,1,1,2,1,1,9,6,1,7,33,2,2,0
1,62,3,2007,3,1,1,2,2,1,1,1,1,1,1,4,1,2,12,6,1,7,33,2,2,0
1,62,3,2007,2,3,1,2,1,1,1,1,1,1,1,2,1,1,9,4,1,1,40,2,2,0
1,62,3,2007,1,1,1,2,2,1,4,1,1,1,1,2,1,1,8,6,1,7,30,2,2,0
1,62,3,2007,4,1,1,1,2,1,4,2,1,1,1,2,1,1,9,1,1,1,38,2,2,0
1,62,3,2007,3,1,1,2,2,1,1,1,1,1,1,2,1,2,9,6,1,1,33,2,2,0
1,62,3,2007,4,2,1,2,2,1,4,1,1,1,1,2,1,2,19,6,1,7,33,2,2,0
1,62,4,2007,2,1,1,2,2,1,1,1,1,1,1,2,1,2,8,6,1,2,33,1,0,0
1,62,4,2007,2,2,1,2,2,1,1,1,1,1,1,2,1,2,9,6,1,1,33,2,2,0
1,62,4,2007,3,1,1,2,2,1,1,1,1,1,1,2,1,2,12,6,1,2,34,2,2,0
1,62,4,2007,2,1,1,2,2,1,1,1,1,1,1,2,1,2,19,1,1,7,33,2,2,0
2,62,1,2007,2,1,1,2,2,1,1,1,1,1,1,4,1,2,17,6,1,7,33,1,2,0
4,62,2,2007,2,1,1,1,2,1,1,1,1,1,1,4,1,2,4,11,1,7,30,1,2,0
2,62,5,2007,2,4,1,2,1,1,2,1,1,1,1,3,1,2,12,4,1,7,33,2,2,1
4,62,3,2007,2,1,1,2,2,1,1,3,1,1,1,4,1,2,8,11,1,7,33,1,2,0
4,62,3,2007,3,1,1,2,2,1,1,1,1,1,1,4,1,2,9,11,1,7,33,2,2,1
4,62,4,2007,2,7,1,1,2,1,1,1,1,1,1,2,1,2,8,6,1,7,33,1,2,0
3,62,3,2007,1,2,1,2,2,1,1,1,1,1,1,2,1,2,12,6,1,2,38,2,0,1
3,62,4,2007,2,3,1,2,2,1,1,1,1,1,2,4,1,2,6,6,1,7,28,2,2,0
3,62,5,2007,2,1,1,2,2,1,1,1,1,1,1,2,1,2,9,6,1,7,40,2,2,0
1,67,3,2007,4,1,1,2,2,1,2,3,1,1,1,1,1,1,14,6,1,7,33,1,2,0
1,67,4,2007,3,1,1,2,2,1,1,1,1,1,1,1,1,1,14,6,2,2,33,2,2,1
4,67,5,2007,2,4,1,2,2,1,1,4,1,1,2,3,1,2,14,2,1,1,40,2,2,3
4,67,5,2007,4,7,1,2,2,1,1,1,1,1,1,3,1,2,7,6,1,7,33,2,2,0
2,67,3,2007,2,1,1,1,2,1,1,4,1,1,1,4,1,2,11,6,1,1,33,2,2,3
2,67,4,2007,2,7,1,1,2,1,1,2,1,1,1,3,1,1,11,1,2,1,35,2,2,0
7,67,3,2007,4,1,7,2,1,4,4,1,1,1,1,4,1,2,14,7,1,7,33,2,2,1
6,67,4,2007,2,1,1,2,2,1,1,4,1,1,1,3,1,2,14,6,1,1,50,2,2,0
5,63,2,2007,2,3,2,2,2,1,1,1,1,1,1,2,1,2,8,6,1,7,33,2,2,1
5,63,2,2007,4,1,1,2,2,1,3,1,1,1,1,2,1,2,13,6,1,7,33,2,2,0
6,63,3,2007,3,7,8,2,2,1,1,1,1,1,1,4,1,2,9,11,1,1,28,2,2,1
6,63,3,2007,2,3,8,2,2,1,1,1,1,1,1,1,1,2,14,4,1,7,39,2,2,3
4,63,1,2007,3,1,1,2,2,1,1,1,1,1,1,1,1,2,8,6,2,1,33,2,2,1
4,63,1,2007,3,1,1,2,2,1,1,1,1,1,1,1,1,2,10,6,1,1,26,2,1,1
4,63,3,2007,4,3,1,2,2,1,1,1,1,1,1,1,1,2,4,1,1,1,33,2,2,3
4,63,3,2007,3,3,1,2,2,1,1,1,1,1,1,1,1,2,14,6,1,1,33,2,2,0
1,63,1,2007,2,2,1,1,1,4,2,1,5,1,2,4,1,2,8,5,1,1,25,2,2,0
1,63,4,2007,4,1,1,2,2,1,4,1,1,1,2,3,1,2,5,6,1,1,33,2,2,1
2,63,2,2007,2,3,1,1,2,1,1,1,1,1,1,3,4,2,11,6,2,3,22,2,2,0
9,63,2,2007,1,7,3,2,2,1,4,1,1,1,1,1,1,1,9,6,1,1,33,2,2,0
9,63,2,2007,3,7,1,2,2,1,1,1,1,1,1,1,1,2,7,6,1,7,33,2,2,0
9,63,3,2007,2,7,1,2,2,1,1,2,1,1,1,1,1,2,14,2,1,1,28,2,2,1
9,63,3,2007,2,7,1,2,2,1,1,1,1,1,1,1,1,2,9,6,1,7,33,2,2,0
9,63,4,2007,2,7,1,2,2,1,1,1,1,1,1,1,1,2,8,6,1,1,39,2,2,0
9,63,4,2007,3,7,1,2,2,1,1,1,1,1,1,1,1,2,8,4,1,1,33,2,2,0
9,63,4,2007,3,7,3,2,2,1,1,1,1,1,1,1,1,2,7,6,1,2,25,2,2,0
13,63,1,2007,3,1,1,1,2,1,1,1,1,1,1,1,1,2,14,6,1,1,37,2,2,0
13,63,1,2007,2,3,1,1,2,4,2,1,1,1,1,1,1,2,13,6,1,1,21,2,2,0
7,63,1,2007,2,2,2,2,2,1,1,1,1,1,1,1,1,2,9,6,1,1,38,2,2,0
7,63,2,2007,2,1,1,2,2,1,1,1,1,1,1,1,1,2,8,6,1,1,30,2,2,3
7,63,3,2007,2,7,8,2,2,1,1,1,1,1,1,1,1,2,7,11,1,1,33,2,2,1
7,63,3,2007,2,1,8,2,2,1,1,1,1,1,1,1,1,2,14,6,1,1,33,2,2,1
7,63,3,2007,4,1,2,2,1,1,4,2,1,1,1,1,1,2,14,6,1,1,33,2,1,1
7,63,4,2007,3,1,1,1,2,1,1,1,1,1,1,1,1,2,11,6,1,2,25,2,2,0
7,63,4,2007,1,7,1,1,2,1,4,1,3,1,1,1,1,2,13,2,1,1,25,2,2,1
7,63,4,2007,4,1,2,2,2,1,2,1,1,1,1,1,1,1,10,6,1,2,33,1,0,0
7,63,4,2007,3,1,4,2,2,1,1,1,1,1,1,1,1,2,8,5,1,1,50,2,2,2
12,58,1,2007,2,7,1,1,2,1,1,3,1,1,2,3,1,2,12,6,1,1,40,1,2,0
12,58,3,2007,3,7,1,2,2,1,1,3,1,1,1,3,1,2,11,6,1,1,33,1,2,0
3,58,5,2007,3,7,8,2,2,1,1,1,1,1,1,4,1,2,12,5,1,7,27,2,2,0
4,58,3,2007,3,1,1,2,2,1,1,1,1,1,1,1,1,2,9,6,1,2,30,1,2,1
2,58,1,2007,2,1,1,2,1,1,1,1,1,1,1,1,1,1,7,6,1,1,30,2,2,0
6,58,1,2007,3,1,1,2,2,1,1,1,1,1,1,1,1,2,9,6,1,1,30,2,2,0
6,58,4,2007,3,2,1,2,1,1,1,1,1,1,1,1,1,1,14,6,1,1,45,2,2,0
7,58,1,2007,3,7,8,2,2,1,1,1,1,1,1,1,1,2,10,5,1,1,30,2,2,0
7,58,1,2007,2,1,1,2,2,1,2,1,1,1,1,1,1,2,9,1,1,1,33,2,2,0
7,58,1,2007,2,7,1,2,2,1,1,1,1,1,1,1,2,2,8,11,1,1,33,2,2,0
7,58,1,2007,3,1,8,2,2,1,1,1,1,1,1,1,1,2,10,6,1,2,33,1,0,0
7,58,3,2007,1,1,2,2,1,1,1,1,1,1,1,1,1,2,9,5,1,1,33,2,2,1
7,58,3,2007,3,3,1,2,2,1,1,1,1,1,1,1,1,2,14,6,1,1,25,2,2,1
7,58,4,2007,1,2,1,2,2,1,1,1,1,1,1,1,1,1,10,6,1,2,33,1,0,0
7,58,4,2007,2,1,1,2,2,1,1,1,1,1,1,3,1,2,9,6,1,1,33,2,2,0
7,58,5,2007,1,7,1,2,2,1,4,1,1,1,1,1,1,2,14,5,1,1,35,2,2,0
7,58,5,2007,2,1,1,2,2,1,1,1,1,1,1,1,1,1,8,6,1,3,33,2,2,0
7,58,5,2007,1,1,1,2,2,1,4,1,1,1,1,1,1,2,9,6,1,1,37,2,2,0
7,58,5,2007,3,1,1,2,2,1,1,1,2,1,1,1,1,2,9,5,1,1,33,2,2,1
8,63,1,2007,4,3,2,2,2,1,4,1,1,1,1,1,1,2,9,11,1,1,33,2,2,0
8,63,3,2007,3,7,3,2,2,1,1,1,1,1,1,1,1,2,9,6,1,1,33,2,2,0
8,63,3,2007,4,3,3,2,2,1,4,1,1,1,1,1,1,2,12,6,1,1,33,2,2,0
8,63,3,2007,3,7,8,1,1,1,1,1,1,1,1,1,4,2,12,6,1,7,33,1,0,0
8,63,3,2007,3,7,8,2,2,1,1,1,1,1,1,1,1,1,14,11,1,1,33,2,2,0
8,63,3,2007,2,7,8,2,2,1,1,1,1,1,1,1,1,1,8,5,1,1,35,2,2,0
8,63,4,2007,1,1,8,1,2,1,2,1,1,1,1,1,1,2,14,2,1,1,33,2,2,3
8,63,4,2007,3,2,2,2,1,2,1,1,2,1,1,1,1,2,8,6,1,2,40,2,2,0
8,63,4,2007,1,1,8,1,2,1,2,1,1,1,1,1,1,2,19,6,1,7,33,2,2,0
1,68,6,2007,2,7,1,1,2,2,1,2,2,1,2,3,1,2,11,6,2,7,33,2,2,0
3,68,1,2007,3,7,8,2,2,1,1,2,1,1,1,3,1,2,8,4,1,1,33,2,2,0
3,68,2,2007,4,7,8,2,2,1,4,4,1,3,2,4,1,2,11,6,2,7,38,2,2,0
3,68,3,2007,2,7,8,2,2,1,4,1,1,2,2,4,1,2,11,6,1,2,33,2,2,0
3,68,3,2007,3,1,8,2,2,1,1,1,1,2,2,4,1,2,11,11,1,7,33,2,2,0
4,68,2,2007,3,1,1,1,2,1,1,1,1,1,1,4,1,2,11,6,1,5,33,2,2,0
3,68,5,2007,2,1,1,1,2,2,2,4,2,1,2,3,4,2,11,6,1,1,33,1,1,1
9,67,6,2007,2,1,1,2,2,1,1,1,1,1,1,3,1,2,9,6,2,2,33,2,2,0
6,60,1,2007,3,7,8,2,2,1,1,1,1,1,1,1,1,1,7,11,1,7,35,1,1,0
3,60,3,2007,3,1,1,2,2,1,1,1,1,1,1,1,1,1,9,6,1,1,39,1,2,0
5,60,2,2007,1,1,1,2,1,1,1,1,1,1,1,4,1,2,14,6,1,1,32,2,2,0
5,60,3,2007,2,1,1,2,2,1,1,1,1,1,1,1,1,2,10,6,1,2,33,2,2,0
1,60,3,2007,3,1,3,2,2,1,1,1,1,1,1,2,1,2,9,6,1,7,33,1,2,0
1,60,3,2007,2,7,1,2,2,1,1,1,1,1,1,1,1,2,12,6,1,4,33,1,2,0
1,60,4,2007,3,1,1,2,2,1,1,1,1,1,1,1,1,2,14,6,1,1,33,2,2,0
1,60,5,2007,3,1,1,2,2,1,1,1,1,1,1,2,1,2,9,5,1,7,33,1,2,1
1,60,6,2007,3,3,1,2,2,2,1,1,2,1,1,2,1,2,12,6,1,1,25,2,2,0
1,60,6,2007,2,1,8,2,2,1,1,1,1,1,1,1,1,1,10,6,1,2,33,1,0,0
1,60,8,2007,3,1,1,2,2,1,1,1,1,1,1,2,1,2,5,6,1,2,33,1,2,0
2,60,4,2007,2,1,1,1,2,1,1,1,1,1,1,3,1,2,9,6,1,2,33,2,2,0
8,60,4,2007,3,7,8,2,2,2,1,1,2,1,1,3,1,2,8,6,1,3,33,2,2,0
4,60,2,2007,3,7,3,2,2,1,1,1,1,1,1,4,1,2,11,11,1,7,33,2,2,0
4,60,2,2007,3,7,8,1,2,1,1,1,1,1,1,4,1,2,11,6,1,7,33,2,2,0
4,60,5,2007,3,7,8,1,2,1,1,1,1,1,1,4,1,2,11,2,1,3,35,1,2,0
4,60,6,2007,1,7,8,2,2,1,4,1,1,1,1,4,1,2,11,5,1,2,33,2,0,1
5,59,1,2007,2,2,1,2,2,1,1,1,1,1,1,2,1,2,8,6,2,1,34,2,2,0
5,59,2,2007,3,2,1,2,2,1,1,2,1,1,2,2,1,2,16,1,1,7,33,1,0,0
5,59,3,2007,3,1,1,2,2,1,1,1,1,1,1,2,1,2,8,5,1,7,33,2,2,0
2,59,7,2007,1,7,1,2,2,2,2,1,2,1,1,2,1,2,19,11,1,7,33,2,2,0
2,59,7,2007,4,7,1,2,2,2,1,2,2,1,1,2,1,2,7,11,1,7,33,2,2,0
2,59,7,2007,3,4,8,1,2,2,1,2,2,1,1,3,1,2,9,4,1,1,40,2,2,3
7,59,1,2007,3,1,1,2,2,1,1,1,1,1,1,2,1,2,9,6,1,7,33,1,2,0
7,59,4,2007,2,1,1,2,2,1,1,1,1,1,1,2,1,2,9,6,1,7,33,2,2,0
7,59,6,2007,4,2,3,2,2,1,4,1,1,1,1,4,1,2,19,6,1,7,33,1,2,0
6,59,6,2007,2,7,8,2,2,1,1,1,1,1,1,4,1,2,8,6,1,7,33,2,2,1
6,59,7,2007,3,4,1,2,2,1,1,1,1,1,1,3,1,2,8,2,1,1,24,2,2,1
4,59,1,2007,1,7,1,2,2,4,2,1,1,1,1,2,1,2,9,6,1,1,30,2,2,0
4,59,1,2007,2,7,1,2,2,1,1,1,1,1,1,4,1,2,5,6,1,7,33,2,2,0
2,57,3,2007,4,2,4,1,1,1,3,1,1,1,1,4,1,2,6,9,1,2,33,1,0,1
2,57,3,2007,3,2,2,1,1,1,1,1,1,1,1,4,1,1,6,6,1,2,33,1,0,0
2,57,5,2007,2,2,2,1,1,1,1,1,1,1,1,4,1,2,10,6,1,2,33,1,0,0
8,57,2,2007,1,1,1,2,2,1,2,1,1,1,1,1,1,2,6,6,1,1,25,1,2,0
8,57,3,2007,4,1,1,2,2,1,3,1,1,1,1,1,1,2,4,6,1,1,30,1,1,0
8,57,4,2007,4,7,1,2,2,1,2,1,1,1,1,1,1,2,9,6,1,2,33,1,0,0
8,57,5,2007,2,1,1,2,2,1,1,1,1,1,1,1,1,2,1,6,1,2,33,1,0,0
6,57,8,2007,2,1,1,1,2,1,1,1,1,1,1,3,1,2,6,6,1,2,33,2,2,0
7,57,8,2007,3,3,1,2,2,2,1,1,2,1,1,4,3,2,6,9,1,1,33,2,2,0
5,57,4,2007,3,1,8,2,1,1,1,1,1,1,1,1,1,2,9,8,1,2,33,1,2,0
5,57,5,2007,2,1,1,1,2,1,2,1,1,1,1,4,1,2,10,6,1,2,33,1,2,0
5,57,6,2007,4,1,1,2,2,1,4,1,1,1,1,4,1,2,6,6,1,2,25,1,2,0
1,57,3,2007,3,3,4,2,2,1,1,1,1,1,1,1,1,2,10,6,1,2,33,1,0,0
1,57,7,2007,4,7,4,2,2,1,4,1,1,1,1,1,1,2,19,6,1,7,33,2,2,0
1,57,7,2007,3,3,4,2,2,1,1,1,1,1,1,1,1,1,9,3,1,2,33,2,2,0
1,57,7,2007,3,1,3,2,1,1,1,1,1,1,1,1,1,2,9,6,1,2,33,1,0,0
1,57,8,2007,3,3,1,2,2,1,1,1,1,1,1,1,1,2,6,5,1,2,33,1,0,0
3,57,5,2007,4,1,8,2,2,1,4,1,1,1,1,1,1,2,10,6,1,2,33,1,2,0
3,57,6,2007,2,7,1,2,2,2,1,1,2,1,1,1,2,2,10,6,1,2,33,2,2,0
3,57,6,2007,2,6,1,2,2,2,1,1,2,1,1,1,1,2,10,6,1,2,33,1,2,3
3,57,7,2007,3,7,1,2,2,2,1,1,1,1,1,1,1,2,9,6,1,2,33,1,2,0
3,57,8,2007,3,7,1,1,2,2,1,1,2,1,1,1,1,2,10,6,1,2,33,2,2,0
2,63,6,2007,2,7,1,2,2,1,1,1,1,1,1,4,1,2,9,5,1,1,33,2,2,3
4,63,8,2007,2,1,1,1,2,1,1,1,1,1,1,1,1,2,14,6,1,7,28,2,2,0
11,63,7,2007,2,1,1,2,2,1,1,1,1,1,1,3,1,2,11,4,1,6,30,1,2,0
9,63,7,2007,3,7,1,2,2,1,1,1,1,1,1,1,1,2,4,6,1,1,33,2,2,0
9,63,7,2007,3,1,1,2,2,1,4,1,1,1,1,1,1,2,5,6,1,1,36,2,2,1
9,63,7,2007,3,7,1,2,2,1,1,2,1,1,1,1,1,2,8,2,1,1,33,2,2,1
7,63,6,2007,3,1,1,2,2,2,1,1,2,1,1,1,1,2,8,6,1,1,45,2,2,0
7,63,6,2007,3,1,1,2,2,1,1,1,1,1,1,1,1,2,19,6,1,1,30,2,2,1
7,63,6,2007,2,1,1,2,2,1,1,1,1,1,1,1,1,2,9,6,1,1,33,2,2,1
7,63,7,2007,3,3,2,2,2,1,1,1,1,1,1,1,1,2,10,6,1,2,33,1,0,1
7,63,7,2007,3,3,2,1,1,2,1,1,1,1,1,1,1,2,12,6,1,7,33,1,0,0
7,63,7,2007,3,3,2,1,1,2,1,1,1,1,1,1,1,2,14,6,1,1,33,1,0,0
7,63,7,2007,2,3,2,2,1,2,1,1,1,1,1,1,1,2,10,6,1,2,33,1,0,0
14,63,6,2007,3,1,1,2,2,2,1,1,2,1,1,1,1,2,9,6,1,1,42,2,2,0
14,63,6,2007,1,1,1,2,2,1,4,1,1,1,1,1,1,1,14,6,1,1,33,2,2,0
14,63,7,2007,4,7,1,2,2,2,4,1,2,1,1,1,1,2,14,4,1,7,33,1,2,0
14,63,8,2007,1,1,1,2,2,1,3,1,1,1,1,1,1,2,14,6,1,2,33,2,2,3
8,63,6,2007,3,1,1,2,2,1,1,1,1,1,1,1,1,2,9,6,1,7,33,2,2,0
8,63,7,2007,3,1,2,2,2,1,1,1,1,1,1,1,1,2,9,11,1,1,27,2,2,0
8,63,8,2007,2,7,1,2,2,1,1,2,1,1,1,1,1,2,5,1,1,7,33,2,2,0
8,63,8,2007,2,3,1,2,2,1,1,3,1,1,1,4,4,2,10,10,1,7,33,2,2,0
3,58,7,2007,4,7,8,2,2,1,4,1,1,1,1,4,1,2,4,1,1,7,27,2,2,0
2,58,7,2007,2,7,8,1,2,1,1,1,1,1,1,4,1,1,9,6,1,7,30,1,0,0
11,58,6,2007,2,2,2,1,1,1,1,1,1,1,1,4,1,1,10,6,1,2,25,1,0,0
5,58,6,2007,3,7,1,2,2,1,1,2,1,1,1,1,2,2,12,6,1,1,35,2,2,2
5,58,8,2007,2,7,1,2,2,2,1,1,2,1,1,1,1,2,5,6,1,2,45,2,2,0
10,58,7,2007,1,1,1,2,2,1,1,1,1,1,1,2,1,2,14,10,1,1,45,1,2,0
8,58,6,2007,3,1,2,2,2,1,1,1,1,1,1,3,1,2,17,6,2,6,33,2,2,0
8,58,8,2007,2,7,8,2,2,1,1,1,1,1,2,1,1,2,14,11,2,3,25,1,2,0
14,58,7,2007,4,7,1,1,2,1,2,1,1,1,1,3,1,1,9,6,1,1,33,2,2,0
14,58,7,2007,2,7,1,2,2,2,1,1,2,1,1,1,1,2,10,6,1,1,22,2,2,0
14,58,8,2007,3,7,4,2,1,1,1,4,1,1,1,3,1,2,9,11,1,7,33,2,2,0
7,58,6,2007,3,1,1,2,2,1,1,2,1,1,1,2,1,2,9,1,1,1,33,2,2,0
1,58,6,2007,3,1,1,2,2,1,1,1,1,1,1,1,1,1,15,6,1,1,33,1,2,0
6,58,6,2007,2,7,1,2,2,1,1,1,1,1,1,1,1,2,14,6,2,1,32,2,2,1
8,65,6,2007,2,1,2,1,2,1,1,1,1,1,1,4,1,2,11,2,1,3,28,2,2,0
3,65,8,2007,4,7,3,1,2,2,2,4,2,2,3,3,4,2,10,6,1,2,33,2,2,0
2,65,6,2007,2,1,8,2,2,1,1,1,1,1,1,1,1,2,10,6,1,1,26,1,2,0
2,65,1,2007,4,3,1,2,1,1,2,1,1,1,1,1,2,2,14,6,1,7,27,2,2,0
1,65,8,2007,3,1,1,2,2,2,1,1,2,1,1,1,1,2,9,4,1,1,45,2,1,0
1,57,8,2007,2,1,1,2,2,2,1,1,1,1,1,1,1,2,10,6,1,2,33,1,2,0
8,57,5,2007,4,1,1,1,2,1,2,1,1,1,1,1,2,1,17,6,1,2,33,2,2,3
8,57,5,2007,3,2,1,1,2,1,1,1,1,1,1,1,1,2,9,6,1,2,33,2,2,0
8,57,6,2007,2,1,1,1,2,1,1,1,1,1,1,1,1,2,14,6,1,1,33,2,2,0
6,57,9,2007,2,1,8,2,2,1,2,1,1,1,1,3,1,2,8,6,1,7,37,2,2,0
8,57,9,2007,1,1,1,2,2,1,2,1,1,1,1,1,1,2,10,6,1,2,33,1,0,0
1,57,8,2007,3,7,2,2,1,1,1,1,1,1,1,4,1,2,6,4,1,2,33,1,0,0
1,57,9,2007,4,1,1,2,2,1,4,1,1,1,1,1,1,2,10,6,1,2,33,1,0,0
5,57,9,2007,2,2,2,1,2,1,1,1,1,1,1,1,1,2,9,6,1,2,30,1,0,0
5,57,9,2007,3,2,2,1,1,1,2,1,1,1,1,4,1,2,12,6,1,2,33,2,0,0
8,63,9,2007,1,1,1,2,2,2,4,1,1,1,1,1,1,2,19,6,1,1,33,2,2,0
8,63,9,2007,3,1,1,2,2,2,1,1,1,1,1,4,1,2,9,6,1,1,33,1,2,0
8,63,10,2007,4,1,4,2,2,1,2,1,1,1,1,1,1,2,9,6,1,7,41,2,2,0
8,63,10,2007,4,2,3,2,2,1,1,1,1,1,1,1,1,2,19,6,1,7,33,2,2,0
8,63,10,2007,2,2,8,2,2,1,2,5,1,1,1,1,1,2,10,6,1,2,33,1,0,0
8,63,11,2007,4,1,1,2,2,1,2,1,1,1,1,4,1,2,19,6,1,7,33,2,2,0
10,63,9,2007,3,1,1,2,2,1,1,1,1,1,1,2,1,2,14,6,1,1,40,2,2,0
10,63,10,2007,3,3,3,1,2,1,2,1,1,1,1,4,1,2,5,6,1,1,33,2,2,0
11,63,10,2007,1,1,8,1,2,2,4,1,2,1,1,2,1,2,13,6,1,7,33,2,2,0
11,63,10,2007,1,1,8,1,2,2,1,1,5,1,1,1,1,2,13,6,1,7,33,2,2,2
11,63,10,2007,4,1,8,1,2,1,3,1,1,1,1,1,1,1,14,6,1,2,33,2,2,0
6,63,10,2007,1,1,1,2,1,1,2,1,1,1,1,1,1,2,14,1,1,7,40,2,2,0
7,63,10,2007,4,3,8,2,2,1,3,1,1,1,1,1,1,2,9,6,1,1,32,2,2,0
7,63,9,2007,2,3,8,1,2,2,1,2,2,1,1,1,1,2,11,6,1,1,33,2,2,0
4,63,10,2007,3,7,8,1,2,1,1,1,1,1,1,4,1,1,17,11,1,7,33,1,0,0
4,63,10,2007,2,1,1,2,2,1,1,2,1,1,1,4,1,2,7,1,1,1,33,2,2,0
9,63,11,2007,1,1,1,2,2,1,4,1,1,1,1,1,1,2,19,6,1,7,33,2,2,0
9,63,11,2007,3,1,1,2,2,1,1,1,1,1,1,1,1,2,8,6,1,1,33,2,2,1
14,63,9,2007,4,3,1,2,2,1,4,1,1,1,1,1,1,2,19,5,1,1,33,2,2,0
14,63,10,2007,2,1,1,2,2,1,1,1,1,1,1,1,1,2,14,6,1,1,40,2,2,0
14,63,10,2007,4,2,1,2,2,1,2,1,1,1,1,1,1,2,14,6,1,1,33,2,2,0
14,63,10,2007,2,3,1,2,1,1,1,1,1,1,1,1,1,2,14,6,2,7,33,2,2,0
14,63,10,2007,2,1,1,2,2,1,1,1,1,1,3,1,1,2,14,6,1,7,37,2,2,0
1,61,6,2007,4,1,1,2,2,1,4,1,1,1,1,1,1,1,14,6,1,1,50,2,2,0
1,61,7,2007,1,1,1,2,2,1,3,1,1,1,1,5,1,1,7,6,1,6,33,2,2,0
1,61,7,2007,2,1,1,2,2,1,1,1,1,1,1,1,1,2,7,6,1,1,23,2,2,0
1,61,7,2007,2,1,1,2,2,1,1,1,1,1,1,1,1,1,14,6,1,1,35,2,2,0
1,61,8,2007,3,1,1,2,2,1,1,1,1,1,1,1,1,2,7,6,1,7,50,2,2,0
1,61,9,2007,1,1,2,1,1,1,4,1,1,1,1,1,1,1,14,6,1,7,33,2,2,0
1,61,11,2007,2,1,1,1,2,1,1,1,1,1,1,1,1,2,10,6,1,1,35,2,2,0
1,61,11,2007,1,1,1,2,2,2,4,1,2,1,1,1,1,2,19,6,1,7,33,2,2,0
3,61,10,2007,1,2,1,2,1,1,3,1,1,1,1,1,1,2,19,6,1,7,33,2,2,0
3,61,11,2007,1,7,1,2,1,4,3,1,1,1,1,1,1,1,19,6,1,1,33,2,2,0
4,61,7,2007,3,3,1,2,2,1,2,1,1,1,1,3,1,2,5,6,1,7,33,2,2,0
4,61,7,2007,4,1,1,2,2,1,2,1,1,1,1,3,1,2,9,6,1,7,27,2,2,0
4,61,7,2007,1,1,1,2,2,1,4,1,1,1,1,3,1,2,12,6,1,7,33,2,2,0
4,61,12,2007,2,7,3,1,1,1,1,1,1,1,1,3,1,2,9,6,1,3,33,2,2,0
6,61,8,2007,4,2,2,2,2,1,4,1,1,1,1,3,1,2,5,4,1,2,33,1,0,0
1,58,9,2007,2,7,8,2,2,1,2,1,1,1,1,5,1,1,9,11,1,1,33,2,2,0
14,58,9,2007,2,1,1,2,1,1,1,1,1,1,1,1,1,2,14,5,1,1,33,1,2,0
14,58,10,2007,3,2,8,1,2,1,1,1,1,1,1,3,1,1,2,6,1,1,33,2,2,0
14,58,11,2007,3,1,8,1,2,1,1,1,1,1,1,4,1,2,10,6,1,2,33,1,0,0
14,58,12,2007,2,1,1,2,2,1,1,1,1,1,1,4,4,2,17,6,2,6,28,1,2,0
5,58,9,2007,2,1,1,2,2,1,1,1,2,1,1,1,1,2,19,5,1,2,40,2,2,0
5,58,10,2007,1,1,1,2,2,2,4,1,2,1,1,1,1,2,9,5,1,1,38,2,2,0
5,58,11,2007,2,1,1,2,1,1,1,1,1,1,1,1,1,2,13,6,1,2,33,2,2,0
5,58,12,2007,2,1,1,2,2,1,2,1,1,1,1,1,1,2,14,6,1,2,26,2,2,0
2,58,10,2007,3,1,1,2,2,1,1,1,1,1,1,1,1,1,9,2,1,1,40,2,2,2
2,58,11,2007,2,7,1,2,2,1,1,1,1,1,1,1,1,1,6,6,1,1,28,2,2,0
2,58,11,2007,1,1,1,2,2,1,3,1,1,1,1,1,1,1,9,6,1,1,35,2,2,0
7,58,11,2007,1,1,1,2,2,1,2,1,1,1,1,1,1,2,14,2,1,1,33,2,2,0
7,58,11,2007,4,1,1,2,2,1,2,1,1,1,1,1,1,1,9,6,1,1,40,2,2,0
10,58,10,2007,4,1,3,2,2,1,4,1,1,1,1,2,1,2,10,6,1,2,33,1,0,0
13,58,11,2007,4,7,1,2,2,1,4,2,1,1,1,3,5,2,10,1,1,1,30,2,2,0
3,58,9,2007,4,1,1,2,2,1,4,1,1,1,1,2,1,2,14,6,1,1,33,1,2,0
8,58,10,2007,3,7,8,2,2,1,1,1,1,1,1,1,1,2,9,11,1,7,33,2,2,1