Thana,District,Month,Year,Time,Junction_Type,Traffic_Control,Movement,Divider,Weather,Light,Road_Geometry,Surface_Condition,Surface_Type,Surface_Quality,Road_Class,Road_Feature,Location_Type,Vehicle_Type,Vehicle_Movement,Vehicle_Loading,Vehicle_Defect,Vehicle_Driver_Age,Vehicle_Alcohol,Vehicle_Seat_Belt,Accident_Severity
12,58,10,2007,3,7,1,2,2,1,4,1,1,1,1,4,1,2,10,6,1,2,33,1,0,0
7,59,8,2007,2,1,1,2,2,1,1,1,1,1,1,2,1,2,14,4,1,7,30,2,2,1
7,59,9,2007,2,7,1,2,2,1,1,1,1,1,1,2,1,2,9,5,1,1,38,2,2,0
4,59,9,2007,3,3,1,2,2,1,1,1,1,1,1,2,1,2,4,6,1,2,33,2,2,0
4,59,9,2007,4,7,1,2,2,2,1,1,1,1,1,2,1,2,10,6,1,2,33,1,0,0
4,59,10,2007,3,7,1,2,2,2,1,1,1,1,1,2,1,2,10,6,1,2,33,1,0,0
4,59,10,2007,2,7,1,2,2,1,1,1,1,1,1,2,1,2,8,2,1,1,32,2,2,0
7,59,10,2007,1,1,4,2,1,1,2,1,1,1,1,3,1,2,9,4,1,7,40,2,2,0
4,59,12,2007,2,7,1,2,2,1,1,1,1,1,1,2,1,2,8,6,1,1,33,1,0,0
2,59,12,2007,1,7,1,2,2,4,4,1,1,1,1,2,1,2,19,4,1,7,33,1,2,0
1,57,11,2007,3,1,2,2,2,1,1,1,1,1,1,1,1,2,9,6,1,2,45,1,2,0
3,57,11,2007,3,3,3,2,1,1,1,1,1,1,1,1,1,2,7,6,1,2,33,1,2,0
3,57,12,2007,3,7,1,2,1,1,1,1,1,1,1,1,1,2,10,6,1,1,33,2,1,0
3,57,12,2007,3,5,8,2,1,1,1,1,1,1,1,1,1,2,10,6,1,1,33,2,0,0
3,57,12,2007,3,7,1,2,2,1,1,1,1,1,1,4,4,2,2,6,2,2,22,2,2,0
7,60,10,2007,4,7,1,2,2,1,4,1,1,1,1,3,1,2,10,6,1,2,33,1,2,0
7,60,10,2007,4,4,1,2,2,1,4,1,1,1,1,3,1,2,8,5,1,2,33,1,2,0
7,60,10,2007,2,7,1,2,2,1,1,1,1,1,1,3,1,2,9,6,1,2,33,2,2,0
7,60,10,2007,3,7,3,2,2,1,1,1,1,1,1,3,1,2,9,6,1,7,33,2,2,0
7,60,10,2007,2,1,1,2,2,1,1,1,1,1,1,3,1,2,9,6,1,1,33,2,2,1
7,60,10,2007,3,7,8,2,2,1,1,1,1,1,1,3,1,2,12,6,1,2,33,2,2,0
5,60,10,2007,3,1,1,2,2,1,1,1,1,1,1,1,1,2,9,6,1,1,33,2,2,0
4,60,12,2007,3,1,1,1,2,1,1,1,1,1,1,3,1,2,5,5,1,2,33,2,2,0
3,61,10,2007,3,2,1,2,1,1,2,1,1,1,1,1,1,2,9,7,1,2,33,1,0,0
1,61,10,2007,4,1,1,2,2,1,2,1,1,1,1,1,1,2,10,6,1,1,33,2,2,0
3,62,9,2007,2,1,8,2,2,2,1,1,2,1,1,3,1,2,9,11,1,1,30,2,2,3
3,62,10,2007,2,3,1,2,2,1,1,1,1,1,1,3,1,2,9,6,1,1,45,2,2,0
3,62,10,2007,2,1,2,2,2,2,1,3,3,1,3,3,1,2,9,1,2,1,33,1,0,0
1,62,10,2007,3,1,1,2,1,1,1,1,1,1,1,2,1,1,7,4,1,7,35,2,2,0
2,62,10,2007,3,7,1,2,2,1,1,1,1,1,1,3,1,2,19,6,1,7,33,1,2,0
4,62,11,2007,3,1,1,2,2,1,1,1,1,1,1,2,1,2,4,6,1,7,33,2,2,0
1,68,12,2007,3,7,8,1,2,1,1,1,1,1,1,3,1,2,5,6,1,2,33,2,2,3
1,68,12,2007,3,7,8,2,2,1,2,2,1,1,1,1,1,2,6,1,1,2,22,2,2,0
2,68,12,2007,3,7,8,1,2,1,1,3,1,2,2,3,1,2,5,6,1,7,33,2,2,1
3,68,11,2007,2,1,1,2,2,1,1,4,1,1,1,3,1,2,9,6,1,2,35,2,2,1
3,68,12,2007,3,7,1,2,1,1,1,2,1,1,1,3,1,2,11,6,2,2,33,2,2,0
5,66,9,2007,3,7,1,1,2,1,1,1,1,1,1,1,1,2,9,1,1,3,48,2,2,3
8,66,11,2007,3,7,1,2,2,1,2,3,1,1,1,2,1,2,9,2,1,2,30,2,2,1
4,66,12,2007,4,7,8,2,2,1,4,4,1,1,2,2,1,2,9,2,2,2,33,1,2,0
4,65,5,2007,4,1,8,1,2,1,4,3,1,1,1,4,1,2,11,6,1,2,33,2,2,0
4,65,11,2007,3,2,8,1,2,1,1,1,1,3,2,4,1,2,10,6,1,2,33,2,2,0
1,67,9,2007,2,1,7,2,1,1,1,1,1,1,1,1,1,1,9,1,1,3,35,1,2,1
7,67,9,2007,2,1,1,2,2,1,1,2,1,1,1,1,1,2,9,6,1,1,50,2,2,2
1,67,9,2007,2,1,1,2,2,1,1,1,1,1,1,1,1,1,5,6,1,1,32,2,2,0
2,67,10,2007,2,1,1,1,2,1,1,1,1,1,1,3,1,2,14,5,1,1,50,2,2,0
7,67,10,2007,3,7,1,2,2,1,1,2,1,1,1,1,1,2,16,1,1,2,45,2,2,0
9,67,10,2007,2,7,1,2,2,1,1,4,1,1,1,3,1,2,14,2,2,2,35,1,0,0
6,67,12,2007,3,7,1,2,2,1,1,2,1,1,1,3,1,1,5,6,1,2,20,1,0,0
7,65,11,2007,2,7,1,2,2,1,2,1,1,1,1,1,1,2,14,6,1,1,25,2,2,0
5,65,5,2007,2,7,1,2,2,1,1,2,1,1,1,1,1,2,10,6,1,2,33,2,2,0
1,61,2,2007,3,1,1,2,1,1,1,1,1,1,1,1,1,2,9,6,1,7,33,2,2,1
4,59,3,2007,2,1,1,2,2,2,1,1,1,1,1,2,1,2,14,6,1,1,28,2,2,2
4,59,7,2007,3,1,1,2,2,1,1,2,1,1,1,2,1,1,9,1,1,1,33,2,2,0
1,59,3,2007,2,1,8,2,2,1,1,1,1,1,1,2,1,1,9,6,1,7,33,2,2,0
5,59,8,2007,2,1,1,2,2,1,1,1,1,1,1,2,1,2,7,6,1,3,33,2,2,0
1,58,9,2007,3,1,1,1,1,1,1,1,1,3,1,4,1,2,7,6,1,1,33,2,2,0
1,58,9,2007,2,1,1,2,2,1,1,1,1,1,1,5,1,1,7,5,1,1,25,2,2,3
7,58,7,2007,3,1,1,2,2,1,1,1,1,1,1,1,1,2,14,6,1,1,33,2,2,0
3,62,7,2007,4,1,1,2,2,2,4,1,3,1,1,3,1,2,12,6,1,7,33,2,2,0
3,62,8,2007,4,1,1,2,2,1,2,1,1,1,1,3,1,2,9,6,1,7,35,2,2,0
3,62,5,2007,3,1,1,1,2,1,1,1,1,1,1,4,1,2,13,6,1,7,45,2,2,0
6,58,3,2007,3,1,8,2,2,1,1,1,1,1,1,1,1,2,9,6,1,2,33,1,0,0
3,61,3,2007,3,1,1,2,1,1,2,1,1,1,1,1,1,2,5,7,1,1,33,2,2,0
1,58,2,2007,4,1,2,2,2,1,3,1,1,1,1,1,1,2,7,6,1,1,25,2,2,0
1,58,3,2007,2,3,1,2,1,1,3,2,1,1,1,1,1,2,10,6,1,1,33,2,2,2
2,61,1,2007,1,1,8,2,2,4,2,1,2,1,1,1,1,2,12,6,1,7,22,2,2,0
7,58,10,2007,2,1,1,2,2,2,1,1,2,1,1,1,1,2,8,6,1,1,35,2,2,0
9,63,5,2007,1,1,4,2,1,1,1,1,1,1,1,1,1,2,8,6,1,1,33,2,2,0
1,62,2,2007,2,3,4,2,1,1,2,1,1,1,1,2,1,1,9,2,1,1,30,2,2,1
7,44,12,2007,3,1,1,2,1,1,1,1,1,1,1,1,1,2,8,6,1,1,33,2,2,0
5,44,12,2007,1,1,1,2,2,1,2,1,1,1,1,1,1,2,14,6,1,1,33,2,2,0
5,44,12,2007,4,1,1,2,1,1,4,1,1,1,1,1,1,2,9,6,1,1,33,2,2,0
6,63,8,2007,3,1,1,2,2,2,1,2,2,1,1,4,2,1,11,2,2,3,33,2,2,0
6,63,8,2007,2,1,4,2,2,1,1,1,1,1,1,1,1,2,14,6,1,1,33,2,2,0
5,63,5,2007,2,1,1,2,2,1,1,4,1,1,1,2,1,2,8,6,1,1,33,2,2,0
13,63,1,2007,3,1,1,1,2,1,1,1,1,1,1,1,1,2,14,6,1,1,37,2,2,0
3,57,4,2007,4,3,1,2,2,1,2,5,1,1,1,1,1,2,7,6,1,2,33,1,0,0
3,57,5,2007,2,1,1,2,1,2,1,2,2,1,1,2,1,2,10,9,2,2,33,1,2,0
5,60,5,2007,3,1,1,2,2,1,1,1,1,1,1,2,1,2,4,5,1,1,25,2,1,0
5,60,7,2007,3,1,1,2,2,1,1,1,1,1,1,2,1,2,9,6,1,1,33,2,2,0
7,60,9,2007,4,1,1,2,2,1,2,1,1,1,1,3,1,2,9,6,1,2,33,1,2,0
13,60,10,2007,3,1,1,2,2,1,1,1,1,1,1,1,1,2,9,6,1,1,33,2,2,0
8,60,8,2007,3,1,1,2,2,1,1,1,1,1,1,3,1,2,1,8,1,2,1,2,2,0
8,63,11,2007,2,1,1,2,2,1,1,2,1,3,1,1,1,2,19,6,1,1,33,2,2,0
9,66,2,2007,2,1,1,1,2,1,1,3,1,2,2,2,1,2,11,6,1,7,30,2,2,3
8,63,6,2007,3,2,1,2,2,2,1,1,2,1,1,1,1,2,14,2,1,1,45,2,2,0
8,63,5,2007,1,1,1,2,2,2,4,1,2,1,1,1,1,2,1,9,1,1,33,2,2,2
4,66,11,2007,3,1,1,2,2,1,1,3,1,1,1,1,1,2,9,2,1,7,30,2,2,1
1,66,4,2007,2,1,1,2,2,1,1,2,1,1,2,4,4,2,11,6,1,1,33,2,2,0
5,66,1,2007,2,1,1,1,1,1,1,5,1,2,2,2,1,2,9,1,1,2,33,1,0,0
5,66,3,2007,3,3,1,1,1,3,1,4,1,1,2,4,1,2,11,6,1,3,33,2,2,0
2,65,1,2007,4,1,1,2,1,1,2,1,1,1,1,1,2,2,9,6,1,2,42,1,0,0
8,63,1,2007,3,1,1,2,2,1,1,2,1,1,1,1,1,2,8,6,1,1,33,2,2,0
10,67,10,2007,3,1,1,2,2,1,1,4,1,2,2,3,1,2,13,6,2,2,33,2,2,0
7,67,6,2007,3,1,1,2,2,2,1,4,2,1,1,1,1,2,14,6,2,1,45,2,2,3
7,63,11,2007,3,1,1,2,2,1,1,1,1,1,1,1,1,2,13,6,1,7,33,2,2,0
2,60,5,2007,3,1,1,2,2,1,1,1,2,1,1,3,1,1,9,6,1,2,33,2,2,0
4,57,10,2007,2,1,3,2,2,1,1,1,1,1,1,4,1,2,17,9,1,3,50,2,2,0
1,20,2,2007,1,1,1,2,2,1,2,1,1,1,1,1,1,2,6,6,1,1,25,1,2,0
4,57,4,2007,4,1,1,2,2,1,2,1,1,1,1,1,1,2,9,6,1,2,33,1,2,0
1,57,7,2007,2,1,1,2,2,1,1,2,1,1,1,1,2,1,9,2,1,1,40,1,2,1
4,36,3,2007,3,1,1,2,2,1,1,1,1,1,1,3,1,2,14,6,1,1,33,2,2,0
4,36,3,2007,1,1,1,2,2,1,2,1,1,1,1,1,1,2,8,6,1,1,33,2,2,0
1,47,3,2007,3,2,1,2,2,1,1,1,1,1,1,1,1,2,8,6,1,1,33,2,2,0
1,47,3,2007,4,2,1,2,2,1,2,1,1,1,1,1,1,2,10,6,1,1,33,2,2,0
9,47,3,2007,3,1,1,2,2,1,1,1,1,1,1,1,1,2,8,6,1,1,33,2,2,0
9,47,3,2007,1,1,1,2,2,1,2,1,1,1,1,1,2,2,9,6,1,1,40,2,2,0
12,47,3,2007,1,1,5,2,2,1,1,1,1,1,1,1,1,2,9,6,1,1,33,2,2,0
5,47,3,2007,3,1,1,2,2,1,1,1,1,1,1,3,1,2,9,6,1,1,33,2,2,1
2,43,3,2007,4,1,1,2,2,1,1,1,1,1,1,1,1,2,9,6,1,1,33,2,2,0
4,43,3,2007,3,2,1,2,2,1,1,1,1,1,1,1,1,2,8,6,1,1,33,2,2,0
2,43,3,2007,4,1,1,2,2,1,1,1,1,1,1,1,1,2,9,6,1,1,30,2,2,1
2,43,3,2007,3,1,1,2,2,1,1,1,1,1,1,1,1,2,9,6,1,1,33,2,2,0
1,43,3,2007,2,1,1,2,2,1,1,1,1,1,1,3,1,2,14,6,1,1,33,2,2,0
5,43,3,2007,3,1,1,2,2,1,1,1,1,1,1,3,1,2,14,6,1,1,33,2,2,0
1,48,3,2007,2,1,1,2,2,1,1,1,1,1,1,3,1,2,14,6,1,1,33,2,2,0
1,48,3,2007,3,1,1,2,2,1,1,1,1,1,1,1,1,2,9,6,1,1,33,2,2,0
3,48,3,2007,3,1,1,2,2,1,1,1,1,1,1,3,1,2,9,6,1,1,33,2,2,0
3,48,3,2007,1,1,1,2,2,1,1,1,1,1,1,3,1,2,19,6,1,1,35,2,2,0
3,38,3,2007,4,1,1,2,2,1,1,1,1,1,1,1,1,2,14,6,1,1,33,2,2,0
7,38,3,2007,3,1,1,2,2,1,1,1,1,1,1,3,1,2,9,6,1,1,33,2,2,0
6,38,3,2007,3,1,1,2,2,1,1,1,1,1,1,3,1,2,6,6,1,1,33,2,2,0
3,45,2,2007,1,1,1,2,2,1,1,1,1,1,1,3,1,2,9,6,1,1,33,2,2,0
3,45,3,2007,3,1,1,2,2,1,1,1,1,1,1,3,1,2,8,6,1,1,33,2,2,0
5,45,3,2007,4,1,1,2,2,1,1,1,1,1,1,1,1,2,14,6,1,1,33,2,2,0
1,45,3,2007,2,1,1,2,2,1,1,1,1,1,1,1,1,2,9,6,1,1,33,2,2,1
1,49,3,2007,3,1,1,2,2,1,1,1,1,1,1,3,1,2,9,6,1,1,33,2,2,1
2,49,3,2007,3,1,1,2,2,1,1,1,1,1,1,3,1,2,9,6,1,1,33,2,2,1
12,50,3,2007,2,1,2,2,2,1,1,1,1,1,1,1,1,2,14,6,1,1,33,2,2,0
2,50,3,2007,2,1,1,2,2,1,1,1,1,1,1,1,1,2,9,6,1,1,33,2,2,0
6,50,3,2007,2,1,1,2,2,1,1,1,1,1,1,3,1,2,19,6,1,1,33,2,2,1
5,50,3,2007,2,1,1,2,2,1,1,1,1,1,1,1,1,2,9,6,1,1,33,2,2,0
3,50,3,2007,4,1,1,2,2,1,1,1,1,1,1,3,1,2,19,6,1,1,33,2,2,0
11,50,3,2007,3,1,1,2,2,1,1,1,1,1,1,2,1,2,9,6,1,1,33,2,2,1
11,50,3,2007,3,1,1,2,2,1,1,1,1,1,1,2,1,2,9,6,1,1,35,2,2,1
13,50,3,2007,2,1,1,2,2,1,1,1,1,1,1,3,1,2,8,6,1,1,33,2,2,0
13,50,3,2007,2,1,1,2,2,1,1,1,1,1,1,2,1,2,9,6,1,1,33,2,2,1
13,50,3,2007,3,1,1,2,2,1,1,1,1,1,1,3,1,2,12,6,1,1,35,2,2,3
13,50,3,2007,3,1,1,2,2,1,1,1,1,1,1,3,1,2,9,6,1,1,30,2,2,0
4,52,3,2007,3,1,1,1,2,1,1,1,1,1,1,3,1,2,9,6,1,1,33,2,2,0
10,52,3,2007,4,2,3,1,1,1,1,1,1,1,1,3,1,2,6,6,1,1,33,2,2,0
10,52,3,2007,2,2,1,2,2,1,1,1,1,1,1,3,1,2,9,6,1,1,25,2,2,0
1,52,3,2007,2,7,8,2,1,1,1,1,1,1,1,2,1,2,9,6,1,1,30,2,2,0
1,52,3,2007,3,1,1,2,2,1,1,1,1,1,1,1,1,2,14,6,1,1,33,2,2,1
1,52,3,2007,2,1,7,2,2,1,1,1,1,1,1,2,1,2,12,6,1,1,25,2,2,0
3,44,3,2007,3,1,1,2,2,1,1,1,1,1,1,1,1,2,9,6,1,1,33,2,2,0
3,44,3,2007,1,1,1,2,2,1,1,1,1,1,1,1,1,2,9,6,1,1,33,2,2,1
6,44,3,2007,3,1,1,2,2,1,1,1,1,1,1,3,1,2,14,6,1,1,33,2,2,3
6,44,3,2007,1,1,1,2,2,1,1,1,1,1,1,1,1,2,9,6,1,1,33,2,2,0
7,44,3,2007,1,1,1,2,2,1,1,1,1,1,1,1,1,2,19,6,1,1,33,2,2,0
7,44,3,2007,4,1,1,2,2,1,1,1,1,1,1,1,1,2,9,6,1,1,33,2,2,0
7,44,3,2007,2,1,1,2,2,1,1,1,1,1,1,1,1,2,9,6,1,1,33,2,2,0
5,44,3,2007,3,1,1,2,2,1,1,1,1,1,1,1,1,2,8,6,1,1,33,2,2,1
5,44,3,2007,2,1,1,2,2,1,1,1,1,1,1,1,1,2,19,6,1,1,33,2,2,1
5,44,3,2007,4,1,1,2,2,1,1,1,1,1,1,1,1,2,19,6,1,1,33,2,2,0
1,41,3,2007,1,1,1,2,2,1,1,1,1,1,1,1,1,2,9,6,1,1,33,2,2,0
5,41,3,2007,4,1,1,2,2,1,1,1,1,1,1,1,1,2,19,6,1,1,33,2,2,0
5,41,3,2007,3,1,1,2,2,1,1,1,1,1,1,1,1,2,14,6,1,1,33,2,2,1
6,41,3,2007,2,1,1,2,2,1,1,1,1,1,1,3,1,2,14,6,1,1,33,2,2,0
6,41,3,2007,4,1,1,2,2,1,1,1,1,1,1,1,1,2,19,6,1,1,33,2,2,0
6,41,3,2007,4,1,1,2,2,1,1,1,1,1,1,1,1,2,9,6,1,1,33,2,2,0
6,41,3,2007,2,1,1,2,2,1,1,1,1,1,1,3,1,2,19,6,1,1,33,2,2,0
6,41,3,2007,4,1,1,2,2,1,1,1,1,1,1,1,1,2,19,6,1,1,33,2,2,0
6,41,3,2007,2,1,1,2,2,1,1,1,1,1,1,1,1,2,9,6,1,1,33,2,2,1
3,41,3,2007,3,1,1,2,2,1,1,1,1,1,1,3,1,2,9,6,1,1,33,2,2,0
1,41,3,2007,1,1,1,2,2,1,1,1,1,1,1,3,1,2,9,6,1,1,33,2,2,0
1,41,3,2007,3,1,1,2,2,1,1,1,1,1,1,1,1,2,9,6,1,1,33,2,2,0
7,41,3,2007,1,1,1,2,2,1,1,1,1,1,1,3,1,2,14,6,1,1,33,2,2,1
7,41,3,2007,4,1,1,2,2,1,1,1,1,1,1,1,1,2,8,6,1,1,33,2,2,0
7,41,2,2007,3,1,1,2,2,1,1,1,1,1,1,1,1,2,9,6,1,1,25,2,2,0
7,41,3,2007,2,1,1,2,2,1,1,1,1,1,1,1,1,2,8,6,1,1,33,2,2,1
12,51,3,2007,3,1,1,2,2,1,1,1,1,1,1,3,1,2,13,6,1,1,33,2,2,1
8,51,3,2007,1,1,1,2,2,1,1,1,1,1,1,3,1,2,8,6,1,1,33,2,2,1
8,51,3,2007,2,1,1,2,2,1,1,1,1,1,1,3,1,2,19,6,1,1,33,2,2,0
1,51,3,2007,4,1,1,2,2,1,1,1,1,1,1,2,1,2,19,6,1,1,33,2,2,0
6,40,3,2007,3,1,1,2,2,1,1,1,1,1,1,1,1,2,4,6,1,1,33,2,2,0
1,40,3,2007,3,1,1,2,2,1,1,1,1,1,1,1,1,2,9,6,1,1,33,2,2,0
1,40,3,2007,3,1,1,2,2,1,1,1,1,1,1,1,1,2,9,6,1,1,33,2,2,1
6,40,3,2007,3,1,1,2,2,1,1,1,1,1,1,1,1,2,19,6,1,1,33,2,2,0
3,40,3,2007,2,1,1,2,2,1,1,1,1,1,1,1,1,2,8,6,1,1,33,2,2,0
4,36,4,2007,1,1,1,2,2,1,1,1,1,1,1,1,1,2,4,6,1,1,33,2,2,0
1,46,3,2007,3,1,1,2,2,1,1,1,1,1,1,1,1,2,19,6,1,1,33,2,2,0
1,46,3,2007,3,1,1,2,2,1,1,1,1,1,1,1,1,2,14,6,1,1,33,2,2,0
1,46,3,2007,3,1,1,2,2,1,1,1,1,1,1,1,1,2,8,6,1,1,33,2,2,0
1,46,3,2007,1,1,1,2,2,1,1,1,1,1,1,1,1,2,8,6,1,1,33,2,2,0
1,46,3,2007,2,1,1,2,2,1,1,1,1,1,1,1,1,2,14,6,1,1,33,2,2,0
1,46,4,2007,2,1,1,2,2,1,1,1,1,1,1,1,1,2,14,6,1,1,33,2,2,0
1,46,4,2007,4,1,1,2,2,1,1,1,1,1,1,1,1,2,8,6,1,1,33,2,2,0
1,46,4,2007,1,1,1,2,2,1,1,1,1,1,1,1,1,2,9,6,1,1,33,2,2,0
1,46,4,2007,1,1,1,2,2,1,1,1,1,1,1,1,1,2,8,6,1,1,33,2,2,0
1,46,4,2007,1,1,1,2,2,1,3,1,1,1,1,1,1,2,9,6,1,1,33,2,2,0
1,46,4,2007,3,1,1,2,2,1,1,1,1,1,1,1,1,2,8,6,1,1,33,2,2,0
6,46,3,2007,2,3,2,2,2,1,1,1,1,1,1,1,1,2,9,6,1,1,33,2,2,0
6,46,3,2007,4,1,1,2,2,1,1,1,1,1,1,1,1,2,2,6,1,1,33,2,2,0
6,46,3,2007,2,1,1,2,2,1,1,1,1,1,1,3,1,2,9,6,1,1,33,2,2,0
2,46,3,2007,1,1,1,2,2,1,2,1,1,1,1,1,1,2,14,6,1,1,33,2,2,1
2,46,2,2007,2,1,1,2,2,1,1,1,1,1,1,1,1,2,19,6,1,1,33,2,2,1
12,46,3,2007,3,1,1,2,2,1,1,1,1,1,1,1,1,2,19,6,1,1,33,2,2,0
5,46,3,2007,2,1,1,2,2,1,1,1,1,1,1,3,1,2,14,6,1,1,33,2,2,0
5,46,4,2007,1,1,1,2,2,1,1,1,1,1,1,1,1,2,19,6,1,1,33,2,2,0
5,46,3,2007,4,7,2,2,2,1,1,1,1,1,1,3,1,2,5,6,1,1,33,2,2,0
5,46,4,2007,2,1,1,2,2,1,1,1,1,1,1,1,1,2,19,6,1,1,33,2,2,0
5,38,4,2007,2,1,1,2,2,1,1,1,1,1,1,3,1,2,8,6,1,1,33,2,2,0
7,38,4,2007,3,1,1,2,2,1,1,1,1,1,1,1,1,2,9,6,1,1,33,2,2,0
6,38,4,2007,1,1,1,2,2,1,1,1,1,1,1,1,1,2,13,6,1,1,33,2,2,0
1,38,4,2007,1,1,1,2,2,1,1,1,1,1,1,1,1,2,13,6,1,1,33,2,2,1
1,38,4,2007,1,1,1,2,2,1,1,1,1,1,1,1,1,2,14,6,1,1,33,2,2,2
4,38,3,2007,2,1,1,2,2,1,1,1,1,1,1,3,1,2,14,6,1,1,33,2,2,0
3,48,4,2007,3,1,1,2,2,1,1,1,1,1,1,3,1,2,12,6,1,1,33,2,2,1
8,51,4,2007,3,1,1,2,2,1,1,1,1,1,1,4,1,2,9,6,1,1,33,2,2,0
8,51,4,2007,2,1,1,2,2,1,1,1,1,1,1,3,1,2,17,6,1,1,33,2,2,1
3,51,4,2007,2,3,1,2,2,1,1,1,1,1,1,2,1,2,9,6,1,1,42,2,2,1
1,52,4,2007,2,1,1,2,2,1,1,1,1,1,1,3,1,2,13,6,1,1,45,2,2,0
1,52,4,2007,2,1,1,2,2,1,1,1,1,1,1,1,1,2,9,6,1,1,33,2,2,1
1,52,4,2007,1,1,1,2,2,1,1,1,1,1,1,2,1,1,8,6,1,1,40,2,2,0
6,52,4,2007,3,1,1,2,2,1,1,1,1,1,1,3,1,2,19,6,1,1,33,2,2,1
6,52,4,2007,1,7,8,1,1,1,1,1,1,1,1,2,1,2,19,6,1,1,33,2,2,0
10,52,4,2007,2,1,1,2,2,1,1,1,1,1,1,3,1,2,9,6,1,1,33,2,2,0
3,52,4,2007,3,7,8,1,1,1,1,1,1,1,1,2,1,2,8,6,1,1,33,2,0,1
12,50,4,2007,4,1,1,2,2,1,1,1,1,1,1,3,1,2,13,6,1,1,30,2,2,1
12,50,4,2007,3,1,1,2,2,1,1,1,1,1,1,1,1,2,14,6,1,1,40,2,2,3
6,50,4,2007,2,1,1,2,2,1,1,1,1,1,1,3,1,2,2,6,1,1,33,2,2,3
5,50,4,2007,3,1,1,2,2,1,1,1,1,1,1,3,1,2,9,6,1,1,24,2,2,0
5,50,4,2007,2,1,1,2,2,1,1,1,1,1,1,3,1,2,8,6,1,1,33,2,2,0
5,50,4,2007,2,1,1,2,2,1,1,1,1,1,1,3,1,2,4,6,1,1,33,2,2,0
5,50,4,2007,3,1,1,2,2,1,1,1,1,1,1,2,1,2,9,6,1,1,33,2,2,0
13,50,4,2007,2,1,1,2,2,1,1,1,1,1,1,1,1,2,19,6,1,1,28,2,2,3
13,50,4,2007,1,1,1,2,2,1,1,1,1,1,1,1,1,2,19,6,1,1,33,2,2,0
13,50,4,2007,2,1,1,2,2,1,1,1,1,1,1,2,1,2,9,6,1,1,33,2,2,0
3,39,4,2007,3,1,1,2,2,1,1,1,1,1,1,1,1,2,9,6,1,1,33,2,2,0
1,39,4,2007,2,1,1,2,2,2,1,1,1,1,1,1,1,2,9,6,1,1,33,2,2,1
1,39,4,2007,2,1,1,2,2,1,1,1,1,1,1,1,1,2,14,6,1,1,33,2,2,0
5,47,4,2007,3,1,1,2,2,1,1,1,1,1,1,1,1,2,12,6,1,1,33,2,2,0
9,47,4,2007,4,1,1,2,2,1,1,1,1,1,1,1,1,2,9,6,1,1,33,2,2,0
3,47,4,2007,4,1,1,2,2,1,1,1,1,1,1,3,1,2,6,6,1,1,42,2,2,0
1,47,4,2007,3,1,1,2,2,1,1,1,1,1,1,3,1,2,14,6,1,1,50,2,2,0
1,47,4,2007,4,1,1,2,2,1,1,1,1,1,1,3,1,2,9,6,1,1,35,2,2,0
1,47,4,2007,4,1,1,2,2,1,1,1,1,1,1,3,1,2,6,6,1,1,33,2,2,0
7,47,4,2007,2,1,1,2,2,1,1,1,1,1,1,1,1,2,14,6,1,1,33,2,2,0
12,47,4,2007,3,1,1,2,2,1,1,1,1,1,1,1,1,2,9,6,1,1,33,2,2,0
6,43,4,2007,2,1,1,2,2,1,1,1,1,1,1,3,1,2,6,6,1,1,33,2,2,0
3,43,4,2007,1,1,1,2,2,1,1,1,1,1,1,1,1,2,6,6,1,1,33,2,2,3
2,43,4,2007,3,1,1,2,2,1,1,1,1,1,1,1,1,2,14,6,1,1,33,2,2,3
2,43,4,2007,1,1,1,2,2,1,1,1,1,1,1,1,1,2,17,6,1,1,33,2,2,0
1,43,4,2007,2,1,1,2,2,1,1,1,1,1,1,3,1,2,19,6,1,1,33,2,2,0
5,43,4,2007,2,1,1,2,2,1,1,1,1,1,1,1,1,2,14,6,1,1,35,2,2,0
4,43,4,2007,2,1,1,2,2,1,1,1,1,1,1,2,1,2,9,6,1,1,33,2,2,0
5,45,4,2007,2,1,1,2,2,2,1,1,1,1,1,1,1,2,4,6,1,1,33,2,2,1
6,45,4,2007,3,1,1,2,2,1,1,1,1,1,1,1,1,2,14,6,1,1,33,2,2,0
6,45,4,2007,2,1,1,2,2,1,1,1,1,1,1,1,1,2,9,6,1,1,33,2,2,0
6,45,4,2007,2,1,1,2,2,1,1,1,1,1,1,1,1,2,9,6,1,1,33,2,2,0
6,45,4,2007,1,1,1,2,2,1,1,1,1,1,1,1,1,2,9,6,1,1,33,2,2,0
6,45,4,2007,2,1,1,2,2,1,1,1,1,1,1,1,1,2,9,6,1,1,33,2,2,0
1,41,4,2007,2,1,1,2,2,1,1,1,1,1,1,1,1,2,19,6,1,1,33,2,2,1
1,41,4,2007,3,1,1,2,2,1,1,1,1,1,1,1,1,2,9,6,1,1,33,2,2,1
1,41,4,2007,4,1,1,2,2,1,1,1,1,1,1,1,1,2,9,6,1,1,33,2,2,1
1,41,4,2007,4,1,1,2,2,1,1,1,1,1,1,1,1,2,14,6,1,1,33,2,2,0
6,41,4,2007,4,1,1,2,2,1,1,1,1,1,1,1,1,2,19,6,1,1,33,2,2,0
6,41,4,2007,2,1,1,2,2,1,1,1,1,1,1,3,1,2,19,6,1,1,33,2,2,0
7,41,4,2007,3,1,1,2,2,1,1,1,1,1,1,3,1,2,9,6,1,1,33,2,2,0