Thana,District,Month,Year,Time,Junction_Type,Traffic_Control,Movement,Divider,Weather,Light,Road_Geometry,Surface_Condition,Surface_Type,Surface_Quality,Road_Class,Road_Feature,Location_Type,Vehicle_Type,Vehicle_Movement,Vehicle_Loading,Vehicle_Defect,Vehicle_Driver_Age,Vehicle_Alcohol,Vehicle_Seat_Belt,Accident_Severity
7,41,4,2007,3,1,1,2,2,1,1,1,1,1,1,1,1,2,9,6,1,1,33,2,2,0
7,41,4,2007,2,1,1,2,2,1,1,1,1,1,1,1,1,2,14,6,1,1,33,2,2,0
1,50,5,2007,4,1,1,2,2,1,1,1,1,1,1,1,1,2,9,6,1,1,33,2,2,0
10,50,5,2007,2,1,1,2,2,1,1,1,1,1,1,1,1,2,7,6,1,1,33,2,2,0
2,50,5,2007,3,1,1,2,2,1,1,1,1,1,1,1,1,2,9,6,1,1,33,2,2,0
7,50,5,2007,2,1,1,2,2,1,1,1,1,1,1,3,1,2,9,6,1,1,33,2,2,0
9,50,5,2007,3,1,1,2,2,1,1,1,1,1,1,2,1,2,9,6,1,1,33,2,2,0
11,50,5,2007,2,1,1,2,2,1,1,1,1,1,1,2,1,2,9,6,1,1,33,2,2,1
5,50,5,2007,4,1,1,2,2,1,1,1,1,1,1,2,1,2,9,6,1,1,33,2,2,0
13,50,5,2007,2,1,1,2,2,1,1,1,1,1,1,2,1,2,9,6,1,1,33,2,2,0
13,50,5,2007,4,1,1,2,2,1,1,1,1,1,1,2,1,2,9,6,1,1,33,2,2,0
1,50,5,2007,1,1,1,2,2,1,1,1,1,1,1,3,1,2,9,6,1,1,33,2,2,0
1,50,5,2007,3,1,1,2,2,1,1,1,1,1,1,1,1,2,9,6,1,1,40,2,2,1
10,50,5,2007,3,3,1,2,2,1,1,1,1,1,1,1,1,2,7,6,1,1,33,2,2,0
1,51,5,2007,3,1,1,2,2,1,1,1,1,1,1,3,1,2,9,6,1,1,33,2,2,0
12,51,5,2007,2,1,1,2,2,1,1,1,1,1,1,3,1,2,19,6,1,1,33,2,2,0
4,51,5,2007,4,1,1,2,2,1,1,1,1,1,1,2,1,2,9,6,1,1,33,2,2,3
9,51,5,2007,2,1,1,2,2,1,1,1,1,1,1,2,1,2,8,6,1,1,33,2,2,0
10,51,5,2007,3,1,1,2,2,1,1,1,1,1,1,3,1,2,6,6,1,1,33,2,2,0
1,35,5,2007,3,1,1,2,2,1,1,1,1,1,1,1,1,2,7,6,1,1,33,2,2,0
7,38,5,2007,2,1,1,2,2,1,1,1,1,1,1,3,1,2,9,6,1,1,53,2,2,0
6,38,5,2007,1,1,1,2,2,1,1,1,1,1,1,1,1,2,9,6,1,1,50,2,2,1
3,38,5,2007,2,1,1,2,2,1,1,1,1,1,1,1,1,2,12,6,1,1,31,2,2,0
3,38,5,2007,3,1,1,2,2,1,1,1,1,1,1,1,1,2,9,6,1,1,33,2,2,0
3,38,5,2007,3,1,1,2,2,1,1,1,1,1,1,1,1,2,9,6,1,1,33,2,2,0
1,38,5,2007,3,1,1,2,2,1,1,1,1,1,1,1,1,2,9,6,1,1,33,2,2,0
4,38,5,2007,3,1,1,2,2,1,1,1,1,1,1,3,1,2,14,6,1,1,33,2,2,0
1,38,5,2007,1,1,1,2,2,1,1,1,1,1,1,1,1,2,12,6,1,1,33,2,2,1
4,39,5,2007,2,1,1,2,2,1,1,1,1,1,1,3,1,2,19,6,1,1,30,2,2,0
4,39,5,2007,3,1,1,2,2,1,1,1,1,1,1,3,1,2,1,6,1,1,33,2,2,0
1,39,5,2007,2,1,1,2,2,1,1,1,1,1,1,3,1,2,14,6,1,1,47,2,2,0
3,39,5,2007,4,1,1,2,2,1,1,1,1,1,1,1,1,2,9,6,1,1,33,2,2,0
1,48,5,2007,2,1,1,2,2,1,1,1,1,1,1,1,1,2,8,6,1,1,33,2,2,0
1,48,5,2007,3,1,1,2,2,1,1,1,1,1,1,1,1,2,14,6,1,1,33,2,2,0
5,48,5,2007,4,1,1,2,2,1,1,1,1,1,1,3,1,2,19,6,1,1,25,2,2,0
9,47,5,2007,2,1,1,2,2,1,1,1,1,1,1,1,1,2,11,6,1,1,33,2,2,0
9,47,5,2007,1,1,1,2,2,1,1,1,1,1,1,1,1,2,14,6,1,1,33,2,2,0
9,47,5,2007,4,1,1,2,2,1,1,1,1,1,1,1,1,2,9,6,1,1,35,2,2,1
11,47,5,2007,3,1,1,2,2,1,1,1,1,1,1,3,1,2,19,6,1,1,33,2,2,0
7,47,5,2007,3,1,1,2,2,1,1,1,1,1,1,3,1,2,9,6,1,1,33,2,2,0
4,47,5,2007,3,1,1,2,1,1,1,1,1,1,1,3,1,2,6,6,1,1,33,2,2,0
10,47,5,2007,3,1,1,2,2,1,1,1,1,1,1,3,1,2,13,6,1,1,33,2,2,1
7,47,5,2007,1,1,1,2,1,1,1,1,1,1,1,3,1,2,9,6,1,1,33,2,2,0
10,47,5,2007,3,1,1,2,2,1,1,1,1,1,1,3,1,2,14,6,1,1,33,2,2,1
5,47,5,2007,3,1,1,2,2,1,1,1,1,1,1,1,1,2,9,6,1,1,33,2,2,0
5,47,4,2007,3,1,1,2,2,1,1,1,1,1,1,3,1,2,12,6,1,1,33,2,2,0
1,40,5,2007,3,1,1,2,2,1,1,1,1,1,1,3,1,2,19,6,1,1,33,2,2,0
1,40,4,2007,2,1,1,2,2,1,1,1,1,1,1,1,1,2,9,6,1,1,33,2,2,0
1,40,4,2007,2,1,1,2,2,1,1,1,1,1,1,1,1,2,10,6,1,1,33,2,2,0
3,40,4,2007,3,1,1,2,2,1,1,1,1,1,1,1,1,2,14,6,1,1,33,2,2,0
7,40,5,2007,3,1,1,2,2,1,1,1,1,1,1,3,1,2,6,6,1,1,33,2,2,0
5,40,5,2007,1,1,1,2,1,1,2,1,1,1,1,1,1,2,14,6,1,1,33,2,2,0
5,40,4,2007,2,1,1,2,2,1,1,1,1,1,1,1,1,2,8,6,1,1,33,2,2,0
6,40,6,2007,3,1,1,2,2,1,1,1,1,1,1,1,1,2,8,6,1,1,33,2,2,0
6,40,6,2007,3,1,1,2,2,1,1,1,1,1,1,1,1,2,9,6,1,1,33,2,2,3
6,40,6,2007,1,1,1,2,2,1,3,1,1,1,1,3,1,2,14,6,1,1,33,2,2,0
6,40,6,2007,2,1,1,2,2,1,3,1,1,1,1,1,1,2,19,6,1,1,33,2,2,0
6,40,5,2007,2,1,1,2,2,1,2,1,1,1,1,1,1,2,14,6,1,1,28,2,2,0
2,45,5,2007,3,7,1,2,2,1,1,1,1,1,1,3,1,2,19,6,1,1,33,2,2,1
5,45,5,2007,2,1,1,2,2,1,2,1,1,1,1,1,1,2,9,6,1,1,33,2,2,0
6,45,5,2007,4,7,1,2,2,1,1,1,1,1,1,1,1,2,9,6,1,1,34,2,2,0
3,45,5,2007,2,7,1,1,2,2,1,1,2,1,1,2,1,2,9,6,1,1,33,2,2,1
1,45,5,2007,4,7,1,2,2,1,1,1,1,1,1,1,1,2,9,6,1,1,41,2,2,1
1,45,4,2007,2,7,1,2,2,1,1,1,1,1,1,1,1,2,14,6,1,1,32,2,2,1
1,38,6,2007,2,1,1,2,2,1,1,1,1,1,1,1,1,2,13,6,1,1,33,2,2,0
1,38,6,2007,3,1,1,2,2,1,1,1,1,1,1,1,1,2,14,6,1,1,33,2,2,0
1,38,6,2007,2,1,1,2,2,1,1,1,1,1,1,3,1,2,9,6,1,1,33,2,2,1
1,38,6,2007,3,1,1,2,2,1,1,1,1,1,1,3,1,2,14,6,1,1,33,2,2,0
1,38,6,2007,3,1,1,2,2,1,1,1,1,1,1,1,1,2,8,6,1,1,33,2,2,1
1,38,6,2007,3,1,1,2,2,1,1,1,1,1,1,3,1,2,19,6,1,1,33,2,2,2
3,38,6,2007,2,1,1,2,2,1,1,1,1,1,1,1,1,2,19,6,1,1,33,2,2,0
7,48,6,2007,2,1,1,2,2,1,1,1,1,1,1,3,1,2,4,6,1,1,33,2,2,0
4,45,6,2007,3,1,1,2,2,1,1,1,1,1,1,2,1,2,8,6,1,1,33,2,2,0
1,45,6,2007,4,1,1,2,2,1,1,1,1,1,1,1,1,2,9,6,1,1,33,2,2,0
1,45,6,2007,1,1,1,2,2,1,1,1,1,1,1,1,1,2,19,6,1,1,33,2,2,1
1,45,6,2007,2,1,1,2,2,1,2,1,1,1,1,1,1,2,9,6,2,1,33,2,2,1
3,45,6,2007,3,7,1,2,2,1,1,1,1,1,1,2,1,2,19,6,1,1,33,2,2,0
1,45,1,2007,2,1,1,2,2,1,1,1,1,1,1,1,1,2,10,6,1,1,33,2,2,0
1,45,1,2007,3,1,1,2,2,1,1,1,1,1,1,1,1,2,9,6,1,1,33,2,2,0
1,45,1,2007,1,1,1,2,2,1,1,1,1,1,1,1,1,2,10,6,1,1,33,2,2,0
6,45,1,2007,3,1,1,2,2,1,1,1,1,1,1,1,1,2,1,6,1,1,33,2,2,0
2,44,1,2007,4,1,1,2,2,1,1,1,1,1,1,1,1,2,7,6,1,1,33,2,2,0
7,44,1,2007,2,1,1,2,2,1,1,1,1,1,1,1,1,2,10,6,1,1,33,2,2,0
7,44,1,2007,3,1,1,2,2,1,1,1,1,1,1,1,1,2,14,6,1,1,33,2,2,0
7,44,1,2007,3,1,1,2,2,1,1,1,1,1,1,1,1,2,14,6,1,1,33,2,2,0
5,44,1,2007,1,1,1,2,2,2,1,1,1,1,1,1,1,2,14,6,1,1,33,2,2,0
2,43,1,2007,4,1,1,2,2,1,1,1,1,1,1,1,1,2,14,6,1,1,33,2,2,1
6,43,1,2007,2,1,1,2,2,1,1,1,1,1,1,3,1,2,5,6,1,1,33,2,2,0
1,43,1,2007,1,1,1,2,2,1,1,1,1,1,1,3,1,1,9,6,1,1,33,2,2,1
2,43,1,2007,4,1,1,2,2,1,1,1,1,1,1,1,1,2,14,6,1,1,33,2,2,1
1,48,1,2007,2,1,1,2,2,1,1,1,1,1,1,3,1,2,14,6,1,1,33,2,2,0
1,48,1,2007,2,1,1,2,2,1,1,1,1,1,1,3,1,2,10,1,1,1,33,2,2,0
5,41,1,2007,4,1,1,2,2,1,1,1,1,1,1,1,1,2,9,6,1,1,33,2,2,0
6,41,1,2007,3,1,1,2,2,1,1,1,1,1,1,3,1,2,14,6,1,1,33,2,2,0
6,41,1,2007,2,1,1,2,2,1,1,1,1,1,1,3,1,2,10,6,1,1,33,2,2,0
6,41,1,2007,3,1,1,2,2,1,1,1,1,1,1,3,1,2,9,6,1,1,33,2,2,0
6,41,1,2007,1,1,1,2,2,1,1,1,1,1,1,3,1,2,10,6,1,1,33,2,2,0
6,41,1,2007,2,1,1,2,2,1,1,1,1,1,1,1,1,2,10,6,1,1,33,2,2,0
6,41,1,2007,2,1,1,2,2,1,1,1,1,1,1,1,1,2,14,6,1,1,33,2,2,1
6,41,1,2007,2,1,1,2,2,1,1,1,1,1,1,1,1,2,10,6,1,1,33,2,2,0
1,41,1,2007,1,1,1,2,1,1,1,1,1,1,1,3,1,2,9,6,1,1,33,2,2,1
1,41,1,2007,3,1,1,2,2,1,1,1,1,1,1,1,1,2,14,6,1,1,33,2,2,0
1,41,1,2007,3,1,1,2,2,1,1,1,1,1,1,1,1,2,14,6,1,1,33,2,2,1
10,50,1,2007,4,1,1,2,2,1,1,1,1,1,1,1,1,2,14,6,1,1,33,2,2,1
12,50,1,2007,3,1,1,2,2,2,1,1,1,1,1,1,1,2,8,6,1,1,33,2,2,1
12,50,1,2007,3,1,1,2,2,1,1,1,1,1,1,1,1,2,9,6,1,1,33,2,2,0
12,50,1,2007,3,1,1,2,2,1,1,1,1,1,1,1,1,2,14,6,1,1,35,2,2,0
5,50,1,2007,4,1,1,2,2,1,1,1,1,1,1,3,1,2,9,6,1,1,33,2,2,0
8,50,1,2007,3,1,1,2,2,1,1,1,1,1,1,2,1,2,14,6,1,1,33,2,2,1
13,50,1,2007,3,1,1,2,1,1,1,1,1,1,1,2,1,2,14,6,1,1,33,2,2,0
13,50,1,2007,3,1,1,2,1,1,1,1,1,1,1,2,1,2,14,6,1,1,33,2,2,0
13,47,1,2007,5,1,1,2,2,1,1,1,1,1,1,3,1,2,14,6,1,1,33,2,2,0
4,47,1,2007,2,1,1,2,2,1,1,1,1,1,1,3,4,2,8,6,1,1,33,2,2,1
9,47,1,2007,4,1,1,2,2,1,1,1,1,1,1,1,1,2,9,6,1,1,33,2,2,0
9,47,1,2007,3,1,1,2,2,2,1,1,1,1,1,1,1,2,14,6,1,1,33,2,2,1
6,38,1,2007,3,1,1,2,2,1,1,1,1,1,1,1,1,2,9,6,1,1,33,2,2,0
3,38,1,2007,3,1,1,2,2,1,1,1,1,1,1,1,1,2,14,6,1,1,33,2,2,1
1,35,1,2007,3,1,1,2,2,1,1,1,1,1,1,3,1,2,14,6,1,1,33,2,2,0
4,35,1,2007,3,1,1,2,2,1,1,1,1,1,1,3,1,2,8,6,1,1,33,2,2,0
5,35,1,2007,2,1,1,2,2,1,1,1,1,1,1,3,1,2,9,6,1,1,1,2,2,0
3,36,1,2007,2,1,1,2,2,1,1,1,1,1,1,3,1,2,9,6,1,1,33,2,2,0
2,36,1,2007,4,1,1,2,2,1,1,1,1,1,1,1,1,2,19,6,1,1,33,2,2,0
4,36,1,2007,3,1,1,2,2,1,1,1,1,1,1,3,1,2,9,6,1,1,33,2,2,0
6,45,2,2007,2,7,1,2,2,1,1,1,1,1,1,2,1,2,9,6,1,1,33,2,2,0
5,45,2,2007,4,7,1,2,1,1,1,1,1,1,1,1,1,2,9,6,1,1,33,2,2,0
4,45,2,2007,3,1,2,2,2,1,1,1,1,1,1,3,1,2,14,6,1,1,45,2,2,0
4,45,2,2007,1,1,1,2,1,1,1,1,1,1,1,3,1,2,14,6,1,1,33,2,2,0
5,41,2,2007,2,1,1,2,2,1,1,1,1,1,1,1,1,2,10,6,1,1,35,2,2,0
5,41,2,2007,4,1,1,2,2,1,1,1,1,1,1,1,1,2,14,6,1,1,33,2,2,0
5,41,2,2007,2,1,1,2,2,1,1,1,1,1,1,1,1,2,14,6,1,1,33,2,2,0
5,41,2,2007,5,1,1,2,2,1,1,1,1,1,1,1,1,2,8,6,1,1,33,2,2,1
1,41,2,2007,2,1,1,2,2,1,1,1,1,1,1,3,1,2,9,6,1,1,33,2,2,0
1,41,2,2007,2,1,1,2,1,1,1,1,1,1,1,1,1,2,10,6,1,1,33,2,2,0
1,41,2,2007,4,1,1,2,2,1,1,1,1,1,1,1,1,2,9,6,1,1,33,2,2,1
3,41,2,2007,2,1,1,2,2,1,1,1,1,1,1,3,1,2,9,6,1,1,33,2,2,0
6,41,2,2007,3,1,1,2,2,1,1,1,1,1,1,1,1,2,9,6,1,1,33,2,2,1
6,41,2,2007,4,1,1,2,2,1,1,1,1,1,1,1,1,2,10,6,1,1,33,2,2,0
6,41,2,2007,4,1,1,2,2,1,1,1,1,1,1,1,1,2,9,6,1,1,33,2,2,0
7,41,2,2007,4,1,1,2,2,1,1,1,1,1,1,1,1,2,9,6,1,1,33,2,2,0
7,41,2,2007,2,1,1,2,2,1,1,1,1,1,1,1,1,2,14,6,1,1,33,2,2,0
4,44,2,2007,4,1,1,2,2,1,1,1,1,1,1,3,1,2,14,6,1,1,33,2,2,0
4,44,2,2007,3,1,1,2,2,1,1,1,1,1,1,3,1,2,14,6,1,1,33,2,2,0
4,44,2,2007,3,1,1,2,2,1,1,1,1,1,1,3,1,2,14,6,1,1,33,2,2,0
6,44,2,2007,2,1,1,2,2,1,1,1,1,1,1,1,1,2,9,6,1,1,33,2,2,1
6,44,2,2007,4,1,1,2,2,1,1,1,1,1,1,1,1,2,8,6,1,1,33,2,2,0
2,44,2,2007,1,1,1,2,2,1,1,1,1,1,1,1,1,2,10,6,1,1,33,2,2,0
7,44,2,2007,2,1,1,2,2,1,1,1,1,1,1,1,1,2,9,6,1,1,33,2,2,1
7,44,2,2007,3,1,1,2,2,1,1,1,1,1,1,3,1,2,4,6,1,1,33,2,2,0
5,44,2,2007,2,1,1,2,2,1,1,1,1,1,1,1,1,2,4,6,1,1,33,2,2,1
5,44,2,2007,1,1,1,2,2,1,1,1,1,1,1,1,1,2,14,6,1,1,33,2,2,0
5,44,2,2007,2,1,1,2,2,1,1,1,1,1,1,1,1,2,9,6,1,1,33,2,2,0
1,40,1,2007,2,1,1,2,2,1,1,1,1,1,1,1,1,2,14,6,1,1,33,2,2,1
1,40,1,2007,1,1,1,2,2,1,1,1,1,1,1,1,1,2,14,6,1,1,33,2,2,1
1,40,1,2007,3,1,1,2,2,1,1,1,1,1,1,1,1,2,10,6,1,1,33,2,2,0
6,40,1,2007,1,1,1,2,2,1,1,1,1,1,1,1,1,2,19,6,1,1,33,2,2,0
6,40,2,2007,1,1,1,2,2,1,1,1,1,1,1,3,1,2,9,6,1,1,33,2,2,0
6,40,2,2007,2,1,1,2,2,1,1,1,1,1,1,3,1,2,14,6,1,1,33,2,2,1
3,40,2,2007,2,1,1,2,2,1,1,1,1,1,1,1,1,2,9,6,1,1,33,2,2,0
3,40,2,2007,2,1,1,2,2,1,1,1,1,1,1,1,1,2,9,6,1,1,33,2,2,0
1,46,1,2007,3,1,1,2,2,1,1,1,1,1,1,1,1,2,7,6,1,1,33,2,2,0
1,46,1,2007,2,1,1,2,2,1,1,1,1,1,1,3,1,2,8,6,1,1,33,2,2,0
1,46,2,2007,4,1,1,2,2,1,1,1,1,1,1,1,1,2,14,6,1,1,33,2,2,1
1,46,2,2007,3,1,1,2,2,1,1,1,1,1,1,1,1,2,8,6,1,1,33,2,2,0
1,46,2,2007,2,1,1,2,2,1,1,1,1,1,1,1,1,2,8,6,1,1,33,2,2,0
1,46,2,2007,3,1,1,2,1,1,2,1,1,1,1,1,1,2,9,6,1,1,33,2,2,0
6,46,1,2007,1,1,1,2,2,1,1,1,1,1,1,3,1,2,9,6,1,1,33,2,2,1
6,46,2,2007,2,1,1,2,2,1,1,1,1,1,1,1,1,2,14,6,1,1,33,2,2,0
6,46,2,2007,1,1,1,2,2,1,1,1,1,1,1,1,1,2,14,6,1,1,33,2,2,0
6,46,2,2007,1,1,1,2,2,1,1,1,1,1,1,1,1,2,9,6,1,1,33,2,2,1
9,47,7,2007,3,1,1,2,2,2,1,1,2,1,1,3,1,2,8,6,1,1,30,2,2,1
7,41,7,2007,2,2,3,2,2,1,1,1,1,1,1,1,1,1,9,11,1,1,33,1,2,0
7,41,7,2007,4,1,1,2,2,1,4,1,1,1,1,1,1,2,8,6,1,7,33,1,2,0
7,41,7,2007,2,7,1,2,2,1,1,1,1,1,1,1,1,1,9,11,1,1,52,2,2,0
7,41,7,2007,2,2,1,2,2,1,1,1,1,1,1,1,1,2,9,4,1,1,33,2,2,0
7,41,7,2007,4,7,8,2,2,1,1,1,1,1,1,1,1,1,9,11,1,1,33,2,2,0
7,41,7,2007,2,7,3,2,2,1,1,1,1,1,1,1,1,1,9,11,1,1,33,2,1,0
6,41,7,2007,4,7,1,1,2,1,1,5,1,1,1,3,1,2,19,11,1,1,33,2,2,1
6,41,7,2007,3,7,1,1,2,1,1,1,1,1,1,1,1,2,9,10,1,1,33,2,2,0
4,44,7,2007,4,1,1,2,2,1,4,1,1,1,1,3,1,2,19,6,1,1,20,2,2,3
6,44,7,2007,3,1,1,1,1,1,3,1,1,1,1,1,1,1,5,11,1,1,42,2,2,1
6,44,7,2007,3,2,1,1,1,1,1,1,1,1,1,1,1,1,14,6,1,1,32,2,2,0
6,44,7,2007,3,2,1,2,1,1,1,1,1,1,1,1,1,1,13,6,1,2,33,1,0,0
6,44,7,2007,1,7,5,2,1,1,1,1,1,1,1,1,1,2,19,11,1,7,33,1,0,0
7,44,7,2007,3,7,1,1,1,1,3,1,1,1,1,1,1,2,10,6,1,2,33,1,0,0
7,44,7,2007,2,1,1,1,1,1,2,1,1,1,1,1,1,2,9,6,2,6,33,1,2,0
7,44,7,2007,2,2,1,2,1,1,1,1,1,1,1,1,1,2,14,6,1,2,33,1,2,0
7,44,7,2007,2,7,1,2,2,1,1,1,1,1,1,1,1,2,9,6,1,1,33,1,2,0
5,44,7,2007,3,1,1,2,2,1,1,1,1,1,1,1,1,1,19,6,1,1,33,1,2,0
5,44,7,2007,2,1,1,2,2,1,1,1,1,1,1,1,1,2,9,6,1,7,40,1,2,0
5,44,7,2007,2,7,3,2,1,1,1,1,1,1,1,1,1,2,19,8,1,7,33,2,2,0
1,45,7,2007,2,7,1,2,2,1,1,1,1,1,1,1,1,2,9,6,1,7,33,1,2,0
1,50,6,2007,2,7,8,2,2,1,1,1,1,1,2,3,1,2,19,11,1,7,33,2,2,0
1,50,7,2007,4,4,5,2,1,1,3,1,1,1,1,2,1,1,5,9,1,1,18,2,2,3
1,50,7,2007,4,4,5,2,1,1,3,1,1,1,1,3,1,2,6,10,1,1,33,1,2,0
1,50,7,2007,2,7,1,2,2,1,1,1,1,1,1,1,1,2,9,6,1,1,33,1,2,0
10,50,7,2007,3,7,8,2,2,1,1,1,1,1,1,1,1,1,9,4,1,1,33,1,2,1
10,50,7,2007,3,1,1,2,2,2,1,1,2,1,1,1,1,2,9,6,1,1,35,1,2,0
10,50,7,2007,3,7,1,1,2,1,1,1,1,1,1,1,3,2,14,11,1,1,33,2,2,0
4,50,7,2007,3,1,1,1,2,1,1,1,1,1,1,3,1,2,6,6,1,1,33,2,2,0
12,50,7,2007,1,7,1,1,2,2,4,1,2,1,3,3,3,2,14,6,1,1,50,2,2,0
12,50,7,2007,3,7,1,1,2,1,1,1,1,1,1,1,1,2,9,6,1,1,33,2,2,0
2,50,7,2007,3,7,1,2,1,1,1,1,1,1,1,1,1,2,9,6,1,1,28,1,2,0
6,50,7,2007,1,7,8,1,2,1,1,1,1,1,1,3,1,2,8,6,1,1,35,2,2,0
6,50,7,2007,3,2,1,1,2,1,1,1,1,1,1,3,1,1,12,11,1,7,33,2,2,0
13,50,7,2007,3,7,1,1,2,1,2,1,1,1,1,1,1,2,7,6,1,1,30,1,2,3
1,35,7,2007,3,7,1,1,2,1,1,1,1,1,1,3,1,1,14,2,1,6,33,1,2,0
1,35,7,2007,1,7,4,1,1,1,1,1,1,1,1,2,1,2,10,6,1,1,33,1,2,1
1,35,7,2007,3,7,1,1,2,1,1,1,1,1,1,3,1,2,9,3,1,1,33,2,2,1
1,35,7,2007,2,7,1,1,2,1,1,2,1,1,1,3,1,1,10,2,1,1,50,2,2,1
4,35,7,2007,2,7,1,1,2,1,1,1,1,1,1,1,1,2,10,6,1,2,33,2,2,0
2,35,7,2007,2,7,1,1,2,1,2,1,1,1,1,3,1,2,10,6,1,2,33,1,2,0
10,52,7,2007,3,1,1,1,2,1,1,1,1,1,1,2,1,2,9,6,1,1,40,1,2,0
1,52,7,2007,2,2,3,1,2,1,1,1,1,1,1,2,1,2,10,6,1,2,35,2,2,1
6,52,7,2007,2,1,1,2,2,2,1,2,1,1,1,3,1,2,9,6,1,7,39,2,2,0
2,52,7,2007,3,1,1,1,2,1,1,2,1,1,1,3,1,2,7,6,1,1,33,1,2,1
8,52,6,2007,4,7,8,2,2,1,4,1,1,1,1,3,1,2,11,6,1,1,33,1,2,0
1,48,7,2007,3,1,1,2,1,1,2,2,1,1,1,3,1,2,9,6,1,1,33,2,2,1
5,48,7,2007,3,1,1,1,2,2,1,1,2,1,1,3,1,2,19,6,1,1,25,2,2,0
4,49,7,2007,3,1,1,2,2,1,1,1,1,1,1,4,1,2,19,11,1,2,22,1,2,0
12,51,7,2007,2,7,8,1,2,2,2,2,2,1,1,2,1,2,9,6,1,1,33,2,2,0
9,47,7,2007,3,1,1,1,2,1,1,1,2,1,1,3,1,2,9,10,1,1,30,2,2,1
9,47,7,2007,2,1,1,2,2,2,4,1,2,1,1,1,1,2,10,6,1,2,33,1,2,0
9,47,7,2007,1,3,8,2,2,2,4,1,2,1,1,1,1,2,10,6,1,1,33,2,2,0
9,47,7,2007,1,3,1,2,2,2,4,1,2,1,1,1,1,2,14,6,1,1,33,2,2,2
1,47,7,2007,4,7,1,2,2,1,3,1,1,1,1,3,1,1,9,6,1,7,33,2,2,0
9,47,7,2007,5,1,1,2,2,1,1,1,1,1,1,1,3,2,14,9,1,1,52,1,2,3
7,47,7,2007,2,7,8,1,2,1,1,1,1,1,1,1,1,2,9,6,1,1,33,2,2,0
2,47,7,2007,4,7,1,2,2,1,4,1,1,1,1,1,1,2,19,6,1,7,33,2,2,0
1,47,7,2007,2,7,1,2,2,1,1,1,1,1,1,1,1,2,9,11,1,7,33,2,2,0
11,47,7,2007,3,1,1,1,2,1,1,1,1,1,1,3,1,2,6,6,1,1,33,2,2,0
13,51,7,2007,1,1,1,1,2,1,2,1,5,1,2,3,1,2,10,6,1,1,33,1,2,0
8,51,7,2007,2,1,2,1,2,1,1,1,1,1,1,2,1,2,9,6,1,1,33,2,2,0
8,51,7,2007,2,7,1,1,2,1,1,1,1,1,1,2,1,2,16,11,1,7,35,2,2,0
7,38,7,2007,2,7,8,1,2,1,1,1,1,1,1,1,1,2,9,6,1,1,33,2,2,0
3,38,7,2007,3,1,8,1,2,2,1,2,2,1,1,1,1,2,12,6,1,1,33,1,2,0
3,38,7,2007,1,1,8,1,2,1,4,1,1,1,1,1,1,2,9,6,1,1,25,1,2,0
3,38,7,2007,3,1,8,1,2,1,1,1,2,1,1,1,1,2,11,6,1,1,33,2,2,0
6,38,7,2007,1,7,1,1,2,1,2,4,1,1,1,1,1,2,14,2,2,1,33,1,2,0
1,38,7,2007,2,1,1,2,2,1,1,1,1,1,1,1,1,2,14,6,1,1,43,2,2,0
6,38,7,2007,3,7,1,1,2,2,1,1,2,1,1,3,1,2,9,1,1,1,35,2,2,3
3,38,7,2007,1,1,8,1,2,1,4,1,1,1,1,1,1,2,10,6,1,2,33,1,0,0
3,39,7,2007,3,1,8,1,2,1,1,1,1,1,1,3,1,2,5,6,1,1,30,2,2,0
3,39,7,2007,2,1,8,2,2,1,1,1,1,1,1,1,1,2,14,11,1,1,35,2,2,0
3,39,7,2007,4,1,1,2,1,1,4,1,1,1,1,1,1,2,9,6,1,1,33,2,2,3
6,44,9,2007,4,1,1,2,1,1,4,1,1,1,1,1,1,1,10,6,1,2,33,2,2,0
6,44,9,2007,1,1,1,1,2,1,1,1,1,1,1,3,1,2,10,6,1,2,33,2,2,0
6,44,9,2007,2,1,1,2,1,1,1,1,1,1,1,1,1,1,10,6,1,2,33,1,0,0
7,44,9,2007,2,2,1,1,2,1,1,1,1,1,1,3,1,2,9,6,1,2,30,2,2,3
5,44,9,2007,4,1,1,1,2,1,2,1,1,1,1,1,1,2,14,6,1,1,28,2,2,0
5,44,9,2007,2,3,1,1,2,1,1,1,1,1,1,1,1,2,9,6,1,1,33,2,2,0
10,52,9,2007,1,1,2,2,1,1,1,1,1,1,1,2,1,1,13,11,1,1,40,2,2,1
1,52,8,2007,2,3,1,1,2,1,2,1,1,1,1,3,1,2,6,6,1,1,27,2,2,1
4,44,8,2007,2,1,1,1,2,1,1,1,1,1,1,2,1,1,8,6,1,1,30,2,2,0
4,44,8,2007,3,7,1,1,2,1,1,1,1,1,1,3,1,2,14,6,1,1,33,2,2,0
4,44,8,2007,3,1,1,1,2,1,1,1,1,1,1,3,1,2,9,6,1,1,32,2,2,0
3,44,8,2007,1,4,1,2,1,1,2,1,1,1,1,1,1,2,19,6,1,1,33,2,2,0
6,44,8,2007,3,4,1,1,2,1,1,1,1,1,1,2,1,2,14,6,1,1,40,2,2,0
6,44,8,2007,2,1,1,1,2,1,2,1,1,1,1,2,1,2,5,6,1,7,35,2,2,0
7,44,8,2007,4,7,1,1,2,1,2,1,1,1,1,1,1,2,10,6,1,2,33,2,2,0
5,44,8,2007,3,7,1,1,2,1,1,1,1,1,1,1,1,1,9,6,1,1,33,2,2,0
5,44,8,2007,2,7,1,1,2,1,1,1,1,1,1,1,1,1,9,6,1,1,33,2,2,0