Thana,District,Month,Year,Time,Junction_Type,Traffic_Control,Movement,Divider,Weather,Light,Road_Geometry,Surface_Condition,Surface_Type,Surface_Quality,Road_Class,Road_Feature,Location_Type,Vehicle_Type,Vehicle_Movement,Vehicle_Loading,Vehicle_Defect,Vehicle_Driver_Age,Vehicle_Alcohol,Vehicle_Seat_Belt,Accident_Severity
5,44,8,2007,3,1,1,1,2,1,1,1,1,1,1,1,1,2,14,6,1,1,33,2,2,0
2,52,8,2007,2,7,8,1,1,1,1,1,1,1,1,4,1,2,19,6,1,1,26,2,2,0
3,52,8,2007,3,6,2,1,2,1,1,2,1,1,1,3,1,2,9,2,1,1,35,2,2,0
8,52,8,2007,2,5,3,2,1,1,1,2,1,1,1,3,1,2,4,1,1,1,27,2,2,0
5,41,8,2007,2,7,3,1,2,1,1,1,1,1,1,1,1,1,8,6,2,7,33,2,2,0
5,41,8,2007,3,7,1,2,1,1,1,1,1,1,1,1,1,1,9,6,1,1,33,2,2,0
5,41,8,2007,3,7,1,2,1,1,1,1,1,1,1,1,1,1,9,6,2,7,33,2,2,0
7,41,8,2007,3,7,4,1,2,1,1,1,1,1,1,1,1,2,9,6,1,7,33,2,2,0
1,41,8,2007,2,1,1,1,2,1,1,1,1,1,1,1,1,2,10,6,1,2,33,2,2,0
2,41,8,2007,5,1,1,1,2,1,2,1,1,1,1,3,1,2,5,6,1,1,40,2,2,0
1,47,8,2007,3,1,1,1,2,1,1,1,1,1,1,1,1,2,9,5,1,7,33,2,2,0
1,47,8,2007,1,1,1,2,2,1,4,1,1,1,1,5,1,1,14,6,1,1,37,2,2,2
1,47,8,2007,1,4,1,1,2,1,2,1,1,1,1,1,1,2,14,10,1,1,40,2,2,0
12,47,8,2007,3,1,3,1,2,1,1,5,1,1,1,1,1,2,12,6,1,1,30,2,2,0
5,47,8,2007,2,1,1,1,2,1,1,1,1,1,1,3,1,2,10,6,1,2,33,1,0,0
8,47,8,2007,4,7,1,1,2,1,2,1,1,1,1,3,1,2,6,6,1,7,33,2,2,0
8,47,8,2007,3,1,1,1,2,1,1,1,1,1,1,1,1,2,9,11,1,7,33,2,2,0
8,47,8,2007,3,1,1,1,2,1,1,1,1,1,1,3,1,2,14,6,1,1,33,2,2,0
7,47,8,2007,3,4,1,1,2,1,1,1,1,1,1,1,1,2,8,1,1,1,26,2,2,3
7,47,8,2007,2,7,1,1,2,1,1,1,1,1,1,3,1,2,7,1,1,1,35,2,2,3
2,47,8,2007,1,1,1,1,2,1,1,1,1,1,1,1,1,2,14,9,1,1,40,2,2,0
9,47,8,2007,4,7,1,1,2,1,4,1,1,1,1,1,1,2,9,6,1,1,37,2,2,0
9,47,8,2007,4,1,1,1,2,2,4,1,2,1,1,1,1,2,10,6,1,2,33,1,0,0
1,38,6,2007,4,1,1,1,2,1,3,1,1,1,1,2,1,2,10,6,1,2,33,1,0,0
1,49,8,2007,4,1,4,1,1,4,1,1,1,1,1,2,1,2,7,4,1,1,33,2,2,0
2,49,8,2007,4,1,1,1,2,1,2,1,1,1,1,3,1,2,9,6,1,1,33,2,2,0
3,38,8,2007,2,1,1,1,2,1,1,1,1,1,1,1,1,2,12,6,1,1,33,2,2,0
4,38,8,2007,3,1,1,1,2,1,1,1,1,1,1,3,1,2,9,8,1,1,33,2,2,1
6,38,8,2007,1,7,1,1,2,1,2,1,1,1,1,2,1,2,9,9,1,7,33,2,2,1
6,38,8,2007,3,1,1,1,2,1,1,1,1,1,1,2,1,2,14,6,1,7,50,2,2,0
3,38,8,2007,2,7,8,1,2,1,1,1,1,1,1,1,1,2,13,6,1,1,33,2,2,0
3,38,8,2007,3,1,8,1,2,1,1,1,1,1,1,1,1,2,12,6,1,1,33,2,2,0
4,38,8,2007,2,1,1,1,2,1,1,1,1,1,1,3,1,2,8,6,1,1,33,2,2,0
1,38,8,2007,2,1,1,1,2,1,1,1,1,1,1,3,1,2,9,6,1,7,40,2,2,0
1,38,8,2007,4,1,8,1,2,1,3,1,1,1,1,2,1,2,10,6,1,2,33,2,2,0
6,37,8,2007,2,7,1,1,2,1,1,2,2,1,3,3,1,2,5,2,1,1,19,2,2,0
1,50,8,2007,1,4,5,2,2,1,1,1,1,1,1,1,1,2,14,5,1,1,33,2,2,0
10,50,8,2007,3,1,1,2,2,2,1,2,2,1,1,1,1,2,9,6,1,1,33,2,2,3
10,50,8,2007,3,1,1,1,2,1,1,1,1,1,1,3,1,2,9,6,1,1,33,2,2,0
10,50,8,2007,3,1,1,1,2,1,1,1,1,1,1,3,1,2,9,6,1,1,33,2,2,0
12,50,8,2007,3,1,1,1,2,1,1,1,1,1,1,1,1,2,10,5,1,1,33,2,2,0
19,50,8,2007,4,1,1,2,2,1,1,1,1,1,1,1,1,2,7,11,1,1,33,2,2,0
12,50,8,2007,1,1,1,2,2,1,1,1,1,1,1,1,1,2,9,6,1,1,33,2,2,0
2,50,8,2007,2,7,1,1,2,1,1,1,1,1,1,1,1,2,12,6,1,1,33,2,2,0
2,50,8,2007,1,1,1,1,2,1,4,1,1,1,1,1,1,2,10,6,1,2,33,2,2,0
2,50,8,2007,3,1,1,1,2,1,1,1,1,1,1,1,1,2,9,6,1,1,33,2,2,0
6,50,8,2007,2,1,1,1,2,1,1,1,1,1,1,3,1,2,17,6,1,1,33,2,2,0
5,50,8,2007,2,7,1,1,2,1,4,1,1,1,1,3,1,2,12,6,1,1,45,2,2,1
1,48,8,2007,1,7,1,1,2,1,1,2,1,1,1,3,1,2,4,6,1,1,33,2,2,0
9,51,8,2007,3,7,1,1,2,1,1,1,1,1,1,3,1,2,14,6,1,1,40,2,2,0
1,35,8,2007,2,7,1,1,2,1,1,1,1,1,1,3,1,2,9,1,1,1,33,2,2,0
3,39,8,2007,1,1,8,1,2,1,4,1,1,1,1,1,1,2,14,11,1,1,40,2,2,0
4,39,8,2007,4,7,3,1,2,1,1,1,1,1,1,2,1,2,4,6,1,1,33,2,2,0
1,45,8,2007,2,7,1,1,2,1,1,1,1,1,1,1,1,2,9,6,1,1,33,2,2,0
5,45,8,2007,4,7,1,1,2,1,4,1,1,1,1,1,1,2,12,6,1,1,33,2,2,0
1,46,8,2007,2,7,1,1,2,1,4,1,1,1,1,1,1,2,14,6,1,1,33,2,2,0
5,41,9,2007,2,1,8,1,2,1,1,1,1,1,1,1,1,1,13,6,1,1,33,2,2,0
5,41,9,2007,2,3,1,1,2,1,1,1,1,1,1,1,1,2,12,6,1,1,33,2,2,3
5,41,9,2007,2,3,1,1,2,1,1,1,1,1,1,1,1,2,9,6,1,1,33,2,2,0
1,40,9,2007,2,1,1,1,2,1,1,1,1,1,1,3,1,2,17,11,1,1,33,2,2,1
1,41,9,2007,2,1,1,1,2,1,1,1,1,1,1,1,1,2,17,11,1,1,30,2,2,1
7,41,9,2007,3,1,1,1,2,1,1,1,1,1,1,2,1,2,9,6,1,1,33,2,2,0
7,41,9,2007,2,1,1,1,2,1,1,1,1,1,1,2,1,2,9,6,1,1,33,2,2,0
7,41,9,2007,1,1,1,1,2,1,1,1,1,1,1,2,1,2,9,6,1,1,33,2,2,0
7,41,9,2007,2,1,1,1,2,1,4,1,1,1,1,1,1,2,13,6,1,1,33,2,2,0
7,41,9,2007,1,7,3,1,2,1,1,1,1,1,1,1,1,2,14,6,1,1,33,2,2,0
6,41,9,2007,3,1,1,1,2,1,1,1,1,1,1,1,1,1,10,6,1,2,33,2,2,1
6,41,9,2007,1,1,1,1,2,1,1,1,1,1,1,1,1,2,9,6,1,1,33,2,2,0
6,41,9,2007,1,1,1,1,2,1,1,1,1,1,1,3,1,2,9,6,1,1,1,2,2,0
6,41,9,2007,1,1,1,1,2,1,1,1,1,1,1,3,1,2,10,6,1,2,33,1,0,0
6,41,9,2007,3,1,3,1,2,1,1,1,1,1,1,3,1,2,10,6,1,2,33,2,2,0
6,41,9,2007,3,1,1,1,2,1,1,1,1,1,1,1,1,2,9,6,1,1,33,2,2,0
6,41,9,2007,2,1,3,1,2,1,1,1,1,1,1,3,1,2,19,6,1,1,33,2,2,0
6,41,8,2007,3,1,1,1,2,1,1,1,1,1,1,1,1,1,7,6,1,1,33,2,2,0
1,50,9,2007,2,1,1,2,2,1,1,1,1,1,1,1,1,2,9,6,1,1,40,2,2,0
4,50,9,2007,2,3,1,2,2,1,1,1,1,1,1,3,1,2,19,11,1,1,35,2,2,0
12,50,9,2007,3,1,1,2,2,1,1,1,1,1,1,1,1,2,9,2,1,1,47,2,2,0
12,50,9,2007,3,1,1,1,2,1,1,1,1,1,1,1,1,2,9,6,1,1,27,2,2,0
12,50,9,2007,3,1,1,1,2,1,1,1,1,1,1,1,1,2,12,6,1,1,25,2,2,0
12,50,9,2007,2,1,1,1,2,1,1,1,1,1,1,1,1,2,14,6,1,1,33,2,2,0
11,50,9,2007,2,1,1,1,2,1,1,1,1,1,1,3,1,2,19,11,1,7,33,2,2,0
11,50,9,2007,3,1,1,1,2,1,1,1,1,1,1,4,1,2,1,6,1,1,33,2,2,0
5,50,9,2007,2,1,1,1,2,1,1,1,1,1,1,3,1,1,4,11,1,1,33,2,2,0
8,51,9,2007,3,1,1,2,2,1,1,4,1,1,1,3,1,2,9,4,1,1,30,2,2,0
12,51,9,2007,4,1,1,2,2,1,1,1,1,1,1,3,1,1,12,11,1,7,33,2,2,0
12,51,9,2007,3,1,1,2,2,1,1,1,1,1,1,2,1,2,9,6,1,1,24,2,2,0
4,51,9,2007,3,1,8,1,2,1,1,1,1,1,1,2,1,2,14,6,1,1,33,2,2,0
11,51,9,2007,3,1,1,1,2,1,1,1,1,1,1,3,1,2,6,6,1,2,28,2,2,0
1,48,9,2007,1,1,1,1,2,1,1,1,1,1,1,5,1,2,19,6,1,1,33,2,2,1
1,48,9,2007,2,1,1,1,2,1,1,1,1,1,1,1,1,2,14,6,1,1,33,2,2,0
1,48,9,2007,1,1,1,1,2,1,1,1,1,1,1,1,1,2,7,6,1,6,28,2,2,0
1,39,9,2007,1,7,1,1,2,1,4,1,1,1,1,3,1,2,9,6,1,1,35,2,2,0
1,39,9,2007,2,7,1,1,2,1,1,1,1,1,1,1,1,2,9,6,1,1,45,2,2,3
3,39,9,2007,3,1,4,1,2,1,1,1,1,1,1,1,1,2,14,5,1,1,50,2,2,0
6,38,9,2007,3,3,1,1,2,1,1,1,1,1,1,1,1,2,6,6,1,1,30,2,2,3
3,38,9,2007,3,1,1,1,2,1,1,1,1,1,1,1,1,2,9,3,1,1,33,2,2,0
8,38,9,2007,2,1,1,1,2,1,1,1,1,1,1,3,1,2,6,6,1,1,25,2,2,0
1,45,9,2007,2,7,1,2,2,1,1,1,1,1,1,1,1,2,9,6,1,1,33,1,2,0
1,45,9,2007,3,7,1,2,2,1,1,1,1,1,1,1,1,2,14,6,1,1,33,2,2,1
6,45,9,2007,2,7,1,2,2,1,1,1,1,1,1,3,1,2,9,6,1,1,33,2,2,0
1,45,9,2007,2,1,1,2,2,1,1,1,1,1,1,1,1,2,9,6,1,1,33,2,2,1
2,45,9,2007,2,7,1,2,2,1,1,1,1,1,1,1,1,2,9,6,1,1,33,2,2,0
3,45,9,2007,3,1,1,2,2,1,1,1,1,1,1,3,1,2,9,10,1,1,33,2,2,0
6,45,9,2007,3,2,1,2,2,1,1,1,1,1,1,3,1,1,13,6,1,1,25,2,2,1
5,41,10,2007,4,1,1,2,1,1,4,1,1,1,1,1,1,2,10,6,1,2,33,1,0,0
3,41,10,2007,3,1,1,2,2,1,1,2,1,1,1,3,1,2,4,2,1,1,33,2,2,0
7,41,10,2007,1,1,3,2,2,1,2,1,1,1,1,1,1,2,9,6,1,1,33,2,2,0
7,41,10,2007,3,1,1,2,2,1,1,1,1,1,1,1,1,1,9,6,1,1,40,2,2,0
7,41,10,2007,3,1,1,2,1,1,1,1,1,1,1,1,1,1,14,6,1,1,33,2,2,1
7,41,10,2007,3,1,1,2,2,1,1,1,1,1,1,1,1,1,10,6,1,2,33,1,0,0
6,41,10,2007,4,1,1,2,2,1,4,1,1,1,1,1,1,2,10,6,1,2,33,2,2,0
6,41,10,2007,4,1,1,2,2,1,3,1,1,1,1,1,1,2,9,6,1,1,33,2,2,0
6,41,10,2007,2,1,1,2,2,1,1,1,1,1,1,1,1,2,9,6,1,1,33,2,2,0
1,51,10,2007,2,2,8,2,2,1,2,1,1,1,1,3,1,2,7,4,1,1,33,2,2,0
12,51,10,2007,3,1,1,2,2,1,1,1,1,1,1,3,1,2,4,6,1,1,30,2,2,1
4,51,10,2007,3,4,1,2,2,2,4,2,2,1,3,2,1,2,8,1,1,1,35,2,2,0
8,51,10,2007,3,1,1,2,2,1,2,1,1,1,1,2,1,2,3,6,1,1,30,2,2,0
1,49,9,2007,2,1,1,2,2,1,1,1,1,1,1,2,1,2,14,6,1,1,40,2,2,0
1,35,10,2007,4,1,2,2,1,1,2,1,1,1,1,1,1,1,10,6,1,2,33,1,0,0
4,35,10,2007,3,1,1,2,2,1,1,2,1,1,1,1,1,2,19,6,1,1,33,2,2,1
2,35,10,2007,2,1,1,2,2,1,1,1,1,1,1,2,1,2,4,6,1,1,20,2,2,0
2,35,10,2007,2,7,8,2,2,1,1,1,1,1,1,2,1,2,7,6,1,1,27,2,2,3
2,45,10,2007,2,1,1,2,2,1,1,1,1,1,1,1,1,2,9,6,1,1,33,2,2,0
5,45,10,2007,3,7,1,2,2,1,1,1,1,1,1,1,1,2,9,11,1,1,33,2,2,0
6,45,10,2007,2,7,1,2,2,1,1,1,1,1,1,1,1,1,10,6,1,2,33,1,0,0
6,45,10,2007,4,7,1,2,2,1,4,2,1,1,1,2,1,2,9,6,1,1,33,2,2,0
6,48,10,2007,3,1,1,2,2,1,1,1,1,1,2,3,1,2,8,6,1,3,33,2,2,0
1,48,10,2007,3,1,1,2,2,1,1,1,2,1,1,3,1,2,11,6,1,1,35,2,2,0
6,48,10,2007,3,7,1,2,2,1,1,1,1,1,1,3,1,2,8,4,2,1,33,2,2,1
12,50,10,2007,4,1,1,2,2,1,4,1,1,1,1,3,1,2,6,6,1,1,33,2,2,0
12,50,10,2007,1,1,1,2,2,1,4,1,1,1,1,1,1,2,10,6,1,2,33,1,0,0
12,50,10,2007,2,7,1,2,2,1,1,1,1,1,1,1,1,2,9,6,1,1,50,2,2,0
12,50,10,2007,4,7,1,2,2,1,3,1,1,1,1,1,1,2,9,6,1,1,50,2,2,0
12,50,10,2007,4,1,1,2,2,1,4,1,1,1,1,1,1,2,9,6,1,1,33,2,2,0
12,50,10,2007,3,1,1,2,2,1,1,1,1,1,1,1,1,2,9,11,1,1,33,2,2,0
2,50,10,2007,3,1,3,2,2,1,3,1,1,1,1,1,1,2,9,6,1,1,55,2,2,0
7,50,10,2007,2,1,1,2,2,1,1,1,1,1,1,2,1,1,9,6,1,1,33,2,2,0
11,50,10,2007,3,7,1,2,2,1,1,3,1,1,3,3,1,2,1,11,1,1,33,2,2,0
11,50,10,2007,2,1,1,1,1,1,1,1,1,1,1,2,1,2,13,6,1,1,35,2,2,1
3,39,10,2007,3,3,2,2,2,1,1,1,1,1,1,1,1,2,9,6,1,1,40,2,2,0
1,39,10,2007,2,7,1,2,2,1,1,2,1,1,1,3,1,1,9,6,1,1,33,2,2,0
1,39,10,2007,3,1,1,2,2,1,1,1,1,1,1,3,1,2,19,6,1,1,40,2,2,1
1,39,10,2007,3,7,1,2,2,1,1,1,1,1,1,3,1,2,9,6,1,7,33,2,2,1
4,37,10,2007,2,7,1,2,2,1,1,1,1,1,2,3,1,2,9,6,1,7,33,2,2,0
1,38,10,2007,3,7,1,2,2,1,1,1,1,1,1,1,1,2,10,7,1,1,33,2,2,0
7,38,10,2007,2,1,1,2,2,1,1,1,1,1,1,2,1,2,9,6,1,1,33,2,2,0
6,38,10,2007,4,7,2,2,2,1,2,1,1,1,1,3,1,2,9,6,1,1,33,2,2,0
3,38,10,2007,3,1,1,2,2,1,1,1,1,1,1,1,1,2,9,6,1,1,33,2,2,0
3,38,10,2007,3,1,1,2,2,1,2,1,1,1,1,1,1,1,10,6,1,2,33,1,0,0
3,38,10,2007,4,1,1,2,2,1,4,1,1,1,1,1,1,2,7,6,1,1,33,2,2,0
4,41,11,2007,4,1,1,2,2,1,2,2,1,1,1,3,1,2,9,6,1,1,33,2,2,0
7,41,11,2007,2,7,3,2,2,1,1,1,1,1,1,1,1,2,9,6,1,1,33,2,2,0
7,41,11,2007,4,7,1,2,1,1,2,1,1,1,1,1,1,2,9,11,1,1,33,2,2,2
7,41,11,2007,3,1,3,2,2,1,1,1,1,1,1,1,1,2,9,6,1,1,33,2,2,0
7,41,11,2007,3,1,1,2,2,1,1,1,1,1,1,1,1,2,9,6,1,1,33,2,2,0
7,41,11,2007,1,1,1,2,2,1,4,1,1,1,1,3,1,2,9,6,1,1,33,2,2,0
7,41,11,2007,1,7,1,2,2,1,3,1,1,1,1,1,1,1,9,6,1,1,33,2,2,0
7,41,11,2007,3,7,8,2,1,1,1,1,1,1,1,1,1,2,9,6,1,1,33,2,2,0
7,41,10,2007,4,7,8,2,1,1,4,1,1,1,1,1,1,2,19,6,1,1,33,2,2,0
7,41,6,2007,3,7,1,2,2,1,3,5,5,1,1,1,1,2,9,6,1,1,33,2,2,0
7,41,11,2007,2,1,1,2,2,1,1,1,1,1,1,2,1,2,4,6,1,1,33,2,2,0
6,41,11,2007,3,1,1,2,2,1,1,1,1,1,1,1,1,2,19,6,1,1,33,2,2,0
6,41,11,2007,4,1,1,2,2,1,3,1,1,1,1,1,1,2,9,6,1,1,33,2,2,0
6,41,11,2007,4,1,1,2,2,1,1,1,1,1,1,1,1,2,10,6,1,2,33,1,0,0
6,41,11,2007,2,1,1,2,2,1,1,1,1,1,1,1,1,2,9,6,1,1,33,2,2,0
1,50,11,2007,3,2,1,2,2,1,1,1,1,1,1,3,1,2,9,6,1,1,33,2,2,0
10,50,11,2007,3,1,1,2,2,1,1,1,1,1,1,3,1,2,14,6,1,1,35,2,2,0
12,50,11,2007,3,1,1,2,2,1,1,1,1,1,1,1,1,2,14,11,1,1,40,2,2,0
12,50,11,2007,2,1,1,2,2,1,1,1,1,1,1,1,1,2,12,6,1,1,35,2,2,0
12,50,11,2007,4,1,1,2,2,1,4,1,1,1,1,1,1,2,9,6,1,1,33,2,2,0
2,50,11,2007,2,1,1,2,2,1,1,1,1,1,1,1,1,2,9,6,1,1,33,2,2,0
2,50,11,2007,2,1,1,2,2,1,1,1,1,1,1,1,1,2,9,6,1,1,50,2,2,1
9,50,11,2007,3,1,1,2,2,1,1,1,1,1,1,2,1,2,9,6,1,1,35,2,2,0
11,50,11,2007,3,1,1,2,2,1,1,1,1,1,1,2,1,2,14,6,1,1,32,2,2,0
5,50,11,2007,3,1,1,2,2,1,1,1,1,1,1,3,1,2,14,6,1,1,33,2,2,0
8,50,11,2007,3,1,1,2,2,1,2,1,1,1,1,3,1,2,6,6,1,1,26,2,2,0
13,50,11,2007,2,1,1,2,2,1,1,1,1,1,1,3,1,2,9,6,1,1,33,2,2,0
1,35,11,2007,2,1,1,2,2,1,1,2,1,1,1,3,1,2,10,6,1,1,33,2,2,0
4,35,11,2007,2,1,1,2,2,1,1,1,1,1,1,2,1,2,9,6,1,1,33,2,2,0
2,35,11,2007,1,1,1,2,2,4,3,1,1,1,1,3,2,1,9,6,1,1,33,2,2,0
3,35,11,2007,4,1,1,2,2,1,4,1,1,1,1,3,1,2,19,6,1,1,33,2,2,0
1,51,11,2007,2,3,8,2,2,1,1,1,1,1,1,3,1,2,7,6,1,1,33,2,2,1
4,51,10,2007,3,3,1,2,2,1,1,1,1,1,1,5,1,2,4,6,1,1,28,2,2,1
4,51,11,2007,3,1,1,2,2,1,1,2,1,3,2,3,1,2,17,8,2,3,33,2,2,0
6,48,11,2007,3,1,1,2,2,1,1,5,1,2,2,3,1,2,8,6,1,1,32,2,2,0
6,48,10,2007,3,1,1,2,2,1,1,1,1,1,2,3,1,2,8,6,1,1,32,2,2,0
1,48,11,2007,4,1,1,2,2,1,2,1,1,1,1,1,1,2,9,5,1,1,33,2,2,0
1,45,11,2007,4,7,1,2,2,1,2,1,1,1,1,1,1,2,9,6,1,1,33,2,2,0
5,45,11,2007,3,7,1,2,2,1,1,1,1,1,1,1,1,2,9,6,1,1,33,2,2,1
1,45,11,2007,1,7,1,2,2,1,3,1,1,1,1,1,1,2,12,6,1,1,33,2,2,1
6,45,11,2007,2,5,1,2,2,1,1,1,1,1,1,1,1,2,9,6,1,7,33,2,2,0
4,45,11,2007,3,7,1,1,2,1,1,1,1,1,1,3,1,2,9,6,1,1,33,2,2,0
1,39,11,2007,3,7,1,2,2,1,1,2,1,1,1,1,1,2,9,1,1,1,50,2,2,1
1,39,11,2007,3,7,3,2,2,1,1,1,1,1,1,1,1,2,12,6,1,1,26,2,2,1
7,39,11,2007,2,1,1,2,2,1,1,1,1,1,1,1,1,2,9,6,1,1,33,2,2,0
10,52,11,2007,3,3,8,1,2,1,1,1,1,1,1,2,1,2,9,6,1,1,33,2,2,0
6,38,11,2007,3,1,1,2,2,1,1,1,1,1,1,3,1,2,14,6,1,1,28,2,2,0
6,38,11,2007,2,1,1,2,2,1,1,1,1,1,1,1,1,2,7,6,1,1,38,2,2,0
4,38,11,2007,3,1,1,2,2,1,1,1,1,1,1,3,1,2,4,6,1,1,33,2,2,0
3,38,11,2007,4,1,1,2,2,1,2,1,1,1,1,1,1,2,9,6,1,1,33,2,2,0
6,38,11,2007,3,1,3,2,2,1,1,1,1,1,1,1,1,2,10,6,1,2,33,1,0,0
6,38,11,2007,2,7,1,2,2,1,1,1,1,1,1,1,1,2,9,6,1,1,32,1,0,0
3,38,11,2007,2,1,1,1,1,1,1,1,1,1,1,1,1,2,9,6,1,1,33,2,2,0
5,41,12,2007,2,1,1,2,2,1,1,1,1,1,1,1,1,2,14,6,1,1,30,2,2,0
1,41,12,2007,3,1,1,2,2,1,2,1,1,1,1,1,1,2,9,6,1,1,35,2,2,0
7,41,12,2007,3,1,1,2,2,1,1,1,1,1,1,2,1,2,14,6,1,1,45,2,2,0
7,41,12,2007,4,1,1,2,2,1,4,1,1,1,1,1,1,2,14,6,1,1,32,2,2,0
7,41,12,2007,3,3,1,2,2,1,1,2,1,1,1,2,1,2,9,6,1,2,33,1,0,0
6,41,12,2007,4,1,1,2,2,1,4,1,1,1,1,1,1,2,10,6,1,2,33,1,0,0
6,41,12,2007,4,1,1,2,2,1,4,1,1,1,1,1,1,2,14,6,1,1,38,2,2,0
6,41,12,2007,4,1,1,2,2,1,2,1,1,1,1,1,1,2,10,6,1,2,33,1,0,0
6,41,12,2007,4,1,1,2,2,1,3,1,1,1,1,1,1,2,10,6,1,2,33,1,0,1
6,41,12,2007,4,1,1,2,2,1,4,1,1,1,1,1,1,2,9,6,1,1,33,2,2,0
1,39,12,2007,1,1,1,2,2,4,4,1,1,1,1,1,1,2,14,6,1,1,33,2,2,0
1,39,12,2007,4,2,8,2,2,1,2,2,1,1,1,1,1,2,13,11,1,7,33,2,2,0
2,39,12,2007,3,7,3,2,2,1,1,2,1,1,1,2,1,2,4,6,1,1,33,2,2,0
2,35,12,2007,3,7,1,2,2,1,1,1,1,2,2,3,1,2,9,6,1,1,24,2,2,0
1,38,12,2007,2,1,8,2,2,1,1,1,1,1,1,1,1,2,14,6,1,1,33,2,2,0
4,38,12,2007,3,7,1,2,2,1,1,1,4,1,1,3,3,2,9,6,1,1,33,2,2,0
4,38,12,2007,4,1,1,2,2,1,4,1,1,1,1,3,1,2,10,6,1,2,33,1,0,0
4,38,12,2007,3,1,1,2,2,1,1,1,1,1,1,3,1,2,9,6,1,1,33,2,2,0
4,38,12,2007,2,1,1,2,2,1,1,1,1,1,1,3,1,2,19,6,1,1,33,2,2,0
6,38,12,2007,2,1,5,2,2,1,1,1,1,1,1,1,1,2,9,6,1,1,33,2,2,0
7,38,12,2007,4,1,1,2,2,1,4,1,1,1,1,1,1,2,8,6,1,1,37,2,2,0
3,38,12,2007,3,1,1,2,2,1,1,1,1,1,1,1,1,2,19,6,1,1,33,2,2,0
3,38,12,2007,4,1,1,2,2,1,2,1,1,1,1,1,1,2,9,6,1,1,27,2,2,0
4,38,12,2007,2,1,1,2,2,1,1,1,1,1,1,3,1,2,9,6,1,1,45,2,2,0
6,48,12,2007,3,1,1,2,2,1,1,1,1,1,1,3,1,2,19,6,1,1,33,2,2,0
1,48,12,2007,2,1,1,2,2,1,1,1,1,1,1,1,1,2,14,6,1,1,33,2,2,0
1,48,12,2007,4,1,1,2,2,4,2,5,1,1,3,3,2,2,8,6,1,1,33,2,2,0
3,48,12,2007,3,1,1,2,2,1,1,1,1,1,1,3,1,2,4,6,1,1,33,2,2,0
3,48,12,2007,3,1,1,2,2,1,1,1,1,1,1,3,1,2,19,6,1,1,33,2,2,0
3,44,10,2007,3,1,1,2,2,1,2,1,1,1,1,1,1,2,10,6,1,2,33,1,0,0
6,44,10,2007,3,1,1,2,2,1,2,1,1,1,1,3,1,2,14,6,1,1,33,2,2,0
6,44,9,2007,3,1,1,2,2,1,1,1,1,1,1,3,1,2,6,6,1,1,33,2,2,0
6,44,10,2007,1,2,1,2,2,1,2,1,1,1,1,2,1,2,10,6,1,1,33,2,2,0
6,44,10,2007,4,1,1,2,2,1,4,1,1,1,1,3,1,2,14,6,1,1,33,2,2,0
6,44,10,2007,4,1,1,2,2,1,4,1,1,1,1,1,1,2,14,6,1,1,33,2,2,0
6,44,10,2007,4,1,1,2,2,1,4,1,1,1,1,1,1,2,19,6,1,1,45,2,2,0
6,44,10,2007,4,3,3,2,2,1,4,1,1,1,1,1,1,2,9,6,1,1,33,2,2,0
2,44,10,2007,1,1,1,2,2,1,2,1,1,1,1,1,1,2,9,6,1,1,33,2,2,0
7,44,10,2007,1,1,1,2,2,1,2,1,1,1,1,1,1,2,10,6,1,2,33,1,0,0
5,44,10,2007,4,1,1,2,2,1,4,1,1,1,1,1,1,2,9,6,1,1,33,2,2,0
5,44,10,2007,3,1,1,2,2,1,2,1,1,1,1,1,1,2,14,6,1,1,33,2,2,0
5,44,10,2007,2,1,1,2,2,1,1,1,1,1,1,3,1,2,5,6,1,1,33,2,2,1
1,51,12,2007,3,1,1,2,2,1,1,2,1,1,2,3,1,2,9,6,1,1,33,2,2,0
6,51,12,2007,4,1,1,2,2,1,2,1,1,1,1,3,1,2,14,6,1,1,33,2,2,0
5,45,12,2007,2,7,1,2,2,1,1,1,1,1,1,1,1,2,9,6,1,1,33,2,2,1
4,45,12,2007,2,1,1,2,2,1,1,1,1,1,1,3,1,2,9,6,1,1,33,2,2,0
3,45,12,2007,2,1,1,2,2,1,1,1,1,1,1,3,1,2,14,6,1,1,33,2,2,0
1,45,12,2007,3,7,1,2,2,1,1,1,1,1,1,1,1,2,14,6,1,1,33,2,2,0
1,50,12,2007,3,1,8,2,2,1,1,2,1,1,3,2,1,2,9,6,1,1,33,2,2,0
1,50,12,2007,2,1,1,2,2,1,1,1,1,1,1,3,1,2,13,6,1,1,40,2,2,0
12,50,12,2007,1,1,1,2,2,1,4,1,1,1,1,1,1,2,10,6,1,1,33,2,2,0
12,50,12,2007,3,1,1,2,2,1,1,1,1,1,1,1,1,2,9,6,1,1,33,2,2,0
2,50,12,2007,3,1,1,2,2,1,1,1,1,1,1,1,1,2,9,6,1,1,48,2,2,0
2,50,12,2007,1,1,1,2,2,1,4,1,1,1,1,1,1,2,14,6,1,1,35,2,2,0
6,50,12,2007,3,1,1,2,2,1,1,1,1,3,2,3,1,2,17,6,1,1,33,2,2,0