Thana,District,Month,Year,Time,Junction_Type,Traffic_Control,Movement,Divider,Weather,Light,Road_Geometry,Surface_Condition,Surface_Type,Surface_Quality,Road_Class,Road_Feature,Location_Type,Vehicle_Type,Vehicle_Movement,Vehicle_Loading,Vehicle_Defect,Vehicle_Driver_Age,Vehicle_Alcohol,Vehicle_Seat_Belt,Accident_Severity
7,50,12,2007,4,1,1,2,2,1,4,1,1,1,1,3,1,2,9,6,1,1,35,2,2,0
11,50,12,2007,2,1,1,2,2,1,1,1,1,1,1,1,1,2,10,6,1,2,33,1,0,0
11,50,12,2007,3,7,1,2,2,1,1,2,1,1,1,2,1,2,19,6,1,1,33,2,2,0
5,50,12,2007,3,3,1,2,2,1,1,1,1,1,1,3,1,2,14,6,1,1,25,2,2,0
13,50,12,2007,3,1,3,2,2,1,1,1,1,1,1,3,1,2,7,6,1,1,33,2,2,0
1,44,11,2007,1,1,1,2,2,1,2,1,1,1,1,3,1,1,10,6,1,1,33,2,2,0
4,44,11,2007,1,3,1,2,2,1,4,1,1,1,1,3,1,2,12,6,1,1,33,2,2,0
4,44,11,2007,4,3,1,2,2,1,4,1,1,1,1,3,1,2,9,6,1,1,33,2,2,0
4,44,11,2007,1,1,3,2,2,1,3,1,1,1,1,3,1,2,13,6,1,1,33,2,2,0
12,47,6,2007,4,1,2,2,2,1,3,1,1,1,1,1,1,2,9,6,1,2,33,1,0,0
5,47,6,2007,1,1,1,2,1,2,2,1,2,1,1,1,1,2,12,6,1,2,33,1,0,0
1,47,6,2007,2,3,8,1,2,1,1,1,1,1,1,1,1,1,9,6,1,1,35,2,2,0
2,47,3,2007,4,1,1,2,1,1,1,1,1,1,1,1,2,2,14,6,1,1,33,1,0,0
1,47,6,2007,3,1,1,2,2,1,1,1,1,1,1,1,2,2,8,6,1,1,32,2,2,0
4,47,6,2007,3,1,1,2,1,1,1,1,1,1,1,1,1,1,9,6,1,1,37,2,2,1
8,47,6,2007,3,1,1,2,2,1,1,1,1,1,1,1,1,1,9,6,1,2,33,2,2,0
11,47,6,2007,2,1,1,2,2,1,1,1,1,1,1,3,1,1,14,6,1,2,33,2,2,0
11,47,6,2007,2,1,1,2,1,1,3,1,1,1,1,3,1,1,10,6,1,2,33,2,2,0
1,49,6,2007,4,1,1,2,2,1,2,1,1,1,1,3,1,2,17,6,2,7,33,2,2,0
2,49,6,2007,4,1,1,2,2,1,1,1,1,1,1,1,1,2,9,6,1,1,33,2,1,0
3,49,6,2007,2,6,8,2,2,1,1,1,1,1,1,1,1,2,9,11,1,7,33,2,2,1
7,51,3,2007,2,1,1,2,2,1,1,1,1,1,1,2,1,1,6,6,1,7,33,2,2,0
7,51,3,2007,3,1,1,2,1,1,1,1,1,1,1,3,1,2,9,6,1,7,33,2,2,0
12,51,3,2007,3,1,1,1,1,1,1,1,1,1,1,2,1,2,17,6,1,1,33,2,2,0
8,51,3,2007,3,1,1,2,1,1,1,1,1,1,1,2,1,2,12,6,1,7,35,2,2,1
8,51,3,2007,4,1,1,2,1,1,1,1,1,1,1,3,1,2,12,6,1,7,33,2,2,0
1,50,3,2007,4,1,1,2,2,1,1,1,1,1,1,2,1,2,17,6,1,1,33,2,1,0
1,49,2,2007,2,3,1,2,2,1,1,1,1,1,1,3,1,2,10,6,1,2,33,2,2,0
4,49,2,2007,1,1,1,2,2,1,1,1,1,1,1,3,1,2,17,2,2,6,25,2,2,0
1,47,6,2007,3,1,8,2,2,2,1,1,2,1,1,1,1,2,9,6,1,2,33,1,0,0
8,47,6,2007,3,7,1,2,2,1,1,2,1,1,1,1,1,2,14,5,1,1,33,2,2,1
1,47,3,2007,2,1,1,2,2,1,1,1,1,1,1,1,1,2,8,5,1,1,40,2,2,1
12,47,3,2007,3,4,1,2,2,1,1,1,1,1,1,1,1,2,9,6,1,7,33,1,2,0
8,52,6,2007,4,3,1,2,1,1,1,1,1,1,1,2,1,1,14,6,1,7,36,2,2,1
1,52,6,2007,2,7,1,1,2,1,1,3,5,3,2,2,2,2,14,7,1,3,42,2,2,0
1,52,1,2007,4,4,8,2,2,1,1,1,1,1,1,2,1,1,14,9,2,1,33,1,0,1
1,52,10,2007,2,4,1,2,2,1,4,2,1,1,1,3,1,1,8,2,1,7,30,2,2,0
4,52,10,2007,3,1,2,2,2,1,1,1,1,1,1,2,1,2,9,6,2,7,25,1,2,1
4,10,10,2007,3,7,8,2,2,1,1,1,1,1,1,3,1,2,8,6,1,1,27,2,2,0
1,52,2,2007,2,7,1,1,2,1,2,1,2,1,1,3,1,2,14,6,1,1,33,1,2,0
5,52,8,2007,3,3,1,1,2,2,1,2,2,1,1,3,1,2,4,6,1,2,35,1,2,0
4,51,6,2007,2,1,1,2,2,1,1,1,1,1,1,1,1,2,14,6,1,7,19,2,2,0
9,51,1,2007,3,1,1,2,2,1,1,1,1,1,1,2,1,2,9,6,2,1,33,1,0,0
3,51,1,2007,2,1,1,2,2,1,2,1,1,1,1,4,1,2,17,6,2,1,32,2,2,0
10,51,1,2007,3,1,1,1,2,1,1,1,1,3,2,4,1,2,17,6,2,7,28,2,2,0
1,50,6,2007,2,1,1,2,2,2,1,1,2,1,1,1,1,2,9,6,2,7,30,1,2,0
1,50,6,2007,2,4,4,2,2,1,1,2,1,1,1,5,1,1,9,1,1,1,33,2,2,0
1,50,6,2007,4,4,1,2,2,1,4,2,1,1,1,1,1,2,9,2,1,1,33,1,0,0
1,50,6,2007,2,1,1,2,2,2,1,2,2,1,1,3,1,2,9,6,2,7,33,1,2,0
1,50,6,2007,3,1,1,2,2,1,1,1,1,1,1,2,1,1,14,6,1,1,33,2,2,0
12,50,6,2007,1,1,1,2,2,1,4,1,1,1,1,1,1,2,19,6,1,1,33,2,2,0
2,50,6,2007,2,1,1,2,2,1,1,1,1,1,1,3,1,2,6,11,2,1,33,2,2,0
2,50,6,2007,3,1,1,2,2,1,1,1,1,1,1,1,1,2,9,6,1,1,33,1,2,3
2,50,6,2007,3,1,1,2,2,1,1,1,1,1,1,1,1,2,7,6,1,1,33,2,2,0
7,50,6,2007,2,1,1,2,2,1,1,1,1,1,1,1,1,2,1,1,1,1,33,2,2,0
5,50,5,2007,1,1,1,2,2,1,1,1,1,1,1,4,1,2,4,6,1,1,60,2,2,0
8,50,6,2007,3,1,1,2,2,1,1,1,1,3,1,4,1,2,17,7,1,7,25,2,2,0
13,50,6,2007,1,1,1,2,2,1,1,1,1,1,1,2,1,2,9,6,2,3,40,2,2,0
1,50,3,2007,2,7,1,2,2,1,1,1,1,1,1,2,1,1,14,6,1,1,33,1,2,0
1,50,3,2007,3,2,1,2,2,1,1,1,1,1,1,3,1,2,12,4,1,1,35,2,2,0
12,50,5,2007,1,1,1,2,2,1,4,1,1,1,1,1,1,2,14,6,1,1,33,2,2,0
12,51,2,2007,3,1,1,2,2,1,1,1,1,1,1,3,1,2,9,6,1,1,33,2,2,0
1,51,2,2007,3,1,1,2,2,1,1,1,1,1,1,2,1,1,17,6,1,1,28,2,2,0
3,51,2,2007,1,1,1,2,2,1,1,1,1,1,1,2,1,2,9,6,1,1,33,2,2,0
1,51,1,2007,4,1,3,2,2,1,3,1,1,1,1,2,1,2,19,6,1,1,33,2,2,0
13,51,8,2007,3,1,1,2,2,1,1,1,1,1,1,3,3,2,9,6,1,1,30,2,2,0
2,48,5,2007,2,1,1,2,2,1,1,1,1,1,1,3,1,2,19,6,2,6,25,2,2,0
1,20,4,2007,3,1,1,2,2,1,1,1,1,1,1,3,1,1,8,6,1,1,33,1,2,0
3,49,7,2007,3,1,1,1,2,1,1,1,1,1,1,4,1,2,4,6,1,1,33,2,2,0
1,49,2,2007,3,1,1,2,2,1,1,1,1,1,1,2,1,1,14,6,1,1,35,2,2,0
1,45,10,2007,1,7,1,2,2,1,4,1,1,1,1,1,1,2,14,6,1,7,33,1,2,1
6,45,10,2007,3,7,1,2,2,1,1,1,1,1,1,2,1,2,7,8,1,7,33,1,2,0
1,45,10,2007,1,7,1,2,2,1,1,1,1,1,2,1,1,2,14,6,1,7,33,1,2,0
6,45,10,2007,1,7,1,2,2,1,1,1,1,1,1,1,1,2,9,6,1,7,33,1,2,0
5,45,9,2007,4,7,1,2,2,1,3,1,1,1,1,1,1,2,14,6,1,2,33,1,2,1
5,46,2,2007,3,1,1,2,2,1,1,1,1,1,1,2,1,2,9,6,1,1,35,2,2,0
2,46,2,2007,3,4,1,2,2,1,1,1,1,1,1,1,1,2,19,6,1,2,33,2,2,0
6,46,2,2007,1,1,1,2,2,1,1,1,1,1,1,2,1,2,12,6,1,1,33,2,2,0
6,46,2,2007,1,1,1,1,1,1,4,1,1,1,1,1,1,1,6,6,1,1,33,1,1,0
1,46,5,2007,3,1,1,2,1,1,1,1,1,1,1,1,1,2,7,6,1,1,30,2,2,0
1,46,2,2007,2,1,1,2,2,1,1,1,1,1,1,1,1,2,9,9,1,7,33,1,1,1
1,46,5,2007,2,1,1,2,2,1,1,1,1,1,1,1,1,1,14,6,1,7,26,2,2,0
1,46,5,2007,2,1,1,2,2,1,1,1,1,1,1,1,1,2,8,6,1,7,33,2,2,1
1,46,6,2007,2,1,1,2,2,1,1,1,1,1,1,1,1,2,9,6,1,7,33,2,2,0
1,46,6,2007,1,1,1,2,1,1,1,1,1,1,1,1,1,1,9,6,1,7,33,2,2,0
5,43,2,2007,3,1,1,2,1,2,4,1,2,1,1,1,1,2,9,6,1,7,20,2,2,1
2,43,2,2007,2,1,1,2,1,4,2,1,1,1,1,1,1,2,9,6,1,1,33,2,2,0
7,41,5,2007,4,1,1,2,1,1,1,1,5,1,1,1,1,2,9,6,1,1,30,2,2,1
7,41,5,2007,2,3,1,2,2,1,1,1,1,1,1,1,1,2,9,6,1,1,33,2,2,0
7,41,5,2007,1,1,3,2,2,1,1,1,1,1,1,1,1,2,14,6,1,7,33,1,2,0
7,41,4,2007,3,1,1,2,2,1,1,1,1,1,1,5,1,2,14,6,1,1,33,2,2,1
5,41,5,2007,2,1,1,1,1,1,1,1,1,1,1,1,1,2,14,6,1,1,33,2,2,0
5,41,5,2007,1,1,1,1,1,1,4,1,1,1,1,1,1,2,10,6,1,2,33,1,0,0
5,41,5,2007,2,3,1,1,1,1,1,1,1,1,1,1,1,2,13,2,2,1,33,2,2,1
5,41,5,2007,4,2,1,2,1,1,1,1,1,1,1,1,1,2,10,6,1,2,33,1,0,0
7,41,2,2007,2,1,1,1,1,1,1,1,1,1,1,1,1,2,1,1,1,2,40,2,2,0
5,41,7,2007,3,1,1,1,1,1,1,1,1,1,1,1,1,1,9,5,1,3,32,2,2,1
5,41,7,2007,2,1,1,1,1,1,2,1,1,1,1,1,1,1,9,6,1,1,33,2,2,0
7,41,7,2007,1,1,1,2,2,1,1,1,1,1,1,1,1,1,9,2,2,7,32,2,2,0
7,41,7,2007,3,3,1,1,1,1,1,1,1,1,1,1,1,1,7,6,1,1,33,2,2,0
7,41,7,2007,1,1,1,2,2,1,1,1,1,1,1,1,1,1,9,6,2,1,33,1,2,1
7,41,7,2007,3,2,3,2,2,1,1,1,1,1,1,1,1,1,9,3,1,1,33,1,0,0
6,41,5,2007,2,1,1,2,2,1,1,1,1,1,1,1,1,1,19,6,1,1,33,2,2,0
1,41,5,2007,2,3,1,2,2,1,1,1,1,1,1,1,1,2,4,6,1,1,33,2,2,3
5,41,5,2007,1,1,2,1,1,1,1,1,1,1,1,1,1,1,5,6,1,1,33,2,2,1
6,41,5,2007,2,1,1,2,2,1,1,1,1,1,1,1,1,2,10,6,1,2,33,1,0,0
3,3,7,2007,1,1,1,2,1,1,3,1,1,1,1,1,1,2,10,6,1,1,33,2,2,0
6,44,7,2007,2,1,1,1,1,1,3,1,1,1,1,1,1,1,5,6,1,1,42,2,2,1
3,38,11,2007,4,1,1,1,1,1,1,1,1,1,2,1,1,2,4,6,1,2,33,1,2,0
28,20,9,2007,2,1,1,2,2,1,1,1,1,1,1,4,1,2,17,6,2,1,30,2,2,1
9,38,7,2007,2,1,1,2,2,1,1,1,1,1,1,1,1,1,9,6,1,2,33,2,2,0
3,38,11,2007,2,1,1,1,2,1,1,1,1,1,1,1,1,1,9,6,1,1,33,2,1,0
30,47,5,2007,2,3,1,2,2,1,1,4,1,1,1,1,1,1,19,6,1,7,33,1,2,0
3,44,5,2007,4,2,1,1,1,1,2,1,1,1,1,1,2,1,14,6,1,7,33,2,2,0
6,44,5,2007,2,1,1,2,2,1,1,1,1,1,1,1,1,1,10,6,1,1,33,1,1,1
6,44,3,2007,2,1,1,2,2,1,1,1,1,1,1,1,1,1,1,6,1,1,33,2,2,0
7,44,5,2007,2,7,1,2,2,1,1,1,1,1,1,3,1,1,8,6,1,1,33,2,2,1
7,44,5,2007,4,1,1,2,2,1,2,1,1,1,1,3,1,2,8,6,1,1,33,2,2,1
7,44,5,2007,3,1,8,2,1,1,1,1,1,1,1,1,1,2,9,6,1,1,33,1,2,0
5,44,5,2007,4,1,1,2,2,1,3,1,1,1,1,1,1,2,1,8,1,1,28,2,2,0
7,44,4,2007,3,3,1,2,1,1,1,1,1,1,1,1,1,2,12,6,1,1,33,2,2,0
7,44,4,2007,1,1,1,2,2,1,4,1,1,1,1,3,2,2,14,6,2,7,37,1,2,3
5,44,4,2007,2,1,1,2,2,1,1,1,1,1,1,1,1,2,19,6,1,7,33,2,2,1
5,44,4,2007,3,1,1,2,2,1,1,1,1,1,1,4,1,2,9,6,1,1,33,2,2,0
4,44,6,2007,1,1,1,2,2,2,4,1,2,1,1,2,1,1,14,6,1,1,33,1,2,0
2,44,3,2007,4,1,1,2,2,1,4,1,1,1,1,1,1,2,13,6,1,1,25,1,2,0
7,44,3,2007,3,3,1,2,1,1,1,1,1,1,1,1,1,2,19,6,1,7,33,2,2,0
5,44,3,2007,3,1,1,2,2,1,1,1,1,1,1,1,1,2,9,5,1,6,33,1,2,1
5,44,3,2007,2,1,3,2,2,1,1,1,1,1,1,1,1,2,9,6,1,1,33,1,2,0
3,44,5,2007,3,1,1,2,2,1,4,1,1,1,1,1,1,2,19,6,1,7,33,2,2,0
3,38,5,2007,1,1,1,2,1,1,4,1,1,1,1,1,1,1,9,6,1,7,33,1,2,0
7,38,2,2007,3,1,1,2,2,1,1,1,1,1,1,1,1,2,12,6,2,2,33,2,2,0
3,44,6,2007,2,1,1,2,1,1,3,1,1,1,1,1,2,2,10,6,1,2,33,1,0,0
3,44,6,2007,1,1,1,2,1,1,2,1,1,1,1,1,1,2,9,6,1,1,33,1,2,0
6,44,6,2007,1,3,3,1,1,1,2,1,1,1,1,2,1,1,19,6,1,2,33,1,0,0
2,44,6,2007,2,1,1,2,2,1,1,1,1,1,2,3,1,1,6,6,2,1,33,2,2,0
7,44,6,2007,2,6,4,2,2,1,1,1,1,1,1,1,1,1,14,1,1,1,33,2,2,0
5,44,6,2007,2,1,1,2,1,1,1,1,1,1,1,1,1,1,14,6,1,1,33,2,2,0
5,44,6,2007,1,1,1,2,2,1,1,1,1,1,1,1,1,2,12,6,1,2,33,2,2,1
5,44,6,2007,2,3,1,1,2,1,1,1,1,1,1,1,1,1,14,6,1,1,33,2,2,1
4,46,1,2007,2,3,1,2,1,1,1,1,1,1,1,3,1,1,8,6,1,1,33,2,2,0
4,46,1,2007,2,2,1,2,2,1,1,1,1,1,1,3,1,2,9,6,1,1,40,2,2,0
2,46,12,2007,4,4,1,2,2,1,1,1,1,1,1,1,1,2,14,6,1,1,33,2,1,0
2,46,1,2007,1,3,1,2,2,1,2,1,1,1,1,1,1,2,14,6,2,6,33,2,2,0
1,35,7,2007,2,1,1,2,2,1,1,2,1,1,1,2,1,1,10,2,1,2,50,1,0,1
1,35,12,2007,1,1,1,2,2,2,4,1,2,1,1,3,1,2,10,6,1,2,33,1,0,0
3,39,6,2007,4,3,6,2,2,1,3,3,1,2,2,3,1,2,14,11,1,1,33,1,1,0
3,39,6,2007,5,1,2,1,1,1,1,1,2,1,1,1,1,2,6,11,1,1,25,2,2,0
3,39,6,2007,5,3,7,2,2,1,1,2,1,1,2,3,1,1,14,11,1,1,30,2,2,0
4,39,6,2007,2,7,8,1,2,1,1,1,1,1,1,2,1,1,14,6,1,2,33,1,2,0
2,39,6,2007,4,7,8,2,1,1,2,1,2,2,1,4,1,2,9,4,1,1,32,1,0,1
1,39,1,2007,3,1,8,1,2,1,1,1,1,1,1,1,2,1,14,2,1,2,33,1,2,0
1,39,1,2007,1,1,2,1,1,4,4,1,1,1,1,2,1,2,14,6,1,7,33,1,0,1
6,43,6,2007,2,1,1,2,2,1,1,1,1,1,1,3,1,2,10,6,1,1,32,2,2,0
5,43,6,2007,2,3,8,2,2,2,1,2,2,2,1,2,1,2,1,8,1,1,33,2,2,0
2,43,6,2007,3,1,1,2,2,1,3,3,1,1,1,1,1,2,7,6,1,5,45,2,2,0
1,46,3,2007,2,1,1,2,2,1,1,1,1,1,1,1,2,1,12,6,1,2,33,2,2,0
1,46,3,2007,2,1,1,2,2,1,1,1,1,1,1,1,1,1,14,6,1,2,33,2,2,0
1,46,3,2007,2,1,1,2,2,1,1,1,1,1,1,1,1,2,10,6,1,2,28,2,2,1
1,46,3,2007,1,1,1,2,2,1,1,1,1,1,1,1,1,1,4,6,1,2,33,2,2,0
1,42,3,2007,1,3,4,2,1,1,2,1,1,1,1,5,1,1,9,6,1,2,25,2,2,0
1,42,3,2007,1,3,4,2,1,1,1,1,1,1,1,5,1,1,8,6,1,2,22,2,2,1
1,42,4,2007,1,1,1,1,1,1,2,1,1,1,1,5,1,1,8,6,1,2,33,2,2,0
1,42,4,2007,2,1,1,2,1,1,1,1,1,1,1,5,1,1,10,6,1,2,40,1,0,1
1,42,4,2007,2,1,1,2,1,1,1,1,1,1,1,5,1,1,9,6,1,2,33,2,2,1
1,42,5,2007,3,2,4,2,1,1,1,1,1,1,1,5,1,1,9,6,1,2,33,2,2,1
1,42,5,2007,4,2,2,1,1,1,3,1,1,1,1,5,1,1,14,6,1,2,35,1,2,1
1,42,7,2007,4,1,1,2,2,1,3,1,1,1,1,5,1,1,10,6,1,2,24,1,0,2
1,42,8,2007,4,1,1,2,1,1,3,1,1,1,1,5,1,1,9,6,1,2,33,2,2,0
2,42,2,2007,4,3,4,2,1,1,3,1,1,1,1,5,1,1,10,6,1,2,33,1,0,0
2,42,4,2007,2,1,1,2,1,1,1,1,1,1,1,5,1,1,7,6,1,2,33,2,2,1
2,42,4,2007,4,1,1,2,1,1,2,1,1,1,1,1,5,1,9,6,1,2,33,2,2,1
2,42,5,2007,3,2,4,2,1,1,1,1,1,1,1,5,1,1,9,6,1,2,27,2,2,3
3,42,2,2007,4,3,4,2,1,1,3,1,1,1,1,5,1,1,19,6,1,2,33,1,0,0
3,42,2,2007,4,1,1,1,1,1,3,1,1,1,1,1,1,1,9,6,1,2,33,2,2,0
3,42,4,2007,4,3,1,2,1,1,2,1,1,1,1,1,1,1,9,6,1,2,33,2,2,0
3,42,5,2007,2,1,1,2,1,1,1,1,1,1,1,1,1,1,9,6,1,2,33,1,2,1
3,42,6,2007,2,1,1,1,1,1,1,1,1,1,1,1,1,1,9,6,1,2,21,2,2,0
3,42,7,2007,4,1,1,2,1,1,3,1,1,1,1,1,1,1,15,6,1,2,33,1,2,0
3,42,8,2007,2,2,4,2,1,1,1,1,1,1,1,1,1,1,9,6,1,2,24,2,2,0
4,42,1,2007,3,2,1,2,2,1,2,1,1,1,1,5,1,1,13,6,1,1,37,2,2,0
4,42,2,2007,1,1,1,1,1,1,3,1,1,1,1,5,1,1,14,6,1,1,33,2,2,0
4,42,3,2007,4,1,1,1,1,1,3,1,1,1,1,5,1,1,10,6,1,1,33,2,2,1
4,42,3,2007,2,1,1,1,1,1,2,1,1,1,1,5,1,1,10,6,1,1,33,2,2,1
4,42,6,2007,2,2,4,2,2,1,1,1,1,1,1,5,1,1,14,6,1,1,33,2,2,0
4,42,6,2007,2,1,1,2,2,1,1,1,1,1,1,5,1,1,14,6,1,1,33,2,2,0
5,42,2,2007,4,1,1,1,1,1,3,1,1,1,1,5,1,1,14,6,1,1,33,2,2,0
5,42,4,2007,2,1,1,2,2,1,1,1,1,1,1,5,1,1,14,6,1,1,33,2,2,0
5,42,5,2007,2,1,1,1,1,1,1,1,1,1,1,5,1,1,9,6,1,1,22,2,2,0
5,42,5,2007,1,1,1,1,1,1,3,1,1,1,1,5,1,1,14,6,1,1,33,2,2,0
5,42,7,2007,2,1,1,1,1,1,1,1,1,1,1,5,1,1,9,6,1,1,33,2,2,0
6,42,6,2007,4,1,1,2,2,1,2,1,1,1,1,1,1,1,14,6,1,7,33,2,2,0
6,42,7,2007,2,1,1,2,2,1,1,1,1,1,1,2,1,1,19,6,1,1,33,2,2,0
6,42,9,2007,2,7,1,2,2,1,1,1,1,1,1,2,1,1,9,6,1,1,33,2,2,0
6,42,12,2007,3,1,1,2,2,1,1,1,1,1,2,2,1,1,14,6,2,7,32,2,2,0
8,42,1,2007,1,3,4,1,2,1,2,1,1,1,1,5,1,1,5,6,1,1,33,2,2,0
8,42,4,2007,1,2,4,1,1,1,3,1,1,1,1,5,1,1,5,6,1,1,33,2,2,0
8,42,4,2007,3,1,1,1,1,1,1,1,1,1,1,5,1,1,4,6,1,1,33,2,2,1
8,42,6,2007,3,1,4,1,1,1,1,1,1,1,1,5,1,1,9,6,1,1,26,2,2,1
8,42,7,2007,2,1,1,2,2,1,1,1,1,1,1,5,1,1,10,6,1,1,33,2,2,1
8,42,7,2007,2,1,4,1,1,1,1,1,1,1,1,5,1,1,9,6,1,1,50,2,2,1
8,42,9,2007,1,1,1,2,2,1,3,1,1,1,1,5,1,1,14,6,1,1,33,2,2,2
8,42,10,2007,1,1,1,1,1,1,3,1,1,1,1,5,1,1,10,6,1,1,33,2,2,1
9,42,1,2007,2,3,4,2,1,1,1,1,1,1,1,5,1,1,9,6,1,1,33,2,2,2
9,42,1,2007,3,3,4,1,1,1,1,1,1,1,1,5,1,1,9,6,1,1,28,2,2,2
9,42,1,2007,1,3,4,2,1,1,3,1,1,1,1,5,1,1,14,6,1,1,33,2,2,0
9,42,2,2007,1,1,1,1,1,1,3,1,1,1,1,5,1,1,14,6,1,1,33,2,2,0
9,42,2,2007,4,7,4,1,1,1,3,1,1,1,1,5,1,1,14,6,1,1,33,2,2,0
9,42,3,2007,2,1,1,1,1,1,1,1,1,1,1,5,1,1,5,6,1,1,40,2,2,0
9,42,3,2007,1,1,1,1,1,1,2,1,1,1,1,5,1,1,9,6,1,1,33,2,2,0
9,42,4,2007,4,1,1,1,1,1,3,1,1,1,1,5,1,1,10,6,1,1,33,2,2,0
9,42,4,2007,1,1,1,1,1,1,2,1,1,1,1,5,1,1,10,6,1,2,33,1,0,0
9,42,4,2007,4,1,4,1,1,1,3,1,1,1,1,5,1,1,14,6,1,2,40,2,2,2
9,42,6,2007,3,1,4,1,1,1,1,1,1,1,1,5,1,1,7,6,1,1,24,2,2,1
9,42,7,2007,1,3,1,2,2,1,3,1,1,1,1,5,1,1,14,6,1,1,40,2,2,0
9,42,8,2007,2,1,4,1,1,1,1,1,1,1,1,5,1,1,7,6,1,1,28,2,2,1
9,42,9,2007,1,1,1,2,2,1,2,1,1,1,1,5,1,1,10,6,1,2,33,1,0,0
10,42,1,2007,2,1,1,2,1,1,1,1,1,1,1,5,1,1,14,6,1,2,33,2,2,0
10,42,1,2007,2,1,1,2,2,1,1,1,1,1,1,5,1,1,19,6,1,2,33,2,2,1
10,42,2,2007,1,1,1,2,2,1,3,1,1,1,1,1,1,1,14,6,1,2,33,2,2,0
10,42,3,2007,1,1,1,1,1,1,3,1,1,1,1,5,1,1,10,6,1,2,33,1,0,0
10,42,3,2007,3,1,1,2,2,1,1,1,1,1,1,5,1,1,14,6,1,2,33,2,2,0
10,42,3,2007,2,1,1,2,1,1,1,1,1,1,1,5,1,1,19,6,1,2,25,1,2,1
10,42,4,2007,4,1,1,2,2,1,3,1,1,1,1,5,1,1,5,6,1,2,33,2,2,0
10,42,4,2007,1,3,4,1,1,1,3,1,1,1,1,5,1,1,14,6,1,2,33,2,2,2
10,42,4,2007,4,1,1,2,2,1,3,1,1,1,1,5,1,1,19,6,1,2,33,2,2,0
10,42,4,2007,4,3,4,2,2,1,3,1,1,1,1,5,1,1,14,6,1,2,33,2,2,0
10,42,5,2007,1,1,1,2,2,1,3,1,1,1,1,5,1,1,14,6,1,2,29,2,2,2
10,42,5,2007,2,1,1,1,1,1,1,1,1,1,1,5,1,1,14,6,1,2,33,2,2,0
10,42,5,2007,2,1,1,2,2,1,1,1,1,1,1,5,1,1,6,6,1,2,20,2,2,0
11,42,3,2007,2,1,4,1,1,1,2,1,1,1,1,5,1,1,9,6,1,2,33,2,2,0
11,42,3,2007,2,5,4,1,1,1,2,1,1,1,1,5,1,1,9,6,1,7,32,2,2,0
11,42,4,2007,4,1,1,1,1,1,2,1,1,1,1,1,1,1,14,6,1,2,33,1,2,0
11,42,4,2007,2,1,1,1,1,1,1,1,1,1,1,5,1,1,19,6,1,2,30,2,2,1
11,42,4,2007,4,1,1,1,1,1,3,1,1,1,1,5,1,1,9,6,1,2,33,2,2,0
11,42,10,2007,1,1,1,2,1,1,1,3,1,1,1,5,1,1,14,6,1,7,33,2,2,0
11,42,10,2007,1,3,4,1,1,1,3,1,1,1,1,5,1,1,14,6,1,7,33,2,2,1
11,42,10,2007,4,1,4,2,1,1,3,1,1,1,1,5,1,1,10,6,1,7,43,2,2,0
11,42,10,2007,3,1,1,2,1,1,1,1,1,1,1,5,1,1,9,6,1,7,33,2,2,0
12,42,1,2007,4,1,1,1,1,1,3,1,1,1,1,5,1,1,14,6,1,2,33,1,2,0
12,42,1,2007,1,1,4,2,1,1,2,1,1,1,1,5,1,1,19,6,1,2,33,1,0,0
12,42,1,2007,2,1,1,1,1,1,1,1,1,1,1,5,1,1,10,6,1,2,33,1,0,0
12,42,2,2007,2,3,4,2,1,1,1,1,1,1,1,5,1,1,19,6,1,2,33,1,0,0
12,42,2,2007,2,1,4,1,1,1,1,1,1,1,1,5,1,1,8,6,1,2,28,2,2,0
12,42,2,2007,2,1,1,2,1,1,1,1,1,1,1,5,1,1,7,6,1,2,33,1,0,0
12,42,3,2007,4,1,1,2,1,1,3,1,1,1,1,5,1,1,9,6,1,2,33,2,2,0
12,42,3,2007,3,1,4,2,1,1,1,1,1,1,1,5,1,1,9,6,1,2,33,2,2,0
12,42,4,2007,1,1,1,2,1,1,3,1,1,1,1,5,1,1,10,6,1,2,33,1,0,0
12,42,4,2007,2,1,1,2,1,1,1,1,1,1,1,5,1,1,10,6,1,2,33,1,0,0
12,42,5,2007,2,1,4,1,1,1,1,1,1,1,1,5,1,1,10,6,1,2,33,2,2,0
12,42,5,2007,1,1,1,2,2,1,3,1,1,1,1,5,1,1,14,6,1,2,33,2,2,0
12,42,5,2007,2,1,1,2,2,1,1,1,1,1,1,5,1,1,10,6,1,2,37,1,0,2
12,42,6,2007,2,3,4,2,1,1,1,1,1,1,1,5,1,1,10,6,1,2,30,2,2,1
12,42,6,2007,3,1,1,2,1,1,1,1,1,1,1,5,1,1,9,6,1,2,22,2,2,3
12,42,6,2007,2,3,4,2,1,1,1,1,1,1,1,5,1,1,9,6,1,2,33,2,2,1
12,42,6,2007,2,1,1,1,1,1,1,1,1,1,1,5,1,1,10,6,1,2,33,2,2,0
12,42,7,2007,4,3,4,1,1,1,3,1,1,1,1,5,1,1,9,6,1,2,40,2,2,1
12,42,7,2007,2,1,1,1,1,1,1,1,1,1,1,1,1,1,9,6,1,2,33,2,2,0
12,42,7,2007,2,1,1,2,1,1,1,1,1,1,1,5,1,1,9,6,1,2,33,2,2,2
12,42,7,2007,1,1,4,1,1,1,3,1,1,1,1,5,1,1,10,6,1,2,33,2,2,0