Thana,District,Month,Year,Time,Junction_Type,Traffic_Control,Movement,Divider,Weather,Light,Road_Geometry,Surface_Condition,Surface_Type,Surface_Quality,Road_Class,Road_Feature,Location_Type,Vehicle_Type,Vehicle_Movement,Vehicle_Loading,Vehicle_Defect,Vehicle_Driver_Age,Vehicle_Alcohol,Vehicle_Seat_Belt,Accident_Severity
12,42,7,2007,2,1,1,1,1,1,1,1,1,1,1,5,1,1,9,6,1,2,33,2,2,1
12,42,8,2007,2,1,1,2,1,1,1,1,1,1,1,5,1,1,10,6,1,2,43,2,2,0
12,42,8,2007,2,1,1,2,1,1,1,1,1,1,1,5,1,1,5,6,1,2,33,2,2,0
12,42,8,2007,4,1,1,2,1,1,3,1,1,1,1,5,1,1,10,6,1,2,33,2,2,0
12,42,8,2007,3,3,4,2,1,1,1,1,1,1,1,5,1,1,10,6,1,2,35,2,2,0
12,42,11,2007,2,1,4,1,1,1,1,1,1,1,1,5,1,1,9,1,1,7,33,2,2,0
12,42,11,2007,4,1,4,2,1,1,3,1,1,1,1,5,1,1,10,6,1,7,33,2,2,0
12,42,12,2007,2,1,1,2,1,1,1,1,1,1,1,5,1,1,10,6,1,7,33,2,2,0
12,42,12,2007,3,1,4,2,1,1,1,1,1,1,1,5,1,1,10,6,1,7,33,2,2,0
12,42,12,2007,3,1,1,2,1,1,1,1,1,1,1,5,1,1,19,6,1,7,33,2,2,0
12,42,12,2007,2,1,1,2,1,1,1,1,1,1,1,5,1,1,9,6,1,7,25,2,2,0
12,42,12,2007,3,1,1,2,1,1,1,1,1,1,1,5,1,1,6,6,1,7,33,2,2,0
14,42,1,2007,2,1,1,2,2,1,1,1,1,1,1,1,1,1,14,6,1,2,33,1,2,0
14,42,1,2007,2,1,4,2,1,1,1,1,1,1,1,1,1,1,9,6,1,2,22,2,2,0
14,42,2,2007,1,1,1,2,1,1,3,1,1,1,1,5,1,1,10,6,1,2,33,2,2,0
14,42,5,2007,2,1,1,2,2,1,1,1,1,1,1,5,1,1,8,6,1,2,33,2,2,0
14,42,5,2007,2,7,4,2,1,1,1,1,1,1,1,1,1,1,10,6,1,2,33,2,2,0
14,42,5,2007,3,3,1,2,1,1,1,1,1,1,1,1,1,2,8,6,1,2,32,2,2,0
14,42,5,2007,2,1,1,1,1,1,1,1,1,1,1,1,1,1,14,6,1,2,33,2,2,0
15,42,1,2007,4,1,1,2,2,1,3,1,1,1,1,5,1,1,9,6,1,2,33,2,2,0
15,42,1,2007,3,1,1,2,2,1,1,1,1,1,1,5,1,1,4,6,1,2,33,2,2,0
15,42,2,2007,4,1,1,2,1,1,3,1,1,1,1,5,1,1,14,6,1,2,33,2,2,0
15,42,2,2007,2,1,1,2,2,1,1,1,1,1,1,5,1,1,7,6,1,7,28,2,2,1
15,42,3,2007,3,1,1,2,2,1,1,1,1,1,1,5,1,1,14,6,1,2,42,2,2,0
15,42,3,2007,4,1,1,2,1,1,3,1,1,1,1,5,1,1,8,6,1,2,30,2,2,0
15,42,4,2007,2,1,1,2,2,1,1,1,1,1,1,5,1,1,10,6,1,2,33,2,2,0
15,42,5,2007,2,1,4,1,1,1,1,1,1,1,1,5,1,1,9,6,1,2,33,2,2,0
15,42,6,2007,4,1,4,2,1,1,3,1,1,1,1,5,1,1,10,6,1,1,33,2,2,1
15,42,6,2007,4,1,1,2,2,1,3,1,1,1,1,5,1,1,8,6,1,1,33,2,2,0
16,42,1,2007,2,1,1,2,1,1,1,1,1,1,1,5,1,1,19,6,1,7,33,2,2,1
16,42,1,2007,1,1,4,2,1,1,3,1,1,1,1,5,1,1,14,6,1,7,33,2,2,2
16,42,2,2007,1,1,1,2,1,1,3,1,1,1,1,5,1,1,14,6,1,7,33,2,2,0
16,42,2,2007,1,1,1,2,1,1,3,1,1,1,1,5,1,1,14,6,1,7,33,2,2,0
16,42,3,2007,2,1,1,2,2,1,1,1,1,1,1,5,1,1,12,6,1,7,22,2,2,1
16,42,4,2007,3,1,1,2,1,1,1,1,1,1,1,5,1,1,8,6,1,7,25,2,2,0
16,42,5,2007,4,1,1,2,1,1,3,1,1,1,1,5,1,1,9,6,1,2,33,2,2,0
16,42,5,2007,4,1,1,2,1,1,3,1,1,1,1,5,1,1,19,6,1,2,33,2,2,0
16,42,5,2007,4,1,1,2,1,1,3,1,1,1,1,5,1,1,8,6,1,2,24,2,2,0
16,42,5,2007,4,1,1,2,1,1,2,1,1,1,1,5,1,1,9,6,1,2,33,2,2,1
16,42,6,2007,2,3,4,1,1,1,1,1,1,1,1,5,1,1,9,6,1,2,24,2,2,0
16,42,5,2007,4,1,1,2,1,1,3,1,1,1,1,5,1,1,10,6,1,2,33,1,0,0
16,42,6,2007,2,1,1,2,1,1,1,1,1,1,1,5,1,1,9,6,1,2,33,2,2,2
16,42,6,2007,3,1,1,2,1,1,1,1,1,1,1,5,1,1,9,6,1,2,33,2,2,0
17,42,3,2007,2,3,4,2,1,1,1,1,1,1,1,5,1,1,9,6,1,7,33,2,2,0
17,42,4,2007,2,1,1,2,1,1,1,1,1,1,1,5,1,1,9,6,1,7,33,2,2,0
17,42,5,2007,3,7,8,2,1,1,1,1,1,1,1,2,1,1,19,6,1,7,25,2,2,1
17,42,5,2007,4,7,8,1,1,1,3,1,1,1,1,5,1,1,4,6,1,2,33,1,0,0
17,42,6,2007,3,1,4,2,1,1,1,1,1,1,1,5,1,1,9,6,1,7,33,1,2,2
17,42,7,2007,1,1,1,2,1,1,3,1,1,1,1,5,1,1,10,6,1,7,33,2,2,0
18,42,1,2007,4,1,1,2,1,1,2,1,1,1,1,1,1,1,6,6,1,7,33,2,2,0
21,42,1,2007,3,1,1,2,2,1,1,1,1,1,1,1,1,1,9,6,1,7,33,2,2,0
21,42,1,2007,1,1,1,2,2,1,4,1,1,1,1,5,1,1,14,6,1,7,30,2,2,1
21,42,3,2007,4,1,1,2,1,1,3,1,1,1,1,5,1,1,6,6,1,7,33,2,2,0
21,42,4,2007,1,1,1,2,2,1,3,1,1,1,1,5,1,1,14,6,1,2,35,1,2,0
22,42,1,2007,4,1,4,2,1,1,4,1,1,1,1,1,1,1,10,6,1,1,33,2,2,0
22,42,3,2007,2,7,8,1,1,1,1,1,1,1,1,1,1,1,19,6,1,1,25,2,2,3
22,42,3,2007,3,7,2,2,1,1,1,1,1,1,1,1,1,1,19,6,1,1,21,2,2,0
22,42,3,2007,1,1,4,2,1,1,2,1,1,1,1,5,1,1,10,6,1,7,33,2,2,0
22,42,3,2007,3,7,1,2,1,1,1,1,1,1,1,1,1,1,10,6,1,7,33,2,2,0
23,42,1,2007,1,1,1,2,1,1,2,1,1,1,1,1,1,1,14,6,1,7,33,2,2,0
23,42,1,2007,4,1,1,2,1,1,1,1,1,1,1,1,1,1,4,6,1,7,33,2,2,1
23,42,2,2007,3,1,1,2,1,1,1,1,1,1,1,1,1,1,19,6,1,7,33,2,2,0
23,42,2,2007,2,1,1,1,1,1,2,1,1,1,1,1,1,1,9,6,1,7,33,2,2,0
23,42,3,2007,3,3,4,2,1,1,1,1,1,1,1,1,1,1,10,6,1,7,33,2,2,0
23,42,3,2007,1,1,1,2,1,1,3,1,1,1,1,1,1,1,10,6,1,7,33,2,2,0
23,42,4,2007,4,1,1,1,1,1,3,1,1,1,1,1,1,1,9,6,1,7,33,2,2,0
23,42,5,2007,3,3,4,1,1,1,1,1,1,1,1,1,1,1,10,6,1,7,24,1,0,0
23,42,6,2007,2,1,1,2,1,1,1,1,1,1,1,1,1,1,9,6,1,7,33,2,2,0
23,42,6,2007,2,1,1,1,1,1,1,1,1,1,1,1,1,1,10,6,1,7,42,2,2,0
23,42,6,2007,1,1,1,2,2,1,2,1,1,1,1,4,1,1,12,6,1,7,33,2,2,0
23,42,6,2007,1,1,1,2,2,1,2,1,1,1,1,4,1,1,12,6,1,7,33,2,2,0
23,42,7,2007,4,1,1,2,1,1,3,1,1,1,1,1,1,1,10,6,1,2,33,1,0,0
23,42,7,2007,4,1,1,2,1,1,3,1,1,1,1,1,1,1,14,6,1,2,33,1,2,0
23,42,8,2007,4,2,3,1,1,1,3,1,1,1,1,1,1,1,10,6,1,2,33,1,0,0
23,42,12,2007,3,1,1,2,1,1,1,1,1,1,1,1,1,1,9,6,1,1,33,2,2,0
23,42,12,2007,1,1,1,1,1,1,3,1,1,1,1,1,1,1,9,6,1,7,33,1,2,0
24,42,1,2007,4,1,1,2,2,1,3,1,1,1,1,1,1,1,10,6,1,2,33,1,0,0
24,42,2,2007,1,2,1,2,2,1,2,1,1,1,1,1,1,1,8,6,1,2,33,1,2,1
25,42,1,2007,2,1,1,2,2,1,1,1,1,1,1,5,1,1,19,6,1,1,24,2,2,0
25,42,1,2007,1,1,1,1,1,1,1,1,1,1,1,5,1,1,8,6,1,1,20,2,2,1
25,42,3,2007,3,1,1,2,2,1,1,1,1,1,1,5,1,1,14,6,1,7,33,2,2,0
25,42,5,2007,2,1,1,2,2,1,1,1,1,1,1,5,1,1,10,6,1,1,33,2,2,0
25,42,8,2007,3,1,1,2,2,1,1,1,1,1,1,5,1,1,15,6,1,7,18,1,2,1
28,42,9,2007,2,7,8,1,1,1,2,1,1,1,1,5,1,1,8,6,1,2,33,2,2,0
28,42,12,2007,2,2,1,2,1,1,1,1,1,1,1,5,1,1,8,6,1,2,33,2,2,0
28,42,12,2007,4,7,8,1,1,1,3,1,1,1,1,5,1,1,5,6,1,2,33,1,2,0
3,42,6,2007,4,3,4,2,1,1,3,1,1,1,1,1,1,1,9,6,1,7,33,2,2,1
2,42,5,2007,3,1,1,2,1,1,1,1,1,1,1,1,1,1,10,6,1,7,45,2,2,1
2,42,5,2007,3,5,4,2,1,1,1,1,1,1,1,5,1,1,9,6,1,7,27,2,2,3
2,42,5,2007,1,1,1,2,1,1,2,1,1,1,1,5,1,1,9,6,1,7,33,2,2,0
2,42,7,2007,2,3,1,1,1,1,1,1,1,1,1,5,1,1,9,6,1,7,33,2,2,0
2,42,8,2007,3,3,1,2,1,1,1,1,1,1,1,5,1,1,9,6,1,7,33,2,2,1
2,42,8,2007,1,1,1,1,1,1,3,1,1,1,1,5,1,1,10,6,1,7,33,2,2,0
2,42,8,2007,2,2,4,1,1,1,1,1,1,1,1,5,1,1,9,6,1,7,33,2,2,0
2,42,9,2007,4,5,4,2,1,1,3,1,1,1,1,5,1,1,12,6,1,7,35,2,2,3
2,42,9,2007,4,5,4,2,1,1,3,1,1,1,1,5,1,1,9,6,1,7,25,2,2,3
2,42,9,2007,2,1,1,1,1,1,1,1,1,1,1,5,1,1,9,6,1,7,33,1,2,0
9,42,4,2007,1,1,1,2,1,1,2,1,1,1,1,5,1,1,10,6,1,1,33,2,2,0
9,42,4,2007,4,1,4,1,1,1,3,1,1,1,1,5,1,1,14,6,1,1,40,2,2,2
9,42,4,2007,2,1,1,1,1,1,1,1,1,1,1,5,1,1,10,6,1,2,33,1,0,0
9,42,9,2007,1,1,1,2,2,1,2,1,1,1,1,5,1,1,9,6,1,1,33,1,0,0
10,42,1,2007,2,1,1,1,1,1,1,1,1,1,1,5,1,1,14,6,1,1,33,2,2,0
10,42,1,2007,2,1,1,2,2,1,1,1,1,1,1,5,1,1,19,6,1,1,33,2,2,1
10,42,2,2007,1,1,1,2,2,1,3,1,1,1,1,1,1,1,14,6,1,1,33,2,2,0
10,42,3,2007,1,1,1,1,1,1,3,1,1,1,1,5,1,1,9,6,1,1,33,2,2,0
10,42,3,2007,3,1,1,2,2,1,1,1,1,1,1,5,1,1,14,6,1,1,33,2,2,0
10,42,3,2007,2,1,1,1,1,1,1,1,1,1,1,5,1,1,19,6,1,1,25,1,2,1
10,42,4,2007,4,1,1,2,2,1,3,1,1,1,1,5,1,1,5,6,1,1,33,2,2,0
10,42,4,2007,1,3,4,1,1,1,3,1,1,1,1,5,1,1,14,6,1,1,33,2,2,2
10,42,4,2007,4,1,1,2,2,1,3,1,1,1,1,5,1,1,19,6,1,1,33,2,2,0
10,42,4,2007,4,3,4,2,2,1,3,1,1,1,1,5,1,1,14,6,1,1,33,2,2,0
10,42,5,2007,1,1,1,2,2,1,3,1,1,1,1,5,1,1,14,6,1,1,29,2,2,2
10,42,5,2007,2,1,1,1,1,1,1,1,1,1,1,5,1,1,14,6,1,1,33,2,2,0
10,42,5,2007,2,1,1,2,2,1,1,1,1,1,1,5,1,1,6,6,1,1,20,2,2,0
11,42,3,2007,2,1,4,2,1,1,2,1,1,1,1,5,1,1,9,6,1,1,33,2,2,0
11,42,3,2007,2,5,4,1,1,1,2,1,1,1,1,5,1,1,9,6,1,7,32,2,2,0
11,42,4,2007,4,1,1,1,1,1,2,1,1,1,1,1,1,1,14,6,1,1,33,1,2,0
11,42,4,2007,2,1,1,1,1,1,1,1,1,1,1,5,1,1,19,6,1,1,30,2,2,1
11,42,4,2007,4,1,1,1,1,1,3,1,1,1,1,5,1,1,9,6,1,1,33,2,2,0
11,42,10,2007,1,1,1,2,1,1,3,1,1,1,1,5,1,1,14,6,1,7,33,2,2,0
11,42,10,2007,2,1,1,2,1,1,1,1,1,1,1,5,1,1,14,6,1,7,33,2,2,0
11,42,11,2007,2,1,1,2,1,1,1,1,1,1,1,5,1,1,10,6,1,7,33,2,2,0
11,42,11,2007,2,3,4,2,1,1,1,1,1,1,1,5,1,1,14,6,1,1,33,2,2,0
11,42,10,2007,2,1,1,1,1,1,1,1,1,1,1,5,1,1,6,6,1,7,33,2,2,0
11,42,11,2007,2,1,1,1,1,1,1,1,1,1,1,5,1,1,19,6,1,7,33,2,2,0
11,42,11,2007,1,1,4,1,1,1,3,1,1,1,1,5,1,1,10,6,1,7,33,2,2,0
11,42,12,2007,2,1,1,2,1,1,1,1,1,1,1,5,1,1,6,6,1,7,20,2,2,0
11,42,12,2007,3,1,1,2,1,1,1,1,1,1,1,5,1,1,9,6,1,7,33,2,2,1
11,42,12,2007,3,1,1,1,1,1,1,1,1,1,1,5,1,1,14,6,1,7,33,2,2,0
12,42,1,2007,4,1,1,1,1,1,3,1,1,1,1,5,1,1,14,6,1,1,33,2,2,0
12,42,1,2007,1,1,4,1,1,1,2,1,1,1,1,5,1,1,19,6,1,2,33,1,0,0
12,42,1,2007,2,1,1,1,1,1,1,1,1,1,1,5,1,1,10,6,1,2,33,2,2,0
12,42,2,2007,2,3,4,1,1,1,1,1,1,1,1,5,1,1,19,6,1,2,33,2,2,0
12,42,2,2007,1,1,1,1,1,1,1,1,1,1,1,5,1,1,10,6,1,2,33,1,0,0
12,42,2,2007,2,1,4,1,1,1,1,1,1,1,1,5,1,1,8,6,1,2,28,2,2,0
12,42,2,2007,3,1,1,1,1,1,1,1,1,1,1,5,1,1,7,6,1,2,33,1,0,0
12,42,3,2007,4,1,1,1,1,1,3,1,1,1,1,5,1,1,9,6,1,2,33,2,2,0
12,42,3,2007,3,1,4,1,1,1,1,1,1,1,1,5,1,1,9,6,1,2,33,2,2,0
12,42,4,2007,1,1,1,1,1,1,3,1,1,1,1,5,1,1,10,6,1,2,33,2,2,0
12,42,4,2007,2,1,1,1,1,1,1,1,1,1,1,5,1,1,10,6,1,2,33,2,2,0
12,42,5,2007,2,1,4,2,1,1,1,1,1,1,1,5,1,1,10,6,1,2,33,2,2,0
12,42,5,2007,1,1,1,2,2,1,3,1,1,1,1,5,1,1,14,6,1,2,33,2,2,0
12,42,5,2007,2,1,1,2,2,1,1,1,1,1,1,5,1,1,10,6,1,2,37,2,2,2
12,42,9,2007,2,3,1,2,1,1,1,1,1,1,1,5,1,1,9,6,1,7,33,2,2,0
12,42,10,2007,2,1,4,2,1,1,1,1,1,1,1,5,1,1,19,6,1,7,33,2,2,1
14,42,1,2007,2,1,1,2,2,1,1,1,1,1,1,1,1,1,14,6,1,2,33,2,2,0
14,42,1,2007,2,1,4,2,1,1,1,1,1,1,1,1,1,1,9,6,1,2,22,2,2,0
14,42,2,2007,1,1,1,1,1,1,3,1,1,1,1,5,1,1,10,6,1,2,33,2,2,0
14,42,5,2007,2,1,1,2,2,1,1,1,1,1,1,5,1,1,8,6,1,2,33,2,2,0
14,42,5,2007,2,1,4,1,1,1,1,1,1,1,1,1,1,1,10,6,1,2,33,2,2,0
14,42,5,2007,3,3,1,2,1,1,1,1,1,1,1,1,1,2,8,6,1,2,32,2,2,0
14,42,5,2007,2,1,1,2,1,1,1,1,1,1,1,1,1,1,14,6,1,2,33,2,2,0
15,42,5,2007,2,1,4,1,1,1,1,1,1,1,1,5,1,1,9,6,1,1,33,2,2,0
16,42,5,2007,4,1,1,1,1,1,3,1,1,1,1,5,1,1,9,6,1,7,33,2,2,0
16,42,5,2007,4,1,1,2,1,1,3,1,1,1,1,5,1,1,19,6,1,7,33,2,2,0
16,42,5,2007,4,1,1,2,1,1,3,1,1,1,1,5,1,1,8,6,1,2,24,2,2,0
16,42,5,2007,4,1,1,1,1,1,2,1,1,1,1,5,1,1,9,6,1,7,33,2,2,1
16,42,6,2007,2,3,4,1,1,1,1,1,1,1,1,5,1,1,9,6,1,7,24,2,2,0
16,42,5,2007,4,1,1,1,1,1,3,1,1,1,1,5,1,1,10,6,1,7,33,2,2,0
16,42,6,2007,2,1,1,2,1,1,1,1,1,1,1,5,1,1,9,6,1,7,33,2,2,2
16,42,6,2007,3,1,1,1,1,1,1,1,1,1,1,5,1,1,9,6,1,7,33,2,2,0
26,42,1,2007,2,1,4,2,2,1,1,1,1,1,1,5,1,1,10,6,1,7,33,2,2,1
26,42,1,2007,3,3,4,2,1,1,1,1,1,1,1,5,1,1,9,6,1,7,33,2,2,0
26,42,4,2007,3,1,1,2,2,1,1,1,1,1,1,5,1,1,9,6,1,7,33,2,2,1
27,42,1,2007,4,1,8,2,1,1,2,1,1,1,1,5,1,1,10,6,1,1,37,2,2,1
27,42,3,2007,4,1,1,2,1,1,2,1,1,1,1,5,1,1,9,6,1,1,56,2,2,0
27,42,6,2007,2,1,1,1,1,1,1,1,1,1,1,5,1,1,9,6,1,7,45,2,2,0
27,42,7,2007,1,2,4,2,1,1,3,1,1,1,1,5,1,1,14,6,1,7,33,2,2,2
27,42,7,2007,3,1,8,2,1,1,1,1,1,1,1,5,1,1,9,6,1,7,33,2,2,0
28,42,1,2007,4,2,4,2,1,1,3,1,1,1,1,5,1,1,11,6,1,7,35,2,2,1
28,42,2,2007,2,3,4,2,1,1,1,1,1,1,1,5,1,1,9,6,1,7,25,2,2,1
28,42,2,2007,3,1,4,2,1,1,1,1,1,1,1,5,1,1,9,6,1,7,25,2,2,0
28,42,2,2007,1,3,1,1,1,1,3,1,1,1,1,5,1,1,7,6,1,7,33,2,2,0
28,42,2,2007,3,1,1,2,1,1,1,1,1,1,1,5,1,1,9,6,1,7,48,2,2,0
28,42,2,2007,2,1,1,2,1,1,1,1,1,1,1,5,1,1,9,6,1,7,45,2,2,1
28,42,4,2007,2,1,1,2,1,1,1,1,1,1,1,5,1,1,9,6,1,7,33,2,2,1
28,42,4,2007,3,3,4,2,1,1,1,1,1,1,1,5,1,1,19,6,1,7,33,2,2,1
28,42,4,2007,3,2,4,2,1,1,1,1,1,1,1,5,1,1,10,6,1,7,27,1,0,3
28,42,6,2007,1,1,1,2,1,1,3,1,1,1,1,5,1,1,14,6,1,7,33,2,2,0
28,42,9,2007,2,7,6,2,1,1,4,1,1,1,1,5,1,1,8,6,1,7,33,2,2,1
28,42,9,2007,3,1,1,2,1,1,1,1,1,1,1,5,1,1,10,6,1,7,33,2,2,1
28,42,9,2007,2,7,8,2,1,1,2,1,1,1,1,5,1,1,19,6,1,7,33,2,2,0
28,42,12,2007,2,2,1,1,1,1,1,1,1,1,1,5,1,1,8,6,1,2,33,2,2,0
28,42,12,2007,4,1,8,2,1,1,3,1,1,1,1,5,1,1,5,6,1,2,33,1,2,0
29,42,2,2007,2,1,1,2,1,1,1,1,1,1,1,5,1,1,9,6,1,7,33,2,2,1
29,42,3,2007,2,1,1,2,1,1,1,1,1,1,1,5,1,1,9,6,1,7,33,2,2,2
29,42,3,2007,3,1,4,2,1,1,1,1,1,1,1,5,1,1,5,6,1,7,40,2,2,1
29,42,3,2007,2,1,1,2,1,1,1,1,1,1,1,5,1,1,9,6,1,7,28,2,2,0
29,42,3,2007,4,1,1,1,1,1,2,1,1,1,1,5,1,1,9,6,1,7,28,2,2,0
29,42,4,2007,3,2,4,1,1,1,1,1,1,1,1,5,1,1,9,6,1,7,33,2,2,0
29,42,4,2007,4,2,4,2,1,1,3,1,1,1,1,5,1,1,9,6,1,7,40,2,2,0
29,42,4,2007,4,3,4,2,1,1,3,1,1,1,1,5,1,1,9,6,1,7,30,2,2,0
29,42,5,2007,3,1,1,2,1,1,1,1,1,1,1,5,1,1,10,6,1,2,28,1,0,1
29,42,6,2007,3,1,1,2,1,1,1,1,1,1,1,5,1,1,8,6,1,7,33,2,2,1
29,42,8,2007,4,1,1,1,1,1,3,1,1,1,1,5,1,1,9,6,1,7,23,2,2,0
29,42,8,2007,4,1,4,2,2,1,3,1,1,1,1,5,1,1,4,6,1,7,24,1,1,1
29,42,8,2007,4,1,4,2,1,1,3,1,1,1,1,5,1,1,10,6,1,7,35,2,2,0
29,42,8,2007,2,1,1,2,2,1,1,1,1,1,1,5,1,1,9,6,1,7,23,2,2,0
33,42,3,2007,1,1,4,2,1,1,2,1,1,1,1,5,1,1,10,6,1,7,33,2,2,0
33,42,3,2007,1,1,4,2,1,1,2,1,1,1,1,1,1,1,10,6,1,7,33,2,2,0
33,42,3,2007,4,1,1,1,1,1,3,1,1,1,1,1,1,1,10,6,1,7,33,2,2,0
33,42,3,2007,4,2,4,2,1,1,3,1,1,1,1,5,1,1,14,6,1,7,33,2,2,0
33,42,3,2007,1,1,4,2,1,1,3,1,1,1,1,5,1,1,10,6,1,7,33,2,2,0
33,42,3,2007,2,1,4,1,1,1,1,1,1,1,1,5,1,1,9,6,1,7,33,2,2,0
33,42,2,2007,4,1,4,2,1,1,3,1,1,1,1,1,1,1,9,6,1,7,33,2,2,1
33,42,3,2007,2,1,4,2,1,1,1,1,1,1,1,5,1,1,10,6,1,7,33,2,2,0
33,42,4,2007,1,1,4,2,1,1,3,1,1,1,1,1,1,1,9,6,1,7,33,2,2,0
33,42,4,2007,2,1,4,2,1,1,1,1,1,1,1,1,1,1,9,6,1,2,33,2,2,0
33,42,4,2007,1,1,4,2,1,1,3,1,1,1,1,5,1,1,10,6,1,2,33,1,0,0
33,42,4,2007,1,1,1,2,1,1,3,1,1,1,1,1,1,1,10,6,1,2,33,1,0,0
33,42,4,2007,1,3,1,1,1,1,2,1,1,1,1,1,1,1,19,6,1,2,35,1,2,0
33,42,4,2007,2,1,1,2,1,1,1,1,1,1,1,1,1,1,9,6,1,2,33,1,2,0
33,42,4,2007,3,1,4,1,1,1,1,1,1,1,1,1,1,1,9,6,1,2,33,1,2,0
33,42,4,2007,2,1,1,1,1,1,1,1,1,1,1,1,1,1,9,6,1,2,33,1,2,0
33,42,4,2007,3,1,4,2,1,1,1,1,1,1,1,5,1,1,19,6,1,2,48,1,0,0
33,42,4,2007,4,1,1,1,1,1,3,1,1,1,1,5,1,1,9,6,1,2,33,1,2,0
33,42,4,2007,4,3,1,1,1,1,3,1,1,1,1,1,1,1,10,6,1,2,33,1,0,0
33,42,4,2007,4,1,4,2,1,1,3,1,1,1,1,5,1,1,14,6,1,2,35,1,2,1
33,42,5,2007,4,1,1,2,1,1,3,1,1,1,1,1,1,1,14,6,1,2,33,1,2,0
33,42,5,2007,2,1,4,1,1,1,1,1,1,1,1,1,1,1,9,6,1,2,40,1,2,0
33,42,5,2007,1,1,1,2,1,1,3,1,1,1,1,1,1,1,10,6,1,7,33,1,0,0
33,42,5,2007,1,1,1,2,1,1,2,1,1,1,1,1,1,1,14,6,1,7,33,2,2,0
33,42,6,2007,2,1,1,2,1,1,1,1,1,1,1,1,1,1,10,6,1,7,33,1,0,0
33,42,6,2007,1,1,1,2,2,1,3,1,1,1,1,1,1,1,9,6,1,7,33,2,2,0
33,42,6,2007,1,1,4,2,1,1,3,1,1,1,1,5,1,1,14,6,1,2,33,1,2,0
33,42,6,2007,1,3,4,2,1,1,3,1,1,1,1,5,1,1,10,6,1,2,33,1,0,0
33,42,6,2007,1,7,4,1,1,1,3,1,1,1,1,1,1,1,10,6,1,2,33,1,0,0
33,42,7,2007,3,1,1,1,1,1,1,1,1,1,1,1,1,1,10,6,1,2,33,1,0,0
33,42,7,2007,2,1,4,1,1,1,1,1,1,1,1,1,1,1,7,6,1,2,33,1,2,0
33,42,7,2007,3,7,4,2,1,1,1,1,1,1,1,1,1,1,10,6,1,2,33,1,0,0
33,42,7,2007,3,7,4,2,1,1,1,1,1,1,1,5,1,1,10,6,1,2,33,1,2,0
33,42,8,2007,4,7,4,1,1,1,3,1,1,1,1,5,1,1,9,6,1,2,45,1,2,0
33,42,8,2007,3,1,1,2,2,1,1,1,1,1,1,5,1,1,14,6,1,2,33,1,2,0
33,42,8,2007,3,1,1,2,1,1,1,1,1,1,1,1,1,1,10,6,1,2,33,1,0,0
33,42,8,2007,4,1,4,2,1,1,3,1,1,1,1,5,1,1,9,6,1,2,33,1,2,1
33,42,8,2007,1,1,1,2,1,1,3,1,1,1,1,1,1,1,10,6,1,2,33,1,0,0
33,42,8,2007,4,1,1,2,1,1,2,1,1,1,1,1,1,1,9,6,1,2,33,1,2,0
33,42,9,2007,4,1,4,2,1,1,3,1,1,1,1,1,1,1,9,6,1,2,33,1,2,0
33,42,9,2007,2,1,1,2,1,1,1,1,1,1,1,1,1,1,10,6,1,2,33,1,0,0
33,42,9,2007,4,1,1,2,1,1,3,1,1,1,1,1,1,1,9,6,1,2,33,1,0,0
33,42,9,2007,3,1,1,2,2,2,1,1,1,1,1,1,1,1,14,6,1,2,33,1,2,0
33,42,9,2007,2,3,1,2,2,1,1,1,1,1,1,5,1,1,5,6,1,2,33,1,2,0
33,42,10,2007,1,1,4,1,1,1,3,1,1,1,1,5,1,1,6,6,1,2,33,1,0,0
33,42,10,2007,4,1,1,2,1,1,2,1,1,1,1,1,1,1,9,6,1,2,33,1,2,0
33,42,10,2007,2,3,4,1,1,1,1,1,1,1,1,5,1,1,9,6,1,2,33,1,2,0
33,42,10,2007,1,7,4,1,1,1,3,1,1,1,1,1,1,1,9,6,1,2,33,1,2,0
33,42,10,2007,2,1,1,2,2,1,1,1,1,1,1,1,1,1,10,6,1,2,33,1,0,0
33,42,11,2007,2,1,4,2,1,1,1,1,1,1,1,5,1,1,10,6,1,2,33,1,0,0
33,42,10,2007,2,1,4,2,1,1,1,1,1,1,1,5,1,1,14,6,1,2,33,1,2,0
33,42,11,2007,3,1,4,2,1,1,1,1,1,1,1,5,1,1,9,6,1,2,33,2,2,0
33,42,11,2007,3,1,1,2,1,1,1,1,1,1,1,1,1,1,9,6,1,2,32,1,2,0
33,42,11,2007,2,1,4,2,1,1,2,1,1,1,1,1,1,1,9,6,1,2,33,1,2,0
33,42,12,2007,2,3,4,2,1,1,1,1,1,1,1,5,1,1,10,6,1,2,33,1,0,0
33,42,12,2007,1,1,1,2,1,1,2,1,1,1,1,1,1,1,6,6,1,2,33,1,2,0
33,42,12,2007,2,1,4,2,1,1,1,1,1,1,1,1,1,1,6,6,1,2,33,1,0,0
33,42,12,2007,3,7,4,1,1,1,1,1,1,1,1,5,1,1,10,6,1,2,33,1,0,0