Thana,District,Month,Year,Time,Junction_Type,Traffic_Control,Movement,Divider,Weather,Light,Road_Geometry,Surface_Condition,Surface_Type,Surface_Quality,Road_Class,Road_Feature,Location_Type,Vehicle_Type,Vehicle_Movement,Vehicle_Loading,Vehicle_Defect,Vehicle_Driver_Age,Vehicle_Alcohol,Vehicle_Seat_Belt,Accident_Severity
33,42,12,2007,3,1,4,2,1,1,1,1,1,1,1,5,1,1,9,6,1,2,25,1,2,0
33,42,12,2007,3,1,1,2,1,1,1,1,1,1,1,1,1,1,9,6,1,2,35,1,2,1
1,21,4,2007,2,1,1,1,2,1,1,1,1,1,1,3,1,2,7,6,1,1,38,2,2,0
1,21,6,2007,3,1,1,2,2,2,1,1,2,1,1,1,1,2,14,6,1,1,40,2,2,1
1,21,7,2007,1,1,1,1,2,1,1,1,1,1,1,1,1,2,14,6,1,1,33,1,2,0
1,21,7,2007,4,1,8,1,2,1,4,1,1,1,1,1,1,2,9,6,1,1,33,2,2,0
3,21,1,2007,3,7,1,2,2,1,1,2,1,1,1,4,1,2,19,11,1,7,21,2,2,0
3,21,3,2007,2,1,1,2,2,1,1,1,1,1,1,1,1,1,9,8,1,6,33,2,2,0
3,21,5,2007,2,1,3,1,2,1,1,1,1,1,1,1,1,2,9,11,1,1,33,2,2,0
3,21,5,2007,3,1,1,1,2,1,4,1,1,1,1,1,1,2,14,8,1,1,33,2,2,1
5,21,2,2007,3,1,2,1,2,1,1,1,1,1,1,3,1,2,14,6,1,1,40,2,2,0
5,21,3,2007,3,7,8,1,2,1,1,1,1,1,1,3,1,2,19,11,1,7,33,2,2,1
2,21,2,2007,3,7,8,1,2,1,1,1,1,1,1,4,1,2,19,11,1,1,28,2,2,0
4,21,3,2007,3,1,1,2,1,1,1,1,1,1,1,2,1,2,11,6,1,1,33,2,2,0
4,21,6,2007,3,1,1,2,2,1,1,1,1,1,1,3,1,2,9,6,1,7,33,2,2,0
1,19,3,2007,2,7,3,2,2,1,1,1,1,1,1,2,1,1,14,6,1,1,25,2,2,0
1,23,1,2007,3,1,1,1,2,1,1,1,1,1,1,2,1,2,9,2,1,1,33,2,2,0
5,26,6,2007,3,1,1,2,1,1,1,1,1,1,1,1,1,1,14,6,2,1,33,2,2,0
6,26,4,2007,4,1,1,1,2,1,4,1,1,1,1,4,1,2,4,6,1,2,33,1,0,0
2,26,1,2007,2,4,1,2,2,1,1,4,1,3,1,4,1,2,4,6,1,2,33,1,0,1
8,26,1,2007,2,1,1,1,2,1,1,1,1,1,1,4,1,2,9,9,1,1,33,2,2,0
1,26,3,2007,2,7,1,1,2,1,1,1,1,1,1,2,1,2,8,6,1,1,33,2,2,0
7,26,4,2007,2,1,1,1,2,1,1,2,1,1,1,3,1,2,8,2,1,1,26,2,2,0
7,26,5,2007,3,2,1,1,2,1,1,1,1,1,1,3,1,2,14,5,1,1,33,2,2,0
4,26,3,2007,4,1,1,2,1,1,1,1,1,1,1,1,1,2,10,6,1,2,33,1,0,0
4,26,3,2007,3,2,8,2,2,1,1,2,1,1,1,1,1,2,4,6,1,1,24,2,2,0
1,22,1,2007,4,1,1,2,1,4,4,2,1,1,3,1,2,1,5,6,1,1,30,2,2,0
1,22,2,2007,2,3,8,2,2,1,1,1,1,1,1,1,1,2,14,11,1,1,37,2,2,0
1,22,7,2007,3,1,3,2,2,1,1,1,1,1,1,1,1,1,9,6,1,1,45,2,2,0
4,22,1,2007,3,3,1,2,2,1,1,1,1,3,1,4,1,2,14,6,1,1,33,2,2,0
3,22,6,2007,4,3,1,1,2,1,2,1,1,1,2,1,1,2,9,6,1,1,33,2,2,0
2,22,1,2007,4,7,1,2,2,1,3,1,1,1,1,4,1,2,14,1,1,1,33,2,2,0
1,25,2,2007,3,1,1,2,2,1,2,1,1,1,1,4,1,2,19,6,2,1,33,2,2,0
1,25,5,2007,2,1,1,2,2,1,1,1,1,1,3,1,2,2,9,6,1,1,33,2,2,0
1,25,5,2007,4,1,2,2,2,1,3,1,1,1,1,1,1,1,14,6,1,2,33,1,0,0
1,25,7,2007,3,3,1,2,2,1,1,1,1,1,1,1,1,2,10,6,1,2,33,1,0,0
7,25,7,2007,1,1,8,1,2,1,2,1,1,1,1,1,1,2,7,6,1,7,44,2,2,0
6,25,7,2007,2,1,4,1,2,1,1,1,1,1,1,2,1,2,8,6,1,1,25,2,2,0
3,25,7,2007,2,1,1,2,2,1,1,1,1,1,1,2,1,2,4,6,1,1,33,2,2,0
4,20,5,2007,4,1,1,2,1,1,4,3,2,2,2,4,1,2,19,6,1,1,20,2,2,0
4,20,5,2007,2,1,1,2,2,1,1,1,1,1,1,4,1,1,4,6,1,1,20,2,2,0
4,20,7,2007,3,1,1,2,2,1,1,2,1,1,1,1,1,2,9,2,1,1,33,2,2,0
4,20,8,2007,3,1,1,1,2,2,1,1,2,1,1,4,1,2,9,2,1,1,40,2,2,0
2,20,3,2007,2,1,1,1,2,1,1,1,1,1,1,2,1,2,9,6,1,1,33,2,2,1
2,20,5,2007,3,1,1,1,2,1,1,1,1,1,1,2,1,2,10,6,1,2,33,2,2,0
2,20,7,2007,3,1,1,1,2,1,1,1,1,1,1,3,1,2,14,6,1,1,22,2,2,0
2,20,8,2007,2,1,1,2,2,2,1,2,2,1,1,3,1,2,9,6,1,1,45,2,2,0
1,20,3,2007,3,1,1,2,2,1,1,1,1,1,1,4,1,2,19,1,1,1,33,2,2,0
1,20,4,2007,1,1,1,2,2,1,1,1,1,1,1,4,1,2,9,4,1,1,33,2,2,0
1,20,7,2007,3,1,2,1,2,1,1,1,1,1,1,4,1,2,9,6,1,1,33,2,2,3
1,20,8,2007,4,1,1,1,2,2,3,4,1,1,1,1,1,2,9,8,1,1,33,2,2,0
4,23,10,2007,3,7,1,1,2,1,1,1,1,1,1,3,1,2,9,6,1,7,35,2,2,0
6,26,11,2007,2,1,1,1,2,1,1,1,1,2,2,3,1,2,4,6,1,1,26,2,2,0
7,26,11,2007,2,1,8,1,2,1,1,1,1,1,2,2,1,2,10,6,1,2,33,1,0,0
5,26,8,2007,3,1,2,1,2,1,1,1,1,1,1,1,1,2,9,6,1,1,33,2,2,0
5,26,11,2007,2,1,8,1,2,1,2,1,1,1,1,1,1,2,9,6,1,1,33,2,2,0
2,20,9,2007,3,1,1,1,2,1,1,3,1,1,1,2,1,2,6,6,2,1,33,2,2,0
7,24,6,2007,2,1,1,2,2,1,1,1,1,1,1,2,1,2,9,6,1,1,35,2,2,0
8,24,6,2007,1,3,1,1,2,1,1,1,1,1,2,2,1,2,9,6,1,1,32,2,2,3
5,24,7,2007,2,1,1,2,2,1,1,1,1,1,1,2,1,1,9,6,1,1,33,2,2,0
1,24,4,2007,1,2,1,2,2,1,1,1,1,1,1,1,1,2,14,9,1,1,33,2,2,3
1,24,4,2007,3,1,1,2,2,1,1,1,1,1,1,1,1,2,4,6,1,1,24,2,2,0
1,24,4,2007,2,1,1,2,2,1,1,1,1,1,1,1,2,1,9,6,1,1,40,2,2,1
1,24,6,2007,3,1,1,2,2,1,1,1,1,1,1,1,1,2,14,6,1,1,33,2,2,0
1,24,8,2007,3,1,1,1,2,1,1,1,1,1,1,1,1,2,9,6,1,3,33,2,2,0
1,24,8,2007,2,1,1,1,2,1,1,1,1,1,1,1,2,2,14,5,1,1,33,2,2,3
3,21,9,2007,3,1,1,1,2,1,1,1,1,1,1,2,1,2,19,6,1,1,33,2,2,0
3,21,10,2007,2,1,3,1,2,1,1,1,1,1,1,1,1,2,9,6,1,1,33,2,2,0
3,21,10,2007,3,1,1,1,2,1,1,1,1,1,1,1,1,2,9,6,1,1,40,2,2,0
3,21,10,2007,3,1,1,1,2,1,1,1,1,1,1,1,1,2,9,6,1,1,33,2,2,0
3,21,11,2007,3,1,1,1,2,1,1,1,1,1,1,1,1,2,14,6,1,1,33,2,2,0
3,21,11,2007,2,1,1,1,2,1,1,1,1,1,1,1,1,2,9,6,1,1,33,2,2,0
1,19,9,2007,3,1,3,2,2,1,1,1,1,1,1,3,1,2,19,6,1,1,35,2,2,0
2,19,11,2007,2,1,1,1,2,1,1,1,1,1,1,2,1,2,4,6,1,1,33,2,2,0
1,22,11,2007,3,2,8,2,2,1,1,1,1,1,1,1,1,2,14,5,1,1,32,2,2,3
1,22,11,2007,4,1,1,2,2,1,3,1,1,1,1,1,1,1,14,6,1,1,35,2,2,0
1,22,12,2007,3,7,1,2,2,1,1,1,1,1,1,1,1,1,9,6,1,1,33,2,2,0
1,20,12,2007,2,7,3,1,2,1,1,1,1,1,1,4,1,2,8,6,1,1,33,2,2,0
1,20,12,2007,2,7,8,2,2,1,1,1,1,1,1,2,1,2,8,6,1,1,33,2,2,0
2,20,9,2007,3,1,1,1,2,1,1,3,1,1,2,3,1,2,19,6,1,1,33,2,2,0
5,29,1,2007,2,1,1,1,2,1,1,1,1,1,1,1,1,2,7,6,1,1,33,2,2,0
5,29,1,2007,3,1,1,1,2,1,1,3,1,1,1,3,1,2,14,6,1,1,27,2,2,1
5,29,4,2007,1,1,1,1,2,1,4,1,1,1,1,1,1,1,12,6,1,1,33,2,2,0
5,29,6,2007,2,1,1,1,2,1,1,1,1,1,1,1,1,2,12,6,2,1,33,2,2,1
5,29,10,2007,3,7,2,2,1,1,1,1,1,1,1,1,1,2,16,11,1,1,33,2,2,0
8,29,10,2007,2,1,1,2,1,1,1,1,1,1,1,4,1,2,4,6,1,1,33,2,2,0
8,29,11,2007,2,1,1,2,2,1,1,1,1,1,1,1,1,2,14,6,1,1,33,2,2,0
1,24,9,2007,1,2,5,1,1,1,1,1,1,1,1,1,1,2,9,6,1,1,33,2,2,0
1,24,11,2007,3,3,1,1,2,1,1,1,1,1,1,1,1,2,9,6,1,1,33,2,2,0
2,24,11,2007,3,3,1,1,2,1,1,1,1,1,1,2,1,2,12,6,2,1,33,2,2,0
2,24,10,2007,2,1,1,1,2,1,1,1,1,1,1,1,1,1,9,6,2,1,33,2,2,1
2,24,11,2007,3,1,1,1,2,1,1,1,1,1,1,1,1,2,14,6,1,1,33,2,2,0
2,24,9,2007,2,1,1,1,2,1,1,1,1,1,1,1,1,2,9,6,2,1,32,2,2,0
1,18,12,2007,3,7,1,2,2,1,1,1,1,1,1,1,1,2,9,6,2,1,54,2,2,0
1,18,11,2007,2,1,8,1,2,1,1,1,1,1,1,1,1,1,9,6,1,1,30,2,2,0
1,18,10,2007,3,1,8,1,2,1,1,1,1,1,1,1,1,2,9,6,1,1,33,2,2,0
1,18,10,2007,2,7,1,1,2,1,1,1,1,1,1,1,1,2,7,6,1,1,33,2,2,0
1,18,11,2007,2,1,1,1,2,1,1,1,1,1,1,1,1,1,8,6,1,1,33,2,2,3
4,18,11,2007,3,1,1,1,2,1,1,1,1,1,1,3,1,2,14,6,1,1,33,2,2,1
4,18,10,2007,2,1,1,1,2,1,1,1,1,1,1,3,1,2,5,6,1,1,33,2,2,0
4,18,12,2007,2,1,1,2,2,1,1,1,1,1,1,2,1,2,10,6,1,2,33,1,0,0
6,18,11,2007,2,3,1,2,2,1,1,1,1,1,1,1,1,2,12,6,1,1,33,2,2,1
2,18,11,2007,3,1,2,2,1,1,1,1,1,1,1,2,1,2,14,6,1,1,33,2,2,0
3,18,9,2007,3,1,8,2,2,1,1,1,1,1,1,3,1,2,19,6,1,1,30,2,2,0
1,25,8,2007,3,1,1,2,2,1,1,1,1,1,1,1,1,2,12,6,1,1,33,2,2,0
1,25,9,2007,3,1,1,1,2,1,1,1,1,1,1,1,1,2,9,6,1,1,33,2,2,0
4,25,11,2007,3,1,1,1,2,1,1,1,1,1,1,3,1,2,14,6,1,1,40,2,2,0
9,26,12,2007,3,1,1,2,2,1,1,1,1,1,1,2,1,2,6,6,1,1,28,2,2,0
7,26,12,2007,3,4,1,1,2,1,1,1,1,2,1,4,1,2,4,6,1,1,33,2,2,1
2,28,10,2007,2,1,1,1,2,1,1,1,1,1,1,1,1,1,9,6,2,2,33,1,0,1
1,22,8,2007,3,1,1,2,1,1,1,1,2,1,1,1,1,2,14,2,1,2,33,1,0,0
1,23,2,2007,4,1,1,2,2,1,2,1,1,1,1,2,1,1,9,6,1,1,45,1,2,2
1,22,9,2007,3,3,2,2,1,1,1,1,1,1,1,1,1,2,9,6,1,1,33,2,2,0
1,22,7,2007,3,1,1,1,1,1,1,1,1,1,1,1,1,2,9,6,1,2,33,2,2,0
1,29,2,2007,3,1,1,2,1,1,1,1,1,1,1,1,2,1,9,6,2,2,33,1,2,0
1,29,8,2007,3,1,1,2,2,1,1,1,1,1,1,2,1,2,12,5,1,1,42,2,2,0
3,29,1,2007,3,2,1,2,2,1,1,1,1,1,1,1,1,2,7,5,1,7,33,2,2,0
3,29,4,2007,3,4,1,2,1,1,1,1,1,1,1,1,1,2,9,6,2,2,33,2,2,0
3,29,5,2007,3,1,1,2,2,1,1,2,1,1,1,1,1,2,12,9,1,6,32,1,2,0
3,29,8,2007,1,1,1,2,2,1,1,1,1,1,1,1,1,2,8,8,1,7,33,1,0,0
2,29,3,2007,3,1,1,2,2,1,1,1,1,1,1,4,1,2,8,6,1,3,45,1,2,0
2,29,9,2007,2,1,1,1,2,1,1,1,1,1,1,2,2,2,8,5,2,2,33,1,2,0
9,29,6,2007,2,1,1,2,2,1,1,1,1,1,1,4,1,2,4,6,1,7,33,1,2,1
8,29,2,2007,2,1,1,2,2,1,1,1,1,1,1,4,1,2,13,6,1,7,33,2,2,0
1,22,12,2007,3,1,1,2,2,1,1,1,1,1,1,1,1,1,9,6,1,7,33,2,2,0
3,20,5,2007,4,1,1,1,2,1,2,1,1,1,1,4,1,2,18,11,1,1,33,2,2,0
2,20,9,2007,3,1,1,2,2,1,1,1,1,1,1,2,1,2,14,6,1,1,33,2,2,1
3,20,11,2007,2,1,1,2,1,1,1,1,1,1,1,2,1,2,9,6,1,5,33,2,2,0
5,18,7,2007,3,2,8,1,1,2,1,1,2,1,2,4,1,2,10,6,1,2,33,1,2,1
5,18,8,2007,3,2,3,2,2,1,1,1,1,1,1,1,1,2,12,6,1,2,33,2,2,1
1,18,7,2007,2,2,3,2,2,1,3,1,1,1,1,1,1,1,14,3,1,1,38,2,2,0
1,18,6,2007,2,3,3,2,2,1,1,1,1,1,1,2,1,1,14,6,1,2,33,2,2,0
1,18,3,2007,3,2,3,2,2,3,1,1,2,1,1,5,1,1,13,1,2,7,38,1,2,0
1,18,4,2007,2,2,3,1,2,1,1,1,1,1,1,1,1,2,17,6,2,7,35,1,2,0
1,18,2,2007,2,2,3,1,1,1,3,1,1,1,1,1,1,2,9,6,1,7,33,1,2,0
1,21,9,2007,2,1,1,2,2,1,1,1,1,1,3,1,1,1,6,6,1,1,30,2,2,0
2,20,5,2007,4,1,1,2,2,1,3,1,1,1,1,4,1,2,6,6,2,7,40,2,2,0
1,20,3,2007,2,1,1,2,2,1,1,1,1,1,1,2,1,2,9,6,1,1,33,2,2,0
2,28,2,2007,3,1,1,2,2,1,1,1,1,1,1,5,1,1,11,6,1,1,33,2,2,0
3,28,3,2007,4,7,1,2,2,1,2,1,1,1,1,1,1,1,5,11,1,1,33,2,2,0
3,28,2,2007,1,1,8,2,2,1,3,1,1,1,1,1,1,1,10,1,1,7,33,1,2,0
5,28,2,2007,3,7,1,2,2,1,1,1,1,1,1,2,1,2,8,11,1,1,40,1,2,0
1,28,8,2007,3,7,8,1,2,1,1,1,1,1,1,5,1,1,9,8,1,7,25,2,2,1
2,28,10,2007,3,7,8,2,2,1,1,1,1,1,1,5,1,1,9,11,2,7,33,1,2,0
2,28,10,2007,3,1,1,2,2,1,1,1,1,1,1,5,1,1,9,11,1,1,30,1,2,0
5,28,6,2007,3,1,1,1,2,1,1,1,1,1,1,3,1,1,9,6,1,1,33,1,2,0
5,28,12,2007,2,7,1,1,2,1,1,1,1,1,1,3,1,1,9,6,1,1,33,1,2,0
4,28,7,2007,4,1,8,1,2,1,3,1,1,1,1,1,1,1,9,5,1,1,23,1,2,3
4,28,9,2007,2,1,1,2,2,1,1,1,1,1,1,1,1,1,9,11,1,1,33,1,2,0
4,28,9,2007,3,1,8,2,2,1,1,2,1,1,1,1,1,2,4,2,2,7,25,1,2,0
4,28,9,2007,4,1,6,2,2,1,3,1,1,1,1,1,1,1,4,6,1,1,40,1,2,1
4,28,9,2007,4,1,1,1,1,1,3,1,1,1,1,1,1,1,5,11,1,1,33,1,2,0
4,28,10,2007,2,1,4,2,1,1,1,1,1,1,1,1,1,1,4,6,1,1,25,1,2,0
4,28,11,2007,3,1,8,1,2,1,1,2,2,1,1,5,1,1,14,1,1,1,33,1,2,0
5,28,4,2007,2,3,1,2,2,1,1,1,1,1,1,1,1,2,9,6,1,1,45,1,2,0
5,28,4,2007,2,3,1,2,2,1,1,1,1,1,1,1,1,2,12,8,1,1,33,2,1,0
3,28,10,2007,3,2,1,2,2,1,1,1,1,1,1,1,1,1,9,6,1,1,35,2,2,0
1,28,8,2007,3,7,1,2,2,1,1,1,1,1,1,5,1,1,14,6,1,7,30,2,2,0
1,28,12,2007,4,2,5,2,1,4,3,1,1,1,1,5,1,1,4,4,1,1,20,2,2,1
5,28,3,2007,2,7,1,2,2,1,1,4,1,1,1,5,1,1,9,11,1,1,56,2,2,0
1,28,10,2007,4,7,1,2,2,2,3,1,2,1,2,5,1,1,1,1,1,1,33,2,2,0
1,28,5,2007,2,7,1,1,1,1,2,2,1,1,1,2,1,1,13,1,1,7,47,2,2,1
1,28,1,2007,2,7,1,1,2,1,1,1,1,1,1,1,1,1,10,7,1,1,33,2,2,3
5,28,2,2007,3,1,1,2,2,1,1,1,1,1,1,2,1,1,11,6,1,1,33,2,0,0
5,28,3,2007,2,1,1,2,2,1,1,1,1,1,1,5,1,1,9,6,1,1,33,2,2,0
5,28,10,2007,3,3,8,1,1,1,1,1,1,1,1,5,1,1,9,6,2,7,33,2,2,0
5,28,10,2007,4,3,8,2,2,1,2,4,1,1,1,1,1,1,5,6,1,7,30,2,2,0
5,28,12,2007,4,1,8,2,2,1,3,1,1,1,1,1,1,1,5,6,1,7,33,2,2,0
5,1,8,2007,2,1,1,2,1,1,1,1,1,1,1,5,1,1,2,5,1,7,33,2,2,1
5,28,11,2007,2,1,8,2,1,1,1,1,1,1,1,5,1,1,10,6,1,2,20,2,2,3
2,28,9,2007,1,1,1,2,2,1,1,1,1,1,1,1,1,1,5,6,1,7,33,2,2,0
2,28,9,2007,3,1,1,2,2,1,1,1,1,1,1,5,1,1,14,11,1,7,33,1,2,1
2,28,9,2007,3,1,8,2,2,1,1,2,1,1,1,1,1,2,8,2,2,7,25,2,2,0
2,28,9,2007,2,1,1,2,2,1,1,3,1,1,2,2,1,1,9,6,1,7,40,2,2,0
2,28,9,2007,4,1,6,2,2,1,3,1,1,1,1,1,1,1,4,6,1,4,40,2,2,1
2,28,9,2007,3,1,1,2,2,1,3,1,1,1,1,1,1,1,5,6,1,7,33,2,2,0
2,28,6,2007,4,3,1,2,1,2,3,1,2,1,1,1,1,1,14,6,1,7,33,2,2,0
2,28,10,2007,2,1,4,2,1,1,1,1,1,1,1,1,1,1,1,6,1,2,25,2,2,0
2,28,11,2007,3,1,8,1,2,1,1,2,1,1,1,5,1,1,14,1,1,1,33,2,2,0
4,28,2,2007,1,1,1,2,1,1,1,1,1,1,1,2,1,2,7,1,1,7,33,2,2,0
4,28,3,2007,2,3,1,2,2,1,4,1,1,1,1,5,1,1,9,6,1,7,56,2,2,0
4,28,6,2007,3,1,1,2,2,1,1,1,1,1,1,3,1,1,9,6,1,1,33,1,2,0
5,13,7,2007,1,7,4,1,2,1,4,1,1,1,1,2,1,2,14,11,1,1,33,2,2,0
5,13,7,2007,2,4,1,2,2,1,1,1,1,1,1,3,1,2,9,6,1,7,40,2,2,0
5,13,7,2007,2,3,4,2,2,1,1,1,1,1,1,3,1,2,14,2,1,7,33,2,2,0
5,13,7,2007,4,3,1,2,2,1,2,2,1,1,1,4,1,2,14,6,1,7,33,2,2,0
5,13,7,2007,3,7,1,2,2,2,1,1,2,1,1,2,1,2,8,6,1,1,33,2,2,0
5,13,7,2007,2,1,8,2,2,1,1,1,1,1,1,3,1,2,9,6,1,7,33,1,2,0
8,13,7,2007,1,1,1,2,2,1,4,1,1,1,1,1,1,2,14,1,1,7,33,2,2,0
1,15,1,2007,3,1,1,2,2,1,1,1,1,1,1,4,1,2,6,11,1,7,18,2,2,0
1,15,2,2007,1,4,1,2,2,1,4,1,1,1,1,1,1,2,9,6,1,7,33,2,2,0
1,15,2,2007,2,1,8,2,2,1,1,1,1,1,1,1,1,1,8,6,1,7,43,2,2,0
1,15,3,2007,3,1,1,2,2,1,1,1,1,1,1,1,1,2,7,6,1,1,33,1,2,3
1,15,3,2007,2,1,1,2,2,2,1,1,2,1,1,1,1,2,19,11,1,7,33,2,2,0
1,15,3,2007,1,7,8,2,1,1,4,1,1,1,1,1,1,1,19,11,1,7,33,2,2,2
6,15,3,2007,2,3,2,2,2,1,1,3,1,1,1,1,1,1,14,4,1,1,35,2,2,2
6,15,6,2007,3,1,1,2,2,1,1,1,1,1,1,3,1,2,4,6,1,7,33,2,2,3
2,15,3,2007,3,3,1,2,2,1,1,1,1,1,1,2,1,2,19,11,1,1,45,2,2,0
3,15,1,2007,2,1,1,2,2,1,1,1,1,1,1,2,1,2,11,6,1,1,45,2,2,0
3,15,2,2007,2,1,1,2,2,1,1,1,1,1,1,3,1,2,7,11,1,5,30,2,2,0
3,15,4,2007,3,1,3,1,2,1,1,1,1,1,1,3,1,2,14,6,1,1,33,2,2,0
3,15,4,2007,2,1,1,2,2,1,1,1,1,1,1,1,1,2,19,5,1,7,28,2,2,0
4,15,1,2007,2,7,1,2,2,1,1,1,1,1,1,3,1,2,9,6,1,1,45,2,2,0
4,15,3,2007,2,1,3,2,2,1,1,1,1,1,1,3,1,1,9,6,1,7,33,2,2,0
5,13,3,2007,2,1,1,1,2,1,1,3,1,1,1,4,1,2,8,6,1,7,32,2,2,0
8,13,4,2007,1,7,8,1,2,1,4,2,1,3,1,2,4,2,19,6,1,1,33,2,2,0
8,13,4,2007,2,3,1,1,1,1,1,1,1,1,1,1,1,2,6,6,1,7,33,2,2,1
12,9,5,2007,2,1,1,2,2,1,1,1,1,1,1,1,1,2,13,11,1,7,33,1,2,1
1,12,4,2007,4,3,8,1,2,1,4,2,1,1,1,4,1,2,14,11,1,1,22,2,2,0
12,9,4,2007,3,1,1,2,2,1,1,1,1,1,1,3,1,2,9,6,1,7,33,2,2,0
4,12,2,2007,2,7,1,2,2,1,1,1,1,1,1,3,1,2,9,11,1,1,34,2,2,0
4,12,3,2007,4,7,3,1,2,1,1,1,1,1,1,3,1,2,9,6,1,1,26,2,2,0
4,12,3,2007,4,7,3,1,2,1,2,2,1,1,1,4,1,2,19,6,2,7,21,2,2,0
1,12,5,2007,3,1,1,2,2,1,1,1,1,1,1,2,1,2,12,6,1,7,50,2,2,0
12,9,2,2007,1,1,1,1,2,4,4,2,1,1,1,1,1,1,9,6,1,7,50,2,2,0
10,9,2,2007,1,1,1,2,2,4,4,2,1,1,1,1,1,1,19,11,1,7,33,2,2,0
8,13,2,2007,4,1,3,1,1,4,4,1,1,1,1,1,1,1,19,6,1,7,33,1,2,0
8,13,2,2007,1,3,3,1,2,1,2,1,1,1,1,1,1,1,9,6,1,4,28,2,2,0
8,13,2,2007,2,3,1,2,1,1,1,1,1,1,1,1,1,1,8,4,1,7,32,2,2,0
8,13,2,2007,2,1,1,1,1,1,1,1,1,1,1,1,1,1,14,7,2,7,33,2,2,0
8,13,2,2007,2,7,1,2,2,1,1,1,1,1,1,1,1,1,9,6,1,7,33,2,2,0
8,13,2,2007,3,3,6,2,1,1,1,1,1,1,1,1,1,1,9,5,1,1,33,2,2,1
8,13,2,2007,3,3,2,2,1,1,1,1,1,1,1,1,1,1,19,6,1,1,25,2,2,1
3,13,2,2007,3,3,1,2,2,1,1,1,1,1,1,2,1,2,14,6,1,7,33,2,2,0
1,12,6,2007,3,7,1,2,2,1,2,1,1,1,1,2,1,1,7,6,1,1,20,2,2,1
8,13,6,2007,3,1,1,1,1,1,1,1,1,1,1,1,1,1,9,11,1,7,40,2,2,3
8,13,6,2007,1,1,8,2,2,1,2,1,1,1,1,3,1,2,13,1,1,1,33,2,2,3
8,13,6,2007,4,7,1,2,2,1,4,1,1,1,1,1,1,1,19,11,1,1,33,2,2,0
1,15,7,2007,2,4,1,2,2,1,1,1,1,1,1,1,1,1,14,10,1,5,45,2,2,0
6,15,5,2007,2,3,3,2,2,1,1,1,1,1,1,1,1,1,14,6,1,7,33,2,2,0
6,15,5,2007,3,7,3,2,2,1,1,1,1,1,1,1,1,1,8,6,1,7,33,2,2,0
6,15,6,2007,2,1,1,2,2,1,1,1,1,1,1,1,1,1,14,6,1,7,32,1,2,0
3,15,4,2007,2,1,1,1,2,1,1,3,1,1,1,1,3,1,14,9,1,1,24,1,2,3
3,15,5,2007,1,1,1,2,2,1,4,1,1,1,1,3,1,2,9,6,1,7,45,2,2,0
3,15,5,2007,3,4,1,2,2,1,1,1,1,1,1,3,1,2,9,6,1,7,33,2,2,0
4,15,5,2007,2,2,1,2,1,1,1,1,1,1,1,1,1,1,14,6,1,7,45,2,2,0
5,15,7,2007,3,7,7,1,2,1,1,1,1,1,1,2,1,2,14,6,1,1,31,2,2,0
12,3,2,2007,4,1,1,2,2,1,2,1,1,1,1,2,1,2,16,4,1,1,36,2,2,1
3,3,2,2007,2,1,1,1,2,1,1,1,1,1,1,3,1,2,8,6,1,7,46,2,2,0
3,3,2,2007,3,7,1,2,2,1,1,1,1,1,1,2,1,2,13,6,1,1,40,2,2,0
13,3,2,2007,4,1,1,2,2,1,3,1,1,1,1,3,1,2,14,8,1,7,33,2,2,1
6,3,3,2007,2,7,1,2,2,1,2,1,1,1,1,2,1,2,9,11,1,7,33,2,2,0
12,3,3,2007,3,1,1,1,2,1,1,1,1,1,1,3,1,2,17,6,1,7,23,2,2,0
4,12,7,2007,2,7,3,1,2,2,1,1,2,1,1,3,1,2,19,6,1,7,25,2,2,0
5,15,7,2007,2,1,3,1,2,1,1,1,1,1,1,4,1,2,7,11,1,7,30,2,2,0
2,13,5,2007,2,1,1,1,2,1,1,1,1,1,1,2,1,2,5,6,1,7,25,2,2,0
9,3,5,2007,3,7,3,2,2,1,1,1,1,1,1,3,1,2,14,6,1,1,37,2,2,0
7,3,5,2007,2,1,1,1,2,1,1,1,1,1,1,2,1,2,14,6,1,7,33,2,2,0
2,12,5,2007,3,7,1,2,2,1,1,1,1,1,1,3,1,1,13,6,1,7,33,2,2,0
2,12,5,2007,4,7,1,1,2,1,1,1,1,1,1,2,1,1,14,6,1,7,33,2,2,0
4,3,4,2007,2,7,1,1,2,1,1,1,1,1,1,2,1,2,13,6,1,2,37,2,2,0
5,16,3,2007,2,1,1,2,2,1,1,1,1,1,1,2,1,2,19,6,1,1,33,2,2,1
1,16,3,2007,2,1,1,2,2,1,1,1,1,2,2,2,1,2,13,6,1,1,35,2,2,0
11,16,3,2007,2,1,1,2,2,4,4,1,1,1,1,2,1,2,19,11,1,7,33,2,2,0
11,16,3,2007,3,1,1,1,2,2,1,1,2,1,1,3,1,2,19,11,2,7,33,1,2,1
2,9,4,2007,3,7,3,2,2,1,1,1,1,1,1,2,1,1,14,6,1,7,40,2,2,0
4,9,5,2007,4,1,1,2,2,1,1,1,1,1,1,3,1,2,6,11,1,7,22,2,2,0
8,9,5,2007,2,4,1,2,2,1,1,2,1,1,1,4,1,2,8,3,1,1,30,2,2,3
3,9,5,2007,2,1,1,2,2,1,1,1,1,1,1,4,1,2,4,6,1,1,33,2,2,0
7,9,5,2007,2,1,8,1,2,1,1,1,1,1,1,1,1,2,9,11,1,7,33,2,2,0