Thana,District,Month,Year,Time,Junction_Type,Traffic_Control,Movement,Divider,Weather,Light,Road_Geometry,Surface_Condition,Surface_Type,Surface_Quality,Road_Class,Road_Feature,Location_Type,Vehicle_Type,Vehicle_Movement,Vehicle_Loading,Vehicle_Defect,Vehicle_Driver_Age,Vehicle_Alcohol,Vehicle_Seat_Belt,Accident_Severity
7,9,6,2007,1,1,8,1,2,1,4,1,1,1,1,1,1,1,14,11,1,7,33,2,2,0
9,7,4,2007,2,7,1,2,2,1,1,1,1,1,1,2,1,2,19,6,1,7,24,2,2,3
1,7,2,2007,2,1,1,2,2,1,1,1,1,1,1,5,1,2,9,11,1,7,33,2,2,0
5,1,1,2007,2,7,1,2,2,1,1,1,1,1,1,2,1,2,17,6,1,1,33,1,2,0
5,1,3,2007,4,1,3,2,2,1,2,1,1,1,1,4,1,2,4,6,1,7,33,2,2,0
1,2,2,2007,3,1,1,1,2,1,1,1,1,1,1,2,1,2,8,6,1,1,41,2,2,0
5,2,2,2007,3,1,1,2,2,1,1,1,1,1,1,2,1,2,4,6,1,7,28,2,2,0
9,16,2,2007,3,2,1,2,2,1,1,1,1,1,1,1,1,1,9,6,2,1,37,1,2,0
1,16,2,2007,3,1,1,2,2,1,1,1,1,1,1,5,1,2,14,6,1,1,32,2,2,0
8,16,2,2007,2,2,1,2,2,1,1,1,1,1,1,3,1,2,9,6,1,7,33,2,2,0
8,16,2,2007,1,2,3,2,2,1,2,1,1,1,1,3,1,2,9,6,1,7,33,2,2,0
11,16,2,2007,2,7,1,1,2,4,1,1,1,1,1,1,2,1,19,11,1,7,33,1,2,0
11,16,2,2007,1,1,1,1,2,1,2,1,1,1,1,2,1,1,19,11,2,7,33,2,2,1
1,2,5,2007,3,3,8,2,2,1,1,1,1,1,1,1,1,1,19,6,1,1,33,1,2,0
1,2,5,2007,3,7,3,2,2,1,1,1,1,1,1,1,1,1,8,6,1,7,33,2,2,0
1,2,3,2007,3,1,1,2,2,1,1,1,1,1,1,1,1,1,14,6,1,1,40,2,2,1
2,2,4,2007,3,1,1,2,2,1,1,2,1,3,2,2,1,2,17,6,2,7,33,2,2,0
4,2,4,2007,3,2,8,2,2,1,1,1,1,1,1,2,1,1,14,6,1,1,33,2,2,0
2,2,1,2007,3,1,1,2,2,1,1,1,1,1,1,2,1,2,17,6,1,7,45,1,2,0
5,16,1,2007,3,7,8,2,2,1,1,1,1,1,1,2,1,2,9,6,1,7,30,1,2,0
1,16,1,2007,3,3,1,1,2,1,1,1,1,1,1,3,1,2,14,6,1,7,33,1,2,0
6,16,1,2007,3,7,8,1,2,1,1,4,5,3,2,3,1,2,13,11,1,7,42,2,2,0
10,16,1,2007,3,1,1,2,2,1,1,1,1,1,1,1,1,1,9,4,1,5,33,2,2,3
10,16,1,2007,4,1,1,2,2,1,4,1,1,1,1,1,1,1,9,6,1,7,33,2,2,3
7,16,1,2007,3,1,1,2,2,1,1,1,1,1,1,1,1,1,9,6,1,7,33,2,2,0
11,16,1,2007,2,1,1,2,2,1,2,1,1,1,1,1,1,1,13,6,1,7,33,2,2,1
11,16,1,2007,2,1,1,2,2,4,2,1,1,1,1,1,1,1,13,6,1,5,35,2,2,0
11,16,1,2007,2,1,1,2,2,4,1,3,5,1,1,2,2,2,14,11,1,7,33,2,2,0
7,7,4,2007,2,1,1,1,2,1,1,1,1,1,1,2,1,1,8,6,1,1,32,2,2,0
2,7,5,2007,4,7,1,1,2,1,2,1,1,1,1,2,1,2,14,11,1,1,33,2,2,0
1,2,8,2007,2,1,1,1,2,1,1,1,1,1,1,1,1,1,9,6,1,7,45,2,2,0
10,7,1,2007,3,7,8,1,2,1,1,1,1,1,1,4,1,2,4,6,1,1,22,2,1,0
1,7,1,2007,2,7,3,2,2,1,1,1,1,1,1,1,1,1,14,6,1,7,38,2,2,0
3,10,3,2007,4,7,8,2,2,1,2,1,1,1,1,2,1,1,14,6,2,7,35,2,2,0
4,10,3,2007,2,1,1,2,2,1,1,1,1,1,1,2,1,1,13,6,1,7,33,2,2,0
10,16,4,2007,1,7,1,2,2,1,2,1,1,1,1,2,1,1,19,6,1,7,33,2,2,0
7,16,4,2007,1,1,3,2,2,1,4,1,1,1,1,3,1,2,4,4,1,7,33,2,2,0
7,16,4,2007,1,1,3,2,2,1,2,3,1,1,1,3,1,2,9,6,1,7,33,2,2,0
1,16,4,2007,2,7,3,1,2,1,2,1,1,1,1,4,1,1,13,11,1,7,45,2,2,0
1,16,4,2007,3,1,1,1,2,1,1,1,1,1,1,2,1,2,19,6,2,7,33,2,2,0
6,16,4,2007,3,7,8,2,2,1,1,1,1,1,1,1,1,1,10,11,1,1,25,2,2,0
8,16,4,2007,2,3,1,1,2,1,2,2,1,1,1,3,1,2,9,11,2,3,35,2,2,0
12,9,1,2007,3,1,1,2,2,1,1,1,1,1,1,1,1,1,9,11,1,1,50,1,2,0
12,9,3,2007,2,7,8,2,2,1,1,1,1,1,1,2,1,2,14,6,1,1,33,2,2,1
12,9,4,2007,3,7,8,2,2,1,1,1,1,1,1,1,1,1,9,11,1,7,40,2,2,0
7,9,1,2007,2,1,8,1,2,1,1,1,1,1,1,1,1,1,9,6,1,7,33,2,2,0
12,9,10,2007,2,7,3,2,2,1,1,1,1,1,1,2,1,1,9,6,1,7,33,2,2,0
1,9,11,2007,2,1,1,2,2,1,1,1,1,1,1,1,1,1,5,6,1,1,35,2,2,0
5,13,11,2007,2,7,8,2,2,1,1,1,1,1,1,2,1,1,9,11,1,7,33,2,2,3
3,13,10,2007,3,7,8,2,2,1,1,2,1,1,1,4,1,2,8,2,1,7,33,1,2,0
4,12,11,2007,2,1,1,2,2,1,3,1,1,1,1,3,1,2,6,6,1,7,33,2,2,0
4,12,2,2007,2,7,1,2,2,1,1,1,1,1,1,2,1,2,9,11,1,1,34,2,2,0
4,12,3,2007,2,7,3,1,2,1,1,1,1,1,1,3,1,2,9,6,1,1,26,2,2,0
4,12,3,2007,4,7,3,1,2,1,3,2,1,1,1,4,1,2,19,6,1,7,21,2,2,0
1,12,4,2007,4,3,8,1,2,1,4,2,1,1,1,4,1,2,14,11,1,1,22,2,2,0
2,12,5,2007,3,1,8,1,2,1,1,1,1,1,1,3,1,2,17,6,1,7,33,2,2,0
2,12,5,2007,4,7,1,2,2,1,1,1,1,1,1,3,1,2,14,6,1,7,33,2,2,0
1,12,6,2007,3,7,1,2,2,1,1,1,1,1,1,3,1,1,7,6,1,7,20,2,2,1
4,12,7,2007,4,1,3,1,2,2,4,1,2,1,1,3,1,2,6,6,1,7,25,2,2,0
10,9,9,2007,3,7,1,2,2,1,1,2,1,1,1,4,1,2,4,6,1,7,33,2,2,0
10,9,9,2007,3,7,1,2,2,1,1,3,1,2,1,3,1,2,14,1,1,1,35,1,2,0
12,9,11,2007,3,1,8,2,2,1,1,1,1,1,1,1,1,1,9,6,1,7,33,2,2,0
12,9,9,2007,2,7,8,1,2,1,1,1,1,1,1,1,1,1,9,11,1,1,33,2,2,0
12,9,10,2007,2,7,3,2,2,1,1,1,1,1,1,1,1,1,9,6,1,7,33,2,2,0
9,9,6,2007,1,1,3,1,2,1,4,1,1,1,1,4,1,2,19,4,1,3,35,2,2,0
5,13,8,2007,1,7,1,2,2,1,4,1,1,1,1,2,1,2,14,6,1,5,33,2,2,0
5,13,8,2007,4,1,1,2,2,1,1,1,1,1,1,2,1,2,8,6,1,1,33,2,2,0
5,13,8,2007,1,1,1,2,2,1,4,1,1,1,1,2,1,2,9,1,1,1,33,2,2,0
5,13,8,2007,1,1,1,2,2,1,4,1,1,1,1,2,1,2,9,6,1,7,33,2,2,0
8,13,8,2007,2,7,1,2,2,2,1,1,2,1,1,4,1,2,8,2,1,1,33,1,2,0
2,13,8,2007,2,7,1,2,2,1,1,1,1,1,1,4,1,2,8,6,1,7,35,2,2,0
11,9,11,2007,1,1,1,2,2,1,4,1,1,1,1,1,1,1,14,11,1,7,33,1,2,0
7,9,11,2007,3,4,8,2,2,1,1,1,1,1,1,1,1,1,9,6,1,7,33,2,2,0
12,9,5,2007,2,7,1,1,2,1,1,1,1,1,1,1,1,1,14,11,1,7,40,2,2,0
3,12,10,2007,2,1,1,2,2,1,1,1,1,1,1,2,1,2,19,11,1,7,33,2,2,0
1,9,7,2007,4,7,1,2,2,1,2,1,1,1,1,2,1,2,7,6,1,1,18,2,2,0
1,9,7,2007,2,2,8,2,1,1,1,1,1,1,1,2,1,1,14,11,1,1,33,2,2,0
1,9,9,2007,3,3,8,1,1,1,1,1,1,1,1,1,1,1,9,6,1,1,33,2,2,0
1,9,10,2007,3,1,1,2,2,1,1,1,1,1,1,1,1,1,13,6,1,1,28,2,2,1
4,3,7,2007,4,7,8,2,2,1,4,4,1,1,1,1,1,1,19,6,1,1,33,2,2,0
9,16,5,2007,2,7,1,1,2,1,2,1,1,1,1,4,2,1,19,6,1,7,30,2,2,1
12,16,5,2007,3,7,1,2,2,1,1,1,1,1,1,2,1,2,8,6,1,7,34,2,2,0
10,16,5,2007,1,1,1,2,2,1,4,1,1,1,1,3,1,2,19,6,1,7,33,2,2,0
1,16,5,2007,2,7,1,1,2,1,1,1,1,1,1,2,1,2,8,6,1,1,33,2,2,1
7,16,5,2007,2,2,1,1,2,1,1,1,1,1,1,3,1,2,9,6,1,7,33,2,2,1
5,16,5,2007,3,7,3,2,2,1,1,1,1,1,1,3,1,2,13,6,1,1,33,2,2,1
10,16,8,2007,1,7,1,2,2,1,3,1,1,1,1,1,1,2,14,6,1,7,33,2,2,0
10,16,8,2007,4,7,1,2,2,1,4,1,1,1,1,3,1,2,19,6,1,7,33,2,2,0
7,16,8,2007,2,2,1,1,1,1,1,1,1,1,1,1,1,1,8,11,1,1,24,2,2,0
10,16,7,2007,1,7,1,2,2,1,4,1,1,1,1,2,1,2,19,6,1,7,33,2,2,0
4,16,7,2007,4,7,8,2,2,1,4,1,1,1,1,3,1,2,8,5,1,1,33,2,2,0
7,16,7,2007,2,7,1,2,1,1,1,1,1,1,1,3,1,2,14,3,1,7,33,2,2,0
6,16,6,2007,2,7,8,2,2,2,1,1,2,1,1,1,1,1,13,6,1,7,33,1,2,0
10,16,6,2007,1,1,1,2,2,1,2,1,1,1,1,1,1,2,19,6,1,7,33,2,2,0
9,16,6,2007,3,1,8,1,2,1,1,1,2,1,1,3,1,2,14,6,1,3,33,1,2,0
9,16,6,2007,3,7,1,2,2,1,1,1,2,1,1,1,1,1,9,6,1,1,38,2,2,0
13,3,6,2007,2,1,1,2,2,1,1,1,1,1,1,1,1,2,12,6,1,7,33,2,2,0
1,2,10,2007,2,1,1,2,2,1,1,1,1,1,1,1,1,1,14,6,1,7,33,2,2,0
4,2,10,2007,3,7,3,1,2,1,1,1,1,1,1,3,1,2,4,6,1,7,25,2,2,0
5,2,10,2007,1,7,1,2,2,1,4,1,1,1,1,2,1,2,9,6,1,1,37,2,2,0
1,2,10,2007,3,7,8,2,1,1,1,1,1,1,1,1,1,2,19,6,1,7,33,2,2,1
1,10,4,2007,2,1,1,2,2,2,1,1,2,1,1,2,1,1,4,6,1,1,34,1,2,3
5,10,7,2007,3,3,1,2,2,1,1,1,1,1,1,3,1,2,4,6,1,7,33,1,2,0
5,2,9,2007,2,7,8,2,2,1,2,1,1,1,1,2,1,2,7,11,1,1,33,2,1,0
5,13,9,2007,4,7,3,2,2,1,1,1,1,1,1,2,1,1,8,11,1,7,45,2,2,0
1,15,8,2007,2,1,1,2,2,1,2,1,1,1,1,3,1,2,14,4,1,7,32,2,2,1
1,15,8,2007,3,1,1,2,1,1,1,2,2,1,1,1,1,1,7,6,1,7,33,2,2,0
1,15,8,2007,2,2,1,2,2,1,1,1,1,1,1,1,1,1,13,4,1,7,45,2,2,0
5,1,8,2007,2,1,1,1,2,1,1,1,1,1,1,1,1,1,8,11,1,7,25,2,2,1
10,7,7,2007,3,3,1,1,2,1,4,2,1,1,1,4,1,2,13,6,1,7,35,2,2,1
10,7,6,2007,3,3,1,1,2,1,1,1,1,3,1,4,1,2,17,6,1,3,32,2,2,0
1,7,6,2007,3,1,1,2,1,1,1,1,1,1,1,1,1,1,14,6,1,7,33,1,2,0
12,9,7,2007,3,7,8,2,2,1,1,1,1,1,1,1,1,1,14,6,1,7,40,2,2,0
6,3,8,2007,1,1,8,2,2,1,2,1,1,1,1,2,1,2,14,6,1,1,50,1,2,0
12,9,8,2007,2,1,8,1,1,1,2,1,1,1,1,3,1,2,14,6,1,7,33,2,2,3
12,9,7,2007,4,7,1,2,2,1,2,1,1,1,1,1,1,1,14,6,1,7,40,2,2,0
4,9,8,2007,3,1,3,2,1,1,1,1,1,1,1,2,1,1,4,6,1,7,33,2,2,1
4,9,8,2007,3,1,8,2,2,1,1,2,1,1,1,4,1,2,13,1,1,1,33,2,2,0
4,9,8,2007,2,1,3,1,1,1,1,2,1,1,1,2,1,2,4,6,1,1,33,2,2,0
4,9,8,2007,2,1,3,2,2,1,1,1,1,1,1,2,1,1,8,2,1,7,33,2,2,0
4,9,9,2007,2,1,1,2,2,1,1,1,1,1,1,2,1,1,9,6,1,7,33,1,2,0
4,9,9,2007,3,7,1,2,2,1,1,1,1,1,1,1,1,1,14,6,1,7,33,2,1,0
1,10,9,2007,3,1,1,2,2,1,1,1,1,1,1,3,1,2,4,11,1,7,29,2,1,0
5,10,9,2007,3,1,1,2,2,2,1,1,2,1,1,3,3,2,4,6,1,1,30,2,2,0
5,13,10,2007,2,1,1,2,2,1,2,1,1,1,1,2,1,1,14,6,1,1,40,2,2,0
5,13,10,2007,1,1,8,2,2,1,4,1,1,1,1,2,1,1,14,6,1,7,33,2,2,0
5,13,10,2007,4,2,3,1,2,1,4,1,1,1,1,2,1,1,14,11,1,7,33,2,2,0
5,13,10,2007,2,7,3,2,2,1,2,1,1,1,1,2,1,1,14,11,1,7,33,2,2,0
11,16,6,2007,2,7,1,2,2,1,1,1,1,1,1,1,1,1,13,11,1,7,33,2,2,3
11,16,6,2007,3,1,1,2,2,1,1,1,1,1,1,1,1,1,9,6,1,7,33,2,2,0
8,9,8,2007,2,1,1,2,2,1,1,1,1,1,1,2,1,2,12,6,1,7,33,2,2,0
2,6,5,2007,4,1,8,2,2,1,4,2,1,1,1,1,1,1,14,11,1,1,33,2,2,0
2,6,6,2007,2,7,1,2,2,1,1,2,2,1,2,1,1,1,8,11,1,1,33,2,2,1
2,6,2,2007,4,1,1,2,2,1,3,1,1,1,1,1,1,2,8,6,1,7,33,2,2,0
4,6,7,2007,4,1,1,2,2,1,2,1,1,1,1,1,4,2,8,6,1,3,33,2,2,0
4,6,9,2007,2,7,1,2,2,1,1,1,1,1,1,2,1,2,8,6,1,3,35,2,2,0
3,6,1,2007,4,1,1,1,2,1,3,1,1,1,1,1,1,1,14,6,1,7,33,2,2,0
3,6,6,2007,1,1,1,2,2,1,2,1,1,1,1,1,1,1,8,6,1,7,33,2,2,0
1,5,5,2007,2,1,1,2,2,1,1,1,1,1,1,1,1,1,14,6,1,7,33,2,2,0
1,5,8,2007,3,7,8,1,2,1,1,1,1,3,1,4,1,2,19,6,1,7,33,2,2,0
1,5,8,2007,3,1,8,1,2,1,1,1,1,1,1,4,1,2,9,6,1,6,33,2,2,0
1,5,5,2007,2,1,1,2,2,1,1,1,1,1,1,1,1,1,8,6,1,7,33,2,2,0
1,5,2,2007,3,1,1,1,2,1,1,1,1,1,1,2,1,2,12,6,1,7,25,2,2,0
1,5,4,2007,1,7,1,1,1,1,4,1,1,1,1,1,1,1,9,6,1,7,33,2,2,2
1,5,1,2007,4,7,4,1,2,1,3,1,1,1,1,1,1,1,9,6,1,7,33,2,2,0
1,5,2,2007,3,7,8,1,2,1,1,1,1,1,1,1,1,1,13,6,1,7,45,2,2,0
3,5,3,2007,3,1,1,2,2,1,1,1,1,1,1,1,1,1,8,6,1,7,33,2,2,0
1,5,3,2007,1,1,1,2,2,1,3,1,1,3,1,4,1,2,13,6,1,7,24,2,2,0
8,5,5,2007,1,1,1,2,2,1,3,1,2,1,1,1,1,1,19,6,1,7,33,2,2,0
8,5,3,2007,3,7,8,2,2,1,1,1,1,1,1,1,1,1,7,6,1,7,33,2,2,1
8,5,8,2007,3,1,1,2,2,1,1,1,1,1,1,1,1,1,14,6,1,7,33,2,2,1
8,5,7,2007,1,1,1,2,2,1,2,1,1,1,1,1,1,1,19,6,1,7,33,2,2,0
5,5,3,2007,2,3,1,2,2,1,1,1,1,1,1,1,1,1,9,6,1,1,33,2,2,1
5,5,7,2007,1,1,1,1,2,1,2,1,1,1,1,1,1,1,9,6,1,7,33,2,2,0
5,5,7,2007,2,1,1,2,2,1,1,1,1,1,1,1,1,1,19,6,1,7,35,2,2,0
5,5,5,2007,4,1,1,2,2,1,3,1,1,1,1,1,1,1,14,6,1,2,33,2,2,0
5,5,6,2007,1,1,1,2,2,1,4,1,1,1,1,1,1,1,9,6,1,1,33,1,2,0
5,5,7,2007,3,1,1,2,2,1,1,1,1,1,2,3,1,2,10,6,1,7,32,2,2,1
5,5,6,2007,3,1,1,2,2,1,1,1,1,1,1,2,1,2,7,6,1,7,35,2,2,0
5,5,3,2007,3,1,1,2,2,1,1,1,1,1,1,1,1,1,9,6,1,7,33,2,2,0
6,5,8,2007,3,1,8,1,2,1,1,1,1,1,1,3,1,2,14,11,1,7,33,2,2,1
7,5,1,2007,2,1,1,2,2,1,1,1,1,1,1,1,1,1,14,6,1,7,33,2,2,1
7,5,7,2007,2,7,1,2,2,1,1,1,1,1,1,1,1,1,14,6,1,1,33,2,2,0
7,5,7,2007,3,1,1,1,2,1,1,1,1,1,1,1,1,1,9,11,1,7,33,2,2,0
7,5,8,2007,1,1,1,1,2,1,4,1,1,1,1,1,1,1,9,6,1,7,33,2,2,1
7,5,7,2007,4,1,1,1,2,1,4,1,1,1,1,1,1,1,9,6,1,1,33,2,2,0
7,5,7,2007,2,1,1,2,2,1,1,1,1,1,1,2,1,1,8,6,1,7,40,2,2,0
4,5,6,2007,2,4,1,2,2,1,2,1,1,1,1,1,1,1,9,6,1,1,33,2,2,0
4,5,5,2007,2,1,8,2,2,1,1,1,1,1,1,1,1,1,8,6,1,7,40,2,2,0
1,6,3,2007,2,1,1,1,2,1,1,1,1,3,1,4,1,2,17,6,1,1,33,2,2,0
1,6,10,2007,2,2,1,2,2,1,1,1,1,1,1,1,1,1,8,6,1,7,33,2,2,0
3,6,11,2007,3,1,1,2,2,1,1,2,1,1,1,1,1,1,8,1,1,1,45,2,2,0
3,6,11,2007,4,1,3,2,2,1,1,1,1,1,1,1,1,1,9,5,1,1,37,2,2,0
3,6,12,2007,4,1,1,2,2,1,4,1,1,1,1,3,1,2,14,6,1,1,33,2,2,1
5,6,10,2007,3,1,1,2,2,1,1,1,1,1,1,1,1,1,7,11,1,1,45,2,2,0
1,9,7,2007,1,7,1,2,2,2,4,1,2,1,1,1,1,1,19,11,1,1,33,2,2,0
1,9,7,2007,3,1,1,2,2,1,1,1,1,1,1,2,1,2,8,6,1,1,40,1,2,0
1,9,8,2007,3,1,1,2,2,1,1,1,1,1,1,1,1,1,9,6,1,1,33,2,2,0
1,9,8,2007,1,3,1,2,2,1,4,1,1,1,1,1,1,1,8,4,1,1,33,2,2,0
1,9,8,2007,4,1,1,2,1,1,3,1,1,1,1,1,1,1,19,6,1,1,28,1,2,0
1,9,12,2007,2,1,1,1,2,1,1,1,1,1,1,1,1,1,8,6,1,1,45,2,2,0
1,9,12,2007,3,7,8,2,2,1,1,1,1,1,1,4,1,2,14,6,1,1,45,2,2,1
12,9,1,2007,2,7,8,1,2,1,1,1,1,1,1,1,1,1,13,11,1,3,33,2,2,0
12,9,2,2007,4,7,8,1,2,1,3,1,1,1,1,1,1,1,14,11,1,7,33,2,2,0
12,9,7,2007,3,7,8,1,2,1,1,1,1,1,1,1,1,1,14,11,1,1,33,2,2,0
12,9,12,2007,4,1,1,2,2,1,4,1,1,1,1,1,1,1,9,6,1,1,30,2,2,1
2,9,8,2007,2,7,8,1,2,1,1,1,1,1,1,5,1,2,7,11,1,3,40,2,2,0
2,9,10,2007,1,1,3,2,2,1,4,1,1,1,1,2,1,1,13,6,1,1,33,2,2,0
2,9,11,2007,3,7,8,1,2,1,1,1,1,1,1,5,1,2,9,11,1,7,33,2,2,0
2,9,11,2007,3,4,1,2,2,1,1,1,1,1,1,2,1,1,9,6,1,1,33,2,2,0
2,9,12,2007,1,1,1,2,2,1,4,1,1,1,1,2,1,1,9,8,1,1,33,2,2,0
4,9,9,2007,4,7,1,2,2,1,4,1,1,1,1,2,1,1,14,6,1,1,45,2,2,0
4,9,12,2007,2,1,8,2,1,1,1,1,1,1,1,2,1,1,8,6,1,1,35,2,2,0
6,9,7,2007,3,7,1,2,2,1,1,1,1,1,1,3,1,2,14,6,2,1,28,2,2,0
6,9,9,2007,2,7,8,1,2,1,1,1,1,1,1,2,1,2,14,6,1,7,33,2,2,0
6,9,10,2007,3,7,1,1,2,1,1,1,1,1,1,2,1,2,14,6,1,1,20,2,2,0
6,9,11,2007,1,1,1,2,2,1,4,4,1,1,1,2,1,2,12,6,1,7,28,2,2,0
10,9,12,2007,3,7,1,1,2,1,1,1,1,1,1,1,1,1,9,6,1,1,33,2,2,0
1,5,9,2007,2,7,8,1,2,1,2,1,1,1,1,1,1,1,9,11,1,1,33,2,2,0
1,5,9,2007,2,7,6,2,2,1,1,1,1,1,1,1,1,1,9,11,1,1,33,2,2,0
1,5,9,2007,3,7,8,2,2,1,1,1,1,1,1,1,1,1,2,9,1,1,33,2,2,1
1,5,9,2007,1,7,3,2,2,1,4,1,1,1,1,1,1,1,9,11,1,1,33,2,2,0
1,5,10,2007,2,7,1,2,2,1,1,1,1,1,1,1,1,1,19,6,1,1,33,2,2,0
1,5,10,2007,3,7,8,1,2,1,1,1,1,1,1,1,1,1,14,11,1,1,33,2,2,0
1,5,11,2007,3,7,8,2,2,1,1,1,1,1,1,1,1,1,13,6,1,1,33,2,2,0
1,5,12,2007,2,7,8,2,2,1,1,1,1,1,1,1,1,1,19,6,1,1,33,2,2,0
8,5,9,2007,3,1,1,2,2,1,1,1,1,1,1,1,1,1,9,6,1,1,23,2,2,0
2,5,11,2007,3,1,8,2,2,1,1,1,1,1,1,4,1,2,13,6,1,1,33,2,2,0
2,5,11,2007,2,7,8,2,2,1,1,1,1,1,1,3,1,2,8,6,1,1,33,2,2,0
2,5,11,2007,1,7,8,2,2,1,4,1,1,1,1,3,1,2,4,11,1,6,30,2,1,0
5,5,9,2007,4,1,8,1,2,1,4,1,1,1,1,1,1,1,9,11,1,6,33,2,2,1
6,5,10,2007,3,7,8,2,2,1,1,1,1,1,1,1,1,1,9,11,1,1,33,2,2,0
7,5,11,2007,3,1,8,1,2,1,1,1,1,1,1,2,1,2,8,6,1,7,35,2,2,1
4,5,11,2007,2,7,8,1,2,1,1,1,1,1,1,2,1,1,9,11,1,1,33,2,2,0
1,17,1,2007,2,7,8,1,2,1,1,1,1,1,1,1,1,1,9,6,1,1,33,2,2,0
1,17,7,2007,2,7,1,2,2,1,1,1,1,1,1,1,1,1,14,3,1,7,33,2,2,0
1,17,8,2007,2,7,8,1,2,1,1,1,1,1,1,1,1,1,13,6,1,1,26,2,2,1
1,17,8,2007,3,1,8,2,2,1,1,1,1,1,1,1,1,1,14,6,1,7,33,2,2,0
9,17,7,2007,2,7,8,2,2,1,1,1,1,1,1,1,1,1,9,6,1,7,33,2,2,0
9,17,5,2007,1,7,8,2,2,1,2,1,1,1,1,1,1,1,9,11,1,7,33,2,2,0
9,17,4,2007,3,7,8,2,2,1,1,1,1,1,1,1,1,1,9,6,1,7,33,2,2,0
8,17,2,2007,2,7,8,2,2,1,1,1,1,1,1,1,1,1,14,6,2,1,33,2,2,0
8,17,2,2007,2,1,1,2,2,1,2,1,1,1,1,2,1,2,14,6,2,7,33,2,2,0
5,17,1,2007,3,7,8,2,1,1,1,1,1,1,1,2,1,2,9,11,1,7,35,2,2,0
5,17,7,2007,2,7,8,2,1,1,1,1,1,1,1,2,1,2,9,11,1,7,48,2,2,0
5,17,6,2007,2,1,1,2,2,1,1,1,1,1,1,3,1,2,9,11,1,1,35,2,2,0
5,17,9,2007,4,7,8,2,2,1,3,1,1,1,1,3,1,2,9,11,1,1,47,1,2,0
2,17,9,2007,4,7,8,1,2,1,4,1,1,1,1,2,1,2,9,11,1,7,33,2,2,0
2,17,8,2007,1,7,8,2,2,1,3,1,1,1,1,1,1,1,9,11,1,1,33,2,2,0
7,17,4,2007,1,7,8,2,2,1,2,2,1,1,1,1,1,1,14,11,1,7,33,1,2,0
7,17,7,2007,2,7,8,2,2,1,1,1,1,1,1,1,1,1,4,1,1,7,33,2,1,1
1,15,9,2007,2,1,1,1,2,1,1,1,1,1,1,1,1,2,9,11,1,7,34,2,2,0
1,15,1,2007,3,7,1,2,2,1,1,1,1,1,1,1,1,1,12,9,1,7,33,2,2,1
5,10,12,2007,4,7,8,2,2,1,1,1,1,1,1,3,1,1,8,6,1,1,33,2,2,0
5,10,12,2007,3,7,8,2,2,1,1,1,1,1,1,3,1,1,17,6,1,1,33,2,2,0
2,10,12,2007,4,7,8,2,2,1,3,1,1,1,1,2,1,2,12,2,1,7,20,2,2,0
5,1,12,2007,2,7,3,2,2,4,1,1,1,1,1,4,1,2,17,6,1,1,33,2,2,0
5,1,12,2007,1,7,3,2,2,1,4,1,1,1,1,2,1,2,10,6,1,1,33,2,2,1
2,1,10,2007,3,1,1,2,2,1,1,1,1,1,1,2,1,1,8,6,1,1,33,2,2,0
4,1,12,2007,3,1,8,2,2,1,1,2,1,1,1,3,1,1,4,6,1,7,33,2,2,0
3,1,11,2007,2,1,8,2,2,1,1,1,1,1,1,1,1,1,9,6,1,1,33,2,2,0
1,4,1,2007,3,1,1,2,2,1,1,1,1,1,1,2,1,2,8,6,1,1,33,2,2,0
1,15,10,2007,3,1,1,2,2,1,1,1,1,1,1,4,1,2,13,11,2,7,33,2,2,0
1,15,11,2007,1,1,1,2,2,1,3,1,1,1,1,1,1,1,14,4,1,6,33,2,2,0
1,15,11,2007,3,1,1,2,2,1,1,1,1,1,1,1,1,1,9,6,1,1,33,2,2,0
1,15,11,2007,3,7,8,1,2,1,1,1,1,1,1,1,1,1,9,11,1,1,33,2,2,0
7,15,10,2007,2,7,8,2,2,1,1,2,1,1,1,2,1,2,4,11,1,7,33,2,1,0
3,4,12,2007,3,7,8,2,2,1,1,1,5,1,2,2,1,2,4,6,1,7,25,2,2,1
3,4,9,2007,3,7,3,2,2,1,1,1,1,1,1,2,1,2,14,6,1,7,33,2,2,0
6,4,12,2007,1,4,3,1,2,1,4,2,1,1,1,1,1,1,14,6,1,7,33,2,2,0
6,4,12,2007,1,2,1,2,2,1,4,1,1,1,1,1,1,1,8,1,1,1,32,2,2,0
6,4,10,2007,2,1,1,1,2,1,1,1,1,1,2,5,1,2,4,6,1,1,50,2,2,1
5,4,12,2007,2,7,8,2,2,1,1,1,1,1,1,4,1,2,17,11,1,1,25,2,2,0
5,4,8,2007,4,7,1,2,2,1,4,1,1,1,1,4,1,2,19,11,1,1,30,2,2,0
5,4,8,2007,3,1,1,2,2,1,1,2,1,1,1,4,1,2,19,11,1,1,30,2,2,0
5,4,1,2007,2,1,1,2,2,4,1,1,1,1,1,3,1,2,7,6,1,1,33,2,2,0
5,4,10,2007,3,1,1,2,2,1,1,1,1,1,1,3,1,2,14,11,1,7,30,2,2,1
4,4,5,2007,3,1,1,1,2,1,1,1,1,1,1,4,1,2,19,11,1,1,33,2,2,0
5,13,12,2007,3,1,1,2,2,1,4,2,1,1,1,4,1,2,9,6,1,7,33,2,2,0
8,13,10,2007,4,1,8,1,1,1,4,1,1,1,1,1,1,1,14,6,1,1,33,2,2,0
1,2,12,2007,3,1,1,2,2,1,1,1,1,1,1,1,1,1,17,6,1,1,33,2,2,0
9,7,10,2007,3,1,1,2,2,1,1,1,1,1,1,4,1,2,14,6,1,1,33,2,2,0