Thana,District,Month,Year,Time,Junction_Type,Traffic_Control,Movement,Divider,Weather,Light,Road_Geometry,Surface_Condition,Surface_Type,Surface_Quality,Road_Class,Road_Feature,Location_Type,Vehicle_Type,Vehicle_Movement,Vehicle_Loading,Vehicle_Defect,Vehicle_Driver_Age,Vehicle_Alcohol,Vehicle_Seat_Belt,Accident_Severity
10,9,9,2007,2,7,1,1,2,1,1,1,1,1,1,4,1,2,19,6,1,7,25,2,2,0
11,9,10,2007,4,1,3,2,2,1,4,1,1,1,1,1,1,1,9,6,1,7,33,2,2,0
7,9,6,2007,2,7,1,2,2,1,1,1,1,1,1,1,1,1,9,6,1,7,33,2,2,0
4,9,11,2007,2,1,8,1,2,1,1,1,1,1,1,2,1,2,8,1,1,1,33,2,2,1
4,3,11,2007,1,3,4,2,2,1,3,1,1,1,1,1,1,1,9,1,1,1,33,2,2,0
1,12,12,2007,4,1,1,2,2,1,3,1,1,1,1,2,1,2,13,6,1,1,25,2,2,0
3,12,12,2007,2,1,3,2,2,1,1,1,1,1,1,4,1,2,19,6,1,7,23,2,2,0
3,12,12,2007,3,7,8,2,2,1,1,1,1,3,1,3,1,2,19,7,1,7,35,2,2,0
3,3,10,2007,2,1,3,2,2,1,1,1,1,1,1,4,1,2,14,4,1,7,30,2,2,0
2,3,10,2007,1,7,3,1,2,1,4,1,1,1,1,4,1,2,4,6,1,1,33,2,2,3
1,3,12,2007,2,7,1,2,2,1,2,1,1,1,1,2,1,2,13,6,1,6,33,2,2,1
6,3,12,2007,2,1,1,2,2,1,1,1,1,1,1,3,1,2,14,4,1,1,37,2,2,0
6,3,12,2007,3,1,1,2,2,1,1,1,1,1,1,1,1,2,4,6,1,7,30,2,2,0
5,16,9,2007,2,1,1,1,2,1,1,1,1,1,1,4,1,2,19,6,1,1,26,2,2,0
9,16,9,2007,3,1,8,2,2,1,1,1,1,1,1,1,1,1,9,6,1,1,40,2,2,0
10,9,9,2007,4,1,1,1,2,1,4,1,1,1,1,2,1,1,14,11,1,7,33,2,2,0
10,16,9,2007,1,7,1,2,2,1,4,1,1,1,1,2,1,2,19,6,1,1,33,2,2,0
10,16,9,2007,2,7,1,2,2,1,2,1,1,1,1,2,1,1,13,11,1,1,36,2,2,0
6,16,9,2007,3,1,1,2,2,1,1,1,1,1,1,1,1,1,9,6,1,5,38,2,2,0
6,16,9,2007,2,1,1,2,2,1,1,1,1,1,1,1,1,1,14,6,1,1,38,2,2,0
11,16,9,2007,1,1,1,2,2,2,2,1,2,1,1,1,1,1,14,11,1,1,33,2,2,0
11,16,9,2007,2,7,8,2,2,1,1,1,1,1,1,1,1,1,14,11,1,1,33,2,2,0
1,16,10,2007,3,1,1,1,2,1,1,2,1,1,1,2,1,2,8,6,1,1,40,2,2,0
7,16,10,2007,3,7,8,2,2,1,1,1,1,2,1,3,1,2,4,11,1,1,33,2,1,0
7,16,7,2007,3,7,8,2,2,1,1,1,1,1,1,1,1,1,8,11,1,7,33,2,2,0
11,16,10,2007,1,7,8,1,2,1,4,1,1,1,1,1,1,1,14,2,1,7,42,1,2,0
11,16,10,2007,1,7,8,2,2,1,3,1,1,1,1,1,1,1,9,11,1,1,33,2,2,0
10,16,10,2007,1,7,1,1,2,1,3,1,1,1,1,2,1,2,9,11,1,1,33,2,2,0
10,16,10,2007,1,7,8,2,2,1,4,1,1,1,1,1,1,1,9,6,1,1,28,2,2,1
10,16,10,2007,4,7,1,2,2,1,2,1,1,1,1,2,1,2,8,11,1,1,33,2,2,0
10,16,10,2007,4,7,4,2,2,1,2,1,1,1,1,1,1,2,9,6,1,1,35,2,2,0
2,16,11,2007,3,7,1,1,2,1,1,1,1,1,1,2,1,2,8,4,1,1,33,1,2,0
10,16,11,2007,3,1,4,2,2,1,1,1,1,1,1,2,1,1,14,6,1,1,33,2,2,0
10,16,11,2007,2,1,4,2,2,1,1,1,1,1,1,2,1,1,9,6,1,1,45,2,1,0
6,15,11,2007,3,1,1,1,2,1,1,1,1,1,1,4,1,2,14,6,1,1,38,2,2,0
3,15,10,2007,2,1,1,2,1,1,1,1,1,1,1,3,1,2,11,6,1,1,33,2,2,0
5,15,11,2007,3,7,3,2,2,1,1,1,1,1,1,4,1,2,14,6,1,1,25,2,2,1
9,16,12,2007,3,1,1,2,2,1,1,1,1,1,1,1,1,1,9,6,1,3,33,2,2,1
10,16,12,2007,3,1,4,2,2,1,1,1,1,1,1,2,1,1,9,6,1,1,33,2,2,0
10,16,12,2007,4,4,1,2,2,1,2,1,1,1,1,2,1,1,19,6,1,1,33,2,2,0
7,16,12,2007,2,1,3,2,2,1,2,1,1,1,1,1,1,1,14,6,1,1,33,2,2,0
10,16,12,2007,2,1,4,2,2,1,1,1,1,1,1,2,1,1,14,8,1,1,30,2,2,0
6,16,12,2007,4,1,1,2,2,1,4,1,1,1,1,4,1,2,13,6,1,1,22,2,2,0
11,16,12,2007,2,7,8,2,2,1,1,1,1,1,1,1,1,1,8,6,2,7,46,2,2,0
10,16,12,2007,4,7,4,2,2,1,4,1,1,1,1,2,1,1,19,6,1,1,33,2,2,0
10,16,12,2007,4,1,8,2,2,1,3,1,1,1,1,2,1,1,13,6,1,1,32,2,2,3
7,16,11,2007,3,1,8,2,2,1,1,1,1,1,1,1,1,1,9,6,1,1,50,2,2,0
11,16,10,2007,3,1,8,2,2,2,1,1,2,1,1,1,1,1,9,6,1,1,33,2,2,1
11,16,5,2007,1,1,1,2,2,1,4,1,1,1,1,3,1,2,9,11,1,1,42,2,2,1
11,16,5,2007,2,1,1,2,2,1,1,1,1,1,1,1,1,1,9,11,1,1,35,2,2,1
11,16,5,2007,1,1,8,2,2,1,4,1,1,1,1,1,1,1,13,6,1,1,40,2,2,1
11,16,5,2007,1,1,8,2,2,1,4,1,1,1,1,1,1,1,19,11,1,7,33,1,2,0
11,16,6,2007,1,1,1,2,2,1,1,1,1,1,1,1,1,1,14,11,1,1,33,1,2,0
11,16,8,2007,1,1,1,2,2,1,4,1,1,1,1,2,1,1,14,11,1,7,33,2,2,0
11,16,8,2007,1,1,8,2,2,2,2,1,2,1,1,2,1,1,19,6,1,1,32,2,2,0
11,16,8,2007,2,1,1,2,2,2,2,1,2,1,1,1,1,1,19,6,1,1,33,2,2,0
11,16,7,2007,4,7,8,2,2,2,2,1,2,1,1,1,1,1,19,11,1,1,33,2,2,0
3,17,4,2007,3,1,8,2,2,1,1,1,1,1,1,4,1,2,19,6,1,1,35,2,2,0
3,17,5,2007,3,1,8,2,2,1,1,1,1,1,1,4,1,2,8,11,1,7,30,2,2,0
2,17,11,2007,2,7,1,2,2,1,1,1,1,1,1,3,1,2,9,6,1,1,33,2,2,0
2,17,9,2007,2,7,1,2,2,1,1,1,1,1,1,3,1,2,9,6,1,1,33,2,2,0
2,17,11,2007,2,7,3,2,2,1,1,1,1,1,1,3,1,2,8,6,1,7,30,2,2,0
5,17,10,2007,3,7,1,2,2,1,1,1,1,2,1,3,1,2,7,11,1,1,30,2,2,1
9,17,12,2007,2,1,1,2,2,1,1,1,1,1,1,4,1,2,7,6,1,1,32,2,2,0
6,17,3,2007,3,1,1,2,2,1,1,1,1,1,1,4,1,2,19,6,1,1,33,2,2,0
6,17,5,2007,2,1,1,2,2,1,1,2,1,1,1,4,1,2,4,6,1,1,26,2,2,1
2,17,12,2007,4,7,8,2,2,1,4,1,1,1,1,1,1,1,19,11,1,7,33,2,2,0
8,17,12,2007,2,7,3,2,2,1,1,1,1,1,1,1,1,1,9,6,1,1,33,2,2,0
1,11,4,2007,3,7,8,2,2,1,1,1,1,1,1,2,1,1,6,1,1,7,33,2,2,0
1,11,5,2007,2,7,3,2,2,1,1,1,1,1,1,2,1,1,8,3,1,1,33,2,2,0
1,11,11,2007,2,7,3,2,2,1,1,1,1,1,1,2,1,1,14,6,1,1,33,2,2,0
1,11,12,2007,3,7,8,2,2,1,1,1,1,1,1,2,1,1,4,6,1,1,33,2,2,0
3,11,5,2007,2,7,1,2,2,1,1,1,1,1,1,3,1,2,5,6,1,1,33,2,2,0
5,11,2,2007,2,7,8,2,2,1,1,1,1,1,1,2,1,1,14,6,1,1,32,2,2,0
5,11,10,2007,3,7,8,2,2,1,1,1,1,1,1,2,1,1,6,11,1,7,32,2,2,0
6,11,10,2007,3,7,8,2,2,1,1,1,1,1,1,2,1,1,4,6,1,7,33,2,1,0
6,11,9,2007,2,7,8,2,2,1,1,1,1,1,1,2,1,1,8,6,1,1,33,2,2,0
6,11,8,2007,2,7,8,2,2,1,1,1,1,1,1,2,1,1,14,6,1,1,33,2,2,0
6,11,6,2007,2,7,8,2,2,1,1,1,1,1,1,2,1,1,9,6,1,1,33,2,2,0
6,11,3,2007,2,7,8,2,2,1,1,1,1,1,1,3,1,2,17,3,1,1,33,2,2,0
6,11,3,2007,4,7,8,2,2,1,4,1,1,1,1,2,1,1,14,6,1,1,33,2,2,0
7,11,5,2007,3,7,8,2,2,1,1,1,1,1,2,4,1,2,6,3,1,1,25,2,2,0
7,11,7,2007,4,7,8,2,2,1,2,1,1,1,1,4,1,2,9,7,1,1,33,2,2,0
7,11,10,2007,2,7,1,2,2,1,1,1,1,1,1,4,1,2,4,11,1,1,25,2,1,0
8,11,1,2007,2,7,8,2,2,1,1,1,1,1,1,4,1,2,9,11,1,1,33,2,2,0
8,11,1,2007,3,7,8,2,2,1,1,1,1,1,1,4,1,2,7,6,1,1,33,2,2,0
8,11,6,2007,3,7,1,2,2,1,1,1,1,1,1,2,1,1,17,6,1,1,20,2,2,0
8,11,6,2007,2,1,1,2,2,1,2,1,1,1,1,4,1,2,19,11,1,1,33,2,2,0
8,11,7,2007,1,1,1,2,2,1,4,1,1,1,1,4,1,2,19,6,1,1,33,2,2,1
8,11,7,2007,2,1,1,2,2,1,1,1,1,1,1,2,1,1,9,6,1,1,40,2,2,0
8,11,11,2007,2,7,8,2,2,1,1,1,1,1,1,2,1,1,6,6,1,1,33,2,2,0
4,11,2,2007,4,7,8,2,2,1,3,1,1,1,1,2,1,1,17,6,1,1,45,2,2,0
4,11,8,2007,2,7,8,2,2,1,1,1,1,1,1,4,1,2,9,11,1,1,35,2,2,0
4,11,10,2007,3,7,1,2,2,1,1,1,1,1,1,4,1,2,8,11,1,1,33,2,2,0
11,11,2,2007,2,7,2,2,2,1,1,1,1,1,2,4,1,2,9,11,1,7,33,2,2,0
9,11,4,2007,2,1,1,2,2,2,1,1,3,1,1,2,1,1,9,6,1,1,25,2,2,0
9,11,10,2007,2,7,1,2,2,1,1,1,1,1,1,3,1,2,14,6,1,1,35,2,2,1
3,8,5,2007,1,1,1,2,2,1,4,1,1,1,1,2,1,1,14,6,1,3,33,2,2,0
1,8,8,2007,1,3,4,2,2,1,4,1,2,1,1,5,1,2,9,6,1,1,33,2,2,0
1,8,8,2007,3,7,1,2,2,1,1,1,1,1,1,2,1,1,9,6,1,7,33,2,2,0
7,8,7,2007,4,7,1,2,2,1,2,1,1,1,1,3,1,2,14,6,1,1,40,2,2,3
5,8,7,2007,4,7,1,2,2,1,3,4,3,2,3,4,2,1,5,11,1,1,33,2,2,0
3,8,2,2007,3,1,1,2,2,1,1,1,1,1,1,1,1,1,9,6,1,1,50,2,2,0
3,8,3,2007,2,1,1,2,2,1,1,1,1,1,1,1,1,1,9,6,1,1,33,2,2,0
3,8,3,2007,2,1,1,2,2,1,1,1,1,1,1,1,1,1,9,6,1,1,33,2,2,0
3,8,3,2007,4,1,1,2,2,1,1,1,1,1,1,1,1,1,12,6,1,1,25,2,2,0
3,8,4,2007,1,1,2,2,2,1,4,1,1,1,1,1,1,1,9,6,1,3,42,2,2,0
3,8,5,2007,1,1,8,2,2,1,4,1,1,1,1,3,1,2,14,6,1,7,33,2,2,0
3,8,5,2007,3,3,8,2,2,1,1,1,1,1,1,3,1,2,9,6,1,1,35,2,2,0
3,8,6,2007,2,1,1,2,2,1,2,1,1,1,1,1,1,1,9,6,1,7,33,2,2,0
3,8,6,2007,4,7,8,2,2,1,2,1,1,1,1,2,1,1,9,6,1,1,33,2,2,0
3,8,7,2007,2,7,8,2,2,1,1,1,1,1,1,1,1,1,9,6,1,7,33,2,2,0
3,8,8,2007,4,1,8,2,2,1,4,1,1,1,1,1,3,1,9,6,1,1,33,2,2,3
3,8,8,2007,3,7,8,2,2,1,1,1,1,1,1,1,1,1,9,6,1,1,33,2,2,1
3,8,9,2007,2,1,8,2,2,1,1,1,1,1,1,1,1,1,19,6,1,1,33,2,2,0
3,8,10,2007,3,1,1,2,2,1,1,1,1,1,1,1,1,1,9,6,1,1,33,2,2,0
3,8,10,2007,1,1,1,2,2,1,3,1,1,1,1,1,1,1,9,6,1,7,33,2,2,0
3,8,11,2007,3,7,8,2,2,1,1,1,1,1,1,3,1,2,14,11,1,1,33,2,2,0
3,8,12,2007,3,7,8,2,2,1,1,1,1,1,1,1,1,1,14,11,1,1,33,2,2,0
3,8,12,2007,3,7,8,2,2,1,1,1,1,1,1,1,1,1,9,6,1,1,33,2,2,0
3,8,12,2007,1,7,8,2,2,1,3,1,1,1,1,1,1,1,14,2,1,1,33,2,2,1
5,13,11,2007,2,7,8,2,2,1,1,1,1,1,1,2,1,1,9,11,1,7,33,1,0,3
4,10,5,2007,2,7,1,2,2,1,1,1,1,1,1,2,1,2,13,6,1,7,35,1,2,0
11,10,9,2007,4,2,1,2,2,1,2,1,1,1,1,1,1,1,14,6,1,1,44,2,2,0
3,11,3,2007,3,3,8,2,2,1,1,1,1,1,1,3,1,2,17,9,1,7,30,2,2,0
8,11,3,2007,3,1,1,2,2,1,1,1,1,1,1,2,1,1,9,6,1,1,33,2,2,0
8,11,4,2007,3,1,1,2,2,1,1,1,1,1,1,4,1,2,9,6,1,1,35,2,2,0
11,11,2,2007,3,1,8,2,2,1,1,1,1,1,1,3,1,2,7,9,1,1,32,1,2,0
5,8,1,2007,2,7,8,2,2,1,1,2,1,3,2,3,3,2,17,6,1,3,33,2,2,0
5,8,2,2007,1,3,1,2,2,1,2,1,1,1,1,1,1,1,14,6,1,1,40,2,2,0
2,6,9,2007,2,1,1,2,2,1,1,1,1,1,1,1,1,1,9,6,1,1,40,1,2,0
2,6,9,2007,2,1,1,2,2,1,1,1,1,1,2,1,1,1,9,6,1,1,38,1,2,0
3,6,4,2007,3,1,1,1,2,1,1,1,1,1,1,1,1,1,8,6,1,7,33,2,2,0
1,7,3,2007,2,1,3,2,2,1,1,1,1,1,1,1,1,1,8,6,1,7,33,2,2,1
10,1,5,2007,3,3,8,2,2,1,1,1,1,1,1,3,1,2,9,6,1,1,35,2,2,0
3,2,5,2007,2,1,1,2,2,1,1,2,1,3,2,4,1,2,17,11,2,6,30,2,2,0
2,2,9,2007,2,1,1,1,2,2,2,1,2,1,2,5,1,1,14,6,2,3,33,2,2,1
1,9,2,2007,1,1,1,2,1,2,4,1,2,1,1,1,1,1,9,6,1,7,50,2,2,0
2,7,3,2007,2,1,1,2,2,1,1,1,1,1,1,2,1,2,8,11,1,7,33,2,2,1
2,7,4,2007,2,7,1,2,2,2,1,1,2,1,2,3,1,2,8,11,1,7,33,2,2,1
9,7,2,2007,3,1,1,1,2,1,1,1,1,1,1,3,1,2,2,6,1,7,33,2,2,0
4,14,2,2007,2,1,3,1,2,1,1,1,1,1,1,5,1,1,14,11,1,1,30,1,2,0
1,14,4,2007,1,1,1,1,1,1,3,1,1,1,1,1,5,1,19,11,1,7,33,1,2,0
3,14,4,2007,2,1,1,2,2,1,1,1,1,1,1,5,1,1,14,1,1,1,27,1,2,0
4,14,5,2007,3,1,3,2,2,1,1,1,1,1,1,5,1,1,19,11,2,7,33,2,2,1
2,14,5,2007,4,1,1,1,2,1,2,1,1,1,1,1,1,2,8,1,1,1,33,1,2,0
4,14,6,2007,3,1,1,2,2,1,1,1,1,1,1,1,1,1,10,6,1,1,30,2,1,1
3,14,6,2007,1,7,8,1,2,1,1,1,1,3,1,4,1,2,14,6,2,1,33,2,2,0
4,14,7,2007,3,1,1,2,2,1,1,1,1,1,1,1,1,1,6,11,1,7,33,1,2,0
4,14,9,2007,3,7,8,2,2,1,1,1,1,1,1,5,1,1,6,11,2,7,33,1,2,0
2,14,9,2007,4,3,3,2,2,1,3,1,1,1,1,1,1,1,7,7,2,7,33,1,2,0
4,14,10,2007,3,7,8,2,1,1,1,1,1,1,1,5,1,1,9,11,1,1,27,2,2,0
4,14,10,2007,2,2,1,2,2,1,1,1,1,1,1,5,1,2,9,6,1,1,30,2,2,0
3,14,10,2007,3,3,1,2,2,1,1,1,1,1,1,3,1,1,1,6,1,1,26,2,2,1
2,14,9,2007,1,3,3,1,1,1,3,2,1,1,1,1,1,2,14,2,1,1,30,2,2,0
3,14,10,2007,1,2,1,2,2,1,1,1,1,1,1,1,1,1,12,6,1,1,33,2,2,0
3,14,10,2007,1,1,1,2,2,1,1,1,1,1,1,1,1,2,13,6,1,1,30,2,2,0
1,14,10,2007,4,1,8,2,2,3,3,1,5,1,1,1,1,1,19,6,2,7,33,1,2,0
4,14,11,2007,4,7,8,2,2,1,2,1,1,1,1,5,1,1,5,6,1,7,35,2,2,0
1,14,11,2007,3,7,4,2,1,1,1,1,1,1,1,1,1,1,4,6,2,7,33,1,2,0
2,14,11,2007,3,1,1,2,2,1,1,1,1,1,1,1,1,2,9,11,1,1,32,1,2,0
4,14,12,2007,1,7,8,2,2,4,2,1,2,1,1,5,1,1,6,6,1,2,33,1,0,0
3,14,12,2007,2,1,8,2,2,1,1,1,1,1,1,5,1,1,19,5,1,7,33,2,2,0
1,14,12,2007,3,2,1,2,2,1,1,1,1,1,1,1,1,1,9,2,1,3,30,2,2,1
3,14,12,2007,3,3,1,2,2,1,1,1,1,1,1,5,1,1,14,6,1,1,33,2,2,0
1,53,1,2007,3,1,1,2,2,1,1,1,1,1,1,4,1,2,4,6,2,6,33,1,2,0
1,53,1,2007,2,7,3,2,2,1,1,1,1,1,1,3,1,2,9,6,2,7,33,2,2,0
3,53,1,2007,3,7,1,2,2,1,1,1,1,1,1,3,1,2,8,6,1,1,33,2,2,0
2,55,1,2007,3,1,1,2,2,1,1,1,1,1,1,3,1,2,8,6,1,1,40,2,2,0
6,55,1,2007,2,1,1,2,2,1,1,1,1,1,1,4,1,2,11,6,1,7,33,2,2,0
6,55,1,2007,4,1,1,2,2,1,4,1,1,1,1,1,1,2,8,6,1,1,33,2,2,0
6,55,1,2007,3,3,1,2,2,1,1,1,1,1,1,1,1,2,12,6,1,1,33,2,2,0
4,55,1,2007,4,1,3,2,2,1,3,1,1,1,1,3,1,2,19,6,1,7,33,2,2,0
4,54,1,2007,3,1,1,1,2,1,1,3,1,1,1,4,3,2,5,9,1,1,33,2,2,1
8,54,1,2007,3,7,1,1,2,1,1,3,5,3,2,2,1,1,8,11,1,1,30,2,2,0
8,54,1,2007,3,1,1,2,2,1,1,1,1,1,1,1,1,2,14,6,1,1,38,2,2,0
11,54,1,2007,3,1,8,2,2,1,1,1,1,1,1,3,1,2,6,6,1,6,33,2,2,0
13,54,1,2007,3,1,1,2,2,1,1,1,1,1,1,1,1,2,14,5,1,1,33,1,2,0
7,56,1,2007,2,1,1,2,2,1,1,1,1,1,1,1,1,2,14,6,1,7,40,2,2,0
7,56,1,2007,2,7,1,1,2,1,1,1,1,1,1,1,1,2,14,6,1,1,40,2,2,1
3,56,1,2007,1,7,2,2,2,4,3,1,1,1,1,1,1,2,9,6,1,1,35,2,2,3
3,56,1,2007,4,7,1,2,2,1,3,1,1,1,1,1,5,2,9,6,1,1,33,2,2,0
8,56,1,2007,3,1,1,2,2,1,1,1,1,1,1,1,1,2,9,6,1,1,32,2,2,0
4,56,1,2007,2,7,8,2,2,1,2,1,1,1,1,4,1,2,19,6,1,7,19,2,2,0
8,56,1,2007,2,1,1,2,2,1,1,1,1,1,1,1,1,2,9,6,1,1,35,2,2,0
8,56,1,2007,3,1,1,2,2,1,2,1,2,2,1,3,1,2,19,6,1,1,33,2,2,0
13,54,2,2007,3,3,1,1,2,1,1,1,1,1,1,1,1,2,8,6,1,2,40,1,2,0
6,54,2,2007,3,2,1,2,2,1,1,1,1,1,1,1,1,2,14,5,1,7,32,2,2,1
5,54,2,2007,4,1,8,2,1,1,4,1,5,1,3,4,2,2,17,6,1,4,33,2,2,0
9,54,3,2007,2,2,3,2,2,1,1,1,1,1,1,1,1,2,14,6,1,2,48,1,2,0
3,53,2,2007,3,7,8,2,2,1,1,1,1,1,1,1,1,2,12,11,1,1,33,2,2,0
7,56,2,2007,3,1,5,1,2,1,2,1,1,1,1,1,3,2,4,6,1,1,40,2,2,0
7,56,2,2007,3,1,1,2,2,1,1,1,1,1,1,1,1,2,14,6,1,1,33,2,2,0
8,56,2,2007,3,1,1,2,2,1,1,1,1,1,1,3,1,2,12,6,1,1,33,2,2,0
8,56,2,2007,3,3,8,2,2,1,1,1,1,1,1,3,1,2,4,6,1,1,33,2,2,0
8,56,2,2007,3,1,1,2,2,1,1,1,1,1,1,1,1,2,13,6,1,1,33,2,2,0
6,56,2,2007,2,7,8,1,2,1,1,1,1,1,1,4,1,2,17,11,1,7,27,2,2,0
6,56,2,2007,2,7,8,1,2,1,1,1,1,1,1,2,1,2,4,11,1,1,30,2,2,0
1,55,2,2007,2,7,1,2,2,1,1,1,1,1,1,1,1,2,8,6,1,7,40,2,2,0
5,55,2,2007,2,2,1,2,2,1,1,1,1,1,1,2,1,2,10,6,1,7,33,2,2,0
1,55,3,2007,2,2,4,2,2,1,1,1,1,1,1,1,1,2,8,6,1,1,33,2,2,0
3,55,3,2007,4,1,1,2,2,1,3,1,1,1,1,4,1,2,12,6,1,1,33,2,2,0
3,55,1,2007,2,1,1,2,2,1,1,1,1,1,1,4,1,2,4,6,1,2,33,2,2,0
5,55,3,2007,3,1,1,2,2,1,1,1,1,1,1,3,1,2,10,6,1,1,33,2,2,1
1,53,3,2007,4,7,1,2,2,1,2,3,5,3,3,4,3,2,12,6,1,1,33,2,2,0
1,53,3,2007,2,1,1,2,2,1,1,1,1,1,1,3,1,2,13,6,2,7,33,2,2,0
7,53,3,2007,2,7,1,2,2,2,1,5,2,3,3,4,1,2,13,8,1,7,33,2,2,0
8,53,3,2007,3,1,1,2,2,1,1,1,1,1,1,4,1,2,6,6,2,6,30,2,2,0
7,56,3,2007,2,2,1,2,2,1,1,1,1,1,1,1,1,2,14,6,2,1,32,2,2,0
7,56,3,2007,4,7,1,2,2,1,4,1,1,1,1,1,1,2,19,6,1,2,33,1,0,1
7,56,3,2007,2,7,1,2,2,1,1,1,1,1,1,1,1,2,14,6,1,1,33,2,2,0
3,56,3,2007,2,7,1,2,2,1,1,1,1,1,1,1,1,2,7,6,1,1,33,2,2,0
3,56,3,2007,3,7,2,2,2,1,1,1,1,1,1,1,1,2,19,8,1,1,36,2,2,0
3,56,3,2007,2,7,1,2,2,1,1,1,1,1,1,1,1,2,9,6,1,1,30,2,2,0
3,56,3,2007,1,1,6,2,2,1,1,1,1,1,1,1,1,2,14,6,1,2,32,2,2,0
3,56,3,2007,3,1,2,2,2,1,1,1,1,1,1,3,1,2,7,6,1,1,33,2,2,0
8,56,3,2007,2,1,1,2,2,1,1,1,1,1,1,1,1,2,19,6,1,1,28,2,2,0
8,56,3,2007,3,1,1,2,2,1,1,1,1,1,1,1,1,1,7,6,1,1,35,2,0,0
8,56,3,2007,3,1,1,2,2,1,1,1,1,1,1,1,1,2,8,6,1,1,35,2,2,0
1,56,4,2007,3,7,8,2,2,1,1,1,1,1,1,5,1,1,9,8,1,2,45,2,2,1
1,56,4,2007,2,1,8,1,1,1,1,1,1,1,3,1,2,1,9,6,1,6,27,2,2,0
7,56,4,2007,2,7,1,1,2,1,1,1,1,3,1,2,1,2,14,6,1,1,33,2,2,0
3,56,4,2007,3,7,1,2,2,1,1,1,1,1,1,1,1,2,9,6,1,7,33,2,2,0
3,53,4,2007,4,3,1,2,2,1,3,1,1,1,1,5,1,2,4,6,1,2,33,2,2,1
2,53,4,2007,4,1,1,2,2,3,4,1,2,1,1,3,1,2,4,6,1,7,33,2,2,0
1,55,6,2007,1,1,1,2,2,1,2,1,1,1,1,1,1,2,14,11,1,1,33,2,2,0
1,55,6,2007,3,1,8,2,2,1,1,1,1,1,1,1,1,2,19,6,1,7,33,1,2,0
4,55,6,2007,3,1,8,1,1,1,1,1,1,1,1,4,1,2,9,5,1,1,33,1,0,0
1,56,6,2007,2,7,1,1,2,2,1,1,2,1,1,1,1,1,5,6,1,2,25,2,2,0
7,56,6,2007,2,1,3,2,2,1,1,1,1,1,1,1,3,2,7,2,1,1,30,2,2,0
1,55,6,2007,3,3,1,2,2,1,1,2,1,1,1,3,1,2,19,2,1,2,33,1,0,2
1,55,5,2007,4,1,4,2,2,1,4,2,1,1,1,3,1,2,4,6,1,7,28,2,2,3
1,53,6,2007,3,7,8,2,2,1,1,1,1,1,1,2,1,2,8,6,1,1,35,2,2,1
2,53,5,2007,3,3,1,2,2,1,1,2,1,1,1,4,1,2,4,2,1,7,20,2,2,0
1,53,5,2007,3,7,1,2,2,1,1,1,1,1,1,2,1,2,9,6,1,7,33,2,2,0
3,53,5,2007,3,1,1,1,2,1,1,1,1,1,1,1,1,2,13,6,2,1,40,2,2,1
3,53,5,2007,3,7,1,2,2,2,1,2,2,1,2,4,1,2,5,6,1,1,33,2,2,1
4,53,5,2007,3,1,1,2,2,1,1,1,1,1,1,4,1,2,14,6,1,7,50,2,2,0
3,56,5,2007,2,1,1,2,2,1,1,1,1,1,1,2,1,1,19,6,1,1,33,2,2,1
3,56,5,2007,3,7,1,2,2,1,1,1,1,1,1,3,1,2,19,6,1,1,33,2,2,0
4,54,5,2007,3,7,8,2,2,1,1,1,1,1,1,1,1,2,4,11,1,7,33,2,2,0
2,54,3,2007,3,7,1,2,2,1,1,1,1,2,3,3,1,1,13,6,1,1,24,2,2,1
10,54,5,2007,3,1,1,2,2,1,1,1,1,1,1,3,1,1,8,5,1,1,33,2,2,0
9,54,4,2007,3,1,1,2,2,1,1,1,1,1,1,2,1,2,14,6,1,2,33,2,2,1
9,54,4,2007,3,1,1,2,2,1,1,1,1,1,1,2,1,2,10,8,1,2,33,2,2,1
9,54,5,2007,3,7,1,2,2,1,1,1,1,1,1,2,1,2,14,8,1,2,33,2,2,0
9,54,5,2007,2,4,1,2,2,1,1,4,1,1,1,2,1,2,14,6,1,1,33,2,2,0
9,54,5,2007,2,4,3,2,2,2,1,2,2,1,1,2,1,2,7,6,1,2,33,2,2,0
5,54,4,2007,2,2,3,2,2,1,1,1,1,1,1,4,1,2,13,6,1,1,33,2,2,0
3,56,7,2007,3,7,3,1,2,1,1,1,1,1,1,1,1,1,7,11,1,7,33,2,2,0
8,56,7,2007,2,7,3,2,2,1,1,1,1,1,1,1,1,2,4,6,1,1,33,2,2,0
2,55,7,2007,3,3,1,2,2,1,1,1,1,1,1,4,1,2,5,6,1,1,19,2,2,1
5,55,7,2007,2,1,1,2,2,2,1,2,2,1,1,3,1,1,9,11,1,1,38,2,2,3
5,55,7,2007,3,1,1,2,2,2,1,1,2,1,1,3,1,2,10,11,1,2,33,1,0,0
13,54,7,2007,4,7,1,2,2,1,4,1,1,1,1,1,1,2,13,6,1,2,30,2,2,0
11,54,6,2007,3,1,1,2,2,1,1,1,1,1,1,3,1,1,13,6,1,1,33,2,2,0
11,54,3,2007,2,1,1,2,2,1,1,1,1,1,1,3,1,2,12,6,1,6,33,2,2,0
3,53,7,2007,2,7,1,2,2,2,1,3,2,1,1,3,1,2,8,6,1,1,33,2,2,0
3,53,7,2007,4,7,1,2,2,1,1,1,1,1,1,3,1,2,4,6,1,7,33,2,2,0