Thana,District,Month,Year,Time,Junction_Type,Traffic_Control,Movement,Divider,Weather,Light,Road_Geometry,Surface_Condition,Surface_Type,Surface_Quality,Road_Class,Road_Feature,Location_Type,Vehicle_Type,Vehicle_Movement,Vehicle_Loading,Vehicle_Defect,Vehicle_Driver_Age,Vehicle_Alcohol,Vehicle_Seat_Belt,Accident_Severity
1,53,7,2007,2,7,8,2,2,1,1,3,1,1,1,2,1,1,10,6,1,7,33,2,2,0
3,53,7,2007,2,1,1,2,2,1,2,1,1,1,1,2,1,2,19,4,1,5,33,1,1,0
3,53,7,2007,4,1,1,2,2,2,1,1,2,1,1,4,1,2,12,6,1,7,18,2,2,1
5,54,8,2007,4,7,1,2,2,1,2,1,1,1,1,3,1,2,5,6,1,2,28,2,2,1
9,54,8,2007,3,7,1,2,2,1,1,1,1,1,1,3,1,2,14,6,1,1,33,2,2,0
9,54,8,2007,4,7,1,2,2,1,4,1,1,1,1,3,1,2,19,6,1,2,33,2,2,0
9,54,8,2007,3,7,1,2,2,1,1,1,1,1,1,1,1,2,4,6,1,2,33,2,2,0
4,54,7,2007,4,1,1,2,2,1,4,1,1,1,1,2,1,2,14,6,1,1,33,2,2,0
4,54,1,2007,2,7,8,2,2,4,1,1,5,1,2,4,1,2,13,8,1,1,33,2,2,0
4,54,8,2007,2,1,1,2,2,1,1,1,1,1,1,2,1,2,19,6,1,2,33,2,2,0
7,54,5,2007,2,1,1,2,2,1,1,1,1,1,1,2,1,2,10,6,1,1,33,2,2,1
7,54,6,2007,2,1,1,2,2,1,1,1,1,1,1,3,1,2,8,6,1,1,30,2,2,0
3,54,6,2007,4,1,1,2,2,1,4,4,1,1,1,3,1,2,7,6,1,2,33,2,2,0
3,53,8,2007,2,1,1,2,2,1,1,1,1,1,1,2,1,2,6,6,1,7,33,2,2,0
7,56,8,2007,2,1,3,2,2,1,2,2,1,1,1,1,1,2,7,2,1,2,33,2,2,0
7,56,8,2007,3,7,8,2,2,1,1,1,1,1,2,4,4,2,13,6,1,7,33,2,2,0
8,56,8,2007,2,1,4,2,2,1,1,1,1,1,1,1,1,2,14,7,1,1,25,2,2,2
8,56,5,2007,3,1,1,2,2,1,1,1,1,1,1,4,1,2,9,6,1,1,35,2,2,0
8,56,5,2007,3,1,1,2,2,1,1,1,1,1,1,1,1,2,9,6,1,1,33,2,2,0
4,56,5,2007,2,7,8,1,2,1,1,1,1,3,2,4,1,2,17,6,1,1,32,2,2,0
1,55,4,2007,2,1,3,2,2,1,1,1,1,1,1,3,1,2,13,6,1,7,33,2,2,0
6,55,4,2007,4,1,1,2,2,1,2,1,1,1,1,4,1,2,9,11,1,7,33,2,2,0
6,55,8,2007,4,1,1,2,2,1,1,1,1,1,1,3,1,2,11,11,2,7,25,2,2,0
7,55,8,2007,2,3,8,1,2,1,1,1,1,1,1,4,1,2,9,7,1,1,20,2,2,0
2,55,8,2007,2,1,1,2,2,1,1,1,1,1,1,4,1,2,9,6,1,7,30,2,2,0
7,56,9,2007,4,2,3,2,2,1,3,1,1,1,1,3,1,2,19,6,1,1,33,2,2,0
3,56,9,2007,4,2,8,2,2,1,4,1,1,1,1,1,1,2,19,6,1,1,33,2,2,0
1,55,9,2007,3,3,1,2,2,1,1,2,1,1,1,3,1,1,4,2,1,7,33,2,2,0
1,55,9,2007,3,1,1,1,2,1,1,1,1,1,1,1,1,1,14,6,1,7,33,2,2,0
9,54,9,2007,2,7,1,2,2,1,1,1,1,1,1,3,1,2,7,6,1,2,33,2,2,0
13,54,7,2007,4,7,1,2,2,1,3,1,1,1,1,1,1,2,13,1,1,2,35,2,2,0
13,54,9,2007,2,7,1,2,2,1,1,1,1,1,1,1,2,1,9,6,1,2,33,2,2,0
11,54,8,2007,2,1,1,2,2,1,1,1,1,1,1,2,1,1,6,6,1,2,30,2,2,0
11,54,8,2007,3,1,8,2,2,1,1,1,1,1,2,2,1,2,8,6,1,1,34,2,2,1
3,54,3,2007,4,1,1,2,2,1,4,2,1,1,1,4,1,2,4,1,1,2,33,2,2,0
1,53,9,2007,2,2,1,2,2,1,1,1,1,1,1,4,2,1,7,6,1,7,33,1,2,0
3,53,9,2007,3,1,1,2,2,1,1,1,1,1,1,3,1,2,12,6,1,7,33,1,2,0
1,53,10,2007,4,1,1,2,2,1,2,1,1,1,1,1,1,2,19,6,2,7,33,1,2,0
3,53,10,2007,3,1,1,2,2,1,1,1,1,1,1,2,1,2,6,6,2,7,33,1,2,0
3,53,10,2007,3,1,1,2,2,1,1,1,1,1,1,3,1,2,6,6,1,1,33,2,2,0
4,53,7,2007,3,7,1,2,2,2,1,1,2,1,2,5,4,1,4,6,2,7,33,2,1,1
8,56,10,2007,3,1,1,1,1,1,1,1,1,1,1,3,1,1,6,6,1,2,33,1,0,0
5,56,10,2007,3,3,1,2,2,1,1,1,1,1,1,3,1,1,6,6,1,1,28,2,2,0
4,56,10,2007,2,7,1,2,2,1,1,1,1,1,1,3,1,2,11,6,1,1,33,2,2,0
1,53,11,2007,2,1,1,2,2,1,1,2,1,1,1,1,1,2,8,6,2,7,33,1,2,0
1,53,11,2007,3,1,1,2,2,1,2,1,1,1,1,1,1,2,8,6,1,1,32,1,2,1
1,53,11,2007,2,3,1,2,2,1,1,1,1,1,1,2,1,2,8,6,1,2,33,2,2,0
11,53,11,2007,4,1,1,2,2,1,2,1,1,1,1,3,1,2,4,6,1,1,33,2,2,0
1,53,11,2007,3,1,1,1,2,1,1,1,1,1,1,4,1,1,6,6,1,1,33,2,2,0
3,53,11,2007,3,1,1,2,2,1,1,1,1,1,1,1,1,2,8,6,2,2,33,1,2,0
1,55,9,2007,4,1,1,2,2,1,3,1,1,1,1,3,1,2,6,6,1,7,33,2,2,0
2,55,10,2007,3,7,1,2,2,1,1,1,1,1,1,3,1,2,6,6,1,1,33,2,2,0
1,55,11,2007,2,1,8,2,2,1,4,1,1,1,1,3,1,2,9,6,1,7,33,2,2,0
6,55,11,2007,3,1,1,2,2,1,1,1,1,1,1,4,1,2,11,6,1,7,33,2,2,0
9,54,10,2007,3,7,1,2,2,1,1,1,1,1,1,1,1,2,6,6,1,2,33,2,2,0
13,54,10,2007,4,7,1,2,2,1,4,1,1,1,1,1,1,1,12,6,2,6,33,2,2,0
13,54,10,2007,3,7,1,2,2,1,1,1,1,1,1,3,1,2,10,6,1,7,33,2,2,0
9,54,10,2007,2,7,1,2,2,1,1,1,1,1,1,1,1,2,13,6,1,2,33,2,2,0
9,54,11,2007,3,7,1,2,2,1,1,1,1,1,1,1,1,1,13,6,1,2,33,2,2,0
9,54,11,2007,3,7,1,2,2,1,1,1,1,1,1,4,1,2,14,6,1,2,33,2,2,0
9,56,11,2007,3,3,3,1,2,1,1,1,1,1,1,3,1,2,17,6,1,7,25,2,2,1
8,56,11,2007,2,1,1,1,2,1,1,1,1,1,1,3,1,2,8,6,1,1,33,2,2,0
8,56,11,2007,2,2,3,1,2,1,1,1,1,1,1,1,1,2,13,11,2,1,35,2,2,0
8,56,11,2007,3,2,3,1,2,1,2,1,1,1,1,1,1,2,13,2,2,7,33,2,2,0
3,53,12,2007,4,7,1,2,2,1,2,1,1,1,1,2,1,2,8,6,1,2,33,2,2,0
3,53,12,2007,2,7,1,2,2,1,2,1,1,1,1,2,1,2,7,6,1,2,33,2,2,0
3,53,12,2007,5,7,3,2,2,1,1,1,1,1,3,4,1,2,6,6,1,1,33,2,2,0
1,53,12,2007,3,7,8,2,2,1,2,1,1,1,1,4,1,2,4,6,1,7,28,2,2,0
2,54,12,2007,3,1,1,2,2,1,1,1,1,1,1,3,1,2,8,6,1,2,33,2,2,0
13,54,12,2007,3,7,2,2,2,1,1,1,1,1,1,1,1,2,12,6,1,2,33,2,2,0
13,54,12,2007,3,7,1,2,2,1,1,1,1,1,1,1,1,2,9,6,1,2,33,2,2,0
13,54,12,2007,3,7,1,2,2,1,1,1,1,1,1,1,1,2,9,6,1,2,33,2,2,0
2,55,12,2007,3,2,1,2,2,1,1,1,1,1,2,3,1,2,7,6,1,1,22,2,2,0
7,55,12,2007,3,1,1,2,2,1,1,1,1,1,1,3,1,2,12,4,1,2,33,1,0,0
5,55,12,2007,3,2,1,2,2,1,1,1,1,1,1,3,1,2,9,11,1,1,35,2,2,1
7,56,12,2007,3,2,1,2,2,4,3,1,1,1,1,1,1,2,14,11,1,2,40,2,2,0
5,56,12,2007,3,1,1,2,2,1,1,1,1,1,1,4,1,2,6,8,1,1,33,1,2,0
4,56,12,2007,5,1,1,2,2,1,1,1,1,1,1,4,1,2,8,6,2,1,25,1,2,0
3,54,11,2007,3,7,8,2,2,1,1,1,1,1,1,3,1,2,14,6,2,3,33,2,2,0
3,56,3,2007,1,1,1,2,2,1,1,1,1,1,1,1,2,2,9,8,1,1,33,2,2,2
4,55,6,2007,3,1,6,2,2,1,1,1,1,1,1,4,1,2,9,5,1,1,33,2,2,0
2,55,9,2007,4,3,1,2,2,1,2,1,1,1,1,2,1,2,4,2,1,1,33,2,2,0
8,54,11,2007,4,1,1,2,2,1,4,2,1,1,1,1,1,2,7,6,1,2,33,2,2,0
1,53,9,2007,3,1,1,2,2,2,1,1,2,1,1,1,1,2,5,6,2,7,33,1,2,1
1,53,9,2007,3,1,1,2,2,1,1,1,1,1,1,1,1,2,9,6,1,7,33,1,2,1
7,54,7,2007,2,1,1,2,2,1,1,1,1,1,1,2,1,2,8,6,1,1,35,2,2,1
1,53,5,2007,3,3,1,2,2,1,1,1,1,1,1,2,1,2,8,6,1,2,33,2,2,0
8,56,1,2007,3,1,1,2,2,1,1,1,1,1,1,1,1,2,12,6,1,1,32,2,2,3
1,53,4,2007,4,1,1,2,2,1,4,1,1,1,1,1,1,1,9,6,1,7,33,2,2,0
13,54,2,2007,2,1,1,2,2,1,1,1,1,1,1,1,1,2,9,6,1,2,33,2,2,0
7,54,1,2007,2,1,1,2,2,1,1,2,1,1,1,4,1,2,8,2,1,2,33,2,2,0
4,54,4,2007,3,1,1,2,2,1,1,1,1,1,1,4,1,2,8,6,1,2,28,2,2,0
1,53,10,2007,3,1,1,2,2,1,1,1,1,1,1,4,1,2,4,6,1,6,22,1,2,0
1,53,1,2007,2,2,1,2,2,1,1,1,1,1,1,1,1,2,8,6,2,7,33,2,2,1
1,14,12,2007,4,3,1,2,2,1,2,1,1,1,1,4,1,2,19,6,1,7,33,2,2,0
6,34,1,2008,3,1,1,2,2,1,1,1,1,1,1,1,1,2,19,6,1,1,33,2,2,0
6,34,2,2008,4,1,1,2,2,1,3,2,1,1,1,1,1,2,9,6,1,1,33,1,2,1
6,34,5,2008,2,1,1,2,2,1,1,1,1,1,1,1,1,2,14,1,1,1,33,1,2,0
6,34,7,2008,2,1,1,2,2,1,1,1,1,1,1,1,1,2,9,1,1,1,33,2,2,0
6,34,8,2008,1,1,1,2,2,1,2,1,1,1,1,1,1,2,9,1,1,1,33,1,2,0
6,34,11,2008,3,1,6,2,2,1,1,1,1,1,1,1,1,2,9,2,1,1,32,2,2,0
10,34,1,2008,2,1,1,2,2,4,2,1,1,1,1,1,1,2,9,6,1,1,31,2,2,0
10,34,5,2008,2,7,1,2,2,1,1,4,1,1,1,4,1,2,19,2,1,3,33,2,2,0
10,34,6,2008,2,3,1,2,2,1,1,1,1,1,1,2,1,2,9,9,1,1,33,2,1,0
10,34,7,2008,3,1,1,2,2,1,1,1,1,1,1,1,1,2,9,11,1,7,33,2,2,0
10,34,10,2008,3,7,1,2,2,1,1,1,1,1,1,1,1,2,9,6,1,1,33,2,2,0
3,34,5,2008,2,1,1,2,2,1,1,1,1,1,1,1,1,2,4,6,1,1,33,2,1,0
8,34,5,2008,4,7,1,2,2,1,2,1,1,1,2,4,1,2,4,6,1,1,33,2,2,3
9,34,1,2008,3,7,1,2,2,1,2,1,1,1,1,4,1,2,6,6,1,7,35,2,2,0
9,34,8,2008,4,1,1,2,2,1,2,1,1,1,1,3,1,2,9,2,1,3,33,2,2,0
9,34,9,2008,3,1,1,2,2,1,1,1,1,1,1,1,1,1,4,6,1,3,45,2,1,0
4,34,1,2008,4,1,1,2,2,1,3,1,1,1,1,1,1,2,9,4,1,7,33,2,2,0
4,34,2,2008,3,1,1,2,2,1,1,1,1,1,1,1,1,2,9,5,1,1,30,2,2,1
4,34,3,2008,3,1,1,2,2,1,1,1,1,1,1,1,1,2,8,5,1,1,32,1,2,0
4,34,5,2008,2,7,1,2,2,1,1,1,1,1,1,1,1,1,7,11,1,1,30,2,2,1
4,34,8,2008,2,7,1,2,2,1,1,2,1,1,1,4,1,2,9,1,1,1,33,2,2,1
4,32,3,2008,3,1,1,2,2,1,1,1,1,1,1,2,1,2,6,6,1,1,33,2,2,0
1,32,4,2008,2,1,1,2,2,1,1,1,1,1,1,1,1,2,9,6,1,1,33,1,2,0
1,32,1,2008,3,1,1,2,2,1,1,1,1,1,1,4,1,2,9,6,1,1,33,1,2,0
1,32,5,2008,3,1,1,2,2,1,1,1,1,1,1,2,1,1,9,6,1,1,33,2,2,1
1,32,6,2008,2,1,1,2,2,1,1,2,1,1,1,1,1,1,12,7,1,1,33,2,2,0
3,30,11,2008,4,1,1,2,2,1,4,2,1,1,1,1,1,2,19,6,1,1,33,2,2,0
1,30,10,2008,3,1,1,2,2,1,1,1,1,1,1,1,1,2,8,6,2,1,37,2,2,0
1,30,10,2008,4,7,1,2,2,1,2,1,1,1,1,4,1,1,4,6,1,1,35,2,2,0
1,30,11,2008,3,1,1,2,2,1,1,1,1,1,1,4,1,2,4,6,1,1,33,2,2,0
6,31,7,2008,3,7,1,2,2,1,1,1,1,1,1,2,1,2,8,8,1,6,32,2,2,0
6,31,7,2008,3,7,1,2,2,1,1,3,1,1,1,2,1,2,19,11,1,7,33,2,2,0
4,31,1,2008,2,1,1,2,2,1,1,1,1,1,1,3,1,1,9,6,1,1,28,2,2,0
4,31,2,2008,2,1,1,2,2,1,1,1,1,2,2,4,1,2,19,6,2,1,30,2,2,0
4,31,4,2008,2,1,1,2,2,1,1,1,1,1,1,4,1,2,4,6,1,1,33,2,1,0
4,31,6,2008,3,1,1,2,2,1,1,2,1,2,1,4,1,2,4,6,1,1,24,2,1,0
4,31,2,2008,3,1,1,2,2,1,1,1,5,1,1,4,1,2,4,6,1,1,30,2,2,0
4,31,9,2008,4,1,1,2,2,1,4,1,1,1,1,4,1,1,4,6,1,1,24,2,1,0
4,31,9,2008,3,1,1,2,2,1,1,1,1,1,1,4,1,2,14,6,1,1,33,1,2,0
4,31,10,2008,3,1,1,2,2,1,1,1,1,1,1,4,1,1,4,6,1,1,24,2,1,0
2,31,9,2008,3,7,8,2,2,1,1,1,1,1,1,4,1,2,4,6,1,1,28,2,1,0
1,31,7,2008,2,1,8,2,2,1,1,1,1,1,1,2,1,2,4,11,1,1,33,2,1,0
1,31,8,2008,2,1,1,2,2,1,1,1,1,1,3,2,1,2,8,11,1,1,30,2,2,0
4,33,3,2008,2,1,1,2,2,1,1,1,1,1,1,4,1,2,9,6,1,1,33,2,2,0
4,33,4,2008,2,1,2,2,2,1,1,1,1,1,1,2,1,1,14,6,1,1,33,1,2,0
4,33,8,2008,2,1,3,2,2,1,1,1,1,1,1,2,1,2,14,6,1,1,33,1,2,1
4,33,10,2008,3,7,2,2,2,1,1,1,1,1,1,2,1,2,9,6,1,1,33,2,2,0
4,33,10,2008,2,7,1,2,2,1,1,1,1,1,1,2,1,2,14,6,1,1,33,1,2,0
4,33,11,2008,2,1,3,2,2,1,1,1,1,1,1,2,1,2,14,6,1,1,33,1,2,0
5,33,4,2008,3,1,1,2,2,1,1,1,1,1,2,4,4,2,6,11,2,1,33,2,2,0
5,33,4,2008,2,7,1,2,2,1,1,1,1,1,2,2,1,2,9,6,1,3,33,2,2,0
1,33,5,2008,3,7,8,2,2,1,1,1,1,1,1,4,1,2,9,11,1,7,33,2,2,0
1,33,8,2008,2,1,1,2,2,1,1,1,1,1,1,2,1,1,9,6,1,1,33,1,2,0
1,33,9,2008,5,1,1,2,2,1,1,1,1,1,1,4,1,2,14,6,1,1,33,2,2,0
1,33,11,2008,3,7,1,2,2,1,1,1,1,1,1,4,1,2,14,6,1,1,33,2,2,3
2,33,1,2008,2,1,1,2,2,1,1,1,1,1,1,4,1,2,9,6,1,1,33,2,2,0
2,33,10,2008,2,1,1,2,2,1,1,3,1,1,2,4,1,2,14,6,1,1,49,1,2,0
2,27,1,2008,4,1,1,2,2,1,2,1,1,1,1,1,1,2,12,6,1,1,33,2,2,0
2,27,3,2008,3,1,1,2,2,1,1,1,1,1,1,1,1,2,9,6,1,6,33,2,2,1
2,27,6,2008,2,7,1,2,2,1,1,1,1,1,1,1,1,2,9,11,1,1,45,1,2,1
2,27,6,2008,2,1,1,2,2,1,1,1,1,1,1,2,1,2,19,6,1,1,33,1,2,0
2,27,7,2008,3,1,1,2,2,1,1,1,5,1,1,1,1,2,9,6,1,1,33,2,2,0
2,27,7,2008,3,1,1,2,2,1,1,1,1,1,1,2,1,2,9,6,1,1,38,2,2,1
2,27,10,2008,2,7,8,2,2,1,1,2,1,1,1,4,1,2,8,1,1,7,40,2,2,0
2,27,11,2008,2,3,3,2,2,1,1,1,1,1,1,2,1,2,9,6,1,7,33,1,2,0
4,27,8,2008,3,1,1,2,2,2,1,1,2,1,2,2,1,2,8,6,1,1,32,1,2,0
6,27,4,2008,2,4,3,2,2,1,1,1,1,1,1,4,1,2,4,6,1,1,33,2,1,0
6,27,7,2008,4,1,1,2,2,2,2,4,2,1,1,4,1,2,4,6,1,1,25,2,2,0
6,27,11,2008,2,1,1,2,2,1,1,1,1,1,1,4,1,2,4,6,1,1,30,2,1,0
1,27,3,2008,2,7,1,2,2,1,1,3,1,1,1,4,1,1,10,9,1,1,33,1,2,0
1,27,7,2008,3,2,1,2,2,1,1,1,1,1,1,1,1,1,9,6,1,1,39,1,2,1
1,27,8,2008,2,7,3,2,2,2,1,2,2,1,3,4,1,2,8,6,1,1,33,2,1,0
1,27,8,2008,4,2,3,2,2,2,2,2,2,1,3,4,1,2,8,6,1,1,33,2,1,0
1,27,8,2008,3,1,1,2,2,1,1,1,1,1,1,3,1,2,12,6,1,1,21,1,2,0
6,34,12,2008,2,1,1,2,2,1,1,1,1,1,1,1,1,2,14,2,1,1,30,2,2,0
6,34,12,2008,2,1,1,2,2,1,1,1,1,1,1,1,1,2,7,2,1,1,25,2,2,0
3,34,12,2008,2,1,1,2,2,1,1,1,1,1,1,1,1,2,9,11,1,1,33,2,2,0
1,31,12,2008,3,7,1,2,2,1,1,1,1,1,1,2,1,1,8,4,1,1,33,2,2,0
1,31,12,2008,2,3,1,2,2,1,1,2,1,1,1,2,1,1,8,1,1,1,33,2,2,0
2,32,12,2008,2,1,1,2,2,1,1,1,1,1,1,4,1,2,4,6,1,1,35,2,1,0
1,27,10,2008,4,4,1,2,2,1,4,1,1,1,1,2,1,2,4,2,1,1,33,2,1,1
2,27,12,2008,2,1,3,2,2,1,1,1,1,1,1,2,1,2,8,6,1,1,33,2,2,1
2,27,12,2008,2,1,1,2,2,1,1,1,1,1,1,1,1,2,9,6,1,1,33,2,2,0
4,32,4,2008,2,1,1,2,2,1,1,1,1,1,1,1,1,2,9,6,1,1,33,2,2,0
6,34,4,2008,1,1,1,2,2,1,4,1,1,1,1,1,1,2,14,6,1,1,45,1,2,0
1,27,11,2008,3,3,1,2,2,1,1,4,1,1,3,4,1,2,6,2,1,3,33,2,2,0
7,64,1,2008,4,2,1,1,1,1,2,1,1,1,1,5,1,1,14,6,1,1,33,1,2,0
7,64,2,2008,3,1,1,2,2,1,1,1,1,1,1,5,1,1,14,6,1,1,29,1,2,0
7,64,2,2008,2,3,8,2,2,1,1,1,1,1,1,5,1,1,10,6,1,1,33,1,2,0
7,64,4,2008,4,2,6,2,2,1,3,1,1,1,1,5,1,1,14,6,1,1,33,1,2,0
7,64,4,2008,4,1,1,2,2,1,3,1,1,1,1,5,1,1,10,6,1,1,33,1,2,0
7,64,8,2008,2,3,1,1,1,1,1,1,1,1,1,5,1,1,10,6,1,1,21,2,2,1
12,64,1,2008,3,7,2,2,2,1,2,1,1,1,1,1,1,2,19,11,1,1,33,1,2,0
10,64,1,2008,3,7,8,2,2,1,1,1,1,1,1,1,1,1,7,6,1,1,33,1,2,0
10,64,9,2008,4,1,8,1,2,1,2,1,1,1,1,1,1,1,14,6,1,1,33,1,2,0
10,64,7,2008,4,1,8,1,2,1,2,1,1,1,1,1,1,1,9,6,1,1,33,1,2,0
10,64,4,2008,4,1,8,2,2,1,2,1,1,1,1,1,1,1,14,6,1,1,33,1,2,0
9,64,3,2008,4,3,3,2,1,1,3,1,1,1,1,5,1,1,14,6,1,1,26,1,2,0
9,64,7,2008,2,7,8,1,2,1,1,1,1,1,1,5,1,1,7,6,1,1,45,1,2,1
8,64,2,2008,2,7,3,1,2,1,1,1,1,1,1,5,1,1,9,6,1,7,38,1,2,0
8,64,1,2008,3,7,3,2,1,1,1,1,1,1,1,5,1,1,8,6,1,7,33,1,2,0
8,64,5,2008,4,1,3,2,1,1,2,1,1,1,1,5,1,1,9,6,1,1,33,2,2,0
8,64,7,2008,4,1,5,2,2,1,3,1,1,1,1,5,1,1,8,6,2,6,33,1,2,0
8,64,9,2008,3,1,3,2,1,1,1,1,1,1,1,5,1,1,8,6,2,6,33,1,2,0
5,64,1,2008,4,7,1,2,2,1,3,1,1,1,1,5,1,1,14,6,1,1,35,1,2,0
5,64,1,2008,2,2,4,2,1,1,3,1,1,1,1,5,1,1,14,6,1,1,49,1,2,1
5,64,3,2008,3,7,1,2,2,1,1,1,1,1,1,5,1,1,9,6,1,1,35,1,2,0
5,64,6,2008,1,3,4,2,1,1,3,1,1,1,1,5,1,1,5,6,1,6,39,1,2,0
5,64,10,2008,1,7,1,2,2,1,2,1,1,1,1,5,1,1,9,6,1,6,33,1,2,0
5,64,11,2008,5,1,1,2,2,1,4,1,1,1,1,1,1,2,10,6,1,1,33,1,2,0
4,64,5,2008,4,1,1,2,2,1,3,1,1,1,1,5,1,1,14,6,1,1,24,2,2,0
4,64,7,2008,2,2,1,2,2,1,1,1,1,1,1,5,1,1,10,5,1,1,33,1,2,1
4,64,12,2008,5,2,6,2,1,1,1,1,1,1,1,5,1,1,10,6,2,7,33,1,2,0
6,64,1,2008,2,2,6,1,1,1,1,1,1,1,1,5,1,1,10,6,1,1,33,2,1,0
6,64,4,2008,4,2,1,1,1,1,3,1,1,1,1,5,1,1,10,7,1,1,33,2,2,1
6,64,8,2008,2,2,3,1,2,1,1,1,1,1,1,5,1,1,8,6,1,1,33,1,2,1
1,64,1,2008,1,2,4,2,1,1,1,2,1,1,1,5,1,1,9,6,1,1,33,1,2,0
1,64,5,2008,3,1,1,2,1,1,1,1,1,1,1,5,1,1,9,6,1,1,33,1,2,1
2,64,2,2008,3,1,1,2,1,1,3,1,1,1,1,3,1,1,14,6,1,1,33,1,2,0
2,64,2,2008,2,7,8,2,2,1,1,1,1,1,1,5,1,1,14,6,1,1,33,1,2,1
2,64,3,2008,2,7,8,2,2,1,1,1,1,1,1,5,1,1,14,6,1,1,33,1,2,1
2,64,6,2008,4,2,3,2,2,1,2,1,1,1,1,5,1,1,14,6,1,1,33,1,2,1
2,64,6,2008,3,1,8,1,2,1,1,1,1,1,1,5,1,1,14,6,1,1,33,1,2,1
2,64,6,2008,3,1,1,2,1,1,3,1,1,1,1,5,1,1,5,6,1,1,33,2,2,0
2,64,7,2008,2,1,1,2,1,1,1,1,1,1,1,5,1,1,9,6,1,1,33,1,2,1
2,64,7,2008,2,2,1,2,1,1,1,1,1,1,1,5,1,1,14,6,1,1,33,2,2,0
2,64,9,2008,4,1,1,2,1,1,4,1,1,1,1,1,1,1,14,11,1,2,33,2,2,0
2,64,10,2008,4,1,8,2,2,1,3,1,1,1,1,5,1,1,19,6,1,1,33,2,2,1
2,64,10,2008,4,1,1,2,2,1,3,1,1,1,1,5,1,1,14,6,1,1,33,1,2,1
2,64,11,2008,4,1,1,2,1,1,3,1,1,1,1,5,1,1,9,6,1,1,33,1,2,0
2,64,11,2008,2,1,8,2,1,1,1,1,1,1,1,5,1,1,4,6,1,1,33,2,2,1
11,64,1,2008,2,2,8,1,1,1,1,1,1,1,1,5,1,1,14,6,1,1,33,1,2,0
11,64,4,2008,2,2,8,1,2,1,1,1,1,1,1,5,1,1,8,6,1,1,33,1,2,1
11,64,4,2008,4,2,8,1,2,1,4,1,1,1,1,5,1,1,14,6,1,1,33,1,2,0
11,64,5,2008,4,2,8,1,2,1,4,1,1,1,1,5,1,1,14,6,1,1,33,1,2,0
11,64,6,2008,4,2,1,1,2,1,1,1,1,1,1,5,1,1,14,6,1,1,33,1,2,0
11,64,8,2008,4,2,8,1,1,1,1,1,1,1,1,5,1,1,8,6,1,1,33,1,2,0
11,64,11,2008,2,3,1,1,2,1,1,1,1,1,1,5,1,1,14,6,1,1,33,1,2,0
11,64,11,2008,2,2,8,1,2,1,1,1,1,1,1,5,1,1,9,6,1,1,33,1,2,0
1,64,12,2008,4,2,5,2,1,1,2,1,1,1,1,5,1,1,10,6,1,1,33,1,2,0
4,64,12,2008,5,2,3,2,1,1,1,1,1,1,1,5,1,1,10,6,1,1,33,1,2,1
7,64,11,2008,1,5,8,2,1,1,3,1,1,1,1,5,1,1,10,6,1,1,33,2,2,1
8,64,12,2008,4,1,1,2,2,1,2,1,1,1,1,5,1,1,9,6,1,1,33,2,2,0
10,64,12,2008,3,7,3,1,2,1,1,1,1,1,1,5,2,1,7,6,1,1,38,1,2,0
3,64,1,2008,3,1,1,2,2,1,2,1,5,1,1,5,1,1,6,2,1,7,35,2,2,0
3,64,3,2008,2,3,1,2,1,1,1,1,1,1,1,5,1,1,9,6,1,7,33,1,2,0
3,64,4,2008,2,1,2,2,1,1,1,1,5,1,1,5,1,1,19,6,1,7,33,1,2,0
3,64,5,2008,2,1,1,2,1,1,2,1,5,1,1,5,1,1,14,6,1,1,33,1,2,0
3,64,7,2008,3,7,8,2,1,1,1,1,2,1,2,5,1,1,8,6,1,1,33,2,2,0
3,64,10,2008,2,3,3,1,1,1,1,1,1,1,1,5,1,1,8,6,2,7,39,1,2,0
3,64,10,2008,4,3,3,1,1,1,2,1,1,1,1,5,1,1,8,6,2,7,33,1,2,0
3,64,12,2008,2,1,8,2,1,1,1,1,5,1,1,5,1,1,19,11,1,2,33,1,2,0
10,64,3,2008,2,1,8,2,2,1,1,1,1,1,1,5,1,1,9,6,1,1,33,1,2,1
1,57,1,2008,3,3,1,2,2,1,1,1,1,1,1,1,1,2,9,6,1,1,33,1,2,0
1,61,8,2008,4,1,1,2,2,2,4,1,2,1,1,1,1,1,7,6,1,1,33,2,2,0
1,61,8,2008,4,2,1,2,2,2,1,1,2,1,1,1,1,2,9,1,1,1,33,2,2,0
1,57,2,2008,2,1,1,2,2,1,1,1,1,1,1,1,1,1,9,6,1,1,33,2,2,0
1,61,9,2008,3,1,1,2,2,1,1,1,1,1,1,1,1,1,4,2,1,1,33,2,2,0
1,57,6,2008,4,1,1,2,2,1,4,1,1,1,1,1,1,2,9,6,1,1,33,2,2,0
1,57,5,2008,2,1,1,2,2,1,1,1,1,1,1,1,1,2,9,6,1,1,33,1,2,0
1,57,6,2008,2,1,1,2,2,1,2,2,1,1,1,1,1,2,19,2,1,7,33,1,2,0
3,57,2,2008,2,1,1,2,2,1,2,1,1,1,1,1,2,2,9,6,1,1,33,2,2,0
3,57,9,2008,1,1,1,2,2,1,4,1,1,1,1,1,1,2,9,6,1,1,33,1,2,0
3,57,7,2008,2,1,1,2,2,1,1,1,1,1,1,1,1,2,9,5,1,1,33,2,2,0
7,57,2,2008,3,1,8,2,2,1,1,3,1,1,2,4,1,2,6,11,1,7,22,2,2,0