Thana,District,Month,Year,Time,Junction_Type,Traffic_Control,Movement,Divider,Weather,Light,Road_Geometry,Surface_Condition,Surface_Type,Surface_Quality,Road_Class,Road_Feature,Location_Type,Vehicle_Type,Vehicle_Movement,Vehicle_Loading,Vehicle_Defect,Vehicle_Driver_Age,Vehicle_Alcohol,Vehicle_Seat_Belt,Accident_Severity
7,57,4,2008,2,2,8,2,2,1,1,1,1,1,1,4,2,2,14,11,1,1,40,2,2,3
5,57,2,2008,3,1,1,2,2,1,1,1,1,1,1,4,1,2,17,11,2,1,33,2,2,0
2,57,2,2008,2,1,1,2,2,1,1,1,1,1,1,3,1,2,6,6,1,1,33,2,2,0
1,59,10,2008,2,1,1,2,2,1,1,1,2,2,1,4,1,2,8,2,1,1,22,2,2,1
1,59,7,2008,4,1,1,2,2,1,4,1,1,1,1,1,1,2,9,6,1,1,33,1,2,0
1,59,6,2008,2,7,1,2,2,1,1,1,1,1,1,5,1,1,4,6,1,1,33,2,2,3
1,59,6,2008,3,1,1,2,2,1,1,1,1,1,1,5,1,1,14,6,1,1,40,2,2,0
6,59,7,2008,3,1,1,1,2,1,1,1,1,1,1,4,1,2,6,4,2,1,30,2,2,0
2,59,3,2008,3,1,1,2,2,1,1,1,1,1,1,1,2,1,9,6,1,1,33,2,2,0
8,58,1,2008,2,1,1,2,2,4,2,1,1,1,1,1,1,2,14,6,1,1,33,2,2,0
8,58,1,2008,2,1,1,2,2,1,4,3,1,1,1,4,1,2,4,2,1,1,25,2,2,1
8,58,3,2008,2,1,1,2,2,1,2,1,1,1,1,2,1,2,12,6,1,1,24,2,2,0
8,58,3,2008,3,1,1,2,2,1,1,1,1,1,2,2,1,2,14,6,1,1,45,2,2,0
8,58,4,2008,1,1,1,2,2,1,2,1,1,1,1,3,1,1,17,6,1,1,35,2,2,0
8,58,4,2008,2,1,1,2,2,1,1,1,1,1,1,2,1,2,14,6,1,1,33,2,2,0
8,58,5,2008,2,1,1,2,2,1,1,1,1,1,1,1,1,2,14,6,1,1,28,2,2,1
8,58,7,2008,1,1,1,2,2,1,1,1,1,1,1,1,1,2,9,11,1,1,33,2,2,0
2,58,8,2008,4,7,1,2,2,4,2,1,1,1,1,3,1,2,14,11,2,7,33,1,2,0
2,58,7,2008,2,1,1,2,2,1,1,3,1,1,1,1,4,2,7,11,1,1,30,1,2,0
2,58,4,2008,1,7,1,2,2,1,1,1,1,1,1,2,1,2,4,6,1,1,25,1,2,0
3,58,2,2008,3,1,1,2,2,1,1,1,1,3,1,4,1,2,17,6,1,1,33,1,2,0
3,58,2,2008,2,1,1,2,2,1,1,1,1,1,1,2,1,2,9,6,1,1,33,1,2,0
4,58,1,2008,2,1,1,2,2,1,1,1,1,1,1,3,1,2,5,6,1,1,33,2,2,1
4,58,3,2008,3,3,1,2,2,1,1,1,1,1,1,2,1,2,14,6,1,1,45,2,1,0
4,58,4,2008,3,4,3,2,2,1,1,1,1,1,1,1,1,1,7,6,1,1,33,1,2,0
4,58,8,2008,2,1,1,2,2,1,1,1,1,1,1,1,1,1,9,6,1,1,28,2,2,0
14,58,1,2008,1,1,1,2,2,1,2,1,1,1,1,1,1,1,19,6,1,1,33,2,2,0
14,58,1,2008,2,1,1,2,2,1,2,1,1,1,1,1,1,1,4,6,1,1,33,1,2,0
14,58,2,2008,4,1,1,2,2,1,1,1,1,1,1,1,1,1,1,1,1,1,33,1,2,0
1,58,2,2008,1,1,1,2,2,1,1,1,1,1,1,1,1,1,1,6,1,1,33,1,2,0
14,58,3,2008,2,1,1,2,2,1,1,1,1,1,1,2,1,2,9,6,1,1,33,2,2,0
14,58,3,2008,3,3,1,2,2,1,1,3,1,3,1,2,1,2,17,7,1,1,40,2,2,0
14,58,3,2008,3,1,1,2,2,1,4,1,1,1,1,1,1,1,9,6,1,1,33,2,2,0
14,58,4,2008,2,2,1,2,2,1,1,1,1,1,1,1,1,1,14,5,1,1,33,1,1,0
14,58,5,2008,2,1,1,2,2,1,2,1,1,1,1,1,1,1,15,5,1,1,30,1,2,0
1,58,2,2008,1,1,1,2,2,1,2,1,1,1,1,1,1,1,14,6,1,1,47,2,2,2
9,58,2,2008,4,1,1,2,2,1,3,1,1,1,1,4,1,2,19,11,1,7,33,2,2,0
16,58,3,2008,1,1,1,2,2,1,1,1,1,3,2,3,1,2,17,6,1,1,33,2,2,0
6,58,5,2008,1,1,1,2,2,1,2,1,1,1,1,1,1,2,14,6,1,1,34,2,2,0
2,58,1,2008,2,1,1,1,2,1,1,1,1,1,1,3,1,2,9,6,1,1,33,2,2,0
1,61,5,2008,4,1,1,2,2,1,4,1,1,1,1,1,1,2,10,6,1,1,33,2,2,0
1,61,6,2008,4,1,1,1,2,2,4,1,2,1,1,5,1,1,10,1,1,1,33,2,2,0
1,61,6,2008,3,1,1,2,2,1,1,1,1,1,1,1,1,2,9,6,1,1,32,2,2,0
1,61,6,2008,3,1,1,2,2,1,1,1,1,1,1,1,1,2,14,6,1,1,33,1,0,0
1,61,6,2008,1,1,1,2,2,1,1,1,1,1,1,1,1,1,1,6,1,2,33,2,2,0
1,61,7,2008,3,1,1,2,2,1,1,1,1,1,1,1,1,1,9,6,2,1,33,2,2,0
1,61,7,2008,1,1,1,2,2,1,1,1,1,1,1,1,1,2,9,6,1,3,36,2,2,1
1,61,7,2008,3,3,8,2,2,1,1,1,1,1,1,1,1,2,9,1,2,7,33,1,2,0
1,61,1,2008,3,2,1,2,2,1,1,1,1,1,1,1,1,1,19,6,2,1,33,2,2,0
2,61,6,2008,2,1,1,2,2,1,1,1,1,1,1,1,1,2,10,6,2,1,33,2,2,0
4,61,4,2008,3,1,8,2,2,1,1,1,1,1,1,4,1,2,17,6,1,1,33,2,2,3
5,61,3,2008,4,1,1,2,2,1,1,1,1,1,1,3,1,1,9,6,1,1,33,2,2,1
5,61,1,2008,2,7,8,2,2,1,1,1,1,1,1,4,1,2,13,6,1,3,27,2,2,0
6,61,4,2008,1,7,8,2,2,1,1,1,1,1,1,1,1,2,19,11,1,1,33,2,2,1
1,67,5,2008,3,4,3,2,2,1,1,1,1,1,1,2,1,1,9,1,1,7,33,1,2,0
1,67,10,2008,3,7,8,2,2,1,1,3,1,1,1,2,1,2,11,11,2,7,33,2,2,0
2,67,3,2008,2,7,8,2,2,1,1,4,1,1,1,2,1,2,11,6,1,1,45,2,2,0
4,67,2,2008,4,7,8,2,2,1,2,4,5,1,2,4,4,2,14,11,1,1,33,2,2,0
4,67,2,2008,2,1,8,2,2,1,1,4,5,1,2,4,4,2,9,11,2,1,33,2,2,0
6,67,3,2008,3,1,1,2,2,1,1,1,1,1,1,2,1,2,8,6,1,1,33,2,2,1
7,67,1,2008,3,7,8,2,2,1,1,2,1,1,3,1,1,2,11,6,1,1,31,2,2,1
7,67,3,2008,2,1,1,2,2,1,1,3,1,1,3,5,4,2,14,2,1,1,33,2,2,0
7,67,10,2008,3,1,1,2,2,1,1,1,1,1,1,3,1,2,14,6,1,1,33,2,2,3
7,67,3,2008,3,1,8,2,2,1,1,4,1,2,2,4,4,2,6,8,1,1,33,2,2,1
7,67,7,2008,2,7,7,2,2,1,1,2,1,1,2,2,1,2,8,9,1,1,33,2,2,0
1,65,4,2008,3,7,1,1,1,1,1,1,1,1,3,4,1,2,10,6,1,1,25,2,2,0
7,65,4,2008,2,3,6,2,2,1,1,3,1,1,1,1,1,2,5,6,1,1,26,2,2,0
7,65,4,2008,4,3,3,2,2,1,1,1,1,1,1,2,1,2,8,6,1,1,31,2,2,0
7,65,2,2008,1,1,8,2,2,1,1,1,1,1,1,2,1,2,8,6,1,1,33,2,2,1
7,65,3,2008,4,7,1,2,2,1,1,2,1,1,1,1,1,2,9,1,1,7,30,2,2,0
7,65,4,2008,4,3,8,2,2,1,1,3,1,1,1,1,1,2,5,6,1,1,26,2,2,0
7,65,4,2008,5,3,3,2,2,1,1,1,1,1,1,2,1,2,8,6,1,1,31,2,2,0
1,59,2,2008,4,2,1,2,2,1,2,2,1,1,1,5,3,1,16,9,1,1,42,2,2,0
6,59,1,2008,3,1,1,2,2,2,1,1,2,1,1,4,1,2,6,11,2,1,26,2,2,0
2,62,1,2008,3,1,1,2,2,1,1,1,1,1,1,2,1,2,12,4,1,1,33,2,2,0
3,62,7,2008,2,3,1,2,2,1,1,1,1,1,1,2,1,2,4,6,1,1,27,2,2,0
4,62,7,2008,2,7,8,2,2,1,1,1,1,1,1,4,1,2,8,4,1,1,30,2,2,0
4,62,8,2008,2,1,1,2,2,1,1,1,1,1,1,2,1,1,9,6,1,1,33,2,2,0
4,62,8,2008,1,1,8,2,2,1,1,1,1,1,1,4,1,2,9,6,1,1,35,2,2,0
4,62,9,2008,3,1,8,2,2,1,1,1,1,1,1,2,1,1,19,6,1,1,25,2,2,3
4,62,9,2008,3,7,1,2,2,1,1,1,1,1,1,4,1,2,14,1,1,1,22,2,2,0
5,60,1,2008,1,1,1,2,2,1,1,1,1,1,1,3,1,2,3,6,1,1,33,2,2,3
5,60,1,2008,1,1,1,2,2,1,1,1,1,1,1,1,1,2,5,4,1,1,33,2,2,3
5,60,2,2008,1,2,1,2,2,1,1,1,1,1,1,1,1,2,17,6,1,1,33,2,2,0
2,63,3,2008,3,1,1,2,2,1,1,1,1,1,1,3,1,2,9,6,1,7,40,1,2,0
4,63,5,2008,4,7,8,2,2,1,3,1,1,1,1,1,1,2,8,6,1,1,33,1,2,0
6,63,9,2008,3,1,8,2,2,1,1,1,1,1,1,2,1,2,9,8,1,7,32,2,2,1
8,63,1,2008,4,1,1,2,2,1,1,1,1,1,1,1,1,1,4,6,1,7,22,2,2,1
8,63,2,2008,3,1,1,2,2,1,1,1,1,1,1,1,1,2,5,6,1,1,33,2,2,0
8,63,6,2008,2,1,1,2,2,1,1,2,2,1,1,1,1,2,10,6,1,2,33,1,0,0
8,63,7,2008,3,1,1,2,2,2,4,1,4,1,1,1,1,1,10,6,1,2,33,2,2,0
8,63,7,2008,4,1,3,2,2,2,2,1,1,1,1,1,1,2,10,6,1,2,33,1,0,0
8,63,7,2008,4,1,1,2,2,2,2,1,2,1,1,1,1,2,10,6,1,2,33,1,0,0
8,63,10,2008,3,7,1,2,2,1,1,1,1,1,1,1,1,2,10,6,1,2,33,2,2,0
9,63,1,2008,4,1,1,2,2,1,2,2,1,1,1,1,1,2,9,1,1,1,50,2,2,0
9,63,1,2008,4,1,1,2,2,1,1,1,1,1,1,1,1,1,9,6,1,1,33,2,2,0
9,63,1,2008,3,7,1,2,2,1,1,1,1,1,1,1,1,1,13,6,1,1,33,2,2,0
9,63,3,2008,3,1,1,2,2,1,4,1,1,1,1,1,1,2,10,6,1,2,33,1,0,0
9,63,8,2008,4,1,3,2,2,1,4,3,1,1,1,1,1,2,9,5,1,1,33,2,2,0
11,63,5,2008,1,2,1,1,1,1,1,1,1,1,1,1,1,2,14,6,2,3,33,2,2,0
11,63,3,2008,1,2,3,2,2,1,1,1,1,1,1,1,1,2,14,2,1,3,33,2,2,0
13,63,9,2008,3,1,8,2,2,1,1,1,1,1,1,1,1,2,10,6,1,2,33,2,2,0
13,63,3,2008,3,1,8,2,2,1,4,5,1,1,1,1,1,1,14,11,1,1,33,1,2,0
14,58,10,2008,4,1,3,2,2,1,3,1,1,1,1,2,1,2,10,6,1,2,33,1,0,0
5,58,10,2008,3,1,1,2,1,2,1,1,2,1,1,1,1,2,9,8,1,1,33,1,0,0
5,58,11,2008,2,1,1,2,1,1,1,1,1,1,1,2,1,2,10,6,1,2,33,1,0,0
7,58,7,2008,3,1,1,2,2,1,1,1,1,1,1,1,1,2,12,5,1,1,33,2,2,0
7,58,3,2008,4,1,1,2,2,1,1,1,1,1,1,1,1,2,10,6,1,2,33,1,0,0
7,58,2,2008,1,1,1,2,2,1,1,1,1,1,1,1,1,2,10,6,1,2,33,2,2,0
7,58,2,2008,1,1,1,2,2,1,1,1,1,1,1,1,1,2,10,6,1,2,33,1,0,0
7,58,1,2008,2,1,1,2,2,1,1,1,1,1,1,1,1,2,9,1,1,1,33,1,0,0
7,58,6,2008,4,1,1,2,2,1,4,1,1,1,1,1,1,2,10,6,1,2,33,1,0,0
7,58,9,2008,1,1,1,2,2,1,1,1,1,1,1,1,1,2,10,6,1,1,45,2,2,0
7,58,8,2008,2,1,1,2,2,1,2,1,1,1,1,3,1,2,10,6,1,2,33,1,0,0
7,58,10,2008,1,1,1,2,2,1,2,1,1,1,1,1,1,2,10,6,1,2,33,1,0,0
7,58,5,2008,3,1,1,2,2,1,1,1,1,1,1,1,1,2,9,6,1,1,33,2,2,0
8,58,10,2008,3,1,1,2,2,1,1,1,1,1,1,2,1,2,9,6,1,1,33,2,2,0
4,58,4,2008,3,3,1,2,2,1,1,1,1,1,1,1,1,2,7,6,1,1,33,2,2,0
13,63,9,2008,3,1,8,2,2,1,1,1,1,1,1,1,1,1,10,6,1,2,33,1,0,0
13,63,5,2008,4,7,1,2,2,1,4,3,1,1,2,3,1,2,14,6,1,2,33,2,2,1
13,63,3,2008,4,1,8,2,2,1,4,5,1,1,1,1,1,1,14,11,1,2,33,1,0,0
2,63,10,2008,1,7,3,2,2,1,1,1,1,1,1,1,1,1,9,6,1,1,33,2,2,1
2,63,3,2008,3,1,1,2,2,1,1,1,1,1,1,3,1,2,9,6,1,7,40,2,2,0
4,63,7,2008,2,1,8,2,2,1,1,1,1,1,1,2,1,2,9,7,1,2,30,2,2,0
4,63,5,2008,4,7,8,2,2,1,3,1,1,1,1,1,1,1,8,6,1,1,33,2,2,0
5,63,5,2008,1,1,1,2,2,1,4,4,1,1,1,2,1,2,9,6,2,1,33,2,2,0
6,63,12,2008,2,1,1,2,2,1,1,1,1,1,1,2,1,2,5,6,1,1,28,2,2,1
6,63,9,2008,3,1,8,2,2,1,1,1,1,1,1,2,1,2,9,8,1,1,38,2,2,0
6,63,3,2008,3,7,8,2,2,2,1,1,5,1,1,2,1,1,6,11,1,1,33,2,2,0
7,63,12,2008,4,1,8,1,2,1,2,2,1,1,1,1,1,2,9,11,1,1,33,2,2,0
7,63,8,2008,3,1,8,2,2,1,1,1,5,1,1,2,1,2,9,6,1,1,33,2,2,0
7,63,8,2008,3,1,8,2,2,1,1,1,5,1,1,1,1,2,9,6,1,1,33,2,2,0
7,63,5,2008,1,1,8,2,2,1,2,1,1,1,1,1,1,2,10,6,1,2,33,1,0,0
7,63,2,2008,3,7,8,2,2,1,1,3,1,1,1,2,1,2,13,6,1,7,35,2,2,0
7,63,2,2008,3,1,8,2,2,1,1,1,1,1,1,1,1,2,13,6,1,1,33,2,2,0
7,63,1,2008,4,1,8,2,2,1,3,2,5,1,1,2,1,2,10,6,1,2,33,1,0,0
7,63,1,2008,3,1,8,2,2,1,1,1,1,1,1,2,1,1,10,6,1,2,33,1,0,0
8,63,12,2008,3,1,1,2,2,1,1,1,1,1,1,1,1,2,9,6,1,1,33,2,2,0
8,63,10,2008,3,1,1,2,2,1,1,1,1,1,1,1,1,2,10,6,1,2,33,1,0,0
8,63,7,2008,1,1,1,2,2,1,4,1,4,1,1,1,1,1,10,6,1,2,33,1,0,0
8,63,6,2008,2,7,1,2,2,2,2,2,2,1,1,1,1,2,10,6,1,2,33,1,0,0
8,63,7,2008,2,1,1,2,2,2,2,1,2,2,1,1,1,2,10,6,1,2,33,1,0,0
8,63,7,2008,2,1,1,2,2,1,2,1,1,1,1,1,1,2,10,6,1,2,33,1,0,0
8,63,3,2008,3,1,1,2,2,1,4,1,1,1,1,1,1,2,10,6,1,2,33,1,0,0
8,63,2,2008,1,1,1,2,2,1,1,1,1,1,1,1,1,2,10,6,1,2,33,1,0,0
8,63,1,2008,2,1,1,2,2,1,1,1,1,1,1,1,1,2,10,6,1,2,33,1,0,1
9,63,8,2008,4,1,1,2,2,1,4,3,1,1,1,1,1,2,9,5,1,2,33,1,2,0
9,63,3,2008,1,1,1,2,2,1,4,1,1,1,1,1,1,2,14,11,1,2,33,1,0,0
9,63,1,2008,2,7,1,2,2,1,1,1,1,1,1,1,1,1,13,6,1,1,33,2,2,0
9,63,1,2008,2,1,1,2,2,1,1,2,1,1,1,1,1,1,9,6,1,1,33,2,2,0
9,63,1,2008,2,1,1,2,2,1,2,2,1,1,1,1,1,2,9,1,1,1,50,2,2,0
10,63,2,2008,3,1,1,2,2,1,1,1,1,1,1,2,1,2,14,5,1,1,40,2,2,1
10,63,1,2008,2,1,1,2,2,1,1,1,1,1,1,1,1,2,4,6,1,1,33,2,2,0
11,63,1,2008,2,1,1,2,2,1,1,1,1,1,1,1,1,2,14,1,2,2,33,1,0,0
11,63,5,2008,5,1,1,2,1,2,4,1,2,1,1,1,1,2,14,8,1,7,33,1,0,1
14,63,10,2008,2,1,1,2,2,1,2,1,1,1,1,1,1,2,10,6,1,2,33,1,0,0
14,63,10,2008,1,1,1,2,2,1,1,1,1,1,1,1,1,2,10,6,1,2,33,1,0,0
14,63,10,2008,2,1,8,2,2,1,4,1,1,1,1,1,1,2,10,6,1,2,33,1,0,0
14,63,8,2008,2,1,1,2,2,2,2,1,2,1,2,1,1,2,10,6,1,2,33,1,0,0
11,63,5,2008,1,1,1,2,2,1,1,1,1,1,1,1,1,1,14,1,1,1,33,2,2,0
11,63,3,2008,1,1,1,2,2,1,1,1,1,1,1,1,1,2,14,1,1,1,33,2,2,0
14,63,5,2008,3,1,1,1,1,1,1,1,1,1,1,1,1,2,9,6,1,1,33,2,2,0
14,63,5,2008,1,1,1,2,2,1,4,3,1,1,1,1,1,2,10,6,1,2,33,1,0,0
14,63,3,2008,2,1,2,2,2,1,1,1,1,1,1,1,1,2,14,6,1,1,33,2,2,0
14,63,3,2008,2,1,1,2,2,1,1,1,1,1,1,1,1,2,9,6,1,1,45,1,2,0
14,63,3,2008,3,1,1,2,2,1,1,2,1,1,1,1,1,2,14,6,1,1,33,1,0,0
14,63,1,2008,1,1,1,2,2,1,2,1,1,1,1,1,1,2,14,6,1,7,33,1,0,0
14,63,2,2008,2,1,1,2,2,1,1,1,1,1,1,1,1,2,9,5,1,1,30,2,2,0
14,63,2,2008,2,1,1,2,2,1,1,1,1,1,1,1,1,2,10,6,1,2,33,1,0,0
14,63,2,2008,2,1,1,2,2,1,1,1,1,1,1,1,1,2,10,6,1,2,33,1,0,0
3,62,2,2008,2,7,8,2,2,1,1,3,1,3,2,2,1,2,10,6,1,2,33,1,0,0
4,62,2,2008,2,1,3,2,2,1,1,1,1,1,1,2,1,2,10,6,1,2,33,1,0,0
4,62,6,2008,4,1,1,2,2,1,4,1,1,1,1,2,1,2,8,6,1,3,23,2,2,0
1,62,10,2008,2,7,1,2,2,1,1,1,1,1,1,2,1,2,5,2,1,1,28,2,2,0
1,62,5,2008,3,3,1,2,2,1,1,2,3,3,2,4,1,2,10,6,1,2,33,1,0,0
3,62,11,2008,2,1,1,2,2,1,1,1,1,1,1,2,1,2,9,6,1,1,40,1,2,3
5,62,11,2008,3,1,2,2,2,1,1,1,1,1,1,1,1,2,14,2,1,1,25,2,2,0
3,62,11,2008,3,1,1,2,2,1,2,1,1,1,1,4,1,2,10,6,1,2,33,1,0,0
5,62,12,2008,4,1,1,2,2,1,1,1,1,1,1,2,1,2,8,2,1,1,30,2,2,0
3,57,3,2008,3,7,3,2,2,1,1,5,1,1,1,1,1,2,10,6,1,2,33,1,0,0
3,57,4,2008,2,5,3,2,2,1,1,1,1,1,1,1,1,1,14,3,1,1,33,2,2,0
3,57,5,2008,3,7,3,2,2,1,1,1,1,1,1,1,1,2,10,6,1,7,26,2,2,0
3,57,5,2008,4,7,1,2,2,1,2,1,1,1,1,1,1,2,7,5,1,1,25,2,2,0
3,57,11,2008,4,7,1,2,2,1,3,1,1,1,1,1,1,2,10,6,1,2,33,1,0,0
3,57,9,2008,1,7,1,2,2,1,1,1,1,1,1,1,1,2,10,6,1,2,33,1,0,0
3,57,11,2008,2,7,1,2,2,1,1,1,1,1,1,1,1,2,10,6,1,2,33,1,0,0
3,57,2,2008,4,1,1,2,2,1,1,1,1,1,1,1,1,2,10,6,1,2,33,1,0,0
3,57,2,2008,3,1,1,2,2,1,1,1,1,1,1,1,1,2,10,6,1,2,33,1,0,0
3,57,3,2008,1,5,4,2,2,1,2,1,1,1,1,1,1,1,7,6,1,1,33,2,2,0
3,57,5,2008,2,1,1,2,2,1,1,1,1,1,1,1,1,2,14,1,1,1,33,1,0,0
3,57,5,2008,3,1,1,2,2,1,1,1,1,1,1,1,1,2,10,6,1,2,33,1,0,0
8,57,8,2008,2,1,8,2,2,1,1,1,1,1,1,1,1,2,6,6,1,1,33,2,2,0
8,57,11,2008,4,1,8,2,2,1,1,1,1,1,1,1,1,2,10,6,1,2,33,1,0,0
8,57,11,2008,2,1,1,2,2,1,1,1,1,1,1,1,1,2,13,6,1,1,33,2,2,0
8,57,1,2008,1,1,1,2,2,1,1,1,1,1,1,1,1,2,4,6,1,1,33,2,2,0
8,57,5,2008,1,1,1,2,2,1,1,1,1,1,1,1,1,2,10,6,1,2,33,1,0,0
8,57,5,2008,1,1,1,2,2,1,1,1,1,1,1,1,1,2,8,6,1,1,33,2,2,0
8,57,7,2008,3,1,1,2,2,1,2,1,1,1,1,1,1,2,8,6,1,1,33,2,2,0
8,57,7,2008,3,1,1,2,2,1,1,1,1,1,1,1,1,2,13,6,1,1,33,2,2,0
8,57,7,2008,3,1,1,2,2,1,1,1,1,1,1,1,1,2,10,6,1,2,33,1,0,0
8,57,5,2008,4,1,3,2,2,1,1,1,1,1,1,1,1,2,9,1,1,1,33,2,2,0
8,57,7,2008,3,1,3,2,2,1,1,1,1,1,1,1,1,2,13,1,1,1,33,2,2,0
8,57,4,2008,2,1,8,2,2,1,1,1,1,1,1,1,1,2,13,1,1,1,33,2,2,0
8,57,5,2008,4,1,1,2,2,1,1,1,1,1,1,1,1,2,14,1,1,1,33,2,2,0
8,57,4,2008,2,7,3,2,2,1,1,1,2,1,1,1,1,2,10,6,1,2,33,1,0,0
8,57,11,2008,2,1,1,2,2,1,1,1,1,1,1,1,1,2,9,1,1,1,35,2,2,0
8,57,10,2008,2,2,8,2,2,1,1,1,1,1,1,1,1,2,9,11,1,1,30,2,2,0
8,57,12,2008,2,1,1,2,2,4,2,1,1,1,1,1,1,2,9,6,1,1,45,2,2,0
6,57,3,2008,3,1,1,2,2,1,1,1,1,1,1,3,1,2,8,11,1,1,27,2,2,0
5,57,10,2008,3,7,1,2,2,1,1,1,1,1,1,1,1,2,14,5,2,1,33,2,2,0
5,57,9,2008,4,7,1,2,2,1,1,1,1,1,1,3,1,2,9,6,1,7,30,2,2,0
5,57,8,2008,3,1,1,2,2,1,1,1,1,1,1,1,1,2,9,2,2,7,33,1,2,0
5,57,5,2008,2,7,1,2,2,1,1,3,1,1,1,1,1,2,10,11,1,3,30,2,2,0
5,57,7,2008,2,1,1,2,2,1,1,1,1,1,1,1,1,2,9,6,2,1,33,2,2,0
5,57,10,2008,2,7,1,2,2,1,1,1,1,1,1,1,1,2,9,5,1,1,42,2,2,0
1,57,2,2008,2,1,1,2,2,1,1,1,1,1,1,1,1,2,10,6,1,2,33,1,0,0
1,57,11,2008,2,1,1,2,2,1,1,1,1,1,1,1,1,2,10,6,1,2,33,1,0,0
1,57,12,2008,4,2,1,2,2,1,1,1,1,1,1,1,1,2,10,6,1,2,33,1,0,0
1,57,12,2008,2,4,1,2,2,1,1,1,1,1,1,1,1,2,7,6,1,1,33,2,2,0
1,57,11,2008,2,1,1,2,2,1,1,1,1,1,1,1,1,2,10,6,1,2,33,1,0,0
1,57,8,2008,2,1,1,2,2,1,1,1,1,1,1,1,1,2,9,6,1,1,55,2,2,1
1,57,8,2008,4,1,1,2,2,1,1,1,1,1,1,1,1,2,9,6,1,1,41,2,2,0
1,57,6,2008,1,1,1,2,2,1,1,1,1,1,1,1,1,2,14,6,1,1,30,2,2,0
6,57,10,2008,3,1,1,2,2,1,1,1,1,1,1,3,1,2,8,5,1,1,33,2,2,1
6,57,4,2008,3,1,1,2,2,1,1,1,1,1,1,3,1,2,4,5,1,1,33,2,2,1
6,57,2,2008,4,1,1,2,2,1,1,1,1,1,1,3,1,2,14,6,1,1,33,2,2,0
1,60,7,2008,2,7,1,2,2,1,1,1,1,1,1,1,1,1,9,8,1,7,30,1,2,0
1,60,8,2008,2,7,1,2,2,1,3,1,1,1,1,1,1,1,10,6,1,2,33,2,2,0
1,60,10,2008,2,1,1,2,2,1,1,1,1,1,1,1,1,2,9,6,1,1,36,2,2,0
1,60,11,2008,2,7,1,2,2,1,1,1,1,1,1,1,1,2,9,11,1,7,33,2,2,0
1,60,5,2008,1,7,8,2,2,1,1,1,1,1,1,1,1,2,9,6,1,1,27,2,2,0
1,60,5,2008,3,1,1,2,2,1,1,1,1,1,1,1,1,1,10,6,1,2,33,1,0,0
1,60,5,2008,2,1,1,2,2,1,1,1,1,1,1,1,1,1,9,6,1,1,40,2,2,0
9,60,10,2008,2,7,3,2,2,1,1,1,1,1,1,4,1,2,5,11,1,7,30,2,2,0
6,60,2,2008,2,7,1,2,2,1,1,1,1,1,1,1,1,1,9,2,1,7,35,2,2,0
6,60,8,2008,4,7,1,2,2,1,1,1,1,1,1,5,4,2,9,6,1,1,35,2,2,0
2,60,10,2008,2,3,1,2,2,1,1,1,1,1,1,4,1,2,9,6,1,1,32,2,2,0
3,60,3,2008,2,2,1,2,2,1,3,1,1,1,1,4,1,2,10,6,1,2,33,1,0,0
4,60,3,2008,3,7,1,2,2,1,1,1,1,1,1,4,1,2,14,6,2,7,33,2,2,0
7,66,10,2008,4,7,8,2,2,1,4,1,1,2,1,3,1,2,14,6,1,1,33,2,2,0
3,66,10,2008,1,1,1,2,2,1,2,2,1,1,1,4,4,2,14,1,2,1,33,2,2,0
9,66,10,2008,3,1,1,2,2,1,1,1,1,1,1,2,3,2,14,5,1,1,33,2,2,0
1,66,10,2008,2,7,8,2,2,1,1,4,1,1,1,3,1,2,10,6,1,2,33,1,0,0
6,66,10,2008,2,7,8,2,2,1,1,4,1,1,1,3,1,2,19,11,1,7,22,2,2,1
7,66,11,2008,1,7,8,2,2,1,1,1,1,1,1,4,1,2,11,6,1,7,33,2,2,0
9,66,12,2008,2,1,1,2,2,1,1,1,1,1,1,2,3,2,14,6,1,1,45,2,2,2
1,66,12,2008,3,7,1,2,2,1,1,1,1,1,1,2,1,2,9,2,1,7,33,1,2,0
6,66,12,2008,4,7,8,2,2,1,1,5,1,1,1,2,1,2,19,11,1,1,40,2,2,1
10,66,12,2008,2,3,1,2,2,1,1,1,1,1,1,3,1,2,4,6,1,1,33,2,2,0
1,68,1,2008,2,1,3,2,2,1,1,1,1,1,1,5,1,2,4,6,1,7,33,2,2,3
1,68,2,2008,3,7,1,2,2,4,1,3,2,1,2,3,1,2,11,11,1,4,33,1,2,0
1,68,4,2008,3,1,1,2,2,1,1,4,1,1,2,2,1,2,9,6,1,3,33,2,2,0
1,68,5,2008,2,1,3,2,2,1,1,1,1,1,1,2,1,1,13,6,1,7,33,2,2,0
1,68,6,2008,2,1,1,2,2,1,1,1,1,1,1,2,1,2,12,6,1,1,33,2,2,0
1,68,8,2008,3,1,1,2,2,1,1,3,1,2,2,3,1,2,13,6,1,4,33,2,2,0
1,68,7,2008,3,1,1,2,2,1,1,4,2,1,1,2,1,2,14,6,1,3,33,2,2,0
1,68,8,2008,2,1,1,2,2,2,1,4,2,1,2,3,1,2,11,6,1,3,33,1,2,0
1,68,9,2008,2,1,1,2,2,1,1,4,1,1,2,3,1,2,14,6,1,1,33,2,2,1
1,68,10,2008,3,1,1,2,2,1,1,2,1,1,1,2,1,2,8,6,1,4,33,2,2,3