Thana,District,Month,Year,Time,Junction_Type,Traffic_Control,Movement,Divider,Weather,Light,Road_Geometry,Surface_Condition,Surface_Type,Surface_Quality,Road_Class,Road_Feature,Location_Type,Vehicle_Type,Vehicle_Movement,Vehicle_Loading,Vehicle_Defect,Vehicle_Driver_Age,Vehicle_Alcohol,Vehicle_Seat_Belt,Accident_Severity
1,68,10,2008,4,1,1,2,2,1,1,1,1,1,1,2,1,2,9,6,1,3,33,2,2,3
1,68,12,2008,3,1,1,2,2,1,1,4,5,1,2,3,1,2,11,5,1,3,33,2,2,3
1,68,12,2008,4,1,1,2,2,1,2,4,1,1,2,3,1,2,9,6,1,3,33,1,2,1
5,68,7,2008,2,7,8,2,2,1,2,4,1,1,1,3,1,2,13,2,1,7,33,2,2,0
3,68,2,2008,1,1,3,2,2,4,4,4,1,1,1,3,1,2,10,6,1,2,33,1,0,0
2,68,2,2008,4,7,1,2,2,1,1,1,1,1,1,3,1,2,9,8,1,1,45,2,2,0
4,68,11,2008,1,3,1,2,2,1,3,4,1,1,1,3,1,2,11,2,1,3,33,2,2,0
1,57,11,2008,2,1,1,2,2,1,1,1,1,1,1,1,1,1,10,6,1,2,33,1,0,0
1,57,11,2008,3,1,1,2,2,1,1,1,1,1,1,4,1,2,10,6,1,2,33,1,0,0
1,57,7,2008,5,1,1,2,2,1,1,1,1,1,1,4,1,2,10,6,1,2,33,1,0,0
1,57,11,2008,2,1,1,2,2,1,1,1,1,1,1,1,1,2,10,6,1,2,33,1,0,0
1,57,6,2008,2,1,1,2,2,1,1,1,1,1,1,4,2,2,10,1,1,1,33,2,2,1
8,57,5,2008,3,1,1,2,2,1,1,1,1,1,1,1,1,2,10,6,1,2,33,1,0,0
1,61,12,2008,3,1,1,2,2,1,1,1,1,1,1,1,1,2,10,6,1,2,33,1,0,0
1,61,11,2008,4,1,3,2,2,1,1,1,1,1,1,1,1,2,14,9,1,1,33,1,0,0
1,61,12,2008,3,1,8,2,2,1,1,1,1,1,1,1,1,1,10,6,1,2,33,1,0,0
1,61,12,2008,2,1,1,2,2,1,1,1,1,1,1,1,1,2,14,1,1,7,33,2,2,0
1,65,10,2008,3,7,1,2,2,1,1,1,1,1,1,1,1,2,9,6,1,1,40,2,2,0
2,65,1,2008,3,1,1,2,2,1,1,1,1,1,1,1,1,2,9,6,1,3,35,2,2,3
2,65,1,2008,3,3,1,2,2,1,1,1,1,1,1,1,1,2,8,2,2,1,33,2,2,0
2,65,6,2008,2,1,1,2,2,1,1,1,1,1,1,4,1,2,10,6,1,2,33,1,0,0
2,65,7,2008,1,1,1,2,2,1,1,1,1,1,1,1,1,2,10,6,1,2,33,1,0,0
5,65,8,2008,4,1,1,2,2,1,1,1,1,1,1,1,1,2,8,6,1,1,37,2,2,0
4,65,2,2008,2,1,8,2,2,1,3,1,1,1,1,4,1,2,10,6,1,2,33,1,0,0
5,65,2,2008,2,1,1,2,2,1,1,1,1,1,1,1,1,2,10,6,1,2,33,1,0,0
5,65,11,2008,2,1,3,2,2,1,1,1,1,1,1,4,1,2,12,6,1,2,33,2,2,0
7,65,2,2008,1,1,1,2,2,1,1,1,1,1,1,1,1,2,7,6,1,1,33,1,1,0
6,65,2,2008,2,1,1,2,2,1,1,1,1,1,1,4,1,2,14,1,1,1,36,2,2,0
5,60,2,2008,1,1,1,2,1,1,1,1,1,1,1,2,1,2,9,6,1,1,33,2,2,0
5,60,3,2008,3,1,1,2,2,1,2,1,1,1,1,2,1,2,17,6,1,1,25,2,2,0
3,60,3,2008,2,2,1,2,2,1,1,1,1,1,1,4,1,2,17,6,1,7,33,2,2,0
7,60,1,2008,3,1,1,2,2,1,1,1,1,1,1,3,1,2,9,6,1,6,33,1,2,0
7,60,2,2008,2,1,1,2,2,1,1,1,1,1,1,3,1,2,9,6,2,6,33,1,2,0
7,60,3,2008,4,1,1,2,2,1,1,1,1,1,1,3,1,2,9,6,2,6,40,1,2,0
5,60,3,2008,3,1,1,1,1,1,1,1,1,1,1,3,1,2,2,9,2,6,46,1,2,0
1,60,6,2008,2,1,3,2,1,1,1,1,1,1,1,3,1,1,7,6,1,1,20,2,2,0
2,60,10,2008,1,1,3,2,2,1,1,1,1,1,1,2,1,2,9,2,1,3,33,2,2,0
8,60,9,2008,2,3,8,2,2,1,1,1,1,1,1,1,1,2,9,9,1,3,50,1,2,0
1,60,1,2008,1,1,1,2,2,1,1,1,1,1,1,3,1,2,4,6,1,1,38,2,2,0
1,60,1,2008,2,3,8,2,2,1,1,1,1,1,1,5,1,1,8,10,1,1,30,2,2,1
1,60,3,2008,2,1,1,2,2,1,4,1,1,1,1,4,1,2,17,6,1,7,33,1,2,0
16,60,5,2008,4,1,1,2,2,1,2,2,1,1,1,1,1,2,9,6,1,7,33,1,2,0
6,60,1,2008,3,2,4,2,2,1,1,1,1,1,1,1,1,1,1,6,1,7,40,1,2,0
6,60,2,2008,2,1,8,2,2,1,1,2,1,2,2,3,1,1,1,9,1,7,33,1,2,0
2,60,5,2008,3,1,1,2,2,1,1,1,1,1,1,3,1,2,6,6,1,1,30,2,2,1
5,66,8,2008,2,7,1,2,2,1,2,1,1,1,1,3,1,2,11,6,1,7,33,2,2,0
5,66,6,2008,4,1,1,2,2,1,2,1,1,1,1,2,1,1,8,4,1,1,31,1,2,0
5,66,5,2008,1,1,1,2,2,3,1,1,2,1,1,1,3,1,4,1,1,1,48,2,1,0
5,66,5,2008,4,7,1,2,2,1,2,4,1,1,2,3,2,2,14,2,1,1,40,2,2,1
6,66,4,2008,2,1,1,2,2,1,1,1,1,1,1,2,1,2,5,6,1,7,33,1,2,3
6,66,5,2008,2,3,1,2,2,1,1,4,1,1,1,2,1,2,4,6,1,7,30,2,2,0
8,66,8,2008,2,1,1,2,1,1,1,3,1,2,2,4,3,2,11,6,1,7,33,2,2,0
1,66,4,2008,2,1,1,2,2,1,1,4,1,1,1,2,1,1,5,1,1,3,40,2,2,1
2,66,9,2008,3,1,1,2,2,1,1,1,1,1,1,3,1,1,14,6,1,1,33,2,2,0
2,66,3,2008,3,1,1,2,2,1,1,2,1,1,1,1,1,2,8,6,1,1,30,2,2,0
2,66,3,2008,3,1,1,2,2,1,1,5,1,1,1,2,1,2,11,6,2,3,45,2,2,0
4,66,8,2008,2,1,1,2,2,1,1,4,1,1,1,4,1,2,11,1,2,1,33,2,2,0
5,66,9,2008,2,7,1,2,2,1,1,1,1,1,1,2,1,2,4,6,1,2,45,2,2,0
6,63,10,2008,1,1,8,2,2,1,4,1,1,1,1,1,1,2,14,6,1,1,28,2,2,0
2,59,11,2008,3,3,3,2,2,1,1,1,1,2,2,3,1,2,17,2,1,2,33,1,0,0
2,59,12,2008,2,1,1,2,2,1,2,1,1,1,1,3,1,1,1,6,1,1,33,2,2,0
2,59,11,2008,3,4,1,1,1,1,1,2,1,3,1,5,1,2,6,6,1,1,33,2,2,0
2,59,11,2008,4,3,1,1,1,1,2,1,1,1,1,2,1,2,10,6,1,1,33,2,2,0
1,61,4,2008,1,3,4,2,1,1,4,1,1,1,1,1,1,1,19,6,1,1,33,2,2,0
2,61,4,2008,4,1,1,2,2,1,2,1,1,1,1,1,1,1,19,6,1,1,33,2,2,0
2,61,4,2008,3,1,1,2,2,1,1,1,1,1,1,1,1,2,9,4,2,1,33,2,2,0
3,48,1,2008,2,2,1,2,2,1,1,1,1,1,1,3,1,2,17,11,1,1,22,2,2,0
3,48,1,2008,3,1,1,2,2,1,1,1,1,1,1,2,1,2,17,11,1,1,40,2,2,0
6,48,1,2008,2,1,1,2,2,1,1,1,1,1,1,3,1,2,9,6,1,1,18,2,2,0
2,48,1,2008,2,1,1,2,2,1,1,1,1,1,1,3,1,2,7,11,1,1,33,2,2,0
1,48,1,2008,4,1,1,2,2,1,4,1,1,1,1,1,1,2,13,1,1,1,33,2,2,0
1,50,1,2008,3,1,1,2,2,1,1,1,1,1,1,1,1,2,9,6,1,1,33,2,2,0
10,50,1,2008,1,1,1,1,2,4,3,1,1,1,1,1,1,2,19,6,1,7,33,2,2,0
10,50,1,2008,2,7,1,2,2,1,1,1,1,1,1,1,1,2,19,6,1,7,33,2,2,0
12,50,1,2008,3,1,3,2,2,1,1,1,1,1,1,1,1,2,10,6,1,1,33,2,2,0
12,50,1,2008,2,1,1,1,1,1,1,1,1,1,1,1,1,2,14,6,1,1,33,2,2,0
12,50,1,2008,4,1,1,2,2,1,3,1,1,1,1,2,1,2,12,6,1,1,33,2,2,1
12,50,1,2008,1,1,1,2,2,1,3,1,1,1,1,1,1,2,9,6,1,1,33,2,2,0
2,50,1,2008,3,1,1,1,2,1,1,1,1,1,1,1,1,2,9,6,1,1,40,2,2,0
6,50,1,2008,3,1,1,2,2,1,1,1,1,1,1,3,1,2,14,6,1,1,40,2,2,0
5,50,1,2008,3,2,1,2,2,1,1,1,1,1,1,1,1,2,9,9,1,1,33,2,2,1
5,50,1,2008,3,2,1,2,2,1,1,1,1,1,1,3,1,2,8,6,1,1,48,2,2,0
8,50,1,2008,2,1,1,2,1,1,1,1,1,1,1,4,1,2,4,6,1,1,25,2,2,0
8,50,1,2008,2,2,1,2,2,1,1,1,1,1,1,4,1,2,9,11,1,1,33,2,2,0
6,40,1,2008,2,1,1,2,2,1,1,1,1,1,1,1,1,2,9,5,1,1,33,2,2,1
7,51,2,2008,4,1,1,2,2,1,3,1,1,1,1,3,1,2,9,6,1,1,33,2,2,3
1,43,2,2008,3,1,1,2,2,1,1,3,1,1,1,3,2,2,10,6,1,1,33,2,2,1
8,51,1,2008,2,1,1,2,2,1,1,1,1,1,1,2,1,2,9,6,1,1,33,2,2,0
8,51,1,2008,3,1,1,2,2,1,1,1,1,1,1,2,1,2,10,6,1,2,33,1,0,0
8,51,1,2008,2,1,1,2,2,1,1,3,1,1,2,3,1,1,6,6,1,1,33,2,2,0
7,38,1,2008,3,1,1,2,2,1,1,1,1,1,1,1,1,2,9,2,1,1,40,2,2,0
3,38,1,2008,1,1,1,2,2,1,2,1,1,1,1,1,1,2,14,6,1,1,33,2,2,3
1,39,1,2008,3,1,1,2,2,1,1,1,1,1,1,2,1,2,9,6,1,1,37,2,2,0
1,39,1,2008,3,3,1,2,2,1,1,1,1,1,1,1,1,2,9,6,1,1,37,2,2,1
1,39,1,2008,3,1,1,2,2,1,1,1,1,1,1,3,1,2,4,6,1,1,25,2,2,0
1,39,1,2008,1,1,1,2,2,1,4,1,1,1,1,1,1,2,10,6,1,2,33,2,2,1
3,39,1,2008,3,7,1,2,2,2,1,2,1,1,1,1,1,2,9,6,1,1,33,2,2,3
3,39,1,2008,2,1,1,2,2,1,1,1,1,1,1,1,1,1,7,4,1,1,33,2,2,0
4,39,1,2008,3,1,1,2,2,1,1,1,1,1,1,3,1,2,9,6,1,1,33,2,2,0
4,49,1,2008,2,1,1,2,2,4,2,1,1,1,1,3,1,2,9,6,1,1,33,2,2,0
3,44,1,2008,3,1,1,2,2,1,1,1,1,1,1,3,1,2,8,6,1,7,33,2,2,0
3,44,1,2008,3,2,3,2,1,1,1,1,1,1,1,1,1,2,9,6,1,1,33,2,2,0
6,44,1,2008,4,1,8,2,1,1,3,1,1,1,1,1,1,1,12,6,1,1,33,2,2,0
6,44,1,2008,2,1,1,2,2,1,1,1,1,1,1,3,1,1,8,6,1,1,32,2,2,0
6,44,1,2008,4,1,1,2,1,1,3,1,1,1,1,1,1,1,12,6,1,1,22,2,2,0
6,44,1,2008,4,3,1,1,1,1,3,1,1,1,1,1,1,1,9,5,1,1,30,2,2,0
6,44,1,2008,3,1,1,2,1,1,1,1,1,1,1,1,1,1,10,6,1,2,33,1,0,0
2,44,1,2008,3,1,1,2,2,1,1,1,1,1,1,1,1,2,14,6,1,1,35,2,2,0
5,44,1,2008,3,1,1,2,2,1,1,1,1,1,2,1,1,2,9,6,1,1,33,2,2,0
1,45,1,2008,2,7,1,2,1,2,1,5,2,1,1,1,5,1,9,11,1,1,33,2,2,0
1,45,1,2008,3,1,1,2,1,1,1,1,1,1,1,1,5,1,9,8,1,1,33,2,2,0
6,45,1,2008,3,1,1,2,2,1,1,1,2,1,1,1,1,2,9,6,1,7,33,2,2,0
6,45,1,2008,3,1,1,2,2,1,1,1,1,1,1,4,1,2,19,6,1,6,30,2,2,0
1,46,1,2008,4,1,1,2,2,1,3,1,1,1,1,1,1,1,9,6,1,1,33,2,2,0
2,46,1,2008,4,1,1,2,2,1,4,1,1,2,2,4,1,2,9,1,1,1,33,2,2,0
2,46,1,2008,3,1,1,2,2,1,1,1,1,1,1,1,1,2,9,1,1,1,33,2,2,0
2,46,1,2008,1,5,1,2,2,1,3,1,1,1,1,1,1,1,15,11,1,1,33,2,2,0
5,46,1,2008,2,1,1,2,2,1,1,1,1,1,1,4,1,2,19,6,1,7,33,2,2,0
5,46,1,2008,3,1,1,2,2,1,1,1,1,1,1,1,1,2,14,11,1,1,33,2,2,0
1,35,1,2008,2,1,1,2,2,1,1,1,1,1,1,2,1,2,9,11,1,1,33,2,2,2
1,47,1,2008,1,3,1,2,2,1,1,1,1,1,1,1,1,2,9,5,1,1,33,2,2,0
1,47,1,2008,1,1,1,2,2,1,4,1,1,1,1,1,1,2,10,6,1,2,33,1,0,0
4,47,1,2008,3,1,1,2,2,2,1,1,2,1,2,4,1,2,8,6,2,1,33,2,2,0
9,47,1,2008,4,7,1,2,2,1,4,1,1,1,1,1,1,2,9,6,1,3,37,2,2,0
7,47,1,2008,2,1,1,2,1,1,1,1,1,1,1,1,1,1,9,6,1,1,33,2,2,0
12,47,1,2008,1,7,3,2,2,4,3,1,5,1,1,1,2,2,10,6,1,2,33,1,0,0
8,47,1,2008,2,1,1,2,2,1,1,1,1,1,1,1,1,2,14,6,1,1,33,2,2,0
7,47,1,2008,3,2,3,2,2,1,1,1,1,1,1,4,1,2,6,7,1,1,33,2,2,0
8,52,1,2008,3,2,1,2,2,1,1,1,1,1,1,4,1,1,19,11,1,1,30,2,2,0
1,52,1,2008,2,2,4,2,2,1,1,1,1,1,1,1,1,1,8,7,1,7,38,2,2,0
5,41,1,2008,4,1,1,2,2,1,4,1,1,1,1,1,1,1,14,6,1,1,33,2,2,0
1,41,1,2008,1,1,1,2,2,1,1,1,1,1,1,1,1,2,10,6,1,2,33,1,0,0
2,45,2,2008,1,1,1,2,2,4,2,1,1,1,1,1,4,2,9,6,1,1,33,2,2,0
6,45,2,2008,1,1,1,2,2,1,4,1,1,1,1,1,5,2,12,6,1,1,33,2,2,0
6,45,2,2008,3,1,1,2,2,1,4,1,1,1,1,1,5,1,12,6,1,1,33,2,2,0
6,45,2,2008,3,1,1,2,2,1,1,1,1,1,1,1,1,2,9,6,1,1,33,2,2,1
6,45,2,2008,3,1,1,2,2,1,1,1,1,1,1,1,1,2,9,5,1,1,33,2,2,0
1,45,2,2008,1,1,1,2,2,1,4,1,1,1,1,1,1,1,9,6,1,7,33,2,2,0
1,45,2,2008,3,1,1,2,2,1,1,1,1,1,1,1,1,1,9,6,1,1,33,2,2,1
7,41,1,2008,2,3,2,2,2,1,1,1,1,1,1,3,1,1,9,6,1,1,33,2,2,0
7,41,1,2008,3,1,1,2,2,1,1,1,1,1,1,3,2,2,9,4,1,1,33,2,2,0
7,41,1,2008,2,1,1,1,1,4,2,1,1,1,1,1,1,1,9,6,1,1,33,2,2,0
7,41,1,2008,2,1,3,2,2,1,1,1,1,1,1,2,1,2,14,6,1,1,33,2,2,0
7,41,1,2008,2,1,1,2,1,1,2,2,5,1,1,2,1,2,10,6,1,2,33,1,0,0
7,41,1,2008,1,1,1,2,2,1,4,1,1,1,1,1,1,1,10,6,1,2,33,1,0,0
6,43,1,2008,3,1,1,2,2,1,1,1,1,1,1,1,1,1,9,6,1,1,33,2,2,0
6,41,1,2008,2,1,1,2,2,1,1,1,1,1,1,1,1,2,10,6,1,2,33,1,0,0
1,46,2,2008,3,1,2,1,1,1,1,1,1,1,1,1,1,2,9,6,1,1,33,2,2,0
1,46,1,2008,2,1,1,2,2,1,1,1,1,1,1,3,1,2,14,11,1,1,33,2,2,1
1,46,2,2008,2,1,1,2,2,1,1,1,1,1,1,1,1,1,9,6,1,1,32,2,2,0
1,46,2,2008,2,1,1,2,2,1,1,2,1,1,1,1,1,2,8,11,1,1,33,2,2,3
3,35,2,2008,2,1,1,2,2,1,1,1,1,1,1,4,1,2,19,6,1,1,16,2,2,0
1,48,2,2008,3,1,1,2,2,1,1,1,1,1,1,1,1,2,7,6,1,1,33,2,2,0
1,48,2,2008,3,1,1,2,2,1,1,1,1,1,1,2,1,2,8,6,1,1,33,2,2,0
5,41,2,2008,4,1,1,2,2,1,3,1,1,1,1,1,1,2,14,6,1,1,30,2,2,0
3,41,2,2008,2,1,1,2,2,1,1,1,1,1,1,1,1,1,9,6,1,1,35,2,2,0
4,41,2,2008,2,1,1,2,2,1,1,1,1,1,1,3,5,2,14,6,1,1,33,2,2,0
7,41,2,2008,4,1,1,2,2,1,4,1,1,1,1,1,1,1,9,6,1,1,33,2,2,0
7,41,2,2008,3,1,1,2,2,1,1,1,1,1,1,1,1,1,9,6,1,1,33,2,2,0
7,41,2,2008,1,2,3,2,2,1,1,1,1,1,1,1,1,1,7,6,1,1,38,2,2,0
7,41,2,2008,3,1,1,2,2,1,1,1,1,1,1,1,1,2,9,6,1,1,33,2,2,3
7,41,2,2008,1,1,1,2,2,1,2,1,1,1,1,1,1,2,9,6,1,1,33,2,2,0
7,41,2,2008,4,7,3,2,2,1,1,1,1,1,1,1,1,1,9,6,1,1,33,2,2,0
7,41,2,2008,4,7,3,2,2,1,3,1,1,1,1,1,1,1,9,6,1,1,38,2,2,0
6,41,2,2008,4,1,1,2,2,1,3,1,1,1,1,1,1,1,9,6,1,1,33,2,2,0
6,41,2,2008,4,1,1,2,2,1,3,1,1,1,1,1,1,1,9,6,1,1,33,2,2,0
12,50,2,2008,3,1,1,2,2,1,1,1,1,1,1,1,1,2,14,6,1,1,33,2,2,0
2,50,2,2008,4,1,1,1,2,1,4,1,1,1,1,1,1,2,13,6,1,1,29,2,2,0
2,50,2,2008,1,1,1,2,2,1,2,1,1,1,1,1,1,2,14,6,1,1,33,2,2,0
2,50,2,2008,3,1,1,2,2,1,1,1,1,1,1,1,1,2,14,6,1,1,33,2,2,0
11,50,2,2008,3,1,1,2,2,1,1,1,1,3,1,4,1,2,17,6,1,1,45,2,2,3
1,52,2,2008,3,1,1,2,2,1,1,1,1,1,1,2,1,1,8,6,1,7,36,2,2,0
9,52,2,2008,2,1,1,2,2,1,2,1,1,1,1,4,1,2,4,6,1,1,33,2,2,0
3,52,2,2008,3,1,1,2,2,1,1,1,1,1,1,2,1,2,8,6,1,1,38,2,2,0
1,38,2,2008,3,1,1,1,2,1,1,1,1,1,1,5,1,1,4,6,1,1,27,2,2,0
6,38,2,2008,3,1,1,2,2,1,1,1,1,1,1,1,1,1,9,6,1,1,35,2,2,1
3,38,2,2008,4,2,1,2,2,1,3,1,1,1,1,1,1,2,7,6,1,1,33,2,2,0
4,38,2,2008,3,1,1,2,2,1,1,1,1,1,1,3,1,2,14,6,1,1,33,2,2,0
3,39,2,2008,3,1,1,2,2,1,1,1,1,1,1,1,1,2,9,6,1,1,33,2,2,0
3,39,2,2008,3,1,1,2,2,1,1,2,1,1,1,1,1,2,9,6,1,1,33,2,2,0
3,39,2,2008,3,1,1,2,2,1,1,1,1,1,1,1,1,2,9,6,1,1,33,2,2,1
3,39,2,2008,3,1,1,2,2,1,1,2,1,1,1,1,1,2,14,6,1,1,33,2,2,2
1,47,2,2008,3,2,8,2,2,1,1,1,1,1,1,1,1,2,9,5,1,1,33,2,2,0
13,47,2,2008,1,1,1,2,2,1,2,2,1,1,1,3,1,2,9,6,1,1,33,2,2,3
9,47,2,2008,3,1,1,2,2,1,1,1,1,1,1,1,1,2,12,5,1,1,33,2,2,0
9,47,2,2008,2,1,1,2,2,1,2,1,1,1,1,1,1,2,9,6,1,1,33,2,2,0
13,47,2,2008,2,7,1,2,2,1,1,1,1,1,1,3,1,2,9,6,1,3,33,2,2,3
13,47,2,2008,2,1,1,1,2,4,2,1,3,2,2,4,1,2,14,11,2,1,33,2,2,0
6,44,2,2008,2,1,1,2,2,1,2,1,1,1,1,1,1,1,9,6,1,1,33,2,2,0
6,44,2,2008,4,1,1,2,2,1,3,1,1,1,1,2,1,2,9,11,1,1,42,2,2,1
4,44,2,2008,3,7,1,2,2,1,1,1,1,1,1,2,1,2,14,6,1,1,35,2,2,1
7,44,2,2008,3,1,1,2,2,1,1,1,1,1,1,1,1,2,14,6,1,1,32,2,2,0
7,44,2,2008,3,4,1,2,2,1,1,1,1,1,1,1,1,2,9,6,1,1,33,2,2,0
7,44,2,2008,2,4,1,2,2,1,2,1,1,1,1,1,1,1,9,6,1,1,33,2,2,0
5,44,2,2008,3,1,1,2,2,1,1,1,1,1,1,1,1,2,9,6,1,1,33,2,2,0
3,40,3,2008,1,2,1,2,2,1,4,1,1,1,1,1,1,2,14,6,1,1,24,2,2,1
1,46,3,2008,3,1,1,2,2,1,1,1,1,1,1,1,1,2,10,6,1,2,33,1,0,0
1,46,3,2008,2,1,1,2,2,1,1,1,1,1,1,1,1,2,9,6,1,1,37,2,2,0
1,46,3,2008,3,1,1,2,2,1,1,1,1,1,1,1,1,2,14,6,1,1,33,2,2,0
1,46,3,2008,3,3,1,2,2,1,1,1,1,1,1,1,1,2,9,6,1,1,33,2,2,0
1,46,3,2008,2,1,1,2,2,1,1,1,1,1,1,1,1,2,14,6,1,1,40,2,2,0
1,46,3,2008,2,1,1,2,2,1,1,1,1,1,1,3,1,1,9,6,1,1,33,2,2,0
1,46,3,2008,4,1,1,2,2,1,2,1,1,1,1,1,1,2,14,6,1,1,33,2,2,0
2,46,3,2008,1,1,1,2,2,1,2,1,1,1,1,1,1,1,19,1,1,7,33,1,2,0
2,46,3,2008,1,7,1,2,2,1,1,1,1,1,1,1,1,1,19,11,1,1,33,2,2,0
1,40,3,2008,3,1,1,2,2,1,1,1,1,1,1,1,1,2,8,6,1,1,33,2,2,0
5,40,3,2008,3,3,1,2,2,1,1,1,1,1,1,1,1,2,14,6,1,1,24,2,2,0
6,40,3,2008,1,3,1,2,2,1,4,1,1,1,1,1,1,2,14,6,1,1,33,2,2,0
6,40,3,2008,4,2,1,2,2,1,4,1,1,1,1,1,1,2,14,6,1,1,33,2,2,1
4,47,3,2008,2,1,1,2,2,1,1,2,1,1,1,1,1,2,13,6,1,1,33,1,2,0
12,47,3,2008,2,1,1,2,2,1,1,1,1,1,1,1,1,2,14,6,1,1,30,2,2,0
12,47,3,2008,1,1,1,2,2,1,4,1,1,1,1,1,1,2,10,6,1,2,33,1,0,0
12,47,3,2008,1,1,1,1,2,1,2,1,1,1,1,1,2,2,14,6,1,1,33,2,2,0
1,47,3,2008,2,3,1,2,2,1,1,1,1,1,1,4,1,2,10,6,1,2,33,1,0,0
9,47,3,2008,1,1,1,2,2,1,3,1,1,1,1,1,1,2,9,4,2,1,33,2,2,0
9,47,3,2008,4,1,1,2,2,1,4,1,1,1,1,1,1,2,10,6,1,2,33,1,0,0
8,47,3,2008,3,4,1,2,2,1,1,1,1,1,1,3,1,2,9,9,1,1,33,2,2,1
1,47,3,2008,2,7,1,2,2,1,1,1,1,1,1,3,1,2,10,6,1,2,33,1,0,0
1,43,3,2008,2,1,1,2,2,1,1,1,1,1,1,4,1,2,7,9,1,1,28,2,2,1
5,43,3,2008,3,1,1,2,2,1,1,1,1,1,1,1,1,1,6,6,1,1,33,2,2,0
5,41,3,2008,1,7,3,2,1,1,4,1,1,1,1,1,1,2,9,6,2,7,33,2,2,0
5,41,3,2008,1,7,1,2,1,1,2,1,1,1,1,1,1,2,10,6,1,2,33,1,0,0
5,41,3,2008,1,3,1,1,1,1,4,1,1,1,1,1,1,1,13,6,1,1,33,2,2,0
5,41,3,2008,2,1,1,2,2,1,1,1,1,2,2,4,1,1,13,8,1,1,33,1,2,0
7,41,3,2008,1,3,1,2,2,1,3,1,1,1,1,2,1,2,14,6,1,1,33,2,2,0
6,41,3,2008,3,1,1,2,2,1,1,1,1,1,1,1,1,2,14,6,1,1,33,2,2,0
6,41,3,2008,3,1,1,2,2,1,1,1,1,1,1,1,1,2,10,6,1,1,33,2,2,0
6,41,3,2008,4,1,1,2,2,1,1,1,1,1,3,1,1,2,14,6,1,1,33,2,2,1
6,41,3,2008,3,1,2,1,2,1,1,1,1,1,1,1,1,2,10,6,1,2,33,1,0,0
3,45,3,2008,2,1,1,2,2,1,1,1,1,1,1,3,1,2,8,6,1,1,33,2,2,0
6,45,3,2008,1,1,1,2,2,1,2,1,1,1,1,1,1,2,14,6,1,1,33,2,2,0
4,45,3,2008,2,7,1,2,2,1,1,1,1,1,1,3,1,2,9,6,1,1,33,2,2,1
6,45,3,2008,2,1,1,2,2,1,1,1,1,1,1,3,1,2,9,6,1,1,33,2,2,3
10,50,3,2008,1,1,1,2,2,1,4,3,1,1,2,3,1,1,19,6,1,1,33,2,2,0
12,50,3,2008,3,1,1,1,2,1,1,1,1,1,1,1,1,2,9,6,1,1,35,2,2,1
12,50,3,2008,2,1,1,2,2,1,1,1,1,1,1,1,1,2,14,6,1,1,40,2,2,0
12,50,3,2008,3,1,1,2,2,1,1,1,1,1,1,1,1,2,14,6,1,1,37,2,2,0
2,50,3,2008,2,1,1,2,2,1,2,1,1,1,1,1,1,2,7,6,1,1,34,2,2,0
2,50,3,2008,2,1,1,1,2,1,1,1,1,1,1,1,1,2,14,6,1,1,42,2,2,0
2,50,3,2008,4,1,1,2,2,1,1,1,1,1,1,1,1,1,19,6,1,7,33,2,2,0
6,50,3,2008,3,1,1,2,2,1,1,3,1,1,2,3,1,1,13,11,1,1,31,2,2,0
8,50,3,2008,3,1,2,1,2,1,1,1,1,2,1,4,1,2,4,6,1,1,33,2,2,1
3,38,3,2008,1,1,1,2,2,1,4,1,1,1,1,1,1,2,9,6,1,1,33,2,2,0
3,38,3,2008,2,1,1,2,2,1,1,1,1,1,1,3,1,2,9,6,1,1,33,2,2,0
1,38,3,2008,2,1,1,2,2,1,1,2,1,1,1,1,1,1,9,5,1,1,40,2,2,1
4,38,3,2008,2,1,1,2,2,1,1,1,1,1,3,3,1,2,9,6,1,1,28,2,2,0
1,38,3,2008,3,1,1,2,2,1,1,1,1,1,1,1,1,2,9,5,1,1,33,2,2,0
4,39,3,2008,2,7,1,1,2,1,1,1,1,1,1,2,1,1,19,6,1,1,19,2,2,0
4,39,3,2008,2,1,1,2,2,1,1,1,1,1,1,2,1,2,8,6,1,1,33,2,2,1
2,39,3,2008,2,1,1,2,2,1,1,1,1,1,1,4,4,2,4,6,1,1,18,2,2,0
3,50,3,2008,3,1,1,2,2,1,1,1,1,1,1,3,1,2,14,6,1,1,33,2,2,1
2,48,3,2008,4,1,1,2,2,1,4,1,1,1,1,3,1,2,9,6,1,1,33,2,2,1
1,35,3,2008,2,1,1,2,2,1,1,1,1,1,1,3,1,1,9,5,1,1,32,2,2,3
1,35,3,2008,3,1,1,2,2,1,1,1,1,1,1,1,1,2,9,1,1,1,55,2,2,0
3,35,3,2008,2,1,1,2,2,1,1,1,1,1,1,3,1,2,4,6,1,1,33,2,2,0
5,37,3,2008,3,1,1,2,2,1,1,2,1,1,1,3,1,2,9,1,1,1,25,2,2,1
7,37,3,2008,1,1,1,2,2,1,2,1,1,1,1,4,1,2,14,6,1,1,40,2,2,0
4,44,4,2008,2,1,1,2,2,1,1,1,1,1,1,3,1,1,12,6,1,1,33,2,2,0
4,44,4,2008,1,1,1,2,2,1,1,1,1,1,1,2,1,2,12,6,1,7,40,2,2,0
4,44,4,2008,1,1,1,2,2,1,1,2,1,1,1,3,1,1,10,6,1,2,33,1,0,0
6,44,4,2008,2,1,1,2,2,1,3,1,1,1,1,1,1,1,10,6,1,2,33,1,0,0