Thana,District,Month,Year,Time,Junction_Type,Traffic_Control,Movement,Divider,Weather,Light,Road_Geometry,Surface_Condition,Surface_Type,Surface_Quality,Road_Class,Road_Feature,Location_Type,Vehicle_Type,Vehicle_Movement,Vehicle_Loading,Vehicle_Defect,Vehicle_Driver_Age,Vehicle_Alcohol,Vehicle_Seat_Belt,Accident_Severity
6,44,4,2008,2,1,1,2,2,1,1,3,1,2,1,2,3,2,5,11,1,1,33,2,2,0
2,44,4,2008,3,1,1,2,2,1,1,1,1,1,1,4,1,2,4,8,1,1,28,2,2,0
7,44,4,2008,1,1,1,2,2,1,1,1,1,1,1,2,1,2,10,6,1,2,33,1,0,0
7,44,4,2008,2,3,4,2,2,1,1,1,1,1,1,1,1,2,10,6,1,2,33,1,0,0
5,44,4,2008,3,1,1,2,2,1,1,1,1,1,1,4,1,2,14,6,1,1,33,2,2,1
1,48,4,2008,3,7,1,2,2,1,1,1,1,2,1,4,1,1,19,6,1,1,33,2,2,1
3,46,4,2008,2,1,1,2,2,1,4,1,1,1,1,3,1,2,10,6,1,2,33,1,0,1
5,43,4,2008,5,1,1,2,2,1,2,1,1,1,1,1,1,2,10,6,1,2,33,1,0,0
2,43,4,2008,4,3,8,2,2,1,2,4,1,1,1,3,1,2,12,2,1,1,27,2,2,1
2,43,4,2008,4,1,1,2,2,1,4,3,1,1,1,1,1,2,10,6,1,2,33,1,0,0
2,43,4,2008,3,1,1,2,2,1,1,1,1,1,1,1,1,1,9,11,1,7,33,2,2,0
2,45,4,2008,3,1,1,2,2,1,1,1,1,1,1,3,1,2,8,6,1,1,33,2,2,0
2,45,4,2008,3,1,1,2,2,1,1,1,1,1,1,3,1,2,10,6,1,2,33,1,0,3
6,40,4,2008,2,3,1,2,2,1,1,1,1,1,1,1,1,1,9,6,1,1,33,2,2,0
5,41,4,2008,1,1,2,2,2,1,4,1,1,1,1,1,1,1,10,6,1,2,33,1,0,0
3,41,4,2008,4,1,1,2,2,1,3,2,1,1,1,3,1,2,11,2,1,1,33,2,2,0
3,41,4,2008,2,1,1,2,2,1,1,1,1,1,1,1,1,2,4,6,1,1,33,2,2,0
2,41,4,2008,3,7,1,2,2,1,1,1,1,1,1,4,1,2,10,6,1,2,33,1,0,0
7,41,4,2008,3,1,1,2,2,1,1,1,1,1,1,1,1,2,19,11,1,1,33,2,2,2
7,41,4,2008,3,3,1,2,2,1,1,1,1,1,1,2,1,2,10,6,1,2,33,1,0,0
7,41,4,2008,4,3,1,2,2,1,4,4,1,1,1,3,1,2,14,2,1,1,33,2,2,0
6,41,4,2008,4,1,1,2,2,1,2,1,1,1,1,1,1,2,9,6,1,1,33,2,2,0
6,41,4,2008,4,1,1,2,2,1,4,1,1,1,1,1,1,2,14,6,1,1,33,2,2,0
6,41,4,2008,3,1,1,2,2,1,1,1,1,1,1,3,1,2,19,6,1,1,33,2,2,1
13,50,3,2008,3,1,1,2,2,1,1,1,1,1,1,2,1,2,9,6,1,1,30,2,2,1
2,49,3,2008,3,1,1,1,2,1,1,1,1,3,2,4,1,2,19,8,1,1,40,2,2,0
3,38,3,2008,2,1,1,2,2,1,1,1,1,1,1,1,1,2,14,3,1,1,33,2,2,1
8,50,3,2008,2,1,1,1,2,1,1,1,1,1,1,4,1,2,14,6,1,1,33,2,2,0
1,44,3,2008,3,1,1,2,2,1,1,1,1,1,1,5,1,2,14,6,1,1,42,2,2,1
1,44,3,2008,3,1,2,1,2,1,1,1,1,1,1,3,1,2,14,6,1,1,33,2,2,0
1,44,3,2008,2,1,4,2,2,1,1,1,1,1,1,5,1,1,9,6,1,1,31,2,2,2
4,44,2,2008,4,1,1,2,2,1,3,1,1,1,1,2,1,2,9,6,1,1,33,2,2,1
6,44,3,2008,4,1,4,2,2,1,4,1,1,1,1,1,1,1,19,6,1,7,33,2,2,0
6,44,3,2008,3,1,1,2,2,1,1,1,1,1,1,2,1,1,7,6,1,1,33,2,2,0
7,44,3,2008,2,7,4,2,2,1,1,4,1,1,1,1,1,1,9,1,1,1,33,2,2,0
5,44,3,2008,2,1,1,2,2,1,1,1,1,1,1,1,1,2,14,6,1,7,33,2,2,0
5,44,3,2008,1,1,1,2,2,1,4,1,1,1,1,1,1,2,9,6,2,7,33,2,2,0
1,48,4,2008,1,2,1,2,2,1,1,1,1,1,1,1,2,1,14,6,1,1,33,2,2,0
1,48,4,2008,1,4,1,2,2,1,1,1,1,1,1,3,1,2,19,6,1,1,33,2,2,1
2,48,4,2008,1,1,1,2,2,1,2,1,1,1,3,3,2,1,14,6,1,1,33,2,2,0
1,48,4,2008,2,1,3,2,1,1,1,2,1,1,1,5,1,1,10,6,1,2,33,1,0,0
1,50,4,2008,2,1,1,2,2,1,1,2,1,1,1,2,1,2,10,6,1,2,33,1,0,0
12,50,4,2008,2,1,1,2,2,1,1,1,1,1,1,1,1,2,9,6,1,1,33,2,2,0
12,50,4,2008,2,1,1,1,1,1,1,1,1,1,1,4,1,2,19,11,1,1,25,2,2,0
2,50,4,2008,3,1,1,2,2,1,1,1,1,1,1,1,1,2,9,6,1,1,35,2,2,0
6,50,4,2008,2,1,1,2,2,1,1,2,1,1,1,3,1,2,12,6,1,4,33,2,2,1
7,50,4,2008,2,3,1,2,2,1,1,3,1,3,2,4,4,2,14,6,1,1,35,2,2,0
6,52,4,2008,1,1,1,2,1,1,4,1,1,1,1,2,1,2,10,6,1,2,33,1,0,0
1,35,4,2008,3,1,1,2,2,1,1,1,1,1,1,2,1,2,9,11,1,7,33,2,2,0
4,39,4,2008,2,7,1,1,2,1,1,1,1,1,1,2,1,2,10,6,1,1,33,2,2,0
1,39,4,2008,3,2,8,2,2,1,1,1,1,1,1,2,1,2,14,6,1,1,43,2,2,0
2,39,4,2008,2,1,1,2,2,1,1,1,1,1,1,4,1,2,6,6,1,1,20,2,2,0
1,38,4,2008,2,1,1,2,2,1,1,1,1,1,1,5,1,1,14,6,2,1,33,2,2,0
3,38,4,2008,4,1,1,2,1,1,4,1,1,1,1,1,1,2,7,6,1,1,33,2,2,0
8,47,4,2008,4,2,7,2,2,1,2,1,1,1,1,1,1,2,9,6,1,1,35,2,2,0
5,47,4,2008,1,1,5,2,1,4,4,1,1,1,1,1,2,2,8,6,1,1,33,2,2,3
13,47,4,2008,3,1,1,1,2,1,1,1,1,1,1,3,1,2,9,6,1,1,33,2,2,3
7,47,4,2008,3,2,3,2,2,1,1,1,1,1,1,3,1,2,10,6,1,2,33,1,0,0
7,47,4,2008,1,2,1,2,2,1,4,1,1,1,1,1,1,1,14,6,1,1,33,2,2,1
1,47,4,2008,2,1,1,2,2,1,1,1,1,1,1,3,1,2,14,6,1,2,33,2,2,0
7,51,4,2008,3,7,1,2,2,1,1,1,1,1,1,3,1,2,2,6,1,1,33,2,2,0
8,51,4,2008,2,1,1,2,2,1,1,1,1,1,1,3,1,2,17,5,1,1,20,2,2,0
4,51,3,2008,3,4,3,2,2,1,1,1,5,1,2,2,3,2,17,4,1,1,35,2,2,0
4,51,4,2008,3,4,8,2,2,1,1,1,1,1,2,1,3,2,8,2,1,1,33,2,2,0
4,37,4,2008,1,1,1,2,1,4,1,1,1,1,3,4,4,2,14,6,1,1,33,2,2,0
6,37,4,2008,2,1,1,2,2,1,1,1,1,1,1,4,1,2,5,6,1,1,33,2,2,0
7,51,4,2008,2,1,1,2,2,1,1,2,1,1,1,5,1,2,17,6,1,1,33,2,2,1
3,51,5,2008,3,1,1,2,2,1,1,1,1,1,1,4,1,2,4,6,1,1,35,2,2,0
9,51,5,2008,2,1,3,2,2,1,1,1,1,1,1,2,1,2,9,6,1,1,33,2,2,0
4,51,5,2008,3,1,1,2,2,1,1,1,1,1,1,2,1,1,11,1,1,1,33,2,2,1
4,51,5,2008,2,1,1,2,2,1,1,2,1,1,1,1,1,1,14,6,1,3,33,2,2,0
8,51,5,2008,3,1,1,2,1,1,1,1,1,1,1,2,1,2,9,5,1,1,30,2,2,0
8,51,5,2008,2,1,8,2,2,1,1,1,1,1,1,3,1,2,9,6,1,1,33,1,2,1
7,40,5,2008,2,1,1,2,2,1,1,1,1,1,1,3,1,2,8,3,1,1,33,2,2,0
1,40,5,2008,2,1,1,2,1,1,1,2,1,1,1,1,1,2,9,2,1,1,35,2,2,0
6,40,5,2008,3,2,1,2,2,1,1,1,1,1,1,1,1,2,9,6,1,1,33,2,2,0
6,40,5,2008,2,1,1,2,2,1,1,1,1,1,1,1,1,2,9,6,1,1,33,2,2,0
12,47,5,2008,1,1,1,2,2,1,2,1,1,1,1,1,1,2,19,6,1,7,33,2,2,0
12,47,5,2008,1,1,1,2,2,1,2,1,1,1,1,1,1,2,12,6,1,1,33,2,2,0
1,47,5,2008,1,1,1,2,2,1,2,1,1,1,1,1,1,2,14,6,1,1,34,2,2,0
9,47,5,2008,2,1,1,2,2,1,2,1,1,1,1,1,1,2,7,1,1,1,33,2,2,1
7,47,5,2008,2,1,1,2,2,1,2,2,1,1,1,3,1,2,6,2,1,1,35,2,2,1
5,47,4,2008,2,1,1,2,2,1,1,1,1,1,1,3,1,2,19,6,1,7,33,2,2,1
9,47,5,2008,3,1,1,2,2,1,1,1,1,1,1,1,1,2,19,6,1,7,33,2,2,0
3,39,5,2008,3,1,1,2,2,1,1,1,1,1,1,1,1,2,14,7,1,1,33,2,2,0
3,39,5,2008,4,1,1,2,2,1,2,1,1,1,1,1,1,2,10,6,1,2,33,1,0,0
2,39,5,2008,4,1,1,2,2,1,2,2,1,1,1,3,1,2,6,6,1,1,33,2,2,0
8,52,5,2008,3,1,1,1,2,1,1,4,1,2,3,3,4,2,14,1,1,1,33,2,2,0
4,52,5,2008,1,1,1,2,2,2,2,1,2,1,1,3,3,2,14,6,1,1,28,2,2,0
10,52,5,2008,4,1,3,1,1,1,2,1,1,1,1,2,1,2,14,6,1,1,24,2,2,3
5,49,5,2008,3,1,1,2,2,1,1,1,1,1,1,3,1,2,10,6,1,1,33,2,2,0
1,49,5,2008,2,3,1,2,2,1,1,1,1,1,1,3,1,2,19,6,1,1,20,2,2,0
1,50,5,2008,1,7,1,2,2,1,4,1,1,1,1,1,1,2,14,6,1,1,25,2,2,0
4,50,5,2008,3,1,1,2,2,1,1,1,1,1,1,4,1,2,4,6,2,7,33,2,2,0
12,50,5,2008,1,1,1,2,2,1,4,1,1,1,1,1,1,2,14,11,1,1,33,2,2,0
12,50,5,2008,3,1,1,2,2,1,1,2,1,1,1,1,1,2,9,6,1,1,33,2,2,0
12,50,5,2008,2,1,1,2,2,1,1,1,1,1,1,1,1,2,9,6,1,1,35,2,2,0
2,50,5,2008,2,1,1,1,2,1,1,1,1,1,1,1,1,2,19,6,1,7,33,2,2,0
2,50,5,2008,1,1,1,2,2,1,4,1,1,1,1,1,1,2,19,6,2,7,33,2,2,0
2,50,5,2008,3,1,1,2,2,1,1,1,1,1,1,1,1,2,9,6,2,1,33,2,2,0
2,50,5,2008,2,1,1,2,2,1,1,1,1,1,1,1,1,2,9,6,1,1,33,2,2,0
6,50,5,2008,3,1,1,1,2,1,1,1,1,1,2,3,1,2,17,6,1,1,28,2,2,0
11,50,5,2008,3,3,1,1,2,1,1,1,1,1,1,2,1,2,12,11,1,1,33,2,2,0
8,50,5,2008,4,1,8,1,2,1,2,1,1,1,1,4,1,2,7,6,1,1,33,2,2,0
3,45,5,2008,3,1,1,1,2,1,1,1,1,1,1,3,1,2,9,11,1,1,33,1,2,0
6,45,5,2008,4,3,2,2,1,4,4,1,1,1,1,1,1,2,12,1,1,2,33,2,2,0
4,45,5,2008,4,1,1,2,2,1,3,1,1,1,1,3,1,2,10,6,1,1,33,2,2,0
7,37,5,2008,4,1,1,2,2,1,2,3,1,1,1,4,1,2,4,6,1,1,33,2,2,0
5,37,5,2008,2,1,1,2,2,1,1,1,1,1,1,4,1,2,4,6,1,1,24,2,2,0
3,38,5,2008,3,1,1,2,2,1,1,1,1,1,1,1,1,2,7,6,1,1,33,2,2,0
1,38,5,2008,3,7,1,2,2,2,1,1,2,1,1,1,1,2,12,6,1,7,25,2,2,3
3,38,5,2008,2,2,1,2,1,1,1,1,1,1,1,1,1,2,7,6,1,1,33,2,2,1
7,38,5,2008,3,1,1,2,2,1,1,1,1,1,1,1,2,1,9,2,1,1,33,2,2,0
7,38,5,2008,2,1,1,2,2,1,1,1,1,1,1,4,1,2,19,6,1,1,22,2,2,0
3,38,5,2008,3,1,1,2,1,1,1,1,1,1,1,1,2,2,13,6,1,1,33,2,2,0
3,38,5,2008,2,1,1,2,2,1,1,1,1,1,1,1,1,2,7,6,1,1,33,2,2,0
6,44,5,2008,1,1,1,2,2,1,4,1,1,1,2,4,1,2,14,6,1,1,35,2,2,0
2,44,5,2008,4,1,1,2,2,1,4,1,1,1,1,1,2,1,10,6,1,2,33,1,0,0
7,44,5,2008,4,1,1,2,2,1,4,1,1,1,1,1,1,2,10,6,1,2,33,1,0,0
6,41,8,2008,1,1,1,2,2,1,4,2,1,1,1,1,1,1,10,2,1,1,22,2,2,0
6,41,8,2008,1,1,1,2,2,1,4,1,1,1,1,1,1,2,10,6,1,2,33,1,0,0
3,38,8,2008,1,1,1,2,1,1,2,1,1,1,1,1,1,2,10,6,1,2,33,1,0,0
3,38,8,2008,2,1,1,2,1,1,1,1,1,1,1,1,1,2,10,6,1,2,33,1,0,0
3,38,8,2008,2,1,1,2,1,2,1,1,2,1,1,1,1,2,9,11,1,1,33,2,2,0
6,37,8,2008,3,1,3,2,2,1,1,1,1,1,1,3,1,1,9,6,1,1,33,2,2,0
1,49,8,2008,4,1,1,2,2,2,2,1,2,1,1,1,1,2,9,6,1,1,35,2,2,0
1,50,8,2008,3,1,1,2,2,1,1,2,1,1,1,1,1,2,9,1,1,1,25,2,2,0
10,50,8,2008,3,1,1,2,2,1,1,1,1,1,1,1,1,1,14,6,1,1,20,2,2,1
3,35,8,2008,4,1,1,1,2,1,3,1,1,1,1,4,1,2,4,6,1,1,33,2,2,0
1,51,8,2008,4,1,1,1,2,1,2,1,1,1,1,5,1,1,9,6,1,1,30,2,2,0
1,51,8,2008,2,1,1,2,2,1,1,1,1,1,1,2,1,2,9,6,1,1,25,2,2,0
7,51,8,2008,2,1,1,2,2,1,1,1,1,1,3,4,1,2,9,6,1,2,33,2,2,0
6,51,8,2008,2,1,1,2,2,1,1,1,1,1,1,2,1,2,17,6,1,1,22,2,2,0
12,51,8,2008,4,1,1,2,2,1,2,1,1,1,1,2,1,2,9,6,1,1,43,2,2,0
8,51,8,2008,3,1,1,2,2,1,1,2,1,1,1,3,1,2,4,6,1,1,24,1,2,1
2,47,8,2008,1,1,1,2,2,1,4,1,1,1,1,1,1,2,7,5,1,1,30,2,2,3
2,47,8,2008,4,1,1,2,2,1,4,1,1,1,1,1,1,2,19,11,1,7,33,2,2,0
1,47,8,2008,3,1,1,2,2,1,1,1,1,1,1,1,1,2,13,6,1,1,38,2,2,0
1,47,8,2008,4,3,4,2,2,1,3,1,1,1,1,1,1,2,9,5,1,1,33,2,2,0
1,47,8,2008,2,1,1,2,2,1,1,2,1,1,1,1,1,2,10,6,1,7,33,2,2,0
3,47,8,2008,1,1,1,2,2,1,4,1,1,1,1,3,1,2,19,6,1,7,33,1,2,0
7,47,8,2008,1,1,1,2,2,1,4,1,1,1,1,1,1,2,19,6,1,7,33,2,2,0
1,47,8,2008,3,1,1,2,2,1,1,1,1,1,1,1,1,2,14,6,1,1,33,2,2,0
12,47,8,2008,2,1,1,2,2,1,1,1,1,1,1,4,1,2,14,6,1,1,33,2,2,0
12,47,8,2008,3,1,1,2,2,1,1,1,1,1,1,1,1,2,9,6,1,1,33,2,2,1
12,47,8,2008,2,1,3,2,1,1,1,1,1,1,1,1,1,2,14,6,2,1,33,2,2,0
1,45,7,2008,4,1,1,2,2,1,3,1,1,1,1,1,1,2,5,6,1,1,33,2,2,0
6,45,8,2008,1,1,1,2,2,1,4,1,1,1,1,1,1,2,10,6,1,1,33,2,2,1
3,45,8,2008,2,1,1,2,2,1,1,1,1,1,1,1,1,2,9,6,1,7,33,2,2,0
3,39,8,2008,3,1,1,2,2,1,1,1,1,1,1,1,1,2,9,6,1,1,33,2,2,0
3,39,8,2008,1,1,1,1,2,1,4,1,1,1,1,1,2,1,14,6,1,2,33,2,2,0
3,39,8,2008,1,1,1,2,2,1,4,1,1,1,1,1,1,2,14,6,1,1,40,2,2,0
3,39,8,2008,2,1,1,2,2,1,1,1,1,1,1,1,1,2,9,6,1,1,35,2,2,0
1,39,8,2008,3,2,3,2,2,1,1,1,1,1,1,1,1,2,19,6,1,1,33,2,2,0
3,44,8,2008,1,1,1,2,2,1,3,1,1,1,1,1,1,1,10,6,1,2,33,1,0,0
6,44,8,2008,4,1,3,2,1,1,3,1,1,1,1,1,1,1,13,5,1,1,40,2,2,0
6,44,8,2008,2,1,1,2,2,1,1,1,1,1,1,2,4,2,10,1,1,1,33,2,2,0
7,44,8,2008,3,1,1,2,2,1,1,1,1,2,1,1,1,2,9,6,1,1,33,2,2,0
7,44,8,2008,3,1,1,2,2,1,1,1,1,1,1,1,1,2,9,6,1,1,33,2,2,0
7,44,8,2008,1,1,1,2,1,1,2,1,1,1,1,1,1,2,16,6,1,1,25,2,2,0
7,41,8,2008,1,1,1,2,1,1,4,3,1,1,1,1,1,2,10,6,1,2,33,1,0,0
1,39,9,2008,3,7,8,2,2,1,1,1,1,1,1,2,1,2,13,6,1,1,33,2,2,0
2,48,9,2008,2,1,1,1,2,1,1,1,3,1,2,4,1,2,19,6,1,1,34,2,2,0
4,35,9,2008,3,1,1,2,2,1,1,1,1,1,1,1,1,1,9,6,1,1,33,2,2,0
2,35,9,2008,2,1,1,2,2,1,1,1,1,1,1,3,1,2,8,6,1,1,32,2,2,0
2,38,9,2008,2,1,1,1,2,1,1,1,1,1,1,4,1,2,4,6,1,1,33,2,2,0
1,38,9,2008,3,1,1,2,2,1,1,1,1,1,1,1,1,2,12,6,1,1,33,2,2,0
1,38,8,2008,3,7,8,2,2,1,1,1,1,1,1,1,1,2,8,6,1,1,33,2,2,0
3,38,9,2008,2,7,1,2,2,1,1,1,1,1,1,1,2,2,4,6,1,1,33,2,2,0
3,38,9,2008,1,1,1,2,1,1,4,1,1,1,1,1,1,2,9,6,1,1,33,2,2,0
3,38,9,2008,2,7,1,2,1,1,1,1,1,1,1,1,1,2,6,6,1,1,33,2,2,0
3,38,9,2008,2,1,1,2,1,1,1,1,1,1,1,1,1,2,9,6,1,1,33,2,2,0
7,38,9,2008,2,3,1,2,2,1,1,1,1,1,1,3,1,2,9,6,1,1,30,2,2,0
3,38,9,2008,3,1,1,2,1,1,1,1,1,1,1,1,1,2,4,6,1,1,33,2,2,0
3,38,9,2008,3,1,1,2,2,1,1,2,1,1,1,1,1,1,9,6,1,1,40,2,2,0
1,45,9,2008,4,1,1,2,2,1,4,1,1,1,1,2,1,1,14,6,1,1,33,2,2,0
1,45,9,2008,3,1,1,2,1,1,1,1,1,1,1,1,5,1,9,6,1,1,33,2,2,0
1,45,9,2008,4,1,1,2,2,1,2,1,1,1,1,1,2,1,8,6,1,1,33,2,2,0
6,45,9,2008,2,1,1,2,2,1,1,1,1,1,1,1,1,2,7,6,1,1,33,2,2,0
6,45,9,2008,2,1,1,2,2,1,1,1,1,1,1,1,1,2,10,6,1,7,33,2,2,0
6,45,9,2008,1,1,1,2,2,1,2,1,1,1,1,1,1,2,9,10,1,1,33,2,2,1
10,50,9,2008,3,2,1,2,2,1,1,1,1,1,1,4,1,2,4,6,1,1,33,2,2,0
4,50,9,2008,3,1,1,2,2,1,1,1,1,1,1,3,1,2,9,6,1,1,33,2,2,0
9,50,9,2008,3,1,1,2,1,1,1,2,1,1,1,2,1,2,9,6,1,1,28,2,2,0
8,50,9,2008,3,1,1,2,2,1,1,2,1,1,1,4,1,2,9,6,1,1,33,2,2,0
8,51,9,2008,2,1,1,2,2,2,2,1,2,1,1,2,1,2,14,6,1,1,33,2,2,0
9,51,9,2008,1,1,3,2,2,1,4,1,1,1,1,1,1,2,10,6,1,2,33,1,0,0
6,44,9,2008,2,1,1,2,1,1,1,1,1,1,1,1,1,2,15,6,1,1,33,1,2,0
6,44,9,2008,1,1,1,2,1,1,2,1,1,1,1,1,1,2,10,6,1,2,33,1,0,0
6,44,9,2008,3,1,1,1,2,1,1,1,1,1,1,1,1,2,8,6,1,1,33,2,2,0
2,44,9,2008,2,1,1,2,2,1,1,1,1,1,1,1,1,2,10,6,1,2,33,1,0,0
5,41,9,2008,4,1,1,1,1,1,3,1,1,1,1,1,1,1,10,6,1,2,33,1,0,0
1,41,9,2008,2,1,1,2,2,1,1,1,1,1,1,1,1,2,10,6,1,2,33,1,0,0
7,41,9,2008,2,1,3,1,2,1,1,1,1,1,1,3,1,2,6,11,1,1,33,2,2,0
7,41,9,2008,3,1,1,2,2,1,1,1,2,1,1,1,1,2,9,6,1,1,35,2,2,0
7,41,9,2008,3,1,3,2,2,1,1,1,1,1,1,3,1,2,9,6,1,1,33,2,2,0
6,41,9,2008,3,1,8,2,2,1,1,2,1,1,1,1,1,2,9,6,2,1,33,2,2,0
6,41,9,2008,2,1,1,2,2,1,1,1,1,1,1,1,1,2,9,6,1,1,33,2,2,0
9,47,9,2008,4,1,1,2,2,1,2,1,1,1,1,1,1,2,19,1,2,7,33,1,2,0
1,47,9,2008,3,1,1,2,2,1,1,1,1,1,1,1,1,2,9,6,1,1,33,2,2,0
12,47,9,2008,1,1,1,2,2,1,2,1,2,1,1,1,1,2,19,6,1,7,33,2,2,0
1,47,8,2008,3,3,1,2,1,1,1,1,1,1,1,1,2,1,19,6,1,7,33,2,2,0
1,47,9,2008,3,1,1,2,2,1,1,1,1,1,1,3,1,1,9,6,1,1,28,2,2,0
10,52,7,2008,1,1,1,2,2,1,4,1,1,1,1,1,1,2,9,11,1,1,50,2,2,0
6,45,7,2008,2,1,1,2,2,1,1,1,1,1,1,1,1,2,9,6,1,1,33,2,2,0
2,45,7,2008,4,1,1,2,2,1,1,1,1,1,1,1,1,2,9,6,1,1,33,2,2,0
4,45,7,2008,2,1,1,2,2,1,1,1,1,1,1,3,1,2,14,6,1,7,33,2,2,0
1,45,7,2008,3,1,1,2,2,1,1,1,1,1,1,1,1,2,14,6,1,7,33,2,2,0
6,44,7,2008,5,1,1,2,2,1,4,1,1,1,1,1,1,1,10,6,1,2,33,1,0,0
6,44,7,2008,4,3,1,2,2,1,4,1,1,1,1,2,1,2,8,2,2,1,33,2,2,0
6,44,7,2008,1,1,1,1,1,1,2,1,1,1,1,1,1,2,10,6,1,2,33,1,0,1
2,44,7,2008,2,1,1,2,2,1,1,1,1,1,1,4,1,2,5,6,1,1,35,2,2,0
7,44,7,2008,2,1,1,2,2,1,1,1,1,1,1,1,1,2,10,6,1,2,33,1,0,0
7,44,7,2008,3,1,2,2,2,1,1,1,1,1,1,1,1,1,9,6,1,1,33,2,2,0
7,44,7,2008,3,1,1,2,2,1,1,1,1,1,1,1,1,1,9,6,1,1,33,2,2,0
7,44,7,2008,3,1,1,2,2,1,1,1,1,1,1,1,1,1,14,6,1,1,32,2,2,0
7,44,7,2008,4,1,4,2,2,1,2,4,1,1,1,1,1,1,8,6,1,1,33,2,2,1
3,38,7,2008,3,1,1,2,2,1,1,1,1,1,1,1,1,2,9,6,1,1,33,2,2,0
8,38,7,2008,2,1,1,2,2,1,1,1,3,1,2,4,1,2,6,1,1,1,35,2,2,0
3,38,7,2008,3,1,1,1,1,1,1,1,1,1,1,1,1,2,4,6,1,1,40,2,2,0
3,38,7,2008,2,1,1,2,2,1,1,1,1,1,1,1,1,2,19,6,2,1,33,2,2,0
3,38,7,2008,4,1,1,2,2,1,1,1,1,1,1,1,1,2,13,6,1,1,33,2,2,0
3,38,7,2008,2,7,1,2,2,1,1,1,1,1,1,1,1,2,10,6,1,2,33,1,0,0
3,38,7,2008,1,1,1,2,2,2,4,1,2,1,1,5,1,2,10,6,1,2,33,1,0,0
1,35,7,2008,3,1,1,2,2,1,1,2,1,1,1,5,1,2,9,6,1,1,33,2,2,0
5,47,7,2008,2,1,1,2,2,1,2,1,2,1,1,1,1,2,14,6,1,1,33,2,2,1
5,47,7,2008,4,1,1,2,2,2,2,1,2,1,1,1,1,2,9,1,1,1,33,2,2,0
8,47,7,2008,3,2,3,2,1,1,2,1,1,1,1,1,1,2,8,6,1,1,35,2,2,0
5,47,7,2008,3,1,1,2,2,1,1,1,1,1,1,1,1,1,9,6,1,1,33,2,2,0
9,47,7,2008,1,2,1,2,1,1,4,5,1,1,1,1,1,2,10,6,1,2,33,1,0,0
12,47,7,2008,4,1,1,2,2,1,4,1,1,1,1,1,1,2,13,6,1,1,33,2,2,0
9,47,7,2008,2,3,1,2,2,1,1,2,1,1,1,1,1,2,9,1,1,1,45,2,2,0
7,47,7,2008,3,2,1,2,2,1,1,1,1,1,1,1,1,2,9,6,1,1,33,2,2,0
5,41,7,2008,2,1,1,2,2,1,1,1,1,1,1,1,1,2,10,6,1,2,33,1,0,0
5,41,7,2008,2,1,1,1,2,1,1,1,1,2,1,1,1,2,14,1,1,1,33,2,2,0
7,41,7,2008,4,1,1,2,2,1,2,1,1,1,1,3,1,2,9,6,1,1,40,2,2,0
7,41,7,2008,4,1,1,2,2,1,2,1,1,1,1,1,1,2,8,1,1,1,33,1,2,0
6,41,7,2008,1,1,1,2,2,1,4,1,1,1,1,3,1,2,10,6,1,2,33,1,0,0
6,41,7,2008,4,1,1,2,2,1,3,1,1,1,1,1,1,2,19,6,1,1,33,2,2,1
6,41,7,2008,1,1,1,2,2,1,2,1,1,1,1,1,1,2,10,6,1,2,33,1,0,0
6,41,7,2008,2,1,1,2,2,1,1,1,1,1,1,1,1,2,8,6,1,1,40,2,2,0
6,41,7,2008,1,1,1,2,2,1,4,1,1,1,1,1,1,2,10,6,1,2,33,1,0,0
6,41,7,2008,2,1,1,2,2,1,1,1,1,1,1,3,1,2,9,6,1,1,33,2,2,0
6,41,7,2008,4,1,1,2,2,1,3,1,1,1,1,1,1,2,9,6,1,1,33,2,2,0
5,48,7,2008,3,1,1,2,2,1,1,3,3,3,2,4,4,2,17,6,1,1,25,2,2,0
1,51,7,2008,2,1,1,2,2,2,1,2,2,1,2,1,1,2,9,6,1,1,45,2,2,0
8,51,6,2008,4,1,1,2,2,1,2,1,1,1,1,2,1,2,4,6,1,1,33,2,2,0
3,51,7,2008,4,1,1,2,2,1,4,1,1,1,1,1,1,2,9,8,1,1,33,2,2,1
2,49,7,2008,3,1,1,2,2,2,1,1,2,1,1,4,5,2,9,6,1,1,40,2,2,0
1,39,7,2008,4,1,3,1,2,1,2,4,1,1,1,1,1,1,13,1,1,1,32,2,2,0
1,39,7,2008,3,1,1,2,2,1,1,1,1,1,1,3,1,1,8,1,1,1,33,2,2,0
1,39,7,2008,4,1,2,2,2,1,4,1,1,1,1,2,1,2,10,6,1,2,33,2,2,0
1,50,7,2008,2,1,1,2,2,2,1,1,2,1,1,1,2,2,9,6,1,1,33,2,2,0
10,50,7,2008,2,1,1,2,2,1,1,1,1,1,1,1,1,2,9,6,1,1,33,2,2,0
10,50,7,2008,2,2,1,2,2,1,1,1,1,1,1,1,1,2,9,6,1,1,33,2,2,0
12,50,7,2008,1,1,1,2,2,1,4,1,1,1,1,1,1,2,14,6,1,1,25,2,2,3
12,50,7,2008,4,1,1,2,2,1,4,1,1,1,1,1,1,2,19,6,1,7,33,2,2,0
12,50,7,2008,3,1,1,2,2,1,1,1,1,1,1,1,1,2,9,6,1,1,33,2,2,1
12,50,7,2008,3,7,1,2,2,1,1,1,1,1,1,1,1,2,9,6,1,1,33,2,2,0
8,50,7,2008,2,1,1,2,2,1,1,1,1,1,1,2,1,2,4,6,1,1,30,2,2,1