Thana,District,Month,Year,Time,Junction_Type,Traffic_Control,Movement,Divider,Weather,Light,Road_Geometry,Surface_Condition,Surface_Type,Surface_Quality,Road_Class,Road_Feature,Location_Type,Vehicle_Type,Vehicle_Movement,Vehicle_Loading,Vehicle_Defect,Vehicle_Driver_Age,Vehicle_Alcohol,Vehicle_Seat_Belt,Accident_Severity
2,45,6,2008,3,1,1,2,2,1,1,1,1,1,1,1,1,2,14,6,1,1,33,2,2,0
5,45,4,2008,2,1,1,2,2,1,1,1,1,1,1,1,1,2,9,6,1,1,33,2,2,0
1,45,6,2008,4,5,1,2,2,1,2,1,1,1,1,1,1,1,9,6,1,1,33,2,2,0
5,45,6,2008,3,7,1,1,1,1,1,1,1,1,1,1,1,2,9,6,1,1,33,2,2,1
2,45,6,2008,3,1,1,2,2,1,1,1,1,1,1,3,5,2,9,6,1,2,33,2,2,0
6,45,6,2008,3,1,2,2,2,1,1,1,1,1,1,1,1,2,9,5,1,1,48,2,2,0
7,44,6,2008,3,1,1,2,2,1,1,3,1,1,1,4,1,2,14,1,1,1,33,2,2,1
4,52,6,2008,2,7,1,1,2,1,1,1,1,1,1,4,1,2,6,6,2,1,25,2,2,0
8,47,6,2008,3,1,1,2,2,1,1,1,1,1,1,3,1,2,9,10,1,1,28,2,2,3
3,47,6,2008,2,1,1,2,2,1,1,1,1,1,1,3,1,2,9,6,1,1,35,2,2,0
1,47,6,2008,1,1,1,2,2,1,2,1,1,1,1,1,1,2,14,4,1,1,33,2,2,0
5,47,6,2008,4,1,1,2,2,2,4,2,2,1,1,4,1,2,13,1,1,1,45,2,2,0
9,47,6,2008,1,1,1,2,1,1,2,1,1,1,1,1,1,2,14,4,1,1,33,2,2,0
9,47,6,2008,3,1,3,2,1,1,1,1,1,1,1,1,1,2,10,6,1,2,33,1,0,0
5,47,6,2008,2,1,1,2,2,2,2,1,2,1,1,1,1,2,9,4,1,1,33,2,2,3
1,39,6,2008,2,1,1,2,2,1,1,1,1,1,1,1,1,2,14,1,1,1,57,2,2,0
1,39,6,2008,2,1,1,2,2,1,1,1,1,1,1,1,1,2,9,6,1,1,32,2,2,0
1,39,6,2008,3,1,1,2,2,1,1,1,1,1,1,1,1,2,9,6,1,1,33,2,2,1
1,38,6,2008,3,1,1,2,2,1,1,1,1,1,1,1,1,2,9,6,1,1,25,2,2,0
1,38,6,2008,2,1,1,2,2,1,1,2,1,1,1,1,1,2,6,6,1,1,33,2,2,1
6,37,6,2008,4,7,1,2,2,1,4,2,2,1,1,3,1,2,17,1,1,1,33,2,2,0
4,37,5,2008,2,1,1,2,2,1,1,1,1,1,1,1,1,2,12,6,1,1,33,2,2,0
2,35,6,2008,3,7,8,2,2,1,1,1,1,1,1,4,4,2,10,6,1,1,33,2,2,0
2,48,6,2008,2,1,1,2,2,1,1,1,2,1,1,1,1,2,14,6,1,1,33,2,2,0
1,48,6,2008,2,1,1,2,2,1,1,1,1,1,1,1,1,2,14,1,1,1,33,2,2,0
12,51,6,2008,2,1,1,2,2,1,1,3,1,1,1,4,1,2,14,1,1,3,40,2,2,0
12,51,6,2008,2,1,1,2,2,1,1,1,1,1,1,2,1,2,9,6,1,1,33,2,2,1
12,51,6,2008,3,1,1,2,2,1,1,1,1,1,1,3,1,2,9,6,1,1,33,2,2,0
6,51,6,2008,3,1,1,2,2,1,1,1,1,1,1,4,1,2,9,5,1,1,33,2,2,0
6,51,6,2008,3,1,1,2,2,1,1,1,1,1,1,4,1,2,12,6,1,1,33,2,2,1
12,50,6,2008,2,1,1,2,2,1,1,1,1,1,2,1,1,2,10,6,1,1,33,2,2,0
12,50,5,2008,3,1,1,2,2,1,1,1,1,1,1,1,1,2,4,6,1,1,33,2,2,1
2,50,6,2008,2,1,1,1,2,1,1,1,2,1,1,1,1,2,19,9,1,7,33,2,2,0
2,50,6,2008,2,1,1,2,2,1,1,1,1,1,1,1,1,1,19,6,1,7,33,2,2,0
8,50,6,2008,3,1,1,2,2,1,1,1,1,1,1,3,1,2,4,6,1,1,33,2,2,0
1,40,2,2008,3,1,1,2,2,1,1,1,1,1,1,1,1,2,9,6,1,1,45,2,2,3
1,40,2,2008,2,1,1,2,2,1,1,1,1,1,1,3,1,2,14,6,1,1,33,2,2,1
7,40,2,2008,3,3,1,2,2,1,1,1,1,1,1,3,1,1,4,6,1,1,40,2,2,1
7,40,2,2008,1,3,1,2,2,1,1,1,1,1,1,3,1,2,14,6,1,1,40,2,2,1
7,40,2,2008,1,1,1,2,2,1,1,1,1,1,1,4,1,2,13,6,1,1,33,2,2,0
6,40,2,2008,4,1,1,2,2,1,1,1,1,1,1,1,1,2,4,6,1,1,33,2,2,1
5,47,10,2008,3,7,1,2,2,1,2,1,1,1,1,2,1,2,10,6,1,1,33,2,2,0
5,47,10,2008,3,1,1,2,2,1,1,1,3,1,1,4,1,2,6,6,2,1,33,2,2,0
9,47,10,2008,4,1,1,2,2,1,2,1,2,1,1,1,1,2,19,6,1,7,33,2,2,0
22,47,10,2008,3,4,1,2,2,1,1,2,1,1,1,1,1,2,9,6,1,1,50,2,2,1
7,47,10,2008,1,1,1,2,2,1,4,1,1,1,1,1,1,2,14,1,1,2,33,2,2,0
2,47,10,2008,3,1,1,2,2,1,1,1,1,1,1,2,1,2,8,6,1,1,33,2,2,0
2,50,10,2008,1,1,1,2,2,1,4,1,1,1,1,1,1,2,19,6,1,7,33,2,2,0
5,50,10,2008,3,1,1,2,2,1,1,1,1,1,1,1,1,2,9,4,1,1,34,2,2,0
13,50,10,2008,2,7,1,2,2,1,1,1,1,1,1,1,1,2,12,6,1,1,33,2,2,0
3,44,10,2008,4,1,1,2,2,1,3,1,1,1,1,1,1,2,10,6,1,2,33,1,0,0
3,44,10,2008,4,1,1,2,2,1,4,1,1,1,1,1,1,2,10,6,1,2,33,1,0,0
6,44,10,2008,2,3,1,2,2,1,1,1,1,1,1,3,1,1,8,4,1,1,35,2,2,0
2,44,10,2008,1,1,1,2,2,1,2,1,1,1,1,1,1,2,10,6,1,2,33,1,0,0
7,44,10,2008,3,1,1,1,1,1,1,1,1,1,1,1,1,1,7,5,1,1,28,2,2,0
7,44,10,2008,3,1,1,2,2,1,1,1,1,1,1,1,1,2,9,6,1,1,33,2,2,0
1,41,10,2008,2,1,1,2,2,1,1,1,1,1,1,1,1,2,9,6,1,1,33,2,2,0
7,41,10,2008,4,2,1,2,2,1,2,1,1,1,1,2,1,2,9,6,1,1,33,2,2,0
7,41,10,2008,4,1,1,2,2,1,3,1,1,1,1,1,1,2,9,6,1,1,33,2,2,0
6,41,10,2008,3,3,3,2,2,1,2,1,1,1,1,1,1,2,9,6,1,1,30,2,2,0
4,37,10,2008,3,1,1,2,2,1,1,1,1,1,1,4,1,2,5,6,1,1,33,2,2,0
2,35,10,2008,2,1,1,2,2,1,1,1,1,1,1,4,1,2,9,6,1,1,33,2,2,0
7,48,10,2008,1,1,1,2,2,1,2,1,1,1,1,4,1,2,10,6,1,2,33,1,0,0
3,38,10,2008,3,1,1,2,2,1,1,1,1,1,1,1,1,2,9,9,1,1,33,2,2,0
4,38,10,2008,2,1,1,2,2,1,1,1,1,1,1,2,1,2,9,6,1,1,32,2,2,0
3,38,10,2008,2,1,1,2,2,1,1,1,1,1,1,1,1,2,7,6,1,1,33,2,2,0
1,50,10,2008,1,1,1,2,2,1,1,1,1,1,1,2,1,1,4,6,1,1,40,2,2,0
1,51,10,2008,2,1,1,2,2,1,1,1,1,1,1,1,1,2,11,6,1,1,40,2,2,0
13,51,10,2008,1,1,1,2,2,1,2,1,1,1,2,1,1,2,5,6,1,1,33,2,2,0
12,51,10,2008,3,3,1,2,2,1,1,1,1,1,1,2,1,2,12,6,1,1,33,2,2,0
8,51,10,2008,2,1,1,2,1,1,1,1,1,1,1,1,1,1,8,6,1,1,33,2,2,1
1,39,10,2008,3,1,1,2,2,1,1,1,1,1,1,4,1,2,13,6,1,1,33,2,2,0
3,39,10,2008,2,1,1,2,2,1,1,1,1,1,1,1,1,1,9,6,1,1,33,2,2,0
3,39,10,2008,1,1,1,2,2,1,1,1,1,1,1,1,1,1,14,6,1,1,33,2,2,0
6,45,10,2008,3,1,1,2,2,1,1,1,1,1,1,1,1,2,4,6,1,1,33,2,2,1
6,45,10,2008,4,1,1,2,2,1,4,1,1,1,1,1,1,2,10,6,1,1,33,2,2,0
6,45,10,2008,4,1,1,2,2,1,2,1,1,1,1,2,1,2,8,6,1,1,33,2,2,0
6,45,10,2008,2,1,1,2,2,1,1,1,1,1,1,1,1,2,9,6,1,1,33,2,2,0
6,45,10,2008,1,1,1,2,2,1,1,1,1,1,1,1,1,2,7,6,1,1,33,2,2,0
4,45,10,2008,4,7,1,2,2,1,4,1,1,1,1,1,1,2,10,6,1,2,33,1,0,0
7,51,11,2008,3,1,1,2,2,1,1,1,1,1,1,4,1,2,9,6,1,1,33,2,2,0
12,51,11,2008,4,1,1,2,2,1,1,1,1,1,1,2,1,2,9,6,1,1,33,2,2,0
9,51,11,2008,2,1,1,2,2,1,1,1,1,1,1,1,1,2,8,6,1,1,32,2,2,1
1,35,11,2008,1,1,1,2,2,1,4,1,1,1,1,4,1,2,9,5,1,1,33,2,2,0
1,45,11,2008,3,1,1,2,2,1,1,1,1,1,1,1,1,2,9,6,1,1,33,2,2,0
1,45,11,2008,4,1,1,2,2,1,1,1,1,1,1,1,5,1,9,6,1,1,33,2,2,0
5,45,11,2008,1,1,1,2,2,1,1,1,1,1,1,1,1,2,13,6,1,1,33,2,2,0
6,45,11,2008,3,1,3,2,2,1,1,1,1,1,1,1,1,2,7,6,1,1,33,2,2,1
4,39,11,2008,2,1,1,2,2,1,1,1,1,1,1,1,1,2,14,6,1,1,33,2,2,0
4,39,11,2008,4,1,1,2,2,1,2,1,1,3,2,4,1,2,19,6,2,1,24,2,2,0
3,39,11,2008,3,1,1,2,2,1,1,1,1,1,1,1,1,2,9,6,1,1,33,2,2,1
1,50,11,2008,4,1,8,2,2,1,3,2,1,1,1,1,1,2,9,1,1,1,33,2,2,0
2,50,11,2008,3,1,3,2,2,1,1,1,1,1,1,1,1,2,18,6,1,1,30,2,2,0
5,50,11,2008,2,1,1,2,2,4,1,1,1,1,1,1,1,2,9,6,1,1,30,2,2,0
8,50,11,2008,4,1,1,2,2,1,4,1,1,1,1,3,1,2,4,6,1,1,14,2,2,0
8,50,11,2008,3,1,1,2,2,1,1,1,1,1,1,2,1,2,4,8,1,1,25,2,2,0
9,47,11,2008,4,3,1,2,2,1,2,1,5,1,1,1,1,2,14,6,1,1,38,2,2,0
3,49,8,2008,3,1,1,2,2,1,1,1,1,1,1,1,1,2,4,1,1,1,35,2,2,1
1,49,11,2008,3,1,1,2,2,1,1,1,1,1,1,1,1,2,10,6,2,1,33,2,2,1
3,49,11,2008,2,1,1,2,2,1,1,1,1,2,1,1,1,2,14,6,1,1,40,2,2,0
1,49,11,2008,4,1,1,2,2,4,3,1,1,1,1,1,1,2,19,5,1,1,33,2,2,0
1,49,12,2008,2,1,1,2,2,1,1,1,1,1,1,3,1,2,6,6,1,1,33,2,2,0
1,49,12,2008,2,1,1,2,2,1,1,1,1,1,1,2,1,2,14,6,1,1,32,2,2,1
1,49,12,2008,2,1,1,2,2,1,1,1,1,1,1,1,1,2,19,6,1,1,33,2,2,0
10,50,12,2008,4,1,1,2,2,1,1,1,1,1,1,3,1,2,14,6,1,1,33,2,2,0
6,50,12,2008,2,1,1,2,2,1,1,1,1,1,1,4,1,2,4,6,1,1,33,2,2,1
9,50,12,2008,2,1,1,2,2,1,1,1,1,1,2,2,1,1,9,6,1,1,40,2,2,3
4,44,12,2008,2,1,4,2,2,1,1,1,1,1,1,2,1,2,8,6,1,1,33,2,2,0
6,44,12,2008,2,1,1,2,1,1,1,1,1,1,1,1,1,1,9,6,1,1,33,2,2,0
6,44,12,2008,2,1,1,2,2,1,1,1,1,1,1,1,1,1,19,6,1,2,33,1,0,0
2,52,12,2008,2,1,1,2,2,1,1,1,1,1,1,1,1,2,9,1,1,1,33,2,2,0
2,44,12,2008,4,1,1,2,2,4,4,2,2,1,1,1,1,2,9,4,1,1,25,2,2,0
7,44,12,2008,4,1,1,1,1,1,4,1,1,1,1,1,1,2,9,6,2,7,33,1,2,0
5,44,12,2008,3,1,1,2,2,1,1,1,1,1,1,1,1,2,10,6,1,1,32,2,2,0
5,44,12,2008,3,1,1,2,2,1,1,1,1,1,1,1,1,2,14,6,1,1,33,2,2,0
5,41,12,2008,3,1,1,2,2,1,1,3,1,3,2,2,1,2,14,1,1,1,33,2,2,0
5,41,12,2008,4,1,1,2,1,1,4,1,1,1,1,1,1,2,10,6,1,2,33,1,0,0
7,41,12,2008,3,1,1,2,2,1,1,1,1,1,1,5,1,1,4,6,1,1,19,2,2,0
1,45,12,2008,3,1,1,2,2,1,1,1,1,1,1,2,1,2,7,6,1,1,33,2,2,3
5,45,11,2008,3,1,1,2,2,1,1,1,1,1,1,1,1,2,10,6,1,1,33,2,2,1
6,45,12,2008,2,1,1,2,2,1,1,1,1,1,1,2,1,2,10,6,1,1,33,2,2,0
6,45,12,2008,4,1,1,2,2,1,3,1,1,1,1,3,1,2,7,6,1,1,33,2,2,0
6,45,12,2008,1,1,1,1,2,1,4,1,1,1,1,2,1,2,10,6,1,1,33,2,2,0
4,45,12,2008,3,1,1,1,2,1,1,1,1,1,1,3,1,2,4,6,1,1,33,2,2,0
4,45,12,2008,2,1,1,1,2,1,1,1,1,1,1,4,1,2,4,6,1,1,19,2,2,1
4,45,12,2008,3,1,1,2,2,1,1,1,1,1,1,3,1,2,13,6,1,1,33,2,2,0
8,47,12,2008,2,1,4,2,2,1,1,1,1,1,1,2,1,1,9,6,1,1,36,2,2,0
9,47,12,2008,1,1,1,2,2,1,2,1,1,1,1,1,1,2,10,6,1,2,33,1,0,0
5,47,12,2008,3,3,1,1,2,4,1,1,1,1,1,1,1,2,8,8,2,1,30,2,2,0
2,47,12,2008,1,1,1,2,2,1,1,1,1,1,1,1,1,2,14,6,1,1,35,2,2,0
5,47,12,2008,3,3,1,2,2,4,1,1,1,1,1,5,1,2,8,9,2,3,32,2,2,0
12,47,12,2008,4,1,8,2,2,1,1,1,1,1,1,1,1,2,9,6,1,1,33,2,2,1
7,38,12,2008,2,1,1,2,2,1,1,1,1,1,1,1,1,2,9,6,1,1,33,2,2,0
3,38,12,2008,2,1,1,2,2,1,1,1,1,1,1,1,1,2,9,6,1,1,33,2,2,0
3,38,12,2008,3,1,1,2,2,1,1,1,1,1,1,1,1,2,7,6,1,1,33,2,2,0
6,38,12,2008,2,1,1,2,2,1,1,1,1,1,1,1,1,2,9,6,1,1,33,2,2,0
13,50,12,2008,3,1,3,2,2,1,1,1,1,1,1,1,1,2,9,6,1,1,33,2,2,0
3,38,11,2008,3,1,1,2,2,1,1,1,1,1,1,1,1,2,7,6,1,1,33,2,2,0
3,38,11,2008,4,1,1,2,2,1,1,1,1,1,1,4,1,2,10,6,1,2,33,1,0,0
3,38,11,2008,4,1,1,2,2,1,2,1,1,1,2,4,1,2,5,6,1,1,37,2,2,0
1,38,11,2008,2,1,1,2,2,1,1,3,1,1,1,1,1,2,14,6,1,1,33,2,2,0
1,39,12,2008,3,1,1,1,2,1,2,1,1,1,1,4,2,2,17,11,1,1,33,2,2,0
3,39,12,2008,3,1,1,2,2,1,1,1,1,1,1,1,1,2,9,6,1,1,33,2,2,0
6,44,11,2008,4,1,1,2,2,1,3,1,1,1,1,1,1,2,9,6,1,1,33,2,2,0
6,44,11,2008,4,3,3,2,2,1,3,1,1,1,1,1,1,1,14,6,1,1,40,2,2,0
7,44,11,2008,2,1,1,2,2,1,1,1,1,1,1,1,1,2,9,6,1,1,33,2,2,0
7,44,11,2008,2,1,1,1,2,1,2,1,1,1,1,5,1,2,13,7,1,1,22,2,2,0
7,44,11,2008,1,1,1,1,1,1,3,1,1,1,1,1,1,2,10,6,1,2,33,1,0,0
8,36,1,2008,3,1,1,2,2,1,1,1,1,1,1,4,1,2,6,6,1,1,33,2,2,0
2,36,2,2008,3,3,1,2,2,1,1,1,1,1,1,1,1,1,9,4,1,1,33,2,2,0
2,36,2,2008,3,1,1,2,2,1,1,1,1,1,1,3,1,2,4,11,1,7,30,2,2,1
3,36,3,2008,3,1,1,2,2,1,1,1,1,1,1,1,2,1,6,6,1,1,33,2,2,0
2,36,3,2008,4,1,1,2,2,1,2,1,1,1,1,1,1,2,4,6,1,1,33,2,2,0
1,36,3,2008,3,7,1,2,2,1,1,1,1,1,2,4,1,2,19,8,1,1,33,2,2,0
3,36,4,2008,2,1,1,2,2,1,1,1,1,1,1,1,1,2,4,6,1,1,33,2,2,1
2,36,4,2008,3,1,1,2,2,1,1,1,1,1,1,4,1,2,4,6,1,1,35,2,2,0
1,36,4,2008,3,1,1,2,2,1,2,4,1,1,1,5,1,2,9,6,1,1,33,2,2,0
1,36,4,2008,3,1,1,2,2,1,1,1,1,1,1,1,1,1,9,6,1,1,33,2,2,0
2,36,12,2008,3,1,1,2,2,4,1,1,1,1,1,1,1,2,19,6,1,1,33,1,2,0
2,36,12,2008,3,1,1,2,2,1,1,3,1,1,1,1,2,2,9,6,1,1,33,2,2,1
4,36,12,2008,2,4,1,2,2,1,1,1,1,1,1,4,1,2,14,6,1,1,33,2,2,0
1,36,12,2008,2,1,1,2,2,1,1,1,1,1,1,1,1,2,10,6,1,1,33,2,2,1
1,36,12,2008,2,1,1,2,2,1,1,1,1,1,1,1,1,2,9,6,1,1,33,2,2,0
3,36,5,2008,4,1,1,2,2,1,2,1,1,1,1,1,1,2,19,6,1,7,33,2,2,0
3,36,5,2008,3,1,1,2,2,1,1,3,1,1,1,1,1,2,6,1,1,1,33,2,2,0
2,36,5,2008,2,1,3,2,2,1,1,1,1,1,1,1,1,2,10,6,1,1,33,2,2,1
2,36,5,2008,3,1,1,2,2,1,1,1,1,1,1,1,1,2,9,6,1,1,33,2,2,0
4,36,5,2008,2,1,4,2,2,1,1,1,1,1,1,1,1,2,6,6,1,1,33,2,2,0
2,36,6,2008,4,1,1,2,2,1,4,1,1,1,1,1,1,2,19,6,1,7,33,2,2,0
2,36,7,2008,2,1,3,2,2,1,1,3,1,1,1,1,1,2,7,1,1,1,33,2,2,0
1,36,7,2008,2,1,1,2,2,1,1,1,1,1,1,1,1,2,9,6,1,1,33,2,2,0
4,36,9,2008,2,3,1,2,2,1,1,1,1,1,1,1,1,2,9,6,1,1,33,2,2,0
1,36,9,2008,2,1,1,2,2,1,1,1,1,1,1,1,1,2,5,6,1,1,33,2,2,1
3,36,10,2008,2,1,1,2,2,1,1,1,1,1,1,1,1,2,19,4,1,1,33,2,2,0
4,36,10,2008,4,1,1,2,2,1,1,1,1,1,1,1,1,2,9,6,1,1,33,2,2,0
1,36,11,2008,3,1,1,2,2,1,1,1,1,1,1,5,1,1,4,6,1,1,33,2,2,1
12,47,7,2008,1,1,1,2,2,2,4,1,2,1,1,1,1,2,14,6,1,7,33,2,2,0
12,47,6,2008,1,1,1,2,2,1,2,1,1,1,1,1,1,2,14,4,1,7,33,2,2,0
12,47,6,2008,1,1,1,2,2,1,2,1,1,1,1,1,2,2,9,5,1,7,33,2,2,1
9,47,10,2008,3,4,1,2,2,1,1,2,1,1,1,1,1,2,9,6,1,1,50,2,2,1
1,47,10,2008,3,1,1,2,2,1,1,1,1,1,1,3,1,2,8,6,1,7,33,2,2,0
12,47,5,2008,2,1,3,2,2,1,1,1,1,1,1,1,1,1,9,6,1,1,33,2,2,0
1,45,10,2008,3,1,1,2,1,1,1,1,1,1,1,1,1,1,9,6,1,1,33,1,2,1
6,45,10,2008,1,1,1,2,2,1,2,1,1,1,1,1,1,2,4,6,1,1,33,1,1,0
6,45,10,2008,4,1,1,2,2,1,2,1,1,1,1,1,1,2,10,6,1,6,33,1,1,0
6,45,10,2008,3,1,1,2,1,1,1,1,1,1,1,1,5,1,7,6,1,1,33,1,2,0
6,45,8,2008,1,2,2,1,1,2,2,1,2,1,1,1,1,2,9,6,1,1,25,2,2,0
1,45,5,2008,1,1,1,2,1,1,3,1,1,1,1,1,1,2,14,6,1,1,33,1,2,0
3,45,5,2008,2,1,1,1,2,1,1,5,2,1,1,3,1,2,8,6,1,1,33,1,2,0
2,45,5,2008,4,1,1,2,1,1,3,1,1,1,1,1,5,2,9,11,1,1,33,1,2,0
1,36,1,2008,2,5,1,2,2,1,1,2,1,1,1,1,1,2,19,4,1,1,33,2,2,1
4,36,1,2008,3,1,1,2,2,1,1,1,1,1,1,4,1,2,6,6,1,1,33,2,2,0
1,36,9,2008,4,1,1,2,2,1,1,1,1,1,1,3,1,1,12,6,1,1,33,2,2,1
1,36,10,2008,3,1,1,2,2,1,1,1,1,1,1,1,2,2,9,6,1,1,33,2,2,0
3,36,7,2008,3,1,2,2,2,1,1,1,1,1,1,1,1,2,12,6,1,1,33,2,2,3
4,36,9,2008,2,1,1,2,2,1,1,1,1,1,1,1,1,2,12,6,1,1,33,2,2,0
1,36,5,2008,3,1,1,2,2,1,1,1,1,1,1,4,1,2,19,11,2,1,33,2,2,0
4,36,12,2008,4,1,1,2,2,1,3,1,1,1,1,1,1,2,7,6,1,1,33,2,2,0
6,45,2,2008,4,1,1,2,2,1,3,1,1,1,1,1,1,1,9,11,1,1,33,2,2,0
5,44,3,2008,2,1,8,2,2,1,1,1,1,1,1,1,1,2,9,6,1,1,33,2,2,0
1,49,6,2008,3,1,1,2,2,1,1,1,1,1,1,4,1,2,4,6,1,1,33,2,2,0
3,49,4,2008,2,1,1,2,2,1,1,1,1,1,1,4,1,2,14,6,1,1,32,2,2,0
1,46,3,2008,2,1,2,2,2,1,1,1,1,1,1,1,1,1,14,6,1,1,33,2,2,0
6,44,2,2008,4,1,1,2,2,1,4,1,1,1,1,3,1,2,9,6,1,1,33,2,2,0
7,44,2,2008,2,1,1,2,1,4,2,4,1,1,1,1,1,2,7,6,1,1,33,2,2,0
2,44,12,2008,2,1,1,2,2,1,1,1,1,1,1,1,1,2,9,1,2,1,33,1,2,0
3,38,10,2008,1,1,1,2,1,1,4,1,1,1,1,1,1,2,9,6,1,7,33,2,2,1
6,44,10,2008,2,1,1,1,1,1,1,1,1,1,1,1,1,2,9,6,1,1,33,1,2,0
2,44,10,2008,4,1,1,2,1,1,2,1,1,1,1,1,1,2,14,6,1,1,1,2,1,0
2,35,12,2008,1,7,1,2,1,4,4,2,1,1,1,1,1,2,9,6,1,7,55,2,2,0
4,35,5,2008,4,1,1,2,2,1,2,1,1,1,1,1,1,2,12,6,1,1,33,2,2,0
4,35,1,2008,2,1,2,2,2,1,1,2,2,1,1,3,1,2,9,6,1,1,33,2,2,0
4,35,1,2008,3,1,1,2,2,1,1,1,1,1,1,1,1,1,9,6,1,1,36,2,2,0
8,51,7,2008,4,1,1,1,2,1,4,1,1,1,1,1,1,2,2,9,1,1,33,2,2,1
5,48,11,2008,4,1,1,2,2,4,4,1,1,1,1,2,1,2,4,6,1,1,33,2,2,1
1,48,4,2008,3,1,3,1,1,1,1,1,1,1,1,3,1,1,9,6,1,1,33,2,2,0
2,48,5,2008,4,1,1,2,2,1,4,1,1,1,1,4,1,2,9,6,1,1,33,2,2,1
2,52,5,2008,3,1,1,2,2,1,1,1,1,1,1,3,1,2,9,4,1,1,33,2,2,1
2,41,1,2008,3,1,1,2,1,1,1,1,1,1,1,4,1,2,14,6,1,1,25,2,2,0
7,44,1,2008,3,1,3,2,2,1,1,1,1,1,1,1,1,2,9,6,1,1,33,1,2,1
7,41,1,2008,3,1,1,2,2,1,1,1,1,1,1,1,1,2,10,6,1,2,33,1,0,0
3,51,9,2008,4,1,1,2,2,1,2,1,1,1,1,3,1,2,6,6,1,1,33,2,2,1
1,51,10,2008,1,1,1,2,2,1,1,1,1,1,1,1,1,1,4,6,1,7,33,2,2,0
9,51,8,2008,3,1,1,2,2,1,1,1,1,1,1,2,1,2,7,6,1,1,27,2,2,1
7,51,5,2008,3,1,1,2,2,1,1,2,1,1,1,4,1,2,9,6,1,2,33,2,2,0
1,48,2,2008,2,1,1,2,2,1,2,1,1,1,1,5,1,1,8,6,1,1,33,2,2,0
1,51,4,2008,3,1,1,2,2,1,1,1,1,1,1,4,1,2,17,6,1,1,20,2,2,0
1,51,4,2008,4,4,8,2,1,1,3,1,1,1,1,5,5,1,17,6,1,1,33,1,2,0
1,51,4,2008,2,7,1,2,2,1,1,1,1,1,1,2,1,1,4,6,1,1,25,2,2,0
8,51,2,2008,3,1,1,2,2,1,1,1,1,1,1,2,1,2,4,6,1,1,30,2,2,0
3,51,2,2008,4,1,1,2,2,1,1,1,1,1,2,2,1,2,4,6,1,1,33,2,2,0
2,51,3,2008,2,1,1,2,2,1,1,1,1,3,2,4,1,2,17,6,1,1,25,2,2,0
3,39,11,2008,3,1,1,2,2,1,1,1,1,1,1,1,1,2,9,6,1,7,33,2,2,0
4,39,11,2008,2,3,1,2,2,1,1,1,1,1,1,1,1,2,9,6,1,2,33,2,2,0
6,39,3,2008,3,1,3,2,2,1,1,4,1,1,1,1,1,2,9,6,1,1,25,2,2,1
1,41,10,2008,2,1,1,2,2,1,1,1,1,1,1,1,1,2,9,6,1,2,33,1,0,0
1,50,9,2008,3,1,1,2,2,1,1,1,1,1,1,1,1,2,9,6,1,7,33,2,2,0
2,50,10,2008,2,1,1,2,2,1,1,1,1,1,1,1,1,2,9,6,1,1,40,2,2,0
2,50,10,2008,3,1,1,2,2,1,1,1,1,1,1,1,1,2,10,6,1,7,25,2,2,0
5,50,5,2008,3,1,1,2,2,1,1,1,1,1,1,2,1,2,9,6,1,1,33,1,2,0
3,50,6,2008,4,1,1,2,2,1,4,1,3,2,2,3,4,2,17,6,1,1,42,2,2,0
4,50,11,2008,2,7,1,2,2,1,1,1,5,1,1,5,1,2,9,6,1,7,35,2,2,3
8,38,3,2008,3,1,1,2,2,1,1,1,1,1,1,3,1,2,9,6,1,1,33,2,2,1
1,38,11,2008,3,1,1,2,2,1,1,1,1,1,1,1,1,2,13,6,1,1,33,2,2,0
6,38,12,2008,2,1,1,2,2,1,1,1,1,1,1,1,1,2,9,6,1,2,33,2,2,0
1,38,2,2008,4,2,1,2,2,1,2,1,1,1,1,4,1,2,4,6,1,1,28,2,2,0
2,50,4,2008,3,1,1,2,1,1,1,1,1,1,1,1,2,1,9,6,1,1,45,2,2,0
1,39,6,2008,4,1,8,2,1,1,4,2,1,1,1,1,1,2,9,6,1,1,39,2,2,1
3,39,6,2008,3,1,1,2,2,1,1,1,1,1,1,1,1,2,9,6,1,1,33,2,2,1
3,39,6,2008,2,1,1,2,2,1,1,1,1,1,1,1,1,2,9,6,2,1,33,2,2,0
1,39,7,2008,4,1,8,2,2,1,4,1,1,1,1,3,1,2,19,5,1,2,26,2,2,0
3,39,1,2008,3,1,1,2,2,1,1,4,1,1,1,1,1,2,9,6,1,1,33,2,2,0
1,39,2,2008,4,1,1,2,2,1,4,1,1,1,1,2,3,2,9,5,2,1,32,2,2,1
3,39,2,2008,1,4,1,2,2,1,4,4,1,1,1,2,2,1,7,6,1,1,33,2,2,1
4,39,9,2008,3,1,1,2,2,1,1,1,1,1,1,1,1,2,9,6,1,1,40,2,2,1
3,39,7,2008,3,1,1,2,2,1,1,1,1,1,1,4,1,2,9,6,1,1,36,2,2,0
12,50,5,2008,3,1,1,2,2,1,1,1,1,1,1,1,1,2,9,6,1,1,25,2,2,1
7,17,10,2008,3,1,1,2,1,1,1,1,1,1,3,1,2,1,4,6,1,1,33,2,2,0
7,17,10,2008,1,2,1,1,1,1,1,1,1,1,1,1,1,2,12,11,1,1,33,1,2,0