Thana,District,Month,Year,Time,Junction_Type,Traffic_Control,Movement,Divider,Weather,Light,Road_Geometry,Surface_Condition,Surface_Type,Surface_Quality,Road_Class,Road_Feature,Location_Type,Vehicle_Type,Vehicle_Movement,Vehicle_Loading,Vehicle_Defect,Vehicle_Driver_Age,Vehicle_Alcohol,Vehicle_Seat_Belt,Accident_Severity
7,7,11,2008,2,1,1,2,2,1,1,2,1,1,1,4,1,2,10,6,1,1,33,1,2,3
5,17,8,2008,3,1,8,2,2,1,1,1,1,1,1,4,1,2,17,6,1,7,30,2,2,0
5,17,8,2008,3,1,1,2,2,1,1,2,1,1,1,4,1,2,14,6,1,1,33,2,2,0
5,17,3,2008,3,1,8,2,2,1,1,1,1,1,1,4,1,2,9,6,1,7,35,2,2,0
3,17,1,2008,3,3,3,2,2,1,1,1,1,1,1,1,1,2,13,6,1,7,33,1,2,0
3,17,2,2008,2,7,3,2,1,1,1,1,1,1,1,1,2,1,13,6,1,7,33,1,2,0
3,17,6,2008,4,2,6,2,2,1,4,1,1,1,1,3,1,2,19,11,1,7,33,2,2,0
3,17,8,2008,3,1,3,2,2,1,1,1,1,1,1,1,1,2,11,11,1,7,33,1,2,0
3,17,9,2008,4,1,2,2,2,1,1,1,1,1,1,1,1,2,9,6,1,1,33,2,2,0
8,17,2,2008,1,1,8,2,2,1,1,1,1,1,1,3,1,2,14,11,2,1,40,2,2,0
8,17,1,2008,1,1,8,2,2,1,4,1,1,1,1,4,1,1,14,11,1,1,45,2,2,0
8,17,1,2008,3,1,8,2,2,1,1,1,1,1,1,4,1,1,9,4,1,1,33,2,2,0
8,17,8,2008,4,1,1,2,2,1,4,1,1,1,1,4,1,2,7,6,1,1,33,2,2,0
3,42,2,2008,4,3,1,1,1,1,3,1,1,1,1,1,1,1,10,6,1,2,33,1,0,0
3,42,3,2008,4,7,1,1,1,1,3,1,1,1,1,1,1,1,14,6,1,1,35,1,2,0
3,42,3,2008,2,3,4,1,1,1,1,1,1,1,1,1,1,1,9,6,1,1,33,2,2,0
4,42,1,2008,4,7,8,1,1,1,3,1,1,1,1,5,1,1,9,6,1,1,26,2,2,1
4,42,3,2008,2,7,4,1,1,1,1,1,1,1,1,5,1,1,9,6,1,1,33,2,2,1
4,42,3,2008,4,7,8,1,1,1,3,1,1,1,1,5,1,1,19,6,1,1,39,1,2,0
4,42,5,2008,1,1,8,2,1,1,2,1,1,1,1,3,1,1,10,6,1,2,33,1,0,0
4,42,6,2008,1,7,8,1,1,1,2,1,1,1,1,5,1,1,14,6,1,1,38,1,2,0
6,42,1,2008,3,7,1,2,2,1,1,1,1,1,1,1,1,1,12,6,1,1,35,2,2,0
6,42,1,2008,3,1,1,2,2,1,1,1,1,1,1,2,1,1,9,6,1,1,30,2,2,0
8,42,1,2008,1,3,4,1,1,1,3,1,1,1,1,5,1,1,9,6,1,1,25,1,2,0
8,42,1,2008,2,3,4,1,1,1,1,1,1,1,1,5,1,1,10,6,1,2,33,1,0,0
8,42,1,2008,2,1,1,2,2,1,1,1,1,1,1,5,1,1,10,6,1,1,28,2,2,3
8,42,2,2008,2,3,1,2,2,1,1,1,1,1,1,5,1,1,9,6,1,1,35,2,2,3
8,42,2,2008,2,3,4,1,1,1,1,1,1,1,1,5,1,1,9,6,1,1,33,2,2,0
9,42,1,2008,3,2,4,1,1,1,1,1,1,1,1,5,1,1,8,6,1,1,32,2,2,0
9,42,2,2008,2,1,1,1,1,1,1,1,1,1,1,5,1,1,9,6,1,1,28,2,2,0
9,42,2,2008,3,3,4,1,1,1,1,1,1,1,1,5,1,1,9,6,1,1,33,2,2,0
9,42,2,2008,3,3,1,1,1,1,1,1,1,1,1,5,1,1,10,6,1,2,33,1,0,1
9,42,2,2008,1,3,4,1,1,1,3,1,1,1,1,5,1,1,14,6,1,1,39,1,2,0
9,42,2,2008,4,1,4,1,1,1,3,1,1,1,1,5,1,1,14,6,1,1,29,1,2,0
9,42,2,2008,1,1,1,2,2,1,3,1,1,1,1,5,1,1,14,6,1,1,38,1,2,0
9,42,2,2008,2,1,1,1,2,1,1,1,1,1,1,5,1,1,9,6,1,1,34,2,2,1
9,42,2,2008,2,1,4,1,1,1,1,1,1,1,1,5,1,1,6,6,1,1,28,2,2,1
9,42,3,2008,3,1,1,2,2,1,1,1,1,1,1,5,1,1,14,6,1,1,32,1,2,0
9,42,4,2008,2,1,1,1,1,1,1,1,1,1,1,5,1,1,10,6,1,2,33,1,0,0
9,42,4,2008,3,3,4,1,1,1,1,1,1,1,1,5,1,1,9,6,1,1,38,2,2,0
9,42,4,2008,3,1,1,1,1,1,1,1,1,1,1,5,1,1,10,6,1,1,34,2,2,1
9,42,4,2008,4,1,2,1,1,1,1,1,1,1,1,2,1,1,10,6,1,2,33,1,0,0
9,42,4,2008,2,1,1,1,1,1,1,1,1,1,1,5,1,1,9,6,1,1,38,2,2,0
9,42,4,2008,2,1,1,1,1,1,1,1,1,1,1,5,1,1,9,6,1,1,22,2,2,1
9,42,4,2008,4,3,1,1,1,1,1,1,1,1,1,5,1,1,9,6,1,1,26,2,2,0
9,42,5,2008,2,1,1,1,1,1,1,1,1,1,1,5,1,1,9,6,1,1,26,2,2,1
9,42,5,2008,1,4,2,1,1,1,3,1,1,1,1,5,1,1,9,6,1,1,23,2,2,1
9,42,5,2008,2,1,1,1,1,1,1,1,1,1,1,5,1,1,6,6,1,1,23,2,2,0
9,42,5,2008,4,1,1,1,1,1,1,1,1,1,1,5,1,1,10,6,1,2,33,1,0,0
9,42,5,2008,2,1,4,1,1,1,1,1,1,1,1,5,1,1,4,6,1,1,29,2,2,0
9,42,6,2008,3,3,4,1,1,1,1,1,1,1,1,5,1,1,10,6,1,2,33,1,0,0
10,42,2,2008,3,1,1,2,2,1,1,1,1,1,1,5,1,1,9,6,1,1,30,2,2,0
10,42,2,2008,2,1,1,1,1,1,1,1,1,1,1,5,1,1,10,6,1,1,32,2,2,3
10,42,3,2008,1,3,4,2,2,1,3,1,1,1,1,2,1,1,14,6,1,3,42,1,2,1
10,42,3,2008,3,3,4,1,1,1,1,1,1,1,1,5,1,1,8,6,1,1,34,2,2,0
10,42,3,2008,2,1,8,1,1,1,1,1,1,1,1,2,1,1,14,6,1,1,38,1,2,0
10,42,3,2008,2,1,1,2,2,1,1,1,1,1,1,5,1,1,6,6,1,7,33,2,2,0
10,42,3,2008,4,1,1,1,1,1,3,1,1,1,1,2,1,1,7,6,1,1,37,2,2,1
10,42,4,2008,2,1,3,2,2,1,1,1,1,1,1,5,1,1,8,6,1,1,37,2,2,0
10,42,4,2008,2,7,1,2,2,1,1,4,1,1,1,5,1,1,10,6,1,1,28,1,2,0
10,42,4,2008,2,1,1,2,2,1,3,1,1,1,1,5,1,1,9,6,1,1,32,1,2,0
10,42,5,2008,3,1,1,2,2,1,1,1,1,1,1,5,1,1,8,6,1,1,29,2,2,0
10,42,5,2008,2,1,3,2,1,1,1,1,1,1,1,5,1,1,8,6,1,1,38,2,2,1
10,42,5,2008,1,1,1,1,1,1,3,1,1,1,1,5,1,1,10,6,1,2,33,1,0,0
10,42,6,2008,2,1,1,2,2,1,1,1,1,1,1,5,1,1,9,6,2,6,18,1,2,1
10,42,6,2008,2,1,1,2,2,1,4,1,1,1,1,5,1,1,14,6,2,1,48,1,2,0
11,42,1,2008,4,1,4,1,1,1,3,1,1,1,1,5,1,1,14,6,1,1,38,2,2,0
11,42,1,2008,2,1,1,1,1,1,1,1,1,1,1,1,1,1,14,6,1,1,38,1,2,0
11,42,1,2008,3,1,4,1,1,1,1,1,1,1,1,1,1,1,10,6,1,2,33,1,0,0
11,42,1,2008,2,3,4,1,1,1,1,1,1,1,1,1,1,1,12,6,1,1,25,2,2,1
11,42,2,2008,2,1,1,1,1,1,1,1,1,1,1,5,1,1,14,6,1,1,33,1,1,0
11,42,2,2008,2,1,4,1,1,1,1,1,1,1,1,1,1,1,10,6,1,2,33,1,0,0
11,42,3,2008,1,1,1,1,1,1,3,1,1,1,1,5,1,1,9,6,1,1,32,2,2,0
11,42,4,2008,2,1,1,1,1,1,1,1,1,1,1,5,1,1,12,6,1,1,45,2,2,0
11,42,4,2008,4,1,4,1,1,1,2,1,1,1,1,1,1,1,10,6,1,2,33,1,0,0
11,42,4,2008,2,3,4,1,1,1,1,1,1,1,1,5,1,1,10,6,1,1,28,2,2,1
11,42,5,2008,2,1,4,1,1,1,1,1,1,1,1,5,1,1,9,6,1,1,27,2,2,0
11,42,6,2008,1,2,4,1,1,1,3,1,1,1,1,5,1,1,10,6,1,2,33,1,0,0
11,42,6,2008,4,3,4,1,1,1,3,1,1,1,1,1,1,1,9,6,1,1,28,2,2,1
12,42,1,2008,2,3,4,1,1,1,1,1,1,1,1,5,1,1,9,6,1,1,38,2,2,0
12,42,2,2008,3,1,1,1,1,1,1,1,1,1,1,5,1,1,10,6,1,1,22,2,2,3
12,42,3,2008,2,3,4,1,1,1,1,1,1,1,1,5,1,1,14,6,1,1,35,1,2,0
12,42,3,2008,4,3,4,1,1,1,2,1,1,1,1,5,1,1,10,6,1,2,33,1,0,0
12,42,3,2008,3,2,4,1,1,1,1,1,1,1,1,5,1,1,9,6,1,1,28,2,2,0
12,42,3,2008,4,1,1,1,1,1,3,1,1,1,1,5,1,1,10,6,1,2,33,1,0,0
12,42,4,2008,2,1,1,2,2,1,1,1,1,1,1,5,1,1,10,6,1,1,30,2,2,0
12,42,4,2008,3,3,4,1,1,1,1,1,1,1,1,5,1,1,9,6,1,1,40,2,2,0
12,42,5,2008,1,1,1,1,1,1,3,1,1,1,1,5,1,1,14,6,1,1,27,1,2,0
12,42,6,2008,3,3,4,1,1,1,1,1,1,1,1,5,1,1,9,6,1,1,38,2,2,0
12,42,6,2008,4,1,1,1,1,1,2,1,1,1,1,5,1,1,9,6,1,1,20,2,2,1
12,42,6,2008,3,3,1,2,2,1,1,1,1,1,1,5,1,1,10,6,1,2,33,1,0,0
12,42,6,2008,2,1,1,1,1,1,1,1,1,1,1,5,1,1,9,6,1,1,35,2,2,0
13,42,2,2008,3,1,4,1,1,1,1,1,1,1,1,1,1,1,9,6,1,1,27,2,2,1
13,42,3,2008,4,3,4,1,1,1,3,1,1,1,1,1,1,1,10,6,1,2,33,1,0,0
13,42,3,2008,1,1,1,1,1,1,1,1,1,1,1,1,1,1,10,6,1,2,33,1,0,0
13,42,5,2008,4,1,1,1,1,1,4,1,1,1,1,1,1,1,14,6,1,1,39,1,2,0
13,42,7,2008,2,1,1,2,2,1,2,2,1,1,1,5,1,1,14,6,1,1,30,1,2,1
13,42,7,2008,4,1,1,1,1,1,3,1,1,1,1,1,1,1,10,6,1,2,33,1,0,0
13,42,7,2008,2,1,1,1,1,1,1,1,1,1,1,1,1,1,9,6,1,1,26,1,2,0
15,42,1,2008,3,7,8,1,2,1,1,1,1,1,1,2,1,1,7,6,1,1,28,2,2,3
15,42,2,2008,2,1,8,2,2,1,1,1,1,1,1,2,1,1,4,6,1,1,37,2,2,1
15,42,3,2008,4,7,1,2,2,1,4,1,1,1,1,2,1,1,10,6,1,2,33,1,0,0
15,42,4,2008,2,3,2,2,1,1,3,1,1,1,1,2,1,1,8,6,1,7,33,1,0,0
15,42,4,2008,4,7,8,2,2,1,3,1,1,1,1,2,1,1,10,6,1,2,33,1,0,0
16,42,1,2008,2,7,4,1,1,1,1,1,1,1,1,1,1,1,10,6,1,2,33,1,0,0
16,42,1,2008,2,1,4,1,1,1,1,1,1,1,1,1,1,1,19,6,1,1,25,2,1,0
16,42,2,2008,4,1,1,2,1,1,3,1,1,1,1,1,1,1,9,6,1,7,38,2,2,0
16,42,2,2008,2,1,1,1,1,1,1,1,1,1,1,5,1,1,8,6,1,1,28,1,2,0
16,42,3,2008,1,1,1,1,1,1,1,1,1,1,1,1,1,1,14,6,1,7,2,2,2,1
16,42,3,2008,2,7,1,2,2,1,1,1,1,1,1,4,1,1,10,6,1,1,23,2,2,1
16,42,4,2008,1,7,4,2,1,1,2,1,1,1,1,1,1,1,9,6,1,1,38,2,2,0
16,42,5,2008,3,1,1,2,2,1,1,1,1,1,1,1,1,1,11,6,1,1,25,2,2,1
16,42,5,2008,4,1,1,1,1,1,3,1,1,1,1,5,1,1,10,6,1,1,35,2,1,0
16,42,5,2008,1,1,1,2,2,1,1,1,1,1,1,4,1,2,8,6,1,1,22,2,2,0
16,42,6,2008,1,1,4,1,1,1,3,1,1,1,1,1,1,1,10,6,1,2,33,1,0,0
16,42,6,2008,1,2,4,1,1,1,3,1,1,1,1,5,1,1,14,6,1,1,35,2,2,0
17,42,3,2008,2,7,8,1,1,1,1,1,1,1,1,5,1,1,11,6,1,1,32,2,2,0
17,42,4,2008,3,1,8,1,1,1,1,1,1,1,1,5,1,1,10,6,1,1,48,2,2,1
17,42,5,2008,2,1,8,1,1,1,1,1,1,1,1,5,1,1,9,6,1,1,42,2,2,0
17,42,5,2008,1,3,4,1,1,1,1,1,1,1,1,5,1,1,14,6,1,1,45,1,2,0
17,42,6,2008,2,1,1,2,1,1,1,2,1,1,1,5,1,1,14,6,1,1,42,1,2,0
21,42,1,2008,2,7,1,1,1,1,1,1,1,1,1,5,1,1,19,6,1,1,32,2,2,0
21,42,4,2008,2,7,2,2,1,1,1,1,1,1,1,1,1,1,9,6,1,1,33,2,2,0
21,42,5,2008,4,6,4,1,1,1,2,1,1,1,1,1,1,1,9,6,1,1,38,2,2,1
21,42,5,2008,3,7,1,2,2,1,1,1,1,1,1,1,1,1,10,6,1,1,32,2,2,0
21,42,6,2008,1,7,1,2,2,1,2,1,1,1,1,1,1,1,14,6,1,1,37,1,2,0
21,42,6,2008,2,7,1,1,1,1,1,1,1,1,1,5,1,1,19,6,1,1,38,2,2,0
21,42,6,2008,3,7,1,1,1,1,1,1,1,1,1,5,1,1,7,6,1,1,38,2,2,1
23,42,4,2008,1,1,1,1,1,1,3,1,1,1,1,1,1,1,10,6,1,2,33,1,0,0
23,42,4,2008,2,1,1,1,1,1,1,1,1,1,1,1,1,1,5,6,1,1,28,2,2,1
24,42,2,2008,1,1,1,2,2,1,4,1,1,1,1,1,1,1,14,6,1,1,26,1,2,0
26,42,2,2008,2,1,8,1,1,1,3,1,1,1,1,5,1,1,9,6,1,1,28,2,2,1
26,42,5,2008,2,1,1,1,1,1,1,1,1,1,1,5,1,1,14,6,1,1,42,1,2,0
27,42,6,2008,3,3,1,1,1,1,1,1,1,1,1,5,1,1,5,6,1,3,26,2,2,0
28,42,3,2008,5,1,4,2,1,1,1,1,1,1,1,5,1,1,9,4,1,1,32,2,2,1
28,42,5,2008,2,1,1,1,1,1,1,1,1,1,1,5,1,1,8,6,1,1,42,2,2,0
28,42,6,2008,4,2,6,1,1,1,3,1,1,1,1,5,1,1,8,6,1,1,34,2,2,1
28,42,6,2008,4,1,8,1,1,1,3,1,1,1,1,5,1,1,10,6,1,2,33,1,0,0
28,42,7,2008,3,7,3,1,1,1,1,1,1,1,1,5,1,1,9,6,1,1,42,1,2,0
31,42,3,2008,2,3,1,2,2,1,1,1,1,1,1,5,1,1,14,6,1,1,38,1,2,0
33,42,1,2008,4,1,4,1,1,1,3,1,1,1,1,1,1,1,9,6,1,1,38,2,2,0
33,42,1,2008,4,1,1,1,1,1,3,1,1,1,1,1,1,1,14,6,1,1,40,1,2,0
33,42,1,2008,2,1,1,1,1,1,1,1,1,1,1,1,1,1,9,6,1,1,37,2,2,0
33,42,1,2008,4,1,4,1,1,1,3,1,1,1,1,1,1,1,10,6,1,2,33,1,0,0
33,42,1,2008,4,1,1,1,1,1,3,1,1,1,1,1,1,1,14,6,1,1,44,1,2,0
33,42,1,2008,4,3,1,1,1,1,3,1,1,1,1,1,1,1,14,6,1,1,45,1,2,0
33,42,2,2008,3,1,1,1,1,1,1,1,1,1,1,1,1,1,14,6,1,1,38,2,2,0
33,42,2,2008,4,1,1,2,2,1,2,1,1,1,1,1,1,1,10,6,1,2,33,1,0,0
33,42,2,2008,1,1,1,1,1,1,3,1,1,1,1,1,1,1,10,6,1,2,33,1,0,0
33,42,2,2008,4,1,1,1,1,1,1,1,1,1,1,5,1,1,9,6,1,1,22,2,2,0
33,42,2,2008,2,1,1,1,1,1,1,1,1,1,1,1,1,1,9,6,1,1,25,2,2,0
33,42,2,2008,1,1,1,2,2,1,3,1,1,1,1,1,1,1,10,6,1,2,33,1,0,0
33,42,3,2008,1,1,1,1,1,1,3,1,1,1,1,5,1,1,10,6,1,2,33,1,0,0
33,42,4,2008,2,1,1,1,1,1,1,1,1,1,1,1,1,1,10,6,1,2,33,1,0,0
33,42,4,2008,1,1,1,2,2,1,2,1,1,1,1,1,1,1,10,6,1,2,33,1,0,0
33,42,4,2008,1,1,1,1,1,1,2,1,1,1,1,1,1,1,10,6,1,2,33,1,0,0
33,42,4,2008,4,2,4,2,2,1,3,1,1,1,1,1,1,1,10,6,1,2,22,2,2,3
33,42,5,2008,3,1,1,1,1,1,1,1,1,1,1,1,1,1,9,6,1,1,28,2,2,0
33,42,5,2008,4,1,1,1,1,1,1,1,1,1,1,1,1,1,9,6,1,1,31,2,2,0
33,42,5,2008,1,1,1,1,1,1,3,1,1,1,1,1,1,1,10,6,1,2,33,1,0,0
33,42,5,2008,1,1,1,2,2,1,3,1,1,1,1,1,1,1,10,6,1,2,33,1,0,0
33,42,5,2008,3,1,1,1,1,1,1,1,1,1,1,1,1,1,9,6,1,1,28,2,2,0
33,42,5,2008,3,3,4,1,1,1,1,1,1,1,1,5,1,1,9,6,1,1,45,2,2,0
33,42,5,2008,4,2,4,1,1,1,3,1,1,1,1,5,1,1,9,6,1,1,35,2,2,0
33,42,5,2008,1,1,1,1,1,1,3,1,1,1,1,1,1,1,10,6,1,2,33,1,0,0
33,42,5,2008,4,3,4,1,1,1,3,1,1,1,1,5,1,1,10,6,1,2,33,1,0,0
33,42,6,2008,3,1,1,1,1,1,1,1,1,1,1,5,1,1,14,6,1,1,30,2,2,0
33,42,6,2008,4,1,4,1,1,1,3,1,1,1,1,1,1,1,4,6,1,1,28,2,1,1
33,42,6,2008,2,1,1,1,1,1,1,1,1,1,1,1,1,1,9,6,1,1,32,2,2,0
33,42,7,2008,4,1,4,1,1,1,3,1,1,1,1,5,1,1,14,6,1,1,38,1,2,0
33,42,7,2008,2,3,1,1,1,1,2,1,1,1,1,1,1,1,9,6,1,1,34,2,2,0
33,42,7,2008,2,1,1,2,2,1,1,1,1,1,1,5,1,1,10,6,1,2,33,1,0,0
33,42,7,2008,4,1,1,1,1,1,3,1,1,1,1,1,1,1,10,6,1,2,33,1,0,0
32,42,1,2008,1,1,4,1,1,1,3,1,1,1,1,5,1,1,9,6,1,1,35,2,2,1
32,42,1,2008,4,1,4,1,1,1,3,1,1,1,1,5,1,1,9,6,1,1,25,2,2,1
32,42,1,2008,4,1,1,1,1,1,3,1,1,1,1,1,1,1,10,6,1,2,33,1,0,0
32,42,3,2008,4,1,1,1,1,1,3,1,1,1,1,5,1,1,10,6,1,2,33,1,0,0
32,42,3,2008,2,2,4,1,1,1,1,1,1,1,1,5,1,1,9,6,1,1,40,2,2,0
32,42,5,2008,2,2,4,1,1,1,2,1,1,1,1,5,1,1,10,6,1,2,33,1,0,0
32,42,6,2008,2,1,1,2,2,1,1,1,1,1,1,5,1,1,14,6,1,1,21,2,2,0
32,42,6,2008,3,2,4,1,1,1,1,1,1,1,1,5,1,1,9,6,1,1,25,2,2,0
32,42,7,2008,1,1,1,2,2,1,3,1,1,1,1,5,1,1,14,6,1,1,45,2,2,0
32,42,9,2008,3,1,1,2,2,1,1,1,1,1,1,5,1,1,14,6,1,1,38,2,2,2
32,42,10,2008,2,1,1,2,2,1,1,1,1,1,1,5,1,1,9,6,1,1,38,2,2,0
2,42,1,2008,2,2,4,1,1,1,2,1,1,1,1,5,1,1,10,6,1,2,33,1,0,1
2,42,2,2008,4,7,1,1,1,1,3,1,1,1,1,5,1,1,10,6,1,2,33,1,0,0
2,42,2,2008,4,1,3,1,2,1,2,1,1,1,1,5,1,1,8,6,1,1,34,2,2,0
2,42,3,2008,1,3,4,1,1,1,2,1,1,1,1,5,1,1,10,6,1,2,33,1,0,0
2,42,3,2008,2,7,1,1,1,2,2,1,2,1,1,5,1,1,10,6,1,2,33,1,0,0
2,42,4,2008,3,5,1,1,1,1,1,1,1,1,1,5,1,1,8,6,1,1,28,2,2,1
2,42,6,2008,1,1,1,1,1,1,1,1,1,1,1,5,1,1,8,6,1,1,35,1,2,1
2,42,7,2008,1,3,4,1,1,1,1,1,1,1,1,5,1,1,9,6,1,3,38,1,2,0
1,42,1,2008,4,2,8,1,1,4,4,1,2,1,1,5,1,1,8,6,1,2,29,2,2,0
1,42,4,2008,1,7,3,1,1,1,1,1,1,1,1,5,1,1,9,6,1,2,30,2,2,3
1,42,4,2008,3,3,1,1,1,1,1,1,1,1,1,5,1,1,10,6,1,2,28,2,2,1
1,42,6,2008,2,3,5,1,1,1,1,1,1,1,1,5,1,1,9,6,1,1,30,2,2,0
1,42,6,2008,4,2,4,1,1,1,3,1,1,1,1,5,1,1,10,6,1,7,32,2,2,1
5,42,3,2008,1,7,2,1,2,1,3,1,1,1,1,3,1,1,3,6,1,1,28,1,2,0
5,42,5,2008,3,2,1,2,2,1,2,2,1,1,2,5,1,1,9,6,1,1,42,2,2,0
5,42,6,2008,4,2,1,2,1,1,3,2,1,1,2,5,1,1,14,6,1,1,43,1,2,0
5,42,6,2008,3,2,3,1,1,1,2,1,1,1,1,1,1,1,6,6,1,1,28,2,2,1
7,42,4,2008,4,1,1,2,2,1,3,1,1,1,1,5,1,1,11,6,1,1,25,2,2,1
7,42,5,2008,1,7,1,2,2,1,2,1,1,1,1,5,1,1,14,6,1,1,50,1,2,0
7,42,6,2008,2,1,1,2,2,1,1,1,1,1,1,5,1,1,14,6,1,1,45,2,2,1
7,42,8,2008,1,2,1,2,2,1,3,1,1,1,1,5,1,1,14,6,1,1,42,1,2,0
14,42,1,2008,4,2,4,1,1,1,1,1,1,1,1,1,1,1,9,6,1,1,35,2,2,0
14,42,1,2008,3,3,4,1,1,1,1,1,1,1,1,1,1,1,9,6,1,1,42,2,2,0
14,42,1,2008,3,3,4,1,1,1,1,1,1,1,1,1,1,1,10,6,1,1,35,2,2,0
14,42,1,2008,2,1,4,1,1,1,1,1,1,1,1,1,1,1,9,6,1,1,27,2,2,0
14,42,2,2008,3,3,4,1,1,1,1,1,1,1,1,1,1,1,9,6,1,1,40,1,2,0
14,42,2,2008,4,1,1,1,1,1,3,1,1,1,1,1,1,1,14,6,1,1,36,2,2,1
14,42,3,2008,3,1,4,1,1,1,1,1,1,1,1,1,1,1,14,6,1,1,27,1,2,1
14,42,7,2008,4,1,1,1,1,1,3,1,1,1,1,1,1,1,14,6,1,1,40,1,2,0
22,42,1,2008,1,2,4,1,1,1,3,1,1,1,1,1,1,1,10,6,1,2,33,1,0,0
22,42,4,2008,1,1,6,1,1,1,3,1,1,1,1,1,1,1,14,6,1,2,42,1,2,0
22,42,4,2008,2,1,1,1,1,1,2,1,1,1,1,1,1,1,10,6,1,2,33,1,0,0
22,42,5,2008,3,5,4,1,1,1,1,1,1,1,1,1,1,1,10,6,1,1,37,2,2,1
22,42,5,2008,2,1,1,1,1,1,1,1,1,1,1,1,1,1,10,6,1,2,33,1,0,0
29,42,1,2008,5,2,3,2,2,2,1,2,2,1,1,5,1,1,8,6,1,7,24,2,2,0
29,42,2,2008,2,7,8,1,1,1,1,1,1,1,1,5,1,1,8,11,1,1,28,2,2,0
29,42,3,2008,4,2,4,1,1,1,3,1,1,1,1,5,1,1,14,6,1,1,42,2,2,1
29,42,4,2008,4,7,8,1,1,1,3,1,1,1,1,5,1,1,9,6,1,1,24,2,2,1
29,42,6,2008,3,1,4,1,1,1,1,4,1,1,1,5,1,1,9,6,1,1,37,2,2,0
13,42,8,2008,4,1,1,1,1,1,4,1,1,1,1,5,1,1,8,6,1,1,38,2,2,0
13,42,6,2008,4,1,1,2,2,1,3,2,1,1,1,5,1,1,14,6,1,1,38,2,2,1
13,42,8,2008,2,1,1,1,1,1,1,1,1,1,1,1,1,1,8,6,1,1,26,2,2,1
13,42,9,2008,3,1,4,1,1,1,1,1,1,1,1,1,1,1,8,6,1,1,45,2,2,0
13,42,10,2008,4,1,1,1,1,1,3,1,1,1,1,1,1,1,10,6,1,2,33,1,0,0
13,42,10,2008,4,1,1,1,1,1,3,1,1,1,1,1,1,1,9,6,1,1,32,2,2,1
10,42,8,2008,1,1,1,1,1,1,3,1,1,1,1,5,1,1,14,6,1,1,42,1,2,0
10,42,8,2008,2,1,1,1,1,1,3,1,1,1,1,5,1,1,9,11,1,1,33,1,2,1
10,42,9,2008,2,7,8,2,2,1,1,1,5,1,1,5,1,1,10,6,1,1,28,2,2,0
10,42,10,2008,3,1,1,2,2,1,1,1,1,1,1,5,1,1,10,6,1,1,25,1,1,1
18,42,2,2008,2,1,1,2,2,1,1,1,1,1,1,1,5,1,15,6,1,1,42,1,2,0
18,42,4,2008,2,6,1,1,1,1,2,1,1,1,1,5,1,1,14,6,1,1,45,1,2,0
12,42,7,2008,2,1,4,1,1,1,1,1,1,1,1,5,1,1,9,6,1,1,32,2,2,0
12,42,7,2008,4,2,4,1,1,1,3,1,1,1,1,5,1,1,9,6,1,1,38,1,2,2
12,42,7,2008,2,1,1,1,1,1,1,1,1,1,1,5,1,1,9,6,1,1,35,2,2,0
12,42,7,2008,2,1,1,1,1,1,1,1,1,1,1,5,1,1,9,6,1,1,37,2,2,0
12,42,8,2008,3,1,1,1,1,1,1,1,1,1,1,5,1,1,9,6,1,1,34,2,2,0
12,42,8,2008,4,1,1,1,1,1,3,1,1,1,1,5,1,1,10,6,1,2,33,1,0,0
12,42,6,2008,3,1,1,1,1,1,1,1,1,1,1,5,1,1,10,6,1,2,33,1,0,0
12,42,9,2008,2,2,4,1,1,1,1,1,1,1,1,5,1,1,9,6,1,1,38,2,2,0
12,42,9,2008,2,3,1,1,1,1,1,1,1,1,1,5,1,1,14,6,1,1,38,2,2,0
12,42,9,2008,1,1,1,1,1,1,3,1,1,1,1,5,1,1,10,6,1,2,33,1,0,0
12,42,3,2008,2,1,1,1,1,1,1,1,1,1,1,5,1,1,10,6,1,2,33,1,0,0
12,42,9,2008,2,2,4,1,1,1,1,1,1,1,1,5,1,1,10,6,1,2,33,1,0,0
12,42,10,2008,4,1,1,1,1,1,3,1,1,1,1,5,1,1,10,6,1,2,33,1,0,0
12,42,10,2008,2,1,1,1,1,1,1,1,1,1,1,5,1,1,10,6,1,2,33,1,0,0
12,42,11,2008,2,1,1,1,1,1,1,1,1,1,1,5,1,1,10,6,1,2,33,1,0,0
12,42,11,2008,2,1,1,1,1,1,1,1,1,1,1,5,1,1,9,6,1,1,38,2,2,0
12,42,11,2008,3,3,1,2,2,1,1,1,1,1,1,5,1,1,9,6,1,1,38,2,2,1
9,42,6,2008,3,1,1,1,1,1,1,1,1,1,1,5,1,1,10,6,1,2,33,1,0,0
9,42,7,2008,4,1,1,1,1,1,3,1,1,1,1,5,1,1,14,6,1,1,40,1,2,0
9,42,7,2008,1,1,4,1,1,1,3,1,1,1,1,5,1,1,10,6,1,2,33,1,0,0
9,42,8,2008,4,1,1,1,1,1,3,1,1,1,1,5,1,1,10,6,1,2,33,1,0,0
9,42,8,2008,1,1,1,1,1,1,3,1,1,1,1,5,1,1,10,6,1,2,33,1,0,0
9,42,9,2008,3,1,1,1,1,1,1,1,1,1,1,5,1,1,10,6,1,1,32,2,2,2