Thana,District,Month,Year,Time,Junction_Type,Traffic_Control,Movement,Divider,Weather,Light,Road_Geometry,Surface_Condition,Surface_Type,Surface_Quality,Road_Class,Road_Feature,Location_Type,Vehicle_Type,Vehicle_Movement,Vehicle_Loading,Vehicle_Defect,Vehicle_Driver_Age,Vehicle_Alcohol,Vehicle_Seat_Belt,Accident_Severity
9,42,9,2008,4,3,4,1,1,1,3,1,1,1,1,5,1,1,14,6,1,1,28,2,2,0
9,42,9,2008,4,1,1,1,1,1,3,1,1,1,1,5,1,1,9,6,1,1,33,2,2,0
9,42,10,2008,4,6,1,1,1,1,3,1,1,1,1,5,1,1,10,6,1,1,20,2,2,0
9,42,10,2008,2,1,1,1,1,1,1,1,1,1,1,5,1,1,9,6,1,1,25,2,2,1
9,42,10,2008,4,1,1,1,1,1,3,1,1,1,1,5,1,1,12,6,1,1,35,2,2,0
9,42,10,2008,3,1,1,1,1,1,1,1,1,1,1,5,1,1,10,6,1,2,33,1,0,0
9,42,11,2008,2,2,4,1,1,1,1,1,1,1,1,5,1,1,4,6,1,1,34,2,2,1
9,42,11,2008,3,3,4,1,1,1,1,1,1,1,1,5,1,1,9,6,1,1,25,2,2,1
9,42,11,2008,3,1,1,1,1,1,1,1,1,1,1,5,1,1,10,6,1,1,32,2,2,0
9,42,11,2008,3,1,1,1,1,1,1,1,1,1,1,5,1,1,9,6,1,1,40,2,2,1
9,42,11,2008,2,1,1,1,1,1,1,1,1,1,1,5,1,1,9,6,1,1,35,2,2,0
9,42,11,2008,2,2,4,1,1,1,1,1,1,1,1,5,1,1,10,6,1,2,33,1,0,0
9,42,12,2008,4,1,4,1,1,1,3,1,1,1,1,5,1,1,10,6,1,1,30,2,2,0
9,42,12,2008,3,2,4,1,1,1,1,1,1,1,1,5,1,1,5,6,1,1,30,2,2,1
9,42,12,2008,2,3,4,1,1,1,2,1,1,1,1,5,1,1,14,6,1,1,38,1,2,0
32,42,11,2008,3,1,1,1,1,1,1,1,1,1,1,5,1,1,4,6,1,1,32,2,2,0
32,42,11,2008,3,7,4,1,1,1,1,1,1,1,1,5,1,1,10,6,1,1,28,2,2,1
32,42,11,2008,3,3,4,1,1,1,1,1,1,1,1,5,1,1,9,6,1,1,40,2,2,3
32,42,11,2008,3,1,1,1,1,1,2,1,1,1,1,5,1,1,10,6,1,1,28,2,2,3
32,42,11,2008,3,1,1,1,1,1,2,1,1,1,1,5,1,1,6,6,1,1,32,2,2,0
32,42,12,2008,2,2,4,1,1,1,1,1,1,1,1,5,1,1,5,6,1,1,34,2,2,0
32,42,12,2008,2,1,1,1,1,1,1,1,1,1,1,5,1,1,9,6,1,1,38,2,2,1
32,42,12,2008,3,1,1,1,1,1,1,1,1,1,1,5,1,1,9,6,1,1,38,2,2,0
32,42,12,2008,4,3,4,1,1,1,3,1,1,1,1,5,1,1,4,6,1,1,35,2,2,0
3,42,5,2008,1,4,1,1,1,1,3,1,1,1,1,1,1,1,14,6,1,1,40,1,2,2
3,42,6,2008,1,2,4,1,1,1,3,1,1,1,1,1,1,1,14,6,1,1,33,1,0,0
3,42,8,2008,1,3,1,1,1,1,3,1,1,1,1,1,1,1,14,6,1,1,30,2,2,0
3,42,9,2008,3,3,4,1,1,1,1,1,1,1,1,5,1,1,9,6,1,1,32,2,2,0
3,42,9,2008,1,1,6,1,1,1,3,1,1,1,1,1,1,1,15,6,1,1,38,2,2,2
3,42,11,2008,2,3,4,1,1,1,1,1,1,1,1,1,1,1,14,6,1,1,37,2,2,2
22,42,7,2008,3,1,1,1,1,1,1,1,1,1,1,1,1,1,8,6,1,1,42,2,2,0
22,42,7,2008,1,1,1,1,1,1,4,1,1,1,1,1,1,1,10,6,1,2,33,1,0,0
22,42,8,2008,3,1,1,1,1,1,1,1,1,1,1,1,1,1,10,6,1,1,32,2,2,0
22,42,6,2008,4,2,4,1,1,1,3,1,1,1,1,1,1,1,9,6,1,1,42,2,2,0
22,42,8,2008,2,3,4,1,1,1,2,1,1,1,1,1,1,1,14,6,1,1,30,1,2,0
22,42,9,2008,1,1,1,1,1,1,3,1,1,1,1,1,1,1,10,6,1,2,33,1,0,1
13,42,11,2008,4,1,1,1,1,1,3,1,1,1,1,1,1,1,4,6,1,1,27,2,2,1
13,42,11,2008,4,1,1,1,1,1,4,1,1,1,1,1,1,1,10,6,1,2,33,1,0,0
13,42,11,2008,4,1,4,1,1,1,4,1,1,1,1,1,1,1,10,6,1,2,33,1,0,0
13,42,12,2008,2,1,1,1,1,1,1,1,1,1,1,1,1,1,9,6,1,1,28,2,2,1
28,42,9,2008,3,2,8,1,1,1,1,1,1,1,1,5,1,1,5,11,1,7,34,1,2,3
28,42,9,2008,2,2,8,1,1,1,1,1,1,1,1,5,1,1,9,6,1,7,32,1,2,2
28,42,9,2008,1,3,8,1,1,1,3,1,1,1,1,5,1,1,4,6,1,1,34,2,1,0
18,42,8,2008,4,1,1,1,1,1,3,1,1,1,1,5,1,1,10,6,1,2,33,1,0,0
18,42,9,2008,2,1,1,2,2,2,2,1,1,1,1,5,1,1,10,6,1,1,38,1,2,0
18,42,11,2008,2,1,1,1,1,1,1,1,1,1,1,5,1,1,9,6,1,1,40,2,2,1
11,42,7,2008,1,1,1,1,1,1,3,1,1,1,1,5,1,1,10,6,1,2,33,1,0,0
11,42,7,2008,4,1,1,1,1,1,3,1,1,1,1,5,1,1,9,6,1,1,38,1,2,0
11,42,7,2008,1,5,4,1,1,1,3,1,1,1,1,5,1,1,14,6,1,1,45,1,2,0
11,42,7,2008,2,1,1,2,2,1,1,1,1,1,1,5,1,1,10,6,1,1,30,2,2,1
11,42,8,2008,2,1,1,1,1,1,1,1,1,1,1,5,1,1,10,6,1,2,33,1,0,0
11,42,8,2008,2,1,1,1,1,1,1,1,1,1,1,5,1,1,10,6,1,1,30,2,2,0
11,42,9,2008,1,1,1,1,1,1,3,1,1,1,1,5,1,1,14,6,1,1,48,1,2,0
11,42,10,2008,4,1,1,1,1,1,2,1,1,1,1,5,1,1,9,6,1,1,33,2,2,0
11,42,11,2008,2,1,1,1,1,1,1,1,1,1,1,5,1,1,9,6,1,1,35,2,2,0
10,42,11,2008,4,1,1,1,1,1,2,1,1,1,1,5,1,1,8,6,1,1,38,1,2,0
10,42,11,2008,2,1,1,2,2,1,1,1,1,1,1,5,1,1,9,6,1,1,42,1,2,0
15,42,8,2008,2,1,1,1,1,1,1,1,1,1,1,5,1,1,19,6,1,1,43,1,2,2
15,42,11,2008,2,1,1,1,1,1,1,4,1,1,1,5,1,1,10,6,1,2,33,1,0,0
15,42,12,2008,2,1,1,1,1,1,3,1,1,1,1,5,1,1,4,6,1,1,38,2,2,0
6,42,8,2008,3,7,8,2,2,1,1,1,1,1,1,2,1,1,9,6,1,1,42,2,2,0
26,42,12,2008,4,1,1,2,1,1,1,1,1,1,1,5,1,1,4,6,1,1,38,2,1,0
31,42,10,2008,3,1,1,2,2,1,1,1,1,1,1,4,1,2,8,6,1,1,45,1,2,0
1,42,7,2008,4,1,1,1,1,1,3,1,1,1,1,5,1,1,9,6,1,1,38,2,2,0
1,42,8,2008,1,3,4,1,1,1,1,1,1,1,1,5,1,1,7,6,1,1,26,2,1,3
1,42,9,2008,1,7,8,1,1,1,3,1,1,1,1,5,1,1,10,6,1,2,33,1,0,0
1,42,10,2008,2,2,4,1,1,1,1,1,1,1,1,5,1,1,8,6,1,1,40,2,2,0
1,42,10,2008,4,2,1,1,1,1,4,1,1,1,1,5,1,1,14,6,1,1,42,2,1,0
1,42,11,2008,4,1,1,1,1,1,3,1,1,1,1,5,1,1,14,6,1,1,50,1,2,1
1,42,11,2008,3,1,1,1,1,1,2,1,1,1,1,5,1,1,10,6,1,2,33,1,0,0
2,42,8,2008,3,2,1,1,1,1,1,1,1,1,1,5,1,1,10,6,1,2,33,1,0,0
2,42,9,2008,3,1,1,1,1,1,1,1,1,1,1,5,1,1,10,6,1,2,33,1,0,0
2,42,9,2008,3,1,1,2,2,1,1,1,1,1,1,5,1,1,10,6,1,1,32,2,2,3
2,42,9,2008,1,5,2,1,1,1,3,1,1,1,1,5,1,1,10,6,1,2,33,1,0,0
2,42,11,2008,1,2,1,1,1,2,1,1,1,1,1,5,1,1,9,6,1,2,33,1,0,3
2,42,11,2008,2,3,4,1,1,1,1,1,1,1,1,5,1,1,8,6,1,1,38,2,2,0
2,42,11,2008,2,2,2,1,1,1,1,1,1,1,1,5,1,1,8,6,1,1,26,1,2,1
8,42,3,2008,2,1,1,1,1,1,1,1,1,1,1,5,1,1,10,6,1,1,33,2,2,0
14,42,8,2008,4,1,1,2,2,1,3,1,1,1,1,5,1,1,10,6,1,2,33,1,0,0
14,42,8,2008,4,1,1,2,2,1,3,1,1,1,1,5,1,1,10,6,1,2,33,1,0,0
14,42,8,2008,1,1,1,1,1,1,2,1,1,1,1,1,1,1,9,6,1,1,38,2,2,0
14,42,10,2008,4,7,1,1,1,1,4,1,1,1,1,1,1,1,10,6,1,2,33,1,0,0
14,42,11,2008,3,7,8,2,2,1,1,1,1,1,1,3,1,1,10,6,1,1,30,2,2,1
14,42,11,2008,3,7,1,1,1,1,1,1,1,1,1,1,1,1,10,6,1,2,33,1,0,1
14,42,12,2008,3,7,8,1,1,1,3,1,5,1,1,1,5,1,10,6,1,2,33,1,0,0
10,42,12,2008,3,1,1,2,2,1,1,2,1,1,2,5,1,1,7,6,1,1,45,2,2,0
10,42,12,2008,4,1,1,1,1,1,2,1,1,1,1,5,1,1,6,6,1,1,28,1,2,0
21,42,8,2008,4,3,4,2,2,1,3,1,1,1,1,1,1,1,19,6,1,1,40,1,2,0
21,42,9,2008,2,1,1,2,2,1,1,1,1,1,1,1,1,1,10,6,1,2,33,1,0,0
22,42,12,2008,1,1,4,1,1,3,1,1,1,1,1,1,1,1,9,6,1,1,42,1,2,0
22,42,12,2008,2,2,8,1,1,1,1,1,1,1,1,1,1,1,7,6,1,1,25,2,2,0
22,42,12,2008,1,1,8,1,1,1,3,1,1,1,1,1,1,1,9,6,1,1,38,1,2,0
22,42,12,2008,2,7,4,1,1,1,1,1,1,1,1,1,1,1,5,6,1,1,38,2,2,0
16,42,7,2008,2,1,4,1,1,1,1,1,1,1,1,5,1,1,10,6,1,2,33,1,0,0
16,42,9,2008,4,1,1,1,1,1,3,1,1,1,1,5,1,1,9,6,1,1,24,2,2,0
16,42,9,2008,1,1,1,1,1,1,2,1,1,1,1,5,1,1,14,6,1,1,25,1,2,0
16,42,10,2008,4,1,1,1,1,1,3,1,1,1,1,5,1,1,10,6,1,2,33,1,0,0
16,42,10,2008,2,1,1,1,1,1,1,1,1,1,1,5,1,1,10,6,1,2,33,1,0,0
16,42,11,2008,2,1,1,1,1,1,1,1,1,1,1,5,1,1,9,6,1,1,25,2,2,0
17,42,7,2008,2,1,1,1,1,1,1,1,1,1,1,5,1,1,9,6,1,1,32,2,2,0
17,42,7,2008,3,1,1,1,1,1,1,1,1,1,1,5,1,1,9,6,1,1,40,2,2,0
17,42,7,2008,1,1,4,1,1,1,1,1,1,1,1,2,1,1,14,6,1,2,33,1,0,0
17,42,8,2008,1,1,1,1,1,1,1,1,2,1,1,5,1,1,10,6,1,2,33,1,0,0
17,42,8,2008,3,1,4,1,1,1,1,1,1,1,1,2,1,1,19,6,1,1,33,2,2,3
17,42,8,2008,3,1,1,1,1,1,1,1,1,1,1,5,1,1,6,6,1,1,30,2,2,0
17,42,7,2008,5,1,4,1,1,1,1,1,1,1,1,5,1,1,10,6,1,2,33,1,0,0
17,42,7,2008,2,1,1,1,1,1,1,1,1,1,1,5,1,1,6,6,1,2,33,1,0,0
17,42,6,2008,1,1,1,1,1,1,3,1,1,1,1,5,1,1,10,6,1,2,33,1,0,0
17,42,9,2008,2,1,1,1,1,1,1,1,1,1,1,5,1,1,10,6,1,2,33,1,0,0
17,42,9,2008,3,1,1,1,1,1,1,1,1,1,1,5,1,1,9,6,1,1,38,2,2,0
17,42,10,2008,3,1,4,1,1,1,1,1,1,1,1,5,1,1,9,6,1,1,33,2,2,1
17,42,10,2008,2,1,4,1,1,1,2,1,1,1,1,5,1,1,10,6,1,2,33,1,0,0
17,42,12,2008,2,1,1,1,1,1,1,1,1,1,1,5,1,1,7,6,1,1,35,2,2,0
17,42,12,2008,3,1,1,2,2,1,1,1,1,1,1,5,1,1,19,6,1,1,32,2,2,0
17,42,8,2008,4,1,4,1,1,1,3,1,1,1,1,5,1,1,10,6,1,2,33,1,0,1
33,42,7,2008,4,1,4,1,1,1,3,1,1,1,1,5,1,1,14,6,1,1,45,1,2,0
33,42,8,2008,1,3,4,1,1,1,3,1,1,1,1,5,1,1,14,6,1,1,42,1,2,0
33,42,8,2008,3,1,1,2,2,1,1,1,1,1,1,5,1,1,19,6,1,1,22,2,2,0
33,42,8,2008,3,1,1,1,1,1,1,1,1,1,1,1,1,1,9,6,1,1,38,2,2,0
33,42,9,2008,3,1,1,1,1,1,1,1,1,1,1,5,1,1,9,6,1,1,30,2,2,0
33,42,9,2008,4,1,1,1,1,1,3,1,1,1,1,1,1,1,7,6,1,1,28,2,2,0
33,42,9,2008,3,1,1,1,1,1,2,1,1,1,1,1,1,1,9,6,1,1,30,2,2,0
33,42,9,2008,2,3,4,1,1,1,2,1,1,1,1,5,1,1,10,6,1,2,33,1,0,0
33,42,9,2008,2,3,4,1,1,1,1,1,1,1,1,5,1,1,10,6,1,2,33,1,0,0
33,42,10,2008,2,1,4,1,1,1,1,1,1,1,1,5,1,1,9,6,1,1,35,2,2,1
33,42,10,2008,1,1,1,1,1,1,3,1,1,1,1,5,1,1,7,6,1,1,30,2,2,0
33,42,10,2008,3,1,4,1,1,1,1,1,1,1,1,5,1,1,9,6,1,1,38,2,2,0
33,42,10,2008,4,1,1,1,1,1,3,1,1,1,1,5,1,1,10,6,1,2,33,1,0,0
33,42,11,2008,3,1,1,1,1,1,1,1,1,1,1,1,1,1,9,6,1,1,22,2,2,0
33,42,11,2008,3,1,1,1,1,1,1,1,1,1,1,1,1,1,9,6,1,1,33,2,2,0
33,42,11,2008,1,3,4,1,1,1,3,1,1,1,1,5,1,1,10,6,1,2,33,1,0,0
33,42,11,2008,2,1,4,1,1,1,1,1,1,1,1,5,1,1,9,6,1,1,38,2,2,0
33,42,12,2008,1,1,1,1,1,1,2,1,1,1,1,1,1,1,19,6,1,1,42,2,2,0
9,42,9,2008,2,1,1,1,1,1,1,1,1,1,1,5,1,1,10,6,1,2,33,1,0,0
9,42,10,2008,2,1,1,2,2,1,1,1,1,1,1,5,1,1,10,6,1,2,33,1,0,0
4,42,7,2008,1,1,1,1,1,1,3,1,1,1,1,5,1,1,10,6,1,2,33,1,0,0
4,42,8,2008,3,1,1,1,1,1,1,1,1,1,1,5,1,1,12,6,1,1,30,2,2,0
4,42,9,2008,2,1,1,1,1,1,1,1,1,1,1,5,1,1,19,6,1,1,28,2,2,0
4,42,10,2008,4,1,4,1,1,1,3,1,1,1,1,5,1,1,14,6,1,1,27,2,2,3
4,42,10,2008,2,2,4,1,1,1,1,1,1,1,1,5,1,1,12,6,1,1,40,2,2,1
4,42,11,2008,2,1,1,1,1,1,1,1,1,1,1,5,1,1,9,6,1,1,40,2,2,0
23,42,7,2008,1,1,1,1,1,1,3,1,1,1,1,1,1,1,9,6,1,1,23,1,2,0
23,42,7,2008,1,1,1,1,1,1,3,1,1,1,1,1,1,1,10,6,1,2,33,1,0,0
23,42,7,2008,4,1,1,1,1,1,3,1,1,1,1,1,1,1,10,6,1,2,33,1,0,0
23,42,8,2008,1,1,1,1,1,1,3,1,1,1,1,1,1,1,10,6,1,2,33,1,0,0
23,42,9,2008,1,1,1,1,1,1,3,1,1,1,1,1,1,1,10,6,1,2,33,1,0,0
23,42,9,2008,4,1,1,1,1,1,3,1,1,1,1,1,1,1,10,6,1,2,33,1,0,0
23,42,9,2008,1,1,1,1,1,1,3,1,1,1,1,1,1,1,10,6,1,2,33,1,0,0
23,42,11,2008,4,1,1,1,1,1,3,1,1,1,1,1,1,1,10,6,1,2,33,1,0,0
23,42,11,2008,2,1,1,1,1,1,1,1,1,1,1,1,1,1,10,6,1,2,33,1,0,0
23,42,11,2008,4,1,1,1,1,1,3,1,1,1,1,1,1,1,10,6,1,2,33,1,0,0
23,42,12,2008,2,1,4,1,1,1,1,1,1,1,1,1,1,1,9,6,1,1,45,2,2,0
1,20,3,2008,1,1,8,2,1,1,2,1,1,1,1,2,1,2,18,6,1,1,33,2,2,0
1,20,5,2008,3,7,8,1,2,1,1,1,1,1,1,2,1,2,4,4,1,1,35,2,2,1
3,20,8,2008,3,1,1,2,2,1,1,1,1,1,1,3,1,2,19,11,1,1,28,2,2,0
2,20,1,2008,3,1,1,1,2,1,1,1,1,1,1,2,1,2,9,11,1,7,33,2,2,1
2,20,10,2008,2,1,1,1,2,1,1,1,1,1,1,2,1,1,4,6,1,7,33,1,2,0
4,20,6,2008,2,1,3,1,2,1,1,1,1,1,2,3,1,2,14,6,1,2,33,2,2,0
4,20,7,2008,1,1,1,1,1,1,1,1,1,1,1,2,1,2,7,11,1,7,33,2,2,0
4,20,9,2008,2,1,1,2,1,1,1,2,1,1,1,4,1,1,9,4,1,7,25,2,2,0
4,20,10,2008,2,7,1,1,2,1,1,1,1,1,1,2,3,2,14,5,1,2,35,2,2,0
1,21,1,2008,2,1,1,2,2,1,1,1,1,1,1,5,1,1,9,6,1,1,33,2,2,1
1,21,1,2008,2,1,1,2,2,1,1,1,1,1,1,1,1,2,9,6,1,1,80,2,2,0
1,21,2,2008,3,1,1,2,1,1,1,1,1,1,1,5,1,1,9,6,1,1,45,2,2,0
2,21,9,2008,3,1,1,2,2,1,1,1,1,1,1,4,1,2,4,6,1,1,30,2,2,0
2,21,2,2008,2,1,1,2,2,1,1,1,1,1,1,4,1,2,5,6,2,1,35,2,2,0
2,21,11,2008,2,1,1,2,2,1,1,1,1,3,2,4,1,2,17,6,1,1,27,2,2,0
3,21,6,2008,3,1,1,2,2,2,1,1,2,1,2,5,4,1,8,6,1,3,40,2,2,0
3,21,10,2008,4,1,1,2,2,1,4,3,1,1,2,2,1,2,14,6,1,1,33,2,2,0
4,21,3,2008,2,3,1,2,2,1,1,1,1,1,1,2,1,2,12,6,1,1,33,2,2,1
5,21,7,2008,3,1,1,2,2,2,1,1,2,1,1,2,1,2,9,6,1,1,33,2,2,0
6,21,11,2008,4,1,1,2,2,1,4,1,1,1,1,1,1,2,19,6,1,7,33,2,2,0
6,21,11,2008,3,1,1,2,2,1,1,1,1,1,1,2,1,2,4,6,1,1,30,2,2,0
6,21,11,2008,2,1,1,2,2,1,1,1,1,1,1,5,1,1,19,2,1,1,33,2,2,1
1,23,1,2008,3,1,1,2,2,1,1,1,1,1,1,3,1,1,10,1,1,1,25,2,2,1
1,23,2,2008,3,1,1,2,2,1,1,1,1,1,1,1,1,2,9,6,1,1,45,2,2,0
1,23,7,2008,4,1,1,2,2,2,4,1,2,1,1,1,1,2,9,6,1,1,25,2,2,0
1,23,7,2008,3,1,1,2,2,1,1,1,1,1,1,1,1,2,8,6,2,1,35,2,2,1
1,23,10,2008,3,1,1,2,2,1,1,1,1,1,1,4,1,2,9,6,1,1,33,2,2,1
1,23,11,2008,4,4,1,2,2,1,2,1,1,1,1,4,1,2,4,6,1,1,33,2,2,0
2,23,9,2008,2,1,1,2,2,1,1,1,1,1,1,3,1,2,9,6,1,5,45,2,2,1
1,26,10,2008,2,1,1,2,2,1,1,1,1,1,1,4,1,2,8,6,1,7,33,2,2,0
4,26,11,2008,2,1,1,1,2,1,1,1,1,1,1,1,1,2,12,6,1,1,25,2,2,0
5,26,4,2008,2,7,1,1,2,1,1,1,1,1,1,4,1,2,9,3,1,7,48,2,2,1
5,26,3,2008,2,1,1,1,2,1,1,1,1,1,1,1,1,2,10,6,1,2,33,1,0,0
6,26,5,2008,2,1,1,2,2,1,1,1,1,1,1,3,1,1,10,6,1,1,25,2,2,0
7,26,1,2008,3,4,1,2,2,1,1,1,1,1,1,4,1,1,14,6,1,1,30,2,2,0
7,26,3,2008,3,1,1,2,2,1,1,1,1,3,1,4,1,2,12,4,1,1,25,2,2,1
9,26,5,2008,3,1,1,2,2,1,1,1,1,1,1,4,1,2,4,1,1,1,28,2,2,1
9,26,7,2008,3,1,1,2,2,1,1,1,1,1,1,4,1,2,8,9,1,1,33,2,2,0
1,19,2,2008,2,1,1,2,2,1,1,1,1,1,1,2,1,2,4,6,1,1,33,2,2,0
1,19,7,2008,2,1,1,2,2,1,1,1,1,1,1,2,1,2,4,6,1,1,33,2,2,0
1,19,7,2008,3,1,1,2,2,1,1,1,1,1,1,2,1,2,19,6,1,1,33,2,2,0
1,19,11,2008,2,1,1,2,2,1,1,1,1,1,1,2,1,2,9,6,1,1,33,2,2,0
2,19,3,2008,4,1,1,2,2,1,4,1,1,1,1,5,1,1,7,6,1,1,28,2,2,1
3,22,3,2008,2,1,1,2,2,1,1,1,1,1,1,4,4,2,14,6,1,1,33,2,2,0
3,22,7,2008,2,2,1,2,2,2,1,1,2,1,1,1,1,1,14,6,1,1,30,2,2,0
1,22,1,2008,2,1,1,2,2,1,1,1,1,1,1,1,1,2,12,6,1,1,33,2,2,0
1,22,6,2008,3,1,1,1,1,1,2,2,2,1,1,3,1,2,12,11,1,1,40,2,2,0
1,22,6,2008,1,1,1,1,2,1,1,1,1,2,1,1,2,2,9,6,1,1,33,1,1,0
1,22,7,2008,3,1,1,1,2,1,1,2,1,1,1,3,1,2,9,6,1,1,33,2,2,1
1,22,9,2008,4,1,1,1,1,1,1,1,1,1,3,1,2,2,4,6,1,1,35,2,2,1
6,18,1,2008,2,1,1,1,2,1,1,1,1,1,1,1,2,2,9,5,1,7,32,2,2,0
6,18,1,2008,4,1,1,1,2,1,1,1,1,1,1,2,1,2,17,5,1,7,47,2,2,0
6,18,2,2008,3,1,1,1,2,1,1,1,1,1,1,1,1,2,11,6,1,7,33,2,2,0
6,18,2,2008,4,1,1,1,2,1,4,1,1,1,1,1,1,2,10,6,1,2,33,1,0,0
6,18,3,2008,3,1,1,1,2,1,1,1,1,1,1,1,1,2,5,6,1,1,33,2,2,0
6,18,3,2008,2,1,1,1,2,1,1,2,2,1,1,2,1,2,8,5,1,1,33,2,2,0
6,18,3,2008,3,1,1,1,2,1,1,1,1,1,1,1,1,2,7,6,1,1,33,2,2,0
6,18,4,2008,1,1,1,1,2,1,4,1,1,1,1,1,1,2,14,6,1,7,33,2,2,0
6,18,4,2008,3,1,1,1,2,1,1,1,1,1,1,1,1,2,8,11,1,3,33,2,2,0
6,18,5,2008,3,7,1,1,2,1,1,1,1,1,1,1,1,2,9,11,1,3,33,2,2,0
6,18,5,2008,3,1,1,1,2,1,1,1,1,1,1,1,1,2,14,4,1,7,33,2,2,0
6,18,5,2008,3,7,8,1,2,1,1,1,1,1,1,2,1,2,13,6,1,3,33,2,2,0
6,18,8,2008,2,1,1,1,2,1,1,1,1,1,1,1,1,2,19,6,1,7,33,2,2,0
6,18,9,2008,3,7,1,1,2,1,1,1,1,1,1,4,1,2,4,6,1,1,33,2,2,1
6,18,10,2008,4,1,1,1,2,1,2,1,1,1,1,1,1,2,4,6,1,1,33,2,2,0
6,18,11,2008,5,1,1,1,2,1,1,1,1,1,1,1,1,1,4,6,1,1,33,2,2,3
4,18,1,2008,2,1,1,1,2,1,1,1,1,1,1,1,1,2,14,6,1,1,25,2,2,0
4,18,3,2008,2,1,1,2,2,1,1,1,1,1,1,1,1,2,9,11,1,7,33,2,2,1
4,18,5,2008,4,7,1,2,2,1,1,1,1,1,1,1,1,2,19,11,1,7,33,2,2,0
4,18,5,2008,3,1,1,1,2,1,1,1,1,1,1,2,1,2,19,1,1,1,30,2,2,0
4,18,10,2008,3,7,1,2,1,1,1,1,1,1,1,2,1,2,9,6,1,1,33,2,2,0
4,18,11,2008,3,7,1,1,2,1,1,1,1,1,1,1,2,1,19,1,1,1,33,2,2,0
5,18,9,2008,5,1,1,2,2,1,1,1,1,1,1,2,1,2,14,6,1,1,33,2,2,0
7,18,1,2008,2,2,3,2,2,1,1,1,1,1,1,1,1,2,13,6,1,1,33,2,2,0
7,18,3,2008,2,1,2,2,2,1,4,1,1,1,1,1,1,2,19,6,1,1,33,2,2,0
7,18,6,2008,3,1,3,2,2,1,1,1,1,1,1,1,1,2,13,6,1,1,33,2,2,0
7,18,9,2008,4,1,3,2,2,1,1,1,1,1,1,1,1,2,10,6,1,1,33,2,2,0
2,18,10,2008,3,1,1,2,2,1,1,1,1,1,1,2,1,2,9,6,1,1,35,2,2,0
1,18,1,2008,1,1,1,2,2,1,1,1,1,1,1,1,1,2,12,6,1,1,33,2,2,0
1,18,2,2008,2,1,1,2,1,1,2,1,1,1,1,2,1,2,9,6,1,1,33,2,2,0
1,18,3,2008,3,1,4,1,2,1,1,1,1,1,1,1,1,1,14,6,2,1,33,2,2,1
1,18,4,2008,2,1,1,1,2,1,1,1,1,1,1,2,1,2,10,6,1,2,33,1,0,1
1,18,5,2008,2,1,1,1,2,1,1,1,1,1,1,2,1,2,4,6,1,1,33,2,2,0
1,18,7,2008,3,1,1,1,2,1,1,1,1,1,1,2,1,2,14,11,1,1,33,2,2,0
1,18,8,2008,3,1,1,1,2,1,1,1,1,1,1,2,1,2,10,6,1,1,33,2,2,0
1,18,8,2008,2,1,1,1,2,1,1,1,1,1,1,2,1,2,14,11,1,1,33,2,2,0
1,18,9,2008,1,1,1,1,2,1,1,1,1,1,1,1,1,2,19,6,1,1,33,2,2,0
1,18,10,2008,3,1,1,1,2,1,1,1,1,1,1,2,1,2,14,6,1,1,45,2,2,0
1,18,11,2008,3,1,1,1,2,1,1,1,1,1,1,2,1,2,9,6,1,1,33,2,2,0
1,24,3,2008,3,1,1,2,2,1,1,1,1,1,1,1,1,2,9,6,1,1,33,2,2,0
1,24,4,2008,4,1,1,2,2,1,1,1,1,1,1,1,1,2,9,6,1,3,33,2,2,0
1,24,4,2008,3,1,3,2,2,1,1,1,1,1,2,4,1,2,14,6,1,1,33,2,2,0
1,24,4,2008,3,1,1,2,2,1,1,1,1,1,1,1,1,2,9,6,1,1,33,2,2,1
1,24,7,2008,4,1,1,2,2,1,4,1,1,1,1,1,1,2,19,6,1,1,33,2,2,0
1,24,8,2008,3,1,1,2,2,1,1,1,1,1,1,1,1,2,9,6,1,1,33,2,2,0
1,24,8,2008,1,1,1,2,2,1,2,1,1,1,1,1,1,2,14,6,1,1,33,2,2,0
1,24,9,2008,4,1,1,2,2,1,3,1,1,1,1,5,1,1,19,6,1,1,33,2,2,3
1,24,9,2008,2,1,1,2,2,1,1,1,1,1,1,1,1,2,9,6,1,1,33,2,2,0
1,24,9,2008,4,1,1,2,2,1,2,1,1,1,1,1,1,2,6,6,1,1,33,2,2,0
1,24,9,2008,1,1,1,2,2,1,2,1,1,1,1,1,1,1,9,6,1,1,33,2,2,0
1,24,9,2008,3,1,2,2,2,1,1,1,1,1,1,2,1,1,4,6,1,1,33,2,2,0
1,24,10,2008,1,1,1,2,2,1,2,2,1,1,2,1,1,2,9,1,1,1,33,2,2,0
1,24,10,2008,3,1,1,2,2,1,1,1,1,1,1,1,1,1,14,6,1,1,30,2,2,0
1,24,11,2008,2,1,1,2,2,1,1,1,1,1,1,1,1,2,14,6,1,1,33,2,2,0
2,24,7,2008,1,7,1,2,2,1,4,1,1,1,3,1,1,2,7,6,1,1,29,2,2,0