Thana,District,Month,Year,Time,Junction_Type,Traffic_Control,Movement,Divider,Weather,Light,Road_Geometry,Surface_Condition,Surface_Type,Surface_Quality,Road_Class,Road_Feature,Location_Type,Vehicle_Type,Vehicle_Movement,Vehicle_Loading,Vehicle_Defect,Vehicle_Driver_Age,Vehicle_Alcohol,Vehicle_Seat_Belt,Accident_Severity
2,24,9,2008,1,1,1,2,2,1,1,1,1,3,2,4,1,2,19,6,1,1,30,2,2,0
5,24,2,2008,3,1,1,2,2,1,1,1,1,1,1,4,1,2,9,6,1,7,27,2,2,0
5,24,2,2008,1,1,1,2,2,1,1,1,1,1,1,4,1,2,4,6,1,1,33,2,2,0
5,24,5,2008,2,1,1,2,2,1,2,1,1,1,1,1,1,2,9,6,1,1,33,2,2,0
5,24,10,2008,1,1,1,2,2,2,1,1,2,1,1,4,1,2,9,6,1,1,33,2,2,0
7,24,2,2008,2,1,1,2,2,1,1,1,1,1,1,1,1,2,14,6,1,1,28,2,2,0
7,24,3,2008,3,1,1,2,2,1,1,1,1,1,1,3,1,2,11,6,1,1,25,2,2,3
7,24,6,2008,3,1,1,2,2,1,1,1,1,1,1,3,1,2,11,6,1,1,33,2,2,0
7,24,12,2008,4,1,1,2,2,1,4,1,1,1,1,1,1,2,14,6,1,1,33,2,2,0
6,24,4,2008,2,2,1,1,1,1,1,2,1,1,1,2,1,2,9,6,1,1,33,2,2,0
8,24,1,2008,2,1,1,2,2,1,1,1,1,1,1,4,1,2,4,6,1,1,33,2,2,0
8,24,5,2008,3,1,1,2,1,1,1,1,1,1,1,1,1,2,14,9,1,1,42,2,2,0
8,24,7,2008,2,1,1,2,1,1,1,1,1,1,1,1,1,2,14,6,1,1,38,2,2,0
8,24,9,2008,2,1,1,2,2,1,1,1,1,1,1,1,1,2,9,6,1,1,33,2,2,0
8,24,10,2008,3,1,1,2,2,1,1,1,1,1,1,1,1,2,9,6,1,1,33,2,2,0
8,24,11,2008,2,1,1,2,2,1,1,1,1,1,1,1,1,2,9,6,1,1,33,2,2,0
4,24,2,2008,3,1,1,1,2,1,1,1,1,1,1,4,1,2,9,6,1,1,30,2,2,0
4,25,11,2008,2,1,1,2,1,1,1,1,1,1,1,4,1,2,10,6,1,1,45,2,2,1
1,25,8,2008,4,1,1,1,2,1,3,1,1,1,1,5,1,1,11,6,1,1,33,2,2,1
1,25,9,2008,2,1,1,2,2,1,1,1,1,1,1,4,1,2,9,5,1,1,33,2,2,0
1,25,9,2008,3,1,1,2,2,1,1,1,1,1,1,4,1,2,14,6,1,1,33,2,2,0
3,25,3,2008,4,1,1,1,2,1,2,1,1,1,1,4,1,2,9,6,1,1,32,2,2,0
3,25,5,2008,3,1,1,2,2,1,1,1,1,1,1,4,1,2,9,6,1,1,35,2,2,0
1,29,3,2008,2,1,1,2,2,1,1,1,1,1,1,1,1,2,9,6,1,1,30,2,2,1
1,29,3,2008,3,1,1,2,2,1,1,1,1,1,1,1,1,2,10,6,1,1,33,2,2,0
1,29,10,2008,3,1,1,2,2,1,1,1,1,1,1,1,1,2,13,5,1,7,33,2,2,0
1,29,11,2008,3,1,1,2,2,1,2,1,1,1,1,2,1,2,10,6,1,1,33,2,2,0
2,29,10,2008,3,7,1,2,2,1,1,1,1,1,1,2,1,2,9,6,1,1,38,2,2,0
3,29,4,2008,1,1,1,2,2,1,2,1,1,1,1,1,1,2,9,6,1,1,33,2,2,0
5,29,1,2008,2,1,1,2,2,1,1,1,1,1,1,1,1,2,9,6,1,1,33,2,2,0
6,29,2,2008,2,1,1,2,2,1,1,1,1,1,1,1,1,2,9,6,1,3,30,2,2,1
7,29,3,2008,3,1,1,2,2,1,1,1,1,3,2,4,1,2,4,6,1,2,28,2,2,0
7,29,8,2008,1,7,1,2,2,1,2,1,1,1,2,2,1,2,8,6,1,1,33,2,2,0
7,29,9,2008,2,7,8,2,2,1,1,1,1,1,2,2,1,2,9,6,1,1,33,2,2,0
8,29,9,2008,3,7,1,2,2,1,1,1,1,1,1,1,1,2,12,6,1,1,33,2,2,0
6,24,8,2008,3,1,1,2,2,1,1,1,1,1,2,2,1,2,9,6,1,1,33,2,2,3
2,24,9,2008,2,1,1,2,2,1,1,1,1,1,1,1,1,2,9,6,1,1,45,2,2,0
1,20,12,2008,2,1,1,1,2,1,1,1,1,1,1,1,1,2,4,6,1,1,33,2,2,0
3,20,12,2008,4,1,1,2,2,1,1,1,1,1,1,2,1,2,14,6,1,7,33,2,2,0
6,18,12,2008,3,1,1,2,2,1,1,1,1,1,1,1,1,2,9,6,1,1,33,2,2,0
6,18,12,2008,2,1,1,1,2,4,4,1,1,1,1,1,1,2,9,6,1,1,33,2,2,0
4,18,12,2008,4,1,1,1,2,4,4,1,1,1,1,4,1,2,4,6,1,1,33,2,2,0
2,18,12,2008,2,1,1,2,2,1,1,1,1,1,1,2,1,2,8,6,1,1,43,2,2,0
4,22,6,2008,3,1,1,1,2,1,1,1,1,1,1,3,1,2,4,6,1,1,22,2,2,0
4,29,5,2008,4,1,1,2,2,1,1,1,1,1,1,1,1,2,9,6,1,3,36,1,2,0
3,29,2,2008,3,1,1,2,2,1,1,1,1,1,1,1,1,2,9,6,1,1,33,2,2,1
3,29,3,2008,3,7,1,1,1,1,1,1,1,1,1,1,1,2,9,6,1,1,33,2,2,0
5,29,1,2008,2,1,1,2,2,1,1,1,1,1,1,1,1,2,9,6,1,1,33,2,2,0
5,29,12,2008,2,1,1,2,2,2,1,1,2,1,1,1,1,2,9,6,1,1,33,2,2,0
5,29,5,2008,1,1,1,2,2,1,2,1,1,1,1,1,1,2,7,6,1,4,38,2,2,0
5,29,5,2008,3,1,1,2,2,1,1,1,1,1,1,1,1,2,13,6,1,1,28,2,2,0
3,18,5,2008,2,1,1,2,1,1,1,1,1,1,1,2,1,2,6,6,1,1,33,2,2,0
3,18,7,2008,1,1,1,2,1,1,1,1,1,1,1,2,1,2,6,6,1,7,20,2,2,0
3,18,8,2008,1,1,1,2,2,1,1,1,1,1,1,4,1,2,14,6,2,7,32,2,2,0
3,18,9,2008,3,1,8,2,2,1,1,1,1,1,1,1,1,2,7,6,1,1,33,2,2,1
3,18,12,2008,1,1,1,2,2,1,1,1,1,1,1,1,1,2,4,6,1,1,35,2,2,1
1,20,9,2008,1,1,1,2,2,1,2,1,1,1,1,4,1,1,10,6,1,2,33,1,0,0
1,18,12,2008,4,1,1,2,2,1,3,1,1,1,1,1,1,2,14,6,2,1,33,2,2,0
1,18,12,2008,4,1,1,2,2,1,4,1,1,1,1,1,1,2,11,6,1,1,33,2,2,0
1,19,7,2008,2,1,1,2,2,1,1,1,2,1,1,2,2,2,4,6,1,1,33,2,2,0
3,29,1,2008,2,1,1,2,2,1,1,1,1,1,1,1,1,2,6,6,1,1,33,2,2,0
3,29,6,2008,3,1,1,2,2,1,1,1,1,1,1,1,1,1,12,6,1,1,33,2,2,1
12,29,5,2008,3,1,1,2,2,1,1,1,1,1,1,1,1,2,9,6,1,1,33,2,2,0
3,29,6,2008,3,1,1,2,2,1,1,1,1,1,1,1,1,2,9,6,1,1,33,2,2,0
3,29,11,2008,2,1,1,2,2,1,1,1,1,1,1,1,1,2,4,6,1,1,33,2,2,1
1,28,6,2008,3,1,1,2,2,1,1,1,1,1,1,1,1,2,12,6,1,1,33,2,2,1
1,24,8,2008,2,1,1,2,2,1,1,1,1,1,1,1,1,1,9,6,1,1,33,2,2,0
4,24,1,2008,2,1,1,2,2,1,1,1,1,1,1,3,1,2,4,6,1,1,33,2,2,0
1,24,10,2008,2,1,1,2,2,1,1,1,1,1,1,1,1,2,9,6,1,1,36,1,0,0
5,26,6,2008,3,1,1,2,2,1,1,1,1,1,1,1,1,1,12,6,1,1,33,2,2,1
2,28,11,2007,2,7,8,1,1,1,1,1,1,1,1,5,1,1,10,6,1,1,20,2,2,3
1,28,4,2008,3,3,4,2,2,1,1,1,1,1,1,5,1,1,10,11,1,1,35,2,2,1
1,28,2,2008,2,3,2,2,1,1,1,2,1,1,1,5,4,1,9,9,2,1,33,1,2,0
1,28,5,2008,3,4,4,2,2,1,2,4,1,1,1,5,1,1,19,6,1,1,33,1,2,0
1,28,8,2008,2,3,4,2,2,1,1,2,1,1,1,2,1,1,7,7,1,1,35,2,2,1
1,28,10,2008,3,1,6,2,1,1,1,1,1,1,1,3,1,1,14,6,2,7,33,1,2,0
1,28,12,2008,1,2,1,2,1,1,3,5,1,1,1,1,2,1,14,11,1,1,37,2,2,2
2,28,7,2008,4,6,1,2,2,1,2,1,1,1,1,1,1,1,14,11,1,7,29,2,2,1
3,28,7,2008,2,3,1,2,2,1,1,1,1,1,1,5,1,1,4,5,1,1,33,2,1,3
3,28,12,2008,3,2,1,2,2,1,1,1,1,1,1,1,1,1,9,5,1,1,33,2,2,1
3,28,1,2008,2,1,1,2,2,1,1,1,1,1,1,5,1,1,9,11,1,1,35,2,2,0
4,28,1,2008,2,1,1,2,2,1,1,1,1,1,1,5,1,1,9,6,1,7,33,1,2,0
4,28,2,2008,4,7,1,2,2,1,3,1,1,1,1,5,1,1,4,6,1,7,32,1,2,1
4,28,3,2008,2,7,1,2,2,1,1,1,1,1,1,1,1,1,9,6,1,7,33,1,2,1
4,28,3,2008,2,6,1,2,2,1,1,1,1,1,1,1,1,1,14,6,1,7,33,1,2,0
5,28,5,2008,1,2,1,1,2,1,4,1,1,1,1,3,1,1,14,11,2,3,35,1,2,0
5,28,6,2008,3,1,8,1,2,1,1,1,1,1,1,1,1,1,19,11,1,1,33,1,2,0
5,28,8,2008,1,1,3,2,1,1,4,2,1,1,1,3,1,1,8,11,1,7,18,1,2,0
4,28,5,2008,1,1,1,2,2,1,2,1,1,1,1,5,1,1,14,6,1,5,33,1,2,2
5,28,1,2008,3,1,1,2,2,1,1,1,1,1,1,5,1,1,9,5,1,1,32,2,2,0
5,28,12,2008,2,1,1,2,2,1,4,1,1,1,1,1,1,1,9,11,1,7,35,2,2,1
4,28,9,2008,3,1,1,2,2,1,1,1,1,1,1,1,1,2,9,6,1,7,33,1,2,0
1,3,3,2008,2,7,1,2,2,1,1,1,1,1,1,1,1,1,4,6,1,7,33,1,2,0
4,3,3,2008,3,7,3,2,2,1,2,1,1,1,1,3,1,1,7,6,1,7,30,2,2,0
1,2,2,2008,4,7,1,2,2,1,4,1,1,1,1,1,1,1,8,6,1,7,33,2,2,0
8,13,2,2008,2,7,1,2,2,1,1,1,1,1,2,3,1,2,19,6,1,7,33,2,2,0
1,3,2,2008,2,7,1,2,2,1,2,1,1,1,1,4,1,2,19,6,1,7,33,2,2,0
6,3,1,2008,4,1,1,2,2,4,1,1,1,1,3,3,2,1,8,6,1,1,32,2,2,0
3,8,1,2008,4,7,1,2,2,1,2,1,1,1,1,3,1,2,14,6,1,7,33,2,2,0
3,8,1,2008,3,1,1,2,2,1,1,1,1,1,1,1,1,1,9,6,1,1,33,2,2,1
7,8,1,2008,3,7,3,2,2,1,1,1,1,1,1,3,1,2,4,6,1,7,48,2,2,0
1,2,1,2008,3,1,8,2,2,1,2,1,1,1,1,1,1,1,9,6,1,7,33,2,2,0
1,2,1,2008,2,7,1,2,2,4,1,1,1,1,1,1,1,1,9,6,1,7,33,2,2,0
1,2,1,2008,3,1,1,2,2,1,1,1,1,1,1,3,1,2,8,6,1,7,33,2,2,0
1,1,3,2008,4,4,1,2,2,1,4,2,1,2,1,4,1,2,14,1,1,7,33,2,2,0
1,1,2,2008,2,1,1,2,2,1,1,1,1,1,1,1,1,1,8,11,1,1,32,2,2,0
5,1,1,2008,3,7,1,2,2,1,1,2,1,1,1,1,1,1,17,6,1,7,33,2,2,0
5,1,2,2008,4,7,1,2,2,1,4,1,1,1,1,1,1,1,14,6,1,7,33,2,2,0
3,10,9,2008,2,1,1,2,2,1,2,1,1,1,1,2,1,2,14,6,1,1,33,2,2,0
12,9,3,2008,3,1,1,2,2,1,2,1,1,1,1,1,1,2,12,6,1,1,22,2,2,0
12,9,7,2008,3,7,1,2,2,1,2,1,2,1,1,1,1,2,9,11,1,1,33,1,2,0
1,12,3,2008,3,1,1,2,2,1,1,1,1,1,1,2,1,1,6,1,1,1,33,2,2,3
1,12,3,2008,2,3,1,2,2,1,1,1,1,1,1,2,1,1,14,6,1,7,32,2,2,0
1,5,5,2008,1,1,1,2,2,1,4,1,1,1,1,1,1,2,13,6,1,1,35,2,2,0
1,5,6,2008,3,7,1,2,2,1,1,1,1,1,1,1,1,2,14,6,1,1,24,2,2,0
8,5,1,2008,4,7,1,2,2,1,3,1,1,1,1,1,1,2,4,6,1,1,35,2,2,1
8,5,5,2008,4,1,1,2,2,1,1,1,1,1,1,1,1,2,13,6,1,1,42,2,2,1
8,5,8,2008,1,7,1,2,2,2,4,1,2,1,1,1,1,1,19,6,1,1,33,2,2,0
2,5,2,2008,2,7,1,2,2,1,1,1,1,3,2,4,1,2,19,6,2,7,22,2,2,0
5,5,7,2008,1,7,1,2,2,1,2,1,1,1,1,1,1,1,9,2,1,7,38,2,2,0
6,5,5,2008,3,1,1,2,2,1,1,1,1,1,1,1,1,1,14,11,1,7,33,2,2,0
6,5,6,2008,2,1,1,2,2,2,1,1,2,1,1,1,1,1,9,6,1,7,33,2,2,3
6,5,7,2008,4,3,1,2,2,1,4,1,1,1,1,3,1,2,8,6,1,7,40,2,2,0
6,5,8,2008,2,1,1,2,2,2,1,2,2,1,1,1,1,2,9,1,2,7,45,2,2,0
6,5,8,2008,3,7,1,2,2,1,1,1,1,1,1,1,1,1,9,6,2,7,33,2,2,0
4,5,3,2008,3,2,1,2,2,1,1,1,1,1,1,1,1,2,8,6,1,1,33,2,2,0
5,12,9,2008,3,7,1,2,2,1,1,1,1,1,1,3,1,2,14,6,1,3,28,2,2,0
3,12,9,2008,3,1,1,2,2,1,1,1,1,1,2,3,3,2,14,5,1,1,33,2,2,0
4,9,1,2008,3,1,1,2,2,1,1,1,1,1,1,4,1,2,4,6,1,1,33,2,2,0
1,12,1,2008,2,3,3,2,2,1,1,1,1,1,1,2,1,1,9,6,1,6,33,2,2,0
5,12,1,2008,3,1,1,2,2,1,1,1,1,1,2,3,1,2,13,6,1,7,39,2,2,0
3,12,1,2008,2,1,1,2,2,1,1,1,1,1,1,4,1,2,4,6,1,7,33,2,2,0
4,12,1,2008,3,1,1,2,2,1,1,1,1,1,1,4,1,1,19,6,1,7,33,2,2,0
1,12,5,2008,3,7,1,2,2,1,1,1,1,1,1,3,1,2,16,6,1,1,33,2,2,0
1,12,5,2008,2,7,1,2,2,1,1,1,1,1,1,1,1,1,14,6,1,1,33,2,2,0
6,4,8,2008,3,7,1,2,2,1,1,1,1,1,1,1,1,1,9,6,1,1,30,2,2,1
1,4,1,2008,3,3,8,1,2,1,2,1,1,1,1,5,1,2,9,4,1,7,35,2,2,0
6,4,3,2008,2,7,8,2,2,1,1,1,1,1,1,2,1,2,9,6,1,7,33,2,2,0
1,4,2,2008,3,1,1,2,2,1,1,1,1,1,1,2,1,1,19,6,2,7,33,2,2,0
1,4,1,2008,3,1,1,2,2,1,1,1,1,1,1,5,1,1,14,11,1,1,40,2,2,0
7,9,9,2008,4,1,8,2,2,1,3,1,1,1,1,1,1,1,19,11,1,7,33,2,2,0
11,9,6,2008,3,7,1,2,2,3,1,1,2,1,2,3,1,2,4,7,2,7,33,2,2,0
4,2,8,2008,3,1,1,2,2,1,1,1,1,1,1,2,1,2,17,6,1,1,17,2,2,0
5,2,7,2008,1,1,1,2,2,1,1,1,1,1,1,3,1,2,4,7,1,7,27,2,2,0
1,12,10,2008,2,3,8,2,2,1,1,1,1,1,1,3,1,2,9,6,1,1,33,2,2,0
1,11,10,2008,4,1,1,2,2,1,1,1,1,1,1,5,1,1,14,11,1,7,33,2,2,0
3,11,10,2008,3,7,3,2,2,1,1,1,5,1,1,3,1,2,9,11,1,7,40,2,2,0
6,11,10,2008,2,1,3,2,2,1,2,3,1,1,1,2,1,2,8,2,1,7,33,2,2,0
5,11,9,2008,2,1,3,2,2,1,1,5,1,1,1,2,1,2,4,6,1,7,33,2,2,0
5,11,10,2008,1,7,8,2,2,1,2,4,5,1,2,2,5,2,13,6,1,7,40,2,2,0
10,11,1,2008,3,1,1,2,2,1,1,1,1,1,1,3,1,2,8,6,1,7,33,2,2,0
6,11,2,2008,2,1,1,2,2,1,1,1,1,1,1,2,1,2,8,6,1,7,33,2,2,0
1,2,4,2008,3,1,8,2,2,1,1,1,1,1,1,3,1,2,16,6,1,1,35,2,2,0
5,9,3,2008,4,3,8,2,2,1,3,3,1,1,3,1,2,1,14,11,1,7,28,2,2,0
2,16,1,2008,3,1,1,2,2,1,1,1,1,3,2,4,1,2,9,6,1,7,33,2,2,0
10,16,1,2008,1,6,4,2,2,1,2,1,1,1,1,3,1,2,19,11,1,7,33,2,2,0
1,9,1,2008,3,7,1,2,2,1,1,1,1,1,1,3,1,2,9,6,1,1,35,2,2,0
6,9,1,2008,2,7,1,2,2,1,1,1,1,1,1,2,1,1,19,6,1,7,33,2,2,0
3,13,3,2008,3,7,8,2,2,1,1,1,1,1,1,3,1,2,14,6,1,1,25,2,2,1
6,9,5,2008,4,7,3,2,2,1,2,1,1,1,1,2,1,1,13,6,1,1,38,2,2,0
6,9,4,2008,3,7,3,2,2,1,1,1,1,1,1,2,1,1,13,6,1,1,38,2,2,0
2,9,4,2008,3,7,8,2,2,1,1,1,1,1,1,2,1,1,9,6,1,1,33,1,2,0
7,9,5,2008,3,7,8,2,2,1,1,1,1,1,1,1,1,1,8,11,1,1,33,2,2,0
3,9,6,2008,3,7,3,2,2,1,1,1,1,1,1,4,1,2,13,1,1,7,33,2,2,0
7,16,9,2008,3,1,8,2,2,1,1,1,1,1,1,1,1,1,8,4,2,7,33,2,2,0
11,16,9,2008,3,1,3,2,2,1,1,1,1,1,1,1,1,2,9,6,1,7,33,2,2,0
10,16,9,2008,4,7,1,2,2,1,2,1,1,1,1,2,1,2,13,6,1,7,33,2,2,0
10,16,9,2008,4,1,1,2,2,1,2,1,1,1,1,2,1,2,14,6,1,7,33,2,2,0
2,16,3,2008,3,3,1,2,2,1,1,1,1,1,1,4,1,2,9,6,1,1,33,1,2,0
9,16,3,2008,2,7,1,2,2,1,1,1,1,1,1,1,1,1,9,11,1,7,35,2,2,0
10,16,3,2008,3,3,4,2,2,1,1,1,1,1,1,1,1,1,8,11,1,7,33,2,2,0
1,6,3,2008,2,1,1,2,2,1,1,1,1,1,1,1,1,1,14,6,1,7,35,2,2,0
1,6,4,2008,2,1,1,2,2,1,1,1,1,1,1,1,1,1,9,6,1,7,33,2,2,0
1,6,4,2008,2,1,1,1,2,1,2,1,1,1,1,1,1,2,14,6,1,7,35,2,2,0
1,6,5,2008,2,1,1,2,2,1,1,1,1,1,1,1,1,1,9,6,2,1,28,1,2,0
1,6,5,2008,3,1,1,2,2,1,1,2,1,1,1,1,1,1,9,2,2,6,40,2,2,0
1,6,8,2008,2,2,3,2,2,1,1,1,1,1,1,3,1,1,13,11,1,7,33,2,2,0
2,6,3,2008,2,7,1,2,2,1,1,1,1,1,1,1,1,1,13,6,1,1,33,2,2,0
2,6,9,2008,4,7,8,2,2,1,4,1,1,1,1,4,1,2,4,11,1,1,27,2,2,0
4,6,3,2008,3,1,1,2,2,1,1,1,1,1,1,1,1,1,14,11,1,1,48,2,2,0
4,6,5,2008,2,1,1,2,2,1,2,2,1,1,1,1,1,1,9,6,1,1,38,2,2,0
4,6,2,2008,4,1,1,2,2,1,2,2,1,3,1,3,1,1,17,11,1,3,28,2,2,0
3,6,2,2008,2,1,3,2,2,1,1,1,1,1,1,1,1,2,9,6,1,1,40,2,2,0
3,6,4,2008,3,1,1,2,2,1,1,2,1,1,1,1,1,1,9,1,1,1,29,2,2,3
7,13,7,2008,2,1,1,2,2,1,2,1,1,1,1,4,1,2,9,6,1,1,33,2,2,1
8,13,7,2008,3,7,1,2,2,1,2,1,2,1,1,1,1,2,7,11,1,7,33,2,2,0
8,13,7,2008,3,1,1,2,2,2,1,1,2,1,1,1,1,2,9,6,1,1,33,2,2,0
6,15,9,2008,2,1,1,2,2,2,1,2,2,1,1,1,1,2,14,11,1,1,35,2,2,0
1,15,11,2008,4,7,1,2,2,1,2,2,1,1,1,1,1,2,14,11,1,7,33,2,2,1
1,15,10,2008,2,1,1,2,2,1,1,1,1,1,1,1,1,1,8,11,1,7,42,2,2,0
1,15,10,2008,1,1,1,2,2,2,4,1,2,1,1,1,1,2,14,11,1,7,38,2,2,0
1,15,10,2008,2,1,1,2,2,1,1,1,1,1,1,1,1,1,8,11,1,7,33,2,2,0
7,3,10,2008,3,7,1,2,2,1,1,1,1,1,1,2,1,2,8,6,1,3,45,2,2,1
6,3,10,2008,4,7,1,2,2,1,3,1,1,1,1,1,1,2,9,6,1,1,40,2,2,0
10,16,4,2008,3,3,5,2,2,1,1,1,1,1,1,1,1,2,8,6,1,7,33,2,2,0
10,16,4,2008,3,7,8,2,2,1,1,1,1,1,1,2,1,2,14,8,1,1,28,2,2,0
10,16,4,2008,1,7,1,1,1,1,2,1,1,1,1,2,1,2,13,6,1,7,33,2,2,0
4,16,4,2008,3,1,1,2,2,1,1,1,1,1,1,3,1,2,9,6,1,7,33,2,2,0
12,16,5,2008,2,1,8,2,2,1,1,2,1,2,2,3,4,2,9,6,1,7,33,2,2,0
9,16,5,2008,3,1,8,2,2,1,1,1,1,1,1,1,1,1,9,6,1,7,33,2,2,0
7,16,5,2008,3,2,1,2,2,1,1,1,1,1,1,1,1,2,9,6,1,7,33,2,2,0
10,15,5,2008,3,1,4,2,2,1,1,1,1,1,1,3,1,2,14,5,1,2,33,2,2,0
8,16,5,2008,3,1,1,2,2,1,1,1,1,1,2,4,1,2,14,6,1,7,33,2,2,0
10,16,6,2008,2,1,1,2,2,1,1,1,1,1,1,1,1,1,14,6,1,3,33,2,2,0
7,16,6,2008,2,7,8,2,2,1,1,1,1,1,1,3,1,2,14,11,1,6,26,2,2,1
1,12,7,2008,3,3,8,2,2,2,1,4,2,1,1,3,1,2,9,11,2,7,29,2,2,0
1,12,7,2008,4,7,1,2,2,1,2,1,2,1,1,5,1,1,14,6,1,1,35,2,2,0
1,12,7,2008,2,2,4,1,2,1,1,4,1,1,1,2,1,2,9,6,1,1,33,2,2,0
5,13,9,2008,3,2,2,2,2,2,1,1,1,1,1,2,1,2,14,6,1,1,33,2,2,0
8,13,9,2008,1,1,3,2,2,1,4,1,1,1,1,2,1,2,14,11,1,1,33,2,2,0
8,13,9,2008,2,1,3,2,1,1,1,1,1,1,1,2,1,2,14,1,1,1,33,2,2,0
8,13,9,2008,4,1,1,2,1,1,4,1,1,1,1,2,1,2,14,2,1,1,33,2,2,0
8,13,9,2008,4,1,1,2,1,1,2,1,1,1,1,2,1,2,14,1,1,1,33,2,2,0
8,13,9,2008,3,1,3,2,2,1,1,1,1,1,1,2,1,2,19,11,1,1,33,2,2,0
10,16,2,2008,3,1,1,2,2,1,1,1,1,1,1,2,1,1,9,6,1,7,33,2,2,0
3,2,3,2008,1,1,8,2,2,1,2,1,1,1,1,3,1,1,14,11,2,7,33,2,2,0
7,13,1,2008,2,1,3,2,2,1,1,1,1,1,1,2,1,1,12,6,1,7,22,2,2,0
5,13,1,2008,4,7,1,2,2,1,2,1,1,1,1,2,1,1,9,6,1,7,33,2,2,0
1,9,3,2008,4,7,1,2,2,1,4,1,1,3,1,4,1,2,13,11,1,7,33,2,2,0
1,9,5,2008,3,1,1,2,2,1,1,1,1,1,1,1,1,1,14,6,1,5,42,2,2,0
1,9,6,2008,4,3,4,2,2,1,3,1,1,1,2,5,1,2,6,6,1,7,33,2,2,1
1,9,6,2008,4,7,1,2,2,1,4,1,2,1,1,1,1,1,8,6,1,7,33,2,2,0
9,9,4,2008,3,1,1,2,2,1,1,1,1,1,2,4,1,2,13,6,1,1,33,2,2,0
9,9,6,2008,2,7,1,2,2,2,1,1,2,3,1,4,1,2,13,6,1,7,33,2,2,0
1,15,1,2008,2,1,1,2,2,1,1,1,1,1,1,5,1,1,7,11,1,1,35,2,2,0
1,15,2,2008,3,7,8,2,2,1,1,1,1,1,1,1,1,1,9,7,1,1,33,2,2,0
1,15,4,2008,3,7,2,2,2,1,1,1,1,1,1,1,1,1,6,11,1,7,33,2,2,0
1,15,4,2008,3,7,1,2,2,1,1,1,1,1,1,1,1,1,4,6,1,7,25,2,2,0
1,15,6,2008,1,3,1,2,2,2,2,1,2,1,1,1,1,1,14,6,1,1,33,2,2,0
1,15,6,2008,2,3,1,2,2,2,1,2,1,1,1,1,1,1,13,11,1,7,33,2,2,0
5,15,1,2008,3,7,8,2,2,1,1,1,1,1,1,1,1,1,4,11,1,7,35,2,2,0
6,15,3,2008,2,2,1,2,2,1,1,1,1,1,1,1,1,1,8,6,1,1,33,2,2,0
6,15,3,2008,2,1,1,2,2,1,1,1,1,1,1,1,1,1,9,6,1,1,33,2,2,0
3,15,6,2008,2,1,1,2,2,1,1,1,1,1,1,1,1,1,9,6,1,7,31,2,2,1
3,15,1,2008,3,7,1,2,2,4,1,2,1,1,2,3,1,2,9,5,1,7,33,2,2,0
5,15,11,2008,3,7,1,2,2,1,1,1,1,1,1,3,1,2,19,11,2,7,30,1,2,1
1,15,11,2008,2,1,1,2,2,1,1,1,1,1,1,1,1,2,9,6,1,1,33,2,2,0
4,15,11,2008,3,7,3,2,1,1,2,3,1,1,1,2,1,2,7,11,1,7,32,2,2,0
5,15,11,2008,3,7,1,2,2,1,1,1,1,1,1,2,4,2,17,1,1,7,40,2,2,0
3,15,10,2008,3,7,1,2,2,1,1,1,1,1,1,1,1,1,14,6,1,1,39,2,2,0
4,7,11,2008,3,4,8,2,2,1,1,2,1,1,1,3,1,2,17,1,1,1,35,2,2,0
9,7,11,2008,3,1,8,2,2,1,1,2,5,1,2,4,1,2,16,6,1,1,22,1,2,0
1,7,11,2008,4,1,1,2,2,1,3,1,1,1,2,3,1,1,14,6,1,1,33,1,2,0
7,7,11,2008,2,7,8,2,2,1,1,1,1,1,1,3,1,2,14,6,1,1,33,2,2,1
10,16,10,2008,2,7,8,2,2,1,1,1,1,1,1,3,1,2,14,6,1,1,25,2,2,0
10,16,10,2008,2,7,1,2,2,1,1,1,1,1,1,3,1,2,9,11,1,7,33,2,2,0
11,16,10,2008,3,7,1,2,2,1,1,3,1,3,2,3,1,2,13,7,1,3,33,2,2,0
10,16,10,2008,2,1,3,2,2,1,1,1,1,1,1,1,1,2,9,6,1,1,33,2,2,0
11,16,10,2008,4,1,8,2,2,1,1,1,1,1,2,1,1,2,14,5,2,7,48,2,2,0
1,16,10,2008,3,1,1,2,2,1,1,1,1,1,1,3,1,2,7,6,1,1,33,2,2,1
6,4,11,2008,4,1,1,2,2,1,3,1,1,1,1,1,1,1,9,6,1,1,41,2,2,0
2,4,10,2008,1,1,1,2,2,1,2,2,1,3,2,4,1,2,19,6,1,1,37,2,2,1
4,11,12,2008,3,7,3,2,2,1,1,1,1,1,1,2,1,2,8,5,1,7,31,2,2,0
5,11,12,2008,3,7,8,2,2,1,1,5,5,3,2,2,1,1,17,11,2,3,35,2,2,0
3,2,12,2008,2,1,1,2,2,1,1,1,1,1,1,3,1,2,6,6,1,3,25,2,2,0
3,2,12,2008,3,1,1,2,2,1,2,1,1,1,1,3,1,2,4,4,1,1,20,2,2,0
1,15,12,2008,3,7,1,2,2,1,2,1,1,1,1,1,1,2,19,11,1,7,33,2,2,0
4,15,12,2008,1,1,1,2,2,1,2,2,1,1,1,3,1,2,9,5,1,1,33,2,2,0
7,7,12,2008,4,7,8,2,2,1,2,1,1,1,1,4,1,2,14,6,1,1,33,2,1,0
8,7,12,2008,2,7,1,2,2,4,4,1,1,1,1,1,1,1,9,6,2,7,33,2,2,0
7,13,11,2008,2,1,1,2,2,1,1,1,1,1,1,4,1,2,4,5,1,7,25,2,2,0