Thana,District,Month,Year,Time,Junction_Type,Traffic_Control,Movement,Divider,Weather,Light,Road_Geometry,Surface_Condition,Surface_Type,Surface_Quality,Road_Class,Road_Feature,Location_Type,Vehicle_Type,Vehicle_Movement,Vehicle_Loading,Vehicle_Defect,Vehicle_Driver_Age,Vehicle_Alcohol,Vehicle_Seat_Belt,Accident_Severity
5,13,12,2008,3,2,8,2,2,1,1,1,1,1,1,2,1,1,4,6,1,1,48,1,2,1
1,13,12,2008,2,1,8,2,2,1,1,1,1,1,1,3,1,2,1,6,1,1,33,2,2,1
1,12,7,2008,2,2,4,2,2,1,1,4,1,1,1,2,1,2,9,6,1,1,33,2,2,0
1,12,7,2008,3,1,8,2,2,1,4,4,2,1,1,3,1,2,9,11,1,7,33,2,2,0
1,12,7,2008,4,7,8,2,2,1,2,1,2,1,1,2,1,1,14,6,1,1,35,2,2,0
1,12,6,2008,2,1,3,2,2,4,1,1,2,1,1,2,1,2,9,6,1,1,40,2,2,0
1,12,6,2008,3,1,8,2,2,1,1,1,1,1,1,2,1,1,14,6,1,1,28,2,2,0
1,12,5,2008,3,7,1,2,2,1,1,1,1,1,1,3,1,2,19,6,1,7,33,2,2,0
1,12,5,2008,2,7,1,2,2,1,1,1,1,1,1,2,1,1,13,6,1,7,33,2,2,0
4,12,5,2008,3,7,8,2,2,1,1,1,1,1,1,4,1,2,14,11,1,7,33,2,2,0
3,12,4,2008,2,7,8,1,2,1,1,1,1,1,1,4,1,2,5,11,1,7,33,2,2,0
5,12,3,2008,3,7,8,2,2,1,1,1,1,1,1,3,1,2,8,4,1,6,33,2,2,0
1,12,3,2008,2,7,8,2,2,1,2,1,1,1,1,2,1,1,14,6,1,1,32,2,2,0
1,12,3,2008,3,7,1,2,2,1,1,1,1,1,1,3,1,2,8,6,1,1,33,2,2,1
5,12,12,2008,1,2,1,2,2,1,2,1,1,1,1,3,1,2,19,6,1,7,33,2,2,0
3,12,1,2008,2,1,4,2,2,1,1,1,1,1,1,3,1,2,4,6,1,7,33,2,2,0
1,12,1,2008,2,1,1,2,2,4,1,1,2,1,1,2,1,2,9,6,1,3,33,2,2,0
8,13,10,2008,2,7,4,2,2,1,2,2,1,1,1,1,1,2,14,6,1,1,33,2,2,0
10,16,11,2008,3,7,1,2,2,1,1,1,1,1,1,1,1,2,14,11,1,7,33,2,2,0
11,16,11,2008,2,3,8,2,2,1,1,2,1,1,1,1,1,2,14,6,2,7,35,2,2,0
1,10,6,2008,2,1,1,2,2,1,1,2,1,1,2,3,1,2,13,2,1,7,33,2,2,1
1,10,3,2008,3,1,1,2,2,1,1,1,1,1,1,3,1,2,6,6,1,3,27,2,2,1
2,10,3,2008,2,1,8,2,2,1,1,1,1,1,1,3,1,2,4,6,1,7,33,2,2,1
5,10,5,2008,2,7,3,2,2,1,1,1,1,1,1,3,1,2,8,6,2,1,33,2,2,0
4,10,3,2008,3,7,2,2,2,1,1,1,1,1,1,3,1,2,6,11,1,7,33,2,2,1
8,13,11,2008,3,1,1,2,2,1,1,1,3,1,1,1,1,2,9,6,1,7,40,2,2,0
3,13,11,2008,3,7,8,2,2,1,1,1,1,1,1,3,1,2,8,6,1,7,40,2,2,1
4,2,11,2008,1,3,1,2,2,1,1,1,1,1,3,4,4,2,13,5,1,1,30,2,2,0
4,2,11,2008,2,7,1,2,2,1,2,1,1,1,1,3,1,2,4,6,2,1,25,2,2,0
1,2,11,2008,2,7,1,2,2,1,1,2,1,1,1,1,1,1,8,6,1,7,33,2,2,0
6,3,9,2008,4,7,1,2,2,1,4,1,1,1,1,1,1,2,14,6,1,7,24,2,2,1
1,3,9,2008,3,7,1,2,2,1,1,1,1,1,1,2,1,2,14,11,1,1,42,2,2,0
1,5,10,2008,1,7,1,2,2,1,1,1,1,1,1,1,1,2,9,6,1,7,33,2,2,1
3,5,9,2008,4,7,1,2,2,1,4,1,2,1,1,3,1,2,9,6,1,1,45,2,2,0
5,5,9,2008,3,1,1,2,2,1,1,1,1,1,1,1,1,2,14,6,1,1,33,2,2,0
5,5,9,2008,2,7,1,2,2,1,1,1,1,1,1,1,1,1,9,6,1,7,45,2,2,0
6,5,11,2008,2,1,1,1,2,1,2,1,1,1,1,1,1,2,19,6,1,7,33,2,2,0
5,12,11,2008,4,1,1,2,2,1,2,1,1,1,1,3,1,2,14,6,1,1,35,2,2,0
5,12,11,2008,4,1,1,2,2,1,4,1,1,1,1,2,1,1,14,11,1,7,33,2,2,0
5,1,11,2008,2,1,8,2,2,1,1,1,1,1,1,4,1,2,17,6,1,1,32,2,2,0
1,15,1,2008,3,7,8,2,2,1,1,1,1,1,1,5,1,1,14,11,1,7,33,2,2,1
6,15,5,2008,3,1,1,2,2,1,1,1,1,1,1,1,1,2,9,6,1,7,38,2,2,0
2,15,6,2008,3,1,1,2,2,1,1,1,1,1,1,3,1,2,19,6,1,6,19,2,2,0
5,15,4,2008,4,7,8,2,2,1,4,1,1,1,1,3,1,2,14,6,1,7,33,2,2,0
5,15,5,2008,2,7,1,2,2,1,1,1,1,1,1,1,1,1,9,2,1,1,33,2,2,0
3,15,6,2008,3,7,1,2,2,1,1,1,1,2,2,3,1,2,9,11,1,1,48,2,2,0
3,15,6,2008,1,1,1,2,2,1,2,2,1,1,1,1,2,2,13,2,1,1,33,2,2,0
3,15,8,2008,4,1,1,2,2,1,2,1,1,1,1,1,2,2,9,6,1,1,48,2,2,0
1,3,8,2008,3,3,1,2,2,1,1,1,1,1,1,2,1,2,19,6,1,1,33,2,2,0
1,9,7,2008,2,7,1,1,2,1,2,2,1,1,1,3,1,2,7,6,1,1,33,2,2,0
12,9,8,2008,2,7,1,2,2,1,1,1,1,1,1,4,1,2,6,6,1,1,33,2,2,0
6,3,8,2008,2,2,8,2,2,1,2,1,1,1,1,2,1,2,14,6,1,1,30,2,2,0
10,16,7,2008,1,1,1,2,2,1,1,1,1,1,1,4,1,2,19,6,1,7,33,2,2,0
10,16,7,2008,1,1,1,2,2,1,4,1,1,1,1,2,1,2,14,6,1,1,27,2,2,0
10,16,7,2008,4,7,4,2,2,1,4,1,1,1,1,1,1,2,19,6,1,1,33,2,2,0
10,16,7,2008,3,7,1,2,2,1,1,1,1,1,1,1,1,1,7,6,1,1,33,2,2,1
1,16,8,2008,3,7,1,2,2,1,1,1,1,1,1,3,1,2,9,6,1,7,33,2,2,0
8,16,8,2008,3,7,1,2,2,1,1,1,1,1,1,4,1,2,7,6,1,7,33,2,2,1
7,16,8,2008,4,2,1,2,2,1,2,1,1,1,1,1,1,2,7,5,1,1,33,2,2,0
10,16,8,2008,1,1,1,1,2,1,2,1,1,1,1,1,1,1,19,6,1,7,33,1,2,0
10,16,8,2008,4,3,1,2,2,2,4,1,2,1,1,2,1,2,14,6,1,1,35,2,2,0
10,16,8,2008,4,7,1,2,2,1,1,1,1,1,1,1,1,2,14,5,1,7,33,2,2,0
10,16,8,2008,2,7,4,2,2,1,1,1,1,1,1,2,1,1,14,5,1,7,33,2,2,0
10,16,8,2008,3,7,1,2,2,1,1,1,1,1,1,1,1,2,9,6,1,7,33,2,2,0
11,16,8,2008,2,1,8,2,2,1,2,2,1,1,1,1,1,2,14,5,1,7,35,2,2,0
4,3,6,2008,2,7,1,2,2,1,1,1,1,1,1,1,1,2,9,6,1,7,36,2,2,1
1,12,6,2008,3,3,8,2,2,1,1,1,1,1,1,2,1,1,14,6,1,7,28,2,2,0
1,12,6,2008,2,3,3,2,2,4,2,1,2,1,1,2,1,1,9,6,1,1,40,2,2,0
3,12,6,2008,2,1,1,2,2,1,1,1,1,1,1,4,1,2,14,6,1,7,48,2,2,0
9,13,6,2008,3,1,1,2,2,2,1,1,2,1,1,3,1,1,14,6,2,1,32,2,2,1
8,13,6,2008,2,7,3,2,2,1,1,1,2,1,1,1,1,1,9,11,1,1,33,2,2,0
3,13,6,2008,3,1,8,2,2,1,1,1,1,1,1,3,1,2,14,9,1,7,33,2,2,0
1,11,5,2008,2,1,1,2,2,1,1,1,1,1,1,1,1,2,8,8,1,7,33,2,2,0
1,11,1,2008,2,5,1,2,2,1,2,2,1,1,1,2,1,1,14,6,1,7,33,2,2,0
1,11,5,2008,2,1,1,2,2,1,1,1,1,1,1,5,1,1,10,6,1,7,33,2,2,3
1,11,4,2008,3,1,1,2,2,1,1,1,1,1,1,5,1,1,14,6,1,7,33,2,2,0
1,11,8,2008,2,1,1,2,2,1,1,3,1,1,2,4,1,2,14,11,1,7,35,2,2,0
1,11,1,2008,2,2,1,2,2,1,1,1,1,1,1,3,1,2,8,6,1,1,35,2,2,0
10,11,5,2008,2,7,8,2,2,1,1,1,1,1,1,4,1,2,19,6,1,1,33,2,2,0
3,11,1,2008,2,3,1,2,2,1,1,1,1,1,1,1,1,2,14,9,2,1,30,2,2,0
3,11,8,2008,4,3,1,2,2,1,4,1,1,2,2,4,4,2,19,6,1,1,33,2,2,0
3,11,8,2008,2,7,1,2,2,1,1,1,1,3,2,3,4,2,9,4,2,7,33,2,2,0
5,11,7,2008,2,3,3,2,2,1,1,1,1,1,1,3,1,2,4,8,1,1,33,2,2,0
5,11,1,2008,3,1,1,2,2,1,1,1,1,1,1,3,1,2,14,6,1,1,33,2,2,0
6,11,1,2008,2,1,1,2,2,4,1,1,2,1,1,2,1,1,9,6,1,7,33,2,2,0
6,11,3,2008,4,7,1,2,2,4,1,4,3,3,3,4,3,2,14,6,1,7,33,2,2,0
7,11,1,2008,3,1,1,2,2,1,1,1,1,1,1,4,1,2,19,6,1,7,33,2,2,1
4,11,5,2008,3,7,8,2,2,1,1,1,1,1,1,2,1,2,14,6,1,1,35,2,2,1
11,11,5,2008,3,7,1,2,2,1,1,1,1,1,1,3,1,1,4,6,1,7,35,2,2,3
1,3,11,2008,3,2,8,2,2,1,1,1,1,1,1,1,1,2,8,6,1,1,33,2,2,0
12,9,8,2008,3,1,1,2,2,1,1,4,2,1,2,1,1,1,9,6,1,7,33,2,2,0
2,9,12,2008,4,3,1,2,2,1,2,1,1,1,2,3,1,2,19,11,1,7,33,2,2,0
2,9,12,2008,4,2,1,2,2,4,4,3,1,1,2,2,1,1,13,11,2,7,33,2,2,0
12,9,12,2008,1,2,8,2,2,4,4,1,1,1,1,4,1,2,7,6,1,7,33,2,2,0
1,9,8,2008,2,2,1,2,2,1,2,1,1,1,1,1,1,1,7,6,1,1,28,2,2,0
1,9,8,2008,3,1,1,2,2,1,2,1,1,1,1,1,1,1,14,6,1,1,33,2,2,0
12,9,7,2008,2,7,1,2,2,1,4,1,1,1,1,1,1,1,14,6,2,7,33,2,2,0
12,9,4,2008,4,7,1,2,2,2,4,2,2,1,1,1,1,1,4,6,1,1,45,2,2,0
10,9,7,2008,3,7,1,2,2,2,1,1,2,1,1,1,1,1,9,6,1,1,35,2,2,0
1,17,9,2008,3,1,1,2,2,1,1,1,1,1,1,1,1,1,14,6,1,1,33,2,1,0
9,17,11,2008,3,7,6,2,2,1,1,1,1,1,1,1,1,1,9,11,1,7,33,2,2,0
9,17,9,2008,3,7,8,2,2,1,1,1,1,1,1,1,1,1,19,6,2,1,33,2,1,0
9,17,9,2008,3,3,8,2,2,1,2,1,1,1,1,1,1,1,7,6,1,1,33,2,2,0
9,17,8,2008,1,1,1,2,2,1,2,1,1,1,1,1,1,1,14,6,1,1,40,2,1,1
2,17,3,2008,3,1,1,2,2,1,1,2,1,2,3,4,1,2,14,6,2,1,35,2,2,0
7,17,10,2008,3,1,1,2,2,1,1,1,1,1,1,3,1,1,4,6,1,1,33,2,2,0
7,17,10,2008,2,1,1,2,2,1,1,1,1,1,1,1,1,2,12,11,1,1,33,1,2,0
7,7,11,2008,2,1,1,2,2,1,1,2,1,1,1,4,1,2,10,6,1,1,33,2,2,3
5,17,8,2008,3,7,8,2,2,1,1,1,1,1,1,4,1,2,19,6,1,7,30,2,2,0
5,17,8,2008,3,1,1,2,2,1,1,2,1,1,1,4,1,2,14,6,1,1,33,2,2,0
5,17,3,2008,3,7,8,2,2,1,1,1,1,1,1,4,1,2,9,6,1,7,35,2,2,0
3,17,1,2008,3,3,3,2,2,1,1,1,1,1,1,1,1,1,13,11,1,7,33,2,1,0
3,17,2,2008,2,7,3,2,2,1,1,1,1,1,1,1,1,1,13,11,1,7,33,2,2,0
3,17,6,2008,2,2,8,2,2,1,4,1,1,1,1,3,1,2,19,11,1,7,33,2,2,0
3,17,8,2008,3,7,3,2,2,1,1,1,1,1,1,1,1,1,19,11,1,7,33,2,2,0
3,17,9,2008,2,7,2,2,2,1,1,1,1,1,1,1,1,1,9,11,1,7,33,2,2,0
8,17,2,2008,1,7,8,2,2,1,1,1,1,1,1,1,1,1,19,11,1,1,40,2,2,0
8,17,1,2008,1,1,8,2,2,1,1,1,1,1,1,4,1,1,19,11,1,1,45,2,2,0
8,17,1,2008,4,1,8,2,2,1,1,1,1,1,1,4,1,1,9,4,1,1,33,2,2,0
8,17,8,2008,4,7,8,2,2,1,4,1,1,1,1,4,1,2,7,6,1,1,33,2,2,0
2,17,3,2008,3,7,3,2,2,1,1,1,2,1,1,1,1,1,9,11,1,7,35,2,2,0
10,16,12,2008,1,7,1,1,1,1,3,1,1,1,1,1,1,1,14,8,1,1,33,2,2,0
10,16,12,2008,3,2,1,2,2,1,1,1,1,1,1,1,1,1,9,6,1,1,45,2,2,0
10,16,12,2008,2,2,1,2,2,1,1,1,1,1,1,2,1,2,13,6,1,6,42,2,2,0
11,16,12,2008,2,5,3,2,2,1,2,2,1,1,1,1,1,2,9,6,1,7,24,2,2,0
11,16,12,2008,2,7,8,2,2,4,2,1,5,1,3,2,1,1,13,6,1,1,33,2,2,0
11,16,12,2008,3,7,3,2,1,1,2,1,1,1,1,3,1,2,7,6,1,7,20,2,2,0
1,3,12,2008,2,1,1,2,2,1,1,1,1,1,1,2,1,1,8,6,1,1,33,2,2,0
7,3,12,2008,3,7,1,2,2,1,1,1,1,1,1,2,1,1,7,6,2,1,33,2,1,3
1,6,5,2008,3,1,1,2,2,1,1,2,1,1,1,1,1,2,9,1,1,1,40,2,2,1
1,6,6,2008,1,1,1,1,2,1,2,1,1,1,1,1,1,2,9,6,1,1,38,2,2,0
1,6,10,2008,2,1,1,1,2,1,1,1,1,1,1,1,1,1,8,6,1,1,38,2,2,0
4,6,10,2008,3,7,3,2,2,1,1,1,1,1,1,1,1,1,9,4,1,1,40,2,2,0
1,8,2,2008,3,7,1,2,2,1,1,1,1,1,1,4,1,2,14,11,1,7,20,2,2,0
1,8,11,2008,2,1,1,2,2,1,1,1,1,1,1,2,1,1,8,6,1,1,33,1,2,0
1,8,9,2008,3,1,1,2,2,1,1,1,1,1,1,2,1,2,13,11,1,1,33,2,2,0
1,8,8,2008,1,1,1,2,2,2,2,1,2,1,1,2,1,2,8,6,1,1,30,2,2,0
4,8,6,2008,1,1,8,2,2,1,2,1,1,1,1,2,1,2,4,6,2,7,33,2,2,0
4,8,5,2008,3,1,8,2,2,1,1,1,1,1,1,2,1,2,8,6,1,1,33,2,2,0
4,8,5,2008,3,1,8,2,2,1,2,1,1,1,1,3,1,2,14,11,1,1,33,2,2,0
4,8,5,2008,2,1,8,2,2,1,1,1,1,1,1,1,1,1,7,6,1,1,30,2,2,1
4,8,7,2008,2,7,8,2,2,1,1,1,1,1,1,1,1,1,9,6,1,1,33,2,2,0
4,8,10,2008,1,7,1,2,2,4,1,1,1,1,1,3,1,1,9,6,1,7,33,2,2,0
4,8,12,2008,3,7,1,2,2,1,2,1,1,1,1,1,1,1,12,6,1,1,32,2,2,0
2,8,3,2008,2,7,8,2,2,1,1,1,1,1,1,3,1,2,19,11,1,7,33,2,2,0
6,8,10,2008,4,7,8,2,2,1,3,1,1,1,1,3,1,2,4,6,1,7,26,2,2,3
5,8,6,2008,4,1,1,2,2,1,4,1,1,1,1,1,1,1,9,6,1,1,33,2,2,0
3,8,5,2008,3,3,1,2,2,1,1,1,1,1,1,1,1,1,8,6,1,1,40,2,2,0
3,8,5,2008,2,1,1,2,2,1,1,1,1,1,1,1,1,1,8,6,1,1,33,2,2,0
3,8,6,2008,4,1,1,2,2,1,2,1,1,1,1,1,1,1,14,6,1,1,33,2,2,0
3,8,4,2008,3,1,1,2,2,1,1,1,1,1,1,4,1,2,19,4,1,7,25,2,2,0
3,8,11,2008,1,2,8,1,2,1,1,1,1,1,1,3,1,1,14,6,1,7,45,2,2,0
3,12,6,2008,2,1,1,2,2,1,1,1,1,1,1,4,1,2,14,6,1,1,48,2,2,0
5,4,3,2008,4,3,1,2,2,1,3,1,1,1,1,4,1,2,4,6,1,1,25,2,2,0
10,7,3,2008,3,1,1,2,2,1,1,1,1,1,1,4,1,2,17,2,1,1,33,2,2,0
3,7,6,2008,4,1,1,2,2,1,2,4,1,1,1,4,1,2,14,11,1,1,28,1,2,1
1,7,7,2008,2,1,1,2,2,1,1,1,1,1,1,4,1,2,4,6,1,2,33,1,2,0
4,5,12,2008,4,7,8,1,2,4,3,1,1,1,1,1,1,2,9,6,1,1,33,2,2,0
5,13,12,2008,4,1,1,2,2,4,2,3,1,1,1,3,1,2,9,6,1,1,33,2,2,0
1,11,5,2008,4,1,1,2,2,1,4,1,2,1,2,4,1,2,14,6,1,1,45,2,2,0
4,10,10,2008,4,1,1,2,2,1,4,1,1,1,1,2,1,2,14,6,2,3,30,2,2,0
5,10,3,2008,2,1,1,2,2,1,1,1,1,1,1,3,1,2,8,6,2,7,33,2,2,1
6,5,4,2008,1,1,1,2,2,1,2,1,1,1,1,1,1,1,14,6,1,1,33,2,2,0
6,5,8,2008,3,1,1,2,2,1,1,1,1,1,1,1,1,2,13,3,1,1,35,2,2,0
1,2,2,2008,3,2,1,2,2,1,1,1,1,1,1,3,1,2,17,6,1,1,33,2,2,0
6,13,1,2008,3,1,1,2,2,1,1,1,1,1,1,2,1,2,9,5,1,1,33,2,2,3
4,3,12,2008,2,1,1,2,2,1,1,1,1,1,1,3,1,2,4,6,1,1,24,2,2,0
1,3,12,2008,1,1,1,2,2,1,3,1,1,1,1,4,1,2,4,6,1,1,33,2,2,0
6,16,2,2008,3,7,1,2,2,1,1,3,1,3,2,3,4,2,13,7,1,1,40,2,2,0
9,7,12,2008,1,1,1,2,2,4,4,4,1,1,2,3,1,2,14,6,2,1,48,1,2,0
2,7,12,2008,4,1,1,2,2,1,2,1,1,1,1,3,1,2,9,6,1,1,33,2,2,0
9,9,6,2008,3,1,1,2,2,1,1,1,1,1,1,4,1,2,13,8,1,1,33,2,2,0
10,9,5,2008,3,3,1,2,2,1,1,1,5,1,2,3,1,2,8,6,1,7,33,2,2,0
1,15,8,2008,4,1,1,2,2,1,3,1,1,1,1,1,1,2,9,6,2,5,36,2,2,0
2,15,7,2008,3,1,1,2,2,1,1,1,1,1,1,3,3,2,8,6,1,1,30,2,2,1
2,12,6,2008,3,1,1,2,1,1,1,2,1,1,2,1,1,2,9,2,2,7,33,1,0,0
2,17,7,2008,2,1,1,2,2,3,1,2,2,1,1,1,1,2,9,11,2,7,39,2,1,0
11,16,7,2008,1,1,1,2,1,1,4,1,1,1,1,1,1,2,19,11,1,1,33,2,2,0
10,3,7,2008,3,2,1,2,2,1,1,1,1,1,1,2,1,2,4,6,1,1,38,2,2,0
8,13,5,2008,2,1,1,2,2,1,1,1,1,1,1,1,1,1,9,6,1,1,33,2,2,1
8,13,5,2008,2,1,1,2,2,1,1,1,1,1,1,1,1,1,14,6,1,1,33,2,2,1
10,9,9,2008,2,1,1,2,2,2,2,1,2,2,1,1,1,2,13,6,1,1,33,1,2,0
3,14,1,2008,2,1,1,2,2,1,1,1,1,1,1,5,1,1,19,6,1,1,33,2,2,0
1,14,1,2008,2,2,1,2,1,1,1,1,1,1,1,5,1,1,6,6,2,7,33,2,2,0
3,14,2,2008,2,1,1,2,2,1,1,1,1,1,1,5,1,1,14,6,1,7,33,1,2,0
2,14,2,2008,2,2,1,2,2,1,1,1,1,1,1,1,1,2,9,6,1,7,45,2,2,0
2,14,2,2008,2,2,1,1,2,1,1,1,1,1,1,1,1,1,9,6,1,1,30,2,2,2
4,14,3,2008,2,1,8,2,2,1,1,1,1,1,1,1,1,2,9,11,1,7,33,1,2,0
1,14,3,2008,4,7,2,2,1,1,3,1,1,1,1,5,1,1,8,6,1,7,28,2,2,1
1,14,3,2008,2,1,2,1,1,1,2,1,1,1,1,1,1,1,7,6,1,1,27,2,2,0
2,14,4,2008,2,7,1,2,2,1,2,1,1,1,1,1,3,1,5,8,1,7,33,2,2,0
2,14,4,2008,2,1,8,2,2,1,1,1,1,1,1,1,1,2,14,6,1,1,33,2,2,1
1,14,5,2008,2,1,8,1,1,1,1,3,1,1,1,1,1,1,9,7,1,7,46,2,2,3
1,14,5,2008,3,1,1,1,2,1,2,1,1,1,1,1,1,1,13,6,1,7,40,2,2,1
3,14,5,2008,2,1,3,1,1,1,1,1,1,1,1,5,1,1,4,6,1,1,33,2,2,0
3,14,5,2008,3,1,8,2,2,1,1,1,1,1,1,1,1,1,13,6,1,7,50,2,2,1
1,14,6,2008,3,1,1,1,1,1,1,1,1,1,1,1,1,1,12,6,1,7,26,2,2,1
1,14,6,2008,4,1,8,2,2,1,1,1,1,1,1,5,1,1,13,6,1,1,58,2,2,1
1,14,7,2008,3,3,1,2,2,1,1,1,1,1,1,2,1,1,6,4,1,7,25,2,2,0
1,14,7,2008,2,1,8,2,2,1,1,1,1,1,1,5,1,1,5,11,1,7,22,2,2,1
2,14,7,2008,1,1,1,2,2,2,2,1,2,1,1,2,1,2,14,6,1,1,40,2,2,0
4,14,7,2008,4,4,8,1,2,1,2,1,1,1,1,5,1,2,9,6,2,7,33,2,2,0
2,14,8,2008,2,7,1,1,1,1,1,1,1,1,1,1,1,1,4,6,2,7,33,1,2,0
2,14,8,2008,2,1,3,2,2,1,1,1,1,1,1,1,1,2,9,6,2,7,33,1,2,0
3,14,8,2008,3,1,1,2,2,1,1,1,1,1,1,1,1,1,14,6,1,1,40,2,2,1
1,14,8,2008,1,7,4,1,1,1,2,1,1,1,1,1,1,1,9,6,1,7,33,1,2,0
1,14,8,2008,1,7,4,1,1,1,2,1,1,1,1,1,1,1,9,6,1,7,33,1,2,0
1,14,9,2008,4,3,1,2,2,1,3,1,1,1,1,5,1,1,13,2,1,1,38,2,2,0
1,14,9,2008,3,7,3,1,2,1,1,1,1,1,1,5,1,1,9,10,1,7,33,1,2,0
2,14,8,2008,4,3,1,1,2,1,2,1,1,1,1,1,1,1,4,5,1,3,27,1,2,0
1,14,10,2008,2,1,1,2,2,1,1,1,1,1,1,3,1,1,4,6,2,7,33,1,2,0
2,14,10,2008,2,4,1,2,2,1,2,1,1,1,1,1,1,1,5,5,1,3,44,2,2,0
2,14,11,2008,2,2,1,2,2,1,1,1,1,1,1,1,1,1,8,6,2,7,33,1,2,1
2,14,11,2008,2,1,1,2,2,1,3,1,1,1,1,4,1,2,17,6,1,1,33,2,2,0
1,14,11,2008,3,1,1,2,2,1,1,2,1,1,1,5,1,1,4,2,1,7,33,2,2,0
3,14,12,2008,3,1,1,2,2,1,1,1,1,1,1,2,1,1,10,6,1,1,30,1,2,0
4,54,1,2008,3,3,1,2,2,1,1,1,1,1,1,4,1,2,5,6,1,2,33,1,0,0
3,54,1,2008,3,7,8,2,2,1,1,1,1,1,1,2,1,2,12,6,1,2,33,1,2,0
5,54,1,2008,2,7,2,1,1,1,1,1,1,3,1,4,1,2,13,11,1,2,35,1,0,0
5,54,1,2008,2,7,8,2,2,1,1,1,1,1,1,4,1,2,13,6,1,2,28,1,0,0
13,54,1,2008,4,7,1,2,2,1,2,1,1,1,3,3,2,1,10,6,1,2,33,1,0,0
8,54,1,2008,3,7,1,2,2,1,2,4,1,1,1,2,1,2,15,6,1,2,33,1,0,0
9,54,1,2008,3,7,1,2,2,1,1,1,1,1,1,2,1,2,9,6,1,2,33,1,0,0
13,54,2,2008,3,7,1,2,2,1,1,1,1,1,1,1,1,2,9,6,1,2,33,1,0,0
3,54,2,2008,3,7,7,2,2,1,1,1,1,1,3,4,1,2,9,6,1,2,33,1,0,1
3,54,2,2008,2,2,2,1,2,1,1,2,1,1,1,2,1,1,4,6,1,2,33,1,2,0
3,54,3,2008,2,7,1,1,2,2,3,3,1,1,1,4,1,2,9,6,1,4,30,2,0,3
7,56,2,2008,1,2,2,1,2,4,3,1,1,1,1,1,1,2,14,6,1,2,35,2,2,0
9,54,3,2008,2,7,1,2,2,1,1,1,1,1,1,1,1,1,10,6,1,2,33,1,2,0
13,54,3,2008,2,7,1,2,1,1,2,1,1,1,1,1,1,2,9,6,1,2,33,1,0,0
13,54,3,2008,2,7,1,2,2,1,1,1,1,1,1,1,1,2,9,6,1,2,33,1,0,0
13,54,2,2008,4,7,1,2,2,1,4,1,1,1,1,1,1,2,7,6,1,2,33,1,0,1
13,54,3,2008,3,7,1,2,2,1,1,1,1,1,1,1,1,2,8,6,1,2,33,1,0,0
5,54,2,2008,4,2,8,2,2,1,2,1,3,3,2,4,1,1,17,6,1,7,33,1,0,0
5,54,3,2008,3,2,8,2,2,1,1,1,1,1,1,4,1,1,5,6,1,7,23,1,0,0
5,54,3,2008,3,7,8,2,1,1,2,1,1,1,1,4,1,2,17,6,1,2,25,1,0,0
4,55,3,2008,2,7,8,1,1,1,1,1,1,1,1,4,1,1,14,11,1,2,40,2,2,0
3,54,4,2008,2,3,8,2,2,1,1,2,1,1,1,2,1,2,8,1,1,2,45,2,2,0
11,54,1,2008,3,1,1,2,2,1,1,1,1,1,1,2,1,1,7,6,1,1,33,1,0,0
11,54,3,2008,3,1,1,2,2,1,1,1,1,1,1,2,1,1,7,6,1,2,33,1,0,0
8,54,3,2008,3,7,1,1,2,1,1,1,1,1,1,4,1,2,4,6,1,2,25,1,0,0
5,54,4,2008,2,1,1,2,2,1,1,1,1,1,1,3,1,2,13,6,1,2,28,1,2,0
13,54,5,2008,4,7,1,2,2,1,4,1,1,1,1,3,1,2,19,6,1,2,33,1,0,0
3,54,1,2008,2,2,1,2,2,1,1,1,1,1,1,3,1,2,19,6,1,2,33,1,0,0
3,54,6,2008,2,3,1,2,1,1,1,1,1,1,1,2,1,2,9,6,1,2,33,2,2,0
13,54,1,2008,3,7,1,2,2,1,1,1,1,1,1,1,1,2,10,7,1,2,33,1,0,0
2,54,6,2008,3,3,1,2,2,1,1,2,1,1,1,3,1,2,13,2,1,1,22,2,2,0
13,54,7,2008,2,7,1,2,2,1,1,1,1,1,1,1,1,2,10,6,1,2,33,2,0,0
13,54,7,2008,3,7,1,2,2,1,1,1,1,1,1,1,1,2,7,6,1,2,33,2,2,0
9,54,9,2008,3,7,1,2,2,1,1,1,1,1,1,1,1,2,12,6,1,2,33,2,2,0
9,54,9,2008,3,7,1,2,2,1,1,1,1,1,1,1,1,2,8,6,1,2,33,2,2,0
4,54,9,2008,2,1,1,2,2,1,1,1,1,1,1,2,1,2,8,6,1,2,33,1,2,0
3,54,9,2008,2,1,1,2,2,1,1,1,1,1,1,2,1,2,9,6,1,2,33,2,2,0
3,56,2,2008,4,2,1,1,1,1,2,1,1,1,1,1,1,2,9,11,2,2,33,2,2,0
5,56,1,2008,2,2,1,2,1,1,1,1,1,1,1,1,1,2,19,6,1,1,33,1,0,1
1,56,3,2008,2,7,8,2,2,2,1,2,2,1,1,2,1,2,9,1,1,2,33,2,2,0
9,56,4,2008,2,2,2,2,2,1,1,5,1,1,1,1,1,2,9,11,1,7,33,1,0,0
9,56,4,2008,3,2,2,2,2,1,2,1,1,1,1,1,1,2,19,6,1,2,33,1,0,0
8,56,4,2008,2,2,2,1,1,1,1,5,1,1,1,1,1,2,9,11,1,2,33,1,0,0
2,56,4,2008,3,2,2,2,2,1,2,1,1,1,2,4,1,2,11,6,1,2,30,1,0,0
7,56,7,2008,3,2,1,2,2,1,1,1,1,1,1,1,1,2,9,6,2,7,38,2,2,0