Thana,District,Month,Year,Time,Junction_Type,Traffic_Control,Movement,Divider,Weather,Light,Road_Geometry,Surface_Condition,Surface_Type,Surface_Quality,Road_Class,Road_Feature,Location_Type,Vehicle_Type,Vehicle_Movement,Vehicle_Loading,Vehicle_Defect,Vehicle_Driver_Age,Vehicle_Alcohol,Vehicle_Seat_Belt,Accident_Severity
7,56,7,2008,1,2,2,2,2,1,2,1,1,1,1,1,1,1,19,6,1,2,33,1,0,0
9,56,7,2008,2,2,1,2,2,1,1,5,1,1,1,1,1,2,9,11,1,7,35,2,2,0
9,56,7,2008,4,2,2,2,2,1,3,5,1,1,1,1,1,2,19,6,1,2,33,1,0,0
1,56,7,2008,2,1,1,2,2,2,1,2,2,1,1,3,1,2,9,2,1,1,33,2,2,0
7,56,8,2008,2,2,2,1,2,1,1,1,1,1,1,1,1,2,9,2,1,4,31,1,0,0
7,56,7,2008,2,2,2,2,2,1,1,1,1,1,1,1,1,2,19,6,1,2,33,1,0,0
5,56,8,2008,4,7,1,2,2,1,2,1,1,1,1,2,1,1,6,11,1,2,33,1,0,0
3,56,8,2008,2,2,2,2,2,1,1,1,1,1,1,1,1,2,9,11,1,7,33,1,0,0
8,56,8,2008,1,2,2,1,2,1,3,1,1,1,1,1,1,2,7,11,1,2,35,1,0,0
8,56,8,2008,3,1,1,1,2,2,1,3,2,1,1,3,1,2,8,6,1,7,22,2,2,0
8,56,8,2008,3,2,2,2,2,1,1,5,1,1,1,1,1,2,9,11,1,7,35,1,0,1
8,56,8,2008,1,2,2,2,2,1,1,1,1,1,1,1,1,2,7,1,1,7,35,1,0,0
6,55,4,2008,4,1,1,2,2,1,2,1,1,1,1,1,1,2,10,6,1,2,33,1,0,0
1,55,4,2008,2,5,4,2,2,1,1,2,1,1,1,1,1,2,14,1,1,1,32,2,2,1
2,55,3,2008,3,2,2,1,2,1,1,1,1,1,1,4,1,1,5,6,2,2,33,1,0,0
1,55,3,2008,3,1,1,2,2,1,1,1,1,1,1,1,1,2,7,6,1,7,33,1,0,1
5,55,3,2008,2,1,1,2,2,1,1,1,1,1,1,2,1,2,11,1,1,2,33,2,2,1
5,55,5,2008,2,3,1,2,2,1,1,1,1,1,1,1,1,2,19,6,1,1,33,2,2,0
5,55,5,2008,2,3,1,2,1,2,1,1,2,1,1,3,1,2,8,6,1,2,33,1,0,0
5,55,3,2008,4,3,2,2,2,1,2,1,1,1,1,3,1,2,5,5,1,1,33,2,2,0
1,55,4,2008,4,1,1,2,2,1,4,1,1,1,1,1,1,1,19,6,1,1,33,2,2,1
3,55,6,2008,1,2,1,2,2,1,1,1,4,1,1,5,1,1,8,4,1,2,33,1,0,0
3,53,1,2008,3,7,1,1,2,1,1,1,1,1,1,4,1,2,9,11,1,7,25,2,2,0
7,53,1,2008,3,7,8,2,2,1,1,1,1,1,1,2,1,2,7,6,1,1,28,2,2,0
3,53,2,2008,2,3,1,2,2,1,1,1,1,1,1,3,1,2,5,2,1,1,27,2,2,3
1,53,2,2008,1,1,1,2,2,1,4,1,1,1,1,2,1,2,8,6,1,1,33,2,2,0
3,53,3,2008,2,7,1,1,2,1,1,1,1,3,2,4,1,2,16,6,1,2,33,2,2,0
12,53,3,2008,3,1,1,2,2,1,1,1,1,1,1,2,1,2,8,6,1,2,33,2,2,0
11,53,3,2008,3,7,1,1,2,1,1,3,2,3,2,4,1,2,19,6,1,2,27,2,2,1
1,53,4,2008,3,1,1,2,2,1,1,1,1,1,1,2,1,1,8,6,1,2,33,2,2,0
12,53,4,2008,2,1,1,2,2,1,1,1,1,1,1,1,1,2,8,6,1,2,33,2,2,0
1,53,6,2008,3,7,1,2,2,1,1,2,1,1,2,2,1,2,8,3,1,7,30,2,2,0
3,53,6,2008,3,1,8,2,2,1,1,1,1,1,1,4,1,2,6,6,1,2,33,1,0,0
11,53,6,2008,2,1,1,2,2,1,1,1,1,3,2,4,1,2,4,6,1,1,32,2,2,0
1,53,5,2008,2,1,1,2,2,2,1,1,2,1,1,3,1,2,9,6,1,2,48,2,2,0
7,53,5,2008,2,7,1,1,2,2,1,2,2,3,3,4,2,2,5,11,1,7,23,2,2,0
7,53,5,2008,1,7,2,1,2,1,4,1,1,1,2,2,2,1,14,6,1,1,33,2,2,0
6,53,5,2008,2,7,8,2,2,1,1,3,1,3,2,4,1,2,17,7,1,1,20,1,0,0
6,53,5,2008,3,5,8,2,2,1,1,3,1,3,2,4,1,2,17,6,2,1,23,2,2,0
6,53,5,2008,2,1,1,1,2,2,4,1,2,1,1,3,1,2,7,6,1,2,30,1,2,0
12,53,7,2008,2,1,1,2,2,1,1,1,1,1,1,1,1,2,8,6,1,2,33,2,2,0
3,53,6,2008,1,2,2,2,1,1,3,1,2,1,1,2,1,1,19,6,1,2,33,1,0,0
3,53,9,2008,3,7,8,2,2,1,1,1,1,1,1,3,1,2,14,11,2,7,33,1,0,0
3,53,9,2008,2,1,1,2,2,1,1,1,1,1,2,1,1,2,6,5,1,2,22,1,0,0
1,53,8,2008,3,7,8,2,2,1,1,1,1,1,1,2,1,2,8,2,1,2,33,2,2,0
12,53,7,2008,3,1,1,2,2,1,1,1,1,1,1,3,1,2,19,6,1,2,33,1,2,0
12,53,8,2008,3,1,1,2,2,1,1,1,1,1,1,2,1,2,7,6,1,2,33,2,2,1
12,53,8,2008,4,1,1,2,2,1,4,1,1,1,1,1,2,2,8,6,1,2,33,2,2,0
3,53,8,2008,2,1,1,2,2,2,1,1,2,1,1,2,1,2,12,6,2,2,33,1,2,0
3,53,8,2008,2,3,1,2,2,1,1,1,1,1,1,3,1,2,8,5,2,1,40,1,2,0
1,53,1,2008,2,4,3,2,2,1,1,1,1,1,1,2,1,2,9,4,1,1,33,1,2,0
1,53,1,2008,4,2,1,1,1,3,3,1,5,1,1,2,1,2,9,6,1,2,33,1,2,0
1,53,1,2008,2,7,1,1,2,4,1,2,1,1,1,2,1,2,8,2,1,2,28,2,2,0
1,53,10,2008,4,1,1,2,2,1,2,1,1,1,1,2,1,2,19,6,2,2,33,2,2,0
3,53,10,2008,2,1,1,2,2,1,1,1,1,1,1,2,1,2,13,6,1,2,33,1,2,0
8,56,10,2008,2,2,2,2,2,1,1,1,1,1,1,2,1,2,9,2,1,7,32,1,0,0
6,56,10,2008,2,1,2,2,2,1,1,1,1,1,1,2,1,2,8,6,2,7,32,2,2,0
5,56,10,2008,2,7,1,2,2,1,1,1,1,1,1,4,1,2,6,6,1,2,24,2,2,0
5,55,8,2008,1,2,2,2,2,1,1,1,1,1,1,2,1,2,8,5,1,2,30,1,0,0
5,55,8,2008,2,1,1,2,2,1,1,1,1,1,1,4,1,2,7,6,1,2,33,1,0,0
1,55,10,2008,4,1,1,1,2,1,2,1,1,1,1,3,1,2,13,6,1,1,28,1,0,0
7,55,10,2008,4,1,3,2,2,1,2,1,1,1,1,2,1,2,13,6,1,1,30,2,2,0
7,54,12,2008,1,1,1,1,1,4,4,1,1,1,1,3,1,2,4,1,1,2,33,1,1,0
7,54,10,2008,3,1,1,2,2,1,1,1,1,1,1,2,1,2,6,6,1,2,33,1,0,0
1,55,11,2008,3,2,2,1,1,1,1,1,1,1,1,1,1,2,19,7,1,2,33,1,0,0
6,55,11,2008,2,1,1,2,2,1,1,1,1,1,1,4,1,2,13,6,2,1,27,2,2,0
4,55,11,2008,3,1,2,2,2,1,1,1,1,1,1,2,1,2,8,5,1,2,33,1,0,0
5,55,11,2008,4,6,1,2,2,1,2,3,1,1,1,4,1,2,10,6,1,1,42,2,2,0
3,53,12,2008,3,1,1,2,2,1,1,1,1,1,1,2,1,2,8,6,1,2,33,1,2,0
3,53,12,2008,2,2,1,2,2,1,1,1,1,1,2,4,1,2,13,6,2,2,20,2,2,0
12,53,12,2008,3,1,1,2,2,1,1,1,1,1,1,2,1,2,8,6,1,2,33,2,2,0
2,53,4,2008,4,7,8,1,2,1,2,1,1,1,1,3,1,2,4,6,1,2,33,2,2,0
9,56,12,2008,3,2,2,2,2,1,1,1,1,1,1,1,1,2,14,2,2,7,45,2,2,0
8,56,12,2008,3,1,1,1,2,1,1,1,1,1,1,2,1,2,14,6,1,1,38,2,2,0
1,55,12,2008,3,1,1,2,2,1,1,1,1,1,1,3,1,2,12,3,1,1,33,2,2,0
1,55,12,2008,2,7,1,2,2,1,1,1,1,1,1,3,1,2,9,11,1,1,28,2,2,0
1,55,12,2008,3,7,8,2,2,1,1,1,1,1,1,4,1,2,19,6,1,2,33,1,0,0
6,55,12,2008,1,2,2,2,2,4,2,1,1,1,1,4,2,1,19,6,1,2,33,1,0,0
5,55,12,2008,3,7,3,2,2,1,1,1,1,1,1,3,1,2,7,6,1,2,33,1,0,3
5,55,12,2008,3,7,1,2,2,1,1,1,1,1,1,1,4,1,9,6,1,1,33,2,2,0
5,55,12,2008,3,2,3,2,2,1,1,1,1,1,1,3,1,2,4,6,1,2,33,1,0,1
7,54,11,2008,2,2,1,2,2,4,1,1,1,1,1,3,1,2,5,6,1,1,45,2,2,0
9,54,11,2008,2,1,1,2,2,1,1,1,1,1,1,2,1,2,13,6,1,1,25,2,2,0
10,54,12,2008,3,7,2,1,1,1,1,1,1,1,1,4,3,2,14,6,1,7,32,2,2,2
6,54,11,2008,2,1,1,2,2,1,1,4,1,1,1,1,1,2,7,6,1,2,33,1,2,0
1,55,5,2008,2,1,8,2,2,1,1,1,1,1,1,1,1,1,9,6,1,1,45,2,2,0
5,55,11,2008,3,3,2,2,2,4,2,2,1,1,1,1,1,2,5,1,1,2,30,2,2,0
2,55,10,2008,2,1,1,2,2,1,1,1,1,1,1,2,3,2,9,6,1,1,28,2,2,1
6,55,10,2008,4,1,1,2,2,1,2,1,1,1,1,3,1,1,3,6,1,1,24,2,1,0
1,55,7,2008,3,1,1,2,1,1,1,1,1,1,1,1,1,1,8,6,1,1,33,2,2,0
3,55,7,2008,4,4,1,1,2,1,4,2,1,1,1,3,1,2,10,6,1,2,33,1,0,0
5,55,7,2008,4,3,2,2,1,1,1,1,1,1,1,1,2,1,8,6,1,1,33,2,2,0
5,55,1,2008,1,1,1,1,2,1,1,1,1,1,1,4,1,2,7,11,1,1,33,2,2,0
3,55,1,2008,3,1,1,2,1,1,1,2,1,1,1,5,1,2,8,6,2,2,55,2,2,0
5,56,3,2008,3,1,1,2,2,1,1,1,1,1,1,1,1,2,9,6,1,1,23,1,2,0
9,54,7,2008,3,1,1,2,2,1,1,2,1,1,1,1,1,2,12,6,1,2,33,2,0,0
9,56,7,2008,2,1,1,2,2,1,1,1,1,1,1,1,1,2,9,6,1,1,27,2,2,0
8,53,4,2008,3,1,1,2,2,1,1,1,1,1,1,4,1,2,4,6,1,6,35,2,2,0
7,56,1,2008,3,1,1,2,2,1,1,1,1,1,1,1,1,2,9,2,1,7,30,2,2,1
1,2,4,2008,2,1,1,2,2,1,1,1,1,1,1,1,1,1,9,6,1,7,33,2,2,0
2,9,3,2008,2,1,1,2,2,1,1,1,1,1,1,2,1,2,8,6,1,7,33,2,2,1
1,15,2,2008,3,7,8,2,2,2,1,2,2,1,1,1,1,1,9,6,1,7,33,2,2,0
1,15,2,2008,3,7,1,2,2,1,1,1,1,1,1,1,1,2,9,6,1,7,33,2,2,0
10,9,9,2008,4,7,1,2,2,1,4,1,1,1,1,1,1,2,13,6,1,7,33,2,2,0
6,5,12,2008,1,7,8,2,2,4,1,2,1,1,1,1,1,1,9,6,1,1,33,2,2,0
10,9,4,2008,1,7,1,2,2,1,4,2,1,1,1,1,1,1,14,6,1,7,33,2,2,0
7,9,8,2008,2,7,8,1,2,1,1,2,1,1,1,4,1,2,5,6,1,7,33,2,2,0
10,16,12,2008,1,1,1,2,2,1,2,1,1,1,1,2,1,1,9,6,1,7,33,2,2,0
2,16,12,2008,4,1,8,2,2,1,4,1,1,1,1,3,1,2,8,1,1,2,30,2,2,0
5,54,2,2008,3,7,8,2,2,1,2,1,1,1,1,3,1,2,13,6,1,1,33,1,2,0
5,54,2,2008,3,1,8,2,2,1,1,1,1,1,1,4,1,2,14,1,1,2,33,1,0,0
13,54,8,2008,2,1,1,2,2,1,1,1,1,1,1,1,1,2,9,6,1,2,33,2,2,0
13,54,8,2008,4,1,1,2,2,1,4,1,1,1,1,1,1,1,14,6,1,2,33,2,2,1
1,56,1,2008,3,1,1,1,1,1,1,1,1,1,1,4,1,2,9,6,1,1,45,2,2,0
7,56,1,2008,4,7,1,2,2,1,2,1,1,1,1,1,1,2,19,6,1,2,33,1,0,0
7,56,3,2008,3,1,3,2,2,1,1,1,1,1,1,1,1,2,13,6,1,1,33,2,2,0
8,56,3,2008,1,2,2,1,1,2,2,2,1,1,1,1,1,2,9,11,2,7,30,2,2,1
5,55,8,2008,1,1,5,2,2,1,1,1,1,1,1,4,1,2,5,6,1,7,33,2,2,1
12,53,10,2008,3,1,1,2,2,1,1,1,1,1,2,2,1,2,8,6,1,2,33,1,2,0
1,31,6,2009,2,1,1,2,2,1,1,1,1,1,1,2,1,2,4,6,1,1,20,2,2,0
4,31,7,2009,3,1,1,2,2,1,1,1,1,1,1,4,1,2,4,6,1,1,27,2,2,0
3,31,1,2009,3,1,1,2,2,1,1,1,1,1,1,2,1,2,8,6,1,1,37,2,2,0
4,31,6,2009,3,1,1,2,2,2,1,1,1,2,2,4,1,2,4,6,1,1,33,2,2,0
5,31,9,2009,2,1,1,2,2,1,1,2,1,1,1,3,1,2,6,6,1,1,25,2,2,0
3,34,4,2009,1,1,1,2,2,1,4,1,1,1,1,1,1,2,7,6,1,1,33,2,2,0
3,34,2,2009,4,1,1,2,2,1,2,1,1,1,1,1,1,2,12,6,1,1,35,2,2,0
3,34,4,2009,2,1,1,2,2,1,1,1,1,1,1,4,1,2,19,6,1,1,33,2,2,0
3,34,5,2009,4,1,1,2,2,1,2,1,1,1,1,1,1,2,9,6,1,1,33,2,2,0
1,27,5,2009,2,1,1,2,2,1,1,1,1,1,1,4,1,1,4,6,1,7,25,2,2,0
1,27,5,2009,3,1,1,2,2,1,1,1,1,1,2,4,1,2,14,6,1,1,0,2,2,0
1,27,5,2009,3,1,1,2,2,1,1,2,1,1,1,2,1,2,6,6,1,7,35,1,2,0
2,27,1,2009,3,1,1,2,2,1,2,1,1,1,1,3,3,2,6,6,1,1,33,2,2,1
6,27,3,2009,2,1,1,2,1,1,1,1,1,3,3,4,1,2,13,6,1,1,33,2,2,0
5,27,11,2008,2,3,1,2,2,1,1,1,1,1,1,3,1,2,6,6,1,1,26,2,2,0
5,27,8,2009,2,1,1,2,2,1,1,1,1,1,1,4,1,2,4,6,1,7,20,2,2,0
1,33,5,2009,2,1,1,2,2,1,1,1,1,1,1,1,1,2,9,6,1,1,33,2,2,0
1,33,1,2009,4,1,1,2,2,4,4,1,1,1,1,2,1,2,6,6,1,1,33,2,2,0
3,33,4,2009,2,2,1,2,2,1,1,3,1,1,1,4,1,2,6,6,2,6,33,2,2,0
3,33,4,2009,4,3,1,2,2,4,4,1,1,1,1,4,1,2,19,6,2,1,33,2,2,0
3,33,5,2009,3,1,1,2,2,1,1,1,1,1,1,4,1,2,6,4,2,1,22,2,2,0
3,33,5,2009,3,1,1,2,2,1,1,1,1,1,1,4,1,1,19,6,1,1,35,2,2,0
3,33,7,2009,3,1,1,2,2,2,1,1,2,1,1,4,1,2,6,6,1,1,33,2,2,0
4,33,8,2009,4,1,1,2,2,1,2,1,1,1,1,2,1,2,9,6,1,3,33,1,2,0
5,33,7,2009,3,1,1,2,2,2,1,1,2,1,2,4,1,2,4,6,2,1,22,2,2,0
1,32,1,2009,3,1,1,2,2,1,1,2,1,1,1,4,1,2,4,6,2,7,33,1,2,1
1,32,5,2009,2,2,3,2,2,1,1,1,1,1,3,1,2,1,12,4,1,1,35,1,2,0
1,32,7,2009,2,1,4,2,2,1,1,1,1,1,1,2,1,1,4,6,1,1,25,2,2,0
3,32,5,2009,3,1,1,2,2,1,1,1,1,1,1,1,1,2,9,6,1,1,30,2,2,0
2,32,3,2009,3,1,1,2,2,1,1,1,1,1,1,3,1,2,4,6,1,1,33,1,2,1
1,30,5,2009,2,1,1,2,2,1,1,1,1,1,1,1,1,2,19,6,1,7,30,2,2,0
2,30,4,2009,3,1,1,2,2,1,1,1,1,1,1,4,1,2,9,6,1,1,32,2,2,0
5,27,1,2009,2,1,1,2,2,1,1,1,1,1,1,3,1,2,6,6,1,1,26,2,2,0
10,34,6,2009,3,1,3,2,2,1,1,1,1,1,1,1,1,2,9,6,1,1,42,2,2,0
4,34,1,2009,1,3,1,2,2,4,2,1,1,1,1,1,1,2,14,11,1,1,33,2,2,1
4,34,5,2009,3,1,1,2,2,1,1,1,1,1,1,1,1,2,9,6,1,1,33,2,2,0
4,34,8,2009,2,1,1,2,2,2,1,1,2,1,1,5,1,2,8,6,1,1,30,2,2,0
5,34,9,2009,4,3,1,2,2,1,1,1,1,1,1,1,1,2,4,6,2,7,33,2,2,0
7,30,2,2009,2,1,1,2,2,1,1,1,1,1,2,3,4,2,9,6,1,1,42,2,2,1
7,30,3,2009,4,1,1,2,2,1,2,1,1,1,2,1,1,2,8,6,1,1,33,2,2,1
4,30,4,2009,2,1,1,2,2,1,1,2,1,1,2,3,2,2,8,6,1,1,23,2,2,0
4,30,4,2009,3,1,1,2,2,1,1,1,1,1,1,4,1,2,6,6,1,1,33,2,2,0
4,30,6,2009,2,1,1,2,2,1,1,1,1,1,1,4,1,2,6,6,1,1,33,2,2,0
6,34,8,2009,4,1,1,2,2,1,1,1,1,1,1,1,1,2,9,9,1,1,30,2,2,0
6,34,8,2009,2,1,1,2,2,1,2,1,1,1,1,1,1,2,14,4,1,1,33,2,2,0
8,34,4,2009,2,1,1,2,2,1,1,1,1,1,1,4,1,2,6,4,1,1,27,2,2,0
7,34,2,2009,3,1,1,2,2,1,1,1,1,1,1,4,1,2,6,6,1,1,25,2,2,0
4,34,10,2009,1,1,3,2,2,1,1,1,1,1,2,4,1,2,8,6,1,1,33,2,2,0
6,34,12,2009,3,1,3,2,2,1,1,1,1,1,1,1,1,2,9,6,1,1,33,2,2,0
1,34,2,2009,2,1,3,2,2,1,1,1,1,1,1,1,1,1,14,6,1,1,33,1,2,0
1,34,1,2009,3,1,1,2,2,1,1,3,1,3,1,4,1,2,4,11,1,1,33,2,2,0
1,34,2,2009,2,1,1,2,2,1,1,1,1,1,1,5,1,1,4,2,1,7,33,1,2,0
1,34,3,2009,4,3,1,2,2,1,2,2,1,1,1,3,1,2,14,3,1,1,33,1,2,0
1,34,4,2009,3,1,1,2,2,1,1,1,1,1,1,2,1,1,9,6,1,1,33,2,2,0
1,34,5,2009,3,1,1,2,2,1,1,1,1,1,1,1,1,1,9,2,1,7,33,1,2,0
1,34,5,2009,2,1,4,2,2,1,2,1,1,1,1,5,1,1,9,2,1,1,33,2,2,0
1,34,5,2009,4,1,1,2,2,1,2,1,1,1,1,4,1,2,4,6,1,1,33,2,2,0
1,34,8,2009,2,1,1,2,2,1,1,1,1,1,1,5,1,1,14,6,1,1,33,2,2,0
1,34,9,2009,3,1,1,2,2,1,1,1,1,1,1,1,1,1,9,6,1,7,33,1,2,0
1,34,12,2009,3,1,1,2,2,1,1,1,1,1,1,5,1,1,4,6,1,1,33,2,2,0
1,34,12,2009,4,1,1,2,2,1,3,1,1,1,1,5,1,1,14,6,1,1,33,2,2,0
3,32,10,2009,3,1,1,2,2,1,1,1,1,1,1,2,1,2,11,6,1,1,45,2,2,2
1,33,12,2009,3,1,1,2,2,1,1,1,1,1,1,2,1,2,9,6,1,1,33,2,2,0
1,33,11,2009,2,1,1,2,2,1,1,1,1,1,1,3,1,2,12,6,1,1,33,2,2,0
2,33,9,2009,3,1,3,2,2,1,1,1,1,1,1,4,1,2,9,10,1,1,33,2,2,0
5,33,9,2009,3,1,1,2,2,1,1,1,1,1,2,4,1,1,4,6,1,1,25,2,2,0
6,33,11,2009,4,3,1,2,2,1,2,3,1,1,2,4,4,2,17,6,2,6,28,2,2,3
1,30,10,2009,2,1,1,2,2,1,1,1,1,1,3,3,2,1,19,6,1,1,33,2,2,0
3,30,12,2009,1,1,1,2,2,1,1,1,5,2,3,3,1,2,17,6,2,1,33,2,2,0
7,30,10,2009,3,1,1,2,2,1,1,1,1,1,1,3,1,2,8,6,1,1,40,2,2,0
1,27,12,2009,2,1,1,2,2,1,1,1,1,1,1,4,1,2,8,6,1,1,30,2,2,0
1,31,12,2009,4,1,1,2,2,1,3,1,1,1,1,2,1,2,9,6,1,1,33,2,2,0
2,31,11,2009,2,1,1,2,2,1,1,1,1,1,1,4,5,2,9,6,1,1,40,2,2,0
7,31,10,2009,2,1,3,2,2,1,1,1,1,1,1,3,4,2,9,6,1,1,40,2,2,1
9,34,6,2009,2,1,3,1,2,1,1,1,1,1,2,5,1,2,4,6,1,1,25,2,2,1
6,34,1,2009,3,1,1,2,2,1,1,1,1,1,1,1,1,2,7,6,1,7,33,2,2,0
1,30,12,2009,1,1,5,2,1,1,1,1,5,3,3,3,1,2,17,6,2,1,33,2,2,0
1,34,8,2009,2,1,1,2,2,1,2,1,1,1,1,5,1,1,4,6,1,1,33,2,2,0
3,64,2,2009,2,1,1,2,1,1,1,1,1,1,1,2,1,1,9,6,1,2,33,2,2,0
3,64,6,2009,1,1,1,2,1,1,3,1,1,1,1,5,1,1,9,6,1,1,33,2,2,0
3,64,8,2009,2,7,3,1,1,1,1,1,3,1,3,5,1,1,9,11,1,7,40,2,2,0
3,64,8,2009,2,7,3,2,2,2,1,1,2,1,3,5,1,1,8,6,1,7,33,2,2,1
3,64,8,2009,1,1,1,2,1,1,2,1,1,1,1,5,1,2,8,6,1,7,33,1,2,0
2,64,1,2009,3,1,1,2,1,1,1,1,1,1,1,1,1,1,10,6,1,2,33,1,0,0
2,64,2,2009,1,1,1,2,1,1,1,1,1,1,1,5,1,1,14,6,1,2,33,1,0,1
2,64,6,2009,2,1,1,2,1,1,1,1,1,1,1,5,1,1,14,6,1,2,33,2,2,0
2,64,8,2009,2,5,1,2,1,1,1,2,1,1,1,5,1,1,14,6,1,2,33,2,2,0
2,64,8,2009,2,3,1,2,1,1,1,1,1,1,1,1,1,1,14,6,1,2,33,2,2,0
2,64,12,2009,3,7,1,2,2,1,2,1,1,1,1,2,1,1,14,6,1,2,25,1,0,0
4,64,2,2009,2,7,8,2,2,1,1,1,1,1,1,5,1,1,14,6,1,2,33,1,0,0
5,64,2,2009,4,1,8,2,2,1,3,1,1,1,1,1,1,1,8,6,1,2,33,1,0,0
5,64,2,2009,4,1,1,1,2,1,3,1,1,1,1,1,1,1,14,6,1,2,33,1,0,0
5,64,2,2009,3,1,1,2,1,1,1,1,1,1,1,1,1,1,6,6,1,2,33,1,2,0
5,64,2,2009,4,1,8,2,2,1,2,1,1,1,1,3,1,1,14,6,1,2,33,1,2,1
5,64,5,2009,2,1,8,2,2,1,1,1,1,1,1,1,1,1,8,6,1,3,25,1,0,1
6,64,3,2009,4,7,2,2,2,1,2,1,1,1,1,5,1,1,8,6,1,2,33,1,2,0
6,64,5,2009,2,7,8,2,1,1,1,1,1,1,1,5,1,1,8,11,1,7,30,1,2,0
6,64,5,2009,3,7,6,1,1,1,1,1,1,1,1,1,1,1,9,6,1,2,20,1,0,1
6,64,5,2009,2,7,8,1,1,1,1,1,1,1,1,5,1,1,7,6,1,2,33,1,0,1
6,64,12,2009,2,7,1,2,1,1,1,1,1,1,1,1,1,1,9,6,1,2,30,1,2,0
7,64,2,2009,2,3,8,2,2,1,1,1,1,1,1,5,1,1,9,6,1,3,33,1,2,0
7,64,3,2009,3,1,8,2,2,1,1,1,1,1,1,5,1,1,4,6,1,1,33,2,2,0
7,64,5,2009,1,2,8,2,1,1,3,1,1,1,1,5,1,1,5,9,1,2,33,2,2,0
7,64,5,2009,4,1,8,2,1,1,2,1,1,1,1,5,1,1,4,5,1,2,33,2,2,1
7,64,6,2009,4,4,8,1,2,1,3,1,1,1,1,5,1,1,14,6,1,2,28,1,2,0
7,64,7,2009,2,1,1,2,1,1,1,1,1,1,1,5,1,1,14,6,1,2,30,1,2,0
7,64,8,2009,2,1,1,2,2,1,1,1,1,1,1,5,1,1,7,6,1,2,33,1,2,0
8,64,1,2009,3,1,4,2,2,1,1,1,1,1,1,5,1,1,8,6,1,2,30,2,2,0
8,64,2,2009,4,1,4,2,2,1,2,1,1,1,1,5,1,1,8,6,1,2,33,2,2,0
8,64,5,2009,4,7,1,2,2,1,4,1,1,1,1,5,1,1,4,6,1,2,33,2,2,0
8,64,6,2009,2,7,2,2,2,1,1,1,1,1,1,5,4,1,8,6,1,2,33,1,0,0
9,64,1,2009,1,3,3,2,1,1,3,1,1,1,1,5,1,1,14,6,1,7,33,1,2,0
9,64,5,2009,2,4,3,2,1,1,1,2,1,1,1,5,1,1,14,6,1,7,40,1,2,0
9,64,7,2009,4,2,3,2,2,1,2,1,1,1,1,5,1,1,7,6,1,2,45,1,2,0
9,64,9,2009,3,1,3,2,1,1,1,1,1,1,1,5,1,1,10,6,1,2,33,1,0,0
9,64,11,2009,3,1,8,2,2,1,4,1,5,1,1,5,1,1,10,6,1,2,33,1,0,0
9,64,12,2009,4,2,3,2,2,1,3,1,1,1,1,5,1,1,14,6,2,7,33,1,2,0
10,64,1,2009,2,1,1,2,2,1,1,1,1,1,1,5,1,1,8,6,1,1,33,2,2,1
10,64,4,2009,1,1,1,2,2,1,4,1,1,1,1,1,1,1,12,6,1,1,33,2,2,0
11,64,2,2009,2,7,1,1,2,1,1,1,1,1,1,2,1,1,14,6,1,1,35,2,2,0
11,64,4,2009,4,7,8,1,2,1,2,1,1,1,1,2,1,1,14,6,1,1,25,2,2,1
12,64,2,2009,2,1,1,2,2,1,1,1,1,1,1,5,1,1,9,6,1,2,35,2,2,1
12,64,3,2009,2,1,1,2,2,1,1,1,1,1,1,2,1,1,7,6,1,2,33,2,2,0
12,64,7,2009,4,1,8,2,2,1,4,1,5,1,1,1,1,2,5,6,1,6,33,1,2,0
4,64,1,2009,4,1,1,2,1,1,4,4,4,1,1,1,1,1,10,6,1,2,33,1,0,0
4,64,2,2009,2,1,1,2,2,1,1,1,1,1,1,1,5,1,13,6,1,2,33,2,2,0
4,64,3,2009,4,1,6,2,2,1,2,1,1,1,1,5,1,1,8,6,1,2,33,2,2,0
4,64,3,2009,2,1,4,2,2,1,1,1,1,1,1,5,1,1,9,6,1,2,33,2,2,0
4,64,7,2009,3,1,2,2,2,1,1,1,1,1,1,5,1,1,19,6,1,2,33,2,2,0
4,64,9,2009,1,1,1,2,1,1,3,1,1,1,1,5,2,1,19,6,1,2,33,2,2,0
4,64,9,2009,2,1,1,1,1,1,1,1,1,1,1,5,1,1,19,6,1,2,33,2,2,0
6,64,1,2009,2,1,2,2,1,1,1,2,1,1,1,1,1,1,7,6,1,1,33,2,2,0
11,64,2,2009,2,1,1,2,2,1,1,1,1,1,1,5,1,1,14,6,1,1,35,2,2,0
9,64,9,2009,3,3,3,2,1,1,1,1,5,1,1,5,1,1,9,6,1,1,33,2,2,0
2,64,3,2009,4,1,1,2,1,1,3,1,1,1,1,5,1,1,14,6,1,1,33,1,2,0
1,57,3,2009,3,1,1,2,2,1,1,1,1,1,1,1,1,2,9,6,2,1,28,2,2,0
1,57,3,2009,3,3,1,2,2,1,1,1,1,1,1,1,1,2,6,6,1,1,33,1,2,0
1,57,4,2009,4,3,1,2,2,1,2,1,1,1,1,1,1,2,9,6,2,1,33,2,2,0
1,57,4,2009,3,1,1,2,2,1,1,1,1,1,1,1,1,1,14,6,1,1,33,2,2,0
1,57,4,2009,2,1,1,2,2,1,1,1,1,1,1,1,1,2,12,6,1,1,33,2,2,0
8,57,3,2009,3,7,1,2,2,1,1,1,1,1,1,1,1,2,6,6,1,7,33,2,2,0