Thana,District,Month,Year,Time,Junction_Type,Traffic_Control,Movement,Divider,Weather,Light,Road_Geometry,Surface_Condition,Surface_Type,Surface_Quality,Road_Class,Road_Feature,Location_Type,Vehicle_Type,Vehicle_Movement,Vehicle_Loading,Vehicle_Defect,Vehicle_Driver_Age,Vehicle_Alcohol,Vehicle_Seat_Belt,Accident_Severity
8,57,4,2009,1,1,1,2,2,1,1,1,1,1,1,1,1,2,14,11,1,1,33,1,2,1
8,57,4,2009,1,1,1,2,2,1,4,1,1,1,1,1,1,2,14,11,1,1,50,1,2,1
8,57,4,2009,2,7,1,2,2,1,1,1,1,1,1,1,1,1,10,1,1,6,33,2,2,0
7,57,3,2009,2,7,8,1,2,1,1,1,1,1,1,2,1,2,17,11,1,7,35,2,2,0
5,57,4,2009,3,7,8,2,2,1,1,1,1,1,1,1,1,2,13,6,1,7,33,2,2,0
2,57,3,2009,3,7,1,2,2,1,1,1,1,1,1,2,1,2,14,6,1,1,30,2,2,0
7,58,2,2009,3,1,3,2,2,1,1,1,1,1,1,1,1,1,7,11,1,1,23,2,2,1
1,58,2,2009,2,1,3,2,2,1,1,1,1,1,1,1,1,1,14,11,1,1,33,2,2,1
2,58,2,2009,3,7,1,2,2,1,1,1,1,1,1,1,1,2,19,6,2,1,26,1,2,0
2,58,1,2009,2,3,1,2,2,1,1,1,1,1,1,1,1,2,17,6,2,1,25,1,2,1
8,58,2,2009,1,1,1,2,2,1,2,1,1,1,1,1,1,2,14,6,1,1,45,2,2,0
4,58,3,2009,2,3,3,1,2,1,1,1,1,1,1,1,1,2,14,6,1,3,33,2,2,0
8,58,2,2009,3,1,1,2,2,1,1,1,1,1,1,1,1,2,9,11,1,7,33,2,2,0
5,58,3,2009,4,7,1,2,2,1,4,1,1,1,1,1,1,2,17,6,1,1,26,2,2,0
5,58,3,2009,1,7,1,2,2,1,2,1,1,1,1,1,1,2,14,6,1,1,39,2,2,1
5,58,1,2009,4,1,1,2,2,1,1,1,1,1,1,1,1,2,10,6,1,2,33,1,0,0
3,57,2,2009,2,3,1,2,2,1,1,1,1,1,1,1,1,1,14,11,1,1,33,1,2,0
6,57,2,2009,3,1,1,2,2,1,1,1,1,1,1,3,1,2,8,6,1,1,28,2,2,1
6,57,1,2009,2,1,1,2,2,1,1,1,1,1,1,4,1,2,8,11,1,1,30,2,2,0
4,65,1,2009,3,7,8,1,2,1,1,1,1,1,1,4,1,2,11,6,1,7,33,2,2,3
6,65,1,2009,2,1,1,2,2,1,2,1,1,1,1,4,1,2,11,6,1,1,33,2,2,0
5,65,2,2009,2,4,1,2,2,1,1,2,1,1,1,3,1,2,9,1,1,1,50,2,2,3
4,65,2,2009,3,1,1,2,2,1,1,1,1,1,1,4,1,2,8,4,1,1,33,2,2,0
5,65,2,2009,3,7,1,2,2,1,1,3,1,2,2,4,4,2,7,11,1,1,33,2,2,0
1,65,3,2009,3,7,1,2,2,1,1,1,1,1,1,1,1,2,8,6,1,1,33,2,2,0
2,65,3,2009,3,1,1,2,2,1,1,1,1,1,1,1,1,2,8,5,1,1,33,2,2,0
5,65,4,2009,3,3,3,2,2,1,1,1,1,1,1,1,1,2,14,2,1,1,26,2,2,1
1,57,2,2009,3,1,1,2,2,1,1,1,1,1,1,1,1,1,10,6,1,2,33,1,0,0
1,57,5,2009,1,1,1,2,2,1,2,1,1,1,1,1,1,2,9,6,1,2,33,2,2,0
1,57,5,2009,4,4,1,2,2,2,4,1,1,1,1,5,1,1,10,6,1,2,33,1,0,0
1,57,6,2009,3,3,1,2,2,1,1,1,1,1,1,5,1,1,13,6,1,2,33,2,2,0
1,57,6,2009,2,3,8,2,2,1,1,1,1,1,1,1,1,2,10,6,1,2,33,2,2,0
8,57,6,2009,3,1,1,2,2,1,1,1,1,1,1,1,1,2,14,1,1,1,33,1,2,0
3,57,2,2009,3,7,8,2,2,1,1,1,1,1,1,5,1,2,6,8,1,1,33,2,2,2
3,57,1,2009,4,7,3,2,2,1,3,1,1,1,1,1,1,2,14,5,1,7,33,1,0,0
6,57,6,2009,3,1,1,2,2,1,1,1,1,1,1,4,1,2,9,6,1,1,33,2,2,0
5,57,5,2009,1,7,8,2,2,1,4,1,1,1,1,1,1,2,10,6,1,2,33,1,0,1
1,57,7,2009,3,2,1,2,2,1,1,1,1,1,1,1,1,2,9,6,2,1,22,2,2,0
1,57,8,2009,3,1,1,2,2,1,1,1,1,1,1,1,1,2,9,6,1,1,33,2,2,0
1,57,7,2009,1,1,1,2,1,1,2,1,1,1,1,1,1,2,14,6,1,1,33,2,2,0
8,57,5,2009,2,7,1,2,2,1,1,1,1,1,1,2,1,2,4,9,1,1,45,2,2,0
8,57,5,2009,3,7,1,1,2,1,1,1,1,1,1,1,1,2,4,9,1,7,20,2,2,0
8,57,6,2009,3,7,1,2,2,1,1,1,1,1,1,1,1,2,9,11,1,7,33,2,2,0
2,57,8,2009,3,1,1,2,2,1,1,1,1,1,1,1,1,2,9,6,1,1,28,2,2,0
7,59,3,2009,3,1,1,2,2,1,1,1,1,1,1,2,1,2,14,6,1,1,33,2,2,0
7,59,3,2009,2,1,1,2,2,1,1,1,1,1,1,3,1,2,17,1,1,1,25,2,2,0
8,67,2,2009,2,1,1,2,2,1,1,1,1,1,1,1,1,2,13,5,1,1,18,2,2,0
7,67,3,2009,3,7,1,2,2,1,1,1,1,1,1,4,1,2,5,11,1,1,33,2,2,0
4,59,2,2009,4,1,8,2,2,1,3,1,1,1,1,2,1,2,14,8,1,7,33,2,2,0
1,59,2,2009,2,7,8,2,2,1,1,3,1,1,1,2,1,2,2,6,1,1,24,2,2,1
3,62,2,2009,4,1,1,2,2,1,2,1,1,1,1,3,1,2,9,6,1,1,33,2,2,1
1,62,2,2009,3,3,8,2,2,1,1,1,1,1,1,3,1,2,12,11,1,1,39,2,2,0
1,62,2,2009,3,1,1,2,2,1,1,1,1,1,1,2,1,2,9,6,1,1,42,1,2,0
1,62,2,2009,2,3,1,2,1,1,1,1,1,1,1,2,1,2,9,6,1,1,33,2,2,1
1,62,3,2009,2,1,3,2,2,1,1,1,1,1,1,2,1,2,14,11,1,1,33,2,2,0
4,62,3,2009,3,1,1,2,2,1,1,1,1,1,1,4,1,2,17,6,1,1,30,2,2,0
1,62,3,2009,3,3,1,2,2,1,2,2,1,1,1,3,1,2,8,1,1,1,38,2,2,1
4,62,3,2009,2,1,1,2,2,1,1,3,1,3,2,4,1,2,17,11,2,7,28,2,2,0
1,59,4,2009,1,1,1,2,2,1,2,1,1,1,1,3,1,2,17,11,1,1,20,2,2,0
1,59,4,2009,3,7,8,2,2,1,1,1,1,1,1,2,1,2,5,6,1,1,30,2,2,1
1,59,4,2009,4,1,1,2,2,1,4,1,1,1,1,2,1,2,9,6,1,1,33,2,2,0
7,59,4,2009,4,1,1,2,2,1,1,1,1,1,1,2,1,2,4,1,1,1,33,2,2,0
2,59,4,2009,3,1,1,2,2,1,1,1,1,1,1,3,1,2,16,6,1,7,33,2,2,0
2,59,4,2009,3,1,8,2,2,1,1,1,1,1,1,3,1,2,16,1,1,7,33,2,2,0
1,58,4,2009,2,7,1,2,2,1,1,1,1,1,1,5,1,2,10,6,1,2,33,1,0,0
1,58,5,2009,4,7,1,2,2,1,1,1,1,1,1,1,1,2,10,6,1,2,33,1,0,0
14,58,4,2009,3,1,1,2,2,1,1,1,1,1,1,1,1,2,10,4,1,1,33,2,2,0
14,58,5,2009,4,1,1,2,2,1,3,1,1,1,1,1,1,2,19,6,1,1,33,1,2,0
14,58,6,2009,2,1,1,2,2,1,1,1,1,1,1,1,1,2,15,4,2,1,33,2,2,0
14,58,6,2009,4,7,1,2,2,1,3,1,1,1,1,1,1,2,19,11,1,7,33,1,2,0
15,58,6,2009,4,1,1,2,2,1,1,1,1,1,1,1,1,2,8,4,1,1,33,2,2,0
14,58,5,2009,2,7,1,2,2,1,1,1,1,1,1,2,1,2,10,6,1,2,33,1,0,0
7,58,7,2009,4,7,1,2,2,1,2,1,1,1,1,1,1,2,7,1,1,1,33,2,2,0
7,58,8,2009,1,7,1,2,2,1,1,1,1,1,1,1,1,2,14,6,1,1,33,2,2,0
7,58,8,2009,1,7,1,2,2,1,2,1,1,1,1,1,1,2,9,6,1,1,33,2,2,0
6,58,8,2009,2,1,1,2,2,1,1,1,1,1,1,1,1,2,10,6,1,1,33,2,2,2
5,58,4,2009,4,1,7,2,2,1,1,1,1,1,1,1,1,2,9,6,1,7,45,2,2,0
6,58,8,2009,2,7,1,2,2,1,1,1,1,1,1,1,1,2,10,6,1,2,33,1,0,0
16,58,5,2009,3,1,1,2,2,1,1,1,1,1,1,1,1,2,19,11,1,1,33,2,2,0
12,58,4,2009,2,1,1,2,2,1,1,1,1,1,1,2,1,2,8,11,1,4,47,2,2,0
1,58,8,2009,2,1,8,2,2,1,1,1,1,1,1,1,1,2,10,6,1,2,33,2,2,0
1,62,8,2009,3,4,1,2,2,1,1,3,1,2,2,2,1,2,14,6,1,7,45,2,2,0
4,62,8,2009,2,2,1,2,2,1,1,1,1,1,1,2,1,2,10,6,1,1,24,1,2,0
4,62,7,2009,4,1,1,2,2,1,1,1,1,1,1,2,1,2,4,6,1,1,27,2,2,0
4,62,7,2009,4,1,1,2,2,1,3,1,1,1,1,2,1,2,8,6,1,1,57,2,2,0
2,62,7,2009,4,7,8,2,2,1,2,1,1,1,1,3,1,2,10,6,1,2,33,1,0,0
5,62,6,2009,4,7,8,2,2,1,3,1,1,1,1,4,1,2,12,6,1,7,33,2,2,0
5,62,6,2009,2,7,8,2,2,1,1,2,2,1,1,2,1,2,9,2,1,7,45,2,2,0
5,62,7,2009,4,7,8,2,2,1,3,1,1,1,1,2,1,2,9,11,1,7,45,2,2,0
8,66,4,2009,3,1,1,2,2,1,1,1,1,1,1,2,1,2,9,6,1,1,33,2,2,1
1,66,4,2009,3,7,6,2,2,1,1,5,1,3,1,3,1,2,11,6,2,6,30,2,2,0
1,66,4,2009,3,7,6,2,2,1,1,1,1,1,1,2,1,2,14,7,1,1,33,2,2,0
1,66,5,2009,1,7,1,2,2,1,1,4,1,1,1,3,1,2,11,11,1,1,33,2,2,1
5,66,6,2009,2,1,1,2,2,1,1,4,1,1,1,2,1,1,9,6,1,1,33,2,2,1
1,66,7,2009,1,7,8,2,2,1,4,4,5,1,1,1,1,2,1,7,1,1,18,2,2,0
5,66,1,2009,4,1,8,2,2,1,3,4,1,1,1,3,1,2,19,11,1,7,30,2,2,0
6,66,2,2009,2,7,8,2,2,1,1,4,1,1,1,2,1,2,14,11,1,7,33,2,2,1
8,66,3,2009,4,1,1,2,2,1,3,1,1,1,1,2,1,2,12,6,1,1,22,2,2,1
2,66,3,2009,3,7,2,1,2,1,1,1,1,1,1,3,1,2,14,6,1,1,33,2,2,0
7,66,3,2009,2,1,1,2,2,1,2,1,1,1,1,4,1,2,12,6,1,1,22,2,2,1
7,66,3,2009,4,3,1,2,2,1,3,4,1,2,2,3,1,2,12,6,1,1,33,2,2,0
1,66,3,2009,3,7,8,2,2,1,1,5,1,1,1,2,1,2,11,4,1,1,25,1,1,0
6,60,1,2009,2,1,1,2,2,1,1,1,1,1,1,5,1,1,14,6,1,1,42,2,2,0
6,60,5,2009,3,1,1,2,2,1,1,1,1,1,1,5,1,1,14,6,1,1,42,2,2,0
6,60,6,2009,3,1,1,2,2,1,1,1,1,1,1,2,1,2,13,11,1,1,35,2,2,0
3,60,3,2009,2,3,1,2,2,1,1,1,1,1,1,4,1,2,10,6,1,1,33,2,2,0
3,60,4,2009,2,1,1,2,2,1,1,1,1,1,1,4,1,2,4,6,1,2,33,1,0,0
7,60,8,2009,4,1,1,2,2,1,3,1,1,1,1,3,1,2,6,11,1,7,35,2,2,0
2,60,6,2009,2,1,1,2,2,1,1,1,1,1,1,3,1,2,9,11,1,3,33,2,2,0
1,60,1,2009,2,7,8,2,2,1,1,1,1,1,1,4,1,2,9,11,1,1,33,2,2,0
1,60,2,2009,1,7,8,2,2,1,1,2,1,1,1,3,1,2,14,11,1,1,33,2,2,0
1,60,2,2009,3,7,8,2,2,1,1,3,1,1,1,3,1,2,9,11,1,2,33,2,2,1
1,60,2,2009,2,7,8,2,2,1,1,1,1,1,1,3,1,2,14,11,1,7,33,1,2,0
1,60,5,2009,3,7,8,2,2,1,1,2,1,1,1,4,1,2,9,11,1,7,33,2,2,0
1,60,6,2009,2,7,8,2,2,1,1,2,2,1,1,4,1,2,9,11,1,2,33,2,2,0
1,60,6,2009,2,7,8,2,2,1,1,1,1,1,1,4,1,2,13,11,1,2,33,2,2,0
8,67,4,2009,4,7,1,2,2,1,3,1,1,1,1,1,1,2,14,4,1,1,41,2,2,0
1,67,6,2009,3,4,8,2,2,1,1,4,1,1,1,1,1,2,8,6,2,1,33,2,2,1
7,67,3,2009,3,7,1,1,2,1,1,1,1,1,1,4,1,2,5,11,1,1,30,2,2,0
7,67,4,2009,4,7,1,2,2,1,1,4,1,1,1,1,1,2,14,4,1,1,41,2,2,0
1,67,6,2009,3,4,8,2,2,1,1,4,1,1,1,1,1,2,8,6,2,1,33,2,2,1
1,59,8,2009,3,1,1,2,2,1,1,1,1,1,1,2,1,2,8,6,1,1,42,2,2,0
1,59,8,2009,2,1,1,2,2,1,1,1,1,1,1,2,1,2,9,11,1,7,33,2,2,0
2,59,7,2009,2,1,1,2,2,1,1,1,1,1,1,2,1,2,6,6,1,2,33,2,2,0
1,59,6,2009,2,3,1,2,2,1,1,1,1,1,1,2,1,2,16,11,1,1,51,2,2,0
6,59,5,2009,2,1,1,2,2,1,1,4,1,2,2,4,1,2,6,3,2,7,33,2,2,1
7,59,3,2009,4,1,1,2,2,1,1,1,1,1,1,3,1,2,17,6,1,2,25,2,2,0
4,59,3,2009,4,1,1,2,2,1,2,3,1,1,1,3,1,2,6,11,1,3,33,2,2,1
1,59,2,2009,2,7,8,2,2,1,1,3,1,1,1,2,1,2,2,1,1,1,24,2,2,0
3,59,2,2009,4,1,8,2,2,1,3,1,1,1,1,1,1,2,14,8,1,7,33,2,2,0
1,59,6,2009,2,3,1,2,2,1,1,1,1,1,1,2,1,2,16,11,1,1,51,2,2,0
9,63,1,2009,1,1,1,2,2,1,3,2,1,1,1,1,1,2,14,3,1,1,33,2,2,0
2,63,2,2009,2,7,1,2,2,1,1,1,1,1,1,1,1,2,14,2,2,3,33,2,2,0
9,63,2,2009,3,7,1,2,2,1,3,1,1,1,1,1,1,2,9,6,1,1,39,2,2,1
13,63,2,2009,3,7,3,2,2,1,1,1,1,1,1,1,1,2,9,11,1,7,33,2,2,0
10,63,3,2009,4,1,1,2,2,1,4,1,1,1,1,1,1,2,10,6,1,2,33,2,2,0
2,63,3,2009,3,5,1,2,2,1,1,1,1,1,1,4,1,2,8,1,1,1,25,2,2,0
7,63,3,2009,2,1,8,2,2,1,1,1,1,1,1,1,1,2,9,11,1,7,33,2,2,0
8,63,4,2009,1,1,1,2,2,1,4,1,1,1,1,1,1,2,10,6,1,2,33,2,2,0
4,63,4,2009,2,7,8,2,2,1,1,1,1,1,1,1,1,2,7,11,1,7,33,2,2,0
4,63,4,2009,1,7,8,2,2,1,2,1,1,1,1,1,1,2,14,11,1,7,33,2,2,0
7,63,5,2009,3,7,8,2,2,1,1,1,1,1,1,1,1,2,7,11,2,1,33,2,2,0
13,63,5,2009,4,7,8,2,2,1,1,1,1,1,1,1,1,2,13,6,2,7,33,1,0,0
4,63,5,2009,3,7,1,2,2,1,1,1,1,1,1,1,1,2,12,6,1,7,33,2,2,0
10,63,6,2009,2,1,1,2,2,1,1,1,1,1,1,1,1,2,10,6,1,2,33,2,2,0
7,63,6,2009,4,1,8,2,2,1,3,1,1,1,1,1,1,2,9,11,1,1,1,2,2,0
8,63,4,2009,2,7,1,2,2,1,1,1,1,1,1,1,1,2,19,6,1,2,33,2,2,0
8,63,5,2009,1,7,1,2,2,1,4,1,1,1,1,1,1,2,19,6,1,2,33,2,2,0
4,63,7,2009,4,7,1,2,2,1,3,1,1,1,1,1,1,2,11,11,1,7,33,2,2,0
10,63,8,2009,4,3,1,2,2,1,3,1,2,1,1,1,1,2,10,6,1,2,33,1,0,0
6,63,8,2009,4,7,1,2,2,1,4,1,5,1,1,1,1,2,8,11,1,7,32,2,2,0
1,68,2,2009,4,7,1,1,2,1,2,4,1,1,2,3,1,2,9,3,1,3,33,1,2,0
1,68,2,2009,4,7,1,1,2,1,1,4,1,1,1,3,1,2,14,2,1,4,28,1,2,0
1,68,3,2009,4,7,1,2,2,1,2,4,1,3,2,1,1,2,15,6,1,4,33,1,2,0
1,68,3,2009,3,7,1,2,2,1,1,4,1,1,1,4,1,2,10,6,1,2,33,1,0,0
1,68,5,2009,2,7,1,2,2,1,2,4,1,1,2,3,1,2,10,6,1,2,33,1,0,1
1,68,7,2009,3,7,4,2,2,1,1,2,1,1,1,1,1,2,11,6,2,1,26,2,2,0
1,68,6,2009,3,7,1,2,2,1,1,4,5,2,2,3,1,2,11,6,1,1,33,2,2,0
3,68,2,2009,4,7,3,2,2,1,1,3,1,1,1,3,1,2,10,6,1,2,33,1,0,0
3,68,7,2009,3,7,3,2,2,1,1,4,1,1,1,4,1,2,11,4,2,6,28,2,2,0
4,68,4,2009,2,7,1,2,2,1,1,4,1,2,2,4,4,2,11,11,1,6,33,2,2,0
2,58,11,2009,3,7,1,1,2,1,1,1,1,1,1,3,1,2,9,6,1,3,33,2,2,0
5,58,12,2009,2,1,1,2,2,1,2,1,1,1,1,1,1,1,14,6,2,1,33,1,2,0
6,58,9,2009,2,7,3,2,2,1,1,1,1,1,1,1,1,2,10,6,1,2,33,2,2,0
6,58,10,2009,1,7,1,2,2,1,4,1,1,1,1,1,1,2,10,6,1,2,33,2,2,0
7,58,7,2009,1,7,1,2,2,1,4,1,1,1,1,1,1,2,9,7,1,1,33,2,2,0
7,58,9,2009,3,7,1,2,2,1,1,1,1,1,1,1,1,2,14,6,1,1,33,1,0,0
7,58,11,2009,1,1,1,2,2,1,4,1,1,1,1,1,1,2,10,6,1,2,33,2,2,0
7,58,11,2009,3,1,1,2,2,1,1,1,1,1,1,1,1,2,9,1,1,1,33,1,0,0
14,58,10,2009,4,1,8,2,2,1,1,4,1,1,1,1,1,2,14,2,2,5,35,1,2,2
14,58,12,2009,1,1,1,2,2,4,4,1,1,1,1,1,1,2,10,6,1,2,33,1,0,0
2,66,9,2009,4,1,1,2,2,1,1,1,1,1,1,3,1,2,9,11,1,1,27,2,2,0
4,66,9,2009,4,1,1,2,2,1,1,1,1,1,1,2,1,2,4,6,1,1,25,1,2,1
8,66,9,2009,4,7,8,2,2,1,1,1,1,1,1,2,1,2,14,2,1,7,33,2,2,0
4,66,10,2009,4,1,1,2,2,1,1,1,1,1,1,2,1,1,9,6,1,1,35,1,2,0
8,66,11,2009,4,1,1,2,2,1,1,3,1,1,1,2,1,2,14,4,1,1,33,2,2,1
7,66,11,2009,3,1,8,2,2,1,1,1,1,1,1,4,1,2,9,11,1,7,33,2,2,2
4,66,11,2009,2,1,2,2,2,1,1,3,1,1,1,2,1,2,12,6,1,1,35,2,2,1
4,66,11,2009,2,1,1,2,2,1,1,1,1,1,1,3,1,2,11,6,2,1,40,2,2,1
8,66,11,2009,4,1,1,2,2,1,1,1,1,1,1,2,1,2,8,6,1,7,33,2,2,1
6,66,11,2009,4,1,1,2,2,1,1,3,1,1,1,3,1,2,8,6,1,3,33,2,2,2
2,66,12,2009,4,1,1,2,2,1,1,1,1,1,1,4,1,2,4,5,1,1,33,2,2,0
5,66,12,2009,2,1,1,2,2,1,2,3,1,1,1,2,1,2,4,6,1,6,33,2,2,0
2,66,12,2009,3,1,1,2,2,1,2,4,1,1,1,3,1,2,4,6,1,7,33,2,2,0
4,66,12,2009,3,5,1,2,2,1,1,1,1,1,1,3,1,2,9,3,1,1,35,2,2,1
1,57,9,2009,2,1,1,2,2,1,2,1,1,1,1,1,1,2,12,6,1,1,27,2,2,0
1,57,9,2009,1,1,1,2,2,1,4,1,1,1,1,1,1,2,13,11,1,7,25,2,2,0
1,57,10,2009,2,7,1,2,2,1,1,1,1,1,1,1,1,2,19,6,2,7,28,2,2,0
2,57,10,2009,4,3,1,2,2,1,1,1,1,1,1,3,1,2,4,9,2,1,22,1,2,0
2,57,11,2009,2,7,8,2,2,1,1,1,1,1,1,1,1,2,9,11,1,7,38,2,1,0
3,57,10,2009,3,1,3,2,2,1,1,1,1,1,1,1,1,2,9,6,1,1,33,2,2,0
6,57,10,2009,2,1,8,2,2,1,1,1,1,1,1,3,1,2,6,11,1,1,6,2,2,0
7,57,9,2009,3,7,1,2,2,1,1,1,5,1,2,3,1,2,19,1,1,7,33,2,2,0
7,57,8,2009,3,4,1,2,2,1,1,1,1,1,1,3,1,2,17,6,1,3,33,2,2,0
8,57,9,2009,3,1,1,2,2,1,1,1,1,1,1,1,1,2,7,6,1,1,20,2,2,0
8,57,10,2009,4,1,1,2,2,1,1,1,1,1,1,1,1,2,8,6,1,1,39,2,2,0
4,62,10,2009,2,1,1,2,2,1,1,1,5,3,3,4,1,2,8,1,1,1,33,2,2,0
1,62,11,2009,3,4,1,2,2,1,1,1,1,1,1,2,1,2,9,6,1,1,54,2,2,1
4,62,11,2009,3,7,3,2,2,1,1,1,1,1,1,4,1,2,4,6,1,1,35,2,2,0
1,62,11,2009,1,7,8,2,2,1,4,1,1,1,1,4,1,2,13,6,1,1,35,2,2,0
3,62,12,2009,2,7,1,2,2,1,1,1,1,1,2,3,2,2,14,11,2,7,33,2,2,1
1,68,10,2009,3,7,8,2,2,1,1,3,1,1,1,1,1,2,10,6,1,2,33,1,0,0
1,68,10,2009,4,7,8,2,2,1,1,4,1,1,1,1,1,2,9,2,1,3,33,2,2,0
1,63,4,2009,1,1,1,2,2,1,4,1,1,1,1,3,1,2,11,6,1,7,33,2,2,1
1,63,2,2009,2,7,8,2,2,1,1,1,1,1,1,3,1,2,9,10,1,1,33,2,2,1
6,63,5,2009,4,1,1,2,2,1,1,1,1,1,1,4,4,2,14,6,1,1,38,2,2,1
7,63,9,2009,2,7,8,2,2,1,1,1,1,1,1,1,1,2,12,6,1,7,33,2,2,0
7,63,2,2009,1,1,1,2,2,1,2,1,1,1,1,1,1,2,9,5,1,7,45,2,2,0
7,63,1,2009,3,1,8,2,2,1,1,1,1,1,1,1,1,2,7,11,1,7,25,2,2,1
7,63,1,2009,2,1,1,2,2,1,1,1,1,1,1,1,1,2,19,6,1,7,33,2,2,0
7,63,1,2009,4,1,1,2,2,1,1,1,1,1,1,1,1,2,14,11,1,1,42,2,2,3
7,63,9,2009,2,1,1,2,2,1,1,1,1,1,1,1,1,2,19,6,1,7,33,2,2,0
7,63,11,2009,3,1,1,2,2,1,1,1,1,1,1,1,1,2,19,6,1,7,33,2,2,0
8,63,12,2009,2,7,1,2,2,1,1,1,1,1,1,1,1,2,12,6,1,7,33,2,2,0
9,63,8,2009,3,7,1,2,2,1,1,1,1,1,1,1,1,2,19,6,1,1,33,1,2,0
9,63,5,2009,2,7,1,2,2,1,1,1,1,1,1,1,1,2,13,6,1,1,33,2,2,0
9,63,4,2009,3,1,1,2,2,1,1,1,1,1,1,1,1,2,9,6,1,1,48,1,2,0
9,63,11,2009,1,4,1,2,2,1,4,1,1,1,1,1,1,2,7,6,1,1,33,2,2,1
10,63,8,2009,2,1,6,2,2,1,1,1,1,1,1,3,1,2,13,6,1,1,35,2,2,0
10,63,7,2009,2,7,1,2,2,1,1,1,1,1,1,2,1,2,5,9,1,1,25,2,2,0
13,63,12,2009,2,1,1,2,2,1,1,1,1,1,1,1,1,2,10,6,1,2,33,1,0,0
14,63,6,2009,3,1,3,2,2,1,1,1,1,1,1,1,1,2,9,5,1,1,35,2,2,0
14,63,3,2009,2,7,2,2,2,1,1,1,1,1,1,1,1,2,12,6,2,7,30,1,2,0
1,57,5,2009,2,3,1,2,2,1,3,1,1,1,1,5,1,1,12,6,1,2,33,2,2,0
1,57,5,2009,2,1,1,2,2,1,1,2,1,1,1,1,1,1,5,6,1,2,33,2,2,0
13,63,2,2009,2,1,1,2,2,1,2,1,1,1,1,1,1,2,7,6,1,2,33,2,2,0
14,58,6,2009,2,1,1,2,1,1,1,1,1,1,1,2,1,2,8,4,1,1,33,1,2,0
8,63,12,2009,3,1,1,2,2,4,2,1,1,1,1,1,1,2,7,6,1,1,33,2,2,1
14,63,6,2009,2,1,3,2,2,1,1,1,1,1,1,1,1,2,9,5,1,1,35,2,2,0
10,67,10,2009,3,1,1,2,2,2,3,4,1,1,1,2,1,2,9,2,2,1,48,2,2,0
1,67,11,2009,2,7,8,2,2,1,1,1,1,1,1,1,3,1,5,8,1,1,20,2,2,1
5,58,9,2009,1,1,1,2,2,1,4,1,1,1,1,1,1,2,14,11,2,1,45,1,2,0
6,58,12,2009,3,2,1,2,2,1,1,1,1,1,1,1,1,1,10,6,1,2,33,1,0,0
6,66,4,2009,1,1,1,2,2,1,1,4,1,1,1,3,1,2,11,6,1,2,33,1,0,0
4,59,3,2009,4,1,1,2,2,1,3,3,1,1,1,3,1,2,6,6,1,3,33,2,2,1
7,67,2,2009,2,1,1,2,2,1,1,1,1,1,1,3,1,2,13,5,1,1,18,2,2,0
1,58,2,2009,2,1,3,2,2,1,1,1,1,1,1,5,1,1,7,11,1,1,23,2,2,0
4,44,1,2009,3,3,4,1,2,1,1,1,1,1,2,2,1,1,8,6,1,1,33,2,2,1
4,44,1,2009,3,1,8,2,2,1,1,1,1,1,1,2,1,2,14,11,1,7,33,2,2,1
6,44,1,2009,1,1,1,1,1,1,2,1,1,1,1,1,1,1,19,11,1,7,33,2,2,0
5,44,1,2009,4,1,1,2,2,1,4,1,1,1,1,1,1,2,9,6,1,7,33,2,2,0
5,48,1,2009,4,7,1,2,2,4,2,2,1,1,1,4,1,2,14,1,1,7,33,2,2,0
2,48,1,2009,1,7,1,2,2,1,4,1,1,1,1,3,1,2,9,6,1,1,35,2,2,0
1,51,1,2009,3,7,1,2,2,1,3,1,1,1,1,2,1,1,16,6,1,1,30,2,2,0
7,51,1,2009,3,7,3,2,2,1,1,1,1,1,1,3,1,2,5,6,1,1,33,2,2,1
6,51,1,2009,3,1,1,2,2,1,1,1,1,1,1,2,1,2,9,6,1,7,33,1,2,0
4,51,1,2009,3,7,1,2,2,1,1,1,1,3,1,4,1,2,17,6,2,1,30,2,2,0
4,51,1,2009,3,1,1,2,2,1,1,1,1,1,1,1,1,1,9,6,1,1,33,2,2,1
5,51,1,2009,2,7,1,1,2,1,1,2,1,1,1,4,1,2,6,1,1,3,19,2,2,0
3,39,1,2009,1,7,1,2,2,4,4,1,1,1,1,1,1,1,9,11,1,7,33,2,2,0
3,39,1,2009,2,7,1,2,2,4,2,2,1,1,1,1,1,2,13,11,1,7,33,2,2,0
2,35,1,2009,2,2,1,2,2,1,1,1,1,1,1,1,1,2,11,6,2,7,42,2,2,0
2,35,1,2009,4,3,1,2,2,4,4,1,2,1,1,1,1,2,14,6,1,3,33,2,2,0
3,38,1,2009,3,7,1,2,2,1,1,1,1,1,1,1,1,2,7,6,1,1,33,2,2,0
3,38,1,2009,3,7,1,2,2,1,1,1,1,1,1,1,3,2,9,11,1,3,30,2,2,0
6,38,1,2009,4,7,1,2,2,1,1,1,1,1,1,3,2,2,9,6,1,1,30,2,2,0
1,38,1,2009,2,7,8,2,2,4,2,1,2,1,1,5,1,1,13,6,1,7,39,2,2,0
9,38,1,2009,3,1,1,2,2,1,1,1,1,1,1,3,1,2,19,6,1,7,21,2,2,0
1,38,1,2009,3,4,1,2,2,1,1,1,1,1,1,3,1,2,8,6,1,1,32,2,2,0