Thana,District,Month,Year,Time,Junction_Type,Traffic_Control,Movement,Divider,Weather,Light,Road_Geometry,Surface_Condition,Surface_Type,Surface_Quality,Road_Class,Road_Feature,Location_Type,Vehicle_Type,Vehicle_Movement,Vehicle_Loading,Vehicle_Defect,Vehicle_Driver_Age,Vehicle_Alcohol,Vehicle_Seat_Belt,Accident_Severity
1,47,1,2009,1,4,4,2,2,1,4,1,1,1,1,1,1,2,19,6,1,7,33,2,2,0
2,47,1,2009,3,3,3,2,2,1,1,1,1,1,1,1,1,2,9,6,1,7,33,2,2,0
1,47,1,2009,3,1,4,2,2,1,1,1,1,1,1,1,1,2,9,6,1,7,33,2,2,0
4,47,1,2009,3,7,8,2,2,1,1,1,1,3,2,4,1,2,17,6,2,7,25,2,2,0
1,45,1,2009,1,7,1,2,2,1,1,1,1,1,1,1,1,2,9,6,1,7,33,2,2,1
1,45,1,2009,2,7,1,2,2,1,1,1,1,1,1,1,1,2,10,6,2,2,11,1,0,0
1,45,1,2009,1,1,1,2,2,1,2,1,1,1,1,1,1,2,14,9,1,7,29,2,2,0
2,36,1,2009,2,7,1,2,2,1,1,2,1,1,2,2,2,2,9,2,1,7,30,2,2,0
2,36,1,2009,2,7,1,2,2,1,1,1,1,1,1,4,1,2,4,6,1,1,30,2,2,0
6,37,1,2009,3,7,1,2,2,1,1,1,1,1,1,2,3,2,4,6,1,1,30,2,2,1
6,37,1,2009,3,7,8,2,2,1,2,1,1,1,1,3,1,1,19,6,1,7,33,2,2,0
6,37,1,2009,4,1,1,2,2,1,2,1,1,1,1,4,1,2,5,6,1,7,33,2,2,0
3,44,2,2009,2,1,1,2,2,1,2,1,1,1,1,5,1,1,9,6,1,5,35,2,2,0
3,44,2,2009,4,1,1,2,2,1,4,1,1,1,1,1,1,2,19,6,1,7,33,2,2,0
7,44,2,2009,2,7,3,2,2,1,1,1,1,1,1,1,1,2,13,6,1,1,40,2,2,0
2,45,2,2009,2,1,1,2,2,1,1,1,1,1,1,1,1,1,7,6,1,3,33,2,2,1
6,45,2,2009,4,1,1,2,2,1,4,1,1,1,1,3,1,1,9,6,1,7,33,2,2,0
4,45,2,2009,4,1,1,2,2,1,4,1,1,1,1,3,1,2,5,6,1,1,33,2,2,0
1,45,2,2009,1,1,1,2,2,1,4,1,1,1,1,3,1,2,19,6,1,1,33,2,2,0
1,45,2,2009,3,1,1,2,2,1,1,1,1,1,1,1,1,1,10,6,1,3,33,2,2,0
1,51,2,2009,2,1,1,2,2,1,1,1,1,1,1,5,1,1,14,6,1,3,38,2,2,0
6,51,2,2009,3,1,8,2,2,1,1,1,1,1,1,3,1,2,7,6,1,1,25,2,2,1
12,51,2,2009,3,7,1,2,2,1,1,1,1,1,1,2,1,2,14,6,1,7,33,2,2,0
8,51,2,2009,2,7,1,2,2,1,1,1,1,1,1,4,1,2,17,6,2,6,35,2,2,1
8,47,2,2009,2,7,4,2,2,1,1,1,1,1,1,1,1,1,9,6,1,1,37,2,2,0
10,47,2,2009,2,1,1,2,2,1,1,1,1,1,1,4,1,2,4,6,1,1,33,2,2,0
7,47,2,2009,2,7,4,2,2,4,2,1,2,1,1,1,1,1,19,6,1,1,33,2,2,0
3,38,2,2009,2,7,1,2,2,1,1,1,1,1,1,1,1,2,17,6,1,7,33,2,2,0
1,38,2,2009,3,1,4,2,2,1,1,1,1,1,1,1,1,1,14,6,1,7,28,2,2,0
3,38,2,2009,3,7,1,2,2,1,1,1,1,1,1,1,1,2,8,6,1,7,33,2,2,1
6,38,2,2009,3,1,1,2,2,1,1,2,1,1,1,1,1,2,14,6,1,7,33,2,2,0
3,38,2,2009,2,7,1,2,2,1,1,5,1,1,1,1,2,2,8,6,1,7,33,2,2,0
4,35,2,2009,3,1,1,2,2,1,1,1,1,1,1,4,1,2,8,6,1,1,33,2,2,0
3,35,2,2009,3,1,1,2,2,1,1,1,1,1,1,3,1,2,9,6,1,3,30,2,2,0
3,35,2,2009,3,1,4,2,2,1,1,1,1,1,1,4,1,2,19,6,1,7,33,2,2,0
3,36,2,2009,1,5,1,2,2,1,4,1,1,1,1,1,5,2,9,6,1,1,33,2,2,0
2,36,2,2009,3,7,1,2,2,1,1,1,1,1,1,4,1,2,7,6,1,1,33,2,2,0
6,37,2,2009,3,1,1,2,2,1,1,1,1,1,1,5,1,1,4,6,1,1,33,2,2,1
6,45,3,2009,3,1,1,2,2,1,1,1,1,1,1,1,1,2,7,6,1,3,33,2,2,0
1,45,3,2009,2,7,1,2,2,1,1,1,1,1,1,1,1,1,9,6,1,7,33,2,2,0
1,45,3,2009,3,1,1,2,2,1,1,1,1,1,1,3,1,2,13,6,1,1,33,2,2,0
1,45,3,2009,2,7,1,2,2,1,1,1,1,1,1,2,1,2,19,6,2,6,33,2,2,0
1,45,3,2009,1,1,1,2,2,1,4,1,1,1,1,3,1,2,12,6,1,3,33,2,2,0
1,45,3,2009,3,1,1,2,2,1,1,1,1,1,1,2,4,1,14,6,1,3,33,2,2,0
1,45,3,2009,2,7,1,2,2,1,1,1,1,1,1,1,1,1,9,6,1,1,33,2,2,0
13,47,3,2009,4,1,8,2,2,1,1,1,1,1,1,4,1,2,8,6,1,1,33,2,2,0
1,47,3,2009,2,3,1,2,2,1,1,1,1,1,1,1,1,2,14,4,1,1,33,2,2,0
2,47,3,2009,4,1,1,2,2,1,1,1,1,1,1,1,1,2,19,6,1,7,33,2,2,0
2,35,3,2009,2,1,1,2,2,1,1,1,1,1,1,3,1,2,4,6,1,1,25,2,2,0
1,48,3,2009,4,7,1,2,2,1,4,1,1,1,1,3,1,2,9,6,1,3,33,2,2,0
3,48,3,2009,3,1,1,2,2,1,1,1,1,1,1,4,1,2,19,6,2,6,20,2,2,0
2,37,3,2009,2,3,8,2,2,1,1,1,1,1,1,3,1,2,19,6,2,6,35,2,2,1
3,38,3,2009,2,7,1,2,2,1,1,3,1,1,1,1,5,2,8,6,1,1,33,2,2,0
1,38,3,2009,2,1,1,2,2,1,1,1,1,1,1,1,1,2,13,6,2,7,35,2,2,0
7,38,3,2009,3,3,3,2,2,1,1,1,1,1,1,4,1,2,7,6,1,7,42,2,2,0
3,38,3,2009,1,1,1,2,2,1,4,1,1,1,1,1,1,2,9,6,1,7,33,2,2,0
4,38,3,2009,2,1,1,2,2,1,1,1,1,1,1,3,1,2,19,6,2,6,33,2,2,0
9,38,3,2009,4,7,8,2,2,1,2,2,1,1,1,4,1,2,14,1,1,1,33,2,2,0
6,38,3,2009,4,1,1,2,2,1,1,1,1,1,1,1,1,2,19,6,1,7,33,2,2,0
1,45,4,2009,2,7,1,2,2,1,1,1,1,1,1,1,1,1,8,6,1,7,33,2,2,0
4,45,4,2009,4,7,1,2,2,1,2,1,1,1,1,3,1,2,9,6,1,3,33,2,2,0
1,45,4,2009,2,1,1,2,2,1,1,1,1,1,1,1,1,1,9,6,1,3,33,2,2,0
6,45,4,2009,2,7,1,2,2,1,1,1,1,1,1,3,1,2,8,6,1,7,33,2,2,0
6,45,4,2009,3,1,1,2,2,1,1,1,1,1,1,1,1,2,14,6,1,3,33,2,2,1
1,45,4,2009,4,5,1,2,2,1,3,2,1,1,1,1,1,1,9,6,1,3,33,2,2,0
1,45,4,2009,2,7,1,2,2,1,1,1,1,1,1,1,1,2,8,6,1,3,33,2,2,0
1,45,4,2009,4,7,1,2,2,1,2,1,1,1,1,1,1,1,9,6,1,3,33,2,2,0
5,45,4,2009,3,7,1,2,2,1,1,1,1,1,1,1,1,2,9,6,1,3,33,2,2,0
1,47,4,2009,2,1,1,2,2,1,1,1,1,1,1,1,1,2,9,6,1,1,33,2,2,0
10,47,4,2009,4,7,1,2,2,1,2,1,1,1,1,3,1,1,9,6,1,7,33,2,2,1
5,47,4,2009,2,1,1,2,2,1,1,1,1,1,1,1,1,2,12,6,1,1,30,2,2,0
13,47,4,2009,2,1,1,2,2,1,1,1,1,1,1,1,1,2,9,6,1,3,34,2,2,0
1,47,4,2009,1,1,1,2,2,1,3,1,1,1,1,1,1,2,19,6,1,3,33,2,2,0
1,47,4,2009,2,3,4,2,2,1,1,1,1,1,1,1,1,1,14,6,1,3,26,2,2,0
6,38,4,2009,4,1,1,2,2,1,3,2,1,1,1,1,1,2,9,2,1,1,34,2,2,0
6,38,4,2009,1,7,1,2,2,1,2,1,1,1,1,1,2,2,10,6,1,7,33,2,2,1
7,38,4,2009,2,1,1,2,2,1,1,1,1,1,1,4,1,2,19,6,2,6,33,2,2,1
6,38,4,2009,4,1,1,2,2,1,4,1,1,1,1,1,1,2,10,4,1,1,30,2,2,3
1,38,4,2009,3,1,1,2,2,1,1,1,1,1,1,1,1,2,9,6,1,3,33,2,2,0
1,38,4,2009,4,1,1,2,2,1,1,1,1,1,1,1,1,2,9,6,1,6,33,2,2,1
6,44,4,2009,4,1,1,2,2,1,4,1,1,1,1,2,1,2,15,6,1,1,33,2,2,0
5,44,4,2009,4,1,1,2,2,1,2,1,1,1,1,2,1,2,14,6,1,1,30,2,2,0
1,49,4,2009,4,1,1,2,2,1,2,1,1,1,1,2,1,1,4,6,1,3,19,2,2,0
2,36,4,2009,2,7,1,2,2,1,1,1,1,1,1,3,2,1,9,6,1,1,38,2,2,0
4,36,4,2009,4,1,1,2,2,1,3,1,1,1,1,3,1,2,10,6,1,1,33,2,2,3
4,36,4,2009,2,7,1,2,2,1,1,1,1,1,1,3,1,2,9,6,1,3,33,2,2,0
1,36,4,2009,4,7,1,2,2,1,2,1,5,1,1,3,1,2,4,6,1,3,33,2,2,0
2,35,4,2009,3,1,1,2,2,1,1,1,1,1,1,1,1,2,8,7,1,5,33,2,2,0
5,37,4,2009,3,1,1,2,2,1,1,1,1,1,1,4,1,2,19,6,2,6,33,2,2,0
6,37,4,2009,4,7,1,2,2,1,2,1,1,1,1,5,1,1,4,6,1,1,33,2,2,1
3,49,1,2009,3,2,1,2,2,1,1,1,1,1,1,3,1,2,19,6,1,1,33,2,2,0
1,49,1,2009,4,1,1,2,2,1,2,1,1,1,1,5,1,1,9,6,2,1,33,2,2,0
1,49,2,2009,4,1,1,2,2,1,3,1,1,1,1,2,1,1,4,6,1,1,33,2,2,0
1,49,2,2009,3,1,1,2,2,1,1,1,1,1,1,2,1,2,14,6,1,1,33,2,2,0
1,49,3,2009,1,1,1,2,2,1,4,1,1,1,1,2,1,1,14,6,1,1,33,2,2,0
5,49,3,2009,2,1,1,2,2,1,1,4,1,1,1,4,4,2,4,6,1,1,42,2,2,0
3,47,5,2009,1,1,1,2,2,2,4,1,2,1,1,3,1,2,14,6,1,1,33,2,2,0
5,47,5,2009,4,1,1,2,2,1,1,1,1,1,1,4,1,2,14,6,1,1,40,2,2,0
1,45,5,2009,4,1,1,2,2,1,3,1,1,1,1,1,3,1,14,6,1,1,28,2,2,0
1,45,5,2009,1,1,1,2,2,1,2,1,1,1,1,1,1,1,14,6,1,1,33,2,2,2
1,45,5,2009,2,1,1,2,2,1,1,1,1,1,1,1,1,1,9,6,1,1,33,2,2,0
6,45,5,2009,4,1,1,2,2,1,3,1,1,1,1,1,1,2,14,6,1,1,33,2,2,0
2,45,5,2009,2,1,1,2,2,1,1,1,1,1,1,1,1,2,9,11,1,1,33,2,2,0
1,49,5,2009,3,1,1,2,2,1,1,1,1,1,1,3,1,2,17,6,2,6,32,2,2,0
1,49,5,2009,3,1,1,2,2,1,1,1,1,1,1,3,1,2,19,6,2,6,28,2,2,0
5,49,5,2009,2,3,1,2,2,2,2,1,2,1,1,4,1,2,13,6,1,7,36,2,2,0
1,44,5,2009,2,1,1,2,2,1,1,2,1,1,2,3,4,1,19,6,1,7,33,2,2,0
1,44,5,2009,3,1,1,2,2,1,1,2,1,1,1,2,1,1,9,1,1,1,31,2,2,0
6,44,5,2009,4,1,1,2,2,1,3,1,1,1,1,1,1,1,14,6,1,1,33,2,2,0
5,44,5,2009,3,1,1,2,2,1,1,1,1,1,1,1,1,2,14,6,1,3,33,2,2,0
5,44,5,2009,3,1,1,2,2,1,1,1,1,1,1,1,1,1,9,6,1,1,33,2,2,0
5,44,5,2009,3,1,1,2,2,1,1,1,1,1,1,1,1,2,13,6,1,1,33,2,2,1
3,38,5,2009,2,1,1,2,2,1,1,1,1,1,1,1,1,2,9,6,1,1,33,2,2,0
1,38,5,2009,4,1,1,2,2,1,1,1,1,1,1,3,1,2,14,6,1,1,33,2,2,0
7,38,5,2009,2,1,1,2,2,1,1,1,1,1,1,3,1,2,9,6,1,1,42,2,2,0
2,36,6,2009,1,7,1,2,2,1,4,1,1,1,1,1,1,2,19,6,2,6,20,2,2,0
4,44,6,2009,1,1,1,2,2,1,2,1,1,1,1,2,1,1,14,6,1,1,33,2,2,0
6,44,6,2009,1,4,1,2,2,1,2,1,1,1,1,2,1,1,19,6,1,1,33,2,2,0
2,44,6,2009,4,1,1,2,2,1,4,1,1,1,1,2,1,2,19,6,1,1,33,2,2,0
1,37,6,2009,2,1,1,2,2,1,1,1,1,1,1,5,1,1,4,6,1,1,18,2,2,0
3,37,6,2009,3,1,1,2,2,1,1,1,1,1,1,4,1,2,4,6,1,1,33,2,2,0
3,35,6,2009,2,7,1,2,2,1,1,1,1,1,1,2,1,2,8,8,1,1,33,2,2,0
3,38,6,2009,2,1,1,2,2,1,1,1,1,1,1,1,1,2,19,6,1,1,33,2,2,0
3,38,6,2009,3,7,1,2,2,1,1,1,1,1,1,1,1,2,19,6,1,1,33,2,2,0
3,38,6,2009,4,7,1,2,2,1,4,1,1,1,1,3,1,2,9,6,1,7,33,2,2,0
3,38,6,2009,3,1,1,2,2,1,1,1,1,1,1,1,1,2,4,6,1,1,33,2,2,0
1,47,6,2009,4,1,1,2,2,1,4,1,1,1,1,4,1,2,14,6,1,1,33,2,2,0
1,47,6,2009,2,1,1,2,2,1,1,1,1,1,1,4,1,2,14,6,1,1,28,2,2,0
9,47,6,2009,2,1,1,2,2,1,1,1,1,1,1,1,1,2,9,3,1,1,33,2,2,0
4,47,6,2009,3,1,1,2,2,1,1,1,1,1,1,3,1,2,9,6,1,1,34,2,2,0
3,49,6,2009,2,2,3,2,2,1,1,1,1,1,1,3,1,2,4,6,1,3,55,2,2,0
3,49,6,2009,3,2,1,2,2,1,1,1,1,1,1,5,1,1,9,6,1,1,32,2,2,0
3,49,7,2009,1,2,1,2,2,1,1,1,1,1,1,3,1,2,19,6,2,6,33,2,2,0
3,44,7,2009,4,1,1,2,2,1,1,1,1,1,1,1,1,2,14,6,1,1,33,2,2,0
5,44,7,2009,3,2,1,2,2,1,1,4,1,1,1,1,1,2,8,6,1,1,33,2,2,0
12,47,7,2009,2,1,1,2,2,1,1,1,1,1,1,1,1,2,14,6,1,1,33,2,2,0
12,47,7,2009,4,1,1,2,2,1,2,1,1,1,1,1,1,2,12,6,1,1,33,2,2,0
12,47,7,2009,2,1,1,2,2,1,1,1,1,1,1,1,1,2,14,6,1,1,33,2,2,0
2,35,7,2009,2,1,1,2,2,1,1,1,1,1,1,1,1,2,10,6,1,3,35,2,2,0
4,38,7,2009,2,1,3,2,2,1,1,1,1,1,1,2,1,2,4,6,1,3,28,2,2,0
3,38,7,2009,2,1,1,2,2,1,1,1,1,1,1,1,1,2,9,6,1,1,33,2,2,0
4,38,7,2009,2,1,1,2,2,1,2,1,1,1,1,2,1,2,9,6,1,1,33,2,2,0
7,38,7,2009,2,7,1,2,2,1,1,1,2,1,1,1,1,2,7,6,1,7,33,2,2,1
5,45,7,2009,4,1,1,2,2,2,4,1,1,1,1,1,1,2,9,6,1,7,33,2,2,0
6,45,7,2009,1,1,1,2,2,1,2,2,2,1,1,1,1,1,9,6,1,7,33,2,2,0
6,45,7,2009,3,1,1,2,2,1,4,1,1,1,1,1,1,2,7,6,1,7,33,2,2,1
4,45,7,2009,2,1,1,2,2,1,1,1,1,1,1,1,1,1,9,6,1,7,33,2,2,0
4,45,7,2009,1,1,1,2,2,1,4,2,1,1,1,1,1,1,14,6,1,7,33,2,2,0
4,45,7,2009,1,1,1,2,2,1,2,2,1,1,1,1,1,2,14,6,1,7,33,2,2,0
3,36,8,2009,3,1,1,2,2,1,1,1,1,1,1,1,1,2,9,6,1,1,50,2,2,0
4,37,8,2009,2,1,1,2,2,2,1,1,2,1,1,4,1,2,9,6,1,1,33,2,2,1
3,38,8,2009,3,1,1,2,2,2,1,1,2,1,1,1,1,2,8,6,1,1,33,2,2,0
3,43,8,2009,2,3,1,2,2,1,1,1,1,1,1,1,1,1,9,6,1,1,30,2,2,0
1,43,5,2009,3,1,1,2,2,1,1,1,1,1,1,3,1,2,5,6,1,1,28,2,2,0
4,43,7,2009,2,1,1,2,2,1,1,1,1,1,1,4,2,2,8,6,1,1,33,2,2,0
6,43,6,2009,3,1,1,2,2,1,1,1,1,1,1,4,1,2,8,6,1,3,37,2,2,0
4,43,6,2009,4,1,1,2,2,1,1,3,1,1,1,1,1,2,19,6,1,1,33,2,2,0
3,41,1,2009,2,7,8,2,2,4,1,1,2,1,1,2,1,2,9,6,1,1,32,2,2,0
7,41,1,2009,3,1,1,2,2,1,1,1,1,1,1,1,1,1,12,6,1,3,33,2,2,1
7,41,1,2009,2,7,8,2,2,1,1,1,1,1,1,1,1,1,8,6,1,3,33,2,2,0
1,41,2,2009,4,3,8,2,2,1,4,1,1,1,1,1,1,1,7,6,1,1,33,2,2,0
1,41,2,2009,3,2,1,2,2,1,2,1,1,1,1,1,1,1,4,6,1,1,33,2,2,2
7,41,2,2009,4,1,1,2,2,1,2,1,1,1,1,1,1,1,19,6,1,1,33,2,2,0
6,41,2,2009,2,3,1,2,2,1,1,1,1,1,1,1,1,1,19,6,1,1,33,2,2,0
6,41,2,2009,3,4,1,2,2,1,1,1,1,1,1,1,1,1,14,6,1,1,40,2,2,0
6,41,5,2009,3,1,1,2,2,1,1,1,1,1,1,1,1,2,4,1,1,1,33,2,2,0
6,41,5,2009,3,7,1,2,2,1,1,1,1,1,1,1,1,2,11,6,1,1,28,2,2,0
4,41,6,2009,1,7,1,2,2,1,4,1,1,1,1,5,1,1,19,6,1,1,33,2,2,0
6,41,6,2009,4,1,8,2,2,1,2,1,1,1,1,1,2,2,7,6,1,1,33,2,2,0
7,41,8,2009,3,1,1,2,2,1,1,1,1,1,1,1,1,1,8,6,1,1,33,2,2,0
1,45,8,2009,2,1,5,2,1,4,1,1,1,1,1,1,1,1,14,6,1,1,33,2,2,0
1,45,8,2009,1,1,1,2,2,1,2,1,1,1,1,1,1,2,19,6,1,1,33,2,2,0
1,40,2,2009,3,3,3,2,2,1,1,1,1,1,1,1,1,1,9,6,1,1,33,2,2,1
1,40,2,2009,5,1,8,2,2,1,3,1,1,1,1,1,1,1,19,6,1,1,33,2,2,0
6,40,2,2009,2,7,1,2,2,1,1,1,1,1,1,1,1,2,9,6,1,1,35,2,2,0
6,40,2,2009,4,1,1,2,2,1,2,1,1,1,1,1,1,2,9,6,1,1,33,2,2,0
6,40,2,2009,2,1,1,2,2,1,1,1,1,1,1,1,1,2,9,6,1,1,33,2,2,0
1,40,3,2009,2,1,1,2,2,1,1,1,1,1,1,1,1,1,9,6,1,6,33,2,2,0
1,40,3,2009,2,1,1,2,2,1,1,1,1,1,1,4,1,2,9,6,1,6,33,2,2,0
1,40,3,2009,3,1,3,2,2,1,1,1,1,1,1,1,1,1,9,6,1,1,33,2,2,0
5,40,3,2009,2,1,1,2,2,1,1,1,1,1,1,1,1,2,14,1,1,1,33,2,2,0
1,40,4,2009,1,1,3,2,2,1,3,1,1,1,1,1,1,1,14,6,1,1,33,2,2,0
6,40,4,2009,3,1,3,2,2,1,1,1,1,1,1,1,1,2,19,6,1,1,33,2,2,0
6,40,4,2009,2,1,1,2,2,1,1,1,1,1,1,3,1,2,8,6,1,1,26,2,2,0
1,40,6,2009,2,1,1,2,2,1,3,1,1,1,1,1,1,1,12,6,1,1,33,2,2,0
1,40,6,2009,4,1,3,2,2,1,3,1,1,1,1,1,1,1,14,6,1,1,33,2,2,0
5,40,6,2009,2,1,8,2,2,1,1,1,1,1,1,2,1,2,8,1,1,1,33,1,1,0
1,40,7,2009,2,1,1,2,2,1,1,1,1,1,1,1,1,1,9,8,1,1,33,2,2,0
5,40,7,2009,4,1,1,2,2,1,4,1,1,1,1,1,1,2,9,6,1,1,33,2,2,0
6,40,7,2009,4,1,1,2,2,1,4,1,1,1,1,1,1,2,19,6,1,1,33,2,2,0
2,40,7,2009,3,1,1,2,2,1,1,1,1,1,1,3,1,2,9,6,1,1,33,2,2,0
1,40,8,2009,2,1,3,2,2,1,1,1,1,1,1,1,1,1,14,6,1,1,33,2,2,0
1,40,8,2009,3,1,3,2,2,1,1,1,1,1,1,1,2,1,9,6,1,1,33,2,2,0
1,40,8,2009,2,1,3,2,2,1,1,1,1,1,1,5,1,1,6,6,1,1,33,2,2,1
6,40,8,2009,1,1,1,2,2,2,4,1,2,1,1,4,1,2,14,6,1,1,33,2,2,0
3,40,8,2009,3,1,1,2,2,1,1,1,1,1,1,1,1,2,12,6,1,1,33,2,2,0
3,40,8,2009,4,1,1,2,2,1,4,1,1,1,1,1,1,2,19,6,1,1,33,2,2,0
12,47,8,2009,2,1,1,2,2,1,1,1,1,1,1,1,1,2,19,6,1,1,33,2,2,0
7,38,9,2009,2,1,1,2,2,1,1,1,1,1,1,1,2,2,7,6,1,1,33,2,2,0
6,38,9,2009,4,1,1,2,2,1,1,1,1,1,1,1,1,2,9,6,1,1,33,2,2,0
6,38,9,2009,3,1,1,2,2,1,1,1,1,1,1,1,1,2,9,6,1,1,33,2,2,0
1,49,8,2009,2,1,1,2,2,1,1,1,1,1,1,2,1,2,14,6,1,1,33,2,2,0
1,49,9,2009,2,1,1,2,2,1,1,1,1,1,1,5,1,1,14,6,2,6,33,2,2,0
1,49,9,2009,3,1,3,2,2,1,1,1,1,1,1,2,1,1,14,6,1,1,33,2,2,0
4,50,1,2009,4,1,3,2,2,1,1,1,1,1,1,3,1,2,19,6,1,1,33,2,2,0
1,50,1,2009,3,1,1,2,2,1,1,1,1,1,1,1,1,2,14,6,1,1,33,2,2,0
3,50,1,2009,3,1,1,2,2,1,1,1,1,1,1,2,1,2,4,6,1,1,35,2,2,1
13,50,2,2009,3,1,1,2,2,1,1,1,1,1,1,3,1,2,9,6,1,1,33,2,2,0
12,50,2,2009,2,1,1,2,2,1,2,1,1,1,1,1,1,2,10,6,1,6,33,2,2,0
3,50,2,2009,3,1,1,2,2,1,1,1,1,1,1,2,1,2,19,6,1,1,33,2,2,0
3,50,4,2009,3,1,1,2,2,1,1,1,1,1,1,2,1,2,6,6,1,6,33,2,2,0
12,50,4,2009,4,1,8,2,2,1,3,1,1,1,1,5,1,1,14,6,1,1,18,2,2,0
6,50,4,2009,4,1,1,2,2,1,2,1,1,1,1,5,1,1,17,6,2,6,23,2,2,1
2,50,4,2009,4,1,1,2,2,1,2,1,1,1,1,1,1,2,15,6,1,1,33,2,2,0
10,50,4,2009,1,1,1,2,2,2,4,2,2,1,1,2,1,2,19,6,1,1,33,2,2,0
7,50,5,2009,2,1,1,2,2,1,1,3,1,2,3,2,2,2,9,6,1,1,33,2,2,1
10,50,5,2009,3,1,1,2,2,1,1,1,1,1,1,2,1,2,9,6,1,1,33,2,2,0
1,50,6,2009,2,1,3,2,2,1,1,1,1,1,1,1,1,2,14,6,1,1,40,2,2,0
13,50,7,2009,3,1,3,2,2,1,1,1,1,3,1,4,1,2,6,6,1,1,33,2,2,0
8,50,7,2009,3,1,1,2,2,1,1,1,1,1,1,4,1,2,9,6,1,1,22,2,2,0
2,50,7,2009,4,1,1,2,2,1,1,3,1,1,1,3,1,2,6,6,1,6,33,2,2,0
2,50,7,2009,1,1,1,2,2,1,4,1,1,1,1,4,1,2,9,6,1,1,33,2,2,0
12,50,7,2009,1,1,1,2,2,1,2,1,1,1,1,1,1,2,14,6,2,6,35,2,2,0
13,50,8,2009,4,1,1,2,2,1,2,1,1,1,1,3,1,2,7,6,1,1,32,2,2,0
2,50,8,2009,2,1,1,2,2,1,1,2,1,1,1,3,1,2,15,6,1,1,48,2,2,0
7,41,9,2009,3,1,3,2,2,1,1,1,1,1,1,1,1,2,9,6,1,1,33,2,2,0
7,41,9,2009,4,1,3,2,2,1,4,1,1,1,1,2,1,2,12,6,1,3,33,2,2,0
6,41,9,2009,2,1,1,2,2,1,1,3,1,1,1,3,2,1,9,6,1,1,55,2,2,0
7,41,8,2009,2,1,2,2,2,1,1,1,1,1,1,2,1,2,14,6,1,1,33,2,2,0
7,41,4,2009,1,1,3,2,2,1,4,1,1,1,1,1,1,2,19,6,1,7,33,2,2,0
3,48,7,2009,3,1,1,2,2,1,1,1,1,1,1,3,1,2,19,6,2,6,33,2,2,0
3,48,4,2009,2,1,1,2,2,1,1,1,1,3,2,4,1,2,19,6,2,6,23,2,2,1
5,48,9,2009,2,1,1,2,2,1,1,2,1,1,1,3,1,2,9,6,1,6,33,2,2,0
3,48,9,2009,4,1,1,2,2,1,4,1,1,1,1,3,1,2,9,6,1,6,33,2,2,0
5,47,9,2009,3,1,1,2,2,1,1,4,1,1,1,3,1,2,19,6,1,1,33,2,2,0
12,47,9,2009,1,1,1,2,2,1,2,1,1,1,1,1,1,2,14,6,2,6,33,2,2,0
12,47,9,2009,4,1,1,2,2,1,4,1,1,1,1,1,1,2,19,6,1,1,33,2,2,0
9,47,9,2009,1,3,1,2,2,1,2,4,1,1,1,1,1,2,9,6,1,6,45,2,2,0
1,35,9,2009,3,1,1,2,2,1,1,1,1,1,1,3,1,2,9,6,1,3,33,2,2,1
1,44,8,2009,3,1,1,2,2,1,1,1,1,1,1,2,1,1,14,6,1,1,28,2,2,0
6,44,8,2009,2,1,1,2,2,1,1,1,1,1,1,5,1,1,8,6,1,1,33,2,2,0
7,44,8,2009,2,1,3,2,2,1,1,1,1,1,1,1,1,1,9,6,1,3,33,2,2,0
7,44,9,2009,3,1,1,2,2,1,1,1,1,1,1,1,1,2,9,6,1,1,33,2,2,0
7,44,9,2009,2,1,1,2,2,1,2,1,1,1,1,2,1,2,14,6,1,1,33,2,2,0
1,43,9,2009,3,1,1,2,2,1,1,1,1,1,1,3,1,2,9,6,1,6,35,2,2,0
9,52,9,2009,3,1,1,2,2,1,1,1,1,1,1,3,1,2,6,6,1,3,28,2,2,0
1,39,9,2009,3,1,1,2,2,1,1,1,1,1,1,2,1,1,9,6,1,1,28,2,2,0
6,40,1,2009,2,1,1,2,2,1,1,1,1,1,1,1,1,2,9,6,1,1,40,2,2,0
3,40,1,2009,3,1,1,2,2,1,1,1,1,1,1,4,1,2,4,6,1,1,33,2,2,0
5,40,3,2009,2,1,1,2,2,1,1,1,1,1,1,1,1,2,19,6,2,6,30,2,2,0
3,40,6,2009,4,1,1,2,2,2,4,2,2,1,1,1,1,2,13,6,1,3,33,2,2,0
3,40,6,2009,3,1,1,2,2,1,1,3,1,1,1,4,1,2,6,6,1,6,33,2,2,0
1,40,9,2009,3,1,1,2,2,1,1,1,1,1,1,4,1,2,13,6,1,1,33,2,2,0
1,40,9,2009,2,1,1,2,2,1,1,1,1,1,1,1,1,2,9,6,1,1,33,2,2,0
1,44,9,2009,2,1,1,2,2,1,1,1,1,1,3,4,1,2,10,6,1,1,33,2,2,0
1,40,8,2009,2,1,1,2,2,1,2,1,1,1,1,1,1,2,19,6,1,1,33,2,2,0
7,40,9,2009,3,1,1,2,2,1,1,1,1,1,2,3,1,2,8,6,1,1,30,2,2,0
6,40,9,2009,3,7,1,2,2,1,1,1,1,1,1,1,1,2,4,6,1,1,25,2,2,1
3,40,9,2009,3,1,1,2,2,1,1,1,1,1,1,1,1,2,9,6,1,1,33,2,2,0
6,40,9,2009,1,3,4,2,2,1,2,1,1,1,1,1,1,1,14,6,1,1,33,2,2,1
6,38,9,2009,3,1,1,2,2,1,1,1,1,1,1,1,1,2,9,6,1,1,33,2,2,0