Thana,District,Month,Year,Time,Junction_Type,Traffic_Control,Movement,Divider,Weather,Light,Road_Geometry,Surface_Condition,Surface_Type,Surface_Quality,Road_Class,Road_Feature,Location_Type,Vehicle_Type,Vehicle_Movement,Vehicle_Loading,Vehicle_Defect,Vehicle_Driver_Age,Vehicle_Alcohol,Vehicle_Seat_Belt,Accident_Severity
3,38,10,2009,1,6,1,2,1,1,2,1,1,1,1,1,1,2,19,6,1,1,33,2,2,0
6,38,10,2009,4,1,1,2,2,1,2,1,1,1,1,1,1,2,14,6,1,1,35,2,2,0
6,37,10,2009,2,1,1,2,2,1,1,1,1,1,1,3,1,2,19,6,2,6,38,2,2,0
1,45,10,2009,3,1,1,2,2,1,1,1,1,1,1,2,1,2,17,6,1,6,33,2,2,0
1,40,10,2009,1,1,1,2,2,1,4,1,1,1,1,1,1,1,15,6,1,1,33,2,2,0
7,40,10,2009,2,1,1,2,2,1,1,1,1,1,1,2,1,2,14,6,1,1,38,2,2,2
3,40,10,2009,1,1,1,2,2,1,4,1,1,1,1,2,1,2,19,6,1,1,33,2,2,0
6,40,10,2009,3,1,1,2,2,1,1,1,1,1,1,1,1,2,14,6,1,3,33,2,2,0
5,40,10,2009,3,1,1,2,2,1,1,1,2,1,1,4,1,2,6,6,1,6,33,2,2,0
9,47,10,2009,3,1,1,2,2,1,2,1,1,1,1,1,1,1,1,14,0,6,1,1,0,0
5,49,10,2009,4,1,1,2,2,1,2,1,1,1,1,2,1,2,19,6,1,6,25,2,2,0
1,35,6,2009,3,1,1,2,2,1,4,4,1,1,1,1,1,2,19,6,1,1,33,2,2,0
1,35,10,2009,2,1,1,2,2,1,1,1,1,1,1,1,1,1,4,6,1,3,25,2,2,0
4,43,10,2009,2,1,1,2,2,1,1,1,1,1,3,2,1,2,9,6,1,1,33,2,2,0
12,50,10,2009,2,1,1,2,2,1,1,2,1,1,1,1,1,2,12,6,1,6,42,2,2,0
6,50,10,2009,2,1,3,2,2,1,1,1,1,1,1,5,1,1,19,6,1,3,25,2,2,1
1,51,10,2009,2,1,1,2,2,1,1,1,1,1,1,4,1,2,14,6,1,1,45,2,2,0
13,51,7,2009,3,1,1,2,2,1,1,1,1,1,1,2,1,2,4,6,1,1,33,2,2,0
9,51,10,2009,2,1,1,2,2,1,1,1,1,1,1,3,1,2,7,6,1,5,22,2,2,0
11,51,10,2009,3,1,1,2,2,1,1,1,1,1,1,2,1,2,19,6,2,6,19,2,2,1
1,39,10,2009,2,6,1,2,2,1,1,1,1,1,1,1,3,2,9,6,1,6,33,2,2,0
6,41,10,2009,3,3,1,2,2,1,1,1,1,1,1,1,1,2,14,6,1,1,33,2,2,1
1,44,10,2009,2,1,1,2,2,1,1,1,1,1,1,5,1,1,8,6,1,1,20,2,2,1
6,44,10,2009,4,1,1,2,2,1,3,1,1,1,1,1,1,1,19,6,1,1,33,2,2,0
9,47,11,2009,1,1,1,2,2,1,2,1,1,1,1,1,2,2,9,6,1,6,33,2,2,0
8,38,11,2009,3,1,1,2,2,1,1,1,1,1,1,4,1,2,8,6,1,1,33,2,2,0
6,38,11,2009,2,1,1,2,2,1,1,1,1,1,1,1,1,2,19,6,1,6,31,2,2,1
1,38,11,2009,4,1,1,2,2,1,4,1,1,1,1,3,1,2,9,6,1,1,33,2,2,0
1,49,11,2009,2,1,1,2,2,1,1,1,1,1,1,2,1,2,6,6,1,3,33,2,2,0
7,51,11,2009,2,1,1,2,2,1,1,1,1,1,1,3,1,2,19,6,2,6,30,2,2,0
9,51,11,2009,3,1,1,2,2,1,1,1,1,1,1,2,1,2,9,6,1,4,45,2,2,1
9,51,11,2009,3,1,1,2,2,1,1,1,1,1,1,3,1,2,19,6,2,6,22,2,2,1
1,45,11,2009,3,1,1,2,2,1,1,1,1,1,1,1,1,1,14,6,1,1,33,2,2,0
1,45,11,2009,4,1,1,2,2,1,2,1,1,1,1,1,1,2,9,6,1,1,33,2,2,0
5,45,11,2009,3,1,1,2,2,1,1,1,1,1,1,1,1,2,9,6,1,1,33,2,2,0
5,45,11,2009,3,1,1,2,2,1,1,1,1,1,1,1,1,2,9,6,1,1,33,2,2,0
6,45,11,2009,1,1,1,2,2,1,1,1,1,1,1,1,1,2,9,9,1,6,33,2,2,0
1,40,11,2009,2,3,1,2,2,1,4,1,1,1,3,2,1,2,14,6,1,3,33,2,2,1
5,40,11,2009,3,1,1,2,2,1,1,2,1,1,1,3,1,2,13,6,1,3,33,2,2,0
5,40,11,2009,2,1,1,2,2,1,1,1,1,1,1,1,1,2,9,6,1,3,33,2,2,0
5,40,11,2009,1,1,1,2,2,4,4,2,1,1,1,1,1,2,19,6,1,1,33,2,2,0
6,40,11,2009,4,1,1,2,2,1,3,1,1,1,1,1,1,2,9,6,1,1,33,2,2,0
6,40,11,2009,4,1,4,2,2,1,2,1,1,1,1,1,1,2,9,6,1,1,33,2,2,0
6,40,11,2009,1,3,1,2,2,1,4,2,1,1,1,1,1,2,13,6,1,6,33,2,2,0
6,40,11,2009,2,1,1,2,2,1,2,1,1,1,1,1,1,2,8,6,1,1,25,2,2,0
1,46,8,2009,2,1,3,2,2,1,2,1,1,1,1,1,1,1,14,6,1,1,35,2,2,0
1,46,1,2009,4,1,3,2,2,1,3,1,1,1,1,1,1,1,12,6,1,1,33,2,2,0
1,46,2,2009,3,1,1,2,2,1,1,1,1,1,1,1,1,1,9,6,1,6,33,2,2,0
1,46,2,2009,3,1,1,2,2,1,1,1,1,1,1,5,1,1,19,6,1,6,33,2,2,0
1,46,3,2009,4,1,1,2,2,1,4,1,1,1,1,1,1,1,14,6,1,1,33,2,2,0
1,46,3,2009,2,1,1,2,2,1,2,1,1,1,1,1,1,1,19,6,1,6,33,2,2,0
1,46,3,2009,2,1,1,2,2,1,1,1,1,1,1,1,1,1,8,6,1,1,33,2,2,0
1,46,4,2009,1,1,1,2,2,1,4,1,1,1,1,1,1,1,12,6,1,6,33,2,2,0
1,46,5,2009,1,1,3,2,2,1,1,1,1,1,1,1,1,1,9,6,1,1,33,2,2,0
1,46,6,2009,4,1,3,2,2,1,1,1,1,1,1,5,1,1,9,6,1,1,33,2,2,1
1,46,11,2009,2,1,1,2,2,1,1,1,1,1,1,1,1,1,9,6,1,1,33,2,2,0
1,46,7,2009,2,1,1,2,2,1,1,1,1,1,1,1,1,2,14,6,1,1,33,2,2,0
1,46,10,2009,2,1,1,2,2,1,1,1,1,1,1,1,1,1,9,6,1,1,33,2,2,0
1,46,8,2009,1,1,1,2,2,1,4,3,1,1,1,1,4,2,4,6,1,6,33,2,2,0
1,46,11,2009,2,1,1,2,2,1,1,1,1,1,1,1,1,1,9,6,1,1,33,2,2,0
1,46,11,2009,4,1,1,2,2,1,4,1,1,1,1,1,1,1,5,6,1,6,33,2,2,0
1,46,8,2009,1,1,1,2,2,1,4,1,1,1,1,1,1,2,4,6,1,6,33,2,2,0
5,46,10,2009,2,1,1,2,2,1,1,1,1,1,1,4,1,2,6,8,1,1,25,2,2,0
4,46,3,2009,4,3,1,2,2,1,4,1,1,1,1,2,1,2,9,6,1,1,33,2,2,0
6,46,3,2009,4,1,4,2,2,1,2,1,1,1,1,1,1,1,10,6,1,1,33,2,2,0
6,46,4,2009,2,1,4,2,2,1,1,1,1,1,1,1,1,1,9,6,1,1,33,2,2,0
6,46,4,2009,2,1,1,2,2,1,1,1,1,1,1,1,1,1,9,4,1,1,33,2,2,0
6,46,4,2009,1,1,4,2,2,1,3,1,1,1,1,1,1,1,9,6,1,1,33,2,2,0
6,46,4,2009,2,1,4,2,2,1,1,1,1,1,1,1,1,1,9,6,1,1,33,2,2,0
6,46,5,2009,1,1,1,2,2,1,4,1,1,1,1,1,1,1,14,6,1,1,30,2,2,0
6,46,1,2009,2,1,4,2,2,1,2,1,1,1,1,1,1,1,9,6,1,1,33,2,2,0
6,46,1,2009,2,1,4,2,2,1,1,1,1,1,1,1,1,1,14,6,1,1,33,2,2,0
6,46,3,2009,3,1,4,2,2,1,1,1,1,1,1,1,1,1,7,6,1,1,62,2,2,1
6,46,3,2009,2,1,4,2,2,1,1,1,1,1,1,1,1,1,14,6,1,1,33,2,2,0
6,46,4,2009,2,1,4,2,2,1,1,1,1,1,1,1,1,1,9,6,1,1,33,2,2,0
6,46,3,2009,4,1,4,2,2,1,1,1,1,1,1,1,1,1,14,6,1,1,33,2,2,0
6,46,3,2009,3,1,4,2,2,1,1,1,1,1,1,1,3,1,15,6,1,2,33,2,2,0
6,46,3,2009,2,1,4,2,2,1,1,1,1,1,1,3,1,1,9,6,1,1,33,2,2,0
6,46,4,2009,3,1,4,2,2,1,1,1,1,1,1,1,1,1,4,6,1,1,33,2,2,0
6,46,1,2009,2,4,4,2,2,1,1,1,1,1,1,1,1,1,9,6,1,1,33,2,2,0
6,46,3,2009,3,1,4,2,2,1,1,1,1,1,1,1,1,1,14,6,1,1,33,2,2,0
6,46,2,2009,3,1,4,2,2,1,1,1,1,1,1,1,1,1,9,6,1,1,27,2,2,0
3,46,4,2009,3,1,1,2,2,1,1,2,1,1,1,2,1,2,14,6,1,1,33,2,2,0
3,46,5,2009,3,3,1,2,2,1,1,1,1,1,1,3,1,2,6,6,1,6,33,2,2,1
3,46,5,2009,2,3,1,2,2,1,1,1,1,1,1,2,1,2,19,6,1,6,33,2,2,1
3,46,7,2009,4,1,1,2,2,1,2,1,1,1,1,2,1,2,9,6,1,1,33,2,2,0
2,46,1,2009,3,1,1,2,2,1,1,1,1,1,1,1,1,2,9,6,1,1,33,2,2,0
2,46,3,2009,3,3,4,2,2,1,1,1,1,1,1,1,1,1,14,1,1,1,40,2,2,0
2,46,4,2009,3,1,1,2,2,1,3,1,1,1,1,1,1,2,15,6,1,4,35,2,2,0
2,46,6,2009,3,1,1,2,2,1,1,1,1,1,1,4,1,2,9,6,1,1,25,2,2,0
2,46,5,2009,3,1,1,2,2,1,1,1,1,1,1,1,1,2,9,6,1,1,33,2,2,0
2,46,9,2009,2,1,1,2,2,1,1,1,1,1,1,1,5,1,9,6,1,1,33,2,2,0
2,46,8,2009,4,1,2,2,2,1,1,1,1,1,1,1,1,1,14,6,1,1,33,2,2,0
2,46,8,2009,1,1,2,2,2,1,2,1,1,1,1,1,1,1,19,6,1,1,33,2,2,0
2,46,9,2009,3,3,2,2,2,1,1,1,1,1,1,1,5,1,9,6,1,1,33,2,2,0
2,46,9,2009,3,1,1,2,2,1,1,1,1,1,1,2,1,2,9,6,1,1,38,2,2,0
2,46,9,2009,1,3,1,2,2,1,1,1,1,1,1,1,1,1,19,6,1,1,33,2,2,0
2,46,10,2009,2,1,2,2,2,1,1,1,1,1,1,1,1,1,9,6,1,1,38,2,2,0
3,39,11,2009,1,1,1,2,2,4,4,1,2,1,1,1,1,2,9,6,1,6,33,2,2,0
3,44,11,2009,4,1,1,2,2,1,4,1,1,1,1,1,1,2,14,6,1,1,33,2,2,0
7,44,7,2009,1,1,3,2,2,1,3,1,1,1,1,1,1,1,19,6,1,1,33,2,2,0
7,44,11,2009,1,1,4,2,2,1,4,1,1,1,1,1,1,1,14,6,1,1,33,2,2,0
7,44,11,2009,2,1,3,2,2,1,3,1,1,1,1,1,1,1,19,6,1,1,33,2,2,0
7,44,8,2009,4,1,3,2,2,1,4,1,1,1,1,1,1,2,19,6,1,1,33,2,2,0
5,44,11,2009,3,1,1,2,2,1,1,1,1,1,1,1,1,2,8,6,1,3,33,2,2,0
2,50,11,2009,4,1,1,2,2,1,4,1,1,1,1,1,1,2,9,6,1,1,33,2,2,0
11,50,11,2009,2,1,1,2,2,1,1,1,1,1,1,2,1,2,9,6,1,1,33,2,2,0
8,50,11,2009,3,1,2,2,2,1,1,1,1,3,2,4,1,2,19,6,2,6,35,2,2,0
3,50,11,2009,2,1,1,2,2,1,1,1,1,1,1,4,1,2,4,6,1,1,35,2,2,0
1,48,11,2009,4,1,1,2,2,1,2,1,1,1,1,3,1,2,8,6,1,6,35,2,2,0
7,41,11,2009,1,1,1,2,2,1,3,1,1,1,1,1,1,2,19,6,1,1,33,2,2,0
7,41,11,2009,3,2,3,2,2,1,1,1,1,1,1,1,2,2,5,6,1,1,33,2,2,0
6,41,11,2009,2,1,1,2,2,1,2,1,1,1,1,1,1,2,19,6,1,1,33,2,2,0
1,45,12,2009,1,1,1,2,2,1,1,1,1,1,1,5,1,1,13,6,1,1,33,2,2,0
5,45,12,2009,3,1,1,2,2,1,1,1,1,1,1,4,1,2,7,6,1,1,33,2,2,1
1,50,12,2009,3,1,1,2,2,1,1,1,1,1,1,1,1,2,4,6,1,1,33,2,2,0
1,49,12,2009,3,1,1,2,2,1,1,1,1,1,1,2,1,1,9,7,1,1,33,2,2,0
1,47,12,2009,2,1,1,1,1,1,1,1,1,1,1,1,1,2,9,6,1,1,33,2,2,0
1,51,12,2009,3,1,1,2,2,1,1,1,1,1,1,4,1,2,19,6,2,6,23,2,2,0
13,51,12,2009,3,1,1,2,2,1,1,1,1,1,1,3,1,2,9,6,1,6,33,2,2,0
13,51,10,2009,3,1,1,2,2,1,1,2,1,3,2,4,1,2,4,6,1,1,33,2,2,1
8,51,12,2009,4,1,1,2,2,1,1,1,1,1,1,4,1,2,4,6,1,1,33,2,2,0
6,41,12,2009,2,7,1,2,2,1,1,1,1,1,1,1,1,1,19,6,1,1,33,2,2,0
4,36,11,2009,2,7,1,2,2,1,4,1,1,1,1,1,1,2,14,1,1,1,40,2,2,0
1,48,12,2009,3,3,1,2,2,1,1,1,1,1,1,1,1,2,7,6,1,1,22,2,2,0
6,48,12,2009,3,4,1,2,2,1,1,1,1,1,1,3,1,1,4,6,1,1,33,2,2,0
5,44,12,2009,4,1,1,2,2,1,4,1,1,1,1,1,1,2,9,6,1,1,33,2,2,0
5,43,12,2009,3,1,1,2,2,1,1,1,1,1,1,1,1,2,9,6,1,1,33,2,2,0
1,39,12,2009,3,1,1,2,2,1,1,1,1,1,3,2,1,2,9,6,1,1,29,2,2,0
11,51,2,2009,3,1,2,2,2,1,1,1,1,1,1,3,1,2,6,6,1,3,35,2,2,0
16,42,1,2009,2,1,4,1,1,1,1,1,1,1,1,5,1,1,9,6,1,1,32,2,2,0
4,42,1,2009,4,1,1,1,1,1,3,1,1,1,1,5,1,1,9,6,1,1,30,2,2,0
11,42,1,2009,3,7,3,1,2,1,1,1,1,1,1,2,1,1,5,6,1,1,38,2,2,1
6,42,1,2009,2,7,1,2,2,1,1,1,1,1,1,2,1,1,14,6,1,1,44,2,2,0
10,42,1,2009,2,3,4,2,1,1,1,1,1,1,1,5,1,1,10,6,1,1,35,1,2,1
10,42,1,2009,2,7,8,1,1,1,1,1,1,1,1,5,1,1,14,6,1,1,32,1,2,0
10,42,1,2009,4,3,1,2,1,1,1,1,1,1,1,5,1,1,8,6,1,1,42,1,2,0
17,42,1,2009,3,1,1,1,1,1,1,1,1,1,1,5,1,1,10,6,1,2,33,1,0,0
17,42,2,2009,3,1,1,2,2,1,1,1,1,1,1,5,1,1,10,6,1,1,35,2,2,0
28,42,1,2009,4,1,1,1,1,1,3,1,1,1,1,1,1,1,5,6,1,7,40,2,2,1
28,42,2,2009,4,2,4,1,1,1,2,1,1,1,1,2,1,1,8,6,1,1,45,2,2,1
13,42,1,2009,3,1,1,2,2,1,1,1,1,1,1,5,1,1,6,6,1,1,23,2,2,1
13,42,1,2009,4,1,1,1,1,1,1,2,1,1,1,1,1,1,4,6,1,1,26,2,0,1
13,42,1,2009,3,1,1,1,1,1,1,2,1,1,1,1,1,1,8,6,1,1,40,2,2,2
13,42,1,2009,2,1,1,1,1,1,1,1,1,1,1,1,1,1,9,6,1,1,42,2,2,1
13,42,1,2009,3,1,1,1,1,1,1,1,1,1,1,1,1,1,8,6,1,1,21,2,2,1
13,42,1,2009,3,1,1,1,1,1,1,1,1,1,1,1,1,1,10,6,1,2,33,1,0,0
13,42,2,2009,4,1,1,1,1,1,3,1,1,1,1,1,1,1,10,6,1,2,33,1,0,0
13,42,3,2009,4,1,1,1,1,1,4,1,1,1,1,1,1,1,1,1,1,1,26,2,2,0
9,42,1,2009,2,1,1,1,1,1,2,1,1,1,1,5,1,1,9,6,1,1,40,2,2,0
9,42,1,2009,2,1,1,2,2,1,3,1,1,1,1,5,1,1,7,6,1,1,25,2,2,1
9,42,1,2009,1,1,1,2,2,1,3,1,1,1,1,5,1,1,14,6,1,1,45,2,2,0
9,42,1,2009,3,1,1,1,1,1,1,1,1,1,1,5,1,1,10,6,1,1,35,2,2,1
9,42,1,2009,4,1,1,2,2,1,3,1,1,1,1,5,1,1,5,6,1,7,18,2,2,1
9,42,2,2009,2,2,4,1,2,1,1,1,1,1,1,5,1,1,14,6,1,1,45,1,2,0
9,42,1,2009,4,1,1,1,1,1,3,1,1,1,1,5,1,1,10,6,1,2,33,1,0,0
9,42,2,2009,2,2,4,1,1,1,1,1,1,1,1,5,1,1,9,6,1,1,35,2,2,0
6,42,3,2009,2,1,1,2,2,1,1,1,1,1,2,4,1,2,14,6,1,7,26,2,2,0
6,42,3,2009,5,1,1,2,2,1,1,1,1,1,1,2,1,1,19,6,1,7,30,2,2,0
24,42,4,2009,3,3,1,2,2,1,1,1,1,1,1,1,1,1,10,6,1,2,33,1,0,1
10,42,4,2009,1,1,1,1,1,1,3,1,1,1,1,5,1,1,10,6,1,2,33,1,0,0
10,42,4,2009,3,1,1,1,1,1,1,1,1,1,1,5,1,1,10,6,1,1,38,2,2,0
10,42,4,2009,4,3,1,2,2,1,4,1,1,1,2,5,1,1,19,6,1,2,33,1,0,0
5,42,2,2009,3,1,4,1,1,1,1,1,1,1,1,5,1,1,8,6,1,1,40,2,2,0
5,42,2,2009,2,1,1,1,1,1,1,1,1,1,1,5,1,1,8,6,1,1,25,2,2,1
5,42,4,2009,2,2,6,1,1,1,1,1,1,1,1,5,1,1,9,6,1,1,38,2,2,0
5,42,4,2009,2,1,4,1,1,1,1,1,1,1,1,5,1,1,8,6,1,1,25,2,2,0
17,42,3,2009,1,1,1,1,1,1,3,1,1,1,1,5,1,1,10,6,1,2,33,1,0,0
17,42,3,2009,2,1,1,1,1,1,1,1,1,1,1,5,1,1,10,6,1,1,25,2,2,1
17,42,3,2009,2,1,1,1,1,1,1,1,1,1,1,5,1,1,9,6,1,1,42,2,2,0
17,42,4,2009,3,1,1,1,1,1,1,1,1,1,1,5,1,1,4,6,1,1,35,2,1,1
18,42,2,2009,3,1,4,1,1,1,1,1,1,1,1,5,1,1,9,6,1,1,42,2,2,1
18,42,2,2009,3,1,1,1,1,1,1,1,1,1,1,5,1,1,10,6,1,1,38,2,2,0
18,42,2,2009,1,1,1,1,1,1,3,1,1,1,1,1,1,1,10,6,1,2,33,1,0,0
32,42,1,2009,2,1,4,1,1,1,1,1,1,1,1,5,1,1,10,6,1,2,33,1,0,0
32,42,2,2009,3,1,1,2,2,1,1,1,1,1,1,5,1,1,9,6,1,1,38,2,2,1
32,42,2,2009,3,1,1,1,1,1,1,1,1,1,1,5,1,1,9,6,1,1,38,2,2,1
32,42,2,2009,4,1,4,1,1,1,3,1,1,1,1,5,1,1,11,6,1,1,32,2,2,1
22,42,1,2009,2,1,1,1,1,1,1,1,1,1,1,1,1,1,10,6,1,2,33,1,0,0
22,42,1,2009,2,1,4,1,1,1,1,1,1,1,1,1,1,1,8,6,1,1,45,2,2,1
22,42,3,2009,4,3,6,1,1,1,4,1,1,1,1,1,1,1,10,6,1,2,33,1,0,0
22,42,4,2009,4,3,8,1,1,1,3,1,1,1,1,1,1,1,10,6,1,2,33,1,0,0
22,42,4,2009,4,3,3,1,1,1,3,1,1,1,1,1,1,1,1,6,1,1,35,2,2,0
15,42,2,2009,3,1,1,1,1,1,1,1,1,1,1,2,1,1,10,6,1,2,33,1,0,0
15,42,3,2009,2,1,4,1,1,1,1,1,1,1,1,5,1,1,9,6,1,1,30,2,2,0
9,42,3,2009,4,3,4,1,1,1,3,1,1,1,1,1,5,1,12,6,1,1,35,2,2,1
9,42,3,2009,2,1,4,1,1,1,2,1,1,1,1,5,1,1,14,6,1,1,45,2,2,2
9,42,3,2009,4,1,1,1,1,1,3,1,1,1,1,5,1,1,6,6,1,1,40,2,2,1
9,42,3,2009,2,1,1,2,2,1,1,1,1,1,1,5,1,1,10,6,1,1,35,2,2,1
9,42,4,2009,2,1,1,1,1,1,1,1,1,1,1,5,1,1,8,6,1,1,42,2,2,0
9,42,4,2009,2,2,4,1,1,1,1,1,1,1,1,5,1,1,8,6,1,1,28,2,2,0
14,42,2,2009,3,1,1,1,1,1,1,1,1,1,1,1,1,1,9,6,1,1,38,2,2,0
14,42,3,2009,2,1,1,1,1,1,1,1,1,1,1,1,1,1,9,6,1,1,24,2,2,0
14,42,3,2009,4,3,4,1,1,1,1,1,1,1,1,1,1,1,14,6,1,1,26,2,2,3
14,42,3,2009,2,2,4,1,1,1,1,1,1,1,1,1,1,1,14,6,1,1,42,1,2,0
14,42,3,2009,4,1,1,1,1,1,3,1,1,1,1,1,1,1,9,6,1,1,38,1,2,0
14,42,4,2009,1,1,1,1,1,1,3,1,1,1,1,1,1,1,10,6,1,2,33,1,0,0
14,42,4,2009,2,2,4,1,1,1,1,1,1,1,1,1,1,1,9,6,1,1,25,2,2,0
14,42,4,2009,1,1,1,1,1,1,3,1,1,1,1,1,1,1,9,6,1,1,45,1,2,0
33,42,1,2009,2,1,1,1,1,1,1,1,1,1,1,1,1,1,9,6,1,1,42,2,2,1
33,42,1,2009,2,1,1,1,1,1,1,1,1,1,1,1,1,1,14,6,1,1,48,1,2,0
33,42,2,2009,3,3,1,1,1,1,1,1,1,1,1,1,1,1,10,6,1,1,34,2,2,0
33,42,2,2009,4,1,1,1,1,1,3,1,1,1,1,5,1,1,9,6,1,1,40,2,2,0
33,42,2,2009,4,1,1,1,1,1,2,1,1,1,1,1,1,1,9,6,1,1,38,2,2,0
33,42,2,2009,1,1,1,1,1,1,3,1,1,1,1,1,1,1,14,6,1,1,48,1,2,0
33,42,4,2009,1,1,4,1,1,1,3,1,1,1,1,1,1,1,10,6,1,2,33,1,0,0
33,42,4,2009,4,1,1,1,1,1,3,1,1,1,1,5,1,1,9,6,1,1,42,2,2,0
1,42,3,2009,3,3,4,1,1,1,1,1,1,1,1,5,1,1,7,6,1,1,36,2,2,1
1,42,4,2009,3,3,1,1,1,1,1,1,1,1,1,1,1,1,10,6,1,1,28,2,2,0
1,42,4,2009,2,3,4,1,1,1,2,1,1,1,1,5,1,1,9,6,1,1,38,2,2,0
1,42,5,2009,4,3,4,1,1,1,3,1,1,1,1,5,1,1,10,6,1,1,55,2,2,1
2,42,1,2009,4,1,5,1,1,4,3,1,1,1,1,5,1,1,9,6,1,1,38,1,2,0
2,42,5,2009,4,5,4,1,1,1,3,2,1,1,1,5,1,1,14,6,1,1,42,2,2,3
34,42,1,2009,4,1,4,1,1,1,3,1,1,1,1,1,1,1,9,6,1,2,33,1,0,0
34,42,1,2009,1,1,4,1,1,1,2,1,1,1,1,1,1,1,14,6,1,2,33,1,0,0
34,42,1,2009,1,1,1,1,1,1,3,1,1,1,1,1,1,1,10,6,1,2,33,1,0,0
34,42,2,2009,2,1,1,1,1,1,1,1,1,1,1,1,1,1,9,6,1,1,40,2,2,0
34,42,2,2009,2,1,4,1,1,1,1,1,1,1,1,1,1,1,10,6,1,2,33,1,0,0
34,42,2,2009,3,1,1,1,1,1,1,1,1,1,1,5,1,1,10,6,1,2,33,1,0,0
34,42,5,2009,4,1,4,1,1,1,2,1,1,1,1,1,1,1,10,6,1,2,33,1,0,0
29,42,2,2009,2,2,4,1,1,1,1,1,1,1,1,5,1,1,8,6,1,1,39,2,2,0
11,42,3,2009,2,1,1,1,1,1,1,1,1,1,1,5,1,1,9,6,1,1,35,2,2,0
7,42,2,2009,4,1,1,2,2,1,3,1,1,1,1,2,1,1,19,6,1,1,25,2,2,3
7,42,3,2009,2,2,4,2,2,1,1,1,1,1,1,2,1,1,9,6,1,1,25,2,2,3
7,42,5,2009,2,1,1,2,2,1,1,1,1,1,3,2,1,1,9,6,1,1,24,2,2,1
28,42,4,2009,1,2,4,1,1,1,3,1,1,1,1,5,1,1,14,6,1,1,26,2,2,0
17,42,5,2009,1,1,1,1,1,1,2,1,1,1,1,5,1,1,10,6,1,2,33,1,0,0
17,42,5,2009,3,1,1,1,1,1,3,1,1,1,1,5,1,1,10,6,1,2,33,1,0,0
17,42,5,2009,4,1,1,1,1,1,1,1,1,1,1,5,1,1,7,9,1,1,35,2,2,1
21,42,5,2009,1,3,1,2,2,2,2,1,2,1,1,1,1,1,10,6,1,2,33,1,0,0
14,42,5,2009,1,1,1,1,1,1,4,1,1,1,1,1,1,1,10,6,1,2,33,1,0,0
24,42,5,2009,3,1,1,2,2,1,1,1,1,1,1,5,1,1,9,6,2,1,42,2,2,0
24,42,5,2009,4,3,1,2,2,1,4,2,1,1,1,1,1,1,5,6,1,1,35,2,2,0
25,42,5,2009,3,1,1,2,2,1,1,1,1,1,1,5,1,1,12,6,1,1,38,2,2,0
9,42,5,2009,3,1,1,1,1,1,1,1,1,1,1,5,1,1,10,6,1,1,32,2,2,1
9,42,5,2009,3,1,4,1,1,1,1,1,1,1,1,5,1,1,9,6,1,1,42,2,2,0
10,42,5,2009,3,1,1,1,1,1,1,1,1,1,1,5,1,1,10,6,1,2,33,1,0,0
15,42,5,2009,2,1,1,2,2,1,1,4,1,1,1,5,1,1,6,6,1,1,20,2,2,0
8,42,2,2009,3,1,1,2,2,1,1,1,1,1,1,5,1,1,10,6,1,1,33,2,2,1
8,42,3,2009,3,3,4,1,1,1,1,1,1,1,1,5,1,1,9,6,1,1,30,2,1,0
8,42,4,2009,3,1,1,1,1,1,1,1,1,1,1,5,1,1,5,6,1,1,35,2,2,1
8,42,4,2009,3,1,1,1,1,1,1,1,1,1,1,5,1,1,10,6,1,1,19,2,2,0
18,42,2,2009,4,1,4,1,1,1,3,1,1,1,1,5,1,1,19,6,1,1,32,2,2,1
18,42,3,2009,2,1,1,1,1,1,2,1,1,1,1,5,1,1,9,6,1,1,35,2,2,1
18,42,4,2009,4,3,1,2,1,1,3,1,1,1,1,1,1,1,9,6,1,1,38,2,2,3
32,42,3,2009,3,1,4,1,1,1,1,1,1,1,1,5,1,1,7,6,1,1,25,2,2,0
32,42,3,2009,3,2,4,1,1,1,1,1,1,1,1,5,1,1,9,6,1,1,42,2,2,0
32,42,4,2009,2,7,4,1,1,1,1,1,1,1,1,5,1,1,4,6,1,1,25,2,1,0
32,42,4,2009,1,1,1,2,2,1,2,1,1,1,1,5,1,1,9,6,1,1,42,2,2,0
32,42,4,2009,2,1,1,1,1,1,1,1,1,1,1,5,1,1,7,6,1,1,28,2,2,1
32,42,4,2009,3,1,4,1,1,1,1,1,1,1,1,5,1,1,9,6,1,1,35,2,2,0
24,42,6,2009,2,1,1,2,2,1,1,1,1,1,1,1,1,1,9,6,1,1,40,2,2,0
22,42,6,2009,2,1,5,1,1,1,2,1,1,1,1,1,1,1,10,6,1,1,28,2,2,0
13,42,6,2009,2,1,1,2,2,2,1,2,2,1,1,5,1,1,9,6,1,4,20,2,2,0
16,42,2,2009,2,1,4,2,2,1,2,1,1,1,1,5,1,1,9,6,1,1,50,2,2,0
6,42,5,2009,3,3,4,2,2,1,1,1,1,1,1,5,1,1,12,6,1,1,25,2,2,1
27,42,6,2009,3,7,5,2,1,1,1,1,1,1,1,5,1,1,9,6,1,1,22,2,2,0
17,42,6,2009,4,1,1,2,2,2,3,1,1,1,1,5,1,1,10,6,1,2,33,1,0,0
17,42,6,2009,2,1,1,1,1,1,1,1,1,1,1,5,1,1,10,6,1,1,37,2,2,1