Thana,District,Month,Year,Time,Junction_Type,Traffic_Control,Movement,Divider,Weather,Light,Road_Geometry,Surface_Condition,Surface_Type,Surface_Quality,Road_Class,Road_Feature,Location_Type,Vehicle_Type,Vehicle_Movement,Vehicle_Loading,Vehicle_Defect,Vehicle_Driver_Age,Vehicle_Alcohol,Vehicle_Seat_Belt,Accident_Severity
34,42,6,2009,4,1,1,1,1,1,3,1,1,1,1,1,1,1,10,6,1,2,33,1,0,0
34,42,6,2009,3,1,1,1,1,1,1,1,1,1,1,1,1,1,10,6,1,2,33,1,0,0
2,42,6,2009,1,2,4,1,1,1,2,1,1,1,1,5,1,1,9,6,1,1,35,2,2,0
2,42,6,2009,2,1,1,1,1,1,1,1,1,1,1,5,1,1,9,6,1,1,40,2,2,0
14,42,6,2009,4,1,1,1,1,1,2,1,1,1,1,1,1,1,9,3,1,1,40,2,2,0
14,42,6,2009,2,1,1,1,1,1,2,1,1,1,1,1,1,1,14,6,1,1,45,2,2,0
11,42,6,2009,1,1,1,1,1,1,3,1,1,1,1,2,1,1,10,6,1,2,33,1,0,0
11,42,6,2009,4,1,1,1,1,1,3,1,1,1,1,1,1,1,8,6,1,1,42,2,2,2
11,42,6,2009,2,3,4,1,1,1,1,2,1,1,1,2,1,1,8,6,1,1,34,2,2,1
11,42,6,2009,4,1,1,1,1,1,3,1,1,1,1,2,1,1,8,6,1,1,32,2,2,0
9,42,6,2009,1,2,1,1,1,1,2,1,1,1,1,5,1,1,10,6,1,2,33,1,0,0
9,42,6,2009,1,5,4,1,1,1,2,1,1,1,1,5,1,1,14,6,1,1,40,2,2,3
3,42,4,2009,2,1,2,1,1,1,2,1,1,1,1,2,1,1,10,6,1,1,32,2,2,1
3,42,5,2009,1,1,1,1,1,1,4,1,1,1,1,1,1,1,13,6,1,1,35,2,2,2
12,42,3,2009,1,1,1,1,1,1,3,1,1,1,1,1,1,1,10,6,1,2,33,1,0,0
12,42,3,2009,2,1,1,1,1,1,2,1,1,1,1,5,1,1,10,6,1,2,33,1,0,0
12,42,3,2009,2,1,1,1,1,1,2,1,1,1,1,5,1,1,10,6,1,2,33,1,0,0
12,42,3,2009,2,1,1,1,1,1,2,1,1,1,1,5,1,1,14,6,1,1,38,1,2,0
12,42,3,2009,1,1,8,1,1,1,3,1,1,1,1,5,1,1,10,6,1,2,33,1,0,0
12,42,4,2009,4,1,8,1,1,2,1,1,1,1,1,5,1,1,14,6,1,1,40,2,2,0
12,42,4,2009,1,1,1,1,1,1,2,1,1,1,1,5,1,1,14,6,1,1,40,1,2,0
12,42,6,2009,2,1,1,1,1,1,1,1,1,1,1,5,1,1,9,6,1,1,40,2,2,0
12,42,6,2009,3,1,8,2,2,1,1,1,1,1,1,5,1,1,7,6,1,1,30,2,2,1
33,42,5,2009,3,1,1,2,2,1,1,1,1,1,1,1,1,1,10,6,1,2,33,1,0,0
33,42,6,2009,3,7,4,1,1,1,3,1,1,1,1,5,1,1,9,6,1,1,40,2,2,0
34,42,3,2009,2,1,1,2,2,1,1,1,1,1,1,5,1,1,10,6,1,2,33,1,0,0
34,42,3,2009,1,1,1,1,1,1,3,1,1,1,1,1,1,1,10,6,1,2,33,1,0,0
34,42,4,2009,1,1,1,1,1,1,1,1,1,1,1,5,1,1,10,6,1,2,33,1,0,0
34,42,4,2009,2,1,4,1,1,1,1,1,1,1,1,1,1,1,10,6,1,2,33,1,0,1
34,42,4,2009,1,1,4,1,1,1,1,1,1,1,1,1,1,1,10,6,1,2,33,1,0,0
34,42,4,2009,1,1,4,1,1,1,3,1,1,1,1,1,1,1,10,6,1,2,33,1,0,0
33,42,7,2009,4,2,8,1,1,1,3,1,1,1,1,1,1,1,8,6,1,1,38,2,2,0
24,42,7,2009,2,1,1,2,2,1,1,1,1,1,1,1,1,1,12,6,1,6,25,2,2,0
17,42,7,2009,4,2,4,1,1,1,3,1,1,1,1,5,1,1,10,6,1,2,33,1,0,0
14,42,7,2009,2,2,5,1,1,1,1,1,1,1,1,1,1,1,9,6,1,1,43,2,2,3
16,42,7,2009,2,1,1,1,1,1,2,2,1,2,1,1,5,1,14,6,1,1,37,2,2,0
16,42,6,2009,2,1,1,1,1,1,1,1,1,1,1,5,1,1,9,6,1,1,35,2,2,1
22,42,7,2009,4,1,5,1,1,1,3,1,1,1,1,1,1,1,7,6,1,1,38,2,2,0
22,42,7,2009,1,2,4,1,1,1,3,1,1,1,1,1,1,1,10,6,1,2,33,1,0,0
22,42,7,2009,4,1,1,1,1,1,3,1,1,1,1,1,1,1,10,6,1,2,33,1,0,0
3,42,7,2009,1,3,8,1,1,1,4,1,1,1,1,1,1,1,14,6,1,1,40,2,2,0
3,42,7,2009,2,3,4,1,1,1,1,1,1,1,1,1,1,1,9,6,1,1,28,2,2,0
34,42,7,2009,3,1,1,1,1,1,1,1,1,1,1,1,1,1,9,6,1,1,33,2,2,1
34,42,7,2009,4,1,1,1,1,1,3,1,1,1,1,5,1,1,10,6,1,2,33,1,0,1
34,42,7,2009,2,1,8,1,1,1,1,1,1,1,1,5,1,1,13,6,1,1,40,2,2,0
5,42,6,2009,3,3,3,1,1,1,1,1,1,1,1,5,1,1,9,6,2,7,38,2,2,0
5,42,7,2009,1,1,4,1,1,1,2,1,1,1,1,2,1,1,10,6,1,2,33,1,0,0
5,42,7,2009,3,1,1,1,1,1,1,1,1,1,1,5,1,1,9,6,1,1,38,2,2,0
5,42,7,2009,3,1,8,1,1,1,1,1,1,1,1,5,1,1,8,6,1,1,20,2,2,0
9,42,7,2009,2,1,1,2,2,1,1,1,1,1,1,5,1,1,14,6,1,2,33,1,0,0
9,42,7,2009,3,1,1,1,2,2,1,1,1,1,1,5,1,1,10,6,1,2,33,1,0,0
19,42,7,2009,3,1,1,2,2,1,1,1,1,1,1,5,1,1,9,6,1,1,37,2,2,0
10,42,6,2009,3,1,1,2,2,1,1,1,1,1,1,5,1,1,10,6,1,2,33,1,0,0
10,42,7,2009,1,1,1,2,2,1,2,1,1,1,1,5,1,1,9,6,1,2,33,1,0,0
32,42,7,2009,2,7,4,1,1,1,1,1,1,1,1,5,1,1,10,6,1,2,33,1,0,0
32,42,7,2009,3,7,4,1,1,1,1,1,1,1,1,5,1,1,10,6,1,1,28,2,2,0
18,42,6,2009,1,1,1,1,1,1,3,1,1,1,1,1,1,1,10,6,1,2,33,1,0,0
18,42,6,2009,2,1,1,1,1,1,1,1,1,1,1,1,1,1,9,6,1,2,33,1,0,0
21,42,8,2009,2,1,1,1,1,1,2,1,1,1,2,2,1,1,9,6,1,1,35,2,2,0
28,42,8,2009,3,3,4,1,1,1,1,1,1,1,1,5,1,1,9,6,1,1,33,2,2,1
15,42,8,2009,2,1,8,2,2,1,1,1,1,1,1,2,1,1,9,6,1,1,40,2,2,0
5,42,8,2009,3,2,1,2,2,1,1,1,1,1,1,5,1,1,9,6,1,1,28,2,2,1
17,42,8,2009,4,1,1,1,1,1,2,1,1,1,1,5,1,1,8,6,1,1,32,2,2,0
33,42,8,2009,2,1,8,1,1,1,3,1,1,1,1,5,1,1,10,6,1,2,33,1,0,0
7,42,8,2009,4,1,1,1,1,1,3,1,1,1,1,5,1,1,9,6,1,1,35,2,2,0
25,42,7,2009,3,1,1,2,1,1,1,1,1,1,1,1,1,1,14,6,1,1,25,1,2,0
25,42,7,2009,1,3,4,1,1,1,3,2,1,1,1,5,1,1,14,6,1,1,35,1,2,0
14,42,8,2009,2,5,5,1,1,1,1,1,1,1,1,1,1,1,9,6,1,1,35,1,2,0
14,42,8,2009,1,1,2,1,1,1,1,1,1,1,1,1,1,1,10,6,1,2,33,1,0,0
9,42,8,2009,2,1,1,1,1,1,2,1,1,1,1,5,1,1,10,6,1,2,33,1,0,0
9,42,8,2009,3,1,1,1,1,1,1,1,1,1,1,5,1,1,5,6,1,1,25,2,2,1
1,42,5,2009,4,3,4,1,1,1,1,1,1,1,1,5,1,1,8,6,1,7,42,2,2,0
12,42,8,2009,2,1,4,1,1,1,1,1,1,1,1,5,1,1,9,6,1,1,30,2,2,0
12,42,8,2009,2,3,4,1,1,1,1,1,1,1,1,5,1,1,9,6,1,1,37,2,2,3
22,42,8,2009,4,1,1,1,1,1,3,1,1,1,1,1,1,1,12,6,1,1,29,2,2,0
22,42,8,2009,1,1,1,1,1,1,3,1,1,1,1,1,1,1,14,6,1,1,36,2,2,0
22,42,8,2009,4,1,1,1,1,1,3,1,1,1,1,1,1,1,10,6,1,1,30,2,2,0
4,42,3,2009,2,1,4,1,1,1,1,1,1,1,1,5,1,1,7,6,1,1,30,2,2,1
4,42,6,2009,3,3,1,2,2,1,1,1,1,1,1,5,1,1,5,6,1,1,32,2,2,0
10,42,8,2009,4,3,6,1,1,1,3,1,1,1,1,3,1,1,13,6,1,1,32,2,2,3
37,42,8,2009,1,1,1,2,1,1,3,1,1,1,1,5,1,1,10,6,1,2,33,1,0,0
23,42,1,2009,4,1,1,1,1,1,1,1,1,1,1,1,1,1,10,6,1,2,33,1,0,0
23,42,2,2009,3,1,1,1,1,1,1,1,1,1,1,1,1,1,14,6,1,1,32,2,2,1
23,42,4,2009,2,3,4,1,1,1,2,3,1,1,1,1,5,1,19,6,1,1,28,2,2,0
23,42,4,2009,4,1,1,1,1,1,2,1,1,1,1,1,1,1,19,6,1,6,42,2,2,0
23,42,4,2009,1,3,4,1,1,1,3,1,1,1,1,1,1,1,10,6,1,2,33,1,0,0
23,42,4,2009,4,1,1,1,1,1,3,1,1,1,1,1,1,1,19,6,1,1,38,2,2,0
23,42,4,2009,4,1,1,1,1,1,2,1,1,1,1,1,1,1,10,6,1,2,33,1,0,0
23,42,5,2009,2,1,1,1,1,1,1,1,1,1,1,1,1,1,10,6,1,2,33,1,0,0
23,42,6,2009,3,1,1,1,1,1,1,1,1,1,1,1,1,1,9,6,1,7,38,2,2,0
23,42,8,2009,2,3,5,1,1,1,1,1,1,1,1,1,1,1,9,6,1,7,35,2,2,0
23,42,8,2009,3,1,5,1,1,1,1,1,1,1,1,1,1,1,9,6,1,2,40,1,2,0
24,42,8,2009,3,1,1,2,2,1,1,1,1,1,1,1,1,1,9,6,1,1,40,2,2,0
11,42,9,2009,2,1,4,1,1,1,1,1,1,1,1,5,1,1,9,6,1,1,50,2,2,0
28,42,9,2009,4,2,3,1,1,1,3,1,1,1,1,3,1,1,9,6,1,2,33,1,0,0
18,42,8,2009,4,1,1,1,1,1,2,1,1,1,1,1,1,1,8,9,1,1,30,2,2,1
18,42,9,2009,3,3,1,2,2,1,1,1,1,1,1,5,1,1,6,1,1,1,32,1,2,0
9,42,9,2009,1,1,4,1,1,3,1,1,1,1,1,5,1,1,10,6,1,2,33,1,0,0
12,42,9,2009,4,3,6,1,1,1,3,1,1,1,1,5,1,1,9,6,1,1,38,2,2,0
22,42,9,2009,3,1,5,1,1,1,1,1,1,1,1,1,1,1,9,6,1,1,38,2,2,0
22,42,9,2009,3,1,1,1,1,1,1,1,1,1,1,1,1,1,9,6,1,1,42,2,2,3
34,42,8,2009,3,1,1,1,1,1,1,1,1,1,1,5,1,1,16,6,1,1,45,2,2,0
34,42,9,2009,4,1,1,1,1,1,4,1,1,1,1,1,1,1,10,6,1,2,33,1,0,0
34,42,9,2009,1,1,1,1,1,1,3,1,5,1,1,2,1,1,10,6,1,2,33,1,0,0
34,42,9,2009,2,1,1,1,1,1,1,1,1,1,1,1,1,1,8,6,1,1,25,2,2,0
29,42,6,2009,3,2,4,1,1,1,1,1,1,1,1,5,1,1,9,6,1,1,35,2,2,0
29,42,6,2009,3,1,4,1,1,1,1,1,1,1,1,5,1,1,8,6,1,1,32,2,2,1
29,42,6,2009,2,1,1,2,2,1,1,1,1,1,1,5,1,1,9,6,1,1,35,2,2,0
29,42,7,2009,2,2,4,1,1,1,1,1,1,1,1,5,1,1,9,6,1,1,40,2,2,0
29,42,7,2009,2,2,4,1,1,1,1,1,1,1,1,5,1,1,9,6,1,1,30,2,2,3
29,42,7,2009,3,3,4,1,1,1,1,1,1,1,1,5,1,1,9,6,1,1,40,2,2,0
29,42,8,2009,3,2,4,1,1,1,1,1,1,1,1,5,1,1,9,6,1,1,37,2,2,0
29,42,8,2009,2,2,4,1,1,1,1,1,1,1,1,5,1,1,9,6,1,1,32,2,2,1
35,42,9,2009,3,3,1,2,2,1,1,1,1,1,1,1,1,1,9,6,1,1,35,2,2,1
35,42,7,2009,3,1,1,2,2,1,4,1,1,1,1,1,1,1,10,6,1,2,33,1,0,0
35,42,9,2009,2,1,1,2,2,1,4,1,1,1,1,1,1,1,14,6,1,2,33,1,0,0
17,42,9,2009,2,3,4,1,1,1,3,1,1,1,1,5,1,1,10,6,1,2,33,1,0,0
17,42,9,2009,3,1,4,1,1,1,1,1,1,1,1,5,1,1,10,6,1,2,33,1,0,0
19,42,8,2009,2,1,1,2,2,1,1,1,1,1,1,5,1,1,10,6,1,2,33,1,0,0
19,42,8,2009,4,1,1,2,2,1,4,1,1,1,1,5,1,1,14,6,1,1,35,2,2,1
37,42,9,2009,1,1,1,2,2,1,4,1,1,1,1,5,1,1,10,6,1,1,32,2,2,0
2,42,11,2009,3,2,3,1,1,1,1,2,1,1,1,3,1,1,7,6,1,1,30,1,2,1
2,42,11,2009,4,3,4,1,1,1,3,1,1,1,1,5,1,1,9,6,1,1,38,2,2,0
3,42,10,2009,4,3,4,1,1,1,2,1,1,1,1,5,1,1,9,6,1,1,45,2,2,0
3,42,11,2009,1,1,4,1,1,1,2,1,1,1,1,1,1,1,14,6,1,1,42,2,2,1
8,42,5,2009,3,1,1,1,1,1,1,1,1,1,1,5,1,1,4,6,1,1,28,2,1,1
8,42,7,2009,2,1,3,1,1,1,1,1,1,1,1,5,1,1,12,6,1,1,35,2,2,0
8,42,8,2009,3,1,1,1,1,1,1,1,1,1,1,5,1,1,10,6,1,1,21,2,2,1
8,42,9,2009,3,1,1,2,2,1,1,1,1,1,1,5,1,1,10,6,1,1,48,2,2,0
8,42,9,2009,2,1,1,1,1,1,2,1,1,1,1,5,1,1,9,6,1,1,38,2,2,0
8,42,11,2009,2,1,8,2,2,1,1,1,1,1,1,5,1,1,10,6,1,1,30,2,2,0
9,42,10,2009,2,1,4,1,1,2,1,1,1,1,1,5,1,1,10,6,1,2,33,1,0,0
9,42,10,2009,1,1,4,1,1,1,2,1,1,1,1,1,5,1,10,6,1,2,33,1,0,0
9,42,10,2009,1,1,4,1,1,1,3,1,1,1,1,5,1,1,14,6,1,1,41,1,2,2
11,42,10,2009,2,2,4,1,1,1,1,1,1,1,1,5,1,1,7,6,1,1,27,2,2,1
11,42,11,2009,1,1,1,1,1,1,1,1,1,1,1,5,1,1,14,6,1,1,40,2,2,0
11,42,11,2009,1,1,1,1,1,1,4,1,1,1,1,5,1,1,14,6,1,2,33,1,0,0
13,42,11,2009,1,1,1,1,1,1,3,1,1,1,1,1,1,1,10,6,1,2,33,1,0,0
13,42,11,2009,2,1,1,1,1,1,3,1,1,1,1,1,1,1,10,6,1,2,33,1,0,0
13,42,11,2009,4,1,1,1,1,1,3,1,1,1,1,1,1,1,9,6,1,2,33,1,0,0
16,42,10,2009,2,1,1,1,1,1,1,1,1,1,1,5,1,1,9,6,1,1,35,2,2,0
16,42,11,2009,1,1,1,1,1,1,3,1,1,1,1,1,1,1,14,6,1,1,28,2,2,0
17,42,9,2009,4,1,1,1,1,1,3,1,1,1,1,5,1,1,7,6,1,1,32,1,2,0
17,42,10,2009,4,7,4,1,1,1,2,1,1,1,1,5,1,1,10,6,1,1,30,1,2,1
17,42,11,2009,4,1,1,1,1,1,3,1,1,1,1,5,1,1,9,6,1,1,35,2,2,0
17,42,11,2009,4,1,1,2,2,1,3,1,1,1,1,5,1,1,10,6,1,2,33,1,0,0
20,42,10,2009,5,1,1,2,2,1,1,1,1,1,1,5,1,1,3,6,1,1,45,2,2,0
23,42,11,2009,3,1,1,1,1,1,1,1,1,1,1,1,1,1,7,6,1,1,35,2,2,0
24,42,10,2009,2,1,1,2,2,1,1,2,1,1,1,1,1,1,8,6,1,2,33,1,0,0
24,42,10,2009,2,1,1,2,2,1,1,1,1,1,1,1,1,1,9,6,1,1,35,2,2,0
24,42,11,2009,4,1,4,2,1,1,2,1,1,1,1,1,1,1,19,6,1,1,35,2,2,0
24,42,11,2009,2,2,4,2,2,1,1,1,1,1,1,1,1,1,7,6,1,1,37,2,2,0
26,42,10,2009,4,1,1,1,1,1,3,1,1,1,1,5,1,1,9,6,1,1,38,2,2,0
35,42,10,2009,2,1,4,2,2,1,1,1,1,1,1,1,1,1,9,6,1,1,32,2,2,0
37,42,9,2009,2,1,1,2,1,1,1,1,1,1,1,5,1,1,10,6,1,1,35,2,2,1
28,42,10,2009,3,1,1,1,1,1,1,1,1,1,1,5,1,1,8,6,1,1,28,2,2,1
28,42,11,2009,3,1,1,2,2,1,1,2,1,1,1,5,1,1,7,6,1,1,23,2,2,1
29,42,10,2009,1,1,1,2,2,1,3,1,1,1,1,5,1,1,14,6,1,1,45,1,2,1
29,42,8,2009,2,1,1,1,1,1,1,1,1,1,1,5,1,1,7,6,1,1,40,2,2,0
29,42,10,2009,2,1,4,1,1,1,1,1,1,1,1,5,1,1,9,6,1,1,25,2,2,0
32,42,9,2009,2,3,4,1,1,1,1,1,1,1,1,5,1,1,9,6,1,1,38,2,2,1
32,42,10,2009,2,3,4,1,1,1,1,1,1,1,1,5,1,1,4,6,1,1,35,2,1,0
32,42,10,2009,3,1,1,1,1,1,1,1,1,1,1,5,1,1,9,6,1,1,35,2,2,0
34,42,10,2009,2,1,1,1,1,1,1,1,1,1,1,1,1,1,10,6,1,2,33,1,0,0
34,42,10,2009,1,1,1,1,1,1,3,1,1,1,1,1,1,1,6,6,1,2,33,1,0,0
34,42,10,2009,2,1,1,1,1,1,3,1,1,1,1,1,1,1,10,6,1,2,33,1,0,0
34,42,11,2009,4,1,1,1,1,1,2,1,1,1,1,1,1,1,11,6,1,1,45,2,2,1
34,42,11,2009,2,1,1,1,1,1,4,1,1,1,1,3,1,1,10,6,1,2,33,1,0,0
33,42,9,2009,4,1,1,1,1,1,3,1,1,1,1,1,1,1,14,6,1,1,42,2,2,0
33,42,9,2009,4,1,1,2,2,1,1,1,1,1,1,5,1,1,6,6,1,1,30,2,2,0
33,42,9,2009,4,1,8,1,1,1,3,2,1,1,1,5,1,1,10,6,1,2,33,1,0,0
33,42,9,2009,3,1,1,1,1,1,1,1,1,1,1,1,1,1,9,6,1,1,38,2,2,0
33,42,9,2009,1,3,4,1,1,1,2,5,1,1,1,5,1,1,9,6,1,1,35,2,2,0
33,42,9,2009,1,1,8,1,1,1,3,1,1,1,1,5,1,1,9,6,1,1,30,2,2,3
33,42,10,2009,4,1,4,2,2,1,3,1,1,1,1,5,1,1,9,6,1,1,32,2,2,1
33,42,10,2009,4,1,4,1,1,1,2,1,1,1,1,1,1,1,7,6,1,1,30,2,2,0
33,42,11,2009,2,3,4,1,1,1,1,1,1,1,1,5,1,1,9,6,1,1,50,2,2,0
33,42,11,2009,2,1,1,1,1,1,1,1,1,1,1,1,1,1,9,6,1,1,40,2,2,0
33,42,11,2009,2,1,4,1,1,1,1,1,1,1,1,1,1,1,9,6,1,1,32,2,2,0
32,42,12,2009,1,1,8,1,1,1,2,3,5,3,3,5,1,1,14,6,1,1,40,2,2,0
17,42,12,2009,2,1,4,1,1,4,1,1,1,1,1,5,1,1,8,6,1,1,34,2,2,0
25,42,11,2009,3,2,1,1,1,1,1,1,3,1,2,5,5,1,8,6,1,1,32,2,2,0
4,42,10,2009,3,1,1,1,1,1,1,1,1,1,1,5,1,1,4,6,1,1,21,2,1,0
4,42,11,2009,1,1,1,2,2,1,3,1,1,1,1,5,1,1,10,6,1,2,33,1,0,0
23,42,12,2009,3,1,1,1,1,1,1,1,1,1,1,1,1,1,10,6,1,2,33,1,0,0
15,42,12,2009,4,1,1,2,2,1,1,1,1,1,1,5,1,1,7,6,1,1,32,2,2,0
15,42,12,2009,2,1,1,2,2,1,1,1,1,1,1,5,1,1,9,6,1,1,40,2,2,0
9,42,11,2009,4,1,1,1,1,1,3,1,1,1,1,5,1,1,4,6,1,1,30,2,1,0
9,42,12,2009,4,1,4,1,1,1,3,1,1,1,1,5,1,1,9,6,1,1,35,2,2,0
9,42,12,2009,2,2,4,1,1,1,1,1,1,1,1,5,1,1,14,6,1,2,33,1,0,0
9,42,6,2009,2,1,4,1,1,1,1,1,1,1,1,5,1,1,8,6,1,2,33,1,0,0
12,42,12,2009,4,2,4,1,1,1,3,1,1,1,1,5,1,1,10,6,1,2,33,1,0,0
12,42,12,2009,2,1,1,1,1,1,1,1,1,1,1,5,1,1,9,6,1,1,35,2,2,0
34,42,12,2009,1,1,1,1,1,1,3,1,1,1,1,5,1,1,14,6,1,2,33,1,0,0
35,42,11,2009,3,1,1,2,2,1,4,1,1,1,1,5,1,1,10,6,1,2,33,1,0,0
2,42,12,2009,3,1,6,1,1,1,1,1,1,1,1,5,1,1,9,6,1,1,40,2,2,1
1,42,8,2009,3,2,4,1,1,1,1,1,1,1,1,5,1,1,10,6,1,2,33,1,0,0
1,42,8,2009,4,3,5,1,1,1,4,1,1,1,1,3,1,1,9,6,1,1,35,2,2,1
1,42,9,2009,4,3,1,1,1,1,3,1,1,1,1,5,1,1,8,6,1,1,38,1,2,0
1,42,11,2009,3,1,1,1,1,1,1,1,1,1,1,5,1,1,9,6,1,1,40,2,2,1
1,42,12,2009,3,1,1,1,1,1,1,1,1,1,1,5,1,1,8,6,1,1,28,2,2,0
37,42,12,2009,4,1,6,1,1,1,3,1,1,1,1,5,1,1,9,6,1,1,35,1,2,0
7,42,11,2009,3,1,1,1,1,1,1,1,1,1,1,5,1,1,9,6,1,1,32,2,2,1
7,42,12,2009,2,1,1,2,2,1,2,1,1,1,1,5,1,1,12,6,1,1,35,2,2,0
33,42,12,2009,2,1,4,1,1,1,1,1,1,1,1,5,1,1,10,6,1,2,33,1,0,0
10,42,11,2009,1,1,1,2,2,1,2,1,1,1,1,5,1,1,14,6,1,2,33,1,0,0
28,42,12,2009,4,1,4,1,1,1,3,1,1,1,1,5,1,1,1,6,1,1,32,1,2,0
28,42,12,2009,2,5,4,1,1,1,1,1,1,1,1,5,1,1,9,6,1,1,38,2,2,0
28,42,12,2009,3,1,4,1,1,1,1,1,1,1,1,5,1,1,9,6,1,1,37,2,2,0
22,42,12,2009,4,1,1,1,1,1,4,1,1,1,1,1,1,1,9,6,1,1,48,2,2,0
22,42,12,2009,1,3,4,1,1,1,4,1,1,1,1,1,1,1,10,6,1,1,32,2,2,0
14,42,9,2009,3,1,1,1,1,1,1,1,1,1,1,1,1,1,4,6,1,1,26,2,1,0
14,42,9,2009,4,1,4,1,1,1,3,1,1,1,1,1,1,1,10,6,1,2,33,1,0,0
14,42,12,2009,1,1,1,2,1,3,1,1,1,1,1,1,1,1,9,6,1,7,33,1,2,0
9,42,11,2009,3,1,1,2,1,1,1,1,1,1,1,5,1,1,19,6,1,7,33,2,2,0
9,42,12,2009,3,1,1,2,1,1,1,1,1,1,1,5,1,1,19,6,1,7,33,2,2,0
8,42,12,2009,3,2,4,1,1,1,1,1,1,1,1,5,1,1,10,6,1,1,30,2,2,3
8,42,12,2009,3,2,1,1,1,1,1,1,1,1,1,5,1,1,9,6,1,1,45,1,2,1
22,42,11,2009,2,1,6,2,1,1,2,1,1,1,1,1,1,1,10,6,1,2,33,1,0,0
1,24,3,2009,2,3,1,2,2,1,1,1,1,1,1,1,1,1,7,6,1,1,35,1,2,0
1,24,3,2009,2,1,1,2,2,1,1,1,1,1,1,1,1,2,4,6,1,7,60,2,1,0
1,24,3,2009,2,1,1,2,2,1,1,1,1,1,1,1,1,1,9,6,1,1,35,1,2,0
1,24,3,2009,2,1,1,2,1,1,1,1,1,1,1,1,1,2,4,6,1,1,29,1,2,0
1,24,4,2009,3,1,1,2,2,1,1,1,1,1,1,1,1,2,9,6,1,1,33,1,2,0
1,24,10,2009,2,1,1,2,2,1,1,1,1,1,1,2,1,2,14,6,1,1,33,1,2,0
2,24,1,2009,2,1,1,2,2,4,2,1,1,1,1,1,1,2,9,6,1,1,33,1,2,0
2,24,4,2009,1,1,1,2,2,2,4,1,1,1,1,1,1,2,9,6,1,1,33,1,2,0
2,24,4,2009,2,1,1,2,2,1,1,1,1,1,1,2,1,2,14,6,1,1,33,1,2,0
2,24,5,2009,3,1,1,2,2,1,1,1,1,1,1,1,1,2,19,6,1,1,20,1,2,1
2,24,6,2009,2,1,1,2,2,1,1,1,1,1,1,1,1,2,14,6,1,1,33,1,2,0
2,24,7,2009,1,1,1,2,2,1,4,1,1,1,1,1,1,2,9,6,1,1,33,1,2,0
2,24,12,2009,4,1,1,2,2,1,1,1,1,1,1,1,1,1,14,6,1,1,24,1,2,2
3,24,11,2009,3,1,1,1,2,1,1,1,1,1,1,1,3,2,9,6,1,1,35,1,2,0
4,24,7,2009,2,1,1,2,2,1,1,1,1,1,1,2,1,2,13,6,1,1,30,1,2,0
6,24,10,2009,1,3,3,2,2,1,1,1,1,1,1,1,1,2,14,6,1,1,38,1,2,0
7,24,2,2009,4,1,1,2,2,1,2,1,1,1,1,2,1,2,9,6,1,1,33,1,2,0
7,24,2,2009,2,1,1,1,2,1,1,2,1,1,1,4,1,2,19,2,1,1,27,1,2,0
7,24,3,2009,3,1,1,1,2,1,1,1,1,1,1,2,1,2,4,6,1,1,33,1,2,0
7,24,4,2009,2,1,1,2,2,1,1,1,1,1,1,2,1,2,14,6,1,3,33,1,2,0
7,24,12,2009,2,1,1,2,2,4,1,1,1,1,1,2,1,2,14,6,1,1,33,1,2,0
7,24,12,2009,2,3,1,2,2,4,2,1,1,1,1,1,1,2,14,6,1,6,33,1,2,0
8,24,2,2009,2,1,1,2,2,1,1,1,1,1,1,1,1,2,4,6,1,1,33,1,2,0
8,24,4,2009,2,1,1,2,2,1,1,1,1,1,1,1,1,2,9,6,1,1,33,1,2,0
8,24,10,2009,2,1,1,2,2,1,1,1,1,1,1,4,1,2,13,6,1,7,33,1,2,0
1,21,3,2009,3,1,1,2,2,1,1,1,1,1,1,1,1,2,9,6,1,7,33,1,2,1
2,21,3,2009,3,1,1,2,2,1,1,4,1,1,1,4,1,2,13,6,1,1,35,1,2,1
3,21,3,2009,2,1,1,2,2,1,1,1,1,1,1,1,1,2,9,6,1,1,42,1,2,0
3,21,5,2009,2,1,1,2,2,1,1,1,1,1,1,1,1,2,14,6,1,1,33,1,2,0
3,21,6,2009,2,1,1,2,2,1,1,1,1,1,1,1,1,2,9,6,1,1,33,1,2,0
3,21,12,2009,4,1,1,2,2,1,4,1,1,1,1,1,1,2,14,6,1,1,45,1,2,0
5,21,3,2009,3,1,1,2,2,1,1,1,1,3,2,4,1,2,19,6,1,7,33,1,2,1
5,21,6,2009,2,3,1,2,2,1,1,1,1,1,1,2,1,2,14,1,1,1,36,1,2,0
5,21,12,2009,2,3,1,2,2,1,1,1,1,1,1,2,1,2,8,6,1,1,35,1,2,0
6,21,5,2009,2,3,3,2,2,1,1,1,1,1,1,2,1,2,9,6,1,1,33,1,2,0
6,21,5,2009,2,1,3,2,2,1,1,1,1,1,1,1,1,2,9,6,1,1,33,1,2,0
6,21,12,2009,2,1,3,2,2,1,1,1,1,1,1,1,1,2,13,6,1,1,50,1,2,0
6,21,12,2009,1,1,1,2,2,1,4,1,1,1,1,1,1,2,19,6,1,6,20,1,2,0