Thana,District,Month,Year,Time,Junction_Type,Traffic_Control,Movement,Divider,Weather,Light,Road_Geometry,Surface_Condition,Surface_Type,Surface_Quality,Road_Class,Road_Feature,Location_Type,Vehicle_Type,Vehicle_Movement,Vehicle_Loading,Vehicle_Defect,Vehicle_Driver_Age,Vehicle_Alcohol,Vehicle_Seat_Belt,Accident_Severity
1,20,1,2009,2,1,1,2,2,1,1,1,1,1,1,4,1,2,12,6,1,1,24,1,2,0
2,20,4,2009,3,1,1,2,2,1,1,1,1,1,1,2,1,2,9,6,1,1,33,1,2,0
3,20,8,2009,3,1,1,2,2,1,1,3,1,1,1,3,1,2,9,6,1,1,33,1,2,0
1,19,2,2009,1,1,1,1,2,1,2,1,1,1,1,5,1,1,14,6,1,1,38,1,2,2
2,19,11,2009,3,1,1,2,2,1,1,1,1,1,1,1,1,2,19,6,1,1,33,1,2,0
1,23,1,2009,4,1,1,2,2,1,4,1,1,1,1,5,1,2,13,6,1,1,33,1,2,0
1,23,2,2009,4,1,1,2,2,1,2,1,1,1,1,1,1,2,14,6,1,1,33,1,2,0
1,23,3,2009,3,1,1,2,2,1,1,1,2,1,1,2,1,2,9,6,1,7,48,1,2,1
1,23,6,2009,2,1,1,2,2,1,1,2,1,1,1,4,1,2,9,8,1,1,33,1,2,0
1,23,8,2009,3,1,1,2,2,1,1,1,1,1,1,2,1,2,14,6,1,1,33,1,2,0
1,23,11,2009,3,1,1,2,2,1,1,1,1,1,1,2,1,2,9,6,1,1,40,1,2,0
1,18,12,2009,3,3,1,2,2,1,1,3,1,3,2,3,1,2,19,6,1,1,33,1,2,0
1,18,12,2009,3,1,1,2,2,1,1,1,1,1,1,1,1,2,9,6,1,1,33,1,2,0
1,18,12,2009,3,3,1,2,2,1,1,1,1,1,1,1,1,2,14,6,1,1,33,1,2,0
2,18,9,2009,2,1,1,1,2,1,1,1,1,1,1,2,1,2,9,6,1,1,33,1,2,0
5,18,12,2009,4,1,1,1,2,1,4,4,1,1,2,3,1,2,13,6,1,1,33,1,2,0
6,18,12,2009,2,1,1,2,2,1,1,1,1,1,1,1,1,2,9,6,1,1,33,1,2,0
1,22,5,2009,2,3,1,2,2,1,1,2,1,1,1,1,1,2,14,2,1,1,33,1,2,0
1,22,5,2009,1,1,1,2,2,1,4,1,1,1,1,1,1,2,10,6,1,1,33,1,2,0
1,22,8,2009,1,1,1,2,2,1,4,1,1,1,1,1,1,2,10,2,1,1,33,1,2,0
1,22,9,2009,2,2,1,2,2,1,1,1,1,1,1,1,1,2,9,6,1,1,33,1,2,0
1,22,9,2009,3,4,1,2,2,1,1,2,1,1,1,2,1,2,9,6,1,1,33,1,2,0
1,22,10,2009,3,3,1,2,2,1,1,1,1,1,1,1,1,2,9,6,1,1,33,1,2,0
2,22,7,2009,3,1,1,2,2,1,1,1,1,1,1,2,1,2,9,6,1,1,33,1,2,1
3,22,9,2009,2,1,1,2,2,1,1,1,1,1,1,4,1,2,14,6,1,1,37,1,2,0
3,22,9,2009,2,1,1,2,2,1,1,1,1,1,1,4,1,2,4,6,1,1,33,1,2,0
3,22,10,2009,3,1,1,2,2,1,1,1,1,1,1,1,1,2,9,6,1,1,33,1,2,1
2,25,10,2009,2,1,1,2,2,4,2,1,1,1,1,4,1,2,13,6,1,3,33,1,2,1
4,25,1,2009,2,1,1,2,2,1,1,1,1,1,1,1,1,1,14,6,1,1,33,1,2,0
4,25,3,2009,2,3,1,2,2,1,1,1,1,1,1,2,1,2,9,1,1,1,38,1,2,0
4,25,6,2009,3,1,1,2,2,1,1,1,1,1,1,1,1,2,9,6,1,1,42,1,2,0
4,25,7,2009,4,1,1,2,2,1,2,1,1,1,3,1,1,2,14,6,1,2,33,1,2,0
4,25,8,2009,3,1,1,2,2,1,1,1,1,1,1,2,1,2,6,6,1,3,30,1,2,0
5,25,12,2009,2,1,1,2,2,1,1,1,1,1,1,2,1,2,14,6,1,1,45,1,2,1
8,25,1,2009,3,1,1,2,2,1,2,1,1,1,1,1,1,2,8,6,1,1,28,1,2,0
8,25,2,2009,2,3,1,2,2,1,1,1,1,1,1,1,1,2,14,6,1,1,35,1,2,0
8,25,8,2009,3,1,1,2,2,1,1,1,1,1,1,1,1,2,9,6,1,1,40,1,2,1
8,25,10,2009,4,1,1,2,2,1,3,1,1,1,1,4,1,2,15,6,1,1,46,1,2,0
8,25,12,2009,3,4,1,2,2,1,1,1,1,1,1,4,1,2,9,6,1,1,33,1,2,0
1,26,4,2009,3,3,1,2,2,1,1,2,1,1,1,4,1,2,19,6,1,1,33,1,2,0
2,26,12,2009,3,3,1,2,2,1,1,2,1,2,1,4,1,2,19,6,1,1,28,1,2,0
4,26,3,2009,3,1,1,2,2,1,1,1,1,1,1,2,1,2,14,6,1,1,33,1,2,0
4,26,6,2009,3,1,1,2,2,1,1,1,1,1,1,2,1,2,13,6,1,1,40,1,2,0
4,26,9,2009,2,1,1,2,2,1,1,2,1,1,1,2,1,2,9,6,1,1,33,1,2,0
4,26,9,2009,2,3,1,2,2,1,2,1,1,1,2,2,1,2,4,6,1,1,45,1,2,0
4,26,10,2009,3,1,1,2,2,1,1,1,1,1,1,2,1,2,4,6,1,1,33,1,2,0
5,26,8,2009,4,1,1,2,2,1,2,1,1,1,1,1,1,2,16,6,1,1,33,1,2,0
5,26,8,2009,2,1,1,2,2,1,1,1,1,1,1,1,1,2,14,6,1,1,34,1,2,0
5,26,9,2009,3,3,1,2,2,1,1,2,1,1,1,1,1,2,9,6,1,1,33,1,2,0
5,26,12,2009,3,1,1,2,2,1,1,1,1,1,1,1,1,2,8,6,1,1,33,1,2,0
6,26,7,2009,3,1,1,2,2,1,1,2,1,1,1,2,1,2,9,6,1,1,25,1,2,0
8,26,1,2009,2,3,1,2,2,1,1,1,1,1,1,1,1,2,9,6,1,1,33,1,2,1
8,26,2,2009,2,1,1,2,2,1,1,1,1,1,1,1,1,2,9,6,1,1,33,1,2,0
8,26,6,2009,3,1,1,2,2,1,1,1,1,1,1,1,2,1,4,6,1,1,33,1,2,1
8,26,6,2009,3,1,1,2,2,1,1,1,1,1,1,1,1,1,4,6,1,1,33,1,2,0
8,26,10,2009,2,1,1,2,2,1,1,1,1,1,1,2,1,2,5,6,1,1,33,1,2,0
9,26,1,2009,3,1,1,2,2,1,1,1,1,1,1,3,1,2,14,6,1,1,33,1,2,0
1,29,1,2009,3,1,1,2,2,1,1,1,1,1,1,1,1,2,4,6,1,1,33,1,2,0
1,29,2,2009,3,1,1,2,2,1,1,1,1,1,1,1,1,2,7,6,1,1,35,1,2,1
1,29,3,2009,2,1,1,2,2,1,2,1,1,1,1,1,1,2,4,6,1,1,33,1,2,1
1,29,3,2009,3,1,1,2,2,1,1,1,1,1,1,2,1,2,19,6,1,1,33,1,2,0
1,29,7,2009,4,1,1,2,2,1,2,1,1,1,1,1,1,2,14,6,1,1,33,1,2,0
1,29,8,2009,2,1,1,2,2,1,1,1,1,1,1,5,1,1,9,6,1,1,33,1,2,1
3,29,2,2009,2,1,1,2,2,1,1,1,1,1,1,2,1,2,9,6,1,1,33,1,2,0
3,29,2,2009,3,1,1,2,2,1,1,1,1,1,1,2,1,2,14,6,1,1,33,1,2,0
3,29,7,2009,2,4,1,2,2,1,1,2,1,1,1,1,1,2,9,6,1,1,33,1,2,0
3,29,8,2009,4,3,1,2,2,1,4,2,1,1,1,2,1,2,12,6,1,1,35,1,2,0
2,29,2,2009,2,1,1,2,2,1,1,1,1,1,1,2,1,2,19,6,1,1,33,1,2,0
2,29,3,2009,2,1,1,2,2,1,1,1,1,1,2,2,1,2,8,6,1,1,33,1,2,1
2,19,4,2009,1,3,1,2,2,1,1,1,1,1,1,3,1,2,4,6,1,3,33,1,2,0
5,29,2,2009,4,3,1,2,2,1,3,2,1,1,1,1,1,2,9,6,1,1,33,1,2,0
5,29,6,2009,4,1,1,2,2,1,2,1,1,1,1,1,1,2,19,6,1,1,33,1,2,0
5,29,7,2009,4,1,1,2,2,1,4,1,1,1,1,1,1,2,12,6,1,1,22,1,2,0
5,29,7,2009,4,1,1,2,2,1,4,1,1,1,1,4,1,2,4,6,1,1,20,1,2,1
5,29,11,2009,3,1,1,2,2,1,1,1,1,1,1,1,1,2,14,6,1,1,50,1,2,0
5,29,12,2009,4,1,1,2,2,1,3,1,1,1,1,1,1,2,14,6,1,1,33,1,2,0
6,29,9,2009,4,1,1,2,2,1,2,1,1,1,1,1,1,1,9,6,1,1,33,1,2,0
7,29,12,2009,1,7,8,2,2,1,1,3,5,1,1,4,1,2,8,6,1,1,40,1,2,0
3,29,11,2009,2,1,1,2,2,1,1,1,1,1,1,1,1,2,10,6,1,1,33,2,2,0
2,29,2,2009,2,1,1,2,2,1,1,1,1,1,1,4,1,2,8,6,2,3,33,1,2,0
2,29,4,2009,3,1,1,2,2,1,1,1,1,1,1,3,1,2,4,6,2,3,33,2,2,0
2,20,4,2009,2,3,1,1,2,1,1,4,1,1,1,2,1,1,9,6,1,1,33,1,2,0
3,20,4,2009,4,1,1,1,2,1,2,2,1,1,1,2,1,2,14,6,1,1,31,2,2,0
6,25,9,2009,3,2,1,2,2,1,1,1,1,1,1,2,1,2,4,6,1,1,40,1,2,0
1,55,1,2009,2,4,1,1,2,4,2,1,1,1,1,5,1,2,12,5,1,7,33,2,2,0
6,55,1,2009,3,1,1,2,2,4,4,1,1,1,1,1,1,2,4,1,1,2,38,2,2,0
4,55,1,2009,4,1,1,2,1,1,2,1,3,1,1,4,1,2,19,6,1,2,33,1,0,0
2,55,1,2009,2,1,1,2,2,1,1,1,1,1,1,3,1,2,12,11,1,1,33,1,0,3
2,55,1,2009,2,1,1,1,2,4,2,1,1,1,1,4,1,2,5,6,1,2,35,2,2,0
7,53,1,2009,3,2,2,1,1,1,1,1,1,1,1,4,1,2,6,6,1,2,33,1,0,0
12,53,1,2009,2,1,1,2,2,1,1,1,1,1,1,4,1,2,8,6,1,2,33,1,2,1
3,53,1,2009,3,1,1,2,2,1,1,1,1,1,1,1,1,2,10,6,1,2,33,1,2,0
3,54,1,2009,3,3,1,2,2,1,1,1,1,1,1,2,1,2,5,6,1,2,33,1,0,0
7,56,2,2009,1,1,1,2,2,1,2,1,1,1,1,1,1,2,10,6,1,1,33,2,2,0
7,56,2,2009,1,2,1,2,2,1,3,1,1,1,1,1,1,2,10,6,1,1,33,2,2,0
7,53,3,2009,3,1,8,1,1,1,1,1,1,1,1,4,1,2,17,11,1,2,27,1,0,0
1,53,4,2009,2,7,8,2,2,1,1,1,1,1,1,3,1,2,10,11,1,2,33,2,2,0
2,53,4,2009,2,7,2,1,1,1,1,1,1,1,1,4,2,2,4,6,1,2,33,1,0,0
3,56,4,2009,1,2,3,2,2,1,4,1,1,1,1,1,1,2,10,6,1,2,33,1,0,0
7,56,1,2009,4,2,1,2,2,1,3,1,1,1,1,1,1,2,10,6,1,2,33,1,0,0
4,56,1,2009,1,2,2,2,2,1,1,1,1,3,1,4,1,2,11,6,1,2,33,1,0,0
9,56,3,2009,4,1,1,2,2,1,2,1,1,1,1,4,1,1,9,6,1,1,30,2,2,0
1,56,5,2009,3,1,1,1,2,1,1,1,1,1,1,2,1,1,13,11,1,1,23,2,2,0
6,56,5,2009,3,1,1,2,2,1,1,1,1,1,1,3,4,2,8,6,1,7,33,2,2,1
1,56,8,2009,3,2,2,2,2,1,4,1,1,1,1,1,1,2,14,6,1,2,33,1,0,0
7,56,9,2009,2,2,1,2,2,2,1,1,2,1,1,1,1,2,9,4,1,7,37,2,2,0
3,56,9,2009,2,2,1,2,2,2,1,1,2,1,1,1,1,2,9,1,1,1,29,2,2,0
8,56,9,2009,3,7,8,2,2,1,1,1,1,1,1,1,1,2,5,11,1,1,30,2,2,0
1,55,3,2009,3,1,1,1,2,1,1,1,1,1,1,1,1,2,8,5,1,1,25,1,0,0
4,55,3,2009,3,6,1,1,1,1,1,1,1,1,1,2,3,1,16,6,1,2,33,1,0,0
4,55,3,2009,2,2,1,2,2,1,2,1,1,1,1,2,1,1,5,6,1,2,33,1,0,0
4,55,3,2009,2,4,3,2,2,1,1,1,1,3,1,2,1,1,8,6,1,2,33,1,0,0
5,55,3,2009,3,1,1,2,2,1,1,1,1,1,1,1,1,2,7,6,1,2,27,1,0,0
2,55,3,2009,2,1,1,2,2,1,1,1,1,1,1,2,1,2,6,5,1,1,38,1,0,0
3,53,2,2009,3,1,1,2,2,1,1,1,1,1,1,2,1,2,8,6,1,2,33,1,0,0
7,53,2,2009,3,4,1,2,2,1,1,4,1,1,1,4,1,2,13,1,1,1,45,1,0,0
7,56,6,2009,3,3,1,2,2,1,1,2,1,1,1,4,1,2,7,5,1,2,33,1,0,0
8,56,7,2009,3,2,1,2,2,1,1,1,1,1,1,1,1,2,9,2,1,6,30,2,2,0
6,55,2,2009,2,1,1,2,2,1,1,1,1,1,1,2,1,2,12,6,1,1,33,1,0,0
2,55,4,2009,2,1,1,2,2,1,1,1,1,1,1,3,1,2,12,11,1,1,33,2,2,0
2,55,3,2009,4,7,1,2,2,1,4,1,1,1,1,2,1,2,19,11,1,1,32,2,2,0
4,55,4,2009,1,1,8,2,2,1,1,1,1,1,1,2,1,2,10,6,1,2,33,1,0,0
7,55,7,2009,3,6,1,2,2,1,1,5,1,3,1,4,4,2,13,6,1,1,33,2,2,0
5,55,6,2009,3,1,1,2,2,1,1,1,1,1,1,2,1,2,9,6,1,1,50,2,2,0
4,55,9,2009,4,1,1,2,2,1,4,1,1,1,1,2,1,1,13,6,1,1,33,2,2,3
1,55,8,2009,5,7,1,2,2,1,1,1,1,1,1,1,1,2,9,6,1,1,33,2,2,0
5,55,8,2009,3,1,1,2,2,1,1,1,1,1,1,2,1,2,8,6,1,1,27,2,2,0
2,55,8,2009,3,7,1,2,2,1,1,1,1,1,3,2,4,1,16,11,1,1,35,1,0,0
1,55,1,2009,2,1,1,2,2,1,1,1,1,1,1,1,1,2,8,3,1,1,27,2,2,0
6,55,4,2009,3,1,8,2,2,1,1,1,1,1,1,1,1,2,9,10,1,2,33,1,0,3
6,55,5,2009,4,1,1,2,2,1,1,1,1,1,1,1,1,2,19,6,1,2,33,1,0,0
5,55,5,2009,2,3,1,1,2,1,1,1,1,1,1,2,1,2,12,6,1,2,33,1,0,0
5,55,5,2009,3,1,1,2,2,1,1,1,1,1,1,1,1,2,7,9,1,1,40,2,2,0
2,55,5,2009,4,1,1,2,2,2,4,1,2,1,1,3,1,2,4,11,1,7,22,1,0,0
2,55,5,2009,3,1,1,2,1,1,1,1,1,1,1,4,1,2,5,8,1,2,33,1,0,1
3,53,10,2009,3,1,1,2,2,1,1,1,1,1,1,2,1,2,8,6,1,2,30,1,2,0
12,53,10,2009,3,1,1,2,2,1,1,1,1,1,1,4,1,2,19,6,1,1,28,2,2,0
12,53,10,2009,3,1,1,2,2,1,1,1,1,1,1,2,1,2,8,6,1,2,28,1,2,0
7,53,9,2009,3,1,1,2,2,1,1,4,2,1,2,4,1,2,8,5,1,7,33,1,0,0
1,53,9,2009,2,2,1,1,1,1,1,1,1,1,1,4,1,2,11,6,1,2,27,1,0,1
3,53,9,2009,1,1,1,2,2,1,1,1,1,1,1,2,5,2,8,6,1,2,33,1,0,0
7,53,9,2009,3,7,1,2,2,1,1,4,1,1,1,1,2,2,8,1,1,2,22,1,2,1
2,53,4,2009,2,7,1,1,1,2,1,1,2,1,1,4,1,2,4,6,1,2,33,1,0,0
1,53,8,2009,2,7,1,2,2,1,2,1,1,1,1,4,1,2,19,6,1,2,33,1,0,0
3,53,8,2009,3,1,1,2,2,1,1,1,1,1,1,2,1,2,13,6,2,2,33,1,0,0
3,53,7,2009,3,1,1,2,2,1,1,1,1,1,1,2,1,2,8,6,1,2,38,1,0,0
7,53,6,2009,3,3,1,2,2,1,1,1,1,1,1,3,1,2,5,6,1,1,24,2,2,1
1,53,6,2009,2,1,1,2,2,1,1,1,1,1,1,2,1,2,8,6,1,2,33,1,2,0
12,53,5,2009,2,7,1,2,2,1,1,1,1,1,3,2,1,2,14,6,1,1,35,2,2,0
12,53,4,2009,3,1,1,2,2,1,1,1,1,1,1,2,1,2,8,6,1,2,33,1,0,1
7,53,5,2009,3,3,1,2,2,1,1,1,1,1,1,4,1,2,4,2,1,2,33,1,0,0
7,56,10,2009,3,2,2,2,1,1,4,5,1,1,1,1,1,1,19,6,1,2,33,1,0,0
7,56,10,2009,3,2,2,1,1,1,1,1,1,1,1,2,1,1,6,6,1,6,33,1,0,0
1,55,10,2009,3,1,1,2,2,1,1,4,1,1,1,2,1,2,10,11,1,2,33,1,0,3
1,55,10,2009,3,1,1,2,2,4,4,1,1,1,1,1,1,2,10,6,1,2,33,1,0,0
6,55,10,2009,2,2,1,2,2,1,1,1,1,1,1,4,1,2,14,5,1,1,33,1,0,0
2,55,10,2009,2,2,1,2,2,1,1,1,1,1,1,3,1,2,7,5,1,1,24,2,2,0
1,54,1,2009,4,7,2,2,2,1,2,2,1,1,1,1,1,1,5,6,1,2,33,1,0,0
1,54,2,2009,4,7,3,2,2,1,3,3,1,1,1,5,1,1,19,6,1,2,33,1,0,0
1,54,3,2009,2,7,2,2,2,1,1,1,1,2,1,1,1,1,8,6,1,2,33,1,0,0
1,54,3,2009,3,3,1,2,2,1,1,1,1,1,1,5,1,2,7,6,1,2,33,1,0,1
1,54,4,2009,2,7,8,2,2,1,1,1,1,1,1,1,1,1,19,6,1,2,33,1,0,0
1,54,4,2009,4,4,1,2,2,1,2,1,1,1,1,5,1,2,1,6,1,2,33,1,0,1
1,54,5,2009,4,7,8,2,2,1,2,1,1,1,1,1,1,1,13,6,1,2,33,1,0,0
1,54,5,2009,2,7,3,2,2,1,1,1,1,1,1,5,1,1,12,6,1,2,29,1,0,0
1,54,6,2009,3,3,1,2,2,1,1,1,1,1,1,5,1,2,5,6,1,2,33,1,0,0
1,54,6,2009,4,3,1,2,2,1,4,1,1,1,1,5,1,2,4,6,1,2,33,1,0,1
12,54,4,2009,3,2,1,2,2,1,1,1,1,1,1,1,1,2,4,6,1,2,33,1,0,0
12,54,4,2009,2,2,2,2,2,1,1,1,1,1,1,3,1,1,8,6,1,2,33,1,0,0
13,54,2,2009,3,1,1,1,2,1,1,1,1,1,1,3,2,1,10,6,1,2,33,1,0,3
13,54,1,2009,3,2,1,1,2,4,1,1,1,1,1,1,1,2,8,6,1,1,33,2,2,0
13,54,3,2009,1,1,1,2,2,1,3,1,1,1,1,1,1,2,19,6,1,2,33,1,0,0
4,54,2,2009,4,1,1,2,2,1,2,1,1,1,1,4,1,2,13,6,1,2,35,2,2,0
4,54,7,2009,3,1,1,2,2,2,1,1,2,1,1,1,1,2,8,6,1,2,33,1,0,0
6,54,3,2009,3,1,2,2,1,1,1,1,1,1,1,3,1,2,9,6,1,2,33,1,0,0
6,54,3,2009,4,2,2,1,1,1,2,1,1,1,1,3,1,2,14,5,1,2,33,1,0,0
7,54,4,2009,3,2,1,1,1,1,1,1,1,1,1,3,1,2,12,6,1,2,33,1,0,0
3,54,2,2009,3,2,1,2,2,1,1,1,1,1,1,2,1,2,4,6,1,2,33,1,0,1
3,54,3,2009,4,1,2,2,2,1,2,1,1,1,1,4,1,1,14,6,1,2,33,1,0,0
1,54,11,2009,3,1,1,2,2,1,1,1,1,1,1,2,1,2,14,6,1,2,33,1,0,0
8,54,8,2009,3,1,1,2,2,1,1,1,1,1,1,4,1,2,5,6,1,2,25,1,0,0
8,54,10,2009,3,7,1,2,2,1,1,1,1,1,1,5,1,2,14,6,2,2,33,1,0,0
8,54,11,2009,2,2,2,1,1,1,1,3,1,3,3,4,1,2,19,6,1,2,33,1,0,0
5,54,7,2009,3,2,8,2,2,1,1,1,1,1,1,3,1,2,14,6,1,2,33,1,0,0
5,54,7,2009,3,2,8,2,2,1,1,1,1,1,1,3,1,2,14,6,1,7,1,1,0,0
5,54,7,2009,3,2,4,2,2,1,1,1,1,1,1,3,1,2,14,6,2,7,33,1,0,0
9,54,11,2009,4,1,8,2,2,1,2,1,1,1,1,3,1,2,11,6,1,1,33,1,0,0
10,54,12,2009,3,7,8,2,2,1,1,1,1,3,2,4,1,2,19,6,1,2,40,1,0,0
3,54,12,2009,3,1,1,2,2,1,1,1,1,1,1,2,1,2,8,6,1,1,38,2,2,0
3,54,6,2009,3,1,1,1,2,1,1,1,1,1,1,3,1,2,4,6,1,1,28,1,0,0
7,54,1,2009,2,1,1,2,2,1,1,1,1,1,1,2,1,2,6,6,1,2,33,1,0,0
7,54,8,2009,3,2,2,1,1,1,1,1,1,1,1,2,1,1,8,6,1,2,33,1,0,0
7,54,8,2009,4,1,1,2,2,1,2,1,1,1,1,2,1,2,9,6,1,2,33,1,0,0
1,54,11,2009,3,1,1,2,2,1,1,1,1,1,1,5,1,2,4,6,1,2,33,1,0,0
1,54,10,2009,4,4,1,2,2,1,2,2,1,1,1,5,1,1,14,1,1,1,45,1,0,0
1,54,11,2009,4,7,1,2,2,1,4,1,1,1,1,5,1,1,8,6,1,2,33,1,0,0
1,54,10,2009,3,7,1,2,2,1,1,1,1,1,1,1,1,1,19,6,1,1,22,1,0,3
1,55,11,2009,4,2,2,2,2,1,2,1,1,1,1,1,1,2,12,6,1,1,33,1,0,0
6,55,11,2009,3,7,1,2,2,1,1,1,1,1,1,1,4,1,6,6,1,2,33,1,0,2
2,55,11,2009,2,2,1,2,2,1,1,1,1,1,1,4,1,2,13,6,1,1,33,2,2,0
4,55,12,2009,3,1,1,2,2,1,1,1,1,1,1,4,1,2,4,6,1,7,55,2,2,0
3,56,11,2009,3,2,2,2,2,1,1,1,1,1,1,1,1,2,9,1,1,1,32,1,0,1
7,56,11,2009,3,1,1,1,1,1,1,1,1,1,1,4,1,2,17,6,1,2,33,1,0,0
8,56,11,2009,2,1,1,1,2,4,2,1,1,1,1,4,1,2,8,4,1,1,30,1,0,0
5,54,11,2009,3,7,3,2,2,1,1,1,1,1,1,3,4,2,13,6,2,6,33,1,0,0
5,54,11,2009,2,2,3,2,2,1,1,1,1,1,2,3,1,2,14,6,1,1,22,1,0,0
5,54,12,2009,2,2,3,2,2,1,1,1,5,1,2,2,1,2,17,6,2,2,33,1,0,0
4,54,12,2009,4,7,8,2,2,1,2,1,1,1,1,3,1,2,5,6,1,1,18,1,0,0
11,54,11,2009,2,2,1,2,2,1,1,2,1,1,1,2,1,2,9,6,1,1,33,1,2,0
11,54,12,2009,3,1,1,2,2,1,2,2,1,1,3,2,2,1,10,6,1,1,33,1,0,0
3,54,12,2009,3,2,1,2,2,1,4,1,1,1,1,2,2,1,14,6,1,1,38,2,2,0
1,55,5,2009,3,1,1,2,1,1,1,1,1,1,1,5,1,1,10,6,1,1,33,2,2,0
12,54,2,2009,3,1,1,2,1,1,1,1,1,1,1,1,3,2,19,6,1,7,33,2,2,1
2,5,1,2009,1,7,1,2,2,4,4,1,1,3,2,3,1,2,14,5,2,1,33,2,2,0
5,5,1,2009,2,7,1,2,2,1,2,1,1,1,1,1,1,1,14,6,1,7,33,2,2,0
6,5,1,2009,1,7,1,2,2,1,4,1,1,1,1,1,1,1,9,11,1,1,33,1,2,0
4,5,1,2009,2,1,7,2,2,1,1,1,1,1,1,1,1,1,8,6,2,1,33,1,2,0
1,5,2,2009,3,7,1,2,2,1,1,1,1,1,1,3,1,2,8,6,1,1,40,2,2,0
1,5,2,2009,3,7,1,2,2,1,1,1,1,1,1,2,1,2,13,6,1,1,33,2,2,0
5,5,2,2009,1,7,1,2,2,1,2,1,1,1,1,1,1,1,19,11,1,7,33,2,2,0
4,5,2,2009,4,7,8,2,2,1,3,1,1,1,1,1,1,1,19,11,1,1,33,2,2,0
1,5,3,2009,1,7,8,2,2,1,3,1,1,1,1,1,1,1,14,6,1,1,33,2,2,0
2,5,3,2009,2,7,8,2,2,1,1,1,1,3,1,4,1,2,19,6,1,1,33,2,2,0
5,5,3,2009,2,7,1,2,2,1,1,1,1,1,1,1,1,1,4,6,1,1,33,2,2,0
5,5,3,2009,3,7,1,2,2,1,1,1,1,1,1,1,1,1,14,6,1,1,33,2,2,0
5,5,3,2009,1,7,1,2,2,1,4,1,1,1,1,1,1,1,19,11,1,7,33,2,2,0
5,5,4,2009,1,7,1,2,2,1,4,1,1,1,1,1,1,1,9,6,1,7,42,1,2,1
5,5,4,2009,1,1,1,2,2,4,2,1,2,1,1,1,1,1,19,6,1,7,33,1,2,0
5,5,4,2009,1,1,1,2,2,1,4,1,1,1,1,1,1,1,19,6,1,7,33,1,2,0
6,5,4,2009,2,1,1,2,2,1,1,1,1,1,1,1,1,1,9,6,1,7,33,2,2,0
6,5,4,2009,3,7,1,2,2,1,1,1,1,1,1,1,1,1,14,6,1,1,33,2,2,0
6,5,4,2009,3,7,1,2,2,1,1,1,1,1,1,1,1,1,14,6,1,1,33,2,2,0
6,5,4,2009,2,7,1,2,2,1,1,1,1,1,1,1,1,1,9,6,1,1,33,2,2,0
6,5,4,2009,4,7,1,2,2,1,4,1,1,1,1,1,1,1,9,6,1,1,33,2,2,0
2,5,5,2009,2,2,1,2,2,1,1,1,1,1,1,5,1,1,19,6,1,7,37,2,2,0
7,5,3,2009,4,3,1,2,2,1,2,1,1,1,1,3,1,2,8,11,1,7,45,2,2,0
8,9,2,2009,4,1,1,2,2,1,4,1,1,1,1,3,1,2,9,11,1,1,50,2,2,0
6,9,3,2009,4,7,1,2,2,1,2,1,1,1,1,2,1,2,9,6,1,7,33,2,2,0
12,9,6,2009,2,1,1,2,2,1,1,1,1,1,1,1,1,1,19,6,1,7,35,2,2,0
12,9,6,2009,1,1,1,2,2,1,4,1,1,1,1,1,1,1,14,6,1,7,45,2,2,0
6,9,4,2009,2,7,1,2,2,1,1,1,1,1,2,2,1,2,8,11,1,7,33,2,2,0
4,9,4,2009,2,7,1,2,2,1,1,1,1,1,1,2,1,1,1,11,1,7,33,2,2,0
12,9,4,2009,2,7,1,2,2,1,1,1,1,1,1,1,1,1,14,11,1,7,33,2,2,0
11,9,3,2009,3,7,1,2,2,1,2,1,1,1,1,1,1,1,9,6,1,7,33,2,2,0
12,9,2,2009,2,1,3,2,2,1,1,1,1,1,1,1,1,1,9,6,1,1,45,2,2,1
2,9,1,2009,3,1,1,2,2,1,1,1,1,1,1,2,1,1,10,6,1,1,33,2,2,0
2,9,2,2009,3,1,8,2,2,1,1,1,1,1,1,2,1,1,17,11,1,1,33,2,2,0
12,9,8,2009,2,1,1,2,2,2,1,1,2,1,1,1,1,1,14,6,1,7,33,2,2,0
1,9,8,2009,2,7,8,2,2,1,1,1,1,1,1,3,1,2,8,6,1,1,33,2,2,0
10,9,7,2009,1,7,8,2,2,1,4,1,1,1,1,1,1,1,9,11,1,7,33,2,2,0
10,9,6,2009,2,7,8,2,2,1,1,1,1,1,1,4,1,1,8,6,1,1,33,2,2,0
10,9,7,2009,1,7,8,2,2,1,4,1,1,1,1,1,1,1,14,11,1,1,33,1,2,0
3,9,6,2009,3,7,1,2,2,1,1,1,1,1,1,3,4,2,13,6,1,1,33,2,2,0
10,9,6,2009,2,1,8,2,2,1,1,1,1,1,1,1,1,1,19,11,1,1,33,2,2,0
7,9,7,2009,2,1,1,2,2,1,1,1,1,1,2,4,1,2,19,4,2,7,30,2,2,0
1,9,1,2009,1,7,1,2,2,4,2,1,1,1,1,1,1,1,14,6,1,1,33,2,2,0
12,9,3,2009,3,1,1,2,2,1,1,1,1,1,1,1,1,1,14,11,1,1,33,2,2,0
1,9,3,2009,1,7,1,2,2,1,3,1,1,1,1,1,1,1,13,11,1,1,33,2,2,0
1,9,4,2009,1,7,1,2,1,1,3,1,1,1,1,1,1,1,13,6,1,3,35,2,2,0
1,9,4,2009,1,7,1,2,2,1,2,1,1,1,1,1,1,1,13,11,1,1,33,1,1,0