Thana,District,Month,Year,Time,Junction_Type,Traffic_Control,Movement,Divider,Weather,Light,Road_Geometry,Surface_Condition,Surface_Type,Surface_Quality,Road_Class,Road_Feature,Location_Type,Vehicle_Type,Vehicle_Movement,Vehicle_Loading,Vehicle_Defect,Vehicle_Driver_Age,Vehicle_Alcohol,Vehicle_Seat_Belt,Accident_Severity
10,9,3,2009,4,7,1,2,2,1,4,2,1,1,1,3,1,2,19,11,2,7,33,2,2,0
4,9,3,2009,3,7,1,2,2,1,1,1,1,1,1,2,1,2,8,6,1,7,33,2,2,0
11,9,3,2009,2,7,1,2,2,1,1,1,1,1,1,3,1,2,9,6,1,7,33,2,2,3
6,13,7,2009,2,4,1,2,2,1,1,1,1,1,1,2,1,2,8,9,1,1,33,2,2,1
2,13,6,2009,3,1,8,2,2,1,1,1,1,1,1,3,1,2,8,6,2,1,38,2,2,0
8,13,5,2009,3,7,1,2,2,1,1,1,1,1,1,1,1,2,8,6,1,1,33,2,2,0
3,13,5,2009,3,7,8,2,2,1,3,2,1,1,1,4,1,2,17,1,1,1,33,1,2,0
3,13,5,2009,2,3,8,2,2,1,1,1,1,1,1,3,1,2,14,3,2,7,30,1,2,1
3,13,1,2009,3,7,8,2,2,1,1,1,1,1,1,3,1,2,19,6,1,1,33,2,2,0
5,13,1,2009,4,5,8,2,2,1,2,1,1,1,1,2,1,1,8,6,1,1,33,2,2,0
7,13,2,2009,3,7,3,2,2,1,1,1,1,1,1,2,1,2,14,6,1,7,33,2,2,0
8,13,2,2009,2,1,3,2,2,1,1,2,1,1,1,1,1,1,13,2,1,1,33,2,2,0
8,13,2,2009,2,3,1,2,2,1,2,1,1,1,1,1,1,1,14,6,1,1,33,2,2,0
3,13,2,2009,2,1,8,2,2,1,1,1,1,1,1,3,1,2,8,6,1,7,33,2,2,1
3,13,4,2009,2,7,3,2,2,1,1,1,1,1,1,3,1,2,4,6,1,7,33,2,2,0
10,16,3,2009,4,7,1,2,2,1,2,1,1,1,1,2,1,2,14,11,1,7,33,2,2,1
10,16,3,2009,1,7,1,2,2,1,2,1,1,1,2,3,1,2,14,6,2,7,33,1,2,0
10,16,3,2009,1,7,1,2,2,1,1,1,1,1,1,3,1,2,19,11,1,7,33,2,2,0
10,16,4,2009,2,2,4,2,2,1,1,1,1,1,1,1,1,1,13,5,1,1,42,2,2,1
6,16,4,2009,2,2,8,2,2,1,2,1,1,1,1,1,1,1,19,11,1,7,33,2,2,0
10,16,7,2009,3,2,1,2,2,2,1,1,2,1,1,1,1,1,9,6,1,1,33,2,2,0
10,16,7,2009,3,5,1,2,2,2,1,2,2,1,1,1,1,2,10,1,1,1,30,2,2,3
11,16,7,2009,2,7,8,2,2,1,1,1,1,1,1,3,1,2,14,11,1,7,33,2,2,0
6,16,7,2009,3,7,8,2,2,2,1,2,2,1,1,3,1,2,9,2,1,7,30,2,2,0
11,16,2,2009,3,7,1,2,2,1,1,1,1,1,1,1,1,2,14,6,1,1,35,2,2,0
9,16,2,2009,1,1,1,2,2,1,4,1,1,1,1,1,1,1,19,11,1,7,28,2,2,0
11,16,2,2009,1,7,8,2,2,1,4,1,1,1,2,3,1,2,19,11,1,7,33,2,2,0
9,16,2,2009,2,1,1,2,2,1,1,1,1,1,2,4,2,2,9,6,1,1,30,2,2,1
2,16,2,2009,3,1,1,2,2,1,1,1,5,1,1,3,1,2,9,5,2,7,28,2,2,0
10,16,1,2009,3,2,1,2,2,1,1,1,1,1,1,1,1,1,9,8,1,1,30,2,2,0
10,16,6,2009,2,7,1,2,2,1,1,1,1,1,1,1,1,2,9,6,2,3,33,2,2,0
10,16,6,2009,1,7,1,2,2,1,2,1,1,1,1,1,1,1,14,6,1,7,33,2,2,0
11,16,6,2009,2,7,1,2,2,1,1,1,1,1,1,3,1,2,13,6,1,3,33,1,2,1
12,16,6,2009,2,1,1,1,2,1,1,1,1,3,2,3,1,2,13,11,1,1,40,2,2,0
11,16,5,2009,1,7,8,2,2,1,2,1,1,1,1,3,2,2,14,11,2,7,40,2,2,1
9,16,5,2009,2,7,8,2,2,1,4,2,1,1,1,1,1,2,19,11,1,1,33,2,2,0
10,16,5,2009,1,7,1,2,2,1,4,1,1,1,1,1,1,1,14,6,2,4,33,2,2,0
10,16,5,2009,3,7,1,2,2,1,1,1,1,1,1,1,1,1,9,2,1,7,33,2,2,0
10,16,5,2009,4,4,1,2,2,1,4,1,1,1,1,3,1,2,9,2,1,1,33,2,2,0
10,16,5,2009,1,1,1,2,2,1,4,1,1,1,1,1,1,2,19,6,1,1,33,2,2,0
3,11,2,2009,2,1,1,2,2,1,2,1,1,1,1,4,1,2,4,6,2,1,33,1,2,0
1,11,1,2009,2,7,1,2,2,1,1,1,1,1,1,2,1,1,14,6,1,1,36,1,2,0
1,11,4,2009,1,1,1,2,2,1,4,1,1,1,1,2,1,2,5,6,1,2,35,2,2,0
1,11,8,2009,1,1,1,2,2,2,1,1,2,1,1,2,1,2,14,6,1,3,33,2,2,0
10,11,4,2009,3,7,8,2,2,1,1,1,1,1,1,3,1,2,7,6,1,1,33,2,2,0
2,11,1,2009,1,1,8,2,2,1,1,2,1,1,1,3,1,2,9,2,2,3,35,2,2,0
3,11,1,2009,1,1,8,2,2,1,1,1,5,1,1,3,1,2,4,9,1,1,35,2,2,0
3,11,5,2009,2,1,1,2,2,1,1,1,5,1,1,4,4,2,13,6,1,7,33,2,2,0
7,11,1,2009,4,1,1,2,2,1,4,1,5,1,1,4,1,2,19,6,2,7,25,2,2,0
12,3,1,2009,3,1,1,2,2,1,1,1,1,1,1,3,1,2,9,6,1,1,42,2,2,0
9,3,1,2009,3,7,1,2,2,1,1,1,1,1,1,3,1,2,19,11,1,1,33,1,2,0
2,3,5,2009,1,1,1,2,2,1,2,1,1,1,1,3,1,2,14,11,2,1,22,2,2,0
4,3,3,2009,3,7,1,2,2,1,1,1,1,1,1,1,5,1,14,6,2,1,49,2,2,0
4,3,6,2009,3,7,1,2,2,1,1,4,1,1,1,1,1,1,8,2,2,7,30,2,2,0
6,3,7,2009,2,1,1,2,2,1,1,1,1,1,1,3,1,2,10,6,1,1,33,2,2,0
10,3,7,2009,4,7,8,2,2,1,2,4,1,1,1,1,1,2,9,5,1,7,33,2,2,0
10,3,8,2009,2,7,3,2,2,1,2,4,1,1,1,1,1,2,8,1,1,7,33,1,2,0
13,3,7,2009,4,7,1,2,2,1,2,1,1,1,1,4,1,2,4,11,1,1,33,2,2,0
1,3,8,2009,1,7,1,2,2,1,4,1,1,1,1,5,1,2,8,1,1,1,33,2,1,1
1,17,5,2009,3,2,1,2,2,1,1,1,1,1,1,5,1,1,13,11,1,1,33,2,2,0
1,17,7,2009,2,7,1,2,2,1,1,1,1,1,1,1,1,1,8,4,1,7,33,1,2,0
1,17,1,2009,3,1,1,2,2,1,1,1,1,1,1,3,1,2,19,6,2,6,19,2,2,0
1,17,1,2009,2,1,1,2,2,1,1,1,1,1,1,5,1,1,14,8,1,7,33,1,2,0
9,17,1,2009,2,1,1,2,2,1,1,1,1,1,1,3,1,2,19,6,2,6,25,2,2,0
9,17,2,2009,4,4,1,2,2,1,2,1,1,1,1,3,1,2,8,6,1,1,36,2,2,0
9,17,3,2009,2,1,1,2,2,1,1,1,1,1,1,3,1,2,14,6,1,7,33,1,2,0
9,17,5,2009,2,1,1,2,2,1,1,1,1,1,1,4,1,1,19,6,1,6,24,2,2,0
7,17,4,2009,2,1,1,2,2,1,4,1,1,1,1,1,1,1,4,6,1,1,33,1,2,0
3,17,2,2009,2,7,1,2,2,1,1,1,1,1,1,4,1,2,14,6,1,1,33,2,2,0
3,17,2,2009,2,7,1,2,2,1,1,1,1,1,1,4,1,2,19,6,1,1,33,2,1,0
3,17,5,2009,3,7,1,2,2,1,4,1,1,1,1,4,1,2,14,6,2,1,33,2,2,0
8,17,3,2009,2,7,8,2,2,1,1,1,1,1,1,4,1,1,19,11,1,7,33,2,2,0
1,2,6,2009,3,7,1,2,2,1,1,1,1,1,3,3,1,2,14,6,1,7,33,1,2,0
1,2,5,2009,3,7,1,2,2,1,1,1,1,1,1,1,1,1,14,6,1,7,25,2,2,1
1,2,5,2009,2,2,1,2,2,1,1,1,1,1,1,1,1,2,9,6,1,7,33,2,2,1
4,2,4,2009,2,2,1,2,2,1,1,1,1,1,1,2,1,1,8,6,1,1,33,2,2,0
4,2,3,2009,2,1,1,2,2,1,1,1,1,1,2,3,1,2,14,6,1,1,33,2,2,0
5,2,3,2009,3,7,1,2,2,1,1,1,1,1,1,3,1,2,8,6,2,3,33,2,2,1
1,2,3,2009,2,1,1,1,2,1,1,1,1,1,1,4,1,2,14,6,2,1,30,2,2,0
4,2,2,2009,2,1,1,2,2,1,1,1,1,1,1,5,1,2,19,6,1,7,25,2,2,0
5,2,1,2009,3,1,1,2,2,1,1,1,1,3,1,4,4,1,17,6,1,6,18,2,2,0
5,2,8,2009,3,1,1,2,2,1,1,1,1,1,1,4,1,2,19,6,2,7,22,2,2,0
5,12,6,2009,4,5,3,1,2,2,3,1,1,1,1,3,1,2,4,6,1,1,40,2,2,0
1,12,1,2009,2,1,1,2,2,1,1,1,1,1,1,4,1,2,14,6,2,1,40,2,2,0
1,12,3,2009,2,7,8,2,2,1,1,1,1,1,1,2,1,1,8,6,1,7,33,1,2,0
1,12,4,2009,3,7,8,2,2,1,1,1,1,1,1,4,1,2,8,4,1,7,33,2,2,1
5,12,4,2009,3,3,8,2,2,1,1,1,1,1,1,3,1,2,14,11,1,7,35,2,2,0
1,12,5,2009,2,2,4,2,2,1,1,1,1,1,3,3,2,1,9,6,1,1,33,2,2,1
1,12,5,2009,2,2,1,2,2,1,1,1,1,1,1,2,1,1,8,11,1,1,33,2,2,0
5,12,5,2009,2,7,1,2,2,1,1,1,1,1,1,3,1,2,4,6,1,1,33,2,2,0
2,12,5,2009,2,1,1,2,2,1,1,1,1,1,1,3,1,2,19,6,1,1,40,2,1,0
1,12,8,2009,2,1,1,2,2,1,1,1,1,1,1,4,1,2,14,6,1,1,33,2,2,0
1,5,8,2009,3,7,1,2,2,1,1,1,1,1,1,5,1,2,19,6,1,1,35,2,2,0
6,5,8,2009,2,1,1,2,2,1,2,1,1,1,1,1,1,1,19,11,1,7,33,2,2,0
1,5,7,2009,4,1,1,2,2,1,4,1,1,1,1,5,1,1,19,6,1,1,28,2,2,0
2,5,6,2009,3,2,1,1,2,1,1,1,1,1,1,3,1,2,17,6,2,7,19,2,2,0
5,5,7,2009,3,7,1,2,2,1,1,1,1,1,1,1,1,1,9,6,2,1,33,2,2,1
6,5,7,2009,3,7,1,2,2,1,1,1,1,1,1,1,1,1,9,6,1,1,33,2,2,0
6,5,6,2009,1,7,1,2,2,1,3,1,1,1,1,1,1,1,14,6,1,1,33,2,2,0
6,5,6,2009,1,7,1,2,2,1,4,1,1,1,1,1,1,1,14,6,1,1,33,2,2,0
3,11,7,2009,1,7,3,2,2,2,4,1,2,1,1,3,1,2,19,11,2,3,24,2,2,0
4,10,1,2009,2,2,1,2,2,1,1,1,1,1,1,4,1,2,8,1,1,3,33,1,2,0
1,10,1,2009,3,7,8,2,2,1,1,1,1,1,1,4,1,2,4,11,1,1,25,2,2,0
1,10,2,2009,3,7,1,2,2,1,1,2,1,1,1,3,1,2,14,5,1,1,38,2,2,0
4,10,1,2009,3,2,1,2,2,1,1,1,1,1,1,2,1,2,14,6,2,3,50,2,2,0
3,10,2,2009,3,7,1,2,2,1,1,1,1,1,1,2,1,1,12,6,1,3,33,1,2,0
5,10,7,2009,2,7,1,2,2,2,1,1,2,1,1,3,1,2,4,6,1,1,28,2,2,0
1,15,2,2009,3,1,1,2,2,1,1,1,1,1,1,1,1,1,7,4,1,1,33,2,2,0
6,15,5,2009,1,1,1,2,1,1,4,1,1,1,1,1,1,1,19,11,1,1,33,2,2,0
3,15,2,2009,1,7,1,2,2,4,2,1,2,1,1,3,1,2,19,6,1,7,33,2,2,0
5,6,6,2009,3,1,1,2,2,1,1,1,1,1,2,1,1,1,14,6,2,1,42,2,2,0
5,6,7,2009,3,1,1,2,2,1,1,1,1,1,1,1,1,2,9,2,1,1,33,2,2,0
1,6,6,2009,1,1,1,2,2,1,4,1,1,1,1,1,1,1,17,6,1,1,40,2,2,0
1,6,6,2009,3,7,3,2,2,1,1,1,5,1,1,5,1,2,14,6,2,1,21,2,2,0
1,6,7,2009,3,2,1,2,2,1,1,1,1,1,1,1,1,1,14,4,1,1,24,2,2,1
1,6,8,2009,2,7,8,2,2,2,1,5,3,3,2,4,1,2,17,11,2,1,30,2,2,0
1,6,3,2009,2,1,1,2,2,1,1,1,1,1,1,1,1,1,14,6,1,1,22,1,2,0
1,6,3,2009,3,3,1,2,2,1,3,1,1,1,1,1,1,1,14,6,1,1,33,2,2,0
1,6,4,2009,3,1,1,2,2,1,1,2,1,1,3,1,1,1,8,2,1,1,35,2,2,1
1,6,4,2009,3,1,1,2,2,1,1,1,1,1,1,1,1,1,4,4,1,7,33,2,2,0
2,6,3,2009,3,7,1,2,2,1,1,1,1,1,1,1,1,1,19,6,1,7,35,2,2,0
2,6,5,2009,3,7,1,2,2,1,1,1,1,1,1,1,1,1,9,6,1,7,40,2,2,0
2,6,5,2009,1,7,1,2,2,1,4,1,1,1,1,1,1,1,13,6,1,7,40,2,2,0
5,6,2,2009,3,1,1,2,2,2,1,1,2,1,1,1,1,1,14,11,1,7,33,2,2,0
5,6,3,2009,2,1,1,2,2,1,1,1,1,1,1,1,1,1,8,11,1,7,33,2,2,0
5,6,5,2009,3,1,1,2,2,1,1,1,1,1,1,1,1,1,14,2,1,7,33,2,2,0
2,1,6,2009,2,7,1,2,2,1,2,1,1,1,1,1,1,1,14,6,1,7,40,2,2,0
5,1,5,2009,3,7,1,2,2,1,1,1,1,1,1,1,1,1,13,6,1,1,33,2,2,0
3,1,6,2009,1,1,1,2,2,1,2,1,1,1,1,1,1,1,14,6,1,7,33,2,2,0
3,1,3,2009,2,7,1,2,2,1,1,1,1,1,1,1,1,2,8,6,1,1,33,1,2,0
5,1,1,2009,2,7,8,2,2,1,1,1,1,1,1,1,3,2,8,6,1,1,40,2,2,0
5,1,2,2009,3,1,8,2,2,1,1,1,1,1,1,4,1,2,7,6,1,1,33,1,2,0
5,1,4,2009,3,7,8,2,2,1,1,1,1,1,1,1,1,2,4,6,1,1,33,2,2,0
5,1,4,2009,2,1,8,2,2,1,1,1,1,1,1,1,1,1,14,6,2,1,42,2,2,0
3,7,4,2009,2,1,1,2,2,1,1,1,1,1,1,3,1,2,4,4,1,1,33,2,2,0
1,7,5,2009,2,5,1,2,2,1,1,2,2,1,1,3,5,1,14,1,2,1,40,2,2,0
10,7,6,2009,3,1,1,2,2,1,1,1,1,1,1,3,4,2,9,6,2,7,33,2,2,0
7,8,5,2009,2,1,3,2,2,2,1,1,2,1,1,4,1,2,4,6,1,7,39,2,2,0
3,8,6,2009,1,1,1,2,2,1,3,1,1,1,1,2,1,1,9,6,1,7,34,2,2,1
2,8,4,2009,2,7,3,2,2,1,1,1,1,1,1,3,1,2,17,6,1,7,33,2,2,1
7,8,4,2009,4,1,1,2,2,1,2,1,1,1,1,3,1,2,8,6,1,7,33,2,2,0
2,8,3,2009,4,4,1,2,2,1,3,2,1,1,2,3,4,2,19,6,1,7,33,2,2,0
7,8,3,2009,3,3,1,2,2,1,1,1,1,1,1,3,1,2,14,3,1,1,40,2,2,0
3,8,2,2009,3,1,1,2,2,1,1,1,1,1,1,1,1,1,9,6,1,7,35,2,2,0
4,8,1,2009,4,7,8,2,2,4,3,1,1,1,1,2,1,2,9,11,1,7,33,2,2,0
5,10,1,2009,4,7,1,2,2,1,2,1,1,1,1,3,1,2,19,11,1,7,33,2,2,0
5,11,1,2009,3,7,1,2,2,1,1,1,1,1,1,2,1,1,17,11,1,7,40,1,2,0
7,9,2,2009,2,1,1,2,2,1,1,1,1,1,1,1,1,1,9,6,1,7,33,2,2,0
7,9,6,2009,3,7,1,2,2,1,1,1,1,1,1,3,1,2,8,6,2,1,33,2,2,0
8,13,2,2009,2,4,1,2,2,1,2,1,1,1,1,1,1,1,9,6,1,1,33,2,2,0
10,16,7,2009,2,7,1,2,2,1,1,1,1,1,2,2,1,2,7,6,1,7,33,1,2,0
10,16,8,2009,3,1,1,2,2,1,1,1,1,1,1,2,1,2,19,11,1,1,33,2,2,0
10,16,8,2009,2,7,1,2,2,1,1,1,1,1,1,2,1,2,14,6,2,1,33,2,2,0
11,16,8,2009,4,7,8,2,2,1,4,1,1,1,1,1,1,2,17,11,1,7,33,2,2,0
8,16,8,2009,2,7,8,2,2,1,4,1,1,1,1,2,2,2,19,11,1,1,33,2,2,0
9,16,8,2009,3,7,8,2,2,1,1,1,1,1,1,4,1,1,19,6,2,6,25,2,2,0
7,16,6,2009,1,7,1,2,2,1,3,1,1,1,1,1,1,2,19,11,1,1,33,2,2,0
1,9,6,2009,2,7,8,2,2,1,1,1,1,1,1,4,1,1,14,11,1,1,33,2,2,0
9,13,8,2009,3,1,1,2,2,1,1,1,1,1,1,3,1,2,8,6,1,1,50,2,2,1
5,13,1,2009,3,7,8,2,2,1,2,1,1,1,1,2,1,1,8,6,1,7,33,2,2,0
2,4,6,2009,3,7,1,1,2,1,1,1,1,1,1,3,1,2,7,6,2,1,35,2,2,0
6,4,7,2009,4,7,8,2,2,1,4,1,1,1,1,1,1,1,11,7,1,1,35,2,2,0
3,8,1,2009,2,7,1,2,2,4,1,1,2,1,1,2,1,2,14,6,1,3,22,2,2,0
5,8,4,2009,1,7,1,2,2,1,4,1,1,1,1,1,1,2,9,6,2,7,35,2,2,0
3,8,7,2009,1,7,8,2,2,1,4,1,1,1,1,1,1,1,14,11,2,7,33,2,2,0
1,17,6,2009,3,7,1,2,2,1,1,1,1,1,1,1,1,1,9,5,2,7,33,2,2,0
6,13,10,2009,2,7,1,2,2,1,1,2,1,1,1,2,1,2,3,3,1,1,33,2,2,0
8,13,9,2009,4,7,8,1,2,1,1,1,5,1,1,4,1,1,19,6,1,7,33,2,2,0
9,13,12,2009,3,4,1,2,2,1,1,1,1,1,1,3,1,2,9,6,1,1,33,2,2,0
9,13,12,2009,3,1,1,2,2,1,1,1,1,1,1,4,1,2,8,6,1,1,33,2,2,1
1,12,12,2009,4,7,1,2,2,1,2,1,1,1,1,3,1,2,14,6,1,1,33,2,2,0
1,12,10,2009,2,2,1,1,2,1,1,1,1,1,1,5,1,1,4,6,1,1,33,2,2,0
1,12,10,2009,2,1,1,2,2,1,1,1,1,1,1,3,1,1,9,6,1,1,40,2,2,0
1,12,10,2009,3,7,1,1,2,1,1,1,1,1,1,3,1,2,8,6,1,1,40,2,2,0
1,12,10,2009,2,1,1,2,2,1,1,3,1,1,1,3,1,1,5,6,1,1,33,2,2,0
5,12,10,2009,1,1,1,2,2,1,1,1,1,1,1,3,1,1,14,5,1,1,33,2,2,0
6,16,12,2009,4,7,1,2,2,1,3,1,1,1,1,4,1,2,7,6,1,1,33,2,2,1
11,16,11,2009,1,7,8,2,2,1,4,1,1,1,1,1,1,2,7,11,1,1,33,2,2,3
1,16,11,2009,3,1,8,2,2,1,1,1,1,1,1,5,1,1,14,11,1,7,35,2,2,1
1,16,10,2009,2,7,1,2,2,1,1,1,1,1,1,2,1,1,14,7,1,1,33,2,2,0
10,16,10,2009,2,7,2,1,2,1,1,1,1,1,1,2,1,1,8,6,1,1,33,2,2,0
10,16,10,2009,3,7,8,2,2,1,1,1,1,1,1,3,1,1,9,4,2,1,33,2,2,0
10,9,11,2009,3,7,8,2,2,1,1,1,1,1,1,1,1,1,19,11,1,1,33,1,2,0
6,9,12,2009,2,1,2,2,2,4,2,1,1,1,1,2,1,2,9,4,1,1,33,2,2,3
2,9,12,2009,3,7,8,2,2,1,1,1,1,1,1,2,1,2,14,6,1,7,33,2,2,0
10,9,12,2009,3,7,1,2,2,1,1,1,1,1,1,3,1,2,9,5,1,1,33,2,2,0
10,9,11,2009,4,7,8,2,2,1,2,1,1,1,1,4,1,2,9,6,1,1,33,2,2,0
5,9,12,2009,2,1,1,2,2,1,1,1,1,1,2,4,1,2,6,1,1,1,33,2,2,0
2,9,9,2009,4,7,8,2,2,1,1,1,5,1,1,3,1,2,10,6,1,1,33,2,2,0
4,9,9,2009,1,3,3,2,2,1,4,1,5,1,1,2,1,2,14,11,1,7,33,2,2,0
11,9,9,2009,1,7,1,2,2,1,2,1,1,1,1,1,1,2,14,11,2,7,33,2,2,0
11,9,10,2009,4,7,8,2,2,1,3,1,1,1,1,4,1,2,4,6,1,1,33,2,2,0
10,9,10,2009,1,7,8,2,2,1,1,1,1,1,1,1,1,1,9,6,2,1,33,2,2,0
10,9,9,2009,2,7,8,2,2,1,1,1,5,1,1,1,1,1,14,11,2,1,33,2,2,0
10,9,10,2009,4,7,8,1,2,1,2,1,5,1,1,1,1,1,14,6,1,1,33,2,2,0
1,9,9,2009,3,7,8,2,2,1,1,1,5,1,1,1,1,1,9,6,1,1,33,1,2,0
1,5,9,2009,4,7,8,2,2,1,4,1,1,1,1,1,1,2,9,6,2,1,33,2,2,1
1,5,9,2009,4,7,8,2,2,1,4,1,1,1,1,1,1,2,7,11,2,1,33,1,2,0
2,5,9,2009,4,3,1,1,2,1,1,1,1,1,1,3,1,1,14,6,2,7,38,1,2,0
5,5,9,2009,3,7,8,2,2,1,1,1,1,1,1,1,1,2,9,5,1,2,30,2,2,0
6,5,9,2009,2,7,1,2,2,1,2,1,1,1,1,1,1,2,19,11,1,1,33,2,2,0
6,5,9,2009,2,7,1,2,2,1,2,1,1,1,1,1,1,1,19,11,1,7,33,2,2,0
1,5,10,2009,3,7,1,2,2,1,1,1,1,1,1,3,1,2,14,6,1,1,33,2,2,0
3,5,10,2009,3,7,3,2,2,1,1,1,1,1,1,4,1,2,4,5,1,1,32,2,2,0
4,5,11,2009,3,7,8,2,2,1,1,1,1,1,1,1,1,2,8,6,1,1,45,2,2,0
1,5,11,2009,4,7,8,2,2,1,3,1,1,1,1,1,1,1,9,6,1,1,57,2,2,0
4,5,11,2009,3,7,1,2,2,1,1,1,1,1,1,1,1,1,19,6,1,1,40,2,2,0
5,5,12,2009,1,7,1,2,2,4,4,1,1,1,1,1,1,2,19,11,1,7,33,2,2,0
5,5,12,2009,1,7,1,2,2,4,4,1,1,1,1,1,1,2,19,11,1,1,33,2,2,0
7,5,12,2009,4,7,1,2,2,1,2,1,1,1,1,3,1,2,9,6,1,1,40,2,2,0
4,4,9,2009,3,1,1,2,2,1,1,1,1,1,1,3,1,2,14,6,1,1,42,2,2,1
1,2,9,2009,2,7,8,2,2,1,1,1,1,1,1,5,1,2,9,6,1,1,45,2,2,0
1,2,11,2009,4,1,1,1,2,1,3,1,1,1,1,3,1,2,8,6,1,1,30,2,2,0
1,2,11,2009,2,1,1,2,2,1,1,1,1,1,1,1,1,2,8,6,2,1,33,2,2,0
5,1,9,2009,3,7,1,2,2,1,1,1,1,1,1,1,1,2,6,6,1,1,18,2,2,0
3,1,11,2009,4,7,1,1,2,1,3,2,1,1,1,3,1,2,19,6,1,1,42,2,2,0
1,10,12,2009,3,7,8,2,2,1,1,1,1,1,1,2,1,2,8,6,2,5,33,2,2,1
1,15,10,2009,3,7,1,2,2,1,1,1,1,3,2,4,1,2,4,6,1,1,45,2,2,0
6,15,9,2009,2,1,2,2,2,2,1,1,2,1,1,1,1,2,9,6,1,1,33,2,2,0
3,17,12,2009,3,7,1,2,2,1,1,1,1,1,1,3,1,2,8,6,1,1,33,2,2,0
3,17,11,2009,2,7,3,2,2,1,1,1,1,1,1,3,2,1,13,11,1,1,35,2,2,0
3,17,11,2009,3,7,1,2,2,1,1,1,1,1,1,3,1,2,14,6,1,1,33,2,2,0
9,17,9,2009,1,1,1,2,2,1,4,1,1,1,1,1,1,1,19,11,2,1,33,2,2,0
9,17,10,2009,3,1,1,2,1,1,1,1,1,1,1,1,1,1,4,6,1,1,33,2,2,0
2,17,9,2009,3,1,4,2,2,1,1,1,1,1,1,3,1,2,7,5,1,1,45,2,2,3
3,17,9,2009,2,7,1,2,2,1,1,1,1,1,1,4,1,2,8,11,1,1,33,2,2,0
3,17,9,2009,3,1,1,2,2,1,1,1,1,1,1,3,1,2,8,9,1,1,33,2,2,0
3,17,9,2009,3,7,1,2,2,1,1,1,1,1,1,4,1,2,8,8,2,1,33,2,2,0
3,17,10,2009,2,7,1,2,2,1,1,1,1,1,1,1,1,2,14,6,1,7,33,2,2,0
1,11,12,2009,4,3,1,2,2,1,2,1,1,1,1,4,1,2,19,6,2,7,30,2,2,1
5,11,12,2009,3,7,8,2,2,1,1,1,1,1,1,2,1,2,16,11,2,7,33,2,2,0
1,11,9,2009,3,2,1,2,2,1,1,1,1,1,1,3,1,2,8,6,1,7,33,2,2,1
1,11,9,2009,2,1,1,2,2,1,1,1,1,1,1,2,1,1,14,6,1,1,33,2,2,0
1,11,9,2009,3,2,1,2,2,1,1,1,1,1,1,2,1,2,8,6,1,7,35,2,2,0
6,11,10,2009,2,2,1,2,2,1,1,1,1,1,1,2,1,2,8,6,1,7,33,2,2,0
5,11,10,2009,3,7,1,2,2,1,1,2,1,1,1,4,4,2,17,6,1,7,25,2,1,0
7,8,12,2009,4,7,1,2,2,4,2,1,4,2,3,1,2,1,9,6,2,4,33,2,2,0
1,8,9,2009,1,7,1,2,2,1,2,1,5,1,2,2,1,2,19,11,1,7,33,2,2,0
1,8,9,2009,2,3,1,2,2,1,1,1,1,1,1,3,1,2,9,6,2,1,40,2,2,0
1,8,9,2009,2,7,8,2,2,1,1,1,1,1,1,2,1,2,9,6,1,1,33,2,2,0
1,8,10,2009,2,7,1,2,2,1,1,1,2,1,1,2,1,2,10,11,1,1,35,2,2,0
7,8,10,2009,3,1,1,2,2,1,1,1,1,1,1,1,1,2,19,5,2,3,33,1,2,0
3,3,11,2009,4,1,1,2,2,1,2,1,1,1,1,2,1,2,14,6,1,1,40,2,2,0
3,3,11,2009,2,1,1,2,2,1,1,1,1,1,1,2,1,1,14,5,1,1,40,2,2,0
13,3,12,2009,4,1,4,2,2,1,2,1,1,1,1,4,1,2,9,6,2,1,33,2,2,0
6,3,10,2009,2,1,1,2,2,1,1,1,1,1,1,3,1,2,9,6,1,1,38,2,2,0
5,6,12,2009,2,7,8,2,2,4,1,4,5,1,1,4,1,2,17,11,1,1,30,2,2,0
1,6,10,2009,4,3,1,2,2,1,1,1,1,1,1,5,1,1,9,2,2,1,33,2,2,1
4,6,9,2009,1,4,1,2,2,1,2,2,1,1,1,1,1,2,19,6,1,2,40,2,2,0
4,6,10,2009,3,3,1,2,2,1,1,1,1,1,1,1,1,2,8,11,1,5,37,2,2,1
3,6,10,2009,2,6,1,2,2,1,1,2,1,1,1,1,1,2,8,1,1,1,41,2,2,0
5,6,10,2009,4,1,1,2,2,1,4,1,1,1,2,3,1,2,4,4,1,1,30,2,2,0
1,6,12,2009,4,7,1,2,2,1,4,1,1,1,1,5,1,2,13,2,1,1,30,2,2,3
8,3,10,2009,2,7,8,2,2,2,1,1,2,1,1,4,1,2,14,6,1,1,33,1,2,0
1,6,11,2009,1,1,1,2,2,4,2,1,5,1,1,1,1,1,4,3,1,7,33,2,2,0
1,6,11,2009,3,7,1,2,2,1,1,1,1,1,1,1,1,2,7,11,1,1,45,2,2,3
1,6,11,2009,2,7,1,2,2,1,1,1,1,1,1,1,1,2,9,11,1,1,40,2,2,0
8,13,6,2009,3,4,4,2,2,1,1,1,1,1,1,2,1,2,9,8,1,1,33,2,2,0
3,8,1,2009,3,1,1,2,1,1,1,1,1,1,2,3,1,2,9,4,1,1,33,2,1,0
1,15,6,2009,3,1,1,2,2,1,1,1,1,1,1,1,1,2,9,5,2,1,37,2,2,0
10,17,5,2009,3,7,8,2,2,2,1,1,2,1,2,1,1,2,9,6,1,1,45,2,2,0