Thana,District,Month,Year,Time,Junction_Type,Traffic_Control,Movement,Divider,Weather,Light,Road_Geometry,Surface_Condition,Surface_Type,Surface_Quality,Road_Class,Road_Feature,Location_Type,Vehicle_Type,Vehicle_Movement,Vehicle_Loading,Vehicle_Defect,Vehicle_Driver_Age,Vehicle_Alcohol,Vehicle_Seat_Belt,Accident_Severity
1,2,12,2009,2,1,1,1,2,4,1,1,1,1,1,1,1,2,8,6,1,1,40,2,2,0
3,15,9,2009,4,1,1,1,2,1,3,1,1,1,1,1,1,2,9,2,2,1,33,2,2,0
3,15,9,2009,2,1,1,1,2,1,1,2,1,1,1,2,1,2,13,2,1,1,33,2,2,0
6,5,2,2009,1,2,1,2,2,1,2,1,1,1,1,1,2,2,9,11,2,1,33,2,2,0
6,5,5,2009,2,1,1,2,2,2,1,1,2,1,1,1,1,2,9,6,1,6,33,2,2,0
11,16,9,2009,3,7,1,2,2,1,1,1,1,1,1,1,1,2,9,6,2,7,40,2,2,0
11,16,9,2009,3,7,8,2,2,2,4,2,2,1,1,2,1,2,14,2,2,7,33,1,2,0
1,12,9,2009,1,1,1,2,1,1,1,1,1,1,1,2,1,2,5,6,2,3,50,2,2,0
4,8,9,2009,1,1,1,2,1,1,2,1,1,1,1,1,1,2,14,6,1,7,33,2,2,0
11,11,10,2009,3,1,1,1,2,1,1,1,1,1,1,4,1,2,8,6,1,1,33,2,2,0
9,16,12,2009,3,1,4,2,2,1,1,1,1,1,1,3,1,2,9,6,1,1,35,2,2,0
1,4,8,2009,1,1,1,2,2,1,2,1,1,1,1,5,1,1,4,6,1,1,33,2,2,0
2,14,2,2009,4,2,8,2,2,1,2,1,1,1,1,1,1,2,19,6,1,1,33,2,2,0
2,14,2,2009,2,2,8,2,2,1,1,1,1,1,1,1,1,2,17,5,2,1,33,1,2,0
1,14,6,2009,3,1,1,2,2,1,1,1,1,1,1,1,1,1,14,6,2,7,33,1,2,0
4,14,7,2009,4,1,8,2,1,1,2,1,1,1,1,1,1,2,13,6,1,3,27,2,2,0
4,14,8,2009,4,2,1,2,2,1,2,1,1,1,1,1,1,1,13,6,1,1,44,2,2,3
1,14,8,2009,2,3,1,2,1,1,1,2,1,1,1,2,1,1,14,1,2,7,33,2,2,0
4,14,9,2009,2,1,1,2,2,2,1,1,1,1,1,1,1,1,14,6,1,7,40,2,2,0
2,14,10,2009,3,7,8,2,2,1,1,1,1,1,1,1,1,1,4,6,1,7,26,2,1,1
3,14,10,2009,3,1,1,1,2,1,1,1,1,1,1,5,1,1,9,6,1,3,55,2,2,0
1,14,10,2009,1,3,2,2,1,1,2,1,1,1,1,5,1,1,10,6,1,2,33,1,0,0
1,28,12,2008,4,7,8,2,2,1,1,1,1,1,1,5,1,1,4,6,1,7,47,2,2,1
2,28,2,2009,4,3,3,2,2,1,3,2,1,2,1,5,1,1,19,11,1,7,33,2,2,0
4,28,1,2009,2,1,1,2,2,1,1,1,1,1,1,1,1,1,9,11,1,7,33,2,2,0
4,28,4,2009,3,1,1,2,2,1,1,1,1,1,1,1,1,1,16,11,1,7,33,2,2,0
2,28,5,2009,4,7,8,1,2,1,2,1,1,1,1,5,1,1,12,11,1,1,24,2,2,1
5,28,1,2009,1,7,1,2,2,1,2,1,1,1,1,1,1,2,14,6,1,7,33,2,2,0
5,28,3,2009,2,1,1,2,2,1,1,2,1,1,1,1,1,1,9,1,1,1,33,2,2,0
5,28,3,2009,3,6,4,2,1,1,1,2,1,1,1,5,1,1,9,2,1,6,33,2,2,3
2,28,6,2009,4,7,8,1,2,1,2,1,1,1,1,5,1,1,4,11,1,7,20,2,2,0
1,28,6,2009,2,7,8,2,1,1,1,3,1,1,1,1,1,1,9,11,1,7,33,2,2,0
1,28,6,2009,4,2,8,2,1,2,3,1,2,1,1,5,1,1,15,6,1,7,52,2,2,0
5,28,5,2009,3,7,8,1,2,1,1,1,1,1,1,5,5,1,9,11,1,3,33,1,2,0
5,28,6,2009,2,7,8,1,2,1,1,1,1,1,1,5,1,1,9,11,1,3,33,1,2,0
5,28,9,2009,2,7,8,2,2,1,1,1,1,1,1,5,1,1,14,6,1,7,20,1,2,1
2,28,11,2009,3,7,8,1,1,1,1,1,5,1,1,5,1,1,12,6,1,7,33,2,2,1
3,28,12,2009,3,7,1,2,2,1,1,1,1,1,1,1,1,1,4,6,1,1,30,2,1,0
3,28,10,2009,2,3,4,2,2,1,1,2,1,1,1,5,1,1,4,6,1,1,33,2,1,1
3,28,10,2009,3,7,1,2,2,1,4,1,1,1,1,1,1,1,14,7,1,1,33,2,2,2
3,28,5,2009,2,7,8,2,2,1,1,1,5,1,1,1,1,1,14,11,1,7,33,2,2,0
5,28,12,2009,3,7,8,2,2,1,1,1,1,1,1,1,1,1,19,11,1,7,33,1,2,0
5,28,10,2009,1,7,8,2,2,1,3,1,1,1,1,1,1,1,19,11,1,7,33,1,2,0
5,28,10,2009,2,7,8,1,2,1,1,1,1,1,1,5,1,1,14,11,1,7,33,1,2,0
2,28,12,2009,4,7,1,2,2,1,2,1,1,1,1,1,1,1,8,5,1,7,34,1,2,0
4,28,9,2009,2,1,8,2,1,1,1,1,1,1,1,5,1,1,4,11,1,7,33,1,2,0
4,28,2,2009,4,7,1,2,2,1,4,1,1,1,1,1,1,2,9,6,1,1,35,2,2,0
1,28,1,2009,2,3,1,2,1,1,1,1,1,1,1,5,1,1,12,11,1,7,28,2,2,0
5,28,7,2009,3,7,8,2,2,1,1,1,1,1,1,5,1,1,9,6,1,7,33,2,2,1
2,28,12,2009,3,1,1,2,1,1,1,1,1,1,1,5,1,1,11,6,1,7,33,2,2,0
1,28,11,2009,3,1,3,2,1,1,1,1,1,1,1,5,1,1,4,6,1,1,16,2,2,1
5,30,1,2010,3,1,1,2,2,1,1,1,1,1,1,3,1,2,8,6,1,1,30,2,2,0
4,30,2,2010,3,1,1,2,2,1,1,1,1,1,2,3,1,2,8,6,1,1,33,2,2,3
3,30,2,2010,2,1,1,2,2,1,1,2,1,1,2,4,1,2,4,1,1,1,32,2,2,0
4,32,1,2010,3,1,1,2,2,1,1,1,1,1,1,2,1,2,14,6,1,1,40,2,2,0
1,32,1,2010,3,1,1,2,2,1,1,1,1,1,1,3,1,2,14,6,1,1,26,2,2,0
4,32,2,2010,2,1,1,2,2,1,1,1,1,1,1,3,1,2,9,6,1,4,33,2,2,0
4,31,1,2010,3,1,1,2,2,1,1,1,1,1,1,3,3,1,12,6,1,1,33,2,2,0
2,31,2,2010,3,1,1,2,2,1,1,1,1,1,1,3,1,2,9,6,1,1,30,2,2,0
5,33,1,2010,4,1,1,2,2,1,2,1,1,1,3,3,1,2,9,6,1,1,33,2,2,0
4,27,3,2010,2,1,1,2,2,1,1,1,1,1,1,2,1,2,9,8,1,1,33,2,2,0
2,27,3,2010,2,1,1,2,2,1,1,1,1,1,1,2,1,2,9,6,1,1,33,2,2,0
2,27,3,2010,3,2,1,2,2,1,1,1,1,1,1,3,1,2,19,6,1,1,33,2,2,0
1,27,3,2010,4,7,3,2,2,1,3,1,1,1,1,5,1,1,4,6,1,1,33,2,2,1
4,31,3,2010,4,1,1,2,2,1,3,1,1,1,2,3,1,2,9,6,1,1,30,2,2,0
3,33,3,2010,3,1,1,2,2,1,1,1,1,1,2,4,1,2,6,6,1,1,33,2,2,0
2,27,4,2010,4,1,1,2,2,1,4,1,1,1,1,3,1,2,4,6,1,1,33,2,2,0
1,27,4,2010,3,1,1,2,2,1,1,2,1,1,1,4,1,2,9,3,1,1,33,2,2,0
2,27,4,2010,3,1,1,2,2,1,1,1,1,1,1,3,1,2,19,6,1,1,33,2,2,1
5,31,4,2010,3,1,1,2,2,1,1,1,1,1,1,4,3,2,6,6,1,7,33,2,2,0
4,34,2,2010,2,1,1,2,2,1,1,1,1,1,1,1,2,1,9,6,1,1,33,2,2,0
3,32,4,2010,2,1,1,2,2,1,1,1,1,1,1,2,1,2,4,6,1,1,33,2,2,0
4,32,8,2010,1,1,1,2,2,1,1,1,1,1,1,3,1,2,9,6,1,1,33,2,2,0
2,27,8,2010,1,1,1,2,2,1,1,1,1,1,1,2,1,2,8,5,1,1,25,2,2,0
2,27,1,2010,4,1,1,2,2,1,4,1,1,1,1,3,1,2,10,6,1,1,33,2,2,0
6,27,2,2010,3,1,8,2,2,1,2,1,1,1,2,3,1,2,9,2,1,1,33,2,2,0
4,27,2,2010,2,1,1,2,2,1,1,1,1,1,1,3,1,2,19,6,1,1,33,2,2,0
8,34,4,2010,2,1,1,2,2,1,1,1,1,2,2,3,1,2,19,6,1,1,28,2,2,0
2,34,5,2010,4,1,1,2,2,1,4,1,1,2,2,4,1,2,4,6,1,7,33,2,2,0
4,31,5,2010,2,1,1,2,2,1,1,1,1,1,1,3,1,2,8,6,1,1,30,2,2,0
4,33,6,2010,4,1,1,2,2,1,4,1,1,1,1,4,1,2,9,6,1,7,39,2,2,1
5,33,6,2010,2,1,1,2,2,2,1,1,2,1,1,3,1,2,9,11,1,1,40,2,2,0
2,27,6,2010,3,1,1,2,2,1,1,1,1,1,1,4,1,2,19,6,1,1,33,2,2,0
4,34,7,2010,4,1,4,2,2,1,4,5,1,2,1,1,2,1,4,6,1,1,30,2,2,1
3,33,7,2010,3,2,1,2,2,1,1,1,1,1,1,2,1,2,9,6,1,1,33,2,2,0
1,31,7,2010,3,2,2,2,2,1,1,1,1,1,1,5,1,1,4,6,1,1,33,2,2,0
2,32,7,2010,3,7,4,2,2,1,2,1,1,1,1,4,1,2,4,6,1,1,33,2,2,1
1,27,7,2010,2,1,1,2,2,1,1,1,1,1,1,4,1,2,4,6,1,1,33,2,2,0
4,27,7,2010,3,1,1,2,2,1,1,1,1,1,1,3,1,2,9,6,1,1,33,2,2,0
6,34,9,2010,2,1,1,2,2,1,1,1,1,1,1,1,1,2,9,5,1,1,33,2,2,0
1,31,9,2010,3,1,1,2,2,1,1,1,1,1,1,4,2,1,4,6,1,1,33,2,2,1
2,31,9,2010,2,7,8,2,2,1,1,1,1,1,1,3,4,1,9,11,2,7,35,2,2,0
4,27,9,2010,2,1,1,2,2,1,1,1,1,1,1,2,1,2,8,6,1,1,33,2,2,0
2,27,9,2010,4,7,8,2,2,1,2,2,1,1,1,3,1,2,8,2,1,1,40,2,2,1
5,27,9,2010,3,1,3,2,2,1,1,1,1,1,1,3,1,2,4,6,1,1,25,2,2,0
1,34,2,2010,2,1,8,2,2,1,1,1,1,1,1,5,1,1,9,6,1,1,33,2,2,0
1,34,2,2010,3,1,8,2,2,1,1,1,1,1,1,5,1,1,14,6,1,1,33,2,2,0
1,34,3,2010,2,1,8,2,2,1,1,1,1,1,1,5,1,1,9,6,1,1,33,2,2,0
1,34,3,2010,2,1,8,2,2,1,1,1,1,1,1,5,1,1,9,6,1,1,33,2,2,1
1,34,3,2010,2,1,8,2,2,1,1,1,1,1,1,1,1,1,14,7,2,3,33,2,2,0
1,34,4,2010,2,1,1,2,2,1,1,1,1,1,1,5,1,1,8,6,2,3,33,2,2,0
1,34,5,2010,1,1,1,2,2,1,1,1,1,1,1,3,1,1,19,6,1,1,33,2,2,0
1,34,6,2010,2,1,1,2,2,1,2,1,1,1,1,1,1,1,9,6,1,1,33,2,2,0
1,34,7,2010,2,1,1,2,2,1,1,1,1,1,1,2,1,2,4,1,1,1,33,2,2,0
1,34,7,2010,3,1,1,2,2,1,1,1,1,1,1,1,1,1,5,6,1,1,33,2,2,3
1,34,8,2010,3,1,1,2,2,1,1,1,1,1,1,1,1,2,9,5,1,1,33,2,2,0
1,34,8,2010,2,1,1,2,2,1,1,1,1,1,1,4,1,1,4,6,1,1,33,2,2,0
1,34,8,2010,3,1,1,2,2,1,1,1,1,1,1,1,1,2,9,6,1,1,33,2,2,0
1,34,8,2009,2,1,1,2,2,1,2,1,1,1,1,5,1,1,4,6,1,1,33,2,2,0
3,32,10,2010,4,1,1,2,2,1,3,1,1,1,1,1,1,2,19,6,1,1,33,2,2,0
2,27,10,2010,3,1,1,2,2,1,1,1,1,1,1,3,4,2,19,6,1,1,33,2,2,0
4,27,10,2010,2,1,1,2,2,1,1,1,1,1,1,2,1,2,8,6,1,7,33,2,2,0
1,34,10,2010,3,1,1,2,2,1,1,3,1,1,1,2,1,2,6,6,1,6,35,2,2,0
1,34,10,2010,2,1,4,2,2,1,1,1,1,1,1,2,1,2,16,6,1,1,33,2,2,0
1,34,11,2010,3,1,1,2,2,4,1,2,1,1,2,4,1,2,4,6,1,3,33,2,2,0
1,34,12,2010,1,1,1,2,2,1,3,1,1,1,1,1,2,1,14,6,1,1,33,2,2,1
1,34,12,2010,3,1,1,2,2,1,2,1,1,1,1,1,1,2,9,6,1,1,33,2,2,0
1,34,12,2010,3,1,1,2,2,1,1,1,1,1,1,1,1,2,9,6,1,1,33,1,1,0
1,34,12,2010,2,1,1,2,2,1,1,1,1,1,1,5,1,2,4,6,1,3,33,2,2,0
2,31,12,2010,2,1,8,2,2,1,2,2,1,1,1,3,1,2,7,2,1,7,33,2,2,1
7,33,11,2010,3,1,1,2,2,1,1,1,1,1,1,4,1,2,9,6,1,1,33,2,2,0
3,33,11,2010,3,1,1,2,2,1,1,1,1,1,1,3,1,2,19,6,1,1,33,2,2,0
1,33,12,2010,3,1,1,2,2,1,1,1,1,1,1,3,1,2,4,7,1,7,33,2,2,0
5,33,12,2010,3,1,1,2,2,1,1,1,1,1,1,4,1,2,9,6,1,7,33,2,2,1
4,34,11,2010,4,1,1,2,2,1,2,3,1,1,2,3,1,2,19,6,1,1,30,2,2,0
8,34,11,2010,3,1,1,2,2,1,1,1,1,1,1,4,4,2,6,6,1,6,33,2,2,0
4,31,11,2010,2,1,1,2,2,1,1,1,1,1,1,4,1,2,4,6,1,1,22,2,2,0
1,27,11,2010,2,1,8,2,2,1,1,1,1,1,1,4,1,2,8,6,1,1,25,2,2,1
3,34,1,2010,3,1,1,2,2,1,1,1,1,1,1,3,2,2,19,6,1,1,33,2,1,1
3,34,10,2010,2,1,1,2,2,1,4,1,1,1,1,1,1,2,14,6,1,1,33,2,2,0
4,27,10,2010,3,1,1,2,2,1,1,1,1,1,1,4,1,2,8,6,1,7,33,2,2,0
1,34,12,2010,3,1,1,2,2,1,3,1,1,1,1,1,2,1,14,6,1,1,33,2,2,1
2,31,2,2010,2,1,1,2,2,1,1,1,1,1,1,3,1,2,9,6,1,1,32,2,2,0
2,30,11,2010,3,1,8,2,2,1,1,1,1,1,1,4,1,2,19,6,1,3,33,2,2,0
3,32,2,2010,2,1,1,2,2,1,1,1,1,1,1,1,1,2,9,6,1,1,40,2,2,0
6,30,2,2010,2,1,1,2,2,1,1,2,1,1,2,2,1,2,4,1,1,1,32,2,2,0
1,64,1,2010,2,3,4,1,1,1,1,1,1,1,1,5,1,1,5,6,2,1,33,1,2,1
1,64,2,2010,2,1,4,2,1,1,1,1,1,1,1,5,1,1,8,6,1,1,33,1,2,0
1,64,2,2010,3,5,4,2,1,1,3,2,1,1,1,5,1,1,8,3,1,1,33,1,2,1
3,64,5,2010,1,1,1,2,1,1,4,1,1,1,1,5,1,1,13,6,2,1,33,1,2,0
3,64,6,2010,4,2,4,2,2,1,3,2,1,1,1,5,1,1,13,6,1,2,33,1,2,0
3,64,9,2010,4,5,4,2,1,1,3,5,1,1,1,5,1,1,7,1,1,1,30,1,2,0
3,64,10,2010,2,2,4,2,1,1,1,1,1,1,1,5,1,1,9,6,1,1,33,1,2,0
3,64,11,2010,3,3,1,2,2,1,1,1,1,1,1,5,1,1,9,6,1,1,33,1,2,0
3,64,12,2010,2,1,1,2,1,1,1,1,1,1,1,5,1,1,19,6,1,1,33,1,2,0
11,64,5,2010,4,1,1,2,2,1,3,1,1,1,1,5,1,1,5,6,1,1,33,1,2,1
11,64,12,2010,2,1,1,2,2,1,1,1,1,1,1,5,1,1,7,6,1,1,33,1,2,1
12,64,9,2010,4,1,1,2,2,1,4,1,1,1,3,5,1,1,9,6,1,2,33,1,2,0
12,64,6,2010,4,1,1,2,2,2,3,1,2,1,1,2,1,2,19,6,1,2,33,1,2,0
12,64,9,2010,1,1,1,2,2,4,2,1,1,1,1,1,3,2,6,6,1,2,25,1,2,0
9,64,2,2010,3,3,1,2,1,1,1,1,1,1,1,5,1,1,14,4,1,7,44,1,2,1
9,64,5,2010,3,3,4,2,1,1,1,1,1,1,1,5,1,1,9,6,1,7,28,1,2,0
9,64,9,2010,4,4,4,2,1,1,3,1,1,1,1,5,1,1,9,6,1,7,30,1,2,0
9,64,9,2010,3,2,1,2,1,2,1,1,2,1,1,5,1,1,13,6,1,7,33,1,2,0
9,64,10,2010,3,2,3,2,1,1,1,1,1,1,1,5,1,1,8,6,1,7,45,1,2,0
8,64,1,2010,2,1,1,2,2,1,1,1,1,1,1,5,1,1,8,4,1,3,33,1,2,0
8,64,12,2010,2,1,1,2,2,1,1,1,1,1,1,5,1,1,14,4,1,1,33,1,2,0
5,64,2,2010,4,1,1,1,2,1,3,1,1,1,1,5,1,1,14,6,1,1,34,1,2,0
5,64,3,2010,3,1,1,2,2,1,1,1,1,1,1,5,1,1,10,6,1,2,33,1,2,0
5,64,3,2010,2,1,1,1,2,1,1,1,1,1,1,5,1,1,6,1,1,1,33,1,2,0
5,64,9,2010,3,1,1,2,1,1,1,1,1,1,1,5,1,1,10,6,1,1,33,1,2,0
5,64,9,2010,3,1,1,2,2,1,1,1,1,1,1,5,1,1,6,6,1,1,33,1,2,0
5,64,9,2010,4,1,1,2,1,1,4,1,1,1,1,5,1,2,8,6,1,1,33,1,2,0
5,64,10,2010,2,1,1,2,2,1,1,1,1,1,1,5,1,1,14,6,1,2,33,1,2,0
7,64,1,2010,3,2,4,2,1,1,1,1,1,1,1,5,1,1,13,6,1,1,62,1,2,0
7,64,2,2010,4,1,1,2,1,1,3,1,1,1,1,5,1,1,19,1,1,1,33,1,2,0
3,64,6,2010,1,3,1,2,1,1,3,1,1,1,1,5,1,1,9,6,1,1,33,1,2,0
6,64,2,2010,3,2,4,2,1,1,1,1,1,1,1,5,1,1,14,6,1,1,33,1,2,1
6,64,3,2010,4,1,1,2,1,1,2,1,1,1,1,5,1,1,8,5,1,1,33,1,2,0
6,64,3,2010,3,1,1,2,1,1,1,1,1,1,1,5,1,1,10,6,1,1,33,1,2,1
6,64,3,2010,2,1,1,2,1,1,1,1,1,1,1,5,1,1,8,6,1,1,33,1,2,0
6,64,3,2010,1,1,1,2,1,1,2,1,1,1,1,5,1,1,8,6,1,1,33,1,2,0
6,64,7,2010,1,1,1,2,1,1,3,1,1,1,1,5,1,1,7,6,1,1,33,1,2,0
6,64,10,2010,2,1,4,2,1,1,1,1,1,1,1,5,1,1,9,6,1,1,25,1,2,1
6,64,12,2010,3,1,1,2,1,1,1,1,1,1,1,5,1,1,8,6,1,1,40,1,2,0
6,64,12,2010,2,2,4,2,1,1,1,1,1,1,1,5,1,1,9,6,1,1,30,1,2,0
7,64,7,2010,4,1,4,2,2,1,2,1,1,1,1,5,1,1,10,6,1,1,22,1,2,0
7,64,8,2010,2,1,1,2,1,1,1,1,1,1,1,5,1,1,14,6,1,1,33,1,2,0
7,64,11,2010,4,1,1,2,1,1,2,1,1,1,1,5,1,1,8,6,1,1,33,1,2,0
7,64,11,2010,1,1,1,2,1,1,2,1,1,1,1,5,1,1,9,6,1,1,33,1,2,0
7,64,12,2010,3,1,1,2,1,1,1,1,1,1,1,5,1,1,9,6,1,1,19,1,2,0
7,64,12,2010,1,1,1,1,1,1,2,1,1,1,1,5,1,1,5,10,1,1,33,1,2,1
10,64,10,2010,4,1,1,2,2,1,3,1,1,1,1,5,1,1,9,6,1,1,33,1,2,0
10,64,10,2010,4,5,4,2,1,1,3,1,1,1,1,5,1,1,9,6,1,1,33,1,2,0
10,64,12,2010,1,1,1,2,2,1,3,1,1,1,1,5,1,1,10,6,1,1,23,1,2,1
10,64,10,2010,3,5,6,2,1,1,1,1,1,1,1,5,1,1,9,6,1,1,32,1,2,0
10,64,10,2010,4,1,1,2,2,1,3,1,1,1,1,5,1,1,14,6,1,1,35,1,2,0
2,64,11,2010,2,3,4,2,1,1,1,1,1,1,1,5,1,1,14,6,1,1,27,1,2,1
2,64,11,2010,4,3,4,2,1,1,3,1,1,1,1,5,1,1,14,6,1,1,20,1,2,0
2,64,10,2010,3,3,1,2,1,1,1,1,1,1,1,5,1,1,14,6,1,1,33,1,2,0
2,64,10,2010,4,1,5,2,2,1,3,2,1,1,1,5,1,1,15,6,1,1,33,1,2,0
2,64,8,2010,3,1,1,2,1,1,1,4,1,2,1,5,1,2,4,6,2,1,22,1,2,1
2,64,8,2010,1,3,4,2,1,1,2,1,1,1,1,5,1,1,9,6,1,1,33,1,2,0
2,64,7,2010,3,1,1,2,1,1,1,1,1,1,1,5,1,1,14,6,1,1,33,1,2,1
2,64,7,2010,3,1,7,2,2,1,1,1,1,1,1,5,1,1,14,6,1,1,33,1,2,0
2,64,3,2010,4,3,6,2,1,1,2,3,1,1,1,5,1,1,9,6,1,1,33,1,2,0
2,64,2,2010,4,1,1,2,1,1,3,1,1,1,1,5,1,1,19,6,2,1,33,1,2,0
1,64,6,2010,4,5,4,2,2,1,2,2,1,1,1,5,1,1,14,6,1,1,35,1,2,1
1,64,7,2010,2,1,1,2,1,1,1,1,1,1,1,5,1,1,19,6,1,1,33,1,2,0
1,64,7,2010,1,4,1,2,1,2,3,1,2,1,1,5,1,1,14,6,1,1,33,1,2,0
1,64,9,2010,4,1,1,2,2,1,3,1,1,1,1,5,1,1,4,6,1,1,21,1,2,0
4,64,4,2010,3,1,1,2,1,1,1,1,1,1,1,5,1,1,13,6,1,1,33,1,2,0
4,64,8,2010,2,1,4,2,1,1,1,1,1,1,1,5,1,1,10,6,1,1,33,1,2,0
4,64,9,2010,2,1,1,2,1,1,1,1,1,1,1,5,1,1,14,6,1,1,33,1,2,0
4,64,10,2010,4,1,1,2,2,1,3,1,1,1,1,5,1,1,14,6,1,1,33,1,2,0
4,64,11,2010,3,1,1,2,1,1,1,1,1,1,1,5,1,1,8,6,1,1,43,1,2,0
4,64,12,2010,4,1,4,2,1,1,2,1,1,1,1,5,1,1,8,6,1,1,33,1,2,0
4,64,12,2010,2,1,1,2,1,1,1,1,1,1,1,5,1,1,14,6,1,1,33,1,2,0
4,64,12,2010,4,1,1,2,2,1,3,1,1,1,1,5,1,1,8,6,1,1,33,1,2,0
5,62,2,2010,3,1,1,2,2,1,1,1,1,1,1,3,1,2,9,6,1,1,23,2,2,0
5,62,3,2010,3,1,1,2,2,1,1,1,1,1,1,3,1,2,9,5,1,1,35,2,2,0
4,62,4,2010,3,1,1,2,2,1,1,1,1,1,1,2,1,2,16,5,1,1,33,2,2,0
4,62,4,2010,4,1,1,2,2,1,4,1,1,1,1,1,1,2,10,6,1,2,33,2,2,0
3,62,5,2010,3,1,1,2,2,1,1,1,1,1,1,2,1,2,9,6,1,1,33,2,2,0
4,62,5,2010,2,1,1,2,2,1,1,1,1,1,1,4,1,2,7,6,1,1,33,2,2,0
4,62,6,2010,3,1,1,2,2,1,1,1,1,1,1,4,1,2,10,6,1,2,33,2,2,0
8,57,3,2010,2,1,1,2,2,1,1,1,1,1,1,1,1,2,10,6,1,2,33,2,2,0
7,57,4,2010,4,1,1,2,2,1,1,1,1,1,1,2,1,2,17,6,1,2,33,2,2,0
6,57,5,2010,3,1,1,2,2,1,1,1,1,1,1,3,1,2,17,5,2,1,33,2,2,0
4,57,2,2010,1,1,1,2,2,1,2,1,1,1,1,4,1,2,10,6,1,2,33,2,2,0
5,57,3,2010,3,3,1,2,2,1,1,1,1,1,1,1,1,2,15,6,1,1,33,2,2,0
9,57,3,2010,2,2,1,2,2,1,2,1,1,1,1,1,1,2,6,6,2,1,33,2,2,0
9,57,4,2010,2,1,1,2,2,1,1,1,1,1,1,1,1,2,9,6,1,1,40,2,2,0
1,57,1,2010,3,1,1,2,2,1,2,1,1,1,1,1,1,1,14,6,1,1,33,2,2,0
1,57,1,2010,2,3,1,2,2,4,1,1,1,1,1,3,1,2,4,6,1,1,33,2,2,0
9,57,1,2010,4,1,1,2,2,1,4,1,1,1,1,2,1,2,10,6,1,2,33,2,2,0
9,57,2,2010,4,1,1,2,2,1,1,1,1,1,1,1,1,2,10,6,1,2,33,2,2,0
6,59,1,2010,4,1,1,2,2,1,4,1,1,1,1,2,1,2,9,6,1,1,33,2,2,0
8,63,1,2010,4,1,1,2,2,1,4,1,1,1,1,1,1,2,11,6,1,1,33,2,2,2
8,63,1,2010,2,1,1,2,2,4,1,1,2,1,1,1,1,2,10,6,1,1,33,2,2,0
7,63,1,2010,2,7,1,2,2,4,2,1,1,1,1,1,1,2,7,6,1,1,33,2,2,0
1,65,2,2010,3,1,1,2,2,1,1,1,1,1,1,1,1,2,13,1,1,2,33,2,2,0
2,65,1,2010,4,1,1,2,2,1,4,1,1,1,1,1,1,2,9,11,2,7,38,2,2,0
2,65,2,2010,1,2,1,2,2,1,2,2,1,1,1,1,1,2,10,6,1,1,33,2,2,0
2,65,5,2010,3,1,1,2,2,1,2,2,1,1,1,2,1,2,11,6,1,1,33,2,2,0
1,68,1,2010,4,1,1,2,2,1,1,4,1,1,1,1,1,2,9,6,2,7,48,1,2,0
1,68,4,2010,4,1,1,2,2,1,4,5,5,2,2,3,1,2,11,6,2,6,29,2,2,0
1,68,5,2010,2,1,1,2,2,1,1,1,1,1,1,1,1,2,5,6,2,1,33,1,2,0
1,68,6,2010,4,1,1,2,1,1,4,1,1,1,1,1,1,2,19,6,1,1,33,2,2,1
1,68,7,2010,3,1,1,2,2,1,1,1,1,1,1,1,1,2,9,4,1,1,33,2,2,0
1,68,8,2010,3,1,1,2,2,1,1,1,1,1,1,2,1,2,5,6,1,1,33,2,2,0
5,68,3,2010,2,1,1,2,2,1,1,4,1,1,2,3,1,2,11,6,1,1,33,2,2,0
6,68,1,2010,3,1,1,2,2,1,1,1,1,1,1,3,1,2,11,6,1,1,33,2,2,0
6,68,8,2010,3,1,1,2,2,2,1,1,1,1,1,4,1,2,11,6,1,1,33,2,2,0
3,68,5,2010,3,1,1,2,2,1,1,4,1,1,1,3,1,2,14,3,2,1,38,2,2,0
1,61,2,2010,3,1,1,2,2,1,1,1,1,1,1,1,1,2,14,6,1,1,40,1,2,0
1,61,3,2010,2,1,1,2,2,1,2,1,1,1,1,3,1,1,19,6,1,7,33,1,2,0
1,61,4,2010,1,1,1,2,2,1,4,1,1,1,1,1,1,2,9,6,1,1,33,2,2,0
1,61,4,2010,1,1,1,2,2,1,1,1,1,1,1,3,1,2,10,6,1,1,33,1,2,0
1,61,5,2010,1,3,1,2,2,1,3,1,1,1,1,1,1,2,10,6,1,1,33,1,2,0
1,61,6,2010,1,3,1,2,2,1,3,1,2,1,1,1,1,2,10,6,1,1,33,1,2,0
1,61,7,2010,4,1,1,2,2,1,1,1,1,1,1,1,1,2,10,6,1,1,33,2,2,0
1,61,7,2010,2,2,1,2,2,1,1,1,1,1,1,1,1,2,10,6,1,1,33,2,2,0
1,61,7,2010,3,1,1,2,2,1,1,1,1,1,1,1,1,2,10,6,1,2,33,2,2,0
1,61,7,2010,1,1,1,2,2,1,1,3,1,1,1,1,1,2,10,6,1,1,33,1,2,0
1,61,7,2010,4,1,1,2,2,1,4,1,1,1,1,1,1,2,10,6,1,1,33,2,2,0
1,61,8,2010,3,1,1,2,2,1,1,1,1,1,1,1,1,2,10,6,1,1,33,2,2,0
1,61,8,2010,2,1,1,2,2,1,1,1,1,1,1,1,1,2,14,6,1,1,33,2,2,0
6,59,5,2010,3,1,1,2,2,1,1,1,1,1,1,4,1,2,10,6,1,2,33,1,0,0
1,59,7,2010,4,1,1,2,2,1,1,1,1,1,1,2,1,2,5,6,1,1,45,2,2,0