Thana,District,Month,Year,Time,Junction_Type,Traffic_Control,Movement,Divider,Weather,Light,Road_Geometry,Surface_Condition,Surface_Type,Surface_Quality,Road_Class,Road_Feature,Location_Type,Vehicle_Type,Vehicle_Movement,Vehicle_Loading,Vehicle_Defect,Vehicle_Driver_Age,Vehicle_Alcohol,Vehicle_Seat_Belt,Accident_Severity
4,60,4,2010,2,1,1,2,2,1,1,1,1,1,1,3,1,2,5,6,1,1,30,2,2,0
4,60,5,2010,4,1,1,2,2,1,1,1,1,1,1,3,1,2,13,6,1,7,35,2,2,1
3,60,3,2010,3,1,1,2,2,1,1,1,1,1,1,4,1,2,4,6,1,7,35,2,2,0
3,60,5,2010,2,1,1,2,2,1,1,1,1,1,1,4,1,2,17,11,1,1,38,2,2,0
5,60,4,2010,4,4,1,2,2,1,2,1,1,1,1,4,1,2,5,6,1,7,33,2,2,0
5,60,5,2010,2,1,1,2,2,1,1,1,1,1,1,3,1,2,14,6,1,1,33,2,2,0
1,60,3,2010,3,1,1,2,2,1,1,1,1,1,1,4,1,2,9,6,1,1,30,2,2,0
1,60,3,2010,3,1,1,2,2,1,1,1,1,1,1,1,1,1,9,6,1,7,35,2,2,0
1,60,4,2010,4,1,1,2,2,1,4,1,1,1,1,1,1,2,14,6,2,1,33,1,2,0
1,60,6,2010,2,1,1,2,2,1,1,1,1,1,1,4,1,2,4,6,1,7,35,2,2,0
8,66,2,2010,4,1,1,2,2,1,4,1,1,1,1,1,1,2,14,6,1,1,33,2,2,0
8,66,2,2010,2,1,1,2,2,1,1,1,1,1,1,4,1,2,4,6,1,1,30,2,2,0
4,66,3,2010,4,1,1,2,2,1,4,1,1,1,1,4,1,2,5,6,1,1,33,2,2,0
1,66,3,2010,3,1,1,2,2,1,1,1,1,1,1,4,1,2,14,6,1,1,33,2,2,1
5,66,4,2010,3,1,1,2,2,1,1,1,1,1,1,4,1,2,14,6,1,2,33,2,2,0
6,66,4,2010,2,1,1,2,2,1,1,1,1,1,1,2,1,2,8,6,1,1,33,2,2,0
5,66,4,2010,2,1,1,2,2,1,1,1,1,1,1,4,1,2,10,6,1,2,33,1,0,0
7,66,6,2010,3,1,1,2,2,1,1,1,1,1,1,4,1,2,14,1,1,6,33,2,2,0
10,66,8,2010,3,1,1,2,2,1,1,1,1,1,1,2,1,2,6,6,1,1,30,2,2,0
5,66,8,2010,4,1,1,2,2,1,4,1,1,1,1,2,1,2,11,6,1,2,25,2,2,1
1,57,3,2010,3,1,1,2,2,1,1,1,1,1,1,2,1,2,13,6,2,1,38,2,2,0
1,57,6,2010,2,1,1,2,2,1,1,1,1,1,1,1,1,2,14,6,1,1,45,2,2,0
1,57,7,2010,4,1,1,2,2,1,4,1,1,1,1,4,1,2,5,5,1,1,33,1,0,0
3,57,8,2010,4,1,1,2,2,1,1,1,1,1,1,1,1,2,10,6,1,2,33,2,2,0
3,57,8,2010,3,1,1,2,2,1,1,1,1,1,1,1,1,2,10,6,1,2,33,2,2,0
6,57,5,2010,3,1,1,2,2,1,1,1,1,1,1,4,1,2,8,6,1,1,55,2,2,0
2,57,3,2010,3,1,1,2,2,1,1,1,1,1,1,3,1,2,12,6,1,1,33,2,2,0
8,63,7,2010,3,2,1,2,2,1,1,1,1,1,1,1,1,2,4,6,1,1,33,2,2,0
9,63,9,2010,4,1,1,2,2,1,2,2,1,1,1,1,1,2,9,6,1,2,33,2,2,0
7,63,4,2010,4,1,1,2,2,1,1,1,1,1,1,1,1,2,7,6,1,1,33,2,2,0
9,63,4,2010,3,1,1,2,2,1,1,1,1,1,1,1,1,2,8,6,1,1,37,2,2,0
9,63,4,2010,4,1,1,2,2,1,4,1,1,1,1,1,1,2,13,6,1,1,33,2,2,0
4,63,5,2010,5,1,1,2,2,1,1,1,1,1,1,1,1,2,13,1,1,1,33,2,2,0
4,63,5,2010,3,1,4,2,2,1,1,1,1,1,1,1,1,2,9,6,1,1,33,2,2,0
4,63,7,2010,4,1,1,2,2,1,4,1,1,1,1,1,1,2,8,8,1,1,24,2,1,0
13,63,3,2010,4,1,1,2,2,1,1,1,1,1,1,1,1,2,10,6,1,1,33,2,2,0
8,63,7,2010,2,1,1,2,2,1,1,1,2,1,1,1,1,2,14,6,1,1,45,2,2,0
15,63,5,2010,4,1,1,2,2,2,4,2,2,1,1,4,1,2,13,6,1,1,33,2,2,0
17,58,4,2010,3,1,1,2,2,1,1,1,1,1,1,1,1,2,7,11,1,7,33,2,2,0
12,58,4,2010,3,1,1,2,2,1,1,1,1,1,1,4,1,2,7,11,1,7,30,2,2,0
13,58,6,2010,4,3,1,2,2,1,4,1,1,1,2,2,1,2,9,5,1,3,33,2,2,0
11,58,8,2010,3,7,1,2,2,1,2,1,5,1,1,2,1,2,9,11,1,7,36,2,2,0
10,58,10,2010,3,1,1,2,1,1,1,1,1,1,1,2,1,2,9,6,1,1,33,1,2,0
7,58,12,2010,2,7,1,2,2,1,1,1,1,1,1,1,1,2,8,11,1,7,33,2,2,0
2,65,10,2010,4,1,1,2,2,1,3,1,1,1,1,1,1,2,10,6,1,2,33,1,0,0
1,67,11,2010,2,1,1,2,2,1,1,2,1,1,1,5,2,1,9,11,1,1,45,2,2,1
4,62,11,2010,4,1,1,2,2,1,2,1,1,1,1,4,1,2,5,5,2,1,35,2,2,0
8,63,10,2010,1,1,1,2,1,2,1,1,1,1,1,1,1,2,10,6,1,1,33,2,2,0
13,63,11,2010,3,1,1,1,1,1,1,1,1,1,1,1,1,2,9,1,1,1,45,2,2,0
7,63,12,2010,3,1,2,2,1,1,1,1,1,1,1,1,1,2,14,6,1,3,45,2,2,0
9,63,9,2010,4,1,1,2,2,1,4,1,1,1,1,1,1,1,7,5,2,1,33,2,2,0
9,63,10,2010,3,1,1,2,2,1,1,1,1,1,1,1,2,2,9,6,1,3,35,2,2,1
6,63,9,2010,4,1,1,2,2,1,4,1,1,1,1,1,1,2,8,6,1,1,33,2,2,1
10,63,1,2010,4,1,1,2,2,1,4,1,1,1,1,2,1,1,14,6,1,1,33,2,2,0
1,57,12,2010,3,2,1,2,2,1,1,1,1,1,1,1,1,1,9,6,1,1,33,2,2,0
10,63,2,2010,3,1,1,2,2,1,1,1,1,1,1,1,1,1,7,11,1,1,33,2,2,0
13,63,8,2010,1,1,1,2,2,1,4,1,1,1,1,1,1,2,10,6,1,1,33,2,2,0
6,63,7,2010,1,1,1,2,2,1,4,1,1,1,1,1,1,2,10,6,1,1,28,1,2,1
11,63,3,2010,2,1,1,2,2,1,1,1,1,1,1,1,1,2,9,6,1,1,33,2,2,0
3,63,2,2010,3,2,1,2,2,1,1,1,1,1,1,3,1,2,14,6,1,1,26,2,2,0
1,62,10,2010,2,1,1,2,2,1,2,1,1,1,1,5,1,1,10,6,1,1,33,2,2,0
10,63,4,2010,2,1,1,2,2,1,1,1,1,1,1,4,1,1,4,6,1,1,33,2,2,1
8,57,12,2010,1,1,1,2,1,1,4,1,1,1,1,1,1,2,10,6,1,1,33,1,2,0
8,57,11,2010,3,1,1,2,2,1,1,4,1,2,2,4,1,2,17,6,1,1,33,2,2,0
5,57,10,2010,3,1,1,2,2,1,1,1,1,2,3,4,1,2,12,6,1,6,33,2,2,3
8,57,11,2010,4,1,1,2,2,1,1,1,1,1,1,1,1,2,10,6,1,1,33,2,2,0
1,61,10,2010,3,3,1,2,2,1,1,1,1,1,1,1,1,1,12,6,1,1,33,2,2,0
2,61,11,2010,2,3,1,2,2,1,1,1,1,1,1,3,1,2,5,6,1,1,33,2,2,0
1,61,11,2010,1,1,8,2,2,4,4,1,1,1,1,1,1,1,14,6,1,1,33,1,2,0
1,57,9,2010,4,1,1,2,2,1,1,1,1,1,2,3,1,2,4,6,1,1,33,2,2,0
8,13,9,2010,2,1,1,2,2,1,1,1,1,1,1,4,1,2,4,6,1,1,33,2,2,0
2,68,1,2010,3,1,1,2,2,1,1,3,1,1,1,4,1,2,11,6,2,1,1,2,2,1
3,57,11,2010,1,1,1,2,2,1,2,1,1,1,1,1,1,2,19,6,1,1,33,1,2,0
1,60,9,2010,2,1,1,2,2,1,1,1,1,1,1,2,1,2,5,8,1,1,33,2,2,0
1,61,9,2010,4,1,1,2,2,4,4,1,1,1,1,1,1,1,9,6,1,1,33,2,2,0
5,61,11,2010,3,1,1,2,2,1,1,1,1,1,1,1,1,1,19,6,2,7,33,2,2,1
1,61,10,2010,1,1,1,2,2,1,3,1,1,1,1,1,1,2,12,6,1,1,33,2,2,0
3,57,10,2010,4,1,1,2,2,1,2,1,1,1,1,1,1,2,14,6,1,1,30,2,2,0
3,57,10,2010,1,1,1,2,2,1,2,1,1,1,1,1,1,2,19,6,1,1,33,1,2,0
11,58,4,2010,3,1,1,2,2,1,1,1,1,1,1,4,1,2,7,6,1,1,30,2,2,0
1,67,11,2010,2,1,1,2,2,1,1,1,1,1,1,5,2,1,9,6,1,1,45,2,2,1
7,67,4,2010,2,1,1,2,2,1,1,1,1,1,1,2,1,2,9,6,1,1,33,2,2,0
16,58,4,2010,1,1,1,2,2,1,1,1,1,1,1,2,1,2,7,6,1,1,33,1,1,0
8,67,2,2010,4,1,1,1,2,1,4,2,1,1,1,1,1,2,9,6,1,2,58,2,2,0
2,65,9,2010,4,1,1,2,2,1,3,1,1,1,1,1,1,2,19,6,1,1,33,2,2,0
1,65,6,2010,1,1,1,2,2,1,4,1,1,1,1,5,1,1,9,6,1,1,35,2,2,0
2,65,10,2010,4,1,1,2,2,1,3,1,1,1,1,1,1,2,1,6,1,1,33,1,2,0
2,62,10,2010,3,7,1,2,2,1,1,1,1,1,1,2,1,2,5,6,2,1,22,2,2,0
3,62,12,2010,4,1,1,2,2,4,4,1,1,1,1,3,1,2,12,6,1,1,32,2,2,0
4,62,11,2010,4,1,1,2,2,1,1,1,1,1,1,4,1,2,5,6,1,1,35,2,2,0
10,63,10,2010,2,1,1,2,2,1,1,1,1,1,1,2,1,1,9,6,1,1,33,2,2,0
4,63,9,2010,2,1,1,2,1,1,1,2,1,1,1,1,2,2,12,6,1,3,33,2,2,0
6,58,11,2010,2,1,1,2,2,1,2,1,1,1,1,1,1,2,19,6,1,1,33,2,2,0
2,61,7,2010,1,1,1,2,2,2,4,5,2,1,1,1,1,2,10,6,1,1,33,2,2,0
7,57,4,2010,1,1,1,2,2,1,4,1,1,1,2,2,1,2,5,6,1,1,33,2,2,0
6,66,8,2010,2,1,1,2,2,1,1,1,1,1,1,2,1,2,6,6,1,1,33,2,2,1
8,66,6,2010,3,1,1,2,2,1,1,2,1,1,1,4,1,2,14,6,1,1,33,2,2,0
9,66,2,2010,4,1,1,2,2,1,4,1,1,1,1,4,1,2,4,6,1,1,33,2,2,0
9,66,2,2010,2,1,1,2,2,1,1,1,1,1,1,2,1,2,14,6,1,1,33,2,2,0
4,66,3,2010,3,1,1,2,2,1,1,1,1,1,1,2,1,2,10,6,1,2,33,1,0,1
2,65,1,2010,2,1,1,2,2,1,1,1,1,1,1,1,1,2,9,6,1,1,33,2,2,0
6,59,1,2010,1,1,5,2,2,1,4,1,1,2,2,2,1,2,9,6,1,1,33,2,2,0
8,38,1,2010,3,7,8,2,2,1,1,1,1,3,2,4,1,2,16,7,1,1,25,2,2,0
1,38,1,2010,1,1,1,2,2,1,3,1,1,1,1,1,1,2,9,6,1,1,38,2,2,0
2,36,1,2010,2,3,1,2,2,1,1,1,1,1,1,1,1,2,9,1,1,1,33,2,2,0
1,45,1,2010,2,1,1,2,2,1,1,1,1,1,1,1,1,2,9,6,1,1,33,2,2,0
1,47,1,2010,3,1,1,2,2,1,2,1,1,1,1,1,1,2,9,6,1,1,35,2,2,0
10,47,11,2010,2,1,1,2,2,1,1,1,1,1,1,2,1,2,4,6,1,1,50,2,2,1
5,47,1,2010,1,3,1,2,2,1,2,1,1,1,1,1,1,2,14,6,1,6,34,2,2,0
5,47,1,2010,3,3,1,2,2,1,1,1,1,1,2,1,1,2,14,6,1,6,40,2,2,0
12,47,1,2010,3,1,1,2,2,1,1,2,1,1,1,1,2,2,9,9,1,1,33,2,2,0
12,47,1,2010,3,1,1,2,2,1,1,2,1,1,1,1,1,2,9,6,1,1,33,2,2,3
12,51,1,2010,3,1,1,2,2,1,1,1,1,1,1,3,1,2,17,6,2,6,23,2,2,0
2,50,1,2010,2,1,1,2,2,1,1,1,1,1,1,1,1,2,5,6,1,1,33,2,2,0
10,52,1,2010,3,4,1,2,2,1,1,2,1,1,1,3,1,2,8,1,1,1,35,2,2,0
1,49,1,2010,2,1,1,2,2,1,1,2,1,1,1,2,1,2,9,1,1,1,33,2,2,0
4,44,1,2010,4,1,4,2,2,4,3,1,1,1,1,5,1,1,9,6,1,1,33,2,2,0
3,44,1,2010,3,1,1,2,2,1,1,1,1,1,1,1,1,1,9,6,1,1,33,2,2,0
3,44,1,2010,2,1,1,2,2,1,1,1,1,1,1,5,1,1,14,6,1,1,40,2,2,1
7,44,1,2010,2,1,1,2,2,1,1,1,1,1,1,4,1,2,5,6,1,3,33,2,2,0
5,44,1,2010,2,3,3,2,2,1,1,1,1,3,1,1,1,2,13,8,1,1,33,2,2,0
2,52,1,2010,2,4,1,2,2,1,1,1,1,1,1,3,1,2,6,6,1,1,36,2,2,0
4,37,1,2010,2,1,3,2,2,1,1,3,1,1,1,3,1,2,8,6,1,3,35,2,2,0
2,37,1,2010,1,1,1,2,2,1,4,1,1,1,1,3,1,2,13,1,1,6,33,2,2,0
6,40,1,2010,3,1,2,2,2,1,1,1,1,1,1,1,1,2,9,6,1,6,33,2,2,1
3,40,1,2010,3,1,1,2,2,1,1,1,1,1,1,4,1,2,9,6,1,6,40,2,2,0
1,38,2,2010,3,1,1,2,2,1,1,1,1,1,1,1,1,1,9,6,1,6,42,2,2,0
2,43,2,2010,1,5,1,2,2,1,2,1,1,1,1,1,1,2,15,6,1,3,33,2,2,0
4,44,2,2010,2,1,1,2,2,1,1,1,1,1,1,5,1,1,14,6,1,1,35,2,2,0
3,44,1,2010,2,1,1,2,2,1,1,1,1,1,1,1,1,2,15,6,1,3,33,2,2,0
7,44,2,2010,4,3,1,2,2,1,3,1,1,1,1,1,1,1,14,6,1,7,33,2,2,0
5,44,2,2010,3,1,1,2,2,1,1,1,5,2,1,2,1,2,10,6,1,3,33,2,2,0
2,49,2,2010,3,1,1,2,2,1,1,1,1,1,1,3,1,2,12,6,1,1,33,2,2,0
2,41,2,2010,2,1,1,2,2,1,1,1,1,1,1,2,1,2,14,6,1,3,30,2,2,0
6,41,1,2010,3,3,1,2,2,1,1,1,1,1,1,3,1,1,19,6,1,1,33,2,2,0
4,50,2,2010,3,1,1,2,2,1,1,1,1,1,1,4,1,2,17,6,2,6,30,2,2,0
1,45,2,2010,3,1,1,2,2,1,1,1,1,1,1,4,1,2,19,6,1,3,33,2,2,0
2,45,2,2010,2,1,1,2,2,1,1,1,1,1,1,1,1,2,9,6,1,4,33,2,2,1
1,35,2,2010,2,1,1,2,2,1,1,1,1,1,1,2,1,2,14,6,1,3,33,2,2,0
3,37,2,2010,2,1,1,2,2,1,1,1,1,1,1,4,1,2,19,6,2,6,33,2,2,0
5,37,2,2010,3,1,1,2,2,1,1,1,1,1,1,3,1,2,8,6,1,1,33,2,2,0
1,51,2,2010,2,1,1,2,2,1,1,1,1,1,1,5,1,1,17,6,1,1,33,2,2,0
1,51,2,2010,3,3,1,2,2,1,2,3,1,1,1,5,1,1,4,6,1,6,35,2,2,0
1,51,2,2010,3,1,1,2,2,1,1,2,1,1,2,3,1,2,18,6,2,6,33,2,2,0
12,47,2,2010,4,1,1,2,2,1,2,2,1,1,1,4,1,2,19,6,2,6,33,2,2,3
5,47,2,2010,3,1,1,2,2,1,1,2,1,1,1,1,1,2,14,6,1,1,40,2,2,0
1,47,2,2010,4,1,1,2,2,1,2,1,1,1,1,5,1,1,15,6,1,4,30,2,2,2
11,47,2,2010,3,1,1,2,2,1,1,1,1,1,1,5,1,1,16,6,1,3,30,2,2,0
1,40,2,2010,4,1,1,2,2,1,2,1,1,1,1,1,1,1,19,6,1,3,33,2,2,0
7,40,2,2010,4,1,1,2,2,1,2,1,1,1,1,4,1,2,4,6,1,1,25,2,2,0
7,40,2,2010,3,1,1,2,2,1,1,1,1,1,1,2,1,2,9,6,1,1,30,2,2,0
7,40,2,2010,3,1,1,2,2,1,1,1,1,1,1,2,1,2,4,6,1,1,33,2,2,0
3,40,2,2010,1,1,1,2,2,1,4,1,1,1,1,1,1,2,19,6,1,1,33,2,2,0
1,35,3,2010,2,2,1,2,2,1,1,1,1,1,1,1,1,1,14,6,1,1,35,2,2,0
7,38,3,2010,3,1,1,2,2,1,1,1,1,1,1,1,1,2,4,6,1,1,25,2,2,1
2,50,3,2010,2,1,1,2,2,1,1,1,1,1,1,1,1,2,9,6,1,1,33,2,2,0
5,50,3,2010,2,1,1,2,2,1,2,1,1,1,1,2,1,2,14,6,1,6,30,2,2,0
8,50,3,2010,3,1,1,2,2,1,1,1,5,2,2,3,1,2,14,6,1,3,33,2,2,0
6,41,3,2010,2,2,1,2,2,1,1,1,1,1,1,1,1,1,9,6,1,1,25,2,2,0
6,41,3,2010,2,3,1,2,2,1,1,1,1,1,1,3,1,1,8,6,1,1,33,2,2,0
2,45,2,2010,3,1,1,2,2,1,1,1,1,1,1,1,1,2,7,6,1,1,33,2,2,1
1,49,3,2010,2,1,1,2,2,1,1,1,1,1,1,2,1,2,14,6,1,1,33,2,2,0
1,49,3,2010,3,1,1,2,2,1,1,1,1,1,1,2,1,2,9,6,1,1,33,2,2,0
4,49,3,2010,2,1,1,2,2,1,1,1,1,1,1,4,1,2,6,1,1,6,24,2,2,1
6,48,3,2010,2,1,3,2,2,1,1,1,1,1,1,4,1,2,19,6,2,6,18,2,2,0
6,48,3,2010,2,1,1,2,2,1,1,4,1,1,1,3,1,2,8,6,1,1,33,2,2,0
1,48,3,2010,3,1,1,2,2,1,1,2,1,1,1,4,1,2,17,6,2,6,33,2,2,0
3,48,3,2010,3,3,1,2,2,1,1,1,1,1,1,4,1,2,4,6,1,1,33,2,2,0
2,48,3,2010,3,4,1,2,2,1,1,1,1,1,1,4,1,2,4,6,1,1,33,2,2,0
1,51,3,2010,2,1,1,2,2,1,1,1,1,1,1,2,1,2,9,6,1,6,33,2,2,0
11,51,3,2010,2,1,3,2,2,1,1,1,1,1,1,3,1,2,19,6,2,6,15,2,2,1
9,51,3,2010,3,1,1,2,2,1,1,1,1,1,1,4,1,2,9,6,1,1,33,2,2,0
3,43,3,2010,2,1,1,2,2,1,1,1,1,1,1,1,1,1,14,6,1,1,26,2,2,0
4,44,3,2010,3,1,1,2,2,1,1,1,1,1,1,5,1,1,8,6,1,1,33,2,2,0
7,44,3,2010,4,1,1,2,2,1,2,1,1,1,1,1,1,2,8,6,1,6,33,2,2,0
1,35,2,2010,4,1,1,2,2,1,2,1,1,1,1,3,5,1,10,6,1,1,33,2,2,3
1,35,4,2010,3,1,1,2,2,1,1,1,1,1,1,3,1,2,19,6,1,1,33,2,2,0
8,38,4,2010,4,1,1,2,2,1,2,1,1,1,1,3,1,2,4,6,1,1,32,2,2,0
12,51,4,2010,3,1,3,2,2,1,1,1,1,1,1,3,1,2,9,6,1,1,28,2,2,0
8,51,4,2010,4,1,1,2,2,1,2,1,1,1,1,4,1,2,12,6,1,1,25,2,2,0
3,51,3,2010,4,1,1,2,2,1,4,1,1,2,2,4,1,2,4,6,1,1,33,2,2,1
2,51,4,2010,2,1,1,2,2,1,1,1,1,3,2,4,1,2,17,6,2,6,35,2,2,0
4,41,3,2010,2,1,1,2,2,1,1,1,1,1,1,3,1,2,9,6,1,3,33,2,2,0
12,47,4,2010,2,1,1,2,2,1,1,1,1,1,1,1,1,2,4,6,1,1,28,2,2,0
7,47,4,2010,2,1,1,2,2,1,2,1,1,1,1,1,1,2,13,6,1,6,30,2,2,0
5,45,4,2010,3,1,1,2,2,1,1,1,1,1,1,1,1,2,9,6,1,1,33,2,2,0
1,49,4,2010,2,1,1,2,2,1,1,1,1,1,1,2,1,1,14,6,1,1,40,2,2,0
1,49,4,2010,4,1,1,2,2,1,3,1,1,1,1,3,1,2,4,6,1,3,26,2,2,0
2,48,4,2010,3,1,3,2,2,1,1,1,1,1,1,3,1,2,19,6,2,6,25,2,2,0
3,48,4,2010,3,1,1,2,2,1,1,1,1,1,1,4,1,2,4,6,1,3,33,2,2,0
1,40,3,2010,4,1,1,2,2,1,1,1,1,1,1,1,1,1,9,6,1,1,33,2,2,1
1,40,3,2010,3,1,1,2,2,1,1,1,1,1,1,1,1,2,9,6,1,4,33,2,2,1
7,40,3,2010,4,4,1,2,2,1,2,1,1,1,1,2,1,2,8,6,1,6,35,2,2,1
6,40,3,2010,4,1,1,2,2,1,1,1,1,1,1,1,1,2,9,6,1,3,33,2,2,0
1,40,4,2010,3,1,1,2,2,1,1,1,1,1,1,1,1,2,9,6,1,3,33,2,2,1
1,40,4,2010,4,1,1,2,2,1,3,1,1,1,1,1,1,1,4,6,1,1,33,2,2,1
7,40,4,2010,2,1,1,2,2,1,1,2,1,1,1,2,1,2,8,6,1,1,33,2,2,0
1,40,4,2010,3,1,1,2,2,1,1,1,2,1,1,1,1,2,5,6,1,1,33,2,2,0
1,40,5,2010,1,1,1,2,2,1,4,1,1,1,1,1,1,1,13,6,1,3,33,2,2,0
6,40,5,2010,3,1,1,2,2,1,1,1,1,1,3,4,1,2,8,6,1,1,28,2,2,0
1,38,5,2010,2,1,1,2,2,1,1,1,1,1,1,1,1,2,7,6,1,1,27,2,2,0
1,38,4,2010,4,1,1,2,2,1,2,2,1,1,1,1,1,1,7,6,1,1,24,2,2,1
3,38,5,2010,4,1,1,2,2,1,4,1,1,1,1,1,1,2,14,6,1,1,33,2,2,0
4,44,5,2010,4,1,1,2,2,1,3,1,1,1,1,2,1,2,15,6,1,1,40,2,2,1
4,44,5,2010,2,1,1,2,2,1,1,1,1,1,1,3,1,2,9,6,1,1,33,2,2,0
1,50,5,2010,4,1,1,2,2,1,2,1,1,1,1,5,1,1,14,6,1,1,38,2,2,0
13,50,5,2010,1,1,1,2,2,1,4,1,1,1,1,3,1,2,14,6,1,1,33,2,2,0
7,51,5,2010,2,3,1,2,2,1,1,1,1,1,1,3,1,2,6,6,1,1,33,2,2,0
7,51,5,2010,3,1,1,2,2,1,1,1,1,1,1,3,1,2,6,9,1,1,38,2,2,0
12,51,5,2010,4,1,1,2,2,1,3,1,1,1,1,5,1,1,6,6,2,6,33,2,2,0
12,47,5,2010,1,1,1,2,2,1,1,1,1,1,1,1,1,2,9,6,1,1,33,2,2,0
12,47,5,2010,1,1,1,2,2,1,4,1,1,1,1,1,1,2,19,6,1,1,33,2,2,0
1,49,5,2010,3,1,1,2,2,1,1,1,1,1,1,4,1,2,17,6,2,6,28,2,2,0
3,49,5,2010,3,1,1,2,2,1,1,1,1,1,1,3,1,1,4,6,1,1,33,2,2,1
10,52,4,2010,3,1,1,2,2,1,3,1,1,1,1,3,1,2,19,6,1,1,33,2,2,0
1,43,4,2010,3,1,1,2,2,1,1,1,1,1,1,5,1,1,4,6,1,1,23,2,2,1
1,43,5,2010,2,1,1,2,2,1,1,1,1,1,1,4,1,2,14,6,1,1,26,2,2,0
4,43,4,2010,4,1,1,2,2,1,4,1,1,1,1,4,1,2,19,6,1,1,33,2,2,0
4,45,5,2010,2,1,1,2,2,1,1,1,1,1,1,3,1,1,17,6,2,6,50,2,2,0
3,39,1,2010,4,1,1,2,2,1,1,1,1,1,1,1,1,1,9,6,1,1,33,2,2,0
1,39,1,2010,3,1,1,2,2,1,1,1,1,1,1,1,1,1,8,6,1,1,33,2,2,0
3,39,4,2010,2,2,1,2,2,1,1,2,1,1,1,1,1,2,9,6,1,1,33,2,2,0
4,39,5,2010,3,2,1,2,2,1,1,1,1,1,1,2,1,1,14,8,1,1,33,2,2,0
3,39,2,2010,2,1,4,2,2,1,1,2,1,1,1,1,1,2,14,6,1,1,33,2,2,0
3,39,5,2010,3,1,1,2,2,1,1,1,1,1,1,1,1,2,9,6,1,1,22,2,2,0
3,39,5,2010,1,1,1,2,2,1,4,1,2,1,1,1,1,2,9,6,1,1,33,2,2,0
1,39,3,2010,3,1,1,2,2,1,1,2,1,1,1,1,1,2,9,6,1,1,33,2,2,0
1,40,6,2010,2,1,1,2,2,1,1,1,1,1,1,1,1,1,14,6,1,1,33,2,2,0
5,40,6,2010,4,1,1,2,2,1,4,1,1,1,1,1,1,2,9,6,1,1,40,2,2,0
12,47,6,2010,4,1,1,2,2,1,4,1,1,1,1,1,1,2,10,6,1,1,33,2,2,0
12,47,6,2010,3,1,1,2,2,1,1,1,1,1,1,1,1,2,9,6,1,1,33,2,2,0
4,47,6,2010,3,1,1,2,2,1,1,1,1,1,1,1,1,2,9,5,1,1,33,2,2,3
4,43,6,2010,3,1,1,2,2,1,1,1,1,1,1,1,1,2,9,6,1,1,25,2,2,0
3,48,6,2010,4,2,1,2,2,1,4,1,1,1,1,4,1,2,12,6,2,3,33,2,2,1
1,36,6,2010,2,1,1,2,2,1,1,1,1,1,1,1,1,2,7,6,1,1,33,2,2,1
2,35,6,2010,2,1,1,2,2,1,1,1,1,1,1,4,1,2,4,6,1,1,28,2,2,0
4,35,6,2010,3,1,1,2,2,1,1,1,1,1,3,4,1,2,8,6,1,1,25,2,2,0
5,38,6,2010,2,1,1,2,2,1,1,1,1,1,1,4,1,2,4,6,1,1,27,2,2,1
6,38,6,2010,3,1,1,2,2,1,1,1,1,1,1,1,1,2,14,6,1,1,33,2,2,0
12,50,7,2010,1,1,1,2,2,1,2,1,1,1,1,1,1,2,14,6,1,1,33,2,2,0
2,50,7,2010,3,1,1,2,2,1,1,1,1,1,1,2,1,2,9,6,1,1,33,2,2,0
5,50,6,2010,4,1,1,2,2,1,4,1,1,1,1,4,1,2,19,6,2,6,30,2,2,1
7,44,6,2010,2,1,1,2,2,1,1,1,1,1,1,1,1,2,14,6,1,1,33,2,2,0
8,47,7,2010,4,1,1,2,2,2,4,1,2,1,1,1,1,2,19,6,1,1,33,2,2,0
4,43,7,2010,2,1,1,2,2,1,1,1,1,1,1,3,1,2,8,6,1,1,33,2,2,0
4,45,7,2010,2,1,1,2,2,1,1,1,1,1,1,3,1,2,5,6,1,1,42,2,2,1
2,45,6,2010,2,1,1,2,2,1,4,1,1,1,1,1,3,2,19,6,1,1,33,2,2,0
4,38,7,2010,4,1,1,2,2,1,4,1,1,1,1,4,1,2,13,6,1,1,33,2,2,0
6,38,7,2010,1,1,1,2,2,1,4,1,1,1,1,1,1,2,19,6,1,1,33,2,2,0
3,37,7,2010,2,1,1,2,2,1,1,1,2,1,1,4,1,2,19,6,1,1,30,2,2,0
2,44,7,2010,4,1,1,2,2,1,4,1,1,1,1,2,1,2,9,6,1,1,33,2,2,0
5,40,7,2010,3,1,1,2,2,1,1,1,1,1,1,1,1,2,9,6,1,1,33,2,2,0
5,40,7,2010,3,1,1,2,2,1,1,1,1,2,1,4,1,2,4,6,1,1,20,2,2,0
6,40,7,2010,2,1,1,2,2,1,1,1,1,1,1,1,1,2,19,6,1,1,33,2,2,0
2,40,7,2010,2,1,1,2,2,1,1,1,1,1,1,3,1,2,14,9,1,1,33,2,2,0
7,38,8,2010,2,1,1,2,2,1,1,1,1,1,1,3,1,1,19,6,2,6,22,2,2,1
1,35,8,2010,3,1,1,2,2,1,1,1,1,1,1,2,1,2,12,6,1,1,29,2,2,0
2,36,8,2010,4,1,1,2,2,1,4,1,2,1,1,5,1,1,19,6,1,1,33,2,2,0
1,45,8,2010,2,1,1,2,2,1,3,1,1,1,1,1,1,1,14,6,1,1,33,2,2,0
1,49,8,2010,3,1,1,2,2,1,1,1,1,1,1,2,1,2,5,6,1,1,40,2,2,0