Thana,District,Month,Year,Time,Junction_Type,Traffic_Control,Movement,Divider,Weather,Light,Road_Geometry,Surface_Condition,Surface_Type,Surface_Quality,Road_Class,Road_Feature,Location_Type,Vehicle_Type,Vehicle_Movement,Vehicle_Loading,Vehicle_Defect,Vehicle_Driver_Age,Vehicle_Alcohol,Vehicle_Seat_Belt,Accident_Severity
5,41,10,2010,2,1,1,2,2,1,1,1,1,1,1,1,2,1,9,6,1,6,33,2,2,0
5,41,8,2010,4,1,1,2,2,1,4,1,1,1,1,1,1,1,10,6,1,3,33,2,2,1
5,41,9,2010,3,1,1,2,2,1,1,1,1,1,1,4,1,2,12,6,1,3,33,2,2,0
5,41,8,2010,3,1,2,2,2,1,1,1,1,1,1,1,1,1,19,6,1,3,33,2,2,0
5,41,9,2010,1,1,1,2,2,1,2,1,1,1,1,1,1,1,19,6,1,3,33,2,2,0
4,41,5,2010,4,1,1,2,2,1,2,1,1,1,2,3,1,2,13,2,2,6,27,2,2,0
7,41,5,2010,1,1,1,2,2,1,2,1,1,1,1,3,1,2,9,1,1,3,33,2,2,0
7,41,5,2010,4,1,1,2,2,1,2,1,1,1,1,2,1,2,8,6,1,3,33,2,2,0
7,41,5,2010,2,1,1,2,2,1,1,1,1,1,1,2,1,2,9,6,1,1,33,2,2,0
7,41,6,2010,4,3,1,2,2,1,3,1,1,1,1,2,1,2,8,6,1,1,26,2,2,1
7,41,6,2010,2,1,1,2,2,1,2,1,1,1,1,2,1,1,9,4,1,1,22,2,2,0
7,41,7,2010,3,3,3,2,2,1,1,1,1,1,1,2,1,1,8,6,1,1,38,2,2,1
7,41,7,2010,2,1,1,2,2,1,1,1,1,1,1,2,1,2,8,6,1,3,40,2,2,0
7,41,5,2010,3,1,1,2,2,1,1,1,1,1,2,2,1,2,14,6,1,1,33,2,2,0
7,41,5,2010,2,3,1,2,2,1,1,1,1,1,1,3,1,2,14,6,1,3,35,2,2,0
7,41,8,2010,2,1,1,2,2,1,1,1,1,1,1,1,1,1,6,8,1,1,33,2,2,0
7,41,8,2010,3,1,1,2,2,1,1,1,1,1,1,1,1,1,14,6,1,1,28,2,2,1
7,41,8,2010,4,3,4,2,2,1,4,1,1,1,1,1,1,1,19,6,1,1,33,2,2,0
7,41,8,2010,3,1,1,2,2,1,1,1,1,1,1,2,1,2,13,6,1,1,30,2,2,0
7,41,9,2010,3,3,1,2,2,1,1,1,1,1,1,1,1,1,14,6,1,3,50,2,2,0
7,41,9,2010,2,1,1,2,2,1,1,1,1,1,1,2,1,2,19,6,1,3,28,2,2,1
5,46,8,2010,3,1,1,2,2,1,1,1,1,1,1,2,1,2,4,6,1,1,27,2,2,0
5,46,8,2010,3,1,1,2,2,1,1,1,1,1,1,1,1,2,9,6,1,3,33,2,2,0
5,46,8,2010,1,1,1,2,2,1,4,1,1,1,1,1,1,2,19,6,1,1,33,2,2,0
5,46,9,2010,3,1,1,2,2,1,1,1,1,1,1,1,1,2,9,6,1,6,33,2,2,0
6,46,1,2010,4,1,1,2,2,1,3,1,1,1,1,1,1,1,19,6,1,3,33,2,2,0
6,46,3,2010,1,1,1,2,2,1,3,1,1,1,1,1,1,1,14,6,1,1,33,2,2,0
6,46,2,2010,1,1,1,2,2,1,1,1,1,1,1,1,1,1,14,6,1,1,30,2,2,0
6,46,4,2010,4,1,1,2,2,1,3,1,1,1,1,1,1,1,9,6,1,1,33,2,2,0
6,46,4,2010,1,2,1,2,2,1,3,1,1,1,1,1,1,1,14,6,1,1,33,2,2,0
6,46,9,2010,3,2,1,2,2,1,1,1,1,1,1,1,1,1,19,6,1,1,33,2,2,0
2,46,2,2010,1,1,1,2,2,1,4,1,1,1,1,2,1,2,19,6,1,1,33,2,2,0
2,46,5,2010,1,5,4,2,2,1,3,1,1,1,1,1,1,1,14,6,1,3,33,2,2,0
2,46,5,2010,3,1,1,2,2,1,1,1,1,1,1,1,1,2,19,6,1,3,33,2,2,0
2,46,7,2010,2,5,1,2,2,1,3,1,1,1,1,1,1,2,9,6,1,3,33,2,2,0
2,46,5,2010,3,1,1,2,2,1,1,1,1,1,1,1,1,1,19,6,1,3,33,2,2,0
1,46,1,2010,2,1,1,2,2,1,1,1,1,1,1,1,1,1,9,6,1,1,33,2,2,0
1,46,2,2010,3,2,1,2,2,1,1,1,1,1,1,1,1,2,9,6,1,3,33,2,2,0
1,46,3,2010,3,1,1,2,2,1,1,1,1,1,1,1,1,2,9,6,1,3,33,2,2,0
1,46,3,2010,2,2,3,2,2,1,1,1,1,1,1,1,1,2,9,6,1,1,33,2,2,0
1,46,4,2010,1,2,1,2,2,1,4,1,1,1,1,1,1,2,9,6,1,6,33,2,2,0
1,46,4,2010,3,2,1,2,2,1,1,1,1,1,1,1,1,1,9,6,1,6,33,2,2,0
1,46,4,2010,2,1,1,2,2,1,1,1,1,1,1,1,1,1,14,6,1,3,33,2,2,0
1,46,6,2010,2,3,1,2,2,1,1,1,1,1,1,1,1,2,9,6,1,1,33,2,2,0
1,46,4,2010,3,1,1,2,2,1,1,1,1,1,1,2,1,1,9,6,1,1,33,2,2,0
1,46,9,2010,2,1,1,2,2,1,1,1,1,1,1,1,1,1,9,6,1,1,33,2,2,0
1,46,9,2010,3,1,1,2,2,1,1,1,1,1,1,1,1,1,9,6,1,1,33,2,2,0
1,46,8,2010,2,1,1,2,2,1,1,1,1,1,1,1,1,1,9,6,1,1,33,2,2,0
1,50,8,2010,3,1,1,2,2,1,1,4,1,1,1,3,1,2,12,6,1,6,33,2,2,1
11,50,8,2010,3,1,1,2,2,1,1,1,1,1,1,2,1,1,9,6,1,1,33,2,2,0
7,44,8,2010,1,1,3,2,2,1,4,1,1,1,1,1,1,2,14,6,1,3,33,2,2,0
1,51,7,2010,4,1,1,2,2,1,4,2,2,3,2,4,2,2,19,6,2,6,28,2,2,0
7,51,7,2010,2,1,1,2,2,1,1,1,1,1,1,3,1,2,19,6,1,6,25,2,2,1
7,51,7,2010,2,1,1,2,2,1,1,1,1,1,1,4,1,2,19,6,2,6,27,2,2,0
3,51,7,2010,3,1,4,2,2,1,1,1,1,2,1,3,1,2,14,6,1,1,33,2,2,0
3,51,8,2010,2,1,1,2,2,1,1,1,1,1,1,4,1,2,9,6,1,1,33,2,2,0
4,51,8,2010,4,1,1,2,2,2,4,1,2,1,1,1,1,2,9,6,1,1,33,2,2,0
9,51,9,2010,4,1,1,2,2,1,4,1,1,1,1,2,1,2,19,6,1,3,33,2,2,0
7,47,8,2010,4,1,1,2,2,1,3,1,1,1,1,1,2,1,19,6,1,3,33,2,2,0
12,47,9,2010,2,1,1,2,2,1,1,1,1,1,1,1,1,2,14,6,1,1,33,2,2,0
5,47,9,2010,3,2,1,2,2,1,1,1,1,1,1,1,1,1,9,6,1,3,43,2,2,0
9,47,9,2010,1,1,1,2,2,1,2,1,1,1,1,1,1,1,9,6,2,1,33,2,2,0
6,38,9,2010,3,1,1,2,2,1,1,1,1,1,1,4,1,2,4,6,1,1,45,2,2,0
4,35,9,2010,2,1,1,2,2,1,2,1,1,1,1,2,1,2,9,6,1,6,33,2,2,0
1,40,8,2010,4,2,1,2,2,1,4,1,1,1,1,1,1,2,9,6,1,1,33,2,2,0
1,40,8,2010,1,2,1,2,2,1,4,1,1,1,1,1,2,2,9,6,1,1,33,2,2,0
3,40,8,2010,2,1,1,2,2,2,2,1,2,1,1,1,1,1,14,6,1,1,33,2,2,0
1,40,9,2010,2,2,1,2,2,1,1,3,1,1,1,1,1,2,9,6,1,3,35,2,2,0
1,40,9,2010,2,2,1,2,2,1,1,2,1,1,1,1,1,2,9,6,1,6,33,2,2,0
1,40,9,2010,1,2,3,2,2,1,3,1,1,1,1,1,2,2,19,6,1,1,33,2,2,0
1,40,9,2010,2,2,1,2,2,2,1,2,1,1,1,1,1,2,9,6,1,1,33,2,2,0
1,48,9,2010,4,1,1,2,2,1,4,1,1,1,1,5,1,1,19,6,1,3,33,2,2,0
3,48,8,2010,4,1,1,2,2,1,2,1,1,1,1,4,2,2,4,6,1,1,33,2,2,0
1,49,9,2010,4,1,1,2,2,1,4,1,1,1,1,3,1,2,14,6,1,6,33,2,2,0
3,49,9,2010,1,1,1,2,2,1,4,1,1,1,1,3,1,2,4,6,1,1,33,2,2,0
3,49,2,2010,2,1,1,2,2,1,4,1,1,1,1,3,1,2,14,6,1,1,33,2,2,0
6,51,1,2010,4,1,1,2,2,1,2,1,1,1,1,3,1,2,7,6,1,1,33,2,2,0
1,52,5,2010,3,3,1,2,2,1,1,1,1,1,1,2,1,2,6,6,1,3,26,2,2,0
3,52,6,2010,3,1,1,2,2,1,1,1,3,1,1,3,1,2,19,6,2,3,26,2,2,0
10,52,7,2010,2,1,1,2,2,1,1,1,1,1,1,3,1,2,7,6,1,1,25,2,2,0
4,44,9,2010,2,1,1,2,2,1,1,1,1,1,1,5,1,2,8,6,1,1,33,2,2,0
7,44,9,2010,4,1,1,2,2,1,1,1,1,1,1,1,1,1,19,6,1,3,33,2,2,0
5,44,9,2010,3,1,1,2,2,1,4,1,1,1,1,1,1,2,9,6,1,1,33,2,2,0
5,44,9,2010,3,1,1,2,2,1,1,1,1,1,1,1,1,2,19,6,1,1,33,2,2,0
5,44,9,2010,2,1,1,2,2,1,3,1,1,1,1,1,1,1,9,6,1,1,33,2,2,0
4,44,9,2010,4,1,3,2,2,1,3,1,1,1,1,5,1,2,14,6,1,1,33,2,2,0
4,44,10,2010,2,1,1,2,2,1,1,1,1,1,1,5,1,1,8,6,1,1,33,2,2,1
4,44,10,2010,4,1,1,2,2,1,2,1,1,1,1,5,1,1,9,6,1,1,33,2,2,0
7,44,6,2010,1,1,1,2,2,1,1,1,1,1,1,1,1,2,19,6,1,1,33,2,2,0
7,44,2,2010,4,1,1,2,2,1,3,1,1,1,1,1,1,1,19,6,1,1,33,2,2,0
1,51,11,2010,2,1,1,2,2,1,1,1,1,1,1,2,1,2,9,6,1,1,33,2,2,0
8,51,10,2010,2,1,1,2,2,1,1,1,1,1,1,4,1,2,12,6,1,3,33,2,2,0
10,52,10,2010,3,1,1,2,2,1,1,1,1,1,1,4,1,2,8,6,1,1,33,2,2,0
5,52,10,2010,2,1,1,2,2,1,1,2,1,1,1,3,1,2,19,6,1,1,33,2,2,0
1,41,10,2010,4,3,1,2,2,1,3,1,1,1,1,1,1,1,9,6,1,1,33,2,2,0
7,41,10,2010,4,1,3,2,2,1,3,1,1,1,1,1,1,1,19,6,1,1,33,2,2,0
7,41,10,2010,3,1,1,2,2,1,1,1,1,1,1,1,1,1,9,6,1,1,33,2,2,0
6,41,10,2010,2,1,1,2,2,1,1,1,1,1,1,1,1,2,14,6,1,1,33,2,2,1
2,49,10,2010,2,1,1,2,2,1,1,1,1,1,1,3,1,2,5,6,1,3,33,2,2,1
12,47,10,2010,2,1,1,2,2,1,1,1,1,1,1,1,1,2,9,6,1,6,33,2,2,1
12,47,10,2010,4,1,1,2,2,1,4,1,1,1,1,1,1,2,14,6,1,1,33,2,2,0
1,47,10,2010,1,1,1,2,2,1,3,1,1,1,1,1,1,2,19,6,1,1,33,2,2,0
4,35,10,2010,2,1,1,2,2,1,1,1,1,1,1,1,1,2,7,6,1,1,33,2,2,1
1,38,10,2010,1,1,1,2,2,1,2,1,1,1,1,1,1,2,19,6,1,1,33,2,2,0
1,38,10,2010,1,1,1,2,2,1,4,1,1,1,1,1,1,2,19,6,1,1,33,2,2,0
1,45,10,2010,3,1,1,2,2,1,1,1,1,1,1,1,1,1,9,6,1,1,45,2,2,0
4,44,11,2010,3,1,1,2,2,1,1,1,1,1,1,5,1,2,8,6,1,1,29,2,2,0
4,44,11,2010,3,1,1,2,2,1,1,1,1,1,1,2,1,2,15,6,1,1,33,2,2,0
6,44,11,2010,2,1,1,2,2,1,1,1,1,1,1,1,2,1,14,6,1,1,30,2,2,0
7,44,11,2010,3,1,1,2,2,1,1,1,1,1,1,1,1,2,8,6,1,4,35,2,2,0
7,44,11,2010,2,1,1,2,2,1,1,1,1,1,1,1,1,2,9,6,1,1,33,2,2,0
9,47,10,2010,4,1,1,2,2,1,4,1,1,1,1,1,1,2,14,6,1,1,30,2,2,0
8,47,11,2010,4,1,1,2,2,1,2,1,1,1,1,1,1,2,9,6,1,1,40,2,2,0
12,47,11,2010,3,1,1,2,2,1,1,1,1,1,1,1,1,2,14,6,2,5,33,2,2,0
12,47,11,2010,2,1,1,2,2,1,1,1,1,1,1,1,1,2,9,6,1,1,33,2,2,0
9,47,11,2010,2,1,1,2,2,1,1,1,1,1,1,1,1,2,19,6,1,1,33,2,2,0
1,35,11,2010,2,1,1,2,2,1,1,1,1,1,1,2,1,2,8,6,1,1,60,2,2,0
5,45,10,2010,4,1,1,2,2,1,1,1,1,1,1,1,1,1,9,6,1,1,33,2,2,0
2,45,11,2010,1,1,1,2,2,1,2,1,1,1,1,1,1,2,19,6,1,1,33,2,2,0
7,41,11,2010,3,1,1,2,2,1,1,1,1,1,1,1,1,1,15,6,1,1,33,2,2,0
7,41,11,2010,3,1,1,2,2,1,1,1,1,1,1,1,1,1,14,6,1,1,33,2,2,0
1,38,11,2010,2,1,1,2,2,1,1,1,1,1,1,1,1,1,9,6,1,1,33,2,2,1
3,38,11,2010,2,1,1,2,2,1,1,2,1,1,1,1,1,2,9,2,1,1,33,2,2,0
7,41,12,2010,1,1,1,2,2,1,3,1,1,1,1,2,1,1,6,6,1,1,33,2,2,0
7,41,12,2010,1,3,1,2,2,1,3,1,1,1,1,2,1,1,19,6,1,1,33,2,2,0
7,41,12,2010,4,1,1,2,2,1,4,1,1,1,1,1,1,2,9,6,1,1,33,2,2,0
7,41,12,2010,2,1,1,2,2,1,1,1,1,1,1,2,1,1,8,6,1,1,33,2,2,1
7,41,12,2010,3,1,3,2,2,1,1,3,1,1,1,2,1,1,8,6,1,1,33,2,2,0
7,41,12,2010,4,1,1,2,2,1,3,1,1,1,1,1,1,1,15,6,1,3,33,2,2,0
1,51,12,2010,2,1,1,2,2,1,1,1,1,1,1,2,1,2,9,6,1,1,33,2,2,0
7,41,12,2010,2,1,1,2,2,4,1,1,1,1,1,4,1,2,6,6,2,6,32,2,2,0
2,51,12,2010,3,1,1,2,2,1,1,3,1,3,2,4,1,2,17,6,1,1,26,2,2,0
1,48,10,2010,3,3,1,2,2,1,1,1,1,1,1,3,1,1,9,6,1,1,33,2,2,1
1,48,11,2010,3,1,1,2,2,1,1,1,1,1,1,1,1,2,14,6,1,3,33,2,2,0
1,48,11,2010,1,1,1,2,2,4,2,1,1,1,1,1,1,2,13,6,1,3,33,2,2,0
2,48,11,2010,2,1,1,2,2,1,1,1,1,1,1,3,1,2,4,6,1,1,22,2,2,1
3,48,9,2010,2,1,1,2,2,1,1,1,1,1,1,4,1,2,1,6,1,1,14,2,2,3
1,40,11,2010,2,1,1,2,2,1,1,2,1,1,1,3,1,2,6,6,1,6,24,2,2,0
1,40,12,2010,3,1,1,2,2,1,1,4,1,1,1,1,1,2,9,6,1,4,33,2,2,0
5,50,11,2010,3,1,1,2,2,1,1,1,1,1,1,2,1,2,19,6,1,3,33,2,2,0
4,50,12,2010,3,3,1,2,2,1,1,1,1,1,1,3,1,2,8,6,1,3,33,2,2,0
12,50,12,2010,4,1,1,2,2,1,4,1,1,1,1,1,1,2,19,6,1,3,33,2,2,0
12,50,12,2010,4,1,1,2,2,1,4,1,1,1,1,1,1,2,19,6,1,3,33,2,2,0
6,50,12,2010,3,1,1,2,2,1,1,2,1,3,2,4,1,2,13,7,1,1,25,2,2,0
7,38,12,2010,3,1,1,2,2,1,1,1,1,1,1,1,1,1,7,6,1,1,33,2,2,1
3,38,12,2010,4,1,1,2,2,1,2,1,1,1,1,1,1,2,9,6,1,1,39,2,2,0
6,38,12,2010,1,1,1,2,2,1,1,1,1,1,1,1,1,2,12,6,1,3,33,2,2,0
3,38,12,2010,2,1,1,2,2,1,1,1,1,1,1,1,1,2,14,6,2,4,33,2,2,1
1,38,12,2010,2,1,1,2,2,1,1,2,1,1,1,3,1,2,4,6,1,1,22,2,2,1
2,43,11,2010,3,1,1,2,2,1,1,1,1,1,1,1,1,2,7,3,1,1,33,2,2,0
3,43,11,2010,4,2,1,2,2,1,2,1,1,1,1,1,1,2,9,6,1,1,33,2,2,0
1,43,11,2010,2,1,1,2,2,1,1,1,1,1,2,5,1,2,14,6,2,1,26,2,2,0
4,44,12,2010,2,1,1,2,2,1,1,1,1,1,1,2,1,1,9,6,1,3,33,2,2,0
4,44,12,2010,1,1,1,2,2,4,4,1,1,1,1,2,1,2,14,6,1,3,33,2,2,0
6,44,12,2010,3,1,1,2,2,1,1,1,1,1,1,3,1,1,14,6,1,3,46,2,2,0
7,44,11,2010,3,1,1,2,2,1,1,1,1,1,1,1,1,1,13,6,1,3,33,2,2,0
5,44,9,2010,1,3,1,2,2,1,4,1,1,1,1,1,1,1,14,6,1,6,33,2,2,0
3,38,11,2010,3,1,1,2,2,1,1,1,1,1,1,1,2,2,7,6,1,1,33,2,2,1
6,44,2,2010,1,3,1,2,2,1,4,1,1,1,1,1,1,1,9,6,1,1,33,2,2,1
7,44,3,2010,2,2,3,2,2,1,1,1,1,1,1,1,1,1,14,9,1,1,38,2,2,0
1,40,4,2010,3,1,1,2,2,1,1,1,1,1,1,2,1,2,9,2,1,6,26,2,2,1
7,41,8,2010,3,1,1,2,2,1,1,1,1,1,1,2,1,2,12,6,1,3,33,2,2,0
1,39,2,2010,1,2,1,2,2,4,4,1,1,1,1,2,1,2,14,6,2,6,33,2,2,0
1,39,2,2010,4,1,1,2,2,1,4,1,1,1,1,1,1,2,7,6,1,1,33,2,2,0
12,47,12,2010,4,3,1,2,2,1,3,1,1,1,1,1,1,1,19,6,1,1,33,2,2,0
4,36,1,2010,3,1,1,2,2,1,1,1,1,1,1,1,1,2,9,6,1,6,33,2,2,0
4,38,6,2010,4,1,1,1,1,1,4,1,1,1,1,4,2,2,9,1,1,1,33,2,2,0
6,46,5,2010,4,1,3,2,2,1,1,1,1,1,1,1,1,1,7,6,1,7,18,2,2,0
6,46,5,2010,2,1,1,2,2,1,1,1,1,1,1,1,1,1,9,6,1,7,33,2,2,0
6,46,2,2010,4,1,3,2,2,1,1,1,1,1,1,1,1,1,19,6,1,7,33,2,2,0
5,46,12,2010,1,1,1,2,2,1,4,1,1,1,1,1,1,1,14,6,1,6,33,2,2,0
1,49,11,2010,3,1,1,2,2,1,1,3,1,3,2,4,1,2,6,6,2,6,25,2,2,0
1,47,3,2010,3,1,1,2,2,1,1,1,1,1,1,1,1,2,9,6,1,3,35,2,2,1
4,37,7,2010,2,1,1,1,2,2,1,1,2,1,1,2,1,2,8,6,1,1,35,2,2,0
7,41,10,2010,3,2,4,2,2,1,1,1,1,1,1,1,1,2,14,6,1,1,33,1,1,0
1,41,12,2010,1,1,1,2,2,4,4,1,1,1,1,1,1,2,9,6,1,3,33,2,2,0
1,38,8,2010,4,1,1,2,2,1,1,1,1,1,1,2,1,2,9,6,1,1,33,2,2,1
7,44,11,2010,3,1,1,2,2,1,1,1,1,1,1,1,1,2,8,5,1,6,40,2,2,0
12,50,8,2010,2,1,1,2,2,2,1,1,1,1,1,1,1,2,9,5,1,1,33,2,2,0
2,46,9,2010,3,5,4,2,2,1,1,1,1,1,1,1,1,2,19,6,1,3,33,2,2,1
1,45,9,2010,2,1,1,2,2,1,1,1,1,1,1,3,2,2,9,6,1,3,33,2,2,0
6,40,9,2010,2,2,4,2,2,1,1,1,1,1,1,1,1,2,12,6,1,1,35,2,2,0
16,42,1,2010,3,7,8,1,1,1,1,1,1,1,1,5,1,1,4,6,1,7,19,2,2,1
11,42,1,2010,2,5,4,1,1,1,1,1,1,1,1,5,1,1,8,6,1,1,34,2,2,1
34,42,1,2010,2,3,4,2,1,1,1,1,1,1,1,1,1,1,9,6,1,1,38,2,2,1
34,42,1,2010,4,1,1,2,1,1,4,1,1,1,1,5,1,1,14,6,1,1,32,2,2,0
28,42,1,2010,1,1,1,1,1,1,3,1,1,1,1,5,1,1,9,6,1,1,33,2,2,0
37,42,1,2010,4,3,4,2,1,1,3,1,1,1,1,1,1,1,9,6,1,1,45,1,2,1
37,42,1,2010,3,1,6,2,1,1,1,1,1,1,1,1,1,1,9,6,1,1,35,1,2,0
33,42,1,2010,2,3,4,2,1,1,2,1,1,1,1,5,1,1,10,6,1,2,33,1,0,0
9,42,1,2010,3,1,1,2,1,1,1,1,1,1,1,5,1,1,10,6,1,1,45,2,2,0
9,42,1,2010,4,1,4,2,1,1,3,1,1,1,1,5,1,1,4,6,1,1,30,2,1,0
12,42,1,2010,3,1,1,2,1,1,1,1,1,1,1,1,1,1,10,6,1,2,33,1,0,0
12,42,1,2010,3,3,4,2,1,1,1,1,1,1,1,5,1,1,7,6,1,1,32,2,2,1
12,42,1,2010,2,1,1,2,1,1,1,1,1,1,1,5,1,1,14,6,1,1,42,1,2,2
24,42,1,2010,4,1,1,2,2,1,1,1,1,1,1,1,1,1,19,6,1,1,35,2,2,0
22,42,1,2010,1,3,1,2,1,1,3,1,1,1,1,1,1,1,10,6,1,2,33,1,0,0
22,42,1,2010,1,1,1,2,1,1,4,1,1,1,1,1,1,1,10,6,1,2,33,1,0,0
22,42,1,2010,2,3,4,2,1,4,1,1,1,1,1,1,1,1,10,6,1,2,33,1,0,0
22,42,1,2010,4,1,1,2,1,1,4,1,1,1,1,1,1,1,10,6,1,2,33,1,0,0
22,42,1,2010,4,1,1,2,1,1,4,1,1,1,1,1,1,1,9,6,1,1,40,2,2,0
35,42,1,2010,3,1,1,2,2,1,1,1,1,1,1,1,1,1,9,6,1,1,40,2,2,0
10,42,2,2010,2,3,4,1,1,1,1,1,1,1,1,5,1,1,6,6,1,2,33,1,0,1
26,42,1,2010,1,3,4,1,1,1,1,1,1,1,1,5,1,1,10,6,1,2,33,1,0,0
3,42,2,2010,3,1,1,1,1,1,1,1,1,1,1,1,1,1,9,6,1,1,35,2,2,0
17,42,2,2010,1,1,1,2,2,1,2,1,1,1,1,5,1,1,10,6,1,2,33,1,0,0
12,42,2,2010,1,2,4,2,1,3,1,1,1,1,1,5,1,1,10,6,1,1,40,2,2,2
23,42,2,2010,4,1,1,1,1,1,3,1,1,1,1,1,1,1,10,6,1,2,33,1,0,0
37,42,2,2010,1,1,8,2,1,1,2,1,1,1,1,5,1,1,7,6,1,1,30,2,2,2
37,42,2,2010,2,1,6,1,1,1,1,1,1,1,1,5,1,1,8,6,1,1,40,2,2,0
37,42,2,2010,2,1,1,2,1,1,1,1,1,1,1,5,1,1,9,6,1,1,35,2,2,1
9,42,2,2010,2,1,4,2,1,1,1,1,1,1,1,5,1,1,9,6,1,1,35,2,2,0
9,42,2,2010,2,2,4,2,1,1,1,1,1,1,1,5,1,1,6,6,1,1,38,2,2,2
22,42,2,2010,4,1,1,2,1,1,3,1,1,1,1,1,1,1,10,6,1,1,32,2,2,0
22,42,2,2010,1,1,1,1,1,1,2,1,1,1,1,1,1,1,10,6,1,2,33,1,0,0
22,42,2,2010,2,1,8,1,1,1,4,1,1,1,1,1,1,1,19,6,1,2,33,1,0,0
22,42,2,2010,4,2,4,2,1,1,1,1,1,1,1,1,1,1,9,6,1,1,34,2,2,2
14,42,2,2010,1,3,1,2,2,1,3,1,1,1,1,1,1,1,10,6,1,2,33,1,0,0
14,42,2,2010,4,1,1,2,2,1,4,1,1,1,1,1,1,1,10,6,1,2,33,1,0,0
17,42,3,2010,3,1,1,2,1,1,1,1,1,1,1,5,1,1,9,6,1,1,35,2,2,1
33,42,3,2010,4,1,4,2,1,1,3,1,1,1,1,5,1,1,14,6,1,1,38,1,2,1
35,42,3,2010,2,1,1,2,2,1,1,1,1,1,1,1,1,1,14,6,1,1,40,2,2,0
28,42,3,2010,3,2,4,1,1,1,1,1,1,1,1,5,1,1,10,6,1,1,30,2,2,2
37,42,3,2010,3,1,4,2,2,1,1,1,1,1,1,5,1,1,10,6,1,1,21,2,2,1
37,42,3,2010,4,1,5,2,1,1,2,1,1,1,1,5,1,1,9,6,1,1,38,2,2,0
10,42,3,2010,1,3,4,1,1,1,3,1,1,1,1,5,1,1,14,6,1,1,42,2,2,1
10,42,3,2010,1,1,1,2,2,1,4,1,1,1,1,5,1,1,10,6,1,2,33,1,0,0
7,42,3,2010,4,1,1,2,2,1,4,1,1,1,1,5,1,1,6,6,1,1,18,2,2,0
9,42,3,2010,4,1,4,2,1,1,3,1,1,1,1,5,1,1,11,6,1,1,37,1,2,1
11,42,3,2010,4,1,1,1,1,1,2,1,1,1,1,5,1,1,8,6,1,2,33,1,0,0
3,42,3,2010,1,1,1,1,1,1,3,1,1,1,1,1,1,1,14,6,1,1,40,2,2,0
3,42,3,2010,4,1,1,1,1,1,3,1,1,1,1,1,1,1,10,6,1,2,33,1,0,0
3,42,3,2010,1,1,1,2,2,1,3,1,1,1,1,1,1,1,10,6,1,2,33,1,0,0
15,42,3,2010,2,1,1,2,1,1,1,1,1,1,1,5,1,1,10,6,1,2,33,1,0,0
15,42,3,2010,2,1,1,2,2,1,1,1,1,1,1,5,1,1,7,6,1,1,35,2,2,0
15,42,3,2010,2,1,1,2,2,1,1,1,1,1,1,2,1,1,12,6,1,1,35,2,2,0
22,42,3,2010,1,1,1,2,1,1,1,1,1,1,1,1,1,1,10,6,1,2,33,1,0,0
6,42,4,2010,2,1,1,2,2,1,1,1,1,1,1,2,1,1,9,6,1,1,40,2,2,0
17,42,4,2010,4,1,1,2,2,1,4,1,1,1,1,5,1,1,10,6,1,2,33,1,0,0
34,42,4,2010,1,1,4,2,1,1,3,1,1,1,1,5,1,1,10,6,1,2,33,1,0,0
11,42,4,2010,4,1,1,1,1,1,2,1,1,1,1,5,1,1,8,6,1,1,35,2,2,0
9,42,4,2010,1,1,1,2,2,1,2,1,1,1,1,5,1,1,10,6,1,2,33,1,0,0
3,42,4,2010,1,1,1,1,1,1,1,1,1,1,1,1,1,1,14,6,1,2,33,1,0,0
32,42,3,2010,1,1,1,2,2,1,4,1,1,1,1,5,1,1,14,6,1,1,38,2,2,1
32,42,3,2010,1,2,1,1,1,1,3,1,1,1,1,5,1,1,10,6,1,1,28,1,2,0
37,42,4,2010,1,3,6,2,1,1,1,1,1,1,1,5,1,1,9,1,1,1,23,1,2,1
37,42,4,2010,3,3,6,2,1,1,1,1,1,1,1,5,1,1,9,6,1,1,35,1,2,0
18,42,4,2010,1,1,1,2,2,1,3,1,1,1,1,5,1,1,9,7,1,1,40,1,2,0
18,42,3,2010,3,1,1,2,2,1,1,1,1,1,1,5,1,1,10,6,1,1,32,2,2,1
23,42,3,2010,4,1,1,1,1,1,3,1,1,1,1,1,1,1,10,6,1,2,33,1,0,0
23,42,3,2010,1,1,1,1,1,1,3,1,1,1,1,1,1,1,10,6,1,2,33,1,0,0
15,42,4,2010,4,1,1,2,2,1,1,1,1,1,1,2,1,1,9,6,1,1,40,2,2,0
15,42,4,2010,1,1,1,2,2,1,4,1,1,1,1,2,1,1,14,6,1,1,43,1,2,0
15,42,4,2010,2,1,1,2,2,1,1,1,1,1,1,5,1,1,9,6,1,1,42,2,2,0
12,42,4,2010,1,1,1,2,2,1,2,1,1,1,1,5,1,1,10,6,1,2,33,1,0,0
12,42,4,2010,4,1,1,2,1,1,2,1,1,1,1,5,1,1,10,6,1,2,33,1,0,2
12,42,4,2010,4,2,4,2,1,1,3,1,1,1,1,1,5,1,14,6,1,1,42,1,2,3
27,42,5,2010,4,1,1,1,1,1,3,1,1,1,1,5,1,1,9,6,1,1,40,1,2,0
39,42,5,2010,3,1,1,1,1,1,1,1,1,1,1,5,1,1,8,6,1,1,27,2,2,0