Thana,District,Month,Year,Time,Junction_Type,Traffic_Control,Movement,Divider,Weather,Light,Road_Geometry,Surface_Condition,Surface_Type,Surface_Quality,Road_Class,Road_Feature,Location_Type,Vehicle_Type,Vehicle_Movement,Vehicle_Loading,Vehicle_Defect,Vehicle_Driver_Age,Vehicle_Alcohol,Vehicle_Seat_Belt,Accident_Severity
28,42,5,2010,1,1,1,1,1,1,2,1,1,1,1,5,1,1,10,6,1,2,33,1,0,0
5,42,5,2010,3,1,8,2,2,1,3,1,5,1,1,5,1,1,8,6,1,1,40,2,2,1
24,42,5,2010,4,1,1,2,2,1,1,1,1,1,1,1,1,1,19,6,1,7,33,1,2,0
33,42,5,2010,2,1,1,1,1,1,3,1,1,1,1,1,1,1,9,6,1,1,30,2,2,0
33,42,5,2010,3,3,4,2,2,1,1,1,1,1,1,1,1,1,19,6,1,1,40,2,2,0
35,42,5,2010,2,7,4,2,1,1,2,1,1,1,1,1,1,1,10,6,1,2,33,1,0,0
15,42,5,2010,2,1,1,2,2,1,1,1,1,1,1,3,1,1,19,6,1,1,32,2,2,0
15,42,5,2010,2,1,1,2,1,1,1,1,1,1,1,5,1,1,19,6,1,1,40,2,2,0
12,42,5,2010,4,1,1,2,1,1,3,1,1,1,1,1,1,1,9,6,1,2,33,1,0,0
12,42,5,2010,3,1,1,2,1,1,1,1,1,1,1,1,1,1,10,6,1,1,30,2,2,1
12,42,4,2010,3,1,1,1,1,1,2,1,1,1,1,2,1,1,10,6,1,1,40,1,2,2
37,42,5,2010,2,1,1,2,1,1,1,1,1,1,1,5,1,1,10,6,1,1,26,2,2,1
13,42,3,2010,4,1,1,2,2,1,3,1,1,1,1,5,1,1,10,6,1,1,38,1,2,0
13,42,5,2010,1,1,1,1,1,1,3,1,1,1,1,1,1,1,10,6,1,2,33,1,0,0
22,42,2,2010,4,1,1,1,1,1,1,1,1,1,1,1,1,1,10,6,1,2,33,1,0,0
22,42,3,2010,3,1,4,2,1,1,1,1,1,1,1,1,1,1,19,6,1,1,40,1,2,0
22,42,3,2010,3,1,4,2,1,1,1,1,1,1,1,1,1,1,19,6,1,2,33,1,0,0
22,42,3,2010,1,2,4,2,1,1,1,1,1,1,1,1,1,1,14,6,1,7,33,2,2,0
22,42,3,2010,2,1,1,2,2,1,1,1,1,1,1,5,1,1,14,6,1,1,40,2,2,0
22,42,5,2010,2,1,4,2,1,1,1,1,1,1,1,1,1,1,8,6,1,1,40,2,2,0
22,42,5,2010,3,1,1,2,1,1,1,1,1,1,1,1,1,1,7,6,1,1,30,2,2,0
36,42,1,2010,4,1,1,2,2,1,2,1,1,1,1,2,1,1,4,6,1,1,20,2,1,0
36,42,3,2010,4,3,4,2,1,1,3,3,1,1,1,5,1,1,14,6,1,1,35,2,2,1
36,42,3,2010,4,3,4,1,1,1,3,1,1,1,1,5,1,1,14,6,1,1,25,2,2,0
36,42,4,2010,4,1,4,2,1,1,3,1,1,1,1,5,1,1,8,6,1,1,30,2,2,0
5,42,6,2010,2,1,1,1,1,1,1,1,1,1,1,5,1,1,14,6,1,1,30,2,2,0
7,42,4,2010,3,1,1,1,1,1,1,1,1,1,1,5,1,1,8,6,1,1,30,2,2,0
3,42,6,2010,4,1,4,2,1,1,3,1,1,1,1,1,1,1,9,6,1,1,32,2,2,0
17,42,5,2010,3,1,1,2,1,1,1,1,1,1,1,5,1,1,10,6,1,2,33,1,0,1
37,42,5,2010,1,1,1,2,2,1,2,1,1,1,1,5,1,1,19,6,1,1,34,2,2,0
21,42,5,2010,3,1,1,2,2,1,1,1,1,1,1,2,1,1,8,5,1,1,25,2,2,0
35,42,6,2010,1,1,1,2,2,1,1,1,1,1,1,1,1,1,10,6,1,2,33,1,0,0
41,42,6,2010,3,1,1,1,1,1,1,1,1,1,1,5,1,1,8,6,1,1,30,2,2,0
34,42,5,2010,2,1,1,2,1,1,3,1,1,1,1,5,1,1,10,6,1,2,33,1,0,0
34,42,6,2010,4,3,4,2,1,1,3,1,1,1,1,1,1,1,8,6,1,1,30,2,2,1
10,42,4,2010,2,3,4,1,1,1,2,1,1,1,1,2,1,1,10,6,1,1,30,2,2,1
10,42,5,2010,3,1,1,2,2,1,2,1,1,1,1,5,1,1,10,6,1,1,18,2,2,3
9,42,6,2010,3,1,1,1,1,1,1,1,1,1,1,5,1,1,8,6,1,1,35,2,2,0
4,42,5,2010,1,2,1,1,1,1,2,1,1,1,1,5,1,1,10,6,1,2,33,1,0,0
4,42,5,2010,1,1,1,1,1,1,4,1,1,1,1,5,1,1,14,6,1,1,40,1,2,0
4,42,5,2010,2,1,1,1,1,1,1,1,1,1,1,5,1,1,8,6,1,1,30,2,2,0
12,42,6,2010,2,1,1,2,1,1,3,1,1,1,1,5,1,1,10,6,1,1,30,1,2,0
12,42,6,2010,4,1,1,2,1,1,3,1,1,1,1,5,1,1,10,6,1,1,32,2,2,0
29,42,4,2010,4,2,6,1,1,1,3,1,1,1,1,5,1,1,9,6,1,1,26,2,2,0
22,42,6,2010,4,1,1,2,1,1,3,1,1,1,1,1,1,1,14,6,1,1,40,1,2,0
22,42,6,2010,1,1,1,2,1,1,2,1,1,1,1,1,1,1,10,6,1,2,33,1,0,0
2,42,1,2010,4,1,1,1,1,1,3,1,1,1,1,5,1,1,14,6,1,1,45,2,2,0
2,42,4,2010,2,1,4,1,1,1,1,1,1,1,1,5,1,1,9,6,1,3,32,2,2,0
2,42,5,2010,2,1,4,1,1,1,1,1,1,1,1,5,1,1,10,6,1,3,35,2,2,0
32,42,6,2010,4,2,4,1,1,1,3,1,1,1,1,5,1,1,8,6,1,1,38,2,2,1
1,42,1,2010,1,1,1,2,1,1,3,1,1,1,1,1,1,1,14,6,1,1,40,1,2,0
1,42,2,2010,2,1,4,2,1,1,1,1,1,1,1,5,1,1,9,6,1,1,28,2,2,0
1,42,6,2010,1,1,1,2,1,1,3,1,1,1,1,5,1,1,9,6,1,1,32,2,2,0
1,42,6,2010,1,1,1,1,1,1,1,1,1,1,1,5,1,1,14,6,1,1,38,1,2,0
14,42,2,2010,1,1,1,1,1,1,3,1,1,1,1,1,1,1,10,6,1,2,33,1,0,0
14,42,2,2010,4,1,1,2,1,1,3,3,1,1,1,1,1,1,7,6,1,1,30,1,2,0
14,42,3,2010,4,1,1,1,1,1,2,1,1,1,1,1,1,1,9,6,1,1,30,1,2,0
14,42,3,2010,4,1,1,2,1,1,3,1,1,1,1,1,1,1,10,6,1,2,33,1,0,0
14,42,4,2010,3,1,1,2,1,1,1,1,1,1,1,1,1,1,9,6,1,1,38,2,2,0
14,42,4,2010,4,1,4,1,1,1,3,1,1,1,1,1,1,1,12,6,1,1,32,2,2,0
14,42,4,2010,4,1,1,1,1,1,3,1,1,1,1,1,1,1,9,6,1,1,45,2,2,0
14,42,4,2010,3,1,1,2,1,1,1,1,1,1,1,1,1,1,10,6,1,2,33,1,0,0
14,42,4,2010,4,1,1,1,1,1,2,1,1,1,1,1,1,1,7,6,1,6,23,2,2,0
14,42,5,2010,2,2,4,2,1,1,1,1,1,1,1,1,1,1,10,6,1,2,33,1,0,0
14,42,5,2010,3,1,1,2,2,1,1,1,1,1,1,5,1,1,9,6,1,1,28,2,2,0
14,42,5,2010,4,1,1,1,1,1,3,1,1,1,1,1,1,1,19,6,1,2,33,2,2,0
13,42,6,2010,4,3,8,1,1,1,3,1,1,1,1,1,1,1,9,6,1,1,35,1,2,0
5,42,7,2010,2,1,1,2,2,1,1,1,1,1,1,5,1,1,14,6,1,1,34,2,2,0
38,42,7,2010,1,1,1,2,2,1,4,1,1,1,1,5,1,1,14,6,1,7,33,1,0,0
7,42,7,2010,4,2,4,2,2,1,2,1,1,1,1,5,1,1,5,6,2,1,35,2,2,3
18,42,7,2010,1,1,1,1,1,1,3,3,1,1,1,1,1,1,19,6,1,2,33,1,0,0
3,42,7,2010,3,3,4,2,1,1,1,1,1,1,1,1,1,1,9,6,1,1,32,1,2,1
24,42,7,2010,2,1,5,2,2,2,1,1,1,1,1,4,1,1,14,6,1,1,40,1,2,0
23,42,6,2010,4,1,1,1,1,1,3,1,1,1,1,1,1,1,10,6,1,2,33,1,0,0
15,42,6,2010,2,1,1,2,2,1,1,2,1,1,1,5,1,1,10,6,1,2,33,1,0,0
15,42,6,2010,2,1,2,2,1,1,3,1,1,1,1,5,1,1,9,6,1,2,33,1,0,0
19,42,4,2010,2,1,1,2,2,1,1,1,1,1,1,2,1,1,10,6,1,1,32,2,2,0
19,42,4,2010,1,1,1,2,2,1,1,1,1,1,1,5,1,1,19,6,1,1,40,2,2,0
37,42,6,2010,2,1,1,2,1,1,1,1,1,1,1,5,1,1,11,6,1,1,35,1,2,0
37,42,7,2010,1,1,4,2,1,1,2,1,1,1,1,2,1,1,19,6,1,1,40,2,2,0
37,42,7,2010,2,1,1,2,1,1,1,1,1,1,1,5,1,1,9,6,1,1,34,1,2,1
37,42,7,2010,2,1,1,2,1,1,1,1,1,1,1,5,1,1,13,6,1,1,38,2,2,1
14,42,6,2010,3,1,1,1,1,1,1,1,1,1,1,1,1,1,4,6,1,1,35,2,1,0
14,42,6,2010,2,1,1,1,1,1,2,1,1,1,1,1,1,1,12,6,1,1,30,1,2,0
14,42,7,2010,4,2,4,1,1,2,2,1,2,1,1,1,1,1,8,6,1,1,40,1,2,1
14,42,7,2010,1,7,8,2,1,1,2,1,1,1,1,5,1,1,14,6,1,7,45,1,2,1
12,42,7,2010,3,1,1,2,1,1,1,1,1,1,1,5,1,1,9,6,1,1,38,2,2,1
12,42,7,2010,4,1,1,1,1,1,1,3,1,1,1,5,1,1,9,6,1,1,30,2,2,1
12,42,7,2010,4,3,1,2,2,1,3,1,1,1,1,5,1,1,10,6,1,1,30,2,2,0
12,42,7,2010,2,1,1,2,1,1,2,1,1,1,1,5,1,1,10,6,1,1,34,1,2,0
11,42,8,2010,2,1,1,1,1,1,1,1,1,1,1,1,1,1,10,6,1,1,30,1,2,0
34,42,7,2010,4,1,4,2,1,1,3,1,1,1,1,1,1,1,9,6,1,1,35,2,2,1
26,42,5,2010,5,1,8,2,2,1,4,1,1,1,1,5,1,1,10,6,1,2,33,1,0,0
2,42,7,2010,1,3,4,1,1,1,1,1,1,1,1,5,1,1,14,6,1,7,35,1,2,0
21,42,7,2010,4,1,4,2,2,1,4,3,1,1,1,1,1,1,10,6,1,1,40,2,2,0
37,42,7,2010,5,3,4,1,1,1,3,1,1,1,1,5,1,1,10,6,1,2,33,1,0,0
37,42,8,2010,2,3,4,1,1,1,1,1,1,1,1,5,1,1,9,6,1,1,32,1,2,1
37,42,8,2010,3,1,1,2,1,1,1,1,1,1,1,5,1,1,4,6,1,1,32,1,2,1
33,42,7,2010,3,2,3,2,1,1,1,1,1,1,1,5,1,1,9,6,1,1,35,2,2,1
33,42,8,2010,4,3,1,2,2,1,3,1,1,1,1,5,1,1,14,6,1,7,42,1,2,0
33,42,8,2010,2,1,1,2,2,1,1,1,1,1,1,1,1,1,5,6,1,7,20,2,2,0
12,42,8,2010,1,2,4,2,1,1,1,1,1,1,1,5,1,1,10,6,1,1,27,2,2,1
12,42,8,2010,4,1,1,1,1,1,3,1,1,1,1,1,1,1,9,6,1,2,33,1,0,0
14,42,8,2010,1,2,1,1,1,1,3,1,1,1,1,1,1,1,10,6,1,2,33,1,0,0
14,42,8,2010,2,1,1,2,2,1,1,1,1,1,1,1,1,1,13,6,1,1,38,1,2,0
14,42,8,2010,2,2,4,1,1,1,1,1,1,1,1,1,1,1,14,6,1,1,43,1,2,0
25,42,4,2010,3,1,1,2,2,1,2,1,1,1,1,5,1,1,10,6,1,2,33,1,0,0
25,42,8,2010,4,1,1,2,2,1,4,2,1,1,1,5,1,1,9,6,1,1,35,2,2,0
25,42,8,2010,3,1,1,1,1,1,1,1,1,1,1,5,1,1,9,6,1,2,30,2,2,0
22,42,8,2010,2,1,1,2,1,1,1,1,1,1,1,1,1,1,10,6,1,2,33,1,0,0
22,42,8,2010,2,2,4,2,1,1,1,1,1,1,1,1,1,1,9,6,1,7,38,2,2,1
22,42,8,2010,1,1,1,2,1,1,2,1,1,1,1,1,1,1,10,6,1,2,33,1,0,0
22,42,8,2010,1,1,1,2,1,1,1,1,1,1,1,1,1,1,9,6,1,1,42,2,2,0
15,42,5,2010,4,1,1,2,1,1,3,1,1,1,1,5,1,1,9,6,1,7,33,1,1,0
15,42,7,2010,4,1,1,2,1,1,3,1,1,1,1,5,1,1,9,6,1,1,34,2,2,0
15,42,8,2010,2,1,2,2,1,1,1,1,1,1,1,5,1,1,8,6,1,5,27,1,2,0
15,42,8,2010,4,1,1,2,2,1,4,1,1,1,1,5,1,1,10,6,1,2,33,1,0,0
9,42,7,2010,4,1,4,2,1,1,3,1,1,1,1,5,1,1,9,6,1,1,28,2,2,2
9,42,7,2010,3,1,4,2,1,1,1,1,1,1,1,5,1,1,9,6,1,1,24,2,2,1
1,42,7,2010,4,1,1,1,1,1,3,1,1,1,1,5,1,1,9,6,1,1,29,2,2,0
1,42,7,2010,1,2,4,1,1,1,3,1,1,1,1,5,1,1,14,6,1,1,40,1,2,0
1,42,7,2010,2,1,1,2,1,1,1,1,1,1,1,5,1,1,10,6,1,2,33,1,0,0
1,42,8,2010,1,1,1,2,1,1,3,1,1,1,1,5,1,1,10,6,1,2,33,1,0,0
1,42,8,2010,3,2,4,2,1,1,1,1,1,1,1,5,1,1,10,6,1,2,33,1,0,0
1,42,8,2010,2,1,1,2,1,1,1,1,1,1,1,5,1,1,9,6,1,1,25,2,2,0
16,42,5,2010,2,1,1,1,1,1,1,3,1,1,1,1,1,1,8,6,1,1,35,2,2,0
35,42,7,2010,1,1,1,2,2,1,4,1,1,1,1,5,1,1,14,6,1,1,40,2,2,0
12,42,9,2010,3,1,1,1,1,1,2,1,1,1,1,1,1,1,9,6,1,7,25,2,2,0
6,42,8,2010,3,1,1,2,2,1,1,2,1,1,1,3,1,1,10,6,1,7,32,1,2,0
26,42,9,2010,1,1,1,2,2,1,4,1,1,1,1,5,1,1,8,6,1,6,50,1,2,0
24,42,9,2010,3,1,1,2,2,1,1,1,1,1,1,1,1,1,9,6,2,1,38,2,2,0
3,42,9,2010,2,3,4,1,1,1,3,3,1,1,1,1,1,1,9,6,1,1,40,1,2,0
14,42,8,2010,1,1,1,1,1,1,1,1,1,1,1,1,1,1,9,6,1,1,34,1,2,0
14,42,9,2010,1,1,1,1,1,1,2,1,1,1,1,1,1,1,9,6,1,1,38,2,2,0
14,42,9,2010,2,1,1,2,1,1,1,1,1,1,1,1,1,1,19,6,1,2,33,1,0,0
37,42,9,2010,2,3,4,2,1,1,1,1,1,1,1,5,1,1,10,2,1,1,35,2,2,3
37,42,9,2010,1,1,1,2,1,1,3,1,1,1,1,5,1,1,10,6,1,2,33,1,0,0
37,42,8,2010,1,4,4,2,1,1,1,1,1,1,1,5,1,1,9,6,1,1,40,1,2,3
37,42,9,2010,3,3,4,2,2,2,2,2,1,1,1,5,1,1,9,6,1,1,32,1,2,0
37,42,6,2010,1,3,6,2,1,1,3,1,1,1,1,5,1,1,14,6,1,2,33,1,0,0
37,42,9,2010,2,1,1,2,1,1,1,1,1,1,1,5,1,1,8,6,2,1,40,2,2,0
22,42,9,2010,4,1,4,2,1,1,2,1,1,1,1,1,1,1,10,6,1,2,33,1,0,0
22,42,9,2010,1,1,4,1,1,1,1,1,1,1,1,5,1,1,10,6,1,2,33,1,0,0
33,42,11,2010,1,1,1,2,1,1,3,1,1,1,1,5,1,1,14,6,1,1,24,1,2,0
24,42,10,2010,4,1,1,2,2,1,4,1,1,1,1,1,1,1,8,6,1,1,25,2,2,0
20,42,11,2010,4,1,1,2,2,1,2,2,1,1,1,5,1,1,13,6,1,1,25,1,2,0
19,42,10,2010,1,1,1,2,2,1,2,1,1,1,1,5,1,1,14,6,2,1,45,1,2,0
2,42,10,2010,4,1,1,2,2,1,3,1,1,1,1,5,1,1,14,6,1,1,40,1,2,0
28,42,10,2010,3,2,4,1,1,1,1,2,1,1,1,3,1,1,9,6,1,1,32,1,2,2
15,42,9,2010,2,1,1,2,2,1,1,1,1,1,1,5,1,1,9,6,1,1,35,2,2,0
41,42,10,2010,3,1,1,2,2,1,1,1,1,1,1,5,1,1,7,6,1,1,35,1,2,0
9,42,9,2010,3,2,4,2,1,1,1,1,1,1,1,5,1,1,9,6,1,1,18,2,2,1
9,42,10,2010,2,1,1,2,1,1,1,1,1,1,1,5,1,1,14,6,1,1,38,1,2,0
9,42,10,2010,3,2,4,1,1,1,1,1,1,1,1,5,1,1,4,6,1,1,42,2,1,2
34,42,9,2010,4,1,1,1,1,1,2,1,1,1,1,5,1,1,6,6,1,1,25,2,2,0
34,42,9,2010,2,1,5,1,1,1,3,1,1,1,1,1,1,1,6,6,1,1,30,2,2,0
34,42,11,2010,1,1,4,1,1,1,3,1,1,1,1,1,1,1,14,6,1,2,33,1,0,0
3,42,10,2010,1,1,1,2,2,1,3,1,1,1,1,5,1,1,10,6,1,2,33,1,0,0
3,42,11,2010,1,3,4,2,1,1,3,1,1,1,1,1,1,1,5,6,1,1,30,2,2,1
11,42,9,2010,3,1,1,1,1,1,1,1,1,1,1,3,1,1,8,6,2,1,21,2,2,1
11,42,9,2010,1,1,1,1,1,1,3,1,1,1,1,5,1,1,14,6,1,1,45,2,2,1
11,42,10,2010,1,1,1,1,1,1,3,2,2,1,1,1,1,1,13,6,1,2,33,1,0,0
37,42,10,2010,2,1,1,2,2,1,1,1,1,1,1,5,1,1,7,6,1,1,45,1,2,0
37,42,11,2010,3,3,1,2,1,1,1,1,1,1,1,1,1,1,9,6,1,1,48,1,2,1
37,42,11,2010,1,1,1,2,1,1,1,1,1,1,1,1,1,1,9,6,1,2,33,1,0,0
12,42,11,2010,1,1,1,1,1,1,3,1,1,1,1,5,1,1,10,6,1,1,35,2,2,1
22,42,3,2010,1,2,4,1,1,1,3,1,1,1,1,1,1,1,10,6,1,2,33,1,0,0
22,42,10,2010,2,3,1,1,1,1,2,1,1,1,1,1,1,1,7,6,1,1,35,2,2,1
22,42,10,2010,4,1,1,1,1,1,2,1,1,1,1,1,1,1,10,6,1,2,33,1,0,0
22,42,10,2010,2,2,4,1,1,1,1,1,1,1,1,1,1,1,9,6,1,1,35,2,2,0
22,42,10,2010,3,2,4,1,1,1,1,1,1,1,1,1,1,1,8,6,1,1,25,2,2,0
22,42,10,2010,2,2,4,1,1,1,3,1,1,1,1,1,1,1,12,6,1,1,25,1,2,0
22,42,11,2010,1,1,4,1,1,1,2,1,1,1,1,1,1,1,10,6,1,2,33,1,0,0
22,42,11,2010,4,1,1,1,1,1,3,1,1,1,1,1,1,1,12,6,1,1,28,1,2,0
22,42,11,2010,2,2,4,1,1,1,2,1,1,1,1,1,1,1,10,6,1,1,30,1,2,0
22,42,11,2010,4,1,1,1,1,1,3,1,1,1,1,1,1,1,10,6,1,2,33,1,0,0
14,42,10,2010,1,3,1,2,2,1,3,1,1,1,1,3,1,1,14,6,1,2,33,1,0,0
14,42,10,2010,1,2,4,2,1,1,3,1,1,1,1,1,1,1,14,6,1,2,33,1,0,0
14,42,10,2010,2,1,1,2,2,1,1,1,1,1,1,1,1,1,9,6,1,2,33,1,0,0
14,42,10,2010,2,1,1,2,2,1,1,1,1,1,1,1,1,1,10,6,1,2,33,1,0,0
14,42,10,2010,2,3,4,1,1,1,1,1,1,1,1,1,1,1,13,6,1,1,35,1,2,1
14,42,10,2010,1,3,1,2,1,1,3,1,1,1,1,1,1,1,14,6,1,1,42,1,2,0
14,42,11,2010,1,1,1,1,1,1,2,1,1,1,1,1,1,1,10,6,1,1,32,2,2,0
14,42,11,2010,1,2,4,2,1,1,2,1,1,1,1,1,1,1,9,6,1,1,35,2,2,0
11,42,12,2010,2,2,1,2,2,1,1,1,1,1,1,5,1,1,10,6,1,1,25,1,2,3
22,42,11,2010,4,1,4,1,1,1,2,1,1,1,1,5,1,1,10,6,1,2,33,1,0,0
41,42,9,2010,2,1,1,2,2,1,1,1,1,1,1,5,1,1,10,6,1,2,33,1,0,0
37,42,12,2010,2,1,1,2,2,1,1,1,1,1,1,5,1,1,10,6,1,2,33,1,0,0
3,42,12,2010,1,3,4,2,1,1,3,1,1,1,1,1,1,1,9,6,1,2,33,1,0,0
15,42,12,2010,2,3,4,2,1,1,1,1,1,1,1,5,1,1,9,6,1,1,22,2,2,0
15,42,12,2010,2,1,5,2,2,4,2,2,1,1,1,5,1,1,9,11,2,1,34,2,2,0
2,42,12,2010,1,1,1,1,1,1,3,1,1,1,1,5,1,1,14,6,1,1,40,1,2,0
2,42,3,2010,1,2,4,1,1,1,3,1,1,1,1,5,1,1,14,6,1,2,33,1,2,0
12,42,12,2010,3,3,5,1,1,1,1,1,1,1,1,1,1,1,12,6,2,7,38,2,2,1
1,42,9,2010,2,1,1,2,1,1,1,1,1,1,1,5,1,1,9,6,1,1,28,2,2,0
1,42,10,2010,2,1,4,2,1,1,1,1,1,1,1,5,1,1,9,6,1,1,37,2,2,1
1,42,10,2010,3,1,1,2,1,1,1,1,1,1,1,5,1,1,14,6,1,1,40,2,2,0
1,42,11,2010,2,3,4,1,1,1,2,1,1,1,1,5,1,1,10,6,1,2,33,1,0,0
1,42,11,2010,3,1,1,1,1,1,1,1,1,1,1,5,1,1,9,6,1,1,35,2,2,1
1,42,11,2010,2,2,4,1,1,1,1,1,1,1,1,5,1,1,12,6,1,1,26,2,2,1
1,42,12,2010,1,1,1,1,1,1,3,1,1,1,1,5,1,1,14,6,1,2,33,1,0,0
1,42,12,2010,3,3,4,2,1,1,1,1,1,1,1,5,1,1,9,6,1,1,27,2,2,0
1,42,12,2010,2,1,1,2,1,1,1,1,1,1,1,5,1,1,14,6,1,2,33,1,0,0
33,42,11,2010,3,1,1,2,1,1,1,1,1,1,1,5,1,1,6,1,1,1,38,1,2,0
33,42,12,2010,2,2,4,1,1,1,1,1,1,1,1,5,1,1,10,6,1,1,32,2,2,0
33,42,12,2010,1,1,1,2,2,1,1,1,1,1,1,5,1,1,9,6,1,1,34,2,2,0
14,42,12,2010,2,3,4,2,1,1,3,3,1,1,1,1,1,1,14,6,1,1,45,1,2,0
14,42,12,2010,2,3,1,2,1,1,1,1,1,1,1,5,1,1,13,6,1,1,39,1,2,1
14,42,12,2010,1,2,3,2,1,1,3,1,1,1,1,1,1,1,14,6,1,1,40,2,2,0
24,42,11,2010,3,1,1,2,2,1,1,1,1,1,1,1,1,1,10,6,1,2,33,1,0,0
13,42,10,2010,1,1,1,1,1,1,3,1,1,1,1,1,1,1,17,6,1,1,40,2,2,0
10,42,11,2010,2,1,1,2,2,1,1,1,1,1,1,5,1,1,4,6,1,1,32,1,1,1
15,42,12,2010,4,1,1,2,1,1,3,1,1,1,1,5,1,1,8,6,2,1,28,1,2,0
32,42,9,2010,4,1,1,1,1,1,3,1,1,1,1,5,1,1,9,6,1,1,40,2,2,0
32,42,10,2010,3,3,4,1,1,1,1,1,1,1,1,5,1,1,7,6,1,1,35,2,2,0
7,42,9,2010,2,1,1,1,1,1,2,1,1,1,1,5,1,1,9,6,1,1,40,2,2,0
16,42,8,2010,2,1,4,1,1,1,1,1,1,1,1,1,1,1,10,6,1,1,33,2,2,0
16,42,11,2010,2,1,1,1,1,1,1,1,1,1,1,5,1,1,9,6,1,1,30,2,2,1
23,42,1,2010,1,1,8,1,1,1,3,1,1,1,1,1,1,1,10,6,2,1,35,2,2,0
9,42,12,2010,1,3,4,2,1,1,1,1,1,1,1,5,1,1,19,6,1,7,33,2,2,0
14,42,12,2010,1,1,1,2,1,2,3,1,2,1,1,1,1,1,14,6,1,1,40,2,2,0
12,42,9,2010,3,1,4,2,2,1,1,1,1,1,1,1,1,1,10,6,1,1,32,2,2,1
8,42,7,2010,4,1,1,2,1,1,3,1,1,1,1,5,1,1,8,5,1,1,30,2,2,1
8,42,7,2010,4,3,1,2,2,1,3,1,1,1,1,5,1,1,10,6,1,1,30,2,2,0
8,42,7,2010,4,1,1,2,1,1,2,1,1,1,1,5,1,1,10,6,1,1,34,2,2,0
8,42,8,2010,3,3,4,2,1,1,1,1,1,1,1,5,1,1,10,6,1,1,27,2,2,1
8,42,8,2010,4,1,1,2,1,1,3,1,1,1,1,1,1,1,9,6,1,2,33,2,2,0
8,42,9,2010,3,1,1,2,1,1,2,1,1,1,1,1,1,1,9,6,1,7,25,2,2,0
8,42,9,2010,3,1,4,2,2,1,1,1,1,1,1,1,1,1,10,6,1,1,32,2,2,1
8,42,11,2010,1,1,1,2,1,1,3,1,1,1,1,5,1,1,10,6,1,1,35,2,2,1
8,42,12,2010,3,3,5,2,1,1,1,1,1,1,1,1,1,1,12,6,2,7,38,2,2,1
8,42,1,2010,3,1,1,2,1,1,1,1,1,1,1,5,1,1,10,6,1,2,33,2,2,0
8,42,1,2010,3,3,4,2,1,1,1,1,1,1,1,5,1,1,7,6,1,1,32,2,2,1
8,42,1,2010,2,2,1,2,1,1,1,1,1,1,1,5,1,1,14,6,1,1,42,2,2,2
8,42,4,2010,3,1,1,2,1,1,2,1,1,1,1,5,1,1,10,6,1,2,33,2,2,0
8,42,4,2010,4,1,1,2,1,1,2,1,1,1,1,5,1,1,10,6,1,2,33,2,2,2
8,42,5,2010,4,1,1,2,1,1,3,1,1,1,1,1,1,1,9,6,1,2,33,1,2,0
8,42,5,2010,3,1,1,2,1,1,1,1,1,1,1,1,1,1,10,6,1,1,30,2,2,1
8,42,4,2010,3,1,1,2,1,1,2,1,1,1,1,5,1,1,10,6,1,1,40,2,2,2
8,42,6,2010,4,1,1,2,1,1,3,1,1,1,1,5,1,1,10,6,1,1,30,1,2,0
8,42,6,2010,4,6,1,2,1,1,1,1,1,1,1,5,1,1,10,6,1,1,32,2,2,0
8,42,7,2010,3,1,1,2,1,1,1,1,1,1,1,5,1,1,9,6,1,1,38,2,2,1
2,26,2,2010,2,1,1,2,2,1,1,1,1,2,2,4,1,2,4,6,1,1,33,1,2,0
4,26,3,2010,2,1,1,2,2,1,1,1,1,1,1,1,1,2,8,6,1,1,33,1,0,0
4,26,8,2010,4,1,1,2,2,1,1,1,1,1,1,1,1,2,7,6,1,1,33,1,2,0
4,26,9,2010,3,1,1,2,2,1,1,1,1,1,1,1,3,2,9,6,1,1,33,1,2,0
2,29,11,2010,2,1,1,2,2,1,1,3,1,2,2,4,1,2,10,6,1,1,35,1,2,0
4,29,2,2010,3,1,1,1,2,1,1,1,1,1,1,2,1,2,12,6,1,1,33,1,2,0
4,29,9,2010,1,1,1,2,2,1,1,1,1,1,1,2,1,2,9,6,1,1,33,1,2,0
4,29,12,2010,2,1,1,2,2,1,2,1,1,1,1,2,1,2,14,6,1,1,50,1,2,0
8,29,3,2010,4,1,1,2,2,4,2,2,2,1,1,1,1,2,4,6,1,1,33,1,2,0
8,29,9,2010,2,1,1,2,2,1,1,2,1,1,2,4,1,2,4,6,1,1,33,1,2,1
2,20,6,2010,2,1,1,2,2,1,1,1,1,1,1,1,1,1,9,6,1,1,33,1,2,0
3,20,5,2010,3,1,1,2,2,1,1,1,1,1,1,2,1,2,4,6,1,1,33,1,2,0
4,20,10,2010,2,1,1,2,2,1,3,1,1,1,1,2,1,2,4,6,1,1,33,1,2,0
1,19,6,2010,2,1,2,2,2,1,2,1,1,1,1,1,1,1,14,6,1,1,33,1,2,0