Thana,District,Month,Year,Time,Junction_Type,Traffic_Control,Movement,Divider,Weather,Light,Road_Geometry,Surface_Condition,Surface_Type,Surface_Quality,Road_Class,Road_Feature,Location_Type,Vehicle_Type,Vehicle_Movement,Vehicle_Loading,Vehicle_Defect,Vehicle_Driver_Age,Vehicle_Alcohol,Vehicle_Seat_Belt,Accident_Severity
3,19,1,2010,3,1,2,2,2,2,1,2,2,1,2,4,1,2,4,6,1,1,33,1,2,0
3,19,7,2010,1,1,1,2,2,2,1,2,2,2,2,4,1,2,19,6,1,1,33,1,2,0
1,25,7,2010,1,1,1,1,2,1,1,1,1,1,1,2,1,2,4,6,1,1,33,1,2,1
2,25,2,2010,2,1,2,2,2,1,1,1,1,1,1,2,1,2,8,6,1,7,50,1,2,0
2,25,5,2010,4,1,2,1,1,2,1,1,1,1,2,2,1,2,4,6,1,7,46,1,2,0
2,25,12,2010,2,1,1,2,2,1,1,1,1,1,1,2,1,2,8,6,1,7,33,1,2,0
3,25,1,2010,2,1,1,1,2,1,1,1,1,1,1,2,1,2,13,6,1,7,33,1,2,0
3,25,3,2010,2,1,1,2,2,1,1,1,1,1,1,2,1,2,4,6,1,7,33,1,2,0
3,25,5,2010,3,1,1,2,2,1,2,1,1,1,1,2,1,2,8,6,1,7,33,1,2,0
3,25,6,2010,2,1,1,2,2,1,1,1,1,1,1,2,1,2,13,6,1,7,33,1,2,0
3,25,7,2010,2,7,1,2,2,1,1,1,1,1,1,4,1,2,8,6,1,7,33,1,2,0
4,25,4,2010,1,1,1,2,2,1,3,1,1,1,1,2,1,2,8,6,1,7,33,1,2,0
4,25,5,2010,2,1,1,2,2,1,1,1,1,1,1,2,1,2,8,6,1,7,33,1,2,0
4,25,5,2010,4,1,1,2,2,1,2,1,1,1,1,2,1,2,19,6,1,1,33,1,2,0
4,25,6,2010,2,1,1,2,2,1,1,1,1,1,1,2,1,2,4,6,1,7,33,1,2,0
4,25,9,2010,3,1,1,2,2,1,1,1,1,1,1,2,1,2,13,6,1,7,33,1,2,0
5,25,5,2010,2,1,1,2,2,1,1,1,1,1,1,4,1,2,4,6,1,7,33,1,2,0
5,25,7,2010,2,1,1,2,2,1,1,1,1,1,1,2,1,2,8,6,1,7,33,1,2,0
5,25,11,2010,2,1,1,2,2,1,1,1,1,1,1,2,1,2,4,6,1,7,33,1,2,0
6,25,1,2010,2,1,1,2,2,1,3,1,1,1,1,2,1,2,4,6,1,7,33,1,2,0
6,25,9,2010,4,1,1,2,2,1,2,1,1,1,1,2,1,2,13,6,1,7,33,1,2,0
7,25,7,2010,2,1,1,1,2,1,1,1,1,1,1,2,1,2,8,6,1,6,33,1,2,0
7,25,11,2010,1,1,1,2,2,1,1,1,1,1,1,2,1,2,8,6,1,1,33,1,2,0
8,25,1,2010,3,1,1,2,2,1,1,1,1,1,1,2,1,2,14,6,1,1,33,1,2,0
8,25,4,2010,3,1,1,2,2,1,1,1,1,1,1,2,1,2,13,6,1,1,33,1,2,0
8,25,7,2010,3,1,1,2,2,1,1,1,1,1,1,2,1,2,7,6,1,7,33,1,2,0
8,25,8,2010,2,1,1,2,2,1,1,1,1,1,1,2,1,2,19,6,1,7,33,1,2,0
8,25,8,2010,2,1,1,2,2,1,1,1,1,1,1,2,1,2,19,6,1,1,33,1,2,0
8,25,9,2010,3,1,1,2,2,1,1,1,1,1,1,2,1,2,8,6,1,1,33,1,2,0
8,25,10,2010,3,1,1,2,2,1,2,1,1,1,1,2,1,2,13,6,1,1,33,1,2,0
8,25,11,2010,2,1,1,2,2,1,1,1,1,1,1,2,1,2,13,6,1,1,33,1,2,0
1,24,1,2010,3,1,1,2,2,1,1,1,1,1,1,1,1,1,9,6,1,3,33,1,2,0
1,24,2,2010,3,1,1,2,2,1,1,1,1,1,1,1,1,1,10,6,1,1,33,1,2,0
2,24,7,2010,3,1,1,2,2,1,1,1,1,1,1,1,1,1,9,6,1,7,28,1,2,0
2,24,12,2010,1,1,1,2,2,1,3,1,1,1,1,1,1,2,14,6,2,7,33,1,2,0
3,24,3,2010,2,1,1,2,2,1,1,1,1,1,1,1,1,2,13,6,1,7,25,1,2,1
3,24,9,2010,3,1,1,2,2,1,1,1,1,1,1,1,1,2,8,6,1,3,33,1,2,0
3,24,11,2010,3,1,1,2,2,1,1,1,1,1,1,1,1,2,8,6,1,7,33,1,2,0
4,24,5,2010,3,4,1,2,2,1,1,4,1,2,2,4,1,2,19,6,1,7,30,1,2,0
4,24,12,2010,2,4,1,2,2,1,1,1,1,1,1,3,1,2,19,6,1,7,30,1,2,0
5,24,4,2010,3,1,1,2,2,1,1,1,1,1,1,2,1,2,13,6,1,7,33,1,2,0
5,24,10,2010,1,1,1,2,2,1,3,1,1,1,1,1,1,2,9,6,1,3,35,1,2,0
8,24,7,2010,3,1,1,2,2,1,1,1,1,1,1,1,1,2,9,6,1,7,33,1,2,0
9,24,4,2010,2,1,1,2,2,1,1,1,1,1,1,2,1,2,19,6,1,7,33,1,2,0
9,24,10,2010,2,1,1,2,2,1,1,1,1,1,1,1,1,2,13,6,1,7,33,1,2,0
9,24,12,2010,3,1,1,1,1,1,1,1,1,1,1,1,1,1,14,6,2,1,33,1,2,0
1,21,8,2010,2,1,1,1,2,1,1,1,1,1,1,4,1,2,19,6,1,7,33,1,2,0
3,21,6,2010,3,1,1,2,2,1,1,1,1,1,1,1,1,2,8,6,1,7,33,1,2,0
3,21,6,2010,3,1,1,2,2,1,1,1,1,1,1,2,1,2,8,6,1,4,33,1,2,1
3,21,10,2010,2,1,1,1,1,1,1,1,1,1,1,1,1,2,4,6,1,7,25,1,2,1
5,21,8,2010,2,1,1,2,2,1,1,1,1,1,1,2,1,2,8,6,1,7,33,1,2,0
6,21,3,2010,2,1,3,2,2,1,1,1,1,1,1,1,1,2,14,6,1,7,33,1,2,0
6,21,4,2010,1,1,1,2,2,1,2,1,1,1,1,1,1,2,14,6,2,7,33,1,2,0
6,21,5,2010,3,1,1,2,2,1,1,1,1,1,1,1,1,2,9,6,1,7,38,1,2,0
1,23,9,2010,3,1,1,2,2,1,1,1,1,1,1,4,1,2,4,6,1,7,33,1,2,0
3,23,4,2010,2,1,1,2,2,1,1,1,1,1,1,4,1,2,13,6,1,7,33,1,2,0
1,22,1,2010,3,1,1,2,2,1,1,1,1,1,1,1,1,2,9,6,1,7,33,1,2,0
1,22,4,2010,4,1,1,2,2,1,2,1,1,1,1,1,1,2,9,6,1,7,33,1,2,1
1,22,4,2010,2,1,3,2,2,1,2,1,1,1,1,1,1,2,14,6,2,7,33,1,2,0
1,22,4,2010,1,1,1,2,2,1,2,1,1,1,1,1,1,2,14,6,2,7,33,1,2,0
1,22,6,2010,4,1,2,2,2,1,3,1,1,1,1,1,1,1,13,6,1,7,33,1,2,0
2,22,3,2010,3,1,3,2,2,1,1,1,1,1,1,4,1,2,4,6,1,7,28,1,2,0
3,22,2,2010,2,1,3,2,2,1,1,1,1,1,1,2,1,2,4,6,1,7,33,1,2,0
3,22,9,2010,4,1,3,2,2,1,4,4,1,1,1,3,1,2,4,6,1,7,35,1,2,1
3,22,11,2010,3,1,1,2,2,1,1,1,1,1,1,3,1,2,4,6,1,7,33,1,2,0
1,18,5,2010,3,1,2,1,1,1,1,1,1,1,1,2,1,1,4,6,1,7,22,1,2,0
2,18,2,2010,1,1,1,2,2,1,4,1,1,1,1,1,1,2,9,6,1,7,33,1,2,0
2,18,5,2010,2,1,1,1,1,1,1,1,1,1,1,2,1,2,19,6,1,7,33,1,2,0
2,18,5,2010,2,1,3,2,2,1,1,1,1,1,1,1,1,2,14,6,1,7,33,1,2,0
2,18,9,2010,3,3,1,2,2,2,1,2,2,1,1,2,1,2,9,6,1,7,50,1,2,0
2,18,11,2010,3,1,2,1,1,1,1,1,1,1,1,2,1,2,19,6,1,7,33,1,2,0
3,18,2,2010,2,1,3,1,2,1,1,1,1,1,1,2,1,2,13,6,1,7,33,1,2,0
3,18,6,2010,2,1,3,2,2,1,1,1,1,1,1,2,1,2,13,6,1,7,33,1,2,0
3,18,10,2010,3,1,3,1,2,1,1,1,1,1,1,1,1,2,9,6,1,7,33,1,2,0
5,18,12,2010,1,1,1,2,2,1,1,1,1,1,1,4,1,2,19,6,1,7,33,1,2,0
6,18,3,2010,2,1,1,2,2,1,2,2,1,1,1,1,1,2,14,6,1,7,33,1,2,0
6,18,4,2010,3,3,1,1,2,1,1,2,1,1,1,4,1,2,19,6,1,7,33,1,2,0
6,18,5,2010,3,1,3,1,2,1,1,1,1,1,1,2,1,2,14,6,1,7,33,1,2,0
6,18,10,2010,2,3,3,2,2,1,1,1,1,1,1,1,1,2,14,6,1,7,42,1,2,0
7,18,2,2010,2,1,3,1,1,1,1,1,1,1,1,1,1,2,8,6,1,7,33,1,2,0
7,18,4,2010,2,3,3,1,2,1,2,2,1,1,1,4,1,2,19,1,1,7,33,1,2,0
7,18,6,2010,2,1,1,2,2,1,1,1,1,1,1,1,1,2,14,6,1,7,33,1,2,0
1,18,12,2010,3,3,3,1,2,1,1,1,1,1,1,1,1,2,8,6,1,7,33,1,2,0
1,22,5,2010,4,1,1,2,1,1,1,1,1,1,1,1,1,2,9,6,1,1,33,2,2,0
2,28,2,2010,4,1,1,2,1,1,2,4,1,1,1,2,1,1,14,6,1,1,33,1,2,0
2,28,2,2010,3,1,1,2,2,1,1,1,1,1,1,1,1,1,16,6,1,1,33,1,2,0
4,28,3,2010,4,1,1,2,2,1,3,1,1,1,2,1,1,1,19,6,1,1,33,1,2,0
4,28,4,2010,1,1,1,2,2,1,3,1,1,1,1,5,1,1,19,1,1,1,33,1,2,0
2,28,6,2010,2,1,1,2,2,1,2,4,1,1,1,1,1,1,9,6,1,1,33,2,2,0
1,28,8,2010,3,1,1,2,2,1,1,1,1,1,1,5,1,1,16,6,1,1,33,2,2,0
3,28,4,2010,2,1,1,2,2,1,1,1,1,1,1,1,1,1,14,6,1,1,33,2,2,1
3,28,7,2010,2,1,1,2,2,1,1,1,2,3,2,5,1,1,13,7,1,1,33,1,2,0
5,28,1,2010,4,1,4,2,2,1,1,1,1,1,1,3,1,1,12,6,1,6,32,2,2,1
5,28,4,2010,3,3,1,2,2,1,1,1,1,1,1,5,1,1,9,6,1,1,22,2,2,1
5,28,6,2010,3,1,1,2,1,1,1,1,1,1,1,5,1,1,9,6,1,1,25,2,2,0
5,28,7,2010,4,3,2,2,1,1,3,1,1,1,1,1,1,1,4,1,1,7,33,1,2,0
5,28,8,2010,2,1,8,2,2,1,1,1,1,1,1,1,1,1,4,2,1,1,27,2,2,1
5,28,10,2010,2,1,1,2,2,1,1,1,1,1,1,1,1,1,9,6,1,1,33,2,2,0
5,28,10,2010,4,1,1,2,2,2,2,1,2,1,1,1,1,1,7,6,1,1,33,1,2,0
5,28,10,2010,2,1,1,2,2,1,1,1,1,1,1,5,1,1,9,6,1,1,33,2,2,0
4,28,11,2010,4,1,1,2,2,1,3,1,1,1,1,5,1,1,8,6,1,1,33,2,2,0
4,28,11,2010,3,3,1,2,2,1,1,1,1,1,1,1,1,2,9,6,1,1,33,2,2,0
1,28,9,2010,4,1,1,2,2,1,3,1,3,1,2,5,1,1,14,8,1,1,33,2,2,0
3,28,11,2010,2,1,1,2,2,1,1,1,1,1,1,5,1,1,14,6,1,1,60,2,2,0
5,28,3,2010,2,1,1,2,1,4,2,1,1,1,1,5,1,1,14,6,1,1,33,1,2,0
5,28,4,2010,3,1,1,2,2,1,1,1,1,1,1,1,1,1,9,6,1,1,33,1,2,0
5,28,12,2010,3,1,1,2,2,1,1,2,1,1,1,1,1,1,5,6,1,1,33,2,2,0
2,28,11,2010,3,1,1,2,2,1,1,1,1,1,1,1,1,1,5,6,1,1,33,2,2,0
2,28,10,2010,3,1,1,2,2,1,1,2,1,1,1,1,1,1,5,6,1,1,33,2,2,0
5,28,1,2010,3,1,1,2,2,1,1,1,1,1,1,5,1,1,9,6,1,1,33,2,2,0
8,13,1,2010,1,7,8,2,2,1,4,1,1,1,1,1,1,1,19,11,1,7,33,2,2,0
3,13,1,2010,3,1,1,2,2,1,1,1,1,1,1,3,1,2,14,6,1,1,33,2,2,0
3,13,1,2010,3,1,1,2,2,1,1,1,1,1,1,1,1,1,4,6,2,7,33,2,2,0
9,13,1,2010,3,7,1,2,2,1,2,1,1,1,1,4,1,2,14,4,1,1,28,2,2,1
2,13,2,2010,2,7,8,2,2,1,1,3,1,1,2,4,1,2,14,11,1,1,33,1,2,0
2,13,3,2010,3,2,1,2,2,1,1,1,1,1,1,4,1,2,4,6,1,1,33,2,2,0
8,13,3,2010,3,1,1,2,2,1,1,1,1,1,1,1,1,1,10,6,1,1,33,2,2,0
4,12,2,2010,2,7,8,2,2,1,4,2,1,1,3,3,1,2,4,6,1,1,33,2,2,0
1,12,4,2010,3,2,3,2,2,1,1,2,1,1,1,2,1,2,14,1,1,7,30,2,2,0
1,12,4,2010,2,1,1,2,2,1,1,1,1,1,1,4,1,2,14,6,1,1,30,1,2,0
5,12,4,2010,2,1,1,2,2,1,1,4,1,1,1,4,1,1,8,6,1,1,33,2,2,0
1,12,5,2010,4,1,1,2,2,1,2,1,1,1,1,2,1,2,14,6,1,1,33,2,2,0
3,12,5,2010,1,7,1,2,2,1,1,1,1,1,1,3,1,1,19,6,1,1,33,2,2,0
3,11,1,2010,3,1,1,2,2,1,2,1,1,1,1,4,1,2,7,7,1,7,35,2,2,0
3,11,1,2010,3,7,1,2,2,1,1,1,1,1,1,4,1,1,2,11,1,1,22,2,2,0
6,11,1,2010,4,7,1,2,2,1,2,1,1,1,1,2,1,1,4,6,1,3,30,1,2,0
8,11,1,2010,3,7,1,2,2,1,1,1,1,1,1,4,1,2,14,11,1,1,35,2,2,0
7,11,2,2010,3,7,1,2,2,1,1,1,1,1,1,3,1,2,7,2,1,1,25,2,2,1
6,11,2,2010,2,7,1,2,2,1,1,1,1,1,1,2,1,2,9,6,1,1,33,2,2,0
5,11,2,2010,4,7,8,2,2,1,2,1,1,1,1,4,1,2,14,6,2,3,33,2,2,0
6,11,3,2010,3,7,1,2,2,1,1,1,1,1,1,2,1,2,14,6,1,1,33,2,2,0
8,11,3,2010,3,1,1,2,2,1,1,1,1,1,1,2,1,1,8,6,1,1,38,2,2,0
1,11,3,2010,3,7,8,2,2,1,1,1,1,1,1,5,1,1,14,6,1,1,28,2,2,0
2,17,1,2010,2,1,1,2,2,1,1,1,1,1,1,4,1,2,8,11,1,1,32,2,2,3
7,17,1,2010,4,7,8,2,2,1,2,1,1,1,1,4,1,1,19,11,1,1,33,2,2,0
5,17,1,2010,3,7,8,2,2,1,1,1,1,1,1,4,4,2,4,6,1,7,27,2,2,0
4,17,2,2010,2,7,1,2,2,1,1,1,1,1,1,1,1,1,9,11,1,1,33,2,2,0
3,17,3,2010,3,3,1,2,2,1,1,1,1,1,1,1,1,2,14,6,1,1,35,2,2,0
8,17,1,2010,3,7,1,2,2,1,1,1,1,1,1,4,1,2,7,6,1,1,33,2,2,0
10,16,3,2010,4,1,1,2,2,1,3,1,1,1,1,3,1,2,19,6,1,1,33,2,2,0
9,16,3,2010,1,1,1,2,2,1,1,2,1,1,1,2,1,2,19,6,2,3,27,2,2,0
11,16,3,2010,2,7,3,2,2,4,2,1,2,1,1,1,1,1,19,11,1,7,33,2,1,0
5,16,1,2010,2,4,1,2,2,1,1,1,1,1,1,3,1,2,19,6,1,1,36,2,2,0
1,9,2,2010,3,7,8,2,2,1,1,1,1,1,1,1,1,1,14,6,2,1,33,2,2,1
1,9,2,2010,2,7,8,2,2,1,1,1,1,1,1,2,1,1,19,6,1,1,33,2,2,1
1,9,2,2010,2,7,8,2,2,1,1,1,5,1,1,5,1,1,14,6,1,1,33,2,2,0
10,9,2,2010,1,7,8,1,2,1,4,1,1,1,1,1,1,1,9,6,2,1,33,2,2,3
10,9,2,2010,4,7,8,2,2,1,2,1,1,1,1,1,1,1,14,6,1,1,33,2,2,0
12,9,1,2010,3,1,1,2,2,1,1,1,5,1,2,1,1,1,9,6,1,7,33,2,2,0
10,9,1,2010,1,7,8,2,2,1,1,1,1,1,1,3,1,1,19,6,1,1,33,2,2,0
10,9,1,2010,3,7,8,2,2,1,1,1,1,1,1,1,1,1,19,6,1,1,33,2,2,0
10,9,1,2010,4,7,8,2,2,1,2,1,5,1,1,1,1,1,9,6,1,1,33,2,2,0
10,9,3,2010,2,7,8,1,2,1,2,1,1,1,1,1,1,1,4,6,1,1,33,2,2,1
10,9,3,2010,2,7,8,2,2,1,1,1,5,1,1,1,1,1,14,6,1,7,33,2,2,0
10,9,3,2010,3,7,8,2,2,1,1,1,5,1,1,3,1,1,17,6,2,1,33,2,2,0
10,9,3,2010,4,7,8,2,2,1,2,1,1,1,1,1,1,1,19,6,1,1,33,2,2,0
11,9,3,2010,4,1,1,2,2,1,4,1,1,1,1,1,1,1,9,6,1,1,33,2,2,0
2,9,3,2010,3,7,8,1,2,1,1,1,1,1,1,2,1,2,9,6,1,1,33,2,2,0
2,9,3,2010,2,7,8,2,2,1,1,1,1,1,1,2,1,1,19,6,1,1,33,2,2,0
3,9,3,2010,4,7,1,1,2,1,3,1,1,1,1,4,1,1,19,6,1,1,33,2,2,0
8,9,3,2010,2,7,8,2,2,1,1,1,5,1,1,4,1,1,9,6,1,1,33,1,2,0
4,9,4,2010,3,7,1,1,2,1,1,1,5,1,1,4,1,1,4,6,1,1,33,2,1,0
10,9,4,2010,3,1,1,1,2,1,1,2,1,1,1,1,1,2,9,5,1,1,42,2,2,0
10,9,5,2010,4,7,1,2,2,1,1,1,1,1,1,1,1,1,7,4,1,1,33,2,2,0
10,9,5,2010,1,7,1,2,2,1,4,1,1,1,1,1,1,1,13,4,2,1,50,2,2,0
10,9,5,2010,3,3,1,2,2,1,1,1,1,1,1,1,1,1,14,1,1,1,33,2,2,0
4,9,5,2010,2,1,1,2,2,1,1,1,1,1,1,3,1,2,18,6,1,1,33,2,2,0
4,9,5,2010,2,1,1,2,2,1,1,1,1,1,1,2,1,2,14,6,1,1,33,2,2,0
2,7,2,2010,2,1,1,2,2,1,2,1,1,2,3,4,1,2,8,6,1,7,32,2,2,0
1,7,3,2010,1,1,1,2,2,1,1,1,1,1,1,3,1,2,19,6,1,7,33,2,2,0
4,6,3,2010,3,7,3,2,2,1,1,1,1,1,1,1,1,1,7,6,1,7,33,2,2,0
1,6,1,2010,3,7,1,2,2,1,1,2,1,1,1,1,1,2,19,6,2,7,25,2,2,0
5,6,1,2010,2,7,8,2,2,4,1,2,5,1,2,1,1,2,17,6,1,7,36,2,2,1
4,6,2,2010,4,7,3,2,2,1,2,1,1,1,1,1,1,1,8,6,1,7,33,2,2,0
3,6,2,2010,4,2,8,2,2,1,2,1,1,1,1,1,1,2,4,6,1,7,35,2,2,0
3,6,4,2010,3,7,8,2,2,1,1,1,1,1,1,3,1,2,14,6,1,7,42,2,2,0
1,8,4,2010,1,7,1,2,2,1,3,1,1,1,1,3,1,2,17,1,2,1,33,2,2,0
5,8,4,2010,3,7,1,2,2,1,1,1,1,1,1,2,1,2,4,6,1,7,33,2,2,0
1,8,4,2010,2,1,1,2,2,1,4,3,1,3,1,4,1,2,14,6,1,7,33,2,2,0
3,8,5,2010,2,7,1,2,2,1,1,2,1,1,1,1,1,1,9,6,1,7,33,2,2,1
4,5,1,2010,2,7,1,1,2,1,1,1,1,1,1,1,1,2,19,6,1,1,33,2,2,1
4,5,2,2010,1,7,8,2,2,1,1,1,1,1,1,1,1,1,13,6,1,1,33,2,2,1
4,5,3,2010,1,7,8,2,2,1,1,1,1,1,1,3,1,2,5,11,1,1,33,2,2,0
4,5,3,2010,2,7,3,2,2,1,1,1,1,1,1,1,1,1,11,6,1,1,33,2,2,1
4,5,3,2010,2,7,8,2,2,1,1,1,1,1,1,1,1,1,14,6,1,1,33,2,2,0
4,5,3,2010,2,7,3,2,2,1,1,1,1,1,1,1,1,1,14,6,1,1,33,2,2,0
1,10,1,2010,1,7,1,2,2,1,1,1,1,1,1,5,1,1,8,6,1,1,33,2,2,0
1,2,3,2010,3,7,8,2,2,1,1,1,1,1,1,4,1,2,8,4,1,7,33,2,2,1
2,2,3,2010,2,7,1,2,2,1,1,2,1,1,1,3,1,2,19,6,2,7,33,2,2,0
5,2,4,2010,2,7,1,2,2,1,1,1,1,1,1,3,1,2,19,6,1,7,27,2,2,0
1,3,1,2010,2,7,3,2,2,1,1,1,1,1,1,2,1,2,9,6,1,7,33,2,2,1
6,3,2,2010,3,3,8,2,2,1,1,2,1,1,1,3,1,2,4,6,1,7,33,2,2,0
1,3,2,2010,3,7,3,2,2,1,1,1,1,1,1,2,1,1,14,11,1,1,33,2,2,1
13,3,2,2010,3,7,1,2,2,1,1,1,1,1,1,1,1,2,9,6,1,7,35,2,2,0
10,3,2,2010,2,7,1,2,2,1,1,1,1,1,1,1,1,1,9,6,1,7,45,2,2,0
10,3,3,2010,1,7,1,2,2,1,3,1,1,1,1,1,1,1,14,6,1,7,33,2,2,0
13,3,3,2010,3,1,1,2,2,1,1,1,1,1,2,3,1,2,17,6,1,7,28,2,2,0
1,9,8,2010,2,1,3,2,2,1,1,1,1,1,1,1,1,2,9,6,1,1,33,2,2,0
4,9,8,2010,1,1,1,2,2,1,3,1,1,1,1,2,1,2,9,6,1,1,33,2,2,0
4,9,8,2010,2,2,1,2,2,1,1,1,1,1,2,2,1,2,17,6,1,1,33,2,2,1
4,9,8,2010,3,4,1,2,2,1,1,4,2,2,2,2,1,2,17,2,1,1,33,2,2,3
10,9,8,2010,3,1,1,2,2,1,1,1,1,1,1,1,1,1,14,11,1,1,33,2,2,0
11,11,8,2010,2,1,1,2,2,1,1,1,1,1,1,3,1,2,8,6,2,7,33,2,2,1
6,11,5,2010,3,1,1,2,2,1,4,1,1,1,1,2,1,1,19,11,1,1,33,2,2,0
1,11,5,2010,2,1,1,2,2,1,1,1,1,1,1,5,3,2,14,6,2,1,30,2,2,0
1,11,4,2010,4,1,1,2,2,1,2,1,1,1,1,5,1,1,19,6,2,1,25,2,2,0
1,11,4,2010,4,7,4,2,2,1,4,1,1,1,1,5,1,1,14,6,1,7,40,2,2,1
6,11,5,2010,4,3,1,2,2,1,4,1,1,1,1,4,1,2,4,4,1,1,33,2,2,0
5,11,4,2010,3,7,8,2,2,1,1,1,1,1,1,2,1,2,9,6,1,1,30,2,2,0
6,11,6,2010,2,7,8,2,2,1,1,3,1,1,1,2,1,1,9,1,1,1,33,2,1,3
5,11,6,2010,3,7,1,2,2,1,1,1,1,1,1,2,1,2,9,6,1,1,35,2,2,0
5,11,7,2010,2,7,1,2,2,1,1,1,1,1,1,4,1,1,10,6,1,1,33,2,1,0
1,11,6,2010,3,7,8,2,2,1,1,1,1,1,1,5,1,2,4,5,1,7,25,2,2,1
1,10,7,2010,2,7,1,2,2,1,1,1,1,1,1,3,1,1,9,6,1,1,33,2,2,0
6,13,4,2010,1,4,4,2,2,1,3,1,1,1,1,2,1,2,5,4,1,1,27,2,2,0
8,13,4,2010,4,1,1,2,2,1,2,1,1,1,1,1,1,1,9,6,1,1,33,2,2,0
2,13,5,2010,2,7,1,2,2,1,1,1,1,1,1,4,1,2,19,6,2,7,30,2,2,0
3,13,6,2010,2,7,1,2,2,1,1,1,1,1,1,3,1,1,8,11,2,7,33,2,2,0
9,13,7,2010,3,1,1,2,2,1,1,1,1,1,1,3,1,2,17,6,1,1,25,2,2,0
9,13,7,2010,4,1,1,2,2,1,1,1,1,1,1,4,1,2,8,6,1,1,33,2,2,1
10,7,5,2010,4,7,8,2,2,1,2,4,2,3,1,5,1,1,9,7,1,1,33,2,2,0
5,12,8,2010,2,1,1,2,2,1,1,1,1,1,1,4,1,2,14,6,1,1,28,2,2,0
2,2,8,2010,2,7,1,2,2,1,1,1,1,1,1,3,1,2,9,6,1,7,33,1,2,0
1,13,8,2010,2,7,1,2,2,1,1,1,1,1,1,4,1,2,9,11,2,7,33,2,2,0
6,13,8,2010,3,2,1,2,2,1,1,1,1,1,1,2,1,2,19,4,1,1,33,2,2,0
5,8,6,2010,3,2,1,2,2,1,1,1,1,1,1,3,1,1,4,6,1,1,33,2,2,0
1,2,2,2010,3,1,1,2,2,1,1,1,1,1,1,1,1,2,17,6,1,1,33,2,2,0
1,2,2,2010,2,1,1,2,2,1,1,1,1,1,1,1,1,1,14,6,1,1,40,2,2,0
10,9,7,2010,2,1,1,2,2,1,1,1,1,1,1,1,1,2,14,11,1,1,48,2,2,0
10,9,7,2010,4,2,1,2,2,1,2,1,1,1,2,1,1,1,14,6,1,1,33,1,2,1
10,9,7,2010,2,1,1,2,2,1,1,1,1,1,1,1,1,2,9,6,1,1,33,1,2,0
1,9,7,2010,4,7,2,2,2,1,3,1,1,1,1,1,1,1,9,4,1,1,33,2,2,0
2,9,3,2010,2,1,8,1,2,1,1,5,1,3,1,2,4,2,16,10,1,3,33,2,2,1
7,5,4,2010,2,7,8,2,2,1,1,1,1,1,1,4,1,2,8,6,1,1,40,2,2,0
8,5,5,2010,3,7,8,2,2,1,1,1,1,1,1,1,1,1,17,6,1,1,33,2,2,0
8,5,5,2010,3,7,8,2,2,1,3,1,1,1,1,1,1,2,19,11,1,1,33,2,2,0
1,5,4,2010,2,3,1,2,2,1,1,1,1,1,1,5,1,1,9,6,1,3,33,2,2,0
6,5,8,2010,2,1,1,2,2,1,1,1,1,1,1,2,1,2,19,11,1,1,33,2,2,0
3,6,5,2010,3,1,1,2,2,1,1,2,1,1,1,1,1,2,8,6,1,5,33,2,2,0
1,6,6,2010,1,3,1,2,2,1,1,1,1,1,1,1,1,1,19,6,2,7,45,1,2,0
4,6,6,2010,1,1,8,2,2,1,4,1,1,1,1,1,1,2,4,6,1,7,33,2,2,0
11,16,8,2010,1,7,8,2,2,1,4,1,1,1,1,2,1,2,9,6,2,1,33,2,2,0
11,16,7,2010,3,7,8,2,2,1,1,1,1,1,1,2,1,2,9,6,2,1,33,2,2,0
1,5,8,2010,3,4,1,2,2,1,1,2,1,1,1,1,1,1,8,2,1,1,53,2,2,0
1,5,8,2010,3,1,1,2,2,1,1,1,1,1,1,3,1,1,14,5,1,3,11,2,2,1
8,5,8,2010,4,1,3,2,2,1,4,1,1,1,1,1,1,2,19,6,1,1,33,2,2,1
6,5,8,2010,1,7,1,2,2,1,4,1,1,1,1,1,1,2,9,6,1,1,33,2,2,0
1,6,7,2010,3,3,3,2,2,1,1,1,1,1,1,5,1,2,8,11,2,1,38,2,2,1
2,6,7,2010,3,3,1,2,2,1,1,2,1,1,1,1,1,1,14,2,1,1,35,2,2,0
4,6,7,2010,4,7,1,2,2,1,2,1,1,1,1,1,1,2,4,6,1,1,33,2,2,0
6,4,3,2010,1,7,1,2,2,1,4,1,1,1,1,1,1,2,19,11,1,1,33,2,2,0
8,3,4,2010,1,7,1,2,2,1,2,2,1,1,1,1,1,1,14,2,1,1,33,2,2,0
2,3,4,2010,1,7,1,2,2,1,1,1,1,1,1,3,1,1,14,6,1,1,44,2,2,0
2,3,4,2010,2,7,1,2,2,1,1,1,1,1,1,4,1,1,17,6,1,7,30,2,2,0
4,3,4,2010,2,1,1,2,2,1,2,2,1,1,1,1,1,2,14,2,1,1,29,2,1,0
8,3,7,2010,2,3,1,2,2,1,2,1,1,1,1,2,1,2,14,6,1,1,33,2,2,0
8,3,7,2010,4,3,3,2,2,1,4,1,1,1,1,1,1,2,19,6,1,1,33,2,2,0
6,4,4,2010,3,3,1,2,2,1,1,1,1,1,1,1,1,1,14,6,1,1,33,1,2,1
4,4,5,2010,2,1,8,2,2,1,2,2,1,1,1,3,1,2,9,1,1,1,33,1,2,0
1,4,6,2010,3,7,8,2,2,1,1,1,1,1,1,5,1,1,8,1,1,1,35,2,2,0
6,4,6,2010,4,7,1,1,2,1,2,1,1,1,3,1,1,1,9,11,2,3,33,1,2,1
1,2,7,2010,3,7,1,2,2,1,1,1,1,1,1,1,1,2,14,8,1,1,33,2,2,0