Thana,District,Month,Year,Time,Junction_Type,Traffic_Control,Movement,Divider,Weather,Light,Road_Geometry,Surface_Condition,Surface_Type,Surface_Quality,Road_Class,Road_Feature,Location_Type,Vehicle_Type,Vehicle_Movement,Vehicle_Loading,Vehicle_Defect,Vehicle_Driver_Age,Vehicle_Alcohol,Vehicle_Seat_Belt,Accident_Severity
4,2,7,2010,4,7,1,1,2,2,1,1,2,1,1,4,1,2,17,6,1,1,25,2,2,0
1,9,6,2010,2,7,1,2,2,1,1,1,1,1,1,5,1,1,14,6,1,1,33,2,2,0
10,9,4,2010,3,1,1,2,2,1,1,1,1,1,1,1,1,2,4,4,1,1,21,2,2,1
2,16,7,2010,1,3,1,2,2,1,1,1,1,1,1,3,1,1,10,6,1,1,33,2,2,0
1,12,7,2010,2,1,2,2,2,1,2,1,1,1,1,3,1,1,14,6,1,1,33,2,2,0
1,12,7,2010,4,5,1,2,2,1,2,4,1,1,1,3,1,1,14,6,1,7,33,2,2,0
1,2,6,2010,1,1,8,2,2,1,2,2,1,1,1,1,5,1,13,2,1,1,33,2,2,0
1,15,4,2010,3,1,1,2,2,1,1,1,1,1,1,4,1,2,7,6,1,1,38,2,2,0
6,15,7,2010,1,2,8,1,2,1,1,1,1,1,2,1,1,2,14,6,1,1,33,2,2,0
4,12,6,2010,3,1,1,2,2,1,1,1,5,1,1,3,3,2,9,6,1,1,33,2,2,0
7,13,10,2010,1,7,1,2,2,1,4,1,5,1,1,2,1,2,19,6,2,7,33,1,2,0
1,12,12,2010,2,7,1,2,2,4,1,1,1,1,1,4,1,2,9,6,1,5,40,2,1,0
2,12,12,2010,4,1,8,2,2,1,4,1,1,1,1,4,1,1,13,6,1,6,33,2,2,0
4,12,12,2010,2,7,1,2,2,1,1,1,1,1,1,4,1,2,4,11,1,1,33,2,2,0
1,12,10,2010,4,7,1,1,1,2,4,1,2,1,1,4,1,1,6,6,1,1,33,2,2,0
1,12,11,2010,1,7,8,1,2,1,1,1,1,1,1,4,1,2,5,1,1,2,33,1,2,0
1,12,11,2010,3,1,3,2,2,1,1,1,1,1,1,3,1,2,7,6,1,1,33,2,2,0
5,12,11,2010,2,1,3,1,2,1,1,1,1,1,1,1,2,1,14,6,1,1,33,2,2,0
5,12,9,2010,1,1,1,2,2,1,4,1,1,1,1,4,1,2,19,11,1,2,33,2,2,0
1,12,9,2010,3,2,1,2,2,1,1,1,1,1,1,5,1,2,10,4,1,1,30,2,2,1
1,12,9,2010,3,7,8,1,2,1,1,1,1,1,1,4,1,2,19,6,1,1,33,2,2,0
1,11,9,2010,4,3,8,2,1,1,4,4,5,1,2,3,3,2,7,6,1,1,33,2,2,0
5,11,9,2010,3,1,1,1,2,1,1,1,1,1,1,2,1,2,9,6,1,1,33,2,2,0
5,11,4,2010,3,1,1,2,2,1,4,1,1,1,1,2,1,2,19,6,1,1,33,2,2,0
1,11,10,2010,3,1,8,2,2,1,4,1,1,1,1,2,1,1,9,1,1,4,38,2,2,0
7,11,10,2010,4,7,1,2,2,1,2,1,1,1,1,3,1,2,19,6,2,7,33,2,2,1
6,11,10,2010,3,1,1,2,2,1,1,1,1,1,1,2,1,2,8,6,1,2,33,2,2,0
8,11,10,2010,2,7,8,2,2,1,1,1,1,1,1,4,1,2,9,6,1,5,33,1,2,3
8,11,11,2010,2,2,1,2,2,1,2,1,1,1,1,2,1,2,14,6,1,1,33,2,2,0
1,11,11,2010,2,1,1,1,2,1,1,1,1,1,1,4,1,2,17,6,1,5,33,2,2,0
4,11,7,2010,2,2,1,1,1,1,1,1,1,1,2,1,2,1,6,6,1,3,33,2,2,0
11,16,9,2010,4,1,1,1,2,1,1,1,1,3,2,4,1,1,19,6,1,3,33,2,2,0
2,16,9,2010,2,3,1,2,2,1,1,4,1,1,2,4,1,2,19,2,1,6,33,2,2,0
1,16,9,2010,4,1,8,2,2,1,4,1,1,1,1,5,1,2,9,7,1,1,33,2,2,0
6,16,9,2010,4,1,8,2,2,1,4,1,1,1,1,3,1,2,14,6,1,1,33,2,2,0
2,16,10,2010,2,2,8,2,2,1,4,1,1,1,1,4,1,2,14,4,2,1,33,1,2,0
10,16,11,2010,1,1,1,2,2,4,4,1,1,1,1,2,1,2,19,11,2,7,33,2,2,0
10,16,11,2010,1,7,8,2,2,1,2,1,1,1,1,2,1,2,19,11,2,7,33,2,2,0
10,16,11,2010,2,1,1,2,2,1,1,1,1,1,1,2,1,2,8,6,1,1,33,2,2,0
11,16,11,2010,1,7,8,2,2,1,4,1,1,1,1,2,1,2,14,5,1,1,33,2,2,0
1,9,9,2010,4,1,5,2,1,1,1,1,1,1,1,3,1,1,9,2,1,1,32,2,2,0
10,9,9,2010,2,1,1,2,2,1,1,1,1,1,1,1,1,2,14,6,2,7,33,1,2,0
10,9,9,2010,2,1,5,2,2,1,2,1,1,1,1,1,1,2,14,6,1,7,33,1,2,0
10,9,9,2010,1,1,1,2,2,1,2,1,1,1,1,1,1,2,19,6,1,1,33,2,2,0
4,9,9,2010,4,2,1,2,2,2,2,1,1,1,1,4,1,2,17,11,1,7,33,2,2,0
12,9,10,2010,3,7,1,2,2,1,1,1,1,1,1,5,1,2,8,6,1,1,38,2,2,0
4,8,11,2010,1,7,8,2,2,1,1,1,1,1,1,1,1,2,9,6,1,7,33,2,2,0
4,6,8,2010,2,1,8,1,2,1,1,1,1,1,1,1,1,2,14,6,1,1,33,2,2,0
2,9,11,2010,1,1,3,2,2,1,1,1,1,1,1,4,1,1,4,6,1,1,33,2,2,0
2,9,11,2010,1,1,1,2,2,1,2,1,1,1,1,2,1,2,19,6,1,1,33,2,2,0
4,9,11,2010,4,2,1,2,2,4,2,1,1,1,2,2,1,2,17,6,1,1,33,2,2,0
11,9,11,2010,4,7,8,2,2,1,4,1,1,1,1,1,1,2,9,6,1,7,33,2,2,0
10,9,11,2010,2,1,1,1,2,1,1,1,1,1,1,3,1,2,4,6,1,1,33,1,2,0
10,9,11,2010,1,7,1,2,2,1,1,2,1,1,1,1,1,2,19,6,2,7,33,2,2,0
10,9,12,2010,4,1,8,2,2,1,4,1,1,1,1,1,1,1,9,8,1,1,33,2,2,0
10,9,12,2010,1,1,1,2,2,1,1,1,1,1,1,1,1,2,9,6,1,1,33,2,2,0
10,9,12,2010,1,1,8,2,2,3,4,1,1,1,1,1,1,1,19,11,1,7,33,2,2,0
10,9,12,2010,3,1,1,1,1,1,1,1,1,1,1,1,1,2,12,6,1,1,33,2,2,0
5,5,9,2010,1,1,3,2,2,1,4,1,1,1,1,1,1,2,19,11,1,1,33,2,2,0
4,6,9,2010,2,1,8,1,1,1,1,1,1,1,1,1,1,2,9,6,1,1,33,2,2,0
3,6,9,2010,3,1,7,2,2,1,1,1,1,1,1,1,1,1,14,2,2,7,24,2,2,0
2,6,9,2010,2,3,1,2,2,1,1,1,1,3,1,4,1,1,4,5,1,1,33,2,2,3
1,6,10,2010,2,1,1,2,2,1,1,1,1,1,1,1,1,1,9,6,1,1,33,2,2,0
1,6,11,2010,2,4,3,2,2,4,1,1,1,1,1,5,1,2,14,7,1,1,40,1,2,0
3,2,12,2010,2,2,1,2,2,1,1,1,1,1,1,3,1,2,19,8,1,3,32,2,2,0
5,11,12,2010,1,1,5,2,1,1,1,1,1,1,1,2,1,2,9,2,1,1,33,2,2,0
3,5,11,2010,2,1,1,1,2,1,4,1,1,1,1,3,1,2,9,6,2,1,33,2,2,0
4,5,10,2010,2,7,1,1,2,1,1,1,1,1,1,1,1,2,14,5,1,1,33,1,2,0
10,7,11,2010,3,1,8,2,2,1,2,1,1,1,1,3,1,2,4,6,1,1,28,2,2,0
2,7,12,2010,1,1,8,2,1,4,4,1,5,1,1,3,1,2,13,11,2,5,60,1,2,0
11,16,12,2010,2,3,8,2,2,1,1,4,1,3,2,4,4,2,13,4,1,1,27,2,2,0
5,15,10,2010,4,1,8,2,2,1,4,1,1,1,1,3,1,2,10,6,1,3,38,2,2,0
4,15,10,2010,4,7,1,2,2,1,4,1,1,1,1,3,1,2,19,6,1,1,33,2,2,0
5,15,12,2010,4,1,1,2,2,1,2,3,1,1,1,3,1,2,19,11,2,1,35,2,2,0
2,10,10,2010,4,1,1,2,2,1,2,1,1,1,3,1,2,1,14,6,1,1,59,2,2,0
3,10,11,2010,3,7,8,2,2,1,1,1,1,1,1,2,1,2,9,11,1,7,34,2,2,1
5,10,12,2010,3,1,1,2,2,1,1,1,1,1,1,3,1,2,14,6,1,2,22,2,2,0
5,10,12,2010,4,7,8,2,2,1,4,2,1,1,1,3,1,2,14,6,1,1,45,2,2,0
2,6,12,2010,3,7,1,2,2,1,1,1,1,1,1,1,1,2,17,6,1,2,28,2,2,0
3,6,12,2010,3,1,1,2,1,1,1,1,1,1,1,2,1,2,8,6,1,1,33,2,2,0
2,3,12,2010,3,7,7,2,2,1,1,1,1,1,1,3,1,2,4,6,1,1,55,2,2,0
1,3,12,2010,2,7,1,2,2,1,1,1,1,1,1,5,1,1,14,11,1,1,33,1,2,0
7,13,11,2010,2,1,1,1,2,1,1,1,1,1,1,2,1,2,9,6,1,1,33,2,2,0
5,13,11,2010,2,2,8,1,1,1,1,2,1,1,1,2,1,2,8,11,2,1,33,2,2,0
3,4,12,2010,4,7,1,2,2,1,2,1,1,1,1,3,1,1,14,6,1,1,40,2,2,0
1,4,11,2010,3,7,8,2,2,1,1,3,5,1,1,3,1,2,9,6,1,1,28,2,2,0
6,4,10,2010,3,1,3,2,2,1,4,1,1,1,1,1,1,2,19,11,1,1,33,2,2,0
1,4,9,2010,2,7,8,2,2,1,1,1,1,1,1,2,1,2,12,6,1,1,35,2,2,0
2,4,8,2010,3,7,8,2,2,2,1,1,2,2,1,4,1,2,4,6,1,1,33,2,2,0
1,17,4,2010,3,1,1,2,2,1,3,1,1,1,1,5,1,2,19,6,2,1,33,1,2,0
7,17,6,2010,3,7,8,2,2,2,1,1,2,1,1,3,1,2,19,6,2,3,33,2,2,0
8,17,7,2010,3,7,1,2,2,1,1,1,1,1,1,4,1,2,13,6,2,7,25,1,2,1
1,17,7,2010,4,3,6,2,2,1,3,3,1,1,1,4,1,2,19,11,1,1,33,1,2,0
1,17,9,2010,3,7,1,2,2,1,1,1,1,1,1,5,1,2,8,5,1,1,31,2,2,0
9,17,10,2010,4,1,1,1,1,2,1,1,1,2,3,1,2,1,7,11,2,1,30,1,2,0
1,17,10,2010,2,3,7,2,2,1,1,1,1,1,1,3,1,2,6,6,1,1,45,2,2,0
7,17,11,2010,2,7,8,2,2,1,1,1,1,1,1,1,1,2,4,6,1,1,40,2,2,0
7,17,12,2010,3,7,8,2,2,1,2,1,1,1,1,1,1,2,12,6,1,1,30,2,2,3
8,17,12,2010,2,1,1,1,2,1,1,1,1,1,1,3,1,2,9,6,1,7,23,1,2,0
10,17,12,2010,2,1,8,2,2,1,1,1,5,1,1,1,1,2,9,6,1,7,33,2,2,0
4,6,12,2010,3,1,1,1,2,1,1,1,1,1,1,2,1,2,9,6,1,3,33,2,2,0
10,16,5,2010,1,7,1,2,2,4,1,1,1,1,3,1,2,1,19,11,1,1,33,2,2,0
5,11,12,2010,3,1,1,2,2,1,1,1,1,1,1,2,1,2,9,2,1,1,33,2,2,0
1,14,3,2010,2,7,1,2,2,1,1,1,1,1,1,5,1,1,19,5,1,7,35,2,2,0
4,14,3,2010,3,7,1,2,2,1,1,1,1,1,1,1,1,1,19,4,1,7,45,2,2,1
1,14,4,2010,3,7,1,1,1,1,1,1,1,1,1,5,1,1,9,5,1,7,33,2,2,0
3,14,5,2010,2,3,1,1,2,1,1,1,1,1,1,3,1,1,14,2,1,1,24,2,2,0
1,14,6,2010,3,3,4,2,1,1,1,1,1,1,1,5,1,1,9,6,1,3,38,2,2,0
1,14,7,2010,2,3,8,1,1,1,1,1,1,1,1,5,1,1,5,5,1,4,33,2,2,0
2,14,9,2010,3,1,1,2,2,2,1,1,1,1,1,5,1,1,13,6,1,5,33,2,2,0
1,56,8,2010,2,3,1,1,1,1,1,1,1,1,1,5,1,1,19,6,1,1,33,2,2,3
1,56,7,2010,2,1,1,2,2,1,1,1,1,1,1,5,1,1,12,6,1,1,33,2,2,0
9,56,7,2010,2,1,1,2,2,1,1,1,1,1,1,5,1,1,18,6,1,1,33,2,2,1
7,56,6,2010,3,1,1,2,2,1,4,1,1,1,1,1,1,2,9,6,1,1,24,2,2,0
7,56,6,2010,1,1,1,2,2,1,3,1,1,1,1,1,1,2,19,6,1,1,33,2,2,0
3,56,6,2010,3,1,1,2,2,1,1,1,1,1,1,1,1,2,9,6,1,1,40,2,2,1
3,56,5,2010,2,2,1,2,2,1,1,1,2,1,1,1,1,2,19,6,1,1,33,2,2,0
7,56,4,2010,3,1,1,2,2,1,1,4,1,1,1,1,1,2,10,6,1,1,40,2,2,0
3,56,2,2010,4,1,1,2,2,1,1,1,1,1,1,1,1,2,19,6,1,1,33,2,2,0
3,56,2,2010,3,1,1,2,1,2,1,1,1,1,1,1,1,2,1,6,1,1,33,2,2,0
3,56,1,2010,3,2,1,2,2,1,1,1,1,1,1,1,1,2,9,11,1,7,38,2,2,0
7,56,1,2010,3,2,3,2,2,1,1,1,1,1,1,1,1,2,14,2,1,1,30,2,2,0
7,56,1,2010,3,7,1,2,2,1,1,1,1,1,1,1,1,2,17,11,2,3,24,2,2,0
8,56,1,2010,1,1,2,2,2,1,1,1,1,1,1,2,1,2,5,9,1,1,33,2,2,1
1,53,8,2010,2,1,1,2,2,1,1,1,1,1,1,2,1,2,19,5,1,1,33,1,1,0
1,53,8,2010,2,1,1,2,2,1,1,1,1,1,1,2,1,2,8,6,1,1,33,2,2,0
12,53,8,2010,1,1,1,2,2,1,1,2,1,1,1,2,1,2,7,2,1,1,27,2,2,0
11,53,8,2010,2,1,1,2,2,1,1,1,1,1,1,3,1,1,2,6,1,1,33,2,2,0
6,53,5,2010,2,1,1,2,2,1,1,1,1,1,1,4,1,2,9,6,1,1,33,2,2,0
2,53,4,2010,3,1,2,2,2,1,1,1,1,1,1,4,1,2,4,6,1,1,33,2,2,0
7,53,4,2010,3,1,1,2,2,1,1,1,5,2,2,4,1,2,8,6,1,1,33,2,2,0
3,53,2,2010,1,1,1,2,2,1,1,1,1,1,2,4,1,2,17,6,1,1,33,2,2,0
6,53,3,2010,1,1,1,2,2,1,1,1,5,1,1,4,1,2,4,6,1,1,33,2,2,0
1,53,3,2010,1,1,1,2,2,1,1,1,5,2,3,4,1,2,6,6,1,1,33,2,2,0
3,53,3,2010,2,1,1,2,2,1,1,1,1,1,1,1,1,2,19,6,1,1,33,2,2,0
6,53,2,2010,3,1,1,2,2,1,1,1,1,1,1,3,2,2,5,5,1,1,19,1,2,0
4,53,2,2010,2,1,1,2,2,1,1,1,1,1,1,4,1,2,4,6,1,1,22,2,2,0
5,53,2,2010,3,1,1,2,2,1,1,2,1,1,1,4,1,2,5,1,1,1,33,1,2,0
11,53,1,2010,2,1,1,1,2,4,4,4,1,3,2,4,1,2,17,6,1,1,25,2,2,0
3,53,1,2010,4,1,1,2,2,4,4,1,1,1,1,1,1,2,5,6,1,1,33,1,2,0
3,55,7,2010,3,1,1,2,2,1,1,1,2,1,1,3,1,2,14,11,1,1,32,2,2,0
1,55,7,2010,3,1,1,2,1,1,1,1,1,1,1,1,1,1,14,6,1,1,30,2,2,0
1,55,2,2010,3,1,1,2,2,1,1,1,1,1,1,2,1,1,7,7,1,1,33,2,2,1
1,55,5,2010,2,1,1,1,2,1,1,1,1,1,1,1,1,2,12,6,1,1,38,2,2,0
1,55,5,2010,3,1,1,2,2,1,1,1,1,1,1,1,1,2,9,6,1,1,33,1,2,0
2,55,2,2010,2,1,1,2,2,1,1,1,1,3,2,1,1,2,17,9,1,7,33,2,2,0
1,55,1,2010,1,1,1,2,2,4,4,1,2,1,1,1,1,2,11,8,1,6,32,2,2,0
3,55,1,2010,2,1,1,2,2,1,1,4,1,1,1,3,4,2,14,2,1,1,36,2,2,0
1,55,4,2010,3,1,1,2,2,1,1,1,1,1,1,3,1,2,13,6,1,1,33,2,2,0
1,55,4,2010,3,1,1,2,2,1,1,2,1,1,1,1,5,1,9,1,1,1,65,2,2,1
7,55,3,2010,3,1,1,2,2,1,1,1,1,1,1,3,1,2,4,6,1,1,33,2,2,0
1,54,1,2010,2,1,3,2,2,1,1,1,1,1,1,2,1,1,10,6,1,1,33,2,2,0
10,54,1,2010,2,3,1,2,2,1,3,4,1,1,1,3,1,1,17,2,1,1,25,2,2,0
10,54,1,2010,3,1,1,2,2,1,1,1,1,1,1,4,1,2,8,8,1,1,30,2,2,0
6,54,1,2010,3,1,1,2,2,1,1,1,1,1,1,1,1,1,8,6,1,1,33,2,2,0
3,53,12,2010,2,1,1,2,2,1,1,1,1,1,1,4,1,1,5,6,1,6,33,2,2,0
8,53,11,2010,1,1,1,2,2,1,1,1,1,1,1,2,1,1,19,6,1,1,33,2,2,0
6,53,11,2010,1,1,6,2,2,1,1,1,1,1,2,4,1,1,8,6,1,6,33,2,2,0
1,53,10,2010,3,7,1,2,2,1,1,2,1,1,1,4,1,2,19,11,1,1,22,2,2,0
1,53,9,2010,3,3,1,2,2,1,1,1,1,1,1,2,1,1,6,2,1,6,30,2,2,0
1,56,12,2010,1,1,1,2,2,4,4,1,1,1,1,2,1,1,10,6,1,1,25,2,2,1
5,56,12,2010,2,1,1,2,2,1,1,1,1,1,1,4,1,1,12,6,1,1,33,2,2,0
4,56,10,2010,2,1,1,2,2,1,1,1,1,1,1,2,1,2,19,6,1,1,24,2,2,0
7,56,9,2010,3,1,1,2,2,1,1,1,1,1,1,1,1,2,7,6,1,1,27,2,2,0
3,56,9,2010,3,2,1,2,2,1,1,1,1,1,1,1,1,2,9,6,1,1,40,2,2,0
1,55,12,2010,3,1,1,2,2,1,1,1,1,1,1,1,1,2,10,6,1,1,28,2,2,0
1,55,12,2010,2,1,1,2,2,1,1,1,1,1,1,4,1,2,5,6,1,1,33,2,2,0
2,55,10,2010,1,1,1,2,2,1,1,1,1,1,1,4,1,1,4,6,1,1,40,2,2,0
6,55,10,2010,1,2,1,2,2,1,1,1,1,1,1,4,1,2,10,6,1,1,35,2,2,0
6,55,10,2010,2,1,1,2,2,1,1,1,1,1,1,4,1,1,4,6,1,1,28,2,2,0
6,55,10,2010,2,1,1,2,2,1,1,1,1,1,1,4,1,2,14,6,1,1,35,2,2,0
6,55,9,2010,2,1,1,2,2,1,1,1,1,1,1,3,1,2,12,6,1,1,33,2,2,0
8,54,10,2010,3,1,1,2,2,1,1,1,1,1,1,2,1,2,8,6,1,1,33,2,2,0
10,54,10,2010,3,1,1,2,2,1,1,1,1,1,1,4,1,2,9,6,1,1,33,2,2,0
7,54,7,2010,3,1,1,2,2,1,1,1,1,1,1,2,1,1,14,6,1,1,35,2,2,0
3,54,2,2010,3,1,1,2,2,1,1,1,1,1,1,2,1,2,7,7,1,1,35,2,2,0
3,54,4,2010,3,1,1,2,2,1,1,1,1,1,1,2,1,1,14,5,2,1,33,2,2,0
3,54,5,2010,3,1,1,2,2,1,1,1,1,1,1,2,1,2,7,6,1,1,25,2,2,0
3,54,9,2010,3,3,3,2,2,1,1,1,1,1,1,2,1,2,12,6,1,1,25,2,2,0
8,54,10,2010,4,1,1,2,2,1,4,1,1,1,1,1,1,2,9,6,1,1,33,2,2,0
13,54,7,2010,3,1,1,2,2,1,4,1,1,1,1,1,1,2,19,6,1,1,33,2,2,0
13,54,8,2010,3,1,1,2,2,1,1,1,1,1,1,1,1,1,7,6,1,1,33,2,2,0
13,54,11,2010,3,1,1,2,2,1,1,1,1,1,1,1,1,2,9,6,1,1,33,2,2,0
10,54,11,2010,2,1,1,2,2,1,1,1,1,1,1,4,1,2,12,6,1,1,30,1,2,0
6,54,3,2010,2,1,1,2,2,1,1,1,1,1,1,2,1,2,10,6,1,1,33,2,2,0
6,54,3,2010,3,1,1,2,2,1,1,1,1,1,1,4,1,2,8,6,1,1,33,2,2,0
5,54,1,2010,3,1,1,2,2,1,1,4,5,3,2,3,4,2,17,6,1,1,33,2,2,1
5,54,2,2010,3,3,1,2,2,1,1,1,1,1,1,4,1,2,12,6,1,1,28,2,2,0
5,54,3,2010,3,1,1,2,2,1,1,1,2,3,2,4,4,2,17,6,1,1,33,2,2,0
5,54,5,2010,3,1,1,2,2,1,1,1,1,1,1,4,1,2,6,6,1,1,26,2,2,0
11,54,11,2010,4,1,1,2,2,1,4,1,1,1,1,2,1,2,14,6,1,1,33,2,2,0
11,54,12,2010,4,1,1,2,2,1,4,1,1,1,1,3,1,2,12,11,1,1,28,2,2,0
1,54,7,2010,2,2,1,2,2,1,1,1,1,1,1,1,1,1,8,4,1,1,25,2,2,0
1,54,3,2010,4,3,1,2,2,1,2,1,1,1,1,2,1,1,19,6,1,1,33,2,2,0
1,54,8,2010,2,1,8,2,2,1,1,3,1,1,1,5,2,1,14,6,1,1,33,2,2,0
1,54,5,2010,4,3,1,2,2,2,4,1,2,1,1,3,1,2,19,6,1,1,33,2,2,0
1,54,5,2010,4,7,1,2,2,1,2,1,1,1,1,5,1,1,8,6,1,1,50,2,2,0
1,54,9,2010,2,1,1,2,2,1,1,1,1,1,1,2,1,1,5,6,1,1,33,2,2,0
1,54,9,2010,5,1,1,2,2,1,1,1,1,1,1,3,1,1,7,5,1,1,33,2,2,0
12,54,5,2010,5,1,3,2,2,1,1,1,1,1,1,1,1,1,19,6,1,1,33,2,2,0
12,54,6,2010,4,2,1,2,2,1,2,1,1,1,1,1,1,1,5,6,1,1,30,2,2,0
1,54,10,2010,3,1,1,1,1,1,1,1,1,1,1,1,1,1,12,6,1,1,32,2,2,1
1,54,11,2010,3,1,3,2,2,1,1,1,1,1,1,3,1,1,7,6,1,1,33,2,2,0
12,54,6,2010,3,1,1,2,2,1,1,1,1,1,1,1,1,2,7,6,1,1,33,2,2,1
12,54,8,2010,2,7,1,2,2,1,1,1,1,1,1,1,5,1,14,6,1,1,33,2,2,1
8,54,2,2010,2,1,1,2,2,1,1,1,1,1,1,1,1,1,14,11,1,1,33,2,2,0
8,54,2,2010,2,7,1,2,2,1,1,1,1,1,1,3,1,2,5,7,1,7,33,2,2,0
8,54,2,2010,1,1,1,2,1,1,1,1,1,1,1,2,2,2,14,6,1,7,33,2,2,0
8,54,2,2010,2,7,1,2,2,1,1,1,1,1,1,4,1,2,17,7,1,1,33,2,2,0
8,54,4,2010,1,1,1,1,2,4,2,1,1,1,1,2,1,2,14,6,1,1,33,2,2,0
8,54,5,2010,2,1,1,2,2,1,1,1,1,1,1,3,1,2,5,6,1,1,24,2,2,0
8,54,11,2010,2,1,1,2,2,1,1,1,1,1,1,2,1,2,17,11,1,1,19,2,2,0
9,54,2,2010,3,1,1,2,2,1,1,1,1,3,2,2,4,2,19,6,1,1,33,2,2,0
10,54,3,2010,3,1,1,2,2,1,1,1,1,1,1,4,1,2,12,6,1,1,33,2,2,0
10,54,4,2010,3,1,1,2,2,1,2,1,2,1,1,4,1,2,9,6,1,1,33,2,2,0
10,54,4,2010,3,1,1,2,2,1,1,1,1,1,1,4,1,2,13,6,1,1,33,2,2,0
7,54,3,2010,1,7,1,1,2,4,3,1,1,1,1,2,1,2,14,11,1,7,40,2,2,2
11,54,6,2010,3,1,1,2,2,1,1,1,1,1,1,2,1,1,4,11,1,1,33,2,2,0
4,5,5,2010,3,1,1,2,2,1,1,1,1,1,1,2,1,2,14,6,1,1,33,2,2,0
9,54,9,2010,3,1,1,2,2,1,1,1,1,1,1,1,1,2,7,6,1,1,27,2,2,0
3,53,11,2010,3,1,1,2,2,1,1,1,1,1,1,1,1,2,12,6,1,1,33,2,2,0
1,54,8,2010,1,1,1,2,2,1,1,1,1,1,1,1,1,1,12,6,1,1,26,1,2,0
1,54,9,2010,4,1,4,1,1,1,1,1,1,1,1,5,1,1,8,6,1,2,35,1,2,0
12,53,3,2010,3,1,1,2,2,1,1,1,1,1,1,1,1,2,19,6,1,1,33,2,2,0
1,28,1,2011,3,1,1,2,2,1,1,1,1,1,1,1,1,1,9,4,1,7,40,2,2,3
2,28,5,2011,3,7,2,1,2,1,1,1,1,1,1,1,1,1,14,7,1,7,23,2,2,0
4,28,1,2011,3,7,3,2,1,1,3,1,1,1,1,1,1,1,9,6,1,1,33,2,2,0
4,28,1,2011,2,1,1,2,2,1,2,1,1,1,1,1,1,1,14,6,1,4,33,2,2,0
4,28,2,2011,2,7,8,1,2,1,3,1,1,1,1,5,1,1,9,4,1,1,33,1,2,0
4,28,7,2011,4,1,1,2,2,1,3,1,1,1,1,5,1,1,14,5,1,7,33,2,2,0
5,28,2,2011,3,3,1,2,2,1,1,1,1,1,1,5,1,1,9,4,1,1,33,2,2,3
5,28,2,2011,4,7,8,2,2,1,2,1,5,1,1,1,1,1,9,11,1,1,33,1,2,0
5,28,3,2011,2,7,8,2,2,1,2,1,1,1,1,1,1,1,9,11,1,1,33,1,2,0
1,28,4,2011,3,7,1,1,2,1,1,1,1,1,1,1,1,2,19,11,2,7,33,1,2,0
5,28,6,2011,4,7,6,2,2,1,1,1,1,1,1,1,1,2,7,4,1,1,33,1,1,0
1,28,3,2011,3,7,1,2,2,1,1,1,1,1,1,5,1,1,9,1,1,7,33,2,2,0
1,28,7,2011,3,3,6,2,2,1,1,1,1,1,1,1,1,1,14,6,2,7,30,2,2,0
2,28,5,2011,2,7,8,2,2,1,1,1,1,1,1,2,1,1,9,11,1,7,33,1,2,0
1,28,7,2011,3,1,1,1,2,1,1,1,1,1,1,5,1,1,14,11,1,1,33,2,2,0
1,28,10,2011,3,3,8,1,2,1,1,1,1,1,1,5,1,1,14,6,1,7,27,2,2,0
2,28,2,2011,2,7,1,2,2,1,1,1,1,1,1,5,1,1,14,6,2,6,33,1,2,0
2,28,3,2011,3,7,1,2,2,1,1,1,1,1,1,5,1,1,5,6,1,7,33,1,2,0
2,28,10,2011,4,7,8,2,1,1,2,1,1,1,1,5,1,1,14,6,1,7,48,1,2,0
3,28,1,2011,2,7,1,2,2,1,1,1,1,1,1,1,1,1,19,11,1,7,33,1,2,0
3,28,5,2011,4,1,8,1,2,1,2,1,1,1,1,5,1,1,5,11,1,6,33,1,2,0
3,28,5,2011,4,7,1,2,2,1,2,2,2,1,1,5,1,1,5,2,1,7,33,1,2,0
4,28,10,2011,3,7,8,1,1,1,1,1,1,1,1,1,1,1,9,5,2,7,33,1,2,0
1,28,10,2011,2,4,4,2,2,1,1,1,1,1,1,5,1,1,9,11,1,1,33,2,2,0
1,28,11,2011,2,1,1,1,1,1,1,1,1,1,1,5,1,1,9,6,1,7,36,1,2,0
1,28,12,2011,3,1,8,2,2,1,3,1,1,1,1,5,1,1,12,5,2,7,31,2,2,3
5,28,10,2011,3,7,1,2,2,1,1,1,1,1,1,1,1,1,14,6,1,1,22,2,2,0
5,28,12,2011,3,7,3,2,2,1,1,1,1,1,1,5,1,1,9,7,1,1,33,2,2,0
6,21,7,2011,3,1,1,2,2,1,1,1,1,1,1,1,2,1,14,6,1,1,33,2,2,0
8,26,7,2011,1,1,1,2,2,1,1,1,1,1,1,5,4,1,4,6,1,1,35,2,2,0
4,26,4,2011,2,1,1,2,2,1,1,1,1,1,1,4,2,2,8,6,1,4,33,2,2,0
8,26,10,2011,2,1,1,2,2,1,1,1,1,1,1,4,1,2,4,8,1,1,33,2,2,1
8,26,9,2011,1,3,1,1,2,1,1,1,1,1,1,4,1,2,4,1,1,1,33,2,2,0
1,26,7,2011,4,1,1,2,2,1,4,1,1,1,1,1,1,2,19,6,1,2,33,2,2,0
3,26,10,2011,4,1,1,2,2,1,3,1,1,1,2,1,2,2,5,5,1,1,22,2,2,0