Thana,District,Month,Year,Time,Junction_Type,Traffic_Control,Movement,Divider,Weather,Light,Road_Geometry,Surface_Condition,Surface_Type,Surface_Quality,Road_Class,Road_Feature,Location_Type,Vehicle_Type,Vehicle_Movement,Vehicle_Loading,Vehicle_Defect,Vehicle_Driver_Age,Vehicle_Alcohol,Vehicle_Seat_Belt,Accident_Severity
1,26,2,2011,2,1,2,1,1,1,1,1,1,1,1,1,3,2,9,6,2,7,33,1,1,0
4,26,10,2011,2,1,1,2,2,1,1,1,1,1,1,2,2,2,13,7,1,1,30,2,2,0
1,26,11,2011,2,1,1,2,2,4,1,1,2,1,1,2,1,1,10,6,1,1,45,2,2,0
1,26,12,2011,3,1,1,2,2,1,1,1,1,1,1,2,1,2,9,3,1,1,47,2,2,0
5,26,9,2011,4,2,1,2,2,1,4,1,1,1,1,1,1,2,1,6,1,1,33,2,2,1
3,24,2,2011,1,1,1,2,2,3,1,1,1,1,1,4,1,1,13,3,1,1,38,2,2,0
1,24,3,2011,3,3,1,2,2,1,1,1,1,1,1,2,4,2,14,6,1,7,33,2,2,0
1,24,3,2011,1,1,1,2,2,1,1,1,1,1,1,1,2,2,14,6,1,1,33,1,2,0
1,24,6,2011,4,1,1,2,2,1,4,1,1,1,1,2,5,2,13,1,1,3,42,2,2,1
4,24,6,2011,3,1,1,2,2,1,1,2,1,1,1,5,1,2,1,6,1,1,33,2,2,1
5,24,2,2011,3,1,1,2,2,1,1,1,1,1,1,3,1,2,4,5,1,1,33,2,2,3
6,24,2,2011,1,1,4,2,2,1,2,2,1,1,1,3,1,2,13,6,1,1,33,2,2,0
3,24,7,2011,1,1,1,2,2,1,2,1,1,1,1,1,1,2,9,6,1,1,45,2,2,0
3,24,2,2011,1,1,1,2,1,1,1,1,1,1,1,2,1,2,4,11,1,1,33,2,2,0
5,26,12,2011,2,2,1,2,2,1,1,1,1,1,1,1,1,1,1,6,1,1,33,2,2,0
4,26,6,2011,2,3,1,2,2,1,1,1,1,1,1,2,1,2,13,6,1,1,40,2,2,3
6,21,7,2011,3,1,1,2,2,1,1,1,1,1,2,1,2,1,14,2,1,7,33,1,2,0
3,21,6,2011,4,1,1,2,2,1,2,1,2,1,1,1,1,2,19,6,1,7,33,2,2,0
1,21,4,2011,2,1,1,2,2,1,1,1,1,1,1,1,1,1,14,6,1,1,33,2,2,0
3,21,2,2011,2,1,1,2,2,1,1,1,1,1,1,1,1,1,9,6,1,1,49,2,2,0
6,21,1,2011,3,7,1,2,2,1,1,1,1,1,1,1,1,2,9,6,2,5,33,2,2,0
3,21,12,2011,3,1,1,2,2,1,1,1,1,1,1,1,1,2,4,6,1,7,33,2,2,0
5,21,12,2011,2,1,1,2,2,1,1,1,1,1,1,1,1,2,9,8,1,1,54,2,2,0
6,21,11,2011,3,1,1,2,2,1,1,1,1,1,1,4,1,2,19,6,1,7,33,2,2,0
5,21,9,2011,4,1,1,2,2,1,2,2,1,2,2,1,2,1,5,6,2,7,33,2,2,0
1,23,11,2011,3,2,8,2,2,1,1,1,1,1,1,2,1,2,19,3,1,2,22,2,2,0
1,19,6,2011,3,3,8,2,2,1,1,1,1,1,1,2,1,1,9,11,1,7,40,2,2,0
3,19,4,2011,1,1,8,2,2,1,1,2,1,1,2,3,1,2,4,6,1,7,33,2,2,0
4,19,10,2011,2,1,1,2,2,1,1,1,1,1,1,1,4,1,14,5,2,7,33,2,2,0
4,19,10,2011,2,1,1,2,2,1,1,1,1,1,1,4,1,2,8,5,2,7,33,2,2,0
1,19,12,2011,4,1,1,2,2,4,2,1,1,1,1,5,1,2,14,6,1,7,33,2,2,0
1,22,1,2011,2,1,8,2,2,1,4,1,1,1,1,1,1,2,10,6,2,1,33,2,2,1
3,22,3,2011,4,1,1,2,2,1,3,1,1,1,1,4,1,1,14,1,1,1,32,2,2,0
2,22,5,2011,1,1,8,2,2,1,1,1,1,1,2,1,2,1,4,6,1,1,28,2,2,0
1,22,5,2011,4,1,1,2,2,1,4,1,1,1,1,1,2,1,19,11,1,7,33,1,2,0
1,22,5,2011,3,1,1,2,2,1,4,1,1,1,1,1,2,1,14,11,1,7,33,2,2,0
1,22,6,2011,3,7,8,2,2,1,1,1,1,1,1,2,1,2,4,2,1,1,40,2,2,0
2,22,7,2011,2,1,1,2,1,1,1,1,1,1,2,5,2,1,19,6,1,7,30,2,2,0
4,22,3,2011,1,1,8,2,2,1,1,2,1,1,1,1,2,2,19,6,1,7,33,2,2,0
2,22,9,2011,2,1,8,2,2,1,1,1,1,1,1,4,1,2,14,6,1,7,33,2,2,0
1,22,11,2011,3,1,1,2,2,1,1,1,1,1,1,1,1,2,4,6,1,7,20,2,2,0
1,20,1,2011,2,1,1,2,2,1,1,1,1,1,1,4,1,2,9,6,1,1,33,2,2,0
3,20,2,2011,3,1,1,2,1,1,1,1,1,1,1,3,1,2,13,6,1,1,38,2,2,0
1,20,3,2011,4,1,1,1,2,1,4,1,1,1,2,5,1,2,17,6,1,1,33,2,2,0
1,20,4,2011,3,1,1,2,2,1,1,1,1,1,1,4,1,2,8,6,1,1,33,2,2,0
2,20,4,2011,1,1,1,2,2,1,1,1,1,1,1,4,1,1,4,11,2,7,22,2,2,0
1,20,7,2011,1,1,1,2,2,1,1,1,1,1,1,2,1,2,7,6,1,7,32,2,2,1
6,18,5,2011,2,1,1,2,2,1,1,1,1,1,1,2,2,1,14,6,1,1,23,2,2,0
2,18,6,2011,3,1,1,2,2,1,1,1,1,2,3,3,1,2,16,6,2,6,33,2,2,0
1,18,7,2011,3,1,1,2,2,1,1,1,1,1,1,1,1,2,9,6,1,1,33,2,2,0
5,18,7,2011,3,1,1,2,2,1,1,1,1,1,1,2,1,2,19,6,2,6,33,2,2,0
5,18,7,2011,3,1,1,2,2,1,1,1,1,1,1,2,2,2,6,6,1,3,33,2,2,0
2,18,7,2011,2,1,1,2,2,1,1,1,1,1,1,3,1,2,4,6,1,1,33,2,2,0
2,18,7,2011,3,3,1,2,2,1,1,1,1,1,1,5,1,1,8,1,1,1,33,2,2,0
2,18,7,2011,2,1,1,2,2,1,1,1,2,1,1,2,1,2,19,8,1,1,33,2,2,0
1,18,4,2011,3,1,1,2,2,1,1,1,1,1,1,1,1,1,14,6,1,1,36,2,2,0
1,18,8,2011,4,1,1,2,2,1,4,1,1,1,1,1,1,2,11,6,1,1,33,1,1,1
1,18,8,2011,3,1,1,2,2,1,1,1,1,1,1,4,1,2,19,6,2,6,33,2,2,0
6,18,8,2011,3,1,1,2,2,1,1,1,1,1,1,1,2,2,14,6,1,1,33,1,1,0
7,18,8,2011,3,1,1,2,2,1,1,1,1,1,1,1,1,2,10,6,1,1,33,2,2,0
1,18,9,2011,3,1,1,2,2,1,1,1,1,1,1,5,1,1,4,1,1,1,33,2,2,0
1,18,8,2011,5,1,1,2,2,1,1,1,5,2,2,4,1,2,4,7,1,1,33,2,2,0
1,18,9,2011,1,1,1,2,2,1,1,1,1,1,1,1,1,1,19,6,1,2,33,2,2,0
7,18,2,2011,1,1,1,2,2,1,1,1,1,1,1,1,1,2,14,8,1,1,33,1,1,0
1,18,2,2011,3,3,1,2,2,1,1,1,1,1,1,5,1,2,2,6,1,1,33,2,2,0
1,18,2,2011,1,1,1,2,2,1,2,2,1,1,1,1,3,2,19,6,1,7,33,1,1,0
1,18,3,2011,5,3,4,2,2,1,1,1,1,1,1,2,1,1,9,6,1,3,28,2,2,0
1,18,3,2011,2,1,1,2,2,1,1,1,1,1,1,4,1,2,19,6,1,1,33,2,2,1
3,18,3,2011,3,1,1,2,2,1,1,1,1,1,2,4,1,2,17,6,2,6,33,2,2,0
3,18,4,2011,2,1,1,2,2,1,1,1,1,1,1,4,1,2,4,6,1,7,27,2,2,0
1,18,5,2011,1,1,1,2,2,1,2,1,1,1,1,1,2,2,12,6,2,1,33,2,2,0
5,18,5,2011,2,1,1,2,2,1,1,1,1,1,1,1,2,1,19,6,1,6,33,2,2,0
5,18,5,2011,3,1,1,2,2,1,1,1,1,1,1,2,1,2,19,6,2,6,33,2,2,0
3,18,5,2011,3,1,1,2,2,1,1,2,1,1,1,4,1,1,19,6,2,6,33,2,2,0
1,18,11,2011,3,1,1,2,2,1,1,1,1,1,1,1,2,2,19,6,1,2,33,1,0,0
1,18,11,2011,4,2,1,2,2,1,3,1,1,1,1,1,1,1,19,6,1,7,33,2,2,0
1,18,11,2011,1,1,1,2,2,1,3,1,1,1,1,1,1,1,16,6,1,2,33,2,2,0
5,18,11,2011,4,1,1,2,2,4,4,1,1,1,1,2,1,1,3,4,2,6,40,2,2,1
5,18,12,2011,1,1,1,2,2,1,1,1,1,1,1,2,1,1,13,5,1,7,33,2,2,0
5,18,12,2011,3,1,1,2,2,1,1,1,1,1,1,2,2,2,19,6,1,7,30,2,2,0
1,18,12,2011,1,1,1,2,2,1,1,1,1,1,1,1,1,1,14,6,1,7,33,2,2,0
1,18,12,2011,5,1,1,2,2,1,1,1,1,1,1,4,1,2,19,6,1,6,33,1,2,0
1,29,2,2011,4,2,1,2,2,4,4,1,1,1,1,1,1,2,9,6,1,1,33,2,2,2
1,29,2,2011,3,1,1,2,2,1,1,1,1,1,2,2,2,1,4,6,1,1,33,2,2,0
1,29,12,2011,2,1,1,2,2,1,1,1,1,1,1,2,3,2,7,6,1,7,33,2,2,0
3,29,6,2011,2,1,1,2,2,1,1,1,1,1,1,2,1,2,6,6,1,2,33,2,2,0
3,29,2,2011,2,1,1,2,2,1,1,2,1,1,1,2,1,2,9,2,1,1,30,2,2,0
5,29,7,2011,1,1,1,2,2,1,1,1,1,1,1,2,2,2,9,4,1,1,33,2,2,0
8,29,6,2011,3,1,1,2,2,1,4,1,2,1,1,5,1,1,14,6,1,1,33,2,2,0
5,29,7,2011,1,1,1,2,2,1,4,1,1,1,1,2,1,1,9,6,1,7,33,1,2,0
1,29,6,2011,2,1,1,1,1,4,1,2,1,1,1,1,1,2,14,2,2,1,33,2,2,0
1,29,5,2011,1,1,1,2,2,1,2,2,3,2,2,4,1,2,10,1,1,1,33,1,1,0
8,29,6,2011,3,1,1,2,2,1,4,2,1,1,1,1,1,2,9,1,1,2,33,2,2,0
8,29,8,2011,2,1,1,2,2,1,1,1,1,1,1,5,1,2,19,7,2,1,35,2,2,0
7,29,4,2011,2,1,1,2,2,1,1,1,1,1,1,5,1,2,9,6,1,1,33,2,2,0
8,29,1,2011,3,1,1,2,2,1,1,4,1,1,2,4,1,2,4,6,2,1,33,2,2,0
1,29,11,2011,3,7,1,2,2,1,1,2,1,1,1,1,1,2,9,1,2,1,45,2,2,1
1,25,3,2011,2,1,1,2,2,1,1,1,1,1,1,2,1,1,14,2,1,1,33,1,1,0
1,25,6,2011,2,1,8,2,2,1,1,1,1,1,1,4,1,2,14,6,2,1,40,1,1,0
8,25,7,2011,4,1,1,2,2,1,1,1,1,1,1,2,1,2,9,8,2,7,33,2,2,0
8,25,3,2011,3,1,1,2,2,1,1,1,1,1,1,2,1,2,4,11,2,2,33,1,2,0
1,25,1,2011,2,1,1,2,2,1,1,1,1,1,1,5,2,1,14,6,1,2,33,2,2,1
1,25,1,2011,3,1,1,2,2,1,1,1,1,1,1,5,1,2,14,6,1,2,33,1,1,0
1,25,1,2011,3,1,1,2,2,1,1,1,1,1,1,5,1,2,9,6,1,1,33,2,2,0
1,25,3,2011,2,1,1,2,2,1,1,1,1,1,1,5,1,2,10,6,1,2,33,2,2,0
1,25,3,2011,4,1,1,2,2,1,4,1,1,1,2,5,1,2,9,6,1,1,33,2,2,0
1,25,3,2011,2,1,1,2,2,1,1,1,1,1,1,5,2,1,4,6,1,1,33,1,1,0
1,25,5,2011,2,1,1,2,2,1,1,1,1,1,1,5,1,2,18,9,2,1,33,2,2,0
1,25,6,2011,2,1,1,2,2,1,1,1,1,1,1,5,1,2,18,6,2,5,32,2,2,0
1,20,11,2011,2,1,1,2,2,1,1,1,1,1,1,2,2,2,14,6,1,1,33,1,1,0
1,20,12,2011,2,1,1,2,2,1,2,1,1,1,1,4,1,2,14,6,2,1,42,1,2,2
1,20,12,2011,1,1,1,2,2,1,1,1,1,1,1,2,1,2,9,6,1,1,33,2,2,0
2,20,11,2011,2,1,1,2,2,1,1,1,1,1,1,4,1,2,18,1,1,1,33,1,2,0
4,20,10,2011,1,3,1,2,2,1,1,1,2,1,1,4,1,2,14,6,1,1,33,2,2,0
8,25,12,2011,3,3,1,2,2,1,1,1,1,1,1,2,2,1,4,1,1,2,28,1,1,0
1,25,10,2011,4,1,1,2,2,1,1,1,1,1,1,2,1,2,6,5,1,1,40,2,2,1
1,25,8,2011,3,1,1,2,2,1,1,1,1,1,1,3,1,1,9,6,1,2,32,2,2,0
1,25,8,2011,3,1,1,2,2,1,1,1,1,1,1,3,1,2,9,6,1,1,32,2,2,0
1,25,9,2011,3,1,1,2,2,1,1,1,1,1,1,4,1,2,13,6,1,1,32,2,2,1
1,29,3,2011,2,1,1,2,2,1,1,1,1,1,1,2,1,2,7,6,1,7,33,2,2,0
4,29,9,2011,1,1,1,2,2,1,1,1,1,1,1,2,1,2,9,6,1,1,34,2,2,0
5,29,11,2011,2,1,1,2,2,1,1,1,1,1,1,2,1,2,8,6,1,1,33,2,2,0
8,29,8,2011,2,1,1,2,2,1,1,1,1,1,1,3,1,1,6,1,1,7,35,2,2,0
8,29,9,2011,3,1,1,2,2,1,1,1,1,1,1,1,1,2,7,6,1,1,30,1,1,1
7,24,11,2011,2,1,1,2,2,1,1,1,1,3,1,4,1,1,14,6,1,2,33,1,2,0
5,11,3,2011,3,3,1,2,2,1,1,1,1,1,1,1,1,2,9,6,1,1,33,2,2,0
11,11,4,2011,3,7,1,1,2,1,1,1,1,1,1,4,1,2,14,11,1,1,33,2,2,0
1,11,5,2011,2,7,1,2,2,1,2,1,1,1,1,1,1,1,4,4,1,7,33,2,1,0
5,11,5,2011,3,4,1,2,2,1,1,1,1,1,1,1,1,2,14,6,1,1,30,2,2,0
10,11,6,2011,2,7,1,2,2,2,4,2,2,2,3,4,1,2,8,5,1,1,33,2,2,0
10,11,6,2011,2,7,1,2,2,1,1,1,1,1,1,3,1,2,19,6,1,1,28,2,2,0
8,11,1,2011,3,3,3,2,2,1,1,1,1,1,1,2,1,2,8,7,1,1,33,2,2,0
5,11,2,2011,3,7,1,2,2,1,1,1,1,1,1,2,1,2,9,11,1,1,33,2,2,0
1,11,2,2011,2,4,1,2,2,1,1,4,1,3,2,4,1,2,17,11,2,7,33,1,2,0
4,12,3,2011,2,1,1,1,2,1,1,1,1,1,1,2,1,2,14,11,1,1,25,2,2,0
1,12,3,2011,2,1,1,1,2,1,1,1,1,1,1,1,1,1,9,6,1,1,33,1,2,0
2,12,3,2011,3,1,8,1,2,1,2,1,1,1,1,4,1,2,8,6,1,1,33,2,2,0
5,12,7,2011,2,7,1,1,2,1,1,5,1,1,1,2,1,2,14,8,1,7,35,1,2,0
2,12,2,2011,2,1,8,1,2,1,1,1,1,1,1,4,1,2,8,11,2,1,33,2,2,1
3,13,5,2011,2,7,1,1,2,1,1,1,1,1,1,4,1,2,14,6,1,7,25,2,2,0
5,13,5,2011,3,1,1,2,1,1,1,1,1,1,1,1,1,2,14,6,1,1,30,2,2,0
5,13,5,2011,2,7,1,2,2,1,1,1,1,1,1,2,1,2,14,6,1,1,33,2,2,0
2,13,9,2011,3,1,3,1,2,1,1,1,1,1,1,4,1,2,14,11,1,1,36,2,2,0
8,13,9,2011,4,1,8,1,2,1,4,1,1,1,1,1,1,2,19,6,2,7,33,2,2,0
5,13,1,2011,2,7,1,2,2,1,1,1,1,1,3,4,1,2,8,4,2,1,27,2,2,0
9,13,2,2011,3,1,8,1,2,1,1,1,1,1,1,2,1,2,7,6,1,1,27,2,2,0
10,16,2,2011,2,2,1,2,2,1,1,1,1,1,1,1,1,2,10,6,1,1,33,2,2,1
2,16,2,2011,4,7,8,2,2,1,4,5,5,1,1,2,1,2,13,11,1,7,25,2,2,0
10,16,7,2011,2,3,1,2,2,1,1,1,5,1,1,1,1,2,19,6,1,1,33,2,2,0
8,16,1,2011,3,1,1,2,2,1,1,1,1,1,1,4,1,2,4,5,1,1,38,2,2,0
8,16,5,2011,4,1,1,2,2,1,4,1,1,1,2,1,1,2,10,6,1,1,33,2,2,0
3,1,3,2011,2,7,8,2,2,1,1,2,1,1,1,2,1,2,14,2,1,2,33,1,2,0
1,1,3,2011,4,1,3,2,2,1,2,1,1,1,1,1,1,1,14,6,2,7,30,1,2,0
3,1,6,2011,2,7,1,2,2,1,3,1,1,1,1,5,1,2,13,11,1,2,33,1,0,0
5,1,4,2011,3,7,1,2,1,1,1,1,1,1,1,1,1,2,8,6,2,7,33,1,2,0
5,1,5,2011,1,7,1,2,2,1,1,1,1,1,1,1,1,2,14,7,1,6,33,1,2,0
1,6,2,2011,4,1,3,2,2,4,2,1,1,1,1,2,1,2,19,6,1,2,33,1,0,0
5,6,1,2011,4,1,1,2,2,1,2,2,1,1,1,4,1,2,17,5,1,3,33,1,2,0
4,6,2,2011,2,1,8,1,2,1,1,3,1,1,1,2,1,2,8,6,1,1,42,2,2,2
5,6,2,2011,3,1,1,2,2,1,1,2,1,1,1,1,1,2,14,11,1,7,33,1,0,0
4,6,3,2011,3,1,1,2,2,1,1,1,1,1,1,2,1,2,14,6,1,1,40,2,2,0
3,6,3,2011,4,2,2,2,2,1,2,1,1,1,1,1,1,2,8,6,1,1,45,1,2,0
1,6,4,2011,3,7,2,2,1,1,1,2,1,1,1,1,1,2,8,6,2,1,33,1,0,1
4,6,4,2011,2,1,1,1,2,1,1,1,1,1,1,2,1,1,9,6,1,2,33,1,0,0
3,6,4,2011,2,6,2,2,2,1,1,2,1,1,1,1,1,2,8,6,1,1,35,1,0,0
3,6,4,2011,3,4,8,2,2,1,1,2,1,1,1,1,1,1,17,2,1,1,35,1,2,0
1,6,7,2011,3,2,1,2,2,1,1,1,1,1,1,1,1,2,14,11,1,1,40,2,2,0
1,4,1,2011,3,4,8,2,2,1,1,1,1,1,1,1,1,2,13,11,1,3,28,2,2,0
1,4,1,2011,2,7,1,1,2,1,1,1,1,1,1,2,1,2,9,1,1,1,33,1,2,0
3,4,3,2011,3,1,1,2,2,1,1,1,1,1,1,2,1,2,17,6,1,1,32,1,2,0
3,4,4,2011,2,1,1,2,2,1,1,1,1,2,1,2,1,2,17,6,1,1,22,2,2,0
5,4,4,2011,2,1,1,2,2,1,1,1,1,1,1,2,1,2,14,2,1,1,33,1,2,0
6,4,4,2011,3,1,1,2,1,1,1,2,1,1,1,1,1,2,9,11,1,1,33,2,2,0
1,4,5,2011,3,7,8,2,2,1,1,1,1,2,2,1,2,1,8,1,1,3,45,1,2,0
4,4,6,2011,4,1,8,2,2,1,2,1,1,1,1,1,1,2,10,6,1,2,33,1,0,0
1,4,7,2011,4,4,1,2,2,2,1,2,2,1,1,2,1,2,8,4,1,3,40,1,2,0
3,4,7,2011,4,1,1,2,2,1,4,1,1,1,2,2,1,2,14,11,1,1,26,1,2,0
11,7,1,2011,3,1,1,2,2,1,1,1,1,1,1,4,1,2,8,11,1,1,33,2,2,2
1,7,1,2011,4,7,1,2,2,1,4,1,1,1,1,1,1,1,5,1,1,7,33,1,2,1
11,7,6,2011,3,1,1,2,2,1,1,1,1,1,1,4,1,2,19,6,1,1,33,2,2,3
5,2,2,2011,2,7,1,2,2,1,1,1,1,1,1,2,1,2,9,6,1,1,33,1,2,0
1,2,3,2011,3,1,3,2,2,1,1,1,1,1,1,1,1,2,8,7,1,1,33,1,2,0
1,2,12,2011,3,3,1,1,2,1,1,1,1,1,1,1,1,2,14,8,2,7,25,1,2,0
1,2,12,2011,4,1,7,2,2,1,2,1,1,1,1,2,1,2,19,6,1,1,33,2,2,0
3,2,12,2011,3,2,1,2,2,1,1,1,1,3,1,5,1,2,14,7,1,1,28,2,2,0
2,2,11,2011,3,7,8,2,2,4,1,1,1,1,2,4,1,2,10,6,1,2,33,1,0,0
5,2,12,2011,1,7,8,2,2,4,2,1,1,1,2,2,1,2,14,11,1,7,33,1,2,0
1,2,11,2011,2,1,1,2,2,2,1,1,1,1,1,4,1,2,19,6,1,1,33,2,2,0
3,2,11,2011,2,7,8,1,1,1,1,1,1,1,1,4,1,2,19,6,1,7,33,2,2,0
4,2,11,2011,3,7,3,1,2,1,1,1,1,1,1,1,1,2,17,6,1,7,33,2,2,0
1,2,10,2011,3,1,1,2,2,1,1,1,1,1,1,4,1,2,17,6,1,1,33,2,2,0
3,2,10,2011,2,1,1,2,2,1,1,1,1,1,1,2,1,2,19,11,1,7,28,2,2,0
1,2,1,2011,3,7,8,2,2,1,1,1,1,1,1,1,1,2,14,6,1,1,40,2,2,1
2,2,1,2011,2,1,1,2,2,1,1,3,1,3,2,4,1,2,19,6,1,1,33,2,2,0
5,2,4,2011,3,7,3,2,2,1,1,1,1,1,1,1,1,2,4,5,1,1,30,2,1,0
2,2,5,2011,2,7,8,1,2,1,1,1,1,3,2,4,1,2,19,6,1,7,33,2,2,0
5,2,5,2011,3,1,8,2,2,1,1,1,2,1,1,4,1,2,19,6,2,7,20,2,2,0
1,2,5,2011,4,1,1,1,2,1,2,1,1,1,1,1,1,2,9,6,1,1,33,2,2,0
1,2,5,2011,2,1,1,2,2,1,1,1,1,1,1,4,1,2,17,6,1,1,25,2,2,0
1,2,5,2011,3,7,8,1,2,1,1,1,1,1,1,4,1,2,17,6,1,7,35,2,2,0
1,2,6,2011,2,7,1,2,2,1,1,1,2,1,1,4,1,2,19,6,2,1,30,2,2,0
3,2,6,2011,2,1,4,2,2,1,1,1,1,1,1,2,1,2,13,6,1,1,33,2,2,3
2,2,7,2011,3,1,2,2,2,1,1,1,5,1,2,4,1,2,19,6,1,1,33,2,2,0
11,3,2,2011,3,7,8,2,2,1,1,1,1,1,1,3,1,2,19,5,1,7,24,2,2,0
11,3,2,2011,3,1,1,1,2,2,2,3,1,1,1,2,1,2,14,6,1,3,22,2,2,0
12,3,3,2011,1,1,8,2,2,4,4,1,2,1,1,3,1,2,9,6,1,1,33,2,2,0
7,3,6,2011,4,1,8,1,2,1,1,1,1,1,1,1,1,2,9,6,1,1,33,2,2,0
1,8,1,2011,3,2,3,2,2,2,1,1,1,1,1,3,1,2,13,6,1,1,33,2,2,0
5,8,4,2011,3,1,1,2,2,1,1,1,1,1,1,1,1,2,19,2,2,1,33,2,2,0
1,8,5,2011,4,2,1,2,2,1,2,2,2,1,2,5,1,1,17,1,1,7,33,2,2,0
1,8,6,2011,2,1,8,2,2,1,1,1,1,1,1,3,1,2,9,6,1,1,50,2,2,0
4,8,6,2011,1,1,1,2,2,1,2,1,1,1,1,1,1,2,14,6,1,1,31,2,2,3
7,8,7,2011,3,7,8,2,2,1,1,1,1,1,1,1,1,2,4,11,1,7,33,2,2,0
8,13,12,2011,1,1,1,2,2,1,3,2,1,1,1,1,1,2,14,7,1,2,33,2,2,1
8,13,12,2011,3,1,1,2,2,1,1,1,1,1,1,1,1,2,17,1,1,1,33,1,2,0
5,12,12,2011,3,7,8,1,2,1,1,1,1,1,1,1,1,2,14,6,1,1,33,2,2,0
5,11,7,2011,1,1,1,2,2,1,4,1,1,1,1,1,1,2,10,6,1,2,33,2,2,0
5,11,7,2011,3,1,1,2,1,1,1,1,1,1,1,1,1,2,8,6,1,7,40,2,2,0
7,11,7,2011,2,7,8,2,2,1,1,1,1,1,2,2,1,2,9,11,1,1,30,2,2,2
3,11,9,2011,2,1,8,2,2,1,1,4,5,1,1,4,1,2,8,1,1,7,33,2,2,0
1,15,1,2011,2,1,1,2,2,1,1,1,1,1,1,1,2,1,10,6,1,1,33,2,2,0
1,15,1,2011,1,1,4,2,2,1,4,1,1,1,1,1,1,2,10,6,1,2,33,2,2,0
1,15,8,2011,2,3,8,2,2,1,2,2,1,1,1,1,1,1,7,1,1,1,33,2,2,0
1,15,10,2011,1,1,1,2,2,1,4,1,1,1,1,1,1,2,10,6,1,1,33,2,2,0
2,16,8,2011,4,1,1,2,2,1,2,1,1,1,1,2,1,2,19,6,1,1,33,2,2,0
6,16,8,2011,3,1,2,2,2,1,1,1,1,1,1,1,1,2,7,9,1,1,33,2,1,2
10,16,8,2011,3,1,4,1,2,1,1,1,1,1,1,1,1,2,14,5,1,1,33,2,2,0
10,16,8,2011,1,3,8,1,2,1,1,1,1,1,1,1,1,2,10,6,1,2,33,2,2,0
4,16,9,2011,3,4,8,2,2,1,1,1,5,2,1,5,1,2,4,7,1,7,33,2,2,0
10,16,9,2011,1,1,4,1,1,1,2,1,1,1,1,1,1,1,9,10,1,1,35,1,2,1
10,16,9,2011,4,5,1,1,1,1,3,1,1,1,1,1,1,2,14,8,1,1,42,2,2,3
7,16,10,2011,2,3,8,2,1,1,1,1,1,1,1,1,1,1,14,6,1,1,31,2,2,0
10,16,10,2011,1,1,1,1,2,1,4,1,1,1,1,1,1,2,10,6,1,2,33,2,2,0
10,16,10,2011,2,3,1,2,2,1,2,1,1,1,1,1,2,1,10,6,1,2,33,2,2,0
3,16,12,2011,1,3,1,2,2,4,4,1,1,3,2,4,1,2,14,6,2,1,33,2,2,0
10,16,5,2011,2,7,1,2,2,1,2,1,1,1,1,1,1,2,14,5,1,7,40,2,2,2
5,16,5,2011,3,1,1,2,2,2,1,1,2,1,1,4,1,2,4,6,1,1,25,2,2,0
10,16,1,2011,3,3,3,2,2,1,1,1,1,1,1,1,1,2,9,6,1,1,45,2,1,0
10,16,1,2011,1,7,8,2,2,1,4,1,1,1,1,1,1,2,9,6,1,1,34,1,2,0
10,16,1,2011,1,7,8,2,2,1,4,1,1,1,1,1,1,2,10,6,1,2,33,1,2,1
1,9,1,2011,3,1,1,1,2,1,1,1,1,1,1,2,1,2,13,6,1,1,25,2,2,1
2,9,12,2010,3,1,1,2,2,1,1,1,1,1,1,1,1,1,14,6,1,1,40,1,2,1
10,9,3,2011,3,1,1,2,2,1,1,1,1,1,1,1,1,2,9,6,1,1,33,2,2,0
10,9,3,2011,3,1,1,1,2,1,1,1,1,1,1,1,1,2,7,6,1,1,33,2,2,0
4,9,3,2011,4,1,8,2,2,1,2,4,1,1,2,2,3,2,19,6,1,1,33,2,2,0
6,9,4,2011,2,1,1,2,2,1,2,1,1,1,1,1,1,2,13,6,1,1,33,2,2,0
4,9,4,2011,2,1,1,2,2,1,1,1,1,1,1,2,1,2,9,6,2,4,28,2,2,0
4,9,4,2011,4,7,1,2,2,1,1,1,1,1,1,1,1,2,14,11,1,1,35,2,2,0
10,9,4,2011,3,7,8,1,2,1,1,3,1,3,1,2,1,2,13,11,2,7,40,2,2,0
1,9,5,2011,3,2,1,2,2,1,3,2,1,1,1,1,1,1,14,1,2,5,33,1,2,3
11,9,5,2011,3,1,1,2,2,1,1,1,1,1,1,1,3,1,9,6,1,4,45,2,2,0
12,9,5,2011,2,1,1,2,2,1,4,1,1,1,1,1,1,1,6,6,2,6,33,2,2,0
10,9,5,2011,4,1,1,1,2,1,2,1,1,1,1,1,1,2,14,6,1,1,33,2,2,0
10,9,5,2011,4,1,1,2,2,1,4,1,1,1,1,1,1,2,10,6,1,2,33,1,0,0
3,9,4,2011,3,1,1,1,1,1,1,1,1,1,1,3,1,2,5,6,1,1,33,2,2,0
2,9,1,2011,1,1,1,2,2,1,1,1,1,1,1,1,1,1,14,6,1,1,40,1,2,1
10,9,2,2011,2,1,1,2,2,1,1,1,1,1,1,1,1,2,4,11,1,1,33,2,2,0
4,9,2,2011,4,1,1,2,2,1,1,1,1,1,1,3,1,2,14,6,1,1,33,2,2,0
12,9,2,2011,1,1,8,2,2,1,4,1,1,1,1,1,1,1,9,6,1,1,33,2,2,0
5,13,4,2011,2,1,1,2,2,1,1,1,1,1,1,2,1,1,19,6,2,7,22,2,2,0