Thana,District,Month,Year,Time,Junction_Type,Traffic_Control,Movement,Divider,Weather,Light,Road_Geometry,Surface_Condition,Surface_Type,Surface_Quality,Road_Class,Road_Feature,Location_Type,Vehicle_Type,Vehicle_Movement,Vehicle_Loading,Vehicle_Defect,Vehicle_Driver_Age,Vehicle_Alcohol,Vehicle_Seat_Belt,Accident_Severity
10,9,10,2011,3,1,3,2,2,1,3,1,1,1,1,1,1,1,9,6,1,7,33,1,2,0
2,4,3,2011,3,1,8,1,1,1,2,1,1,1,1,4,1,2,9,6,1,1,33,2,2,0
1,9,7,2011,4,1,8,2,1,1,2,1,1,1,1,1,3,1,6,1,1,1,33,2,2,0
1,9,7,2011,2,1,1,2,2,1,1,1,1,1,1,1,1,1,14,6,1,1,33,2,2,0
1,9,7,2011,3,1,1,2,2,1,1,1,1,1,1,1,1,2,9,6,1,7,33,2,2,0
10,9,7,2011,1,1,1,2,2,1,3,1,1,1,1,1,1,1,14,6,1,1,33,1,1,0
11,9,8,2011,2,1,8,2,1,1,3,1,1,1,1,4,1,1,4,6,1,7,33,2,2,0
10,9,8,2011,2,1,8,2,2,1,1,1,1,1,1,3,1,1,14,6,1,1,33,1,1,0
2,9,8,2011,2,1,1,2,2,1,1,1,1,1,1,1,1,1,1,4,1,4,30,2,2,0
4,9,12,2011,4,1,3,2,2,1,3,1,1,1,1,2,1,1,14,6,1,2,33,1,0,0
4,9,12,2011,3,1,1,2,2,1,1,1,1,1,1,2,1,2,14,6,1,1,33,2,2,0
10,9,12,2011,1,1,1,2,2,4,4,1,2,1,1,1,1,2,14,6,1,7,45,1,2,0
10,9,12,2011,4,1,4,2,2,1,1,2,1,1,1,1,1,1,14,6,1,7,33,2,2,0
1,9,12,2011,2,1,1,2,2,1,1,1,1,1,1,5,1,1,13,6,1,7,32,2,2,1
1,14,1,2011,3,1,8,2,2,1,1,1,1,1,1,5,1,1,10,11,2,7,32,1,2,0
1,14,6,2011,2,7,1,2,2,1,1,1,1,1,1,1,1,1,14,11,1,2,33,1,2,0
1,14,7,2011,4,2,1,2,2,1,1,1,1,2,1,1,1,1,19,5,1,1,29,2,2,0
4,14,2,2011,1,1,1,2,2,1,4,1,1,1,1,1,1,2,19,6,1,7,33,1,2,0
4,14,4,2011,4,7,8,2,2,1,4,1,1,1,1,5,1,1,4,11,1,1,33,2,2,0
4,14,4,2011,3,5,3,2,2,1,1,2,1,1,1,5,1,1,10,6,1,1,48,2,2,0
4,14,9,2011,3,7,3,2,2,1,1,1,1,1,1,5,1,1,12,1,1,7,33,1,2,1
4,14,4,2011,2,4,1,2,1,2,1,1,2,1,1,5,1,1,9,5,1,7,33,2,2,0
3,14,1,2011,2,1,1,1,2,1,1,1,1,1,1,5,1,1,14,11,1,1,35,2,2,3
3,14,7,2011,2,1,1,2,2,1,1,1,1,1,1,1,1,1,14,4,1,2,33,2,2,0
3,14,10,2011,3,1,1,1,2,1,1,1,1,1,1,1,1,1,9,5,1,6,40,2,2,0
4,14,11,2011,2,7,3,2,2,1,1,1,1,1,1,3,1,1,10,6,1,2,33,1,0,0
3,53,1,2011,3,1,1,2,2,1,1,1,1,1,1,1,1,2,7,6,1,1,20,2,2,0
1,53,2,2011,3,1,8,1,2,1,1,1,1,1,1,1,1,1,5,6,1,1,22,2,2,3
11,53,2,2011,3,5,8,1,2,1,4,4,1,3,2,4,1,2,17,6,1,3,33,2,2,0
3,53,2,2011,3,7,1,2,2,1,1,1,1,1,1,2,1,2,12,6,1,1,33,1,0,1
12,53,1,2011,3,1,1,2,2,1,1,1,1,1,1,1,1,2,4,6,1,1,30,2,2,0
5,53,2,2011,2,1,1,2,1,1,1,2,1,1,2,4,1,2,4,6,1,1,33,1,2,0
7,53,2,2011,4,7,1,1,2,1,2,1,1,1,1,5,1,2,6,4,2,4,33,2,2,3
2,2,3,2011,2,1,1,2,2,1,2,2,1,1,2,1,1,2,8,2,1,1,27,2,2,1
8,54,1,2011,1,3,2,2,2,1,1,1,1,1,1,4,1,2,4,2,1,3,33,2,2,0
10,54,1,2011,3,7,8,2,2,1,2,1,1,1,1,4,5,2,5,8,1,1,25,2,2,0
7,56,7,2011,2,2,1,2,2,1,1,1,1,1,1,1,1,2,7,5,1,1,40,1,2,0
7,56,7,2011,2,2,3,2,2,1,1,1,1,1,1,1,1,2,19,11,1,1,33,1,0,0
3,56,7,2011,1,2,1,2,2,1,1,1,1,1,1,1,1,2,1,1,1,1,27,2,2,1
8,56,7,2011,1,1,1,2,2,2,4,1,2,1,1,1,1,2,12,5,1,1,55,2,2,1
6,56,7,2011,2,7,3,1,2,1,1,1,1,1,1,4,1,2,9,11,1,1,35,2,2,0
6,55,1,2011,2,7,1,1,2,1,1,1,1,1,1,2,1,1,10,6,1,2,33,1,0,0
7,56,4,2011,4,2,1,2,2,1,3,1,1,1,1,1,1,2,14,1,1,7,30,2,2,2
8,56,5,2011,1,2,1,2,2,1,3,1,1,1,1,1,1,2,14,2,1,7,28,2,2,0
8,54,6,2011,3,1,1,1,2,1,1,5,1,1,1,4,2,2,12,11,1,7,33,2,2,0
11,54,6,2011,2,1,1,2,2,1,1,1,1,1,1,4,1,2,13,6,1,1,35,2,2,0
2,53,5,2011,3,1,1,2,2,2,1,4,2,1,2,4,5,2,4,11,1,1,33,2,2,0
1,53,5,2011,4,7,8,2,2,1,2,1,1,1,1,4,1,1,17,11,1,7,25,1,2,0
6,53,6,2011,3,7,8,2,2,1,1,1,1,1,1,4,1,2,6,6,2,7,19,2,2,0
6,53,6,2011,2,7,8,2,2,1,1,1,1,1,1,4,1,2,19,6,2,7,25,2,2,1
1,53,4,2011,3,7,1,1,1,1,1,2,1,1,1,1,1,2,19,11,1,1,33,2,2,0
3,53,4,2011,3,7,1,2,1,1,1,1,1,1,1,2,1,2,5,5,1,1,33,2,2,0
9,56,3,2011,2,2,1,2,2,1,1,1,1,1,1,1,1,2,9,11,1,1,30,2,2,1
1,56,2,2011,1,1,1,2,2,1,4,1,1,1,1,2,1,2,14,6,1,1,30,1,2,0
9,56,4,2011,3,2,1,1,2,1,1,1,1,1,1,1,1,2,14,1,1,1,30,1,2,2
9,56,2,2011,2,2,1,2,2,1,1,1,1,1,1,1,1,2,19,11,2,7,33,2,2,0
2,55,2,2011,2,3,8,2,2,1,1,1,1,1,1,2,1,2,17,6,1,6,22,2,2,0
7,53,3,2011,4,1,2,1,2,1,2,1,1,1,1,1,1,2,5,4,1,1,26,2,2,0
1,53,3,2011,1,3,1,1,2,1,1,1,1,1,1,1,1,2,8,1,2,7,30,1,2,3
3,53,3,2011,5,1,1,1,2,1,1,1,1,1,1,2,1,2,4,6,1,1,33,2,2,0
12,53,3,2011,3,1,1,2,2,1,1,2,1,1,1,1,1,1,8,1,1,7,33,2,2,0
12,53,3,2011,3,1,1,2,1,1,1,1,1,1,1,2,1,2,13,9,1,1,35,2,1,0
1,56,1,2011,3,1,1,2,2,1,1,1,1,1,1,2,1,2,17,2,1,1,33,2,2,0
8,56,1,2011,3,1,1,2,2,1,1,1,1,1,1,2,1,2,11,8,1,1,33,2,2,0
4,56,1,2011,3,1,1,2,2,1,1,1,1,1,1,1,1,2,19,5,2,7,33,2,2,0
3,53,3,2011,5,1,1,2,2,1,1,1,1,1,1,2,1,2,7,6,1,7,33,2,2,0
1,54,2,2011,1,7,1,2,2,1,2,1,1,1,1,1,1,1,12,6,1,2,28,2,2,1
1,54,2,2011,4,1,1,2,2,1,2,1,1,1,1,1,2,1,19,11,2,7,33,1,2,0
1,54,1,2011,4,7,1,2,1,4,3,1,5,1,3,1,1,1,5,6,1,7,28,1,2,3
1,54,1,2011,3,1,8,2,2,1,1,1,1,1,1,1,1,1,19,11,2,1,33,1,2,0
1,54,2,2011,2,1,8,2,2,1,1,2,1,1,1,5,1,2,17,1,2,7,33,1,2,0
1,54,5,2011,2,1,8,2,2,1,2,1,1,1,2,5,1,1,19,6,1,7,33,2,2,0
12,54,5,2011,3,3,8,2,2,1,3,1,1,1,1,2,1,2,6,6,1,1,31,2,1,1
1,54,3,2011,1,1,2,2,2,1,1,1,1,1,1,3,1,1,19,8,1,7,33,1,2,3
1,54,4,2011,4,1,3,2,2,1,2,1,1,1,1,1,1,1,14,11,1,1,33,2,2,0
1,54,5,2011,3,5,4,2,2,1,1,2,1,1,1,1,2,1,9,1,1,1,45,2,2,0
12,54,3,2011,4,1,1,2,2,1,2,1,1,1,1,1,1,2,9,5,1,1,35,2,2,0
12,54,5,2011,3,7,1,2,2,1,1,2,1,1,1,1,1,1,8,9,1,1,25,2,2,0
12,54,4,2011,3,7,1,2,2,1,1,1,1,1,1,1,1,2,7,6,1,7,33,2,2,0
6,5,7,2011,4,1,1,2,2,1,1,1,1,1,1,2,1,2,19,11,2,7,33,1,2,0
3,55,7,2011,1,1,1,1,2,1,1,1,1,1,1,1,1,2,4,6,2,7,20,2,2,0
11,54,3,2011,1,3,8,2,2,2,1,2,2,1,2,4,4,2,8,1,2,7,33,2,2,0
10,54,4,2011,3,1,8,2,2,1,1,1,1,1,1,1,1,2,19,11,1,7,33,2,2,0
4,54,6,2011,3,7,1,2,1,1,4,1,1,1,1,2,1,1,19,11,2,7,33,1,2,0
5,54,4,2011,3,1,1,1,2,1,1,1,1,1,1,3,1,2,14,6,1,7,33,2,2,0
11,54,7,2011,2,1,1,2,2,1,3,1,1,1,1,4,1,1,19,11,2,7,33,2,2,1
11,54,5,2011,3,3,1,1,2,1,1,2,1,1,1,4,1,2,8,1,2,7,33,2,2,0
6,55,7,2011,4,1,1,2,2,1,4,1,1,1,1,2,1,2,19,11,2,7,33,2,2,0
1,53,8,2011,3,7,1,1,2,1,1,1,1,1,1,1,1,1,8,11,1,1,55,1,2,0
3,53,8,2011,4,1,1,2,1,2,1,2,2,1,1,2,1,1,8,11,1,1,35,2,2,0
12,53,10,2011,2,1,1,1,2,1,1,1,1,1,1,1,1,2,8,6,1,1,30,2,2,1
2,53,10,2011,3,1,3,1,2,1,1,1,1,1,2,3,1,2,12,11,1,7,33,2,2,1
3,53,10,2011,2,1,1,2,2,1,1,1,1,1,1,2,1,2,8,6,1,7,27,1,2,0
1,53,9,2011,3,7,1,2,2,1,1,1,1,1,1,1,1,2,5,9,1,1,28,2,2,1
7,56,8,2011,4,1,1,2,2,1,2,1,1,1,1,1,1,2,19,11,1,7,33,2,2,0
3,56,8,2011,2,1,1,2,2,1,2,1,1,1,1,1,1,2,19,11,1,7,33,2,2,0
1,56,9,2011,3,1,4,2,1,1,1,1,1,1,1,2,1,1,12,11,1,7,33,1,2,1
5,56,10,2011,3,1,1,2,2,1,4,1,1,1,1,1,1,2,19,11,1,7,33,1,2,0
1,55,8,2011,4,3,1,2,2,2,4,1,2,1,1,2,1,2,4,11,1,7,33,1,2,0
5,54,8,2011,2,3,1,2,2,1,1,1,1,3,2,2,1,2,17,6,1,7,28,2,2,0
3,54,11,2011,4,1,1,1,1,1,4,3,1,1,3,2,1,2,9,4,1,7,33,1,2,0
1,53,11,2011,3,1,8,2,2,1,2,1,1,1,1,2,1,1,6,11,1,7,25,1,2,0
3,53,11,2011,3,1,2,2,2,1,2,1,1,1,2,2,1,2,5,11,1,1,40,1,2,1
7,56,11,2011,3,1,1,2,2,1,2,3,1,1,1,1,1,2,13,11,1,7,33,2,2,0
8,56,11,2011,1,1,1,2,2,1,2,1,1,1,1,1,1,2,14,11,2,7,35,2,2,2
12,54,8,2011,4,1,1,2,2,1,1,1,2,1,1,1,1,2,9,6,1,1,55,2,2,0
2,55,6,2011,4,3,1,1,1,1,4,1,1,1,1,1,1,1,9,4,1,1,26,1,2,1
2,55,11,2011,4,3,4,2,2,1,2,1,1,1,1,2,1,2,9,4,1,1,32,2,2,3
9,56,12,2011,2,1,1,2,2,1,1,1,1,1,1,1,1,2,10,6,1,2,33,2,2,0
1,56,12,2011,1,3,1,2,2,1,3,1,1,1,1,2,1,1,5,6,1,1,28,2,2,1
1,55,8,2011,3,3,1,2,2,1,1,1,1,1,1,2,1,2,5,6,1,7,33,2,2,1
1,53,12,2011,3,1,8,2,2,1,1,1,1,1,1,4,2,1,2,11,1,7,22,2,2,1
15,54,10,2011,4,1,2,2,1,1,2,1,1,1,1,5,1,1,5,11,1,1,30,2,2,0
12,54,9,2011,4,1,1,2,2,1,1,1,1,1,1,3,1,1,4,6,1,7,28,2,2,0
2,56,11,2011,3,1,1,1,2,1,1,1,1,3,3,4,1,2,7,6,1,1,28,2,2,0
11,54,11,2011,2,7,1,2,2,1,1,1,1,3,1,4,1,2,19,7,1,7,27,1,2,0
11,54,10,2011,2,1,1,2,2,1,1,3,1,3,1,3,1,2,3,6,2,7,26,2,2,0
8,54,10,2011,4,1,8,2,2,1,2,1,1,1,1,2,1,2,8,8,1,1,40,2,2,1
7,54,10,2011,4,7,1,2,2,1,1,2,1,3,2,4,1,2,17,11,2,7,45,1,2,0
7,54,9,2011,4,1,2,2,1,1,2,2,1,1,1,1,5,1,12,6,1,1,40,1,2,0
11,54,9,2011,3,7,1,2,2,1,1,1,1,1,1,2,1,2,5,11,1,1,25,1,2,3
9,54,9,2011,3,7,1,2,2,1,1,1,1,1,1,1,1,2,9,6,1,1,2,2,2,0
3,54,10,2011,4,1,1,2,2,1,4,1,1,1,1,2,1,2,5,6,1,1,35,2,2,0
3,54,10,2011,2,1,3,1,2,1,3,1,1,1,1,4,1,1,14,6,2,7,33,1,2,0
8,54,9,2011,3,1,1,1,2,1,1,1,1,1,1,2,1,2,13,5,1,1,23,2,2,0
5,54,8,2011,3,7,8,1,2,1,1,1,1,3,2,2,1,2,17,11,1,1,28,2,2,0
14,54,12,2011,3,1,1,2,2,1,4,1,1,1,1,1,1,2,4,6,1,7,33,2,2,0
16,54,11,2011,3,7,8,2,2,1,1,1,1,1,1,1,1,2,9,11,1,7,33,2,2,0
12,54,8,2011,2,1,1,2,2,1,2,1,1,1,1,1,1,1,4,11,1,1,33,2,2,0
14,54,10,2011,4,1,1,1,2,1,1,1,1,1,1,2,1,1,14,11,1,1,29,2,2,0
1,54,8,2011,3,1,8,2,2,1,1,2,1,1,1,2,1,1,5,6,1,7,33,1,2,3
6,55,7,2011,3,1,1,2,2,1,1,1,1,1,1,1,1,2,4,6,2,7,20,2,2,0
6,55,10,2011,4,1,1,2,2,1,4,2,1,1,1,2,1,2,10,6,1,2,33,1,0,0
11,54,4,2011,2,1,1,2,2,1,1,1,1,1,1,4,1,2,12,11,2,7,27,1,2,1
8,54,3,2011,2,1,1,2,2,1,1,1,1,1,1,4,2,2,17,6,1,7,33,2,2,1
11,54,9,2011,3,1,1,2,2,1,1,1,1,1,1,3,1,2,12,6,1,7,20,1,2,0
7,54,10,2011,4,4,8,2,2,1,2,1,1,1,1,2,1,2,8,6,1,1,40,2,2,1
5,54,8,2011,2,7,8,2,2,1,1,1,1,2,2,3,1,2,17,6,1,1,28,2,2,0
3,53,8,2011,3,1,1,2,2,2,1,2,2,1,1,2,1,1,8,6,1,1,35,2,2,0
2,27,10,2011,2,1,1,2,2,1,1,3,1,1,1,1,1,2,9,6,1,1,33,2,2,0
6,27,11,2011,2,1,2,2,1,1,1,1,1,1,1,4,1,1,4,6,1,1,33,2,2,0
2,27,11,2011,4,1,1,2,2,1,4,1,1,1,1,3,1,2,19,6,1,7,18,2,2,0
2,34,9,2011,3,1,1,2,2,1,2,2,1,1,1,3,1,2,9,5,1,1,33,2,2,3
3,34,9,2011,3,1,1,2,2,1,1,1,1,1,1,1,1,2,4,6,1,7,25,2,1,1
10,34,10,2011,3,1,1,2,2,1,1,1,1,1,1,1,1,2,13,6,1,1,26,2,2,0
4,34,10,2011,2,1,1,2,2,1,1,1,1,1,1,1,1,2,8,5,1,1,25,2,2,0
4,34,10,2011,4,1,1,2,2,1,2,1,1,1,1,2,1,2,6,6,1,1,33,2,2,0
3,34,11,2011,2,1,1,2,2,1,1,1,1,1,1,1,1,2,4,6,1,1,33,2,2,0
4,34,11,2011,3,1,1,2,2,1,1,1,1,1,1,1,1,2,9,6,1,1,33,2,2,0
6,34,11,2011,1,1,3,2,2,1,1,1,1,3,1,3,1,2,4,6,1,1,33,2,2,0
4,34,12,2011,2,7,1,2,2,1,1,1,1,1,1,3,1,2,9,1,1,1,38,2,2,0
6,34,12,2011,3,1,1,2,2,1,1,1,1,1,1,1,2,2,7,6,1,3,25,2,2,0
3,31,9,2011,2,1,2,2,2,1,1,1,1,1,1,3,1,1,4,6,1,1,33,2,2,0
4,31,9,2011,3,1,1,2,2,2,1,1,2,1,1,4,1,2,4,6,1,7,33,2,2,0
6,31,12,2011,3,1,8,2,2,1,1,2,1,1,1,4,1,2,6,6,1,1,42,2,2,0
3,33,8,2011,2,1,1,2,1,2,2,1,1,1,1,3,1,2,4,2,1,1,33,2,2,0
5,33,9,2011,3,1,5,2,2,2,1,1,2,1,1,3,1,2,8,6,1,5,35,2,2,0
3,33,9,2011,2,3,1,2,2,1,1,1,1,1,1,2,1,2,9,6,1,7,33,2,2,0
2,33,9,2011,4,1,1,2,2,1,2,1,1,1,1,3,1,2,9,8,1,1,33,2,2,0
2,33,9,2011,3,7,8,2,2,1,1,2,1,1,1,2,1,2,4,2,1,7,18,2,2,0
3,33,9,2011,4,1,1,2,2,1,4,1,1,1,2,3,1,2,19,6,1,1,40,2,2,0
1,33,11,2011,4,1,1,2,2,1,3,1,1,1,3,3,2,1,19,6,1,1,33,2,2,1
1,33,11,2011,2,7,1,2,2,1,1,1,1,1,1,3,1,2,19,3,1,1,33,2,2,0
5,33,11,2011,3,1,1,2,2,1,1,2,1,1,1,3,1,2,9,5,1,1,35,2,2,1
4,33,11,2011,2,1,1,2,2,1,1,1,1,1,1,3,1,2,9,6,1,1,33,2,2,0
1,33,12,2011,2,1,1,2,2,1,1,1,1,1,1,4,1,2,4,6,1,1,33,2,2,0
1,33,12,2011,2,1,3,2,2,1,1,1,1,1,1,4,1,2,19,6,1,1,33,2,2,0
2,33,12,2011,3,7,8,2,2,1,1,1,1,1,1,3,1,1,4,6,1,1,33,2,2,0
3,33,8,2011,3,1,1,2,2,1,1,1,1,1,1,3,1,2,5,6,1,1,40,2,2,1
2,33,8,2011,2,1,1,2,2,1,1,1,1,1,1,3,1,2,9,6,1,1,33,2,2,0
5,33,8,2011,3,3,1,2,2,1,1,3,1,2,3,3,1,2,4,6,1,1,25,2,2,0
1,32,10,2011,2,1,3,2,2,1,1,1,1,1,1,2,1,1,19,6,1,1,15,2,2,1
1,32,11,2011,3,7,1,2,2,1,1,1,1,1,2,2,1,2,9,6,1,7,30,2,2,1
1,30,8,2011,3,1,1,2,2,1,1,1,1,1,1,2,1,2,9,6,1,1,33,2,2,1
1,30,9,2011,3,1,1,2,2,1,1,1,1,1,1,1,1,2,4,6,1,7,33,2,2,0
2,30,9,2011,2,1,1,2,2,1,1,1,1,1,1,4,1,2,19,6,1,7,33,2,2,0
5,30,9,2011,2,1,1,2,2,2,1,1,2,1,1,5,1,1,19,11,1,1,25,2,2,0
5,30,9,2011,4,7,8,2,2,1,2,1,1,1,1,4,1,2,4,7,1,1,33,2,2,0
1,30,10,2011,3,1,1,2,2,1,1,1,1,1,1,1,1,2,9,6,1,1,35,2,2,0
1,30,10,2011,2,7,1,2,2,1,1,1,1,1,1,4,1,2,4,6,1,7,20,2,2,0
1,30,11,2011,4,1,1,2,2,1,2,1,1,1,1,1,1,2,4,6,1,3,33,2,2,3
4,30,11,2011,3,1,1,2,2,1,1,1,1,1,1,4,1,2,4,6,1,1,33,2,2,0
2,30,12,2011,2,1,1,2,2,1,1,2,1,1,1,4,1,2,4,2,1,3,33,2,2,0
5,30,12,2011,4,4,3,1,2,3,3,1,1,1,1,2,1,2,19,6,1,1,33,2,2,0
4,34,7,2011,3,1,1,2,2,1,1,1,1,1,1,3,1,2,8,6,1,7,33,2,2,3
1,33,7,2011,3,1,1,2,2,1,1,1,1,1,1,4,1,2,9,6,1,1,32,2,2,0
1,33,7,2011,4,1,1,2,2,1,1,1,1,1,1,3,1,2,6,6,1,1,33,2,2,0
3,33,7,2011,3,1,1,2,2,1,1,1,1,1,1,3,1,2,4,6,1,1,21,2,2,1
3,33,7,2011,3,1,1,2,2,1,1,1,2,2,1,3,3,1,4,6,1,1,33,2,2,0
5,33,7,2011,2,1,1,2,2,1,1,1,1,1,1,3,1,2,9,6,1,1,33,2,2,0
3,32,7,2011,3,1,1,1,2,2,1,1,1,1,1,2,1,2,4,6,1,1,35,2,2,0
3,32,7,2011,2,1,1,2,2,1,1,1,1,1,1,2,1,2,9,6,1,1,35,2,2,0
1,30,7,2011,2,1,1,2,2,1,1,1,1,1,1,2,1,1,9,6,1,1,38,2,2,0
7,30,7,2011,4,1,8,2,2,1,4,2,5,1,1,3,4,2,8,6,1,1,33,2,2,0
6,27,7,2011,3,1,1,2,2,2,1,3,3,2,2,4,1,2,8,6,1,1,33,2,2,1
1,32,5,2011,4,7,8,2,2,1,1,3,1,1,1,2,5,1,17,6,1,1,28,2,2,0
6,34,5,2011,2,1,1,2,2,1,1,1,1,1,1,1,1,2,4,6,1,1,33,2,2,0
4,31,5,2011,4,1,1,2,2,1,4,1,1,1,1,1,1,1,9,6,1,1,35,2,2,0
4,33,5,2011,3,1,1,2,2,1,1,1,1,1,1,3,1,2,5,6,1,1,33,2,2,0
2,27,5,2011,3,1,1,2,2,1,1,1,1,1,1,3,1,1,8,6,1,1,33,2,2,0
5,27,5,2011,2,1,1,2,2,1,1,1,1,1,1,5,1,1,4,6,1,1,27,2,2,3
10,34,3,2011,1,1,1,2,1,2,1,1,1,1,1,1,1,2,14,6,1,1,30,2,2,0
3,32,3,2011,3,1,1,2,2,1,1,1,1,1,1,4,1,2,9,6,2,1,33,2,2,3
1,32,3,2011,3,1,1,2,2,1,1,1,1,1,1,4,1,2,4,6,1,4,33,1,1,0
3,32,3,2011,3,1,1,2,2,1,1,1,1,1,1,1,1,2,9,5,1,1,33,1,2,0
1,27,3,2011,4,1,1,2,2,4,4,1,1,1,1,2,1,2,2,9,1,1,38,1,2,1
3,33,5,2011,2,1,1,2,2,1,1,1,1,1,1,3,1,2,8,6,1,1,28,2,2,0
2,27,4,2011,2,1,1,2,2,1,1,1,1,1,1,2,1,2,6,4,1,1,33,2,2,1
1,32,4,2011,3,3,1,2,2,1,1,1,1,1,1,4,1,2,4,4,1,1,25,2,2,0
1,27,4,2011,3,4,1,2,2,1,1,1,1,1,1,1,1,2,4,4,1,1,23,2,2,0
5,27,4,2011,3,7,1,1,2,1,1,1,1,1,1,3,1,2,4,6,2,1,25,2,2,0
3,33,6,2011,2,1,1,2,2,1,1,1,1,1,1,3,1,2,9,6,1,1,33,2,2,1
2,27,3,2011,2,1,1,2,2,1,4,1,1,1,1,2,1,2,9,6,1,6,33,2,2,0
4,34,1,2011,2,1,1,2,2,1,4,4,1,1,1,4,1,2,6,6,1,4,35,2,2,1
8,34,1,2011,4,1,1,2,2,4,4,1,1,1,1,3,1,2,4,6,1,1,33,2,2,1
1,33,1,2011,4,1,1,2,2,1,4,1,1,1,1,3,1,2,19,6,1,7,25,2,2,0
5,33,1,2011,3,1,1,2,2,1,1,1,1,1,3,1,2,1,8,6,1,1,33,2,2,0
1,31,1,2011,3,1,1,2,2,1,1,1,1,1,1,2,1,1,4,6,1,1,23,2,2,0
4,27,1,2011,2,1,1,2,2,1,1,1,1,1,1,3,4,2,8,6,1,1,44,1,2,1
2,33,2,2011,2,1,1,2,2,1,1,1,1,1,3,1,2,1,4,4,1,1,30,2,2,0
3,33,2,2011,2,1,1,2,2,1,1,1,1,1,1,4,1,2,1,10,1,1,33,2,2,0
7,33,2,2011,2,1,1,2,2,1,1,4,1,1,1,3,1,2,6,6,1,6,33,2,2,0
5,31,2,2011,1,1,1,2,2,1,1,1,1,1,1,1,1,2,4,6,1,2,51,2,2,0
1,31,2,2011,4,1,1,2,2,1,1,1,1,1,2,2,1,2,4,6,1,2,29,2,2,0
3,32,1,2011,1,1,1,2,2,1,1,1,1,1,1,1,1,2,8,6,1,2,33,2,2,0
4,27,2,2011,2,1,1,2,2,1,1,1,1,1,1,3,1,2,8,6,1,1,26,2,2,0
1,34,4,2011,3,7,3,2,2,1,1,1,1,1,1,5,1,1,6,6,1,1,33,2,2,0
1,34,5,2011,1,1,1,2,2,1,2,1,1,1,1,5,1,1,13,6,1,1,33,2,2,0
1,34,5,2011,2,1,1,2,2,1,1,1,1,1,1,2,1,2,19,6,2,3,20,2,2,0
1,34,5,2011,2,1,1,2,2,1,2,1,1,1,1,5,1,1,8,6,1,1,33,2,2,0
1,34,6,2011,3,3,4,2,2,1,1,1,1,1,1,5,1,1,4,6,1,1,20,2,2,1
1,34,6,2011,3,7,6,2,2,1,2,1,1,1,1,4,1,2,7,6,1,1,26,2,2,0
11,34,3,2011,4,1,2,2,2,1,2,1,1,1,1,3,1,2,6,6,2,2,33,2,2,1
11,34,4,2011,3,1,4,2,2,1,1,1,1,1,1,3,1,2,14,2,1,1,33,2,2,0
1,34,4,2011,3,1,1,2,2,1,1,1,1,1,1,5,1,1,6,6,1,1,33,1,1,0
6,34,9,2011,3,1,1,2,2,1,1,1,1,1,1,1,1,2,4,6,1,4,25,2,2,1
1,34,9,2011,3,2,1,2,2,1,1,1,1,1,1,5,1,1,19,6,1,2,33,1,0,0
1,34,12,2011,2,1,1,2,2,1,2,1,1,1,1,5,1,1,2,6,1,2,33,2,2,0
1,34,11,2011,3,3,1,2,2,1,1,1,1,1,1,5,1,1,4,6,1,2,30,1,1,0
11,34,5,2011,4,7,3,2,2,1,4,1,1,1,1,1,1,2,4,6,1,1,23,2,2,0
1,34,2,2011,4,1,1,2,2,1,4,1,1,1,1,5,1,2,16,6,1,1,50,2,2,0
1,27,7,2011,2,1,1,2,2,1,1,1,1,1,1,2,1,2,9,6,1,1,30,1,2,0
4,34,5,2011,4,1,1,2,2,1,1,1,1,1,1,1,1,1,9,6,1,1,35,2,2,0
2,31,5,2011,2,1,1,2,2,1,1,2,1,1,2,1,1,2,6,6,1,1,33,1,2,0
1,32,8,2011,1,3,1,2,2,1,4,1,1,1,1,5,1,1,14,7,1,1,30,1,2,0
1,64,2,2011,1,1,1,2,1,1,1,1,1,1,1,5,1,1,6,6,1,1,30,1,2,1
1,64,4,2011,1,2,4,2,1,1,1,1,1,1,1,5,1,1,8,6,1,3,35,1,2,0
1,64,6,2011,4,1,4,2,1,1,3,1,1,1,1,5,1,1,16,6,2,1,33,1,2,0
1,64,7,2011,3,1,2,2,1,1,1,1,1,1,1,5,1,1,8,6,1,1,26,1,2,1
1,64,10,2011,2,1,1,2,1,1,1,1,1,1,1,5,1,1,8,6,1,1,40,1,2,0
1,64,11,2011,3,1,1,1,2,1,1,3,1,1,1,5,1,1,6,5,1,1,19,1,2,1
12,64,5,2011,1,2,1,2,2,1,2,1,1,1,1,1,3,1,5,6,1,1,33,1,2,0
12,64,8,2011,2,1,8,2,2,1,2,1,1,1,1,1,1,2,11,6,1,3,33,1,2,1
11,64,1,2011,3,1,1,2,1,1,1,1,1,1,1,5,1,1,13,6,2,7,33,1,2,0
11,64,2,2011,2,4,8,2,1,1,1,1,1,1,1,5,1,1,8,6,1,1,30,1,2,0
11,64,9,2011,3,3,1,2,2,1,1,1,1,1,1,5,1,1,5,4,1,1,33,1,2,0
2,64,2,2011,4,3,1,2,1,1,3,1,1,1,1,5,1,1,8,6,1,1,33,1,2,0
2,64,3,2011,3,3,6,2,1,1,1,1,1,1,1,5,1,1,7,6,1,1,33,1,2,0
2,64,4,2011,4,3,1,2,1,1,3,1,1,1,1,2,1,1,14,5,1,1,32,1,2,1
2,64,5,2011,2,3,6,2,1,1,1,1,1,1,1,5,1,1,14,5,1,1,33,1,2,1