Thana,District,Month,Year,Time,Junction_Type,Traffic_Control,Movement,Divider,Weather,Light,Road_Geometry,Surface_Condition,Surface_Type,Surface_Quality,Road_Class,Road_Feature,Location_Type,Vehicle_Type,Vehicle_Movement,Vehicle_Loading,Vehicle_Defect,Vehicle_Driver_Age,Vehicle_Alcohol,Vehicle_Seat_Belt,Accident_Severity
2,64,5,2011,4,3,6,1,1,1,3,1,1,1,1,5,1,1,19,5,1,1,19,1,2,1
2,64,6,2011,2,3,6,2,1,1,1,1,1,1,1,5,1,1,14,5,1,1,33,1,2,2
2,64,9,2011,4,3,6,2,1,1,3,1,1,1,1,5,1,1,5,6,1,1,33,1,2,1
2,64,9,2011,1,3,4,2,1,1,2,1,1,1,1,5,1,1,8,5,1,1,33,1,2,0
2,64,10,2011,1,3,5,2,1,1,2,1,1,1,1,5,1,1,14,6,1,3,33,1,2,1
2,64,10,2011,4,3,1,2,2,1,2,1,1,1,1,2,1,1,14,5,1,1,33,1,2,0
5,64,1,2011,3,1,1,2,1,1,1,1,1,1,1,5,1,1,8,6,1,1,33,1,2,0
5,64,4,2011,4,1,1,2,1,1,3,1,1,1,1,5,1,1,14,6,1,1,33,1,2,0
5,64,4,2011,2,1,1,2,1,1,1,1,1,1,1,5,1,1,9,6,1,1,33,1,2,0
5,64,7,2011,4,1,1,2,2,1,3,1,1,1,1,5,1,1,8,6,1,1,33,1,2,0
5,64,7,2011,2,1,1,2,2,1,2,1,1,1,1,5,1,2,8,6,1,1,33,1,2,0
7,64,3,2011,3,2,6,2,1,1,2,1,1,1,1,5,1,1,14,6,2,1,33,1,2,0
7,64,5,2011,4,1,1,2,2,1,2,2,1,1,1,5,1,1,14,6,2,1,28,1,2,0
7,64,8,2011,4,1,6,2,1,1,2,1,1,1,1,5,1,1,14,6,2,1,33,1,2,0
7,64,10,2011,1,1,1,2,2,1,2,1,1,1,1,5,1,1,19,6,2,1,33,1,2,0
7,64,10,2011,3,1,3,2,2,1,1,1,1,1,1,5,1,1,6,6,2,1,33,1,2,0
6,64,3,2011,1,2,1,2,1,1,3,1,1,1,1,5,1,1,14,5,2,1,33,1,2,0
6,64,4,2011,2,2,1,2,1,1,1,1,1,1,1,5,1,1,8,5,2,1,33,1,2,0
6,64,4,2011,2,1,1,2,1,1,1,1,1,1,1,5,1,1,6,5,1,1,35,1,2,1
6,64,5,2011,2,2,5,2,1,1,2,1,1,1,1,1,1,1,19,5,2,1,33,1,2,0
6,64,5,2011,4,1,1,2,2,1,3,1,1,1,1,1,1,1,8,3,2,1,33,1,2,0
6,64,7,2011,4,1,1,2,1,1,3,1,1,1,1,5,1,1,1,5,2,1,24,1,2,0
6,64,10,2011,1,1,1,2,1,1,2,1,1,1,1,5,1,1,8,6,1,1,33,1,2,0
8,64,1,2011,2,1,1,2,2,1,2,1,1,1,1,5,1,1,19,5,2,1,33,1,2,0
8,64,2,2011,3,1,1,2,2,1,1,1,1,1,1,5,1,1,8,4,1,1,33,1,2,0
8,64,3,2011,2,3,1,2,2,1,1,2,1,1,1,5,1,1,14,5,1,1,33,1,2,0
8,64,5,2011,4,1,1,2,2,1,3,1,1,1,1,5,1,1,8,6,1,1,33,1,2,0
8,64,5,2011,2,1,1,2,2,1,3,4,1,1,1,5,1,1,14,1,1,1,33,1,2,0
3,64,3,2011,4,2,6,2,2,1,3,1,1,1,3,5,1,1,9,6,1,1,33,1,2,0
3,64,3,2011,1,1,1,2,2,1,2,1,1,1,1,5,1,1,19,6,1,1,33,1,2,0
3,64,4,2011,2,2,1,2,2,1,1,1,1,1,1,5,1,1,9,5,1,1,33,1,2,0
3,64,5,2011,4,1,1,1,2,1,2,2,1,1,1,1,4,1,13,6,2,1,32,1,2,0
3,64,6,2011,4,1,1,2,2,1,4,1,1,1,1,5,1,1,6,6,1,1,33,1,2,0
3,64,10,2011,3,1,1,2,2,1,1,2,1,1,1,5,1,1,6,6,1,1,35,1,2,0
3,64,11,2011,2,1,1,1,2,1,1,1,1,1,1,2,1,1,16,2,1,1,33,1,2,0
10,64,4,2011,3,5,1,2,2,1,1,1,1,1,1,1,1,1,8,6,1,1,33,1,2,1
10,64,5,2011,3,1,1,2,2,1,1,1,5,1,1,1,1,1,8,6,1,1,30,1,2,1
10,64,5,2011,4,1,1,2,2,1,1,1,1,1,1,1,1,1,8,6,1,1,26,1,2,0
10,64,5,2011,3,5,1,2,2,1,1,1,1,1,1,1,1,1,8,6,1,1,33,1,2,0
10,64,6,2011,3,5,1,2,2,1,1,1,1,1,1,1,1,1,9,5,1,1,33,1,2,0
10,64,6,2011,3,1,1,2,2,1,1,1,1,1,1,3,1,1,19,6,1,1,19,1,2,1
10,64,8,2011,2,1,3,2,2,1,1,1,1,1,1,5,1,1,9,6,1,1,33,1,2,0
10,64,11,2011,2,5,1,2,2,1,1,2,1,1,1,1,1,1,8,6,1,1,33,1,2,0
4,64,1,2011,2,1,1,2,1,1,1,1,1,1,1,5,1,1,19,6,1,1,33,1,2,0
4,64,4,2011,2,1,3,2,2,1,1,1,1,1,1,5,1,1,14,6,1,1,33,1,2,0
4,64,5,2011,2,1,1,2,1,1,1,1,1,1,1,5,1,1,14,6,1,1,28,1,2,1
4,64,9,2011,3,1,1,2,2,1,1,1,1,1,1,5,1,1,6,6,1,1,20,1,2,0
4,64,9,2011,1,3,5,2,1,1,3,1,1,1,1,5,1,1,19,6,1,1,33,1,2,0
4,64,10,2011,2,1,1,2,2,1,1,1,1,1,2,5,1,1,6,6,1,1,33,1,2,0
4,64,10,2011,4,1,2,2,1,1,3,1,1,1,1,5,1,1,9,6,1,1,26,1,2,1
4,64,10,2011,4,1,5,2,1,1,3,1,1,1,1,5,1,1,8,1,1,1,33,1,2,1
4,64,11,2011,4,1,1,2,2,1,3,1,1,1,1,5,1,1,12,5,1,1,33,1,2,0
4,64,12,2011,4,1,1,2,1,1,2,3,1,1,1,5,1,1,9,5,1,1,33,1,2,1
4,64,12,2011,4,1,1,2,1,1,3,1,1,1,1,5,1,1,14,6,1,1,33,1,2,0
1,64,8,2011,4,1,1,2,1,1,2,1,1,1,1,5,1,1,19,6,1,1,33,1,2,0
6,57,2,2011,3,3,1,2,1,1,1,1,1,1,2,2,1,2,9,8,1,1,35,2,2,1
5,57,2,2011,2,4,8,2,2,1,1,3,5,3,3,4,4,2,19,1,2,7,33,2,2,0
5,57,2,2011,3,7,1,2,2,1,1,1,1,1,1,1,1,2,9,6,1,1,42,1,2,0
4,57,2,2011,3,1,8,2,2,1,1,1,1,1,1,4,1,2,17,11,2,1,33,2,2,0
5,57,1,2011,2,1,1,1,2,1,1,5,5,1,1,4,2,2,19,11,2,3,30,1,2,0
7,57,1,2011,2,1,1,2,2,1,1,1,1,1,1,4,1,2,5,11,1,1,33,2,2,0
8,57,1,2011,1,7,1,2,2,1,2,2,1,1,1,1,1,2,1,1,1,1,28,2,1,0
8,57,1,2011,2,7,1,2,2,1,1,1,1,1,1,1,1,2,14,4,1,1,32,2,1,0
1,59,3,2011,4,7,1,2,2,1,1,1,1,1,1,1,1,1,8,4,1,1,33,2,2,0
1,59,3,2011,3,7,8,2,2,1,1,1,1,1,1,1,1,1,8,6,1,7,33,1,2,0
1,59,3,2011,4,7,8,1,2,1,4,1,1,3,1,4,1,2,17,6,2,7,20,1,2,0
7,59,3,2011,4,1,1,2,1,4,1,1,1,1,1,2,1,2,17,6,1,1,26,2,2,0
6,59,7,2011,3,7,8,2,2,1,1,1,1,1,1,4,1,2,14,11,2,7,33,1,2,0
6,60,2,2011,2,1,1,1,2,1,1,1,1,1,1,2,1,2,19,6,2,7,33,1,2,0
1,60,2,2011,4,1,3,1,2,1,1,1,1,1,1,1,1,2,10,6,1,2,33,1,2,0
1,60,2,2011,4,5,4,2,2,1,4,2,1,1,1,1,1,1,14,11,1,1,42,2,2,0
1,61,1,2011,4,7,1,2,2,1,3,1,1,1,1,1,1,1,14,6,2,7,33,1,2,0
3,61,2,2011,3,3,1,2,2,1,1,2,1,1,1,1,1,2,14,6,1,7,30,2,2,0
1,61,2,2011,1,1,1,2,2,1,1,1,1,1,1,1,1,1,19,11,1,2,33,1,0,0
4,62,3,2011,2,7,1,2,2,1,1,1,1,1,1,4,1,2,16,5,1,3,33,2,2,0
4,62,3,2011,3,2,2,2,2,1,1,3,5,1,1,1,1,1,14,9,1,7,33,2,2,0
4,62,5,2011,3,7,1,2,2,1,1,1,1,1,1,4,1,2,12,11,1,7,33,2,2,0
3,63,1,2011,3,4,8,2,2,1,1,2,1,1,1,4,4,2,6,1,1,3,33,2,2,0
4,63,2,2011,2,7,1,2,1,1,1,1,1,1,1,4,1,2,12,11,2,7,33,1,2,0
7,63,1,2011,4,1,1,2,1,1,1,1,1,1,1,2,1,2,9,6,1,1,33,1,2,2
13,63,1,2011,1,1,1,1,1,1,1,1,1,1,1,4,1,1,10,6,1,2,33,1,0,0
15,63,3,2011,3,1,1,1,1,1,1,1,1,1,1,1,1,2,11,6,1,2,33,2,2,0
9,63,1,2011,3,7,1,2,2,1,1,1,1,1,1,1,1,2,8,6,1,1,33,2,2,1
9,63,2,2011,4,7,1,2,2,1,1,1,1,1,1,1,1,2,5,6,1,1,33,1,1,0
9,63,2,2011,1,7,1,2,2,1,1,1,1,1,1,1,3,2,9,5,1,1,33,2,2,3
14,63,3,2011,2,3,1,2,1,1,1,1,1,1,3,1,1,2,14,11,1,1,75,1,0,0
1,59,2,2011,2,7,8,2,2,1,1,1,1,1,1,1,1,2,17,6,1,1,25,2,2,0
6,59,2,2011,3,7,8,2,1,1,1,1,1,1,1,4,1,2,2,4,1,1,30,1,2,3
2,65,3,2011,4,7,8,2,2,1,1,1,1,1,1,1,1,2,7,2,1,7,33,2,2,0
1,66,3,2011,3,7,1,2,2,1,1,2,1,1,1,2,1,1,17,2,1,1,23,2,2,0
1,66,4,2011,3,7,1,1,2,2,2,1,2,1,1,4,1,2,9,6,1,1,40,2,2,0
14,58,1,2011,2,1,1,2,2,4,2,1,1,1,1,5,1,2,10,6,1,2,33,1,0,0
6,58,2,2011,3,7,1,2,2,1,1,1,1,1,1,1,1,2,9,5,1,1,33,2,2,0
1,68,2,2011,2,2,3,1,2,1,1,1,1,1,1,2,1,1,14,6,1,1,24,2,2,0
4,68,2,2011,3,7,8,2,2,1,1,4,1,2,2,4,1,2,13,1,1,4,33,2,2,0
6,66,7,2011,3,1,1,2,2,1,1,1,1,1,1,3,1,2,9,6,1,1,33,2,2,0
1,66,10,2011,2,1,1,2,2,1,1,4,1,1,1,2,1,2,9,1,1,3,40,1,2,0
8,66,9,2011,3,7,1,2,2,1,1,1,1,1,1,4,1,2,9,6,1,1,35,2,2,0
8,66,9,2011,3,7,1,2,2,2,1,2,2,1,1,4,1,2,9,6,1,1,30,2,2,1
8,66,9,2011,2,7,1,2,2,1,1,2,1,1,1,4,1,2,11,6,1,1,30,2,2,0
8,66,6,2011,3,1,1,1,2,1,1,1,1,1,1,4,1,2,11,6,2,1,33,2,2,3
8,66,8,2011,2,7,1,2,2,1,2,1,1,1,1,4,1,2,9,5,1,1,30,2,2,2
2,65,4,2011,1,7,8,2,2,1,3,2,1,1,1,1,1,2,13,1,2,7,33,2,2,0
2,65,4,2011,3,1,3,2,1,1,1,1,1,1,1,1,1,2,8,5,1,1,30,2,2,0
4,66,11,2011,4,1,8,2,2,1,4,3,3,3,2,2,4,2,13,6,1,1,35,2,2,0
4,66,12,2011,3,4,1,2,1,1,1,2,5,1,1,3,1,2,9,9,1,7,35,2,2,0
1,66,12,2011,4,1,8,1,1,2,1,4,1,1,1,2,1,2,19,2,1,1,33,2,2,0
3,66,12,2011,2,3,1,2,2,4,4,2,1,1,1,1,2,2,14,6,2,7,45,2,2,3
1,59,12,2011,2,1,1,1,2,1,1,2,1,1,1,1,1,2,12,6,1,1,33,2,2,0
6,59,11,2011,4,7,8,2,2,1,4,1,1,1,1,4,1,2,2,6,1,7,22,2,2,0
2,59,12,2011,3,7,8,1,1,1,1,1,1,1,1,1,1,2,10,6,1,2,33,1,0,0
2,59,12,2011,4,7,1,1,2,4,4,1,1,1,1,2,1,2,10,6,1,2,33,1,0,0
2,65,12,2011,3,1,8,2,2,1,2,2,1,1,1,1,1,2,9,1,1,7,33,2,2,0
2,65,11,2011,4,7,8,2,2,2,4,1,2,1,1,2,1,1,9,11,1,7,33,2,2,0
2,65,12,2011,2,7,8,2,2,1,1,2,1,1,1,1,1,2,7,1,1,7,33,2,2,1
4,62,1,2011,3,1,1,2,2,1,1,1,1,1,1,3,1,2,5,6,1,1,40,2,2,0
8,63,2,2011,1,1,1,2,2,1,2,1,1,1,1,1,2,1,9,6,1,1,33,2,2,0
9,63,2,2011,1,7,1,2,2,1,4,1,1,1,1,1,2,2,1,9,1,1,33,2,2,1
5,45,1,2011,1,1,1,2,2,1,2,1,1,1,1,1,1,2,19,6,1,1,33,2,2,0
1,52,1,2011,3,1,1,2,2,1,1,1,1,1,1,4,1,2,7,6,1,1,39,2,2,0
3,36,1,2011,2,1,1,2,2,1,1,1,1,1,1,1,1,2,4,6,1,1,33,2,2,0
1,36,1,2011,3,1,1,2,2,1,1,1,1,1,1,3,1,2,10,6,1,3,33,2,2,0
4,38,1,2011,3,1,1,2,2,1,1,2,1,1,1,4,1,2,19,1,2,6,18,2,2,0
1,51,1,2011,4,1,1,2,2,1,2,1,5,1,1,2,1,1,19,6,2,6,33,2,2,0
3,51,1,2011,3,1,1,2,2,1,1,1,1,1,2,3,3,2,4,6,1,3,33,2,2,0
1,49,1,2011,2,1,1,2,2,1,1,1,1,1,1,5,1,1,9,6,1,3,35,2,2,0
2,49,1,2011,3,1,1,2,2,1,1,1,1,1,1,4,1,2,4,6,1,1,22,2,2,0
3,49,1,2011,2,1,1,2,2,1,1,1,1,3,1,4,1,2,19,6,2,3,25,2,2,0
7,41,1,2011,1,1,1,2,2,1,2,1,5,1,1,3,1,1,19,6,1,3,33,2,2,0
7,41,1,2011,3,1,1,2,2,1,1,1,1,1,1,2,1,2,9,6,1,3,33,2,2,1
2,47,1,2011,2,1,1,2,2,1,1,1,1,1,1,1,1,2,9,6,1,1,33,2,2,0
2,44,1,2011,2,1,1,2,2,4,2,1,1,1,1,1,1,2,9,6,1,1,33,2,2,0
7,47,2,2011,4,1,1,2,2,1,4,1,2,1,1,1,1,2,13,6,1,3,46,2,2,0
3,38,2,2011,4,1,1,2,2,1,2,1,1,1,1,1,1,2,14,6,1,1,33,2,2,0
10,52,2,2011,3,1,1,2,2,1,2,1,1,1,1,4,1,2,14,6,1,1,40,2,2,0
3,36,2,2011,3,1,1,2,2,1,1,1,1,1,1,1,1,2,9,6,1,6,33,2,2,0
6,43,2,2011,3,1,1,2,2,1,1,1,1,1,1,4,1,2,4,6,1,1,30,2,2,1
6,51,2,2011,4,1,1,2,2,1,4,1,1,1,1,3,1,2,12,6,1,1,22,2,2,0
4,44,2,2011,4,1,4,2,2,1,3,1,1,1,1,5,1,1,10,6,1,1,49,2,2,1
2,44,1,2011,3,1,1,2,2,1,1,1,1,1,1,2,1,2,14,6,1,6,40,2,2,0
6,44,2,2011,4,1,1,2,2,1,3,1,1,1,1,1,1,1,9,7,1,1,32,2,2,0
6,44,2,2011,4,1,1,2,2,1,3,1,1,1,1,1,1,1,8,6,1,3,23,2,2,0
7,44,2,2011,3,1,1,2,2,1,2,1,1,1,1,1,1,2,14,6,1,3,31,2,2,0
1,41,3,2011,3,2,1,2,2,1,1,1,1,1,1,1,1,2,10,6,1,1,40,2,2,0
1,41,3,2011,2,3,1,2,2,1,1,1,1,1,1,1,1,2,9,6,1,1,33,2,2,0
5,41,2,2011,3,1,1,2,2,1,1,1,1,1,1,1,1,1,9,6,1,1,33,2,2,0
3,41,3,2011,4,4,1,2,2,1,4,1,1,1,1,5,1,1,5,6,1,6,33,2,2,0
4,41,2,2011,4,1,1,2,2,1,4,2,1,1,2,4,1,2,4,6,1,3,38,2,2,0
7,41,3,2011,3,1,1,2,2,1,1,1,1,1,1,5,1,1,9,6,1,1,33,2,2,0
7,41,3,2011,3,3,1,2,2,1,1,1,1,1,1,2,1,2,14,6,1,1,33,2,2,0
7,41,3,2011,4,1,1,2,2,1,3,1,1,1,1,1,2,1,14,6,1,1,40,2,2,0
7,41,2,2011,2,1,1,2,2,1,1,1,1,1,1,1,1,1,12,6,1,1,33,2,2,0
7,41,2,2011,1,1,1,2,2,1,3,1,1,1,1,5,1,1,19,6,1,1,33,2,2,0
7,41,2,2011,3,4,1,2,2,1,1,1,1,1,1,1,1,1,14,6,1,6,33,2,2,0
1,51,2,2011,4,1,1,2,2,1,2,1,1,1,1,2,1,2,19,6,2,6,33,2,2,1
7,51,3,2011,2,1,1,2,2,1,1,1,1,1,1,3,1,2,12,6,1,1,20,2,2,0
1,47,3,2011,1,1,1,2,2,1,3,1,1,1,1,1,1,2,14,6,2,6,33,2,2,0
1,44,2,2011,2,1,1,2,2,1,1,1,1,1,1,5,1,1,4,6,1,3,29,2,2,1
4,44,3,2011,4,1,1,2,2,1,2,1,1,1,1,1,1,1,8,6,1,3,33,2,2,0
10,52,3,2011,2,1,1,2,2,1,1,1,1,1,1,4,1,2,17,6,1,1,33,2,2,0
1,52,4,2011,2,1,1,2,2,1,1,1,1,1,1,5,1,1,19,6,2,6,33,2,2,0
1,37,3,2011,2,3,1,2,2,1,1,1,1,1,1,3,1,2,19,6,2,6,33,2,2,1
9,38,3,2011,2,2,1,2,2,1,1,1,1,1,1,4,1,2,19,6,2,6,25,2,2,0
5,45,3,2011,3,1,1,2,2,1,1,1,1,1,1,1,1,2,7,6,1,3,33,2,2,0
1,49,3,2011,2,1,1,2,2,1,4,1,1,1,1,5,1,1,19,6,2,6,22,2,2,0
1,49,3,2011,3,1,1,2,2,1,2,1,1,1,1,2,1,2,19,6,1,1,33,2,2,0
1,48,3,2011,3,1,1,2,2,1,1,1,1,1,1,1,1,2,9,6,1,3,50,2,2,0
2,48,3,2011,3,1,1,2,2,1,1,1,1,1,1,3,1,2,19,6,1,1,33,2,2,0
5,48,3,2011,4,1,1,2,2,1,2,1,1,1,1,4,1,2,19,6,1,3,33,2,2,0
6,40,1,2011,4,1,1,2,2,1,1,1,1,1,1,1,1,2,19,6,1,3,33,2,2,0
7,40,1,2011,2,1,1,2,2,1,1,1,1,1,1,4,1,2,14,6,1,1,26,2,2,0
7,40,2,2011,3,1,1,2,2,1,1,1,1,1,1,4,1,2,4,6,1,1,33,2,2,0
2,40,2,2011,2,1,1,2,2,1,1,1,1,1,1,2,1,2,9,6,1,1,33,2,2,0
6,40,3,2011,4,1,1,2,2,1,4,1,1,1,1,1,1,2,19,6,1,1,33,2,2,0
1,40,4,2011,2,3,1,2,2,1,1,1,1,1,1,1,1,1,9,6,1,1,33,2,2,0
4,44,4,2011,2,1,4,2,2,1,2,1,1,1,1,3,1,1,14,6,1,1,33,2,2,0
2,44,4,2011,1,1,1,2,2,1,2,1,1,1,1,1,1,2,9,6,1,1,33,2,2,0
2,47,4,2011,2,1,1,2,2,1,1,1,1,1,1,1,1,2,14,6,1,1,33,2,2,0
5,47,4,2011,4,1,1,2,2,1,4,1,1,1,1,1,1,2,19,6,1,1,33,2,2,0
1,43,4,2011,2,1,1,2,2,1,1,1,1,1,1,3,1,2,5,6,1,1,33,2,2,0
1,43,2,2011,2,1,1,2,2,1,1,1,1,1,1,2,1,2,14,6,1,6,33,2,2,0
4,52,4,2011,3,1,1,2,2,1,1,3,1,1,2,3,2,2,14,6,1,3,35,2,2,1
2,48,4,2011,3,1,1,2,2,1,1,1,1,1,1,4,1,2,19,6,1,6,26,2,2,0
1,36,4,2011,1,1,1,2,2,4,4,1,1,1,1,2,1,1,19,6,2,6,33,2,2,0
5,45,4,2011,3,1,1,2,2,1,1,1,1,1,1,1,1,2,15,6,1,1,33,2,2,0
5,37,5,2011,2,1,1,2,2,1,1,1,1,1,2,3,1,2,19,6,2,6,33,2,2,0
6,44,5,2011,2,1,1,2,2,1,1,1,1,1,1,1,1,1,7,6,1,1,33,2,2,0
6,44,5,2011,1,3,3,2,2,1,2,1,1,1,2,2,1,2,19,6,1,1,33,2,2,0
6,44,5,2011,1,1,1,2,2,1,2,1,1,1,1,1,1,1,19,6,1,1,33,2,2,0
7,44,5,2011,4,1,1,2,2,1,3,1,1,1,1,1,1,2,19,6,1,1,33,2,2,0
7,44,5,2011,2,2,1,2,2,1,1,1,1,1,1,1,1,1,14,6,1,1,33,2,2,0
5,44,5,2011,1,1,1,2,2,1,2,1,1,1,1,1,1,2,19,6,1,1,33,2,2,0
5,49,5,2011,2,1,1,2,2,1,1,1,1,1,1,3,1,2,14,6,1,3,25,2,2,0
5,49,5,2011,4,1,1,2,2,1,1,1,1,1,1,4,1,2,19,6,2,6,25,2,2,0
7,47,5,2011,3,1,1,2,2,1,1,1,1,1,1,1,1,1,14,7,1,3,25,2,2,0
8,47,5,2011,3,1,1,2,2,1,1,1,1,1,1,1,1,2,11,6,1,1,23,2,2,1
12,47,5,2011,1,1,1,2,2,1,4,1,1,1,1,1,1,2,14,6,2,6,42,2,2,0
7,47,5,2011,4,1,1,2,2,1,4,1,1,1,1,2,1,2,8,6,1,1,33,2,2,1
1,36,5,2011,3,3,4,2,2,1,1,1,1,1,1,1,1,2,13,6,1,3,30,2,2,1
6,45,5,2011,2,1,1,2,2,1,1,1,1,1,1,1,1,2,19,6,1,1,33,2,2,0
7,48,5,2011,4,1,1,2,2,1,2,1,1,1,1,3,1,2,12,6,1,1,33,2,2,1
3,48,5,2011,3,1,1,2,2,1,1,1,1,1,1,4,1,2,19,6,2,6,33,2,2,0
2,48,4,2011,3,1,1,2,2,1,1,1,1,1,1,3,1,2,4,11,1,1,30,2,2,0
1,45,6,2011,3,1,1,2,2,1,1,1,1,1,1,1,1,2,9,6,1,1,33,2,2,0
1,49,4,2011,3,2,1,2,2,1,1,1,1,1,1,4,1,2,6,6,1,3,46,2,2,0
5,45,7,2011,3,1,1,2,2,1,1,1,1,1,1,1,1,2,19,6,2,6,33,2,2,0
1,35,7,2011,1,1,1,2,2,1,2,1,1,1,1,1,1,2,14,6,1,1,33,2,2,0
1,35,6,2011,4,1,1,2,2,1,3,1,1,2,1,1,1,2,19,6,1,1,33,2,2,0
2,35,7,2011,2,1,1,2,2,1,2,2,1,1,1,1,1,2,12,6,1,6,33,2,2,0
3,49,7,2011,3,1,1,2,2,1,1,1,1,1,1,4,1,2,14,6,1,1,37,2,2,0
9,47,7,2011,2,1,1,2,2,1,1,1,1,1,1,1,5,2,14,6,1,1,35,2,2,0
9,47,7,2011,3,1,1,2,2,2,1,2,2,1,1,1,1,2,9,5,1,1,33,2,2,0
3,38,6,2011,2,1,1,2,2,1,2,1,1,1,1,1,1,1,19,6,1,1,33,2,2,0
5,38,7,2011,2,4,1,2,2,1,1,1,1,1,1,4,1,2,4,6,1,1,33,2,2,1
2,48,7,2011,3,1,1,2,2,1,1,1,1,1,1,4,1,2,14,6,1,1,45,2,2,0
2,48,7,2011,4,1,1,2,2,1,4,1,1,1,1,4,1,2,14,6,1,1,33,2,2,0
6,48,7,2011,3,1,1,2,2,1,1,1,1,1,1,3,1,2,4,6,1,1,33,2,2,0
1,36,7,2011,2,1,1,2,2,1,1,1,1,1,1,1,1,1,9,6,1,1,33,2,2,0
1,50,1,2011,3,3,1,2,2,1,1,1,1,1,1,2,1,2,12,6,1,3,33,2,2,0
4,50,1,2011,2,4,1,2,2,1,1,1,1,1,2,4,1,2,7,6,1,1,33,2,2,0
4,50,3,2011,4,1,1,2,2,1,1,1,1,1,1,3,1,2,7,6,1,6,33,2,2,1
2,50,5,2011,3,1,1,2,2,1,1,1,1,1,1,1,1,2,14,6,1,1,21,2,2,0
6,50,3,2011,3,2,1,2,2,1,1,1,1,1,1,4,1,2,4,6,1,1,33,2,2,0
5,50,5,2011,3,1,1,2,2,1,1,1,1,1,1,2,1,2,11,6,1,1,33,2,2,1
13,50,1,2011,2,1,1,2,2,4,1,1,1,1,1,3,1,2,9,6,1,1,33,2,2,0
1,39,4,2011,1,1,1,2,2,1,2,1,1,1,1,4,1,2,12,6,1,1,33,2,2,1
3,39,1,2011,3,1,1,2,2,1,1,1,1,1,1,1,1,2,9,6,1,1,33,2,2,1
1,39,6,2011,2,1,1,2,2,1,1,1,1,1,1,2,1,2,19,6,1,1,33,2,2,0
1,39,2,2011,2,1,1,2,2,1,1,1,1,1,1,1,2,2,9,6,1,1,43,2,2,1
1,39,2,2011,4,4,1,2,2,1,3,1,1,1,1,1,1,1,9,6,1,1,47,2,2,0
4,39,2,2011,2,1,1,2,2,1,1,1,1,1,1,4,1,2,19,6,2,6,18,2,2,0
4,39,7,2011,1,1,1,2,2,1,1,1,1,1,1,3,1,2,19,6,1,1,33,2,2,0
6,44,6,2011,2,2,1,2,2,1,1,1,1,1,1,1,1,1,9,6,1,1,33,2,2,0
6,44,6,2011,1,1,1,2,2,1,3,1,1,1,1,1,1,1,19,6,1,1,33,2,2,0
5,46,6,2011,4,1,3,2,2,1,3,1,1,1,1,1,1,1,9,6,1,1,33,2,2,0
5,46,5,2011,3,1,1,2,2,1,1,1,1,1,1,1,1,1,9,6,1,3,33,2,2,0
5,46,4,2011,3,1,1,2,2,1,1,1,1,1,1,1,1,1,7,6,1,3,33,2,2,0
5,46,1,2011,3,1,4,2,2,1,1,1,1,1,1,1,1,1,10,6,1,1,33,2,2,0
5,46,7,2011,3,1,1,2,2,1,1,1,1,1,1,1,1,1,15,6,1,1,33,2,2,1
5,46,8,2011,1,1,1,2,2,1,2,1,1,1,1,1,1,1,9,6,1,6,33,2,2,0
5,46,6,2011,4,1,1,2,2,1,3,1,1,1,1,1,1,1,14,6,1,1,33,2,2,0
1,46,1,2011,4,1,1,2,2,1,3,1,1,1,1,1,1,1,9,6,1,1,33,2,2,0
1,46,2,2011,3,1,1,2,2,1,1,1,1,1,1,1,1,1,9,6,1,1,33,2,2,0
1,46,2,2011,3,1,1,2,2,1,1,1,1,1,1,1,1,1,9,6,1,1,33,2,2,0
1,46,2,2011,2,1,1,2,2,1,1,1,1,1,1,1,1,1,13,6,1,3,33,2,2,0
1,46,3,2011,1,1,1,2,2,1,1,1,1,1,1,1,1,1,19,6,1,1,33,2,2,0
1,46,3,2011,2,1,1,2,2,1,1,1,1,1,1,1,1,1,9,6,1,1,33,2,2,0
1,46,4,2011,3,1,1,2,2,1,1,1,1,1,1,1,1,1,9,6,1,1,33,2,2,0
1,46,4,2011,2,1,1,2,2,1,1,1,1,1,1,1,1,1,9,6,1,1,33,2,2,0
1,46,4,2011,4,1,1,2,2,1,3,1,1,1,1,1,1,1,13,6,1,3,33,2,2,1
1,46,5,2011,1,1,1,2,2,1,4,1,1,1,1,1,1,2,19,6,1,3,33,2,2,0
1,46,5,2011,2,1,1,2,2,1,1,1,1,1,1,2,1,2,9,6,1,1,33,2,2,0
1,46,5,2011,2,1,1,2,2,1,1,1,1,1,1,1,1,1,9,6,1,6,33,2,2,0
1,46,6,2011,1,1,1,2,2,1,3,1,1,1,1,1,1,1,19,6,1,1,33,2,2,0
1,46,7,2011,3,2,1,2,2,1,1,1,1,1,1,1,1,1,9,6,1,3,33,2,2,0
1,46,7,2011,2,1,1,2,2,1,1,1,1,1,1,1,1,1,14,6,1,1,33,2,2,0
1,46,7,2011,2,1,1,2,2,1,1,1,1,1,1,1,1,1,8,6,1,1,33,2,2,0
1,46,7,2011,3,1,1,2,2,1,1,1,1,1,1,1,1,1,19,6,1,1,33,2,2,0
6,46,3,2011,4,1,4,2,2,1,3,1,1,1,1,1,1,1,9,6,1,1,33,2,2,0
6,46,4,2011,1,1,4,2,2,1,3,1,1,1,1,1,1,1,9,6,1,1,33,2,2,0