Thana,District,Month,Year,Time,Junction_Type,Traffic_Control,Movement,Divider,Weather,Light,Road_Geometry,Surface_Condition,Surface_Type,Surface_Quality,Road_Class,Road_Feature,Location_Type,Vehicle_Type,Vehicle_Movement,Vehicle_Loading,Vehicle_Defect,Vehicle_Driver_Age,Vehicle_Alcohol,Vehicle_Seat_Belt,Accident_Severity
6,46,5,2011,1,1,4,2,2,1,3,1,1,1,1,1,1,1,14,6,1,1,33,2,2,0
6,46,5,2011,1,3,4,2,2,1,3,1,1,1,1,1,1,1,7,6,1,1,33,2,2,1
6,46,5,2011,1,1,4,2,2,1,3,1,1,1,1,1,1,1,7,6,1,1,33,2,2,0
6,46,6,2011,4,1,4,2,2,1,3,1,1,1,1,1,1,1,9,6,1,1,33,2,2,0
6,46,5,2011,1,1,4,2,2,1,3,1,1,1,1,1,1,1,19,6,1,1,33,2,2,0
6,46,7,2011,2,1,4,2,1,2,1,1,1,1,1,1,1,1,9,6,1,1,33,2,2,0
4,46,5,2011,4,1,1,2,2,1,4,1,1,1,1,2,1,2,19,6,1,3,33,2,2,0
2,46,2,2011,2,1,1,2,2,1,1,1,1,1,1,1,1,2,8,6,1,3,33,2,2,0
2,46,3,2011,3,1,1,2,2,1,1,1,1,1,1,1,1,1,9,6,1,1,33,2,2,0
3,46,6,2011,2,1,1,2,2,1,1,1,1,1,1,1,1,2,9,6,1,6,32,2,2,0
7,41,4,2011,2,4,1,2,2,1,1,1,1,1,1,4,1,2,12,2,1,3,40,2,2,0
7,41,4,2011,2,3,1,2,2,1,1,1,1,1,1,2,1,2,14,6,1,3,33,2,2,0
7,41,4,2011,3,1,1,2,2,1,1,1,1,1,1,4,1,2,14,6,1,3,33,2,2,0
7,41,4,2011,3,4,1,2,2,1,1,1,1,1,1,1,1,1,14,6,1,7,33,2,2,0
7,41,4,2011,2,1,1,2,2,1,1,1,1,1,1,1,1,1,9,5,1,1,33,2,2,0
7,41,5,2011,2,4,1,2,2,1,1,1,1,1,1,2,1,1,8,6,1,3,33,2,2,0
7,41,5,2011,2,3,1,2,2,1,1,1,1,1,1,1,1,2,8,6,1,1,33,2,2,0
7,41,5,2011,3,1,1,2,2,1,1,1,1,1,1,1,1,1,9,6,1,1,33,2,2,1
7,41,6,2011,1,1,1,2,2,1,4,1,1,1,1,2,1,2,14,6,1,3,33,2,2,0
7,41,6,2011,4,1,1,2,2,1,4,1,1,1,1,2,1,1,19,6,1,3,33,2,2,0
7,41,6,2011,3,1,1,2,2,1,1,1,1,1,1,1,1,1,9,6,1,3,30,2,2,0
7,41,6,2011,2,1,1,2,2,1,1,1,1,1,1,1,1,1,9,6,1,3,33,2,2,0
7,41,6,2011,2,1,1,2,2,1,1,1,1,1,1,5,1,1,9,6,1,6,40,2,2,1
7,41,6,2011,4,1,3,2,2,1,4,1,1,1,1,1,1,1,19,6,1,3,33,2,2,0
1,41,6,2011,4,1,1,2,2,1,4,1,1,1,1,1,1,2,9,6,1,6,33,2,2,1
7,41,6,2011,3,1,1,2,2,1,1,2,1,1,1,2,1,1,12,6,1,1,27,2,2,0
7,41,6,2011,2,1,1,2,2,1,1,1,1,1,1,2,1,1,9,6,1,3,33,2,2,0
1,41,6,2011,2,1,1,2,2,1,1,1,1,1,1,1,1,2,9,6,1,1,45,2,2,0
4,44,7,2011,2,1,1,2,2,1,1,1,1,1,1,1,1,1,14,6,1,1,33,2,2,0
4,44,7,2011,3,1,1,2,2,1,1,1,1,1,1,2,1,2,14,6,1,1,38,2,2,0
5,44,7,2011,1,1,1,2,2,1,2,1,1,1,1,1,1,2,14,6,1,6,26,2,2,0
5,44,7,2011,2,1,1,2,2,1,1,1,1,1,1,1,1,2,4,6,1,1,33,2,2,1
7,44,7,2011,1,3,1,2,2,1,2,1,1,1,1,1,1,2,19,6,1,3,33,2,2,0
5,41,7,2011,2,1,1,2,2,1,1,1,1,1,1,1,1,2,9,6,1,1,33,2,2,0
1,41,7,2011,3,1,1,2,2,1,1,1,1,1,1,1,1,2,12,6,1,3,33,2,2,0
7,41,7,2011,2,1,1,2,2,1,2,1,1,1,1,5,1,1,14,6,1,6,33,2,2,0
7,41,7,2011,3,1,1,2,2,1,1,1,1,1,1,1,1,1,10,6,1,1,33,2,2,0
7,41,7,2011,1,1,1,2,2,1,3,1,1,1,1,4,1,1,9,6,1,1,33,2,2,0
7,41,7,2011,4,1,1,2,2,1,3,1,5,1,1,1,1,1,9,6,1,7,33,2,2,0
7,41,7,2011,2,1,1,2,2,1,4,1,1,1,1,1,1,2,19,6,1,3,33,2,2,0
7,41,7,2011,1,1,1,2,2,1,3,1,1,1,1,1,1,1,19,6,1,1,33,2,2,0
6,41,7,2011,4,1,1,2,2,1,4,1,1,1,1,1,1,2,19,6,1,3,33,2,2,0
12,47,9,2011,3,1,1,2,2,1,1,1,1,1,1,1,1,2,9,6,1,3,45,2,2,0
12,51,5,2011,2,1,1,2,2,1,1,1,1,1,1,2,1,2,9,6,1,1,32,2,2,0
4,51,3,2011,4,1,1,2,2,1,4,1,1,1,1,2,1,2,19,6,1,1,33,2,2,0
5,51,5,2011,3,1,1,2,2,1,1,1,3,3,2,4,1,2,3,6,2,1,30,2,2,0
11,59,5,2011,3,1,1,2,2,1,1,3,3,3,2,4,1,2,17,6,2,1,33,2,2,0
3,51,6,2011,2,1,1,2,2,1,1,1,1,1,1,5,1,1,17,6,2,1,33,2,2,0
4,51,5,2011,3,5,1,2,2,2,1,2,2,1,1,1,5,1,14,6,2,1,40,2,2,0
8,51,8,2011,4,1,1,2,2,1,4,1,1,1,1,2,1,2,7,6,1,1,33,2,2,1
5,41,8,2011,1,1,1,2,2,1,1,1,1,1,1,1,1,2,1,6,1,1,33,2,2,0
5,41,8,2011,2,3,1,2,2,1,1,1,1,1,1,1,1,2,9,6,1,1,33,2,2,0
7,41,8,2011,2,1,1,2,2,1,1,1,1,1,1,2,1,1,19,6,1,1,33,2,2,0
7,41,8,2011,2,1,1,2,2,1,1,1,1,1,1,1,1,1,8,6,1,1,33,2,2,0
7,41,8,2011,2,1,1,2,2,1,1,1,1,1,1,5,1,1,9,6,1,1,33,2,2,0
7,41,8,2011,4,1,1,2,2,1,4,1,1,1,1,1,1,1,10,6,1,1,33,2,2,0
6,4,8,2011,3,1,3,2,2,1,1,1,1,1,1,1,1,2,9,6,1,1,33,2,2,0
7,47,8,2011,1,1,1,2,2,1,4,1,1,1,1,1,1,2,19,6,1,1,33,2,2,0
1,47,8,2011,4,1,1,2,2,1,2,1,1,1,1,1,1,2,19,6,1,1,33,2,2,0
12,47,8,2011,1,1,1,2,2,1,2,1,1,1,1,1,1,1,19,6,1,6,33,2,2,0
8,38,8,2011,4,1,1,2,2,1,4,1,1,1,1,3,1,2,4,6,1,1,33,2,2,0
1,38,8,2011,1,2,1,2,2,1,2,1,1,1,1,5,1,1,14,6,1,1,33,2,2,3
3,35,8,2011,4,3,1,2,2,1,4,1,1,1,1,2,1,2,12,6,1,1,33,2,2,0
3,35,7,2011,4,1,1,2,2,1,2,1,1,1,1,2,1,2,19,6,1,1,33,2,2,0
4,39,8,2011,2,1,1,2,2,1,1,1,1,1,1,1,1,2,19,6,1,1,35,2,2,0
1,39,8,2011,1,1,1,2,2,1,2,2,1,1,1,2,1,2,19,6,1,1,33,2,2,0
4,44,10,2011,3,1,1,2,2,1,1,1,1,1,1,5,1,1,14,6,1,1,35,2,2,2
5,44,9,2011,4,2,1,2,2,1,4,1,1,1,1,1,1,2,14,6,1,1,33,2,2,0
7,44,9,2011,4,1,1,2,2,1,2,1,1,1,1,1,3,2,19,3,1,1,33,2,2,0
2,48,9,2011,2,1,1,2,2,1,1,1,1,1,1,4,1,2,19,6,2,6,35,2,2,1
4,39,9,2011,2,1,1,2,2,1,1,1,1,1,1,4,1,2,4,6,1,3,18,2,2,1
3,39,9,2011,1,1,1,2,2,1,2,1,1,1,1,1,1,2,7,6,1,1,33,2,2,3
5,44,9,2011,3,1,1,2,2,1,2,1,1,1,1,1,2,1,19,6,1,6,33,2,2,0
5,45,10,2011,4,1,1,2,2,1,3,1,1,1,1,1,1,2,19,6,1,2,33,2,2,0
1,39,10,2011,3,3,1,2,2,1,1,1,1,1,1,2,1,1,13,6,1,1,32,2,2,0
2,39,10,2011,3,2,1,2,2,1,1,1,1,1,1,4,1,2,19,6,2,6,33,2,2,0
1,39,10,2011,4,1,1,2,2,1,4,1,1,1,1,2,1,2,19,6,1,1,33,2,2,0
7,48,10,2011,1,1,1,2,2,1,2,1,1,1,1,3,1,2,14,6,1,1,33,2,2,0
6,38,9,2011,4,1,1,2,2,1,4,1,1,1,1,1,1,2,19,6,1,1,33,2,2,0
4,38,10,2011,2,1,1,2,2,1,1,1,1,1,1,2,1,2,4,2,1,1,25,2,2,1
6,44,9,2011,2,2,1,2,2,1,1,1,1,1,1,2,1,2,14,6,1,1,33,2,2,0
1,36,10,2011,3,3,1,2,2,1,1,1,1,1,1,4,1,2,4,6,1,1,40,2,2,0
7,47,10,2011,4,1,1,2,2,1,1,1,1,1,1,1,1,1,19,6,1,1,33,2,2,0
12,47,10,2011,1,1,1,2,2,1,2,1,1,1,1,1,1,2,9,6,1,1,33,2,2,0
7,41,10,2011,4,1,1,2,2,1,4,1,1,1,1,1,1,1,9,6,1,1,33,2,2,0
7,41,10,2011,2,1,3,2,2,1,1,1,1,1,1,1,1,2,14,6,1,1,30,2,2,0
7,41,10,2011,2,1,1,2,2,1,1,1,1,1,1,2,1,1,6,6,1,3,33,2,2,0
7,41,10,2011,1,1,1,2,2,1,4,1,1,1,1,2,1,2,19,6,1,1,33,2,2,0
7,41,9,2011,3,1,1,2,2,1,1,1,1,1,1,1,1,2,19,6,1,1,33,2,2,0
5,41,9,2011,2,1,1,2,2,2,2,1,2,1,1,1,1,2,8,6,1,3,33,2,2,0
7,41,9,2011,2,3,1,2,2,1,1,1,1,1,1,1,1,2,6,6,1,6,33,2,2,0
7,41,9,2011,1,1,1,2,2,1,4,1,1,1,1,2,1,1,14,5,1,1,33,2,2,0
7,41,9,2011,2,1,1,2,2,1,1,1,1,1,1,2,1,1,9,6,2,6,33,2,2,0
12,47,12,2011,3,1,1,2,2,4,2,1,1,1,1,1,1,2,19,6,1,1,33,2,2,0
12,47,12,2011,3,1,1,2,2,1,1,1,1,1,1,1,1,2,9,6,1,3,22,2,2,0
11,47,12,2011,2,1,1,2,2,1,1,2,1,1,2,4,1,2,13,6,1,1,33,2,2,0
2,35,12,2011,4,1,1,2,2,4,4,2,1,1,1,1,1,2,9,1,1,6,31,2,2,0
4,37,12,2011,2,1,1,2,2,1,1,1,1,1,1,4,1,2,9,6,1,1,33,2,2,0
5,52,8,2011,3,3,1,2,2,1,1,1,1,1,1,3,1,2,1,6,1,1,33,2,2,1
1,39,11,2011,2,1,1,2,2,1,1,1,1,1,1,4,1,2,9,6,2,6,18,2,2,0
1,39,11,2011,4,1,1,2,2,1,2,1,1,1,1,4,1,2,4,6,1,1,33,2,2,0
2,37,11,2011,3,1,1,2,2,1,1,1,1,1,1,3,1,2,12,6,1,6,33,2,2,1
5,48,11,2011,4,1,1,2,2,1,1,1,1,1,1,4,1,2,4,6,1,3,38,2,2,0
7,45,11,2011,4,1,1,2,2,1,4,1,1,1,1,1,1,2,19,6,1,1,33,2,2,0
6,47,11,2011,4,1,1,2,2,1,4,1,1,1,1,4,1,2,14,6,1,1,34,2,2,1
11,47,11,2011,3,1,1,2,2,1,1,2,1,1,1,4,1,2,4,6,1,1,33,2,2,0
1,47,11,2011,1,3,1,2,2,1,4,1,1,1,1,1,1,2,9,5,2,1,33,2,2,0
3,49,10,2011,3,3,1,2,2,1,1,1,1,1,1,2,1,2,8,6,1,6,33,2,2,0
3,49,11,2011,2,1,1,2,2,1,1,1,1,1,1,2,1,2,19,6,2,6,33,2,2,0
5,41,11,2011,1,3,1,2,2,1,2,1,1,1,1,1,1,1,19,6,1,1,33,2,2,0
5,41,11,2011,1,1,1,2,2,1,3,1,1,1,1,1,1,1,9,6,1,1,33,2,2,0
5,41,12,2011,1,1,1,2,2,1,3,1,1,1,1,1,1,1,19,6,1,1,33,2,2,0
1,41,11,2011,2,2,1,2,2,1,2,1,1,1,1,1,1,1,9,6,1,1,33,2,2,1
7,41,12,2011,4,1,1,2,2,1,3,1,1,1,1,1,1,1,9,6,1,1,33,2,2,0
7,41,12,2011,4,1,1,2,2,1,2,1,1,1,1,1,1,2,5,6,1,1,33,2,2,0
7,41,11,2011,3,1,1,2,2,1,1,1,1,1,1,2,1,1,14,6,1,1,33,2,2,0
7,41,11,2011,2,2,3,2,2,1,1,1,1,1,1,2,1,1,19,6,1,1,33,2,2,0
7,41,11,2011,4,1,1,2,2,1,2,1,1,1,1,1,1,1,9,6,1,1,33,2,2,0
7,41,12,2011,2,1,1,2,2,1,1,1,1,1,1,2,1,1,19,6,1,1,33,2,2,0
7,41,12,2011,3,2,4,2,2,1,2,1,1,1,1,1,1,1,9,6,1,1,33,2,2,0
6,41,11,2011,4,1,1,2,2,1,2,1,1,1,1,2,1,2,4,6,1,1,23,2,2,1
6,14,11,2011,2,1,1,2,2,1,1,1,1,1,1,4,1,2,4,6,1,1,33,2,2,0
7,44,11,2011,3,1,2,2,2,1,1,1,1,1,1,1,1,2,19,6,1,1,33,2,2,0
5,44,11,2011,1,1,1,2,2,1,4,1,1,1,1,1,1,1,19,6,1,1,33,2,2,0
6,44,11,2011,2,1,1,2,2,1,2,1,1,1,1,1,1,1,19,6,1,1,33,2,2,0
6,44,11,2011,3,1,1,2,2,1,1,1,1,1,1,1,1,1,9,6,1,3,28,2,2,0
5,44,12,2011,3,1,1,2,2,1,2,1,1,1,1,1,1,2,8,6,1,1,40,2,2,0
6,44,12,2011,3,1,1,2,2,1,1,1,1,1,1,5,1,1,7,6,1,1,19,2,2,0
6,44,12,2011,1,1,1,2,2,1,1,1,1,1,1,1,1,1,19,6,1,1,33,2,2,0
6,44,12,2011,4,1,1,2,2,1,3,1,1,1,1,1,1,1,19,6,1,1,33,2,2,0
6,44,11,2011,3,1,1,2,2,1,1,1,1,1,1,1,1,1,19,6,1,1,33,2,2,0
3,49,12,2011,4,1,1,2,2,4,2,1,1,1,1,2,1,2,12,5,1,6,33,2,2,0
5,52,12,2011,2,1,1,2,2,1,1,1,1,1,1,3,1,2,4,6,1,1,33,2,2,0
10,52,12,2011,2,1,1,2,2,1,1,1,1,1,1,3,1,2,9,6,1,1,33,2,2,0
12,51,10,2011,2,1,1,2,2,1,1,1,1,1,1,5,1,2,19,6,2,7,33,1,2,0
2,51,10,2011,3,1,1,2,2,1,2,1,1,1,1,3,1,2,4,6,1,1,33,2,2,0
1,51,11,2011,2,1,1,2,2,1,1,2,1,1,1,4,1,2,17,6,1,1,33,2,2,1
8,51,11,2011,3,1,1,2,2,1,1,1,1,1,1,3,1,2,7,6,1,1,33,2,2,0
3,51,11,2011,3,2,1,2,2,1,1,1,1,1,1,4,1,2,19,6,2,6,33,2,2,0
1,51,12,2011,4,1,1,2,2,1,2,1,1,1,1,2,1,2,14,6,1,1,33,2,2,0
7,51,11,2011,3,2,1,2,2,1,1,2,1,1,1,3,1,2,19,6,2,6,33,2,2,0
3,51,12,2011,3,3,1,2,2,4,1,1,1,1,1,4,1,2,17,6,1,1,33,2,2,0
4,43,11,2011,3,1,3,2,2,1,1,1,2,1,1,1,1,2,9,7,2,2,33,2,2,0
1,43,12,2011,2,2,1,2,2,1,1,1,1,1,1,2,1,2,17,2,2,4,18,2,2,0
4,43,11,2011,4,7,3,2,2,1,1,1,1,1,1,1,1,2,10,11,1,7,33,2,2,0
5,40,5,2011,2,1,1,2,2,1,1,1,1,1,1,2,1,2,13,11,1,7,25,2,2,2
6,40,5,2011,1,2,8,1,2,4,2,2,2,1,1,4,1,1,2,11,1,7,33,2,2,3
1,40,7,2011,3,7,8,1,1,1,1,2,1,1,1,1,1,1,9,10,1,7,41,2,2,1
1,40,8,2011,4,7,8,1,2,1,1,1,1,1,1,1,1,1,14,11,1,7,33,2,2,1
3,40,8,2011,2,3,8,2,2,1,1,1,1,1,1,1,1,2,5,1,1,1,30,2,2,0
4,40,8,2011,3,1,8,2,2,1,1,1,1,1,1,1,1,1,7,8,1,1,33,2,2,0
1,40,9,2011,3,3,8,2,2,1,1,2,1,1,1,1,1,1,9,1,1,1,33,2,2,1
7,40,9,2011,3,2,8,2,2,1,1,1,1,1,1,1,1,1,9,4,1,6,33,2,2,0
1,40,10,2011,4,1,8,2,2,4,4,1,1,1,1,1,1,2,7,11,1,7,33,2,2,1
1,40,10,2011,1,1,8,2,2,4,4,1,1,1,1,1,1,2,14,4,1,7,33,2,2,0
1,40,11,2011,2,1,8,2,2,1,1,1,1,1,1,1,1,2,9,4,1,7,33,2,2,0
5,46,10,2011,3,1,1,2,2,1,1,1,1,1,1,1,1,1,13,7,1,7,33,1,2,0
3,35,12,2011,3,1,1,2,2,1,1,1,1,1,1,3,1,1,14,6,1,7,33,1,2,0
6,47,12,2011,3,1,2,2,2,1,1,1,1,1,1,2,1,2,4,7,1,7,33,2,2,0
8,50,12,2011,4,2,1,2,2,1,1,1,5,3,2,4,1,2,14,1,1,1,33,1,2,0
1,50,12,2011,1,1,1,2,2,1,3,1,1,1,1,1,1,1,4,6,2,1,33,2,2,3
5,50,10,2011,2,1,1,2,2,1,1,1,1,1,1,1,1,1,9,2,1,1,33,2,2,0
5,50,12,2011,4,3,8,2,2,1,1,1,1,1,1,1,1,2,12,6,1,1,33,2,2,0
6,41,11,2011,1,1,1,2,2,1,1,2,1,1,1,4,1,1,4,6,1,1,33,2,2,0
3,38,7,2011,4,1,1,2,2,2,4,1,2,1,1,1,1,2,7,6,1,1,33,2,2,1
4,36,10,2011,4,1,7,2,2,1,4,1,1,1,1,2,1,2,14,6,1,1,33,2,2,0
6,41,8,2011,3,1,3,2,1,1,1,1,1,1,1,1,2,1,9,6,1,1,33,2,2,0
6,44,9,2011,4,1,1,2,2,1,3,1,1,1,1,3,1,1,4,6,1,1,33,2,2,1
4,44,7,2011,4,1,1,2,2,1,3,1,1,1,1,2,1,1,14,8,1,1,36,2,2,0
5,44,8,2011,3,1,1,2,2,1,1,1,1,1,1,1,1,2,10,5,1,1,32,2,1,0
3,39,7,2011,2,1,1,2,2,1,1,2,2,1,1,1,1,2,14,6,1,1,2,2,2,0
4,35,9,2011,4,1,1,2,2,1,4,1,1,1,1,2,1,2,9,4,1,1,33,1,2,0
7,41,2,2011,4,1,1,2,2,1,3,1,1,1,1,1,1,1,9,6,1,1,36,2,2,0
1,37,9,2011,1,1,8,2,2,1,4,2,1,1,1,4,1,1,8,6,2,7,34,1,2,0
4,37,3,2011,2,1,1,2,2,1,2,1,2,1,2,2,1,1,10,6,1,2,33,2,2,0
5,37,6,2011,3,1,1,2,2,2,1,3,2,1,3,2,1,2,4,6,1,1,33,2,2,0
1,37,11,2011,3,1,1,2,2,1,1,1,1,1,1,4,1,2,9,6,1,6,26,2,2,1
11,51,10,2011,4,1,1,2,2,1,2,2,1,1,1,3,1,2,19,5,2,6,33,2,2,0
4,36,1,2011,3,1,1,2,2,1,1,1,1,1,1,1,1,2,9,6,1,7,60,2,2,0
1,46,5,2011,3,1,1,2,2,1,1,1,1,1,1,1,1,2,9,6,1,7,33,2,2,0
5,46,12,2011,3,1,1,2,2,1,1,1,1,1,1,1,1,2,9,6,1,1,33,2,2,0
11,51,5,2011,3,1,1,2,2,1,1,3,3,3,2,4,1,2,17,6,1,6,33,2,2,0
3,51,6,2011,2,1,1,2,2,1,1,1,1,1,1,5,1,1,17,5,1,1,33,2,2,0
5,46,6,2011,4,1,1,2,1,1,1,1,1,1,1,1,1,2,9,6,1,1,33,2,2,0
12,47,8,2011,4,1,1,2,2,1,4,1,1,1,1,1,1,2,9,6,1,7,33,2,2,0
4,38,8,2011,4,1,1,2,2,1,4,1,1,1,1,3,1,1,4,6,1,1,33,2,2,0
6,41,7,2011,2,1,1,2,2,1,1,1,1,1,1,4,4,2,7,6,1,1,33,2,2,1
4,37,12,2011,2,1,4,2,2,1,1,1,1,1,1,4,1,2,9,6,1,2,1,2,2,0
4,44,1,2011,3,1,1,2,2,1,1,1,1,1,2,1,1,1,15,6,1,1,33,2,2,0
1,36,9,2011,2,1,1,2,2,1,1,3,1,2,1,3,1,1,10,6,1,1,33,2,2,0
6,41,6,2011,4,3,1,2,2,1,4,1,1,1,1,3,1,2,19,6,1,1,33,2,2,0
4,40,9,2011,2,1,1,2,2,1,2,1,1,1,2,4,1,2,9,11,1,1,40,2,2,0
2,37,11,2011,3,1,1,2,2,1,1,1,1,1,1,2,1,2,12,6,1,2,33,2,2,1
1,45,12,2011,3,1,1,2,2,1,1,1,1,1,1,1,1,1,9,6,1,7,33,2,2,0
2,48,2,2011,2,1,1,2,2,1,1,1,1,1,1,2,1,2,4,6,1,1,33,2,2,0
3,45,2,2011,4,1,1,2,2,1,2,1,1,1,1,2,1,2,7,6,1,1,33,2,2,0
1,42,1,2011,4,5,4,1,1,1,3,1,1,1,1,5,1,1,10,6,1,1,22,2,2,2
1,42,4,2011,2,1,2,1,1,1,1,1,1,1,1,5,1,1,8,6,1,1,27,2,2,0
1,42,4,2011,1,3,1,1,1,1,3,1,1,1,1,5,1,1,4,6,1,1,25,2,1,0
1,42,5,2011,4,1,4,1,1,1,3,1,1,1,1,5,1,1,12,6,1,1,30,2,2,2
1,42,5,2011,1,1,3,1,1,1,1,1,1,1,1,5,1,1,10,6,1,2,33,1,0,0
1,42,5,2011,4,1,4,1,1,1,3,1,1,1,1,5,1,1,10,6,1,2,33,1,0,0
1,42,5,2011,3,3,4,1,1,1,1,1,1,1,1,5,1,1,8,6,1,1,45,2,2,0
1,42,5,2011,4,2,4,1,1,1,3,1,1,1,1,5,1,1,12,6,1,1,20,2,2,1
2,42,3,2011,4,1,1,1,1,1,3,1,1,1,1,5,1,1,14,6,1,2,33,1,0,0
2,42,3,2011,2,1,2,1,1,1,1,1,1,1,1,5,1,1,9,6,1,1,45,1,2,0
2,42,4,2011,1,1,4,1,1,1,3,1,1,1,1,5,1,1,10,6,1,2,33,1,0,0
3,42,3,2011,4,1,1,1,1,1,3,1,1,1,1,5,1,1,9,6,1,1,38,1,2,0
3,42,5,2011,4,1,1,2,2,1,3,1,1,1,1,5,1,1,10,6,1,1,35,2,2,0
4,42,3,2011,1,3,4,1,1,1,2,1,1,1,1,5,1,1,6,6,1,1,40,2,2,0
8,42,2,2011,2,1,4,1,1,1,1,1,1,1,1,5,1,1,8,6,1,1,25,1,2,0
8,42,5,2011,3,2,4,2,2,1,1,1,1,1,1,5,1,1,10,6,1,7,38,1,2,0
9,42,1,2011,2,1,4,1,1,1,1,1,1,1,1,5,1,1,9,6,1,1,35,2,2,2
9,42,1,2011,2,1,1,1,1,1,1,1,1,1,1,5,1,1,9,6,1,1,37,2,2,1
9,42,1,2011,2,3,4,1,1,1,1,1,1,1,1,5,1,1,9,6,1,1,40,2,2,0
9,42,1,2011,1,1,1,1,1,1,3,1,1,1,1,5,1,1,14,6,1,1,42,2,2,1
9,42,2,2011,4,3,4,1,1,1,3,1,1,1,1,5,1,1,12,6,1,1,40,2,2,3
9,42,2,2011,3,1,1,1,1,1,1,1,1,1,1,5,1,1,10,6,1,1,38,2,2,1
9,42,3,2011,3,7,4,1,1,1,1,1,1,1,1,5,1,1,9,6,1,1,30,2,2,0
9,42,3,2011,3,2,4,1,1,1,1,1,1,1,1,5,1,1,9,6,1,1,38,2,2,0
9,42,4,2011,4,1,1,1,1,1,3,1,1,1,1,5,1,1,10,6,1,2,33,1,0,0
9,42,4,2011,2,1,1,1,1,1,1,1,1,1,1,5,1,1,9,6,1,1,24,2,2,0
10,42,3,2011,4,1,4,1,1,1,3,1,1,1,1,5,1,1,5,6,1,1,32,1,2,0
10,42,3,2011,2,1,1,2,2,1,2,1,1,1,1,5,1,1,14,6,1,1,42,1,2,0
10,42,4,2011,4,1,1,2,2,1,2,1,1,1,1,5,1,1,10,6,1,2,33,1,0,0
10,42,4,2011,1,1,1,2,2,1,4,2,1,1,1,5,1,1,14,6,1,1,42,1,2,0
10,42,4,2011,4,1,1,2,2,1,3,1,1,1,1,5,1,1,6,6,1,1,30,2,2,0
10,42,4,2011,3,1,1,2,2,1,1,1,1,1,1,5,1,1,10,6,1,2,33,1,0,0
11,42,1,2011,2,1,4,1,1,1,1,1,1,1,1,5,1,1,8,6,1,1,38,2,2,1
11,42,1,2011,4,1,1,1,1,1,3,1,1,1,1,5,1,1,8,6,1,1,24,2,2,0
11,42,2,2011,3,1,1,1,1,1,1,1,1,1,1,5,1,1,8,6,1,1,38,2,2,3
11,42,3,2011,4,1,4,1,1,1,3,1,1,1,1,5,1,1,8,6,1,1,38,2,2,3
11,42,4,2011,2,1,4,1,1,1,1,1,1,1,1,1,1,1,10,6,1,1,23,2,2,3
12,42,1,2011,3,2,5,1,1,1,1,1,1,1,1,5,1,1,9,6,1,1,40,2,2,1
12,42,1,2011,2,2,4,1,1,1,1,1,1,1,1,5,1,1,10,6,1,1,32,2,2,1
12,42,1,2011,1,4,3,1,1,1,3,1,1,1,1,5,1,1,10,6,1,1,30,1,2,3
12,42,2,2011,3,2,5,1,1,1,1,1,1,1,1,5,1,1,5,6,1,1,48,2,2,2
12,42,2,2011,1,1,4,1,1,1,1,1,1,1,1,1,1,1,9,6,1,1,40,2,2,2
12,42,3,2011,3,1,1,1,1,1,1,1,1,1,1,5,1,1,9,6,1,1,42,2,2,0
12,42,3,2011,3,3,4,1,1,1,1,1,1,1,1,5,1,1,9,6,1,1,40,2,2,1
12,42,4,2011,4,1,1,1,1,1,1,1,1,1,1,5,1,1,9,6,1,1,40,2,2,0
12,42,4,2011,2,1,2,1,1,1,1,1,1,1,1,5,1,1,9,6,1,1,42,2,2,0
12,42,4,2011,1,3,4,1,1,1,3,1,1,1,1,5,1,1,10,6,1,1,38,2,2,0
12,42,5,2011,3,1,1,1,1,1,1,1,1,1,1,1,1,1,10,6,1,2,33,1,0,0
12,42,5,2011,1,1,4,1,1,1,3,1,1,1,1,1,1,1,14,6,1,1,45,1,2,0
12,42,5,2011,2,1,1,1,1,1,2,1,1,1,1,5,1,1,10,6,1,2,33,1,0,0
13,42,1,2011,2,1,1,1,1,1,1,1,1,1,1,1,1,1,14,6,1,1,25,2,2,0
13,42,5,2011,3,3,1,2,2,1,1,1,1,1,1,5,1,1,10,6,1,1,32,2,2,1
14,42,1,2011,2,3,4,1,1,1,2,1,1,1,1,1,1,1,19,6,1,1,33,1,2,0
14,42,1,2011,4,3,8,1,1,1,2,1,1,1,1,1,1,1,8,6,1,1,22,2,2,2
14,42,1,2011,1,1,1,1,1,4,3,1,1,1,1,1,1,1,10,6,1,2,33,1,0,0
14,42,1,2011,1,1,3,1,1,1,3,1,1,1,1,1,1,1,14,6,1,2,33,1,0,0
14,42,1,2011,2,1,4,2,2,1,1,1,1,1,1,1,1,1,10,6,1,2,33,1,0,0
14,42,1,2011,3,1,1,1,1,1,1,1,1,1,1,1,1,1,8,6,1,1,38,2,2,0
14,42,1,2011,3,1,1,2,2,1,1,1,1,1,1,1,1,1,10,6,1,2,33,1,0,0
14,42,2,2011,4,3,4,1,1,1,3,1,1,1,1,1,1,1,13,6,1,1,35,2,2,2
14,42,2,2011,3,1,1,2,2,1,1,1,1,1,1,1,1,1,7,6,1,1,32,2,2,0
14,42,2,2011,2,1,4,2,2,1,2,1,1,1,1,5,1,1,2,6,1,1,30,2,2,1
14,42,2,2011,3,2,4,2,2,1,1,1,1,1,1,1,1,1,14,6,1,1,40,2,2,1