Thana,District,Month,Year,Time,Junction_Type,Traffic_Control,Movement,Divider,Weather,Light,Road_Geometry,Surface_Condition,Surface_Type,Surface_Quality,Road_Class,Road_Feature,Location_Type,Vehicle_Type,Vehicle_Movement,Vehicle_Loading,Vehicle_Defect,Vehicle_Driver_Age,Vehicle_Alcohol,Vehicle_Seat_Belt,Accident_Severity
14,42,3,2011,2,2,4,1,1,1,1,1,1,1,1,1,1,1,6,6,1,1,32,2,2,2
14,42,3,2011,2,1,4,1,1,1,1,1,1,1,1,1,1,1,10,6,1,2,33,1,0,0
14,42,3,2011,4,1,1,1,1,1,3,1,1,1,1,1,1,1,10,6,1,2,33,1,0,0
14,42,3,2011,2,3,1,1,1,1,1,1,1,1,1,1,1,1,10,6,1,1,29,2,2,1
14,42,4,2011,4,2,4,2,2,1,4,1,1,1,1,1,1,1,14,6,1,1,50,2,2,3
14,42,5,2011,4,1,1,1,1,1,3,1,1,1,1,1,1,1,9,6,1,1,32,1,2,2
14,42,5,2011,4,1,1,1,1,1,3,1,1,1,1,1,1,1,7,6,1,1,35,2,2,0
14,42,5,2011,3,1,1,1,1,1,1,1,1,1,1,1,1,1,12,6,1,1,25,2,2,1
14,42,5,2011,2,1,1,1,1,1,1,1,1,1,1,1,1,1,8,6,1,1,50,1,2,1
14,42,5,2011,4,1,1,2,2,1,2,1,1,1,1,1,1,1,10,6,1,1,42,2,2,0
15,42,1,2011,5,1,1,2,2,1,4,2,1,1,1,5,1,1,10,6,1,2,33,1,0,0
15,42,2,2011,1,1,1,2,2,1,2,2,1,1,2,5,1,1,12,6,1,1,23,2,2,0
16,42,2,2011,2,2,4,1,1,1,1,1,1,1,1,1,1,1,9,6,1,1,38,2,2,0
16,42,2,2011,1,1,1,2,2,1,1,1,1,1,1,5,1,1,10,6,1,2,33,1,0,0
16,42,3,2011,4,1,1,1,1,1,3,1,1,1,1,1,1,1,9,6,1,1,40,2,2,0
16,42,3,2011,2,1,4,1,1,1,2,1,1,1,1,1,1,1,10,6,1,2,33,1,0,0
17,42,2,2011,2,1,1,1,1,1,2,1,1,1,1,5,1,1,8,6,1,2,33,1,0,0
17,42,2,2011,3,1,1,1,1,1,1,1,1,1,1,5,1,1,10,6,1,1,40,2,2,1
17,42,3,2011,2,1,4,1,1,1,1,1,1,1,1,5,1,1,5,6,1,1,22,2,2,1
17,42,4,2011,3,1,1,1,1,1,1,1,1,1,1,5,1,1,9,6,1,1,25,2,2,3
18,42,1,2011,3,1,1,1,1,1,1,1,1,1,1,1,1,1,4,6,1,1,35,2,1,0
21,42,2,2011,3,6,4,1,1,1,1,1,1,1,1,1,1,1,10,6,1,1,33,2,2,0
22,42,1,2011,4,2,4,1,1,1,3,1,1,1,1,1,1,1,14,6,1,1,42,2,2,0
22,42,1,2011,1,2,4,1,1,1,3,1,1,1,1,1,1,1,9,6,1,1,23,2,2,3
22,42,2,2011,3,1,1,1,1,1,1,1,1,1,1,1,1,1,8,6,1,1,40,2,2,0
22,42,2,2011,3,1,4,1,1,1,1,1,1,1,1,1,1,1,8,6,1,1,42,2,2,2
22,42,2,2011,4,2,4,1,1,1,3,1,1,1,1,1,1,1,10,6,1,2,33,1,0,0
22,42,2,2011,3,1,1,2,2,1,1,1,1,1,1,1,1,1,4,6,1,1,20,2,1,1
22,42,2,2011,4,1,4,1,1,1,2,1,1,1,1,1,1,1,10,6,1,2,33,1,0,0
22,42,2,2011,3,1,1,2,2,1,1,1,1,1,1,5,1,1,14,6,1,1,45,2,2,0
22,42,3,2011,1,1,1,1,1,1,2,1,1,1,1,1,1,1,10,6,1,2,33,1,0,0
22,42,3,2011,1,2,4,1,1,1,3,1,1,1,1,1,1,1,14,6,1,1,45,1,2,1
22,42,3,2011,2,2,4,1,1,1,3,1,1,1,1,1,1,1,9,6,1,1,38,2,2,1
22,42,4,2011,4,1,1,1,1,1,3,1,1,1,1,1,1,1,10,6,1,2,33,1,0,0
22,42,4,2011,1,1,4,1,1,1,3,1,1,1,1,1,1,1,10,6,1,2,33,1,0,0
22,42,4,2011,4,1,1,1,1,1,3,1,1,1,1,1,1,1,9,6,1,1,35,2,2,3
22,42,4,2011,3,2,4,1,1,1,1,1,1,1,1,1,1,1,9,6,1,1,40,2,2,1
22,42,4,2011,4,1,1,1,1,1,3,1,1,1,1,1,1,1,10,6,1,1,38,2,2,0
22,42,4,2011,4,1,1,1,1,1,3,1,1,1,1,1,1,1,12,6,1,1,37,2,2,0
22,42,5,2011,4,1,4,1,1,1,3,1,1,1,1,1,1,1,9,6,1,1,42,2,2,0
23,42,1,2011,4,1,1,1,1,1,3,1,1,1,1,1,1,1,19,6,1,7,33,1,0,0
23,42,1,2011,4,1,4,1,1,1,3,1,1,1,1,1,1,1,10,6,1,2,33,1,0,0
23,42,2,2011,4,3,1,1,1,1,3,1,1,1,1,1,1,1,10,6,1,2,33,1,0,0
23,42,3,2011,4,1,1,1,1,1,3,1,1,1,1,1,1,1,10,6,1,2,33,1,0,0
23,42,3,2011,2,1,1,1,1,1,1,1,1,1,1,1,1,1,9,6,1,1,45,2,2,2
23,42,4,2011,4,1,1,1,1,1,2,1,1,1,1,1,1,1,10,6,1,2,33,1,0,0
23,42,4,2011,1,1,1,1,1,1,3,1,1,1,1,1,1,1,9,6,1,1,42,1,2,0
23,42,4,2011,2,1,4,1,1,1,1,1,1,1,1,1,1,1,9,6,1,1,28,2,2,0
23,42,5,2011,3,1,1,1,1,1,1,1,1,1,1,1,1,1,9,6,1,2,33,1,0,0
24,42,2,2011,3,1,2,2,2,1,1,1,2,1,1,1,1,1,10,6,1,1,30,2,2,0
25,42,4,2011,4,1,1,2,2,1,4,1,1,1,1,5,1,1,14,6,1,1,32,1,2,0
25,42,3,2011,2,3,1,1,1,1,1,1,1,1,1,5,1,1,10,6,1,2,33,1,0,0
26,42,1,2011,1,3,4,1,1,1,2,1,1,1,1,5,1,1,9,6,1,1,40,1,2,0
28,42,1,2011,4,3,4,1,1,1,3,1,1,1,1,5,1,1,10,6,1,1,30,2,2,0
29,42,1,2011,3,3,4,1,1,1,1,1,1,1,1,5,1,1,9,6,1,1,25,2,2,0
29,42,2,2011,2,2,4,1,1,1,1,1,1,1,1,5,1,1,8,6,1,1,42,2,2,1
29,42,3,2011,1,1,1,2,2,1,4,1,1,1,1,5,1,1,14,6,1,1,45,2,2,0
31,42,3,2011,3,1,1,2,2,1,1,1,1,1,1,4,1,1,10,6,1,2,33,1,0,1
32,42,1,2011,4,3,4,1,1,1,3,1,1,1,1,5,1,1,10,6,1,1,30,2,2,1
32,42,5,2011,1,1,1,2,2,1,2,1,1,1,1,5,1,1,14,6,1,1,45,1,2,0
33,42,1,2011,2,3,4,1,1,1,1,1,1,1,1,1,1,1,9,6,1,1,30,2,1,0
33,42,1,2011,4,2,4,1,1,4,3,2,2,1,3,5,1,1,9,6,1,1,34,2,2,0
33,42,2,2011,2,1,4,1,1,1,1,1,1,1,1,1,1,1,9,6,1,1,40,2,2,0
33,42,3,2011,3,1,1,1,1,1,1,1,1,1,1,1,1,1,9,6,1,1,45,2,2,0
33,42,3,2011,3,1,4,1,1,1,1,3,1,1,1,5,1,1,9,6,1,1,40,2,2,0
33,42,3,2011,3,1,1,2,2,1,1,1,1,1,1,1,1,1,9,6,1,1,38,2,2,0
33,42,3,2011,1,1,1,1,1,1,3,1,1,1,1,1,1,1,10,6,1,2,33,1,0,0
33,42,4,2011,3,3,4,1,1,1,1,1,1,1,1,5,1,1,10,6,1,2,33,1,0,0
33,42,5,2011,3,5,4,1,1,1,1,1,1,1,3,5,1,1,8,6,1,1,30,2,2,0
33,42,5,2011,1,1,1,1,1,1,4,1,2,1,1,1,1,1,10,6,1,2,33,1,0,0
33,42,5,2011,4,1,1,2,2,1,3,1,1,1,1,5,1,1,8,6,1,1,40,2,2,0
33,42,5,2011,2,1,4,1,1,1,1,1,1,1,1,1,1,1,9,6,1,1,50,2,2,0
34,42,2,2011,2,1,4,1,1,1,1,1,1,1,1,5,1,1,9,6,1,1,40,2,2,1
34,42,4,2011,4,1,1,2,2,1,4,3,1,1,1,3,1,1,14,6,1,1,42,2,2,0
36,42,1,2011,2,1,4,1,1,1,1,1,1,1,1,5,1,1,9,6,1,1,28,2,2,1
36,42,3,2011,4,3,4,1,1,1,3,1,1,1,1,5,1,1,8,6,1,1,42,2,2,0
36,42,3,2011,4,1,4,1,1,1,2,1,1,1,1,5,1,1,9,6,1,1,45,2,2,0
37,42,2,2011,1,2,5,1,1,1,3,1,1,1,1,5,5,1,9,6,1,1,37,1,2,0
37,42,3,2011,2,1,1,1,1,1,1,1,1,1,1,5,1,1,11,6,1,1,35,2,2,0
37,42,3,2011,2,3,5,1,1,1,1,1,1,1,1,5,1,1,5,5,1,1,33,2,2,2
37,42,3,2011,3,1,1,2,2,1,1,1,1,1,1,5,1,1,10,6,1,1,30,2,2,0
37,42,4,2011,3,2,6,1,1,1,1,1,1,1,1,5,1,1,9,6,1,1,35,2,2,3
41,42,1,2011,2,1,4,1,1,1,1,2,1,1,1,5,1,1,8,6,1,1,32,2,2,0
41,42,4,2011,3,1,1,1,1,1,1,1,1,1,1,5,1,1,14,6,1,1,45,2,2,0
31,42,7,2011,2,1,8,2,2,1,2,1,1,1,1,5,1,1,9,6,1,1,28,2,2,1
19,42,11,2011,3,1,1,2,2,1,1,1,1,1,1,5,1,1,2,6,1,1,25,2,2,0
5,42,6,2011,1,3,1,1,1,2,4,1,3,1,1,5,1,1,14,6,1,1,48,2,2,0
4,42,7,2011,3,1,8,1,1,1,1,1,1,1,1,5,1,1,8,6,1,1,24,2,2,0
4,42,10,2011,3,1,1,1,1,1,1,1,1,1,1,5,1,1,4,6,1,1,23,2,1,0
26,42,9,2011,3,3,4,2,1,1,1,1,1,1,1,1,1,1,9,6,1,1,22,2,2,1
26,42,12,2011,1,1,1,2,2,1,3,1,1,1,1,5,1,1,14,6,1,1,42,1,2,2
24,42,6,2011,3,1,1,2,2,1,1,1,1,1,1,4,1,1,9,6,1,1,38,2,2,0
24,42,8,2011,2,1,1,2,2,2,1,2,2,1,1,1,1,1,8,1,1,3,35,2,2,0
25,42,7,2011,1,1,1,2,2,2,4,1,2,1,1,5,1,1,14,6,1,7,42,1,2,0
7,42,6,2011,3,1,1,2,2,2,1,1,2,1,1,5,1,1,14,6,1,1,42,1,2,0
18,42,7,2011,1,2,4,1,1,1,2,1,1,1,1,1,1,1,14,6,1,1,27,1,2,0
18,42,9,2011,2,6,4,1,1,1,1,3,1,1,1,1,1,1,11,6,1,1,57,2,2,0
18,42,10,2011,3,3,4,1,1,1,1,1,1,1,1,1,1,1,8,6,1,1,30,2,2,2
40,42,7,2011,1,1,1,2,2,1,3,1,1,1,1,5,1,1,10,6,1,2,33,1,0,0
40,42,12,2011,2,1,1,1,1,1,1,1,1,1,1,5,1,1,14,6,1,1,35,2,2,0
32,42,8,2011,3,1,4,1,1,1,1,1,1,1,1,5,1,1,9,6,1,1,24,2,2,0
32,42,8,2011,2,3,4,1,1,1,1,1,1,1,1,5,1,1,9,6,1,1,38,2,2,0
32,42,9,2011,4,1,1,1,1,1,3,1,1,1,1,5,1,1,7,6,1,1,35,2,2,1
21,42,6,2011,1,1,1,2,2,1,4,1,1,1,1,1,1,1,14,6,1,1,45,1,2,0
21,42,6,2011,1,7,1,2,2,1,1,1,1,1,1,5,1,1,14,6,1,7,45,2,1,3
21,42,8,2011,1,1,1,1,1,1,2,1,1,1,1,3,1,1,14,6,1,1,38,2,1,2
21,42,11,2011,2,4,1,1,1,1,3,4,1,1,1,5,1,1,14,6,1,1,38,1,2,0
34,42,6,2011,2,1,1,1,1,1,1,1,1,1,1,1,1,1,9,6,1,1,42,1,2,2
34,42,8,2011,4,1,1,1,1,1,3,1,1,1,1,5,1,1,14,6,1,1,48,2,2,0
34,42,8,2011,4,3,4,1,1,1,3,1,1,1,1,1,1,1,14,6,1,1,42,1,2,0
29,42,7,2011,3,1,1,1,1,1,1,1,1,1,1,5,1,1,9,6,1,1,40,2,2,0
29,42,7,2011,2,2,4,1,1,1,1,1,1,1,1,5,1,1,9,6,1,1,32,2,2,2
29,42,8,2011,4,3,4,1,1,1,2,1,1,1,1,5,1,1,9,6,1,1,38,2,2,0
29,42,9,2011,2,3,4,2,2,1,1,1,1,1,1,5,1,1,7,6,1,1,55,2,2,1
29,42,12,2011,2,1,1,1,1,1,1,1,1,1,1,5,1,1,9,6,1,1,22,2,2,1
2,42,6,2011,3,1,1,2,2,1,1,1,1,1,1,5,1,1,4,5,2,6,22,2,2,1
2,42,7,2011,4,3,4,1,1,1,3,1,1,1,1,5,1,1,15,6,1,3,45,2,2,0
2,42,7,2011,3,2,6,1,1,1,1,1,1,1,1,5,1,1,15,6,2,6,30,2,2,0
2,42,7,2011,3,1,1,1,1,1,1,1,1,1,1,5,1,1,10,6,1,2,33,1,0,0
8,42,8,2011,2,1,1,1,1,1,1,1,1,1,1,5,1,1,10,6,1,2,33,1,0,1
8,42,10,2011,3,3,4,1,1,1,1,1,1,1,1,5,1,1,10,6,1,2,33,1,0,0
8,42,12,2011,4,3,1,1,1,1,3,1,1,1,1,5,1,1,14,6,1,1,40,2,2,0
37,42,9,2011,2,2,4,1,1,1,1,1,1,1,1,5,1,1,8,3,1,1,34,2,2,2
37,42,8,2011,3,1,1,1,1,1,1,1,1,1,1,5,1,1,19,6,1,1,38,1,2,0
37,42,10,2011,4,3,4,1,1,1,3,1,1,1,1,5,1,1,10,6,1,1,26,2,2,2
37,42,9,2011,3,1,1,1,1,1,1,1,1,1,1,5,1,1,19,6,1,1,40,1,2,0
37,42,10,2011,2,1,1,1,1,1,1,1,1,1,1,5,1,1,9,6,1,1,35,2,2,0
37,42,9,2011,2,1,8,2,2,1,3,1,1,1,1,5,1,1,10,6,1,2,33,1,0,0
23,42,6,2011,3,1,1,1,1,1,1,1,1,1,1,1,1,1,10,6,1,2,33,1,0,0
23,42,9,2011,3,1,1,1,1,1,1,1,1,1,1,1,1,1,19,6,1,2,33,1,0,0
23,42,11,2011,2,1,4,1,1,1,1,1,1,1,1,1,1,1,9,6,1,1,38,2,2,1
23,42,12,2011,1,1,1,1,1,1,3,1,1,1,1,1,1,1,10,6,1,2,33,1,0,0
10,42,5,2011,3,1,4,1,1,1,1,1,1,1,1,5,1,1,9,6,1,1,35,2,2,0
10,42,5,2011,4,1,1,2,2,1,4,2,1,1,1,5,1,1,14,6,1,2,42,2,2,0
10,42,6,2011,3,1,1,2,2,1,1,1,1,1,1,5,1,1,12,6,1,1,24,2,2,0
10,42,5,2011,2,1,1,2,2,1,2,1,1,1,1,5,1,1,14,6,1,1,45,1,2,0
10,42,9,2011,1,1,1,2,2,1,3,1,1,1,1,5,1,1,10,6,1,2,33,1,0,0
10,42,9,2011,3,1,1,2,2,1,1,1,1,1,1,5,1,1,6,6,1,1,28,2,2,0
16,42,5,2011,2,1,1,1,1,1,1,1,1,1,1,1,1,1,5,6,1,1,35,2,2,1
16,42,5,2011,1,1,1,2,2,1,2,1,1,1,1,1,1,1,10,6,1,2,33,1,0,0
16,42,8,2011,3,3,1,2,2,1,1,1,1,1,1,5,1,1,14,6,1,1,42,1,2,0
16,42,10,2011,4,1,1,2,2,1,3,1,1,1,1,5,1,1,10,6,1,1,28,2,2,0
11,42,7,2011,1,1,1,1,1,1,3,1,1,1,1,5,1,1,10,6,1,1,32,2,2,3
11,42,9,2011,2,2,4,1,1,1,2,1,1,1,1,5,1,1,8,6,1,1,30,1,2,1
11,42,10,2011,1,1,1,1,1,1,2,1,1,1,1,5,1,1,10,6,1,2,33,1,0,0
11,42,10,2011,2,3,4,1,1,2,1,1,1,1,1,5,1,1,8,6,1,1,38,2,2,0
1,42,6,2011,3,2,4,1,1,1,1,1,1,1,1,5,1,1,9,6,1,1,42,2,2,2
1,42,6,2011,3,1,1,1,1,1,2,1,1,1,1,5,1,1,10,6,1,1,23,2,2,0
1,42,6,2011,3,1,1,1,1,1,1,1,1,1,1,5,1,1,9,6,1,1,42,2,2,0
1,42,7,2011,4,1,1,1,1,1,2,1,1,1,1,5,1,1,11,6,1,1,22,1,2,0
1,42,6,2011,4,2,4,1,1,1,3,1,1,1,1,5,1,1,9,6,1,1,40,2,2,0
1,42,7,2011,1,1,1,2,2,1,3,1,1,1,1,5,1,1,14,6,1,2,33,1,0,0
1,42,8,2011,3,1,1,1,1,1,1,1,1,1,1,5,1,1,9,6,1,1,36,2,2,0
1,42,9,2011,1,1,4,1,1,1,3,1,1,1,1,5,1,1,8,6,1,1,40,2,2,1
1,42,10,2011,4,1,1,1,1,1,3,1,1,1,1,5,1,1,9,6,1,1,42,2,2,0
3,42,6,2011,3,3,4,1,1,1,1,1,1,1,1,5,1,1,14,6,1,1,38,1,2,1
3,42,10,2011,2,3,4,1,1,1,1,1,1,1,1,5,1,1,8,6,1,1,38,1,2,0
3,42,11,2011,1,3,4,1,1,1,2,1,1,1,1,5,1,1,9,6,1,1,24,2,2,3
3,42,11,2011,4,1,1,1,1,1,3,1,1,1,1,5,1,1,10,6,1,2,33,1,0,0
3,42,11,2011,1,3,1,1,1,1,2,1,1,1,1,5,1,1,10,6,1,2,33,1,0,0
15,42,7,2011,2,3,1,2,2,1,1,1,1,1,1,5,1,1,4,6,1,1,26,2,2,0
15,42,8,2011,3,1,1,2,2,1,1,1,2,1,1,5,1,1,9,2,1,1,45,2,2,0
15,42,10,2011,1,1,1,1,1,1,2,1,1,1,1,5,1,1,14,6,1,1,42,1,2,0
15,42,10,2011,3,1,1,2,2,1,1,1,1,1,1,5,1,1,9,5,1,1,36,1,2,1
15,42,10,2011,3,1,1,2,2,1,2,1,1,1,1,5,1,1,7,6,1,1,33,2,2,0
15,42,12,2011,3,1,1,1,1,1,1,1,1,1,1,5,1,1,8,6,1,1,38,2,2,0
15,42,12,2011,4,1,1,2,2,1,1,1,1,1,1,5,1,1,14,6,1,1,42,1,2,0
22,42,8,2011,1,1,1,1,1,1,4,1,1,1,1,1,1,1,10,6,1,2,33,1,0,0
22,42,8,2011,4,1,4,1,1,1,3,1,1,1,1,1,1,1,9,6,1,6,38,2,2,0
22,42,8,2011,2,2,4,1,1,1,1,1,1,1,1,1,1,1,9,6,1,1,40,2,2,0
22,42,9,2011,2,1,4,1,1,1,1,1,1,1,1,1,1,1,9,6,1,1,38,2,2,0
22,42,9,2011,4,1,1,1,1,1,3,1,1,1,1,1,1,1,19,6,1,1,28,1,2,0
22,42,9,2011,4,2,4,1,1,1,3,1,1,1,1,1,1,1,9,6,1,1,42,2,2,3
22,42,9,2011,2,2,4,1,1,1,1,1,1,1,1,1,1,1,10,6,1,2,33,1,0,0
22,42,12,2011,3,1,4,1,1,1,1,1,1,1,1,1,1,1,9,6,1,1,55,2,2,3
22,42,12,2011,3,1,3,1,1,1,1,1,1,1,1,1,1,1,19,6,1,2,33,1,0,0
12,42,5,2011,3,1,3,1,1,1,1,1,1,1,1,5,1,1,9,6,1,1,26,2,2,0
12,42,6,2011,2,1,4,1,1,1,1,1,1,1,1,1,1,1,10,6,1,2,33,1,0,0
12,42,7,2011,1,1,1,1,1,1,3,1,1,1,1,5,1,1,10,6,1,1,40,2,2,3
12,42,8,2011,2,2,5,1,1,1,1,1,1,1,1,1,1,1,9,6,1,1,35,2,2,0
12,42,9,2011,2,3,4,1,1,1,1,1,1,1,1,1,1,1,8,6,2,1,35,2,2,0
12,42,10,2011,2,1,4,1,1,1,1,1,1,1,1,1,1,1,10,6,1,1,30,2,2,1
12,42,10,2011,1,1,1,1,1,1,3,1,1,1,1,1,1,1,10,6,1,2,33,1,0,0
12,42,10,2011,3,1,1,1,1,1,1,1,1,1,1,5,1,1,9,6,1,1,38,2,2,0
12,42,11,2011,4,1,5,1,1,1,3,1,1,1,1,1,1,1,10,6,1,1,35,2,2,0
12,42,12,2011,1,3,4,1,1,1,3,1,1,1,1,1,1,1,9,6,1,1,35,2,2,1
12,42,12,2011,3,6,4,1,1,1,1,1,1,1,1,1,1,1,9,6,1,1,40,2,2,2
33,42,6,2011,1,1,1,1,1,1,1,1,1,1,1,1,1,1,9,6,1,1,45,2,2,0
33,42,6,2011,2,3,4,1,1,1,1,1,1,1,1,5,1,1,9,6,1,1,40,2,2,0
33,42,6,2011,1,2,1,1,1,1,1,1,1,1,1,5,1,1,9,6,1,1,38,2,2,0
33,42,6,2011,4,1,1,1,1,1,4,1,1,1,1,1,1,1,10,6,1,1,48,2,2,0
33,42,7,2011,1,3,4,1,1,1,2,1,1,1,1,1,1,1,9,6,1,1,38,2,2,0
33,42,7,2011,3,1,4,1,1,1,3,1,1,1,1,1,1,1,19,6,1,1,33,2,2,0
33,42,7,2011,2,1,1,2,2,1,1,1,1,1,1,5,1,1,9,6,1,1,38,2,2,0
33,42,8,2011,1,1,1,1,1,1,3,1,1,1,1,1,1,1,10,6,1,2,33,1,0,0
33,42,9,2011,4,3,4,2,2,1,3,1,1,1,1,1,1,1,7,6,1,1,32,2,2,0
33,42,8,2011,3,7,1,2,2,1,1,1,1,1,1,1,1,1,9,6,1,1,42,2,2,1
33,42,9,2011,2,3,4,1,1,1,1,1,1,1,1,5,1,1,10,6,1,2,33,1,0,0
33,42,9,2011,4,3,4,1,1,1,2,1,1,1,1,1,1,1,10,6,1,2,33,1,0,0
33,42,11,2011,2,7,8,1,1,1,1,1,1,1,1,1,1,1,10,6,1,2,33,1,0,0
33,42,11,2011,1,7,8,2,2,1,3,1,1,1,1,1,1,1,10,6,1,2,33,1,0,0
9,42,6,2011,3,1,1,1,1,1,1,1,1,1,1,5,1,1,9,6,1,1,42,2,2,1
9,42,6,2011,4,1,1,1,1,1,3,1,1,1,1,5,1,1,9,6,1,1,25,2,2,0
9,42,6,2011,4,2,4,1,1,1,3,1,1,1,1,5,1,1,9,6,1,1,35,2,2,2
9,42,7,2011,4,1,1,1,1,1,1,1,1,1,1,5,1,1,9,6,1,1,38,2,2,0
9,42,7,2011,2,1,1,1,1,1,1,1,1,1,1,5,1,1,9,6,1,1,35,2,2,0
9,42,8,2011,5,3,4,1,1,1,1,1,1,1,1,5,1,1,10,6,1,2,33,1,0,0
9,42,8,2011,3,1,4,1,1,1,1,1,1,1,1,5,1,1,9,6,1,1,35,2,2,0
9,42,8,2011,2,1,1,1,1,1,1,1,1,1,1,5,1,1,9,6,1,1,37,2,2,0
9,42,8,2011,1,1,1,1,1,1,2,1,1,1,1,5,1,1,14,6,1,1,40,1,2,0
9,42,9,2011,4,1,1,1,1,1,3,1,1,1,1,1,1,1,9,6,1,1,38,2,2,0
9,42,9,2011,1,1,4,1,1,1,3,1,1,1,1,5,1,1,9,6,1,1,42,2,2,2
9,42,9,2011,3,3,4,1,1,1,1,1,1,1,1,5,1,1,9,6,1,1,35,2,2,0
9,42,9,2011,3,3,4,1,1,1,1,1,1,1,1,5,1,1,19,6,1,1,52,2,2,0
9,42,10,2011,2,1,1,1,1,1,1,1,1,1,1,5,1,1,7,6,1,1,35,2,2,0
9,42,10,2011,3,1,4,1,1,1,1,1,1,1,1,5,1,1,4,6,1,1,24,2,2,1
9,42,6,2011,1,2,4,1,1,1,3,1,1,1,1,5,1,1,10,6,1,2,33,1,0,0
9,42,11,2011,3,1,1,1,1,1,1,1,1,1,1,5,1,1,9,6,1,1,28,2,2,0
9,42,11,2011,4,1,1,1,1,1,3,1,1,1,1,5,1,1,8,6,1,1,40,2,2,2
9,42,12,2011,2,3,4,1,1,1,1,1,1,1,1,5,1,1,9,6,1,1,27,2,2,3
14,42,6,2011,1,2,4,1,1,1,3,1,1,1,1,1,1,1,10,6,1,2,33,1,0,0
14,42,6,2011,1,1,4,1,1,1,3,1,1,1,1,1,1,1,10,6,1,2,33,1,0,0
14,42,6,2011,2,3,4,1,1,1,1,1,1,1,1,1,1,1,8,6,1,1,38,2,2,0
14,42,6,2011,2,2,4,1,1,1,1,1,1,1,1,1,1,1,8,6,1,1,28,2,2,1
14,42,6,2011,3,1,1,1,1,1,1,1,1,1,1,1,1,1,7,6,1,1,35,2,2,0
14,42,6,2011,4,1,1,1,1,2,2,1,2,1,1,1,1,1,10,6,1,2,33,1,0,0
14,42,6,2011,4,2,4,1,1,1,3,1,1,1,1,1,1,1,9,6,1,1,28,2,2,0
14,42,7,2011,4,1,1,1,1,1,3,1,1,1,1,1,1,1,10,6,1,2,33,1,0,0
14,42,7,2011,1,1,4,1,1,1,2,1,1,1,1,1,1,1,9,6,2,1,38,1,2,0
14,42,8,2011,3,2,4,1,1,1,1,1,1,1,1,1,1,1,9,6,1,1,30,2,2,2
14,42,8,2011,4,2,4,1,1,2,1,1,1,1,1,1,1,1,9,6,1,3,27,2,2,0
14,42,8,2011,1,1,1,2,2,1,3,1,1,1,1,1,1,1,9,6,1,1,42,2,2,0
14,42,9,2011,4,1,1,1,1,1,3,1,1,1,1,1,1,1,19,6,1,2,33,1,0,0
14,42,9,2011,3,3,4,1,1,1,1,1,1,1,1,1,1,1,10,6,1,1,33,2,2,0
14,42,9,2011,2,1,4,1,1,1,3,1,1,1,1,1,1,1,9,6,1,1,35,2,2,0
14,42,9,2011,1,2,4,1,1,1,3,1,1,1,1,1,1,1,10,6,1,2,33,1,0,0
14,42,9,2011,3,1,1,1,1,1,1,1,1,1,1,1,1,1,11,6,1,1,37,1,2,0
14,42,10,2011,4,1,1,1,1,1,3,1,1,1,1,1,1,1,9,6,1,1,38,2,2,0
14,42,10,2011,5,1,4,1,1,1,1,1,1,1,1,1,1,1,10,6,1,1,19,2,2,2
14,42,10,2011,3,1,1,1,1,1,2,1,1,1,1,1,1,1,7,6,1,2,33,1,0,0
14,42,11,2011,4,1,1,1,1,1,1,1,1,1,1,1,1,1,10,6,1,2,33,1,0,0
14,42,11,2011,4,1,1,1,1,1,1,1,1,1,1,1,1,1,9,6,1,1,45,2,2,0
14,42,11,2011,3,1,1,1,1,1,1,1,1,1,1,1,1,1,1,6,1,1,38,2,2,0
14,42,11,2011,2,2,4,1,1,1,2,1,1,1,1,1,1,1,13,6,1,1,22,2,2,0
33,42,9,2011,4,1,4,1,1,1,3,1,1,1,1,5,1,1,10,6,1,2,33,1,0,0
9,42,6,2011,1,2,4,1,1,1,3,1,1,1,1,5,1,1,6,6,1,2,33,1,0,0
2,42,8,2011,2,5,4,1,1,1,1,1,1,1,1,5,1,1,8,6,1,6,35,2,2,1
2,42,9,2011,1,1,4,1,1,1,3,1,1,1,1,5,1,1,5,6,1,1,32,1,2,3
2,42,11,2011,3,5,4,1,1,1,1,1,1,1,1,5,1,1,6,6,1,6,45,2,2,3
36,42,10,2011,4,1,4,1,1,1,2,1,1,1,1,5,1,1,9,6,1,1,42,2,2,3
36,42,12,2011,2,1,1,2,2,1,1,1,1,1,1,5,1,1,6,6,1,1,28,2,2,1
36,42,12,2011,2,1,1,1,1,1,1,1,1,1,1,5,1,1,9,6,1,1,38,2,2,0
14,42,12,2011,3,1,1,2,2,1,1,1,1,1,1,5,1,1,9,6,1,2,33,1,0,0
9,42,4,2011,2,1,1,1,1,1,1,1,1,1,1,5,1,1,10,6,1,1,34,2,2,1
9,42,9,2011,2,1,1,2,2,1,3,1,1,1,1,1,1,1,19,6,1,1,33,2,2,0
22,42,2,2011,2,1,4,2,1,1,1,1,1,1,1,1,1,1,9,6,1,1,38,2,2,0
39,42,7,2011,1,1,1,2,2,1,3,1,1,1,1,5,1,1,10,6,1,2,33,1,0,0