Thana,District,Month,Year,Time,Junction_Type,Traffic_Control,Movement,Divider,Weather,Light,Road_Geometry,Surface_Condition,Surface_Type,Surface_Quality,Road_Class,Road_Feature,Location_Type,Vehicle_Type,Vehicle_Movement,Vehicle_Loading,Vehicle_Defect,Vehicle_Driver_Age,Vehicle_Alcohol,Vehicle_Seat_Belt,Accident_Severity
39,42,12,2011,2,1,1,2,1,1,1,1,1,1,1,5,1,1,14,6,1,1,35,2,2,0
14,42,9,2011,3,3,4,2,1,1,1,1,1,1,1,1,1,1,9,8,1,1,32,2,2,1
4,69,2,2012,2,1,4,2,2,1,1,1,1,1,1,1,1,1,9,6,1,1,21,2,2,1
4,69,4,2012,4,1,3,1,1,1,2,1,1,1,1,1,1,2,9,6,1,1,33,2,2,0
2,69,1,2012,3,1,1,2,2,1,1,1,1,1,1,5,1,2,4,6,1,1,20,2,2,0
2,69,4,2012,3,1,1,2,2,1,1,1,1,2,2,4,1,2,19,6,1,1,35,2,2,0
2,69,7,2012,3,1,1,2,2,1,1,2,1,1,2,4,1,2,4,6,1,3,25,1,2,0
2,69,8,2012,2,1,1,2,2,1,1,1,1,1,1,5,1,2,9,6,1,3,33,2,2,0
2,69,8,2012,2,1,1,2,2,1,1,1,1,1,1,5,1,2,9,6,1,3,38,1,2,0
2,69,10,2012,3,1,1,2,2,1,1,1,1,1,1,5,1,2,10,6,1,1,33,1,2,0
4,69,5,2012,4,7,8,2,2,1,4,1,1,1,1,1,1,2,19,10,1,1,33,2,2,1
1,69,3,2012,4,1,1,2,2,1,2,1,1,1,1,1,1,1,9,6,1,1,33,2,2,0
1,69,1,2012,2,1,1,2,2,1,3,1,1,1,1,1,1,1,14,6,1,6,33,2,2,0
1,69,4,2012,4,1,1,2,2,1,3,1,1,1,1,1,1,1,9,6,1,1,33,2,2,0
1,69,12,2012,3,1,1,2,2,1,1,1,1,1,1,5,1,1,14,7,1,1,33,2,2,0
1,69,9,2012,4,7,8,2,2,1,3,1,1,1,1,5,1,1,14,8,1,7,27,2,2,1
2,69,12,2012,4,1,1,2,2,1,2,1,1,1,1,5,1,2,4,6,1,3,33,1,2,1
9,34,1,2012,2,7,1,2,2,1,1,3,5,1,1,3,1,2,9,11,1,1,33,2,2,0
5,34,2,2012,2,7,8,2,2,1,2,1,1,1,1,3,1,1,4,6,1,1,28,2,2,0
6,34,2,2012,3,1,4,2,2,1,1,1,1,1,1,1,1,2,15,10,1,1,33,2,2,2
10,34,2,2012,2,1,4,2,2,1,1,1,1,1,1,1,1,2,9,6,1,1,33,2,2,1
3,34,2,2012,3,1,4,2,2,1,1,1,1,1,1,1,1,2,7,6,1,1,33,2,2,0
4,34,3,2012,2,1,5,2,2,1,3,1,1,1,1,1,1,1,9,6,1,1,30,2,2,0
6,34,1,2012,3,1,4,2,2,1,1,1,1,1,1,1,1,2,9,6,1,3,33,2,2,3
5,34,3,2012,2,1,1,2,2,2,2,1,5,1,1,1,2,2,9,1,1,1,38,2,2,0
6,34,4,2012,2,1,1,2,2,1,2,1,1,1,1,1,1,2,19,1,1,1,33,2,2,0
8,34,5,2012,3,1,1,2,2,1,1,1,1,1,1,2,1,2,4,6,1,1,33,2,2,1
4,34,6,2012,2,3,1,2,2,2,1,1,2,1,1,1,1,2,4,1,1,1,30,2,2,1
10,34,6,2012,2,1,1,2,2,2,1,2,1,1,1,1,2,2,14,6,1,5,33,2,2,0
7,34,7,2012,2,1,1,2,2,1,1,4,1,2,2,4,1,2,4,6,1,1,28,2,2,0
10,34,7,2012,1,1,1,2,2,1,1,1,1,1,1,1,1,2,9,6,1,1,33,2,2,0
4,34,7,2012,2,7,8,2,2,1,1,1,1,1,1,4,1,2,14,6,1,1,33,2,2,1
3,34,8,2012,3,1,1,2,2,1,1,1,2,1,1,2,1,2,8,1,1,1,35,2,2,0
4,34,9,2012,3,1,1,2,2,2,1,1,2,1,1,2,1,2,8,1,1,1,30,2,2,1
10,34,8,2012,2,1,1,2,2,1,1,1,1,1,1,1,1,2,9,6,1,1,33,2,2,0
6,34,8,2012,2,1,4,2,2,1,1,1,1,1,1,1,1,2,13,6,1,1,33,2,2,0
3,34,9,2012,2,1,1,2,2,1,1,1,1,1,1,2,4,2,8,1,1,1,32,2,2,0
9,34,10,2012,3,7,1,2,2,1,1,1,1,1,1,3,1,2,4,6,1,1,33,2,2,0
4,34,10,2012,3,1,1,2,2,1,1,1,1,1,1,3,1,2,9,6,1,1,40,2,2,0
9,34,11,2012,3,1,1,2,2,1,1,1,1,1,1,4,1,2,4,6,1,1,33,2,2,0
4,34,11,2012,2,3,1,2,2,1,2,1,1,1,1,1,1,2,4,1,1,1,40,2,2,0
4,31,2,2012,1,2,8,1,2,1,2,1,5,1,1,4,1,2,9,11,1,1,33,2,2,0
3,31,3,2012,2,1,8,1,2,1,1,4,1,2,2,4,1,2,4,6,1,1,33,2,2,3
2,31,2,2012,3,1,1,2,2,1,1,1,5,1,1,2,5,2,6,11,1,7,33,2,2,0
2,31,5,2012,3,7,1,1,2,1,1,1,1,1,1,4,3,2,19,7,2,7,30,2,2,0
2,31,11,2012,2,7,1,2,2,1,1,1,1,1,1,1,4,1,4,6,1,1,30,2,2,0
7,31,7,2012,2,1,1,2,2,1,1,1,1,1,1,4,1,1,14,7,1,7,30,2,2,0
7,31,12,2012,2,1,8,1,2,1,1,1,1,1,1,3,1,1,4,11,1,1,19,2,2,1
1,33,6,2012,2,1,1,2,2,1,1,3,1,1,1,1,1,1,19,6,1,1,33,2,2,0
1,33,6,2012,3,7,8,2,2,1,1,1,1,1,1,5,1,2,5,6,1,1,33,2,2,1
1,33,10,2012,4,1,2,1,2,1,4,1,1,1,1,3,1,2,14,5,1,1,33,2,2,1
2,33,12,2011,3,7,8,2,2,1,1,1,1,1,1,2,1,2,4,6,1,1,33,2,2,0
2,33,3,2012,1,7,1,2,2,1,4,1,1,1,1,2,1,2,14,6,1,1,33,2,2,0
2,33,4,2012,2,7,1,2,2,1,1,2,1,1,1,3,1,2,19,1,1,1,33,2,2,0
2,33,10,2012,1,7,8,2,2,1,1,1,1,1,1,3,1,2,19,6,1,1,33,2,2,0
2,33,10,2012,2,1,8,2,2,1,3,1,1,1,1,5,1,2,4,11,1,1,33,2,2,0
7,33,8,2012,1,1,1,1,2,1,1,1,1,1,1,4,1,2,19,11,1,3,33,2,2,1
4,33,4,2012,4,1,1,2,2,1,2,1,1,1,1,2,1,2,17,6,1,1,33,2,2,0
4,33,6,2012,1,1,1,2,2,1,1,1,1,1,1,3,1,2,4,6,1,1,33,2,2,0
3,33,1,2012,1,1,1,2,2,1,1,1,1,1,1,4,1,2,9,6,1,1,33,2,2,0
3,33,7,2012,2,7,3,2,2,1,1,1,1,1,1,1,1,2,9,6,1,1,33,2,2,0
3,33,11,2012,1,1,1,1,2,1,1,1,1,1,1,4,1,2,19,6,1,1,33,2,2,0
5,33,1,2012,1,1,1,2,2,1,1,1,1,1,1,1,1,2,9,6,1,1,33,2,2,0
5,33,11,2011,1,1,7,2,1,1,1,1,1,1,3,1,2,1,9,11,1,7,33,2,2,0
5,33,4,2012,4,1,1,2,2,1,4,1,1,1,1,3,1,2,6,6,2,7,33,2,2,0
5,33,5,2012,2,7,1,2,2,1,1,1,1,1,1,4,1,2,9,6,1,6,45,2,2,3
5,33,6,2012,3,7,1,2,2,1,1,1,1,1,1,4,1,2,17,5,1,7,27,2,2,0
5,33,6,2012,2,7,1,2,2,1,1,1,1,1,1,4,1,2,2,6,2,7,27,2,2,0
5,33,7,2012,1,1,3,2,2,1,2,1,1,1,1,4,1,2,4,6,2,7,30,2,2,0
5,33,8,2012,4,1,3,2,2,1,2,1,1,1,1,4,1,2,19,6,2,7,20,2,2,0
5,33,11,2012,2,1,8,2,2,1,1,1,1,1,1,3,1,1,9,7,1,1,33,2,2,0
1,27,2,2012,2,7,1,2,2,1,2,1,1,1,1,2,1,2,8,6,1,1,33,2,2,1
1,27,6,2009,3,7,8,2,2,1,1,1,1,1,1,2,4,1,11,7,1,1,45,2,2,0
1,27,9,2012,2,1,1,2,2,1,1,3,1,1,2,4,1,2,19,6,1,1,33,2,2,1
1,27,11,2012,3,1,1,2,2,1,1,3,1,1,2,1,2,1,19,6,1,3,28,2,2,0
1,27,11,2012,1,7,1,2,2,1,1,1,1,1,1,3,1,2,19,6,1,7,30,2,2,0
2,27,1,2012,2,1,1,2,2,1,1,1,1,1,1,3,1,1,9,6,1,1,33,2,2,0
2,27,1,2012,3,1,1,2,2,1,1,1,1,1,1,3,1,1,4,6,1,1,33,2,2,0
2,27,3,2012,3,1,1,2,2,1,1,1,1,1,1,1,1,2,4,11,1,1,33,2,2,0
2,27,4,2012,2,1,1,2,2,1,1,2,1,1,1,4,1,2,17,4,1,1,33,2,2,0
2,27,5,2012,2,1,1,2,2,1,1,1,1,1,1,3,1,2,9,6,1,1,33,2,2,0
2,27,8,2012,2,3,8,2,2,1,1,1,1,1,1,3,1,2,8,6,1,1,33,2,2,1
2,27,10,2012,2,2,1,2,2,1,1,1,1,1,1,2,1,2,9,6,1,1,33,2,2,0
2,27,12,2012,4,3,8,2,2,4,2,2,1,1,1,1,1,2,9,2,1,3,33,2,2,0
4,27,1,2012,3,3,1,2,2,1,1,1,1,1,2,3,1,2,8,6,1,1,33,2,2,1
5,27,2,2012,2,1,8,2,2,1,1,1,1,1,1,3,1,2,4,6,1,1,33,2,2,0
5,27,5,2012,2,7,8,2,2,1,1,1,1,1,1,3,1,2,4,6,1,1,33,2,2,0
3,27,10,2012,2,7,8,2,2,1,1,1,1,1,2,2,1,2,4,6,2,7,20,2,2,0
3,27,10,2012,1,7,8,2,2,1,1,1,1,1,1,2,1,2,4,6,2,7,33,2,2,0
6,27,11,2012,3,7,1,2,2,1,1,1,1,1,1,3,1,2,4,6,1,1,33,2,2,0
4,32,3,2012,3,1,1,1,2,1,1,1,1,1,1,1,1,2,9,6,1,1,27,2,2,0
1,32,10,2012,2,1,1,2,2,1,4,1,1,1,1,3,1,2,4,6,1,1,33,2,2,0
1,32,7,2012,4,1,1,2,2,1,2,1,1,1,1,2,1,2,4,6,1,1,33,2,2,0
1,32,7,2012,2,7,1,2,2,1,1,1,1,1,1,2,1,2,4,6,1,1,33,2,2,0
3,32,4,2012,2,7,1,2,2,1,1,1,1,1,2,4,1,2,4,6,1,1,33,2,2,0
3,32,4,2012,2,2,8,2,2,1,1,1,1,1,1,4,1,2,9,6,1,1,20,2,2,0
3,32,8,2012,1,7,8,2,2,2,4,1,2,1,1,1,1,2,9,11,1,1,33,2,2,3
3,32,10,2012,2,7,8,2,2,1,4,1,1,1,1,4,1,2,4,6,1,1,33,2,2,0
3,32,11,2012,4,7,1,2,2,1,2,1,1,1,1,1,1,2,9,6,1,7,33,2,2,0
1,30,1,2012,2,1,8,2,2,1,1,1,1,1,2,4,2,2,8,6,1,1,30,2,2,0
1,30,6,2012,1,1,8,2,2,1,2,1,1,1,1,4,1,1,6,11,1,1,33,2,2,0
1,30,7,2012,2,1,4,2,2,1,1,1,1,1,1,2,1,1,5,6,1,7,16,2,2,0
1,30,9,2012,2,1,1,2,2,1,1,1,1,1,1,1,1,2,12,6,1,1,33,2,2,0
1,30,12,2012,3,1,4,2,2,1,1,1,1,1,1,3,1,2,6,6,1,7,33,2,2,0
2,30,11,2012,3,7,1,2,2,1,1,2,1,1,1,4,1,2,4,6,1,1,33,2,2,0
4,30,8,2012,1,1,1,2,2,1,2,1,1,1,1,4,1,2,4,6,1,1,33,2,2,0
5,30,11,2012,4,7,3,2,2,1,4,1,1,1,1,1,1,2,7,6,1,1,25,2,2,0
6,30,1,2012,2,7,2,2,2,1,1,1,1,1,1,1,1,2,12,6,1,1,22,2,2,0
7,30,2,2012,3,1,1,2,2,1,1,1,1,1,1,4,1,2,9,6,1,1,33,2,2,0
7,30,4,2012,2,3,1,2,2,1,1,1,5,1,2,2,1,2,19,6,1,1,27,2,2,0
7,30,7,2012,3,1,1,2,2,1,1,1,1,1,1,3,1,2,9,6,1,1,33,2,2,0
7,64,1,2012,2,1,1,2,1,1,2,1,1,1,1,5,1,1,8,6,2,1,33,1,2,0
7,64,1,2012,1,3,1,2,1,1,3,1,1,1,1,5,1,1,9,6,1,3,33,1,2,2
7,64,2,2012,4,2,6,2,1,1,3,1,1,1,1,5,1,1,8,6,1,1,33,1,2,1
7,64,3,2012,3,2,6,2,2,1,1,1,1,1,1,5,1,1,8,6,1,1,33,1,2,1
7,64,3,2012,2,5,6,2,1,1,2,1,1,1,1,5,1,1,1,6,1,1,27,1,2,1
7,64,4,2012,3,6,6,2,2,1,1,1,1,1,1,5,1,1,8,6,2,1,25,1,2,0
7,64,4,2012,4,3,1,2,1,1,3,1,1,1,1,5,1,1,1,6,1,1,33,1,2,0
7,64,10,2012,1,1,1,1,2,1,3,1,1,1,1,5,1,1,5,6,1,1,33,1,2,0
4,64,2,2012,4,1,4,2,1,1,3,1,1,1,1,5,1,1,7,6,1,1,28,2,2,1
4,64,3,2012,3,5,4,2,1,1,1,1,1,1,1,5,1,1,13,6,1,3,35,2,2,0
4,64,6,2012,2,1,1,1,2,1,1,1,1,1,1,5,1,1,8,6,1,7,33,1,2,0
4,64,8,2012,4,1,1,1,2,1,3,1,1,1,1,5,1,2,11,6,1,1,33,1,2,0
4,64,8,2012,4,1,4,1,1,1,3,1,1,1,1,5,1,1,4,6,1,1,30,2,2,0
4,64,9,2012,2,1,3,2,1,1,1,1,1,1,2,5,1,1,8,6,1,1,33,1,2,0
4,64,9,2012,4,2,1,1,1,1,3,1,1,1,1,5,1,1,19,6,1,1,33,1,2,0
4,64,10,2012,4,2,4,2,2,1,3,1,1,1,1,5,1,1,19,6,1,1,33,2,2,0
4,64,12,2012,4,3,1,2,2,4,3,1,1,1,1,5,1,1,16,6,1,1,30,2,2,1
5,64,2,2012,2,1,1,2,1,1,1,1,1,1,1,5,1,1,9,6,1,1,33,1,2,0
5,64,3,2012,1,1,5,2,1,1,3,1,1,1,1,1,1,1,15,6,1,1,33,1,2,0
5,64,3,2012,1,3,6,2,2,1,3,1,1,1,1,5,1,1,19,6,1,1,33,1,2,0
5,64,3,2012,2,1,1,2,2,1,2,1,1,1,1,5,1,1,19,6,1,1,33,1,2,0
5,64,7,2012,1,1,1,2,2,1,3,1,1,1,1,5,1,1,15,6,1,1,33,1,2,0
5,64,8,2012,3,2,6,2,1,1,1,1,1,1,1,5,1,1,14,6,1,1,42,1,2,1
5,64,10,2012,4,1,2,2,2,1,2,1,1,1,1,5,1,1,8,6,1,1,33,1,2,0
5,64,11,2012,4,1,1,2,1,4,3,1,1,1,1,5,1,1,14,6,1,1,33,1,2,0
5,64,11,2012,3,1,6,2,2,2,1,1,2,1,1,5,1,1,8,6,1,1,33,1,2,0
6,64,1,2012,1,2,1,2,1,1,3,1,1,1,1,5,1,1,13,6,1,1,33,1,2,0
6,64,3,2012,2,1,2,2,1,1,2,1,1,1,1,1,1,1,19,6,1,1,33,1,2,0
6,64,3,2012,3,1,2,2,1,1,2,1,1,1,1,5,1,1,19,6,1,1,33,1,2,0
6,64,4,2012,2,1,1,2,2,1,1,3,1,1,1,5,1,1,6,6,1,1,33,1,2,0
6,64,9,2012,1,2,4,2,1,1,3,1,1,1,1,5,1,1,9,6,1,1,33,1,2,0
9,64,3,2012,1,1,1,2,2,1,2,1,1,1,1,1,1,1,19,6,1,1,33,1,2,0
9,64,4,2012,3,1,1,2,2,1,1,1,1,1,1,5,1,1,14,6,1,1,40,1,2,1
9,64,5,2012,4,1,1,2,2,1,3,1,1,1,1,5,1,1,5,6,1,1,35,1,2,1
9,64,5,2012,1,1,1,2,2,1,2,1,1,1,1,5,1,1,5,1,1,1,37,1,2,1
10,64,1,2012,3,1,1,2,2,1,1,1,1,1,1,1,1,1,8,6,1,1,33,1,2,0
10,64,1,2012,2,1,1,2,2,1,2,1,1,1,1,5,2,1,14,6,1,1,25,1,2,0
10,64,4,2012,1,1,1,2,2,1,4,1,1,1,1,1,1,1,14,6,1,1,40,1,2,0
10,64,5,2012,2,1,1,2,2,1,2,1,1,1,1,1,1,1,13,6,1,1,33,1,2,0
11,64,9,2012,4,1,1,2,2,1,3,2,1,1,1,5,1,1,19,1,1,1,33,1,2,0
11,64,10,2012,4,1,3,2,1,1,3,1,1,1,1,5,1,1,14,6,1,1,33,1,2,0
11,64,12,2012,3,7,1,2,2,1,1,1,1,1,1,5,1,1,14,6,1,3,25,1,2,0
2,64,2,2012,3,1,1,2,1,1,1,1,1,1,1,5,1,1,8,5,1,1,26,1,2,1
2,64,3,2012,4,3,1,2,2,1,3,1,1,1,1,5,1,1,19,6,1,1,33,1,2,0
2,64,4,2012,2,3,4,2,2,1,1,1,1,1,1,5,1,1,10,6,1,1,33,1,2,0
2,64,5,2012,2,3,4,2,1,1,2,1,1,1,1,1,1,1,8,5,1,1,20,1,2,0
2,64,6,2012,4,1,1,2,1,1,3,1,1,1,1,5,1,1,15,5,1,1,32,1,2,0
3,64,6,2012,2,3,1,2,2,1,1,1,1,1,1,5,1,1,14,5,1,1,35,1,2,0
2,64,6,2012,2,1,1,2,2,1,1,1,1,1,1,5,1,1,7,5,1,1,20,1,2,0
2,64,6,2012,4,1,1,2,1,1,3,1,1,1,1,5,1,1,9,6,1,1,30,1,2,0
2,64,6,2012,3,1,1,2,2,1,1,1,1,1,1,2,1,1,14,6,1,1,22,1,2,3
2,64,6,2012,3,1,1,2,1,1,2,1,1,1,1,5,1,1,15,6,1,1,25,1,2,0
2,64,7,2012,3,1,1,2,2,1,1,1,1,1,1,5,1,1,15,6,1,1,22,1,2,3
2,64,7,2012,4,1,1,2,2,1,2,1,1,1,1,5,1,1,14,6,1,1,45,1,2,1
2,64,7,2012,3,1,1,2,2,1,1,1,1,1,1,2,1,1,13,6,1,1,35,1,2,2
2,64,7,2012,3,1,4,2,1,1,2,1,1,1,1,5,1,1,14,6,1,1,30,1,2,0
2,64,8,2012,1,1,1,2,2,1,3,1,1,1,1,2,1,1,15,6,1,1,33,1,2,1
2,64,8,2012,1,1,4,2,1,1,3,1,1,1,1,5,1,1,19,6,1,1,33,1,2,0
2,64,8,2012,4,1,1,2,1,1,3,1,1,1,1,5,1,1,8,6,1,3,33,1,2,0
2,64,9,2012,1,2,4,2,1,1,3,1,1,1,1,5,1,1,19,6,1,1,33,1,2,0
2,64,9,2012,1,3,1,2,1,2,3,2,2,1,1,5,1,1,19,6,1,1,33,2,2,0
2,64,9,2012,4,3,4,2,1,1,2,1,1,1,1,5,1,1,9,5,1,1,32,1,2,0
2,64,12,2012,1,1,1,2,2,4,2,1,1,1,1,5,1,1,15,6,1,1,33,1,2,0
14,63,5,2012,1,1,1,2,1,1,4,1,1,1,1,1,1,1,16,6,1,1,33,2,2,0
14,63,4,2012,4,1,1,2,2,1,4,1,1,1,1,1,1,2,9,6,1,1,33,2,2,0
14,63,5,2012,2,1,1,1,2,1,1,1,1,1,1,1,1,1,14,10,1,1,33,2,2,0
14,63,5,2012,4,7,1,2,2,1,3,1,1,1,1,1,1,2,14,6,1,1,45,2,2,0
14,63,3,2012,3,1,1,2,2,1,1,1,1,1,1,1,1,2,14,6,1,1,33,2,2,0
14,63,5,2012,2,1,2,1,2,1,1,1,1,1,1,1,1,1,10,6,1,2,33,2,2,0
14,63,4,2012,2,1,2,2,1,1,1,1,1,1,1,1,1,1,8,7,1,1,33,2,2,1
14,63,4,2012,4,1,2,2,2,1,1,1,1,1,1,1,1,1,10,6,1,2,33,2,2,0
14,63,4,2012,2,1,1,2,2,1,1,1,1,1,1,1,1,1,9,5,1,1,33,1,0,0
14,63,3,2012,3,1,1,2,2,1,1,1,1,2,1,2,1,2,14,6,1,1,33,1,0,0
14,63,3,2012,1,1,2,2,2,1,1,1,1,1,1,2,1,2,14,5,2,1,33,2,2,0
14,63,2,2012,1,4,8,2,2,1,2,1,1,1,1,1,1,1,14,6,1,7,33,2,2,0
14,63,2,2012,4,4,1,2,2,1,1,1,1,1,1,2,1,2,9,5,2,2,33,1,0,0
5,63,1,2012,3,3,1,2,2,2,1,2,2,1,1,4,1,2,14,5,1,7,33,1,2,0
11,63,5,2012,2,1,8,2,2,2,2,1,2,1,1,2,1,2,14,6,2,7,35,2,2,0
15,63,1,2012,3,1,1,2,2,1,4,4,1,3,2,4,1,2,14,11,1,2,18,2,2,0
13,63,4,2012,3,7,1,2,2,1,1,1,1,1,1,1,1,2,12,6,1,2,26,2,1,0
4,63,1,2012,2,7,1,2,2,1,2,1,1,1,1,1,1,2,9,6,1,1,33,1,0,2
4,63,1,2012,2,4,6,1,1,1,2,4,1,1,1,1,1,1,9,1,1,7,33,1,2,2
4,63,5,2012,2,2,4,1,1,1,1,1,1,1,1,1,1,2,8,7,1,1,33,1,2,0
7,63,3,2012,4,7,1,2,2,1,4,1,1,1,1,1,1,2,13,6,1,2,33,1,0,1
1,57,3,2012,3,2,8,2,1,1,1,1,1,1,1,2,1,2,9,6,1,1,24,1,2,1
1,57,4,2012,4,7,1,2,2,1,4,1,1,1,1,1,1,1,10,6,1,1,33,1,2,0
1,57,5,2012,2,2,8,2,1,1,1,1,1,1,1,2,1,2,10,6,1,2,33,1,0,0
1,57,6,2012,4,1,8,2,1,1,1,1,1,1,1,2,1,2,9,6,1,1,33,1,2,1
1,57,6,2012,3,3,8,2,1,1,4,1,1,1,1,2,1,2,4,11,1,1,33,2,1,0
4,57,6,2012,4,2,1,2,2,1,1,1,1,1,1,1,1,2,14,6,1,2,32,2,2,0
7,57,3,2012,4,1,2,2,2,1,1,1,1,1,1,3,1,1,10,6,1,2,33,1,0,2
7,57,4,2012,2,1,1,2,2,1,1,1,1,1,1,3,1,1,10,6,1,2,33,1,0,0
9,57,4,2012,4,7,1,2,2,1,1,1,1,1,1,4,1,2,14,6,1,1,27,2,2,1
9,57,4,2012,4,2,1,2,2,1,2,1,1,1,1,1,1,2,14,6,1,1,40,2,2,0
6,57,3,2012,3,2,8,1,2,1,1,1,1,1,1,4,1,2,6,6,1,2,26,1,0,0
6,57,7,2012,1,2,4,1,1,1,1,1,1,1,1,4,1,2,10,6,1,2,33,1,0,0
5,57,1,2012,1,7,2,2,2,1,4,1,1,1,1,1,1,2,10,6,1,2,33,1,0,0
5,57,1,2012,3,7,8,2,2,1,1,1,1,1,1,3,1,2,9,11,1,7,37,1,2,0
2,57,4,2012,2,1,1,1,2,2,2,5,2,1,1,1,1,2,9,6,1,2,45,2,2,0
6,58,2,2012,3,2,2,2,2,1,1,1,1,1,1,1,1,2,9,6,1,2,40,1,0,0
6,58,2,2012,1,2,2,2,2,1,2,1,1,1,1,1,1,2,14,5,1,7,50,1,0,0
8,58,2,2012,4,2,2,2,2,1,3,1,1,1,1,1,1,2,10,6,1,2,33,1,0,0
1,57,3,2012,3,5,1,2,2,1,1,1,1,1,1,3,1,1,12,2,1,3,32,2,2,1
9,57,6,2012,4,2,2,1,1,1,1,1,1,1,1,2,1,1,10,6,1,2,33,1,0,0
1,58,6,2012,4,2,2,2,2,1,1,1,1,1,1,5,1,1,11,6,1,2,33,1,0,2
1,58,4,2012,3,2,2,2,2,1,1,1,1,1,1,1,3,2,14,6,1,2,33,1,0,2
1,58,3,2012,4,7,3,1,1,1,1,1,1,1,1,2,1,2,10,6,1,2,33,1,0,1
1,58,5,2012,4,7,8,2,2,2,4,1,1,1,1,2,1,1,8,6,1,1,35,2,2,0
14,58,1,2012,3,7,8,1,1,1,1,1,1,1,1,2,1,2,7,6,1,1,25,2,1,0
14,58,1,2012,4,7,1,1,1,1,4,1,1,1,1,2,1,1,14,11,1,2,33,1,0,0
14,58,2,2012,3,7,8,1,1,1,1,1,1,1,1,2,1,2,7,11,1,2,33,1,0,0
14,58,4,2012,1,7,8,1,1,1,4,1,1,1,1,2,1,1,14,6,1,2,33,1,0,1
14,58,4,2012,1,7,8,1,1,1,4,1,1,1,1,2,2,2,14,6,1,2,33,2,1,0
14,58,5,2012,1,7,2,2,2,1,3,1,1,1,1,2,1,1,9,6,1,2,33,2,2,1
5,58,5,2012,3,2,1,1,1,1,4,1,1,1,1,1,1,2,14,4,1,2,33,2,2,0
1,58,5,2012,3,1,1,2,2,1,1,1,1,1,1,2,1,2,12,6,1,1,28,2,2,2
6,58,1,2012,1,2,2,1,2,1,3,2,1,1,1,1,1,2,10,2,1,2,33,1,2,0
6,58,3,2012,1,7,2,1,1,1,2,1,1,1,1,1,1,1,14,1,1,2,33,1,0,1
6,58,3,2012,4,7,2,1,2,1,3,1,1,1,1,1,1,2,10,1,1,2,33,1,0,0
6,58,6,2012,4,2,2,1,2,1,4,1,1,1,1,1,1,2,13,2,1,2,33,1,0,0
7,58,1,2012,2,7,1,1,1,1,4,1,1,1,1,1,4,1,14,6,1,1,33,2,2,0
7,58,2,2012,3,7,1,1,2,1,1,1,1,1,1,1,1,1,8,6,1,1,35,2,2,0
7,58,2,2012,2,4,1,2,2,1,2,1,1,1,1,1,1,2,10,6,1,2,33,1,0,0
7,58,2,2012,1,1,1,2,2,1,4,1,1,1,1,1,1,2,10,6,1,2,33,1,0,0
7,58,3,2012,4,1,1,1,1,1,2,1,1,1,1,1,1,1,10,6,1,2,33,1,0,0
7,58,3,2012,2,1,1,2,2,1,1,1,1,1,1,1,1,2,14,6,1,1,33,2,2,0
7,58,5,2012,4,1,1,2,2,1,4,1,1,1,1,1,1,2,10,6,1,2,33,1,0,0
7,58,6,2012,2,1,1,1,1,1,2,1,1,1,1,1,1,1,10,6,1,2,33,1,0,0
7,58,4,2012,4,1,1,2,1,1,4,1,1,1,1,1,1,2,10,6,1,2,33,1,0,0
7,58,5,2012,4,1,1,2,2,1,2,1,1,1,1,1,1,2,9,6,1,1,33,2,2,0
13,58,6,2012,3,7,8,1,1,1,1,1,1,3,1,2,1,2,9,6,1,2,32,1,2,1
7,65,2,2012,2,3,4,2,1,1,1,1,1,1,1,2,1,2,7,11,1,1,33,1,2,1
7,65,2,2012,3,1,1,2,2,1,1,1,1,1,2,2,1,2,14,8,1,7,33,1,2,0
6,65,2,2012,3,1,1,2,2,1,1,1,1,1,1,3,1,2,4,11,1,1,33,1,0,0
6,65,2,2012,4,7,1,1,1,1,1,4,1,1,1,2,1,2,11,11,1,1,33,2,2,2
7,65,3,2012,3,1,8,2,1,1,1,1,1,1,2,2,1,2,19,6,2,1,33,1,2,0
2,65,4,2012,3,2,8,2,2,1,1,2,1,1,1,1,1,2,7,6,1,6,33,1,0,1
2,65,3,2012,3,1,1,2,2,1,1,1,1,1,1,1,1,2,14,6,1,2,33,2,2,0
2,65,3,2012,4,1,1,2,2,1,1,2,2,1,1,2,1,2,7,2,1,2,33,2,2,3
14,65,6,2012,2,7,2,2,2,1,2,1,1,1,1,1,1,1,2,6,1,6,20,1,0,0
2,65,5,2012,3,1,1,2,2,2,1,1,2,1,1,3,1,2,5,6,1,2,33,2,2,1
6,59,2,2012,3,1,1,2,2,1,1,1,1,1,1,4,2,2,17,6,2,1,25,1,2,0
1,59,4,2012,3,7,1,1,1,1,1,1,1,1,1,1,1,2,19,5,1,1,40,2,2,3
1,59,4,2012,2,7,8,2,2,1,1,1,1,1,1,1,1,2,13,6,1,1,35,2,2,0
4,59,5,2012,2,1,1,2,2,1,1,4,1,3,2,4,1,2,17,1,1,1,28,2,2,0
1,59,5,2012,1,1,1,2,2,1,4,2,1,1,2,4,1,2,14,1,1,1,45,2,2,0
3,59,5,2012,3,7,2,2,1,1,1,1,1,1,1,2,1,2,17,6,1,2,25,1,0,0
1,68,1,2012,3,4,8,2,2,2,1,2,2,1,2,2,5,1,7,7,1,3,47,2,2,1
1,68,6,2012,4,7,1,2,2,2,4,4,3,1,1,1,1,1,9,6,1,2,33,2,2,0