Thana,District,Month,Year,Time,Junction_Type,Traffic_Control,Movement,Divider,Weather,Light,Road_Geometry,Surface_Condition,Surface_Type,Surface_Quality,Road_Class,Road_Feature,Location_Type,Vehicle_Type,Vehicle_Movement,Vehicle_Loading,Vehicle_Defect,Vehicle_Driver_Age,Vehicle_Alcohol,Vehicle_Seat_Belt,Accident_Severity
5,62,1,2012,4,1,1,2,2,1,4,1,1,1,1,4,1,2,5,6,1,1,27,2,2,1
1,62,4,2012,1,7,1,2,2,1,2,1,1,1,1,1,1,2,19,6,1,2,33,1,0,0
1,62,4,2012,1,3,3,2,2,1,2,1,1,1,1,1,1,2,10,11,1,2,33,1,0,0
4,68,1,2012,4,7,8,1,2,4,1,4,1,1,1,2,1,2,9,1,1,2,33,1,2,0
3,60,2,2012,2,7,1,2,2,1,2,1,1,1,1,2,1,2,17,11,1,2,33,1,0,0
7,60,3,2012,4,1,1,2,2,1,4,1,1,1,1,2,1,2,14,6,1,2,33,1,0,0
4,60,6,2012,2,1,1,2,2,2,1,2,2,2,2,4,1,2,4,6,1,2,30,1,0,0
6,60,5,2012,3,1,1,1,2,1,1,1,1,1,1,5,1,1,4,11,1,7,30,1,0,1
6,60,6,2012,1,1,1,1,1,1,1,1,1,1,1,2,1,1,14,6,1,2,20,1,0,2
6,60,6,2012,4,1,1,1,1,1,1,1,1,1,1,2,1,1,14,6,1,2,33,1,0,2
2,60,5,2012,3,1,1,2,2,1,1,1,1,1,1,2,1,2,4,6,1,2,33,1,0,0
2,60,5,2012,3,7,1,2,2,1,1,1,1,1,1,2,1,2,9,6,1,1,30,2,2,0
5,60,3,2012,2,7,1,2,1,1,1,1,1,1,1,1,1,2,10,6,1,2,33,1,0,0
5,60,5,2012,3,7,1,2,2,1,1,1,1,1,1,4,3,2,17,6,1,2,33,1,0,0
1,60,1,2012,3,7,1,1,2,1,1,2,1,1,1,4,1,2,9,6,1,2,33,1,0,0
1,60,2,2012,2,7,3,1,2,1,1,1,1,1,1,4,1,2,14,6,1,2,33,1,0,0
1,60,3,2012,1,7,1,2,2,1,1,1,1,1,1,4,1,2,14,6,1,2,33,1,0,2
1,60,3,2012,3,7,1,2,2,1,1,2,1,1,1,4,1,2,14,6,1,2,33,1,0,0
1,60,4,2012,2,7,1,2,1,1,1,1,1,1,1,4,1,2,14,6,1,2,33,1,0,0
1,60,5,2012,2,7,3,2,2,1,1,1,1,1,1,1,1,2,14,6,1,2,33,1,0,0
1,68,8,2012,2,1,1,2,2,1,1,4,1,1,1,2,1,2,9,1,2,2,33,1,0,1
6,67,10,2012,2,4,1,1,2,1,1,4,1,1,1,1,1,2,9,3,1,7,33,2,2,1
5,67,9,2012,2,2,1,2,2,1,4,5,1,1,2,2,1,2,10,10,1,6,33,1,0,0
3,59,1,2012,3,2,1,2,2,1,1,1,1,1,2,4,1,2,17,6,2,1,30,1,2,0
3,59,4,2012,3,7,1,2,1,1,1,1,1,1,1,2,1,2,5,3,1,2,35,2,2,0
7,59,10,2012,4,7,8,2,1,1,4,1,1,1,1,4,1,2,10,6,1,2,33,1,0,0
7,59,12,2012,4,7,8,2,1,1,1,1,1,1,1,2,1,2,14,11,1,7,35,2,2,0
1,57,9,2012,3,7,8,2,1,1,1,1,1,1,1,4,1,1,4,6,1,2,21,1,2,1
1,57,9,2012,1,7,4,1,2,1,3,1,1,1,1,1,1,1,14,1,2,7,33,2,2,1
1,57,11,2012,1,7,1,2,1,1,4,1,1,1,1,1,1,1,14,6,1,7,25,2,2,0
3,57,9,2012,1,7,1,2,2,1,2,1,1,1,1,1,1,2,14,11,1,1,33,2,2,0
3,57,10,2012,4,7,1,2,2,1,2,1,1,1,1,1,1,2,9,11,1,1,33,1,0,1
4,57,10,2012,2,7,1,2,2,1,1,1,1,1,1,1,1,2,12,11,1,2,33,1,0,0
2,57,8,2012,4,7,1,2,2,1,4,1,1,1,1,2,1,2,4,6,1,2,33,1,2,1
3,58,8,2012,3,7,8,2,1,2,1,1,2,1,1,4,1,2,14,4,1,1,33,1,0,0
11,58,7,2012,2,2,2,2,2,1,1,1,1,1,1,1,1,2,14,5,1,7,38,1,0,1
1,58,8,2012,3,2,1,2,2,1,1,1,1,1,1,1,1,1,10,6,1,2,33,1,0,0
2,58,9,2012,3,7,2,2,2,1,1,1,1,1,1,1,1,1,14,6,1,2,33,1,0,0
2,58,10,2012,1,2,8,2,2,1,4,1,1,1,1,1,1,2,12,5,1,1,33,1,2,0
8,65,9,2012,2,7,8,2,2,1,1,1,1,1,1,3,2,2,14,6,1,7,33,2,0,3
8,65,9,2012,3,1,1,2,2,1,1,1,1,1,1,3,1,2,11,6,1,1,33,2,2,1
2,65,8,2012,1,1,1,2,2,1,2,1,1,1,1,1,1,2,10,6,1,2,33,1,0,0
2,65,8,2012,3,1,1,2,1,1,1,1,1,1,1,2,1,2,10,6,1,1,33,2,2,0
14,58,2,2012,2,7,8,1,1,1,2,1,1,1,1,4,1,2,4,6,1,2,35,1,0,0
6,57,9,2012,4,1,1,2,2,1,3,1,1,1,1,4,1,2,14,6,1,1,33,2,2,0
7,57,7,2012,2,1,1,2,2,1,1,2,1,1,1,4,1,2,5,1,1,2,24,2,2,0
8,58,2,2012,4,2,2,2,2,1,3,1,1,1,1,1,1,2,10,6,1,2,33,1,0,0
1,57,6,2012,2,1,8,2,1,1,1,1,1,1,1,2,1,2,9,6,1,1,33,1,2,1
1,57,6,2012,1,3,1,2,1,1,4,1,1,1,1,2,1,2,4,6,1,1,33,2,1,0
4,57,5,2012,5,1,4,2,1,3,1,1,1,1,1,2,2,1,14,6,1,2,27,2,2,2
6,57,7,2012,3,1,4,2,1,1,1,1,1,1,1,4,1,2,4,6,1,1,33,2,2,0
6,58,5,2012,1,1,1,2,2,1,3,1,1,1,1,3,1,2,17,6,1,1,33,2,2,0
5,58,9,2012,2,1,1,2,2,1,1,1,1,1,1,1,1,2,14,6,2,2,33,2,2,0
4,57,6,2012,2,1,1,2,2,1,1,1,1,1,1,1,2,2,6,6,1,2,33,2,2,0
15,67,4,2012,2,1,1,2,2,1,1,4,1,1,2,4,1,2,1,6,1,3,33,2,2,0
4,65,9,2012,4,7,1,2,2,1,1,1,1,1,1,2,2,2,3,5,1,1,33,2,2,1
8,57,12,2012,2,1,1,2,2,4,1,1,1,1,1,1,1,2,12,6,2,1,33,2,2,0
3,59,2,2012,3,1,1,2,2,1,1,1,1,1,1,4,1,2,17,6,2,1,25,2,2,0
1,51,4,2012,3,1,1,2,2,1,1,1,1,1,1,1,1,1,4,6,1,1,1,2,2,0
2,48,5,2012,2,7,1,2,2,1,1,1,1,1,1,2,1,1,14,6,1,1,43,2,2,0
5,46,4,2012,3,1,1,2,2,2,1,1,1,1,1,1,1,1,7,11,1,1,33,2,2,0
1,46,5,2012,3,7,4,2,2,1,1,1,1,1,1,1,1,1,9,3,1,7,33,2,2,0
11,47,5,2012,2,1,7,2,1,1,1,1,1,1,1,4,1,1,4,7,1,7,33,2,2,0
1,45,5,2012,2,1,1,1,1,1,1,1,1,1,1,2,1,1,5,6,1,7,24,2,2,1
5,45,5,2012,2,1,1,1,1,1,1,1,1,1,1,1,1,1,4,11,1,7,33,2,2,0
6,45,5,2012,4,1,1,1,1,1,1,1,1,1,1,1,1,1,19,11,1,7,33,1,2,0
2,45,5,2012,3,1,8,2,1,1,1,1,1,1,1,1,1,1,1,11,1,1,33,2,2,0
2,37,5,2012,3,3,3,1,1,1,1,1,1,1,1,1,1,1,4,6,1,1,33,2,2,0
6,37,7,2012,2,1,1,2,2,1,1,1,1,1,1,1,1,1,12,11,1,1,58,2,2,0
2,47,7,2012,3,1,1,2,2,1,1,1,1,1,1,1,1,1,9,3,1,1,33,2,1,0
1,45,6,2012,3,1,1,1,2,2,1,1,1,1,1,1,1,1,14,6,1,7,30,1,2,0
6,45,6,2012,2,1,1,2,2,1,1,1,1,2,1,1,2,1,19,6,1,7,22,2,1,1
6,45,6,2012,4,1,1,1,2,1,1,2,1,1,1,2,1,2,19,11,1,7,33,2,1,0
1,45,7,2012,1,1,1,2,2,1,1,1,1,1,1,1,1,1,9,6,1,7,33,1,2,0
1,45,7,2012,2,1,1,2,2,1,1,1,1,1,1,1,2,1,9,6,1,1,33,2,2,1
6,37,6,2012,2,1,1,2,2,1,1,1,1,1,1,1,2,1,9,11,1,4,33,2,2,1
4,38,7,2012,2,1,1,2,2,1,1,1,1,1,1,2,1,1,18,5,2,7,33,2,2,1
1,39,5,2012,4,1,4,2,2,1,2,1,2,2,1,1,2,1,14,1,1,2,32,2,2,0
2,39,6,2012,2,7,8,2,2,1,1,1,1,1,2,1,1,2,14,6,1,7,25,2,2,0
3,39,5,2012,1,7,1,2,2,1,4,1,1,1,1,2,1,2,11,11,1,7,33,2,2,0
1,40,6,2012,1,7,1,2,2,1,1,1,1,1,1,1,1,1,1,1,1,1,33,2,2,0
1,40,6,2012,2,7,1,2,1,1,1,1,1,1,2,1,2,1,12,7,1,2,33,2,2,1
1,40,5,2012,4,6,1,2,2,1,1,1,1,1,1,1,1,2,14,7,1,3,33,2,2,0
1,40,5,2012,2,7,1,2,2,1,1,2,1,1,2,1,1,2,6,11,1,1,33,2,2,0
5,45,9,2012,2,1,1,2,1,1,1,1,1,1,1,1,1,1,9,11,1,7,33,2,1,0
1,45,8,2012,1,1,1,2,2,1,3,1,1,1,1,1,1,1,14,6,1,7,33,2,2,1
4,48,8,2012,3,1,8,2,2,1,1,2,1,1,2,1,1,2,4,1,2,7,33,2,2,0
1,49,8,2012,3,1,8,2,1,2,1,2,1,2,1,2,2,1,9,11,1,7,33,1,2,0
1,49,8,2012,2,1,2,2,1,2,1,1,1,1,2,1,2,1,14,6,1,2,42,2,2,0
1,49,5,2012,3,1,1,2,1,1,2,1,1,1,2,1,1,1,14,6,1,1,40,2,2,0
11,47,8,2012,4,1,8,2,2,1,1,1,1,2,1,3,1,2,19,6,1,7,33,2,2,0
6,38,9,2012,4,7,1,2,2,1,1,2,2,1,1,2,1,2,14,6,1,7,33,1,2,0
4,38,9,2012,3,1,1,2,1,1,1,1,1,1,1,1,1,1,9,6,1,6,45,2,2,0
1,38,9,2012,2,7,5,2,2,1,1,2,1,1,2,1,2,1,18,6,2,7,33,2,2,0
7,47,12,2012,4,7,8,2,2,1,3,5,2,1,2,2,1,1,9,11,2,7,33,2,2,0
9,38,12,2012,1,7,1,2,2,1,1,1,1,1,1,2,1,2,9,11,2,7,33,2,2,0
5,49,12,2012,4,1,3,2,1,1,2,1,1,1,1,4,1,2,9,6,2,6,33,2,2,0
2,43,8,2012,3,1,1,2,2,1,1,1,1,1,1,1,1,2,9,11,2,7,33,2,2,0
2,43,6,2012,4,1,1,2,2,1,3,1,1,1,1,1,2,2,13,11,2,7,33,2,2,3
2,43,9,2012,4,1,1,2,2,1,1,1,1,1,1,2,1,1,9,11,2,7,33,2,2,0
6,45,11,2012,3,1,3,2,2,1,1,1,1,1,1,1,1,2,9,11,1,7,33,2,2,0
6,45,11,2012,2,1,1,2,2,1,1,1,1,1,1,2,1,2,9,11,1,7,33,2,2,0
2,45,10,2012,2,1,3,2,2,1,1,1,1,1,1,2,1,2,9,11,1,7,33,2,2,0
2,35,10,2012,2,1,1,2,2,1,1,2,1,1,1,4,1,2,4,6,1,3,22,2,2,0
7,47,9,2012,1,1,1,2,1,1,2,1,1,1,1,1,1,2,13,6,1,1,33,2,2,0
9,47,11,2012,2,1,1,2,2,1,2,1,1,1,1,1,1,2,9,5,2,7,33,2,2,0
9,47,11,2012,3,1,1,2,2,1,1,1,1,1,1,1,1,2,9,5,1,7,30,2,2,0
12,47,11,2012,1,1,8,2,2,1,2,1,1,1,1,1,1,2,9,6,2,7,33,2,2,1
3,49,11,2012,3,1,8,2,2,1,1,1,1,1,1,3,1,2,14,5,1,7,33,2,2,0
4,38,11,2012,3,1,1,2,2,1,1,1,1,1,1,1,1,2,9,6,1,7,33,2,2,0
5,46,10,2012,1,1,1,2,2,1,4,1,1,1,1,1,1,2,10,11,1,7,33,2,2,0
5,46,11,2012,3,1,1,2,2,1,1,1,1,1,1,1,1,1,14,2,1,7,33,2,2,0
1,46,11,2012,4,1,1,2,2,1,4,1,1,1,1,1,1,2,9,11,1,7,33,2,2,0
5,46,10,2012,1,1,1,2,2,1,2,1,1,1,1,1,1,2,9,8,2,7,33,2,2,0
1,46,10,2012,4,1,1,2,2,1,1,1,1,1,1,1,1,1,14,6,1,7,33,1,2,0
1,45,9,2012,3,1,1,2,2,1,1,1,1,1,1,1,1,2,19,6,2,7,33,1,2,0
3,45,10,2012,3,1,1,2,2,1,1,1,1,1,1,2,1,2,9,11,1,7,33,1,2,0
3,45,10,2012,2,1,1,2,2,1,1,1,1,1,1,2,1,2,9,11,1,7,33,1,2,0
4,45,10,2012,4,1,1,2,2,1,2,1,1,1,1,2,1,2,9,6,1,7,33,1,2,0
6,45,10,2012,2,1,1,2,2,1,1,1,1,1,1,1,1,2,9,6,1,7,33,1,2,0
6,45,10,2012,3,1,1,2,2,1,1,1,1,1,1,2,1,2,9,6,1,7,33,1,2,0
1,39,9,2012,3,1,1,2,2,1,4,1,1,1,1,1,1,2,9,5,1,7,33,1,2,0
1,51,5,2012,3,1,1,2,1,1,1,1,1,1,1,1,1,2,14,6,1,7,33,1,2,0
6,51,5,2012,2,1,1,2,2,1,1,1,1,1,1,1,1,2,12,4,1,7,33,1,2,1
8,51,5,2012,4,1,1,2,2,1,4,1,1,1,1,1,1,2,4,6,2,7,33,1,2,0
4,51,5,2012,1,1,1,2,1,1,1,3,1,1,1,1,1,1,4,11,2,7,33,1,2,1
4,51,5,2012,3,1,8,2,2,1,1,1,1,1,1,1,1,1,4,4,2,7,33,1,2,0
1,51,7,2012,2,7,8,2,2,1,1,1,1,1,3,2,1,1,9,10,1,7,33,1,2,0
3,51,7,2012,2,1,1,2,2,1,1,1,5,1,1,1,1,2,6,9,1,7,33,1,2,0
1,51,8,2012,1,3,1,2,2,1,1,1,1,1,1,1,1,2,9,11,2,7,33,1,2,0
8,51,9,2012,2,7,1,2,2,1,1,1,5,1,1,1,1,2,5,6,1,7,33,1,2,0
6,48,9,2012,2,7,1,2,2,1,4,1,1,1,1,4,1,2,4,6,2,7,33,1,2,0
2,48,10,2012,1,7,1,2,2,1,1,1,1,1,1,2,1,2,14,6,1,1,33,1,2,0
1,47,10,2012,3,7,3,2,2,1,1,1,1,1,1,2,1,1,14,6,2,7,33,1,2,0
1,47,10,2012,3,1,1,2,2,1,1,1,1,1,1,1,1,2,9,7,1,7,33,1,2,0
9,47,10,2012,2,1,1,2,2,1,1,1,1,1,1,1,1,2,14,5,1,1,45,1,2,0
9,47,10,2012,1,1,1,2,2,1,2,1,1,1,1,1,1,2,14,6,1,7,42,1,2,0
13,47,10,2012,1,7,8,2,2,4,4,2,1,1,2,2,5,2,9,6,2,7,38,1,2,0
1,47,12,2012,3,1,2,2,1,1,1,1,1,1,1,2,1,2,9,9,1,7,33,1,2,0
1,39,10,2012,1,7,8,2,2,1,2,2,1,1,1,1,1,2,13,1,1,7,30,1,2,1
1,39,10,2012,1,7,3,2,2,1,1,1,1,1,1,1,1,2,4,4,2,7,33,1,2,0
2,37,10,2012,2,1,1,2,2,1,1,1,1,1,1,3,1,2,19,6,2,1,33,2,2,0
6,37,10,2012,2,1,1,2,2,1,1,1,1,1,1,2,1,1,19,5,2,1,25,2,2,1
4,37,12,2012,3,1,1,2,2,1,1,1,1,1,1,2,1,2,4,6,1,1,25,2,2,1
3,40,7,2012,3,1,1,2,2,2,2,1,2,1,1,1,5,2,9,11,2,7,33,2,2,1
1,40,7,2012,3,1,1,1,2,1,1,1,1,1,1,1,1,2,9,6,2,7,42,2,2,0
1,40,8,2012,4,1,1,2,2,1,1,1,1,1,1,1,1,2,9,7,2,7,33,1,2,0
2,40,9,2012,2,1,1,1,2,1,1,2,1,1,1,3,1,2,12,6,2,7,30,2,2,0
1,40,10,2012,3,1,1,2,2,1,1,1,1,1,1,1,1,2,14,6,1,1,33,2,2,0
7,40,10,2012,3,1,1,2,2,1,4,1,1,3,2,4,1,2,17,11,2,7,33,2,2,0
6,40,10,2012,2,1,1,2,2,1,1,4,1,1,3,4,1,2,8,6,1,7,33,2,2,0
5,40,12,2012,4,1,1,2,2,1,1,1,1,1,1,2,1,2,10,11,1,7,21,1,2,3
7,40,11,2012,3,1,1,2,2,1,2,1,1,1,1,4,1,2,4,11,2,7,25,1,2,0
5,40,12,2012,3,1,1,2,2,1,1,1,1,1,1,4,1,2,13,11,2,7,33,2,2,0
6,40,12,2012,4,1,1,2,2,1,2,1,1,1,1,1,1,2,9,11,2,7,33,2,2,0
3,37,2,2012,4,7,8,1,2,1,2,2,1,1,1,4,1,2,6,1,2,7,18,2,2,1
2,52,7,2012,1,1,1,2,2,1,2,1,1,1,1,1,1,2,12,11,1,7,40,1,2,0
12,50,11,2012,3,1,1,2,2,1,2,1,1,1,1,2,1,2,4,6,1,6,33,1,1,0
2,50,4,2012,4,1,1,2,2,1,4,1,1,1,1,1,1,2,9,6,1,1,42,2,2,0
2,50,5,2012,3,1,1,2,2,1,1,1,1,1,1,1,1,2,14,6,1,1,48,1,1,0
2,50,11,2012,1,1,1,2,2,1,4,1,1,1,1,1,1,2,19,11,2,7,33,2,2,0
2,50,11,2012,3,1,1,2,2,1,2,3,1,2,3,1,4,2,9,6,1,1,41,1,1,0
6,50,6,2012,3,7,8,2,2,1,1,1,1,1,1,2,1,2,4,6,2,3,33,2,2,0
7,50,3,2012,4,1,1,2,2,1,2,1,1,1,1,1,1,2,14,11,2,3,33,2,2,0
7,50,9,2012,2,1,3,2,2,1,1,1,1,1,1,1,1,1,9,11,1,7,33,2,2,0
7,50,3,2012,4,1,8,2,2,1,2,1,1,1,1,1,1,2,14,11,2,3,33,2,2,0
7,50,9,2012,2,1,3,2,2,1,1,1,1,1,1,1,1,1,9,11,2,7,33,2,2,0
11,50,3,2012,4,1,1,1,2,1,4,1,1,1,1,1,1,2,6,9,1,1,33,2,2,3
11,50,4,2012,3,1,1,2,2,1,1,1,1,1,1,1,2,2,9,6,2,1,33,2,2,0
11,50,6,2012,3,1,2,2,2,1,1,1,1,1,1,1,1,2,12,6,1,7,33,2,2,3
11,50,9,2012,3,1,1,2,2,1,1,1,1,1,1,1,5,2,1,6,1,7,33,2,2,3
5,50,1,2012,2,7,1,1,2,1,1,2,1,1,1,1,1,2,9,11,2,7,33,2,2,0
5,50,2,2012,2,7,1,2,2,4,1,1,2,1,1,1,1,2,9,11,2,7,33,2,2,0
5,50,3,2012,3,7,1,1,2,1,1,1,1,1,1,1,1,2,14,11,2,7,33,2,2,0
8,50,1,2012,3,1,1,2,2,1,1,1,1,1,1,1,1,2,17,11,1,1,33,2,2,0
8,50,2,2012,3,1,1,2,2,1,1,1,1,1,1,1,1,2,14,11,1,1,33,2,2,0
8,50,3,2012,2,1,1,2,2,1,1,1,1,1,1,1,1,2,6,11,1,1,33,2,2,1
8,50,3,2012,3,1,1,2,2,1,1,1,1,1,1,1,1,2,9,11,1,1,33,2,2,0
8,50,3,2012,2,1,1,2,2,1,1,1,1,1,1,1,1,2,4,11,1,1,33,2,2,0
8,50,6,2012,3,1,1,2,2,1,1,1,1,1,1,1,1,2,9,11,1,7,33,2,2,0
8,50,7,2012,2,1,1,2,2,1,1,1,1,1,1,1,1,2,9,11,1,1,33,2,2,0
8,50,8,2012,4,1,1,2,2,1,1,1,1,1,1,1,1,2,9,11,1,1,33,2,2,0
3,50,5,2012,3,1,1,2,2,1,1,1,1,1,1,1,1,2,19,6,2,7,33,2,2,0
13,50,1,2012,1,7,8,1,2,1,4,1,1,1,1,1,1,2,14,10,1,1,33,2,2,3
3,52,12,2012,2,1,8,2,2,1,1,1,1,1,1,1,1,2,8,1,1,6,35,2,2,0
1,52,12,2012,4,1,1,2,2,1,3,1,1,1,1,1,1,2,19,11,1,7,24,2,2,1
1,48,10,2012,2,1,1,2,1,1,1,1,1,1,1,1,2,1,9,6,1,7,33,1,1,0
1,46,8,2012,3,1,1,2,2,1,1,1,1,1,1,1,1,2,19,6,2,7,33,1,2,0
12,50,4,2012,4,1,1,2,2,1,1,1,1,1,1,1,1,2,9,6,1,1,33,2,2,0
4,37,12,2012,5,1,1,2,2,4,1,1,1,1,1,4,1,2,10,6,1,2,33,1,0,0
2,37,5,2012,2,1,1,2,2,2,1,1,1,1,3,2,4,2,4,6,1,1,28,2,2,1
4,37,4,2012,3,1,1,2,2,1,1,1,1,1,1,1,3,1,9,5,1,1,33,2,2,0
1,37,3,2012,3,1,1,2,2,1,1,1,1,1,1,1,4,1,8,1,1,1,48,2,2,1
11,47,5,2012,2,1,1,2,2,1,1,1,1,1,1,4,1,1,4,7,1,1,33,2,2,0
7,47,4,2012,1,1,1,2,2,1,1,1,1,1,1,2,1,1,14,6,1,1,38,1,2,1
2,47,4,2012,4,1,1,2,2,1,1,1,1,1,1,1,1,1,2,10,1,7,45,2,2,0
1,48,1,2012,4,1,1,2,2,4,1,2,1,1,1,1,2,1,7,6,1,2,28,2,2,0
1,47,2,2012,2,3,1,2,2,1,1,1,2,1,2,1,4,1,17,6,1,1,45,2,2,0
7,48,3,2012,2,1,1,2,2,1,1,1,1,1,3,1,2,1,14,6,1,1,33,2,2,0
1,48,3,2012,1,1,1,2,2,1,1,1,1,1,1,4,2,2,9,6,1,1,28,2,2,0
4,48,8,2012,3,2,1,2,2,1,1,1,2,1,1,1,3,1,5,1,1,1,33,2,2,0
1,48,10,2012,2,1,1,2,2,1,1,1,1,1,1,1,1,1,9,6,1,1,33,1,2,0
6,48,9,2012,1,1,1,2,2,1,1,1,1,1,1,4,1,1,4,6,1,2,33,2,2,0
1,51,1,2012,1,1,3,2,2,4,4,1,1,1,1,2,1,2,9,6,1,2,33,2,2,0
1,51,2,2012,3,3,1,2,2,1,1,1,1,1,1,3,1,2,4,6,1,2,33,2,2,0
8,51,2,2012,2,1,8,2,2,1,4,2,1,1,1,3,1,2,4,11,1,1,33,2,2,0
1,51,3,2012,2,4,3,2,2,1,1,1,1,1,1,4,1,2,6,6,2,6,33,2,2,0
1,51,3,2012,3,1,1,2,2,1,1,1,1,1,1,2,1,1,6,6,2,6,22,2,2,0
1,51,4,2012,1,3,1,2,2,1,1,1,1,1,1,4,1,2,12,6,1,6,35,1,2,0
1,51,4,2012,2,2,1,2,2,1,1,1,1,1,2,1,2,1,9,6,1,1,40,1,2,0
1,51,4,2012,3,3,1,2,2,1,1,1,1,1,1,2,1,2,4,6,1,1,33,2,2,0
1,37,4,2012,1,3,1,2,2,1,1,1,1,1,3,1,2,1,9,5,1,1,33,2,2,1
1,39,3,2012,3,1,1,2,2,1,1,4,1,1,1,2,2,2,9,6,1,1,45,2,2,0
5,46,3,2012,1,1,1,2,2,1,1,1,1,1,1,1,1,1,16,6,2,1,33,2,2,0
5,46,2,2012,4,1,1,2,2,1,1,1,1,1,1,1,2,2,14,6,2,1,33,2,2,0
2,48,5,2012,2,1,1,2,2,1,1,1,1,1,1,3,1,1,14,6,1,1,33,2,2,0
10,47,2,2012,2,1,1,2,2,1,1,1,1,1,1,2,1,2,9,6,1,7,33,2,2,3
11,47,1,2012,2,2,8,1,2,1,1,1,1,1,1,1,1,2,4,7,1,7,33,2,2,0
5,47,1,2012,1,1,1,1,2,1,1,1,1,1,1,1,1,1,4,1,2,7,33,2,2,0
9,47,1,2012,4,1,1,2,2,4,1,1,1,1,1,1,2,2,9,11,2,7,33,2,2,3
5,45,1,2012,3,1,1,2,2,1,2,1,1,1,1,1,1,1,19,11,1,7,33,1,0,0
4,45,1,2012,4,1,1,2,2,1,2,1,1,1,1,1,1,2,4,1,2,7,33,2,2,1
4,36,1,2012,3,1,3,2,2,1,1,1,1,1,1,1,1,2,9,6,1,7,60,2,2,0
8,38,1,2012,4,7,8,2,2,1,1,1,1,1,1,1,1,1,14,6,2,7,33,2,2,0
1,48,1,2012,4,7,8,2,2,4,4,5,3,1,1,5,5,2,7,1,1,1,28,2,2,0
5,46,1,2012,3,7,2,2,1,1,1,1,1,1,1,1,1,1,9,7,1,7,33,2,2,0
1,48,3,2012,1,1,1,2,2,1,1,1,1,1,1,5,1,2,19,6,1,7,28,2,2,0
7,48,3,2012,2,1,1,1,2,1,1,1,1,1,1,3,1,2,14,6,1,7,33,2,2,0
7,40,1,2012,2,7,1,2,2,1,1,1,1,1,1,2,1,1,14,6,1,7,33,2,2,1
3,40,1,2012,1,2,8,2,2,1,1,1,5,1,1,1,1,1,9,11,1,1,33,2,2,3
3,40,1,2012,5,1,8,2,1,1,1,1,1,1,1,1,1,1,7,11,1,1,33,2,2,0
3,40,2,2012,1,1,2,2,2,1,1,1,1,2,1,5,1,1,17,1,1,1,33,2,2,3
2,40,1,2012,2,1,1,2,2,1,1,2,1,1,1,3,1,2,17,6,1,7,22,2,2,0
9,47,2,2012,1,7,1,2,1,1,4,1,1,1,1,1,5,2,8,6,2,7,33,1,2,0
12,47,2,2012,4,1,2,2,2,1,3,1,1,1,1,1,1,1,8,11,1,1,33,2,2,0
12,47,3,2012,3,1,1,2,2,1,1,1,1,1,1,1,1,1,9,1,2,1,33,2,2,0
3,39,2,2012,3,3,1,2,2,2,1,1,1,1,1,1,1,2,9,9,1,2,33,1,2,0
1,39,2,2012,3,1,3,1,2,1,1,1,1,1,1,1,1,2,4,6,1,2,33,2,2,0
1,39,2,2012,3,1,1,2,1,1,1,1,1,1,1,1,1,1,9,5,1,2,32,2,2,0
6,45,2,2012,3,1,1,2,2,1,1,1,1,1,1,1,1,1,7,11,2,7,33,2,2,1
1,48,2,2012,2,2,8,1,1,1,1,1,1,1,1,1,1,1,14,8,2,4,45,1,2,0
1,38,2,2012,3,1,1,2,1,1,1,1,1,1,1,1,1,1,4,5,2,1,33,1,2,1
1,38,2,2012,2,1,3,1,2,1,3,1,1,1,1,1,1,1,9,6,2,2,50,1,2,0
1,41,2,2012,2,7,8,1,2,1,1,1,1,1,1,1,1,2,7,11,2,1,25,1,2,0
1,47,1,2012,4,1,1,2,2,4,4,2,1,1,2,1,1,1,9,4,1,1,33,1,2,0
7,41,1,2012,2,1,3,1,1,1,1,1,1,1,1,1,5,1,9,6,1,7,33,2,2,0
7,41,1,2012,3,1,1,2,2,1,1,1,1,1,1,1,1,1,9,6,2,2,33,2,2,0
7,41,1,2012,1,7,1,2,2,1,4,2,1,1,1,1,1,1,19,11,1,7,33,2,2,0
7,41,1,2012,2,7,1,2,2,2,2,1,1,1,1,1,2,2,9,11,1,7,33,2,2,0
7,41,1,2012,3,1,1,2,2,1,1,1,1,1,1,1,2,2,9,6,1,7,33,2,2,1
7,41,1,2012,4,7,8,2,2,1,1,1,1,1,1,1,1,1,9,6,1,7,33,2,2,1
1,45,3,2012,2,1,1,2,2,1,1,1,1,1,1,1,1,1,14,6,1,7,33,2,2,0
6,45,3,2012,2,1,1,2,2,1,1,1,1,1,1,5,1,2,14,6,1,1,33,2,2,0
6,45,3,2012,2,1,1,2,2,1,2,1,1,1,1,1,1,2,19,11,1,1,33,2,2,0
3,52,3,2012,2,1,1,1,2,1,2,1,1,1,1,2,1,1,4,6,1,7,33,2,2,0
9,47,3,2012,2,1,1,2,2,1,1,1,1,1,1,1,1,1,9,5,1,1,45,2,2,0
12,47,3,2012,1,7,1,2,2,1,3,1,1,1,1,1,1,1,9,6,1,7,35,2,2,0
4,47,3,2012,2,1,1,2,2,1,1,1,1,1,1,1,1,2,9,11,1,1,33,2,2,0
7,38,4,2012,1,1,2,1,2,1,1,1,1,1,3,3,4,2,8,6,1,7,33,2,2,0