Thana,District,Month,Year,Time,Junction_Type,Traffic_Control,Movement,Divider,Weather,Light,Road_Geometry,Surface_Condition,Surface_Type,Surface_Quality,Road_Class,Road_Feature,Location_Type,Vehicle_Type,Vehicle_Movement,Vehicle_Loading,Vehicle_Defect,Vehicle_Driver_Age,Vehicle_Alcohol,Vehicle_Seat_Belt,Accident_Severity
1,39,3,2012,2,1,8,2,2,1,1,1,1,1,1,1,1,1,9,5,1,7,42,2,2,1
1,37,3,2012,3,7,1,2,2,1,1,1,1,1,1,1,1,1,8,1,1,7,48,2,2,1
7,47,4,2012,1,1,2,2,2,1,1,1,1,2,1,3,1,1,14,6,2,1,38,2,2,1
9,47,4,2012,2,1,1,2,2,1,1,1,1,1,1,1,2,1,14,5,1,1,33,2,2,0
4,37,4,2012,1,1,1,2,2,1,1,1,1,1,1,2,1,2,9,5,1,1,33,2,2,1
1,39,3,2012,2,1,8,2,2,1,2,4,1,1,1,1,1,1,9,11,1,1,45,2,1,0
1,51,1,2012,1,1,3,2,2,1,4,1,1,1,1,4,1,2,9,6,1,7,33,1,2,0
8,51,2,2012,1,1,1,1,2,1,1,1,1,1,1,1,1,2,4,11,1,1,33,1,2,0
1,51,3,2012,2,4,3,1,2,1,1,1,1,1,1,4,1,2,18,6,1,7,33,2,2,0
1,51,3,2012,3,1,1,2,2,1,1,1,1,1,1,1,1,2,19,6,1,6,22,2,2,0
1,51,4,2012,1,3,1,2,2,1,1,1,1,1,1,4,1,2,12,6,1,7,35,1,1,0
1,51,4,2012,2,1,1,2,2,1,1,1,1,1,1,1,1,2,9,6,1,7,40,1,2,0
1,41,1,2012,4,1,1,2,2,1,4,1,1,2,1,1,2,1,9,6,1,1,33,2,2,0
18,42,2,2012,2,1,1,1,1,1,2,1,1,1,1,1,1,1,9,6,1,1,42,1,2,0
26,42,1,2012,1,3,4,1,1,1,1,1,1,1,1,5,1,1,7,6,1,1,38,2,2,0
8,42,1,2012,4,1,6,1,1,1,3,1,1,1,1,5,1,1,4,6,1,1,32,2,1,0
32,42,1,2012,2,3,4,1,1,1,1,1,1,1,1,5,1,1,6,1,1,1,32,2,2,0
32,42,2,2012,3,1,4,1,1,1,1,1,1,1,1,5,1,1,9,6,1,1,32,2,2,0
19,42,1,2012,2,1,1,2,2,1,1,1,1,1,1,5,1,1,5,6,1,1,20,2,2,0
19,42,2,2012,3,1,1,2,2,1,1,1,1,1,1,5,1,1,14,6,1,1,43,1,2,0
40,42,2,2012,4,1,1,1,1,1,2,1,1,1,1,5,1,1,8,6,1,1,32,2,2,0
16,42,1,2012,2,1,1,2,2,1,1,1,1,1,1,5,1,1,8,6,1,1,36,2,2,0
16,42,1,2012,4,1,1,1,1,1,1,1,1,1,1,5,1,1,9,6,1,1,35,2,2,0
37,42,1,2012,2,1,1,1,1,1,1,1,1,1,1,5,1,1,5,6,1,1,32,1,2,1
37,42,1,2012,3,2,4,1,1,1,1,1,1,1,1,5,1,1,9,6,1,7,32,2,2,0
10,42,2,2012,4,3,5,1,1,1,2,1,1,1,1,5,1,1,9,6,1,1,45,2,2,1
18,42,1,2012,4,1,4,1,1,1,2,1,1,1,1,5,1,1,4,6,1,1,32,2,1,0
12,42,2,2012,3,1,1,1,1,1,1,1,1,1,1,5,1,1,9,6,1,1,32,2,2,0
12,42,2,2012,2,1,1,1,1,1,1,1,1,1,1,5,1,1,6,6,1,7,30,2,2,0
34,42,2,2012,2,1,1,1,1,1,1,1,1,1,1,1,1,1,7,6,1,1,35,2,2,0
22,42,1,2012,3,2,4,1,1,1,1,1,1,1,1,5,1,1,12,6,1,1,33,2,2,0
22,42,1,2012,3,2,4,1,1,1,1,1,1,1,1,1,1,1,9,6,1,1,38,2,2,3
15,42,1,2012,3,1,1,2,2,1,1,1,1,1,1,5,1,1,8,6,1,1,35,2,2,0
15,42,1,2012,2,1,1,2,2,1,1,1,1,1,1,5,1,1,2,6,1,1,26,2,2,0
15,42,2,2012,1,1,1,2,2,1,2,1,1,1,1,5,1,1,10,6,1,2,33,1,0,0
15,42,2,2012,2,1,1,2,2,1,2,1,1,1,1,5,1,1,8,6,1,1,26,2,2,0
33,42,2,2012,3,1,1,1,1,1,1,1,1,1,1,5,1,1,7,6,1,1,38,2,2,1
33,42,2,2012,4,1,1,1,1,1,3,1,1,1,1,1,1,1,10,6,1,2,33,1,0,0
33,42,2,2012,2,1,1,2,2,1,1,1,1,1,1,2,1,1,7,6,1,1,35,2,2,0
33,42,2,2012,4,1,4,1,1,1,2,1,1,1,1,1,1,1,10,6,1,2,33,1,0,0
33,42,2,2012,2,2,4,1,1,1,1,5,1,1,3,5,1,1,10,6,1,2,33,1,0,0
45,42,4,2012,2,1,1,1,1,1,2,1,1,1,1,5,1,1,8,6,1,1,33,1,0,0
15,42,3,2012,4,2,1,2,2,1,2,2,1,1,1,5,1,1,5,6,1,1,32,2,2,0
2,42,3,2012,1,3,1,1,1,1,2,1,1,1,1,5,1,1,14,6,1,1,39,2,2,0
8,42,3,2012,4,2,6,1,1,1,2,1,1,1,1,5,1,1,9,6,1,1,30,2,2,0
11,42,3,2012,3,1,1,1,1,1,1,1,1,1,1,5,1,1,4,6,1,1,28,2,1,3
26,42,3,2012,1,3,1,1,1,1,3,3,1,1,1,5,1,1,14,6,1,1,42,2,2,0
21,42,3,2012,3,7,1,2,2,1,1,3,1,1,1,1,1,1,7,6,1,1,35,1,2,0
38,42,3,2012,3,1,4,2,2,1,1,1,1,1,1,5,1,1,10,6,1,2,33,1,0,0
38,42,4,2012,1,3,1,2,2,2,4,1,2,1,1,5,1,1,14,6,1,7,45,1,2,0
23,42,2,2012,1,1,1,1,1,1,3,1,1,1,1,1,1,1,19,6,1,2,33,1,0,0
23,42,4,2012,1,1,1,1,1,1,3,1,1,1,1,1,1,1,10,6,1,2,33,1,0,0
40,42,3,2012,2,3,4,1,1,1,1,1,1,1,1,5,1,1,5,6,1,1,35,2,2,1
40,42,5,2012,3,2,4,1,1,1,1,1,1,1,1,5,1,1,8,6,1,1,38,2,2,0
18,42,4,2012,2,1,1,2,2,1,3,2,1,2,2,5,1,1,12,6,1,1,19,2,2,1
18,42,5,2012,4,1,1,1,1,1,3,1,1,1,1,1,1,1,10,6,1,2,33,1,0,0
32,42,5,2012,2,1,1,1,1,1,1,1,1,1,1,5,1,1,10,6,1,1,30,2,2,0
12,42,3,2012,3,1,4,1,1,1,1,1,1,1,1,5,1,1,9,6,1,1,38,2,2,0
12,42,3,2012,3,2,4,1,1,1,1,1,1,1,1,5,1,1,9,6,1,1,40,2,2,1
12,42,3,2012,3,3,4,1,1,1,1,1,1,1,1,5,1,1,9,6,1,1,37,2,2,1
34,42,4,2012,1,1,4,2,2,1,3,2,1,1,1,5,1,1,10,6,1,2,33,1,0,0
34,42,5,2012,3,3,4,1,1,1,1,1,1,1,1,1,1,1,14,6,1,1,35,1,2,3
36,42,2,2012,1,1,1,1,1,1,3,1,1,1,1,5,1,1,10,6,1,2,33,1,0,0
36,42,4,2012,2,1,1,2,2,1,1,3,1,1,1,5,1,1,12,6,2,7,34,1,2,0
36,42,4,2012,3,1,1,2,2,1,1,1,1,1,1,5,1,1,7,6,1,1,23,2,2,0
36,42,5,2012,2,1,1,1,1,1,1,1,1,1,1,1,1,1,9,6,1,1,37,2,2,0
10,42,3,2012,1,1,1,1,1,1,3,1,1,1,1,5,1,1,14,6,2,1,32,1,2,2
10,42,5,2012,2,1,1,1,1,1,2,1,1,1,1,5,1,1,10,6,1,2,33,1,0,0
10,42,5,2012,2,1,1,2,2,1,3,1,1,1,1,5,1,1,10,6,1,1,30,2,2,0
25,42,4,2012,2,1,1,2,2,1,1,1,1,1,1,5,1,1,9,6,1,1,39,2,2,0
25,42,4,2012,2,3,1,2,2,1,1,1,1,1,1,5,1,1,12,6,1,1,35,2,2,1
25,42,4,2012,5,1,1,2,2,1,1,1,1,1,1,5,1,1,19,6,1,2,33,1,0,0
1,42,2,2012,4,3,4,1,1,1,2,1,1,1,1,5,1,1,12,6,1,1,35,2,2,1
1,42,2,2012,4,1,1,1,1,1,3,1,1,1,1,5,1,1,10,6,1,1,33,2,2,0
1,42,4,2012,3,1,1,2,2,1,1,1,1,1,1,5,1,1,4,6,1,1,30,2,1,3
9,42,1,2012,2,2,4,1,1,1,2,1,1,1,1,5,1,1,10,6,1,2,33,1,0,0
9,42,2,2012,3,7,4,1,1,1,1,1,1,1,1,5,1,1,8,6,1,1,38,2,2,0
9,42,4,2012,2,1,1,1,1,1,1,1,1,1,1,5,1,1,8,6,1,1,33,2,2,0
9,42,6,2012,4,1,1,1,1,1,3,1,1,1,1,5,1,1,5,6,1,1,50,2,2,1
22,42,2,2012,2,2,4,1,1,1,1,1,1,1,1,1,1,1,6,1,1,1,32,2,2,0
22,42,3,2012,1,2,4,1,1,1,2,1,1,1,1,1,1,1,9,6,1,1,42,2,2,0
22,42,4,2012,2,1,1,1,1,1,1,1,1,1,1,1,1,1,9,6,1,1,38,2,2,0
22,42,4,2012,1,3,4,1,1,1,3,1,1,1,1,1,1,1,10,6,1,2,33,1,0,0
22,42,5,2012,1,1,1,1,1,1,1,1,1,1,1,1,1,1,10,6,1,1,38,2,2,0
22,42,5,2012,4,1,1,1,1,1,3,1,1,1,1,1,1,1,10,6,1,2,33,1,0,0
33,42,3,2012,2,1,4,1,1,1,1,1,1,1,1,1,1,1,10,6,1,2,33,1,0,0
33,42,3,2012,2,1,4,1,1,3,1,1,1,1,1,1,1,1,10,6,1,2,33,1,0,0
33,42,3,2012,4,1,4,1,1,1,3,1,1,1,1,1,1,1,10,6,1,2,33,1,0,0
33,42,3,2012,2,1,4,1,1,1,1,1,1,1,1,1,1,1,10,6,1,2,33,1,0,0
33,42,3,2012,2,2,4,1,1,1,1,1,1,1,1,1,1,1,10,6,1,2,33,1,0,3
33,42,3,2012,2,3,4,1,1,1,1,1,1,1,1,1,1,1,8,6,1,1,42,2,2,0
33,42,3,2012,2,3,4,1,1,1,3,1,1,1,1,1,1,1,10,6,1,2,33,1,0,0
33,42,4,2012,4,1,4,1,1,1,3,1,1,1,1,1,1,1,10,6,1,2,33,1,0,0
33,42,4,2012,2,1,4,1,1,1,1,1,1,1,1,5,1,1,10,6,1,2,33,1,0,0
33,42,4,2012,1,1,1,1,1,1,3,1,1,1,1,1,1,1,10,6,1,2,33,1,0,0
33,42,4,2012,1,1,1,1,1,1,3,1,1,1,1,1,1,1,10,6,1,2,33,1,0,0
33,42,4,2012,3,1,4,2,2,2,1,1,1,1,3,5,1,1,14,6,1,1,45,1,2,0
33,42,5,2012,2,1,1,1,1,1,1,1,1,1,1,5,1,1,10,6,1,2,33,1,0,1
33,42,5,2012,1,1,1,1,1,1,3,1,1,1,1,1,1,1,10,6,1,2,33,1,0,0
14,42,2,2012,1,1,4,1,1,1,3,1,1,1,1,1,1,1,10,6,1,2,33,1,0,0
14,42,2,2012,2,3,4,1,1,1,3,1,1,1,1,1,1,1,9,6,1,1,30,2,2,1
14,42,2,2012,1,1,1,2,2,1,3,1,1,1,1,1,1,1,10,6,1,2,33,1,0,0
14,42,2,2012,2,3,1,1,1,1,1,1,1,1,1,1,1,1,10,6,1,2,33,1,0,0
14,42,2,2012,4,2,4,1,1,1,3,1,1,1,1,1,1,1,14,6,1,1,25,2,2,0
14,42,2,2012,3,1,1,1,1,1,1,1,1,1,1,1,1,1,10,6,1,1,35,2,2,0
14,42,2,2012,1,1,1,1,1,1,3,1,1,1,1,1,1,1,10,6,1,2,33,1,0,0
14,42,4,2012,1,1,1,1,1,1,3,1,1,1,1,1,1,1,10,6,1,2,33,1,0,0
14,42,4,2012,4,3,1,2,2,1,3,3,1,1,1,5,1,1,13,6,1,1,39,2,2,1
14,42,4,2012,2,3,1,2,2,1,2,1,1,1,1,1,1,1,19,6,1,2,33,1,0,0
14,42,4,2012,1,1,1,1,1,1,3,1,1,1,1,1,1,1,10,6,1,2,33,1,0,0
14,42,4,2012,2,2,4,1,1,1,1,1,1,1,1,1,1,1,9,6,1,1,28,2,2,1
14,42,5,2012,2,3,4,1,1,1,1,1,1,1,1,1,1,1,4,6,1,1,30,2,1,0
14,42,5,2012,4,2,4,1,1,1,3,1,1,1,1,1,1,1,10,6,1,2,33,1,0,0
14,42,5,2012,1,1,1,2,2,1,3,1,1,1,1,5,1,1,10,6,1,2,33,1,0,0
34,42,6,2012,1,3,1,1,1,1,3,2,1,1,1,1,1,1,14,6,1,1,37,1,2,0
34,42,6,2012,2,1,1,1,1,1,1,1,1,1,1,5,1,1,14,6,1,1,30,2,2,0
34,42,7,2012,3,1,1,2,2,1,1,1,1,1,1,5,1,1,14,6,1,1,33,1,0,0
34,42,7,2012,1,1,1,2,2,1,4,1,1,1,1,5,1,1,14,6,1,1,35,1,2,0
34,42,8,2012,2,1,1,2,2,1,1,4,1,1,2,5,1,1,6,6,1,1,30,2,2,0
11,42,6,2012,3,1,1,1,1,1,3,1,1,1,1,5,1,1,6,6,1,1,28,2,2,1
11,42,8,2012,3,1,1,1,1,1,1,1,1,1,1,5,1,1,8,6,1,1,30,2,2,0
11,42,8,2012,1,1,1,1,1,1,3,1,1,1,1,5,1,1,10,6,1,2,33,1,0,0
9,42,7,2012,3,1,1,1,1,1,1,1,1,1,1,5,1,1,9,6,1,1,28,2,2,0
9,42,7,2012,2,1,4,1,1,1,1,1,1,1,1,5,1,1,10,6,1,1,28,2,2,3
9,42,7,2012,3,1,1,1,1,1,1,1,1,1,1,5,1,1,9,6,1,1,33,2,2,0
9,42,8,2012,4,3,4,1,1,1,1,1,1,1,1,5,1,1,9,6,1,1,45,2,2,1
33,42,6,2012,4,1,1,1,1,1,3,1,1,1,1,1,1,1,14,6,1,1,45,1,2,0
33,42,6,2012,4,1,1,2,2,1,3,2,1,1,1,1,1,1,14,6,1,1,39,1,2,0
33,42,6,2012,2,3,1,1,1,1,1,1,1,1,1,1,1,1,9,6,1,1,38,2,2,0
33,42,6,2012,2,2,4,1,1,1,1,3,1,1,3,5,2,1,10,6,1,1,22,2,2,0
33,42,6,2012,1,7,1,1,1,1,3,1,1,1,1,5,1,1,9,6,1,1,42,2,2,0
33,42,7,2012,2,3,3,2,1,1,1,1,1,1,1,1,1,1,10,6,1,1,33,1,0,0
33,42,7,2012,1,2,4,1,1,1,2,1,1,1,1,5,1,1,10,6,1,2,33,1,0,0
33,42,7,2012,2,1,1,1,1,1,1,1,1,1,1,5,1,1,6,1,1,1,33,1,0,0
33,42,7,2012,2,1,1,2,2,1,1,1,1,1,1,5,1,1,10,6,1,1,33,2,2,3
33,42,7,2012,2,1,1,2,2,1,2,1,1,1,1,5,1,1,9,6,1,1,40,2,2,0
33,42,7,2012,3,1,4,1,1,1,1,1,1,1,3,5,1,1,7,6,1,1,32,2,2,0
33,42,7,2012,4,5,4,2,2,1,2,2,3,2,3,5,1,1,10,6,1,1,45,1,0,0
23,42,7,2012,2,3,1,1,1,1,1,1,1,1,1,1,1,1,8,6,1,3,35,1,2,1
23,42,8,2012,4,1,1,1,1,1,3,1,1,1,1,1,1,1,8,6,1,1,33,1,0,0
18,42,8,2012,4,1,1,2,2,1,3,1,1,1,1,5,1,1,10,6,1,7,33,1,0,0
48,42,9,2012,4,1,1,1,1,1,2,1,1,1,1,5,1,1,10,6,1,2,33,1,0,0
40,42,2,2012,2,2,1,1,1,1,2,1,1,1,1,5,1,1,10,6,1,1,33,1,0,0
15,42,7,2012,3,1,1,1,1,2,1,1,2,1,1,5,1,1,9,6,1,7,22,2,2,0
12,42,7,2012,3,3,4,1,1,1,1,1,1,1,1,5,1,1,12,6,1,1,32,2,2,0
25,42,6,2012,3,1,4,1,1,1,1,1,1,1,1,5,1,1,9,6,1,1,38,2,2,0
14,42,6,2012,3,1,1,1,1,1,1,1,1,1,1,1,1,1,7,6,1,1,35,2,2,0
14,42,7,2012,2,1,1,1,1,1,1,1,1,1,1,1,1,1,9,6,1,1,38,2,2,0
14,42,7,2012,2,1,1,2,2,1,1,1,1,1,1,5,1,1,7,6,1,1,35,2,2,0
14,42,7,2012,4,1,1,2,2,1,4,1,1,1,1,1,1,1,9,6,1,1,42,1,2,0
14,42,7,2012,4,1,4,1,1,1,2,1,1,1,1,1,3,1,9,6,1,1,39,2,2,0
2,42,4,2012,4,1,1,1,1,1,3,1,1,1,1,5,1,1,19,6,1,6,33,1,2,0
2,42,4,2012,1,1,1,1,1,1,2,1,1,1,1,5,1,1,14,6,1,6,22,1,2,1
2,42,4,2012,4,1,1,1,1,1,3,1,1,1,1,5,1,1,9,6,1,6,21,1,2,0
2,42,4,2012,4,1,1,1,1,1,3,1,1,1,1,5,1,1,14,6,1,1,50,1,2,0
2,42,4,2012,4,1,1,1,1,1,3,1,1,1,1,5,1,1,10,6,1,6,33,1,2,0
23,42,9,2012,4,7,8,2,2,2,4,1,1,1,1,1,1,1,19,11,1,1,33,2,2,0
42,42,10,2012,3,1,1,1,1,1,1,1,1,1,1,1,1,1,10,6,1,1,35,2,2,0
42,42,10,2012,2,1,1,1,1,1,1,1,1,1,1,1,1,1,9,6,1,1,40,2,2,0
42,42,10,2012,4,4,5,2,1,1,4,1,1,1,1,1,1,1,9,6,1,1,35,1,2,0
33,42,8,2012,4,7,8,2,2,1,3,1,1,1,3,5,1,1,6,6,1,1,30,1,2,0
14,42,1,2012,4,1,1,1,1,1,3,1,1,1,1,1,1,1,13,6,1,7,42,1,2,0
14,42,1,2012,2,1,1,1,1,1,2,1,1,1,1,1,1,1,13,6,1,7,42,1,2,0
14,42,1,2012,4,1,4,1,1,1,3,1,1,1,1,1,1,1,9,6,1,1,38,2,2,0
14,42,8,2012,2,1,4,2,2,1,1,1,1,1,1,1,1,1,19,6,1,1,42,2,2,0
14,42,8,2012,1,1,4,2,1,1,2,1,1,1,1,1,1,1,12,6,1,1,35,2,2,0
14,42,8,2012,1,1,1,1,1,1,1,1,1,1,1,1,1,1,12,6,1,1,35,2,2,0
14,42,8,2012,3,1,1,1,1,1,1,1,1,1,1,1,1,1,14,6,1,1,48,1,2,0
36,42,10,2012,1,2,4,2,2,1,1,1,1,1,1,1,1,1,7,11,1,7,30,2,2,0
22,42,10,2012,1,2,4,1,1,1,2,1,1,1,1,5,1,1,19,4,1,1,35,2,2,0
22,42,10,2012,1,2,4,1,1,1,3,1,1,1,1,5,1,1,14,4,1,1,40,2,2,0
22,42,10,2012,4,1,4,1,1,1,2,1,1,1,1,5,1,1,9,6,1,1,35,2,2,0
16,42,2,2012,2,3,4,2,1,1,1,1,1,1,1,1,1,1,10,7,1,1,30,1,2,0
16,42,5,2012,3,1,1,2,2,1,1,1,1,1,1,5,1,1,8,4,1,1,25,2,2,0
16,42,7,2012,3,1,4,1,1,1,1,1,1,1,1,1,1,1,9,6,1,1,29,2,2,0
16,42,8,2012,4,1,1,1,1,1,3,1,1,1,1,1,2,1,19,11,1,1,40,1,2,0
16,42,9,2012,2,1,1,1,1,1,1,1,1,1,1,1,1,1,9,5,1,1,35,2,2,0
18,42,9,2012,3,7,1,2,2,1,1,1,1,1,1,1,1,2,8,6,1,7,40,1,2,0
13,42,5,2012,3,7,8,1,1,1,1,1,1,1,1,2,1,1,5,6,1,7,45,2,1,3
13,42,7,2012,4,7,8,1,2,1,1,1,1,1,1,5,1,1,10,11,1,1,45,2,2,1
13,42,8,2012,1,3,1,2,1,1,2,1,1,1,1,1,1,1,10,6,1,1,32,2,2,0
8,42,10,2012,4,1,4,2,2,1,3,1,1,1,1,5,1,1,9,6,1,1,34,2,2,0
8,42,9,2012,2,1,4,1,1,1,1,1,1,1,1,5,1,1,9,6,1,1,40,1,2,1
40,42,10,2012,2,1,4,1,1,1,2,1,1,1,1,5,1,1,14,6,1,1,45,2,2,1
25,42,10,2012,3,1,1,2,2,1,1,1,1,1,1,1,1,1,9,6,1,1,30,2,2,0
17,42,10,2012,3,1,1,1,1,1,1,1,1,1,1,5,1,1,9,6,1,1,30,2,2,0
34,42,10,2012,2,1,2,1,1,1,1,1,1,1,1,1,1,1,9,6,2,7,45,1,2,2
38,42,8,2012,4,2,4,2,2,1,3,1,1,1,1,1,1,1,12,6,1,1,28,2,2,0
41,42,7,2012,2,7,1,1,1,1,2,1,1,1,1,5,1,1,8,6,1,1,35,2,2,0
10,42,10,2012,2,7,4,2,2,1,1,1,1,1,2,1,1,1,9,6,1,1,33,2,2,0
10,42,8,2012,1,1,4,1,1,1,3,1,1,1,1,5,1,1,9,6,2,1,42,2,2,0
10,42,8,2012,2,1,1,2,2,1,2,1,1,1,1,5,1,1,9,6,2,1,35,2,2,0
10,42,8,2012,4,1,1,2,1,1,3,1,1,1,1,5,1,1,14,6,2,1,40,1,2,0
10,42,8,2012,4,1,1,2,2,1,3,1,1,1,1,5,1,1,19,6,1,1,32,2,2,0
37,42,6,2012,4,7,5,2,2,1,3,1,1,1,1,5,1,1,4,6,1,1,26,2,2,0
37,42,9,2012,2,2,4,2,2,1,1,2,1,1,1,1,1,1,14,1,1,7,26,1,2,1
37,42,8,2012,3,2,4,2,2,1,1,2,1,1,1,1,1,1,4,6,1,1,35,1,2,0
37,42,6,2012,3,7,2,2,1,1,1,1,1,1,1,5,1,1,8,6,1,1,30,2,2,0
36,42,11,2012,2,1,4,2,1,1,2,1,1,1,1,1,1,1,4,6,1,1,25,2,1,0
18,42,11,2012,2,7,8,2,1,1,1,1,1,1,1,1,1,1,9,6,1,7,30,1,2,0
24,42,10,2012,2,3,1,2,2,1,1,1,1,1,1,4,1,1,4,6,1,1,28,2,1,0
6,42,10,2012,4,1,4,1,2,1,3,1,1,1,1,5,1,1,9,6,1,1,25,2,2,0
6,42,10,2012,4,1,1,1,2,1,3,1,1,1,1,5,1,1,9,6,1,1,25,2,2,0
34,42,11,2012,1,1,1,2,1,1,4,1,1,1,1,5,1,1,14,1,1,1,30,2,2,0
34,42,11,2012,3,1,1,1,2,1,1,1,1,1,1,3,1,1,14,6,1,1,30,1,2,0
22,42,11,2012,4,1,4,1,1,1,2,1,1,1,1,5,1,1,9,6,1,1,32,2,2,0
44,42,1,2012,3,1,1,1,2,1,1,1,1,1,1,5,1,1,7,6,1,1,25,1,2,0
44,42,10,2012,2,7,1,2,1,1,1,1,1,1,1,1,1,1,9,5,1,6,47,1,2,0
44,42,10,2012,4,3,1,1,2,1,3,1,1,1,1,5,1,1,10,1,1,7,33,1,2,1
44,42,11,2012,4,1,4,1,2,1,3,1,1,1,1,1,1,1,13,6,1,7,40,2,2,0
44,42,11,2012,4,7,1,1,2,1,3,1,1,1,1,1,1,1,8,7,1,7,32,1,2,0
27,42,5,2012,4,1,1,2,1,1,3,1,1,1,1,5,1,1,9,6,1,1,28,2,2,0
3,42,11,2012,2,1,4,1,2,1,1,1,1,1,1,5,1,1,9,6,1,1,32,2,2,0
5,42,11,2012,4,1,1,2,2,1,3,1,1,1,1,5,1,1,9,6,1,1,30,2,2,0
7,42,11,2012,4,1,4,2,1,1,3,1,1,1,1,1,1,1,9,6,1,1,30,2,2,0
7,42,12,2012,4,1,1,2,2,1,3,1,1,1,2,5,1,1,12,6,1,1,22,2,2,0
8,42,12,2012,4,3,4,1,2,1,3,1,1,1,1,5,1,1,9,6,1,1,40,2,2,0
8,42,12,2012,2,3,4,1,2,1,1,1,1,1,1,1,1,1,8,6,1,1,30,2,2,0
48,42,12,2012,4,1,4,1,2,1,2,1,1,1,1,1,1,1,9,6,1,1,35,2,2,0
2,42,7,2012,3,1,4,2,2,1,1,1,1,1,1,2,1,1,9,6,1,6,30,1,2,0
2,42,7,2012,2,1,2,2,1,1,1,1,1,1,1,5,1,1,12,11,1,3,24,2,2,3
2,42,8,2012,3,3,2,2,1,1,1,1,1,1,1,5,1,1,9,1,1,1,27,1,1,0
2,42,8,2012,2,1,2,2,1,1,1,1,1,1,1,5,1,1,9,6,1,6,28,1,2,0
2,42,8,2012,1,1,1,1,2,1,2,1,1,1,1,3,1,1,13,6,1,1,30,2,2,0
2,42,8,2012,2,1,2,1,1,1,1,1,1,1,1,5,1,1,10,6,1,1,25,1,2,1
2,42,9,2012,2,1,3,2,1,1,1,1,1,1,1,5,1,1,9,6,1,1,21,1,2,0
2,42,10,2012,3,1,4,1,2,1,1,1,1,1,1,5,1,1,10,6,1,1,55,2,2,0
2,42,11,2012,4,1,2,2,1,1,3,1,1,1,1,5,1,1,19,6,1,6,40,1,2,0
2,42,10,2012,3,1,2,2,1,1,1,1,1,1,1,5,1,1,9,6,2,6,25,2,2,0
44,42,12,2012,2,1,1,1,2,1,1,1,1,1,1,5,1,1,4,11,1,7,32,1,2,0
22,42,12,2012,2,1,4,1,1,1,1,1,1,1,1,5,1,1,9,6,1,1,40,2,2,0
22,42,12,2012,2,1,4,1,1,1,1,1,1,1,1,1,1,1,9,6,1,1,45,2,2,0
33,42,10,2012,2,1,8,2,2,1,2,1,1,1,1,5,1,1,10,6,1,1,40,2,2,0
33,42,10,2012,1,1,3,2,1,1,4,1,1,1,1,1,1,1,9,6,1,1,25,2,2,0
33,42,10,2012,4,3,4,2,1,1,2,1,5,1,3,5,1,1,9,6,1,1,30,2,2,0
33,42,10,2012,2,1,8,2,1,1,1,1,1,1,3,5,1,1,8,6,1,1,32,2,2,0
33,42,10,2012,2,1,2,2,1,1,1,1,1,1,1,1,1,1,9,6,1,1,45,2,2,0
33,42,10,2012,1,1,8,2,1,1,3,1,5,1,3,5,1,1,14,6,1,1,35,2,2,0
33,42,10,2012,2,1,8,2,1,1,1,1,1,1,1,1,1,1,9,6,1,1,33,2,2,0
33,42,10,2012,3,1,1,2,1,1,1,1,1,1,1,1,1,1,16,6,1,1,32,2,2,1
33,42,11,2012,2,1,8,2,1,1,1,1,1,1,1,1,1,1,9,6,1,1,40,2,2,0
33,42,11,2012,3,1,8,2,1,1,1,1,1,1,1,1,1,1,9,6,1,1,30,2,2,0
33,42,11,2012,1,7,8,2,1,1,2,1,1,1,1,3,5,1,9,6,1,1,45,2,2,0
33,42,11,2012,4,7,4,2,1,1,3,1,1,1,1,5,1,1,9,6,1,1,48,2,2,0
33,42,11,2012,1,1,1,2,1,1,3,1,1,1,1,1,1,1,14,6,1,1,40,2,2,0
33,42,11,2012,2,2,4,2,1,1,1,2,1,1,3,5,1,1,7,6,1,1,28,2,2,0
33,42,12,2012,2,3,4,2,1,1,1,1,1,1,1,1,1,1,9,6,1,1,35,2,2,0
33,42,12,2012,1,1,1,2,1,1,3,1,1,1,1,1,1,1,9,6,1,1,48,2,2,0
33,42,12,2012,3,1,1,2,1,1,1,1,1,1,1,1,1,1,14,6,1,1,40,2,2,0
33,42,12,2012,2,1,8,2,1,1,1,1,1,1,1,1,1,1,9,6,1,1,40,2,2,0
33,42,12,2012,2,3,1,2,1,1,1,2,1,1,2,1,1,1,10,6,1,1,40,2,2,0
23,15,1,2012,1,1,1,2,1,1,3,1,1,1,1,1,1,1,10,6,1,1,33,2,2,0
27,42,2,2012,4,1,1,2,1,1,1,1,1,1,1,5,1,1,1,6,1,6,32,2,2,0
39,42,5,2012,3,2,4,2,1,1,1,1,1,1,1,5,1,1,8,6,1,1,38,2,2,0
39,42,2,2012,4,2,1,2,1,1,1,1,1,1,1,5,1,1,10,6,1,1,33,2,2,0
14,42,1,2012,1,1,1,2,2,4,2,1,1,1,1,1,1,1,19,6,1,7,33,2,2,0
33,42,1,2012,4,3,4,2,1,1,3,1,1,1,1,5,1,1,9,6,1,1,50,2,2,0