Thana,District,Month,Year,Time,Junction_Type,Traffic_Control,Movement,Divider,Weather,Light,Road_Geometry,Surface_Condition,Surface_Type,Surface_Quality,Road_Class,Road_Feature,Location_Type,Vehicle_Type,Vehicle_Movement,Vehicle_Loading,Vehicle_Defect,Vehicle_Driver_Age,Vehicle_Alcohol,Vehicle_Seat_Belt,Accident_Severity
33,42,1,2012,4,3,1,2,1,1,3,1,1,1,3,5,1,1,19,6,1,7,33,2,2,0
33,42,2,2012,2,1,1,2,1,1,2,1,1,1,1,1,1,1,9,6,1,7,33,2,2,0
33,42,3,2012,2,3,1,2,2,1,1,1,1,1,1,3,1,1,9,6,1,1,38,2,2,0
33,42,11,2012,2,1,1,2,2,1,1,1,1,1,1,5,1,1,9,6,1,1,25,2,2,0
33,42,7,2012,4,1,4,2,1,1,3,1,1,1,1,1,1,1,9,6,1,1,45,1,2,0
33,42,8,2012,4,1,4,2,1,1,3,1,1,1,1,1,1,1,19,6,1,1,33,2,2,0
33,42,9,2012,2,4,8,2,1,1,1,1,1,1,1,5,1,1,8,6,1,1,42,2,2,0
33,42,9,2012,2,1,1,2,1,1,1,1,1,1,1,1,1,1,19,11,1,1,40,2,2,0
33,42,9,2012,2,2,4,2,2,1,1,1,5,1,3,5,1,1,19,11,1,1,45,2,2,0
34,42,4,2012,1,1,4,2,1,1,3,1,1,1,1,5,1,1,13,6,1,1,35,1,2,0
4,26,5,2012,3,7,1,1,2,1,2,1,1,1,1,2,1,2,14,6,2,7,33,1,2,0
4,26,9,2012,4,1,1,2,2,1,4,1,1,1,1,1,5,2,13,6,1,1,33,1,2,1
5,26,6,2012,3,1,1,2,2,1,1,1,1,1,1,1,1,2,4,6,2,7,38,1,2,0
5,26,12,2012,4,1,1,2,2,1,4,1,1,1,1,1,1,2,4,6,2,7,33,1,2,0
6,26,9,2012,3,1,3,2,2,1,1,1,1,1,1,3,1,2,4,6,1,1,0,1,2,0
7,26,8,2012,3,1,1,2,2,1,1,1,1,1,1,3,1,2,12,1,1,7,0,1,2,1
9,26,12,2012,2,1,1,1,2,3,1,1,2,1,1,3,1,2,19,6,1,7,27,1,2,0
1,21,3,2012,4,1,1,1,2,1,2,1,1,1,1,2,1,2,19,6,2,7,25,1,2,0
3,21,3,2012,2,1,1,1,2,1,1,1,1,1,1,1,1,2,14,6,2,7,33,1,2,0
5,21,2,2012,4,1,1,2,2,1,1,1,1,1,1,4,1,2,4,6,1,3,32,1,2,0
1,29,7,2012,1,1,1,1,2,1,1,1,1,1,1,1,1,2,13,6,1,7,33,1,2,0
1,29,11,2012,2,3,1,1,2,1,1,1,1,1,2,1,2,1,4,6,1,1,33,1,2,0
3,29,12,2012,3,1,1,2,2,1,1,1,1,1,1,1,1,2,12,6,1,1,33,1,2,0
3,29,1,2012,3,1,1,1,2,1,1,1,1,1,1,4,1,2,4,6,1,7,33,1,2,0
3,29,8,2012,3,1,1,2,2,2,1,2,2,1,1,1,1,2,12,6,2,7,33,1,2,0
3,29,2,2012,3,1,3,1,2,1,1,1,1,1,1,1,1,2,9,6,2,7,33,1,2,0
3,29,10,2012,3,1,8,1,2,1,4,1,1,1,1,1,1,2,19,6,1,6,33,1,2,0
5,29,10,2012,3,1,3,1,2,1,1,1,1,1,1,1,1,1,19,6,1,7,33,1,2,0
6,29,5,2012,3,1,1,1,2,1,1,1,1,1,1,2,1,2,19,6,2,7,33,1,2,0
6,29,7,2012,2,1,1,1,2,1,1,1,1,1,1,1,1,1,8,6,2,7,40,1,2,0
6,29,8,2012,2,1,1,1,2,1,1,1,1,1,2,1,2,1,4,6,1,7,27,1,2,0
6,29,10,2012,2,1,1,1,2,1,1,1,1,1,1,2,1,2,4,6,1,7,30,1,2,0
7,29,11,2012,3,1,8,2,2,1,1,1,1,1,1,4,1,2,4,6,2,7,33,1,2,0
7,29,12,2012,3,1,1,1,2,1,1,1,1,3,1,4,1,2,4,6,1,7,33,1,2,1
1,22,6,2012,1,1,1,2,2,1,2,1,1,1,1,1,1,2,19,6,1,7,33,1,2,0
1,22,7,2012,3,1,4,1,1,1,1,1,2,1,1,1,1,2,4,6,1,7,33,1,2,0
1,22,9,2012,1,7,1,1,2,1,3,1,1,1,1,1,1,1,19,6,2,7,33,1,2,0
1,22,11,2012,3,7,1,2,2,4,4,1,1,1,1,1,1,1,19,6,1,7,33,1,2,0
4,22,10,2012,3,7,8,2,2,1,1,1,1,1,1,3,1,2,9,11,2,7,38,1,2,0
4,22,10,2012,2,7,8,2,2,1,1,1,1,1,1,4,1,2,14,6,1,7,33,1,2,0
1,25,10,2012,2,1,8,2,2,1,2,1,1,1,1,3,1,2,13,6,1,7,32,1,2,1
1,25,12,2012,2,1,8,2,2,1,2,1,1,1,1,3,1,2,9,6,1,7,32,1,2,1
4,25,11,2012,3,1,1,2,2,1,1,1,1,1,1,2,1,2,4,6,2,7,50,1,2,0
6,25,7,2012,2,2,1,2,2,1,1,1,1,1,1,3,1,2,4,6,1,7,32,1,2,0
7,25,3,2012,1,1,1,2,1,1,1,1,1,1,2,3,2,2,9,6,2,7,32,1,2,0
8,25,7,2012,2,1,1,2,2,1,1,1,1,1,1,1,1,2,14,6,1,7,33,1,2,0
1,19,6,2012,3,7,8,2,2,1,1,1,1,1,1,2,1,1,7,6,1,3,20,1,2,1
1,19,11,2012,3,1,1,2,2,1,1,1,1,1,1,2,1,1,4,6,1,7,35,1,2,0
1,20,4,2012,2,1,1,2,2,1,2,1,1,1,1,2,1,2,4,6,1,7,40,1,2,3
1,20,5,2012,3,1,1,2,2,1,1,1,1,1,1,2,1,2,4,6,1,7,35,1,2,3
1,20,7,2012,4,1,1,2,2,1,4,1,1,1,1,2,1,2,13,6,1,1,19,2,2,3
1,20,12,2012,1,5,1,2,2,1,3,2,1,1,1,3,1,2,9,6,2,7,33,1,2,0
3,20,2,2012,3,7,8,2,2,1,1,1,1,1,1,3,1,2,19,6,1,7,40,1,2,0
4,20,5,2012,2,1,2,2,2,1,1,1,1,1,1,4,5,2,14,6,1,7,35,1,2,0
1,24,6,2012,2,1,1,2,2,1,2,1,1,1,1,3,1,2,10,6,1,7,33,1,2,0
1,24,11,2012,4,1,1,2,2,1,2,1,1,1,1,1,1,2,14,6,2,7,33,1,2,0
1,24,12,2012,2,3,3,2,2,1,1,1,1,1,1,1,1,1,7,6,2,7,33,1,2,1
2,24,3,2012,1,1,1,2,2,1,3,1,1,1,1,1,1,2,14,6,2,7,33,1,2,0
2,24,3,2012,2,1,3,2,2,1,2,1,1,1,1,1,1,2,19,6,2,7,33,1,2,0
5,24,8,2012,1,1,1,2,2,1,1,1,1,1,1,1,1,2,13,6,2,7,33,1,2,1
6,24,8,2012,3,1,1,2,2,1,1,1,1,1,1,3,1,2,12,6,1,6,33,1,2,0
9,24,1,2012,3,1,1,2,2,1,1,1,1,1,1,1,1,2,19,6,1,7,33,1,2,0
1,18,4,2012,1,1,1,2,2,1,2,1,1,1,1,1,1,2,14,6,1,7,33,1,2,0
1,18,6,2012,1,7,2,2,2,1,4,1,1,1,1,1,1,1,14,6,1,7,33,1,2,0
1,18,6,2012,1,1,1,1,1,1,1,1,1,1,1,1,5,1,19,5,1,7,33,1,2,0
1,18,9,2012,3,1,1,2,1,1,1,1,1,1,1,1,1,1,13,6,1,7,33,1,2,0
1,18,10,2012,3,1,1,2,2,1,1,1,1,1,1,1,2,1,19,6,1,7,33,1,2,0
2,18,6,2012,2,7,8,2,2,2,1,4,2,3,2,1,2,1,19,10,2,7,35,1,2,0
2,18,9,2012,4,2,1,2,2,1,1,1,1,1,1,3,1,2,4,6,1,7,20,1,2,0
2,18,10,2012,3,1,1,2,2,1,1,3,1,1,2,4,1,2,19,6,1,7,45,1,2,0
3,18,12,2012,3,7,1,2,2,1,1,1,1,1,1,4,1,2,14,6,1,7,35,1,2,0
3,18,12,2012,4,1,1,2,2,1,4,1,1,1,3,5,1,2,4,6,1,7,33,1,2,0
5,18,12,2012,4,1,1,1,1,1,1,1,1,1,1,1,1,2,8,6,1,7,33,1,2,0
5,18,12,2012,2,1,1,2,2,4,1,1,2,1,1,3,1,2,19,6,1,7,22,1,2,0
6,18,4,2012,3,7,8,2,2,1,1,1,1,2,2,4,1,2,9,6,2,7,33,1,2,0
6,18,10,2012,4,1,1,2,2,1,4,1,1,1,1,2,1,2,19,6,1,7,33,1,2,0
7,18,4,2012,2,1,1,2,2,1,1,1,2,1,1,1,1,2,9,6,2,7,33,1,2,1
7,18,4,2012,2,1,1,1,2,1,1,1,1,1,1,1,1,2,19,6,2,7,33,2,2,0
5,29,7,2012,2,1,1,2,2,1,1,1,1,1,1,1,1,2,19,6,2,1,33,1,2,0
5,26,2,2012,4,1,1,2,2,1,4,1,1,1,1,1,1,2,14,6,1,1,33,1,2,0
4,25,9,2012,3,1,1,2,2,1,1,1,1,1,1,1,1,2,9,6,2,1,33,1,2,0
1,24,1,2012,2,2,4,2,2,1,1,1,1,1,1,5,1,1,14,6,2,7,33,2,2,1
1,21,6,2012,2,1,1,2,2,1,1,1,1,1,1,1,1,2,10,6,1,1,33,1,2,0
2,21,3,2012,2,1,1,1,2,1,1,1,1,1,1,3,1,2,19,6,2,7,38,1,2,0
2,18,9,2012,3,2,1,2,2,1,1,1,1,1,1,3,1,2,4,6,1,1,20,1,2,0
7,18,5,2012,2,1,3,2,2,1,1,1,1,1,1,4,1,2,19,6,2,7,22,1,2,0
2,28,9,2010,2,5,4,2,1,1,1,2,1,1,1,5,1,1,2,2,1,7,32,2,2,0
1,28,4,2012,3,7,8,1,1,1,1,1,1,1,1,5,1,1,10,8,1,7,33,2,2,0
1,28,4,2012,2,7,8,1,2,1,1,1,1,1,1,5,1,1,4,4,2,7,33,2,2,0
1,28,6,2012,2,1,1,2,2,1,1,1,1,1,1,5,1,1,9,11,1,7,40,2,2,3
2,28,1,2012,2,7,8,2,2,1,1,1,1,1,2,5,1,1,9,6,1,7,33,1,2,0
2,28,3,2012,2,7,8,2,2,1,1,1,1,1,2,5,1,1,8,11,1,7,33,2,2,0
2,28,5,2012,3,7,1,1,2,1,1,1,1,1,1,5,5,1,9,11,1,1,33,2,2,0
4,28,1,2012,4,1,1,2,2,4,2,1,1,1,1,1,1,1,19,11,1,7,33,2,2,0
4,28,2,2012,2,7,8,1,1,1,1,1,1,1,1,1,1,1,9,11,1,7,33,1,2,0
5,28,6,2012,3,7,8,1,2,1,1,1,1,1,1,1,1,1,12,11,1,1,33,1,2,1
5,28,4,2012,3,7,8,1,2,1,1,1,1,1,1,1,1,1,12,11,1,1,33,1,2,0
1,28,9,2012,3,1,4,2,1,1,1,1,1,1,1,1,1,1,8,11,1,7,29,2,2,3
2,28,8,2012,3,7,5,1,1,1,1,1,1,1,1,1,1,1,12,2,2,7,40,2,2,2
3,28,9,2012,2,1,1,2,2,2,1,1,2,1,1,5,5,1,14,6,1,6,33,1,2,0
4,28,8,2012,3,1,8,2,2,1,1,1,1,1,1,1,1,1,14,11,2,7,33,1,2,1
5,28,7,2012,3,1,8,1,2,1,1,1,1,1,1,1,1,1,4,11,1,7,33,1,2,3
5,28,8,2012,2,7,8,2,2,1,1,1,1,1,1,1,5,1,9,11,1,7,33,1,2,0
5,28,11,2012,3,7,8,2,2,1,1,1,1,1,1,2,2,1,14,11,1,7,33,1,2,0
5,28,12,2012,3,1,1,1,2,1,2,1,1,1,1,1,1,2,9,11,1,7,33,1,2,0
5,28,12,2012,3,7,8,2,2,1,2,1,1,1,1,5,1,1,12,11,1,1,33,1,2,0
10,9,8,2012,2,5,1,1,2,1,2,2,1,1,1,1,1,2,9,2,1,7,42,2,2,0
6,13,1,2012,1,2,1,2,2,1,1,1,1,1,1,1,1,2,19,6,1,7,33,2,2,0
3,13,3,2012,4,1,1,1,2,1,1,1,1,1,1,5,1,2,4,6,1,1,20,2,2,1
8,13,3,2012,2,1,1,2,2,1,1,1,1,1,1,1,1,2,9,6,1,1,33,2,2,0
8,13,6,2012,3,1,1,2,2,1,1,1,1,1,1,1,1,2,9,6,1,1,33,2,2,0
8,13,7,2012,2,1,1,2,2,2,1,2,2,1,1,1,1,2,11,5,1,1,48,2,2,3
8,13,7,2012,2,1,1,2,2,1,2,1,1,1,1,1,1,2,14,6,1,1,25,2,2,0
7,17,2,2012,3,1,4,2,1,1,2,1,1,1,1,1,1,2,9,11,1,1,33,2,2,0
9,17,12,2012,3,1,1,2,2,1,1,1,1,1,1,2,1,2,9,4,1,1,45,2,2,0
7,17,10,2012,4,1,4,2,1,4,2,1,1,1,1,1,1,2,9,3,1,1,33,1,2,0
5,17,10,2012,4,1,1,2,2,1,1,1,1,1,1,1,1,2,14,1,1,1,45,2,2,0
7,17,7,2012,2,1,4,2,1,1,1,1,1,1,1,1,1,2,19,6,1,1,33,1,2,0
7,17,6,2012,4,7,1,1,1,1,4,1,1,1,1,1,1,2,10,7,1,2,33,1,1,0
9,17,5,2012,1,1,1,2,2,1,4,1,1,1,1,1,1,2,14,1,1,1,33,1,2,0
8,17,5,2012,1,1,1,2,2,1,2,1,1,1,1,1,1,2,19,1,2,1,33,2,2,0
8,17,4,2012,2,1,1,2,2,1,1,1,1,1,1,4,1,2,19,6,2,7,23,2,2,0
3,17,3,2012,2,2,1,2,1,1,1,1,1,1,1,1,2,1,14,6,1,1,33,2,2,0
8,17,3,2012,3,1,3,2,2,4,2,2,2,1,2,2,1,2,10,7,1,1,33,1,2,0
7,17,3,2012,3,2,1,2,2,1,1,1,1,1,1,1,2,2,6,6,1,1,33,2,2,0
6,17,2,2012,2,4,8,2,2,1,1,4,1,1,1,4,1,2,17,6,1,1,30,2,2,0
7,17,2,2012,3,4,1,2,2,1,1,3,1,1,1,1,2,2,4,6,1,1,33,2,2,0
8,17,1,2012,4,1,1,2,2,1,4,1,1,1,1,1,1,2,14,6,1,1,33,1,2,0
9,17,1,2012,1,1,1,2,2,1,4,1,1,1,1,1,1,2,10,1,1,1,33,1,2,0
1,10,4,2012,2,3,1,2,2,1,1,1,1,1,1,5,1,1,8,6,1,1,30,2,2,0
5,10,5,2012,1,3,2,1,2,1,1,1,1,1,1,1,1,2,14,6,1,1,25,1,2,0
2,10,1,2012,2,1,8,2,2,2,1,1,2,1,1,4,1,2,8,11,1,3,33,2,2,0
7,11,11,2012,4,1,1,2,2,1,2,1,1,1,1,3,1,2,19,6,2,1,33,2,2,0
10,11,12,2012,3,3,1,2,2,1,1,1,1,1,1,2,1,2,19,6,1,1,25,2,2,0
9,11,12,2012,3,1,1,1,2,1,1,1,1,1,1,2,1,2,4,6,1,1,19,2,2,0
7,11,12,2012,3,1,1,2,2,1,1,1,1,1,1,3,1,2,14,6,2,1,33,2,2,0
8,11,10,2012,2,1,1,2,2,1,1,1,1,1,1,2,1,2,8,6,1,1,33,2,2,0
10,11,7,2012,4,3,1,2,2,1,2,1,2,1,1,3,1,2,19,6,1,1,33,2,2,0
1,11,7,2012,3,1,1,1,2,1,4,1,1,1,1,1,1,2,14,6,1,1,33,2,2,0
10,11,7,2012,3,1,1,2,2,1,1,1,1,1,1,3,1,2,4,6,1,1,33,2,2,0
3,15,5,2012,3,1,1,1,2,1,1,1,1,1,1,1,1,2,9,6,1,1,33,2,2,1
5,15,3,2012,2,1,1,2,2,1,1,1,1,1,2,1,2,1,17,6,2,1,22,2,2,0
5,15,6,2012,2,1,1,2,2,1,2,1,1,1,1,1,1,2,19,6,1,1,33,2,2,0
4,15,7,2012,4,1,1,2,2,1,2,1,1,1,1,1,1,2,14,6,1,1,33,2,2,0
3,15,11,2012,3,1,1,1,2,1,1,1,1,1,1,1,1,2,9,6,1,1,33,2,2,0
4,15,12,2012,2,1,1,2,2,1,1,2,1,1,1,1,1,2,7,6,1,1,33,2,2,0
5,15,10,2012,3,1,1,1,2,1,1,1,1,1,1,1,1,2,14,6,1,1,33,2,2,0
6,15,2,2012,2,1,1,2,2,1,1,1,1,1,1,1,1,2,12,6,1,1,33,2,2,0
6,15,2,2012,2,1,1,1,2,1,1,1,1,1,1,2,1,2,5,6,1,1,33,2,2,0
1,15,8,2012,2,1,1,2,2,1,1,1,1,1,1,1,1,1,9,6,1,1,35,2,2,0
10,9,3,2012,2,1,1,2,2,1,1,1,1,1,1,1,1,2,14,6,1,1,33,2,2,0
5,9,4,2012,1,1,2,2,2,1,4,1,1,1,1,1,2,1,9,5,1,1,33,2,2,0
10,9,1,2012,4,1,4,2,2,1,4,1,1,1,1,1,1,1,7,6,1,1,33,2,2,0
10,9,1,2012,3,1,4,2,2,1,1,1,1,1,1,1,1,1,5,6,1,1,33,2,2,0
10,9,2,2012,1,7,4,2,2,1,2,1,1,1,1,1,1,1,9,6,1,1,33,2,2,0
10,9,2,2012,3,1,3,2,2,1,1,1,1,1,1,1,1,1,14,6,1,1,33,2,2,0
10,9,2,2012,2,7,1,2,2,1,1,1,1,1,1,1,1,2,7,11,1,7,33,1,2,0
6,9,4,2012,1,1,1,1,2,1,2,1,1,1,1,2,1,2,19,6,1,1,33,2,2,0
1,9,4,2012,4,1,4,2,2,1,2,1,1,1,1,1,1,1,14,6,1,1,33,1,2,0
4,9,4,2012,2,1,8,2,2,1,1,1,1,1,1,1,1,1,7,6,1,1,33,2,2,0
9,9,4,2012,2,1,8,2,2,1,1,1,1,1,1,1,1,1,13,5,1,1,28,2,2,0
10,9,4,2012,4,1,1,1,2,1,2,1,1,1,1,1,1,1,19,6,1,7,20,2,2,0
10,9,3,2012,2,1,1,2,2,1,1,1,1,1,1,1,1,2,14,6,1,1,33,2,2,0
10,9,5,2012,3,1,1,2,2,1,1,1,1,1,1,1,1,2,14,6,1,7,45,2,2,0
10,9,5,2012,1,1,1,1,2,1,2,1,1,1,1,1,1,2,19,6,1,1,33,2,2,0
10,9,6,2012,1,1,1,2,1,1,2,1,1,1,1,1,1,2,19,6,1,1,33,2,2,0
10,9,6,2012,2,7,1,2,2,1,1,1,1,1,1,1,1,2,14,6,1,7,33,2,2,0
10,9,7,2012,2,1,1,1,2,1,2,1,1,1,1,1,1,2,19,6,1,1,33,2,2,0
7,9,6,2012,2,7,1,2,2,2,1,1,2,1,1,1,1,2,9,6,1,1,45,2,2,0
12,9,7,2012,3,7,1,2,2,1,1,1,1,1,1,1,1,2,14,6,1,1,33,2,2,1
10,9,8,2012,2,3,1,1,2,1,2,1,1,1,1,1,1,2,9,6,1,1,33,2,2,0
10,9,9,2012,1,1,1,2,2,1,2,1,1,1,1,1,1,2,13,6,1,1,33,1,2,0
10,9,9,2012,1,1,1,1,2,1,2,1,1,1,1,1,1,2,19,6,2,1,33,1,2,0
11,9,9,2012,4,1,1,2,2,1,2,1,1,1,1,2,1,2,19,6,2,7,33,1,2,0
10,9,10,2012,4,3,4,2,1,1,2,1,1,1,1,1,1,1,14,6,2,7,33,1,2,0
10,9,10,2012,2,1,1,1,2,1,1,1,1,1,1,1,1,2,7,6,1,7,33,2,2,0
10,9,11,2012,3,1,1,2,2,1,1,1,1,1,1,1,1,2,19,6,2,7,33,2,2,0
10,9,11,2012,2,1,1,2,2,1,1,1,1,1,1,1,1,1,9,6,1,7,46,2,2,0
10,9,11,2012,3,1,1,2,2,1,1,1,1,1,1,4,1,2,4,6,1,7,33,2,2,0
10,9,12,2012,3,1,1,2,2,1,1,1,1,1,1,1,1,1,9,6,1,7,41,2,2,0
10,9,12,2012,2,1,1,1,2,4,1,1,2,1,1,1,1,2,14,6,1,7,33,2,2,0
11,9,12,2012,1,1,1,2,2,4,2,1,2,1,1,1,1,2,9,6,1,2,33,1,2,0
11,9,3,2012,2,1,1,2,2,1,1,1,1,1,1,1,1,2,8,6,1,1,28,1,2,0
11,9,2,2012,4,1,1,2,2,1,3,1,1,1,1,1,1,2,9,6,2,1,33,1,2,0
9,9,3,2012,3,1,1,2,2,1,1,1,1,1,1,2,1,2,4,6,1,1,33,1,2,0
12,9,3,2012,4,1,1,2,2,1,4,2,1,1,1,1,1,2,14,6,1,1,26,2,2,1
12,9,3,2012,3,7,1,2,2,1,1,1,1,1,1,1,1,2,14,11,1,1,33,2,2,0
1,12,2,2012,2,2,3,2,2,1,1,1,1,1,1,1,1,1,4,1,1,1,33,2,2,1
5,12,3,2012,2,7,2,2,2,1,1,2,1,1,1,1,1,2,8,11,1,7,33,1,2,0
5,12,3,2012,2,1,1,2,2,1,1,1,1,1,1,2,1,2,14,6,1,1,33,1,2,0
4,12,5,2012,1,1,1,2,2,1,1,1,1,1,1,2,1,2,9,11,1,1,33,2,2,1
5,12,5,2012,2,1,1,2,2,1,1,1,1,1,1,4,1,2,14,11,1,7,23,2,2,1
5,12,6,2012,3,1,8,2,2,1,1,1,1,1,1,1,1,2,14,6,1,1,33,2,2,0
5,12,6,2012,1,1,1,2,1,1,1,1,1,1,1,1,1,2,14,11,1,7,33,2,2,0
5,12,6,2012,3,2,3,2,2,1,1,1,1,1,1,1,1,1,14,11,1,1,30,1,2,0
5,12,7,2012,3,1,3,1,2,1,1,1,1,1,1,1,1,2,14,6,1,1,33,2,2,0
2,12,7,2012,3,1,1,2,2,1,1,1,1,1,1,4,1,2,9,6,1,1,33,2,2,0
10,12,8,2012,3,1,1,2,2,2,3,1,2,1,1,1,1,2,14,6,1,2,33,2,2,0
4,12,11,2012,2,1,1,1,2,1,1,1,1,1,1,4,1,2,14,6,1,1,33,2,2,0
5,12,12,2012,3,1,1,2,2,1,1,1,1,1,1,1,1,2,14,6,1,1,33,1,2,0
5,12,12,2012,3,1,1,1,2,1,1,1,1,1,1,4,1,2,14,11,1,1,33,2,2,0
3,12,12,2012,3,1,1,2,2,1,1,1,1,1,1,2,1,2,17,6,2,1,33,2,2,0
8,13,8,2012,3,1,3,2,2,1,1,1,1,1,1,1,1,2,14,6,1,1,33,1,2,0
5,13,5,2012,3,1,1,2,2,1,4,1,1,1,1,1,1,2,14,6,2,1,33,1,2,0
5,11,3,2012,3,1,8,2,2,1,1,1,1,1,1,1,1,2,9,6,1,1,32,2,2,1
5,11,5,2012,2,7,1,2,2,1,1,1,1,1,2,3,1,2,4,11,1,7,33,2,2,0
5,11,5,2012,3,3,1,2,2,2,1,1,2,1,1,1,1,2,12,8,1,7,33,2,2,0
6,11,3,2012,2,1,1,2,2,1,1,1,1,1,1,4,1,2,17,6,1,5,33,2,2,0
9,11,6,2012,3,1,8,2,2,1,1,1,1,1,2,3,1,2,14,6,1,7,40,2,2,0
9,11,5,2012,4,7,8,2,2,1,2,2,1,3,2,4,1,2,17,6,2,1,50,2,2,0
5,11,1,2012,2,3,1,2,2,1,1,1,2,1,1,1,1,2,13,6,1,7,33,2,2,0
11,11,4,2012,3,4,8,1,2,2,1,1,1,1,1,3,1,2,17,4,1,1,33,2,2,0
3,11,6,2012,3,1,3,1,2,1,1,1,1,1,1,2,1,2,13,6,1,1,35,2,2,0
1,11,4,2012,1,2,3,2,2,1,3,2,1,1,2,5,1,1,4,2,1,1,30,2,2,3
10,11,7,2012,4,1,1,2,2,2,4,1,2,1,1,2,1,2,14,6,2,1,33,1,2,0
10,11,2,2012,4,3,1,2,2,1,2,1,1,1,1,3,1,2,4,6,1,1,33,2,2,1
8,11,5,2012,4,7,8,2,2,1,1,1,1,1,1,2,1,2,8,11,1,1,28,2,2,0
1,11,4,2012,3,4,1,2,2,1,1,5,5,1,2,2,1,1,17,4,1,7,30,2,2,0
1,11,3,2012,2,7,1,2,2,1,1,1,1,1,1,3,1,1,13,4,1,1,35,2,2,0
9,16,1,2012,3,1,1,2,2,1,1,1,5,1,1,1,1,2,10,6,1,2,33,1,0,0
10,16,2,2012,1,1,1,2,1,4,1,1,1,1,1,2,2,2,9,5,1,2,33,2,2,0
10,16,2,2012,2,1,1,2,2,1,1,1,1,1,1,1,1,2,15,11,1,2,33,2,2,0
10,16,3,2012,2,1,8,1,2,1,1,1,5,1,1,1,1,2,7,11,1,7,33,1,2,0
11,16,3,2012,2,1,1,2,2,1,1,1,1,1,1,1,1,2,12,6,1,1,33,2,2,3
11,16,3,2012,1,3,1,2,2,1,2,2,1,1,1,1,1,2,9,6,1,1,33,1,2,0
11,16,4,2012,1,1,7,2,1,1,1,1,1,1,1,1,1,2,9,6,1,1,33,2,2,0
2,16,5,2012,2,1,1,1,2,1,1,1,1,1,1,4,1,2,8,6,1,1,48,2,2,1
8,16,5,2012,2,1,1,2,2,1,1,1,1,1,1,1,1,2,14,11,1,1,33,1,2,0
9,16,5,2012,2,1,1,2,2,1,1,1,1,1,1,1,1,2,19,6,2,7,33,2,2,0
7,16,5,2012,1,3,1,2,1,1,2,4,1,1,2,4,1,2,6,6,1,7,45,2,2,0
11,16,5,2012,2,1,6,2,2,1,1,1,1,1,1,1,1,2,9,6,1,1,33,1,0,0
11,16,6,2012,2,1,1,2,2,1,1,1,1,1,1,1,1,2,12,6,1,1,33,1,2,0
11,16,6,2012,2,1,1,2,2,1,1,1,1,1,1,1,1,2,9,6,2,1,33,1,2,0
10,16,6,2012,1,1,6,2,2,1,2,1,1,1,1,1,1,2,13,6,1,1,33,2,2,3
11,16,7,2012,2,1,2,2,2,1,1,1,1,1,1,1,1,2,9,6,1,1,33,1,2,0
6,16,7,2012,2,1,1,2,2,1,1,2,1,1,1,1,1,2,14,6,2,1,33,1,2,0
11,16,7,2012,1,1,1,2,2,1,4,1,1,1,1,1,1,2,10,6,1,2,33,1,0,0
6,16,7,2012,2,1,1,2,2,1,1,1,1,1,1,1,1,2,12,6,1,1,33,2,2,3
10,16,9,2012,2,1,1,2,2,2,1,1,1,1,1,1,1,2,10,6,1,2,33,1,0,0
11,16,10,2012,3,1,1,2,2,1,1,1,1,1,1,1,1,2,14,6,1,1,33,2,2,0
10,16,10,2012,4,1,2,2,2,1,1,1,1,1,1,1,1,1,10,6,1,2,33,1,0,0
11,16,11,2012,1,1,1,2,2,1,4,1,1,1,1,1,1,2,10,6,1,2,33,1,0,0
6,16,11,2012,1,1,3,2,2,1,2,1,1,1,1,1,1,2,10,6,1,2,33,1,0,0
10,16,10,2012,4,4,3,2,2,1,1,1,1,1,1,1,1,1,10,6,1,2,33,1,0,0
10,16,6,2012,3,1,3,2,2,1,1,1,1,1,1,1,1,2,4,6,1,1,28,1,1,0
10,9,9,2012,3,1,1,1,2,1,1,1,1,1,1,1,2,1,14,9,1,1,33,2,2,0
10,9,9,2012,1,1,1,1,2,1,1,1,1,1,1,1,1,2,19,6,1,1,33,2,2,0
1,14,2,2012,3,1,1,2,1,1,1,1,1,1,1,5,1,1,4,6,1,1,25,2,2,0
1,14,7,2012,3,7,1,2,2,1,1,1,1,1,1,3,1,2,19,11,2,7,25,2,2,0
1,14,8,2012,4,2,4,1,1,1,1,1,1,1,1,5,1,1,8,2,1,3,40,2,2,1
1,14,10,2012,4,1,1,2,2,1,2,1,1,1,1,1,1,1,19,6,2,7,33,2,2,0
3,14,2,2012,3,1,1,1,2,1,1,1,1,1,1,5,1,1,19,6,1,1,30,2,2,0
2,14,12,2011,3,4,8,2,2,1,1,1,1,1,1,1,1,2,4,2,2,7,28,2,2,1
2,14,8,2012,2,7,1,2,2,1,1,1,1,1,1,1,1,2,19,11,1,7,25,2,2,1
2,14,10,2012,3,7,1,2,1,1,1,1,1,1,1,1,1,1,10,5,1,7,33,2,2,1
2,14,12,2012,1,4,1,2,2,4,2,1,2,1,1,1,1,1,19,11,1,7,33,1,1,0
4,14,3,2012,2,7,1,2,1,1,1,1,1,1,1,1,1,1,4,11,1,1,25,1,1,3
4,14,3,2012,2,7,3,2,2,1,1,1,1,1,1,1,1,2,4,6,1,7,26,2,2,0
4,14,4,2012,2,7,8,2,2,1,2,1,1,1,1,2,1,1,19,6,1,3,33,2,2,0