Thana,District,Month,Year,Time,Junction_Type,Traffic_Control,Movement,Divider,Weather,Light,Road_Geometry,Surface_Condition,Surface_Type,Surface_Quality,Road_Class,Road_Feature,Location_Type,Vehicle_Type,Vehicle_Movement,Vehicle_Loading,Vehicle_Defect,Vehicle_Driver_Age,Vehicle_Alcohol,Vehicle_Seat_Belt,Accident_Severity
4,14,12,2012,3,7,8,2,2,4,1,1,5,1,1,3,1,2,4,11,1,1,25,2,2,0
1,2,2,2012,3,7,8,2,2,1,1,2,1,1,1,2,1,2,4,5,2,1,33,2,2,0
5,6,1,2012,3,1,1,2,2,1,1,1,1,1,1,4,1,2,4,6,1,1,33,1,2,0
1,2,3,2012,4,1,1,2,2,1,2,1,1,1,1,4,1,2,19,6,2,1,34,2,2,0
4,2,4,2012,2,1,1,2,2,1,1,1,1,1,1,4,1,2,17,6,2,1,25,2,2,0
4,2,2,2012,4,1,1,2,2,1,2,1,1,1,1,4,1,2,17,6,1,1,33,2,2,0
10,7,12,2012,3,2,1,2,2,1,1,1,1,1,1,4,1,2,19,6,2,6,22,2,2,0
1,1,3,2012,3,1,1,2,2,1,1,1,1,1,1,1,1,1,14,6,1,1,33,2,2,0
1,1,5,2012,4,1,1,2,2,1,4,1,1,1,1,1,1,2,12,6,1,1,35,2,2,0
5,1,10,2012,3,1,1,2,2,1,1,1,1,1,1,1,1,2,8,6,1,1,33,2,2,0
3,6,1,2012,3,1,1,2,2,1,1,1,1,1,1,1,1,2,14,6,1,1,33,2,2,0
2,6,2,2012,3,1,1,2,2,1,1,1,1,1,1,3,1,1,19,6,2,1,26,2,2,0
1,6,3,2012,2,1,1,2,2,1,4,1,1,1,1,5,1,2,19,11,1,1,33,2,2,0
5,6,5,2012,4,1,1,2,2,1,4,1,1,1,1,4,1,2,1,6,1,1,33,2,2,1
4,6,6,2012,3,3,1,2,2,1,1,2,1,3,3,3,3,2,9,2,1,1,33,2,2,0
5,6,7,2012,1,1,1,2,2,1,1,1,1,1,1,4,1,1,14,6,1,1,33,2,2,0
3,6,7,2012,4,1,1,2,2,1,2,2,1,1,1,4,1,2,8,1,1,1,33,2,2,0
3,6,10,2012,2,1,1,2,2,1,1,1,1,1,1,1,1,2,8,6,1,1,45,2,2,0
2,6,11,2012,2,1,1,2,2,4,2,1,1,1,1,1,1,2,14,6,1,1,33,2,2,0
4,6,11,2012,3,3,1,2,2,1,1,1,1,1,1,4,1,2,17,2,1,1,27,2,2,0
2,4,2,2012,3,1,1,2,2,1,1,1,1,1,1,3,1,2,4,6,1,1,24,2,2,0
1,4,3,2012,3,3,1,2,2,1,1,1,1,1,3,4,1,2,8,6,2,1,33,2,2,0
1,4,5,2012,4,1,1,2,2,1,4,1,1,1,1,2,1,1,12,6,1,3,28,2,2,1
1,4,6,2012,3,1,1,2,2,1,1,1,1,1,1,4,1,2,9,6,1,1,30,2,2,1
6,6,8,2012,3,1,1,2,2,1,1,1,1,1,1,3,1,2,17,6,2,1,33,2,2,0
4,8,3,2012,3,1,1,2,2,1,2,1,1,1,1,1,1,2,4,6,1,1,33,2,2,0
3,8,5,2012,1,1,1,2,2,1,4,1,1,1,1,1,1,2,9,6,1,1,33,2,2,1
1,8,5,2012,4,1,1,1,2,1,2,1,1,1,1,2,1,1,7,6,1,1,28,2,2,0
1,8,8,2012,3,1,1,2,1,1,1,1,1,1,1,2,1,2,9,5,1,1,33,2,2,3
3,8,9,2012,3,1,1,2,2,1,1,1,1,1,1,1,1,2,14,6,1,1,30,2,2,0
7,8,9,2012,2,1,1,2,2,1,1,1,1,1,1,3,1,2,4,1,1,1,33,2,2,0
3,8,12,2012,1,1,1,2,2,1,2,1,1,1,1,1,1,2,14,6,1,1,33,2,2,0
3,8,12,2012,2,1,1,2,2,1,1,1,1,1,1,1,1,2,14,6,1,1,33,2,2,0
1,5,2,2012,2,1,1,1,1,1,1,1,1,1,1,1,1,2,14,6,1,1,33,2,2,0
1,5,2,2012,4,1,1,2,2,1,4,1,1,1,1,1,1,1,14,6,1,1,33,2,2,0
8,5,2,2012,4,1,1,2,2,1,4,1,1,1,1,1,1,2,11,6,1,1,33,2,2,0
5,5,2,2012,4,1,1,2,2,1,2,1,1,1,1,1,1,2,12,6,1,1,33,2,2,0
2,5,1,2012,2,4,1,2,2,4,1,2,1,1,1,2,1,2,17,6,2,7,33,2,2,1
5,5,3,2012,3,1,1,2,2,1,2,1,1,1,1,1,1,2,9,6,1,1,33,2,2,0
5,5,3,2012,2,1,1,2,2,1,1,1,1,1,1,1,1,2,14,6,1,1,33,2,2,0
6,5,3,2012,4,1,1,2,2,1,4,1,1,1,1,1,1,2,19,6,1,1,33,2,2,0
8,5,4,2012,3,1,1,2,2,1,1,1,1,1,1,1,1,1,14,6,2,1,33,2,2,0
5,5,6,2012,3,1,1,2,2,1,1,1,1,1,1,1,1,2,14,6,1,1,33,2,2,0
5,5,7,2012,3,1,1,2,2,1,1,1,1,1,1,1,1,2,6,1,1,1,33,2,2,0
5,5,7,2012,4,1,1,2,2,1,2,1,1,1,1,1,1,2,9,6,1,1,33,2,2,0
6,5,7,2012,3,1,1,2,2,1,1,1,1,1,1,1,1,2,9,6,1,1,33,2,2,0
1,5,7,2012,4,1,1,2,2,1,4,1,1,1,1,1,1,2,9,6,1,1,33,2,2,0
5,5,7,2012,4,1,1,2,2,1,4,1,1,1,1,1,1,2,9,6,1,1,33,2,2,0
6,5,9,2012,1,1,1,2,2,1,4,1,1,1,1,1,1,2,14,6,1,1,33,2,2,0
8,5,10,2012,2,1,1,2,2,1,4,1,1,1,1,1,1,2,14,6,1,1,33,2,2,0
5,5,10,2012,4,1,1,2,2,1,4,1,1,1,1,1,1,2,9,6,1,1,45,2,2,0
2,5,11,2012,4,1,1,2,2,1,2,1,1,1,2,4,1,2,9,6,1,1,33,1,2,1
5,5,12,2012,4,1,1,2,2,1,4,1,1,1,1,1,1,2,9,6,1,1,33,2,2,0
2,5,12,2012,3,1,1,2,2,1,1,1,1,1,1,4,1,2,13,1,1,1,33,2,2,0
4,3,6,2012,1,1,1,2,2,2,4,1,2,1,1,1,1,2,14,6,1,1,33,2,2,0
2,3,6,2012,1,1,1,2,2,2,4,1,2,1,1,4,1,2,4,6,1,1,33,2,2,0
12,3,11,2012,3,1,1,2,2,1,1,1,1,1,1,2,1,2,4,6,1,1,45,2,2,0
13,3,1,2012,2,1,1,2,2,1,1,1,1,1,1,4,1,2,6,7,1,1,25,2,2,0
13,3,2,2012,2,1,1,2,2,1,1,1,1,1,1,5,1,2,8,6,1,1,33,1,2,0
13,3,6,2012,2,1,1,2,2,1,1,1,1,1,1,3,1,2,4,6,1,1,32,2,2,0
13,3,11,2012,4,1,1,2,2,1,4,1,1,1,1,4,1,2,14,6,1,1,33,1,2,1
1,2,2,2012,3,1,1,2,2,1,1,2,1,1,1,2,1,1,4,5,2,1,33,2,2,0
3,70,1,2012,1,7,1,2,2,4,4,1,1,1,1,1,1,2,9,11,1,7,35,2,2,0
3,70,2,2012,1,7,1,2,2,1,2,1,1,1,1,1,1,2,9,11,1,7,35,2,2,0
1,70,3,2012,2,1,1,2,2,1,3,1,1,1,1,5,1,1,14,6,1,7,35,2,2,1
2,70,10,2012,3,7,1,1,2,1,1,1,1,1,1,1,1,1,13,6,1,7,45,2,2,0
2,70,12,2012,4,7,4,2,1,1,3,1,1,1,1,5,1,1,14,6,1,7,25,2,1,0
3,70,11,2012,4,7,8,1,2,1,1,1,1,1,1,5,1,1,5,6,1,7,20,1,2,1
6,70,3,2012,4,7,1,2,2,1,4,1,1,1,1,1,1,2,16,6,1,7,45,2,2,0
6,70,4,2012,4,2,1,2,2,2,4,1,2,1,1,3,1,2,19,1,1,7,35,2,2,0
6,70,4,2012,1,1,1,2,2,2,4,1,2,2,1,1,1,2,9,6,1,7,30,1,2,0
6,70,5,2012,3,3,1,2,2,1,1,1,1,1,1,1,1,2,14,6,1,7,33,1,2,0
6,70,8,2012,2,7,8,2,1,1,4,1,1,1,1,1,1,2,9,6,1,7,35,2,2,1
4,70,2,2012,2,1,1,2,2,1,1,1,1,1,1,4,2,2,19,6,1,7,35,2,2,3
6,70,10,2012,2,3,8,1,2,1,2,1,1,1,1,5,5,1,10,6,1,3,28,2,2,0
2,70,11,2012,4,7,6,2,1,3,1,1,1,1,1,5,1,1,14,6,1,7,33,2,2,0
1,70,12,2012,2,4,1,2,1,3,1,1,1,1,1,5,1,1,5,5,1,7,35,2,2,1
1,56,1,2012,3,3,8,2,2,1,1,2,5,1,2,4,1,2,6,6,1,3,30,2,2,0
6,56,1,2012,3,1,1,2,2,1,1,1,1,3,1,4,1,2,12,11,1,1,25,2,2,0
1,56,2,2012,2,7,8,2,2,1,1,1,1,1,1,2,1,1,14,6,1,1,18,2,2,0
3,56,1,2012,2,1,1,2,2,1,1,1,1,1,1,1,1,2,9,5,1,1,25,1,2,0
1,56,3,2012,3,1,1,2,2,1,1,1,1,1,1,2,1,1,6,6,1,7,25,2,2,0
7,56,3,2012,2,4,1,2,2,1,1,1,1,1,1,3,1,2,17,11,1,1,33,1,2,0
2,56,3,2012,3,1,1,2,2,1,1,1,1,1,1,4,1,2,19,6,1,7,33,1,2,0
6,56,4,2012,2,1,2,1,2,1,1,1,1,1,1,2,1,2,8,11,1,1,33,2,2,0
3,53,1,2012,3,1,1,2,2,1,1,1,1,3,1,4,1,2,17,11,1,7,25,2,2,0
5,53,1,2012,2,1,1,1,2,1,1,1,1,1,1,2,1,1,6,8,1,1,26,2,2,0
11,53,1,2012,1,1,2,2,2,1,1,1,1,1,1,4,1,2,4,5,2,1,40,1,2,0
6,53,1,2012,2,1,1,1,2,1,1,1,1,1,1,4,1,2,5,8,1,7,25,2,2,0
12,53,2,2012,3,3,1,2,2,1,1,1,1,1,1,1,1,1,8,6,1,1,40,2,2,1
6,53,2,2012,3,1,1,1,2,1,2,1,1,1,1,4,1,2,8,11,1,1,40,2,2,3
12,53,3,2012,4,7,1,2,2,1,2,1,1,1,1,3,1,2,4,6,1,1,33,2,2,0
8,53,3,2012,2,1,1,2,2,1,1,1,1,1,1,4,1,2,4,6,2,6,35,2,2,0
12,53,3,2012,2,7,1,2,2,1,1,1,1,1,1,4,1,2,6,6,2,1,25,2,2,0
4,53,3,2012,2,1,1,2,2,1,1,1,1,1,1,4,1,2,6,6,2,7,45,2,2,1
3,53,3,2012,3,7,1,2,2,1,1,1,1,1,1,2,1,2,12,6,1,1,33,2,2,0
1,53,3,2012,3,1,1,1,2,1,1,1,1,1,1,2,4,2,4,7,2,7,33,2,2,3
4,53,5,2012,3,1,1,2,2,1,1,1,1,1,1,2,1,2,19,11,2,7,30,2,2,0
11,54,1,2012,2,7,8,2,2,1,1,1,1,1,1,4,1,2,12,11,2,7,28,2,2,0
5,54,1,2012,3,7,1,2,2,1,1,1,1,1,1,2,1,2,13,6,1,1,25,2,2,0
6,55,1,2012,3,1,1,2,2,1,1,1,1,1,1,2,1,1,13,6,2,7,23,2,2,0
4,55,1,2012,3,2,1,2,1,1,1,1,1,1,1,1,1,2,10,4,1,7,33,2,2,1
6,55,2,2012,4,1,1,2,2,1,4,1,1,1,1,2,1,2,19,11,2,7,33,1,2,0
4,55,7,2012,1,1,1,2,2,1,1,1,1,1,1,2,1,2,17,11,2,7,28,2,2,0
4,55,7,2012,2,4,1,1,2,1,1,3,5,1,1,4,1,2,8,11,2,7,35,2,2,0
3,56,5,2012,2,1,1,2,2,1,2,1,1,1,1,1,1,2,14,6,1,1,0,2,2,0
7,56,3,2012,3,7,1,2,2,4,4,1,1,1,1,1,1,2,19,11,2,7,33,1,2,0
3,53,6,2012,4,1,1,1,2,2,2,1,2,1,2,4,1,2,4,6,1,7,19,2,2,0
4,53,6,2012,3,7,8,2,2,1,1,1,1,1,1,4,1,2,19,6,2,1,24,2,2,0
1,53,8,2012,2,7,8,1,2,1,1,1,1,1,1,4,1,2,4,11,2,7,27,2,2,3
7,53,9,2012,2,1,1,2,2,1,1,1,1,1,1,4,1,2,13,6,1,1,33,2,2,0
1,53,10,2012,3,7,1,2,2,1,1,1,1,1,1,4,1,2,12,11,1,1,26,2,2,3
3,53,10,2012,2,7,1,2,2,1,1,1,5,1,1,2,1,2,4,11,1,7,19,2,2,0
12,53,11,2012,4,3,1,2,2,1,4,1,1,1,1,1,1,2,19,11,2,7,33,1,2,0
6,55,8,2012,4,7,8,1,2,1,2,1,2,1,1,2,4,1,13,6,1,1,50,2,2,0
5,55,8,2012,4,7,1,2,2,1,1,1,1,1,1,1,1,2,7,6,1,7,33,1,0,0
1,55,9,2012,4,1,1,2,2,2,2,1,2,1,1,2,1,2,7,6,2,7,33,2,2,0
6,55,9,2012,4,7,1,2,2,1,1,1,1,1,1,1,1,2,19,11,2,1,35,2,2,1
9,56,11,2012,2,7,1,1,2,1,1,1,1,1,1,1,1,2,13,6,1,1,33,1,2,0
2,56,11,2012,4,1,1,2,2,1,1,1,1,1,1,2,1,2,4,11,1,1,20,2,2,1
7,56,10,2012,1,7,1,2,2,1,3,1,1,1,1,1,1,2,10,6,1,7,33,2,2,0
9,56,10,2012,4,7,1,2,2,1,1,1,1,1,1,1,1,2,10,6,1,2,33,1,0,0
7,56,9,2012,4,7,1,2,2,1,2,1,1,1,1,1,1,2,10,6,1,7,33,2,2,0
6,56,7,2012,3,7,8,1,2,2,1,1,2,1,1,4,1,2,8,11,1,1,33,2,2,0
13,54,5,2012,4,7,1,1,2,1,3,1,1,1,1,1,1,2,14,6,2,1,33,1,2,0
1,55,11,2012,4,2,1,2,2,1,4,1,1,1,1,1,1,2,13,6,2,7,39,2,2,1
4,55,11,2012,1,3,8,2,2,2,1,1,2,1,1,1,1,2,10,6,1,2,33,1,0,0
1,55,10,2012,1,7,1,2,2,1,4,1,1,1,1,1,1,2,19,11,2,7,25,2,2,0
6,55,10,2012,4,1,1,2,2,1,2,1,1,1,1,4,1,2,15,11,1,7,22,1,1,0
8,54,12,2012,3,7,1,2,2,1,1,1,1,1,1,1,2,1,14,11,1,1,48,2,2,0
5,54,9,2012,2,1,1,2,2,1,1,3,1,3,2,3,4,2,14,6,1,1,35,2,2,0
4,54,10,2012,3,1,1,2,2,1,1,1,1,1,1,4,1,1,5,11,1,1,24,2,2,0
4,54,11,2012,2,7,1,2,2,1,1,1,1,1,1,4,1,2,12,6,1,1,33,2,2,0
3,54,5,2012,2,2,1,2,2,1,1,1,1,1,1,4,1,1,4,6,2,1,19,2,2,0
3,54,9,2012,4,2,1,2,2,1,3,1,1,1,1,2,1,1,4,6,2,1,33,2,2,3
3,54,7,2012,2,1,1,2,2,1,1,1,1,1,1,4,1,2,8,5,1,1,33,2,2,1
13,54,1,2012,3,7,8,2,2,1,1,1,1,3,2,4,1,2,17,11,1,7,21,2,2,0
13,54,11,2012,2,1,1,2,2,1,1,1,1,1,1,1,1,2,9,6,1,7,44,2,2,0
8,56,10,2012,1,1,1,2,2,1,4,1,1,1,1,1,1,2,9,6,1,1,33,2,2,0
8,56,10,2012,1,2,1,2,2,1,1,1,1,1,1,1,1,2,9,6,1,1,45,2,2,0
8,56,11,2012,2,1,1,1,2,1,1,1,1,1,1,1,1,2,9,6,1,1,33,2,2,0
6,55,5,2012,2,1,3,2,2,1,1,1,1,1,1,1,1,1,9,6,1,1,33,2,2,0
8,53,8,2012,3,1,1,2,2,1,1,1,1,2,2,4,4,2,19,6,2,1,33,2,2,0
9,54,3,2012,3,1,8,2,2,1,2,4,1,1,2,4,1,2,18,11,1,7,33,2,2,0
3,54,10,2012,2,3,1,1,2,1,1,1,1,1,1,1,1,2,7,6,1,1,30,2,2,0
8,54,7,2012,2,7,1,2,2,1,4,1,1,1,1,4,1,2,19,6,2,7,33,1,2,0
8,54,9,2012,4,7,1,2,2,1,4,1,1,1,2,1,1,2,13,6,1,1,33,2,2,0
8,54,10,2012,3,7,1,2,2,1,1,1,1,1,1,4,1,2,5,6,2,1,33,2,2,0
3,53,6,2012,3,1,8,1,2,1,1,1,1,1,1,4,1,2,5,5,1,1,20,2,2,0
8,54,10,2012,1,6,8,1,2,1,1,1,1,1,2,2,1,2,19,1,2,7,33,1,2,0
8,54,11,2012,2,7,8,1,2,1,1,1,1,1,1,2,1,2,13,1,2,7,33,1,2,0
5,54,1,2012,1,7,1,2,2,1,4,3,2,1,2,3,1,2,2,1,2,7,35,1,2,0
10,54,7,2012,3,1,1,2,2,1,1,1,1,1,1,4,1,2,5,11,2,1,33,2,2,1
8,54,12,2012,3,7,1,2,2,1,1,1,1,1,1,1,1,2,13,6,1,7,35,2,2,0
9,54,3,2012,1,1,7,1,1,1,4,1,1,1,2,4,1,2,17,6,1,4,33,2,2,0
13,54,5,2012,1,2,1,2,1,2,2,1,1,1,2,2,1,1,14,2,2,7,52,2,2,0
2,56,4,2012,2,1,1,2,2,1,1,3,2,3,2,4,1,1,6,6,1,1,33,2,2,0
12,53,10,2012,3,7,1,2,2,1,1,1,1,1,1,2,1,2,9,6,1,7,33,2,2,0
1,69,8,2013,3,1,1,2,2,1,1,2,2,1,1,1,1,1,6,6,1,1,28,2,2,1
3,69,8,2013,3,1,3,2,2,1,1,1,1,1,1,5,1,1,6,6,1,1,27,2,2,0
2,69,1,2013,3,3,1,2,2,1,1,1,1,1,1,1,1,1,12,6,1,1,33,1,2,0
2,69,2,2013,2,1,1,2,2,1,1,1,1,1,1,5,1,2,8,6,1,3,33,2,2,0
4,69,5,2013,2,1,1,2,2,2,1,1,2,1,1,4,1,2,14,6,1,1,33,2,2,0
4,69,5,2013,2,1,1,2,2,3,2,2,2,1,2,1,1,2,9,2,1,1,33,2,2,3
1,69,11,2013,3,1,1,2,2,1,1,1,1,1,1,5,1,1,4,6,1,1,22,2,2,0
10,34,1,2013,2,3,1,2,2,1,1,1,1,1,1,1,1,2,19,6,1,1,20,2,2,3
10,34,4,2013,3,7,1,2,2,1,1,1,1,1,1,1,1,2,10,6,1,5,33,2,2,1
4,34,4,2013,3,7,8,2,2,1,1,4,1,2,2,4,1,2,9,11,1,3,35,2,2,0
6,34,3,2013,4,1,1,2,2,1,2,1,1,1,1,1,1,2,4,6,1,1,33,2,2,0
8,34,1,2013,3,1,1,2,2,1,1,1,1,1,1,2,1,2,4,6,2,7,27,2,2,0
4,30,2,2013,2,1,1,2,2,1,1,1,1,1,1,4,1,2,19,6,1,1,33,2,2,0
5,30,2,2013,4,3,3,2,2,1,2,1,1,1,1,1,1,2,9,6,1,1,33,2,2,0
5,30,4,2013,2,4,8,2,2,1,1,4,1,3,2,3,4,2,17,6,1,1,33,2,2,0
3,30,2,2013,2,1,1,2,2,1,2,1,1,1,1,3,1,2,6,9,2,3,60,2,2,1
7,30,3,2013,2,1,1,2,2,1,1,1,1,1,1,1,1,2,9,6,1,1,30,2,2,0
2,30,4,2013,2,1,1,2,2,1,1,2,1,1,1,4,1,2,4,6,1,1,33,2,2,0
4,32,3,2013,1,1,1,2,2,1,4,1,1,1,1,1,1,2,14,6,1,1,33,2,2,0
1,31,2,2013,2,1,1,2,2,1,2,2,1,1,1,2,1,2,6,1,1,7,35,2,2,0
1,31,3,2013,4,1,1,2,2,1,2,1,1,1,1,2,1,2,19,6,1,1,40,2,2,1
2,31,4,2013,3,3,1,2,2,1,1,1,1,1,1,5,1,1,19,6,1,1,25,2,2,0
6,34,6,2013,2,1,1,2,2,1,2,1,1,1,1,1,1,2,4,6,1,1,32,2,2,0
2,30,5,2013,1,1,1,2,2,1,1,1,1,1,1,4,1,2,6,1,1,7,33,2,2,0
1,33,5,2013,1,1,8,2,2,1,4,1,1,1,1,3,1,2,4,6,1,1,33,2,2,0
6,34,6,2013,3,1,1,2,2,1,2,1,1,1,1,1,1,2,14,6,1,1,33,2,2,0
4,32,6,2013,4,1,1,2,2,1,4,1,1,1,1,1,1,2,9,6,1,1,33,2,2,3
5,34,6,2013,2,1,1,2,2,1,1,2,1,1,1,1,1,2,9,6,1,1,33,2,2,0
10,34,8,2013,2,1,1,2,2,1,1,1,1,1,1,1,1,2,7,1,1,1,33,2,2,0
7,34,8,2013,2,2,8,2,2,1,1,2,1,1,2,3,1,2,19,1,2,7,33,2,2,0
2,31,7,2013,4,7,1,2,2,1,1,1,1,1,1,4,1,2,12,6,1,1,33,2,2,0
6,34,9,2013,3,1,1,2,2,1,1,1,1,1,1,1,1,2,14,6,1,1,42,2,2,0
4,34,10,2013,4,7,3,2,2,1,2,1,1,1,2,3,1,2,4,11,1,1,33,2,2,0
10,34,10,2013,3,1,1,2,2,1,1,1,1,1,1,2,3,1,19,6,1,3,33,2,2,0
8,34,10,2013,2,7,8,2,2,1,1,1,1,2,3,4,1,2,4,2,1,7,26,2,2,1
1,33,10,2013,2,1,1,2,2,1,2,1,1,1,1,2,1,2,19,6,1,1,33,1,1,0
1,33,9,2013,3,1,1,2,2,1,1,5,1,1,2,2,1,2,19,6,2,7,33,2,2,0
5,33,9,2013,2,7,8,2,2,1,2,4,1,1,1,4,1,1,12,1,2,7,33,2,2,0
4,32,10,2013,2,1,1,2,2,1,1,1,1,1,1,3,1,2,9,6,1,1,33,2,2,0
2,32,10,2013,2,1,8,2,2,1,1,1,1,1,1,1,1,2,19,6,1,6,33,2,2,0
5,31,1,2013,2,7,1,1,2,1,1,1,1,1,1,4,1,2,19,6,2,7,20,2,2,0
2,31,1,2013,4,7,1,2,2,1,4,2,1,1,1,4,4,2,19,11,2,7,32,2,2,0
2,31,3,2013,2,1,1,2,2,1,2,1,1,1,1,4,1,2,19,6,1,1,33,2,2,0
2,31,10,2013,4,3,1,2,2,1,1,1,1,1,1,4,1,2,4,4,1,1,33,2,2,1
2,33,12,2013,3,7,8,2,2,1,3,1,1,1,1,1,1,2,19,6,1,7,33,2,2,0
5,33,12,2013,3,7,8,1,1,4,2,1,1,1,1,2,1,2,4,6,1,4,33,2,2,0
9,33,12,2013,2,7,8,1,2,4,2,1,1,1,1,3,1,2,13,6,2,7,33,2,2,0
1,30,7,2013,2,2,1,2,2,1,1,1,1,1,1,1,1,2,9,5,1,7,45,2,2,0
2,30,8,2013,4,7,8,2,2,1,1,1,1,1,1,4,1,2,9,6,1,1,33,2,2,0
2,30,9,2013,2,7,8,2,2,1,1,1,1,1,1,1,1,2,19,11,1,7,33,2,2,0
5,30,9,2013,4,1,8,2,2,2,1,1,2,1,1,4,4,2,4,6,1,1,33,2,2,0
3,30,10,2013,2,1,1,2,2,2,1,1,2,1,3,4,1,2,4,4,1,1,28,2,2,1
3,32,12,2013,2,7,1,2,2,1,3,1,1,1,1,1,1,2,4,6,1,7,43,2,2,0
1,32,12,2013,3,3,1,2,2,4,1,1,2,1,1,2,1,2,19,11,1,7,33,2,2,0
4,34,12,2013,3,1,1,2,2,1,1,1,1,1,1,4,1,2,4,6,1,1,28,2,2,0
2,30,11,2013,2,7,1,2,2,1,1,1,1,1,1,4,1,2,4,11,1,1,33,2,2,0
2,30,11,2013,2,7,8,2,2,1,1,1,1,1,1,4,1,2,19,1,1,7,33,2,2,0
2,30,12,2013,3,1,1,2,2,1,1,1,1,1,2,4,1,2,19,9,1,7,33,2,2,0
5,30,12,2013,3,7,1,2,2,1,1,1,1,1,1,4,1,2,4,6,1,1,33,2,2,0
2,27,1,2013,2,1,1,2,2,1,1,1,1,1,1,3,1,2,9,11,1,1,33,2,2,0
2,27,4,2013,4,1,1,2,2,1,1,1,1,1,1,3,1,2,9,6,1,1,33,2,2,0
2,27,7,2013,4,7,1,2,2,1,1,1,1,1,1,2,1,2,12,8,1,7,33,2,2,1
2,27,8,2013,4,1,1,2,2,1,1,1,1,1,1,2,1,2,4,6,2,6,15,2,2,0
2,27,8,2013,5,1,8,2,2,1,1,1,1,1,1,4,1,2,4,6,1,1,33,2,2,0
2,27,9,2013,4,1,1,2,2,1,1,2,1,1,1,4,1,1,4,1,1,1,25,2,2,0
2,27,12,2013,2,3,1,2,2,1,1,2,1,1,1,2,1,2,4,6,2,1,33,2,2,0
2,27,11,2013,4,2,1,2,2,1,2,1,1,1,1,1,1,2,12,6,1,7,36,2,2,1
5,27,6,2013,2,7,8,2,2,1,4,1,1,1,1,3,1,2,4,6,1,7,33,2,2,0
5,27,7,2013,4,7,1,2,2,1,1,1,1,1,2,3,1,2,12,6,2,7,33,2,2,1
5,27,10,2013,2,7,1,2,2,1,1,1,1,1,1,3,1,2,6,6,1,2,28,2,2,0
5,27,11,2013,4,7,1,2,2,1,2,1,1,1,1,3,1,2,4,6,2,7,33,2,2,1
4,27,8,2013,4,1,8,2,2,2,1,1,5,1,3,2,1,2,4,6,1,1,22,2,2,0
4,32,2,2013,5,1,1,1,1,1,1,1,1,1,1,2,1,1,13,6,1,1,33,2,2,0
13,64,6,2013,2,1,1,1,1,2,1,1,1,1,3,5,4,1,9,6,1,7,33,1,2,0
5,64,4,2013,3,1,1,2,2,1,2,1,1,1,1,5,1,1,14,6,1,1,33,1,2,0
5,64,7,2013,2,3,1,2,2,1,1,1,1,1,1,5,1,1,9,6,1,1,33,1,2,0
7,64,2,2013,1,3,1,2,2,1,4,1,1,1,1,5,1,1,13,6,1,3,33,1,2,1
7,64,5,2013,2,5,6,1,1,1,1,1,1,1,1,5,1,1,6,6,2,6,28,1,2,0
7,64,8,2013,3,1,4,2,2,1,1,1,1,1,1,5,1,1,5,6,1,3,35,1,2,0
1,64,1,2013,1,2,6,2,2,1,2,1,1,1,1,5,1,1,14,6,2,1,41,2,2,0
1,64,2,2013,2,2,4,2,1,1,2,1,1,1,1,5,1,1,9,6,1,1,35,1,2,1
1,64,3,2013,4,1,4,2,1,1,3,1,1,1,3,5,1,1,13,6,2,1,27,2,2,1
1,64,3,2013,2,5,4,2,1,1,1,2,1,1,1,5,1,1,6,6,1,7,23,2,2,0
1,64,5,2013,4,5,4,2,2,1,3,1,1,1,1,5,1,1,14,2,1,1,33,2,2,1
1,64,5,2013,2,2,6,2,2,2,1,2,2,1,1,5,1,1,14,2,1,7,32,2,2,1
1,64,7,2013,4,1,1,2,1,1,3,2,1,1,1,5,1,1,5,6,1,7,33,1,2,0
1,64,8,2013,3,3,2,1,1,1,1,1,1,1,1,5,3,1,8,6,1,1,26,2,2,0
1,64,10,2013,1,1,8,2,1,1,3,1,1,1,1,5,1,1,9,6,1,1,33,1,2,0
1,64,11,2013,2,1,4,2,1,1,1,1,1,1,1,5,1,1,9,6,1,7,22,2,2,1
2,64,1,2013,1,3,1,1,2,1,3,1,1,1,1,5,1,1,14,6,1,1,33,1,2,0
2,64,4,2013,3,1,1,1,1,1,1,1,1,1,1,5,1,1,14,6,2,1,33,1,2,0
2,64,4,2013,4,5,4,2,2,1,3,1,1,1,1,5,1,1,14,6,1,1,33,1,2,0
2,64,5,2013,2,3,4,2,2,1,1,1,1,1,1,5,1,1,19,6,1,1,33,1,2,0
2,64,7,2013,1,3,1,2,2,1,3,1,1,1,1,5,1,1,14,6,1,1,33,1,2,0
6,64,12,2013,3,1,1,1,1,1,1,1,1,1,1,5,1,1,8,4,1,1,33,1,2,0
16,64,7,2013,4,1,1,1,1,1,4,1,1,1,1,5,1,1,8,6,1,1,25,2,2,0
10,64,5,2013,2,7,1,2,2,1,1,1,1,3,1,5,1,1,11,6,1,7,25,1,2,0
10,64,5,2013,2,5,6,1,1,1,1,1,1,1,1,1,1,1,5,6,1,1,33,2,2,0
10,64,6,2013,3,7,1,2,2,1,2,1,1,1,1,1,1,1,14,6,1,7,35,1,2,1
10,64,7,2013,3,1,1,2,2,1,1,1,1,1,1,1,1,1,9,6,1,7,35,1,2,0
3,64,4,2013,3,7,1,2,2,1,1,1,1,2,1,5,3,1,13,2,1,1,40,2,2,0
3,64,5,2013,4,5,5,2,2,1,1,1,1,1,1,5,1,1,14,6,1,1,28,1,2,0