Thana,District,Month,Year,Time,Junction_Type,Traffic_Control,Movement,Divider,Weather,Light,Road_Geometry,Surface_Condition,Surface_Type,Surface_Quality,Road_Class,Road_Feature,Location_Type,Vehicle_Type,Vehicle_Movement,Vehicle_Loading,Vehicle_Defect,Vehicle_Driver_Age,Vehicle_Alcohol,Vehicle_Seat_Belt,Accident_Severity
3,64,7,2013,3,3,1,1,2,1,1,1,1,1,1,5,1,1,9,6,1,7,33,2,2,0
3,64,9,2013,4,1,1,2,1,1,3,1,1,1,1,5,1,1,4,6,1,1,24,1,2,0
3,64,11,2013,2,1,1,1,1,1,1,1,1,1,1,5,1,1,19,6,1,3,33,2,2,0
4,64,2,2013,4,1,4,1,1,1,2,1,1,1,1,5,1,1,8,5,1,1,33,1,2,0
4,64,4,2013,2,3,6,2,2,1,1,1,1,2,2,5,1,1,14,6,1,1,33,1,2,0
4,64,6,2013,1,1,4,2,1,1,2,1,1,1,1,5,1,1,14,6,1,1,33,1,2,0
4,64,6,2013,4,1,4,2,1,1,3,1,1,1,1,5,1,1,9,6,1,1,33,1,2,0
4,64,8,2013,3,2,5,2,2,1,1,1,1,1,1,5,1,1,9,6,1,1,25,2,2,0
4,64,9,2013,4,5,5,2,1,1,3,1,1,1,1,5,1,1,9,6,1,1,25,2,2,1
4,64,9,2013,2,1,3,2,2,1,1,1,1,1,1,5,1,1,9,6,1,1,33,1,2,0
4,64,12,2013,4,1,1,2,1,1,2,1,1,1,1,5,1,1,2,6,1,1,33,1,2,0
4,64,12,2013,3,1,2,2,1,1,1,1,1,1,1,5,1,1,6,5,1,1,27,2,2,1
4,64,9,2013,2,1,3,2,2,1,1,1,1,1,1,5,1,1,9,6,1,1,33,1,2,0
11,64,2,2013,2,6,1,2,2,1,1,3,1,1,1,5,1,1,10,6,1,3,27,1,2,0
4,64,12,2013,4,1,1,2,1,1,2,1,1,1,1,5,1,1,2,6,1,1,33,1,2,0
11,64,3,2013,2,2,1,2,1,1,1,1,1,1,1,5,1,1,9,6,1,1,30,1,2,0
11,64,4,2013,4,1,1,2,1,1,2,1,1,1,1,5,1,1,9,6,1,1,33,1,2,1
11,64,7,2013,1,1,1,2,1,2,3,1,2,1,1,5,1,1,10,6,1,2,33,1,1,0
11,64,8,2013,4,1,1,2,1,2,3,1,3,1,2,5,1,1,14,6,1,1,22,1,2,0
8,64,7,2013,3,1,3,2,2,1,1,1,1,1,1,5,1,1,7,6,1,1,22,1,2,0
8,64,8,2013,2,2,1,2,1,1,1,1,1,1,3,5,1,1,5,6,1,1,33,1,2,0
8,64,9,2013,2,1,1,2,2,1,1,1,1,1,1,5,1,1,9,6,1,1,28,2,2,0
8,64,10,2013,2,1,1,2,1,1,2,1,1,1,1,5,1,2,9,6,2,1,33,1,2,0
4,57,1,2013,2,7,8,2,2,1,1,1,1,1,1,4,1,2,12,6,1,7,33,1,0,3
1,68,1,2013,2,7,1,2,2,1,1,2,1,1,1,1,1,1,9,1,2,1,33,1,0,1
8,59,1,2013,2,3,1,2,2,1,1,1,1,3,1,4,1,2,10,6,1,1,26,2,2,0
1,59,1,2013,2,7,8,2,2,1,1,1,1,1,1,3,1,2,12,6,1,1,33,2,1,1
2,59,1,2013,2,7,8,1,1,1,1,1,1,1,1,4,1,2,17,6,1,1,33,1,0,0
7,59,1,2013,2,7,3,1,1,1,1,1,1,1,1,4,1,2,14,6,1,1,33,2,2,0
1,68,5,2013,4,7,1,2,2,2,4,4,2,1,1,2,1,1,14,6,2,1,33,2,2,0
1,68,4,2013,2,7,1,2,2,1,1,4,1,1,1,2,1,2,12,1,2,2,33,1,0,0
2,59,3,2013,2,7,8,1,2,1,1,3,1,1,1,4,2,2,17,5,2,7,35,1,2,0
2,59,2,2013,2,1,3,1,1,1,1,1,1,1,1,3,2,2,13,11,1,1,33,2,0,1
1,68,2,2013,2,1,1,2,2,1,1,4,1,1,1,1,1,1,13,1,2,1,28,1,0,1
6,68,1,2013,3,1,8,2,2,1,1,4,1,3,2,4,4,2,14,6,1,2,40,2,2,0
1,68,4,2013,3,7,1,2,2,1,1,4,1,1,1,1,1,2,11,6,2,2,33,1,0,0
1,68,3,2013,3,7,1,2,2,1,1,5,1,1,1,1,1,1,9,1,2,1,33,1,0,0
3,57,2,2013,3,7,1,2,2,1,1,1,1,1,1,1,1,2,10,6,1,1,25,2,1,1
8,57,1,2013,2,7,8,2,2,1,1,1,1,1,1,4,1,2,12,6,1,1,33,1,0,3
7,57,1,2013,3,7,1,1,1,1,1,1,1,1,1,4,1,2,17,2,2,7,33,1,2,0
2,57,5,2013,3,7,8,2,2,1,1,2,1,1,1,4,1,2,4,6,2,1,33,1,2,3
1,57,3,2013,2,7,8,2,1,1,3,2,1,1,1,1,1,2,14,2,2,1,33,1,0,1
1,57,3,2013,2,2,1,2,1,1,1,1,1,1,1,1,2,1,9,11,1,2,32,2,2,0
1,68,4,2013,3,1,1,2,2,1,1,2,1,1,1,4,4,2,14,6,2,1,33,2,2,0
1,57,4,2013,1,2,1,1,2,1,1,1,1,1,1,3,1,2,9,1,1,1,33,2,2,0
1,57,2,2013,4,7,1,2,2,1,1,1,1,3,1,3,1,2,17,6,1,1,33,1,2,0
3,57,6,2013,1,7,1,2,2,1,3,1,1,1,1,1,1,2,9,6,1,1,48,2,2,0
8,57,6,2013,2,1,1,2,2,1,2,1,1,1,1,1,1,2,10,6,1,2,33,1,2,0
1,68,9,2013,2,1,1,1,2,1,2,4,1,1,1,4,3,2,11,6,1,3,33,1,0,0
1,68,10,2013,2,1,1,1,2,1,1,4,1,1,1,2,1,2,11,6,1,3,33,1,0,0
1,57,5,2013,4,3,8,1,2,1,2,1,1,1,1,1,1,1,4,11,2,2,33,1,0,3
1,57,7,2013,2,7,1,2,2,1,2,1,1,1,1,1,1,2,14,11,1,7,35,2,2,0
1,57,7,2013,2,7,1,2,2,1,2,1,1,1,1,1,1,1,19,6,1,2,33,1,0,0
1,57,8,2013,3,3,3,2,2,1,1,1,1,1,1,4,1,1,14,6,1,1,33,2,2,0
3,57,8,2013,1,7,3,2,2,1,2,1,1,1,1,1,1,2,19,11,1,2,33,1,0,0
3,57,9,2013,3,7,3,2,2,1,1,1,1,1,1,4,1,2,5,5,1,2,33,1,2,1
8,57,6,2013,2,7,1,2,2,1,4,1,1,1,1,4,1,2,19,6,2,2,33,1,0,0
7,57,8,2013,3,2,4,2,2,1,1,1,1,1,1,4,1,2,5,6,1,1,33,1,2,0
6,57,8,2013,4,1,3,1,1,1,1,1,1,1,1,3,1,2,2,6,1,1,25,2,2,1
4,57,9,2013,2,3,8,1,2,1,1,1,1,1,1,3,1,2,2,6,1,2,33,1,2,0
5,57,6,2013,2,1,6,1,2,1,1,1,1,1,1,1,1,2,14,6,1,1,33,1,2,0
5,57,8,2013,2,1,6,1,2,1,1,1,1,1,1,1,1,2,9,6,1,1,33,1,2,0
2,57,5,2013,3,1,3,2,2,1,1,1,1,1,1,3,1,2,19,6,1,2,33,1,2,0
1,61,8,2013,4,7,3,2,2,1,4,1,1,1,1,1,1,2,10,6,1,2,33,1,0,0
1,61,8,2013,2,7,8,2,2,1,1,1,1,1,1,1,1,2,19,6,1,7,42,1,0,2
1,61,10,2013,1,7,3,2,2,1,4,1,1,1,1,1,1,2,19,6,1,2,33,1,0,0
1,61,11,2013,3,7,3,2,2,1,1,1,1,1,1,1,1,2,13,11,1,7,33,1,2,0
1,61,10,2013,1,1,3,2,2,1,4,1,1,1,1,4,1,2,10,5,2,2,33,1,2,0
1,61,10,2013,5,7,8,2,2,1,1,1,1,1,1,2,1,1,10,11,2,7,33,1,0,0
1,61,5,2013,4,1,8,1,1,1,1,1,1,1,1,2,1,1,10,6,1,7,33,1,2,0
1,61,7,2013,1,7,1,2,2,1,2,1,1,1,1,1,1,2,10,6,1,2,33,1,0,0
1,61,5,2013,2,7,1,2,2,1,1,1,1,1,1,1,1,2,19,6,1,2,33,1,0,0
1,61,5,2013,2,7,1,2,1,1,1,1,1,1,1,1,1,2,9,6,1,2,33,2,2,0
1,61,4,2013,3,7,8,2,2,1,1,1,1,1,1,4,1,1,10,6,1,2,33,1,0,0
3,61,6,2013,3,1,8,2,2,3,1,1,5,1,2,4,1,2,14,8,1,7,40,2,2,0
3,61,5,2013,2,2,1,2,2,3,1,1,2,1,2,2,1,2,12,6,1,2,33,1,2,0
6,61,4,2013,1,4,1,2,2,1,1,1,1,1,2,2,1,2,4,6,1,7,25,1,2,0
6,61,7,2013,2,7,1,2,2,1,1,1,1,1,1,3,1,2,5,6,1,7,22,1,2,1
6,61,9,2013,3,7,1,2,2,1,1,4,1,1,2,3,1,2,6,11,1,7,27,1,2,1
2,61,9,2013,2,7,1,2,2,1,1,1,1,1,1,1,1,2,10,6,1,2,33,1,0,0
2,61,3,2013,4,1,1,1,2,1,4,3,1,1,1,1,1,1,9,11,1,7,33,1,2,0
1,65,5,2013,2,3,1,2,2,1,1,1,1,1,1,5,1,2,13,6,1,1,33,1,2,0
5,65,7,2013,3,3,1,2,2,1,1,2,1,1,1,1,1,2,8,6,1,1,33,1,2,0
5,65,7,2013,3,3,1,2,2,1,1,1,1,1,1,1,1,2,12,6,1,3,38,1,2,1
2,65,10,2013,2,1,1,2,2,1,1,1,1,1,1,1,1,2,9,6,1,7,33,2,2,1
1,65,6,2013,1,1,1,2,2,1,1,1,1,1,1,1,1,2,9,6,1,2,33,1,0,0
2,65,8,2013,4,1,8,1,1,1,1,2,1,1,1,3,1,2,8,6,1,2,33,1,0,1
6,65,3,2013,2,7,1,2,2,1,1,1,1,1,1,3,1,1,14,6,1,7,40,1,2,3
2,59,4,2013,1,1,1,2,2,2,4,1,1,1,1,3,1,2,13,6,1,1,22,2,2,0
8,59,9,2013,1,7,8,2,2,1,1,1,1,1,1,3,1,1,10,10,1,3,33,1,2,2
1,59,9,2013,2,4,8,2,1,1,2,1,1,1,1,2,1,1,19,6,1,2,33,1,0,0
1,59,9,2013,3,7,1,2,2,1,1,1,1,1,1,4,1,2,4,6,1,1,33,2,2,0
2,59,7,2013,5,1,1,2,2,2,4,1,2,1,1,2,3,2,10,6,1,2,33,1,0,0
1,59,10,2013,2,3,1,2,2,1,1,1,1,1,1,4,1,2,5,6,1,1,33,2,2,0
6,59,10,2013,1,1,1,2,2,2,4,1,2,1,1,4,1,2,4,6,2,1,42,2,2,0
6,59,12,2013,3,7,8,1,1,1,1,2,1,1,1,4,1,2,10,6,1,7,22,1,2,0
7,67,2,2013,3,7,8,1,2,1,1,2,1,1,1,3,2,2,5,1,1,6,33,2,2,1
7,67,9,2013,4,7,8,1,2,1,1,2,1,1,1,5,1,2,5,6,1,6,19,2,2,3
7,67,9,2013,2,7,8,1,2,1,2,2,1,1,1,3,1,2,10,6,1,6,33,1,2,2
5,68,3,2013,3,7,1,2,2,1,1,4,1,1,1,4,1,2,11,11,1,3,33,1,2,0
5,68,4,2013,3,7,8,2,2,1,1,3,5,3,2,4,1,2,13,11,1,2,33,1,2,0
5,68,5,2013,3,2,1,2,2,1,1,4,1,1,1,4,1,2,9,11,1,2,33,1,2,0
1,66,6,2013,4,3,1,1,2,1,2,3,1,1,1,5,1,1,12,6,1,1,25,2,1,0
1,66,9,2013,2,7,1,2,2,1,2,1,1,1,1,3,1,1,9,11,1,7,33,1,2,0
2,66,2,2013,3,7,8,2,2,1,1,4,5,1,1,3,1,2,19,6,1,7,45,2,2,0
9,66,3,2013,1,1,1,2,2,1,4,2,1,1,1,3,1,2,4,3,1,2,28,1,2,0
9,66,11,2013,3,1,1,2,2,1,1,4,1,1,3,3,1,1,9,2,1,2,55,2,2,1
9,66,12,2013,3,7,1,2,2,1,1,4,1,1,3,3,2,2,11,1,1,2,33,2,2,0
4,66,5,2013,3,1,1,2,2,1,1,4,1,1,1,3,1,2,14,6,1,2,33,2,2,0
4,66,5,2013,4,1,1,2,2,1,1,4,1,1,1,3,1,2,14,6,1,2,33,2,2,0
8,66,6,2013,2,1,2,2,2,1,3,1,1,1,1,4,1,2,9,6,1,7,33,2,2,0
8,66,7,2013,4,1,2,2,2,1,2,4,1,1,1,4,3,2,12,2,1,7,25,2,2,1
1,58,10,2013,4,1,3,2,2,1,2,1,1,1,1,1,1,2,10,6,1,2,33,1,0,0
13,58,6,2013,4,1,4,2,2,1,4,1,1,1,1,1,1,1,10,6,1,2,33,1,0,0
13,58,5,2013,4,1,1,1,2,1,4,1,1,1,1,1,1,2,10,6,1,2,33,1,0,0
13,58,9,2013,3,3,1,2,1,1,1,1,1,1,1,1,1,1,19,6,1,2,33,1,0,0
13,58,7,2013,1,1,2,2,2,1,2,1,1,1,1,1,1,2,10,6,1,2,33,1,0,0
13,58,4,2013,2,1,4,2,2,1,1,1,1,1,1,1,1,2,10,6,1,2,33,1,0,0
13,58,4,2013,1,7,3,2,2,1,3,1,1,1,1,2,1,1,10,6,1,2,33,1,0,0
13,58,6,2013,2,2,1,2,2,1,1,1,1,1,1,2,1,2,9,6,1,6,33,2,2,0
7,58,3,2013,3,1,1,2,2,1,1,1,1,1,1,1,1,2,12,6,1,2,33,1,0,0
7,58,9,2013,2,3,1,2,2,1,2,1,1,1,1,1,1,2,10,6,1,2,33,1,0,0
7,58,10,2013,1,1,1,2,2,1,2,1,1,1,3,1,1,2,9,6,1,1,35,2,2,0
6,58,2,2013,4,7,8,1,2,1,1,1,1,1,1,1,1,2,4,1,1,7,25,1,2,0
6,58,9,2013,2,7,8,1,2,1,1,1,1,1,1,1,1,2,19,1,1,2,33,1,2,0
6,58,2,2013,2,7,8,1,2,1,1,1,1,1,1,1,1,2,9,2,1,2,25,1,2,0
6,58,2,2013,1,7,8,1,2,1,1,1,1,1,1,1,1,2,19,1,1,2,33,1,2,0
6,58,2,2013,2,7,8,1,2,1,1,1,1,1,1,3,1,2,19,2,1,2,33,1,2,1
6,58,7,2013,2,7,8,2,2,1,2,1,1,1,1,1,1,2,19,2,1,7,33,1,2,0
6,58,7,2013,3,7,8,2,2,1,1,1,1,1,1,1,1,2,1,1,1,2,33,1,2,0
6,58,6,2013,4,7,3,1,2,1,1,1,1,1,1,1,1,2,19,2,1,2,33,1,2,0
6,58,3,2013,2,7,8,1,2,1,1,1,1,1,1,1,1,2,7,1,1,2,30,1,2,1
6,58,8,2013,1,7,8,1,1,1,2,1,1,1,1,1,1,2,19,1,1,2,33,1,2,0
6,58,1,2013,3,7,8,1,2,1,1,1,1,1,1,3,1,2,17,1,1,2,26,1,2,0
6,58,1,2013,1,7,8,1,2,1,1,1,1,1,1,1,1,2,14,1,1,2,33,1,2,0
6,58,10,2013,1,7,2,1,2,1,1,1,1,1,1,1,1,2,9,1,1,2,33,1,2,0
14,58,8,2013,1,2,3,2,2,1,2,1,1,1,1,3,1,2,13,6,1,3,33,1,2,0
15,63,4,2013,3,1,1,2,2,1,1,1,1,1,1,3,1,2,11,6,1,7,33,1,2,0
8,63,8,2013,2,2,2,2,2,1,1,1,1,1,1,1,1,2,14,6,1,2,37,1,2,0
8,63,2,2013,2,2,1,2,2,1,1,1,1,1,1,1,1,2,14,1,1,2,35,1,2,0
8,63,4,2013,2,2,2,2,2,1,1,1,1,1,1,1,1,2,14,6,1,2,24,1,2,0
13,63,3,2013,1,1,3,2,2,1,3,1,1,1,1,1,1,2,14,11,1,2,33,1,2,0
5,63,8,2013,4,1,2,2,2,1,1,1,1,1,1,3,1,2,9,2,1,3,33,2,2,0
16,63,11,2013,4,7,3,2,2,1,4,1,1,1,1,1,1,2,14,11,1,7,33,1,2,0
7,63,6,2013,1,1,3,2,2,1,3,1,1,1,1,1,1,2,10,6,1,2,33,1,0,0
14,63,3,2013,4,7,1,2,2,1,2,1,1,1,1,1,1,2,14,6,1,1,35,2,2,0
14,63,4,2013,2,7,1,2,2,1,1,1,1,1,1,1,1,2,19,6,1,1,18,2,2,0
14,63,5,2013,1,7,1,2,2,1,1,1,1,1,1,1,1,2,13,6,1,1,33,2,2,0
14,63,5,2013,2,7,1,2,2,1,1,1,1,1,1,1,1,2,14,6,1,1,33,2,2,0
14,63,1,2013,1,1,3,2,2,1,1,1,1,1,1,1,1,1,10,6,1,2,33,2,2,0
14,63,2,2013,2,7,1,2,2,1,1,1,1,1,1,1,1,2,10,6,1,2,33,2,2,0
14,63,8,2013,2,7,1,2,2,1,1,1,1,1,1,1,1,2,14,6,1,1,33,2,2,0
14,63,10,2013,4,6,1,2,1,1,4,1,1,1,1,1,1,2,14,11,1,2,33,1,2,0
14,63,9,2013,3,2,1,2,2,1,1,3,1,1,1,1,1,1,14,5,1,2,33,1,2,0
14,63,10,2013,1,1,2,2,2,1,1,1,1,1,1,1,1,2,10,6,1,2,33,1,0,0
14,63,8,2013,1,1,1,2,2,1,2,1,1,1,1,1,1,2,10,6,1,2,33,1,0,0
14,63,8,2013,3,1,3,2,1,1,1,1,1,1,1,1,1,2,14,6,1,2,33,1,2,0
9,63,11,2013,4,1,1,2,2,1,2,2,1,1,1,1,1,2,5,1,1,1,35,2,2,1
4,63,5,2013,1,1,8,2,2,1,3,1,1,1,1,1,1,2,13,11,1,2,33,1,2,0
15,63,4,2013,1,7,3,2,2,1,1,1,1,1,1,4,1,2,11,6,1,2,33,2,2,0
11,63,5,2013,3,1,2,2,2,1,1,1,1,1,1,3,1,2,14,5,1,2,33,2,2,0
14,63,1,2013,4,1,1,2,2,1,2,1,1,1,1,1,1,2,14,6,1,1,33,1,2,0
14,63,4,2013,1,1,1,2,2,1,3,1,1,1,1,3,1,2,5,6,1,2,33,1,2,0
14,63,10,2013,3,7,1,2,2,1,1,1,1,1,1,1,1,2,10,6,1,2,33,1,0,0
14,63,7,2013,3,1,3,1,2,1,1,1,1,1,1,1,2,1,13,6,1,2,35,1,1,1
14,63,7,2013,2,1,3,2,2,1,3,1,1,1,1,1,1,2,10,6,1,2,33,1,0,0
14,63,10,2013,1,3,1,2,2,1,4,1,1,1,1,1,1,2,10,6,1,2,33,1,0,0
14,63,4,2013,2,1,2,2,2,1,3,1,1,1,1,1,1,2,9,5,1,2,33,2,2,0
14,63,10,2013,1,1,3,2,2,1,3,1,1,1,1,1,1,2,13,6,1,2,33,1,0,0
1,63,11,2013,2,2,2,2,2,1,1,1,1,1,1,1,1,2,9,5,1,3,35,2,2,0
6,60,7,2013,3,1,1,2,2,1,1,1,1,1,1,3,1,1,12,11,1,2,35,1,2,1
6,60,7,2013,4,1,1,2,2,1,4,1,1,1,1,3,1,1,19,6,1,2,33,1,2,0
6,60,6,2013,4,7,1,2,2,1,2,1,1,1,1,3,1,2,14,11,1,2,42,1,2,0
2,60,4,2013,2,1,1,2,2,1,1,1,1,1,1,3,1,2,9,11,1,3,38,1,0,0
1,60,2,2013,2,7,8,2,2,1,1,2,1,1,1,4,1,2,8,6,1,2,33,1,2,0
1,60,4,2013,1,1,2,2,2,1,1,1,1,1,1,4,1,2,14,6,1,2,33,1,2,2
1,60,12,2013,1,1,2,2,2,1,1,1,1,1,1,4,1,2,10,6,1,2,33,1,0,0
1,60,3,2013,2,1,1,2,2,1,1,1,1,1,1,4,1,2,10,6,1,2,33,1,0,0
1,65,2,2013,4,1,1,2,2,1,4,1,1,1,1,5,1,1,4,6,2,1,33,2,2,0
1,65,8,2013,4,1,1,2,2,1,4,1,1,1,2,5,1,2,11,6,1,1,33,1,2,1
1,65,12,2013,3,1,2,2,2,1,1,1,1,1,1,5,1,1,4,6,1,7,33,1,0,0
3,57,11,2013,1,7,1,1,2,1,1,1,1,1,1,3,1,2,17,11,2,2,27,2,2,0
9,57,12,2013,4,1,1,2,2,1,2,1,1,1,1,1,1,2,10,6,1,2,33,1,0,0
14,63,2,2013,3,3,1,2,2,1,1,1,1,1,1,1,1,2,9,6,1,2,38,2,2,1
1,39,3,2013,3,7,1,2,2,1,1,1,1,1,1,2,1,2,6,3,1,7,33,2,2,0
1,49,3,2013,3,7,3,2,2,1,1,1,1,1,1,1,1,2,9,11,1,7,33,2,2,0
5,37,3,2013,2,1,1,2,2,1,1,1,1,1,1,1,1,2,2,5,1,7,33,2,2,0
3,45,3,2013,3,1,1,2,2,1,1,1,1,1,1,4,1,2,19,11,1,7,33,2,2,0
6,45,3,2013,4,1,1,2,2,1,1,1,1,1,1,1,1,2,19,11,1,7,33,2,2,0
4,45,3,2013,2,1,1,2,2,1,1,1,1,1,1,1,1,2,14,11,1,7,33,2,2,0
1,47,3,2013,3,7,1,2,2,1,1,1,1,1,1,2,1,2,4,6,1,7,33,2,2,0
4,47,4,2013,1,1,1,2,2,1,1,1,1,1,1,1,1,2,9,11,1,7,33,2,2,0
12,47,4,2013,2,1,1,2,2,1,4,1,1,1,1,1,1,2,9,11,1,7,33,2,2,0
1,38,4,2013,1,1,3,2,2,1,1,1,1,1,1,1,1,2,19,11,1,7,33,2,2,0
3,38,5,2013,4,1,1,2,2,1,1,1,1,1,1,1,1,2,7,6,1,7,30,2,2,0
7,37,4,2013,3,1,1,2,2,1,1,1,1,1,1,1,1,2,13,11,1,7,36,2,2,0
5,39,5,2013,4,1,1,2,2,1,1,1,1,1,1,1,1,2,14,10,1,7,25,2,2,0
1,39,4,2013,4,7,1,2,2,1,1,1,1,1,1,1,1,2,14,11,1,7,33,2,2,0
1,39,4,2013,4,7,1,2,2,1,1,1,1,1,1,1,1,2,14,11,1,7,33,2,2,0
2,43,4,2013,4,7,3,2,2,1,1,1,1,1,1,1,1,2,9,6,1,7,33,2,2,0
9,47,9,2013,3,1,1,2,2,1,1,1,1,1,1,1,1,2,14,11,1,7,33,2,2,0
9,47,6,2013,2,1,3,2,2,1,1,1,1,1,1,1,1,2,14,6,1,7,33,2,2,0
2,47,9,2013,4,3,8,2,2,1,1,1,1,1,1,1,1,2,11,9,1,7,33,2,2,0
4,47,9,2013,4,1,8,2,2,1,1,1,1,1,1,1,1,2,19,11,1,7,33,2,2,0
9,47,9,2013,4,1,3,2,2,1,1,1,1,1,1,1,1,2,11,7,1,7,33,2,2,0
2,43,9,2013,2,7,1,2,2,1,1,1,1,1,1,1,1,2,14,6,1,7,33,2,2,0
2,43,10,2013,3,7,1,2,2,1,1,1,1,1,1,1,1,2,14,6,1,7,28,2,2,0
1,45,9,2013,4,1,1,2,2,1,1,1,1,1,1,1,1,2,19,11,1,7,33,2,2,0
5,45,10,2013,4,1,1,2,2,1,1,1,1,1,1,1,1,2,19,11,1,7,33,2,2,0
6,45,10,2013,4,1,1,2,2,1,1,1,1,1,1,1,1,2,19,11,1,7,33,2,2,0
3,38,10,2013,2,7,8,2,2,1,1,1,1,1,1,1,1,2,19,11,1,7,33,2,2,0
9,38,10,2013,4,7,8,2,2,1,1,1,1,1,1,1,1,2,14,2,1,7,33,2,2,0
3,39,10,2013,3,7,1,2,2,1,1,1,1,1,1,1,1,2,12,11,1,7,33,2,2,0
5,39,10,2013,2,7,1,2,2,1,1,1,1,1,1,1,1,2,9,11,1,7,33,2,2,0
3,39,10,2013,4,7,1,2,2,1,1,1,1,1,1,1,1,2,9,6,1,7,28,2,2,0
3,39,10,2013,3,1,3,2,2,1,1,1,1,1,1,1,1,2,19,11,1,7,33,2,2,0
3,39,10,2013,2,7,3,2,2,1,1,1,1,1,1,1,1,2,13,4,1,7,33,2,2,0
1,39,10,2013,4,7,1,2,2,1,1,1,1,1,1,1,1,2,19,11,1,7,33,2,2,0
10,47,10,2013,4,1,1,2,2,2,1,2,1,1,2,1,1,2,13,11,1,7,33,2,2,0
1,39,5,2013,3,7,1,2,2,1,1,1,1,1,1,1,1,2,19,11,1,7,33,2,2,0
1,49,5,2013,4,2,3,2,2,1,1,1,1,1,1,1,1,2,14,6,1,7,33,2,2,0
4,49,5,2013,3,7,8,2,2,1,1,1,1,1,1,1,1,2,6,6,1,7,33,2,2,0
5,43,6,2013,1,7,1,2,2,1,1,1,1,1,1,1,1,2,19,11,1,7,33,2,2,0
3,38,6,2013,3,1,6,2,2,1,1,1,1,1,1,1,1,2,19,11,1,7,33,2,2,0
3,37,6,2013,3,7,8,2,2,1,1,1,1,1,1,1,1,2,19,11,1,7,33,2,2,0
7,37,6,2013,2,1,8,2,2,1,1,1,1,1,1,1,1,2,4,11,1,7,33,2,2,0
2,37,6,2013,3,7,1,2,2,1,1,1,1,1,1,1,1,2,9,11,1,7,33,2,2,1
1,49,6,2013,3,1,1,2,2,1,1,1,1,1,1,1,1,2,13,11,1,7,33,2,2,0
1,49,6,2013,3,3,3,2,2,1,1,1,1,1,1,1,1,2,19,11,1,7,33,2,2,0
1,45,6,2013,1,1,1,2,2,1,1,1,1,1,1,1,1,2,9,11,1,7,33,2,2,0
2,45,6,2013,4,1,1,2,2,1,1,1,1,1,1,1,1,2,19,11,1,7,33,2,2,0
6,45,4,2013,1,1,1,2,2,1,1,1,1,1,1,1,1,2,19,11,1,7,33,2,2,0
2,45,6,2013,4,1,1,2,2,1,1,1,1,1,1,1,1,2,9,11,1,7,33,2,2,0
1,48,6,2013,2,7,1,2,2,1,1,1,1,1,1,1,1,2,14,2,1,7,33,2,2,0
4,48,5,2013,1,7,1,2,2,1,1,1,1,1,1,1,1,2,19,1,1,7,33,2,2,0
1,47,5,2013,4,7,1,2,2,1,1,1,1,1,1,1,1,2,14,11,1,7,32,2,2,0
1,47,6,2013,1,7,1,2,2,1,1,1,1,1,1,1,1,2,19,11,1,7,33,2,2,0
2,47,6,2013,4,1,8,2,2,1,1,1,1,1,1,1,1,2,19,11,1,7,33,2,2,0
1,47,6,2013,3,7,1,2,2,1,1,1,1,1,1,1,1,2,14,11,1,7,33,2,2,0
9,47,6,2013,4,1,8,2,2,1,1,1,1,1,1,1,1,2,19,11,1,7,33,2,2,0
10,52,12,2013,3,7,8,2,2,1,1,1,1,1,1,1,1,2,14,6,1,7,33,2,2,3
9,52,12,2013,3,1,1,2,2,1,1,1,1,1,1,1,1,2,4,6,1,7,20,2,2,0
5,45,12,2013,2,1,1,2,2,1,1,1,1,1,1,1,1,2,9,11,1,7,33,2,2,0
6,45,12,2013,4,1,1,2,2,1,1,1,1,1,1,1,1,2,14,11,1,7,33,2,2,0
6,45,12,2013,4,1,1,2,2,1,1,1,1,1,1,1,1,2,19,11,1,7,33,2,2,1
6,45,12,2013,4,1,1,2,2,1,1,1,1,1,1,1,1,1,14,11,1,7,33,2,2,0
5,45,11,2013,2,1,1,2,2,1,1,1,1,1,1,1,1,2,8,11,1,7,33,2,2,0
6,45,10,2013,4,1,1,2,2,1,1,1,1,1,1,1,1,2,7,11,1,7,33,2,2,0
6,45,11,2013,4,1,1,2,2,1,1,1,1,1,1,1,1,2,13,11,1,7,45,2,2,0
1,48,7,2013,2,1,1,2,2,1,1,1,1,1,1,1,1,2,10,5,1,7,23,2,2,0
7,38,2,2013,4,1,1,2,2,1,1,1,1,1,1,1,1,2,19,6,1,7,33,2,2,0
1,47,1,2013,4,1,1,2,2,1,1,1,1,1,1,1,1,2,9,11,1,7,33,2,2,0
9,47,1,2013,4,1,1,2,2,1,1,1,1,1,1,1,1,2,8,11,1,7,33,2,2,0
13,47,1,2013,3,1,1,2,2,1,1,1,1,1,1,1,1,2,9,1,1,7,33,2,2,0
1,35,1,2013,4,1,8,2,2,1,1,1,1,1,1,1,1,2,8,11,1,7,33,2,2,0
1,35,1,2013,3,1,8,2,2,1,1,1,1,1,1,1,1,2,14,11,1,7,33,2,2,0
9,47,2,2013,3,7,1,2,2,1,1,1,1,1,1,1,1,2,9,4,1,7,40,2,2,0