Thana,District,Month,Year,Time,Junction_Type,Traffic_Control,Movement,Divider,Weather,Light,Road_Geometry,Surface_Condition,Surface_Type,Surface_Quality,Road_Class,Road_Feature,Location_Type,Vehicle_Type,Vehicle_Movement,Vehicle_Loading,Vehicle_Defect,Vehicle_Driver_Age,Vehicle_Alcohol,Vehicle_Seat_Belt,Accident_Severity
12,47,2,2013,1,7,1,2,2,1,1,1,1,1,1,1,1,2,19,11,1,7,33,2,2,0
10,47,2,2013,1,3,1,2,2,1,1,1,1,1,1,1,1,2,4,6,1,7,33,2,2,0
5,47,2,2013,4,7,8,2,2,1,1,1,1,1,1,1,1,2,19,11,1,7,33,2,2,0
7,47,2,2013,4,7,3,2,2,1,1,1,1,1,1,1,1,2,12,11,1,7,33,2,2,0
6,46,5,2013,1,3,1,2,2,1,1,1,1,1,1,1,1,2,19,11,1,7,33,2,2,0
6,46,3,2013,3,7,1,2,2,1,1,1,1,1,1,1,1,2,19,11,1,7,33,2,2,0
6,46,2,2013,2,7,1,2,2,1,1,1,1,1,1,1,1,2,19,11,1,7,33,2,2,0
4,46,12,2013,3,1,1,2,2,1,1,1,1,1,1,1,1,2,19,11,1,7,33,2,2,0
3,49,1,2013,3,7,3,2,2,1,1,1,1,1,1,1,1,2,19,6,1,7,33,2,2,0
1,52,12,2013,2,3,4,2,2,1,1,1,1,1,1,1,1,2,9,11,1,7,33,2,2,0
3,45,2,2013,1,1,1,2,2,1,1,1,1,1,1,1,1,2,4,11,1,7,33,2,2,0
4,45,2,2013,4,1,1,2,2,1,1,1,1,1,1,1,1,2,19,11,1,7,33,2,2,0
2,45,2,2013,1,1,1,2,2,1,1,1,1,1,1,1,1,2,19,11,1,7,33,2,2,0
4,49,2,2013,4,7,1,2,2,1,1,1,1,1,1,1,1,2,12,11,1,7,33,2,2,0
1,43,12,2013,2,1,1,2,2,1,1,1,1,1,1,1,1,2,13,6,1,7,33,2,2,0
5,43,6,2013,1,7,1,2,2,1,1,1,1,1,1,1,1,2,19,11,1,7,33,2,2,0
5,43,6,2013,3,7,1,2,2,1,1,1,1,1,1,1,1,2,19,11,1,7,33,2,2,0
5,43,7,2013,3,7,1,2,2,1,1,1,1,1,1,1,1,2,19,11,1,7,33,2,2,0
5,43,7,2013,4,2,2,2,2,1,1,1,1,1,1,1,1,2,19,11,1,7,33,2,2,0
5,43,8,2013,4,7,1,2,2,1,1,1,1,1,1,1,1,2,19,11,1,7,33,2,2,0
5,43,8,2013,4,7,1,2,2,1,1,1,1,1,1,1,1,2,19,11,1,7,33,2,2,0
5,43,8,2013,4,7,1,2,2,1,1,1,1,1,1,1,1,2,19,11,1,7,38,2,2,0
5,43,8,2013,1,1,1,2,2,1,1,1,1,1,1,1,1,2,19,11,1,7,33,2,2,0
5,43,8,2013,4,7,1,2,2,1,1,1,1,1,1,1,1,2,19,11,1,7,33,2,2,0
5,43,10,2013,4,7,1,2,2,1,1,1,1,1,1,1,1,2,19,11,1,7,33,2,2,0
3,39,1,2013,4,7,1,2,2,1,1,1,1,1,1,1,1,2,9,11,1,7,33,2,2,0
1,39,2,2013,3,1,1,2,2,1,1,1,1,1,1,1,1,2,14,1,1,7,33,2,2,0
4,46,7,2013,1,7,1,2,2,1,1,1,1,1,1,1,1,2,9,11,1,7,29,2,2,0
1,46,1,2013,3,7,1,2,2,1,1,1,1,1,1,1,1,2,18,11,1,7,33,2,2,0
1,46,1,2013,1,1,1,2,2,1,1,1,1,1,1,1,2,1,19,11,1,7,1,2,2,0
1,46,2,2013,2,7,1,2,2,1,1,1,1,1,1,1,1,2,19,11,1,7,33,2,2,0
1,46,2,2013,2,7,1,2,2,1,1,1,1,1,1,1,1,2,19,11,1,7,33,2,2,0
1,46,3,2013,2,1,1,2,2,1,1,1,1,1,1,1,1,2,19,11,1,7,33,2,2,0
1,46,3,2013,3,7,1,2,2,1,1,1,1,1,1,1,1,2,19,11,1,7,33,2,2,0
1,46,3,2013,2,1,1,2,2,1,1,1,1,1,1,1,1,2,19,11,1,7,33,2,2,0
1,46,3,2013,2,7,1,2,2,1,1,1,1,1,1,1,1,2,19,11,1,7,33,2,2,0
1,46,3,2013,4,7,1,2,2,1,1,1,1,1,1,1,1,2,19,11,1,7,33,2,2,0
1,46,3,2013,2,7,1,2,2,1,1,1,1,1,1,1,1,2,19,11,1,7,33,2,2,0
1,46,4,2013,2,7,1,2,2,1,1,1,1,1,1,1,1,2,19,11,1,7,33,2,2,0
1,46,4,2013,2,7,1,2,2,1,1,1,1,1,1,1,1,2,19,11,1,7,33,2,2,0
1,46,4,2013,2,1,1,2,2,1,1,1,1,1,1,1,1,2,19,11,1,7,33,2,2,0
1,46,6,2013,3,7,1,2,2,1,1,1,1,1,1,1,1,2,19,11,1,7,33,2,2,0
1,46,7,2013,1,7,1,2,2,1,1,1,1,1,1,1,1,2,19,11,1,7,33,2,2,0
1,46,7,2013,2,7,1,2,2,1,1,1,1,1,1,1,1,2,19,11,1,7,33,2,2,0
1,46,7,2013,1,7,1,2,2,1,1,1,1,1,1,1,1,2,19,11,1,7,33,2,2,0
1,46,10,2013,1,7,1,2,2,1,1,1,1,1,1,1,1,2,19,11,1,7,33,2,2,0
1,46,10,2013,4,7,1,2,2,1,1,1,1,1,1,1,1,2,19,11,1,7,33,2,2,0
5,44,1,2013,3,7,1,2,2,1,1,1,1,1,1,1,1,2,4,11,1,7,33,2,2,0
3,44,4,2013,3,7,1,2,2,1,1,1,1,1,1,1,1,2,19,11,1,7,33,2,2,0
5,44,6,2013,4,7,1,2,2,1,1,1,1,1,1,1,1,2,19,11,1,7,33,2,2,0
2,44,6,2013,4,7,1,2,2,1,1,1,1,1,1,1,1,2,19,11,1,7,33,2,2,0
3,44,6,2013,4,7,1,2,2,1,1,1,1,1,1,1,1,2,19,11,1,7,33,2,2,0
4,44,6,2013,2,7,1,2,2,1,1,1,1,1,1,1,1,2,19,11,1,7,33,2,2,0
6,44,7,2013,2,7,1,2,2,1,1,1,1,1,1,1,1,2,19,11,1,7,33,2,2,0
5,44,7,2013,4,7,1,2,2,1,1,1,1,1,1,1,1,2,19,11,1,7,1,2,2,0
5,44,7,2013,1,7,1,2,2,1,1,1,1,1,1,1,1,2,19,11,1,7,33,2,2,1
4,44,6,2013,3,7,1,2,2,1,1,1,1,1,1,1,1,2,19,11,1,7,33,2,2,0
2,44,8,2013,1,7,1,2,2,1,1,1,1,1,1,1,1,1,19,11,1,7,33,2,2,0
4,44,9,2013,3,7,1,2,2,1,1,1,1,1,1,1,1,2,19,11,1,7,33,2,2,0
5,44,10,2013,3,7,1,2,2,1,1,1,1,1,1,1,1,2,19,11,1,7,1,2,2,0
5,41,8,2013,4,7,1,2,2,1,1,1,1,1,1,1,1,2,19,11,1,7,33,2,2,0
5,41,1,2013,2,7,3,2,2,1,1,1,1,1,1,1,1,2,19,11,1,7,33,2,2,0
5,41,7,2013,2,7,3,2,2,1,1,1,1,1,1,1,1,2,19,11,1,7,33,2,2,0
5,41,10,2013,2,7,3,2,2,1,1,1,1,1,1,1,1,2,19,11,1,7,33,2,2,0
5,41,6,2013,2,7,1,2,2,1,1,1,1,1,1,1,1,2,19,11,1,7,33,2,2,0
5,41,9,2013,2,7,1,2,2,1,1,1,1,1,1,1,1,2,19,11,1,7,33,2,2,0
5,41,3,2013,1,7,1,2,2,1,1,1,1,1,1,1,1,2,19,11,1,7,33,2,2,0
5,41,7,2013,2,7,1,2,2,1,1,1,1,1,1,1,1,2,19,11,1,7,33,2,2,0
5,41,6,2013,2,7,1,2,2,1,1,1,1,1,1,1,1,2,19,11,1,7,33,2,2,0
5,41,8,2013,2,3,6,2,2,1,1,1,1,1,1,1,1,2,8,11,1,7,32,2,2,0
2,41,11,2013,2,7,1,2,2,1,1,1,1,1,1,1,1,2,14,5,1,7,40,2,2,0
6,41,2,2013,4,1,1,2,2,1,1,1,1,1,1,1,1,2,14,11,1,7,33,2,2,0
7,41,9,2013,3,7,1,2,2,1,1,1,1,1,1,1,1,2,9,11,1,7,33,2,2,0
7,41,9,2013,2,7,1,2,2,1,1,1,1,1,1,1,1,2,19,11,1,7,33,2,2,0
7,41,8,2013,2,1,1,2,2,1,1,1,1,1,1,1,1,2,8,11,1,7,33,2,2,0
7,41,10,2013,4,1,1,2,2,1,1,1,1,1,1,1,1,2,9,11,1,7,33,2,2,0
1,41,11,2013,4,2,1,2,2,1,1,1,1,1,1,1,1,2,9,8,1,7,33,2,2,0
1,47,5,2013,2,7,8,2,2,1,1,1,1,1,1,1,1,2,13,11,1,7,33,2,2,0
6,47,5,2013,3,7,1,2,2,1,1,1,1,1,1,1,1,2,4,11,1,7,33,2,2,1
4,47,5,2013,1,1,1,2,2,1,1,1,1,1,1,1,1,2,9,11,1,7,33,2,2,0
2,47,5,2013,3,1,8,2,2,1,1,1,1,1,1,1,1,2,19,11,1,7,33,2,2,0
5,41,5,2013,1,1,8,2,2,1,1,1,1,1,1,1,1,2,19,11,1,7,33,2,2,0
6,48,11,2013,4,7,1,2,2,1,1,1,1,1,1,1,1,2,14,11,1,7,45,2,2,1
2,37,11,2013,3,1,1,2,2,1,1,1,1,1,1,1,1,2,19,11,1,7,33,2,2,0
9,47,11,2013,1,6,1,2,2,1,1,1,1,1,1,1,1,2,11,11,1,7,33,2,2,0
2,47,11,2013,4,1,3,2,2,1,1,1,1,1,1,1,1,2,9,5,1,7,25,2,2,0
9,47,11,2013,4,7,1,2,2,1,1,1,1,1,1,1,1,2,19,11,1,7,33,2,2,0
5,40,2,2013,1,7,1,2,2,1,1,1,1,1,1,1,1,2,9,11,1,7,33,2,2,1
5,45,2,2013,4,1,1,2,2,1,1,1,1,1,1,1,1,2,14,6,1,7,33,2,2,0
6,40,2,2013,2,7,1,2,2,1,1,1,1,1,1,1,1,2,19,11,1,7,33,2,2,0
1,40,5,2013,2,1,1,2,2,1,1,1,2,1,1,1,1,2,14,11,1,7,33,2,2,0
1,40,4,2013,2,1,1,2,2,1,1,1,1,1,1,1,1,2,9,5,1,7,45,2,2,1
1,40,4,2013,1,1,1,2,2,1,1,1,1,1,1,1,1,2,15,11,1,7,33,2,2,0
1,40,6,2013,4,1,1,2,2,1,1,1,1,1,1,1,1,2,9,5,1,7,45,2,2,0
1,40,3,2013,1,1,1,2,2,1,1,1,1,1,1,1,1,2,8,6,1,7,33,2,2,0
6,40,3,2013,3,7,1,2,2,1,1,1,1,1,1,1,1,2,8,6,1,7,45,2,2,3
1,40,1,2013,4,7,1,2,2,1,1,1,1,1,1,1,1,2,9,11,1,7,45,2,2,0
4,35,2,2013,4,1,1,2,2,1,1,1,1,1,1,1,1,2,9,6,1,7,34,2,2,0
1,51,6,2013,2,1,1,2,2,1,1,1,1,1,1,1,1,2,7,11,1,7,40,2,2,0
12,41,8,2013,4,3,1,2,2,1,1,1,1,1,1,1,1,2,9,11,1,7,33,2,2,0
4,51,10,2013,2,7,1,2,2,1,1,1,1,1,1,2,1,2,19,11,1,7,33,2,2,0
4,40,11,2013,3,1,3,2,2,1,1,1,1,1,1,4,1,2,17,11,1,7,25,2,2,0
1,40,8,2013,4,1,1,2,2,1,1,1,1,1,1,1,1,2,19,11,1,7,33,2,2,0
1,40,7,2013,4,1,1,2,2,1,1,1,1,1,1,1,1,2,9,11,1,7,33,2,2,0
5,40,11,2013,3,1,1,2,2,1,1,1,1,1,1,1,1,2,19,11,1,7,33,2,2,0
1,40,12,2013,4,7,1,2,2,1,1,1,1,1,1,1,1,2,13,11,1,7,49,2,2,0
6,40,11,2013,4,7,1,2,2,1,1,1,1,1,1,2,1,2,19,11,1,7,33,2,2,0
3,40,7,2013,4,1,1,2,2,1,1,1,1,1,1,1,1,2,19,11,1,7,47,2,2,3
7,40,7,2013,3,7,1,2,2,1,1,1,1,1,1,1,1,2,6,11,1,7,30,2,2,1
6,40,8,2013,2,7,1,2,2,1,1,1,1,1,1,1,1,2,19,11,1,7,33,2,2,0
6,40,10,2013,2,7,1,2,2,1,1,1,1,1,1,1,1,2,9,11,1,7,33,2,2,0
5,40,9,2013,3,1,1,2,2,1,1,1,1,1,1,1,1,2,12,11,1,7,33,2,2,0
5,40,11,2013,2,1,1,2,2,1,1,1,1,1,1,2,1,2,14,11,1,7,33,2,2,0
5,40,4,2013,3,3,4,2,2,2,1,1,1,1,1,1,1,2,9,11,1,7,33,2,2,0
3,40,12,2013,4,7,1,2,2,1,4,1,1,1,1,1,1,2,9,6,1,7,33,2,2,3
6,40,12,2013,2,7,1,2,2,1,1,1,1,1,1,1,1,2,19,11,1,7,33,2,2,0
6,40,12,2013,4,7,1,2,2,1,1,1,1,1,1,1,1,2,13,11,1,7,1,2,2,0
1,40,7,2013,2,7,1,2,2,1,1,1,1,1,1,2,1,2,9,11,1,7,42,2,2,0
1,40,7,2013,4,7,1,2,2,1,1,1,1,1,1,2,1,2,19,11,1,7,20,2,2,0
1,40,7,2013,2,7,1,2,2,1,1,1,1,1,1,2,1,2,14,11,1,7,33,2,2,0
1,40,12,2013,3,7,1,2,2,1,1,1,1,1,1,2,1,2,17,11,1,7,33,2,2,0
1,40,12,2013,2,7,1,2,2,1,1,1,1,1,1,2,1,2,9,11,1,7,33,2,2,0
6,40,8,2013,2,1,1,2,2,1,1,1,1,1,1,2,1,2,14,11,1,7,35,2,2,0
3,40,12,2013,3,3,1,2,2,1,1,1,1,1,1,2,1,2,9,11,1,7,33,2,2,0
4,37,9,2013,2,7,1,2,2,1,1,1,1,1,1,1,1,2,4,6,1,7,35,2,2,3
2,37,11,2013,3,1,1,2,2,1,1,1,1,1,1,2,1,2,11,11,1,7,33,2,2,0
2,37,6,2013,3,7,1,2,2,1,1,1,1,1,1,2,1,2,8,11,1,7,30,2,2,0
7,37,6,2013,2,7,1,2,2,1,1,1,1,1,1,2,1,2,19,11,1,7,28,2,2,0
7,37,4,2013,3,7,1,2,2,1,1,1,1,1,1,2,1,2,13,11,1,7,36,2,2,0
5,37,3,2013,2,7,1,2,2,1,1,1,1,1,1,2,1,2,2,11,1,7,33,2,2,0
1,52,6,2013,4,2,1,2,2,1,1,1,1,1,1,1,1,2,4,11,1,7,25,2,2,0
1,52,6,2013,1,7,1,2,2,1,1,1,1,1,1,2,1,2,4,11,1,7,25,2,2,0
6,52,6,2013,3,7,1,2,2,1,1,1,1,1,1,2,1,2,9,11,1,7,23,2,2,0
5,41,12,2013,3,4,1,2,2,1,1,1,1,1,1,2,1,2,14,11,1,7,33,2,2,0
7,41,12,2013,4,7,1,2,2,1,1,1,1,1,1,2,1,2,9,11,1,7,33,2,2,0
1,41,12,2013,3,7,1,2,2,1,1,1,1,1,1,2,1,2,19,11,1,7,33,2,2,0
1,41,12,2013,4,7,1,2,2,1,1,1,1,1,1,1,1,2,14,11,1,7,33,2,2,0
12,47,12,2013,3,7,1,2,2,1,1,1,1,1,1,2,1,2,19,11,1,7,33,2,2,0
12,47,11,2013,3,7,1,2,2,1,4,1,1,1,1,2,1,2,18,11,1,7,33,2,2,0
4,39,8,2013,3,7,1,2,2,1,4,1,2,1,1,1,1,2,13,11,1,7,33,2,2,3
3,39,12,2013,3,1,3,2,2,1,1,1,1,1,1,2,1,2,9,5,1,7,33,2,2,0
1,39,11,2013,1,7,1,2,2,2,1,1,1,1,1,1,1,2,14,11,1,7,33,2,2,0
5,45,8,2013,3,1,1,2,2,1,1,1,1,1,1,2,1,2,9,11,1,7,33,2,2,0
4,35,8,2013,3,1,1,2,2,1,1,1,1,1,1,1,1,2,7,6,1,7,33,2,2,0
4,37,8,2013,1,1,1,2,2,1,1,1,1,1,1,1,1,2,19,11,1,7,33,2,2,0
1,47,8,2013,2,7,3,2,2,1,1,1,1,1,1,1,1,2,9,2,1,7,33,2,2,0
12,47,8,2013,3,7,8,2,2,1,1,1,1,1,1,1,1,2,13,1,1,7,33,2,2,0
10,52,8,2013,1,7,8,2,2,1,1,1,1,1,1,1,1,2,6,6,1,7,33,2,2,0
6,38,3,2013,4,3,1,2,2,1,1,1,1,1,1,1,1,2,14,6,1,7,33,2,2,0
3,49,12,2013,4,7,1,2,2,1,1,1,1,1,1,1,1,2,19,11,1,7,33,2,2,0
4,35,12,2013,4,7,8,2,2,1,1,1,1,1,1,1,1,2,19,11,1,7,33,2,2,0
4,40,12,2013,3,7,1,2,2,1,1,1,1,1,1,2,1,2,9,11,1,7,27,2,2,1
6,46,5,2013,4,1,1,2,1,1,3,1,1,1,1,1,1,2,9,11,1,1,33,2,2,0
4,40,11,2013,4,1,1,2,2,1,1,1,1,1,1,2,1,2,9,6,1,7,30,2,2,0
5,41,5,2013,1,1,2,2,2,1,1,1,1,1,1,1,1,1,19,6,1,1,33,2,2,0
5,40,2,2013,3,1,1,2,2,1,1,1,1,1,1,4,1,2,17,9,1,7,33,2,2,0
6,40,2,2013,2,1,1,2,2,1,1,1,1,1,1,1,2,2,19,6,1,1,33,2,2,0
1,38,2,2013,3,7,8,2,2,1,1,1,5,1,1,4,2,2,19,6,2,7,33,1,1,0
7,42,1,2013,3,1,1,2,2,1,1,2,1,1,1,5,1,1,9,6,1,1,34,2,2,0
33,42,1,2013,3,1,1,2,1,1,3,1,1,1,1,1,1,1,9,6,1,1,35,2,2,0
33,42,1,2013,1,1,1,2,1,1,3,1,1,1,1,1,1,1,9,6,1,1,35,2,2,0
10,42,1,2013,2,1,4,2,2,1,2,1,1,1,1,5,1,1,14,6,1,1,45,1,2,0
6,42,1,2013,3,1,1,1,2,1,1,1,1,1,1,5,1,1,14,6,1,1,30,2,2,0
15,42,1,2013,3,1,1,2,2,4,3,1,1,1,1,5,1,1,10,6,1,1,30,1,2,0
11,42,1,2013,3,1,1,2,1,1,1,1,1,1,1,5,1,1,8,6,1,1,35,2,2,3
14,42,1,2013,4,1,2,1,1,1,2,1,1,1,1,1,1,1,9,6,1,1,30,1,2,0
12,42,2,2013,4,1,4,2,1,1,3,1,1,1,1,5,1,1,9,6,1,1,40,2,2,0
11,42,2,2013,3,7,1,2,1,1,1,1,1,1,1,1,1,1,8,2,1,1,30,2,2,0
34,42,2,2013,2,1,4,2,1,1,1,1,1,1,1,5,1,1,8,6,1,1,35,2,2,0
22,42,2,2013,1,1,4,2,1,1,3,1,1,1,1,1,1,1,9,6,1,1,30,2,2,0
22,42,2,2013,3,2,4,2,1,1,1,1,1,1,1,1,1,1,9,6,1,1,38,2,2,0
33,42,1,2013,4,1,8,2,2,1,3,1,1,1,1,5,1,1,9,6,1,1,30,2,2,0
33,42,2,2013,2,7,1,2,1,1,1,1,1,1,1,1,1,1,9,6,1,1,30,2,2,0
33,42,2,2013,3,7,8,2,2,1,3,1,1,1,1,5,1,1,14,6,1,1,40,2,2,0
36,42,3,2013,4,2,5,2,1,1,3,1,1,1,1,5,1,1,9,6,1,1,35,2,2,0
42,42,3,2013,3,4,1,2,1,1,1,1,5,1,2,5,1,1,6,6,1,1,33,2,2,0
38,42,3,2013,3,3,4,2,1,1,2,1,1,1,1,5,1,1,13,6,1,1,30,2,2,0
41,42,2,2013,1,4,1,2,2,1,3,1,1,1,1,5,1,1,9,6,1,1,35,1,2,0
6,42,3,2013,2,1,4,2,1,1,1,1,1,1,1,1,1,1,14,6,1,1,30,2,2,0
33,42,3,2013,2,7,1,2,1,1,1,1,1,1,1,3,1,1,9,6,1,1,30,2,2,0
33,42,3,2013,3,7,4,2,1,1,1,2,1,1,3,5,1,1,9,6,1,1,35,2,2,0
33,42,3,2013,2,1,1,2,1,1,1,1,1,1,1,1,1,1,8,6,1,1,32,2,2,0
11,42,3,2013,4,7,1,2,1,1,3,1,1,2,2,5,1,1,8,6,1,1,30,2,2,1
22,42,3,2013,2,1,2,2,1,1,2,1,1,1,1,1,1,1,9,6,1,1,30,2,2,0
22,42,3,2013,3,1,2,2,1,1,1,1,1,1,1,1,1,1,5,6,1,1,32,2,2,1
14,42,3,2013,1,1,1,2,1,1,2,1,1,1,1,1,1,1,9,6,1,1,30,2,2,0
23,42,3,2013,3,1,1,2,2,1,3,1,1,1,1,5,1,1,9,6,1,1,30,2,2,0
27,42,4,2013,2,1,2,2,1,1,3,1,1,1,1,5,1,1,4,6,1,1,28,2,2,0
8,42,4,2013,4,2,6,2,1,1,2,1,1,1,1,5,1,1,10,6,1,1,30,2,2,3
20,42,4,2013,3,1,3,1,2,1,1,1,1,1,2,2,1,1,13,6,1,1,28,2,2,0
12,42,4,2013,2,2,5,2,1,1,1,1,1,1,1,5,1,1,10,6,1,1,30,1,2,1
32,42,4,2013,3,2,4,1,2,1,3,1,1,1,1,5,1,1,14,4,1,1,28,1,2,0
11,42,3,2013,3,2,4,1,2,1,1,1,1,2,2,5,1,1,8,6,1,1,30,1,2,1
34,42,4,2013,1,1,4,2,1,1,3,1,1,1,1,5,1,1,14,6,1,1,30,2,2,0
34,42,4,2013,3,1,8,2,2,1,1,1,1,1,1,5,1,1,9,6,1,1,26,1,2,0
34,42,4,2013,3,7,4,2,1,1,1,1,1,1,1,1,1,1,19,6,1,1,25,2,2,0
34,42,4,2013,3,1,8,1,2,1,1,1,1,2,1,5,1,1,6,6,1,6,28,2,2,0
34,42,4,2013,3,7,1,1,2,1,3,1,1,1,1,5,1,1,9,6,1,1,30,2,2,0
15,42,4,2013,3,2,1,1,2,1,1,1,1,1,1,5,1,1,8,6,1,1,30,1,2,2
33,42,5,2013,2,1,8,2,1,1,1,1,1,1,1,1,1,1,9,6,1,1,40,2,2,0
33,42,5,2013,3,7,8,2,1,1,1,4,1,1,3,5,1,1,9,6,1,1,32,2,2,0
33,42,5,2013,2,3,4,2,1,1,1,1,1,1,1,5,1,1,9,6,1,1,45,2,2,3
33,42,5,2013,4,1,4,2,1,1,2,4,1,1,1,1,2,1,9,6,1,1,40,2,2,0
33,42,5,2013,3,3,4,2,2,1,1,1,1,1,1,5,1,2,9,6,1,1,30,2,2,0
42,42,5,2013,1,1,1,1,1,1,2,1,1,1,1,5,1,1,9,6,1,1,30,1,2,2
37,42,4,2013,2,1,4,2,1,1,2,1,1,1,1,1,1,1,8,1,1,1,30,1,2,0
16,42,3,2013,2,3,4,2,1,1,2,1,1,1,1,1,1,1,8,6,1,1,26,2,2,0
46,42,5,2013,3,1,4,2,1,1,1,1,1,1,1,5,1,1,2,6,1,1,36,2,1,0
11,42,5,2013,2,1,8,2,1,1,1,1,1,1,1,5,1,1,8,2,1,1,30,2,2,0
13,42,4,2013,1,1,8,2,1,1,3,1,1,1,1,1,1,1,14,6,1,1,30,1,2,0
23,42,6,2013,3,7,4,2,1,1,1,1,1,1,1,5,1,1,9,6,1,1,28,1,2,0
22,42,6,2013,1,1,2,2,1,1,2,1,1,1,1,1,1,1,9,6,1,1,20,2,2,0
22,42,6,2013,1,1,4,2,2,1,3,1,1,1,1,1,1,1,9,6,1,1,45,2,2,0
22,42,6,2013,1,1,4,2,1,1,3,1,1,1,1,1,1,1,9,6,1,1,25,2,2,0
44,42,5,2013,3,2,6,1,1,1,1,1,1,1,1,5,1,1,9,9,1,1,31,2,2,0
44,42,5,2013,2,2,6,1,2,1,1,1,1,1,1,5,1,1,9,9,1,3,43,2,2,0
2,42,2,2013,4,5,4,2,1,1,2,1,1,1,1,5,1,1,9,6,2,6,36,1,2,0
2,42,3,2013,4,5,4,2,1,1,1,1,1,1,1,5,1,1,9,6,2,6,30,2,2,0
44,42,6,2013,1,2,1,2,1,1,3,1,1,1,1,5,1,1,9,6,1,1,30,2,2,0
44,42,6,2013,1,1,4,2,1,1,3,1,1,1,1,5,1,1,9,6,1,1,30,2,2,0
44,42,6,2013,4,2,6,2,1,1,3,1,1,1,1,5,1,1,9,9,1,7,32,2,2,0
44,42,6,2013,2,1,4,2,1,1,2,1,1,1,1,5,1,1,12,6,1,1,28,1,2,0
44,42,6,2013,1,1,4,1,2,1,1,1,1,1,1,5,1,1,10,4,1,7,30,2,2,0
47,42,6,2013,2,2,4,2,1,1,2,1,1,1,1,5,1,1,6,6,1,1,35,2,2,0
24,42,6,2013,3,1,8,2,2,1,3,1,1,1,1,1,1,1,12,6,1,1,30,2,2,0
29,42,1,2013,4,1,3,1,1,1,3,1,1,1,1,1,5,1,9,6,1,1,40,2,2,0
29,42,1,2013,3,1,1,2,1,1,3,1,1,1,1,5,1,1,14,6,1,1,35,2,2,0
29,42,1,2013,4,1,4,2,1,1,2,1,2,2,2,5,1,2,10,8,1,1,18,2,2,0
29,42,4,2013,3,1,1,2,1,1,1,1,1,1,1,5,1,1,8,6,1,1,26,2,2,0
29,42,5,2013,4,2,1,2,1,1,2,1,1,1,1,5,1,1,10,2,1,1,30,2,2,1
29,42,6,2013,3,2,1,2,1,1,1,1,1,1,1,5,1,1,9,6,1,1,30,2,2,0
48,42,5,2013,3,3,1,2,2,1,1,1,5,1,3,5,4,1,9,6,1,1,26,2,2,0
33,42,6,2013,2,3,8,2,2,1,1,3,1,1,1,3,1,1,9,6,1,1,40,2,2,0
33,42,6,2013,3,7,4,2,2,1,1,1,1,1,1,5,1,1,9,6,1,1,45,2,2,0
33,42,6,2013,3,7,8,2,1,1,1,1,1,1,1,5,1,1,9,6,1,1,30,2,2,1
14,42,7,2013,1,1,1,1,2,1,2,1,1,1,1,1,1,1,9,6,1,1,35,2,2,0
23,42,7,2013,4,1,1,2,1,1,3,1,1,1,1,5,1,1,9,6,1,1,50,2,2,0
23,42,7,2013,1,1,1,1,1,1,3,1,1,1,1,5,1,1,9,6,1,1,30,2,2,0
22,42,7,2013,3,1,4,2,1,1,1,1,1,1,1,1,1,1,5,6,1,1,30,2,2,0
22,42,7,2013,4,1,2,2,1,1,2,1,1,1,1,1,1,1,9,6,1,1,40,2,2,0
22,42,7,2013,1,1,2,2,1,1,2,1,1,1,1,1,1,1,9,6,1,1,30,2,2,0
22,42,7,2013,3,5,2,2,1,1,1,1,1,1,1,1,1,1,8,6,1,1,27,2,2,0
33,42,7,2013,3,1,1,2,1,1,1,1,1,1,1,5,1,1,9,6,1,1,40,2,2,0
33,42,7,2013,3,7,1,2,1,1,1,1,1,1,3,5,1,1,8,6,1,1,28,2,2,0
33,42,7,2013,2,1,4,2,1,1,2,2,4,1,3,5,1,1,8,6,1,1,22,2,2,1
33,42,7,2013,4,3,4,2,2,1,2,1,1,1,1,5,1,1,9,6,1,1,32,2,2,0
16,42,7,2013,2,1,1,2,1,1,2,1,1,1,1,5,1,1,16,6,1,1,40,2,2,0
10,42,6,2013,4,1,4,2,1,1,3,1,1,1,1,5,1,1,9,6,1,1,30,1,2,0
10,42,7,2013,1,1,1,2,2,1,2,1,1,1,1,5,1,1,14,6,1,1,35,1,2,0
10,42,7,2013,1,1,4,2,1,1,1,1,1,1,1,5,5,1,9,6,1,1,30,1,2,0
9,42,1,2013,4,7,4,1,1,1,2,1,1,1,1,5,1,1,9,6,1,1,38,2,2,0
9,42,1,2013,4,1,1,1,1,1,3,1,1,1,1,5,1,1,9,6,1,1,32,2,2,0
9,42,3,2013,4,1,1,1,1,1,2,1,1,1,1,5,1,1,4,6,1,1,25,2,1,0
9,42,4,2013,1,1,1,2,1,1,3,1,1,1,1,5,1,1,14,6,1,1,30,1,2,0
9,42,7,2013,4,1,1,1,2,1,3,1,1,1,1,5,1,1,14,6,1,1,30,2,2,0
34,42,7,2013,1,7,1,2,2,2,3,1,2,1,1,5,1,1,9,6,1,1,25,1,2,0
34,42,7,2013,2,1,1,2,2,1,1,3,1,1,1,5,1,1,9,6,1,1,27,2,2,1