Thana,District,Month,Year,Time,Junction_Type,Traffic_Control,Movement,Divider,Weather,Light,Road_Geometry,Surface_Condition,Surface_Type,Surface_Quality,Road_Class,Road_Feature,Location_Type,Vehicle_Type,Vehicle_Movement,Vehicle_Loading,Vehicle_Defect,Vehicle_Driver_Age,Vehicle_Alcohol,Vehicle_Seat_Belt,Accident_Severity
8,42,7,2013,3,1,4,2,1,1,3,1,1,1,1,5,1,1,13,6,1,1,30,2,2,0
25,42,7,2013,4,1,1,2,2,1,4,3,1,1,1,5,1,1,10,6,1,1,25,2,2,0
16,42,8,2013,3,2,4,2,1,1,1,1,1,1,1,5,1,1,4,6,1,1,25,2,2,1
42,42,8,2013,3,1,1,2,1,1,1,1,1,1,1,5,1,1,9,6,1,1,25,2,2,0
42,42,8,2013,4,2,2,2,1,1,3,1,1,1,1,5,5,1,9,4,1,1,30,1,2,0
26,42,8,2013,2,3,6,2,1,1,1,2,1,1,1,5,1,1,9,6,1,1,25,1,2,0
46,42,8,2013,3,1,1,2,1,1,1,1,1,1,1,5,1,1,8,6,1,1,30,2,2,0
46,42,8,2013,2,1,1,2,2,1,1,2,1,1,1,4,1,1,8,2,1,3,45,2,2,0
25,42,8,2013,4,1,4,1,2,1,3,3,1,1,1,5,1,1,13,7,1,1,27,1,2,0
34,42,8,2013,2,3,5,2,1,1,1,1,1,1,1,1,5,1,6,7,1,1,20,2,2,1
34,42,8,2013,2,3,4,2,1,1,1,1,1,1,1,5,1,1,9,6,1,1,35,2,2,1
15,42,8,2013,4,2,4,2,1,1,3,1,1,1,1,5,1,1,8,6,1,1,40,2,2,0
17,42,4,2013,3,1,4,2,1,1,1,1,1,1,1,5,1,1,9,6,1,1,20,1,2,1
17,42,6,2013,2,1,1,2,1,1,1,1,1,1,1,5,1,1,12,6,1,1,30,2,2,0
17,42,8,2013,4,2,4,2,1,1,3,1,1,1,1,5,1,1,9,6,1,1,30,2,2,0
44,42,8,2013,2,1,4,2,2,1,1,1,1,1,1,3,1,1,7,4,1,1,25,1,2,0
44,42,8,2013,4,7,4,2,1,1,3,1,1,1,1,5,1,1,10,6,1,1,30,1,2,0
30,42,8,2013,3,1,1,2,2,1,1,1,1,1,1,4,1,1,8,6,1,1,30,2,2,1
10,42,8,2013,2,3,8,1,1,1,1,1,1,1,1,5,1,1,9,6,1,1,30,2,2,0
22,42,8,2013,3,1,4,2,1,1,1,1,1,1,1,1,1,1,9,6,1,1,40,2,2,0
33,42,8,2013,3,1,8,2,1,1,1,1,1,1,1,1,1,1,8,6,1,1,20,2,2,0
33,42,8,2013,2,1,4,2,2,1,1,1,1,1,1,5,1,1,6,6,1,1,35,2,2,0
13,42,9,2013,1,6,1,1,1,1,2,1,1,1,1,1,1,1,9,6,1,1,30,2,2,0
40,42,9,2013,1,1,4,2,1,1,3,1,1,1,1,5,1,1,14,6,1,1,40,1,2,0
20,42,9,2013,2,1,1,2,1,1,1,1,1,1,1,2,1,1,14,6,1,1,30,2,2,0
23,42,9,2013,4,1,1,2,1,1,2,1,1,1,1,5,1,1,9,6,1,1,35,2,2,0
1,42,1,2013,1,1,1,1,2,1,2,1,1,1,1,5,1,1,9,6,1,1,33,2,2,0
1,42,2,2013,3,3,4,2,1,1,1,1,1,1,1,5,1,1,10,6,1,1,35,2,2,3
1,42,4,2013,3,1,1,2,1,1,1,1,1,1,1,5,1,1,9,6,1,1,23,2,2,0
1,42,5,2013,2,2,4,2,1,1,1,1,1,1,1,5,1,1,4,2,1,1,45,1,1,1
1,42,7,2013,2,1,1,1,1,1,1,1,1,1,1,5,1,1,10,6,1,1,30,2,2,0
1,42,8,2013,2,7,3,1,1,1,1,1,2,1,1,5,1,1,9,6,1,1,21,2,2,0
22,42,9,2013,3,5,2,2,1,1,1,1,1,1,1,1,1,1,9,6,1,1,40,2,2,0
22,42,9,2013,4,1,2,2,2,1,3,1,1,1,1,1,1,1,9,6,1,1,35,2,2,0
1,42,9,2013,3,1,1,2,1,1,1,1,1,1,1,5,1,1,9,6,1,1,42,2,2,0
1,42,9,2013,1,2,4,2,1,1,3,1,1,1,1,5,1,1,14,6,1,1,42,2,2,0
33,42,9,2013,3,1,1,2,1,1,1,1,1,1,3,5,1,1,9,6,1,1,30,2,2,0
11,42,9,2013,4,1,4,2,1,1,3,1,1,1,1,2,1,1,8,2,1,1,30,2,2,3
34,42,8,2013,3,7,6,1,2,1,1,1,1,1,1,5,1,1,9,6,1,1,30,2,2,0
46,42,9,2013,2,1,3,2,1,1,1,2,1,1,1,5,1,1,12,2,1,1,28,2,2,0
26,42,9,2013,2,2,6,2,1,1,1,1,1,1,1,5,1,1,8,6,1,1,30,2,2,0
45,42,9,2013,3,2,6,2,2,1,1,1,1,1,1,5,1,1,8,6,1,1,30,2,2,0
28,42,10,2013,2,2,4,2,1,1,1,1,1,1,1,5,1,1,8,2,1,1,30,2,2,0
28,42,10,2013,4,1,1,2,1,1,3,1,1,1,1,5,1,1,9,6,1,1,28,2,2,0
36,42,10,2013,2,1,4,1,2,1,1,1,1,1,1,5,1,1,7,6,1,1,30,2,2,0
49,42,10,2013,3,2,3,2,1,1,1,1,1,1,1,3,1,1,9,6,1,1,34,2,2,0
9,42,8,2013,3,1,1,2,1,1,1,1,1,1,1,5,1,1,9,6,1,1,25,2,2,0
9,42,8,2013,2,1,4,2,1,1,2,1,1,1,1,5,1,1,8,6,1,1,30,2,2,0
9,42,8,2013,1,3,4,1,1,1,3,1,1,1,1,5,1,1,10,6,1,1,35,2,1,1
9,42,9,2013,2,1,1,2,1,1,1,1,1,1,1,5,1,1,9,6,1,1,30,2,2,0
9,42,9,2013,4,1,1,2,1,1,3,1,1,1,1,5,1,1,9,6,2,1,30,2,2,0
44,42,10,2013,4,1,4,2,2,1,2,1,2,1,1,1,1,1,9,6,1,7,30,1,2,0
44,42,10,2013,1,1,4,2,2,1,2,1,1,1,1,3,1,1,13,6,1,7,28,2,2,0
44,42,10,2013,1,3,4,1,2,1,3,1,1,1,1,3,1,1,9,6,1,7,40,1,2,0
44,42,10,2013,1,2,4,2,2,1,3,1,1,1,1,5,1,1,9,6,1,1,35,1,2,0
44,42,10,2013,1,1,4,2,1,1,3,1,1,1,1,3,1,1,9,6,1,1,35,1,2,0
11,42,9,2013,2,1,4,2,1,1,1,1,1,1,1,5,1,1,6,6,1,1,30,2,2,1
34,42,11,2013,2,1,1,1,1,1,1,1,1,1,1,1,1,1,9,6,1,1,40,2,2,0
15,42,11,2013,4,3,1,1,2,1,3,1,1,1,1,5,1,1,4,6,1,1,1,2,1,0
22,42,10,2013,4,1,2,2,1,1,2,1,1,1,1,1,1,1,11,6,1,1,40,2,2,0
22,42,10,2013,1,1,4,2,1,1,2,1,1,1,1,1,1,1,9,6,1,1,35,2,2,0
22,42,10,2013,1,1,1,2,1,1,3,1,1,1,1,3,1,1,1,2,1,1,40,1,2,2
22,42,10,2013,3,5,4,2,1,1,1,1,1,1,1,1,1,1,8,6,1,1,35,2,2,0
22,42,10,2013,1,5,2,2,2,1,2,1,1,1,1,1,1,1,9,6,1,1,38,2,2,0
13,42,11,2013,2,1,4,1,2,1,2,1,1,1,1,1,1,1,9,6,1,1,30,2,2,0
29,42,10,2013,4,1,4,2,1,1,1,1,1,1,1,5,1,1,6,6,1,1,20,2,2,0
29,42,10,2013,2,1,4,2,1,1,1,1,1,1,1,5,1,1,9,6,1,1,30,2,2,3
29,42,10,2013,3,1,4,2,1,1,1,1,1,1,1,5,1,1,9,1,1,1,30,2,2,0
36,42,10,2013,4,3,1,1,2,1,3,1,1,1,1,5,1,1,7,1,1,1,30,2,2,0
30,42,3,2013,2,1,4,2,1,1,1,1,1,1,1,5,1,1,13,6,1,1,40,2,2,0
30,42,8,2013,3,1,4,1,1,1,1,1,1,1,1,1,1,1,8,6,1,1,38,2,2,1
43,42,9,2013,2,3,4,2,1,1,2,1,1,1,1,5,1,1,9,6,1,1,40,2,2,0
27,42,4,2013,2,1,4,2,1,1,1,1,1,1,1,5,1,1,4,6,1,1,28,2,1,1
27,42,6,2013,4,2,6,2,1,1,2,1,1,1,1,5,1,1,4,6,1,1,30,2,1,1
27,42,8,2013,1,2,5,1,1,1,2,1,1,1,1,5,1,1,9,6,1,1,30,2,2,0
18,42,10,2013,2,7,1,2,2,1,1,1,1,2,2,5,1,1,19,6,1,7,25,2,2,0
14,42,11,2013,4,1,1,1,1,1,3,1,1,1,1,1,1,1,14,6,1,1,32,2,2,0
44,42,11,2013,3,1,1,2,2,1,1,1,1,1,1,5,1,1,7,6,1,1,30,2,2,1
44,42,11,2013,4,2,1,2,2,1,3,1,1,1,1,5,1,1,13,2,1,1,37,2,2,0
22,42,11,2013,2,7,4,2,1,1,2,1,1,1,1,1,1,1,9,6,1,1,40,2,2,0
6,42,11,2013,1,1,4,2,1,1,2,1,1,1,1,5,1,1,14,6,1,1,40,1,2,0
35,42,11,2013,1,3,1,2,2,1,3,2,1,1,1,5,1,1,13,6,1,1,23,2,2,0
23,42,10,2013,1,1,1,2,1,1,2,1,1,1,1,5,1,1,9,6,1,1,30,2,2,0
23,42,10,2013,4,1,1,2,1,1,3,1,1,1,1,5,1,1,8,6,1,1,35,2,2,1
40,42,10,2013,4,1,1,2,1,1,2,1,1,1,1,5,1,1,9,6,1,1,30,2,2,0
44,42,9,2013,1,7,8,2,1,1,4,1,1,1,1,1,1,1,9,6,1,1,50,1,2,0
44,42,9,2013,1,3,8,2,1,1,1,1,1,1,1,1,1,1,14,7,1,7,40,1,2,0
21,42,6,2013,2,3,1,1,1,1,1,1,1,1,2,5,1,1,13,5,1,1,65,2,2,1
1,42,11,2013,3,2,1,1,1,1,2,1,1,1,1,5,1,1,10,6,1,7,25,1,1,0
32,42,10,2013,3,3,4,1,1,1,1,1,1,1,1,5,1,1,9,6,1,1,40,2,2,0
9,42,11,2013,4,1,4,1,2,1,3,1,1,1,1,5,1,1,9,6,1,1,30,1,2,1
33,42,11,2013,3,3,1,2,1,1,1,3,1,1,3,5,1,1,9,6,1,1,32,2,2,0
29,42,12,2013,2,1,4,2,1,1,1,1,1,1,1,5,1,1,9,6,1,1,30,2,2,0
29,42,12,2013,4,1,4,2,1,1,3,1,1,1,1,5,1,1,9,6,1,1,40,2,2,0
28,42,12,2013,2,7,8,1,1,1,1,1,1,1,1,5,1,1,8,6,1,1,42,2,2,0
20,42,12,2013,3,1,1,2,1,1,1,1,1,1,1,5,1,1,19,6,2,1,30,2,2,0
7,42,10,2013,4,1,1,2,2,1,2,1,1,1,1,2,1,1,14,6,1,1,35,1,2,0
36,42,12,2013,2,1,4,2,2,1,1,1,1,1,1,5,1,1,9,6,1,1,35,2,2,0
24,42,12,2013,1,7,1,2,2,4,2,2,1,1,1,5,1,1,9,6,1,1,30,2,2,0
44,42,12,2013,1,1,4,2,2,1,3,1,1,1,1,5,1,1,9,6,1,6,40,1,2,0
22,42,12,2013,4,1,2,2,1,1,3,1,1,1,1,1,1,1,9,6,1,1,40,2,2,0
22,42,12,2013,1,7,3,2,1,1,2,1,1,1,1,5,1,1,10,6,1,1,38,2,2,0
22,42,12,2013,4,5,2,2,1,1,3,1,1,1,1,5,1,1,9,6,1,1,30,2,2,1
14,42,12,2013,2,4,4,2,1,1,2,1,1,1,1,1,1,1,19,11,1,1,30,1,2,0
14,42,12,2013,1,1,3,1,1,1,2,1,1,1,1,1,1,1,9,6,1,1,40,2,2,0
17,42,8,2013,2,7,4,2,1,1,1,1,1,1,1,5,1,1,9,6,1,1,30,2,2,0
16,42,12,2013,4,1,1,2,1,1,3,1,1,1,1,5,1,1,9,4,1,1,28,1,2,0
33,42,12,2013,4,1,1,2,1,1,3,1,1,1,1,5,1,1,13,6,1,1,50,1,2,0
33,42,12,2013,3,1,4,1,2,1,1,4,1,2,3,5,1,1,9,6,1,1,35,2,2,0
33,42,12,2013,1,1,8,2,1,1,4,1,1,1,1,5,1,1,9,6,1,1,40,2,2,0
10,42,12,2013,2,7,8,1,1,1,1,1,1,1,1,5,1,1,6,11,1,1,30,1,2,0
29,42,11,2013,1,1,4,2,1,1,1,1,1,1,1,1,5,1,8,6,1,1,30,2,2,1
32,42,12,2013,4,1,3,2,1,1,3,1,1,1,1,5,1,1,4,6,1,7,28,2,2,0
32,42,12,2013,2,1,4,2,1,1,1,1,1,1,1,1,5,1,19,6,1,7,35,2,2,0
32,42,12,2013,2,3,1,1,1,1,2,1,1,1,1,5,1,1,19,6,1,7,50,2,2,0
39,42,10,2013,4,1,1,2,1,1,2,1,1,1,1,5,1,1,9,6,1,1,30,2,2,0
23,42,2,2013,1,4,1,2,1,1,4,1,1,1,1,5,1,1,14,6,2,6,32,1,2,0
18,42,5,2013,4,1,8,2,1,1,2,1,1,1,1,5,1,1,7,5,1,1,28,1,2,1
4,25,1,2013,2,1,8,2,2,1,1,2,2,1,1,2,1,2,9,6,2,7,33,1,2,0
2,22,1,2013,2,1,1,2,2,1,1,1,1,1,1,4,1,2,14,6,1,7,33,1,2,1
6,29,3,2013,2,1,1,2,2,1,4,2,1,1,1,3,1,2,4,6,1,7,33,1,2,0
1,26,2,2013,2,2,1,2,2,1,1,1,1,1,1,1,1,2,14,6,2,7,33,1,2,0
6,26,1,2013,2,1,1,2,2,1,1,1,1,1,1,3,1,2,19,9,2,7,26,1,2,0
3,21,1,2013,4,1,1,2,2,2,4,1,2,1,1,1,1,2,19,6,1,7,33,1,2,0
1,23,2,2013,2,1,1,2,2,1,1,2,1,1,2,2,1,2,9,6,1,7,23,1,2,0
1,20,4,2013,4,1,1,2,2,1,1,1,1,1,2,3,1,2,14,6,1,7,35,1,2,1
2,20,2,2013,3,1,1,2,2,1,1,1,1,1,1,3,1,2,8,6,1,7,33,1,2,0
3,19,3,2013,2,1,1,2,2,1,1,2,1,1,1,4,1,2,17,3,2,1,32,1,2,0
3,19,3,2013,3,1,1,2,2,1,1,1,1,1,1,1,1,2,7,6,2,1,33,1,2,0
1,19,5,2013,1,3,1,2,2,1,1,1,1,1,1,5,1,1,4,6,1,7,24,1,2,1
1,18,3,2013,2,7,1,2,2,1,2,1,1,1,1,3,1,2,9,6,2,3,35,1,2,0
2,18,2,2013,3,1,1,2,2,1,1,3,1,3,1,4,1,2,19,6,2,7,25,1,2,0
2,18,3,2013,2,1,1,2,2,1,1,3,5,2,1,5,1,2,14,6,1,7,33,1,2,0
3,18,2,2013,2,1,1,2,2,1,1,1,1,2,1,3,1,2,19,6,1,7,28,1,2,1
3,18,4,2013,3,1,1,2,2,1,1,1,1,1,1,3,1,2,4,6,2,7,33,1,2,0
5,18,2,2013,2,7,1,2,2,1,1,1,1,1,1,1,1,2,9,6,2,3,33,1,2,0
6,18,1,2013,4,1,1,2,2,1,4,1,1,1,1,4,1,2,4,6,1,7,25,1,2,0
7,18,3,2013,1,1,1,2,2,1,1,1,1,1,1,1,1,2,12,6,2,7,33,1,2,0
1,26,9,2013,3,1,1,2,2,1,1,1,1,1,1,2,1,2,8,6,2,3,42,1,2,0
4,26,8,2013,3,1,1,2,2,1,1,1,1,1,1,2,1,2,4,6,2,1,21,1,2,0
5,26,8,2013,2,1,1,2,2,2,1,2,2,1,1,1,1,1,4,6,2,7,40,1,2,1
6,26,8,2013,2,1,1,2,2,1,4,1,1,1,1,4,1,2,19,6,2,3,28,1,2,1
1,29,1,2013,3,1,1,2,2,1,1,1,1,1,1,2,1,1,13,6,2,7,40,1,2,3
1,29,5,2013,2,1,1,2,2,1,1,2,1,1,2,3,1,2,6,6,1,6,32,1,2,0
1,29,6,2013,3,1,1,2,2,1,1,1,1,1,1,1,1,1,19,2,2,7,26,1,2,1
1,29,9,2013,2,1,1,2,2,1,2,1,1,1,1,2,1,2,11,6,1,1,33,1,2,0
1,19,7,2013,2,1,1,1,2,1,2,1,1,1,1,4,1,2,19,11,1,2,33,1,0,0
3,19,7,2013,2,1,1,2,2,1,1,1,1,1,1,4,1,2,17,6,2,1,35,1,2,0
1,29,9,2013,2,7,1,2,2,1,1,1,1,1,1,5,1,1,19,11,2,7,33,1,2,1
2,29,9,2013,2,1,1,2,2,1,1,1,1,1,1,3,1,2,9,6,1,1,37,2,2,0
2,29,11,2013,3,1,1,2,2,1,1,1,1,1,1,3,2,1,9,1,1,1,33,2,2,0
3,29,8,2013,3,1,1,2,2,1,1,1,1,1,1,2,1,1,10,4,2,7,33,1,2,0
3,29,8,2013,1,1,8,2,1,1,1,1,1,1,1,1,1,1,8,6,1,1,33,1,2,0
6,29,7,2013,2,1,1,2,2,1,1,1,1,1,1,1,1,1,13,6,1,1,33,1,2,0
8,29,3,2013,3,1,1,2,2,1,1,1,1,1,1,4,1,2,19,6,2,7,35,2,2,3
8,29,9,2013,1,1,1,2,2,1,1,1,1,1,1,4,1,2,4,6,1,1,33,1,2,0
5,24,6,2013,3,1,3,2,2,1,1,1,1,1,1,1,1,2,9,6,1,1,33,1,2,1
5,24,6,2013,1,1,1,2,2,1,2,1,1,1,1,1,1,1,19,6,1,3,33,1,2,0
1,22,5,2013,3,1,1,2,2,1,1,1,1,1,1,3,1,2,9,6,1,1,33,1,2,0
1,22,7,2013,1,1,1,2,2,1,2,1,1,1,1,3,1,2,11,6,1,7,33,1,2,0
4,22,11,2013,1,1,1,2,2,1,1,2,1,1,1,4,1,2,19,6,1,3,33,1,2,1
1,25,1,2013,4,1,3,2,2,1,3,3,1,1,1,3,1,2,14,6,1,3,33,1,2,1
1,25,7,2013,1,1,3,2,2,1,1,1,1,1,1,4,1,2,14,6,1,3,33,1,2,0
2,25,5,2013,1,1,1,2,2,1,2,1,1,1,1,3,1,2,4,6,2,3,33,1,2,0
4,25,3,2013,1,1,3,2,2,1,1,1,1,1,1,2,1,2,14,6,2,3,33,1,2,1
1,18,7,2013,1,7,1,1,2,1,4,2,1,1,1,1,1,1,14,6,1,1,33,1,2,0
2,18,6,2013,1,7,2,2,2,1,1,1,1,1,1,1,1,2,14,10,2,7,40,1,2,0
2,18,9,2013,4,1,4,2,2,1,4,1,1,1,1,3,1,2,4,9,1,3,22,1,2,1
2,18,12,2013,2,2,1,2,2,2,4,1,1,1,1,4,1,2,4,6,1,1,30,2,2,0
3,18,8,2013,2,7,1,2,2,1,1,1,1,1,2,2,3,2,4,6,1,1,25,1,2,0
4,18,6,2013,4,1,1,2,2,1,4,1,1,1,1,2,1,2,5,6,1,3,33,1,2,0
4,18,10,2013,2,1,1,2,2,1,1,1,1,1,1,4,1,2,19,6,2,3,33,1,2,0
4,18,12,2013,3,1,3,2,2,1,1,1,1,1,1,4,1,2,14,6,2,3,33,1,2,0
5,18,10,2013,1,1,1,2,1,1,1,1,1,1,1,1,1,1,4,6,1,1,33,1,2,0
7,18,9,2013,1,1,1,2,2,1,4,1,1,1,1,1,1,1,14,6,2,1,22,1,2,0
6,18,10,2013,3,1,1,2,2,1,1,1,1,1,1,1,1,1,14,6,1,1,35,2,2,0
6,18,11,2013,2,1,1,2,2,1,4,5,1,1,1,3,2,1,13,6,1,7,33,1,2,0
7,18,9,2013,4,1,1,2,2,1,3,1,1,1,1,1,1,1,9,9,1,7,33,2,2,0
3,25,6,2013,2,1,1,2,2,1,1,1,1,1,1,3,1,2,19,1,2,7,33,1,2,1
1,21,3,2013,3,1,1,2,2,1,1,1,1,1,1,1,1,2,9,6,1,1,49,1,2,1
3,21,8,2013,2,1,1,2,2,1,1,1,1,1,1,1,1,2,9,6,1,1,33,2,2,0
6,21,8,2013,2,1,1,2,2,1,1,1,1,1,1,3,1,2,7,6,1,1,35,2,2,0
1,24,7,2013,1,1,1,2,2,1,3,1,1,1,1,5,1,1,14,6,1,1,33,2,2,2
6,25,10,2013,4,2,1,2,1,1,2,1,1,1,1,3,1,2,4,5,1,1,33,1,2,0
3,29,5,2013,2,1,1,2,2,2,1,1,2,1,2,1,1,2,6,6,1,1,33,2,2,1
1,26,8,2013,2,1,1,2,2,1,1,1,1,1,1,1,1,2,8,5,1,1,33,2,2,0
4,26,1,2013,3,1,1,2,1,1,1,1,1,1,1,2,1,1,4,6,1,1,33,2,2,0
6,26,8,2013,4,1,1,1,2,1,1,1,1,1,1,3,1,2,18,6,1,1,33,2,2,0
9,26,4,2013,2,1,1,2,2,1,1,2,1,1,1,3,1,2,9,2,1,1,35,1,2,0
6,18,10,2013,3,1,1,2,2,1,1,1,1,1,1,3,1,2,19,6,1,1,33,2,2,0
7,18,7,2013,3,7,1,2,2,1,1,1,1,1,1,1,1,1,9,6,1,1,33,2,2,3
1,28,5,2013,4,4,8,2,2,1,3,1,1,1,1,5,1,1,4,6,1,7,16,2,2,0
4,28,5,2013,3,7,8,2,2,1,3,1,1,1,1,5,1,1,5,11,1,7,33,1,2,0
5,28,5,2013,2,6,8,1,1,1,1,1,1,1,1,1,1,1,14,11,1,7,20,1,2,0
1,28,1,2013,3,7,8,1,2,1,1,1,1,1,1,5,1,1,19,11,1,7,33,1,2,0
2,28,8,2013,3,7,8,1,1,1,1,1,2,1,1,1,1,1,9,2,1,1,47,1,2,0
5,28,8,2013,4,1,1,2,2,1,1,1,1,1,1,5,1,1,19,11,1,1,33,1,2,0
2,28,10,2013,2,1,8,2,2,1,1,1,1,1,1,5,1,1,10,5,1,1,33,1,2,1
8,28,10,2013,2,1,1,2,2,1,1,1,1,1,1,5,1,1,14,6,1,7,33,1,2,0
8,28,10,2013,3,2,1,1,2,1,2,1,1,1,1,1,1,2,13,11,1,7,33,1,2,0
7,28,11,2013,3,1,1,2,2,1,1,1,1,1,1,5,1,1,14,6,2,7,30,1,2,0
2,28,1,2013,4,1,8,2,2,1,1,1,1,1,1,5,1,1,4,6,1,7,28,2,1,3
8,13,2,2013,2,1,1,1,2,1,1,1,1,1,1,1,1,1,14,7,1,1,33,2,2,0
4,13,3,2013,4,1,1,1,2,1,4,1,1,1,2,3,1,2,17,6,1,1,22,2,2,0
5,13,4,2013,4,1,1,2,2,1,4,1,1,1,1,3,1,2,10,6,1,2,33,1,0,0
5,13,6,2013,4,1,1,2,2,1,4,1,1,1,1,1,1,2,19,11,1,1,33,1,2,0
3,12,9,2013,3,7,3,1,2,1,1,1,1,1,1,4,1,1,12,11,1,1,24,2,2,0
5,12,2,2013,2,3,8,2,2,1,1,1,1,1,1,4,1,2,4,6,1,7,35,2,2,1
3,15,9,2013,4,1,1,2,2,1,1,1,1,1,1,1,2,1,19,6,1,1,33,2,2,0
1,15,10,2013,1,1,8,2,2,1,4,1,1,1,1,1,1,2,14,5,2,7,33,2,2,0
3,15,11,2013,4,1,1,2,2,4,4,1,1,1,1,1,1,1,19,6,1,1,33,2,2,0
3,15,11,2013,1,1,1,1,2,1,2,2,1,1,2,1,1,2,14,6,1,1,33,2,2,0
3,15,4,2013,4,1,1,2,2,3,4,2,2,1,1,1,1,2,19,6,1,1,33,1,2,0
3,15,5,2013,1,1,1,2,2,2,4,3,2,1,1,1,1,2,9,6,1,1,33,1,2,0
5,17,6,2013,2,1,1,2,2,1,1,2,1,1,1,2,1,2,9,1,1,4,33,2,2,3
7,17,7,2013,1,1,4,2,1,1,2,1,1,1,1,1,1,2,19,6,1,1,33,1,2,0
3,17,10,2013,2,3,1,2,2,1,1,2,1,1,1,3,1,2,13,1,2,7,33,2,2,0
9,17,10,2013,2,1,1,2,2,1,1,1,1,1,1,3,1,2,4,6,1,7,25,1,2,0
8,17,10,2013,2,1,1,2,2,1,1,1,1,1,1,1,1,2,19,6,1,1,33,2,2,0
11,9,8,2013,4,7,8,2,2,1,2,1,1,1,1,1,1,2,14,11,1,1,33,2,2,0
10,9,3,2013,4,1,1,2,2,1,2,1,1,1,1,1,1,2,9,6,1,1,33,1,2,0
1,9,6,2013,4,1,1,2,1,1,2,1,1,1,1,5,1,1,19,6,1,7,42,2,2,0
8,16,9,2013,2,1,1,2,2,1,1,1,1,1,1,1,1,2,11,6,1,1,33,2,2,0
10,16,9,2013,3,3,3,2,2,1,1,1,1,1,1,1,1,1,9,7,1,1,32,2,2,0
11,16,9,2013,3,1,1,2,1,1,1,1,1,1,1,1,1,1,9,6,1,1,33,1,2,0
10,16,9,2013,2,2,3,2,2,1,1,1,1,1,1,1,1,2,9,5,1,1,40,2,2,0
6,16,9,2013,3,1,1,2,1,1,1,1,1,1,1,1,1,1,9,6,1,1,33,2,2,0
8,16,11,2013,1,1,1,2,2,1,4,1,1,1,1,1,1,2,19,6,1,1,33,2,2,0
8,16,11,2013,1,1,3,2,2,1,2,1,1,1,1,1,1,2,19,6,1,1,33,2,2,0
7,16,12,2013,3,1,1,2,2,1,1,1,1,1,1,1,1,2,9,6,1,1,45,1,2,0
10,16,3,2013,2,2,1,2,2,1,1,1,1,1,1,1,1,2,19,11,1,7,33,2,2,0
8,16,3,2013,2,1,1,2,2,1,1,1,1,1,1,1,1,2,19,6,1,1,33,2,2,0
6,16,4,2013,4,1,1,2,2,1,4,1,1,1,1,1,1,2,14,11,1,1,33,2,2,0
9,11,3,2013,2,3,1,2,2,1,1,1,1,1,1,3,1,2,1,1,1,1,30,2,2,0
9,16,7,2013,4,1,1,2,2,1,1,1,1,1,1,1,1,1,12,6,1,1,33,2,2,0
9,16,11,2013,2,1,1,1,2,1,1,1,1,1,2,2,1,2,19,6,1,1,40,2,2,0
11,16,3,2013,3,1,1,2,2,1,1,1,1,1,1,1,1,2,9,6,1,1,33,2,2,0
7,16,7,2013,4,1,1,2,2,1,1,1,1,1,1,1,1,1,12,6,1,1,33,2,2,0
10,11,5,2013,2,3,1,2,2,1,1,1,1,1,1,3,1,2,6,6,1,1,33,2,2,1
11,11,8,2013,3,1,3,1,2,1,1,1,1,1,1,3,1,2,4,6,1,1,24,1,2,1
2,12,12,2013,3,1,1,2,2,1,1,1,1,1,1,4,1,2,19,6,2,1,32,2,2,0
1,9,7,2013,4,1,1,1,2,1,4,1,1,1,1,1,1,2,14,6,2,1,33,2,2,0
1,2,5,2013,2,1,1,2,2,1,1,1,1,1,1,1,1,2,9,6,1,1,33,2,2,0
5,6,1,2013,3,1,1,2,2,1,1,1,1,1,1,2,1,2,14,6,1,1,33,2,2,0
4,6,3,2013,1,1,1,2,2,1,1,1,1,1,1,1,1,1,8,6,1,1,35,2,2,0
1,6,5,2013,4,1,1,2,2,1,4,2,1,1,1,1,1,2,14,1,1,1,33,2,2,0
3,8,1,2013,3,1,1,2,2,1,1,1,1,1,1,1,1,2,9,6,1,1,33,2,2,0
3,8,1,2013,3,1,1,2,2,1,1,1,1,1,1,4,1,2,4,6,1,1,33,2,2,0
1,8,3,2013,2,1,1,2,2,1,1,1,1,1,1,2,1,2,4,6,1,1,33,2,2,0
7,3,4,2013,2,1,1,2,2,1,1,1,1,1,1,3,1,2,14,6,1,1,65,2,2,0
2,3,6,2013,1,1,1,2,2,2,4,1,2,1,1,3,1,2,4,6,1,1,35,1,2,0
7,7,6,2013,4,1,1,2,2,1,1,1,1,1,1,3,1,1,13,6,1,1,33,2,2,0
1,7,9,2013,3,1,1,2,2,1,1,1,1,1,1,2,1,2,8,6,1,1,38,2,2,0
1,7,10,2013,1,1,1,2,2,1,4,1,1,1,3,5,1,1,7,6,1,1,33,2,2,0
3,3,2,2013,4,1,1,2,2,1,2,1,1,1,2,2,1,1,14,6,1,1,33,2,2,0
2,3,5,2013,1,1,1,2,2,1,1,1,2,1,2,4,4,2,14,6,1,1,52,2,2,1
7,3,5,2013,2,1,1,2,2,1,1,1,1,1,1,3,1,2,14,6,1,1,33,2,2,0
5,3,6,2013,3,1,1,2,2,1,1,1,1,1,1,3,2,2,14,6,1,1,35,1,2,0