Thana,District,Month,Year,Time,Junction_Type,Traffic_Control,Movement,Divider,Weather,Light,Road_Geometry,Surface_Condition,Surface_Type,Surface_Quality,Road_Class,Road_Feature,Location_Type,Vehicle_Type,Vehicle_Movement,Vehicle_Loading,Vehicle_Defect,Vehicle_Driver_Age,Vehicle_Alcohol,Vehicle_Seat_Belt,Accident_Severity
5,3,7,2013,2,1,1,2,2,1,1,2,1,1,1,3,5,1,9,2,1,1,40,1,2,1
3,3,7,2013,3,1,1,2,2,1,1,1,1,1,1,1,5,1,14,6,1,1,38,2,2,0
4,8,6,2013,3,1,1,2,2,1,1,1,1,1,1,4,1,2,4,6,1,1,33,2,2,0
3,8,6,2013,1,1,1,2,2,1,2,1,1,1,1,1,1,2,14,6,1,1,33,2,2,0
4,8,6,2013,2,1,5,2,2,2,2,1,2,1,1,1,1,1,14,6,1,1,33,1,2,0
3,8,8,2013,3,1,1,2,2,1,1,1,1,1,1,1,1,2,9,6,1,1,33,2,2,0
3,8,8,2013,1,1,1,2,2,1,2,1,1,1,1,1,1,2,8,6,1,1,33,2,2,0
3,8,8,2013,2,1,1,2,2,1,1,1,1,1,1,1,1,2,9,6,1,1,41,2,2,1
3,8,10,2013,3,1,1,2,2,1,1,1,1,1,1,1,1,1,4,6,1,1,33,2,2,1
3,8,10,2013,2,1,1,2,2,1,1,1,1,1,1,1,1,2,9,6,1,1,33,2,2,2
3,8,10,2013,2,1,1,2,2,1,1,1,1,1,1,1,1,2,9,6,1,1,33,2,2,2
1,5,6,2013,1,1,1,2,2,1,2,1,1,1,1,1,2,2,14,6,1,1,33,2,2,0
1,5,12,2013,1,1,1,2,2,1,2,1,1,1,1,1,1,2,17,6,1,1,33,2,2,3
8,5,6,2013,3,1,1,2,2,1,1,1,1,1,1,1,1,2,7,6,1,1,33,2,2,0
8,5,10,2013,2,1,1,2,2,1,1,1,1,1,1,1,1,2,14,6,1,1,33,2,2,0
2,8,9,2013,2,1,1,2,2,2,1,2,2,1,2,3,5,1,17,6,1,1,25,2,2,0
5,5,11,2013,3,1,1,2,2,1,1,1,1,1,1,1,1,1,14,6,1,1,35,2,2,0
5,5,7,2013,4,1,1,2,2,1,2,1,1,1,1,1,1,2,12,6,1,1,28,2,2,0
5,4,8,2013,3,1,1,2,2,1,1,1,1,3,1,4,1,2,19,6,1,1,33,2,2,0
3,5,1,2013,2,1,1,2,2,1,1,1,1,1,1,3,1,2,17,6,1,1,42,2,2,0
8,5,12,2013,4,1,1,2,2,4,4,1,1,1,1,1,1,2,14,6,1,1,33,2,2,0
2,5,9,2013,2,1,1,2,2,1,1,1,2,1,2,3,5,1,17,6,1,1,25,2,2,0
5,6,1,2013,2,1,1,2,1,1,1,1,1,1,1,4,1,2,4,6,1,1,33,1,2,0
7,3,6,2013,2,1,1,2,2,1,1,1,1,1,1,3,1,1,4,6,1,1,33,2,2,0
3,14,3,2013,3,7,1,2,2,1,1,2,1,1,2,5,1,1,14,11,1,7,33,2,2,0
3,14,5,2013,3,2,7,2,2,1,1,1,1,1,1,1,5,1,9,6,1,7,33,1,2,0
4,14,5,2013,2,7,1,1,1,1,1,2,1,3,2,4,1,2,17,2,1,1,33,2,2,0
3,14,8,2013,3,7,8,2,2,1,1,2,3,1,1,5,1,1,19,11,1,7,30,2,2,1
3,14,9,2013,3,1,1,1,2,1,1,1,1,1,1,5,1,1,19,6,1,7,33,1,2,0
3,14,10,2013,3,7,8,1,2,1,1,1,1,1,1,5,1,1,4,7,1,7,22,2,2,3
3,14,12,2013,2,7,8,2,2,1,1,1,1,1,1,5,1,1,14,6,1,7,40,2,2,0
2,14,5,2013,3,3,1,2,2,1,1,1,1,1,1,1,1,2,9,6,1,3,33,2,1,0
2,14,12,2013,2,7,1,2,2,1,2,1,1,1,1,1,1,1,19,11,1,7,33,2,0,0
4,14,10,2013,4,2,8,2,2,1,1,1,1,1,1,1,1,1,4,11,1,7,30,2,2,0
4,14,11,2013,3,1,1,2,1,1,1,1,1,1,1,1,1,2,9,6,1,7,33,2,2,0
4,14,11,2013,3,1,1,2,1,1,1,1,1,1,1,1,1,2,14,6,1,7,33,1,0,0
2,14,2,2013,2,1,1,2,2,1,1,2,1,1,1,1,1,1,9,4,1,1,36,1,2,0
1,14,10,2013,2,2,1,2,2,1,1,1,1,1,1,1,1,1,9,2,1,2,33,2,2,0
3,14,12,2013,3,1,8,1,2,1,1,1,1,1,1,5,1,1,4,11,1,7,21,2,2,3
6,70,6,2013,1,1,1,2,2,1,4,1,1,1,1,5,1,2,14,6,1,1,42,2,2,0
1,70,6,2013,2,1,1,2,2,1,1,1,1,1,1,5,1,1,10,6,1,1,24,2,2,1
4,70,12,2013,4,1,1,2,2,1,2,1,1,1,1,5,2,2,5,6,2,1,27,1,2,1
4,70,5,2013,4,1,1,2,2,1,3,1,1,1,1,5,1,2,13,6,1,1,45,1,2,0
4,70,7,2013,2,1,1,2,2,1,1,1,1,1,1,5,1,2,5,11,1,1,21,2,2,0
4,70,10,2013,4,1,1,2,2,1,3,1,1,1,1,5,2,2,10,8,2,1,35,1,2,0
3,70,3,2013,2,7,1,1,2,1,1,1,1,1,1,5,1,1,10,6,1,7,40,2,2,0
3,70,3,2013,4,7,2,1,1,1,3,1,1,1,1,5,1,1,4,6,1,1,22,1,2,0
3,56,3,2013,4,7,8,2,2,1,3,1,1,1,1,4,1,2,4,6,1,1,24,2,2,0
3,70,6,2013,3,7,1,1,2,1,1,1,1,1,1,5,1,2,9,6,1,7,32,2,2,0
3,70,8,2013,3,7,1,2,2,1,1,1,1,1,1,5,1,2,4,6,1,7,23,2,2,0
5,70,2,2013,2,7,1,2,1,1,1,1,1,1,1,5,1,1,2,6,1,1,32,2,2,1
5,70,5,2013,3,3,2,2,1,1,1,1,1,1,1,5,5,1,13,9,1,1,30,2,2,0
12,53,1,2013,3,7,1,2,2,1,1,1,1,1,1,2,1,1,12,6,1,7,33,2,2,0
6,53,1,2013,2,7,1,2,2,1,1,3,1,1,1,3,3,2,4,11,1,7,22,2,2,0
3,53,1,2013,4,7,3,2,2,1,4,1,1,1,1,5,1,2,14,11,1,1,33,1,2,0
3,53,1,2013,2,7,1,2,2,1,1,1,1,1,1,2,1,1,19,6,1,7,33,2,2,0
3,53,2,2013,2,7,1,2,2,1,1,2,1,1,1,2,1,2,13,1,1,7,33,2,2,0
12,53,2,2013,3,7,1,2,2,1,1,1,1,1,1,2,1,2,8,6,1,7,33,1,2,0
3,53,3,2013,3,7,4,2,2,1,2,1,1,1,1,1,2,2,19,6,1,7,25,1,2,1
8,53,12,2013,2,1,8,1,2,1,1,1,1,1,1,4,1,2,19,6,1,7,21,2,2,0
3,53,12,2013,4,7,8,2,2,1,1,1,1,1,1,5,1,1,19,2,2,7,28,1,2,0
1,53,6,2013,4,7,8,2,2,1,1,1,1,1,1,2,1,2,19,11,1,7,33,2,2,1
3,53,9,2013,3,7,1,2,2,1,1,1,1,1,1,2,1,2,10,6,1,7,33,2,2,1
11,53,9,2013,3,7,8,1,2,1,1,1,1,1,1,4,1,2,4,6,1,1,33,2,2,0
1,53,11,2013,2,7,1,2,2,1,1,1,1,1,1,1,1,2,4,6,1,7,28,1,2,0
7,53,9,2013,4,1,8,2,2,1,3,1,1,2,1,4,1,2,19,11,1,7,42,1,2,0
12,53,10,2013,2,1,1,2,2,1,2,1,1,1,1,2,1,2,9,6,1,7,33,2,2,0
8,53,7,2013,3,1,1,1,2,1,1,1,1,1,1,4,1,2,4,6,1,1,33,2,2,0
1,53,5,2013,2,7,8,2,2,1,1,2,1,1,1,2,1,2,4,6,1,7,33,2,2,0
1,53,7,2013,2,7,8,1,2,3,1,1,1,1,1,3,1,1,10,6,1,2,33,1,2,0
12,53,5,2013,4,3,1,1,2,1,1,2,1,1,1,1,2,1,8,1,1,7,33,1,2,0
12,53,4,2013,2,1,1,1,2,1,2,1,1,1,1,3,1,2,12,8,1,7,33,2,2,0
1,53,3,2013,3,7,1,2,2,1,1,2,1,1,1,2,1,2,10,6,1,2,33,1,2,0
1,55,1,2013,3,1,8,2,2,1,1,1,1,1,1,1,1,2,13,11,1,7,33,2,2,0
2,55,1,2013,2,1,1,2,2,1,1,1,1,3,2,4,1,2,17,3,1,7,55,2,2,0
4,55,2,2013,3,7,8,2,2,1,1,1,1,1,1,4,1,2,4,6,1,7,25,2,2,0
1,55,4,2013,3,7,1,2,2,1,1,3,2,1,3,4,1,2,13,8,1,7,45,2,2,0
4,55,6,2013,3,7,1,2,2,1,1,5,5,1,1,4,1,2,19,11,1,7,22,2,2,0
3,55,8,2013,3,1,1,2,2,1,1,1,2,1,1,2,1,1,10,11,1,1,33,2,2,0
1,55,8,2013,3,7,1,2,2,1,1,1,5,1,1,1,1,2,8,11,2,7,33,2,2,0
6,55,8,2013,3,4,1,2,2,1,1,1,1,1,1,4,1,2,11,1,1,1,33,2,2,0
4,55,10,2013,3,1,3,1,2,1,1,1,1,1,1,1,1,1,14,11,1,7,19,2,2,0
2,55,10,2013,4,1,1,2,2,1,1,1,1,1,1,4,1,2,4,11,1,7,20,2,2,1
4,55,11,2013,3,1,1,2,2,1,1,1,1,1,1,1,1,2,12,6,1,7,33,2,2,0
4,55,11,2013,4,7,8,2,2,1,2,1,1,1,1,5,1,1,4,6,1,7,22,2,2,1
1,55,11,2013,3,7,1,2,2,4,4,2,1,1,1,3,1,1,19,11,1,2,33,1,2,0
3,55,11,2013,4,7,8,2,2,1,1,4,1,1,1,4,1,2,12,6,1,7,25,2,2,0
4,55,12,2013,4,7,1,2,2,1,1,1,1,1,1,4,1,1,19,11,1,7,33,1,2,0
3,54,4,2013,2,7,1,2,2,1,1,1,1,1,1,1,1,2,5,2,1,1,21,2,2,1
11,54,4,2013,4,1,3,2,2,1,2,1,1,1,1,1,1,2,14,5,1,1,27,2,2,1
11,54,3,2013,1,1,3,2,2,1,1,1,1,1,1,1,1,2,10,6,1,2,33,1,2,0
8,54,3,2013,4,1,3,2,2,1,2,1,1,1,1,1,1,2,10,6,1,2,33,1,2,0
11,54,1,2013,1,3,6,1,2,1,2,1,1,1,1,1,1,1,14,6,1,1,33,2,2,0
8,54,7,2013,3,1,1,2,2,1,4,1,1,1,1,1,1,2,8,6,1,1,33,2,2,0
11,54,7,2013,4,7,1,2,1,4,1,1,1,1,1,1,2,1,19,11,1,7,33,2,2,0
11,54,6,2013,3,7,3,2,1,1,1,1,1,1,1,1,1,2,4,11,1,7,25,2,2,0
8,54,6,2013,1,3,1,2,2,1,1,1,1,1,1,1,1,2,4,6,1,7,24,1,2,0
4,54,5,2013,4,1,4,2,2,2,2,1,2,1,1,3,1,2,19,11,1,7,33,1,2,0
11,54,9,2013,1,1,1,2,2,1,1,1,1,1,1,1,1,2,9,6,1,7,33,1,2,0
9,54,8,2013,4,1,1,2,2,1,1,1,1,1,1,4,1,2,8,6,1,1,33,2,2,0
3,56,1,2013,2,7,1,2,2,1,1,1,1,1,1,1,1,2,9,6,1,7,42,2,2,1
7,56,2,2013,1,7,1,2,2,1,4,1,1,1,1,1,1,2,9,2,1,7,33,2,2,0
1,56,3,2013,2,7,1,2,2,1,1,3,1,1,1,4,1,2,19,6,1,3,33,2,2,0
7,56,3,2013,4,1,1,2,2,1,2,1,1,1,1,1,1,2,10,6,1,2,33,1,2,0
7,56,3,2013,4,1,1,2,2,1,2,1,1,1,1,2,1,2,19,6,1,7,20,2,2,0
1,56,4,2013,4,3,8,1,2,1,2,2,1,1,1,3,4,2,13,7,2,2,20,2,2,0
7,56,4,2013,3,7,1,2,2,1,1,1,1,1,1,1,1,2,19,11,1,2,33,2,2,0
7,56,5,2013,2,7,1,2,2,1,2,1,1,1,1,1,1,2,10,6,1,7,52,2,2,0
3,56,5,2013,1,7,1,2,2,1,1,1,1,1,1,1,1,2,9,6,1,1,31,2,2,0
8,56,5,2013,2,3,1,2,2,1,1,1,1,1,1,1,1,2,10,6,2,1,33,2,2,0
8,56,5,2013,3,3,1,2,2,1,1,1,1,1,1,1,1,2,10,6,2,1,33,2,2,0
8,56,5,2013,3,3,1,2,2,1,1,1,1,1,1,1,1,2,19,6,2,1,33,2,2,0
7,56,6,2013,3,7,1,2,2,1,4,1,1,1,1,1,1,2,19,11,1,7,33,1,2,0
9,56,6,2013,4,3,1,2,2,1,1,1,1,1,1,1,1,2,9,8,1,7,39,2,2,0
2,56,3,2013,3,1,1,2,2,1,1,3,5,3,2,4,1,2,19,6,1,7,33,2,2,0
7,56,7,2013,4,7,1,2,2,1,4,1,1,1,1,1,2,1,19,11,1,2,33,2,2,0
7,56,7,2013,4,7,1,2,2,1,3,1,1,1,1,1,1,1,19,11,1,1,33,2,2,0
7,56,7,2013,2,7,1,2,2,1,1,1,1,1,1,1,1,2,10,6,1,1,33,2,2,0
8,56,8,2013,1,1,2,2,1,4,1,1,1,1,1,1,2,2,19,6,2,1,33,2,2,0
7,56,8,2013,2,7,1,2,2,1,2,1,1,1,1,1,1,2,19,6,2,7,33,1,0,0
3,56,8,2013,3,7,1,2,2,2,1,1,2,1,1,1,1,2,7,6,1,7,25,2,2,0
7,56,9,2013,4,7,1,2,2,2,1,1,1,1,1,1,1,2,7,11,1,7,40,2,2,1
3,56,9,2013,2,1,5,2,1,1,1,1,1,1,1,1,1,2,14,6,1,1,25,2,2,0
3,56,9,2013,3,7,1,2,2,1,1,1,1,1,1,1,1,2,9,6,1,1,33,2,2,0
9,56,9,2013,4,7,1,2,2,1,1,1,1,1,1,1,1,2,19,11,1,7,33,2,2,0
7,56,10,2013,4,7,1,2,2,1,2,1,1,1,1,1,1,2,7,6,1,7,27,2,2,0
7,56,10,2013,4,7,1,2,2,1,3,1,1,1,1,1,1,2,19,11,1,7,33,1,2,0
7,56,10,2013,4,7,1,2,2,1,4,1,1,1,1,1,1,2,19,11,1,7,33,2,2,0
3,56,11,2013,1,7,1,2,2,1,2,1,1,1,1,1,1,2,9,11,1,7,35,2,2,0
9,56,12,2013,2,7,1,2,2,1,1,1,1,1,1,1,1,2,10,2,1,7,28,2,2,0
3,56,5,2013,4,7,1,2,2,1,1,1,1,1,1,1,1,2,14,6,1,1,30,2,2,0
1,69,1,2014,3,1,1,2,2,1,1,1,1,1,1,1,1,1,5,2,1,1,45,2,2,0
1,69,1,2014,3,1,1,2,2,1,1,1,1,1,1,1,1,1,9,1,1,1,35,1,2,0
4,69,7,2014,3,3,4,2,2,1,1,1,1,1,2,5,1,1,7,1,1,1,33,1,2,1
9,13,1,2014,3,1,1,1,2,1,1,1,1,1,1,3,1,2,1,5,1,1,38,1,2,0
5,13,6,2014,1,1,1,2,2,1,4,2,1,1,1,1,1,2,19,6,1,1,33,1,0,0
5,13,6,2014,1,1,1,2,2,2,4,1,1,1,1,1,1,2,1,7,1,1,33,1,0,1
1,13,6,2014,3,3,1,2,2,1,1,1,1,1,1,4,1,2,17,1,1,1,33,1,0,0
8,13,11,2014,2,1,1,2,2,1,1,1,2,1,1,1,1,1,19,11,1,1,25,1,2,1
1,12,1,2014,3,1,1,2,2,1,1,1,1,1,1,2,1,2,14,6,1,1,30,2,2,0
1,12,3,2014,2,1,1,2,2,1,1,1,1,1,1,1,1,2,14,6,1,7,32,2,2,0
1,12,3,2014,2,1,1,1,2,1,1,1,1,1,1,4,1,2,13,6,1,1,30,2,2,0
1,12,3,2014,2,1,1,1,1,1,1,1,1,1,1,1,2,2,14,1,1,1,30,2,2,0
6,11,5,2014,1,1,1,2,1,2,2,1,1,1,1,1,1,2,12,6,1,1,33,2,2,0
4,11,12,2014,3,1,1,2,2,1,1,1,1,1,1,2,1,2,17,6,1,7,33,2,2,0
9,11,12,2014,2,1,1,2,2,1,1,1,1,1,1,2,1,2,8,6,1,1,35,1,2,0
1,15,3,2014,3,1,1,2,2,1,4,1,1,1,1,1,1,1,9,6,1,1,45,2,2,0
1,15,5,2014,2,1,1,2,2,1,1,1,1,1,1,1,1,1,13,1,1,1,50,2,2,0
1,15,5,2014,4,1,1,2,2,1,1,1,1,1,1,1,1,1,13,1,1,1,30,2,2,0
1,15,5,2014,1,1,1,2,2,1,1,1,1,1,1,1,1,1,14,6,1,1,33,2,2,0
1,15,6,2014,2,1,4,2,2,1,1,1,1,1,1,1,2,2,19,1,1,1,33,1,0,0
6,15,1,2014,2,1,3,2,2,1,1,1,1,1,1,1,1,1,19,6,1,1,33,2,2,0
6,15,4,2014,2,1,1,2,2,1,1,1,1,1,1,1,2,1,9,11,1,1,45,2,2,0
6,15,5,2014,2,1,1,2,2,1,1,1,1,1,1,1,1,1,4,6,1,1,20,2,2,0
6,15,7,2014,4,1,1,2,2,1,1,1,1,1,1,1,2,2,4,6,1,1,25,2,2,0
4,15,5,2014,3,2,1,2,2,1,1,1,1,1,1,1,1,1,16,4,1,1,24,2,2,0
4,15,6,2014,4,7,1,2,2,1,1,1,1,1,1,1,1,2,9,6,1,1,25,2,2,0
3,15,3,2014,4,1,1,1,1,1,1,1,1,1,1,1,1,1,14,6,1,1,33,2,2,0
3,15,8,2014,3,1,1,2,2,1,1,1,1,1,1,1,1,2,14,1,1,1,30,2,2,1
5,15,3,2014,2,1,1,1,1,1,1,1,1,1,1,1,1,1,14,6,1,1,26,2,2,0
5,15,6,2014,4,1,1,2,2,1,4,1,1,1,1,1,1,1,14,6,1,1,33,1,0,0
6,15,12,2014,1,1,1,1,2,1,1,1,1,1,1,1,1,2,9,6,1,1,33,2,2,0
1,15,12,2014,4,1,1,2,1,1,2,1,1,1,1,1,1,1,13,6,1,1,33,2,2,0
7,17,1,2014,1,1,1,2,2,1,2,1,1,1,1,1,1,2,13,6,1,1,33,2,2,0
8,17,3,2014,2,1,1,1,1,1,1,1,1,1,1,1,1,2,14,6,1,1,33,2,2,0
11,17,6,2014,4,1,1,1,2,1,2,1,1,1,1,1,1,2,14,6,1,1,33,2,2,0
1,17,7,2014,3,3,1,1,2,1,1,1,1,1,1,1,1,2,14,9,1,1,33,2,2,0
10,17,7,2014,2,1,1,1,1,1,1,1,1,1,1,1,1,2,14,6,1,1,33,2,2,0
10,9,6,2014,2,1,1,2,2,1,1,1,1,1,1,1,1,2,9,6,1,1,43,2,2,0
11,9,6,2014,3,1,1,2,2,1,1,1,1,1,1,1,1,1,19,6,1,1,33,2,2,1
11,9,6,2014,1,1,1,2,2,1,1,1,1,1,1,1,1,1,14,6,1,7,40,1,2,0
5,9,9,2014,1,1,1,2,2,1,1,1,1,1,1,1,1,1,4,6,2,7,20,2,2,0
10,9,10,2014,3,1,1,2,2,1,1,1,1,1,1,1,1,2,7,6,1,1,33,2,2,0
1,9,10,2014,2,1,1,2,2,1,1,1,1,1,1,1,1,1,19,6,1,1,33,2,2,0
11,9,11,2014,1,1,1,1,2,1,1,1,1,1,1,1,1,1,19,6,1,1,33,2,2,0
11,9,11,2014,2,1,1,1,1,1,1,1,1,1,1,1,1,2,9,6,1,1,33,2,2,0
2,9,1,2014,1,1,1,1,1,1,1,1,1,1,1,1,1,2,19,6,1,1,33,2,2,0
7,9,7,2014,2,1,1,1,1,1,1,1,1,1,1,1,1,1,10,6,1,1,33,2,2,0
12,9,5,2014,4,1,1,1,1,1,1,1,1,1,1,1,1,1,13,6,1,1,33,2,2,0
11,9,3,2014,2,1,1,1,1,1,1,1,1,1,1,1,1,1,9,6,1,1,33,2,2,0
11,9,3,2014,2,1,1,1,1,1,1,1,1,1,1,1,1,1,9,6,1,1,33,2,2,0
11,9,3,2014,3,1,1,1,1,1,1,1,1,1,1,1,1,2,9,6,1,1,33,2,2,0
6,9,3,2014,2,1,1,1,1,1,1,1,1,1,1,1,1,2,19,6,1,1,33,2,2,0
11,16,1,2014,2,2,1,2,2,1,1,1,1,1,1,1,1,2,14,6,1,1,33,2,2,0
11,16,2,2014,4,1,1,1,2,1,1,1,1,1,1,1,1,2,14,6,1,1,33,2,2,0
11,16,2,2014,3,1,1,1,1,1,1,1,1,1,1,1,1,2,19,6,1,1,33,2,2,0
11,16,2,2014,1,1,1,1,2,1,1,1,1,1,1,1,2,2,19,6,1,1,33,1,2,0
2,16,2,2014,3,1,1,1,2,1,1,1,1,1,1,1,1,1,8,6,1,1,33,1,2,0
10,16,1,2014,1,1,1,1,2,1,2,1,1,1,1,1,1,2,9,1,1,1,33,1,2,0
7,16,3,2014,1,1,1,2,2,1,1,1,1,1,1,1,1,1,19,6,1,1,33,1,2,0
2,16,4,2014,3,1,1,2,2,1,1,1,1,1,1,1,1,2,19,6,1,1,33,2,2,0
6,16,4,2014,1,1,1,1,1,1,1,1,1,1,1,1,1,2,19,6,1,1,33,1,2,0
7,16,5,2014,4,1,1,2,2,1,2,1,1,1,1,1,1,1,13,6,1,1,33,1,2,0
11,16,5,2014,1,1,1,2,2,1,2,1,1,1,1,1,1,1,19,6,1,1,33,1,2,0
2,16,6,2014,3,1,1,2,2,1,1,1,1,1,1,1,1,1,19,6,1,1,33,1,2,0
9,16,6,2014,3,1,1,2,2,1,1,1,1,1,1,1,1,1,9,6,1,1,33,2,2,0
1,16,7,2014,1,1,1,2,2,1,1,1,1,1,1,1,2,2,19,6,1,1,23,2,2,0
2,16,7,2014,4,1,1,2,1,1,1,1,1,1,1,1,1,1,13,6,1,1,33,2,2,0
11,16,8,2014,1,1,1,2,2,1,1,1,1,1,1,1,1,2,14,6,1,1,33,1,2,0
2,16,9,2014,3,1,1,2,2,1,1,1,1,1,1,1,1,1,8,6,1,1,33,2,2,0
2,16,9,2014,2,1,1,1,2,1,1,1,1,1,1,1,1,1,14,6,1,1,33,1,2,0
10,16,9,2014,1,1,1,2,2,1,1,1,1,1,1,1,2,2,19,6,1,1,33,1,2,0
11,16,9,2014,4,1,1,2,2,1,2,1,1,1,1,1,1,2,9,6,1,1,33,1,2,0
11,16,10,2014,3,1,1,1,2,1,1,1,1,1,1,1,1,2,9,1,1,1,33,2,2,1
6,16,10,2014,3,1,1,2,2,1,1,1,1,1,1,1,1,2,14,6,1,1,46,1,2,0
11,16,10,2014,3,1,1,2,2,1,1,1,1,1,1,1,1,2,19,6,1,1,33,1,2,0
10,16,10,2014,1,1,1,2,2,1,2,1,1,1,1,1,1,2,19,6,1,1,33,1,1,0
11,16,11,2014,1,1,1,2,2,1,2,1,1,1,1,1,1,2,19,6,1,1,33,2,2,0
10,17,10,2014,1,1,1,2,2,1,1,1,1,1,1,1,2,2,9,6,1,1,38,1,2,0
8,17,10,2014,3,1,1,2,2,1,1,1,1,1,1,1,2,2,14,6,1,1,40,1,2,0
10,17,10,2014,2,1,1,2,2,1,1,1,1,1,1,1,1,1,5,6,1,1,33,1,2,0
10,17,9,2014,2,1,1,2,2,1,1,1,1,1,1,1,2,2,19,6,1,1,18,2,2,0
7,17,11,2014,3,1,1,1,2,1,1,1,1,1,1,1,1,2,14,6,1,1,33,1,2,0
7,17,12,2014,3,1,1,2,2,1,1,1,1,1,1,1,1,2,4,6,1,1,16,2,2,0
11,17,12,2014,2,1,1,1,1,1,1,1,1,1,1,1,2,2,4,6,1,1,18,2,2,0
4,69,12,2014,3,1,1,2,2,1,2,2,1,1,1,1,1,2,9,6,1,1,22,1,2,0
4,69,7,2014,2,1,1,2,2,2,1,1,2,1,1,1,1,1,9,8,1,1,33,1,2,0
5,34,5,2014,1,1,1,2,2,1,1,2,5,1,2,4,1,2,4,6,1,7,33,2,2,1
10,34,5,2014,3,1,1,2,2,2,1,3,2,1,1,1,1,2,9,6,1,7,30,2,2,0
4,34,4,2014,2,4,1,2,2,1,1,1,1,1,1,3,1,2,9,6,1,6,33,2,2,0
4,34,3,2014,4,1,1,2,2,1,2,1,1,1,1,1,1,2,19,6,1,7,33,2,2,0
7,34,3,2014,3,1,1,2,2,1,1,1,1,1,1,3,1,2,19,6,1,1,33,2,2,0
8,34,4,2014,1,7,1,2,2,1,1,1,1,1,1,4,1,2,4,6,1,1,33,2,2,0
8,34,3,2014,4,2,1,2,2,1,2,2,1,1,1,4,1,2,6,11,1,7,33,2,2,0
6,34,5,2014,1,1,1,2,2,1,1,1,1,1,1,2,2,2,19,6,1,7,33,2,2,0
6,34,4,2014,4,1,1,2,2,1,3,1,1,1,1,2,1,1,13,11,1,1,33,2,2,0
6,34,2,2014,3,3,1,2,2,1,1,2,1,1,1,2,1,2,4,6,1,7,33,2,2,0
6,34,1,2014,4,1,1,2,2,1,2,1,1,1,1,1,1,2,13,11,1,7,33,2,2,0
6,34,1,2014,3,1,1,2,2,1,1,1,1,1,1,1,1,1,9,11,2,7,33,2,2,1
3,34,1,2014,2,1,1,2,2,1,1,1,1,1,1,1,1,2,4,11,1,7,33,2,2,0
1,27,1,2014,2,7,1,2,2,1,1,1,1,1,1,3,1,2,9,6,1,1,33,2,2,0
2,27,1,2014,4,7,8,2,2,1,4,1,1,1,1,1,1,2,9,6,1,1,33,2,2,0
2,27,2,2014,3,1,1,2,2,1,1,1,1,1,1,1,1,2,8,5,1,1,33,2,2,0
2,27,3,2014,2,7,1,2,2,1,4,1,1,1,1,1,1,2,9,6,1,3,33,2,2,1
2,27,5,2014,4,1,8,2,2,1,1,3,1,1,1,1,1,2,9,11,1,1,33,2,2,0
2,27,5,2014,4,7,1,1,1,1,1,1,1,1,1,1,1,2,11,7,1,1,35,2,2,0
5,27,5,2014,4,7,8,2,2,1,1,3,1,3,3,3,1,2,4,6,1,7,33,2,2,0
5,27,5,2014,4,7,1,2,2,1,1,4,1,1,1,3,1,2,4,2,1,7,33,2,2,1
6,27,1,2014,2,1,1,2,2,1,1,1,1,1,2,4,1,2,4,6,1,1,33,2,2,1
6,27,3,2014,3,7,8,2,2,1,1,1,1,1,2,3,1,2,17,6,1,1,20,2,2,0
2,27,4,2014,3,7,8,2,2,1,2,1,1,1,1,1,1,2,19,4,1,7,33,2,2,0
2,27,4,2014,3,1,8,2,2,1,1,1,1,1,1,1,1,2,7,6,1,1,33,2,2,0
3,30,1,2014,4,1,8,2,2,1,1,1,1,1,1,2,1,1,4,6,1,7,33,2,2,0
1,30,2,2014,3,3,1,2,2,1,1,1,1,1,1,1,1,1,9,6,1,1,33,2,2,3
5,30,1,2014,1,1,1,2,2,4,4,1,1,1,1,1,1,2,8,6,1,7,33,2,2,0
5,30,2,2014,4,1,1,2,2,1,2,1,1,1,1,1,1,2,8,6,1,1,35,2,2,0
7,31,5,2014,2,7,8,2,2,1,2,1,1,1,1,3,1,2,4,11,1,1,33,2,2,0
1,33,5,2014,4,7,8,2,2,2,1,1,2,1,1,4,1,2,11,6,1,1,33,2,2,0
5,33,5,2014,4,1,8,2,2,1,1,1,1,1,1,4,1,2,4,6,2,7,33,2,2,0
5,33,4,2014,2,1,1,2,2,1,1,1,1,1,1,1,1,1,4,6,1,1,33,2,2,0
1,31,7,2014,4,1,1,2,2,1,1,1,1,1,1,2,1,1,19,6,1,1,33,2,2,0
5,33,6,2014,3,7,8,2,2,2,1,1,2,1,2,4,1,2,19,11,2,6,33,2,2,0
3,33,7,2014,4,1,1,2,2,2,2,1,2,1,1,2,1,2,9,6,1,7,33,2,2,0
2,34,7,2014,2,7,8,1,2,1,2,1,1,1,1,3,1,2,4,6,1,7,33,2,2,0
6,34,7,2014,3,7,8,2,2,1,1,2,5,1,1,1,1,2,7,6,1,7,33,2,2,0
6,34,7,2014,4,7,8,2,2,1,4,2,1,1,1,1,1,2,9,6,1,7,50,2,2,0
4,34,7,2014,1,7,8,2,2,1,1,1,1,1,1,1,1,1,19,6,1,7,33,2,2,1
10,34,7,2014,4,7,8,2,2,1,2,1,1,1,1,1,1,2,9,11,1,3,45,2,1,0
4,30,7,2014,2,1,1,2,2,1,1,1,2,1,1,4,1,2,19,6,1,1,40,2,2,0
6,34,12,2014,3,1,1,1,2,1,1,2,1,1,1,1,1,2,9,2,1,1,33,2,2,0