Thana,District,Month,Year,Time,Junction_Type,Traffic_Control,Movement,Divider,Weather,Light,Road_Geometry,Surface_Condition,Surface_Type,Surface_Quality,Road_Class,Road_Feature,Location_Type,Vehicle_Type,Vehicle_Movement,Vehicle_Loading,Vehicle_Defect,Vehicle_Driver_Age,Vehicle_Alcohol,Vehicle_Seat_Belt,Accident_Severity
4,32,11,2014,4,1,1,2,2,4,1,2,1,1,1,2,1,2,4,11,1,1,33,2,2,0
2,34,12,2014,3,1,1,2,2,1,1,4,1,1,1,3,1,2,4,6,1,1,35,2,2,0
5,30,10,2014,2,1,1,2,2,1,1,2,1,1,1,4,1,2,4,1,1,1,33,2,2,0
4,32,12,2014,3,1,1,2,2,1,1,4,1,1,1,2,1,2,9,6,1,1,33,2,2,0
1,32,11,2014,3,1,4,2,2,1,1,1,1,1,1,2,1,1,6,6,1,1,25,2,2,0
2,31,12,2014,2,1,1,2,2,4,1,1,2,1,2,3,2,2,9,6,1,1,43,1,2,0
1,31,12,2014,4,1,3,2,2,1,1,3,1,1,3,4,1,2,9,5,1,1,33,2,2,0
2,31,11,2014,2,1,1,2,2,1,1,1,1,1,1,3,1,1,9,6,1,1,25,1,2,0
7,31,11,2014,1,1,1,2,2,1,4,1,1,1,1,1,1,2,9,6,1,1,33,2,2,0
3,31,10,2014,3,1,1,2,2,1,1,1,1,1,1,2,1,2,9,6,1,3,34,2,2,0
5,33,11,2014,3,1,1,2,2,1,1,1,1,1,1,3,1,2,9,6,1,3,35,2,2,0
5,3,10,2014,3,1,1,2,2,1,1,1,1,1,1,2,1,2,17,6,1,1,33,1,2,0
6,34,11,2014,2,1,1,2,2,1,1,2,1,1,1,4,1,2,2,6,1,1,35,2,2,0
10,34,12,2014,3,1,1,2,2,1,1,1,1,1,1,2,1,2,4,8,1,1,25,1,2,0
1,64,1,2014,2,1,3,2,1,1,1,1,1,1,1,5,1,1,9,6,1,1,33,1,2,0
1,64,2,2014,3,3,1,2,2,1,1,1,1,1,1,5,1,1,14,6,1,1,33,2,2,0
1,64,3,2014,4,3,1,2,2,1,4,1,1,1,1,5,1,1,9,6,1,1,33,1,2,0
1,64,5,2014,2,3,1,2,2,1,2,1,1,1,1,5,1,1,14,6,1,1,48,1,2,0
1,64,7,2014,2,3,1,2,2,1,1,1,1,1,1,5,1,1,14,6,1,1,33,1,2,0
1,64,7,2014,2,4,1,1,2,2,1,3,3,3,2,5,4,1,14,6,1,1,29,2,2,0
1,64,11,2014,3,1,1,2,2,1,1,1,1,1,1,5,1,1,6,6,1,1,33,1,2,0
2,64,2,2014,4,1,1,1,1,1,3,1,1,1,1,5,1,1,19,6,1,1,33,1,2,0
2,64,3,2014,3,1,1,1,1,1,1,1,1,1,1,1,1,1,14,6,1,1,33,1,2,0
2,64,5,2014,4,1,1,2,2,1,3,1,1,1,1,1,1,1,19,4,1,1,33,1,2,0
2,64,5,2014,4,1,4,1,1,1,3,1,1,1,1,1,1,1,8,6,1,1,33,1,2,1
3,64,1,2014,1,1,1,1,1,1,3,1,1,1,1,5,1,1,6,6,1,7,33,1,2,0
3,64,3,2014,1,1,1,1,2,1,2,1,1,1,1,5,1,1,14,6,1,1,33,1,2,0
3,64,3,2014,4,1,1,1,1,1,3,1,1,1,1,5,1,1,6,6,1,3,33,1,2,0
3,64,5,2014,4,1,1,1,2,1,3,1,1,2,2,5,1,1,8,6,1,1,20,1,2,0
3,64,5,2014,2,1,1,1,1,1,1,1,1,1,1,5,1,1,7,5,1,1,24,1,2,0
3,64,10,2014,2,1,1,2,2,1,1,1,1,1,1,5,1,1,19,6,1,1,33,1,2,0
3,64,12,2014,4,1,1,2,2,4,4,1,1,2,2,5,1,1,19,6,1,1,33,1,2,0
4,64,1,2014,4,3,1,2,1,1,3,1,1,1,1,5,1,1,9,6,1,1,33,1,2,0
4,64,2,2014,2,1,2,2,2,1,1,1,1,1,1,5,1,1,5,6,1,1,33,1,2,0
4,64,3,2014,4,1,1,2,2,1,3,1,1,1,1,5,1,1,9,6,1,1,33,1,2,0
4,64,4,2014,3,1,1,2,2,1,1,1,1,1,1,5,1,1,5,6,1,1,33,1,2,0
4,64,5,2014,4,1,1,2,1,1,2,1,1,1,1,5,1,1,9,6,1,1,33,1,2,0
4,64,5,2014,2,1,2,2,1,1,1,1,1,1,1,5,1,1,5,6,1,1,33,1,2,0
4,64,6,2014,4,1,1,2,1,1,3,1,1,1,1,5,1,1,19,6,1,1,33,1,2,0
5,64,8,2014,2,1,1,2,1,1,2,1,1,1,1,5,1,1,6,6,1,1,22,1,2,0
6,64,8,2014,3,2,6,2,1,1,1,1,1,1,1,5,1,1,8,6,1,1,33,1,2,1
7,64,4,2014,4,3,4,2,2,1,3,1,1,1,1,5,1,1,14,5,2,3,19,1,2,0
7,64,4,2014,3,5,4,1,1,1,1,1,1,1,1,5,1,1,8,6,1,1,33,1,2,0
8,64,10,2014,3,2,1,2,1,1,2,1,1,1,1,5,1,1,9,6,1,1,33,1,2,1
9,64,3,2014,2,1,1,2,1,1,1,1,1,1,1,1,1,1,14,5,1,1,33,1,2,0
10,64,2,2014,3,1,1,1,2,1,1,1,1,1,1,1,1,1,5,6,1,1,33,1,2,0
13,64,9,2014,2,1,1,2,2,1,1,1,1,1,1,1,1,1,14,8,1,1,35,1,2,1
15,64,1,2014,3,1,3,1,1,1,1,1,1,1,1,1,1,1,14,6,1,1,28,2,2,0
15,64,4,2014,4,3,1,2,2,1,3,1,1,1,1,1,1,1,14,6,1,1,33,1,2,0
15,64,9,2014,3,3,1,2,2,1,2,1,1,1,1,5,1,1,5,6,1,1,33,1,2,0
15,64,9,2014,1,1,1,2,2,2,4,1,2,1,1,1,1,1,14,6,1,1,33,1,2,0
16,64,1,2014,4,3,8,2,1,1,2,1,1,1,1,5,1,1,8,6,1,1,32,2,2,1
16,64,6,2014,1,1,1,2,1,2,4,1,4,1,1,5,1,1,19,6,1,1,33,1,2,0
7,65,1,2014,2,1,1,2,2,1,1,1,1,1,1,1,1,2,9,6,1,2,26,1,2,0
7,65,5,2014,2,1,4,2,2,1,1,2,1,1,1,2,1,2,8,6,1,2,33,1,0,0
2,59,2,2014,2,1,1,2,2,1,1,1,2,1,1,1,1,2,9,11,1,2,33,2,2,0
4,59,3,2014,3,7,1,2,2,1,1,1,1,1,1,2,1,2,7,6,1,1,39,2,1,1
2,59,3,2014,2,7,1,2,2,1,1,1,1,1,1,4,1,2,14,6,1,2,33,1,2,0
4,59,7,2014,2,7,3,1,2,2,1,1,2,1,1,2,1,2,12,11,1,1,45,1,2,0
14,63,2,2014,3,7,3,2,1,1,2,1,1,1,1,1,1,2,10,6,1,2,33,1,0,0
14,63,4,2014,4,4,8,2,2,1,3,1,1,1,1,1,1,2,14,9,1,2,33,1,0,0
14,63,4,2014,1,1,3,1,1,2,4,1,1,1,1,1,1,2,19,6,1,2,33,1,0,0
14,63,7,2014,4,1,1,2,1,1,1,1,1,1,1,1,1,2,19,6,1,2,33,1,0,0
14,63,6,2014,3,7,2,2,1,1,4,1,1,1,1,1,1,2,15,6,1,2,33,1,0,0
14,63,3,2014,2,1,1,2,2,1,1,1,1,1,2,1,1,2,9,8,2,7,33,1,2,0
14,63,3,2014,1,1,3,1,1,1,1,1,1,1,1,2,1,1,10,6,1,2,33,1,0,0
14,63,8,2014,3,7,1,2,2,1,1,1,1,1,1,1,1,2,14,6,1,1,33,2,2,0
14,63,8,2014,4,7,1,2,2,1,4,1,1,1,1,1,1,2,16,6,1,1,33,2,2,0
14,63,7,2014,2,7,1,1,1,1,1,1,1,1,1,1,1,2,19,6,1,1,33,2,2,0
14,63,7,2014,2,7,1,2,2,1,1,1,1,1,1,1,1,2,10,6,1,2,33,1,0,0
14,63,7,2014,4,1,2,2,2,1,1,1,1,1,1,1,1,1,14,6,1,1,33,2,2,0
14,63,9,2014,2,7,3,2,2,1,1,1,1,1,1,1,1,2,9,6,1,1,33,2,2,0
14,63,7,2014,2,7,1,2,2,1,1,1,1,1,1,1,1,1,19,6,1,2,33,1,2,0
16,63,3,2014,2,1,1,2,1,1,2,1,1,1,1,1,1,2,19,11,1,7,33,1,0,0
16,63,5,2014,3,1,8,2,1,1,1,1,1,1,1,1,1,2,10,6,1,7,42,2,2,0
16,63,7,2014,1,1,1,1,1,1,2,1,1,1,1,1,1,1,14,6,1,2,33,2,0,0
16,63,9,2014,2,1,1,2,1,1,2,1,1,1,1,1,1,2,19,11,1,7,33,1,0,0
16,63,10,2014,1,1,6,2,2,1,2,2,1,1,1,1,1,2,9,6,1,2,33,1,0,0
16,63,10,2014,2,1,1,2,1,1,1,1,1,1,1,1,1,2,19,11,1,7,33,1,0,0
16,63,12,2014,3,2,2,2,1,1,1,1,1,1,1,1,1,1,14,6,1,2,33,1,2,0
16,63,6,2014,3,7,1,1,1,1,1,1,1,1,1,1,1,2,5,6,1,1,26,2,2,0
9,63,3,2014,1,1,1,1,1,1,1,1,1,1,1,1,1,2,7,1,1,3,35,2,2,0
9,63,4,2014,1,1,1,1,1,1,4,1,1,1,1,1,1,2,13,5,1,1,33,2,2,0
9,63,6,2014,3,1,1,1,1,1,1,1,1,1,1,1,1,2,9,4,1,3,35,2,0,0
9,63,1,2014,2,1,2,2,2,1,2,1,1,1,1,1,1,2,9,9,1,1,40,2,0,0
11,63,2,2014,2,1,1,2,2,1,1,2,1,1,1,1,1,2,14,5,1,2,33,1,2,0
15,63,11,2014,1,1,7,2,2,4,4,1,1,1,1,1,4,2,16,6,2,7,20,2,2,1
2,63,7,2014,2,7,1,2,2,2,1,1,2,1,3,2,1,2,8,6,1,1,33,2,2,1
4,63,3,2014,2,1,8,2,2,1,1,2,2,1,1,1,1,2,9,2,1,2,28,1,2,1
4,63,12,2014,1,7,1,2,2,1,1,2,1,1,1,1,1,2,19,6,1,2,33,1,0,1
13,63,5,2014,1,1,1,2,1,2,4,1,2,1,1,2,1,2,19,6,1,2,33,1,0,0
7,63,11,2014,2,1,1,2,1,1,1,1,1,1,1,1,1,2,9,6,1,1,33,2,2,0
5,65,3,2014,4,1,8,1,2,1,4,4,1,1,1,1,1,2,14,6,2,7,40,1,2,0
2,65,8,2014,2,7,1,2,2,1,1,1,1,1,1,1,1,2,9,6,1,2,33,1,0,0
2,65,12,2014,2,2,1,2,2,1,3,1,1,1,1,1,1,2,14,6,1,2,33,1,2,0
9,58,3,2014,3,1,3,1,2,1,1,3,1,1,2,2,2,2,12,2,1,2,43,2,2,0
7,58,11,2014,2,1,1,2,2,1,1,1,1,1,2,1,1,2,19,6,1,2,33,1,0,0
12,58,1,2014,3,1,3,1,2,1,1,1,1,1,1,2,1,2,5,6,1,2,33,1,2,1
12,58,4,2014,2,1,3,2,2,1,1,3,1,3,1,2,1,2,17,6,1,2,22,1,2,0
12,58,10,2014,2,7,1,1,2,1,1,1,1,1,1,2,2,2,14,11,2,7,33,1,2,3
6,58,4,2014,4,7,8,2,2,1,3,1,1,1,1,1,1,1,19,6,1,2,33,1,0,0
6,58,6,2014,1,7,8,2,2,1,4,1,1,1,1,1,1,1,19,6,1,2,33,1,0,0
10,58,5,2014,2,7,8,2,2,1,1,2,1,1,1,2,1,2,10,6,1,2,33,1,0,0
10,58,9,2014,1,1,1,2,2,1,2,1,1,1,1,2,1,2,10,6,1,2,33,1,0,0
10,58,12,2014,1,1,1,2,2,1,2,1,1,1,1,2,1,2,10,6,1,2,33,1,0,0
16,58,12,2014,1,3,1,2,2,1,1,1,1,1,1,2,1,2,4,2,2,2,30,1,2,0
1,57,1,2014,5,1,1,2,2,1,1,1,1,1,1,1,1,1,9,6,1,1,33,2,2,0
1,57,8,2014,5,1,1,2,2,2,4,1,2,1,1,2,1,2,5,6,1,2,33,1,0,0
8,57,3,2014,1,3,4,2,2,1,4,1,1,1,1,1,1,2,14,5,2,1,33,1,0,1
2,57,8,2014,5,7,2,1,2,1,2,2,1,1,2,1,1,2,19,6,1,2,33,1,0,0
3,57,6,2014,2,2,2,2,2,1,1,1,1,1,1,1,1,2,10,6,1,2,33,1,0,0
9,57,6,2014,2,2,2,2,2,1,1,1,1,1,1,1,1,2,14,6,1,2,45,1,2,0
9,57,7,2014,1,2,2,2,2,1,3,1,1,1,1,1,1,2,19,6,1,2,33,1,0,0
9,57,9,2014,2,2,1,2,2,1,1,1,1,1,1,1,1,2,14,2,1,2,32,1,2,0
8,57,9,2014,1,2,2,2,2,1,1,1,1,1,1,1,1,2,19,6,1,2,33,1,0,0
1,57,4,2014,4,1,1,2,2,1,4,1,1,1,1,1,1,2,5,6,1,2,33,1,0,0
3,57,4,2014,1,1,1,2,2,1,1,1,1,1,1,1,1,2,9,6,1,2,33,1,0,1
8,57,4,2014,1,2,1,2,2,1,4,1,1,1,1,1,5,2,14,6,1,2,33,1,2,1
6,57,4,2014,2,1,2,2,2,1,1,1,1,1,1,4,1,2,5,6,1,7,33,1,0,0
4,57,5,2014,3,3,1,2,2,1,1,2,1,1,1,2,1,2,14,6,1,2,30,1,0,0
5,57,3,2014,2,1,4,2,2,1,1,1,1,1,1,2,1,2,12,6,1,2,33,1,0,0
5,57,4,2014,2,1,4,2,2,1,1,1,1,1,1,2,1,2,14,6,1,2,33,1,0,0
1,57,10,2014,1,1,8,2,2,1,2,1,1,1,1,2,2,2,7,11,1,7,33,1,2,0
8,57,12,2014,2,7,1,2,2,1,2,1,1,1,1,1,1,2,19,6,1,2,33,1,0,0
5,57,10,2014,3,1,4,2,2,1,1,3,1,1,1,2,1,2,14,6,1,7,33,1,2,0
4,59,9,2014,2,7,1,2,1,1,2,1,1,1,1,4,1,1,5,6,1,1,20,2,2,1
1,59,9,2014,2,2,3,2,2,4,3,1,1,1,1,5,1,1,4,4,1,2,30,2,2,1
6,59,12,2014,2,1,1,2,2,1,1,1,1,3,2,4,1,2,17,6,1,2,33,2,2,0
9,60,8,2014,2,7,3,2,2,2,1,1,1,1,1,2,1,2,14,6,2,1,50,2,2,1
9,60,12,2014,2,7,8,2,2,4,1,1,1,1,1,2,1,2,19,6,1,2,33,1,0,0
1,60,1,2014,4,2,2,1,1,1,4,1,1,1,1,2,1,2,13,6,1,2,33,1,0,0
1,60,1,2014,3,2,2,1,1,1,1,1,1,1,1,2,1,2,9,6,1,2,30,1,0,1
1,60,1,2014,3,1,2,1,1,1,1,1,1,1,1,2,1,2,10,6,1,2,33,1,0,0
1,60,3,2014,3,1,2,1,1,1,1,1,1,1,1,2,1,2,10,6,1,2,33,1,0,0
1,61,7,2014,2,7,1,2,2,1,1,1,1,1,2,1,1,1,19,6,1,2,33,1,0,0
1,61,8,2014,2,7,1,2,2,1,1,2,1,1,1,1,1,2,12,11,1,7,25,2,2,0
1,61,7,2014,1,7,1,2,2,1,4,2,1,1,2,1,1,1,9,5,1,7,33,2,2,0
2,61,10,2014,3,2,1,2,1,1,1,1,1,1,1,1,1,2,9,6,1,1,46,2,2,0
1,67,5,2014,4,1,1,2,2,1,2,2,1,1,1,1,1,2,19,6,1,2,33,1,2,0
1,67,5,2014,2,1,2,2,2,1,1,2,1,1,1,1,1,2,19,6,1,2,33,1,0,0
8,67,8,2014,3,1,1,1,2,1,1,4,1,1,1,1,1,2,14,6,1,2,40,2,2,0
4,67,11,2014,3,1,1,2,2,1,1,2,1,2,1,4,1,2,4,6,1,7,28,1,2,3
1,66,11,2014,5,2,1,1,1,1,1,2,1,1,2,4,1,2,9,6,1,2,35,1,0,0
1,66,7,2014,2,1,2,2,2,3,1,5,2,1,2,5,1,2,19,6,1,2,33,1,0,0
9,66,6,2014,2,2,8,2,2,1,1,2,1,1,1,1,1,2,9,2,1,1,36,2,2,0
4,66,6,2014,3,7,8,2,2,1,1,1,1,1,2,2,2,2,14,11,2,2,33,1,0,1
8,66,4,2014,3,7,2,2,2,1,1,4,1,1,1,1,1,2,9,6,1,1,33,2,2,1
9,66,2,2014,1,2,2,2,2,1,1,3,1,2,1,4,1,2,11,6,2,7,33,1,2,0
1,66,1,2014,1,7,8,2,2,1,1,1,1,1,1,2,2,1,14,11,2,7,40,1,2,2
1,68,12,2014,3,1,1,2,2,1,1,2,1,1,1,2,1,2,11,11,1,2,33,1,2,0
3,68,8,2014,3,7,1,2,2,1,1,1,2,3,2,4,4,2,4,6,2,2,33,1,0,0
4,68,7,2014,3,7,8,1,2,2,2,2,2,1,1,2,2,2,14,11,1,7,34,2,2,1
1,61,7,2014,1,7,1,2,2,1,4,1,1,1,1,2,1,1,9,11,1,7,38,2,2,0
2,61,10,2014,3,2,1,2,1,1,1,1,1,1,1,1,1,2,9,6,1,1,46,2,2,0
1,61,9,2014,4,2,3,2,1,1,3,2,1,1,1,1,1,2,19,6,1,2,33,1,0,0
1,61,10,2014,4,7,3,2,2,2,1,2,2,1,1,2,1,2,19,6,1,2,33,1,0,0
1,61,11,2014,1,7,8,2,2,1,1,1,1,1,1,1,1,1,19,6,1,2,33,1,0,0
1,61,6,2014,2,2,1,2,2,1,2,1,1,1,1,1,2,2,16,11,1,1,33,2,2,2
1,61,8,2014,1,2,1,2,2,1,2,1,1,1,1,1,1,2,19,6,1,2,33,1,0,0
1,61,10,2014,1,2,1,2,2,1,4,1,1,1,1,1,1,2,9,6,1,1,37,2,2,0
12,58,4,2014,2,4,4,2,2,1,1,1,1,1,1,2,1,1,14,11,1,1,33,1,2,0
12,58,4,2014,3,3,1,2,2,1,1,1,1,1,1,2,1,2,14,11,1,2,33,1,2,0
10,58,5,2014,2,7,8,2,2,1,1,1,1,1,1,2,1,2,19,6,1,2,33,1,2,0
7,58,9,2014,4,2,1,1,1,1,2,1,1,1,1,1,1,2,19,6,1,2,33,1,0,0
7,58,7,2014,4,2,1,1,1,1,1,1,1,1,1,1,1,1,19,6,1,2,33,1,0,0
7,58,5,2014,3,2,1,2,1,1,1,1,1,1,1,1,1,2,14,6,1,2,33,1,0,0
7,58,2,2014,1,1,1,2,1,1,1,1,1,1,1,1,1,2,19,6,1,2,33,1,0,0
13,58,1,2014,3,7,8,2,2,1,1,1,1,1,1,2,1,1,14,11,1,7,33,1,0,0
13,58,6,2014,2,7,8,2,2,1,1,1,1,1,1,1,1,1,14,6,1,2,33,1,0,0
13,58,6,2014,4,7,8,2,2,1,4,1,1,1,1,1,1,1,19,6,1,2,33,1,0,0
13,58,9,2014,2,1,8,2,2,1,1,1,1,1,1,1,1,1,19,6,1,2,33,1,0,0
13,58,9,2014,1,1,8,2,2,1,3,1,1,1,1,1,1,1,19,6,1,2,33,1,0,0
13,58,8,2014,3,7,8,2,2,1,1,1,1,1,1,1,1,1,9,6,1,2,33,1,2,1
13,58,10,2014,1,1,8,2,2,1,2,1,1,1,1,1,1,1,9,6,1,2,33,1,0,0
6,58,4,2014,4,1,1,2,2,1,3,1,1,1,1,1,1,2,19,11,1,7,33,1,2,0
5,58,9,2014,1,2,2,2,2,1,1,1,2,1,1,1,1,2,19,6,1,2,33,1,0,0
5,58,8,2014,2,1,1,2,1,1,1,1,1,1,1,1,1,2,9,7,1,2,33,1,0,0
5,58,5,2014,4,1,1,2,2,1,2,1,1,1,1,1,1,2,9,6,1,2,33,1,0,0
12,47,2,2014,3,7,1,2,2,1,1,1,1,1,1,2,1,2,19,11,1,7,33,2,2,0
9,47,2,2014,3,1,1,2,2,1,1,1,1,1,1,2,1,2,4,6,1,7,33,2,2,0
7,48,3,2014,4,7,1,2,2,1,1,1,1,1,1,2,1,2,4,11,1,7,33,2,2,0
4,48,3,2014,3,7,1,2,2,1,1,1,1,1,1,2,1,2,12,11,1,7,33,2,2,0
1,39,3,2014,3,3,1,2,2,1,1,1,1,1,1,2,1,2,18,11,1,7,33,2,2,0
3,37,2,2014,3,7,1,2,2,1,1,1,1,1,1,2,1,2,8,2,1,7,33,2,2,0
3,39,2,2014,4,1,1,2,2,1,1,1,1,1,1,2,1,2,19,11,1,7,33,2,2,0
4,39,2,2014,4,7,1,2,2,2,1,1,1,1,1,2,1,2,19,11,1,7,33,2,2,0
1,52,1,2014,3,7,1,2,2,1,1,1,1,1,1,2,1,2,19,11,1,7,33,2,2,0
10,52,1,2014,2,7,1,2,2,1,1,1,1,1,1,2,1,2,19,11,1,7,33,2,2,3
5,38,1,2014,3,1,1,2,2,1,1,1,1,1,1,2,1,2,19,11,1,7,33,2,2,0
7,47,1,2014,4,1,1,2,2,1,1,1,1,1,1,2,1,2,14,11,1,7,33,2,2,0
4,47,1,2014,4,1,1,2,2,1,1,1,1,1,1,2,1,2,14,5,1,7,33,2,2,0
1,47,1,2014,4,7,3,2,2,1,1,1,1,1,1,2,1,2,9,11,1,7,33,2,2,0
1,45,2,2014,1,1,1,2,2,1,1,1,1,1,1,2,1,2,8,11,1,7,33,2,2,0
5,45,2,2014,4,1,1,2,2,1,1,1,1,1,1,2,1,2,7,11,1,7,28,2,2,0
2,45,2,2014,3,1,1,2,2,1,1,1,1,1,1,2,1,2,14,11,1,7,33,2,2,0
1,45,1,2014,2,1,1,2,2,1,1,1,1,1,1,2,1,2,7,11,1,7,33,2,2,0
1,45,1,2014,2,1,1,2,2,1,1,1,1,1,1,2,1,2,6,11,1,7,33,2,2,0
5,45,1,2014,3,1,1,2,2,1,1,1,1,1,1,2,1,2,9,11,1,7,20,2,2,0
5,45,1,2014,4,1,1,2,2,1,1,1,1,1,1,2,1,2,17,11,1,7,18,2,2,0
8,47,3,2014,2,1,1,2,2,1,1,1,1,1,1,2,1,2,19,11,1,7,33,2,2,0
1,47,3,2014,3,1,1,2,2,1,1,1,1,1,1,2,1,2,14,11,1,7,33,2,2,0
2,47,3,2014,4,1,1,2,2,1,1,1,1,1,1,2,1,2,19,11,1,7,54,2,2,0
10,47,3,2014,4,7,1,2,2,1,1,1,1,1,1,2,1,2,14,11,1,7,33,2,2,1
3,49,4,2014,3,1,1,2,2,1,1,1,1,1,1,2,1,2,9,11,1,7,50,1,2,0
8,52,3,2014,1,7,1,2,2,1,1,1,1,1,1,2,1,2,14,11,1,7,28,2,2,0
1,45,3,2014,4,1,1,2,2,1,1,1,1,1,1,2,1,2,9,11,1,7,33,2,2,0
6,45,3,2014,4,1,1,2,2,1,1,1,1,1,1,2,1,2,19,11,1,7,30,2,2,0
5,37,1,2014,2,7,1,2,2,1,1,1,1,1,1,2,1,2,19,11,1,7,33,2,2,0
4,37,1,2014,3,7,1,2,2,1,1,1,1,1,1,2,1,2,19,11,1,7,33,2,2,0
1,37,1,2014,2,1,1,2,2,1,1,1,1,1,1,2,1,2,19,11,1,7,20,2,2,0
1,37,4,2014,2,7,1,2,2,1,1,1,1,1,1,2,1,2,19,11,1,7,33,2,2,0
9,47,4,2014,4,1,1,2,2,1,1,1,1,1,1,2,1,2,10,5,1,7,33,2,2,0
5,47,4,2014,2,1,1,2,2,1,1,1,1,1,1,2,1,2,4,11,1,7,33,2,2,0
3,38,3,2014,2,7,1,2,2,1,1,1,1,1,1,2,1,2,19,11,1,7,33,2,2,0
4,44,1,2014,3,7,1,2,2,1,1,1,1,1,1,2,1,2,9,11,1,7,33,2,2,0
4,44,2,2014,3,7,1,2,2,1,1,1,1,1,1,2,1,2,9,11,1,7,50,2,2,1
4,44,2,2014,4,7,1,2,2,1,1,1,1,1,1,2,1,2,9,11,1,7,33,2,2,0
4,44,3,2014,4,7,1,2,2,1,1,1,1,1,1,2,1,2,13,11,1,7,33,2,2,0
4,44,3,2014,2,7,1,2,2,1,1,1,1,1,1,2,1,2,13,11,1,7,26,2,2,0
4,44,4,2014,3,7,1,2,2,1,1,1,1,1,1,2,1,2,4,11,1,7,33,2,2,1
4,44,4,2014,4,7,1,2,2,1,1,1,1,1,1,2,1,2,13,11,1,7,33,2,2,0
4,44,4,2014,4,7,1,2,2,1,1,1,1,1,1,2,1,2,13,11,1,7,33,2,2,0
5,44,3,2014,3,1,1,2,2,1,1,1,1,1,1,2,1,2,9,11,1,7,33,2,2,0
5,44,1,2014,4,7,1,2,2,1,1,1,1,1,1,2,1,2,9,11,1,7,33,2,2,0
5,44,4,2014,4,1,1,2,2,1,1,1,1,1,1,2,1,2,19,11,1,7,33,2,2,0
3,44,4,2014,2,7,1,2,2,1,1,1,1,1,1,2,1,2,19,11,1,7,37,2,2,1
2,44,3,2014,3,7,1,2,2,1,1,1,1,1,1,2,1,2,19,11,1,7,40,2,2,1
1,44,4,2014,3,7,1,2,2,1,1,1,1,1,1,2,1,2,12,11,1,7,33,2,2,0
1,44,4,2014,3,1,1,2,2,1,1,1,1,1,1,2,1,2,9,11,1,7,33,2,2,0
7,44,4,2014,1,7,1,2,2,1,1,1,1,1,1,2,1,2,19,11,1,7,33,2,2,0
6,51,3,2014,2,1,1,2,2,1,1,1,1,1,1,2,1,2,9,11,1,7,40,2,2,0
9,51,3,2014,2,7,1,2,2,1,1,1,1,1,1,2,1,2,4,11,1,7,30,2,2,0
4,51,3,2014,3,1,1,2,2,1,1,1,1,1,1,2,1,2,4,11,1,7,30,2,2,0
2,51,4,2014,3,1,1,2,2,1,1,1,1,1,1,2,1,2,17,11,1,7,33,2,2,0
11,51,4,2014,1,7,1,2,2,1,1,1,1,1,1,2,1,2,4,11,1,7,40,2,2,0
5,40,2,2014,3,1,1,2,2,1,1,1,1,1,1,2,1,2,13,11,1,7,32,2,2,0
3,40,2,2014,2,7,1,2,2,1,1,1,1,1,1,2,1,2,8,11,1,7,33,2,2,1
4,40,3,2014,3,1,1,2,2,1,1,1,1,1,1,2,1,2,4,11,1,7,16,2,2,1
3,40,4,2014,3,1,5,2,1,1,1,1,1,1,1,2,1,2,8,11,1,7,33,2,2,1
3,40,4,2014,4,7,1,2,2,1,1,1,1,1,1,2,1,2,9,11,1,7,33,2,2,1
1,40,4,2014,3,1,1,2,2,1,1,1,1,1,1,2,1,2,9,11,1,7,40,2,2,1
6,40,4,2014,2,7,1,2,2,1,1,1,1,1,1,2,1,2,14,11,1,7,33,2,2,3
2,40,4,2014,3,7,1,2,2,1,1,1,1,1,1,2,1,2,19,11,1,7,33,2,2,0
4,46,3,2014,1,1,1,2,2,1,4,1,1,1,1,2,1,2,4,11,1,7,40,2,2,0
6,46,1,2014,3,7,1,2,2,1,1,1,1,1,1,2,1,2,14,11,1,7,33,2,2,0
5,46,4,2014,4,1,1,2,2,1,1,1,1,1,1,2,1,2,19,11,1,7,33,2,2,0
3,46,1,2014,4,7,1,2,2,1,1,1,1,1,1,2,1,2,19,11,1,7,33,2,2,0
1,46,3,2014,2,7,1,2,2,1,1,1,1,1,1,2,1,2,9,11,1,7,33,2,2,0
1,46,3,2014,2,7,1,2,2,1,1,1,1,1,1,2,1,2,19,11,1,7,33,2,2,0
1,46,3,2014,4,7,1,2,2,1,1,1,1,1,1,2,1,2,17,11,1,7,33,2,2,0
1,46,3,2014,2,7,1,2,2,1,1,1,1,1,1,2,1,2,19,11,1,7,33,2,2,0
1,46,3,2014,3,7,1,2,2,1,1,1,1,1,1,2,1,2,19,11,1,7,33,2,2,0
1,46,3,2014,4,7,1,2,2,1,1,1,1,1,1,2,1,2,19,11,1,7,33,2,2,0
1,46,3,2014,3,7,1,2,2,1,1,1,1,1,1,2,1,2,9,11,1,7,33,2,2,0
1,46,4,2014,4,7,1,2,2,1,1,1,1,1,1,2,1,2,14,11,1,7,33,2,2,0
1,46,5,2014,1,1,1,2,2,1,1,1,1,1,1,2,1,2,19,11,1,7,33,2,2,0
1,46,5,2014,1,7,1,2,2,1,1,1,1,1,1,2,1,2,19,11,1,7,33,2,2,0