Thana,District,Month,Year,Time,Junction_Type,Traffic_Control,Movement,Divider,Weather,Light,Road_Geometry,Surface_Condition,Surface_Type,Surface_Quality,Road_Class,Road_Feature,Location_Type,Vehicle_Type,Vehicle_Movement,Vehicle_Loading,Vehicle_Defect,Vehicle_Driver_Age,Vehicle_Alcohol,Vehicle_Seat_Belt,Accident_Severity
1,41,4,2014,4,1,1,2,2,1,1,1,1,1,1,2,1,2,4,11,1,7,27,2,2,0
5,41,4,2014,2,3,1,2,2,1,1,1,1,1,1,2,1,2,9,11,1,7,33,2,2,0
5,41,4,2014,2,1,1,2,2,1,1,1,1,1,1,2,1,2,9,11,1,7,32,2,2,0
5,41,4,2014,3,2,1,2,2,1,1,1,1,1,1,2,1,2,8,11,1,7,33,2,2,0
2,47,5,2014,4,1,1,2,2,1,1,1,1,1,1,2,1,2,18,11,1,7,33,2,2,0
9,47,5,2014,4,1,1,2,2,1,1,1,1,1,1,2,1,2,19,11,1,7,33,2,2,0
9,47,5,2014,3,1,1,2,2,1,1,1,1,1,1,2,1,2,19,11,1,7,33,2,2,0
2,50,3,2014,3,7,1,2,2,1,1,1,1,1,1,2,1,2,10,11,1,7,33,2,2,0
2,50,5,2014,1,7,1,2,2,2,1,1,1,1,1,2,1,2,9,11,1,7,33,2,2,0
11,50,3,2014,4,7,1,2,2,1,1,1,1,1,1,2,1,2,19,11,1,7,45,2,2,0
8,50,1,2014,4,1,1,2,2,1,1,1,1,1,1,2,1,2,9,11,1,7,50,2,2,0
6,50,5,2014,4,7,1,2,2,1,1,1,1,1,1,2,1,2,14,11,1,7,33,2,2,0
7,38,5,2014,2,7,1,2,2,1,1,1,1,1,1,2,1,2,4,11,1,7,33,2,2,1
1,52,5,2014,4,1,1,2,2,1,1,1,1,1,1,2,1,2,19,11,1,7,14,2,2,0
2,52,5,2014,4,7,1,2,2,1,1,1,1,1,1,2,1,2,8,11,1,7,22,2,2,0
10,52,5,2014,3,7,1,2,2,1,1,1,1,1,1,2,1,2,4,11,1,7,38,2,2,0
5,52,5,2014,4,1,1,2,2,1,1,1,1,1,1,2,1,2,19,11,1,7,33,2,2,0
5,40,5,2014,3,1,1,2,2,1,1,1,1,1,1,2,1,2,9,11,1,7,33,2,2,0
6,40,5,2014,4,3,4,2,2,1,1,1,1,1,1,2,1,2,4,11,1,7,33,2,2,0
5,45,5,2014,3,1,1,2,2,1,1,1,1,1,1,2,1,2,9,11,1,7,33,2,2,0
6,45,5,2014,4,1,1,2,2,1,1,1,1,1,1,2,1,2,14,7,1,7,30,2,2,0
2,49,5,2014,1,2,1,2,2,1,1,1,1,1,1,2,1,2,19,11,1,7,33,2,2,0
2,49,5,2014,2,3,1,2,2,1,1,1,1,1,1,2,1,2,14,11,1,7,28,2,2,0
3,49,5,2014,4,7,1,2,2,1,1,1,1,1,1,2,1,2,19,11,1,7,33,2,2,0
5,37,5,2014,4,3,1,2,2,1,1,1,1,1,1,2,1,2,5,11,1,7,35,2,2,0
3,45,6,2014,2,1,1,2,2,1,1,1,1,1,1,2,1,2,9,11,1,7,33,2,2,0
3,45,6,2014,3,1,1,2,2,1,1,1,1,1,1,2,1,2,14,11,1,1,33,2,2,0
9,47,6,2014,3,1,1,2,2,1,1,1,1,1,1,1,1,2,9,11,1,7,33,2,2,0
12,47,6,2014,3,7,1,2,2,1,1,1,1,1,1,1,1,2,14,11,1,7,33,2,2,3
12,47,6,2014,3,7,1,2,2,1,1,1,1,1,1,1,1,2,14,11,1,7,33,2,2,0
7,47,6,2014,4,7,1,2,2,1,1,3,1,1,2,1,1,2,19,11,1,7,33,2,2,0
2,47,6,2014,4,1,1,2,2,1,1,1,1,1,1,1,1,2,11,11,1,7,33,2,2,0
1,52,6,2014,4,2,1,2,2,1,1,1,1,2,2,2,1,2,14,11,1,7,32,2,2,0
2,39,6,2014,3,1,1,2,2,1,1,1,1,1,1,2,1,2,14,11,1,7,33,2,2,0
7,44,5,2014,4,1,1,2,2,1,1,1,1,1,1,1,1,2,12,11,1,7,29,2,2,0
4,44,5,2014,4,1,1,2,2,1,1,1,1,1,1,1,1,2,14,11,1,7,33,2,2,0
5,44,5,2014,4,7,1,2,2,1,1,1,1,1,1,1,1,2,8,11,1,7,33,2,2,0
6,44,6,2014,4,1,1,2,2,1,1,1,1,1,1,1,1,2,14,11,1,7,33,2,2,0
6,44,6,2014,2,1,1,2,2,1,1,1,1,1,1,1,1,2,14,11,1,7,33,2,2,0
6,44,7,2014,2,1,1,2,2,1,1,1,1,1,1,1,1,2,14,11,1,7,33,2,2,0
6,44,7,2014,2,7,1,2,2,1,1,1,1,1,1,1,1,2,14,11,1,7,33,2,2,0
6,44,7,2014,4,1,1,2,2,1,1,1,1,1,1,1,1,2,14,11,1,7,33,2,2,0
6,40,7,2014,4,7,1,2,2,1,1,1,1,1,1,1,1,2,19,11,1,7,33,2,2,0
7,40,6,2014,3,1,1,2,2,1,1,1,1,1,1,1,1,2,13,11,1,7,33,2,2,0
3,40,7,2014,2,7,1,2,2,1,1,1,1,1,1,1,1,2,14,11,1,7,33,2,2,0
1,40,6,2014,3,7,1,2,2,1,2,1,1,1,1,2,1,2,14,11,1,7,33,2,2,0
1,40,6,2014,4,1,1,2,2,1,1,1,1,1,1,1,1,2,11,5,1,7,33,2,2,0
6,40,6,2014,4,1,1,2,2,1,2,1,1,1,1,1,1,2,14,11,1,7,27,2,2,0
6,40,6,2014,3,7,2,1,2,1,1,1,1,1,1,1,1,2,11,11,1,7,33,2,2,1
1,40,6,2014,4,1,1,2,2,1,4,1,2,1,1,4,1,2,8,11,1,7,33,2,2,0
1,40,6,2014,4,7,1,2,2,1,1,1,1,1,1,1,1,2,7,11,1,7,33,2,2,1
1,45,7,2014,3,1,1,2,2,1,2,1,1,1,1,1,1,2,14,11,1,7,33,2,2,0
5,45,7,2014,3,1,1,2,2,1,1,1,1,1,1,1,1,2,19,11,1,7,25,2,2,0
4,45,7,2014,2,1,1,2,2,1,2,1,1,1,1,1,1,2,19,11,1,7,33,2,2,0
6,45,7,2014,3,1,1,2,2,1,4,1,1,1,1,2,1,2,19,11,1,7,33,2,2,0
1,52,7,2014,3,7,1,2,2,1,1,1,1,1,1,4,1,2,19,11,1,7,25,2,2,0
5,52,7,2014,3,7,1,2,2,1,1,1,1,1,1,2,1,2,19,11,1,7,33,2,2,0
4,39,7,2014,2,7,1,2,2,1,1,1,1,1,1,2,1,2,9,11,1,7,33,2,2,0
2,49,7,2014,1,7,1,2,2,1,1,1,1,1,1,2,1,2,13,11,1,7,33,2,2,0
3,49,7,2014,1,1,1,2,2,1,1,1,1,1,1,2,1,2,7,11,1,7,33,2,2,0
3,49,7,2014,2,7,1,2,2,1,3,1,1,1,1,2,1,2,14,11,1,7,33,2,2,0
2,43,7,2014,2,1,1,2,2,1,1,1,1,1,1,1,1,2,14,1,1,7,33,2,2,0
1,38,3,2014,2,7,1,2,2,1,1,1,1,1,1,1,1,2,4,7,1,7,33,2,2,0
1,38,7,2014,3,1,1,2,2,1,4,1,1,1,1,1,1,2,19,11,1,7,33,2,2,0
1,38,6,2014,4,7,1,2,2,1,1,1,1,1,1,2,1,2,19,11,1,7,33,2,2,1
1,38,7,2014,1,7,1,2,2,1,1,1,1,1,1,1,1,2,19,11,1,7,33,2,2,0
2,37,9,2014,2,7,1,2,2,1,1,1,1,1,1,4,1,2,19,11,1,7,26,2,2,0
9,47,7,2014,3,1,1,2,2,1,1,1,1,1,1,1,1,2,19,6,1,7,44,2,2,0
12,47,7,2014,4,1,1,2,2,1,1,1,1,1,1,1,1,2,9,6,1,7,32,2,2,0
4,39,8,2014,3,1,1,2,2,1,1,1,1,1,1,2,1,2,14,2,1,7,33,2,2,0
9,52,8,2014,4,7,1,2,2,1,1,1,1,1,1,4,1,2,19,11,1,7,33,2,2,0
1,45,8,2014,3,1,1,2,2,1,1,1,1,1,1,1,1,2,19,11,1,7,33,2,2,0
6,45,8,2014,4,1,1,2,2,1,1,1,1,1,1,2,1,2,19,11,1,7,33,2,2,0
5,45,8,2014,4,1,1,2,2,1,1,1,1,1,1,1,1,2,19,11,1,7,33,2,2,0
6,45,8,2014,2,1,1,2,2,1,1,1,1,1,1,1,1,2,19,11,1,7,33,2,2,0
2,45,8,2014,2,1,1,2,2,1,1,1,1,1,1,1,1,2,14,11,1,7,33,2,2,0
1,49,8,2014,2,7,1,2,2,1,1,1,1,1,1,2,1,2,19,11,1,7,22,2,2,0
1,48,8,2014,4,7,1,2,2,1,1,1,1,1,1,2,1,2,4,11,1,7,33,2,2,0
1,38,9,2014,4,7,1,2,2,1,1,1,1,1,1,1,1,2,8,11,1,7,33,2,2,0
7,38,9,2014,3,1,1,2,2,1,1,1,1,1,1,1,1,2,19,11,1,7,33,2,2,0
5,45,9,2014,4,1,1,2,2,1,1,1,1,1,1,1,1,2,19,11,1,7,33,2,2,0
5,45,9,2014,1,1,1,2,2,1,1,1,1,1,1,1,1,2,12,11,1,7,33,2,2,0
3,49,11,2014,2,1,8,2,2,1,1,1,1,1,1,2,1,2,6,11,1,7,33,2,2,3
8,52,11,2014,3,7,1,2,2,1,1,1,1,1,1,2,1,2,19,2,1,7,26,2,2,0
1,45,10,2014,4,1,1,2,2,1,1,1,1,1,1,1,1,2,8,11,1,7,33,2,2,0
1,39,11,2014,3,7,3,2,2,1,1,1,1,1,1,1,1,2,9,11,1,7,35,2,2,1
9,47,8,2014,4,1,1,2,2,1,1,1,1,1,1,1,1,2,9,11,1,7,33,2,2,0
3,38,10,2014,3,7,1,2,2,1,1,1,1,1,1,1,1,2,19,11,1,7,33,2,2,0
1,39,10,2014,3,7,1,2,2,1,1,1,1,1,1,1,1,2,4,11,1,7,22,2,2,0
5,46,9,2014,4,1,1,2,2,1,1,1,1,1,1,1,1,2,9,11,1,7,33,2,2,1
5,46,8,2014,4,7,1,2,2,1,1,1,1,1,1,1,1,2,14,11,1,7,33,2,2,0
10,52,9,2014,2,7,1,2,2,1,1,1,1,1,1,1,1,2,4,11,1,7,33,2,2,0
1,39,11,2014,4,2,1,2,2,1,1,1,1,1,1,1,1,2,10,11,1,7,33,2,2,0
1,38,9,2014,2,1,1,2,2,1,1,1,1,1,1,2,1,2,14,11,1,7,33,2,2,0
1,38,9,2014,2,1,1,2,2,1,1,1,1,1,1,3,1,2,14,11,1,7,30,2,2,0
1,38,11,2014,2,1,1,2,2,1,1,1,1,1,1,1,1,2,19,11,1,7,33,2,2,0
7,38,11,2014,4,1,1,2,2,1,1,1,1,1,1,1,1,2,8,11,1,7,33,2,2,0
3,39,12,2014,2,1,1,2,2,1,1,1,1,1,1,2,1,2,13,5,1,7,33,2,2,0
1,45,11,2014,4,5,1,2,2,1,1,1,1,1,1,1,1,2,14,11,1,7,28,2,2,0
6,45,11,2014,3,2,1,2,2,1,1,1,1,1,1,2,1,2,9,11,1,7,33,2,2,0
2,45,11,2014,3,1,1,2,2,1,1,1,1,1,1,1,1,2,4,11,1,7,35,2,2,0
2,39,12,2014,3,1,1,2,2,1,1,1,1,1,1,2,1,2,19,11,1,7,23,2,2,0
1,39,12,2014,2,1,1,2,2,1,1,1,1,1,1,1,1,2,14,11,1,7,43,2,2,1
2,52,12,2014,4,1,1,2,2,1,1,1,1,1,1,2,1,2,8,8,1,7,40,2,2,0
2,52,12,2014,2,3,1,2,2,1,1,1,1,1,1,4,1,2,4,11,1,7,38,2,2,1
10,52,10,2014,4,1,1,2,2,1,1,1,1,1,1,1,1,2,4,6,1,7,44,2,2,1
10,52,10,2014,4,7,1,1,1,1,1,1,1,1,1,2,1,2,8,11,1,7,40,2,2,0
4,52,10,2014,4,7,1,2,2,1,1,1,1,1,1,1,1,2,4,11,1,7,22,2,2,1
6,37,10,2014,4,7,1,2,2,1,1,1,1,1,1,2,1,2,14,1,1,7,45,2,2,3
5,37,11,2014,4,4,1,2,2,1,1,1,1,1,1,1,1,2,4,11,1,7,33,2,2,0
1,40,10,2014,4,1,1,2,2,1,1,1,1,1,1,1,1,2,13,11,1,7,27,2,2,0
1,40,10,2014,3,1,1,2,2,1,1,1,1,1,1,1,1,2,13,11,1,7,25,2,2,0
6,40,10,2014,1,1,1,2,2,1,1,1,1,1,1,1,1,2,13,11,1,7,34,2,2,0
6,40,9,2014,3,7,1,2,2,1,1,1,1,1,1,1,1,2,19,11,1,7,33,2,2,0
6,40,9,2014,4,7,1,2,2,1,1,1,1,1,1,1,1,2,9,11,1,7,33,2,2,0
6,40,8,2014,3,1,1,2,2,1,1,1,1,1,1,1,1,2,9,11,1,7,33,2,2,0
1,40,8,2014,1,1,1,2,2,1,1,1,1,1,1,1,1,2,14,11,1,7,33,2,2,0
1,40,10,2014,4,1,1,2,2,1,1,1,1,1,1,1,1,2,9,11,1,7,45,2,2,3
4,36,10,2014,4,1,1,2,2,1,1,1,1,1,1,1,1,2,19,11,1,7,33,2,2,0
6,45,12,2014,2,1,1,2,2,1,1,1,1,1,1,1,1,2,10,11,1,7,27,2,2,0
7,40,12,2014,2,7,1,2,2,1,1,2,1,1,3,2,1,2,14,11,1,7,50,2,2,0
3,40,12,2014,4,1,1,2,2,1,1,1,1,1,1,1,1,2,4,6,1,7,33,2,2,0
6,40,11,2014,4,7,1,2,2,1,1,1,1,1,1,1,1,2,8,11,1,7,33,2,2,1
1,40,11,2014,4,1,1,2,2,1,1,1,1,1,1,1,1,2,14,11,1,7,33,2,2,0
1,40,11,2014,3,5,1,2,2,1,1,1,1,1,1,1,1,2,9,11,1,7,26,2,2,0
6,40,11,2014,3,7,4,2,2,1,1,1,1,1,1,1,1,2,9,2,1,7,33,2,2,3
3,40,11,2014,4,1,1,2,2,1,1,1,1,1,1,1,1,2,19,11,1,7,33,2,2,0
1,46,5,2014,1,6,1,2,2,1,1,1,1,1,1,1,1,2,10,6,1,2,33,1,0,0
1,46,5,2014,2,5,1,2,2,1,1,1,1,1,1,1,1,1,10,6,1,2,33,1,0,0
2,46,5,2014,1,7,1,1,2,1,1,1,1,1,1,1,1,1,19,11,1,7,33,2,2,0
2,46,3,2014,2,7,1,2,2,1,1,1,1,1,1,1,1,1,19,11,1,7,33,2,2,0
1,37,1,2014,1,1,1,2,2,1,2,3,1,1,1,4,3,2,19,6,1,2,20,2,2,0
9,52,8,2014,2,7,1,2,2,2,1,2,1,1,1,5,1,2,19,11,1,7,33,1,2,0
6,48,5,2014,2,1,1,1,2,1,1,1,1,1,1,1,1,1,12,6,1,1,30,1,1,1
1,45,2,2014,2,1,1,2,2,1,1,1,1,1,1,3,1,2,19,11,1,7,33,2,1,0
22,42,1,2014,3,5,1,2,1,1,1,1,1,1,1,5,1,1,5,6,1,1,40,2,2,0
22,42,1,2014,3,1,4,2,1,1,1,1,1,1,1,5,1,1,16,5,1,1,50,2,2,0
22,42,1,2014,3,5,4,2,1,1,1,1,1,1,1,5,1,1,10,6,1,1,30,2,1,0
14,42,1,2014,4,1,8,2,1,1,2,1,1,1,1,5,1,1,9,7,1,1,28,2,2,0
16,42,1,2014,2,7,4,2,1,1,3,1,1,1,1,5,1,1,14,4,1,1,23,2,2,0
16,42,1,2014,1,3,4,2,1,1,1,1,1,1,1,5,1,1,9,6,1,1,30,2,2,0
42,42,1,2014,1,1,8,2,1,1,3,1,1,1,1,5,1,1,12,6,1,1,30,2,2,0
42,42,1,2014,2,1,4,2,1,4,2,1,1,1,1,5,1,1,12,4,1,1,25,2,2,0
33,42,1,2014,4,1,1,2,1,1,4,1,1,1,1,5,1,1,9,6,1,1,40,2,2,0
43,42,1,2014,3,1,4,2,1,1,3,1,1,1,1,5,1,1,13,6,1,1,35,2,2,0
43,42,1,2014,1,1,4,2,1,1,3,1,1,1,1,5,1,1,13,6,1,1,35,2,2,0
10,42,1,2014,1,7,4,1,2,1,3,1,1,1,1,5,1,1,9,11,1,1,30,1,2,0
8,42,1,2014,2,3,6,2,1,1,2,1,1,1,1,5,1,1,9,6,1,1,40,2,2,0
29,42,1,2014,3,1,4,2,1,1,1,1,1,1,1,5,1,1,9,6,1,1,30,2,2,0
21,42,1,2014,4,2,4,2,1,1,3,1,1,1,2,5,1,1,14,6,1,1,35,1,2,0
21,42,1,2014,1,3,1,2,1,4,3,1,1,1,1,3,1,1,19,6,1,1,35,1,2,0
12,42,1,2014,4,7,4,2,1,1,3,1,1,1,1,5,1,1,12,6,1,1,40,1,2,0
46,42,1,2014,2,7,1,2,1,1,1,2,1,1,1,5,1,2,8,6,1,1,30,2,2,0
44,42,1,2014,4,1,1,2,1,1,3,1,1,1,1,5,1,1,13,6,1,1,50,2,2,0
22,42,1,2014,4,1,8,2,1,1,3,1,1,1,1,5,1,1,8,4,1,1,50,2,2,1
32,42,1,2014,4,3,4,2,1,1,2,1,1,1,1,5,1,1,9,1,1,1,50,2,2,0
44,42,2,2014,4,7,4,2,1,1,3,1,1,1,1,1,1,1,5,6,1,6,35,1,2,0
44,42,2,2014,3,7,8,2,1,1,1,1,1,1,1,5,1,1,12,11,1,1,40,2,2,0
8,42,2,2014,3,7,2,2,1,1,1,1,1,1,1,5,1,1,9,6,1,1,35,2,2,0
37,42,2,2014,4,5,1,2,1,1,2,1,1,1,1,5,1,1,9,1,1,1,28,1,2,1
12,42,2,2014,3,7,4,2,1,1,1,1,1,1,1,5,1,1,10,6,1,1,30,2,2,3
42,42,2,2014,2,2,6,2,1,1,1,1,1,1,1,5,1,1,10,6,1,1,30,2,2,1
16,42,2,2014,3,7,1,2,1,1,1,1,1,1,1,5,1,1,9,5,1,1,45,2,2,0
28,42,2,2014,3,1,4,2,1,1,1,1,1,1,1,5,1,1,14,11,1,1,30,2,2,0
22,42,2,2014,2,3,2,2,1,1,2,1,1,1,1,5,1,1,9,6,1,1,50,2,2,0
33,42,2,2014,3,1,1,2,1,1,1,1,1,1,1,5,1,1,9,6,1,1,50,2,2,0
33,42,2,2014,1,7,1,2,1,1,3,1,1,1,1,5,1,1,19,6,1,1,30,2,2,0
33,42,2,2014,1,2,4,2,1,1,3,1,1,1,3,5,1,1,13,6,1,1,40,2,2,0
5,42,2,2014,4,2,4,2,1,1,3,1,1,1,1,5,1,1,13,6,1,1,40,2,2,0
5,42,2,2014,1,1,1,2,1,1,1,1,1,1,1,5,1,1,13,6,1,1,30,2,2,0
15,42,2,2014,2,1,4,2,1,1,1,1,1,1,1,5,1,1,12,6,1,1,35,2,2,0
45,42,2,2014,2,1,1,1,2,1,2,1,1,1,1,5,1,1,8,6,1,1,40,2,2,0
24,42,2,2014,2,1,1,2,2,1,1,1,1,1,1,5,1,1,9,6,1,1,35,2,2,0
34,42,2,2014,2,2,5,2,1,1,2,1,1,1,1,5,1,1,9,6,1,1,30,2,2,0
3,42,2,2014,4,1,4,2,1,1,3,1,1,1,1,5,1,1,14,6,1,1,40,2,2,0
3,42,2,2014,4,1,2,1,2,1,3,1,1,1,1,5,1,1,9,6,1,1,30,2,2,0
46,42,3,2014,4,1,1,1,2,1,4,2,1,1,1,5,1,1,9,6,1,1,40,2,2,0
24,42,3,2014,2,4,1,2,1,1,2,2,1,1,1,5,1,1,8,5,1,1,40,2,2,0
34,42,3,2014,1,1,1,2,1,1,2,1,1,1,1,5,1,1,9,6,1,1,45,2,2,0
34,42,3,2014,2,3,1,2,1,1,1,1,1,1,1,5,1,1,19,6,1,1,20,2,2,0
28,42,3,2014,1,7,8,2,1,1,4,1,1,1,1,5,1,1,9,6,1,1,45,2,2,0
36,42,3,2014,2,1,4,2,1,1,1,1,1,1,1,5,1,1,4,6,1,1,22,2,1,0
22,42,3,2014,1,7,4,2,1,1,3,1,1,1,1,5,1,1,9,6,1,1,30,2,2,0
14,42,3,2014,1,7,1,1,2,1,3,1,1,1,1,1,1,1,14,6,2,1,40,1,2,0
27,42,3,2014,4,3,4,2,1,1,2,1,1,1,1,3,1,1,9,2,1,1,35,2,2,0
27,42,3,2014,3,1,4,2,1,1,2,1,1,1,1,3,1,1,9,2,1,1,30,2,2,1
48,42,3,2014,3,3,1,1,2,1,1,2,1,1,1,5,2,1,10,4,1,1,22,2,2,1
33,42,3,2014,3,1,4,2,1,1,1,1,1,1,1,5,1,1,9,6,1,1,40,2,2,0
42,42,3,2014,4,1,2,1,2,1,3,1,1,1,1,1,5,1,8,5,1,1,30,1,2,3
42,42,4,2014,2,1,1,2,1,1,1,1,1,1,1,1,1,1,9,6,1,1,35,2,2,0
42,42,4,2014,2,7,2,2,1,1,1,1,1,1,1,1,5,1,9,6,1,1,35,2,2,0
48,42,4,2014,2,7,4,1,1,1,1,3,1,1,1,3,5,1,8,6,1,1,41,1,2,0
37,42,4,2014,3,1,1,2,1,1,1,1,1,1,1,5,1,1,7,6,1,1,30,1,2,0
37,42,4,2014,2,7,1,2,1,1,1,1,1,1,1,5,1,1,9,6,1,1,22,1,2,0
34,42,4,2014,2,1,8,1,2,1,1,1,1,1,1,5,1,1,13,6,1,1,45,1,2,0
34,42,4,2014,3,7,3,2,1,1,1,1,1,1,1,5,1,1,9,5,1,7,30,2,2,0
34,42,4,2014,3,1,4,2,1,1,1,1,1,1,1,5,1,1,9,6,1,1,40,2,2,0
22,42,4,2014,2,5,4,2,1,1,1,1,1,1,1,5,1,1,9,4,1,1,40,2,2,0
14,42,4,2014,4,1,1,2,2,1,3,1,1,1,1,5,1,1,4,6,1,1,30,2,2,1
30,42,4,2014,3,1,4,1,2,1,1,1,1,1,2,2,1,1,19,6,2,1,28,2,2,0
10,42,3,2014,1,1,1,2,1,1,4,1,1,1,1,5,3,1,13,6,1,1,45,2,2,0
28,42,1,2014,2,2,4,1,2,1,1,2,1,1,1,3,1,1,14,6,1,1,30,2,1,0
43,42,4,2014,2,5,4,2,1,1,3,2,1,1,1,5,2,1,8,1,1,1,30,2,2,0
37,42,3,2014,4,1,1,2,1,1,3,1,1,1,1,5,1,1,9,6,1,1,22,2,2,0
33,42,4,2014,2,1,1,2,1,1,1,1,1,1,1,1,1,1,8,6,1,1,40,2,2,0
33,42,4,2014,4,2,4,2,1,1,3,1,1,1,3,5,5,1,9,6,1,1,30,2,2,0
33,42,4,2014,1,1,4,2,1,1,3,1,1,1,1,1,1,1,14,6,1,1,45,2,2,0
18,42,5,2014,1,1,1,2,1,1,4,1,1,1,1,5,1,1,13,2,1,7,32,2,2,0
42,42,5,2014,4,1,4,2,1,1,3,4,1,1,1,5,1,1,9,6,1,1,35,2,2,0
16,42,5,2014,3,3,1,2,1,1,1,1,1,1,1,5,1,1,9,5,1,1,32,2,2,1
26,42,5,2014,3,1,8,2,2,1,1,1,1,1,1,5,1,1,4,6,1,1,30,2,1,0
36,42,5,2014,1,1,4,2,1,1,1,1,1,1,1,5,1,1,6,6,1,1,45,2,2,0
33,42,5,2014,3,1,4,2,1,1,1,1,1,1,1,1,1,1,9,6,1,1,40,2,2,0
33,42,5,2014,1,1,1,2,1,1,1,1,1,1,1,1,1,1,9,6,1,1,45,2,2,0
33,42,5,2014,4,1,1,2,1,1,3,1,1,1,1,1,1,1,14,6,1,1,50,1,2,0
33,42,5,2014,4,1,4,2,2,1,4,2,1,1,1,5,1,1,9,6,1,1,40,2,2,0
33,42,5,2014,4,1,1,2,1,1,3,1,1,1,1,1,1,1,19,6,1,1,40,2,2,0
22,42,5,2014,4,1,2,2,1,1,1,1,1,1,1,5,1,1,9,6,1,1,35,2,2,0
22,42,5,2014,3,5,6,2,1,1,1,1,1,1,1,5,1,1,9,6,1,1,40,2,2,0
34,42,5,2014,1,1,4,2,1,1,4,1,1,1,1,5,1,1,9,6,1,1,40,1,2,0
34,42,5,2014,2,1,4,2,2,1,1,1,1,2,1,3,1,1,8,6,1,1,35,1,2,0
17,42,5,2014,2,6,1,2,1,1,1,1,1,1,1,5,1,1,12,6,1,1,30,1,2,0
17,42,5,2014,4,3,4,2,1,1,4,1,1,1,1,5,1,1,10,5,1,4,35,2,2,3
43,42,5,2014,1,3,1,2,1,1,3,1,1,1,1,3,1,1,14,6,1,1,40,2,2,0
23,42,5,2014,4,3,1,2,1,1,1,1,1,1,1,5,1,1,12,6,1,1,35,2,2,0
44,42,5,2014,2,1,8,2,2,1,1,1,1,1,1,2,1,1,9,6,1,1,40,1,2,0
44,42,5,2014,4,1,2,2,1,1,3,1,1,1,1,1,1,1,10,6,1,1,45,2,2,0
26,42,5,2014,3,3,8,2,2,1,1,1,1,1,1,5,1,1,4,6,1,1,35,2,1,0
23,42,6,2014,2,1,1,1,2,1,2,1,1,1,1,5,1,1,9,6,1,1,35,2,2,0
47,42,6,2014,2,1,1,2,1,1,1,1,1,1,1,5,1,1,19,6,1,1,30,2,2,0
34,42,6,2014,1,1,1,1,1,1,2,1,1,1,1,5,1,1,9,6,1,1,30,2,2,0
22,42,6,2014,3,1,4,1,1,1,1,1,1,1,1,5,1,1,9,6,1,1,30,2,2,0
22,42,6,2014,4,1,4,1,1,1,2,1,1,1,1,5,1,1,9,6,1,1,50,2,2,1
9,42,3,2014,2,1,1,1,1,1,1,1,1,1,1,5,1,1,9,6,1,1,40,2,2,0
37,42,5,2014,2,7,4,2,1,1,2,1,1,1,1,5,1,1,19,11,1,1,40,2,2,0
37,42,5,2014,2,2,5,1,1,1,1,1,1,1,1,5,1,1,8,1,1,7,30,2,2,0
14,42,6,2014,4,3,4,1,1,1,3,1,2,1,1,1,1,1,12,6,1,1,45,1,2,0
37,42,6,2014,4,3,1,1,2,1,4,1,5,1,1,1,5,1,9,11,1,1,30,1,2,1
36,42,6,2014,2,1,4,1,1,1,1,1,1,1,1,5,1,1,6,6,1,1,24,2,2,0
15,42,7,2014,3,1,4,1,1,1,1,1,1,1,1,5,1,1,9,6,1,1,40,2,2,0
36,42,7,2014,3,7,1,2,2,1,1,2,1,1,1,5,2,1,7,6,1,1,30,2,2,0
49,42,7,2014,1,2,2,2,1,1,2,1,1,1,2,5,1,1,14,6,1,7,50,1,2,0
9,42,6,2014,1,3,1,1,1,1,3,1,1,1,1,5,1,1,7,6,1,1,27,2,2,0
9,42,6,2014,2,3,1,1,1,1,1,1,1,1,1,5,1,1,12,6,1,1,20,2,2,0
37,42,7,2014,4,3,1,1,1,1,3,1,1,1,1,5,1,1,13,6,1,7,40,1,2,0
10,42,7,2014,2,1,4,2,2,1,1,1,5,1,1,5,3,1,12,6,1,1,40,2,2,0
44,42,7,2014,2,2,4,2,2,1,2,3,1,1,1,1,1,1,9,6,1,1,40,1,2,0
7,42,7,2014,4,1,1,2,2,1,4,1,1,1,2,2,1,1,19,6,1,1,25,2,2,0
10,42,6,2014,3,1,4,1,1,1,1,1,1,1,1,5,1,1,6,6,1,1,40,1,2,3
33,42,7,2014,4,1,1,2,1,1,3,1,1,1,1,3,2,1,13,6,1,1,50,2,2,0
33,42,7,2014,1,5,4,2,1,1,3,2,1,1,3,5,1,1,13,6,1,1,50,2,2,0
33,42,7,2014,2,3,4,2,1,1,1,4,1,1,1,5,1,1,9,6,1,1,45,2,2,0
29,42,7,2014,1,1,4,1,1,1,1,1,1,1,1,5,1,1,9,6,1,1,30,2,2,0
37,42,7,2014,4,3,1,1,2,1,4,1,1,1,1,5,1,1,9,6,1,1,40,1,2,0
13,42,6,2014,1,7,8,2,2,1,3,3,1,1,1,3,2,1,9,6,1,1,40,2,2,0
22,42,8,2014,1,3,2,1,1,1,3,1,1,1,1,1,1,1,9,6,1,1,30,2,2,0
11,42,8,2014,2,4,1,1,2,1,1,1,1,2,2,5,1,1,9,6,1,1,40,2,2,0