Thana,District,Month,Year,Time,Junction_Type,Traffic_Control,Movement,Divider,Weather,Light,Road_Geometry,Surface_Condition,Surface_Type,Surface_Quality,Road_Class,Road_Feature,Location_Type,Vehicle_Type,Vehicle_Movement,Vehicle_Loading,Vehicle_Defect,Vehicle_Driver_Age,Vehicle_Alcohol,Vehicle_Seat_Belt,Accident_Severity
1,66,2,2015,1,3,1,2,2,1,3,1,1,1,1,3,1,1,4,4,2,7,18,2,2,0
1,66,2,2015,3,2,1,2,2,1,1,4,1,1,1,3,1,2,19,4,2,7,24,2,2,0
5,66,10,2015,2,7,1,2,2,1,1,5,1,1,2,4,1,2,8,11,2,3,33,1,2,0
8,66,12,2015,4,7,2,1,2,4,4,4,1,2,2,4,1,2,11,7,2,6,33,2,2,0
8,66,6,2015,2,7,1,1,1,1,1,4,1,1,2,2,1,2,5,6,1,1,20,2,2,0
4,66,5,2015,3,7,2,2,2,1,2,4,5,2,2,4,4,2,11,6,1,7,26,1,2,0
4,66,5,2015,2,1,8,1,2,1,1,1,1,1,1,1,1,2,14,10,1,3,33,2,2,0
4,66,4,2015,3,1,8,1,2,1,1,4,1,3,2,4,3,2,14,11,1,3,33,2,2,0
3,66,2,2015,3,7,1,2,2,1,1,4,1,3,2,4,4,2,11,11,1,7,35,1,2,0
1,68,4,2015,3,7,8,2,2,1,1,4,1,1,1,2,1,2,14,1,2,1,26,1,2,0
1,68,4,2015,4,7,8,2,2,1,3,2,1,1,1,2,1,1,14,6,1,2,33,1,0,0
2,68,3,2015,3,7,2,1,2,1,1,4,1,1,1,4,1,2,14,6,1,2,33,1,0,3
6,68,4,2015,1,7,8,2,2,1,1,5,1,1,1,4,1,2,11,6,1,2,24,1,0,0
1,66,1,2015,2,7,8,2,2,1,1,4,1,1,1,4,1,2,19,8,1,1,30,2,1,0
7,58,11,2015,4,4,1,2,1,1,2,1,1,1,1,1,1,2,12,6,1,2,33,1,0,0
2,58,6,2015,2,1,1,1,1,1,1,2,1,1,3,1,1,2,9,6,1,7,33,1,2,1
1,65,9,2015,2,1,1,2,2,1,2,1,1,1,1,1,1,2,7,6,1,2,33,1,0,0
7,41,10,2015,2,7,7,2,2,1,1,1,1,1,1,1,1,2,9,1,1,7,43,1,2,0
7,41,10,2015,3,3,3,2,2,1,1,1,1,1,1,1,1,2,9,2,1,7,38,1,2,0
7,41,4,2015,2,7,3,2,2,1,1,1,1,1,1,1,1,2,12,1,1,7,55,2,2,1
7,41,7,2015,2,7,3,2,2,1,1,1,1,1,1,1,1,1,19,11,1,7,30,2,2,0
7,41,9,2015,1,7,3,1,1,1,1,1,1,1,1,1,1,2,9,11,1,7,28,2,2,0
7,41,9,2015,1,7,4,2,2,1,1,1,1,1,1,1,1,1,19,11,1,7,42,2,2,0
7,41,9,2015,1,7,8,1,1,1,2,1,1,1,1,1,1,2,11,11,1,7,35,2,2,0
7,41,7,2015,1,7,8,1,1,1,2,1,1,1,1,2,1,2,19,11,1,7,38,2,2,0
7,41,8,2015,2,7,3,1,1,1,2,1,1,1,1,2,1,2,19,11,1,7,28,2,2,0
7,41,4,2015,2,7,3,1,1,1,1,1,1,1,1,1,1,2,14,2,1,7,25,1,2,0
7,41,3,2015,3,7,3,1,1,1,1,1,1,1,1,2,1,2,9,11,1,7,20,2,2,0
7,41,2,2015,2,7,8,2,2,1,1,1,1,1,1,2,1,1,9,1,1,7,22,2,1,0
7,41,1,2015,2,7,8,2,2,1,1,1,1,1,1,1,1,1,19,11,1,7,24,2,2,0
5,41,8,2015,3,7,8,1,1,1,3,5,5,1,1,1,1,1,19,11,1,7,45,2,2,0
5,41,7,2015,4,7,8,2,2,1,1,1,1,1,1,3,1,2,19,6,1,7,42,2,2,1
1,41,11,2015,2,1,1,2,2,1,1,1,1,1,1,1,1,1,8,6,1,1,36,2,2,0
1,41,10,2015,3,1,1,2,2,1,1,1,1,1,1,1,1,2,8,11,1,1,32,2,2,3
6,41,5,2015,2,7,3,2,2,1,1,3,1,1,1,1,2,2,9,11,1,7,25,2,2,0
6,41,6,2015,3,5,8,2,2,1,1,1,1,1,1,3,1,1,4,2,1,1,35,2,2,0
6,41,9,2015,4,7,3,2,2,1,4,1,1,1,1,1,1,2,19,11,1,7,40,2,2,0
6,41,10,2015,2,7,3,2,2,1,1,1,1,1,1,4,1,2,19,11,1,7,38,2,2,0
1,40,4,2015,1,2,8,2,1,1,3,5,1,1,2,1,1,1,14,11,1,7,40,2,1,2
6,43,11,2015,3,1,1,2,2,1,1,1,1,1,1,1,1,2,13,6,1,1,38,2,2,3
6,40,11,2015,3,1,1,2,2,1,1,1,1,1,1,1,1,2,9,6,1,1,42,2,2,0
4,40,11,2015,1,3,1,1,2,1,1,1,1,2,2,4,4,2,14,11,2,1,30,2,2,0
6,40,11,2015,1,1,1,2,2,1,1,1,1,1,1,1,1,2,9,6,1,1,52,2,1,3
6,40,10,2015,2,1,1,2,2,1,2,1,1,1,1,1,1,2,9,6,1,1,52,2,1,0
1,40,10,2015,3,1,1,2,2,2,1,1,2,1,1,1,1,2,9,11,1,7,43,2,2,3
1,40,10,2015,3,7,2,2,2,1,1,1,1,1,1,1,1,1,4,1,1,7,32,2,2,0
1,40,10,2015,4,1,1,2,2,1,4,1,1,1,1,1,1,2,19,11,1,7,35,2,2,0
3,40,10,2015,2,7,8,1,2,1,1,2,1,1,1,2,1,2,9,2,1,1,30,2,2,0
1,40,9,2015,2,7,8,1,2,1,1,1,5,1,1,2,1,2,19,7,1,7,32,2,2,0
6,40,9,2015,2,1,1,2,2,1,2,1,1,1,1,1,1,2,14,6,1,1,23,2,2,1
6,40,12,2015,3,1,1,2,2,1,1,1,1,1,1,1,1,2,14,6,1,1,36,2,2,0
1,40,12,2015,2,7,8,2,2,1,1,1,1,1,1,1,1,2,4,11,1,7,38,2,2,0
7,40,12,2015,2,7,3,1,2,1,1,1,1,1,1,4,1,2,19,11,1,7,28,2,2,0
6,43,12,2015,1,7,8,2,2,1,1,2,1,1,1,4,3,2,14,11,1,1,27,2,2,1
1,43,5,2015,1,7,1,2,2,1,2,1,1,1,1,3,1,1,14,6,1,1,23,2,2,0
1,43,7,2015,2,7,1,2,2,1,2,1,1,1,1,2,1,1,14,6,1,1,32,2,2,0
2,43,1,2015,3,7,8,1,2,1,1,1,1,1,1,1,1,1,18,11,1,7,28,2,2,0
2,43,3,2015,3,7,8,2,2,1,1,1,1,1,1,2,1,1,19,11,1,7,38,2,2,0
2,43,3,2015,2,7,8,1,1,1,1,2,2,1,1,1,1,1,19,11,1,7,35,2,2,0
2,43,5,2015,2,7,8,1,2,1,1,1,1,1,1,1,1,1,19,11,1,7,25,2,2,0
2,43,7,2015,2,7,8,1,2,1,1,1,1,1,1,1,1,1,19,11,1,7,42,2,2,0
2,43,8,2015,3,7,8,1,2,2,1,1,1,1,1,2,1,1,19,11,1,7,40,2,2,0
2,43,8,2015,3,7,3,1,2,1,1,1,1,1,1,2,1,1,19,11,1,7,35,2,2,0
2,43,9,2015,4,7,8,1,2,1,1,1,1,1,1,1,1,1,19,11,1,7,45,2,2,0
12,47,1,2015,4,1,1,1,1,1,4,1,1,1,1,1,1,2,14,11,2,7,38,2,2,0
12,47,2,2015,1,1,1,2,2,1,4,1,1,1,1,1,1,2,14,6,1,7,36,1,2,0
4,27,2,2015,1,1,1,2,2,1,4,1,1,1,1,1,1,2,14,11,1,7,38,2,2,0
2,47,3,2015,2,1,1,1,2,1,1,1,1,1,1,1,1,1,9,6,2,7,34,2,2,1
1,39,1,2015,3,1,1,2,2,1,1,1,1,1,1,2,1,2,8,6,1,7,37,2,2,0
3,39,1,2015,4,1,8,1,1,1,3,1,1,1,1,1,1,2,19,11,1,7,30,2,2,1
3,39,8,2015,3,1,3,1,1,1,1,1,1,1,1,1,1,1,7,6,1,1,48,2,2,3
3,39,8,2015,2,1,3,1,2,1,1,2,1,1,1,1,1,2,9,6,1,7,48,2,1,0
3,39,9,2015,3,1,1,1,2,1,1,1,1,1,1,1,1,2,9,2,1,7,38,2,2,1
7,27,12,2015,3,1,1,2,2,1,1,1,1,1,1,1,1,2,8,6,1,7,38,2,2,0
1,38,1,2015,4,7,1,2,2,1,4,1,1,1,1,1,5,2,4,6,1,7,32,2,2,1
6,38,2,2015,2,3,1,2,2,4,2,1,2,1,1,1,1,2,2,5,1,7,42,2,2,0
6,8,3,2015,4,7,1,2,2,1,4,1,5,1,1,1,1,2,19,11,1,7,42,2,2,0
1,38,6,2015,3,7,1,2,2,1,1,1,1,1,1,1,1,1,19,11,1,7,34,2,2,0
1,38,6,2015,2,7,8,1,2,1,1,1,1,1,1,1,1,2,14,6,2,7,30,2,2,0
6,38,7,2015,3,7,1,2,2,1,4,1,5,1,1,1,1,2,19,11,1,7,35,2,2,0
7,38,5,2015,1,1,1,1,2,1,1,1,1,1,1,1,1,2,19,6,1,7,30,2,2,0
7,38,8,2015,1,1,1,2,2,1,4,1,1,1,1,1,1,2,19,11,1,7,40,2,2,0
4,38,10,2015,2,7,8,2,2,1,1,1,1,1,1,1,1,1,14,7,1,7,25,2,2,1
5,35,5,2015,2,7,8,2,2,1,1,1,1,1,1,1,1,2,4,11,1,7,28,2,2,0
7,37,3,2015,2,4,1,2,2,1,2,1,1,1,1,2,1,2,14,5,1,7,47,2,2,0
6,37,3,2015,2,7,8,1,2,1,1,1,1,1,1,4,1,2,5,11,1,7,28,2,2,1
2,37,6,2015,3,7,8,1,2,1,1,1,2,1,1,4,1,2,19,11,1,7,32,2,2,0
2,37,9,2015,1,7,8,2,2,1,1,3,1,1,1,4,1,2,14,7,1,7,25,2,2,0
4,51,3,2015,2,7,8,1,2,1,1,3,1,3,2,4,1,2,19,6,1,7,24,2,2,0
4,51,9,2015,2,7,8,2,1,1,1,1,1,1,1,1,1,1,9,11,1,7,28,2,2,0
1,51,9,2015,2,7,8,2,2,1,1,1,1,3,1,4,1,2,19,7,1,7,21,2,2,0
3,46,12,2015,2,7,1,2,2,1,1,1,1,1,1,1,2,1,14,11,1,7,38,2,2,0
1,46,1,2015,1,1,3,2,2,1,2,1,1,1,1,1,1,1,14,11,1,7,42,2,2,0
1,46,2,2015,2,7,3,2,1,1,1,1,1,1,1,1,1,1,12,11,1,7,38,2,2,0
1,46,2,2015,3,7,8,2,1,1,1,1,1,1,1,1,1,2,9,5,1,7,18,2,2,0
1,46,3,2015,1,7,1,2,2,1,2,1,1,1,1,1,1,1,19,11,1,7,25,2,2,0
2,46,9,2015,3,1,1,2,2,1,1,1,1,1,1,1,1,2,9,11,1,7,35,2,2,1
2,46,8,2015,2,1,1,2,2,1,1,1,1,1,1,1,1,2,8,6,1,7,25,2,2,1
6,46,10,2015,2,7,2,2,1,1,3,1,1,1,1,1,1,1,19,11,1,7,42,2,2,1
6,46,11,2015,2,7,2,1,1,1,1,1,1,1,1,1,1,1,19,11,1,7,29,2,2,0
6,46,8,2015,2,7,3,1,1,1,1,1,1,1,1,1,1,1,19,11,1,7,30,2,2,0
6,46,7,2015,2,7,3,2,1,1,2,1,1,1,1,1,1,1,19,11,1,7,42,2,2,0
5,46,2,2015,2,1,1,2,2,1,1,1,1,1,1,1,1,2,14,6,1,7,28,2,2,0
5,46,9,2015,2,1,1,2,2,1,4,1,1,1,1,1,1,2,14,11,1,7,28,2,2,0
5,46,6,2015,3,1,1,1,1,1,1,1,1,1,1,1,1,2,19,6,1,7,30,2,2,0
5,46,1,2015,4,1,1,1,1,1,2,1,1,1,1,1,1,2,19,6,1,7,38,2,2,1
5,46,1,2015,2,1,1,1,1,1,1,1,1,1,1,1,1,2,19,6,1,7,35,2,2,1
4,46,7,2015,1,7,1,2,2,1,2,2,1,1,1,1,1,2,19,11,1,7,28,2,2,0
1,44,9,2015,2,1,8,1,2,1,1,1,1,1,1,4,2,2,14,11,1,7,34,2,2,0
1,44,9,2015,2,1,1,2,1,1,1,1,1,1,1,5,1,1,9,11,1,7,42,2,2,0
5,44,3,2015,1,7,8,2,1,1,1,1,1,1,1,1,1,1,9,11,1,7,45,2,2,0
7,44,2,2015,3,1,8,2,1,1,1,1,1,1,1,1,1,1,14,11,1,7,40,2,2,0
7,44,4,2015,2,1,3,1,1,1,1,1,1,1,1,1,1,1,9,11,1,7,40,2,2,1
7,44,6,2015,2,1,8,1,1,1,1,1,1,1,1,1,1,1,19,11,1,7,45,2,2,0
7,44,7,2015,2,1,8,1,1,1,1,1,1,1,1,1,1,1,19,11,1,7,42,2,2,0
7,44,6,2015,1,1,8,1,2,1,1,1,1,1,1,1,1,1,19,11,1,7,45,2,2,0
4,44,9,2015,4,1,4,2,2,1,4,1,1,1,1,5,1,1,12,6,1,7,48,2,2,1
4,44,9,2015,3,1,8,2,2,1,1,1,1,1,1,3,1,1,14,6,1,7,28,2,2,0
4,44,11,2015,4,2,1,2,2,1,3,1,1,1,1,1,1,1,2,11,1,1,30,2,2,3
4,44,9,2015,2,7,8,2,2,1,3,1,1,1,1,3,1,1,14,11,1,7,27,2,2,0
4,44,1,2015,4,3,8,2,1,1,3,1,1,1,1,1,1,1,14,11,1,1,30,2,2,0
2,44,4,2015,4,1,1,2,1,1,1,1,1,1,1,1,1,1,7,11,1,7,42,2,2,0
2,44,4,2015,1,1,1,2,1,1,1,1,1,1,1,1,1,1,19,11,1,7,35,2,2,0
2,44,7,2015,2,1,1,2,1,1,1,1,1,1,1,1,1,1,19,11,1,7,41,2,2,0
2,44,8,2015,1,1,1,2,1,1,1,1,1,1,1,1,1,1,9,11,1,7,35,2,2,0
3,44,2,2015,2,1,4,1,1,1,1,1,1,1,1,1,2,1,14,11,1,7,48,2,2,0
3,44,3,2015,3,7,4,1,1,1,4,1,1,1,1,1,1,1,9,5,1,7,40,2,2,0
3,44,5,2015,4,1,4,2,2,1,2,1,1,1,1,1,1,2,19,5,1,7,35,2,2,0
5,44,7,2015,3,1,6,1,1,1,1,1,1,1,1,1,1,2,19,5,1,7,42,2,2,0
6,44,7,2015,1,1,1,2,2,1,1,1,1,1,1,1,1,2,14,11,1,7,38,2,2,0
6,44,2,2015,2,7,1,2,2,1,1,1,1,1,1,1,1,1,14,11,1,7,40,2,2,0
6,44,11,2015,2,7,1,1,1,1,1,1,1,1,1,1,1,1,13,5,1,7,30,2,2,0
6,44,1,2015,1,7,1,2,2,1,1,1,1,1,1,2,1,2,9,11,1,7,35,2,2,0
1,45,2,2015,4,7,1,2,2,1,4,1,1,1,1,1,1,1,19,11,1,7,34,2,2,0
2,45,3,2015,2,2,8,2,1,1,1,1,1,1,1,1,1,1,8,11,2,7,32,2,2,0
1,45,3,2015,1,7,8,2,2,1,4,1,1,1,1,1,1,2,19,11,1,7,19,2,2,0
1,45,3,2015,2,7,8,2,2,1,1,1,1,1,1,4,1,2,19,11,1,7,38,2,2,0
1,45,3,2015,1,7,8,2,2,1,4,1,1,1,1,2,1,2,4,11,1,7,30,2,2,0
2,45,3,2015,1,7,8,2,2,1,4,1,1,1,1,1,1,2,19,11,1,7,35,2,2,0
6,45,5,2015,1,3,8,2,2,1,3,1,1,1,1,1,1,2,19,11,1,7,28,2,2,0
5,45,4,2015,2,7,1,2,2,1,1,1,1,1,1,1,1,1,17,11,1,7,40,2,2,0
3,45,3,2015,2,7,8,2,2,1,2,1,1,1,1,2,1,2,19,11,1,7,38,2,2,0
3,45,3,2015,1,7,8,2,2,1,1,1,1,1,1,4,1,2,14,11,2,7,55,2,2,0
3,45,5,2015,2,1,8,2,2,1,1,1,1,1,1,3,1,2,19,11,1,7,35,2,2,0
1,52,12,2015,1,1,8,2,2,1,4,2,1,1,1,1,1,2,19,4,1,7,19,2,2,0
2,52,3,2015,1,1,1,2,2,1,1,1,1,1,1,1,1,2,8,11,1,7,28,2,2,1
3,48,1,2015,2,7,8,2,1,1,1,1,1,1,1,1,1,2,14,11,1,7,35,2,2,0
2,48,11,2015,2,7,8,1,2,1,1,1,5,1,1,4,1,2,19,11,1,7,40,2,2,1
4,49,11,2015,1,7,1,1,2,1,1,1,1,1,1,2,1,2,9,6,1,4,40,2,2,0
2,49,3,2015,2,3,1,1,2,1,1,4,1,1,1,4,1,2,19,6,2,7,40,2,2,0
2,49,3,2015,4,3,1,2,2,1,1,1,1,1,1,4,1,2,6,11,1,7,28,2,2,0
3,49,3,2015,2,1,8,2,2,1,1,1,1,1,1,2,1,1,9,11,1,7,30,2,2,0
7,47,11,2015,2,7,1,2,2,1,1,1,1,1,1,1,1,2,8,11,1,7,38,2,2,0
4,47,11,2015,3,1,1,2,2,1,1,1,1,1,1,1,1,2,14,6,1,7,38,2,2,0
4,47,11,2015,2,1,1,2,2,1,1,1,1,1,1,1,1,2,13,6,1,1,30,2,2,0
9,47,11,2015,3,1,1,2,2,1,1,1,1,1,1,1,1,2,19,6,1,1,45,2,2,0
9,47,11,2015,2,7,3,2,2,1,2,1,1,1,1,1,1,2,19,11,1,7,38,2,2,0
1,47,10,2015,2,1,1,2,2,1,2,1,1,1,2,1,1,1,4,11,2,7,40,2,2,0
5,47,11,2015,3,2,1,2,2,1,1,1,1,1,1,5,1,2,4,11,1,7,18,1,2,0
2,47,1,2015,4,3,3,2,2,1,4,1,1,1,1,1,1,2,14,6,1,7,40,2,2,0
9,47,2,2015,2,1,1,2,2,1,1,1,1,1,1,1,1,2,9,6,1,7,40,2,2,0
4,47,2,2015,1,1,1,2,2,1,4,1,1,1,1,1,1,2,14,6,1,7,38,2,2,0
9,47,3,2015,2,1,3,2,2,1,1,1,1,1,1,1,1,2,13,11,1,7,48,2,2,0
6,40,11,2015,3,1,1,2,2,1,1,1,1,1,1,1,1,2,13,6,1,1,38,2,2,1
7,40,11,2015,3,1,1,2,2,1,1,1,1,1,1,4,1,2,19,11,1,1,19,2,2,0
7,41,3,2015,4,7,8,1,1,1,4,1,5,1,1,1,1,2,9,1,1,7,19,2,2,0
1,41,1,2015,3,1,1,2,2,1,1,1,1,1,1,1,1,2,1,1,1,1,24,2,2,1
1,41,10,2015,4,3,1,2,2,1,1,1,1,1,1,1,1,2,9,11,1,1,32,2,2,1
22,42,1,2015,3,1,4,1,1,1,1,1,1,1,1,1,1,1,9,5,1,1,40,2,2,0
14,42,1,2015,2,1,4,2,1,1,2,1,1,1,1,1,1,1,8,6,1,1,40,2,2,0
14,42,1,2015,1,1,4,2,1,1,2,1,1,1,1,1,1,1,9,6,1,1,40,1,2,0
34,42,1,2015,1,1,4,1,1,1,3,1,1,1,1,5,1,1,14,6,1,1,45,2,2,0
34,42,1,2015,3,1,1,1,1,1,1,1,1,1,1,5,1,1,12,6,1,1,30,1,2,0
12,42,1,2015,2,2,4,1,1,1,1,1,1,1,1,5,1,1,9,6,1,1,35,2,2,0
12,42,1,2015,3,1,4,1,1,1,1,1,1,1,1,5,1,1,13,6,1,1,40,2,2,0
41,42,1,2015,4,3,4,1,1,1,2,1,1,1,1,5,1,1,14,11,1,1,40,2,2,0
25,42,1,2015,2,1,1,2,2,4,2,1,1,1,1,1,5,1,9,6,1,1,30,2,2,0
24,42,1,2015,2,1,4,2,2,1,1,1,1,3,1,5,1,1,13,6,1,1,20,2,2,0
33,42,1,2015,2,1,4,2,2,1,1,1,1,1,1,2,1,1,9,6,1,1,35,2,2,1
33,42,1,2015,4,3,4,2,2,1,2,2,1,1,1,5,1,1,9,6,1,1,40,2,2,0
33,42,1,2015,1,5,4,2,2,4,2,2,1,1,1,3,1,1,14,6,1,1,45,2,2,0
44,42,1,2015,3,5,4,2,1,1,1,1,1,1,1,1,1,1,9,6,1,1,40,1,2,1
49,42,1,2015,2,2,4,1,1,1,1,1,1,1,1,5,1,1,6,6,1,1,38,2,2,3
2,42,1,2015,4,5,6,2,1,1,3,1,1,1,1,5,1,1,9,6,1,7,35,2,2,0
34,42,2,2015,1,1,1,2,1,1,3,1,1,1,1,5,1,1,14,6,1,1,38,1,2,0
34,42,2,2015,2,1,1,2,2,1,2,1,1,1,1,5,1,1,14,6,1,1,45,2,2,0
15,42,2,2015,3,1,1,2,1,1,1,1,1,1,1,2,1,1,9,6,1,1,40,2,2,0
11,42,2,2015,2,1,4,2,1,1,1,1,1,1,1,2,1,1,8,6,1,1,40,2,2,1
46,42,2,2015,3,3,4,1,1,1,1,1,1,1,1,5,1,1,9,5,1,1,40,2,2,0
46,42,2,2015,1,1,1,1,2,1,1,1,1,1,1,5,1,1,14,6,1,1,37,1,2,0
45,42,2,2015,3,5,4,1,2,1,1,1,1,1,1,5,1,1,8,6,1,1,40,2,2,0
16,42,2,2015,2,1,1,1,2,1,1,1,1,1,3,2,1,2,5,6,1,1,35,2,2,0
21,42,2,2015,4,3,1,1,1,1,3,1,1,1,3,1,1,1,14,6,1,1,24,1,2,0
35,42,2,2015,1,1,4,1,2,1,2,4,1,1,1,5,1,1,14,6,1,1,45,2,2,0
9,42,2,2015,4,1,1,2,1,1,3,1,1,1,1,3,1,1,10,6,1,1,40,2,2,1
22,42,2,2015,1,1,4,2,2,1,3,1,1,1,1,1,1,1,9,6,1,1,40,2,2,0
14,42,2,2015,2,1,1,2,2,1,2,1,1,1,1,5,1,1,7,5,1,1,40,2,2,3
33,42,2,2015,1,7,4,1,2,4,2,2,1,1,1,1,1,1,9,6,1,1,45,2,2,0
33,42,2,2015,3,3,3,2,1,1,1,2,1,1,1,5,1,1,9,6,1,1,45,2,2,0
33,42,1,2015,4,1,4,1,1,1,3,1,1,1,1,1,1,1,9,6,1,1,35,2,2,0
33,42,2,2015,1,1,1,2,1,1,2,1,1,1,1,1,1,1,9,6,1,1,45,2,2,0
23,42,3,2015,1,6,4,2,2,1,3,1,1,1,1,2,1,1,14,6,1,1,40,2,2,0
16,42,3,2015,3,2,4,2,1,1,1,1,1,1,1,2,1,1,9,6,1,1,40,2,2,1
44,42,2,2015,4,7,1,2,1,1,3,1,1,1,1,5,1,1,10,4,1,1,23,1,2,1
44,42,2,2015,1,1,4,2,1,1,2,1,1,1,1,1,1,1,12,6,1,1,40,1,2,0
48,42,3,2015,3,2,4,2,2,1,1,1,1,1,1,5,1,1,8,5,1,1,32,1,2,0
29,42,1,2015,4,5,4,2,2,1,3,1,1,1,1,5,1,1,14,6,1,1,40,2,2,0
29,42,1,2015,2,1,4,2,1,1,1,1,1,1,1,5,1,1,9,6,1,1,40,2,2,0
29,42,2,2015,2,1,4,2,1,1,1,1,1,1,1,5,1,1,14,6,1,1,40,2,2,0
29,42,3,2015,3,1,4,2,1,1,1,1,1,1,1,5,1,1,9,6,1,1,30,2,2,0
29,42,3,2015,4,2,4,2,1,1,2,1,1,1,1,5,1,1,9,8,1,1,45,2,2,0
33,42,3,2015,4,5,1,2,2,1,2,4,1,1,1,1,1,1,8,6,1,1,35,2,2,0
2,42,2,2015,4,1,2,1,1,1,4,1,1,1,1,5,1,1,9,6,1,1,40,2,2,0
2,42,3,2015,4,1,2,1,1,1,4,1,1,1,1,5,1,1,6,6,1,7,30,2,2,0
12,42,2,2015,3,1,8,1,2,1,1,1,1,1,1,5,1,1,4,6,1,1,28,2,1,1
49,42,3,2015,1,1,4,1,1,1,3,1,1,1,1,5,1,1,12,6,1,1,28,2,2,0
43,42,3,2015,2,2,1,1,1,1,2,1,1,1,1,5,1,1,9,6,1,1,40,2,2,0
22,42,3,2015,2,1,4,2,1,1,1,1,1,1,1,1,1,1,9,6,1,1,40,1,2,0
22,42,3,2015,2,1,4,2,2,1,1,1,1,1,1,1,1,1,9,6,1,1,40,2,2,0
34,42,3,2015,1,1,4,2,1,1,3,1,1,1,1,5,1,1,9,6,1,1,45,2,2,0
34,42,3,2015,4,1,1,1,1,1,2,1,1,1,1,1,1,1,9,6,1,1,40,2,2,0
17,42,3,2015,2,1,1,1,1,1,1,1,1,1,1,5,1,1,8,6,1,1,30,2,2,0
15,42,2,2015,3,1,4,2,1,1,1,1,1,1,1,2,1,1,9,6,1,1,45,2,2,1
9,42,3,2015,3,1,1,1,1,1,3,1,1,1,1,5,1,1,9,6,1,1,40,2,2,0
33,42,3,2015,4,7,4,2,1,1,3,1,1,1,1,1,1,1,9,6,1,1,40,2,2,0
44,42,3,2015,4,5,6,2,2,1,2,1,1,1,1,1,1,1,13,1,1,1,38,2,2,0
44,42,3,2015,2,3,1,2,2,1,1,1,1,1,1,5,1,1,6,4,1,1,30,1,2,0
1,42,4,2015,2,2,4,2,1,1,1,1,1,1,3,5,1,1,9,6,1,1,40,2,2,0
33,42,4,2015,4,7,1,2,2,1,3,1,1,1,1,1,1,1,9,6,1,2,42,2,2,0
33,42,4,2015,3,1,4,1,1,1,1,1,1,1,1,1,1,1,9,6,1,1,40,2,2,3
33,42,4,2015,4,1,4,2,1,1,3,1,1,1,1,1,1,1,9,6,1,1,40,2,2,0
33,42,4,2015,2,7,1,1,2,1,1,1,1,1,1,5,1,1,9,6,1,1,40,2,2,0
33,42,4,2015,3,7,1,1,2,1,1,1,1,1,1,2,1,1,9,6,1,1,40,2,2,0
33,42,4,2015,2,1,1,1,2,1,1,1,1,1,1,1,1,1,13,6,1,1,40,2,2,0
33,42,4,2015,4,1,8,1,1,1,3,1,1,1,1,2,1,1,12,6,1,1,40,2,2,0
33,42,4,2015,1,7,4,2,1,1,3,1,1,1,1,1,1,1,9,6,1,1,40,2,2,0
23,42,4,2015,1,1,1,1,1,1,2,1,1,1,1,1,1,1,9,6,1,1,40,2,2,0
23,42,4,2015,2,4,1,2,2,1,2,2,1,1,1,5,1,1,9,6,1,1,40,2,2,0
34,42,4,2015,4,1,1,1,1,1,3,1,1,1,1,1,1,1,9,6,1,1,40,2,2,0
34,42,4,2015,2,3,1,2,2,1,1,1,1,1,1,5,1,1,8,5,1,1,50,1,2,0
34,42,4,2015,4,1,1,1,1,1,1,1,1,1,1,5,1,1,10,6,1,1,35,2,2,0
12,42,4,2015,3,7,4,2,1,1,1,1,1,1,1,5,1,1,6,6,1,1,45,2,2,0
21,42,4,2015,4,1,1,2,2,1,3,1,1,1,1,1,1,1,9,6,1,1,45,1,2,0
11,42,4,2015,2,5,1,1,1,1,3,1,1,1,1,5,1,1,8,6,1,1,30,2,2,3
24,42,4,2015,4,1,1,2,2,1,3,4,1,1,1,5,1,2,14,6,1,1,40,2,2,0
7,42,4,2015,4,1,4,2,1,1,1,1,1,1,1,5,1,1,9,6,1,1,27,2,2,1
36,42,4,2015,2,1,4,2,1,1,2,1,1,1,1,5,1,1,10,6,1,1,45,2,2,0
22,42,4,2015,4,1,4,2,1,1,3,1,1,1,1,1,1,1,9,6,1,1,40,2,2,0
22,42,4,2015,2,1,4,2,1,1,1,1,1,1,1,1,1,1,9,6,1,1,40,2,2,0
29,42,4,2015,2,1,4,2,1,1,1,1,1,1,1,5,1,1,9,6,1,1,33,1,2,0
44,42,4,2015,1,3,4,2,2,1,2,1,1,1,1,1,1,1,9,6,1,1,40,1,2,0
9,42,4,2015,1,7,1,1,1,1,3,1,1,1,1,1,1,1,9,6,1,1,40,1,2,0
10,42,4,2015,1,1,1,2,2,1,2,1,1,1,1,2,1,1,12,6,1,1,21,2,2,0
32,42,4,2015,2,1,4,2,1,1,2,1,1,1,1,5,1,1,9,6,1,1,40,2,2,0
27,42,5,2015,3,1,4,2,1,1,1,1,1,1,1,5,1,1,9,6,1,1,40,2,2,1
17,42,5,2015,3,3,4,2,1,1,1,1,1,2,1,5,3,1,8,6,1,2,26,2,2,1
13,42,5,2015,1,2,1,1,1,1,3,1,1,1,1,1,1,1,14,6,1,1,38,2,2,0