Thana,District,Month,Year,Time,Junction_Type,Traffic_Control,Movement,Divider,Weather,Light,Road_Geometry,Surface_Condition,Surface_Type,Surface_Quality,Road_Class,Road_Feature,Location_Type,Vehicle_Type,Vehicle_Movement,Vehicle_Loading,Vehicle_Defect,Vehicle_Driver_Age,Vehicle_Alcohol,Vehicle_Seat_Belt,Accident_Severity
49,42,5,2015,2,1,1,1,2,1,1,2,1,1,1,3,1,1,13,1,1,1,25,2,2,1
34,42,5,2015,4,1,1,2,1,1,3,1,1,1,1,5,1,1,6,6,1,1,40,2,2,0
25,42,5,2015,3,2,1,2,1,1,1,2,1,1,1,5,1,1,6,7,1,1,30,2,2,1
22,42,5,2015,4,1,4,1,1,1,3,1,1,1,1,1,1,1,9,6,1,1,35,2,2,0
36,42,5,2015,2,1,4,2,1,1,1,1,1,1,1,2,1,1,8,6,1,1,30,2,2,1
33,42,5,2015,3,1,4,1,1,1,1,3,1,1,3,2,1,1,9,6,1,1,30,2,2,0
32,42,5,2015,1,2,4,2,1,1,3,1,1,1,2,5,1,1,9,6,1,1,40,1,2,0
9,42,5,2015,1,1,1,1,1,1,3,1,1,1,1,1,1,1,9,6,1,1,30,2,2,0
9,42,5,2015,2,1,1,1,1,1,1,1,1,1,1,1,1,1,9,6,1,1,40,2,2,0
7,42,5,2015,4,1,4,2,2,1,3,1,1,1,1,5,1,1,15,1,1,1,30,2,2,3
9,42,6,2015,2,1,4,1,1,1,1,1,1,1,1,1,1,1,9,6,1,1,28,2,2,1
9,42,6,2015,4,1,4,1,1,1,3,1,1,1,1,1,1,1,9,6,1,1,40,2,2,0
49,42,6,2015,3,3,8,2,2,1,1,1,1,1,1,3,4,1,12,7,1,1,24,2,2,0
24,42,6,2015,1,1,1,2,2,1,2,1,1,1,1,1,1,1,14,6,1,1,40,2,2,0
24,42,6,2015,3,3,1,2,2,1,1,2,3,1,1,5,1,1,14,6,1,1,35,2,2,0
24,42,6,2015,3,1,1,2,2,1,1,1,1,1,1,5,1,1,14,6,1,1,50,2,2,0
34,42,6,2015,1,1,1,1,1,1,2,1,1,1,1,1,1,1,9,6,1,1,30,1,2,0
48,42,6,2015,2,4,4,2,2,1,1,1,1,1,1,5,1,1,9,6,1,1,30,1,2,0
11,42,6,2015,4,1,4,1,1,1,2,1,1,1,1,5,1,1,9,6,1,1,30,2,2,0
15,42,6,2015,4,3,8,2,2,1,4,2,1,1,1,5,1,1,14,6,1,1,30,2,2,0
15,42,6,2015,2,7,8,2,2,1,1,1,1,1,3,2,1,1,14,6,1,1,30,1,2,0
12,42,6,2015,3,1,4,1,1,2,1,1,1,1,1,1,1,1,9,6,1,1,30,2,2,0
23,42,6,2015,4,7,4,1,1,1,3,3,1,1,1,1,1,1,9,6,1,1,30,2,2,0
23,42,6,2015,3,7,4,1,1,1,1,2,1,1,1,1,1,1,8,6,1,1,30,2,2,0
30,42,6,2015,3,1,1,2,2,1,1,4,3,2,2,5,4,1,10,6,1,1,20,2,2,1
30,42,6,2015,3,1,4,2,2,1,1,1,1,1,1,3,1,1,10,6,1,1,35,2,2,0
30,42,5,2015,1,7,4,2,2,1,1,1,1,1,2,4,4,2,19,6,1,1,30,2,2,3
43,42,6,2015,2,1,1,1,1,1,1,1,1,1,1,5,1,1,12,9,1,1,40,2,2,3
42,42,6,2015,3,1,6,1,1,1,3,1,1,1,1,1,1,1,9,6,1,1,40,2,2,0
44,42,6,2015,4,1,8,2,2,2,4,1,2,1,1,1,1,1,19,11,1,7,42,2,2,0
22,42,6,2015,3,1,4,2,1,1,1,1,1,1,1,1,1,1,9,6,1,1,40,1,1,0
22,42,6,2015,1,1,4,2,1,1,1,1,1,1,1,1,1,1,9,6,1,1,40,2,2,0
22,42,6,2015,2,1,4,2,1,1,2,1,1,1,1,1,1,1,9,6,1,1,30,2,2,0
40,42,6,2015,1,1,4,2,1,1,3,1,1,1,1,5,1,1,14,6,1,1,40,1,2,0
40,42,6,2015,3,1,4,2,1,1,1,1,1,1,1,5,1,1,9,6,1,1,35,2,2,0
33,42,6,2015,3,5,1,2,2,1,1,1,1,1,1,3,1,1,9,6,1,1,40,2,2,0
33,42,6,2015,2,7,1,2,1,1,3,1,1,1,1,1,1,1,9,6,1,1,35,2,2,0
33,42,6,2015,4,7,1,1,2,1,2,1,1,1,1,1,1,1,9,6,1,1,30,2,2,0
33,42,6,2015,2,7,4,1,2,1,1,1,1,1,1,1,1,1,14,6,1,1,40,2,2,0
1,42,5,2015,1,2,1,2,1,1,1,1,1,1,3,5,1,1,9,6,1,1,40,2,2,1
33,42,6,2015,2,3,4,2,2,1,1,2,1,1,1,1,1,1,9,6,1,1,40,2,2,0
33,42,6,2015,1,7,4,1,2,1,1,1,1,1,1,1,1,1,9,6,1,1,40,2,2,0
33,42,6,2015,1,7,4,1,2,1,1,1,1,1,1,2,1,1,12,6,1,1,45,2,1,0
33,42,6,2015,2,1,1,1,1,1,1,1,1,1,1,1,1,1,8,6,1,1,35,2,2,0
33,42,6,2015,2,7,1,1,1,1,1,1,1,1,1,1,1,1,9,6,1,1,45,2,2,0
23,42,7,2015,4,3,1,1,2,1,2,2,1,1,1,1,1,1,9,6,1,1,40,2,2,0
23,42,7,2015,1,7,1,1,1,2,2,3,2,1,1,1,1,1,8,11,1,7,40,2,2,1
32,42,7,2015,3,1,5,1,2,1,2,2,1,1,2,1,1,1,13,1,1,1,30,1,2,0
43,42,7,2015,4,7,1,1,1,2,3,1,2,1,1,5,1,1,9,11,1,7,32,2,2,0
40,42,7,2015,1,3,1,1,1,1,2,1,1,1,1,5,1,1,13,6,1,1,40,2,1,0
14,42,7,2015,1,4,3,2,1,1,3,1,1,1,1,1,1,1,9,6,1,1,40,2,2,0
17,42,7,2015,1,3,1,1,1,2,1,1,2,1,1,5,1,1,12,6,1,1,40,2,1,3
24,42,7,2015,1,7,1,2,2,2,4,1,1,1,1,1,1,2,14,6,1,1,40,2,2,0
10,42,7,2015,4,3,8,1,1,1,2,1,1,1,1,3,1,1,9,6,1,1,40,2,2,0
33,42,7,2015,2,7,4,1,2,2,1,1,2,1,1,1,1,1,9,6,1,1,40,2,2,0
33,42,7,2015,1,7,4,1,1,2,1,1,2,1,1,1,1,1,9,6,1,1,40,2,2,0
33,42,7,2015,3,7,4,1,1,2,2,4,2,1,2,1,1,1,9,6,1,1,40,2,2,0
33,42,7,2015,3,7,4,1,2,1,1,1,2,1,1,1,1,1,9,6,1,1,40,2,2,0
33,42,7,2015,3,7,4,1,1,1,1,1,1,1,1,1,1,1,9,6,1,1,35,2,2,3
33,42,7,2015,1,7,4,1,2,1,1,1,2,1,1,1,1,1,9,6,1,1,40,2,2,0
33,42,7,2015,4,7,4,1,1,1,1,1,2,1,1,1,1,1,10,6,1,1,35,2,1,0
37,42,7,2015,3,7,4,1,1,1,1,1,1,1,1,1,1,1,9,6,1,1,40,2,2,1
40,42,8,2015,3,2,4,1,1,1,1,1,1,1,1,5,1,1,9,6,1,1,40,2,2,0
13,42,8,2015,4,2,4,1,1,1,3,2,1,1,1,1,1,1,9,6,1,1,40,2,2,0
16,42,8,2015,3,2,1,1,1,1,1,1,1,1,1,2,1,2,4,6,1,1,45,2,1,0
32,42,8,2015,4,1,1,2,1,1,3,1,1,1,1,3,1,1,12,6,1,3,35,2,2,0
42,42,8,2015,1,2,4,2,1,1,1,1,1,1,1,5,1,1,9,6,1,1,40,2,2,0
42,42,8,2015,4,2,4,1,1,1,3,1,1,1,1,5,1,1,9,6,1,1,40,2,2,1
24,42,8,2015,4,2,1,2,2,1,4,2,1,1,1,5,1,2,14,6,1,1,35,2,2,0
24,42,8,2015,3,3,4,2,2,1,1,1,1,1,1,5,1,1,5,6,1,1,50,2,2,1
24,42,8,2015,2,2,4,2,2,1,1,3,1,1,1,5,1,1,14,6,1,1,50,2,2,0
15,42,8,2015,2,2,4,2,2,1,1,1,5,2,2,2,1,1,9,6,1,1,40,2,2,1
25,42,8,2015,4,2,4,2,1,1,3,2,1,1,1,1,1,1,9,6,1,1,35,2,2,0
15,42,8,2015,3,2,4,2,2,1,4,2,1,1,1,1,1,1,9,6,1,1,45,2,2,0
1,42,8,2015,2,4,1,2,1,1,2,1,1,1,1,5,1,1,9,6,1,1,35,2,2,0
1,42,8,2015,1,3,4,2,1,1,1,1,1,1,1,5,1,1,10,6,1,1,54,2,1,0
43,42,7,2015,4,2,4,2,1,2,3,1,2,1,1,5,1,1,9,6,1,1,40,2,2,0
34,42,8,2015,4,1,2,2,1,1,3,1,1,1,1,5,1,1,14,6,1,1,45,2,2,0
34,42,8,2015,3,1,4,2,1,1,1,1,1,1,1,5,1,1,9,6,1,1,35,1,2,0
34,42,8,2015,2,5,6,2,1,1,1,1,1,1,1,5,1,1,8,6,1,1,33,1,2,3
11,42,8,2015,4,1,4,1,2,1,1,1,1,1,1,5,1,1,9,6,1,1,40,2,2,0
25,42,8,2015,2,2,4,1,1,1,1,1,1,1,1,5,1,1,4,6,1,1,35,2,1,3
45,42,8,2015,2,2,4,1,1,1,1,1,1,1,1,1,1,1,8,6,2,1,50,2,2,0
33,42,8,2015,1,3,3,1,1,1,3,1,1,1,1,2,1,1,14,6,1,1,45,1,2,0
33,42,8,2015,1,3,4,1,2,1,3,1,2,1,3,1,1,1,8,6,1,1,45,2,2,0
33,42,8,2015,1,2,4,1,2,1,2,1,1,1,1,1,1,1,8,6,1,1,50,2,2,0
17,42,8,2015,1,2,4,1,1,1,1,1,1,1,1,5,1,1,9,6,1,1,30,2,2,1
17,42,8,2015,1,3,4,1,1,1,1,1,1,1,1,5,1,1,8,6,1,1,45,2,2,0
22,42,8,2015,4,2,4,2,1,1,3,1,1,1,1,1,1,1,9,6,1,1,32,2,2,0
11,42,7,2015,1,2,4,1,1,1,4,1,1,1,1,1,1,1,9,6,1,1,40,2,2,1
8,42,4,2015,1,3,4,1,1,1,2,1,1,1,1,5,1,1,9,6,1,1,40,2,2,0
3,42,8,2015,1,3,4,1,1,1,3,1,1,1,1,1,1,1,14,6,1,1,40,2,2,1
8,42,5,2015,3,2,4,1,1,1,2,1,1,1,1,5,1,1,9,6,1,1,40,2,2,0
8,42,5,2015,3,2,4,1,1,2,1,1,2,1,1,5,1,1,4,6,1,1,42,2,1,1
9,42,8,2015,2,2,4,1,1,1,1,1,1,1,1,1,2,1,10,6,1,1,45,2,1,0
9,42,8,2015,4,3,4,1,1,1,3,1,1,1,1,1,1,1,14,6,1,1,26,2,2,1
5,42,8,2015,2,2,4,2,1,1,2,1,1,1,1,1,1,1,8,2,1,1,35,2,2,0
49,42,9,2015,1,2,4,2,2,1,1,1,1,1,1,1,1,1,7,6,1,1,30,2,1,3
42,42,9,2015,1,2,4,1,1,1,3,4,1,1,1,1,1,1,12,6,1,1,40,2,2,0
16,42,9,2015,3,2,4,1,1,1,1,1,1,1,1,1,1,1,14,6,1,1,40,2,2,0
2,42,9,2015,4,1,2,1,1,1,3,1,1,1,1,5,1,1,7,6,1,1,45,1,2,1
9,42,9,2015,4,2,1,1,1,1,3,1,1,1,1,1,1,1,7,6,1,1,38,2,2,0
34,42,9,2015,3,2,4,1,1,1,1,1,1,1,1,1,1,1,9,6,1,1,40,2,2,0
34,42,9,2015,3,3,4,1,1,2,1,1,2,1,1,1,1,1,8,6,1,1,30,2,2,0
34,42,9,2015,2,1,1,1,1,1,3,1,1,1,1,1,1,1,9,6,1,1,35,2,2,0
29,42,9,2015,1,2,4,1,1,1,2,1,1,1,1,1,1,1,14,6,1,1,35,2,2,0
41,42,9,2015,2,2,4,2,1,1,1,1,1,1,1,5,1,1,9,6,1,1,24,2,2,0
41,42,9,2015,2,2,1,2,2,1,2,1,1,1,1,5,1,1,14,6,1,1,42,2,2,1
6,42,9,2015,3,1,2,1,2,1,1,1,1,1,1,1,1,1,4,6,1,1,30,2,2,0
24,42,9,2015,2,3,4,2,2,1,1,1,1,1,1,5,1,2,9,6,1,1,18,2,2,0
33,42,9,2015,2,5,4,2,1,1,1,2,1,1,1,1,1,1,8,6,1,1,40,2,2,0
33,42,9,2015,1,2,4,2,2,1,1,4,5,1,1,1,1,1,9,6,1,1,25,2,2,0
33,42,9,2015,4,7,4,2,2,1,3,1,1,1,1,1,2,1,8,6,1,1,28,2,2,0
6,42,9,2015,1,7,4,1,1,1,3,1,1,1,1,2,2,1,9,6,1,1,35,2,2,0
44,42,9,2015,1,2,4,2,1,1,3,1,1,1,1,1,1,1,8,6,1,1,30,2,2,0
44,42,9,2015,1,2,4,2,2,1,1,1,1,1,1,5,1,1,11,6,1,2,25,2,1,3
44,42,9,2015,1,7,4,2,2,1,2,1,1,1,1,1,1,1,7,6,1,1,28,2,2,0
4,42,9,2015,2,3,4,1,1,1,1,1,5,1,1,5,1,1,8,5,1,1,45,2,2,1
46,42,9,2015,1,2,4,2,1,1,2,4,1,1,1,4,1,2,12,4,1,1,30,2,2,0
11,42,9,2015,2,3,4,1,1,1,4,1,1,2,1,1,1,1,9,6,1,1,35,2,2,0
2,42,9,2015,2,2,4,1,1,1,3,2,1,1,1,5,1,1,9,6,1,1,35,2,2,0
22,42,9,2015,2,1,4,2,1,1,2,1,1,1,1,1,2,1,9,6,1,1,35,2,2,0
40,42,9,2015,1,2,4,1,2,1,1,1,1,1,1,1,1,1,14,6,1,1,35,2,2,0
35,42,9,2015,4,7,4,1,2,1,2,1,1,3,1,3,1,2,14,6,1,1,40,2,2,0
37,42,9,2015,4,7,4,2,2,1,1,1,1,2,2,2,2,1,19,6,1,1,37,2,2,0
15,42,9,2015,4,2,4,2,1,1,1,1,1,1,1,5,1,1,9,6,1,1,23,2,2,1
5,42,9,2015,2,2,4,2,1,1,1,1,1,1,1,5,1,1,9,6,1,1,23,2,2,1
23,42,10,2015,4,7,1,1,1,1,3,1,1,1,1,1,1,1,7,6,1,1,30,2,1,0
16,42,10,2015,4,3,4,2,1,1,3,1,1,1,1,1,1,1,9,6,1,1,35,2,2,0
42,42,10,2015,2,2,4,1,1,1,3,4,1,1,1,1,1,1,9,6,1,1,30,1,2,0
37,42,10,2015,4,7,4,2,2,1,3,1,1,1,1,3,1,1,10,6,1,1,26,2,1,0
2,42,10,2015,4,1,4,1,1,1,3,1,1,1,1,5,1,1,4,6,1,7,30,2,1,0
2,42,10,2015,1,1,4,1,1,1,3,1,1,1,1,5,1,1,4,6,1,7,28,1,2,0
33,42,10,2015,1,7,4,2,2,1,2,1,1,1,2,1,1,1,8,6,1,1,29,2,2,0
33,42,10,2015,1,1,1,2,2,1,1,1,1,1,1,5,1,1,14,6,1,1,40,2,2,0
33,42,10,2015,1,7,4,2,2,1,3,1,1,1,1,1,1,1,14,6,1,1,35,2,2,0
33,42,10,2015,1,7,4,2,2,1,1,1,1,1,1,1,1,1,9,6,1,1,30,2,2,0
33,42,10,2015,1,1,4,2,2,1,1,1,1,1,1,1,1,1,7,6,1,1,35,2,2,1
34,42,10,2015,2,7,4,2,1,1,1,1,1,1,1,1,1,1,9,5,1,7,32,2,2,1
34,42,10,2015,1,1,4,2,1,1,2,1,1,1,1,1,1,1,9,6,1,1,30,2,2,0
34,42,10,2015,1,2,4,1,1,1,2,1,1,1,1,5,1,1,8,6,1,1,35,2,2,0
44,42,10,2015,4,2,4,2,1,1,3,1,1,1,1,1,1,1,14,6,1,1,55,2,2,0
30,42,10,2015,2,7,4,2,2,1,1,1,1,1,1,2,1,1,19,6,1,1,28,2,2,0
14,42,10,2015,1,7,4,2,1,1,3,1,1,1,1,1,1,1,8,6,1,1,40,2,2,0
9,42,10,2015,1,7,4,1,1,1,3,1,1,1,1,1,1,1,7,6,1,1,28,2,2,1
5,42,10,2015,2,2,4,1,2,1,1,1,1,1,1,1,1,1,14,6,1,1,33,2,2,0
5,42,10,2015,2,1,4,2,2,1,1,1,1,1,1,1,1,1,9,6,1,1,35,2,2,0
5,42,10,2015,4,2,4,1,1,1,1,1,1,1,1,1,1,1,9,6,1,1,26,2,2,1
18,42,11,2015,1,2,4,2,1,1,2,1,1,1,1,1,1,1,14,6,1,1,40,2,2,0
12,42,11,2015,4,2,4,1,1,2,2,1,1,1,1,5,1,1,9,2,1,1,42,2,2,1
33,42,11,2015,4,1,4,2,1,1,1,1,1,1,1,1,1,1,12,6,1,1,35,2,2,0
48,42,11,2015,1,1,1,2,1,1,3,1,1,1,1,5,1,1,8,6,1,1,30,2,2,0
24,42,11,2015,1,1,1,2,2,4,2,2,1,1,1,1,1,2,14,2,2,7,30,1,2,0
38,42,11,2015,4,1,4,2,2,1,2,1,1,1,1,5,1,1,14,6,1,1,30,2,2,0
25,42,11,2015,2,2,4,1,2,1,1,2,1,1,1,1,1,1,9,2,1,1,35,2,2,0
1,42,11,2015,1,1,1,1,2,1,3,1,1,1,1,5,1,1,14,6,1,1,30,2,2,0
49,42,11,2015,4,2,4,2,2,1,3,1,1,1,1,1,1,1,6,6,1,1,25,2,2,0
44,42,11,2015,4,2,4,2,1,1,3,1,1,1,1,1,1,1,9,6,1,1,35,2,2,0
17,42,11,2015,2,2,4,1,2,1,1,1,1,1,1,1,1,1,9,6,1,1,30,2,2,0
17,42,11,2015,3,2,4,2,2,1,1,1,1,1,1,1,1,1,10,6,1,1,35,2,1,1
19,42,11,2015,4,2,4,2,1,1,2,1,1,1,1,1,1,1,9,8,1,1,22,2,2,0
7,42,11,2015,2,2,4,1,1,1,1,1,1,1,1,1,1,1,14,6,1,1,30,2,2,0
36,42,12,2015,3,2,4,1,2,1,1,1,1,1,1,1,1,1,9,6,1,1,28,2,2,0
13,42,12,2015,3,1,4,2,1,1,1,1,1,1,1,1,1,1,8,6,1,1,35,2,2,1
40,42,12,2015,4,2,4,1,1,1,3,1,1,1,1,5,1,1,14,6,1,1,32,2,2,0
34,42,12,2015,4,3,4,2,2,1,3,1,1,1,1,1,1,1,14,6,1,1,32,2,2,0
49,42,12,2015,4,2,4,1,1,1,2,1,1,1,1,1,1,1,9,6,1,1,29,2,2,0
48,42,12,2015,2,1,4,1,1,1,1,1,1,1,1,1,1,1,9,6,1,1,30,2,2,0
2,42,12,2015,2,1,2,1,1,1,1,2,1,1,1,2,1,1,9,1,1,1,30,2,2,0
29,42,12,2015,3,2,4,1,2,1,1,1,1,1,1,1,1,1,14,6,1,1,35,2,2,0
29,42,12,2015,2,2,4,1,2,1,2,1,1,1,1,1,1,1,9,6,1,1,30,2,2,0
33,42,12,2015,4,2,4,2,2,1,3,1,1,1,1,1,1,1,9,6,1,1,32,2,2,0
33,42,12,2015,2,2,4,2,2,1,3,1,1,1,1,1,1,1,8,6,1,1,40,2,2,0
33,42,12,2015,2,2,4,2,2,1,1,1,1,1,1,1,1,1,9,6,1,1,38,2,2,0
33,42,12,2015,1,1,4,2,1,1,3,1,1,1,2,2,1,1,8,6,1,1,29,2,2,0
17,42,12,2015,2,2,4,1,1,1,1,3,1,1,1,1,1,1,9,6,1,1,35,2,2,0
46,42,12,2015,4,2,1,2,1,1,1,1,1,1,1,1,1,1,14,6,1,1,35,2,2,0
15,42,12,2015,4,7,4,2,1,1,1,1,1,1,1,2,2,2,9,6,1,1,30,2,2,0
22,42,12,2015,3,2,4,2,2,1,2,1,1,1,1,1,1,1,9,6,1,1,32,2,2,0
24,42,12,2015,3,2,4,2,2,1,2,1,1,1,1,5,1,1,9,6,1,1,30,2,2,0
44,42,12,2015,3,2,4,2,1,1,1,1,1,1,1,1,1,1,8,6,1,1,38,2,2,0
44,42,12,2015,3,5,4,2,1,1,2,1,1,1,1,2,1,1,9,6,1,1,35,2,2,0
1,42,12,2015,3,2,4,2,2,1,1,1,1,1,1,1,1,1,14,6,1,1,40,2,2,0
5,42,1,2015,3,1,1,2,1,1,1,1,1,1,1,5,1,1,9,6,1,1,30,2,2,1
5,42,3,2015,4,1,4,2,2,1,3,1,1,1,1,5,1,1,19,6,1,1,30,2,2,1
5,42,6,2015,3,1,4,2,1,1,1,1,1,1,1,5,1,1,13,6,1,1,38,2,2,0
5,42,11,2015,2,2,4,2,1,1,1,1,1,1,1,5,1,1,9,6,1,1,30,2,2,0
5,42,12,2015,4,1,4,2,1,1,3,1,1,1,1,5,1,1,9,6,1,1,35,2,2,0
19,42,3,2015,2,1,8,1,2,1,2,1,1,1,1,5,1,1,14,6,1,3,22,2,2,0
19,42,1,2015,3,7,1,2,1,1,1,1,1,1,1,5,1,2,5,6,1,1,30,2,2,0
19,42,3,2015,3,1,1,2,2,1,1,1,1,1,1,5,1,1,4,6,1,1,23,2,1,3
16,42,12,2015,4,2,1,1,1,1,2,1,1,1,1,5,1,1,8,6,1,1,40,2,2,3
28,42,4,2015,4,3,1,2,1,1,2,1,1,1,1,5,1,1,9,11,1,1,22,2,2,0
28,42,6,2015,3,5,6,2,1,1,1,4,1,1,1,5,1,1,8,1,1,1,30,2,2,1
26,42,8,2015,4,1,1,2,2,1,3,1,1,1,1,1,1,1,12,11,1,2,33,1,0,0
15,42,8,2015,4,3,1,2,1,1,3,1,1,1,1,2,1,1,10,6,1,2,33,2,2,0
5,18,5,2015,3,2,1,2,1,1,1,1,1,1,3,5,1,1,9,6,1,7,40,2,2,1
22,42,9,2015,1,5,4,2,1,1,3,1,1,1,1,1,1,1,8,6,1,6,33,1,2,0
1,24,2,2015,2,1,1,2,2,1,1,1,1,1,1,1,1,2,14,6,1,1,36,2,2,0
2,24,2,2015,2,2,1,2,2,1,1,1,1,1,1,4,1,2,4,6,2,7,35,2,2,0
2,24,2,2015,2,4,1,2,2,1,1,2,1,1,1,2,1,1,13,6,1,1,35,2,2,0
5,24,4,2015,3,3,1,2,2,1,1,2,1,1,1,4,1,2,13,1,1,1,33,2,2,0
1,18,3,2015,4,3,1,2,2,1,2,1,1,1,1,4,1,2,19,1,2,7,45,2,2,1
2,18,2,2015,1,2,8,2,2,1,1,1,1,1,1,5,1,1,4,6,1,1,24,2,2,1
4,18,2,2015,2,1,1,2,2,1,1,1,1,1,1,4,1,1,19,6,2,1,32,2,2,0
3,29,6,2015,2,1,1,2,2,1,1,1,1,1,1,1,1,1,9,6,1,1,33,2,2,0
6,21,4,2015,4,1,1,2,2,1,4,1,1,1,1,2,1,2,19,6,2,1,33,2,2,0
5,26,2,2015,2,1,3,2,2,1,1,1,1,2,1,1,1,1,9,6,1,1,33,2,2,0
7,26,12,2015,3,1,1,2,2,1,1,2,1,2,2,4,1,2,4,9,1,1,32,2,2,1
8,26,4,2015,4,3,1,2,2,1,2,1,1,1,1,3,1,2,4,6,1,3,25,2,2,0
9,26,9,2015,2,1,1,2,2,1,2,1,1,1,1,4,1,2,13,5,1,1,40,2,2,1
1,20,4,2015,2,1,1,2,2,1,1,1,1,1,1,4,1,1,4,6,2,1,20,2,2,0
1,20,10,2015,3,1,1,2,2,1,1,4,2,2,3,5,1,2,6,6,1,3,33,2,2,0
1,20,11,2015,3,1,1,2,2,1,1,1,1,1,1,2,1,2,14,6,1,1,33,2,2,0
3,18,12,2015,3,1,1,2,2,1,1,1,1,1,2,3,1,2,9,6,2,1,28,2,2,0
6,18,4,2015,1,7,1,2,2,1,4,2,1,1,1,1,1,2,8,2,1,1,33,2,2,0
7,18,11,2015,2,1,1,2,2,1,1,1,1,1,1,1,1,2,19,6,1,1,33,2,2,0
2,22,4,2015,2,1,1,2,2,1,4,1,1,1,1,4,1,2,4,6,2,1,25,2,2,0
2,29,9,2015,2,1,1,2,2,1,1,1,1,1,1,4,1,2,6,5,1,1,33,2,2,0
5,29,8,2015,2,1,1,2,2,1,1,1,1,1,1,1,1,1,19,6,1,1,33,2,2,0
8,29,7,2015,3,2,1,2,2,1,1,1,1,1,1,1,1,2,9,3,1,3,35,2,2,0
8,29,8,2015,4,1,1,2,2,1,4,1,1,1,1,5,1,2,2,5,1,1,60,2,2,0
5,29,4,2015,1,1,1,2,2,1,1,1,1,1,1,2,1,2,19,6,1,1,33,2,2,0
8,29,12,2015,1,1,1,2,2,1,1,1,1,1,1,2,2,2,8,6,1,1,50,2,2,0
2,22,6,2015,3,1,1,2,2,1,1,1,1,1,1,4,1,2,19,6,1,1,35,2,2,0
3,22,3,2015,4,1,2,2,2,1,3,1,1,1,1,1,1,1,9,6,1,1,35,2,2,0
3,22,9,2015,2,1,4,2,1,1,1,1,1,1,1,1,2,1,7,6,1,1,33,2,2,0
1,24,6,2015,1,7,7,2,2,1,1,1,1,1,1,1,1,2,12,6,1,1,33,2,2,0
1,24,8,2015,1,1,1,2,2,1,3,1,1,1,1,1,1,1,19,6,1,1,33,2,2,0
1,24,10,2015,2,1,1,2,2,1,4,1,1,1,1,4,1,1,9,6,1,1,33,2,2,0
1,24,10,2015,4,1,1,2,2,1,3,1,1,1,1,3,1,1,14,6,1,7,33,1,2,0
1,24,10,2015,1,1,5,2,1,1,1,1,1,1,1,2,1,2,8,2,1,1,33,2,2,0
1,24,11,2015,2,1,2,2,2,1,1,1,1,1,1,4,1,2,9,6,1,7,33,1,2,0
1,24,11,2015,1,1,1,2,2,1,2,1,1,1,1,1,1,2,14,6,1,7,33,1,2,0
1,24,12,2015,2,1,2,2,2,1,1,1,1,1,1,1,1,2,9,6,1,1,33,1,2,0
4,24,2,2015,4,1,1,2,2,1,2,1,1,1,2,4,1,2,9,6,1,1,30,2,2,0
5,24,8,2015,2,1,1,2,2,2,1,2,2,1,2,4,1,2,14,6,1,1,33,2,2,0
5,24,8,2015,2,1,3,2,2,1,1,1,1,1,1,1,1,2,14,6,1,1,54,2,2,0
5,24,8,2015,2,1,8,2,2,1,1,1,1,1,1,1,1,2,14,1,1,1,33,2,2,0
5,29,5,2015,1,2,1,2,2,1,1,1,1,1,1,1,2,2,9,6,1,1,33,2,2,0
8,29,12,2015,1,1,5,2,1,1,1,1,1,1,1,1,2,1,8,6,1,1,50,2,2,0
1,24,11,2015,3,7,1,2,2,1,1,1,1,1,1,5,1,1,4,5,1,1,33,2,2,1
41,24,11,2015,2,1,1,2,2,1,1,1,1,1,1,2,1,2,9,6,1,7,33,2,2,0
6,28,3,2015,4,7,8,2,2,1,3,1,1,1,1,5,1,1,14,11,2,7,47,2,2,0
8,28,6,2015,3,7,8,2,2,1,2,1,1,1,1,5,1,2,19,11,2,7,33,1,2,0
7,28,7,2015,4,7,8,2,2,1,2,1,1,1,1,5,1,2,19,11,2,7,33,1,2,0
2,28,12,2015,2,7,8,2,1,1,1,1,1,1,1,5,1,1,9,2,1,7,30,2,2,0
3,28,9,2015,2,7,1,1,2,1,4,2,1,1,1,5,1,1,4,11,1,1,33,2,2,1
6,28,10,2015,3,1,1,1,2,1,1,1,1,1,1,5,1,1,4,11,1,1,33,2,2,0
1,16,1,2015,4,3,1,2,2,4,4,1,1,1,1,2,1,1,14,6,1,1,40,2,2,0
11,16,1,2015,3,2,1,2,2,1,1,1,1,1,1,1,1,2,8,6,1,2,22,2,2,0
5,16,2,2015,3,1,1,1,2,1,1,1,1,1,1,2,1,2,4,5,2,1,35,1,0,0
9,16,3,2015,4,3,2,2,2,1,2,1,1,1,1,1,1,2,19,6,1,1,33,2,2,0
6,16,4,2015,2,7,8,1,2,1,1,1,1,1,2,4,1,2,14,7,1,1,35,2,2,0
11,16,5,2015,3,2,1,1,1,1,1,1,1,1,1,1,2,1,15,11,1,1,30,2,2,0
11,16,5,2015,1,1,1,2,2,1,2,1,1,1,1,1,1,1,19,6,1,1,33,2,2,0
11,16,6,2015,3,1,1,2,1,1,1,1,1,1,1,1,2,1,9,6,1,1,33,2,2,1
8,16,6,2015,3,1,1,2,1,1,1,1,1,1,1,1,2,2,9,11,1,1,33,2,2,0