Thana,District,Month,Year,Time,Junction_Type,Traffic_Control,Movement,Divider,Weather,Light,Road_Geometry,Surface_Condition,Surface_Type,Surface_Quality,Road_Class,Road_Feature,Location_Type,Vehicle_Type,Vehicle_Movement,Vehicle_Loading,Vehicle_Defect,Vehicle_Driver_Age,Vehicle_Alcohol,Vehicle_Seat_Belt,Accident_Severity
8,16,7,2015,4,1,1,2,1,1,2,1,1,1,1,1,2,2,9,11,1,1,33,2,2,0
11,16,7,2015,3,1,1,2,1,1,4,1,1,1,1,1,1,2,19,6,1,1,33,2,2,0
7,16,7,2015,4,1,1,2,1,1,4,1,1,1,1,1,1,1,14,6,1,1,33,2,2,0
10,16,7,2015,3,7,8,2,2,2,1,1,2,1,1,1,2,2,9,5,2,1,33,1,2,0
11,16,7,2015,4,1,1,2,1,2,3,1,1,1,1,1,1,2,5,5,1,2,25,2,2,1
5,16,8,2015,2,7,1,2,1,1,1,1,1,1,1,3,1,2,4,5,1,7,32,2,2,0
11,16,8,2015,1,1,1,2,1,1,2,1,1,1,1,1,1,2,9,5,1,1,33,2,2,0
4,15,9,2015,1,1,1,2,2,1,4,1,1,1,1,1,1,2,14,6,1,1,33,2,2,0
4,15,5,2015,2,2,1,2,1,1,1,1,1,1,1,1,1,2,13,6,1,1,33,2,2,0
4,15,12,2015,4,7,1,2,2,1,2,1,1,1,1,5,1,1,12,6,1,7,33,2,2,0
4,15,5,2015,2,1,1,1,1,2,1,1,1,1,1,1,1,2,9,6,1,2,33,2,2,0
7,13,4,2015,2,7,2,1,2,1,2,1,1,1,1,2,1,2,10,6,1,1,33,2,2,0
1,13,7,2015,3,7,8,1,2,1,1,2,1,1,1,4,4,2,13,2,1,3,25,2,2,1
1,16,9,2015,1,1,1,2,1,1,3,1,1,1,1,1,1,2,12,6,1,1,33,2,2,1
11,16,9,2015,2,1,1,2,1,1,1,1,1,1,1,1,1,2,14,11,1,1,33,2,2,3
11,16,9,2015,3,1,1,2,1,1,1,1,1,1,1,1,1,2,8,6,1,1,33,2,2,0
9,16,10,2015,2,1,1,2,1,1,1,1,1,1,1,1,1,2,13,11,1,1,33,2,2,0
11,16,10,2015,4,1,1,2,1,1,4,1,1,1,1,1,1,2,9,11,2,1,33,2,2,1
11,16,10,2015,2,1,1,2,1,1,1,1,1,1,1,1,1,2,9,11,1,1,33,2,2,0
9,16,11,2015,1,1,7,1,1,1,1,1,1,1,2,2,1,1,10,6,1,1,33,2,2,0
8,16,12,2015,2,1,1,2,1,1,1,1,1,1,1,1,1,2,9,6,1,1,33,2,2,0
10,16,12,2015,1,1,5,2,1,4,1,1,1,1,1,1,2,1,13,5,2,1,33,1,2,0
10,1,12,2015,2,3,3,1,1,1,1,1,1,1,1,1,1,2,1,9,1,7,50,2,2,1
9,16,12,2015,2,1,1,2,1,1,1,1,1,1,1,1,1,2,14,6,1,1,33,2,2,0
11,16,12,2015,1,1,1,2,1,1,2,1,1,1,1,1,1,1,13,6,1,1,33,2,2,0
11,16,12,2015,1,1,1,2,1,1,1,1,1,1,1,1,1,2,13,6,1,1,33,2,2,0
1,12,1,2015,1,3,1,2,2,1,4,1,1,1,1,2,1,1,13,6,1,1,33,2,2,0
1,9,11,2015,3,1,1,2,2,1,1,1,1,1,1,1,1,1,9,1,1,1,33,2,2,0
1,9,11,2015,2,2,1,2,2,1,2,2,1,1,1,1,1,2,19,11,1,1,33,2,2,0
1,9,12,2015,3,1,1,2,2,1,1,1,1,1,1,1,1,1,9,6,1,7,35,2,2,0
1,9,11,2015,2,2,4,1,2,1,1,1,1,1,1,1,1,1,12,6,1,7,35,2,2,0
1,9,8,2015,3,1,8,2,2,1,1,1,1,1,1,1,1,1,14,6,1,7,33,1,2,0
5,15,4,2015,2,7,3,2,2,1,1,1,1,1,1,2,1,1,13,5,1,1,33,2,2,0
1,15,6,2015,1,3,1,1,1,1,4,1,1,1,1,1,1,1,12,6,1,1,33,2,2,0
1,15,3,2015,3,1,1,2,2,1,1,2,1,2,1,1,1,2,9,6,1,2,45,2,2,0
3,15,12,2015,2,2,1,2,1,1,1,1,1,1,1,2,1,2,9,6,1,1,33,2,2,0
3,15,11,2015,3,1,1,1,1,2,3,1,1,1,1,1,1,1,10,11,1,1,33,2,2,0
3,15,7,2015,1,1,1,2,1,1,1,1,1,1,1,1,1,2,9,6,1,1,33,1,2,0
3,15,6,2015,2,1,1,2,2,1,1,1,1,1,1,1,1,2,12,11,1,1,32,2,2,0
3,15,4,2015,4,1,1,1,1,1,1,1,1,1,1,1,1,2,10,6,1,2,50,2,1,0
3,15,7,2015,1,1,1,2,2,1,4,1,1,1,1,1,1,2,14,4,1,1,33,1,2,0
3,15,8,2015,1,1,1,2,1,1,4,1,1,1,1,1,1,2,14,6,1,1,33,2,2,0
7,9,4,2015,2,1,1,1,1,1,1,1,1,1,1,1,1,2,14,11,1,1,33,2,2,0
7,9,8,2015,3,1,1,2,2,1,1,1,1,1,1,1,1,2,14,6,1,1,33,2,2,0
7,9,6,2015,1,1,1,2,2,1,4,1,1,1,1,1,1,2,1,6,1,1,33,2,2,0
6,15,10,2015,2,1,1,2,2,1,1,1,1,1,1,1,1,2,9,11,1,4,33,2,2,0
4,9,7,2015,2,1,1,1,2,1,1,1,1,1,1,2,1,2,13,6,1,1,33,2,2,0
4,9,7,2015,2,1,1,1,2,1,1,1,1,1,1,2,1,2,7,6,1,7,55,2,2,0
11,9,5,2015,1,2,1,2,2,1,4,1,1,1,1,1,1,1,19,6,1,1,33,2,2,0
11,9,6,2015,1,1,1,2,1,4,1,1,1,1,1,1,1,2,19,6,1,1,33,2,2,0
11,9,10,2015,1,1,1,2,2,1,3,1,1,1,1,1,1,2,19,6,1,1,33,2,2,0
1,9,3,2015,2,1,1,2,2,1,1,1,1,1,1,1,1,1,14,6,2,2,35,2,2,0
11,9,3,2015,1,1,1,1,2,1,4,1,1,1,1,1,1,2,9,6,1,7,30,2,2,0
1,10,5,2015,2,1,1,2,2,1,1,1,1,1,1,2,1,1,4,6,1,7,20,2,2,1
1,10,11,2015,3,1,1,2,2,1,2,1,1,1,1,2,1,1,9,5,1,1,33,1,2,0
8,13,2,2015,2,1,8,2,1,1,1,1,1,1,1,1,1,1,10,6,1,1,33,2,2,0
2,12,2,2015,4,7,8,2,2,1,2,1,1,1,1,2,1,2,12,11,1,1,42,2,2,0
2,12,6,2015,3,1,1,2,2,1,1,1,1,1,1,4,1,2,19,1,1,2,33,2,2,0
5,10,9,2015,3,1,2,2,2,1,1,1,1,1,1,2,1,2,14,6,1,1,33,2,2,0
5,10,10,2015,1,1,1,1,2,4,4,1,1,1,2,3,1,2,12,6,1,1,33,2,2,3
5,10,3,2015,4,1,1,1,1,1,2,1,1,1,1,3,1,2,17,6,1,1,33,2,2,0
12,9,9,2015,3,1,1,2,1,1,1,1,1,1,1,1,1,2,9,6,1,1,33,2,2,0
12,9,8,2015,1,1,1,2,2,1,2,1,1,1,1,1,1,2,8,6,1,1,33,1,0,0
12,9,10,2015,3,1,1,1,2,1,1,1,1,1,1,1,1,1,9,5,1,1,33,2,2,0
12,9,9,2015,3,1,1,2,2,1,1,1,1,1,1,1,1,2,9,2,1,1,33,2,2,0
6,13,10,2015,1,1,3,2,2,1,4,2,5,1,2,1,2,1,10,6,1,1,33,2,2,0
2,10,9,2015,3,1,1,2,2,1,1,1,1,1,1,4,4,2,19,11,2,1,33,2,2,0
2,9,11,2015,3,1,1,2,2,1,1,1,1,1,1,2,1,2,19,4,1,1,33,2,2,0
3,13,12,2015,1,7,1,2,2,1,2,1,1,1,1,2,1,2,9,11,1,5,33,2,2,1
6,17,9,2015,3,4,2,1,1,1,1,4,3,1,1,4,1,2,19,6,1,1,25,2,2,2
8,17,9,2015,2,2,2,1,1,1,1,1,1,1,1,1,1,2,8,1,1,7,33,1,2,0
7,17,2,2015,3,1,2,1,1,1,1,1,1,1,1,1,1,2,19,6,1,1,33,2,2,0
1,17,5,2015,2,3,4,2,1,1,1,1,1,1,1,2,1,1,14,11,1,7,33,2,2,0
7,17,7,2015,4,1,1,2,2,1,2,1,1,1,1,1,1,2,10,6,1,1,33,2,2,1
7,17,9,2015,1,2,1,2,1,1,1,1,1,1,1,1,1,2,14,6,2,2,33,2,2,0
7,17,2,2015,1,1,1,2,2,1,4,1,1,1,1,1,1,2,19,6,1,1,33,2,2,0
1,17,9,2015,4,1,1,2,1,1,2,1,1,1,1,5,1,1,4,6,1,1,38,2,2,0
1,17,11,2015,3,3,2,2,1,1,1,1,1,1,1,2,1,1,4,6,1,1,33,2,2,0
7,56,1,2015,2,7,1,2,1,1,1,1,1,1,1,1,1,1,12,6,1,1,20,2,2,0
8,56,2,2015,4,7,1,2,2,1,2,1,1,1,1,2,1,2,19,6,2,7,33,2,2,0
3,53,3,2015,3,1,8,2,2,1,1,2,1,1,1,1,2,2,9,11,1,7,33,2,2,0
7,56,4,2015,4,1,1,2,2,1,3,1,1,1,1,1,1,2,19,11,2,7,30,2,2,0
8,56,4,2015,2,1,1,2,2,1,1,1,1,1,1,1,1,2,10,11,2,7,33,2,2,0
7,56,5,2015,4,1,1,2,2,4,1,1,1,1,1,1,1,2,19,11,2,7,33,1,2,0
8,56,5,2015,4,1,1,2,2,1,4,1,1,1,1,1,1,1,19,11,1,7,33,2,2,0
5,11,4,2015,3,1,1,2,1,1,1,1,1,1,1,2,1,2,14,5,1,2,24,2,2,0
2,11,2,2015,3,1,1,2,2,1,1,3,1,1,3,2,1,2,13,7,1,2,32,2,2,0
10,11,5,2015,3,1,1,2,2,1,1,1,1,1,1,2,1,2,14,6,1,2,33,1,0,0
6,11,7,2015,1,1,2,1,2,1,2,1,1,1,1,2,1,2,10,6,1,2,33,2,2,0
4,11,4,2015,3,7,1,2,2,1,1,1,1,1,2,5,1,2,19,6,2,2,33,2,2,0
4,11,7,2015,4,1,8,2,2,1,4,1,1,1,1,2,1,2,14,6,1,1,33,2,2,0
4,11,11,2015,3,1,1,2,2,1,1,1,1,1,1,2,1,2,8,8,1,1,33,1,0,0
2,7,8,2015,3,1,1,2,2,1,1,1,1,1,1,2,1,1,14,6,1,1,33,2,2,0
4,7,10,2015,2,2,1,2,2,1,1,1,1,1,1,2,1,1,17,11,1,1,33,2,2,0
11,7,11,2015,3,1,1,2,2,1,1,1,1,1,2,2,1,2,14,6,1,1,35,2,2,0
7,7,11,2015,4,1,1,2,2,1,2,1,1,1,1,2,1,1,9,6,1,1,33,2,2,0
1,7,5,2015,1,1,1,2,2,1,2,2,1,1,1,1,1,2,9,1,1,1,30,2,2,0
1,7,5,2015,4,1,1,2,2,1,2,1,1,1,1,2,1,2,19,6,1,1,33,2,2,0
2,7,6,2015,3,1,1,2,2,1,1,1,1,1,2,2,1,2,14,6,1,1,33,2,2,0
2,2,12,2015,3,1,1,2,2,1,2,2,1,1,1,3,1,2,6,5,1,1,33,2,2,3
1,3,1,2015,2,1,1,2,2,1,1,1,1,1,1,1,1,2,12,6,1,1,33,2,2,1
1,3,4,2015,2,1,1,2,2,1,1,1,1,1,1,1,1,1,9,11,1,1,33,2,2,0
8,3,4,2015,3,1,1,2,2,1,4,1,1,1,1,2,3,2,19,6,1,1,33,2,2,0
1,3,4,2015,3,1,1,2,2,1,1,1,1,1,1,4,1,2,14,6,1,1,33,2,2,0
1,3,4,2015,4,1,1,2,2,1,2,1,1,1,1,3,1,2,17,6,1,7,33,2,2,0
12,3,5,2015,3,1,1,2,2,1,1,1,1,1,1,1,1,2,14,1,1,1,35,2,2,1
4,3,7,2015,4,1,3,2,2,1,4,1,1,1,1,3,4,2,19,6,1,1,33,2,2,0
4,3,7,2015,2,1,1,2,2,2,1,1,2,1,1,1,1,2,9,6,1,1,33,2,2,0
1,3,10,2015,3,1,1,2,2,1,1,1,1,1,1,5,1,1,5,6,1,1,33,2,2,0
8,3,11,2015,2,1,1,2,2,1,4,1,1,1,1,3,1,2,19,6,1,7,33,2,2,0
12,3,11,2015,3,1,1,2,2,1,1,1,1,1,1,3,1,2,14,6,1,7,33,1,2,0
1,3,12,2015,3,1,1,2,2,1,1,1,1,1,1,3,1,2,19,6,1,1,33,2,2,1
1,1,4,2015,4,1,1,2,2,1,4,1,1,1,1,1,1,2,6,6,1,1,33,2,2,1
5,6,7,2015,4,1,1,2,2,1,1,1,1,1,1,1,1,2,9,6,1,1,33,2,2,0
2,6,5,2015,4,1,1,2,2,1,2,1,1,1,1,1,1,2,14,6,1,1,42,2,2,0
2,6,6,2015,3,3,1,2,2,1,1,1,1,1,1,1,1,1,14,6,1,1,38,2,2,0
1,6,3,2015,3,1,1,2,2,1,1,1,1,1,1,4,1,2,6,6,1,1,15,2,2,1
1,6,9,2015,3,1,4,2,1,1,1,1,1,1,1,1,5,2,9,6,1,3,35,2,2,1
3,8,1,2015,3,1,1,2,2,1,1,1,1,1,1,3,1,2,4,11,1,1,30,1,2,0
7,8,3,2015,3,1,1,2,2,1,1,1,1,1,1,3,1,2,12,6,1,1,33,2,2,0
3,8,3,2015,2,1,1,2,2,1,1,1,1,1,1,1,1,1,14,6,1,1,33,2,2,0
3,8,4,2015,4,1,1,2,2,1,2,1,1,1,1,3,1,2,19,6,1,1,33,2,2,1
3,8,4,2015,1,1,1,2,2,1,2,1,1,1,1,1,1,2,14,6,1,1,33,2,2,0
3,8,4,2015,4,1,1,2,2,1,2,1,1,1,2,3,1,1,14,6,1,7,33,2,2,0
7,8,5,2015,2,1,1,2,2,1,1,1,1,1,1,3,1,2,14,6,1,1,33,2,2,0
3,8,5,2015,1,1,1,2,2,1,2,1,1,1,1,3,1,2,9,6,1,7,33,2,2,2
3,8,6,2015,2,1,1,2,2,1,1,1,1,1,1,1,1,2,14,6,1,1,33,2,2,0
1,8,7,2015,4,1,1,2,2,2,2,1,2,2,2,3,1,1,16,10,1,1,45,2,2,0
8,3,7,2015,3,1,1,2,2,1,1,1,1,1,1,1,1,2,8,6,1,7,33,2,2,0
3,8,8,2015,4,1,1,2,2,1,4,1,1,1,1,3,1,2,9,6,1,1,33,2,2,0
3,8,9,2015,4,1,1,2,2,1,4,1,1,1,1,4,2,2,6,6,1,7,33,2,2,3
7,8,9,2015,3,1,1,2,2,1,1,1,1,1,1,3,1,2,14,6,1,1,33,2,2,0
3,8,9,2015,1,1,1,2,2,1,4,1,1,1,1,1,1,1,19,6,1,7,33,2,2,0
3,8,10,2015,4,3,1,2,2,1,4,1,1,1,2,4,1,2,19,11,1,7,33,2,2,0
3,8,10,2015,4,1,1,2,2,1,4,1,1,1,1,3,1,2,14,5,2,7,33,1,2,0
3,8,10,2015,1,7,1,2,2,4,2,1,1,1,1,1,1,2,9,6,1,7,33,2,2,0
3,8,11,2015,3,1,1,2,2,1,1,1,1,1,1,3,1,2,9,5,1,7,33,2,2,0
5,4,6,2015,3,7,1,2,2,1,1,1,1,1,1,4,1,2,19,6,2,7,30,2,2,0
1,4,4,2015,2,2,1,2,2,1,3,1,1,1,1,5,1,2,12,6,1,1,33,2,2,1
1,4,8,2015,3,3,1,2,2,1,1,1,1,1,3,1,1,1,4,6,1,1,33,2,2,0
1,4,5,2015,2,7,1,2,2,1,1,1,1,1,1,3,1,2,14,7,1,1,33,2,2,0
2,4,6,2015,2,1,1,2,2,1,1,1,1,1,1,2,1,2,8,11,1,1,33,2,2,0
2,4,5,2015,3,1,8,2,2,1,1,1,1,1,1,4,1,2,19,6,1,7,33,2,2,0
3,6,4,2015,3,1,1,2,2,1,1,1,1,1,1,1,1,2,14,6,1,1,35,2,2,0
3,6,9,2015,2,1,3,2,2,1,1,1,1,1,1,3,1,2,7,6,1,1,33,2,2,0
4,6,12,2015,4,1,1,2,2,1,2,1,1,1,1,1,1,2,8,6,1,1,33,2,2,0
4,6,2,2015,4,1,1,2,2,1,2,2,1,1,1,1,1,2,14,6,1,1,33,2,2,0
4,6,12,2015,4,1,1,2,2,1,4,3,5,1,3,1,3,2,14,11,2,1,33,2,2,0
4,6,12,2015,3,1,1,2,2,1,1,1,1,1,1,1,2,1,17,6,1,1,33,2,2,0
1,5,10,2015,2,5,3,2,1,1,1,2,1,1,1,5,1,1,14,6,1,7,45,2,2,0
1,5,10,2015,3,7,8,1,1,1,1,1,1,1,1,5,1,1,14,6,1,7,33,2,2,2
2,5,5,2015,2,1,2,2,2,1,1,1,1,1,1,4,1,2,14,8,1,1,33,2,2,0
2,5,6,2015,4,1,2,2,2,1,4,1,1,1,1,3,1,2,19,6,1,1,33,2,2,3
5,5,3,2015,3,3,4,2,2,1,1,1,1,1,1,1,1,2,9,6,1,1,33,2,2,0
5,5,7,2015,1,3,4,2,2,2,3,1,2,1,1,1,1,2,9,6,1,1,33,2,2,0
5,5,5,2015,2,3,4,2,2,1,1,1,1,1,1,1,1,2,14,4,1,1,33,2,2,0
5,5,9,2015,1,3,4,2,2,1,3,1,1,1,1,1,1,2,14,6,1,1,33,2,2,0
6,5,9,2015,4,7,1,2,2,4,2,1,1,1,1,2,1,2,9,6,1,1,35,1,2,0
6,5,5,2015,1,3,4,2,2,1,2,1,1,1,1,1,1,1,9,6,1,1,33,2,2,0
6,5,9,2015,4,3,4,2,2,1,2,1,1,1,1,1,1,2,9,6,1,1,33,2,2,0
6,5,11,2015,3,7,1,2,2,1,1,1,1,1,1,3,1,2,9,6,1,1,33,1,2,0
7,5,6,2015,1,1,1,2,2,1,2,1,1,1,1,3,1,2,9,6,1,7,33,2,2,0
7,5,8,2015,3,1,1,2,2,1,1,1,1,1,1,1,1,2,8,6,1,6,48,2,2,0
4,5,8,2015,4,1,3,2,2,1,2,1,1,1,1,2,1,2,7,6,1,7,30,2,2,0
4,5,9,2015,3,1,1,2,2,1,1,1,1,1,1,2,1,2,4,6,1,7,28,2,2,0
3,8,4,2015,3,2,1,1,2,1,1,1,1,1,1,1,1,2,13,6,1,2,33,1,0,0
3,8,7,2015,4,3,8,1,1,2,2,1,5,2,1,2,1,1,16,10,1,1,45,1,2,0
3,14,12,2015,2,1,4,2,2,1,1,1,1,1,1,5,1,1,19,6,1,1,19,2,2,0
3,14,1,2015,2,1,3,2,2,1,1,1,1,1,1,5,1,1,19,6,1,7,20,2,2,0
3,14,10,2015,3,1,4,1,1,1,1,1,1,1,1,5,1,1,19,11,1,1,19,2,2,0
2,14,8,2015,5,7,8,1,2,1,1,1,1,1,1,5,1,1,14,1,1,1,33,2,1,0
2,14,3,2015,4,1,1,2,2,1,2,1,1,1,1,5,1,1,9,6,1,7,31,1,2,0
2,14,6,2015,2,1,1,2,2,2,1,1,2,1,1,1,1,1,14,6,1,7,28,1,2,0
2,14,6,2015,2,7,1,2,2,1,1,1,1,1,1,5,1,2,14,6,1,7,33,1,2,0
4,14,11,2015,3,1,3,2,2,1,3,1,1,1,1,1,1,1,19,6,1,1,33,2,2,0
4,14,12,2015,4,5,3,2,2,1,3,2,1,1,1,5,1,1,4,5,1,7,50,1,2,0
4,14,7,2015,3,3,1,2,2,1,1,1,1,1,1,1,1,1,9,6,2,7,33,1,2,0
4,14,10,2015,2,1,1,2,2,1,1,1,1,1,1,1,1,2,10,6,1,2,33,1,2,0
4,14,6,2015,2,7,4,2,2,1,2,2,1,1,1,5,1,1,14,11,2,7,33,1,2,0
4,14,1,2015,3,1,1,1,2,1,1,1,1,1,1,5,1,1,5,6,1,2,35,2,0,3
4,14,7,2015,3,3,1,2,2,1,1,1,1,1,1,3,1,2,19,6,2,2,33,1,0,0
1,14,4,2015,3,1,3,2,2,1,1,1,1,1,1,2,1,1,9,6,1,1,50,2,2,0
1,14,6,2015,2,3,8,1,1,1,2,2,1,1,1,5,1,1,10,6,2,7,33,1,2,1
1,14,10,2015,4,7,1,2,2,1,3,2,1,1,1,5,1,1,14,1,1,1,33,1,2,0
1,14,3,2015,3,2,1,2,2,1,1,1,1,1,1,5,1,1,14,4,1,7,33,2,2,1
1,14,2,2015,4,7,1,2,2,1,1,1,1,1,3,5,1,1,19,8,1,7,35,2,2,0
1,14,6,2015,2,1,1,1,1,1,1,1,1,1,1,5,1,1,2,6,1,7,45,2,2,0
1,1,9,2016,5,1,1,1,1,1,1,1,1,1,1,1,1,1,1,1,1,1,20,1,1,0
2,2,9,2016,5,1,1,1,1,1,1,1,1,1,1,1,1,1,1,1,1,1,19,1,1,1
3,70,6,2015,2,7,1,1,1,2,1,1,1,1,1,1,3,2,6,11,1,1,33,2,2,0
3,70,10,2015,2,7,3,1,1,1,4,1,1,1,1,5,1,2,5,11,1,2,33,1,0,0
3,70,2,2015,3,4,3,2,2,1,1,2,1,1,1,5,3,2,9,6,1,7,33,2,2,0
3,70,1,2015,4,1,3,2,2,1,4,1,1,1,1,5,1,2,10,6,1,7,33,2,2,0
6,70,12,2015,2,1,3,2,2,1,2,1,1,1,1,1,1,2,14,6,2,2,33,1,2,1
6,70,4,2015,3,7,1,1,1,1,1,2,1,1,1,1,1,1,14,2,1,7,33,2,2,3
6,70,3,2015,3,7,8,2,1,1,1,1,1,1,1,5,1,2,14,6,1,7,36,2,2,1
6,70,8,2015,3,1,4,2,2,1,1,1,1,1,1,5,1,1,5,6,1,1,25,1,2,3
2,70,11,2015,1,3,8,2,2,1,1,1,1,1,1,1,2,2,4,11,1,1,24,2,2,0
2,70,1,2015,1,7,3,2,2,1,1,2,1,1,1,5,1,1,14,2,1,7,33,1,2,1
5,70,9,2015,2,7,3,2,1,1,2,1,1,1,1,5,1,1,14,11,1,6,32,2,2,0
5,70,6,2015,4,7,2,2,2,2,1,1,2,1,1,1,1,1,13,6,1,7,29,2,2,0
5,70,11,2015,4,1,1,2,2,1,4,1,1,1,1,5,1,2,10,6,1,2,33,1,0,0
4,70,9,2015,3,1,1,2,2,1,1,3,1,1,2,5,1,1,4,2,1,1,35,2,2,1
4,70,3,2015,2,7,8,1,1,1,2,1,1,1,1,1,1,1,4,2,1,1,65,2,2,0
6,70,12,2015,4,1,3,2,2,1,3,1,1,1,1,5,1,2,14,6,2,1,33,1,2,2
7,54,10,2015,3,7,1,2,2,1,1,1,1,1,1,2,1,2,13,6,1,7,27,2,2,0
2,54,9,2015,3,4,8,2,2,1,2,1,1,1,1,2,1,2,19,5,1,7,25,2,2,0
11,54,11,2015,4,1,1,2,2,1,2,1,1,1,1,1,1,2,19,11,2,1,32,2,2,0
11,54,10,2015,3,7,3,2,2,1,1,1,1,1,1,1,1,1,9,5,1,7,40,2,2,0
6,54,2,2015,3,1,1,2,2,1,1,2,1,1,1,4,1,2,5,2,2,7,25,2,2,0
8,54,3,2015,4,2,7,1,1,1,1,1,1,1,1,1,1,2,14,6,1,1,35,2,2,3
1,55,3,2015,2,2,1,2,1,1,1,1,1,1,1,2,3,1,6,6,1,1,25,2,2,0
1,55,3,2015,3,1,1,2,2,1,1,1,1,1,1,1,1,1,9,9,1,7,36,2,2,0
4,55,4,2015,4,3,1,2,1,3,1,1,1,1,1,2,2,1,4,2,1,7,40,2,2,0
5,55,6,2015,4,2,1,2,2,1,1,1,1,1,1,1,1,2,12,11,1,1,35,2,2,0
6,55,3,2015,3,1,8,2,1,1,1,1,1,1,1,1,2,1,19,11,1,7,25,2,2,0
1,55,10,2015,4,1,8,2,2,1,1,1,1,1,1,1,1,1,14,11,1,7,23,2,2,1
1,55,11,2015,4,3,1,1,2,1,1,1,1,1,1,4,1,2,19,1,1,7,20,2,2,0
4,55,11,2015,4,1,1,2,2,1,1,1,1,1,1,2,1,2,4,1,1,1,20,2,2,0
6,55,12,2015,3,1,3,2,2,1,1,1,1,1,2,2,1,1,14,1,1,1,25,2,2,0
4,55,12,2015,4,1,1,2,2,1,2,1,1,1,1,2,1,1,12,6,1,1,27,2,2,1
7,56,1,2015,3,7,1,2,2,1,1,1,1,1,1,1,1,1,12,6,1,2,20,2,2,0
8,56,2,2015,4,7,1,2,2,1,2,1,1,1,1,2,1,2,19,9,2,7,35,2,2,0
3,53,3,2015,3,1,8,2,2,1,1,1,1,1,1,1,1,2,9,11,1,7,35,2,2,0
3,56,4,2015,4,1,1,2,2,1,3,1,1,1,1,1,1,2,14,6,1,1,35,2,2,0
8,56,4,2015,3,1,1,2,2,1,2,1,1,1,1,1,1,2,19,9,2,7,35,2,2,0
7,56,5,2015,4,1,1,2,2,1,4,1,1,1,1,1,1,2,19,6,2,7,40,2,2,0
7,56,5,2015,4,1,1,2,2,1,3,1,1,1,1,1,1,2,14,6,1,7,34,2,2,0
8,56,5,2015,4,1,1,2,2,1,4,1,1,1,1,1,1,1,19,6,2,7,39,2,2,0
3,56,9,2015,4,1,3,2,2,1,1,1,1,1,1,1,1,2,7,11,1,7,45,2,2,0
8,56,9,2015,4,3,1,2,2,1,1,1,1,1,1,1,1,1,9,6,1,7,55,2,2,0
7,56,10,2015,3,1,3,2,2,1,1,1,1,1,1,1,1,2,12,6,2,1,23,2,2,0
8,56,10,2015,1,1,1,2,2,1,4,1,1,1,1,1,1,1,9,6,2,1,35,2,2,0
6,56,8,2015,3,1,1,2,2,1,1,1,1,1,1,5,1,2,4,1,2,7,25,2,2,0
4,56,12,2015,2,1,8,2,2,1,1,1,5,1,1,2,2,2,14,6,2,1,45,2,2,2
6,53,12,2015,4,1,1,2,2,1,1,1,1,1,1,4,1,2,4,6,1,7,21,2,2,0
10,53,2,2015,3,3,8,1,2,1,1,1,1,2,1,4,1,2,19,6,2,7,40,2,2,0
12,53,5,2015,1,7,1,2,2,2,2,1,2,1,2,1,1,2,19,11,1,1,40,2,2,0
6,53,6,2015,2,7,8,2,1,1,1,1,1,1,1,2,4,2,2,6,1,5,30,2,2,0
1,53,7,2015,3,3,1,2,2,1,1,1,1,1,1,2,1,2,4,6,1,1,20,2,2,0
7,53,7,2015,3,7,1,2,2,1,1,1,1,1,1,1,1,2,12,11,1,7,30,2,2,1
6,53,8,2015,2,1,1,2,2,1,1,1,1,1,1,4,1,1,4,6,1,7,16,2,2,0
12,53,9,2015,1,7,1,2,2,1,2,1,1,1,1,2,1,2,9,6,1,7,35,2,2,1
6,53,10,2015,2,1,1,2,2,1,1,1,1,1,1,3,1,1,17,1,1,7,38,2,2,0
11,53,10,2015,2,1,1,2,2,1,1,1,1,1,1,2,1,2,19,6,1,1,34,2,2,0
1,53,10,2015,3,7,1,2,2,1,1,1,1,1,1,2,1,2,7,2,1,7,40,2,2,0
6,55,4,2015,3,1,4,2,2,1,1,1,1,1,1,4,1,2,6,1,1,6,33,1,2,0
1,55,10,2015,3,1,8,2,2,1,1,2,1,1,1,1,1,2,8,6,1,1,27,2,2,0
7,54,7,2015,2,1,1,2,2,1,1,1,1,1,1,1,1,2,12,6,1,1,28,2,2,0
11,54,7,2015,3,1,1,2,2,1,1,1,1,1,1,1,1,2,9,2,1,1,39,2,2,0
11,54,7,2015,3,1,1,2,2,1,1,1,1,1,1,1,1,2,14,1,1,1,33,2,2,0
1,53,1,2015,3,1,8,2,2,1,1,4,5,1,2,2,1,2,14,4,1,7,33,2,2,0
1,53,3,2015,3,7,1,2,2,1,1,1,1,1,1,1,1,2,19,6,1,1,33,2,2,0
1,53,7,2015,3,7,1,2,2,1,1,1,1,1,1,2,1,2,12,6,1,1,33,2,2,1
1,53,7,2015,2,7,1,2,2,1,1,1,1,1,1,2,1,2,8,6,1,7,33,2,2,0
8,53,8,2015,2,3,1,1,2,1,1,2,1,1,1,4,1,2,6,2,2,6,33,2,2,0
1,53,8,2015,3,4,2,1,2,1,1,2,1,1,1,2,1,1,2,5,1,7,22,2,2,3
3,53,10,2015,1,7,8,2,2,1,4,1,1,3,2,3,1,2,12,6,1,7,33,2,2,0
15,58,5,2015,2,7,8,2,2,1,1,1,1,1,1,2,1,2,5,6,1,2,33,1,0,1
4,57,4,2015,3,2,1,2,2,1,1,2,1,1,1,3,1,2,15,2,1,2,25,1,2,1